Iteration	Replicate_ID	Posterior	Likelihood	Prior	correlations[1]	proportional_rates[1]	proportional_rates[2]	relative_rates[1]	relative_rates[2]	sigma2
0	0	27.76032	27.47102	0.2893019	-0.469403	0.000508362	0.999492	0.00101672	1.99898	0.4991908
1	1	29.23002	28.69668	0.5333472	-0.085945	0.000525709	0.999474	0.00105142	1.99895	0.391092
2	0	28.68074	28.24588	0.4348619	-0.292164	0.00105858	0.998941	0.00211716	1.99788	0.4315694
3	1	29.83372	28.96887	0.8648479	-0.0568306	0.000845524	0.999154	0.00169105	1.99831	0.2807437
4	0	27.13233	26.80268	0.3296507	-0.257526	0.00151625	0.998484	0.0030325	1.99697	0.4794499
5	1	28.14296	27.95096	0.1919964	-0.341953	0.000757381	0.999243	0.00151476	1.99849	0.5502066
6	0	27.45772	27.07878	0.3789466	0.402989	0.00125725	0.998743	0.00251449	1.99749	0.4563881
7	1	29.54608	28.92098	0.6251027	-0.238117	0.000895683	0.999104	0.00179137	1.99821	0.3568043
8	0	29.39145	28.6354	0.7560561	0.219202	0.000963334	0.999037	0.00192667	1.99807	0.3130097
9	1	28.88696	28.56313	0.3238288	-0.272285	0.000617612	0.999382	0.00123522	1.99876	0.4822494
10	0	26.81543	26.67789	0.1375431	0.335944	0.00106094	0.998939	0.00212188	1.99788	0.5809979
11	1	29.69628	29.09253	0.6037523	-0.0459231	0.000835094	0.999165	0.00167019	1.99833	0.3645041
12	0	27.99792	27.36857	0.629342	-0.0113417	0.00190769	0.998092	0.00381537	1.99618	0.3552949
13	1	29.61054	29.00631	0.6042288	-0.0550267	0.000650609	0.999349	0.00130122	1.9987	0.3643305
14	0	27.89039	26.62654	1.263849	0.208291	0.00101702	0.998983	0.00203403	1.99797	0.1883762
15	1	28.96661	28.62459	0.342017	0.119738	0.00061429	0.999386	0.00122858	1.99877	0.4735574
16	0	28.25472	27.77037	0.4843545	0.30682	0.00120691	0.998793	0.00241381	1.99759	0.4107298
17	1	29.79472	28.73726	1.05746	-0.0609267	0.00124737	0.998753	0.00249475	1.99751	0.2315578
18	0	25.02092	25.1074	-0.08647428	-0.679867	0.00115343	0.998847	0.00230685	1.99769	0.7268822
19	1	28.98527	28.14154	0.8437272	-0.311672	0.00161184	0.998388	0.00322367	1.99678	0.2867363
20	0	28.77019	28.4967	0.2734929	-0.254933	0.000564684	0.999435	0.00112937	1.99887	0.5071452
21	1	28.35269	27.82366	0.5290289	0.324229	0.00121075	0.998789	0.00242151	1.99758	0.3927846
22	0	27.72865	26.93327	0.7953782	-0.518778	0.00164517	0.998355	0.00329034	1.99671	0.3009403
23	1	28.20627	27.44182	0.7644427	-0.184876	0.00213281	0.997867	0.00426562	1.99573	0.3103956
24	0	29.63139	28.73757	0.8938237	-0.250582	0.0010963	0.998904	0.00219261	1.99781	0.2727257
25	1	29.33839	28.28615	1.05224	-0.104211	0.00183875	0.998161	0.00367749	1.99632	0.2327698
26	0	27.611	27.04739	0.5636129	-0.496215	0.000615623	0.999384	0.00123125	1.99877	0.3794327
27	1	28.51446	27.4865	1.027961	0.154022	0.000731081	0.999269	0.00146216	1.99854	0.2384905
28	0	29.74206	29.09281	0.6492485	0.0179782	0.000790508	0.999209	0.00158102	1.99842	0.3482922
29	1	27.22029	26.97033	0.2499565	0.501156	0.000778953	0.999221	0.00155791	1.99844	0.5192231
30	0	27.57613	26.64473	0.9314021	0.447732	0.00159274	0.998407	0.00318549	1.99681	0.2626673
31	1	29.24849	28.60056	0.6479253	-0.093357	0.00127814	0.998722	0.00255627	1.99744	0.3487533
32	0	26.46862	25.3373	1.131324	0.449838	0.00255322	0.997447	0.00510644	1.99489	0.2150706
33	1	29.91484	29.05145	0.8633853	-0.044136	0.00109053	0.998909	0.00218107	1.99782	0.2811547
34	0	25.84004	24.28594	1.554105	0.302307	0.00176696	0.998233	0.00353392	1.99647	0.1409189
35	1	27.8311	27.49891	0.3321898	0.403578	0.000936999	0.999063	0.001874	1.99813	0.4782341
36	0	27.59421	26.49289	1.101322	0.288832	0.00274574	0.997254	0.00549148	1.99451	0.2216208
37	1	27.11758	27.21748	-0.09990039	-0.426749	0.000464948	0.999535	0.000929896	1.99907	0.7367072
38	0	28.20621	27.18075	1.025457	0.19028	0.0024838	0.997516	0.0049676	1.99503	0.2390884
39	1	29.14061	28.47066	0.6699443	-0.166131	0.00137122	0.998629	0.00274244	1.99726	0.3411581
40	0	25.38527	24.11993	1.265346	-0.546284	0.00176972	0.99823	0.00353944	1.99646	0.1880944
41	1	28.94771	28.20193	0.7457875	-0.349443	0.000731802	0.999268	0.0014636	1.99854	0.3162404
42	0	27.60821	27.10882	0.4993903	-0.476055	0.000546735	0.999453	0.00109347	1.99891	0.4046004
43	1	29.50781	28.98358	0.5242327	-0.158112	0.000785581	0.999214	0.00157116	1.99843	0.394673
44	0	29.83969	28.92412	0.9155665	0.00496242	0.00122855	0.998771	0.0024571	1.99754	0.2668599
45	1	28.53864	27.84688	0.6917565	-0.0683957	0.0017759	0.998224	0.0035518	1.99645	0.3337972
46	0	26.126	24.53869	1.587303	0.254595	0.00283501	0.997165	0.00567003	1.99433	0.1363176
47	1	28.31193	27.45182	0.8601138	0.304127	0.00187375	0.998126	0.0037475	1.99625	0.2820759
48	0	29.39565	28.39563	1.000027	0.150176	0.00149707	0.998503	0.00299414	1.99701	0.2452463
49	1	28.49281	27.86182	0.6309927	0.189569	0.00153564	0.998464	0.00307129	1.99693	0.3547089
50	0	29.69846	29.0124	0.6860661	-0.13331	0.000717016	0.999283	0.00143403	1.99857	0.3357021
51	1	29.20191	28.12523	1.076682	0.180902	0.00156821	0.998432	0.00313642	1.99686	0.2271494
52	0	28.98697	28.14255	0.8444181	0.0817934	0.00177332	0.998227	0.00354665	1.99645	0.2865383
53	1	27.96936	27.27845	0.6909114	0.0749396	0.00206147	0.997939	0.00412293	1.99588	0.3340794
54	0	27.03444	26.45616	0.5782803	-0.297253	0.00227612	0.997724	0.00455223	1.99545	0.373908
55	1	28.62632	27.6169	1.009419	0.0742721	0.00231643	0.997684	0.00463286	1.99537	0.2429537
56	0	28.29878	27.0782	1.220578	-0.310775	0.00222821	0.997772	0.00445643	1.99554	0.1967064
57	1	29.63928	28.65015	0.9891311	-0.00644739	0.00152043	0.99848	0.00304087	1.99696	0.2479331
58	0	29.8495	29.13486	0.714639	-0.0794122	0.00090982	0.99909	0.00181964	1.99818	0.3262458
59	1	28.24485	27.53363	0.7112256	0.369834	0.00148285	0.998517	0.0029657	1.99703	0.3273613
60	0	28.49268	27.80581	0.6868685	0.0798328	0.001746	0.998254	0.00349201	1.99651	0.3354328
61	1	29.41815	28.64676	0.7713975	-0.0546507	0.00141472	0.998585	0.00282944	1.99717	0.3082443
62	0	26.65062	25.96375	0.6868685	-0.570412	0.000745195	0.999255	0.00149039	1.99851	0.3354328
63	1	28.86294	28.4367	0.4262365	0.151164	0.000917216	0.999083	0.00183443	1.99817	0.4353079
64	0	29.18485	28.5815	0.6033523	0.210402	0.00100553	0.998994	0.00201107	1.99799	0.36465
65	1	29.04249	27.90509	1.137393	-0.238162	0.00104797	0.998952	0.00209593	1.9979	0.2137692
66	0	28.05006	27.84331	0.2067467	-0.260462	0.000862975	0.999137	0.00172595	1.99827	0.5421504
67	1	28.73124	27.76372	0.9675164	-0.00235114	0.00222713	0.997773	0.00445426	1.99555	0.2533505
68	0	29.33169	28.46724	0.8644498	-0.298266	0.00135831	0.998642	0.00271662	1.99728	0.2808555
69	1	27.72647	26.71085	1.01562	-0.121037	0.00309966	0.9969	0.00619931	1.9938	0.2414519
70	0	28.87268	27.78267	1.090005	-0.0790033	0.00227736	0.997723	0.00455471	1.99545	0.2241431
71	1	29.35687	28.45255	0.9043215	-0.0621502	0.0016806	0.998319	0.0033612	1.99664	0.2698776
72	0	28.96606	27.95696	1.009097	0.0877473	0.00202954	0.99797	0.00405909	1.99594	0.2430321
73	1	28.36084	27.537	0.8238436	0.113253	0.00212169	0.997878	0.00424337	1.99576	0.2924947
74	0	26.8601	25.64317	1.216932	-0.448111	0.00269925	0.997301	0.00539851	1.9946	0.197425
75	1	28.7519	28.49248	0.2594194	-0.0905446	0.000679082	0.999321	0.00135816	1.99864	0.5143329
76	0	25.57637	24.74679	0.829578	-0.221558	0.00433013	0.99567	0.00866027	1.99134	0.2908222
77	1	28.4508	28.12542	0.3253796	-0.371262	0.000867193	0.999133	0.00173439	1.99827	0.4815021
78	0	28.68366	28.16938	0.5142772	0.30919	0.000978287	0.999022	0.00195657	1.99804	0.3986218
79	1	29.48362	28.99272	0.4908972	-0.109782	0.000673385	0.999327	0.00134677	1.99865	0.4080513
80	0	29.31891	28.42114	0.8977776	0.132176	0.000772737	0.999227	0.00154547	1.99845	0.2716495
81	1	27.64683	27.69293	-0.04610122	0.0891576	0.000405295	0.999595	0.000810591	1.99919	0.6981203
82	0	29.1506	27.88493	1.265671	0.0633681	0.00141233	0.998588	0.00282466	1.99718	0.1880334
83	1	28.69447	28.43974	0.2547296	-0.0856061	0.000700178	0.9993	0.00140036	1.9986	0.5167507
84	0	29.77256	28.87	0.9025644	-0.0895465	0.000848899	0.999151	0.0016978	1.9983	0.2703523
85	1	29.74339	28.85789	0.8854955	0.103549	0.000992493	0.999008	0.00198499	1.99802	0.2750065
86	0	29.813	28.84353	0.9694704	-0.0606975	0.00132753	0.998672	0.00265505	1.99734	0.2528559
87	1	29.59959	28.60519	0.994398	0.129663	0.00111733	0.998883	0.00223465	1.99777	0.2466307
88	0	28.75031	27.82157	0.928742	0.021793	0.00213439	0.997866	0.00426879	1.99573	0.2633669
89	1	27.59549	27.27787	0.3176246	-0.556595	0.000765503	0.999234	0.00153101	1.99847	0.4852507
90	0	28.63067	27.31574	1.31493	0.0439648	0.00113143	0.998869	0.00226287	1.99774	0.1789954
91	1	26.33109	26.31815	0.01293276	0.394076	0.000938433	0.999062	0.00187687	1.99812	0.6581003
92	0	28.7691	27.4966	1.272496	-0.150209	0.00223209	0.997768	0.00446418	1.99554	0.1867543
93	1	28.64784	28.25686	0.3909782	-0.305971	0.000970131	0.99903	0.00194026	1.99806	0.4509299
94	0	28.3537	27.44756	0.9061368	-0.450786	0.00153348	0.998467	0.00306697	1.99693	0.2693882
95	1	29.92749	29.08878	0.838707	-0.0607275	0.000949439	0.999051	0.00189888	1.9981	0.2881794
96	0	26.3463	25.00376	1.342536	0.368204	0.0029712	0.997029	0.0059424	1.99406	0.1741216
97	1	27.79587	26.65258	1.143289	0.284002	0.00256008	0.99744	0.00512017	1.99488	0.2125126
98	0	27.95701	26.98945	0.9675619	-0.412978	0.00219805	0.997802	0.0043961	1.9956	0.2533389
99	1	28.5313	27.86881	0.6624947	0.188435	0.00158405	0.998416	0.0031681	1.99683	0.343709
100	0	28.8047	27.8974	0.9073027	-0.401656	0.00108051	0.998919	0.00216103	1.99784	0.2690743
101	1	28.38007	27.19399	1.186078	0.212608	0.00227435	0.997726	0.0045487	1.99545	0.2036111
102	0	28.63134	27.40391	1.227433	-0.0636419	0.000906273	0.999094	0.00181255	1.99819	0.1953627
103	1	27.89554	26.93776	0.9577768	0.0102063	0.00283336	0.997167	0.00566673	1.99433	0.25583
104	0	29.22676	28.17788	1.048885	-0.227021	0.00175711	0.998243	0.00351421	1.99649	0.2335521
105	1	29.74251	29.07248	0.6700234	-0.157069	0.000895416	0.999105	0.00179083	1.99821	0.3411311
106	0	27.58313	26.43282	1.150306	0.13167	0.00329798	0.996702	0.00659597	1.9934	0.2110265
107	1	28.20298	28.0736	0.1293812	0.172113	0.000483026	0.999517	0.000966052	1.99903	0.5857593
108	0	28.34394	26.88205	1.461897	0.00653952	0.00201106	0.997989	0.00402213	1.99598	0.1545307
109	1	27.55122	27.05475	0.4964734	-0.572891	0.00110336	0.998897	0.00220671	1.99779	0.4057823
110	0	28.44806	27.85488	0.5931865	-0.316691	0.0015065	0.998494	0.00301299	1.99699	0.3683758
111	1	29.08254	28.36568	0.7168653	0.0399744	0.00149	0.99851	0.00298001	1.99702	0.3255203
112	0	27.02828	27.20059	-0.1723057	0.0662614	0.000303732	0.999696	0.000607464	1.99939	0.7920273
113	1	29.60421	28.92678	0.6774327	0.128545	0.000885342	0.999115	0.00177068	1.99823	0.3386129
114	0	27.7715	27.80231	-0.03080861	-0.0487326	0.000378386	0.999622	0.000756772	1.99924	0.6875254
115	1	28.41453	27.72464	0.68989	0.387005	0.00119168	0.998808	0.00238337	1.99762	0.3344208
116	0	28.05115	27.99383	0.05732148	0.0950356	0.000442533	0.999557	0.000885067	1.99911	0.629527
117	1	28.69454	28.35048	0.3440689	-0.0870934	0.000901768	0.999098	0.00180354	1.9982	0.4725867
118	0	29.79451	29.04407	0.7504377	-0.162684	0.00100341	0.998997	0.00200682	1.99799	0.3147732
119	1	29.17587	28.71709	0.4587777	-0.277114	0.00078355	0.999216	0.0015671	1.99843	0.4213705
120	0	29.12423	28.32545	0.7987836	0.13628	0.00153967	0.99846	0.00307933	1.99692	0.2999172
121	1	29.6724	28.87315	0.799248	-0.243715	0.00099797	0.999002	0.00199594	1.998	0.299778
122	0	27.44542	26.66703	0.7783951	-0.449743	0.0022616	0.997738	0.00452319	1.99548	0.3060949
123	1	29.05038	28.40652	0.6438555	-0.10993	0.00138161	0.998618	0.00276321	1.99724	0.3501756
124	0	28.92038	28.4128	0.5075881	-0.295196	0.00107714	0.998923	0.00215429	1.99785	0.4012971
125	1	29.53498	28.92978	0.6052005	0.10791	0.000864714	0.999135	0.00172943	1.99827	0.3639766
126	0	29.04279	28.67361	0.369182	0.0238091	0.000754972	0.999245	0.00150994	1.99849	0.4608664
127	1	29.4473	28.87481	0.5724859	-0.23755	0.000890062	0.99911	0.00178012	1.99822	0.3760809
128	0	28.67392	28.11577	0.5581553	-0.398047	0.00117247	0.998828	0.00234494	1.99766	0.3815092
129	1	29.31059	28.71287	0.5977209	-0.303618	0.000946228	0.999054	0.00189246	1.99811	0.3667092
130	0	28.45538	27.90444	0.5509384	-0.433317	0.000662119	0.999338	0.00132424	1.99868	0.3842724
131	1	23.73206	23.77282	-0.04076071	0.535326	0.00176175	0.998238	0.0035235	1.99648	0.6944019
132	0	29.51306	28.86121	0.6518468	-0.0382078	0.00111715	0.998883	0.0022343	1.99777	0.3473884
133	1	29.47664	28.32631	1.150327	-0.120503	0.00162095	0.998379	0.0032419	1.99676	0.2110222
134	0	28.55654	27.68701	0.8695313	-0.0211617	0.00216897	0.997831	0.00433795	1.99566	0.279432
135	1	26.94659	25.68858	1.258011	-0.427842	0.00268421	0.997316	0.00536842	1.99463	0.1894792
136	0	28.73653	27.65865	1.077877	0.260223	0.00172086	0.998279	0.00344172	1.99656	0.2268783
137	1	29.39291	28.55618	0.8367351	-0.111428	0.0015407	0.998459	0.0030814	1.99692	0.2887482
138	0	27.25876	26.74702	0.5117396	-0.401115	0.00189019	0.99811	0.00378037	1.99622	0.3996346
139	1	28.76633	27.47915	1.287187	-0.182735	0.00210166	0.997898	0.00420332	1.9958	0.1840308
140	0	28.40002	27.19441	1.205609	0.236117	0.00115773	0.998842	0.00231545	1.99768	0.199673
141	1	29.38842	28.71042	0.6779991	0.204153	0.000837635	0.999162	0.00167527	1.99832	0.3384211
142	0	28.94003	28.02198	0.9180495	0.231703	0.000824298	0.999176	0.0016486	1.99835	0.2661981
143	1	29.78137	28.77077	1.010606	-0.0656411	0.00137191	0.998628	0.00274383	1.99726	0.2426655
144	0	28.08514	27.43177	0.6533638	0.433788	0.00115807	0.998842	0.00231614	1.99768	0.3468618
145	1	29.2789	28.68953	0.5893605	0.0034654	0.00112361	0.998876	0.00224721	1.99775	0.3697879
146	0	29.23901	28.53661	0.7024058	-0.00759682	0.00138532	0.998615	0.00277065	1.99723	0.3302614
147	1	29.55503	28.56131	0.9937208	-0.0531193	0.00161971	0.99838	0.00323941	1.99676	0.2467978
148	0	29.55314	28.41589	1.137251	-0.112737	0.00116153	0.998838	0.00232307	1.99768	0.2137996
149	1	26.59254	25.75634	0.8361999	0.391901	0.00288049	0.99712	0.00576099	1.99424	0.2889028
150	0	28.9909	28.09485	0.8960458	0.277307	0.00137847	0.998622	0.00275693	1.99724	0.2721203
151	1	28.88453	28.01357	0.8709551	-0.400184	0.00107127	0.998929	0.00214254	1.99786	0.2790344
152	0	29.1007	27.99382	1.106874	-0.296365	0.0013228	0.998677	0.0026456	1.99735	0.2203938
153	1	28.07158	27.25024	0.821344	0.135407	0.000516793	0.999483	0.00103359	1.99897	0.2932267
154	0	29.42501	28.83716	0.5878468	0.152502	0.000838927	0.999161	0.00167785	1.99832	0.3703481
155	1	29.44885	28.79477	0.6540826	-0.0980504	0.000599998	0.9994	0.0012	1.9988	0.3466126
156	0	26.8552	26.49025	0.3649468	-0.460802	0.00167017	0.99833	0.00334035	1.99666	0.4628224
157	1	28.49067	28.3172	0.1734699	0.0715917	0.000477916	0.999522	0.000955833	1.99904	0.560495
158	0	29.3765	28.39611	0.9803855	0.142365	0.00154006	0.99846	0.00308013	1.99692	0.250111
159	1	28.63294	28.28681	0.3461223	-0.104773	0.00093433	0.999066	0.00186866	1.99813	0.4716173
160	0	26.35023	25.34851	1.001722	0.0874223	0.000476557	0.999523	0.000953114	1.99905	0.2448309
161	1	29.03997	28.28364	0.7563317	-0.371692	0.000845525	0.999154	0.00169105	1.99831	0.3129234
162	0	29.07541	27.99551	1.079893	-0.138932	0.00205863	0.997941	0.00411725	1.99588	0.2264212
163	1	28.75114	27.96032	0.7908248	0.0565305	0.00183937	0.998161	0.00367873	1.99632	0.3023137
164	0	26.48451	26.10977	0.3747405	0.208519	0.00186618	0.998134	0.00373237	1.99627	0.4583118
165	1	28.77629	28.09488	0.6814136	0.161394	0.00150777	0.998492	0.00301554	1.99698	0.3372676
166	0	29.09298	27.83985	1.253125	0.086965	0.00174092	0.998259	0.00348184	1.99652	0.1904072
167	1	28.58975	27.38946	1.200281	-0.331111	0.0015147	0.998485	0.00302941	1.99697	0.2007397
168	0	27.62877	26.46193	1.166844	-0.348371	0.00280654	0.997193	0.00561308	1.99439	0.2075653
169	1	27.84924	26.75008	1.09916	0.341623	0.00105995	0.99894	0.0021199	1.99788	0.2221005
170	0	29.91322	29.03417	0.87905	-0.0591944	0.000944663	0.999055	0.00188933	1.99811	0.2767848
171	1	29.17807	28.74156	0.4365094	0.033013	0.00083009	0.99917	0.00166018	1.99834	0.430859
172	0	29.0402	27.90649	1.133709	-0.0801202	0.00214832	0.997852	0.00429663	1.9957	0.2145582
173	1	28.03395	27.6671	0.3668543	-0.354994	0.00118703	0.998813	0.00237406	1.99763	0.4619404
174	0	29.22193	28.14633	1.075607	-0.081048	0.0019654	0.998035	0.0039308	1.99607	0.2273939
175	1	29.31576	28.62464	0.6911287	-0.194994	0.00128846	0.998712	0.00257692	1.99742	0.3340068
176	0	29.2656	28.15528	1.110317	-0.217189	0.00170767	0.998292	0.00341535	1.99658	0.2196363
177	1	29.80209	29.03014	0.7719531	-0.0680334	0.0011128	0.998887	0.00222559	1.99777	0.3080731
178	0	28.7421	27.51922	1.222872	0.179466	0.00120699	0.998793	0.00241398	1.99759	0.1962557
179	1	26.51047	26.25918	0.2512924	-0.119071	0.0015454	0.998455	0.00309081	1.99691	0.5185299
180	0	29.65081	28.74309	0.907716	-0.206572	0.000912035	0.999088	0.00182407	1.99818	0.2689631
181	1	26.84329	26.67644	0.1668528	-0.376305	0.0012168	0.998783	0.00243359	1.99757	0.5642161
182	0	27.89107	26.94101	0.9500665	-0.484452	0.00115056	0.998849	0.00230113	1.9977	0.2578102
183	1	28.66465	27.39663	1.26802	0.120849	0.00219383	0.997806	0.00438767	1.99561	0.1875922
184	0	27.99921	27.79628	0.2029228	-0.456183	0.000624453	0.999376	0.00124891	1.99875	0.5442275
185	1	29.26402	28.47434	0.7896884	-0.223169	0.00147541	0.998525	0.00295083	1.99705	0.3026575
186	0	29.48916	28.34002	1.149143	-0.0797848	0.00110151	0.998898	0.00220302	1.9978	0.2112721
187	1	25.64637	25.80478	-0.1584104	-0.631292	0.000812973	0.999187	0.00162595	1.99837	0.7810979
188	0	29.52439	28.89317	0.6312249	-0.00101789	0.000620658	0.999379	0.00124132	1.99876	0.3546265
189	1	27.40176	27.06829	0.3334698	0.495512	0.000809557	0.99919	0.00161911	1.99838	0.4776223
190	0	25.76585	26.1515	-0.3856466	-0.482629	0.000362831	0.999637	0.000725661	1.99927	0.9803766
191	1	28.53254	27.58287	0.9496668	-0.0471957	0.000597842	0.999402	0.00119568	1.9988	0.2579133
192	0	27.68659	27.51955	0.1670371	0.299899	0.000407415	0.999593	0.00081483	1.99919	0.5641121
193	1	26.19274	25.80873	0.3840121	0.0463181	0.0020743	0.997926	0.00414859	1.99585	0.4540821
194	0	28.01749	27.06248	0.9550105	0.386557	0.00173393	0.998266	0.00346786	1.99653	0.2565387
195	1	27.76896	27.69988	0.06908649	0.275526	0.000490348	0.99951	0.000980696	1.99902	0.622164
196	0	27.98963	26.72479	1.264841	-0.0013487	0.000834763	0.999165	0.00166953	1.99833	0.1881895
197	1	29.7065	28.67165	1.034854	-0.155456	0.00110371	0.998896	0.00220743	1.99779	0.2368523
198	0	28.82484	28.0383	0.7865418	-0.421297	0.0010208	0.998979	0.00204159	1.99796	0.3036113
199	1	29.04627	27.88964	1.156631	-0.161837	0.00205431	0.997946	0.00410862	1.99589	0.2096961
200	0	27.83707	27.6528	0.1842683	-0.470484	0.000731873	0.999268	0.00146375	1.99854	0.5544751
201	1	25.50818	24.79283	0.7153471	-0.04158	0.00389979	0.9961	0.00779958	1.9922	0.3260149
202	0	29.19182	28.5813	0.6105171	-0.221394	0.000580296	0.99942	0.00116059	1.99884	0.3620466
203	1	26.89436	25.81982	1.074538	-0.426195	0.00310197	0.996898	0.00620393	1.9938	0.2276369
204	0	26.37182	25.76131	0.6105171	-0.53636	0.00239977	0.9976	0.00479954	1.9952	0.3620466
205	1	27.40185	25.93322	1.468626	-0.198099	0.00307845	0.996922	0.0061569	1.99384	0.1534943
206	0	27.80396	26.43474	1.369216	0.0157156	0.0031992	0.996801	0.0063984	1.9936	0.1695376
207	1	28.64212	27.42193	1.220188	0.173795	0.00111342	0.998887	0.00222684	1.99777	0.1967832
208	0	26.05808	25.09985	0.9582316	-0.0546012	0.00444878	0.995551	0.00889755	1.9911	0.2557137
209	1	29.05899	28.40005	0.65894	-0.378474	0.000827662	0.999172	0.00165532	1.99834	0.344933
210	0	26.06776	25.22691	0.8408421	-0.597638	0.00237892	0.997621	0.00475785	1.99524	0.2875648
211	1	29.29315	28.85083	0.4423237	-0.0801711	0.000560249	0.99944	0.0011205	1.99888	0.4283611
212	0	26.38536	25.7536	0.6317561	0.044099	0.00286665	0.997133	0.00573329	1.99427	0.3544382
213	1	28.90664	28.47592	0.4307224	-0.351504	0.000669524	0.99933	0.00133905	1.99866	0.4333596
214	0	26.66238	25.72642	0.9359589	-0.410189	0.00329308	0.996707	0.00658616	1.99341	0.2614731
215	1	28.35386	27.6056	0.7482592	-0.0545336	0.00202114	0.997979	0.00404229	1.99596	0.3154597
216	0	24.49168	23.08541	1.406269	-0.388904	0.00564755	0.994352	0.0112951	1.9887	0.1633706
217	1	29.57222	28.6957	0.8765142	-0.220055	0.00134001	0.99866	0.00268002	1.99732	0.2774875
218	0	18.76017	17.36287	1.397303	0.0644776	0.0221154	0.977885	0.0442309	1.95577	0.1648419
219	1	28.70606	27.63633	1.069731	-0.260471	0.0021603	0.99784	0.00432059	1.99568	0.2287339
220	0	25.73424	24.26832	1.465918	-0.161476	0.0053436	0.994656	0.0106872	1.98931	0.1539106
221	1	29.64688	28.57036	1.07652	0.057859	0.00115964	0.99884	0.00231928	1.99768	0.2271863
222	0	27.96445	27.76708	0.1973708	-0.080204	0.000878755	0.999121	0.00175751	1.99824	0.5472575
223	1	28.18768	27.66994	0.5177411	0.333677	0.00127022	0.99873	0.00254044	1.99746	0.3972433
224	0	24.15015	24.11786	0.03228888	0.362495	0.00180824	0.998192	0.00361648	1.99638	0.6454846
225	1	29.43067	28.37755	1.053126	-0.216033	0.00155496	0.998445	0.00310992	1.99689	0.2325637
226	0	24.44197	22.76335	1.678625	0.218003	0.00133705	0.998663	0.00267411	1.99733	0.1244203
227	1	26.24031	25.19274	1.047565	0.142189	0.00440537	0.995595	0.00881074	1.99119	0.2338605
228	0	27.38185	25.83277	1.549079	-0.0334095	0.003035	0.996965	0.00607	1.99393	0.141629
229	1	24.77807	23.16771	1.610361	0.101117	0.00606046	0.99394	0.0121209	1.98788	0.1332103
230	0	26.73185	25.82244	0.9094063	0.264468	0.00332347	0.996677	0.00664695	1.99335	0.2685088
231	1	28.15987	27.44789	0.7119764	-0.458173	0.00160506	0.998395	0.00321011	1.99679	0.3271157
232	0	28.21287	27.76048	0.4523896	-0.490338	0.000995011	0.999005	0.00199002	1.99801	0.4240709
233	1	28.03335	26.57472	1.458623	0.072181	0.00245163	0.997548	0.00490326	1.9951	0.1550375
234	0	28.855	27.89588	0.9591174	0.246935	0.00170166	0.998298	0.00340332	1.9966	0.2554873
235	1	27.45338	27.00082	0.4525567	0.354545	0.00149985	0.9985	0.00299969	1.997	0.424
236	0	29.52017	28.54689	0.9732846	-0.247267	0.00103607	0.998964	0.00207213	1.99793	0.2518933
237	1	28.01399	27.54291	0.4710832	-0.20054	0.00149154	0.998508	0.00298308	1.99702	0.4162171
238	0	27.96792	26.70508	1.262841	-0.344293	0.00224681	0.997753	0.00449363	1.99551	0.1885662
239	1	28.04235	27.82246	0.2198905	-0.107709	0.000341905	0.999658	0.000683811	1.99932	0.5350711
240	0	25.86123	24.75575	1.105488	0.186845	0.00486036	0.99514	0.00972072	1.99028	0.2206995
241	1	27.87749	27.59443	0.2830578	-0.510153	0.000799442	0.999201	0.00159888	1.9984	0.5023175
242	0	27.67291	26.68013	0.9927768	-0.0857086	0.00310572	0.996894	0.00621145	1.99379	0.2470309
243	1	28.63231	28.39008	0.2422229	0.115285	0.000489843	0.99951	0.000979685	1.99902	0.5232541
244	0	28.5441	27.73072	0.8133853	0.29501	0.00165895	0.998341	0.0033179	1.99668	0.2955697
245	1	26.55405	26.60882	-0.05476756	0.461728	0.000641606	0.999358	0.00128321	1.99872	0.7041967
246	0	29.32401	28.16751	1.156497	-0.0430919	0.00100795	0.998992	0.0020159	1.99798	0.2097241
247	1	27.25445	27.23358	0.02087167	-0.490965	0.000650822	0.999349	0.00130164	1.9987	0.6528964
248	0	27.75645	26.27844	1.478008	0.139481	0.00158027	0.99842	0.00316054	1.99684	0.1520611
249	1	27.03244	27.17482	-0.1423762	-0.123661	0.000515545	0.999484	0.00103109	1.99897	0.7686735
250	0	29.69603	28.87962	0.8164121	-0.082253	0.000741938	0.999258	0.00148388	1.99852	0.2946765
251	1	26.59178	26.71797	-0.1261897	0.200096	0.000261766	0.999738	0.000523532	1.99948	0.7563316
252	0	29.37289	28.29597	1.076923	0.157292	0.00139446	0.998606	0.00278892	1.99721	0.2270948
253	1	26.75641	26.97465	-0.2182407	-0.116324	0.000457284	0.999543	0.000914568	1.99909	0.8292576
254	0	27.28444	25.83458	1.449862	-0.179484	0.00110836	0.998892	0.00221672	1.99778	0.1564018
255	1	25.64419	25.98651	-0.3423194	-0.480483	0.000543946	0.999456	0.00108789	1.99891	0.9388067
256	0	29.69545	29.0509	0.6445463	-0.152785	0.000911097	0.999089	0.00182219	1.99818	0.3499338
257	1	28.51277	27.86098	0.6517823	0.25929	0.00147933	0.998521	0.00295866	1.99704	0.3474108
258	0	29.4848	28.32222	1.162584	-0.151201	0.00142288	0.998577	0.00284576	1.99715	0.2084515
259	1	27.14588	26.99038	0.1555006	0.393119	0.000409205	0.999591	0.000818411	1.99918	0.5706577
260	0	29.77947	28.93332	0.8461462	-0.166053	0.00117431	0.998826	0.00234861	1.99765	0.2860435
261	1	29.09407	28.21483	0.8792355	-0.369967	0.00111115	0.998889	0.0022223	1.99778	0.2767334
262	0	28.67159	27.7349	0.9366936	-0.217817	0.00214084	0.997859	0.00428168	1.99572	0.261281
263	1	28.9268	28.2828	0.6440058	-0.0190031	0.00144379	0.998556	0.00288759	1.99711	0.3501229
264	0	29.54183	28.89957	0.642265	0.0923327	0.000985799	0.999014	0.0019716	1.99803	0.350733
265	1	27.37818	26.68774	0.690446	-0.576877	0.00115702	0.998843	0.00231405	1.99769	0.334235
266	0	23.26742	23.36218	-0.09475875	-0.181712	0.00173836	0.998262	0.00347672	1.99652	0.7329291
267	1	29.75835	28.87913	0.879219	-0.178898	0.00121012	0.99879	0.00242023	1.99758	0.276738
268	0	29.18908	28.64687	0.5422113	-0.29924	0.000660978	0.999339	0.00132196	1.99868	0.3876407
269	1	29.37685	28.78442	0.5924248	-0.199126	0.000613893	0.999386	0.00122779	1.99877	0.3686565
270	0	28.83772	28.18289	0.6548356	-0.165485	0.000507027	0.999493	0.00101405	1.99899	0.3463517
271	1	25.95694	25.74554	0.2113996	0.602765	0.00065007	0.99935	0.00130014	1.9987	0.5396337
272	0	28.74921	28.35989	0.3893176	0.0307939	0.000955883	0.999044	0.00191177	1.99809	0.4516793
273	1	29.49389	28.32428	1.169612	-0.0708125	0.00161124	0.998389	0.00322249	1.99678	0.2069916
274	0	27.79181	27.66472	0.127097	0.226478	0.000380948	0.999619	0.000761896	1.99924	0.5870989
275	1	26.9142	26.28236	0.6318385	0.545651	0.00130676	0.998693	0.00261352	1.99739	0.354409
276	0	26.63008	26.53104	0.09904028	0.537665	0.00064848	0.999352	0.00129696	1.9987	0.6038042
277	1	29.81188	29.08396	0.7279148	0.0216206	0.000955445	0.999045	0.00191089	1.99809	0.3219433
278	0	25.43076	25.77988	-0.3491177	-0.607872	0.000482237	0.999518	0.000964475	1.99904	0.9452107
279	1	26.47615	25.686	0.7901488	-0.550975	0.00249955	0.9975	0.00499909	1.995	0.3025182
280	0	26.9028	26.01064	0.8921583	0.13938	0.000466461	0.999534	0.000932921	1.99907	0.2731802
281	1	26.57643	25.8932	0.6832301	-0.45283	0.00268417	0.997316	0.00536835	1.99463	0.3366555
282	0	29.42305	28.53425	0.8888022	-0.0210946	0.00160187	0.998398	0.00320374	1.9968	0.2740986
283	1	29.43962	28.35191	1.087714	-0.102499	0.00174832	0.998252	0.00349663	1.9965	0.2246572
284	0	27.31843	26.60754	0.7108867	-0.47119	0.00216467	0.997835	0.00432935	1.99567	0.3274723
285	1	28.77865	27.53411	1.244545	-0.228763	0.00202156	0.997978	0.00404312	1.99596	0.192048
286	0	28.79748	28.22427	0.5732061	-0.243383	0.00132509	0.998675	0.00265018	1.99735	0.3758102
287	1	29.02621	28.3279	0.6983079	-0.228973	0.00146124	0.998539	0.00292249	1.99708	0.3316175
288	0	29.20024	28.35968	0.8405622	0.00016989	0.000628547	0.999371	0.00125709	1.99874	0.2876453
289	1	29.74798	28.94092	0.8070578	0.0182655	0.00119143	0.998809	0.00238285	1.99762	0.2974459
290	0	29.03249	28.47352	0.558966	-0.0991536	0.00120874	0.998791	0.00241748	1.99758	0.3812
291	1	28.17231	26.9339	1.23841	0.257829	0.00212409	0.997876	0.00424818	1.99575	0.1932298
292	0	28.89654	27.86477	1.031773	-0.348373	0.00157357	0.998426	0.00314714	1.99685	0.2375831
293	1	29.18387	28.17899	1.004874	0.110764	0.00180754	0.998192	0.00361508	1.99638	0.2440606
294	0	29.51486	28.48309	1.031773	-0.233417	0.00135304	0.998647	0.00270607	1.99729	0.2375831
295	1	28.07008	27.59308	0.4769982	0.428732	0.000903432	0.999097	0.00180686	1.99819	0.4137624
296	0	29.69482	28.84723	0.8475969	0.0902287	0.000849751	0.99915	0.0016995	1.9983	0.2856289
297	1	25.98998	25.58778	0.4022	-0.568857	0.00206567	0.997934	0.00413135	1.99587	0.445898
298	0	26.26323	25.9833	0.2799307	-0.239913	0.00174968	0.99825	0.00349936	1.9965	0.5038907
299	1	29.40457	28.89569	0.5088823	-0.179029	0.000842293	0.999158	0.00168459	1.99832	0.4007781
300	0	29.16854	28.33993	0.8286079	-0.017973	0.00167923	0.998321	0.00335845	1.99664	0.2911045
301	1	28.87939	28.03325	0.8461388	-0.189696	0.00186815	0.998132	0.0037363	1.99626	0.2860456
302	0	29.91582	29.01579	0.9000352	-0.0970296	0.00106545	0.998935	0.0021309	1.99787	0.2710369
303	1	28.20109	27.43539	0.7657055	0.342468	0.00169906	0.998301	0.00339811	1.9966	0.3100038
304	0	28.63841	28.23581	0.4026057	0.221646	0.000923112	0.999077	0.00184622	1.99815	0.4457171
305	1	29.80725	28.8783	0.9289522	-0.0688037	0.000894105	0.999106	0.00178821	1.99821	0.2633116
306	0	28.0599	27.81258	0.2473142	-0.224432	0.000951032	0.999049	0.00190206	1.9981	0.5205968
307	1	26.22089	25.81468	0.4062048	0.552775	0.0016183	0.998382	0.00323659	1.99676	0.4441158
308	0	28.68364	28.03397	0.649669	-0.185445	0.00158146	0.998419	0.00316292	1.99684	0.3481457
309	1	28.63928	28.31535	0.3239354	0.209565	0.000746583	0.999253	0.00149317	1.99851	0.482198
310	0	28.94407	28.13952	0.8045555	0.275678	0.00137375	0.998626	0.0027475	1.99725	0.2981911
311	1	27.81104	27.68635	0.1246962	-0.417861	0.000700943	0.999299	0.00140189	1.9986	0.58851
312	0	26.90974	26.04834	0.8613987	0.15651	0.00322437	0.996776	0.00644875	1.99355	0.2817138
313	1	29.22484	28.69665	0.5281851	0.00421581	0.00102316	0.998977	0.00204632	1.99795	0.3931162
314	0	26.74819	26.06158	0.6866126	0.330953	0.00256624	0.997434	0.00513249	1.99487	0.3355187
315	1	28.57801	28.27623	0.3017747	-0.249073	0.000451247	0.999549	0.000902495	1.9991	0.4930031
316	0	29.92682	29.07443	0.8523877	-0.081749	0.000974681	0.999025	0.00194936	1.99805	0.2842637
317	1	27.79177	27.5832	0.2085612	0.248522	0.000881029	0.999119	0.00176206	1.99824	0.5411676
318	0	24.90933	25.05233	-0.1429951	0.531859	0.00103359	0.998966	0.00206717	1.99793	0.7691494
319	1	29.6004	28.93019	0.6702115	0.04176	0.00105081	0.998949	0.00210162	1.9979	0.3410669
320	0	28.74348	27.66234	1.081131	0.201813	0.00200703	0.997993	0.00401405	1.99599	0.226141
321	1	26.73281	25.68158	1.051225	0.231816	0.00372016	0.99628	0.00744032	1.99256	0.2330063
322	0	24.57494	24.27009	0.30485	-0.0519181	0.00263954	0.99736	0.00527907	1.99472	0.4914893
323	1	27.41626	26.03705	1.379212	-0.0928316	0.00361687	0.996383	0.00723374	1.99277	0.1678512
324	0	28.25998	27.39962	0.8603577	-0.272958	0.0022341	0.997766	0.00446821	1.99553	0.2820072
325	1	25.48651	24.10729	1.379212	0.153251	0.00563851	0.994361	0.011277	1.98872	0.1678512
326	0	29.37877	28.17622	1.20255	-0.147069	0.00136078	0.998639	0.00272156	1.99728	0.2002847
327	1	21.67144	20.26483	1.406615	0.108747	0.0128236	0.987176	0.0256472	1.97435	0.1633141
328	0	28.06494	27.51269	0.5522486	0.227231	0.0015532	0.998447	0.0031064	1.99689	0.3837693
329	1	26.79643	25.43025	1.36618	0.00113869	0.0043533	0.995647	0.00870659	1.99129	0.170053
330	0	28.6938	27.90103	0.7927686	-0.369661	0.00161702	0.998383	0.00323405	1.99677	0.3017267
331	1	27.09501	25.84962	1.245391	-0.321612	0.00342069	0.996579	0.00684137	1.99316	0.1918855
332	0	29.45835	28.91552	0.5428255	0.104054	0.000734677	0.999265	0.00146935	1.99853	0.3874027
333	1	26.7969	26.02253	0.7743679	-0.204101	0.00311109	0.996889	0.00622218	1.99378	0.30733
334	0	27.30034	26.11836	1.181979	0.0911548	0.00367715	0.996323	0.00735429	1.99265	0.2044475
335	1	27.32316	26.97015	0.353012	-0.471329	0.00139558	0.998604	0.00279117	1.99721	0.4683792
336	0	28.20304	26.8816	1.321438	-0.214863	0.00257782	0.997422	0.00515564	1.99484	0.1778344
337	1	28.18425	28.02743	0.1568192	-0.2211	0.000707326	0.999293	0.00141465	1.99859	0.5699057
338	0	28.59408	27.93425	0.6598306	0.280769	0.00140311	0.998597	0.00280622	1.99719	0.3446259
339	1	28.51982	27.94162	0.5781946	0.226116	0.00136634	0.998634	0.00273268	1.99727	0.3739401
340	0	29.31408	28.33142	0.9826626	-0.211768	0.000846465	0.999154	0.00169293	1.99831	0.2495421
341	1	28.21398	28.00776	0.2062108	-0.0131755	0.000797173	0.999203	0.00159435	1.99841	0.542441
342	0	25.54274	24.93809	0.6046551	-0.664267	0.00204365	0.997956	0.0040873	1.99591	0.3641752
343	1	29.67126	28.84626	0.8249982	-0.227609	0.0011443	0.998856	0.00228859	1.99771	0.2921572
344	0	27.46345	26.39265	1.070801	0.292493	0.00284318	0.997157	0.00568636	1.99431	0.2284892
345	1	26.70997	25.87749	0.832485	-0.369931	0.00315816	0.996842	0.00631632	1.99368	0.289978
346	0	28.49011	27.59733	0.8927758	0.116942	0.00217349	0.997827	0.00434699	1.99565	0.2730116
347	1	29.26112	28.59453	0.6665936	0.166915	0.000657029	0.999343	0.00131406	1.99869	0.3423031
348	0	29.69563	28.60277	1.092856	-0.0971243	0.00138904	0.998611	0.00277809	1.99722	0.2235051
349	1	29.11218	28.66512	0.447056	0.164008	0.000765846	0.999234	0.00153169	1.99847	0.4263387
350	0	26.58767	26.87357	-0.2859009	-0.0487692	0.000370682	0.999629	0.000741364	1.99926	0.887307
351	1	27.01163	27.0804	-0.06876647	0.362496	0.000480546	0.999519	0.000961092	1.99904	0.714124
352	0	29.62312	29.05743	0.5656933	-0.12918	0.000738547	0.999261	0.00147709	1.99852	0.3786442
353	1	24.83854	24.78102	0.05751055	-0.442301	0.00171939	0.998281	0.00343879	1.99656	0.629408
354	0	28.54477	27.43276	1.112014	0.283701	0.00172688	0.998273	0.00345377	1.99655	0.2192639
355	1	29.31787	28.85532	0.4625488	0.0489585	0.000597141	0.999403	0.00119428	1.99881	0.4197845
356	0	28.97297	28.34412	0.628845	0.251758	0.00113799	0.998862	0.00227598	1.99772	0.3554715
357	1	27.40291	26.70436	0.6985485	-0.413035	0.000533094	0.999467	0.00106619	1.99893	0.3315378
358	0	29.10192	28.59161	0.5103025	-0.322942	0.000904242	0.999096	0.00180848	1.99819	0.4002093
359	1	29.18142	28.75967	0.4217432	-0.0323116	0.000815572	0.999184	0.00163114	1.99837	0.4372683
360	0	29.65958	28.62995	1.029636	-0.0972678	0.00151366	0.998486	0.00302733	1.99697	0.2380912
361	1	28.54151	28.09655	0.4449688	-0.446015	0.00078543	0.999215	0.00157086	1.99843	0.4272295
362	0	27.2504	26.47902	0.7713841	0.408162	0.00218092	0.997819	0.00436185	1.99564	0.3082484
363	1	29.11219	28.06023	1.051961	0.230064	0.00130889	0.998691	0.00261779	1.99738	0.2328348
364	0	28.57409	28.22449	0.3495964	-0.373405	0.00083791	0.999162	0.00167582	1.99832	0.4699817
365	1	29.30805	28.0694	1.23865	-0.121074	0.00157659	0.998423	0.00315319	1.99685	0.1931834
366	0	29.70205	28.89224	0.8098114	0.122197	0.00102707	0.998973	0.00205413	1.99795	0.296628
367	1	29.4789	28.8263	0.6526005	0.00365084	0.00112908	0.998871	0.00225815	1.99774	0.3471266
368	0	29.79663	29.0247	0.7719317	-0.0821149	0.000770127	0.99923	0.00154025	1.99846	0.3080797
369	1	29.68105	28.83466	0.8463945	0.0434591	0.000785176	0.999215	0.00157035	1.99843	0.2859725
370	0	27.83563	27.80731	0.02831879	0.113642	0.00052962	0.99947	0.00105924	1.99894	0.6480523
371	1	28.58804	27.87533	0.7127087	0.36964	0.00109959	0.9989	0.00219918	1.9978	0.3268762
372	0	25.54705	25.88784	-0.3407831	-0.55632	0.00034133	0.999659	0.000682661	1.99932	0.9373655
373	1	28.80482	28.00078	0.8040362	-0.156505	0.0018552	0.998145	0.00371041	1.99629	0.298346
374	0	26.51573	26.82701	-0.3112826	-0.182408	0.00032733	0.999673	0.000654661	1.99935	0.9101166
375	1	29.1849	28.28877	0.896131	0.249345	0.00100165	0.998998	0.0020033	1.998	0.2720971
376	0	26.86978	27.09972	-0.2299363	-0.0207899	0.000378416	0.999622	0.000756832	1.99924	0.8390132
377	1	28.23889	28.07351	0.1653798	-0.280319	0.000431497	0.999569	0.000862994	1.99914	0.5650478
378	0	28.69483	28.18331	0.5115187	0.126421	0.000469102	0.999531	0.000938205	1.99906	0.3997229
379	1	28.54855	28.17872	0.3698318	-0.2982	0.000980868	0.999019	0.00196174	1.99804	0.460567
380	0	26.43729	26.69599	-0.2586914	0.234905	0.000418281	0.999582	0.000836562	1.99916	0.8634894
381	1	26.0452	25.90947	0.1357346	0.343699	0.0013461	0.998654	0.00269219	1.99731	0.5820496
382	0	25.54833	25.90164	-0.3533137	0.425203	0.000308974	0.999691	0.000617948	1.99938	0.9491851
383	1	29.52404	28.54393	0.9801128	-0.126715	0.00160919	0.998391	0.00321838	1.99678	0.2501792
384	0	28.91322	27.98134	0.9318779	-0.382334	0.00110474	0.998895	0.00220947	1.99779	0.2625423
385	1	29.25844	28.37019	0.888254	0.179238	0.000810426	0.99919	0.00162085	1.99838	0.2742489
386	0	29.37198	28.71192	0.660064	0.0627894	0.00118212	0.998818	0.00236425	1.99764	0.3445455
387	1	27.91513	27.76165	0.1534819	-0.191277	0.00080887	0.999191	0.00161774	1.99838	0.5718108
388	0	25.61851	25.08737	0.5311417	-0.0871217	0.00299195	0.997008	0.00598389	1.99402	0.3919556
389	1	26.69535	26.96151	-0.266161	-0.0125999	0.000291918	0.999708	0.000583835	1.99942	0.8699634
390	0	29.5387	28.75689	0.7818154	0.121726	0.00121149	0.998789	0.00242298	1.99758	0.3050497
391	1	28.29068	28.16943	0.1212521	-0.20626	0.000439269	0.999561	0.000878537	1.99912	0.5905404
392	0	28.24596	26.91121	1.33475	0.00317213	0.002789	0.997211	0.00557799	1.99442	0.1754826
393	1	28.31984	27.9811	0.3387404	0.0714225	0.0010212	0.998979	0.0020424	1.99796	0.4751116
394	0	28.41827	27.11256	1.305704	-0.0513323	0.00267036	0.99733	0.00534072	1.99466	0.1806544
395	1	27.37408	26.88734	0.4867392	0.332338	0.0016521	0.998348	0.00330419	1.9967	0.4097515
396	0	28.64491	27.45572	1.189187	-0.111466	0.00249778	0.997502	0.00499555	1.995	0.2029791
397	1	27.3928	26.97284	0.4199591	-0.220574	0.00164487	0.998355	0.00328974	1.99671	0.4380491
398	0	27.98196	27.14187	0.8400872	0.379999	0.00180585	0.998194	0.00361169	1.99639	0.2877819
399	1	28.39285	27.99929	0.3935608	0.142784	0.000418234	0.999582	0.000836467	1.99916	0.4497669
400	0	27.48094	26.74821	0.7327312	-0.467606	0.00209783	0.997902	0.00419566	1.9958	0.3203964
401	1	29.28738	28.52852	0.7588595	0.123957	0.000659361	0.999341	0.00131872	1.99868	0.3121334
402	0	28.88688	28.20866	0.6782123	0.178573	0.000578131	0.999422	0.00115626	1.99884	0.338349
403	1	28.38724	27.92316	0.4640803	0.150062	0.00124081	0.998759	0.00248163	1.99752	0.4191421
404	0	28.82623	28.48674	0.3394844	-0.233923	0.000497279	0.999503	0.000994557	1.99901	0.4747583
405	1	26.44666	25.44899	0.9976622	0.516002	0.0015449	0.998455	0.0030898	1.99691	0.245827
406	0	28.90125	28.56177	0.3394844	-0.272853	0.000580102	0.99942	0.0011602	1.99884	0.4747583
407	1	29.09096	28.2219	0.8690586	0.279732	0.00114113	0.998859	0.00228226	1.99772	0.2795641
408	0	29.55847	28.97318	0.5852869	-0.18094	0.000691473	0.999309	0.00138295	1.99862	0.3712974
409	1	29.02154	28.40483	0.6167101	-0.274697	0.0012612	0.998739	0.0025224	1.99748	0.3598114
410	0	28.20214	27.9125	0.28964	-0.448255	0.000616139	0.999384	0.00123228	1.99877	0.499022
411	1	29.43474	28.26008	1.174661	0.0636542	0.00147172	0.998528	0.00294345	1.99706	0.2059491
412	0	28.79518	28.14707	0.6481117	0.308262	0.00115433	0.998846	0.00230865	1.99769	0.3486883
413	1	29.11211	28.46113	0.6509769	-0.366927	0.000815681	0.999184	0.00163136	1.99837	0.3476907
414	0	28.65049	28.23975	0.4107469	0.225005	0.000517072	0.999483	0.00103414	1.99897	0.4421032
415	1	27.66871	26.83265	0.8360593	0.0240332	0.00268153	0.997318	0.00536306	1.99464	0.2889434
416	0	29.11538	28.58292	0.5324614	0.181311	0.000960209	0.99904	0.00192042	1.99808	0.3914386
417	1	29.6315	28.68532	0.9461738	-0.179427	0.0014125	0.998588	0.002825	1.99718	0.2588157
418	0	29.45192	28.40629	1.045632	0.0898795	0.00160323	0.998397	0.00320645	1.99679	0.2343131
419	1	29.80981	29.07994	0.7298756	0.0124266	0.000799538	0.9992	0.00159908	1.9984	0.3213126
420	0	29.60354	28.54726	1.056274	-0.182034	0.00111274	0.998887	0.00222547	1.99777	0.2318328
421	1	29.01418	28.36316	0.6510286	-0.0448873	0.00141567	0.998584	0.00283134	1.99717	0.3476727
422	0	25.79166	25.9115	-0.1198431	-0.344397	0.000917797	0.999082	0.00183559	1.99816	0.7515466
423	1	28.62946	27.68819	0.9412681	0.155661	0.00210243	0.997898	0.00420486	1.9958	0.2600885
424	0	27.71122	27.0022	0.7090256	-0.49589	0.000737866	0.999262	0.00147573	1.99852	0.3280823
425	1	27.77309	26.50962	1.263466	0.319349	0.00166163	0.998338	0.00332326	1.99668	0.1884484
426	0	29.67285	28.9931	0.6797419	-0.188011	0.000760684	0.999239	0.00152137	1.99848	0.3378318
427	1	29.03834	27.96812	1.070216	-0.219936	0.000884176	0.999116	0.00176835	1.99823	0.228623
428	0	29.01618	28.43591	0.5802699	0.277351	0.000803797	0.999196	0.00160759	1.99839	0.3731648
429	1	29.72982	29.00343	0.7263921	0.0050019	0.00107602	0.998924	0.00215204	1.99785	0.3224339
430	0	29.40527	28.52838	0.8768897	-0.0228224	0.00159764	0.998402	0.00319528	1.9968	0.2773833
431	1	28.0276	27.29865	0.7289473	0.440211	0.00108732	0.998913	0.00217463	1.99783	0.321611
432	0	28.16028	27.76394	0.3963385	-0.18976	0.00124684	0.998753	0.00249369	1.99751	0.4485193
433	1	28.921	28.12297	0.7980318	-0.216208	0.00173019	0.99827	0.00346038	1.99654	0.3001428
434	0	29.18155	28.4617	0.7198498	-0.366678	0.00102827	0.998972	0.00205654	1.99794	0.3245503
435	1	28.41028	27.32945	1.080834	0.309428	0.00115819	0.998842	0.00231637	1.99768	0.2262082
436	0	29.69529	28.89408	0.8012113	-0.0716913	0.00126143	0.998739	0.00252286	1.99748	0.29919
437	1	29.76945	29.01699	0.7524642	0.0232349	0.000771988	0.999228	0.00154398	1.99846	0.314136
438	0	28.40486	28.07466	0.3301944	-0.360533	0.000918321	0.999082	0.00183664	1.99816	0.4791893
439	1	29.83703	28.93113	0.9059011	-0.0938233	0.0012471	0.998753	0.00249419	1.99751	0.2694517
440	0	29.19395	28.7874	0.4065519	-0.142576	0.000763124	0.999237	0.00152625	1.99847	0.4439617
441	1	29.21254	28.4877	0.7248349	0.135012	0.000632945	0.999367	0.00126589	1.99873	0.3229363
442	0	28.98074	28.60045	0.3802907	-0.147054	0.000837527	0.999162	0.00167505	1.99832	0.4557751
443	1	25.86809	25.55566	0.3124284	-0.290554	0.00204232	0.997958	0.00408463	1.99592	0.4877787
444	0	28.87507	28.22192	0.6531539	0.262984	0.00123276	0.998767	0.00246551	1.99753	0.3469346
445	1	28.59502	28.08002	0.5150001	-0.42041	0.00108474	0.998915	0.00216947	1.99783	0.3983337
446	0	28.17468	27.76189	0.4127877	0.276838	0.00113235	0.998868	0.0022647	1.99774	0.4412019
447	1	28.5517	27.95232	0.59938	0.367692	0.00101183	0.998988	0.00202367	1.99798	0.3661014
448	0	28.36727	28.07256	0.294711	-0.329963	0.000885431	0.999115	0.00177086	1.99823	0.4964979
449	1	28.80248	28.54334	0.2591428	0.0230217	0.000611554	0.999388	0.00122311	1.99878	0.5144752
450	0	27.78997	27.04054	0.7494386	-0.465816	0.000706588	0.999293	0.00141318	1.99859	0.3150879
451	1	29.88123	28.93991	0.9413219	-0.107084	0.00103379	0.998966	0.00206758	1.99793	0.2600745
452	0	29.41506	28.81732	0.5977398	0.0615756	0.00102377	0.998976	0.00204753	1.99795	0.3667023
453	1	28.83433	28.22674	0.6075976	-0.116311	0.00141909	0.998581	0.00283818	1.99716	0.3631052
454	0	27.42302	27.24309	0.1799288	0.376585	0.000873242	0.999127	0.00174648	1.99825	0.5568864
455	1	29.2297	28.72365	0.5060491	0.105388	0.000909682	0.99909	0.00181936	1.99818	0.4019152
456	0	27.93679	27.05027	0.8865124	0.196318	0.000573004	0.999427	0.00114601	1.99885	0.274727
457	1	29.45302	28.38346	1.069566	0.126181	0.0011109	0.998889	0.00222181	1.99778	0.2287715
458	0	26.86587	26.08749	0.7783828	0.150308	0.00299949	0.997001	0.00599899	1.994	0.3060986
459	1	29.72489	28.65533	1.069566	-0.116642	0.00116335	0.998837	0.00232671	1.99767	0.2287715
460	0	26.33075	24.62181	1.708941	0.0792438	0.00223593	0.997764	0.00447186	1.99553	0.120705
461	1	24.70029	24.7678	-0.06750301	-0.696119	0.00130425	0.998696	0.0026085	1.99739	0.7132223
462	0	27.62038	26.60441	1.015965	0.126463	0.00058862	0.999411	0.00117724	1.99882	0.2413685
463	1	28.63019	28.07476	0.5554287	-0.401452	0.00119018	0.99881	0.00238036	1.99762	0.3825508
464	0	25.62947	24.91669	0.7127775	0.48886	0.0029855	0.997015	0.005971	1.99403	0.3268537
465	1	28.95	28.61925	0.3307464	0.0305655	0.000712672	0.999287	0.00142534	1.99857	0.4789249
466	0	29.03022	27.88342	1.146803	0.0112739	0.00213925	0.997861	0.00427849	1.99572	0.2117671
467	1	27.50976	27.58748	-0.07772724	-0.0933784	0.000473455	0.999527	0.000946909	1.99905	0.7205519
468	0	28.41932	27.51586	0.9034567	0.368629	0.00139164	0.998608	0.00278328	1.99722	0.2701111
469	1	27.52585	27.53602	-0.01017373	-0.125248	0.00061227	0.999388	0.00122454	1.99878	0.6734838
470	0	25.6777	25.0883	0.5893996	-0.679457	0.00157501	0.998425	0.00315001	1.99685	0.3697735
471	1	27.75416	27.38101	0.3731571	0.227435	0.000383431	0.999617	0.000766863	1.99923	0.459038
472	0	27.88321	27.36083	0.522377	0.257075	0.00155011	0.99845	0.00310022	1.9969	0.395406
473	1	29.70529	29.03856	0.6667309	-0.0814954	0.00069798	0.999302	0.00139596	1.9986	0.3422561
474	0	28.35511	27.15887	1.196237	0.207154	0.00231471	0.997685	0.00462942	1.99537	0.2015532
475	1	28.12563	27.35023	0.7753961	-0.252068	0.00216752	0.997832	0.00433504	1.99566	0.3070142
476	0	28.48188	27.09125	1.390635	-0.19489	0.00168221	0.998318	0.00336441	1.99664	0.1659448
477	1	29.36193	28.45733	0.9046075	-0.3155	0.00118722	0.998813	0.00237445	1.99763	0.2698005
478	0	27.42544	26.77542	0.65002	0.265779	0.00212254	0.997877	0.00424508	1.99575	0.3480236
479	1	28.93193	27.76004	1.171887	0.206895	0.00148182	0.998518	0.00296364	1.99704	0.2065212
480	0	26.89771	26.25104	0.6466731	0.220282	0.00248954	0.99751	0.00497908	1.99502	0.3491903
481	1	28.53475	27.88332	0.6514285	0.323629	0.0013232	0.998677	0.00264641	1.99735	0.3475337
482	0	23.43987	22.79319	0.6466731	-0.509146	0.00512055	0.994879	0.0102411	1.98976	0.3491903
483	1	26.32733	25.0804	1.24693	-0.393591	0.00376788	0.996232	0.00753576	1.99246	0.1915904
484	0	25.56659	24.40974	1.156853	-0.15358	0.00557636	0.994424	0.0111527	1.98885	0.2096495
485	1	25.98355	25.77906	0.2044861	-0.101631	0.00161784	0.998382	0.00323569	1.99676	0.5433774
486	0	25.90884	24.77392	1.13492	0.278552	0.00452854	0.995471	0.00905708	1.99094	0.2142985
487	1	28.14769	27.32849	0.8191916	-0.496887	0.0011943	0.998806	0.0023886	1.99761	0.2938586
488	0	27.97457	26.77676	1.197818	-0.382706	0.00210306	0.997897	0.00420611	1.99579	0.2012348
489	1	28.7843	27.82104	0.9632564	-0.397498	0.00129189	0.998708	0.00258379	1.99742	0.254432
490	0	28.14608	26.99948	1.146594	-0.0544925	0.00295816	0.997042	0.00591632	1.99408	0.2118114
491	1	28.50444	28.22126	0.2831766	0.196231	0.000746837	0.999253	0.00149367	1.99851	0.5022578
492	0	29.20145	28.58934	0.6121186	0.119011	0.00114779	0.998852	0.00229557	1.9977	0.3614673
493	1	27.48347	27.31382	0.1696498	0.33924	0.000862337	0.999138	0.00172467	1.99828	0.5626402
494	0	29.51241	28.42387	1.088543	0.0711273	0.00106218	0.998938	0.00212435	1.99788	0.2244712
495	1	28.98107	28.65154	0.3295366	-0.128592	0.000713772	0.999286	0.00142754	1.99857	0.4795047
496	0	29.74547	28.6983	1.047175	-0.037329	0.00140639	0.998594	0.00281278	1.99719	0.2339519
497	1	27.04157	26.44086	0.6007168	-0.557112	0.00181198	0.998188	0.00362396	1.99638	0.3656123
498	0	27.88137	27.20424	0.6771365	0.459657	0.00109751	0.998902	0.00219501	1.9978	0.3387132
499	1	29.62558	28.67654	0.9490423	-0.23715	0.00119945	0.998801	0.0023989	1.9976	0.2580744
500	0	29.70705	29.02991	0.6771365	0.0192695	0.000983532	0.999016	0.00196706	1.99803	0.3387132
501	1	27.20182	26.81189	0.3899348	-0.173091	0.00164867	0.998351	0.00329735	1.9967	0.4514007
502	0	27.09226	26.68448	0.4077799	0.155873	0.00169284	0.998307	0.00338567	1.99661	0.4434169
503	1	29.56442	28.71128	0.8531455	-0.171575	0.000764079	0.999236	0.00152816	1.99847	0.2840484
504	0	27.51119	27.37498	0.1362052	-0.519345	0.000643327	0.999357	0.00128665	1.99871	0.5817757
505	1	26.40918	25.17175	1.237433	0.0241664	0.00477129	0.995229	0.00954259	1.99046	0.1934188
506	0	28.46498	27.64635	0.818634	-0.272021	0.000588879	0.999411	0.00117776	1.99882	0.2940225
507	1	28.73813	27.41619	1.321932	-0.0844542	0.00225283	0.997747	0.00450565	1.99549	0.1777464
508	0	29.57552	28.42667	1.148857	-0.111292	0.00126702	0.998733	0.00253404	1.99747	0.2113327
509	1	27.83169	26.66289	1.168799	0.337575	0.00205442	0.997946	0.00410885	1.99589	0.20716
510	0	29.66973	28.82471	0.8450168	-0.201464	0.000847047	0.999153	0.00169409	1.99831	0.2863667
511	1	29.75592	28.90338	0.8525388	-0.0916041	0.00127944	0.998721	0.00255889	1.99744	0.2842208
512	0	24.16629	23.77646	0.3898294	0.451778	0.00314188	0.996858	0.00628377	1.99372	0.4514483
513	1	28.91617	28.49074	0.4254259	-0.349068	0.000777598	0.999222	0.0015552	1.99844	0.4356609
514	0	29.7046	29.04555	0.6590488	-0.14828	0.000943682	0.999056	0.00188736	1.99811	0.3448954
515	1	25.66553	24.49124	1.17429	0.224237	0.00509048	0.99491	0.010181	1.98982	0.2060255
516	0	28.78713	28.01548	0.7716479	-0.0474087	0.00181184	0.998188	0.00362367	1.99638	0.3081671
517	1	28.60059	27.69143	0.9091593	0.0157475	0.00220715	0.997793	0.0044143	1.99559	0.2685752
518	0	27.2357	26.36887	0.8668297	-0.313581	0.00293976	0.99706	0.00587952	1.99412	0.2801879
519	1	29.34083	28.75703	0.5838031	0.181256	0.000743671	0.999256	0.00148734	1.99851	0.3718487
520	0	28.73634	27.62433	1.112008	0.0808741	0.000809626	0.99919	0.00161925	1.99838	0.2192653
521	1	28.19513	27.94035	0.2547784	0.209197	0.000830846	0.999169	0.00166169	1.99834	0.5167255
522	0	29.07347	28.71852	0.3549548	0.0676488	0.00059658	0.999403	0.00119316	1.99881	0.4674701
523	1	29.15146	28.21253	0.9389329	-0.0726244	0.000684119	0.999316	0.00136824	1.99863	0.2606966
524	0	25.12218	25.34823	-0.2260499	-0.279862	0.000865708	0.999134	0.00173142	1.99827	0.8357589
525	1	28.86345	27.70383	1.159626	-0.296138	0.00173421	0.998266	0.00346842	1.99653	0.2090689
526	0	27.46242	27.53135	-0.06892833	-0.0644027	0.00051141	0.999489	0.00102282	1.99898	0.7142396
527	1	28.65137	27.49732	1.154051	-0.282471	0.00210198	0.997898	0.00420397	1.9958	0.2102379
528	0	28.24876	28.05881	0.1899516	-0.106383	0.000758781	0.999241	0.00151756	1.99848	0.5513328
529	1	27.66208	26.96313	0.6989497	-0.140374	0.00230668	0.997693	0.00461336	1.99539	0.3314047
530	0	27.40546	27.4141	-0.008639181	0.254292	0.000372385	0.999628	0.000744769	1.99926	0.6724511
531	1	27.83792	27.725	0.1129228	-0.110776	0.000751374	0.999249	0.00150275	1.9985	0.5954798
532	0	29.60153	28.62803	0.9734929	-0.0488348	0.000836921	0.999163	0.00167384	1.99833	0.2518408
533	1	28.60108	27.76249	0.8385891	-0.439792	0.00135076	0.998649	0.00270152	1.9973	0.2882134
534	0	26.66396	26.63778	0.02617955	0.48983	0.000716912	0.999283	0.00143382	1.99857	0.6494401
535	1	29.50206	28.82238	0.6796856	-0.282724	0.000894533	0.999105	0.00178907	1.99821	0.3378509
536	0	29.14583	28.3612	0.7846245	-0.120778	0.000594115	0.999406	0.00118823	1.99881	0.304194
537	1	28.51193	27.65419	0.8577346	0.0630924	0.00213445	0.997866	0.00426891	1.99573	0.2827479
538	0	28.94341	28.29182	0.6515997	0.279329	0.000730187	0.99927	0.00146037	1.99854	0.3474742
539	1	27.85521	26.91646	0.9387412	-0.423871	0.00222007	0.99778	0.00444015	1.99556	0.2607466
540	0	26.92498	26.79319	0.1317927	-0.512773	0.00104161	0.998958	0.00208323	1.99792	0.5843484
541	1	29.2263	28.20995	1.016345	-0.311909	0.00129602	0.998704	0.00259205	1.99741	0.2412769
542	0	29.12882	28.59782	0.5310041	-0.051367	0.00109486	0.998905	0.00218971	1.99781	0.3920095
543	1	29.31291	28.5558	0.757107	0.116786	0.00135772	0.998642	0.00271543	1.99728	0.3126809
544	0	27.07677	26.30794	0.7688298	0.290263	0.00263315	0.997367	0.00526631	1.99473	0.3090368
545	1	29.62951	28.83508	0.7944285	-0.147012	0.00127584	0.998724	0.00255167	1.99745	0.3012263
546	0	27.36713	26.65237	0.7147577	0.172027	0.00243661	0.997563	0.00487322	1.99513	0.3262071
547	1	29.65908	28.6343	1.024773	-0.113377	0.000960847	0.999039	0.00192169	1.99808	0.2392519
548	0	26.91412	26.04472	0.8694029	0.27147	0.000523537	0.999476	0.00104707	1.99895	0.2794678
549	1	28.85633	28.23635	0.619974	0.210067	0.00127573	0.998724	0.00255147	1.99745	0.358639
550	0	28.28824	28.1608	0.1274414	-0.226566	0.000576537	0.999423	0.00115307	1.99885	0.5868967
551	1	27.28369	26.09489	1.1888	-0.444148	0.00124436	0.998756	0.00248873	1.99751	0.2030576
552	0	28.81715	28.42415	0.3929939	-0.309618	0.000549781	0.99945	0.00109956	1.9989	0.4500219
553	1	28.46456	27.55859	0.9059725	-0.196951	0.00190525	0.998095	0.0038105	1.99619	0.2694324
554	0	28.49502	28.26703	0.2279915	0.173294	0.000496862	0.999503	0.000993724	1.99901	0.530754
555	1	29.0717	28.03334	1.038363	0.0663094	0.000789498	0.999211	0.001579	1.99842	0.2360224
556	0	27.07965	26.8841	0.1955448	-0.301691	0.000305865	0.999694	0.00061173	1.99939	0.5482576
557	1	27.97952	27.00821	0.9713086	-0.323781	0.00252391	0.997476	0.00504783	1.99495	0.2523915
558	0	26.39128	26.19519	0.1960905	-0.0392808	0.000242262	0.999758	0.000484525	1.99952	0.5479586
559	1	28.15865	27.50745	0.6512029	-0.212452	0.0018685	0.998131	0.003737	1.99626	0.3476121
560	0	28.33993	28.16953	0.1704037	-0.167187	0.000401589	0.999598	0.000803178	1.9992	0.5622162
561	1	28.99773	28.57081	0.4269205	0.0702877	0.000897708	0.999102	0.00179542	1.9982	0.4350103
562	0	29.5672	28.90556	0.6616333	0.114647	0.000962578	0.999037	0.00192516	1.99807	0.3440052
563	1	28.38506	27.60159	0.7834682	-0.234689	0.00203251	0.997967	0.00406503	1.99593	0.3045459
564	0	29.01289	28.66652	0.3463647	0.0683099	0.000543126	0.999457	0.00108625	1.99891	0.471503
565	1	28.6654	27.87945	0.7859523	0.356716	0.00111803	0.998882	0.00223605	1.99776	0.3037904
566	0	29.25348	28.83153	0.4219509	-0.054569	0.00055335	0.999447	0.0011067	1.99889	0.4371775
567	1	29.82259	29.10979	0.7128025	-0.0754315	0.000785232	0.999215	0.00157046	1.99843	0.3268455
568	0	26.87563	26.79197	0.08366058	-0.593849	0.000716608	0.999283	0.00143322	1.99857	0.6131623
569	1	28.15417	27.52711	0.6270519	0.422626	0.00114773	0.998852	0.00229546	1.9977	0.3561095
570	0	28.20256	28.1189	0.08366058	-0.191741	0.000505643	0.999494	0.00101129	1.99899	0.6131623
571	1	26.12608	24.50512	1.620963	0.0919473	0.00403527	0.995965	0.00807055	1.99193	0.1318054
572	0	29.64656	28.98501	0.6615569	-0.217667	0.000835016	0.999165	0.00167003	1.99833	0.3440315
573	1	29.2832	28.08419	1.199003	0.0134015	0.00182064	0.998179	0.00364128	1.99636	0.2009964
574	0	29.74537	28.80147	0.9439001	-0.166402	0.00129325	0.998707	0.00258649	1.99741	0.2594049
575	1	29.11732	27.91831	1.199003	-0.236546	0.00141791	0.998582	0.00283583	1.99716	0.2009964
576	0	29.13971	28.43592	0.7037941	-0.322155	0.00126333	0.998737	0.00252666	1.99747	0.3298032
577	1	29.4866	28.86717	0.6194285	-0.148523	0.000622627	0.999377	0.00124525	1.99875	0.3588346
578	0	28.18142	26.98259	1.198829	-0.350216	0.00213881	0.997861	0.00427763	1.99572	0.2010315
579	1	28.8056	28.47091	0.3346895	0.165448	0.000709985	0.99929	0.00141997	1.99858	0.4770402
580	0	29.14017	27.87321	1.266953	-0.160045	0.00158088	0.998419	0.00316176	1.99684	0.1877925
581	1	29.23767	28.73276	0.5049142	-0.160084	0.000967487	0.999033	0.00193497	1.99807	0.4023716
582	0	27.96261	26.96474	0.9978669	0.0465909	0.00284534	0.997155	0.00569068	1.99431	0.2457767
583	1	28.78602	28.4317	0.3543199	0.216802	0.00067789	0.999322	0.00135578	1.99864	0.467767
584	0	28.13582	27.61667	0.5191524	-0.173962	0.00155632	0.998444	0.00311264	1.99689	0.3966831
585	1	28.94568	27.90571	1.039977	-0.334309	0.00110116	0.998899	0.00220232	1.9978	0.235642
586	0	29.49614	28.45535	1.040791	0.143992	0.00128671	0.998713	0.00257343	1.99743	0.2354503
587	1	28.37713	27.66517	0.7119598	-0.130416	0.00191561	0.998084	0.00383122	1.99617	0.3271211
588	0	28.10322	27.21886	0.8843561	-0.262279	0.00240758	0.997592	0.00481515	1.99518	0.27532
589	1	28.90005	28.55731	0.3427331	0.157704	0.000619012	0.999381	0.00123802	1.99876	0.4732184
590	0	27.75094	26.86659	0.8843561	-0.228127	0.00270499	0.997295	0.00540997	1.99459	0.27532
591	1	26.23645	26.29577	-0.0593229	-0.342939	0.000251497	0.999749	0.000502995	1.9995	0.7074119
592	0	28.31816	26.94836	1.369798	-0.218772	0.0022103	0.99779	0.0044206	1.99558	0.1694388
593	1	25.46599	25.79785	-0.3318622	0.430238	0.000521498	0.999479	0.001043	1.99896	0.9290405
594	0	27.37851	26.72494	0.6535621	-0.472333	0.00201434	0.997986	0.00402869	1.99597	0.346793
595	1	28.11129	27.90531	0.2059809	0.16316	0.000787014	0.999213	0.00157403	1.99843	0.5425657
596	0	29.11454	28.24648	0.8680608	-0.0648535	0.00179424	0.998206	0.00358849	1.99641	0.2798432
597	1	28.38656	28.18058	0.2059809	0.209206	0.000536603	0.999463	0.00107321	1.99893	0.5425657
598	0	29.19314	28.46938	0.7237553	0.242196	0.00113638	0.998864	0.00227277	1.99773	0.3232852
599	1	26.81015	27.0266	-0.2164522	0.122097	0.000304344	0.999696	0.000608688	1.99939	0.8277758
600	0	28.27447	27.73502	0.5394475	-0.483428	0.000757718	0.999242	0.00151544	1.99848	0.3887135
601	1	27.68989	26.95611	0.7337737	-0.548752	0.00119492	0.998805	0.00238985	1.99761	0.3200626
602	0	28.40458	27.28412	1.120457	0.265365	0.0020408	0.997959	0.0040816	1.99592	0.2174204
603	1	28.97701	28.0902	0.8868057	-0.0310406	0.00061643	0.999384	0.00123286	1.99877	0.2746464
604	0	29.24541	28.22969	1.015719	0.129031	0.00172078	0.998279	0.00344156	1.99656	0.2414279
605	1	28.41714	28.22503	0.1921139	0.100676	0.000641637	0.999358	0.00128327	1.99872	0.5501419
606	0	28.43408	27.6402	0.7938788	0.326383	0.00161298	0.998387	0.00322596	1.99677	0.3013919
607	1	29.36747	28.62537	0.7421012	-0.249719	0.00128507	0.998715	0.00257015	1.99743	0.3174083
608	0	27.44613	27.11632	0.3298127	0.0898666	0.00134897	0.998651	0.00269794	1.9973	0.4793723
609	1	29.33608	28.85098	0.4851042	-0.141665	0.000860879	0.999139	0.00172176	1.99828	0.410422
610	0	27.77212	27.05529	0.7168343	-0.32417	0.00218333	0.997817	0.00436666	1.99563	0.3255304
611	1	29.2254	27.95119	1.27421	-0.0565993	0.00136698	0.998633	0.00273397	1.99727	0.1864346
612	0	29.45789	28.66919	0.7887043	0.175664	0.000820615	0.999179	0.00164123	1.99836	0.3029555
613	1	28.86879	27.54206	1.326732	0.085256	0.00169403	0.998306	0.00338806	1.99661	0.1768952
614	0	27.96975	27.71416	0.2555838	-0.31593	0.00039232	0.999608	0.00078464	1.99922	0.5163095
615	1	29.23502	28.61143	0.6235903	-0.321128	0.0010357	0.998964	0.00207141	1.99793	0.3573443
616	0	28.01047	27.95329	0.05718014	-0.116805	0.000567657	0.999432	0.00113531	1.99886	0.629616
617	1	28.9627	27.90545	1.05725	-0.0723479	0.00217595	0.997824	0.0043519	1.99565	0.2316065
618	0	29.30381	28.45772	0.8460886	0.211372	0.000865195	0.999135	0.00173039	1.99827	0.28606
619	1	26.25383	25.6362	0.6176274	-0.154758	0.00293003	0.99707	0.00586006	1.99414	0.3594815
620	0	29.41325	28.81814	0.5951074	0.0858818	0.000997906	0.999002	0.00199581	1.998	0.3676689
621	1	28.77988	28.0509	0.7289804	-0.00582341	0.00171291	0.998287	0.00342582	1.99657	0.3216004
622	0	29.13968	28.47098	0.6687055	0.0384489	0.00135708	0.998643	0.00271417	1.99729	0.3415809
623	1	26.61384	25.52634	1.087507	0.430558	0.00273362	0.997266	0.00546724	1.99453	0.2247039
624	0	29.50286	28.90241	0.600453	-0.206927	0.000953159	0.999047	0.00190632	1.99809	0.3657087
625	1	27.05655	26.0077	1.048849	-0.409289	0.00304997	0.99695	0.00609994	1.9939	0.2335605
626	0	26.72576	26.26943	0.4563321	-0.6297	0.000870442	0.99913	0.00174088	1.99826	0.4224022
627	1	25.71028	24.6335	1.076786	-0.320933	0.00482109	0.995179	0.00964217	1.99036	0.2271259
628	0	29.65907	28.60068	1.058385	0.0646833	0.00135405	0.998646	0.0027081	1.99729	0.2313438
629	1	28.03143	27.3384	0.6930314	0.301275	0.00179204	0.998208	0.00358407	1.99642	0.3333719
630	0	29.91344	29.0551	0.8583383	-0.0209005	0.000941467	0.999059	0.00188293	1.99812	0.2825772
631	1	27.13864	26.12233	1.016311	0.462165	0.00176465	0.998235	0.00352929	1.99647	0.2412852
632	0	27.28983	27.09967	0.1901667	0.439639	0.00086077	0.999139	0.00172154	1.99828	0.5512142
633	1	29.08406	28.30399	0.7800667	0.272853	0.000871674	0.999128	0.00174335	1.99826	0.3055836
634	0	27.52997	27.39684	0.1331301	-0.208898	0.000901094	0.999099	0.00180219	1.9982	0.5835675
635	1	29.20196	28.21021	0.9917458	0.226111	0.00110414	0.998896	0.00220827	1.99779	0.2472857
636	0	27.96338	27.94455	0.01883153	-0.088625	0.000488078	0.999512	0.000976156	1.99902	0.6542298
637	1	29.50104	28.50929	0.9917458	0.0781957	0.00156118	0.998439	0.00312236	1.99688	0.2472857
638	0	27.5207	27.50187	0.01883153	-0.0641913	0.000298527	0.999701	0.000597053	1.9994	0.6542298
639	1	28.29409	27.34876	0.9453356	0.361029	0.00163114	0.998369	0.00326229	1.99674	0.2590328
640	0	26.66449	26.84764	-0.183149	-0.141805	0.000248609	0.999751	0.000497218	1.9995	0.8006622
641	1	29.26577	28.47548	0.7902854	-0.246888	0.00144464	0.998555	0.00288928	1.99711	0.3024769
642	0	27.78677	27.68946	0.09731212	0.235567	0.0003963	0.999604	0.0007926	1.99921	0.6048485
643	1	28.04099	27.21468	0.8263019	0.42236	0.00139924	0.998601	0.00279848	1.9972	0.2917766
644	0	23.48768	23.5332	-0.04552294	0.573429	0.00184661	0.998153	0.00369322	1.99631	0.6977167
645	1	26.5573	24.97144	1.585855	-0.251517	0.00304546	0.996955	0.00609093	1.99391	0.1365152
646	0	27.88629	26.70264	1.183654	0.203928	0.00281623	0.997184	0.00563245	1.99437	0.2041052
647	1	26.44709	25.17974	1.267353	-0.0141259	0.00478052	0.995219	0.00956103	1.99044	0.1877174
648	0	29.09423	28.69529	0.3989357	-0.0375438	0.000816183	0.999184	0.00163237	1.99837	0.4473559
649	1	28.68515	27.70231	0.9828367	-0.34479	0.00186755	0.998132	0.00373511	1.99626	0.2494986
650	0	28.83723	28.30082	0.5364088	0.24001	0.000589097	0.999411	0.00117819	1.99882	0.3898965
651	1	29.29279	28.84999	0.4428011	-0.0208217	0.000785588	0.999214	0.00157118	1.99843	0.4281566
652	0	28.58354	27.87975	0.7037969	0.110254	0.00171371	0.998286	0.00342743	1.99657	0.3298022
653	1	28.90361	28.37532	0.5282853	0.0413386	0.00118257	0.998817	0.00236514	1.99763	0.3930768
654	0	27.36569	26.99481	0.3708864	0.0777297	0.00149087	0.998509	0.00298174	1.99702	0.4600816
655	1	29.69571	28.93302	0.76269	-0.179289	0.000777366	0.999223	0.00155473	1.99845	0.3109401
656	0	28.31531	27.65336	0.6619487	0.386865	0.00127032	0.99873	0.00254064	1.99746	0.3438967
657	1	28.78033	27.69431	1.086013	-0.314497	0.00102268	0.998977	0.00204535	1.99795	0.2250397
658	0	29.01578	28.29419	0.7215969	0.237292	0.00130839	0.998692	0.00261679	1.99738	0.3239837
659	1	29.28475	28.08742	1.197334	-0.123128	0.00179791	0.998202	0.00359582	1.9964	0.2013322
660	0	28.69441	27.42989	1.264524	-0.243702	0.0019881	0.998012	0.00397619	1.99602	0.188249
661	1	28.33704	27.53224	0.804802	0.196074	0.00200119	0.997999	0.00400239	1.996	0.2981176
662	0	29.11165	28.35037	0.7612828	-0.071446	0.00056925	0.999431	0.0011385	1.99886	0.3113779
663	1	29.71524	28.96897	0.7462694	-0.0460617	0.00114811	0.998852	0.00229623	1.9977	0.316088
664	0	28.46824	27.46237	1.005873	-0.381759	0.00188704	0.998113	0.00377408	1.99623	0.2438167
665	1	26.89256	26.12482	0.7677426	-0.100584	0.00304199	0.996958	0.00608398	1.99392	0.309373
666	0	29.81821	29.13792	0.6802955	-0.0501364	0.000858335	0.999142	0.00171667	1.99828	0.3376449
667	1	29.40973	28.64199	0.7677426	0.16511	0.00122001	0.99878	0.00244003	1.99756	0.309373
668	0	29.35427	28.36706	0.9872014	0.161975	0.0015044	0.998496	0.00300879	1.99699	0.248412
669	1	26.45593	25.23782	1.218118	-0.490537	0.00256298	0.997437	0.00512596	1.99487	0.1971909
670	0	29.47475	28.31782	1.156929	0.0538949	0.00151782	0.998482	0.00303564	1.99696	0.2096335
671	1	28.83894	28.08086	0.7580775	-0.18924	0.00172327	0.998277	0.00344654	1.99655	0.3123776
672	0	28.24004	26.75857	1.481467	-0.0809875	0.00171538	0.998285	0.00343076	1.99657	0.151536
673	1	29.77648	29.00679	0.7696979	-0.128657	0.00111081	0.998889	0.00222163	1.99778	0.3087686
674	0	28.27353	27.04894	1.22459	0.051777	0.00280869	0.997191	0.00561739	1.99438	0.1959187
675	1	26.5927	26.06763	0.5250647	0.475118	0.00191958	0.99808	0.00383915	1.99616	0.3943447
676	0	28.84176	27.50353	1.338228	-0.157291	0.00178121	0.998219	0.00356243	1.99644	0.1748733
677	1	25.99329	24.83626	1.157028	0.0104085	0.00512247	0.994878	0.0102449	1.98976	0.2096128
678	0	25.59634	24.51026	1.086081	0.145772	0.00520906	0.994791	0.0104181	1.98958	0.2250245
679	1	24.36759	23.69281	0.6747773	0.447872	0.00415693	0.995843	0.00831387	1.99169	0.3395132
680	0	27.19978	26.44394	0.7558434	-0.579869	0.00120214	0.998798	0.00240428	1.9976	0.3130763
681	1	26.72356	25.08859	1.634966	0.110105	0.00179557	0.998204	0.00359115	1.99641	0.1299727
682	0	28.44573	27.7789	0.6668321	-0.123551	0.00176679	0.998233	0.00353358	1.99647	0.3422215
683	1	28.60079	27.65208	0.9487136	-0.233247	0.00219114	0.997809	0.00438228	1.99562	0.2581592
684	0	28.55417	27.80421	0.7499583	-0.0516581	0.00190416	0.998096	0.00380831	1.99619	0.3149242
685	1	27.56342	26.16502	1.398397	-0.228123	0.00303556	0.996964	0.00607112	1.99393	0.1646617
686	0	29.85948	29.10952	0.7499583	-0.0207948	0.000977819	0.999022	0.00195564	1.99804	0.3149242
687	1	29.4059	28.27953	1.126361	-0.2009	0.00152635	0.998474	0.00305271	1.99695	0.2161407
688	0	29.70662	28.9156	0.7910197	-0.0231774	0.00122799	0.998772	0.00245598	1.99754	0.3022548
689	1	28.54334	27.45029	1.093049	-0.312343	0.00213006	0.99787	0.00426012	1.99574	0.223462
690	0	28.37791	27.0627	1.315205	0.163073	0.00125161	0.998748	0.00250322	1.9975	0.1789462
691	1	27.55378	26.51565	1.038127	-0.305062	0.00301287	0.996987	0.00602575	1.99397	0.2360782
692	0	29.41511	28.79226	0.6228441	0.0712485	0.00106973	0.99893	0.00213946	1.99786	0.3576111
693	1	29.28666	28.37737	0.9092872	-0.300718	0.00142393	0.998576	0.00284786	1.99715	0.2685408
694	0	29.47084	28.97535	0.4954913	0.00665354	0.000658869	0.999341	0.00131774	1.99868	0.406181
695	1	26.40263	25.54242	0.8602098	-0.4292	0.00330569	0.996694	0.00661138	1.99339	0.2820489
696	0	29.43446	28.61812	0.8163405	-0.0472218	0.00148272	0.998517	0.00296545	1.99703	0.2946976
697	1	28.32827	27.48491	0.8433595	-0.429769	0.00083615	0.999164	0.0016723	1.99833	0.2868417
698	0	29.47529	28.28107	1.194216	-0.0516323	0.00156512	0.998435	0.00313023	1.99687	0.201961
699	1	29.12461	28.48339	0.6412182	0.253576	0.00101217	0.998988	0.00202433	1.99798	0.3511003
700	0	28.60529	27.41107	1.194216	-0.206532	0.00237617	0.997624	0.00475234	1.99525	0.201961
701	1	28.49168	28.20272	0.2889584	-0.386425	0.000678448	0.999322	0.0013569	1.99864	0.4993623
702	0	25.63338	24.10478	1.528599	0.0202453	0.0054473	0.994553	0.0108946	1.98911	0.1445594
703	1	28.77818	28.09216	0.6860249	0.0924203	0.000516691	0.999483	0.00103338	1.99897	0.3357159
704	0	23.51275	22.91847	0.5942812	-0.171003	0.00505657	0.994943	0.0101131	1.98989	0.3679728
705	1	26.42046	26.47305	-0.05258703	-0.230676	0.000861939	0.999138	0.00172388	1.99828	0.7026629
706	0	29.16061	28.18118	0.9794284	-0.0884218	0.00192873	0.998071	0.00385746	1.99614	0.2503505
707	1	29.00071	28.11833	0.8823885	0.293743	0.00116287	0.998837	0.00232573	1.99767	0.2758623
708	0	29.63261	28.49253	1.14008	-0.0382629	0.00141153	0.998588	0.00282307	1.99718	0.2131957
709	1	28.10262	27.38541	0.7172149	-0.464656	0.00162738	0.998373	0.00325476	1.99675	0.3254065
710	0	29.48906	28.95621	0.5328445	-0.0846696	0.00061209	0.999388	0.00122418	1.99878	0.3912887
711	1	28.06292	27.68697	0.3759559	-0.238494	0.00123575	0.998764	0.0024715	1.99753	0.4577551
712	0	28.57498	28.30833	0.2666484	-0.085331	0.000785869	0.999214	0.00157174	1.99843	0.5106282
713	1	25.57994	25.67046	-0.09052208	0.379418	0.000968767	0.999031	0.00193753	1.99806	0.7298305
714	0	29.3237	28.74464	0.579062	0.174738	0.00089266	0.999107	0.00178532	1.99821	0.3736159
715	1	29.70426	28.91064	0.7936242	0.0652721	0.00078521	0.999215	0.00157042	1.99843	0.3014686
716	0	29.097	27.87555	1.22145	-0.219648	0.0013824	0.998618	0.00276481	1.99724	0.1965348
717	1	29.56748	28.63609	0.9313893	0.0989459	0.000868692	0.999131	0.00173738	1.99826	0.2626706
718	0	28.84878	28.07779	0.7709883	0.261715	0.000720523	0.999279	0.00144105	1.99856	0.3083705
719	1	29.34675	28.78563	0.5611118	-0.0250533	0.00103049	0.99897	0.00206098	1.99794	0.3803829
720	0	28.35103	27.69427	0.6567584	0.220415	0.00164136	0.998359	0.00328272	1.99672	0.3456863
721	1	28.85441	28.52615	0.3282576	-0.0446541	0.000785663	0.999214	0.00157133	1.99843	0.4801183
722	0	29.30532	28.18843	1.116893	0.156963	0.00136336	0.998637	0.00272671	1.99727	0.2181968
723	1	25.7595	25.8311	-0.07160436	0.265971	0.000228282	0.999772	0.000456564	1.99954	0.7161535
724	0	26.67003	26.21912	0.4509159	-0.261169	0.00208875	0.997911	0.00417751	1.99582	0.4246963
725	1	28.35738	28.18918	0.1681954	0.0813975	0.000624296	0.999376	0.00124859	1.99875	0.5634591
726	0	29.2253	28.34133	0.8839651	0.250891	0.00116894	0.998831	0.00233789	1.99766	0.2754277
727	1	26.89648	26.95674	-0.06025931	-0.475309	0.000392668	0.999607	0.000785337	1.99921	0.7080746
728	0	27.55966	26.05729	1.50237	-0.0364698	0.00125812	0.998742	0.00251624	1.99748	0.1484014
729	1	25.98348	26.38153	-0.398047	0.114979	0.000265338	0.999735	0.000530675	1.99947	0.9926093
730	0	27.37779	25.8819	1.495884	-0.171016	0.00127649	0.998724	0.00255297	1.99745	0.149367
731	1	29.13738	28.78401	0.3533727	-0.0294315	0.000576422	0.999424	0.00115284	1.99885	0.4682103
732	0	28.82057	28.19585	0.6247219	-0.312966	0.00135743	0.998643	0.00271485	1.99729	0.3569402
733	1	24.8838	24.49833	0.3854704	0.597197	0.000534268	0.999466	0.00106854	1.99893	0.4534204
734	0	29.13938	28.77936	0.3600135	-0.010372	0.000567503	0.999432	0.00113501	1.99886	0.4651113
735	1	29.87672	29.03936	0.8373569	-0.0212143	0.000869356	0.999131	0.00173871	1.99826	0.2885687
736	0	28.88549	28.56053	0.3249532	0.0441425	0.000733473	0.999267	0.00146695	1.99853	0.4817074
737	1	28.47768	28.18226	0.2954239	0.0545277	0.000401017	0.999599	0.000802034	1.9992	0.496144
738	0	29.81493	28.96368	0.8512479	-0.181876	0.000984799	0.999015	0.0019696	1.99803	0.2845879
739	1	28.19396	28.05569	0.1382638	0.137974	0.000606049	0.999394	0.0012121	1.99879	0.5805793
740	0	29.87886	29.11936	0.7595	-0.0385245	0.000974077	0.999026	0.00194815	1.99805	0.3119335
741	1	28.22958	27.77717	0.4524083	0.19442	0.00126258	0.998737	0.00252517	1.99747	0.4240629
742	0	29.52646	28.60746	0.9190021	-0.0513123	0.00156875	0.998431	0.00313749	1.99686	0.2659446
743	1	29.66001	28.98754	0.672466	0.0669642	0.000734874	0.999265	0.00146975	1.99853	0.3402989
744	0	26.25854	25.33954	0.9190021	-0.393787	0.00368276	0.996317	0.00736551	1.99263	0.2659446
745	1	29.679	28.75443	0.9245679	0.123548	0.0010448	0.998955	0.0020896	1.99791	0.2644685
746	0	29.42558	28.64546	0.7801229	-0.287122	0.00120639	0.998794	0.00241277	1.99759	0.3055665
747	1	29.24813	28.79153	0.4566051	-0.150539	0.000554428	0.999446	0.00110886	1.99889	0.422287
748	0	26.75066	26.71619	0.0344656	-0.594501	0.000692765	0.999307	0.00138553	1.99861	0.644081
749	1	29.35591	28.75996	0.5959584	-0.172218	0.000590138	0.99941	0.00118028	1.99882	0.3673561
750	0	27.75647	27.26302	0.4934488	-0.555797	0.0010024	0.998998	0.0020048	1.998	0.4070115
751	1	25.45737	24.01772	1.439646	-0.347039	0.00101224	0.998988	0.00202449	1.99798	0.1580078
752	0	28.5441	28.34898	0.1951171	0.0989619	0.000537329	0.999463	0.00107466	1.99893	0.5484922
753	1	29.46741	28.56262	0.9047923	-0.0925138	0.0015932	0.998407	0.00318641	1.99681	0.2697506
754	0	28.6904	28.36741	0.3229874	-0.349039	0.000695684	0.999304	0.00139137	1.99861	0.4826553
755	1	28.68921	27.7278	0.9614075	-0.1639	0.00222063	0.997779	0.00444125	1.99556	0.2549029
756	0	29.01082	28.67006	0.3407601	-0.21942	0.000656653	0.999343	0.00131331	1.99869	0.474153
757	1	27.18	26.36989	0.810104	-0.415935	0.00262544	0.997375	0.00525089	1.99475	0.2965412
758	0	27.20075	27.27875	-0.07799515	0.2221	0.000517329	0.999483	0.00103466	1.99897	0.7207449
759	1	28.55383	27.19251	1.361321	-0.208547	0.00155559	0.998444	0.00311118	1.99689	0.1708812
760	0	29.3358	28.25671	1.079092	0.0191668	0.00183459	0.998165	0.00366917	1.99633	0.2266026
761	1	28.03938	26.83485	1.204537	0.31908	0.00159388	0.998406	0.00318776	1.99681	0.1998873
762	0	29.08528	28.32517	0.7601109	0.124736	0.00150951	0.99849	0.00301902	1.99698	0.311743
763	1	27.93463	26.92013	1.014499	-0.472801	0.00153399	0.998466	0.00306798	1.99693	0.2417228
764	0	29.53846	28.46085	1.07761	-0.166644	0.00153681	0.998463	0.00307363	1.99693	0.2269388
765	1	28.89503	28.3008	0.5942221	-0.405158	0.00100211	0.998998	0.00200422	1.998	0.3679945
766	0	26.82835	25.6929	1.13545	-0.0276264	0.00418761	0.995812	0.00837523	1.99162	0.2141849
767	1	29.31332	28.76518	0.5481398	0.175813	0.000769053	0.999231	0.00153811	1.99846	0.3853494
768	0	24.96758	23.58927	1.37831	-0.390641	0.00509105	0.994909	0.0101821	1.98982	0.1680028
769	1	29.55605	28.98926	0.5667931	-0.086126	0.000635048	0.999365	0.0012701	1.99873	0.378228
770	0	25.86285	25.11868	0.7441663	-0.630606	0.00218354	0.997816	0.00436708	1.99563	0.3167535
771	1	29.23709	28.83956	0.3975353	-0.157236	0.000649362	0.999351	0.00129872	1.9987	0.4479828
772	0	23.55244	22.95287	0.5995695	-0.403865	0.00498378	0.995016	0.00996757	1.99003	0.366032
773	1	27.65131	27.03345	0.6178648	0.454617	0.00142738	0.998573	0.00285475	1.99715	0.3593962
774	0	27.75908	26.65127	1.107815	-0.305425	0.00288358	0.997116	0.00576716	1.99423	0.2201865
775	1	27.9751	27.3415	0.6336027	-0.000723387	0.00192934	0.998071	0.00385867	1.99614	0.3537843
776	0	26.50688	25.49441	1.012467	0.164863	0.00400546	0.995995	0.00801092	1.99199	0.2422143
777	1	29.4387	28.43473	1.003964	-0.0869249	0.00172661	0.998273	0.00345322	1.99655	0.2442828
778	0	27.52964	27.04009	0.4895475	-0.0216328	0.0017616	0.998238	0.00352319	1.99648	0.4086024
779	1	29.80098	29.11603	0.6849564	-0.0336067	0.000777021	0.999223	0.00155404	1.99845	0.3360748
780	0	28.98691	27.79115	1.195761	0.00557881	0.0021704	0.99783	0.0043408	1.99566	0.2016491
781	1	29.36895	28.62116	0.7477909	0.116595	0.00130069	0.998699	0.00260137	1.9974	0.3156075
782	0	28.72542	27.41151	1.313904	-0.017074	0.00230134	0.997699	0.00460267	1.9954	0.1791792
783	1	27.89247	27.62367	0.2687979	-0.22483	0.00106312	0.998937	0.00212625	1.99787	0.5095318
784	0	27.44683	26.46165	0.9851746	-0.477219	0.00222819	0.997772	0.00445637	1.99554	0.248916
785	1	27.21287	27.21756	-0.004696618	0.171017	0.000299893	0.9997	0.000599785	1.9994	0.6698051
786	0	29.79183	28.86694	0.9248882	-0.0232011	0.00132075	0.998679	0.0026415	1.99736	0.2643838
787	1	26.85495	26.16784	0.6871093	-0.207479	0.00277273	0.997227	0.00554546	1.99445	0.335352
788	0	27.69517	27.03467	0.6604954	0.0586486	0.00214456	0.997855	0.00428912	1.99571	0.3443969
789	1	28.48778	27.2124	1.275378	-0.249638	0.00220389	0.997796	0.00440779	1.99559	0.1862169
790	0	29.52439	28.5919	0.9324895	-0.0839686	0.000771567	0.999228	0.00154313	1.99846	0.2623818
791	1	29.54915	28.68276	0.8663869	0.147364	0.00125213	0.998748	0.00250426	1.9975	0.280312
792	0	29.6011	28.85169	0.7494053	-0.106181	0.00124153	0.998758	0.00248307	1.99752	0.3150984
793	1	28.14857	27.23105	0.9175222	-0.36488	0.000720233	0.99928	0.00144047	1.99856	0.2663385
794	0	27.34445	26.72287	0.6215816	-0.584619	0.001269	0.998731	0.00253799	1.99746	0.3580629
795	1	28.31993	27.28697	1.032964	-0.389272	0.00197683	0.998023	0.00395365	1.99605	0.2373001
796	0	27.09196	26.94749	0.1444613	-0.0045999	0.00105201	0.998948	0.00210402	1.9979	0.5769923
797	1	27.31466	26.50949	0.8051629	-0.532088	0.00193	0.99807	0.00386	1.99614	0.2980101
798	0	29.51802	28.60721	0.9108123	-0.226037	0.00141246	0.998588	0.00282492	1.99718	0.2681316
799	1	29.78487	29.07916	0.7057085	-0.160406	0.000858848	0.999141	0.0017177	1.99828	0.3291724
800	0	29.30616	28.43368	0.8724751	0.185378	0.00140769	0.998592	0.00281539	1.99718	0.2786106
801	1	27.9505	27.10975	0.8407522	0.337396	0.00201652	0.997983	0.00403305	1.99597	0.2875906
802	0	26.57999	26.51835	0.06163837	0.484387	0.000859454	0.999141	0.00171891	1.99828	0.6268152
803	1	29.61285	28.57452	1.038333	-0.142876	0.000987176	0.999013	0.00197435	1.99803	0.2360295
804	0	25.9878	25.92616	0.06163837	0.342613	0.00118452	0.998815	0.00236904	1.99763	0.6268152
805	1	28.78702	28.04266	0.7443528	0.329248	0.000883061	0.999117	0.00176612	1.99823	0.3166944
806	0	29.48209	28.47895	1.003141	-0.259674	0.00126851	0.998731	0.00253701	1.99746	0.2444839
807	1	27.44194	27.12999	0.3119481	0.0821992	0.00130781	0.998692	0.00261562	1.99738	0.488013
808	0	29.70347	28.75916	0.9443141	-0.0289299	0.00143415	0.998566	0.00286831	1.99713	0.2592975
809	1	28.07219	26.89524	1.176946	-0.354457	0.00107446	0.998926	0.00214892	1.99785	0.205479
810	0	28.41994	27.46183	0.9581062	0.357018	0.00145038	0.99855	0.00290075	1.9971	0.2557458
811	1	29.57789	28.52027	1.057621	-0.161034	0.00103193	0.998968	0.00206386	1.99794	0.2315206
812	0	29.00881	27.73468	1.274125	0.0177641	0.00118087	0.998819	0.00236173	1.99764	0.1864504
813	1	28.64235	27.74538	0.8969728	0.238175	0.000730203	0.99927	0.00146041	1.99854	0.2718682
814	0	28.15083	27.2558	0.8950301	0.164736	0.00236124	0.997639	0.00472248	1.99528	0.2723969
815	1	28.95532	28.15097	0.8043465	0.140455	0.00166016	0.99834	0.00332032	1.99668	0.2982535
816	0	27.77666	27.13896	0.6377076	-0.246074	0.00203764	0.997962	0.00407528	1.99592	0.3523351
817	1	29.46322	28.74431	0.71891	-0.271282	0.00111818	0.998882	0.00223636	1.99776	0.3248554
818	0	28.39191	27.52032	0.8715923	-0.390351	0.00187366	0.998126	0.00374731	1.99625	0.2788566
819	1	28.03929	27.42878	0.6105101	0.0143666	0.00182841	0.998172	0.00365682	1.99634	0.3620492
820	0	27.69858	27.73449	-0.03590746	-0.0631688	0.000484843	0.999515	0.000969687	1.99903	0.6910399
821	1	29.37362	28.2459	1.127717	0.13102	0.00132314	0.998677	0.00264629	1.99735	0.2158478
822	0	29.13285	28.70679	0.4260556	-0.227212	0.000573391	0.999427	0.00114678	1.99885	0.4353867
823	1	28.13611	26.80674	1.329371	0.0685482	0.00282157	0.997178	0.00564313	1.99436	0.1764291
824	0	24.61764	24.10624	0.511395	-0.727232	0.00168574	0.998314	0.00337148	1.99663	0.3997723
825	1	28.81195	27.72105	1.090895	-0.207344	0.00219605	0.997804	0.0043921	1.99561	0.2239438
826	0	23.68655	23.98276	-0.2962175	-0.0902095	0.00103305	0.998967	0.0020661	1.99793	0.8965084
827	1	28.9528	27.91968	1.033122	-0.281061	0.00186417	0.998136	0.00372834	1.99627	0.2372628
828	0	29.21654	28.41466	0.8018827	0.0275715	0.00157916	0.998421	0.00315833	1.99684	0.2989892
829	1	28.41759	27.53571	0.8818898	-0.45897	0.00128864	0.998711	0.00257728	1.99742	0.2759999
830	0	28.71266	27.73666	0.9759917	-0.0544875	0.000639848	0.99936	0.0012797	1.99872	0.2512123
831	1	29.22893	28.02569	1.203245	0.0682284	0.00176958	0.99823	0.00353916	1.99646	0.2001456
832	0	29.38378	28.78527	0.5985085	-0.0665655	0.00109394	0.998906	0.00218788	1.99781	0.3664205
833	1	29.57177	28.64209	0.929681	0.0209119	0.00151291	0.998487	0.00302582	1.99697	0.2631197
834	0	28.26393	27.21251	1.051422	0.316039	0.0019391	0.998061	0.0038782	1.99612	0.2329603
835	1	28.35158	27.41842	0.9331531	0.313664	0.00187165	0.998128	0.00374331	1.99626	0.2622077
836	0	27.48457	27.03412	0.4504563	-0.349238	0.00165128	0.998349	0.00330256	1.9967	0.4248915
837	1	28.45254	27.27181	1.180727	-0.340585	0.00190827	0.998092	0.00381653	1.99618	0.2047037
838	0	28.9111	27.88704	1.024055	-0.136263	0.00215428	0.997846	0.00430857	1.99569	0.2394239
839	1	26.46396	25.13538	1.328579	-0.101015	0.00474955	0.99525	0.0094991	1.9905	0.1765689
840	0	29.59485	28.59077	1.004078	-0.191869	0.00143814	0.998562	0.00287629	1.99712	0.2442549
841	1	28.17894	27.52265	0.6562839	-0.491814	0.00134373	0.998656	0.00268746	1.99731	0.3458504
842	0	29.87648	28.89746	0.9790208	-0.0222443	0.0010906	0.998909	0.0021812	1.99782	0.2504525
843	1	29.4998	28.41146	1.088342	0.0640248	0.00158599	0.998414	0.00317197	1.99683	0.2245163
844	0	27.9047	27.01256	0.8921373	-0.44733	0.000830219	0.99917	0.00166044	1.99834	0.273186
845	1	28.86509	28.16767	0.6974176	-0.0697872	0.0016036	0.998396	0.00320721	1.99679	0.3319129
846	0	29.1974	28.51062	0.6867855	-0.360883	0.00100112	0.998999	0.00200224	1.998	0.3354606
847	1	25.78608	24.48621	1.299877	0.268099	0.00473739	0.995263	0.00947478	1.99053	0.1817102
848	0	27.3328	26.26771	1.065089	0.00396736	0.00354777	0.996452	0.00709554	1.9929	0.2297982
849	1	28.70401	27.39161	1.312397	-0.0538278	0.00233777	0.997662	0.00467554	1.99532	0.1794494
850	0	26.33402	24.84597	1.488057	-0.0628922	0.00467732	0.995323	0.00935464	1.99065	0.1505407
851	1	29.78997	28.75671	1.033262	0.0125274	0.00114013	0.99886	0.00228025	1.99772	0.2372296
852	0	28.81612	27.97419	0.8419235	-0.0975154	0.00194213	0.998058	0.00388427	1.99612	0.2872539
853	1	27.83739	27.36905	0.4683396	-0.489013	0.00131907	0.998681	0.00263814	1.99736	0.4173606
854	0	27.84177	27.26757	0.5742008	0.109507	0.00180135	0.998199	0.00360271	1.9964	0.3754365
855	1	29.06291	28.13322	0.9296964	0.216695	0.000852424	0.999148	0.00170485	1.9983	0.2631157
856	0	29.2524	28.53043	0.7219733	-0.346236	0.00108105	0.998919	0.00216211	1.99784	0.3238618
857	1	29.66155	28.62068	1.040868	0.0817067	0.00130006	0.9987	0.00260012	1.9974	0.2354321
858	0	27.59349	27.24163	0.3518601	-0.482329	0.000507832	0.999492	0.00101566	1.99898	0.468919
859	1	29.07975	28.63412	0.4456374	0.165109	0.000600848	0.999399	0.0012017	1.9988	0.426944
860	0	29.29101	28.70569	0.5853142	0.201791	0.000846595	0.999153	0.00169319	1.99831	0.3712872
861	1	26.163	25.79905	0.3639477	-0.0546578	0.0020374	0.997963	0.00407481	1.99593	0.463285
862	0	24.82476	24.97086	-0.146098	-0.431779	0.00116641	0.998834	0.00233282	1.99767	0.7715397
863	1	29.41222	28.62812	0.7840979	-0.158448	0.00141652	0.998583	0.00283304	1.99717	0.3043542
864	0	25.29029	25.59041	-0.3001205	-0.385273	0.000707476	0.999293	0.00141495	1.99859	0.9000144
865	1	29.43295	28.50906	0.9238853	-0.29675	0.00115189	0.998848	0.00230377	1.9977	0.2646491
866	0	26.91784	26.74546	0.172379	-0.396146	0.000330822	0.999669	0.000661644	1.99934	0.5611067
867	1	28.05261	27.69036	0.3622441	-0.0752348	0.00120999	0.99879	0.00241997	1.99758	0.464075
868	0	29.63146	29.06082	0.5706315	-0.13184	0.000765838	0.999234	0.00153168	1.99847	0.3767789
869	1	28.10877	27.63393	0.4748377	-0.02129	0.00145081	0.998549	0.00290162	1.9971	0.4146573
870	0	26.60603	26.05797	0.5480537	0.520867	0.00176705	0.998233	0.00353409	1.99647	0.3853825
871	1	28.35365	27.50113	0.8525257	0.332602	0.000801889	0.999198	0.00160378	1.9984	0.2842245
872	0	28.79383	28.03773	0.7561039	0.332164	0.0011778	0.998822	0.0023556	1.99764	0.3129947
873	1	29.47337	28.32227	1.151099	0.076498	0.00132721	0.998673	0.00265441	1.99735	0.2108594
874	0	29.87837	29.09652	0.7818464	-0.0586441	0.00084038	0.99916	0.00168076	1.99832	0.3050403
875	1	26.97614	25.35883	1.617309	0.0627541	0.00166719	0.998333	0.00333438	1.99667	0.132288
876	0	29.13063	28.48108	0.6495545	-0.153502	0.00133946	0.998661	0.00267891	1.99732	0.3481856
877	1	29.23961	28.10674	1.132877	-0.122158	0.00192534	0.998075	0.00385069	1.99615	0.2147367
878	0	29.87864	29.10911	0.7695261	-0.0308192	0.000994632	0.999005	0.00198926	1.99801	0.3088217
879	1	27.71473	27.66648	0.04824535	0.106772	0.000630418	0.99937	0.00126084	1.99874	0.6352666
880	0	26.80591	26.74823	0.05767375	-0.461068	0.000965003	0.999035	0.00193001	1.99807	0.6293052
881	1	29.65325	28.98949	0.6637605	0.0857356	0.000767415	0.999233	0.00153483	1.99847	0.3432742
882	0	29.3144	28.88609	0.4283118	-0.0869745	0.000730738	0.999269	0.00146148	1.99854	0.4344055
883	1	28.41888	27.89495	0.5239288	0.017655	0.000413612	0.999586	0.000827223	1.99917	0.3947929
884	0	29.79209	29.07864	0.7134502	-0.155213	0.000838777	0.999161	0.00167755	1.99832	0.3266339
885	1	29.11454	28.45553	0.6590106	-0.124977	0.000537831	0.999462	0.00107566	1.99892	0.3449086
886	0	29.04977	28.40535	0.6444163	-0.373592	0.0010796	0.99892	0.00215919	1.99784	0.3499793
887	1	29.58027	28.83766	0.7426116	-0.11316	0.00124287	0.998757	0.00248574	1.99751	0.3172464
888	0	29.07188	28.27223	0.7996526	-0.188516	0.000615698	0.999384	0.0012314	1.99877	0.2996567
889	1	29.33134	28.57294	0.7584033	0.228274	0.000887168	0.999113	0.00177434	1.99823	0.3122758
890	0	28.59738	27.90505	0.6923358	0.365343	0.00111687	0.998883	0.00223374	1.99777	0.3336039
891	1	29.60606	28.86767	0.7383915	-0.187121	0.00072716	0.999273	0.00145432	1.99855	0.318588
892	0	28.78125	27.57401	1.207239	0.181534	0.00190688	0.998093	0.00381377	1.99619	0.1993479
893	1	29.49281	28.91618	0.576634	0.117682	0.000773196	0.999227	0.00154639	1.99845	0.3745241
894	0	27.73246	26.56964	1.162821	-0.0340056	0.00335113	0.996649	0.00670226	1.9933	0.208402
895	1	29.20757	28.45647	0.7511021	-0.144158	0.00149988	0.9985	0.00299976	1.997	0.3145642
896	0	29.57855	28.98328	0.5952668	-0.0941497	0.000640648	0.999359	0.0012813	1.99872	0.3676103
897	1	29.83928	28.9052	0.9340768	-0.151111	0.00105614	0.998944	0.00211228	1.99789	0.2619656
898	0	29.30275	28.32609	0.9766574	0.10675	0.000819249	0.999181	0.0016385	1.99836	0.2510451
899	1	29.22207	28.1869	1.035169	-0.283181	0.00155307	0.998447	0.00310614	1.99689	0.2367775
900	0	27.27851	26.20206	1.07645	-0.470592	0.00147904	0.998521	0.00295808	1.99704	0.2272021
901	1	28.67929	27.7366	0.9426878	0.0026348	0.000614772	0.999385	0.00122954	1.99877	0.2597196
902	0	27.50716	26.6734	0.8337655	0.22216	0.00260476	0.997395	0.00520953	1.99479	0.289607
903	1	28.21964	26.84215	1.377491	-0.00913823	0.00110912	0.998891	0.00221823	1.99778	0.1681404
904	0	26.52233	26.25759	0.2647446	0.317254	0.00149617	0.998504	0.00299234	1.99701	0.5116013
905	1	28.62698	28.00483	0.6221471	0.362111	0.000913627	0.999086	0.00182725	1.99817	0.3578604
906	0	29.21894	28.45621	0.7627307	-0.193202	0.00148737	0.998513	0.00297473	1.99703	0.3109274
907	1	28.81945	27.51751	1.301939	-0.0351624	0.00222372	0.997776	0.00444743	1.99555	0.1813359
908	0	27.44609	26.48595	0.9601429	0.0867763	0.0031427	0.996857	0.0062854	1.99371	0.2552254
909	1	29.53263	28.49774	1.034884	-0.0211096	0.00165719	0.998343	0.00331438	1.99669	0.236845
910	0	26.57894	26.11941	0.4595276	-0.0539161	0.00215067	0.997849	0.00430135	1.9957	0.4210546
911	1	25.19069	23.97994	1.210751	0.491013	0.00128914	0.998711	0.00257827	1.99742	0.1986489
912	0	23.61967	23.62652	-0.006854684	-0.711527	0.00196129	0.998039	0.00392257	1.99608	0.6712522
913	1	29.47135	28.90132	0.5700313	0.0449219	0.00062168	0.999378	0.00124336	1.99876	0.3770052
914	0	26.25388	26.31137	-0.0574908	0.124287	0.000861813	0.999138	0.00172363	1.99828	0.706117
915	1	29.29443	28.81647	0.4779618	-0.248375	0.000694615	0.999305	0.00138923	1.99861	0.4133639
916	0	29.42595	28.67133	0.7546258	-0.155934	0.000650253	0.99935	0.00130051	1.9987	0.3134577
917	1	29.80486	28.88846	0.9163987	-0.0599884	0.00130673	0.998693	0.00261346	1.99739	0.2666379
918	0	28.9295	27.90742	1.022083	0.0726605	0.00209214	0.997908	0.00418427	1.99582	0.2398963
919	1	26.76398	25.33642	1.427553	-0.275673	0.00362427	0.996376	0.00724855	1.99275	0.1599302
920	0	29.48716	28.62121	0.8659421	-0.159223	0.00148794	0.998512	0.00297589	1.99702	0.2804367
921	1	25.40338	24.77233	0.6310571	-0.495445	0.00330537	0.996695	0.00661074	1.99339	0.3546861
922	0	29.72937	28.91532	0.8140552	0.0634766	0.00081099	0.999189	0.00162198	1.99838	0.2953718
923	1	28.90676	27.83675	1.07001	-0.0222014	0.00223065	0.997769	0.0044613	1.99554	0.2286702
924	0	28.70737	28.21497	0.4923959	0.207208	0.00109774	0.998902	0.00219548	1.9978	0.4074403
925	1	27.40152	25.95533	1.446191	0.0761405	0.00334651	0.996653	0.00669302	1.99331	0.156977
926	0	29.68209	29.04324	0.6388532	0.00594569	0.000929893	0.99907	0.00185979	1.99814	0.3519317
927	1	27.74988	26.77117	0.9787104	-0.491233	0.00170943	0.998291	0.00341885	1.99658	0.2505303
928	0	29.85804	29.09129	0.7667561	-0.077286	0.00103159	0.998968	0.00206318	1.99794	0.3096783
929	1	29.75753	28.98742	0.7701125	0.0926553	0.000942379	0.999058	0.00188476	1.99812	0.3086407
930	0	28.06346	26.90268	1.160773	0.0756563	0.00295713	0.997043	0.00591425	1.99409	0.2088292
931	1	29.27745	28.33719	0.940262	0.218671	0.00133807	0.998662	0.00267613	1.99732	0.2603503
932	0	27.78293	27.29756	0.4853655	0.0795304	0.00160519	0.998395	0.00321038	1.99679	0.4103148
933	1	28.72305	28.09972	0.6233237	-0.064833	0.00151344	0.998487	0.00302688	1.99697	0.3574396
934	0	29.09056	28.53228	0.5582808	-0.0280694	0.00117066	0.998829	0.00234131	1.99766	0.3814613
935	1	29.46489	28.98638	0.478505	-0.0981701	0.00069202	0.999308	0.00138404	1.99862	0.4131395
936	0	28.62954	28.19868	0.4308624	0.295144	0.000864905	0.999135	0.00172981	1.99827	0.4332989
937	1	29.66441	29.03718	0.6272271	-0.182136	0.000835037	0.999165	0.00167007	1.99833	0.3560471
938	0	27.3879	27.4293	-0.04140252	-0.406528	0.000458974	0.999541	0.000917948	1.99908	0.6948477
939	1	28.8434	27.85152	0.9918814	0.275625	0.00103901	0.998961	0.00207801	1.99792	0.2472522
940	0	28.51372	28.26473	0.2489926	0.20971	0.000604439	0.999396	0.00120888	1.99879	0.5197238
941	1	29.5092	28.78534	0.7238639	0.180239	0.000905722	0.999094	0.00181144	1.99819	0.3232501
942	0	28.33275	27.98926	0.3434898	-0.453643	0.000738285	0.999262	0.00147657	1.99852	0.4728605
943	1	25.50924	25.38289	0.1263502	-0.598204	0.00157354	0.998426	0.00314709	1.99685	0.5875374
944	0	25.99528	26.11073	-0.1154499	-0.586534	0.000822825	0.999177	0.00164565	1.99835	0.7482522
945	1	26.3383	26.43827	-0.09996367	0.198321	0.00075009	0.99925	0.00150018	1.9985	0.7367538
946	0	28.21655	27.94232	0.2742296	0.330084	0.000666892	0.999333	0.00133378	1.99867	0.5067717
947	1	28.68414	28.13283	0.5513083	0.19148	0.00125335	0.998747	0.0025067	1.99749	0.3841303
948	0	27.76859	27.676	0.09258783	-0.265962	0.000730451	0.99927	0.0014609	1.99854	0.6077128
949	1	27.21424	26.43326	0.7809799	-0.422813	0.00252275	0.997477	0.00504549	1.99495	0.3053047
950	0	29.4272	28.51012	0.917072	-0.299599	0.00114432	0.998856	0.00228864	1.99771	0.2664584
951	1	29.71798	28.76158	0.956401	-0.0694226	0.00143284	0.998567	0.00286569	1.99713	0.2561823
952	0	28.35211	27.74966	0.6024526	-0.143705	0.000433312	0.999567	0.000866624	1.99913	0.3649782
953	1	27.25963	25.89828	1.361354	0.213218	0.00319223	0.996808	0.00638446	1.99362	0.1708756
954	0	26.96021	27.06099	-0.1007872	-0.243475	0.000618675	0.999381	0.00123735	1.99876	0.7373608
955	1	26.84509	25.87443	0.97066	-0.264257	0.00359994	0.9964	0.00719987	1.9928	0.2525553
956	0	27.22736	26.90247	0.3248912	0.384234	0.00127873	0.998721	0.00255747	1.99744	0.4817373
957	1	27.00866	26.16226	0.8463966	-0.0153952	0.00321401	0.996786	0.00642801	1.99357	0.2859719
958	0	29.67469	29.031	0.6436914	-0.180971	0.000889188	0.999111	0.00177838	1.99822	0.350233
959	1	27.01777	25.47303	1.544742	-0.252234	0.00163661	0.998363	0.00327323	1.99673	0.1422446
960	0	28.56988	28.11732	0.4525679	-0.443093	0.000823516	0.999176	0.00164703	1.99835	0.4239952
961	1	24.05595	22.50915	1.5468	-0.020762	0.00786795	0.992132	0.0157359	1.98426	0.1419521
962	0	28.69878	28.30077	0.3980129	0.190242	0.00091122	0.999089	0.00182244	1.99818	0.4477689
963	1	29.00647	28.08054	0.9259324	-0.112091	0.00196051	0.998039	0.00392102	1.99608	0.2641079
964	0	26.8022	26.73933	0.06286787	0.420808	0.000846594	0.999153	0.00169319	1.99831	0.626045
965	1	27.2159	26.09639	1.119512	0.296612	0.00307599	0.996924	0.00615198	1.99385	0.217626
966	0	29.25136	28.48996	0.7614038	-0.333793	0.000844546	0.999155	0.00168909	1.99831	0.3113403
967	1	28.30692	27.67191	0.6350091	-0.42381	0.00149918	0.998501	0.00299836	1.997	0.3532871
968	0	22.43315	22.72965	-0.2964916	-0.821072	0.00124629	0.998754	0.00249257	1.99751	0.8967542
969	1	26.45843	26.39368	0.06474322	-0.401825	0.00111791	0.998882	0.00223583	1.99776	0.6248721
970	0	27.96562	27.71206	0.2535628	-0.261698	0.000997045	0.999003	0.00199409	1.99801	0.517354
971	1	29.06064	28.58626	0.474376	-0.294326	0.000909906	0.99909	0.00181981	1.99818	0.4148488
972	0	29.07627	27.9697	1.106573	-0.111795	0.00209186	0.997908	0.00418372	1.99582	0.2204602
973	1	28.49246	27.33048	1.161982	-0.098529	0.00264372	0.997356	0.00528744	1.99471	0.2085771
974	0	27.15155	26.70872	0.4428225	0.267211	0.00171051	0.998289	0.00342102	1.99658	0.4281474
975	1	28.66653	28.06083	0.605701	0.262494	0.000591229	0.999409	0.00118246	1.99882	0.3637945
976	0	29.55876	28.58115	0.9776068	0.134834	0.00102051	0.998979	0.00204102	1.99796	0.2508069
977	1	28.21212	28.08293	0.1291857	0.161515	0.000535997	0.999464	0.00107199	1.99893	0.5858738
978	0	29.83493	28.98346	0.8514726	-0.142926	0.000895107	0.999105	0.00179021	1.99821	0.284524
979	1	26.78978	26.6171	0.1726729	0.245465	0.0011815	0.998818	0.002363	1.99764	0.5609419
980	0	29.4033	28.55182	0.8514726	-0.315055	0.00112593	0.998874	0.00225185	1.99775	0.284524
981	1	29.50211	28.90872	0.5933917	-0.145946	0.000626694	0.999373	0.00125339	1.99875	0.3683002
982	0	29.76296	28.96483	0.7981277	-0.0127078	0.00118367	0.998816	0.00236733	1.99763	0.300114
983	1	29.21441	28.4061	0.8083139	0.24014	0.00123938	0.998761	0.00247876	1.99752	0.2970725
984	0	27.92125	27.64142	0.2798275	0.327375	0.000909635	0.99909	0.00181927	1.99818	0.5039427
985	1	29.02982	28.64119	0.3886288	-0.237942	0.0005572	0.999443	0.0011144	1.99889	0.4519906
986	0	28.16195	27.86313	0.2988174	-0.0763454	0.00102293	0.998977	0.00204587	1.99795	0.4944632
987	1	29.68249	28.64708	1.035407	0.00476138	0.0014722	0.998528	0.00294441	1.99706	0.2367211
988	0	27.28061	26.96353	0.3170758	0.273641	0.00132388	0.998676	0.00264776	1.99735	0.485517
989	1	28.80361	27.56744	1.236174	-0.175623	0.00219938	0.997801	0.00439877	1.9956	0.1936624
990	0	29.2606	28.76717	0.4934278	-0.182763	0.000566659	0.999433	0.00113332	1.99887	0.40702
991	1	26.96573	26.11824	0.8474948	0.514382	0.00129957	0.9987	0.00259913	1.9974	0.285658
992	0	28.02065	27.09378	0.9268684	-0.140219	0.000543683	0.999456	0.00108737	1.99891	0.2638608
993	1	27.91209	27.5847	0.327391	-0.384376	0.00113676	0.998863	0.00227352	1.99773	0.4805346
994	0	29.05358	28.48264	0.5709405	-0.134701	0.0012202	0.99878	0.0024404	1.99756	0.3766625
995	1	24.47633	23.66663	0.8097072	0.349872	0.0049082	0.995092	0.00981641	1.99018	0.2966589
996	0	27.38396	27.12879	0.2551678	0.433773	0.00096721	0.999033	0.00193442	1.99807	0.5165243
997	1	26.34598	25.29227	1.053708	-0.118952	0.00446233	0.995538	0.00892466	1.99108	0.2324285
998	0	28.211	27.61482	0.5961786	0.389806	0.00124548	0.998755	0.00249096	1.99751	0.3672753
999	1	28.98963	27.75249	1.237136	-0.173872	0.00197801	0.998022	0.00395603	1.99604	0.1934761
1000	0	29.31819	28.69802	0.6201718	0.185701	0.000974098	0.999026	0.0019482	1.99805	0.358568
1001	1	26.88902	25.23579	1.653223	0.064968	0.0023085	0.997692	0.00461699	1.99538	0.1276212
1002	0	28.301	28.0657	0.2353038	-0.297364	0.000804463	0.999196	0.00160893	1.99839	0.5268871
1003	1	27.25611	26.00192	1.25419	-0.182358	0.00374941	0.996251	0.00749882	1.9925	0.1902046
1004	0	28.58013	28.03754	0.5425827	-0.0442453	0.00139577	0.998604	0.00279153	1.99721	0.3874967
1005	1	28.91806	27.76196	1.156096	0.116299	0.00207555	0.997924	0.00415111	1.99585	0.2098083
1006	0	27.99106	27.88619	0.1048699	-0.181993	0.000679521	0.99932	0.00135904	1.99864	0.6002944
1007	1	28.56356	27.34647	1.217089	0.0642025	0.00250923	0.997491	0.00501846	1.99498	0.1973939
1008	0	29.48381	28.72662	0.7571963	0.193666	0.000948452	0.999052	0.0018969	1.9981	0.312653
1009	1	28.65301	27.36581	1.287195	-0.0965056	0.00242088	0.997579	0.00484176	1.99516	0.1840293
1010	0	28.7009	27.34161	1.359286	-0.166873	0.00150393	0.998496	0.00300786	1.99699	0.1712295
1011	1	27.86526	26.99122	0.8740372	0.00514547	0.00265208	0.997348	0.00530417	1.9947	0.2781757
1012	0	29.31345	28.39027	0.9231722	-0.0317663	0.00173697	0.998263	0.00347393	1.99653	0.2648379
1013	1	27.47253	26.74925	0.723276	-0.000688267	0.00248793	0.997512	0.00497586	1.99502	0.3234402
1014	0	28.74275	28.05116	0.6915875	-0.029663	0.00165519	0.998345	0.00331038	1.99669	0.3338536
1015	1	23.79537	23.19483	0.6005392	0.146277	0.00473945	0.995261	0.0094789	1.99052	0.3656772
1016	0	29.02705	27.74412	1.282929	-0.0222943	0.00199964	0.998	0.00399927	1.996	0.1848161
1017	1	27.34727	26.07793	1.269345	-0.0616036	0.00379679	0.996203	0.00759358	1.99241	0.1873437
1018	0	28.74808	27.73452	1.013563	-0.258109	0.0021014	0.997899	0.00420279	1.9958	0.241949
1019	1	29.60714	28.68086	0.9262828	-0.201679	0.00138246	0.998618	0.00276492	1.99724	0.2640154
1020	0	27.04117	26.07675	0.9644211	0.420134	0.00247346	0.997527	0.00494692	1.99505	0.2541359
1021	1	29.64203	28.6904	0.9516261	-0.14433	0.00145755	0.998542	0.00291511	1.99708	0.2574084
1022	0	28.76004	28.11671	0.6433252	-0.141178	0.00153634	0.998464	0.00307268	1.99693	0.3503613
1023	1	27.30975	26.85723	0.4525208	0.038272	0.00174966	0.99825	0.00349933	1.9965	0.4240152
1024	0	28.31897	27.53913	0.7798342	0.246153	0.00059596	0.999404	0.00119192	1.99881	0.3056547
1025	1	29.57855	28.45034	1.128216	0.0399575	0.00121618	0.998784	0.00243235	1.99757	0.2157401
1026	0	28.57181	27.92866	0.6431507	0.3654	0.00108489	0.998915	0.00216978	1.99783	0.3504225
1027	1	29.25348	28.11723	1.136259	0.158424	0.001363	0.998637	0.00272601	1.99727	0.2140119
1028	0	29.59074	28.94759	0.6431507	0.0362019	0.00100561	0.998994	0.00201123	1.99799	0.3504225
1029	1	28.97343	28.04162	0.931803	-0.377842	0.00128473	0.998715	0.00256945	1.99743	0.262562
1030	0	27.80786	27.26323	0.5446291	0.305495	0.00047971	0.99952	0.000959419	1.99904	0.3867046
1031	1	29.07524	27.98739	1.087849	-0.284192	0.00109149	0.998909	0.00218298	1.99782	0.2246269
1032	0	29.73106	28.82939	0.9016661	-0.0602942	0.00136966	0.99863	0.00273933	1.99726	0.2705952
1033	1	29.87418	28.97286	0.9013208	-0.0142334	0.000929792	0.99907	0.00185958	1.99814	0.2706887
1034	0	29.60739	28.61602	0.9913704	-0.111649	0.000879333	0.999121	0.00175867	1.99824	0.2473786
1035	1	29.11836	28.61367	0.504692	0.0169128	0.00102736	0.998973	0.00205472	1.99795	0.402461
1036	0	28.0452	27.08929	0.9559142	0.401519	0.00127	0.99873	0.00254	1.99746	0.256307
1037	1	28.62412	27.42839	1.195731	-0.00343539	0.00253072	0.997469	0.00506144	1.99494	0.2016551
1038	0	28.6555	27.63404	1.021456	-0.0506753	0.0023808	0.997619	0.0047616	1.99524	0.240047
1039	1	29.03801	28.40228	0.6357341	-0.18126	0.00135419	0.998646	0.00270838	1.99729	0.3530311
1040	0	29.59535	28.95829	0.6370599	0.109391	0.000791264	0.999209	0.00158253	1.99842	0.3525633
1041	1	27.69866	26.85088	0.8477858	-0.268034	0.000522434	0.999478	0.00104487	1.99896	0.2855749
1042	0	28.28022	27.72775	0.5524686	0.401418	0.00103196	0.998968	0.00206393	1.99794	0.3836849
1043	1	27.5014	26.8576	0.6438062	-0.101355	0.00224055	0.997759	0.0044811	1.99552	0.3501928
1044	0	27.79297	26.87817	0.914798	0.434342	0.00147461	0.998525	0.00294922	1.99705	0.267065
1045	1	26.31853	24.70812	1.610406	0.168733	0.00333238	0.996668	0.00666477	1.99334	0.1332043
1046	0	28.67986	27.71568	0.964181	0.314471	0.00150189	0.998498	0.00300379	1.997	0.2541969
1047	1	28.8824	27.76674	1.11566	-0.293858	0.00107702	0.998923	0.00215405	1.99785	0.2184659
1048	0	29.54431	28.83282	0.7114874	-0.0863567	0.00121633	0.998784	0.00243265	1.99757	0.3272756
1049	1	24.83331	23.47832	1.354987	0.175008	0.00648876	0.993511	0.0129775	1.98702	0.1719671
1050	0	28.38766	28.1955	0.1921606	0.0367371	0.000683696	0.999316	0.00136739	1.99863	0.5501162
1051	1	27.51137	26.36571	1.145664	0.0245983	0.00351044	0.99649	0.00702087	1.99298	0.2120085
1052	0	25.05822	25.11734	-0.05911657	0.580314	0.00112029	0.99888	0.00224058	1.99776	0.7072659
1053	1	26.7847	25.4765	1.308201	0.179545	0.00400023	0.996	0.00800045	1.992	0.1802039
1054	0	27.88066	27.83788	0.04277988	-0.0348278	0.000584805	0.999415	0.00116961	1.99883	0.6387482
1055	1	29.5831	29.03072	0.552385	0.0170404	0.000709414	0.999291	0.00141883	1.99858	0.3837169
1056	0	27.19584	27.33234	-0.1364985	0.128266	0.000346978	0.999653	0.000693956	1.99931	0.7641688
1057	1	28.68157	27.73442	0.9471473	-0.106784	0.00223362	0.997766	0.00446724	1.99553	0.2585639
1058	0	25.66185	25.95832	-0.2964673	-0.598924	0.000525209	0.999475	0.00105042	1.99895	0.8967324
1059	1	26.65833	25.19745	1.460878	0.135582	0.00400304	0.995997	0.00800608	1.99199	0.1546883
1060	0	26.01579	26.0022	0.01358585	0.469388	0.00101148	0.998989	0.00202297	1.99798	0.6576707
1061	1	27.0586	26.43335	0.6252475	-0.517571	0.00202418	0.997976	0.00404836	1.99595	0.3567526
1062	0	26.92143	25.76152	1.159914	-0.322341	0.000736995	0.999263	0.00147399	1.99853	0.2090087
1063	1	27.51669	26.72973	0.7869612	-0.458421	0.0021879	0.997812	0.0043758	1.99562	0.303484
1064	0	29.66666	28.95659	0.7100694	-0.216606	0.000812957	0.999187	0.00162591	1.99837	0.32774
1065	1	27.77356	27.53323	0.240335	-0.276581	0.00104115	0.998959	0.00208229	1.99792	0.5242429
1066	0	28.27372	27.24275	1.03097	-0.254787	0.00251676	0.997483	0.00503352	1.99497	0.2377738
1067	1	28.72916	27.4107	1.318466	0.0521496	0.00120615	0.998794	0.0024123	1.99759	0.1783637
1068	0	29.50882	28.53109	0.9777288	-0.181848	0.000880893	0.999119	0.00176179	1.99824	0.2507763
1069	1	27.97744	27.49571	0.4817336	-0.427338	0.0013943	0.998606	0.00278859	1.99721	0.4118077
1070	0	29.09168	28.21349	0.8781901	-0.0877484	0.00182626	0.998174	0.00365252	1.99635	0.2770229
1071	1	29.37556	28.29263	1.082934	-0.246983	0.00140922	0.998591	0.00281844	1.99718	0.2257338
1072	0	27.21136	26.45288	0.758483	-0.0238428	0.00277846	0.997222	0.00555692	1.99444	0.312251
1073	1	29.26229	28.69574	0.5665496	-0.288945	0.000677466	0.999323	0.00135493	1.99865	0.3783201
1074	0	28.71501	27.57924	1.135773	-0.130621	0.00240909	0.997591	0.00481818	1.99518	0.2141158
1075	1	28.68452	27.69843	0.9860881	0.319817	0.00129098	0.998709	0.00258195	1.99742	0.2486887
1076	0	22.12012	21.2499	0.8702241	0.0162087	0.00901959	0.99098	0.0180392	1.98196	0.2792385
1077	1	26.83918	26.72585	0.1133355	0.203915	0.00103669	0.998963	0.00207338	1.99793	0.5952341
1078	0	27.9782	26.67297	1.30523	-0.0417183	0.0031323	0.996868	0.00626461	1.99374	0.18074
1079	1	28.46807	28.24842	0.2196516	-0.302465	0.000664112	0.999336	0.00132822	1.99867	0.535199
1080	0	22.11879	21.71246	0.4063296	0.0570198	0.00503655	0.994963	0.0100731	1.98993	0.4440604
1081	1	28.28786	28.06821	0.2196516	0.265091	0.000587108	0.999413	0.00117422	1.99883	0.535199
1082	0	26.37639	25.36513	1.011259	-0.163137	0.00427586	0.995724	0.00855171	1.99145	0.2425071
1083	1	27.38903	27.41237	-0.02334015	-0.378084	0.00059776	0.999402	0.00119552	1.9988	0.6824098
1084	0	25.5521	24.74531	0.8067953	0.273663	0.00401674	0.995983	0.00803348	1.99197	0.297524
1085	1	29.11345	28.58415	0.5292953	-0.186827	0.00108411	0.998916	0.00216821	1.99783	0.3926799
1086	0	26.95659	25.86206	1.094534	0.236956	0.00355422	0.996446	0.00710844	1.99289	0.2231304
1087	1	28.26927	28.14874	0.1205248	0.100932	0.000521351	0.999479	0.0010427	1.99896	0.5909701
1088	0	28.97716	27.97882	0.9983437	-0.0327	0.00209635	0.997904	0.0041927	1.99581	0.2456595
1089	1	28.14813	27.62738	0.5207473	-0.0473253	0.00155164	0.998448	0.00310327	1.9969	0.396051
1090	0	28.62587	28.15682	0.4690492	-0.110978	0.00120944	0.998791	0.00241888	1.99758	0.4170645
1091	1	28.47313	28.13863	0.3345049	0.0826701	0.00040609	0.999594	0.00081218	1.99919	0.4771282
1092	0	28.496	27.81973	0.6762683	0.0614584	0.00172822	0.998272	0.00345645	1.99654	0.3390074
1093	1	29.23895	28.80057	0.4383867	-0.00199822	0.000544949	0.999455	0.0010899	1.99891	0.4300509
1094	0	29.7583	28.96803	0.7902713	-0.161906	0.00112967	0.99887	0.00225935	1.99774	0.3024811
1095	1	27.68654	27.24045	0.4460923	0.475608	0.00092354	0.999076	0.00184708	1.99815	0.4267498
1096	0	25.07092	24.84855	0.2223727	0.183232	0.00203733	0.997963	0.00407466	1.99593	0.5337446
1097	1	24.21957	23.12084	1.098735	-0.501225	0.000696537	0.999303	0.00139307	1.99861	0.222195
1098	0	27.03549	25.54815	1.487338	0.0292504	0.0037506	0.996249	0.0075012	1.9925	0.1506489
1099	1	27.17914	26.84803	0.3311068	-0.190431	0.00149881	0.998501	0.00299762	1.997	0.4787523
1100	0	29.87156	28.9929	0.878655	0.0167169	0.00112615	0.998874	0.0022523	1.99775	0.2768941
1101	1	29.2762	28.27801	0.9981937	0.155273	0.00161471	0.998385	0.00322942	1.99677	0.2456964
1102	0	28.27693	27.52765	0.7492819	-0.148133	0.00206417	0.997936	0.00412834	1.99587	0.3151373
1103	1	28.57839	27.76576	0.8126265	-0.113688	0.00203167	0.997968	0.00406333	1.99594	0.2957941
1104	0	22.58171	21.68754	0.8941724	-0.437544	0.00773337	0.992267	0.0154667	1.98453	0.2726306
1105	1	27.69696	26.70937	0.9875835	-0.500238	0.00143179	0.998568	0.00286357	1.99714	0.2483171
1106	0	29.27063	28.35556	0.9150725	0.125237	0.000765445	0.999235	0.00153089	1.99847	0.2669917
1107	1	29.35228	28.51314	0.8391481	0.224435	0.00114603	0.998854	0.00229207	1.99771	0.2880523
1108	0	29.898	29.09484	0.8031613	-0.102404	0.00100674	0.998993	0.00201347	1.99799	0.2986072
1109	1	29.33013	28.69476	0.635375	-0.287366	0.00105438	0.998946	0.00210875	1.99789	0.3531579
1110	0	28.32926	27.18049	1.148767	-0.0620889	0.00279564	0.997204	0.00559128	1.99441	0.2113516
1111	1	28.73881	27.82272	0.9160881	0.0457285	0.00210487	0.997895	0.00420974	1.99579	0.2667207
1112	0	24.85615	23.73192	1.124237	0.261442	0.0058544	0.994146	0.0117088	1.98829	0.2166002
1113	1	27.33522	26.06552	1.269702	0.24097	0.00314911	0.996851	0.00629823	1.9937	0.1872768
1114	0	29.06012	27.92409	1.136023	0.142259	0.00185676	0.998143	0.00371353	1.99629	0.2140622
1115	1	29.65204	28.63599	1.016044	-0.0394243	0.00153357	0.998466	0.00306714	1.99693	0.2413494
1116	0	26.53202	25.87418	0.6578463	-0.429726	0.00269864	0.997301	0.00539728	1.9946	0.3453104
1117	1	28.94498	28.00549	0.9394868	-0.250587	0.00188674	0.998113	0.00377349	1.99623	0.2605522
1118	0	23.72904	23.21945	0.5095848	0.22078	0.0042273	0.995773	0.0084546	1.99155	0.4004967
1119	1	27.44664	26.0932	1.353438	-0.219232	0.000975597	0.999024	0.00195119	1.99805	0.1722337
1120	0	28.02558	26.78848	1.237097	-0.279568	0.00266756	0.997332	0.00533513	1.99466	0.1934837
1121	1	27.60286	27.50574	0.09712106	-0.467324	0.00051382	0.999486	0.00102764	1.99897	0.6049641
1122	0	27.64748	26.17534	1.472135	0.150201	0.00253711	0.997463	0.00507423	1.99493	0.1529567
1123	1	27.85799	27.78805	0.06994349	-0.324021	0.000623224	0.999377	0.00124645	1.99875	0.621631
1124	0	25.98464	25.01184	0.9728015	-0.365756	0.00415705	0.995843	0.00831409	1.99169	0.252015
1125	1	26.45025	25.49198	0.9582731	0.524824	0.00147846	0.998522	0.00295691	1.99704	0.2557031
1126	0	25.12124	24.38098	0.7402639	-0.239618	0.00433695	0.995663	0.00867389	1.99133	0.317992
1127	1	27.20605	27.11055	0.09550247	0.00587001	0.000908475	0.999092	0.00181695	1.99818	0.6059441
1128	0	29.69829	28.93069	0.7675985	-0.0364764	0.00119898	0.998801	0.00239795	1.9976	0.3094176
1129	1	28.73276	28.2652	0.4675614	-0.372563	0.000607356	0.999393	0.00121471	1.99879	0.4176855
1130	0	29.75465	28.95516	0.7994859	0.0664739	0.00110855	0.998891	0.0022171	1.99778	0.2997067
1131	1	29.55153	29.00822	0.5433124	-0.163702	0.000725504	0.999274	0.00145101	1.99855	0.3872141
1132	0	28.4124	27.96197	0.4504329	-0.19865	0.00125835	0.998742	0.0025167	1.99748	0.4249015
1133	1	27.268	26.58971	0.678295	0.508179	0.000980873	0.999019	0.00196175	1.99804	0.338321
1134	0	29.88188	28.95301	0.9288766	-0.0745884	0.000969457	0.999031	0.00193891	1.99806	0.2633315
1135	1	26.25885	25.9618	0.2970447	-0.239825	0.00180384	0.998196	0.00360767	1.99639	0.4953405
1136	0	29.80783	28.83735	0.9704807	-0.155049	0.00110936	0.998891	0.00221873	1.99778	0.2526006
1137	1	26.53948	25.48637	1.053112	0.466244	0.00245386	0.997546	0.00490772	1.99509	0.2325669
1138	0	29.63048	28.59092	1.039556	-0.136683	0.00150218	0.998498	0.00300437	1.997	0.2357412
1139	1	27.97281	26.75037	1.222446	-0.22583	0.00292964	0.99707	0.00585928	1.99414	0.1963392
1140	0	27.27804	26.65604	0.6219985	-0.193134	0.00229852	0.997701	0.00459705	1.9954	0.3579136
1141	1	28.68677	27.78477	0.9020011	-0.351375	0.00179918	0.998201	0.00359837	1.9964	0.2705046
1142	0	29.31745	28.29928	1.018172	0.0465783	0.00179319	0.998207	0.00358638	1.99641	0.2408364
1143	1	26.35523	26.27217	0.0830617	-0.598057	0.00107006	0.99893	0.00214013	1.99786	0.6135296
1144	0	29.04325	28.09925	0.9440023	0.0199339	0.00194739	0.998053	0.00389478	1.99611	0.2593784
1145	1	23.32114	23.64949	-0.3283481	-0.458315	0.00118693	0.998813	0.00237385	1.99763	0.9257815
1146	0	26.13844	24.4415	1.696941	-0.108328	0.00348709	0.996513	0.00697418	1.99303	0.1221622
1147	1	26.37006	25.97171	0.3983419	0.544613	0.00154191	0.998458	0.00308383	1.99692	0.4476216
1148	0	27.15379	26.01068	1.143117	0.409338	0.00218062	0.997819	0.00436125	1.99564	0.2125491
1149	1	29.53162	28.70338	0.8282461	-0.0706331	0.00143355	0.998566	0.0028671	1.99713	0.2912098
1150	0	28.37826	27.38482	0.9934423	-0.11264	0.00254026	0.99746	0.00508052	1.99492	0.2468665
1151	1	28.66609	27.89646	0.769626	-0.379135	0.000727984	0.999272	0.00145597	1.99854	0.3087908
1152	0	26.84891	26.17949	0.669424	-0.309481	0.00266718	0.997333	0.00533437	1.99467	0.3413356
1153	1	29.08193	28.17101	0.9109186	-0.124695	0.00187715	0.998123	0.00375429	1.99625	0.2681031
1154	0	28.90029	28.47645	0.4238363	-0.0179253	0.000971836	0.999028	0.00194367	1.99806	0.436354
1155	1	27.38635	27.03865	0.3477026	-0.565861	0.00110198	0.998898	0.00220396	1.9978	0.4708726
1156	0	28.20132	27.78022	0.4210995	0.259888	0.00115436	0.998846	0.00230871	1.99769	0.4375499
1157	1	28.78199	27.65315	1.128848	-0.251363	0.000947419	0.999053	0.00189484	1.99811	0.2156038
1158	0	28.22798	27.4654	0.7625779	-0.438094	0.000746788	0.999253	0.00149358	1.99851	0.3109749
1159	1	29.47535	28.92304	0.5523099	0.0350354	0.000891935	0.999108	0.00178387	1.99822	0.3837458
1160	0	29.10977	28.38266	0.7271165	0.117594	0.00143778	0.998562	0.00287556	1.99712	0.3222004
1161	1	29.75808	28.76025	0.9978295	-0.0753437	0.000960555	0.999039	0.00192111	1.99808	0.2457859
1162	0	28.535	27.42699	1.108004	-0.302412	0.00217354	0.997826	0.00434707	1.99565	0.220145
1163	1	29.22771	28.37984	0.8478773	-0.273243	0.00150914	0.998491	0.00301829	1.99698	0.2855488
1164	0	29.36798	28.14166	1.226317	0.0187154	0.0013779	0.998622	0.0027558	1.99724	0.1955808
1165	1	27.52277	26.95348	0.569293	-0.562863	0.000852235	0.999148	0.00170447	1.9983	0.3772836
1166	0	28.84071	28.44353	0.3971867	0.217059	0.000773969	0.999226	0.00154794	1.99845	0.448139
1167	1	27.9758	27.69015	0.2856456	0.0433892	0.00104756	0.998952	0.00209512	1.9979	0.5010193
1168	0	27.94622	27.59717	0.3490497	-0.00846082	0.000341916	0.999658	0.000683833	1.99932	0.4702387
1169	1	24.14396	24.31706	-0.173098	-0.63244	0.00137514	0.998625	0.00275027	1.99725	0.7926551
1170	0	28.44428	27.62914	0.8151386	-0.150957	0.000526196	0.999474	0.00105239	1.99895	0.295052
1171	1	29.33506	28.9087	0.426359	-0.115064	0.000645201	0.999355	0.0012904	1.99871	0.4352546
1172	0	28.54199	27.33408	1.207904	-0.174684	0.00091066	0.999089	0.00182132	1.99818	0.1992152
1173	1	28.35732	27.97712	0.3802076	0.229958	0.00101423	0.998986	0.00202846	1.99797	0.455813
1174	0	27.19567	26.94903	0.2466472	-0.426795	0.00124722	0.998753	0.00249445	1.99751	0.5209442
1175	1	29.53745	28.98275	0.5546968	-0.111957	0.000879545	0.99912	0.00175909	1.99824	0.3828309
1176	0	28.64109	27.63271	1.008378	0.254152	0.000890022	0.99911	0.00178004	1.99822	0.2432068
1177	1	26.51666	25.83735	0.6793043	-0.505768	0.00255545	0.997445	0.0051109	1.99489	0.3379797
1178	0	26.73786	26.72393	0.01393131	0.298	0.00083739	0.999163	0.00167478	1.99833	0.6574435
1179	1	27.08856	25.83506	1.253497	0.0296915	0.00321041	0.99679	0.00642081	1.99358	0.1903364
1180	0	29.08485	28.6906	0.3942464	0.103225	0.000567167	0.999433	0.00113433	1.99887	0.4494586
1181	1	25.44701	24.51265	0.9343651	-0.428512	0.00435684	0.995643	0.00871369	1.99129	0.2618901
1182	0	29.86138	29.11525	0.7461225	-0.120434	0.000902186	0.999098	0.00180437	1.9982	0.3161345
1183	1	29.70452	28.81023	0.8942902	-0.218191	0.000990636	0.999009	0.00198127	1.99802	0.2725985
1184	0	29.06042	28.35271	0.7077076	0.140385	0.00140806	0.998592	0.00281611	1.99718	0.328515
1185	1	27.26043	26.31024	0.9501873	-0.0206217	0.00333291	0.996667	0.00666582	1.99333	0.2577791
1186	0	27.84806	26.72677	1.121291	0.0803432	0.00311011	0.99689	0.00622023	1.99378	0.2172392
1187	1	24.16151	22.49462	1.66689	-0.219213	0.00622573	0.993774	0.0124515	1.98755	0.125889
1188	0	28.61597	27.19904	1.416929	-0.0544052	0.00191689	0.998083	0.00383378	1.99617	0.1616384
1189	1	22.47412	20.78028	1.693843	0.252031	0.00796049	0.99204	0.015921	1.98408	0.1225411
1190	0	28.63553	27.90041	0.7351144	0.273722	0.00152669	0.998473	0.00305337	1.99695	0.3196337
1191	1	23.87364	22.89258	0.9810611	-0.0294567	0.00713517	0.992865	0.0142703	1.98573	0.249942
1192	0	27.07856	26.14944	0.9291161	-0.303044	0.00323076	0.996769	0.00646151	1.99354	0.2632684
1193	1	28.09923	27.87535	0.2238867	-0.3394	0.000852013	0.999148	0.00170403	1.9983	0.5329371
1194	0	27.61793	26.27818	1.339748	-0.255331	0.00302103	0.996979	0.00604207	1.99396	0.1746077
1195	1	28.84544	28.31747	0.5279698	-0.370552	0.000649028	0.999351	0.00129806	1.9987	0.3932008
1196	0	25.23465	24.68087	0.5537815	-0.148956	0.00336564	0.996634	0.00673128	1.99327	0.3831815
1197	1	29.45253	28.73314	0.7193933	-0.120785	0.00128793	0.998712	0.00257586	1.99742	0.3246984
1198	0	27.71257	27.47569	0.2368751	0.0328168	0.000316067	0.999684	0.000632134	1.99937	0.5260599
1199	1	29.90283	28.99473	0.9080999	-0.0625022	0.00115529	0.998845	0.00231057	1.99769	0.2688599
1200	0	27.45259	27.56379	-0.1111998	-0.0946222	0.00039661	0.999603	0.00079322	1.99921	0.7450788
1201	1	28.43372	27.71216	0.7215601	-0.149365	0.00190193	0.998098	0.00380386	1.9962	0.3239956
1202	0	26.5757	26.359	0.2167014	0.568906	0.000823769	0.999176	0.00164754	1.99835	0.5367802
1203	1	28.12426	27.89648	0.2277802	0.322266	0.000586672	0.999413	0.00117334	1.99883	0.5308662
1204	0	28.95669	28.65842	0.2982698	-0.077721	0.000640586	0.999359	0.00128117	1.99872	0.494734
1205	1	27.91727	27.07081	0.8464581	0.227774	0.000569051	0.999431	0.0011381	1.99886	0.2859543
1206	0	28.93323	28.64929	0.2839408	-0.0779764	0.000529768	0.99947	0.00105954	1.99894	0.5018741
1207	1	28.38502	28.07393	0.3110864	0.1797	0.0004319	0.999568	0.0008638	1.99914	0.4884337
1208	0	29.62404	28.59461	1.029431	-0.0535431	0.000922863	0.999077	0.00184573	1.99815	0.23814
1209	1	29.79474	29.13056	0.6641841	-0.0329559	0.000841986	0.999158	0.00168397	1.99832	0.3431289
1210	0	29.20301	28.78096	0.4220485	0.0499282	0.00076159	0.999238	0.00152318	1.99848	0.4371348
1211	1	28.73668	28.25472	0.4819589	-0.300566	0.0011236	0.998876	0.00224719	1.99775	0.411715
1212	0	29.34337	28.75381	0.5895632	-0.13808	0.00109243	0.998908	0.00218485	1.99782	0.369713
1213	1	29.61661	29.01829	0.598326	0.0286229	0.000690595	0.999309	0.00138119	1.99862	0.3664874
1214	0	28.05995	27.70132	0.3586311	0.190388	0.00112901	0.998871	0.00225802	1.99774	0.4657547
1215	1	28.35063	28.03417	0.3164626	0.314968	0.000735424	0.999265	0.00147085	1.99853	0.4858148
1216	0	29.25597	28.51716	0.7388155	0.0857045	0.00139445	0.998606	0.0027889	1.99721	0.3184529
1217	1	27.94161	27.20172	0.7398921	0.0452489	0.00222461	0.997775	0.00444923	1.99555	0.3181103
1218	0	28.9428	27.77014	1.172666	0.0660359	0.00215002	0.99785	0.00430004	1.9957	0.2063603
1219	1	27.20546	25.90806	1.2974	0.346581	0.00224654	0.997753	0.00449308	1.99551	0.1821609
1220	0	27.59051	26.72349	0.8670165	0.251443	0.00256665	0.997433	0.0051333	1.99487	0.2801356
1221	1	28.84614	27.74712	1.099017	-0.0254171	0.0023064	0.997694	0.0046128	1.99539	0.2221324
1222	0	27.27334	26.33997	0.9333703	-0.0332846	0.00327745	0.996723	0.0065549	1.99345	0.2621508
1223	1	29.14611	28.0731	1.073018	-0.242992	0.00178794	0.998212	0.00357588	1.99642	0.2279832
1224	0	28.63777	27.405	1.232765	-0.0253802	0.00251589	0.997484	0.00503178	1.99497	0.1943237
1225	1	28.11662	27.4032	0.7134204	-0.230438	0.00203986	0.99796	0.00407972	1.99592	0.3266436
1226	0	28.014	27.49802	0.5159804	0.419705	0.00070776	0.999292	0.00141552	1.99858	0.3979434
1227	1	26.08113	25.85923	0.2219022	0.193231	0.0015929	0.998407	0.0031858	1.99681	0.5339958
1228	0	26.64221	26.68398	-0.04177118	-0.562735	0.000479625	0.99952	0.000959251	1.99904	0.6951039
1229	1	26.89617	26.52599	0.3701781	-0.215577	0.00030218	0.999698	0.00060436	1.9994	0.4604075
1230	0	27.63847	27.43755	0.2009248	-0.143435	0.00100611	0.998994	0.00201221	1.99799	0.545316
1231	1	25.90458	26.14011	-0.2355286	-0.161793	0.000644428	0.999356	0.00128886	1.99871	0.8437184
1232	0	29.77053	29.02624	0.7442887	0.0577826	0.00099711	0.999003	0.00199422	1.99801	0.3167147
1233	1	28.75327	28.42118	0.3320936	0.121181	0.000477312	0.999523	0.000954625	1.99905	0.4782801
1234	0	28.65436	27.9861	0.6682554	-0.0923816	0.000475727	0.999524	0.000951453	1.99905	0.3417347
1235	1	28.83279	28.42134	0.4114542	0.171585	0.00051702	0.999483	0.00103404	1.99897	0.4417906
1236	0	29.51621	28.43984	1.076372	0.0672095	0.00156583	0.998434	0.00313166	1.99687	0.2272199
1237	1	29.28517	28.55254	0.7326243	-0.321947	0.00117401	0.998826	0.00234801	1.99765	0.3204307
1238	0	26.52677	26.25453	0.2722303	0.339811	0.00150331	0.998497	0.00300663	1.99699	0.5077859
1239	1	29.89535	29.11484	0.7805095	-0.0757379	0.000989757	0.99901	0.00197951	1.99802	0.3054483
1240	0	28.85252	27.6125	1.240022	-0.162552	0.00216959	0.99783	0.00433918	1.99566	0.1929186
1241	1	28.78086	27.79498	0.9858786	0.252515	0.00176076	0.998239	0.00352152	1.99648	0.2487409
1242	0	29.08582	28.70501	0.3808085	-0.133476	0.00077696	0.999223	0.00155392	1.99845	0.4555391
1243	1	28.67106	27.52951	1.141552	-0.348494	0.0015391	0.998461	0.0030782	1.99692	0.2128821
1244	0	25.3452	25.45932	-0.1141249	0.487789	0.000966125	0.999034	0.00193225	1.99807	0.7472614
1245	1	28.31711	28.08401	0.2331063	-0.139333	0.000823714	0.999176	0.00164743	1.99835	0.5280463
1246	0	27.9142	27.53262	0.3815761	0.208442	0.00123589	0.998764	0.00247178	1.99753	0.4551896
1247	1	29.68342	28.86866	0.8147602	0.0367583	0.00124808	0.998752	0.00249616	1.9975	0.2951637
1248	0	28.19785	28.07278	0.1250762	-0.116719	0.00063959	0.99936	0.00127918	1.99872	0.5882865
1249	1	29.39473	28.61338	0.7813476	-0.300661	0.00119517	0.998805	0.00239033	1.99761	0.3051925
1250	0	28.90072	28.55297	0.34775	-0.19576	0.00049434	0.999506	0.000988681	1.99901	0.4708503
1251	1	29.81137	28.78813	1.023241	-0.0471666	0.00131049	0.99869	0.00262097	1.99738	0.2396187
1252	0	29.654	28.9606	0.6934008	-0.0940288	0.000677307	0.999323	0.00135461	1.99865	0.3332488
1253	1	27.3915	27.25363	0.1378697	-0.143968	0.00095397	0.999046	0.00190794	1.99809	0.5808081
1254	0	28.30505	26.99032	1.314729	-0.18413	0.0010731	0.998927	0.0021462	1.99785	0.1790314
1255	1	28.73802	28.15626	0.5817545	-0.379734	0.0006429	0.999357	0.0012858	1.99871	0.3726113
1256	0	27.16223	26.07301	1.089222	0.410276	0.0023232	0.997677	0.0046464	1.99535	0.2243188
1257	1	28.14364	26.79301	1.350634	-0.188654	0.00266234	0.997338	0.00532467	1.99468	0.1727173
1258	0	26.25296	25.63898	0.6139795	-0.559977	0.00238747	0.997613	0.00477494	1.99523	0.3607953
1259	1	28.33829	27.08387	1.254421	-0.32222	0.0013644	0.998636	0.00272879	1.99727	0.1901607
1260	0	28.9067	27.80273	1.103973	0.200012	0.00182885	0.998171	0.00365769	1.99634	0.2210341
1261	1	26.2326	25.9116	0.3209915	-0.502087	0.00183301	0.998167	0.00366602	1.99633	0.4836196
1262	0	29.49168	28.88721	0.6044648	0.137107	0.000771519	0.999228	0.00154304	1.99846	0.3642445
1263	1	29.16545	28.30193	0.8635169	0.229176	0.00139523	0.998605	0.00279045	1.99721	0.2811177
1264	0	27.49104	26.88657	0.6044648	-0.0782652	0.00212607	0.997874	0.00425214	1.99575	0.3642445
1265	1	29.13657	28.66313	0.4734434	0.183771	0.000663241	0.999337	0.00132648	1.99867	0.4152359
1266	0	28.47021	27.32987	1.140342	-0.21418	0.00250117	0.997499	0.00500234	1.995	0.2131398
1267	1	29.50248	28.44057	1.061911	-0.218015	0.00141166	0.998588	0.00282332	1.99718	0.2305295
1268	0	29.44273	28.63085	0.8118815	0.19959	0.00112263	0.998877	0.00224525	1.99775	0.2960146
1269	1	28.68674	28.05949	0.6272468	-0.411253	0.00124698	0.998753	0.00249396	1.99751	0.3560401
1270	0	29.73411	29.07958	0.6545292	0.0350483	0.000806937	0.999193	0.00161387	1.99839	0.3464578
1271	1	29.32461	28.82415	0.5004638	-0.121707	0.000911805	0.999088	0.00182361	1.99818	0.4041663
1272	0	28.83745	27.99357	0.8438785	-0.285112	0.00177853	0.998221	0.00355707	1.99644	0.2866929
1273	1	28.52683	28.04498	0.4818531	-0.370609	0.00116619	0.998834	0.00233238	1.99767	0.4117585
1274	0	29.16871	28.04421	1.124509	0.179322	0.00150809	0.998492	0.00301618	1.99698	0.2165413
1275	1	29.39066	28.67808	0.712582	-0.0194532	0.00131451	0.998685	0.00262901	1.99737	0.3269176
1276	0	28.61187	28.12324	0.4886314	0.308492	0.00098278	0.999017	0.00196556	1.99803	0.408977
1277	1	23.95681	24.19392	-0.2371105	-0.769677	0.000927426	0.999073	0.00185485	1.99815	0.8450541
1278	0	27.6564	27.65018	0.006220386	-0.166646	0.000600548	0.999399	0.0012011	1.9988	0.6625326
1279	1	27.75811	27.72164	0.03647157	-0.183725	0.000625116	0.999375	0.00125023	1.99875	0.6427903
1280	0	29.19511	28.77852	0.4165899	-0.221502	0.000625321	0.999375	0.00125064	1.99875	0.4395275
1281	1	29.19759	28.74669	0.4508995	-0.0851279	0.000520919	0.999479	0.00104184	1.99896	0.4247032
1282	0	28.39703	27.80668	0.5903497	-0.482008	0.00108613	0.998914	0.00217227	1.99783	0.3694223
1283	1	28.71412	28.03647	0.6776517	0.224096	0.000586123	0.999414	0.00117225	1.99883	0.3385387
1284	0	28.66683	28.28311	0.3837157	-0.101784	0.00100129	0.998999	0.00200258	1.998	0.4542167
1285	1	27.12998	25.63193	1.498048	0.16921	0.00301736	0.996983	0.00603472	1.99397	0.1490441
1286	0	27.12076	26.89774	0.2230191	-0.556084	0.00106352	0.998936	0.00212704	1.99787	0.5333997
1287	1	29.57362	28.50635	1.067277	-0.0137284	0.00161388	0.998386	0.00322775	1.99677	0.2292958
1288	0	28.27609	28.02038	0.2557104	0.238174	0.000768609	0.999231	0.00153722	1.99846	0.5162441
1289	1	27.14809	26.86682	0.2812701	0.306375	0.00127624	0.998724	0.00255248	1.99745	0.5032163
1290	0	28.62608	28.11121	0.5148692	-0.313528	0.00124328	0.998757	0.00248655	1.99751	0.3983858
1291	1	24.49432	24.56641	-0.07209282	-0.741817	0.00117138	0.998829	0.00234276	1.99766	0.7165034
1292	0	25.03327	24.08657	0.9466943	-0.308389	0.00524021	0.99476	0.0104804	1.98952	0.2586811
1293	1	27.59876	27.4444	0.1543641	-0.0518172	0.000911754	0.999088	0.00182351	1.99818	0.5713066
1294	0	27.2509	25.85153	1.399375	-0.104039	0.00375235	0.996248	0.0075047	1.9925	0.1645007
1295	1	29.07211	28.06808	1.004027	-0.343328	0.00130735	0.998693	0.0026147	1.99739	0.2442673
1296	0	29.2185	28.75774	0.4607668	0.125711	0.000769324	0.999231	0.00153865	1.99846	0.4205332
1297	1	28.64322	27.70976	0.9334639	0.330538	0.00108671	0.998913	0.00217341	1.99783	0.2621263
1298	0	29.69317	28.91474	0.7784351	0.0112257	0.000730791	0.999269	0.00146158	1.99854	0.3060826
1299	1	29.15133	28.54733	0.6039973	0.231481	0.000980613	0.999019	0.00196123	1.99804	0.3644148
1300	0	29.45084	28.7079	0.7429392	0.193271	0.00103712	0.998963	0.00207424	1.99793	0.3171424
1301	1	28.57781	27.97475	0.6030514	-0.403587	0.00130984	0.99869	0.00261968	1.99738	0.3647597
1302	0	27.29939	26.48047	0.8189154	0.26293	0.00264974	0.99735	0.00529947	1.9947	0.2939397
1303	1	29.35985	28.27031	1.089532	0.157307	0.0013603	0.99864	0.0027206	1.99728	0.2242491
1304	0	28.79679	27.80168	0.9951176	-0.0545163	0.00223306	0.997767	0.00446612	1.99553	0.2464533
1305	1	27.81042	27.17832	0.6320962	0.171387	0.00193752	0.998062	0.00387504	1.99612	0.3543177
1306	0	27.98697	26.92443	1.062539	0.30256	0.00230106	0.997699	0.00460212	1.9954	0.2303848
1307	1	25.5468	25.01227	0.5345259	-0.202458	0.00306626	0.996934	0.00613251	1.99387	0.3906314
1308	0	29.19	27.97814	1.211861	0.0972676	0.00169038	0.99831	0.00338077	1.99662	0.1984286
1309	1	27.15111	26.74574	0.4053762	-0.250158	0.00171523	0.998285	0.00343046	1.99657	0.444484
1310	0	27.77653	26.93689	0.8396426	0.00823018	0.00262195	0.997378	0.0052439	1.99476	0.2879099
1311	1	29.29356	28.69394	0.5996124	0.0526716	0.000566332	0.999434	0.00113266	1.99887	0.3660163
1312	0	27.15997	25.59914	1.560831	-0.239794	0.0021271	0.997873	0.0042542	1.99575	0.1399743
1313	1	26.87177	26.87061	0.001158313	-0.0769897	0.00082526	0.999175	0.00165052	1.99835	0.6658949
1314	0	26.59104	25.08947	1.501566	-0.292624	0.00331993	0.99668	0.00663985	1.99336	0.1485206
1315	1	26.99727	26.94906	0.04820927	-0.123499	0.000259452	0.999741	0.000518903	1.99948	0.6352896
1316	0	25.88316	24.47447	1.40869	0.342911	0.00358264	0.996417	0.00716527	1.99283	0.1629756
1317	1	26.69921	26.87083	-0.1716198	0.292967	0.000333797	0.999666	0.000667594	1.99933	0.7914842
1318	0	28.57732	27.94904	0.628271	-0.40765	0.00134356	0.998656	0.00268712	1.99731	0.3556756
1319	1	29.47371	28.66251	0.8112067	-0.264907	0.000824508	0.999175	0.00164902	1.99835	0.2962144
1320	0	26.66441	25.74297	0.9214386	-0.554834	0.00225473	0.997745	0.00450946	1.99549	0.2652974
1321	1	29.73628	28.9992	0.7370876	-0.0962785	0.0011094	0.998891	0.0022188	1.99778	0.3190037
1322	0	29.19061	28.0917	1.098906	-0.0392334	0.00200671	0.997993	0.00401343	1.99599	0.2221569
1323	1	28.93463	28.4013	0.5333295	-0.318243	0.00109488	0.998905	0.00218975	1.99781	0.391099
1324	0	29.60109	28.63876	0.9623334	-0.0426327	0.0015508	0.998449	0.00310161	1.9969	0.254667
1325	1	27.8386	27.73945	0.099155	-0.40041	0.000637036	0.999363	0.00127407	1.99873	0.6037349
1326	0	28.68758	27.71693	0.9706536	0.286926	0.000948945	0.999051	0.00189789	1.9981	0.2525569
1327	1	28.8489	28.35518	0.4937222	-0.351372	0.00101649	0.998984	0.00203298	1.99797	0.4069002
1328	0	29.31574	28.46236	0.8533749	0.0105101	0.00161116	0.998389	0.00322232	1.99678	0.2839833
1329	1	27.74724	27.62697	0.1202728	-0.45482	0.000655329	0.999345	0.00131066	1.99869	0.591119
1330	0	26.22572	25.23789	0.9878365	-0.565636	0.00110504	0.998895	0.00221009	1.99779	0.2482543
1331	1	29.60377	28.70037	0.9034011	0.0421706	0.000797191	0.999203	0.00159438	1.99841	0.2701261
1332	0	29.61038	28.85321	0.7571691	-0.029687	0.00124883	0.998751	0.00249766	1.9975	0.3126615
1333	1	27.872	27.34373	0.5282641	0.300561	0.00152243	0.998478	0.00304485	1.99696	0.3930851
1334	0	27.79316	27.53047	0.2626947	0.399809	0.000804351	0.999196	0.0016087	1.99839	0.5126511
1335	1	28.96584	28.28999	0.6758564	0.114602	0.00142586	0.998574	0.00285173	1.99715	0.339147
1336	0	26.38569	26.5594	-0.1737124	0.141683	0.000609529	0.99939	0.00121906	1.99878	0.7931422
1337	1	29.22211	28.00693	1.215176	0.0518244	0.00179482	0.998205	0.00358964	1.99641	0.1977719
1338	0	26.09232	26.38907	-0.2967538	-0.203362	0.000503433	0.999497	0.00100687	1.99899	0.8969894
1339	1	28.03701	27.30124	0.7357709	0.202375	0.00203459	0.997965	0.00406919	1.99593	0.319424
1340	0	27.62378	27.64768	-0.02389373	0.0485415	0.000527053	0.999473	0.00105411	1.99895	0.6827877
1341	1	27.55219	26.21291	1.339279	0.298212	0.00164957	0.99835	0.00329915	1.9967	0.1746897
1342	0	26.38571	26.22223	0.1634756	0.462687	0.00120321	0.998797	0.00240641	1.99759	0.5661248
1343	1	25.90027	24.71524	1.185023	0.47729	0.0025931	0.997407	0.00518619	1.99481	0.2038261
1344	0	27.14801	26.04879	1.099213	0.42531	0.00125564	0.998744	0.00251128	1.99749	0.2220888
1345	1	29.07952	27.92504	1.154487	-0.162407	0.00202035	0.99798	0.00404071	1.99596	0.2101461
1346	0	28.25215	27.98045	0.2716952	0.307238	0.000552622	0.999447	0.00110524	1.99889	0.5080576
1347	1	24.65545	23.27366	1.381789	0.44291	0.00136191	0.998638	0.00272383	1.99728	0.1674192
1348	0	29.42859	28.67805	0.7505399	-0.295271	0.00113223	0.998868	0.00226445	1.99774	0.3147411
1349	1	28.1985	27.4778	0.720698	-0.34549	0.00189038	0.99811	0.00378076	1.99622	0.3242751
1350	0	25.74882	25.64123	0.1075866	0.598097	0.00110297	0.998897	0.00220594	1.99779	0.5986658
1351	1	27.92319	26.65885	1.264342	0.0242156	0.00317745	0.996823	0.0063549	1.99365	0.1882834
1352	0	27.66555	27.15798	0.5075683	0.469963	0.000768985	0.999231	0.00153797	1.99846	0.401305
1353	1	29.35124	28.22421	1.127037	0.0196666	0.00181248	0.998188	0.00362496	1.99638	0.2159946
1354	0	29.4371	28.76422	0.6728848	0.0373819	0.00118113	0.998819	0.00236227	1.99764	0.3401563
1355	1	29.37826	28.22929	1.14897	-0.184279	0.00118536	0.998815	0.00237072	1.99763	0.2113087
1356	0	29.50561	29.00618	0.4994312	-0.0543724	0.000741736	0.999258	0.00148347	1.99852	0.4045838
1357	1	29.35875	28.33261	1.026141	0.0349983	0.0017743	0.998226	0.00354859	1.99645	0.2389249
1358	0	28.70175	27.8808	0.8209554	-0.412389	0.000897478	0.999103	0.00179496	1.99821	0.2933407
1359	1	29.40043	28.86576	0.5346709	0.1221	0.000700477	0.9993	0.00140095	1.9986	0.3905747
1360	0	28.72824	27.88847	0.8397724	0.122184	0.00190052	0.998099	0.00380104	1.9962	0.2878725
1361	1	25.89357	25.84595	0.04762537	-0.618101	0.00117535	0.998825	0.00235069	1.99765	0.6356606
1362	0	29.00436	28.06593	0.9384236	-0.312543	0.000858301	0.999142	0.0017166	1.99828	0.2608294
1363	1	28.81518	27.84451	0.9706619	-0.251931	0.000745053	0.999255	0.00149011	1.99851	0.2525548
1364	0	29.54274	28.84706	0.6956774	-0.170888	0.00115365	0.998846	0.0023073	1.99769	0.332491
1365	1	29.56292	28.59226	0.9706619	-0.193843	0.000917209	0.999083	0.00183442	1.99817	0.2525548
1366	0	28.56137	27.26091	1.300466	0.0581953	0.00107708	0.998923	0.00215415	1.99785	0.1816032
1367	1	29.49295	28.72743	0.7655193	-0.00165198	0.000651716	0.999348	0.00130343	1.9987	0.3100616
1368	0	28.09285	27.29187	0.8009832	0.250574	0.000581844	0.999418	0.00116369	1.99884	0.2992583
1369	1	29.77258	28.91251	0.8600688	-0.0762566	0.000806626	0.999193	0.00161325	1.99839	0.2820887
1370	0	29.05645	27.83369	1.222762	-0.00192561	0.00207569	0.997924	0.00415138	1.99585	0.1962773
1371	1	27.34768	26.72376	0.6239247	-0.297725	0.00222436	0.997776	0.00444871	1.99555	0.3572249
1372	0	29.32732	28.26169	1.065624	-0.251325	0.0015315	0.998469	0.003063	1.99694	0.2296751
1373	1	28.22546	27.16066	1.0648	-0.0685181	0.00279014	0.99721	0.00558028	1.99442	0.2298645
1374	0	28.55896	27.86006	0.6988947	0.0747119	0.00173898	0.998261	0.00347796	1.99652	0.331423
1375	1	29.84647	28.91132	0.9351499	0.0116714	0.00121741	0.998783	0.00243482	1.99757	0.2616847
1376	0	29.36672	28.45107	0.915651	0.111714	0.00156231	0.998438	0.00312462	1.99688	0.2668373
1377	1	29.84374	28.90859	0.9351499	0.040829	0.00103888	0.998961	0.00207775	1.99792	0.2616847
1378	0	28.01734	26.73253	1.284809	0.0409547	0.00305137	0.996949	0.00610274	1.9939	0.184469
1379	1	28.77397	28.35132	0.4226475	-0.092343	0.00103761	0.998962	0.00207522	1.99792	0.4368731
1380	0	28.50096	27.38997	1.110986	0.301906	0.00154065	0.998459	0.0030813	1.99692	0.2194894
1381	1	27.02911	26.89899	0.1301165	-0.211065	0.00106255	0.998937	0.00212511	1.99787	0.5853288
1382	0	26.12075	25.62469	0.4960646	0.202757	0.00246589	0.997534	0.00493178	1.99507	0.4059482
1383	1	29.07705	28.43689	0.6401574	-0.36986	0.000795167	0.999205	0.00159033	1.99841	0.351473
1384	0	27.3977	26.53729	0.8604109	0.402438	0.00220591	0.997794	0.00441181	1.99559	0.2819922
1385	1	27.60939	27.61014	-0.0007538126	0.0881421	0.00057288	0.999427	0.00114576	1.99885	0.6671694
1386	0	28.41122	27.77529	0.6359261	-0.386458	0.00151835	0.998482	0.00303671	1.99696	0.3529633
1387	1	29.34449	28.80743	0.5370538	0.135817	0.000664318	0.999336	0.00132864	1.99867	0.3896451
1388	0	28.37259	28.11642	0.2561658	-0.124709	0.000382021	0.999618	0.000764043	1.99924	0.5160091
1389	1	29.54561	28.78115	0.7644666	0.0483464	0.000686028	0.999314	0.00137206	1.99863	0.3103881
1390	0	27.32503	25.75494	1.570099	0.0939812	0.00170405	0.998296	0.0034081	1.99659	0.1386831
1391	1	29.22995	28.82261	0.4073376	-0.137623	0.000734611	0.999265	0.00146922	1.99853	0.443613
1392	0	29.69023	29.09692	0.5933113	-0.0607721	0.000738767	0.999261	0.00147753	1.99852	0.3683299
1393	1	26.2019	26.32444	-0.1225396	-0.25902	0.000787718	0.999212	0.00157544	1.99842	0.7535759
1394	0	24.94439	24.9715	-0.02710738	0.634069	0.00112527	0.998875	0.00225053	1.99775	0.6849854
1395	1	29.30492	28.7856	0.5193261	0.0256121	0.00094604	0.999054	0.00189208	1.99811	0.3966142
1396	0	29.06944	27.97037	1.099069	0.0455192	0.00206069	0.997939	0.00412138	1.99588	0.2221208
1397	1	29.35028	28.87795	0.472326	-0.205092	0.000746854	0.999253	0.00149371	1.99851	0.4157002
1398	0	28.79923	28.09646	0.702773	-0.279203	0.00156371	0.998436	0.00312741	1.99687	0.3301401
1399	1	29.49966	28.76844	0.7312136	-0.247112	0.00115801	0.998842	0.00231602	1.99768	0.320883
1400	0	28.99398	28.60379	0.3901869	-0.236012	0.000814707	0.999185	0.00162941	1.99837	0.4512869
1401	1	29.38769	28.76928	0.6184196	-0.180139	0.000607608	0.999392	0.00121522	1.99878	0.3591969
1402	0	29.53529	28.99855	0.536741	0.019669	0.000793279	0.999207	0.00158656	1.99841	0.389767
1403	1	26.44866	26.37635	0.07231054	-0.139519	0.000235568	0.999764	0.000471136	1.99953	0.6201613
1404	0	27.51356	27.26057	0.2529841	0.352169	0.00101875	0.998981	0.0020375	1.99796	0.5176535
1405	1	27.67537	27.31459	0.3607839	-0.17965	0.000335855	0.999664	0.000671709	1.99933	0.4647531
1406	0	29.68599	28.69713	0.9888605	-0.114945	0.00146129	0.998539	0.00292258	1.99708	0.2480002
1407	1	29.66352	28.81843	0.8450963	0.140212	0.000993038	0.999007	0.00198608	1.99801	0.286344
1408	0	29.77378	28.74166	1.032124	0.0205334	0.00111316	0.998887	0.00222633	1.99777	0.2374996
1409	1	29.63913	28.56663	1.072503	0.0413944	0.00144789	0.998552	0.00289579	1.9971	0.2281006
1410	0	26.35636	25.95167	0.4046827	0.595577	0.00115035	0.99885	0.0023007	1.9977	0.4447923
1411	1	26.82846	25.39465	1.433811	-0.368338	0.0025481	0.997452	0.0050962	1.9949	0.1589324
1412	0	28.40915	27.38531	1.023839	0.132749	0.00242974	0.99757	0.00485948	1.99514	0.2394755
1413	1	24.00927	22.84906	1.160209	-0.0463409	0.00782647	0.992174	0.0156529	1.98435	0.2089471
1414	0	28.1259	27.64568	0.4802177	-0.0576628	0.00146157	0.998538	0.00292315	1.99708	0.4124324
1415	1	25.22603	23.66819	1.557845	-0.0596544	0.00593855	0.994061	0.0118771	1.98812	0.140393
1416	0	28.14621	26.70872	1.437493	-0.0835424	0.00128642	0.998714	0.00257284	1.99743	0.1583484
1417	1	27.12461	25.65467	1.469942	-0.30354	0.00151297	0.998487	0.00302594	1.99697	0.1532925
1418	0	28.00246	26.56497	1.437493	-0.178784	0.0025149	0.997485	0.0050298	1.99497	0.1583484
1419	1	28.91386	27.70541	1.208452	-0.108732	0.00222885	0.997771	0.0044577	1.99554	0.1991061
1420	0	26.68388	26.91716	-0.2332817	-0.105138	0.000261937	0.999738	0.000523874	1.99948	0.8418248
1421	1	28.15348	26.72728	1.426201	-0.198249	0.00223091	0.997769	0.00446181	1.99554	0.1601465
1422	0	28.35371	28.24347	0.1102369	-0.0696108	0.000472956	0.999527	0.000945912	1.99905	0.5970813
1423	1	29.85047	29.09312	0.7573508	-0.121699	0.000846997	0.999153	0.00169399	1.99831	0.3126047
1424	0	28.58084	27.78105	0.7997841	0.0687817	0.000534628	0.999465	0.00106926	1.99893	0.2996173
1425	1	28.78555	28.39901	0.3865353	-0.034612	0.000434703	0.999565	0.000869406	1.99913	0.4529378
1426	0	29.92084	29.00919	0.9116424	-0.03084	0.00108385	0.998916	0.00216771	1.99783	0.2679091
1427	1	27.25655	27.34653	-0.08997336	-0.386577	0.000451718	0.999548	0.000903435	1.9991	0.7294301
1428	0	28.17021	27.42576	0.7444484	-0.476153	0.000842905	0.999157	0.00168581	1.99831	0.3166642
1429	1	26.04388	26.12754	-0.08366213	0.553246	0.00058007	0.99942	0.00116014	1.99884	0.724841
1430	0	29.30316	28.4016	0.9015614	-0.24871	0.00155702	0.998443	0.00311403	1.99689	0.2706235
1431	1	28.58128	27.73879	0.8424925	-0.402536	0.00163752	0.998362	0.00327504	1.99672	0.2870906
1432	0	29.72633	28.77136	0.9549613	-0.196668	0.00121034	0.99879	0.00242068	1.99758	0.2565514
1433	1	23.52018	23.19441	0.3257735	0.431129	0.00333712	0.996663	0.00667423	1.99333	0.4813125
1434	0	29.08896	28.32535	0.7636087	0.05422	0.00157261	0.998427	0.00314521	1.99685	0.3106545
1435	1	28.93895	28.51396	0.4249918	-0.248885	0.000923094	0.999077	0.00184619	1.99815	0.4358501
1436	0	27.74941	27.42023	0.329176	-0.508076	0.00103965	0.99896	0.0020793	1.99792	0.4796776
1437	1	28.92794	28.5665	0.361441	-0.081162	0.000826982	0.999173	0.00165396	1.99835	0.4644478
1438	0	28.6464	28.42317	0.2232255	0.0703394	0.000590301	0.99941	0.0011806	1.99882	0.5332896
1439	1	29.66507	28.644	1.021068	0.0967327	0.00121313	0.998787	0.00242626	1.99757	0.2401401
1440	0	28.33915	27.85699	0.4821571	-0.142716	0.00137178	0.998628	0.00274355	1.99726	0.4116334
1441	1	28.07453	27.15422	0.9203028	-0.329623	0.000661694	0.999338	0.00132339	1.99868	0.2655989
1442	0	29.5111	28.76779	0.7433071	-0.286158	0.000888694	0.999111	0.00177739	1.99822	0.3170258
1443	1	28.95595	28.11446	0.8414928	0.0401196	0.0018192	0.998181	0.00363841	1.99636	0.2873777
1444	0	29.20492	28.68684	0.5180827	0.16843	0.000871734	0.999128	0.00174347	1.99826	0.3971077
1445	1	28.06448	27.56124	0.5032407	0.225397	0.00143906	0.998561	0.00287813	1.99712	0.4030455
1446	0	28.60429	28.05488	0.5494085	-0.421271	0.00114156	0.998858	0.00228312	1.99772	0.3848608
1447	1	29.33887	28.20905	1.129816	-0.0313092	0.00186073	0.998139	0.00372147	1.99628	0.2153952
1448	0	27.9401	27.62402	0.3160827	-0.315886	0.00113342	0.998867	0.00226684	1.99773	0.4859994
1449	1	27.09433	26.25367	0.8406603	0.0915551	0.000440797	0.999559	0.000881594	1.99912	0.287617
1450	0	29.78029	28.87385	0.9064332	0.0582764	0.0012192	0.998781	0.0024384	1.99756	0.2693083
1451	1	28.46617	27.86327	0.6028945	-0.358	0.00056023	0.99944	0.00112046	1.99888	0.3648169
1452	0	29.30776	28.51015	0.7976079	-0.339497	0.00110076	0.998899	0.00220152	1.9978	0.30027
1453	1	28.13755	27.10434	1.033212	-0.379366	0.0022145	0.997785	0.00442901	1.99557	0.2372414
1454	0	26.65208	26.31194	0.3401438	0.239375	0.00167566	0.998324	0.00335131	1.99665	0.4744453
1455	1	27.8829	26.76877	1.114133	-0.427981	0.00199926	0.998001	0.00399853	1.996	0.2187997
1456	0	28.47302	27.56526	0.9077643	0.196628	0.00209468	0.997905	0.00418937	1.99581	0.2689501
1457	1	29.34709	28.3146	1.032487	0.101728	0.00168762	0.998312	0.00337524	1.99662	0.2374134
1458	0	29.64159	28.6658	0.9757884	-0.154037	0.00145841	0.998542	0.00291681	1.99708	0.2512634
1459	1	29.38064	28.68739	0.693255	-0.116772	0.00128569	0.998714	0.00257138	1.99743	0.3332974
1460	0	26.37785	24.98474	1.393111	0.215787	0.000957341	0.999043	0.00191468	1.99809	0.1655344
1461	1	26.95889	26.33928	0.619617	0.502745	0.000740205	0.99926	0.00148041	1.99852	0.358767
1462	0	28.90565	28.26584	0.6398125	-0.268582	0.00138411	0.998616	0.00276823	1.99723	0.3515942
1463	1	27.00597	26.85839	0.1475821	0.483461	0.000817457	0.999183	0.00163491	1.99837	0.5751944
1464	0	28.58181	27.79822	0.7835869	0.368166	0.00106019	0.99894	0.00212037	1.99788	0.3045098
1465	1	26.91247	26.62171	0.290755	0.415924	0.000419531	0.99958	0.000839062	1.99916	0.4984659
1466	0	26.13876	26.08065	0.05811297	-0.379407	0.00121367	0.998786	0.00242734	1.99757	0.6290289
1467	1	26.63609	26.77208	-0.1359856	-0.525259	0.000515495	0.999485	0.00103099	1.99897	0.7637769
1468	0	29.27973	28.79962	0.4801138	-0.25842	0.000749283	0.999251	0.00149857	1.9985	0.4124753
1469	1	25.4834	25.77631	-0.2929032	0.429729	0.000589808	0.99941	0.00117962	1.99882	0.8935421
1470	0	25.62945	24.36652	1.262933	-0.52605	0.00150505	0.998495	0.00301009	1.99699	0.1885489
1471	1	27.20165	27.32808	-0.1264287	-0.0226175	0.000482361	0.999518	0.000964721	1.99904	0.7565123
1472	0	28.18004	27.7448	0.435242	0.150665	0.00127052	0.998729	0.00254104	1.99746	0.4314053
1473	1	27.99325	27.86833	0.1249186	-0.0450118	0.000715171	0.999285	0.00143034	1.99857	0.5883791
1474	0	27.75646	27.09559	0.6608749	-0.527488	0.00149318	0.998507	0.00298636	1.99701	0.3442662
1475	1	29.15566	28.6883	0.4673592	0.0647726	0.000531976	0.999468	0.00106395	1.99894	0.41777
1476	0	25.30357	25.00117	0.3024054	0.097681	0.00222089	0.997779	0.00444178	1.99556	0.4926923
1477	1	28.1804	27.1639	1.016503	0.298532	0.000869584	0.99913	0.00173917	1.99826	0.2412387
1478	0	29.82217	28.93371	0.888461	-0.158238	0.00116257	0.998837	0.00232514	1.99767	0.2741922
1479	1	28.11951	26.70099	1.418521	-0.130964	0.00261954	0.99738	0.00523907	1.99476	0.1613812
1480	0	29.38444	28.85499	0.5294521	-0.0041739	0.000928816	0.999071	0.00185763	1.99814	0.3926184
1481	1	28.55944	27.37607	1.183371	-0.237914	0.00233938	0.997661	0.00467876	1.99532	0.2041631
1482	0	29.18712	28.81897	0.36815	-0.0466774	0.000593909	0.999406	0.00118782	1.99881	0.4613423
1483	1	25.56196	24.96483	0.597123	-0.485153	0.00310294	0.996897	0.00620588	1.99379	0.3669285
1484	0	29.82713	28.90058	0.9265448	-0.162253	0.00112468	0.998875	0.00224936	1.99775	0.2639462
1485	1	27.82303	26.89076	0.9322709	0.07107	0.00279094	0.997209	0.00558187	1.99442	0.2624392
1486	0	29.66341	28.96829	0.695116	0.103863	0.000810065	0.99919	0.00162013	1.99838	0.3326777
1487	1	27.49979	26.21481	1.284988	-0.0652386	0.00363555	0.996364	0.00727111	1.99273	0.1844359
1488	0	27.71232	26.64131	1.071011	-0.474887	0.00160605	0.998394	0.0032121	1.99679	0.2284413
1489	1	23.70313	22.39974	1.303389	-0.241947	0.00826251	0.991737	0.016525	1.98347	0.1810731
1490	0	27.74503	26.63712	1.107913	-0.364517	0.00264238	0.997358	0.00528475	1.99472	0.2201649
1491	1	25.89904	24.23313	1.665909	0.0537235	0.00414679	0.995853	0.00829357	1.99171	0.1260125
1492	0	28.27943	27.81444	0.4649941	-0.481011	0.00100808	0.998992	0.00201617	1.99798	0.4187592
1493	1	25.44725	23.95195	1.495306	0.0884804	0.00567039	0.99433	0.0113408	1.98866	0.1494534
1494	0	29.68464	28.61236	1.072279	0.013885	0.00109038	0.99891	0.00218076	1.99782	0.2281517
1495	1	27.85722	27.16207	0.6951505	-0.131243	0.0021787	0.997821	0.00435739	1.99564	0.3326662
1496	0	29.8628	29.00991	0.8528879	-0.0493661	0.000858991	0.999141	0.00171798	1.99828	0.2841216
1497	1	29.60438	28.52866	1.075719	-0.070947	0.00158428	0.998416	0.00316857	1.99683	0.2273682
1498	0	29.66136	28.81888	0.8424822	-0.048574	0.000741677	0.999258	0.00148335	1.99852	0.2870935
1499	1	25.86166	25.42363	0.4380358	0.0369087	0.00244474	0.997555	0.00488949	1.99511	0.4302018
1500	0	28.19503	27.7848	0.4102302	0.0301755	0.0012463	0.998754	0.00249259	1.99751	0.4423317
1501	1	26.61488	26.24926	0.3656129	0.0498088	0.00181293	0.998187	0.00362586	1.99637	0.4625142
1502	0	29.50881	28.93115	0.5776625	-0.168703	0.000647759	0.999352	0.00129552	1.9987	0.3741391
1503	1	29.75658	28.76083	0.9957577	0.0229151	0.00135108	0.998649	0.00270215	1.9973	0.2462956
1504	0	26.85916	26.24234	0.6168201	-0.557009	0.000675663	0.999324	0.00135133	1.99865	0.3597718
1505	1	29.74186	28.9163	0.8255572	0.108882	0.000966615	0.999033	0.00193323	1.99807	0.2919939
1506	0	29.65096	28.8946	0.756363	-0.235354	0.00104814	0.998952	0.00209629	1.9979	0.3129136
1507	1	27.66104	26.50863	1.15241	-0.217364	0.000717323	0.999283	0.00143465	1.99857	0.210583
1508	0	27.16873	26.30119	0.8675397	0.497272	0.00140933	0.998591	0.00281866	1.99718	0.279989
1509	1	24.68829	23.53588	1.15241	0.0529522	0.00673066	0.993269	0.0134613	1.98654	0.210583
1510	0	28.51497	27.22297	1.292002	0.160119	0.00213953	0.99786	0.00427906	1.99572	0.1831468
1511	1	28.87426	27.54238	1.331879	-0.0285146	0.00204493	0.997955	0.00408986	1.99591	0.1759871
1512	0	21.11869	19.30221	1.81648	0.323104	0.00724599	0.992754	0.014492	1.98551	0.1083981
1513	1	28.60746	27.86955	0.7379103	0.316934	0.00142883	0.998571	0.00285765	1.99714	0.3187413
1514	0	27.53169	26.76193	0.7697617	-0.197825	0.0025799	0.99742	0.0051598	1.99484	0.3087489
1515	1	28.97395	28.14332	0.8306247	-0.36765	0.0014188	0.998581	0.00283759	1.99716	0.290518
1516	0	29.3223	28.40605	0.9162521	-0.275422	0.00087956	0.99912	0.00175912	1.99824	0.266677
1517	1	28.65878	27.96194	0.6968356	0.0311017	0.00169735	0.998303	0.00339471	1.99661	0.3321061
1518	0	29.59249	28.79649	0.7960066	0.161118	0.000929215	0.999071	0.00185843	1.99814	0.3007513
1519	1	28.29438	26.90601	1.38837	0.0426986	0.00252984	0.99747	0.00505968	1.99494	0.1663211
1520	0	27.84504	26.60319	1.241851	-0.183558	0.00315232	0.996848	0.00630465	1.9937	0.1925661
1521	1	28.93967	27.63546	1.304212	0.0309417	0.00197879	0.998021	0.00395759	1.99604	0.1809242
1522	0	29.59031	28.53319	1.057115	-0.0202574	0.00159991	0.9984	0.00319981	1.9968	0.2316379
1523	1	28.11606	27.19058	0.9254765	-0.31534	0.00237518	0.997625	0.00475037	1.99525	0.2642283
1524	0	28.85252	28.17264	0.6798779	-0.313579	0.00144222	0.998558	0.00288445	1.99712	0.3377859
1525	1	29.46281	28.27682	1.185991	-0.0957152	0.00123336	0.998767	0.00246672	1.99753	0.2036288
1526	0	29.7201	29.03062	0.689483	-0.17636	0.000955316	0.999045	0.00191063	1.99809	0.334557
1527	1	28.4066	27.24961	1.156985	-0.36667	0.00129815	0.998702	0.0025963	1.9974	0.2096219
1528	0	27.5691	26.9805	0.5885956	0.410356	0.00161772	0.998382	0.00323545	1.99676	0.3700709
1529	1	27.71731	27.12458	0.5927291	0.466663	0.00124804	0.998752	0.00249608	1.9975	0.3685444
1530	0	28.11411	27.20703	0.9070731	-0.416442	0.00201879	0.997981	0.00403758	1.99596	0.2691361
1531	1	28.36189	27.59764	0.764247	0.250783	0.00181429	0.998186	0.00362857	1.99637	0.3104563
1532	0	28.56091	27.78514	0.7757682	-0.227788	0.00190896	0.998091	0.00381792	1.99618	0.3069
1533	1	29.35657	28.26182	1.094749	-0.00836971	0.00183762	0.998162	0.00367524	1.99632	0.2230823
1534	0	29.02047	28.30497	0.7154942	0.294786	0.000889127	0.999111	0.00177825	1.99822	0.3259669
1535	1	28.01165	26.88929	1.122364	0.248838	0.00252618	0.997474	0.00505237	1.99495	0.2170063
1536	0	29.12783	28.53698	0.5908563	0.251846	0.000875751	0.999124	0.0017515	1.99825	0.3692352
1537	1	28.36341	27.16872	1.194692	-0.350453	0.00188422	0.998116	0.00376844	1.99623	0.2018648
1538	0	29.31411	28.66663	0.6474747	-0.290311	0.000710558	0.999289	0.00142112	1.99858	0.3489105
1539	1	28.26247	26.98666	1.275811	0.180687	0.00111192	0.998888	0.00222384	1.99778	0.1861363
1540	0	27.30842	26.55685	0.7515694	-0.153697	0.00269098	0.997309	0.00538196	1.99462	0.3144172
1541	1	29.118	27.81139	1.306608	-0.0895179	0.0015767	0.998423	0.0031534	1.99685	0.1804913
1542	0	29.1578	27.85661	1.30119	-0.044584	0.0016138	0.998386	0.0032276	1.99677	0.1814718
1543	1	29.83296	29.11107	0.7218831	0.0121268	0.000889494	0.999111	0.00177899	1.99822	0.323891
1544	0	29.8336	28.99916	0.8344371	-0.136152	0.00113233	0.998868	0.00226466	1.99774	0.2894125
1545	1	27.01418	26.44779	0.5663912	0.513948	0.000758084	0.999242	0.00151617	1.99848	0.37838
1546	0	28.23934	27.68714	0.5521936	-0.24726	0.00156866	0.998431	0.00313731	1.99686	0.3837904
1547	1	28.64411	27.46047	1.183642	-0.271722	0.00211809	0.997882	0.00423618	1.99576	0.2041078
1548	0	28.44631	27.7268	0.7195174	0.263496	0.000600528	0.999399	0.00120106	1.9988	0.3246582
1549	1	26.94497	25.54113	1.403838	0.157092	0.00373648	0.996264	0.00747297	1.99253	0.1637683
1550	0	28.91606	27.7148	1.201259	-0.270915	0.0013388	0.998661	0.00267761	1.99732	0.2005435
1551	1	24.87206	23.41683	1.45523	-0.00104885	0.00680359	0.993196	0.0136072	1.98639	0.1555645
1552	0	28.01543	26.67771	1.337716	-0.255414	0.00255977	0.99744	0.00511953	1.99488	0.174963
1553	1	28.63632	27.6137	1.022626	-0.100389	0.00238985	0.99761	0.00477969	1.99522	0.2397662
1554	0	27.91569	26.57798	1.337716	-0.332831	0.00161426	0.998386	0.00322852	1.99677	0.174963
1555	1	29.57931	28.74856	0.8307538	0.0517604	0.00134819	0.998652	0.00269638	1.9973	0.2904805
1556	0	28.56185	27.68048	0.8813751	0.0156154	0.00217762	0.997822	0.00435524	1.99564	0.276142
1557	1	29.88533	29.13597	0.7493587	-0.0538645	0.000873148	0.999127	0.0017463	1.99825	0.3151131
1558	0	29.46855	28.61108	0.8574723	0.0384276	0.000712107	0.999288	0.00142421	1.99858	0.282822
1559	1	26.74921	26.62533	0.1238791	0.529025	0.000649563	0.99935	0.00129913	1.9987	0.5889911
1560	0	29.28822	28.32028	0.9679443	0.207676	0.00138081	0.998619	0.00276162	1.99724	0.2532421
1561	1	28.69032	28.39356	0.2967554	0.0832321	0.00075751	0.999242	0.00151502	1.99848	0.4954839
1562	0	28.13826	27.70154	0.4367202	0.321974	0.00114649	0.998854	0.00229298	1.99771	0.4307681
1563	1	29.38633	28.25922	1.12711	-0.127928	0.00101627	0.998984	0.00203254	1.99797	0.2159787
1564	0	28.61936	28.30885	0.3105072	0.230905	0.000677364	0.999323	0.00135473	1.99865	0.4887167
1565	1	26.90432	27.08923	-0.1849029	-0.0350209	0.000467871	0.999532	0.000935742	1.99906	0.8020678
1566	0	28.7761	28.29951	0.4765867	-0.36534	0.0010048	0.998995	0.0020096	1.99799	0.4139327
1567	1	26.71205	26.81334	-0.1012893	0.132682	0.000653529	0.999346	0.00130706	1.99869	0.7377311
1568	0	28.98992	28.68166	0.308261	0.00794777	0.000556512	0.999443	0.00111302	1.99889	0.4898157
1569	1	27.3393	27.19645	0.1428507	-0.179316	0.000290555	0.999709	0.000581109	1.99942	0.5779223
1570	0	29.67024	29.05292	0.6173212	-0.138793	0.000721761	0.999278	0.00144352	1.99856	0.3595916
1571	1	27.28813	27.2931	-0.004972234	0.312909	0.000393738	0.999606	0.000787475	1.99921	0.6699897
1572	0	29.00657	28.38925	0.6173212	0.258314	0.000698889	0.999301	0.00139778	1.9986	0.3595916
1573	1	25.6031	25.8136	-0.2104991	0.245453	0.000732069	0.999268	0.00146414	1.99854	0.8228626
1574	0	28.94929	27.97235	0.9769325	0.2711	0.00145224	0.998548	0.00290449	1.9971	0.2509761
1575	1	27.83322	27.76188	0.07134231	-0.355672	0.000433696	0.999566	0.000867392	1.99913	0.6207621
1576	0	29.56267	28.40121	1.16146	0.0110556	0.00136592	0.998634	0.00273184	1.99727	0.2086858
1577	1	27.94667	27.87013	0.07653155	-0.0853685	0.000636031	0.999364	0.00127206	1.99873	0.6175491
1578	0	28.53053	27.90835	0.6221812	-0.227414	0.0015866	0.998413	0.0031732	1.99683	0.3578482
1579	1	28.75653	28.24278	0.5137437	-0.231018	0.000482845	0.999517	0.00096569	1.99903	0.3988345
1580	0	28.28427	27.55421	0.730057	0.359852	0.00151847	0.998482	0.00303695	1.99696	0.3212544
1581	1	29.27613	28.60049	0.6756404	0.237063	0.000876756	0.999123	0.00175351	1.99825	0.3392203
1582	0	27.83552	27.29715	0.5383681	0.369099	0.00145269	0.998547	0.00290537	1.99709	0.3891334
1583	1	29.7445	29.08596	0.658544	0.0300808	0.000808532	0.999191	0.00161706	1.99838	0.3450696
1584	0	26.04685	26.39619	-0.3493451	-0.160477	0.000425463	0.999575	0.000850926	1.99915	0.9454256
1585	1	26.59993	26.02806	0.5718697	0.573997	0.00124231	0.998758	0.00248463	1.99752	0.3763127
1586	0	25.18158	25.55515	-0.3735636	-0.292292	0.000189047	0.999811	0.000378094	1.99962	0.9686019
1587	1	28.2146	27.99342	0.2211823	-0.0970747	0.000837555	0.999162	0.00167511	1.99832	0.5343804
1588	0	26.79641	26.47298	0.3234367	-0.365259	0.00163714	0.998363	0.00327429	1.99673	0.4824385
1589	1	28.98792	28.53508	0.4528492	-0.228907	0.000969132	0.999031	0.00193826	1.99806	0.423876
1590	0	28.44356	27.37038	1.073178	-0.397487	0.00124092	0.998759	0.00248185	1.99752	0.2279467
1591	1	28.94399	28.16053	0.7834616	-0.392277	0.000905183	0.999095	0.00181037	1.99819	0.3045479
1592	0	29.37549	28.89074	0.4847466	-0.0654267	0.000840948	0.999159	0.0016819	1.99832	0.4105688
1593	1	29.33414	28.4572	0.8769401	-0.0533787	0.000674176	0.999326	0.00134835	1.99865	0.2773694
1594	0	28.91034	27.5677	1.342635	0.0419821	0.00161641	0.998384	0.00323282	1.99677	0.1741044
1595	1	29.48732	28.77628	0.7110365	-0.293788	0.000935138	0.999065	0.00187028	1.99813	0.3274232
1596	0	28.13107	26.71121	1.419865	0.136166	0.00219531	0.997805	0.00439062	1.99561	0.1611645
1597	1	28.40795	27.2635	1.144449	-0.24804	0.00247309	0.997527	0.00494618	1.99505	0.2122662
1598	0	28.05615	26.65633	1.399815	-0.00470466	0.00285457	0.997145	0.00570915	1.99429	0.1644284
1599	1	28.11501	27.06669	1.048325	0.0388812	0.00281946	0.997181	0.00563892	1.99436	0.2336829
1600	0	28.23272	26.9471	1.28562	0.21917	0.00217462	0.997825	0.00434924	1.99565	0.1843194
1601	1	28.18461	27.03374	1.15087	-0.320577	0.000950365	0.99905	0.00190073	1.9981	0.2109077
1602	0	28.93308	27.72967	1.203413	-0.174843	0.00102907	0.998971	0.00205814	1.99794	0.2001121
1603	1	29.18325	28.09871	1.084534	-0.150708	0.000876323	0.999124	0.00175265	1.99825	0.2253729
1604	0	29.70181	28.7979	0.9039047	0.0559824	0.000858944	0.999141	0.00171789	1.99828	0.2699902
1605	1	29.73247	28.90796	0.8245108	0.0896424	0.000864686	0.999135	0.00172937	1.99827	0.2922996
1606	0	27.97901	27.57573	0.4032838	-0.391129	0.00126712	0.998733	0.00253423	1.99747	0.445415
1607	1	28.76462	28.51762	0.246997	-0.195984	0.000534174	0.999466	0.00106835	1.99893	0.520762
1608	0	28.79041	28.35174	0.4386718	0.228357	0.000901635	0.999098	0.00180327	1.9982	0.4299283
1609	1	24.88999	25.116	-0.2260109	-0.180237	0.000902109	0.999098	0.00180422	1.9982	0.8357262
1610	0	28.67491	28.24513	0.4297804	0.288446	0.000838941	0.999161	0.00167788	1.99832	0.433768
1611	1	27.04782	27.00326	0.04456589	-0.340369	0.000875671	0.999124	0.00175134	1.99825	0.6376084
1612	0	27.3482	27.22386	0.1243362	-0.131839	0.000938364	0.999062	0.00187673	1.99812	0.5887219
1613	1	29.17308	28.68948	0.4835927	0.170025	0.000800114	0.9992	0.00160023	1.9984	0.4110428
1614	0	27.74734	27.63446	0.1128779	0.25621	0.000687262	0.999313	0.00137452	1.99863	0.5955065
1615	1	29.78079	28.92156	0.8592265	-0.130182	0.000839591	0.99916	0.00167918	1.99832	0.2823263
1616	0	28.36809	27.39356	0.9745285	0.283396	0.000828165	0.999172	0.00165633	1.99834	0.2515802
1617	1	27.12836	25.99513	1.133234	-0.355732	0.000780823	0.999219	0.00156165	1.99844	0.2146603
1618	0	28.65775	27.74158	0.9161622	0.256872	0.00181132	0.998189	0.00362264	1.99638	0.266701
1619	1	28.73475	28.2159	0.5188571	-0.316229	0.00118848	0.998812	0.00237696	1.99762	0.3968003
1620	0	27.184	26.58359	0.6004112	-0.200422	0.0022854	0.997715	0.0045708	1.99543	0.365724
1621	1	28.96315	28.47412	0.4890374	-0.364833	0.000857562	0.999142	0.00171512	1.99828	0.4088109
1622	0	29.12946	28.18147	0.9479881	0.140932	0.00174524	0.998255	0.00349047	1.99651	0.2583466
1623	1	29.25563	28.49301	0.7626291	0.166207	0.000695204	0.999305	0.00139041	1.99861	0.310959
1624	0	26.99672	26.55894	0.437783	-0.596615	0.00137317	0.998627	0.00274634	1.99725	0.4303106
1625	1	26.47665	26.30629	0.1703596	-0.626987	0.00108691	0.998913	0.00217382	1.99783	0.562241
1626	0	29.38431	28.36041	1.023899	0.164495	0.00143828	0.998562	0.00287657	1.99712	0.2394612
1627	1	29.7657	29.02639	0.7393061	-0.184556	0.000972572	0.999027	0.00194514	1.99805	0.3182967
1628	0	29.65993	28.73769	0.9222337	-0.128591	0.00143097	0.998569	0.00286194	1.99714	0.2650866
1629	1	29.1449	28.21103	0.9338687	-0.021657	0.00187531	0.998125	0.00375062	1.99625	0.2620202
1630	0	29.57775	28.46513	1.11262	0.00524726	0.00155868	0.998441	0.00311737	1.99688	0.2191311
1631	1	29.06248	27.99866	1.063815	0.110831	0.00195106	0.998049	0.00390212	1.9961	0.230091
1632	0	26.40841	25.8433	0.5651083	-0.117551	0.00262978	0.99737	0.00525956	1.99474	0.3788657
1633	1	28.82655	28.30692	0.5196241	-0.32331	0.00112801	0.998872	0.00225602	1.99774	0.3964961
1634	0	28.4963	28.12415	0.3721524	-0.0528061	0.00104642	0.998954	0.00209285	1.99791	0.4594995
1635	1	28.46378	27.4669	0.9968794	0.336396	0.00156603	0.998434	0.00313206	1.99687	0.2460195
1636	0	27.71655	27.66252	0.05402961	-0.294751	0.000663429	0.999337	0.00132686	1.99867	0.6316027
1637	1	28.36266	27.16417	1.198491	0.27887	0.00172144	0.998279	0.00344287	1.99656	0.2010994
1638	0	28.49473	27.39384	1.100895	-0.329204	0.000978733	0.999021	0.00195747	1.99804	0.2217155
1639	1	29.48686	28.54305	0.9438098	-0.0461562	0.00163052	0.998369	0.00326104	1.99674	0.2594283
1640	0	27.86495	27.48118	0.3837743	-0.435029	0.00123399	0.998766	0.00246798	1.99753	0.4541901
1641	1	28.45312	27.43986	1.013254	0.323596	0.00168784	0.998312	0.00337567	1.99662	0.2420238
1642	0	29.37697	28.8924	0.4845748	-0.150535	0.0006032	0.999397	0.0012064	1.99879	0.4106394
1643	1	27.5178	26.47121	1.046584	0.289923	0.000751967	0.999248	0.00150393	1.9985	0.23409
1644	0	25.93369	25.19372	0.7399779	-0.223265	0.000360767	0.999639	0.000721534	1.99928	0.318083
1645	1	29.13598	28.25875	0.8772253	0.00504288	0.00178003	0.99822	0.00356006	1.99644	0.2772903
1646	0	27.92783	27.90024	0.02758855	-0.190037	0.000386976	0.999613	0.000773951	1.99923	0.6485257
1647	1	27.27537	25.83926	1.436116	0.0260125	0.00100862	0.998991	0.00201724	1.99798	0.1585665
1648	0	28.09865	27.5029	0.5957488	-0.0666119	0.00177259	0.998227	0.00354519	1.99645	0.3674332
1649	1	28.7713	27.99786	0.7734381	-0.233529	0.000579366	0.999421	0.00115873	1.99884	0.3076159
1650	0	28.85038	27.76818	1.082198	0.0216856	0.00226495	0.997735	0.00452991	1.99547	0.2259
1651	1	28.37295	27.95064	0.4223079	-0.163606	0.000398529	0.999601	0.000797058	1.9992	0.4370214
1652	0	28.32178	27.26126	1.060523	0.0206387	0.00268049	0.99732	0.00536098	1.99464	0.2308497
1653	1	26.2922	26.56694	-0.2747382	-0.461102	0.000437302	0.999563	0.000874603	1.99913	0.8774573
1654	0	27.37614	26.96066	0.4154734	0.491119	0.000699742	0.9993	0.00139948	1.9986	0.4400185
1655	1	27.71028	27.55546	0.1548227	-0.0467907	0.00030858	0.999691	0.000617161	1.99938	0.5710447
1656	0	29.32306	28.60159	0.7214689	-0.337596	0.000969511	0.99903	0.00193902	1.99806	0.3240252
1657	1	24.97267	25.19769	-0.2250157	-0.145093	0.000877973	0.999122	0.00175595	1.99824	0.8348949
1658	0	28.8032	28.09282	0.7103748	0.157401	0.00155567	0.998444	0.00311135	1.99689	0.32764
1659	1	29.01212	27.8684	1.143721	-0.0469606	0.000872456	0.999128	0.00174491	1.99826	0.2124207
1660	0	28.0083	27.04584	0.9624567	0.215415	0.000651061	0.999349	0.00130212	1.9987	0.2546356
1661	1	26.82317	26.72406	0.09910511	0.428476	0.000907945	0.999092	0.00181589	1.99818	0.603765
1662	0	29.53033	28.39636	1.13397	0.00509712	0.00159769	0.998402	0.00319537	1.9968	0.2145023
1663	1	29.83253	28.86755	0.9649792	-0.142633	0.00115349	0.998847	0.00230697	1.99769	0.2539941
1664	0	28.37834	27.80792	0.5704145	0.139672	0.000450031	0.99955	0.000900061	1.9991	0.3768607
1665	1	25.87837	26.2499	-0.3715287	-0.160227	0.000430377	0.99957	0.000860753	1.99914	0.9666329
1666	0	28.84143	28.55303	0.2884004	-0.221229	0.00053722	0.999463	0.00107444	1.99893	0.499641
1667	1	27.57584	27.50044	0.07539215	0.133932	0.000727843	0.999272	0.00145569	1.99854	0.6182532
1668	0	29.2923	28.15471	1.137581	0.0144144	0.000973273	0.999027	0.00194655	1.99805	0.2137291
1669	1	28.24381	28.16184	0.08197441	-0.113811	0.000458533	0.999541	0.000917066	1.99908	0.614197
1670	0	29.11881	27.97069	1.148127	0.0121975	0.00205254	0.997947	0.00410508	1.99589	0.211487
1671	1	28.93434	28.37464	0.5597006	0.268184	0.000981744	0.999018	0.00196349	1.99804	0.3809201
1672	0	28.58683	28.37253	0.2142933	-0.0228907	0.000650883	0.999349	0.00130177	1.9987	0.5380744
1673	1	26.32578	26.22123	0.1045541	0.142142	0.00119649	0.998804	0.00239297	1.99761	0.6004841
1674	0	28.66033	28.22666	0.4336728	0.295119	0.000637809	0.999362	0.00127562	1.99872	0.4320828
1675	1	29.01217	28.38931	0.6228606	0.116591	0.000541755	0.999458	0.00108351	1.99892	0.3576052
1676	0	29.1985	28.57407	0.624435	-0.286571	0.00114266	0.998857	0.00228531	1.99771	0.3570426
1677	1	28.78132	27.94943	0.8318871	-0.343888	0.000740492	0.99926	0.00148098	1.99852	0.2901515
1678	0	29.65503	28.96891	0.6861197	0.0331627	0.00104307	0.998957	0.00208614	1.99791	0.3356841
1679	1	28.87204	27.98635	0.8856844	-0.156484	0.00196677	0.998033	0.00393354	1.99607	0.2749545
1680	0	29.2895	28.32476	0.9647357	-0.085092	0.000737349	0.999263	0.0014747	1.99853	0.2540559
1681	1	29.53085	28.48818	1.04267	0.0579653	0.00157852	0.998421	0.00315704	1.99684	0.2350082
1682	0	27.17265	26.70053	0.4721265	-0.446298	0.00178711	0.998213	0.00357422	1.99643	0.4157831
1683	1	28.44477	27.72036	0.7244106	-0.398695	0.00161984	0.99838	0.00323969	1.99676	0.3230734
1684	0	26.96535	26.50428	0.4610613	0.0367503	0.00194257	0.998057	0.00388515	1.99611	0.4204093
1685	1	28.6985	27.96139	0.7371116	-0.214936	0.00175059	0.998249	0.00350118	1.9965	0.318996
1686	0	29.29056	28.25555	1.035014	-0.0587254	0.00188411	0.998116	0.00376821	1.99623	0.2368144
1687	1	26.97288	26.68482	0.2880611	0.31733	0.00136149	0.998639	0.00272297	1.99728	0.4998105
1688	0	28.70272	28.15178	0.5509417	-0.429304	0.00076997	0.99923	0.00153994	1.99846	0.3842712
1689	1	28.83327	28.0242	0.8090718	0.133422	0.00175897	0.998241	0.00351793	1.99648	0.2968475
1690	0	28.46624	28.22947	0.236776	0.200725	0.000635821	0.999364	0.00127164	1.99873	0.526112
1691	1	28.91369	28.22737	0.6863182	-0.200502	0.00054253	0.999457	0.00108506	1.99891	0.3356175
1692	0	28.64259	28.31102	0.33157	-0.143885	0.000897507	0.999102	0.00179501	1.9982	0.4785306
1693	1	24.74943	24.67377	0.0756649	-0.13933	0.00171556	0.998284	0.00343112	1.99657	0.6180846
1694	0	29.57385	28.53736	1.036492	-0.218725	0.00120062	0.998799	0.00240123	1.9976	0.2364645
1695	1	27.97076	27.74869	0.2220701	0.245081	0.000836067	0.999164	0.00167213	1.99833	0.5339061
1696	0	29.62386	28.53246	1.091401	-0.153699	0.00118551	0.998814	0.00237102	1.99763	0.2238306
1697	1	28.95716	28.36338	0.5937839	0.245752	0.00064683	0.999353	0.00129366	1.99871	0.3681558
1698	0	27.97436	27.12651	0.8478501	-0.507655	0.00123342	0.998767	0.00246683	1.99753	0.2855565
1699	1	29.38356	28.83058	0.5529839	0.0423912	0.000586219	0.999414	0.00117244	1.99883	0.3834872
1700	0	29.77844	28.80803	0.9704194	-0.160549	0.00124195	0.998758	0.00248391	1.99752	0.2526161
1701	1	27.51872	27.00412	0.5145974	0.489631	0.000811772	0.999188	0.00162354	1.99838	0.3984941
1702	0	29.08569	28.64301	0.4426764	0.0405218	0.000505774	0.999494	0.00101155	1.99899	0.42821
1703	1	29.02233	28.41364	0.6086911	0.114243	0.00125248	0.998748	0.00250496	1.9975	0.3627084
1704	0	28.47982	27.90348	0.5763382	0.0749641	0.0014927	0.998507	0.0029854	1.99701	0.3746349
1705	1	26.13798	26.23137	-0.09338623	-0.346293	0.000873812	0.999126	0.00174762	1.99825	0.7319238
1706	0	29.2787	28.48195	0.7967494	0.0497969	0.00151459	0.998485	0.00302917	1.99697	0.300528
1707	1	28.29855	27.67437	0.6241818	-0.471938	0.00076627	0.999234	0.00153254	1.99847	0.357133
1708	0	27.73746	26.95356	0.7838956	0.00226715	0.00249446	0.997506	0.00498892	1.99501	0.3044158
1709	1	28.93894	28.56262	0.3763141	-0.279989	0.000772705	0.999227	0.00154541	1.99845	0.4575911
1710	0	29.72995	28.70518	1.024767	-0.156141	0.00111515	0.998885	0.00223029	1.99777	0.2392533
1711	1	29.00564	28.17459	0.8310529	-0.356804	0.00143626	0.998564	0.00287253	1.99713	0.2903936
1712	0	27.45268	27.12316	0.3295223	-0.57486	0.000807629	0.999192	0.00161526	1.99838	0.4795115
1713	1	26.84876	25.84402	1.004743	-0.495588	0.00263562	0.997364	0.00527124	1.99473	0.2440924
1714	0	25.0695	24.79853	0.2709689	-0.261244	0.00228865	0.997711	0.00457731	1.99542	0.5084268
1715	1	28.6484	28.21305	0.4353464	-0.341932	0.00103273	0.998967	0.00206545	1.99793	0.4313603
1716	0	24.6454	23.32586	1.319534	-0.548928	0.0030052	0.996995	0.0060104	1.99399	0.1781732
1717	1	29.48816	28.92173	0.5664318	0.0629871	0.000646315	0.999354	0.00129263	1.99871	0.3783646
1718	0	28.1175	27.27743	0.8400705	0.0248616	0.0023816	0.997618	0.0047632	1.99524	0.2877867
1719	1	28.60704	27.90689	0.700149	-0.334433	0.00160639	0.998394	0.00321277	1.99679	0.3310075
1720	0	28.89479	28.22635	0.6684375	0.103642	0.00146013	0.99854	0.00292026	1.99708	0.3416725
1721	1	28.26593	27.72519	0.5407362	0.307718	0.00131857	0.998681	0.00263713	1.99736	0.3882129
1722	0	23.52177	21.82569	1.696086	-0.0487551	0.00783795	0.992162	0.0156759	1.98432	0.1222666
1723	1	28.73569	27.50901	1.226678	0.0733216	0.00231072	0.997689	0.00462143	1.99538	0.1955101
1724	0	24.31171	22.61562	1.696086	-0.379088	0.00319728	0.996803	0.00639455	1.99361	0.1222666
1725	1	29.4536	28.68006	0.7735399	-0.276695	0.00119908	0.998801	0.00239817	1.9976	0.3075846
1726	0	27.20655	26.0991	1.107452	0.173486	0.00351222	0.996488	0.00702443	1.99298	0.2202664
1727	1	29.27099	28.42041	0.8505833	0.181907	0.00142422	0.998576	0.00284844	1.99715	0.2847771
1728	0	28.40648	27.39209	1.014397	-0.366194	0.00203157	0.997968	0.00406314	1.99594	0.2417472
1729	1	27.79629	27.62342	0.1728631	0.325376	0.000732017	0.999268	0.00146403	1.99854	0.5608352
1730	0	27.5306	26.51947	1.01113	0.0828746	0.00319593	0.996804	0.00639187	1.99361	0.2425385
1731	1	28.87328	28.37601	0.4972665	-0.204535	0.00113811	0.998862	0.00227621	1.99772	0.4054606
1732	0	27.38949	26.43921	0.950276	-0.388017	0.00277723	0.997223	0.00555446	1.99445	0.2577562
1733	1	29.44277	28.70933	0.7334439	0.17646	0.00109881	0.998901	0.00219762	1.9978	0.3201681
1734	0	28.09337	27.37356	0.7198092	0.034088	0.0020827	0.997917	0.0041654	1.99583	0.3245634
1735	1	29.40371	28.61962	0.7840879	-0.319634	0.000980584	0.999019	0.00196117	1.99804	0.3043573
1736	0	28.24984	27.56349	0.6863502	0.00648984	0.00191317	0.998087	0.00382635	1.99617	0.3356067
1737	1	27.15124	27.13145	0.01979267	-0.0714	0.000780613	0.999219	0.00156123	1.99844	0.6536013
1738	0	29.30315	28.29811	1.005043	-0.203437	0.00185763	0.998142	0.00371527	1.99628	0.2440192
1739	1	28.04995	26.95391	1.096046	-0.437496	0.0015424	0.998458	0.0030848	1.99692	0.2227931
1740	0	26.74417	26.12716	0.6170073	-0.360287	0.00253098	0.997469	0.00506197	1.99494	0.3597045
1741	1	27.51063	26.34761	1.163015	-0.13471	0.00351982	0.99648	0.00703963	1.99296	0.2083617
1742	0	29.45072	28.4253	1.025426	0.0599331	0.00165673	0.998343	0.00331347	1.99669	0.2390958
1743	1	24.93098	24.42474	0.5062475	0.0193394	0.00332603	0.996674	0.00665206	1.99335	0.4018355
1744	0	29.14107	28.64565	0.4954183	0.174224	0.000860143	0.99914	0.00172029	1.99828	0.4062107
1745	1	29.14495	28.68112	0.463829	0.17465	0.000748095	0.999252	0.00149619	1.9985	0.4192474
1746	0	28.42898	27.0882	1.340782	-0.259885	0.00171772	0.998282	0.00343543	1.99656	0.1744273
1747	1	27.75474	27.53423	0.2205165	-0.158432	0.00100833	0.998992	0.00201666	1.99798	0.5347363
1748	0	26.49816	25.70115	0.79701	0.207391	0.00328131	0.996719	0.00656262	1.99344	0.3004497
1749	1	29.07378	28.51385	0.5599245	0.10397	0.000532968	0.999467	0.00106594	1.99893	0.3808348
1750	0	26.11365	24.52442	1.589235	0.267314	0.00240384	0.997596	0.00480768	1.99519	0.1360544
1751	1	28.63902	28.27827	0.3607493	-0.309245	0.000501464	0.999499	0.00100293	1.999	0.4647691
1752	0	29.48188	28.39564	1.086238	-0.105551	0.000965135	0.999035	0.00193027	1.99807	0.2249891
1753	1	27.52386	27.19199	0.3318689	-0.37739	0.0013274	0.998673	0.00265479	1.99735	0.4783876
1754	0	29.66884	28.55343	1.115413	-0.0364921	0.00118135	0.998819	0.00236271	1.99764	0.2185199
1755	1	29.04997	28.48074	0.5692318	-0.188382	0.00120425	0.998796	0.0024085	1.99759	0.3773067
1756	0	26.92883	25.46078	1.468051	-0.287009	0.00130338	0.998697	0.00260675	1.99739	0.1535827
1757	1	29.63822	28.6616	0.9766204	0.0803489	0.000946515	0.999053	0.00189303	1.99811	0.2510544
1758	0	25.01551	23.99773	1.017785	-0.195307	0.00574231	0.994258	0.0114846	1.98852	0.2409298
1759	1	27.66189	27.58289	0.07900159	0.201651	0.000681202	0.999319	0.0013624	1.99864	0.6160256
1760	0	26.07606	24.41142	1.664645	0.07557	0.00380159	0.996198	0.00760319	1.9924	0.1261719
1761	1	27.74423	27.5454	0.1988293	0.389874	0.000688773	0.999311	0.00137755	1.99862	0.5464599
1762	0	28.45349	28.06558	0.3879095	-0.0187358	0.00109476	0.998905	0.00218952	1.99781	0.4523158
1763	1	28.33007	27.08193	1.248141	-0.121508	0.00277131	0.997229	0.00554263	1.99446	0.1913585
1764	0	28.40972	28.12118	0.2885447	-0.0537342	0.000380899	0.999619	0.000761797	1.99924	0.4995689
1765	1	29.07811	28.3066	0.7715112	-0.385693	0.00107764	0.998922	0.00215527	1.99784	0.3082093
1766	0	28.87041	28.04505	0.8253512	0.303534	0.000902263	0.999098	0.00180453	1.9982	0.2920541
1767	1	27.05471	26.40161	0.6530926	-0.514279	0.00208839	0.997912	0.00417679	1.99582	0.3469559
1768	0	27.09821	25.80683	1.291381	-0.39066	0.00278896	0.997211	0.00557793	1.99442	0.1832607
1769	1	28.43061	27.5663	0.8643122	0.368115	0.00101806	0.998982	0.00203611	1.99796	0.2808942
1770	0	28.22447	27.54436	0.6801053	0.36266	0.00147854	0.998521	0.00295708	1.99704	0.3377091
1771	1	28.18334	27.15264	1.030706	-0.147854	0.00273621	0.997264	0.00547243	1.99453	0.2378366
1772	0	26.7206	26.09313	0.6274651	0.463397	0.00208975	0.99791	0.00417951	1.99582	0.3559624
1773	1	27.23329	26.29087	0.9424221	-0.540777	0.00169473	0.998305	0.00338946	1.99661	0.2597886
1774	0	29.70771	28.91577	0.7919415	-0.136612	0.00121081	0.998789	0.00242163	1.99758	0.3019763
1775	1	28.4187	26.98712	1.431578	-0.0245215	0.00222491	0.997775	0.00444982	1.99555	0.1592878
1776	0	28.24283	27.79198	0.4508468	0.0242479	0.000383833	0.999616	0.000767666	1.99923	0.4247256
1777	1	29.55834	28.78546	0.7728803	0.164285	0.00105047	0.99895	0.00210094	1.9979	0.3077876
1778	0	25.26794	25.52428	-0.2563397	0.164517	0.000729971	0.99927	0.00145994	1.99854	0.8614611
1779	1	27.40734	27.20641	0.200926	-0.432118	0.00105047	0.99895	0.00210094	1.9979	0.5453153
1780	0	29.73083	29.04712	0.683706	-0.106746	0.000722247	0.999278	0.00144449	1.99856	0.3364953
1781	1	29.03287	28.66256	0.3703068	-0.0493814	0.000785905	0.999214	0.00157181	1.99843	0.4603483
1782	0	29.81373	29.02911	0.7846201	-0.0693922	0.00112217	0.998878	0.00224435	1.99776	0.3041953
1783	1	27.9627	27.74335	0.2193548	-0.185953	0.000930151	0.99907	0.0018603	1.99814	0.5353578
1784	0	28.72176	28.08776	0.6339937	0.167284	0.00143332	0.998567	0.00286665	1.99713	0.353646
1785	1	28.90525	28.18722	0.7180261	0.320061	0.000955809	0.999044	0.00191162	1.99809	0.3251427
1786	0	26.90251	25.70402	1.198495	-0.138057	0.00416095	0.995839	0.00832189	1.99168	0.2010985
1787	1	28.79739	27.93543	0.8619645	-0.405789	0.00139211	0.998608	0.00278421	1.99722	0.2815544
1788	0	28.25242	27.18136	1.071055	-0.234608	0.00261442	0.997386	0.00522885	1.99477	0.2284312
1789	1	29.68687	28.64743	1.039448	-0.0636807	0.000980259	0.99902	0.00196052	1.99804	0.2357665
1790	0	28.85228	28.40157	0.4507091	0.259432	0.000804214	0.999196	0.00160843	1.99839	0.4247841
1791	1	29.04673	28.10779	0.9389478	-0.278736	0.00174234	0.998258	0.00348468	1.99652	0.2606927
1792	0	29.32626	28.44241	0.88385	-0.232275	0.00154962	0.99845	0.00309923	1.9969	0.2754594
1793	1	23.03204	22.52936	0.5026759	0.297302	0.00478676	0.995213	0.00957352	1.99043	0.4032732
1794	0	25.09518	23.77199	1.323196	-0.532094	0.00275828	0.997242	0.00551655	1.99448	0.177522
1795	1	24.12239	23.08855	1.033842	0.126291	0.00692411	0.993076	0.0138482	1.98615	0.2370919
1796	0	27.37862	26.62512	0.7535011	0.444615	0.00187939	0.998121	0.00375878	1.99624	0.3138104
1797	1	27.30463	25.95234	1.352283	-0.279547	0.00321587	0.996784	0.00643173	1.99357	0.1724327
1798	0	27.27629	27.09874	0.1775493	0.434713	0.000850323	0.99915	0.00170065	1.9983	0.5582132
1799	1	22.62251	21.30726	1.315253	-0.0527026	0.0108505	0.989149	0.021701	1.9783	0.1789376
1800	0	28.25674	27.93587	0.3208681	0.157492	0.00097655	0.999023	0.0019531	1.99805	0.4836793
1801	1	23.88657	23.06373	0.8228418	-0.357865	0.00590488	0.994095	0.0118098	1.98819	0.2927879
1802	0	27.74587	27.55086	0.1950132	-0.218993	0.000956869	0.999043	0.00191374	1.99809	0.5485492
1803	1	28.25121	27.65572	0.59549	0.00300544	0.00168082	0.998319	0.00336164	1.99664	0.3675282
1804	0	28.8854	28.32549	0.5599071	-0.19426	0.00127126	0.998729	0.00254252	1.99746	0.3808414
1805	1	25.79053	25.11461	0.6759243	0.349846	0.00319691	0.996803	0.00639382	1.99361	0.339124
1806	0	28.29342	28.18669	0.1067285	0.0399373	0.000474896	0.999525	0.000949793	1.99905	0.5991798
1807	1	25.82232	25.27907	0.543252	0.391766	0.00265476	0.997345	0.00530953	1.99469	0.3872375
1808	0	29.84322	28.85996	0.9832597	-0.0563307	0.00101368	0.998986	0.00202736	1.99797	0.2493931
1809	1	28.90197	27.62788	1.274084	0.0659315	0.00117745	0.998823	0.00235491	1.99765	0.186458
1810	0	29.7089	28.88489	0.8240021	0.072687	0.000815284	0.999185	0.00163057	1.99837	0.2924484
1811	1	28.18733	27.82778	0.3595555	-0.277048	0.00113564	0.998864	0.00227127	1.99773	0.4653244
1812	0	29.6306	28.76155	0.8690479	0.0272362	0.000769579	0.99923	0.00153916	1.99846	0.2795671
1813	1	28.48947	28.0192	0.4702669	0.34052	0.000942632	0.999057	0.00188526	1.99811	0.416557
1814	0	28.47137	28.143	0.3283691	-0.0161996	0.000955838	0.999044	0.00191168	1.99809	0.4800648
1815	1	28.80273	28.34865	0.4540784	-0.214291	0.00107668	0.998923	0.00215336	1.99785	0.4233553
1816	0	28.21396	28.07912	0.1348363	-0.188473	0.0006498	0.99935	0.0012996	1.9987	0.5825726
1817	1	26.84747	26.81898	0.02849171	0.454694	0.000696778	0.999303	0.00139356	1.99861	0.6479402
1818	0	28.90084	28.5165	0.3843372	-0.28133	0.000823253	0.999177	0.00164651	1.99835	0.4539345
1819	1	28.33646	28.1158	0.2206587	0.243192	0.000531406	0.999469	0.00106281	1.99894	0.5346602
1820	0	29.78354	29.0563	0.7272468	-0.0580917	0.000746608	0.999253	0.00149322	1.99851	0.3221584
1821	1	29.45865	28.80034	0.6583071	-0.169595	0.00114388	0.998856	0.00228775	1.99771	0.3451514
1822	0	29.2211	28.59548	0.6256246	0.145741	0.00113412	0.998866	0.00226823	1.99773	0.3566181
1823	1	28.4205	27.70426	0.7162407	0.160038	0.000514776	0.999485	0.00102955	1.99897	0.3257237
1824	0	28.83329	28.48206	0.3512304	-0.29767	0.000765186	0.999235	0.00153037	1.99847	0.4692144
1825	1	29.18208	28.73325	0.4488328	-0.268284	0.000659917	0.99934	0.00131983	1.99868	0.4255819
1826	0	26.86391	26.59606	0.2678529	0.44817	0.00123832	0.998762	0.00247664	1.99752	0.5100136
1827	1	28.06553	27.15696	0.9085634	-0.474266	0.00106099	0.998939	0.00212197	1.99788	0.2687353
1828	0	28.24807	27.98022	0.2678529	-0.0176352	0.00036241	0.999638	0.00072482	1.99928	0.5100136
1829	1	29.58937	28.82845	0.7609194	0.0717725	0.00120458	0.998795	0.00240915	1.99759	0.3114911
1830	0	28.84014	28.2143	0.6258348	0.298353	0.00110797	0.998892	0.00221595	1.99778	0.3565432
1831	1	26.0112	25.92417	0.08703425	0.496786	0.00115234	0.998848	0.00230468	1.9977	0.6110971
1832	0	29.14522	28.5706	0.5746233	-0.0200428	0.00117462	0.998825	0.00234925	1.99765	0.3752779
1833	1	29.70705	28.84411	0.8629349	0.121636	0.000985099	0.999015	0.0019702	1.99803	0.2812813
1834	0	29.16667	28.23571	0.9309606	-0.33213	0.00100424	0.998996	0.00200848	1.99799	0.2627832
1835	1	28.24189	28.04735	0.1945429	-0.0134722	0.000761733	0.999238	0.00152347	1.99848	0.5488072
1836	0	29.07556	27.89468	1.180873	0.0426711	0.000988775	0.999011	0.00197755	1.99802	0.2046738
1837	1	29.29466	28.73465	0.5600081	0.114553	0.000601527	0.999398	0.00120305	1.9988	0.380803
1838	0	28.23899	27.38445	0.8545433	-0.0915867	0.00235556	0.997644	0.00471112	1.99529	0.2836516
1839	1	28.86422	28.5138	0.3504118	-0.0303198	0.000829007	0.999171	0.00165801	1.99834	0.4695986
1840	0	25.74732	24.23088	1.516438	0.240109	0.00426965	0.99573	0.00853929	1.99146	0.1463283
1841	1	28.85603	28.58709	0.2689372	0.00392001	0.000605603	0.999394	0.00121121	1.99879	0.5094608
1842	0	23.33857	22.35297	0.9855991	0.249991	0.00750727	0.992493	0.0150145	1.98499	0.2488104
1843	1	29.66486	28.9369	0.7279591	-0.229804	0.000984803	0.999015	0.00196961	1.99803	0.321929
1844	0	25.317	23.70393	1.613066	0.249588	0.00403856	0.995961	0.00807711	1.99192	0.1328505
1845	1	27.07484	26.08424	0.9906088	0.41759	0.000903905	0.999096	0.00180781	1.99819	0.247567
1846	0	29.36583	28.15261	1.213228	-0.0103086	0.00122062	0.998779	0.00244124	1.99756	0.1981575
1847	1	28.76227	27.9395	0.8227635	-0.426032	0.00106833	0.998932	0.00213667	1.99786	0.2928108
1848	0	29.03941	27.88299	1.156416	-0.253676	0.00176622	0.998234	0.00353244	1.99647	0.2097412
1849	1	26.7432	26.17922	0.5639816	-0.277573	0.00241094	0.997589	0.00482188	1.99518	0.3792929
1850	0	28.12889	26.97247	1.156416	-0.289413	0.00259614	0.997404	0.00519227	1.99481	0.2097412
1851	1	27.52413	26.73976	0.7843653	0.477899	0.00109194	0.998908	0.00218389	1.99782	0.3042729
1852	0	28.69361	27.86394	0.8296731	0.00523492	0.0019842	0.998016	0.0039684	1.99603	0.2907946
1853	1	29.09181	28.72189	0.3699188	-0.0191742	0.000739317	0.999261	0.00147863	1.99852	0.460527
1854	0	28.0797	26.81137	1.268337	0.0295101	0.00301266	0.996987	0.00602531	1.99397	0.1875327
1855	1	28.85728	28.51212	0.3451625	0.0834197	0.000482689	0.999517	0.000965379	1.99903	0.4720702
1856	0	29.71379	28.69764	1.016145	-0.0296261	0.000957284	0.999043	0.00191457	1.99809	0.2413251
1857	1	29.56703	28.9933	0.5737269	-0.00649296	0.000645472	0.999355	0.00129094	1.99871	0.3756145
1858	0	28.6644	27.82984	0.8345612	0.351092	0.00120281	0.998797	0.00240562	1.99759	0.2893766
1859	1	28.90927	28.46789	0.4413792	0.244594	0.000738989	0.999261	0.00147798	1.99852	0.4287659
1860	0	27.69262	27.13472	0.5578962	-0.0975909	0.00188287	0.998117	0.00376574	1.99623	0.381608
1861	1	28.97204	27.77896	1.193084	0.0373965	0.00215263	0.997847	0.00430526	1.99569	0.2021896
1862	0	28.02658	27.1532	0.8733849	-0.422885	0.00076883	0.999231	0.00153766	1.99846	0.2783572
1863	1	29.38494	28.35752	1.027411	-0.177834	0.00170333	0.998297	0.00340666	1.99659	0.2386217
1864	0	27.96665	27.83053	0.1361179	-0.0889071	0.000336195	0.999664	0.000672389	1.99933	0.5818265
1865	1	29.54051	28.64221	0.8983056	-0.242905	0.00133247	0.998668	0.00266494	1.99734	0.2715061
1866	0	27.19481	27.07659	0.1182211	-0.180881	0.000280186	0.99972	0.000560371	1.99944	0.592333
1867	1	28.2306	27.00008	1.230519	-0.0605414	0.00215526	0.997845	0.00431052	1.99569	0.1947606
1868	0	27.2027	26.66777	0.5349275	0.0486196	0.000338661	0.999661	0.000677323	1.99932	0.3904745
1869	1	28.81438	27.66411	1.150271	-0.213213	0.00217758	0.997822	0.00435515	1.99564	0.211034
1870	0	28.47046	28.21888	0.2515803	0.233032	0.000587612	0.999412	0.00117522	1.99882	0.5183807
1871	1	27.27678	26.23403	1.042751	-0.0855073	0.00355917	0.996441	0.00711835	1.99288	0.2349892
1872	0	28.78679	28.21712	0.5696691	0.274399	0.000632258	0.999368	0.00126452	1.99874	0.3771417
1873	1	29.17207	28.06273	1.109332	-0.277392	0.00149562	0.998504	0.00299124	1.99701	0.2198527
1874	0	28.89007	27.96808	0.9219935	0.138889	0.00190387	0.998096	0.00380773	1.99619	0.2651503
1875	1	29.65206	28.65206	0.9999912	0.111434	0.00120613	0.998794	0.00241227	1.99759	0.2452551
1876	0	28.76662	28.45613	0.3104956	0.131515	0.000711871	0.999288	0.00142374	1.99858	0.4887224
1877	1	29.26785	28.3834	0.8844504	0.205492	0.00139333	0.998607	0.00278666	1.99721	0.2752941
1878	0	29.55747	28.92519	0.6322785	-0.0879022	0.00104761	0.998952	0.00209522	1.9979	0.3542531
1879	1	29.21069	28.60808	0.6026104	0.0348662	0.00054204	0.999458	0.00108408	1.99892	0.3649206
1880	0	28.1053	27.84298	0.2623132	0.319545	0.000513086	0.999487	0.00102617	1.99897	0.5128467
1881	1	28.30931	28.05664	0.2526731	0.0146235	0.000372887	0.999627	0.000745774	1.99925	0.5178145
1882	0	25.48856	25.81108	-0.322515	-0.496018	0.000624656	0.999375	0.00124931	1.99875	0.9203971
1883	1	28.83574	27.90827	0.9274725	0.207757	0.0018166	0.998183	0.00363321	1.99637	0.2637015
1884	0	23.46068	23.45639	0.004298289	-0.319434	0.000173427	0.999827	0.000346854	1.99965	0.6638073
1885	1	29.59179	28.56273	1.029054	0.116173	0.00129497	0.998705	0.00258994	1.99741	0.2382299
1886	0	25.81632	25.76066	0.05565966	-0.220448	0.000219442	0.999781	0.000438883	1.99956	0.630574
1887	1	29.12452	28.19129	0.9332296	0.111121	0.00178093	0.998219	0.00356186	1.99644	0.2621877
1888	0	27.95715	27.8908	0.06635134	-0.173576	0.000610474	0.99939	0.00122095	1.99878	0.623868
1889	1	28.4057	26.98574	1.419963	0.0615314	0.00211947	0.997881	0.00423893	1.99576	0.1611486
1890	0	26.33704	26.28123	0.0558101	-0.566191	0.000415161	0.999585	0.000830322	1.99917	0.6304791
1891	1	28.45047	27.21534	1.235125	0.0261073	0.000889819	0.99911	0.00177964	1.99822	0.1938657
1892	0	27.59232	27.06629	0.5260212	-0.239565	0.000379228	0.999621	0.000758456	1.99924	0.3939677
1893	1	29.32473	28.57762	0.7471115	-0.218384	0.00136505	0.998635	0.00273011	1.99727	0.315822
1894	0	29.21672	28.69167	0.5250483	0.0989104	0.000564228	0.999436	0.00112846	1.99887	0.3943512
1895	1	28.7322	27.94144	0.7907646	0.333398	0.000912832	0.999087	0.00182566	1.99817	0.3023319
1896	0	26.0326	25.1098	0.9227942	-0.196412	0.000429919	0.99957	0.000859838	1.99914	0.264938
1897	1	29.42639	28.85949	0.5668996	-0.248181	0.000711627	0.999288	0.00142325	1.99858	0.3781877
1898	0	29.80467	28.83196	0.9727107	-0.0815196	0.0013333	0.998667	0.00266661	1.99733	0.2520379
1899	1	28.28606	27.75865	0.5274054	-0.371124	0.000519498	0.999481	0.001039	1.99896	0.3934228
1900	0	29.11945	28.18116	0.9382853	0.258717	0.00129022	0.99871	0.00258044	1.99742	0.2608655
1901	1	26.48421	26.69916	-0.2149484	0.140541	0.000512002	0.999488	0.001024	1.99898	0.8265319
1902	0	27.04533	25.86158	1.18375	-0.486169	0.001698	0.998302	0.00339599	1.9966	0.2040857
1903	1	28.45975	28.16125	0.2984956	-0.187369	0.00090201	0.999098	0.00180402	1.9982	0.4946224
1904	0	24.82994	23.19607	1.63387	0.239956	0.00471483	0.995285	0.00942966	1.99057	0.1301152
1905	1	29.46078	28.46896	0.9918187	-0.230694	0.0014934	0.998507	0.00298681	1.99701	0.2472677
1906	0	27.00226	25.53757	1.46469	-0.161935	0.00373495	0.996265	0.00746991	1.99253	0.1540997
1907	1	29.52445	28.69071	0.83374	0.15113	0.000839863	0.99916	0.00167973	1.99832	0.2896143
1908	0	28.91202	27.88554	1.026479	-0.358275	0.00122794	0.998772	0.00245588	1.99754	0.2388441
1909	1	28.56544	27.94432	0.6211277	0.199708	0.00146243	0.998538	0.00292486	1.99708	0.3582254
1910	0	29.18344	28.39273	0.7907101	-0.0113855	0.001596	0.998404	0.00319201	1.99681	0.3023484
1911	1	26.77521	26.00373	0.7714769	-0.460573	0.000574605	0.999425	0.00114921	1.99885	0.3082198
1912	0	29.76108	29.04812	0.7129546	-0.0513032	0.00104131	0.998959	0.00208262	1.99792	0.3267958
1913	1	25.47266	25.52956	-0.05689491	0.118464	0.00108327	0.998917	0.00216654	1.99783	0.7056964
1914	0	28.33799	27.3191	1.01889	-0.371045	0.00207132	0.997929	0.00414265	1.99586	0.2406636
1915	1	25.97114	26.27546	-0.3043177	-0.231395	0.000521836	0.999478	0.00104367	1.99896	0.9037998
1916	0	29.58452	28.49156	1.092962	-0.000212534	0.00157733	0.998423	0.00315467	1.99685	0.2234814
1917	1	27.59985	27.49965	0.1002004	-0.181669	0.000809062	0.999191	0.00161812	1.99838	0.6031041
1918	0	28.34232	27.64205	0.7002671	-0.465382	0.00140118	0.998599	0.00280237	1.9972	0.3309684
1919	1	27.17735	26.58305	0.5943061	0.218968	0.000393652	0.999606	0.000787304	1.99921	0.3679636
1920	0	29.68649	28.77813	0.908353	0.015829	0.00082189	0.999178	0.00164378	1.99836	0.2687918
1921	1	28.55078	27.62731	0.9234688	0.248275	0.00193381	0.998066	0.00386761	1.99613	0.2647594
1922	0	29.28199	28.12973	1.152256	-0.172483	0.00177081	0.998229	0.00354163	1.99646	0.2106155
1923	1	29.89822	29.07041	0.8278125	-0.0931795	0.000897971	0.999102	0.00179594	1.9982	0.2913361
1924	0	29.45491	28.57851	0.8764024	0.0975687	0.00146132	0.998539	0.00292265	1.99708	0.2775186
1925	1	29.19785	28.09168	1.106168	-0.0744648	0.000874179	0.999126	0.00174836	1.99825	0.2205495
1926	0	27.16945	26.74065	0.4287933	-0.175221	0.0017742	0.998226	0.0035484	1.99645	0.4341964
1927	1	29.55711	28.45095	1.106168	0.0746298	0.001414	0.998586	0.002828	1.99717	0.2205495
1928	0	28.35719	27.04581	1.311376	-0.0170903	0.000991436	0.999009	0.00198287	1.99802	0.1796326
1929	1	28.90763	28.28624	0.6213954	-0.116869	0.000493901	0.999506	0.000987802	1.99901	0.3581295
1930	0	29.13762	28.17663	0.9609889	0.158887	0.00171349	0.998287	0.00342698	1.99657	0.2550096
1931	1	29.24267	28.65077	0.5919059	0.153693	0.00103799	0.998962	0.00207598	1.99792	0.3688479
1932	0	27.37792	26.45106	0.9268516	0.443006	0.0019477	0.998052	0.0038954	1.9961	0.2638652
1933	1	28.02259	27.35498	0.6676126	0.102833	0.00195404	0.998046	0.00390808	1.99609	0.3419545
1934	0	28.73119	28.2477	0.4834984	0.100764	0.00114423	0.998856	0.00228846	1.99771	0.4110816
1935	1	27.53993	26.11499	1.42494	-0.305983	0.00229191	0.997708	0.00458383	1.99542	0.1603486
1936	0	29.42742	28.61085	0.8165773	0.129556	0.00134975	0.99865	0.00269951	1.9973	0.2946278
1937	1	29.16709	28.14092	1.026169	-0.109044	0.00196585	0.998034	0.00393171	1.99607	0.2389181
1938	0	26.41056	25.54741	0.8631526	-0.566496	0.000902328	0.999098	0.00180466	1.9982	0.2812201
1939	1	28.25371	27.17262	1.081091	-0.069167	0.00278941	0.997211	0.00557881	1.99442	0.2261502
1940	0	28.67428	27.81113	0.8631526	0.264365	0.00171497	0.998285	0.00342994	1.99657	0.2812201
1941	1	27.29935	26.71769	0.5816614	0.44429	0.000616048	0.999384	0.0012321	1.99877	0.372646
1942	0	29.25101	28.27416	0.9768582	-0.299713	0.00101574	0.998984	0.00203149	1.99797	0.2509947
1943	1	29.44826	28.73527	0.7129913	0.0883305	0.00121049	0.99879	0.00242098	1.99758	0.3267838
1944	0	27.64701	27.58514	0.06187092	-0.155476	0.000715591	0.999284	0.00143118	1.99857	0.6266695
1945	1	28.67866	27.41496	1.263701	0.186189	0.00140218	0.998598	0.00280437	1.9972	0.1884041
1946	0	28.69484	28.37594	0.3189072	0.219341	0.000616811	0.999383	0.00123362	1.99877	0.4846287
1947	1	29.79783	28.96362	0.8342108	-0.191476	0.000977637	0.999022	0.00195527	1.99804	0.289478
1948	0	28.29229	27.17206	1.120238	0.310163	0.00182799	0.998172	0.00365598	1.99634	0.2174682
1949	1	29.50754	28.50553	1.002014	0.0811511	0.00155373	0.998446	0.00310745	1.99689	0.2447596
1950	0	29.86977	28.9695	0.9002626	0.0366438	0.00104236	0.998958	0.00208473	1.99792	0.2709753
1951	1	29.26927	28.29733	0.9719357	-0.206848	0.00172873	0.998271	0.00345746	1.99654	0.2522333
1952	0	27.44121	26.49498	0.9462356	-0.450969	0.00243241	0.997568	0.00486481	1.99514	0.2587997
1953	1	28.3935	27.63694	0.7565619	-0.0676059	0.000482022	0.999518	0.000964044	1.99904	0.3128514
1954	0	29.01076	27.95688	1.053873	-0.334879	0.00140238	0.998598	0.00280476	1.9972	0.2323901
1955	1	27.7279	27.59411	0.1337972	0.24453	0.000749394	0.999251	0.00149879	1.9985	0.5831783
1956	0	29.79856	29.12093	0.6776327	-0.0933794	0.000896455	0.999104	0.00179291	1.99821	0.3385452
1957	1	29.62236	28.51862	1.103737	-0.151422	0.0013168	0.998683	0.0026336	1.99737	0.2210862
1958	0	28.90886	28.23122	0.6776327	-0.00920409	0.00152557	0.998474	0.00305115	1.99695	0.3385452
1959	1	29.61976	28.85691	0.7628497	0.12167	0.000801681	0.999198	0.00160336	1.9984	0.3108904
1960	0	25.80792	24.79357	1.014354	0.0645031	0.0048569	0.995143	0.00971379	1.99029	0.2417578
1961	1	28.42909	27.15104	1.278051	-0.0503536	0.00269381	0.997306	0.00538762	1.99461	0.1857199
1962	0	24.53921	22.8923	1.646912	-0.064131	0.0064757	0.993524	0.0129514	1.98705	0.1284292
1963	1	27.36436	26.33363	1.030727	0.309579	0.00283308	0.997167	0.00566616	1.99433	0.2378316
1964	0	27.09366	25.97166	1.121997	-0.339984	0.0033787	0.996621	0.0067574	1.99324	0.217086
1965	1	28.89516	27.97313	0.9220244	0.214581	0.00174367	0.998256	0.00348733	1.99651	0.2651421
1966	0	26.18751	25.02626	1.161246	0.459447	0.0026543	0.997346	0.0053086	1.99469	0.2087306
1967	1	29.46805	28.69931	0.7687366	0.0821637	0.00130346	0.998697	0.00260692	1.99739	0.3090656
1968	0	29.39744	28.35119	1.046246	0.125147	0.000996837	0.999003	0.00199367	1.99801	0.2341691
1969	1	29.82072	29.08055	0.7401654	-0.131717	0.000820877	0.999179	0.00164175	1.99836	0.3180234
1970	0	28.56682	27.2353	1.331517	-0.237035	0.00152255	0.998477	0.00304509	1.99695	0.1760509
1971	1	28.50033	28.05471	0.4456179	0.201397	0.00111052	0.998889	0.00222104	1.99778	0.4269523
1972	0	29.78154	28.71769	1.063855	-0.0285685	0.00120163	0.998798	0.00240325	1.9976	0.2300819
1973	1	28.9439	28.16862	0.7752738	0.0337133	0.000965577	0.999034	0.00193115	1.99807	0.3070518
1974	0	29.71727	28.92949	0.787784	-0.140602	0.00119202	0.998808	0.00238403	1.99762	0.3032344
1975	1	28.85776	28.50938	0.3483778	0.18422	0.000619062	0.999381	0.00123812	1.99876	0.4705548
1976	0	29.7552	29.07523	0.6799636	-0.0982453	0.000969641	0.99903	0.00193928	1.99806	0.337757
1977	1	29.41075	28.80987	0.6008748	0.165973	0.000760146	0.99924	0.00152029	1.99848	0.3655545
1978	0	29.63432	28.68194	0.9523721	0.115438	0.000986359	0.999014	0.00197272	1.99803	0.2572165
1979	1	28.77317	27.67229	1.100872	0.262562	0.00157153	0.998428	0.00314306	1.99686	0.2217206
1980	0	27.05927	26.60178	0.457493	-0.37389	0.00187365	0.998126	0.00374731	1.99625	0.4219122
1981	1	28.57198	28.26497	0.3070161	0.2241	0.000525784	0.999474	0.00105157	1.99895	0.4904258
1982	0	29.38075	28.67812	0.7026278	0.185955	0.00108224	0.998918	0.00216449	1.99784	0.3301881
1983	1	29.14287	28.27702	0.8658565	0.269461	0.00106001	0.99894	0.00212001	1.99788	0.2804607
1984	0	25.38785	25.38162	0.006230114	-0.701631	0.00103479	0.998965	0.00206957	1.99793	0.6625262
1985	1	25.63785	24.18157	1.456276	0.372417	0.00160212	0.998398	0.00320425	1.9968	0.1554018
1986	0	29.53815	28.82627	0.7118865	-0.255611	0.00106223	0.998938	0.00212445	1.99788	0.327145
1987	1	28.01202	26.69148	1.32054	0.189589	0.00254181	0.997458	0.00508363	1.99492	0.1779941
1988	0	29.24074	28.55509	0.6856454	-0.101086	0.00056405	0.999436	0.0011281	1.99887	0.3358433
1989	1	28.86403	27.79426	1.069772	-0.328269	0.00171251	0.998287	0.00342501	1.99657	0.2287246
1990	0	27.50756	26.06644	1.44112	-0.309685	0.00197544	0.998025	0.00395088	1.99605	0.157775
1991	1	29.7187	28.8363	0.8824048	-0.123904	0.00133548	0.998665	0.00267096	1.99733	0.2758578
1992	0	26.0043	24.90596	1.098336	0.0863349	0.00488316	0.995117	0.00976631	1.99023	0.2222836
1993	1	29.47796	28.98151	0.4964551	-0.0839678	0.000775389	0.999225	0.00155078	1.99845	0.4057897
1994	0	25.14114	23.49041	1.650727	0.0554826	0.00539796	0.994602	0.0107959	1.9892	0.1279402
1995	1	29.26306	28.06393	1.199138	0.0814162	0.00167675	0.998323	0.0033535	1.99665	0.2009692
1996	0	28.50705	27.47424	1.032808	0.126849	0.0023708	0.997629	0.00474161	1.99526	0.2373372
1997	1	27.32236	26.65258	0.6697822	0.493723	0.000877239	0.999123	0.00175448	1.99825	0.3412134
1998	0	28.65501	27.64187	1.013139	0.0857068	0.00228577	0.997714	0.00457155	1.99543	0.2420517
1999	1	29.41598	28.46703	0.948951	0.160041	0.00142841	0.998572	0.00285682	1.99714	0.258098
2000	0	27.54807	26.6664	0.8816719	-0.386074	0.00255944	0.997441	0.00511887	1.99488	0.27606
2001	1	29.08929	28.75101	0.3382809	-0.0533487	0.000646271	0.999354	0.00129254	1.99871	0.47533
2002	0	28.33907	27.83516	0.5039152	-0.250983	0.0014032	0.998597	0.00280639	1.99719	0.4027738
2003	1	24.02327	23.61315	0.4101227	-0.274473	0.00355629	0.996444	0.00711258	1.99289	0.4423792
2004	0	28.86193	27.98148	0.8804516	-0.145142	0.00197057	0.998029	0.00394114	1.99606	0.2763971
2005	1	27.1151	26.60736	0.5077403	-0.328027	0.00200824	0.997992	0.00401648	1.99598	0.401236
2006	0	28.11463	28.05037	0.06425424	-0.119206	0.00052975	0.99947	0.0010595	1.99894	0.6251777
2007	1	29.88608	29.02384	0.8622341	-0.0402764	0.000891055	0.999109	0.00178211	1.99822	0.2814785
2008	0	27.56605	26.80436	0.7616809	-0.529661	0.000899411	0.999101	0.00179882	1.9982	0.311254
2009	1	29.55047	28.41767	1.132794	0.0581258	0.00139234	0.998608	0.00278468	1.99722	0.2147546
2010	0	26.6815	26.28313	0.3983614	0.0683492	0.00187948	0.998121	0.00375897	1.99624	0.4476129
2011	1	29.38531	28.18656	1.19875	0.054312	0.00151823	0.998482	0.00303647	1.99696	0.2010474
2012	0	27.51406	27.22681	0.2872486	0.415005	0.000507399	0.999493	0.0010148	1.99899	0.5002168
2013	1	29.56804	28.80389	0.7641475	-0.23859	0.000793509	0.999206	0.00158702	1.99841	0.3104872
2014	0	28.33955	27.57524	0.7643075	0.144791	0.000519933	0.99948	0.00103987	1.99896	0.3104375
2015	1	25.18776	24.54428	0.6434809	-0.356266	0.00375965	0.99624	0.0075193	1.99248	0.3503068
2016	0	27.04942	26.72274	0.3266851	0.376197	0.00137616	0.998624	0.00275232	1.99725	0.4808739
2017	1	29.73281	28.95306	0.7797484	0.00189135	0.00117322	0.998827	0.00234644	1.99765	0.3056809
2018	0	27.94622	26.96321	0.9830086	-0.466953	0.00177451	0.998225	0.00354902	1.99645	0.2494557
2019	1	29.56854	29.01753	0.5510129	-0.149932	0.000701555	0.999298	0.00140311	1.9986	0.3842438
2020	0	29.55184	28.73366	0.8181746	0.170911	0.00109419	0.998906	0.00218837	1.99781	0.2941576
2021	1	28.95235	27.9067	1.045649	0.260021	0.00126734	0.998733	0.00253469	1.99747	0.234309
2022	0	29.35704	28.18241	1.174632	0.0832179	0.0012406	0.998759	0.00248119	1.99752	0.2059551
2023	1	27.03167	26.78158	0.2500937	0.513998	0.000916428	0.999084	0.00183286	1.99817	0.5191519
2024	0	28.01133	27.63162	0.3797133	0.207042	0.00118926	0.998811	0.00237852	1.99762	0.4560384
2025	1	25.53352	25.72379	-0.1902731	0.512948	0.000344136	0.999656	0.000688271	1.99931	0.8063866
2026	0	27.23946	27.08247	0.1569875	-0.557098	0.000597466	0.999403	0.00119493	1.99881	0.5698098
2027	1	28.31642	28.0695	0.2469157	-0.150706	0.000853277	0.999147	0.00170655	1.99829	0.5208044
2028	0	26.56329	26.4344	0.1288895	-0.490509	0.0012059	0.998794	0.0024118	1.99759	0.5860474
2029	1	29.18168	27.94185	1.239838	-0.0163683	0.00115533	0.998845	0.00231065	1.99769	0.192954
2030	0	28.87587	27.90191	0.9739613	-0.224489	0.00202446	0.997976	0.00404893	1.99595	0.2517229
2031	1	29.33209	28.52282	0.8092752	-0.228472	0.00144968	0.99855	0.00289937	1.9971	0.2967871
2032	0	29.79336	28.82011	0.9732484	-0.135176	0.00128469	0.998715	0.00256938	1.99743	0.2519024
2033	1	29.47333	28.93915	0.5341728	0.0819763	0.000764729	0.999235	0.00152946	1.99847	0.3907693
2034	0	28.77027	27.64383	1.126438	0.0849682	0.0022857	0.997714	0.0045714	1.99543	0.2161239
2035	1	29.20588	28.25415	0.9517375	-0.3358	0.00122129	0.998779	0.00244257	1.99756	0.2573798
2036	0	29.16439	28.05214	1.112251	0.186286	0.00123131	0.998769	0.00246262	1.99754	0.2192119
2037	1	28.81482	28.26672	0.5481027	0.251511	0.000600159	0.9994	0.00120032	1.9988	0.3853637
2038	0	26.42593	24.76355	1.662385	0.0910412	0.00315791	0.996842	0.00631582	1.99368	0.1264574
2039	1	25.39287	25.23117	0.1617016	0.398759	0.000283909	0.999716	0.000567817	1.99943	0.56713
2040	0	26.79521	25.37304	1.422165	-0.38782	0.00172751	0.998272	0.00345502	1.99654	0.1607942
2041	1	26.49487	26.6789	-0.1840308	0.183718	0.000557075	0.999443	0.00111415	1.99889	0.8013686
2042	0	26.89617	26.4135	0.4826745	0.126745	0.00202113	0.997979	0.00404226	1.99596	0.4114204
2043	1	29.33841	28.78347	0.5549447	-0.289397	0.000794548	0.999205	0.0015891	1.99841	0.382736
2044	0	29.23576	28.21782	1.017946	-0.00964522	0.00190512	0.998095	0.00381024	1.99619	0.2408909
2045	1	29.01717	28.18584	0.831329	-0.360812	0.000869767	0.99913	0.00173953	1.99826	0.2903135
2046	0	27.66876	27.16018	0.5085787	-0.104088	0.00175707	0.998243	0.00351414	1.99649	0.4008998
2047	1	27.31667	26.85008	0.4665967	-0.377703	0.00176144	0.998239	0.00352287	1.99648	0.4180887
2048	0	29.17387	28.47403	0.6998451	0.0537473	0.00139252	0.998607	0.00278504	1.99721	0.3311082
2049	1	29.5654	28.48849	1.076903	0.0974223	0.00118939	0.998811	0.00237878	1.99762	0.2270992
2050	0	27.35532	27.10278	0.2525388	-0.488822	0.00113402	0.998866	0.00226804	1.99773	0.5178841
2051	1	29.33444	28.3758	0.9586437	0.212824	0.00123751	0.998762	0.00247502	1.99752	0.2556084
2052	0	27.96006	27.71043	0.2496342	0.245347	0.000404874	0.999595	0.000809748	1.99919	0.5193905
2053	1	29.65577	28.68696	0.9688097	-0.0213699	0.00149831	0.998502	0.00299662	1.997	0.253023
2054	0	29.19956	28.36165	0.8379195	0.161691	0.00150856	0.998491	0.00301713	1.99698	0.2884064
2055	1	26.84949	26.56122	0.2882704	-0.354086	0.00152118	0.998479	0.00304236	1.99696	0.4997059
2056	0	24.7621	24.49738	0.2647274	-0.192542	0.00240474	0.997595	0.00480949	1.99519	0.5116101
2057	1	28.19939	28.11286	0.08652109	0.0574095	0.000483448	0.999517	0.000966896	1.99903	0.6114108
2058	0	28.69165	27.53995	1.151698	0.116128	0.00230119	0.997699	0.00460237	1.9954	0.2107331
2059	1	29.32947	28.65844	0.6710339	-0.0229763	0.000573374	0.999427	0.00114675	1.99885	0.3407865
2060	0	29.54421	28.41075	1.133458	-0.0979375	0.00158459	0.998415	0.00316918	1.99683	0.214612
2061	1	26.80278	25.649	1.153773	0.15455	0.000637888	0.999362	0.00127578	1.99872	0.2102962
2062	0	28.53713	27.51647	1.020657	-0.0775685	0.00247099	0.997529	0.00494199	1.99506	0.2402387
2063	1	29.05628	28.34643	0.7098524	-0.345936	0.00127986	0.99872	0.00255972	1.99744	0.3278112
2064	0	28.07215	27.12264	0.9495056	-0.229127	0.00259912	0.997401	0.00519825	1.9948	0.2579549
2065	1	28.96871	27.74336	1.225345	0.0421218	0.00211664	0.997883	0.00423328	1.99577	0.195771
2066	0	26.24857	24.88221	1.366359	-0.183205	0.00481825	0.995182	0.00963651	1.99036	0.1700226
2067	1	28.28258	27.09851	1.184075	-0.107624	0.0028372	0.997163	0.0056744	1.99433	0.2040194
2068	0	28.05442	27.37129	0.6831269	0.439522	0.0010163	0.998984	0.00203259	1.99797	0.3366902
2069	1	28.30015	27.4806	0.8195556	-0.176484	0.00181229	0.998188	0.00362458	1.99638	0.2937516
2070	0	25.82169	25.92568	-0.1039904	0.569866	0.000659273	0.999341	0.00131855	1.99868	0.7397265
2071	1	29.0554	28.39104	0.6643617	0.0560135	0.0013882	0.998612	0.00277639	1.99722	0.3430679
2072	0	29.85907	28.99747	0.8616069	0.00963056	0.000892936	0.999107	0.00178587	1.99821	0.2816551
2073	1	29.61274	28.67574	0.9370049	0.138199	0.001223	0.998777	0.00244599	1.99755	0.2611997
2074	0	28.87909	28.50678	0.3723122	0.170041	0.000752989	0.999247	0.00150598	1.99849	0.459426
2075	1	28.81945	27.92116	0.8982848	0.281595	0.00155465	0.998445	0.00310931	1.99689	0.2715117
2076	0	28.55239	28.08731	0.4650749	-0.193301	0.00122739	0.998773	0.00245478	1.99755	0.4187254
2077	1	29.20587	28.4895	0.7163741	0.112992	0.00135931	0.998641	0.00271862	1.99728	0.3256803
2078	0	28.32756	27.54744	0.7801249	-0.336446	0.00193554	0.998064	0.00387108	1.99613	0.3055658
2079	1	28.42592	27.57891	0.8470023	-0.207154	0.00216316	0.997837	0.00432632	1.99567	0.2857987
2080	0	28.31942	26.97034	1.349077	0.0325403	0.00263957	0.99736	0.00527915	1.99472	0.1729864
2081	1	26.59295	25.14915	1.443807	-0.381886	0.00160681	0.998393	0.00321363	1.99679	0.1573516
2082	0	29.12297	28.3126	0.8103645	-0.264647	0.00155439	0.998446	0.00310877	1.99689	0.296464
2083	1	28.33958	27.37985	0.959726	-0.224187	0.00241882	0.997581	0.00483764	1.99516	0.2553319
2084	0	29.56701	28.84055	0.7264598	-0.203645	0.00115805	0.998842	0.0023161	1.99768	0.322412
2085	1	27.09827	26.46707	0.6312047	0.165667	0.00235677	0.997643	0.00471354	1.99529	0.3546337
2086	0	25.02908	24.74228	0.286802	0.676717	0.000943039	0.999057	0.00188608	1.99811	0.5004402
2087	1	28.49237	27.54459	0.9477882	-0.265617	0.00221982	0.99778	0.00443964	1.99556	0.2583983
2088	0	29.66627	28.75794	0.9083253	0.129492	0.0010148	0.998985	0.00202959	1.99797	0.2687993
2089	1	29.66251	28.75184	0.9106718	0.0353948	0.00139549	0.998605	0.00279098	1.99721	0.2681693
2090	0	29.32543	28.41711	0.9083253	-0.0255912	0.00170492	0.998295	0.00340985	1.99659	0.2687993
2091	1	27.88915	27.14296	0.7461914	0.379447	0.000699042	0.999301	0.00139808	1.9986	0.3161127
2092	0	29.03711	28.03083	1.006283	0.247996	0.0010934	0.998907	0.00218681	1.99781	0.2437168
2093	1	28.01418	26.97799	1.036193	0.321221	0.000914873	0.999085	0.00182975	1.99817	0.2365352
2094	0	28.43067	27.57547	0.8552066	-0.0620036	0.0022282	0.997772	0.0044564	1.99554	0.2834636
2095	1	20.24593	20.59978	-0.3538512	-0.21349	0.00197345	0.998027	0.0039469	1.99605	0.9496954
2096	0	29.59135	28.96851	0.6228324	-0.200495	0.000919168	0.999081	0.00183834	1.99816	0.3576153
2097	1	29.50315	28.99061	0.5125352	-0.154147	0.000711228	0.999289	0.00142246	1.99858	0.3993168
2098	0	29.48611	28.8473	0.6388109	-0.0521879	0.00111086	0.998889	0.00222172	1.99778	0.3519465
2099	1	29.05377	28.54358	0.5101877	0.0268455	0.000494888	0.999505	0.000989777	1.99901	0.4002552
2100	0	29.25068	28.18446	1.066215	-0.264216	0.00108703	0.998913	0.00217406	1.99783	0.2295395
2101	1	29.1247	28.44161	0.6830958	0.201816	0.000662252	0.999338	0.0013245	1.99868	0.3367007
2102	0	29.15333	28.37951	0.7738219	-0.369536	0.000969177	0.999031	0.00193835	1.99806	0.3074979
2103	1	27.55871	27.24802	0.3106844	0.464328	0.000677533	0.999322	0.00135507	1.99864	0.4886301
2104	0	28.75727	28.15817	0.5990979	-0.0461564	0.000463289	0.999537	0.000926578	1.99907	0.3662046
2105	1	27.08586	27.20496	-0.1190967	0.0625499	0.000522935	0.999477	0.00104587	1.99895	0.7509859
2106	0	28.62895	28.43806	0.1908903	-0.0261416	0.000495089	0.999505	0.000990178	1.99901	0.5508155
2107	1	26.59382	26.74125	-0.1474229	-0.511563	0.000561567	0.999438	0.00112313	1.99888	0.7725626
2108	0	29.26102	28.18476	1.076256	-0.209284	0.000964589	0.999035	0.00192918	1.99807	0.2272463
2109	1	28.01803	27.98742	0.03060609	-0.0952319	0.000399811	0.9996	0.000799623	1.9992	0.6465717
2110	0	27.48531	25.9602	1.52511	0.0910309	0.00275375	0.997246	0.0055075	1.99449	0.1450647
2111	1	24.32085	24.15011	0.170742	-0.343549	0.00231337	0.997687	0.00462673	1.99537	0.562026
2112	0	22.4458	20.47673	1.969071	0.168804	0.0041887	0.995811	0.0083774	1.99162	0.09305769
2113	1	29.32947	28.25712	1.07235	0.145795	0.0015638	0.998436	0.00312761	1.99687	0.2281357
2114	0	20.6095	19.83188	0.7776245	-0.283528	0.0107549	0.989245	0.0215099	1.97849	0.3063308
2115	1	26.88322	25.54812	1.335104	-0.00226322	0.00428003	0.99572	0.00856007	1.99144	0.1754206
2116	0	28.65879	27.93742	0.7213729	-0.450785	0.00102229	0.998978	0.00204459	1.99796	0.3240563
2117	1	28.54229	27.25211	1.290183	-0.186738	0.00236016	0.99764	0.00472033	1.99528	0.1834803
2118	0	26.93502	27.07	-0.1349843	-0.342157	0.000552859	0.999447	0.00110572	1.99889	0.7630125
2119	1	28.0966	27.54907	0.5475311	-0.303968	0.00160365	0.998396	0.00320729	1.99679	0.385584
2120	0	25.28497	24.9919	0.2930689	0.0318473	0.00220349	0.997797	0.00440698	1.99559	0.4973138
2121	1	25.95559	24.94086	1.014727	-0.434157	0.00394488	0.996055	0.00788977	1.99211	0.2416677
2122	0	27.13619	26.85607	0.2801289	-0.12259	0.00137669	0.998623	0.00275339	1.99725	0.5037909
2123	1	25.51027	25.33175	0.1785168	0.345847	0.00168238	0.998318	0.00336476	1.99664	0.5576734
2124	0	28.74523	28.2775	0.4677305	0.293451	0.00085276	0.999147	0.00170552	1.99829	0.4176149
2125	1	25.61667	25.54454	0.07213253	0.565506	0.00119099	0.998809	0.00238197	1.99762	0.6202717
2126	0	26.64164	26.6646	-0.0229639	-0.399876	0.000865783	0.999134	0.00173157	1.99827	0.6821531
2127	1	29.42527	28.73576	0.6895075	-0.280644	0.000764317	0.999236	0.00152863	1.99847	0.3345488
2128	0	29.21927	28.63389	0.5853814	0.221241	0.000754149	0.999246	0.0015083	1.99849	0.3712623
2129	1	28.50092	27.83909	0.6618268	0.221941	0.00156159	0.998438	0.00312319	1.99688	0.3439387
2130	0	26.11348	25.86268	0.2508086	0.529108	0.00142743	0.998573	0.00285485	1.99715	0.5187809
2131	1	27.84286	27.55558	0.2872747	-0.0693307	0.00111852	0.998881	0.00223705	1.99776	0.5002037
2132	0	26.50114	26.12139	0.3797513	0.473523	0.00164199	0.998358	0.00328397	1.99672	0.456021
2133	1	29.88783	28.94102	0.9468153	-0.0388404	0.00119209	0.998808	0.00238419	1.99762	0.2586498
2134	0	29.68656	28.97477	0.7117882	-0.126325	0.00109408	0.998906	0.00218817	1.99781	0.3271772
2135	1	27.02852	26.30787	0.7206504	-0.561659	0.00190556	0.998094	0.00381111	1.99619	0.3242905
2136	0	29.65712	28.94533	0.7117882	0.00347185	0.000687865	0.999312	0.00137573	1.99862	0.3271772
2137	1	28.83803	27.52434	1.313691	0.0120359	0.00212804	0.997872	0.00425608	1.99574	0.1792174
2138	0	29.7663	29.11553	0.6507764	-0.0145801	0.000786104	0.999214	0.00157221	1.99843	0.3477604
2139	1	28.7983	27.47345	1.324841	-0.133659	0.00207221	0.997928	0.00414441	1.99586	0.1772302
2140	0	28.57714	28.26097	0.3161727	0.184828	0.0004778	0.999522	0.000955601	1.99904	0.4859557
2141	1	29.6977	28.72179	0.9759112	0.102921	0.00111333	0.998887	0.00222665	1.99777	0.2512325
2142	0	29.90611	28.9886	0.9175125	-0.0735629	0.00114554	0.998854	0.00229109	1.99771	0.2663411
2143	1	27.92267	26.72849	1.194182	0.223001	0.0026979	0.997302	0.00539579	1.9946	0.2019678
2144	0	28.58673	27.89838	0.688349	-0.398083	0.00146282	0.998537	0.00292564	1.99707	0.3349366
2145	1	24.67429	23.84274	0.8315511	0.12796	0.00519637	0.994804	0.0103927	1.98961	0.290249
2146	0	27.25682	26.57904	0.6777806	-0.174851	0.00143799	0.998562	0.00287598	1.99712	0.3384951
2147	1	28.82114	27.58518	1.235967	-0.117476	0.00228888	0.997711	0.00457776	1.99542	0.1937025
2148	0	29.19559	27.96468	1.23091	0.0418289	0.00119524	0.998805	0.00239048	1.99761	0.1946844
2149	1	28.00961	27.23386	0.7757479	-0.287933	0.0022086	0.997791	0.00441719	1.99558	0.3069062
2150	0	29.30519	28.33994	0.965241	-0.296247	0.00141776	0.998582	0.00283553	1.99716	0.2539276
2151	1	26.51202	25.74054	0.7714819	-0.284237	0.00326219	0.996738	0.00652439	1.99348	0.3082183
2152	0	28.55077	27.6442	0.9065746	-0.41243	0.00163269	0.998367	0.00326537	1.99673	0.2692702
2153	1	26.09175	24.37008	1.72167	-0.169982	0.0027013	0.997299	0.0054026	1.9946	0.1191783
2154	0	29.9032	28.99662	0.9065746	-0.0980885	0.000995741	0.999004	0.00199148	1.99801	0.2692702
2155	1	24.81362	23.62628	1.187344	-0.0641045	0.000494002	0.999506	0.000988003	1.99901	0.2033535
2156	0	29.52549	28.95292	0.5725663	0.0218787	0.000908248	0.999092	0.0018165	1.99818	0.3760507
2157	1	29.71023	28.8941	0.816134	-0.0795985	0.000747174	0.999253	0.00149435	1.99851	0.2947584
2158	0	28.4294	27.54966	0.8797404	-0.429843	0.000928715	0.999071	0.00185743	1.99814	0.2765937
2159	1	28.60875	28.31256	0.2961978	0.0303648	0.000816358	0.999184	0.00163272	1.99837	0.4957602
2160	0	27.07757	25.58037	1.497201	-0.277036	0.00278802	0.997212	0.00557605	1.99442	0.1491705
2161	1	29.03828	28.29956	0.7387115	0.106634	0.000584259	0.999416	0.00116852	1.99883	0.318486
2162	0	28.98807	27.71679	1.271275	-0.026718	0.00208543	0.997915	0.00417086	1.99583	0.1869826
2163	1	28.56403	27.87141	0.692621	-0.465074	0.00104227	0.998958	0.00208453	1.99792	0.3335088
2164	0	29.10301	28.11998	0.9830272	-0.0500654	0.00198144	0.998019	0.00396288	1.99604	0.2494511
2165	1	29.5798	28.82468	0.7551145	-0.113321	0.000676748	0.999323	0.0013535	1.99865	0.3133045
2166	0	29.6363	28.77921	0.8570877	-0.248005	0.000970819	0.999029	0.00194164	1.99806	0.2829308
2167	1	28.54177	28.23165	0.3101168	0.258279	0.000579975	0.99942	0.00115995	1.99884	0.4889075
2168	0	27.97505	27.66274	0.3123146	-0.345161	0.000414227	0.999586	0.000828454	1.99917	0.4878342
2169	1	29.11779	28.70639	0.4113976	0.1295	0.000616045	0.999384	0.00123209	1.99877	0.4418156
2170	0	29.11062	28.49669	0.6139233	-0.109441	0.00128421	0.998716	0.00256841	1.99743	0.3608155
2171	1	26.61617	26.27792	0.3382516	0.312234	0.00165541	0.998345	0.00331081	1.99669	0.4753439
2172	0	29.50998	28.60536	0.9046208	-0.142738	0.000766467	0.999234	0.00153293	1.99847	0.2697969
2173	1	29.19656	27.95329	1.243273	-0.137638	0.00126756	0.998732	0.00253513	1.99746	0.1922925
2174	0	28.03615	27.45449	0.5816671	0.184797	0.0016742	0.998326	0.00334841	1.99665	0.3726438
2175	1	27.55372	27.24151	0.3122095	0.468637	0.000826154	0.999174	0.00165231	1.99835	0.4878855
2176	0	29.66597	28.61639	1.049578	0.0743873	0.00115647	0.998844	0.00231294	1.99769	0.2333903
2177	1	28.20398	28.00155	0.2024244	-0.0884261	0.000801569	0.999198	0.00160314	1.9984	0.5444988
2178	0	29.05957	28.17225	0.8873136	0.043134	0.00182924	0.998171	0.00365847	1.99634	0.2745069
2179	1	27.93902	27.73659	0.2024244	-0.343275	0.000874535	0.999125	0.00174907	1.99825	0.5444988
2180	0	28.58008	27.69276	0.8873136	-0.4211	0.00153919	0.998461	0.00307838	1.99692	0.2745069
2181	1	27.16897	26.83647	0.3325072	-0.168944	0.00150542	0.998495	0.00301084	1.99699	0.4780823
2182	0	29.31987	28.34182	0.9780558	0.0557859	0.00174567	0.998254	0.00349134	1.99651	0.2506943
2183	1	26.51615	26.45242	0.06373137	-0.0445522	0.00105866	0.998941	0.00211732	1.99788	0.6255047
2184	0	25.41977	24.46693	0.9528435	-0.550756	0.00351467	0.996485	0.00702933	1.99297	0.2570953
2185	1	29.52914	28.81755	0.7115916	0.0124764	0.00120705	0.998793	0.0024141	1.99759	0.3272415
2186	0	29.60319	28.9489	0.654289	-0.0914336	0.00105865	0.998941	0.0021173	1.99788	0.346541
2187	1	29.06385	27.76409	1.29976	-0.138551	0.00150975	0.99849	0.0030195	1.99698	0.1817315
2188	0	29.71085	28.82951	0.8813459	-0.222295	0.00112703	0.998873	0.00225405	1.99775	0.27615
2189	1	29.91548	29.1086	0.8068837	-0.0515322	0.000910031	0.99909	0.00182006	1.99818	0.2974977
2190	0	28.6594	28.2202	0.4392022	-0.373628	0.000584207	0.999416	0.00116841	1.99883	0.4297003
2191	1	26.52501	26.23255	0.2924612	-0.344636	0.00167634	0.998324	0.00335267	1.99665	0.4976162
2192	0	29.81132	28.94101	0.8703072	-0.182809	0.00106988	0.99893	0.00213977	1.99786	0.2792153
2193	1	27.80639	27.46694	0.3394416	0.352152	0.00106737	0.998933	0.00213474	1.99787	0.4747786
2194	0	28.56347	27.617	0.9464712	0.291989	0.000874382	0.999126	0.00174876	1.99825	0.2587388
2195	1	29.27227	28.84246	0.4298068	-0.188374	0.000627674	0.999372	0.00125535	1.99874	0.4337565
2196	0	27.95661	27.22806	0.728549	0.151493	0.0021183	0.997882	0.00423659	1.99576	0.3217392
2197	1	29.10548	28.5391	0.5663812	0.0767745	0.00114032	0.99886	0.00228064	1.99772	0.3783838
2198	0	26.89332	25.99494	0.8983775	-0.542083	0.00220226	0.997798	0.00440452	1.9956	0.2714866
2199	1	29.46049	28.89411	0.5663812	-0.126557	0.000966792	0.999033	0.00193358	1.99807	0.3783838
2200	0	26.52615	25.69707	0.829082	-0.469745	0.00298059	0.997019	0.00596118	1.99404	0.2909665
2201	1	29.05003	28.70931	0.340715	0.00461729	0.00067507	0.999325	0.00135014	1.99865	0.4741744
2202	0	27.92766	26.59985	1.327807	-0.0316707	0.00315998	0.99684	0.00631995	1.99368	0.1767052
2203	1	28.50416	28.19759	0.3065738	-0.262965	0.000880938	0.999119	0.00176188	1.99824	0.4906428
2204	0	29.64122	28.54543	1.095792	0.0188571	0.00145675	0.998543	0.00291351	1.99709	0.2228497
2205	1	29.09245	28.42354	0.6689082	0.279926	0.000929558	0.99907	0.00185912	1.99814	0.3415117
2206	0	28.1123	26.68757	1.424728	0.0868095	0.00248061	0.997519	0.00496122	1.99504	0.1603826
2207	1	28.78342	27.66615	1.117269	0.183443	0.00096069	0.999039	0.00192138	1.99808	0.2181147
2208	0	29.76008	28.68054	1.079531	-0.0641657	0.00124189	0.998758	0.00248379	1.99752	0.2265032
2209	1	27.37407	26.03681	1.33726	-0.389559	0.00203454	0.997965	0.00406908	1.99593	0.1750427
2210	0	29.61166	28.79024	0.8214209	0.151125	0.0010909	0.998909	0.00218179	1.99782	0.2932042
2211	1	28.9985	28.41907	0.5794331	0.201833	0.00111335	0.998887	0.0022267	1.99777	0.3734772
2212	0	29.11321	28.46824	0.644978	0.263589	0.000798281	0.999202	0.00159656	1.9984	0.3497827
2213	1	28.99513	28.52006	0.4750752	0.144794	0.000955039	0.999045	0.00191008	1.99809	0.4145589
2214	0	28.31578	27.50153	0.8142582	0.312487	0.000709899	0.99929	0.0014198	1.99858	0.2953119
2215	1	28.48542	28.02471	0.4607114	-0.213102	0.000430237	0.99957	0.000860473	1.99914	0.4205565
2216	0	29.92	29.10575	0.8142582	-0.0518074	0.000998517	0.999001	0.00199703	1.998	0.2953119
2217	1	29.26449	28.29507	0.9694208	0.0523416	0.00178558	0.998214	0.00357117	1.99643	0.2528685
2218	0	29.58856	28.57832	1.010235	-0.0254567	0.00159258	0.998407	0.00318516	1.99681	0.2427557
2219	1	29.50222	28.48152	1.020698	0.146139	0.00132477	0.998675	0.00264954	1.99735	0.2402288
2220	0	28.63293	27.42151	1.211422	-0.15329	0.000921514	0.999078	0.00184303	1.99816	0.1985157
2221	1	29.03079	27.84586	1.184939	0.178034	0.00151396	0.998486	0.00302792	1.99697	0.2038431
2222	0	27.51612	26.47215	1.04397	-0.0135242	0.0033472	0.996653	0.00669441	1.99331	0.2347029
2223	1	27.32867	26.25679	1.07188	-0.20607	0.00347119	0.996529	0.00694237	1.99306	0.2282428
2224	0	24.42516	23.20126	1.223899	0.114649	0.00720233	0.992798	0.0144047	1.9856	0.1960542
2225	1	26.84261	25.4256	1.417005	-0.049983	0.00423653	0.995763	0.00847307	1.99153	0.161626
2226	0	23.79207	22.40622	1.385849	-0.128366	0.00855106	0.991449	0.0171021	1.9829	0.1667409
2227	1	27.18667	25.74899	1.437673	-0.190509	0.00350937	0.996491	0.00701875	1.99298	0.1583198
2228	0	23.27287	21.71602	1.556843	-0.198928	0.00870379	0.991296	0.0174076	1.98259	0.1405337
2229	1	23.92051	22.09994	1.820572	-0.286422	0.00364411	0.996356	0.00728823	1.99271	0.1079554
2230	0	19.94516	19.07044	0.8747245	0.521171	0.0109929	0.989007	0.0219858	1.97801	0.2779846
2231	1	26.78656	25.47936	1.307199	-0.0056747	0.0044006	0.995599	0.00880121	1.9912	0.1803845
2232	0	27.18429	26.63469	0.5496007	-0.220381	0.00212515	0.997875	0.0042503	1.99575	0.3847868
2233	1	29.30443	28.23335	1.071077	0.085144	0.0017708	0.998229	0.00354161	1.99646	0.2284262
2234	0	29.56788	29.0178	0.5500884	-0.0618823	0.000842168	0.999158	0.00168434	1.99832	0.3845992
2235	1	28.27463	27.18164	1.092992	0.0841426	0.00269829	0.997302	0.00539658	1.9946	0.2234748
2236	0	26.0011	25.91091	0.0901849	-0.621009	0.00120955	0.99879	0.0024191	1.99758	0.6091748
2237	1	28.72609	27.76459	0.9614941	-0.17083	0.00218731	0.997813	0.00437463	1.99563	0.2548808
2238	0	26.05475	24.96835	1.086405	0.498718	0.00243065	0.997569	0.0048613	1.99514	0.2249516
2239	1	29.2758	28.59279	0.6830049	-0.221282	0.0012786	0.998721	0.00255721	1.99744	0.3367313
2240	0	28.79507	28.39586	0.3992155	0.0226096	0.000958394	0.999042	0.00191679	1.99808	0.4472308
2241	1	29.22053	28.67594	0.5445912	-0.317299	0.000867886	0.999132	0.00173577	1.99826	0.3867193
2242	0	25.30127	25.32664	-0.02537236	0.0624907	0.00121189	0.998788	0.00242377	1.99758	0.683798
2243	1	29.688	28.83817	0.8498348	-0.237578	0.00104282	0.998957	0.00208563	1.99791	0.2849904
2244	0	28.59376	28.26353	0.3302327	-0.0426663	0.000912001	0.999088	0.001824	1.99818	0.479171
2245	1	29.9104	29.07617	0.8342311	-0.109511	0.000996778	0.999003	0.00199356	1.99801	0.2894722
2246	0	29.66285	28.89684	0.7660087	-0.244279	0.000955649	0.999044	0.0019113	1.99809	0.3099098
2247	1	26.40011	26.00068	0.3994302	0.595088	0.00102973	0.99897	0.00205947	1.99794	0.4471348
2248	0	28.6692	27.87686	0.792341	0.226058	0.000640775	0.999359	0.00128155	1.99872	0.3018557
2249	1	29.46507	28.90313	0.5619409	-0.0873236	0.000594325	0.999406	0.00118865	1.99881	0.3800677
2250	0	28.84013	28.04779	0.792341	0.324414	0.00119732	0.998803	0.00239465	1.99761	0.3018557
2251	1	28.08334	27.72242	0.3609197	-0.0698047	0.00119383	0.998806	0.00238767	1.99761	0.46469
2252	0	29.43289	28.61371	0.8191736	-0.284721	0.00125276	0.998747	0.00250551	1.99749	0.2938638
2253	1	27.91821	27.35626	0.5619512	-0.417491	0.000532542	0.999467	0.00106508	1.99893	0.3800637
2254	0	28.69397	27.80212	0.8918463	0.00748711	0.00211139	0.997889	0.00422279	1.99578	0.2732655
2255	1	27.37089	27.34214	0.0287482	0.332943	0.000599282	0.999401	0.00119856	1.9988	0.6477741
2256	0	29.2517	28.05021	1.201488	-0.19411	0.0013463	0.998654	0.00269261	1.99731	0.2004976
2257	1	25.48673	25.1442	0.3425323	-0.691773	0.00159606	0.998404	0.00319211	1.99681	0.4733135
2258	0	29.21887	28.44895	0.7699199	-0.359833	0.00100067	0.998999	0.00200134	1.998	0.3087001
2259	1	29.08934	28.24136	0.8479858	-0.374501	0.00105739	0.998943	0.00211479	1.99789	0.2855178
2260	0	29.60687	28.7074	0.8994751	-0.115481	0.0014634	0.998537	0.0029268	1.99707	0.2711888
2261	1	29.69496	28.84697	0.8479858	-0.097934	0.0013274	0.998673	0.0026548	1.99735	0.2855178
2262	0	29.17882	28.27842	0.9003973	-0.219258	0.00170759	0.998292	0.00341517	1.99658	0.2709388
2263	1	28.40491	27.8811	0.5238076	-0.203262	0.00143128	0.998569	0.00286257	1.99714	0.3948408
2264	0	28.70646	27.62896	1.077493	-0.357465	0.00116691	0.998833	0.00233382	1.99767	0.2269654
2265	1	29.27486	28.84803	0.4268283	-0.0913181	0.000765078	0.999235	0.00153016	1.99847	0.4350504
2266	0	29.65011	28.94946	0.7006563	-0.0358819	0.00111335	0.998887	0.00222671	1.99777	0.3308397
2267	1	29.08871	28.65244	0.4362789	0.166846	0.00074892	0.999251	0.00149784	1.9985	0.4309583
2268	0	28.23339	27.68318	0.5502117	0.363612	0.000632994	0.999367	0.00126599	1.99873	0.3845518
2269	1	29.42553	28.82011	0.6054213	0.162005	0.000758669	0.999241	0.00151734	1.99848	0.3638963
2270	0	28.15266	28.0262	0.1264596	0.136969	0.000413697	0.999586	0.000827395	1.99917	0.5874732
2271	1	29.42992	28.52831	0.9016119	-0.258994	0.00141063	0.998589	0.00282127	1.99718	0.2706099
2272	0	29.67538	28.58633	1.089041	0.0276146	0.00117236	0.998828	0.00234471	1.99766	0.2243593
2273	1	29.82132	29.00817	0.813148	-0.158944	0.00108026	0.99892	0.00216052	1.99784	0.2956399
2274	0	29.40291	28.24895	1.153953	-0.169439	0.00159518	0.998405	0.00319037	1.99681	0.2102583
2275	1	29.4247	28.2696	1.155109	0.0895416	0.00129921	0.998701	0.00259842	1.9974	0.2100155
2276	0	28.78123	27.61529	1.165937	0.17792	0.00200713	0.997993	0.00401426	1.99599	0.2077536
2277	1	29.77767	28.95274	0.8249322	0.0921276	0.00100819	0.998992	0.00201637	1.99798	0.2921765
2278	0	28.09962	27.88413	0.2154823	0.0254997	0.000853268	0.999147	0.00170654	1.99829	0.537435
2279	1	26.9117	26.21979	0.6919052	0.367865	0.00238979	0.99761	0.00477958	1.99522	0.3337476
2280	0	28.91985	28.39549	0.5243597	0.172731	0.00108096	0.998919	0.00216191	1.99784	0.3946228
2281	1	28.59357	27.26667	1.326897	-0.165803	0.00225674	0.997743	0.00451347	1.99549	0.1768661
2282	0	29.23675	28.63894	0.5978164	0.141602	0.00107052	0.998929	0.00214105	1.99786	0.3666742
2283	1	26.14052	25.92949	0.2110302	0.530648	0.00131922	0.998681	0.00263844	1.99736	0.5398331
2284	0	29.26697	28.13398	1.132987	-0.247215	0.00133778	0.998662	0.00267556	1.99732	0.2147133
2285	1	27.45917	26.10897	1.350193	-0.373191	0.00164759	0.998352	0.00329518	1.9967	0.1727935
2286	0	29.3428	28.58327	0.7595289	-0.170514	0.00063966	0.99936	0.00127932	1.99872	0.3119245
2287	1	28.77345	27.80901	0.964442	-0.0627497	0.00220267	0.997797	0.00440535	1.99559	0.2541306
2288	0	26.90026	27.02196	-0.1217031	0.248883	0.000530163	0.99947	0.00106033	1.99894	0.7529458
2289	1	28.57867	27.95405	0.6246248	0.121224	0.00152852	0.998471	0.00305705	1.99694	0.3569749
2290	0	25.50353	25.77062	-0.2670812	-0.505524	0.000274074	0.999726	0.000548148	1.99945	0.8707643
2291	1	27.70435	27.53429	0.1700669	0.224648	0.000361487	0.999639	0.000722973	1.99928	0.5624056
2292	0	28.53458	28.22114	0.3134352	-0.178364	0.000413703	0.999586	0.000827405	1.99917	0.4872878
2293	1	28.30369	27.94403	0.3596641	-0.384674	0.000505016	0.999495	0.00101003	1.99899	0.4652738
2294	0	29.83676	29.02492	0.8118338	0.0401628	0.000879278	0.999121	0.00175856	1.99824	0.2960287
2295	1	28.88294	28.55719	0.3257429	0.139899	0.000627917	0.999372	0.00125583	1.99874	0.4813272
2296	0	28.42907	27.90969	0.5193801	0.377334	0.000930947	0.999069	0.00186189	1.99814	0.3965928
2297	1	29.77156	28.89991	0.8716455	0.0901469	0.00110289	0.998897	0.00220577	1.99779	0.2788418
2298	0	29.05077	28.02438	1.026392	0.244698	0.0011593	0.998841	0.0023186	1.99768	0.2388648
2299	1	29.02452	28.07397	0.9505563	0.258415	0.0010026	0.998997	0.00200519	1.99799	0.257684
2300	0	29.00358	28.30222	0.7013617	0.0930844	0.00147273	0.998527	0.00294546	1.99705	0.3306064
2301	1	27.9808	27.74614	0.2346612	-0.467925	0.000761052	0.999239	0.0015221	1.99848	0.5272258
2302	0	29.86925	29.13736	0.7318924	-0.0762318	0.000859571	0.99914	0.00171914	1.99828	0.3206653
2303	1	28.40872	28.25824	0.1504777	0.0848052	0.000504377	0.999496	0.00100875	1.99899	0.5735313
2304	0	28.30757	27.41568	0.8918933	0.296118	0.00194291	0.998057	0.00388581	1.99611	0.2732527
2305	1	29.70703	29.05029	0.6567439	-0.167081	0.000902871	0.999097	0.00180574	1.99819	0.3456913
2306	0	28.78736	28.15698	0.6303776	-0.429663	0.00104041	0.99896	0.00208083	1.99792	0.3549272
2307	1	29.90536	28.97086	0.9345059	-0.092481	0.00109473	0.998905	0.00218946	1.99781	0.2618532
2308	0	28.72257	27.99288	0.7296811	0.268648	0.00146703	0.998533	0.00293406	1.99707	0.3213751
2309	1	29.78341	28.73052	1.052894	-0.0942124	0.0012644	0.998736	0.0025288	1.99747	0.2326176
2310	0	26.53658	25.94644	0.5901403	0.460366	0.00214894	0.997851	0.00429789	1.9957	0.3694997
2311	1	29.28032	28.03808	1.242244	-0.118816	0.00164431	0.998356	0.00328862	1.99671	0.1924903
2312	0	27.61565	26.51154	1.10411	0.106561	0.00325977	0.99674	0.00651955	1.99348	0.2210039
2313	1	27.76388	26.51561	1.248269	-0.289412	0.00287964	0.99712	0.00575927	1.99424	0.1913342
2314	0	29.51639	28.88458	0.6318093	-0.0250573	0.00107011	0.99893	0.00214023	1.99786	0.3544194
2315	1	28.42098	27.88576	0.5352175	-0.0905744	0.00145988	0.99854	0.00291976	1.99708	0.3903613
2316	0	29.72274	28.90839	0.8143488	-0.179287	0.00118076	0.998819	0.00236153	1.99764	0.2952851
2317	1	28.23718	26.75269	1.484491	-0.0647951	0.00203309	0.997967	0.00406617	1.99593	0.1510784
2318	0	27.66827	26.56067	1.107601	0.208807	0.000734072	0.999266	0.00146814	1.99853	0.2202337
2319	1	28.8691	27.9064	0.9627054	0.227203	0.00176297	0.998237	0.00352593	1.99647	0.2545723
2320	0	28.00206	27.22812	0.7739394	-0.463525	0.000771826	0.999228	0.00154365	1.99846	0.3074618
2321	1	29.61968	28.7877	0.831978	-0.184033	0.00130311	0.998697	0.00260622	1.99739	0.2901251
2322	0	29.56929	28.71235	0.8569468	-0.235069	0.00128795	0.998712	0.0025759	1.99742	0.2829707
2323	1	26.53504	25.685	0.8500397	-0.600516	0.00173493	0.998265	0.00346986	1.99653	0.284932
2324	0	28.97595	28.48389	0.4920608	0.0587789	0.00105908	0.998941	0.00211817	1.99788	0.4075768
2325	1	27.276	26.27299	1.003015	-0.0834744	0.00346461	0.996535	0.00692923	1.99307	0.2445146
2326	0	24.2235	24.49999	-0.2764896	0.52385	0.000970306	0.99903	0.00194061	1.99806	0.8789955
2327	1	24.01516	22.75132	1.263835	-0.513761	0.00505032	0.99495	0.0101006	1.9899	0.1883788
2328	0	28.68643	28.46164	0.2247895	-0.0209922	0.000463818	0.999536	0.000927637	1.99907	0.5324562
2329	1	29.57909	28.47364	1.105445	0.0387518	0.00111325	0.998887	0.0022265	1.99777	0.2207091
2330	0	28.34465	27.92356	0.4210852	-0.393611	0.000530405	0.99947	0.00106081	1.99894	0.4375561
2331	1	29.40789	28.44102	0.9668704	-0.0627663	0.0017218	0.998278	0.00344361	1.99656	0.2535142
2332	0	29.17982	28.73661	0.4432045	-0.265643	0.000747064	0.999253	0.00149413	1.99851	0.4279839
2333	1	29.22648	28.43912	0.7873539	0.193336	0.00134727	0.998653	0.00269454	1.99731	0.3033649
2334	0	29.41508	28.82146	0.5936197	-0.208719	0.000636896	0.999363	0.00127379	1.99873	0.3682163
2335	1	28.71267	27.71562	0.9970478	0.307424	0.00116361	0.998836	0.00232723	1.99767	0.2459781
2336	0	28.70245	27.86207	0.840382	-0.327869	0.000702363	0.999298	0.00140473	1.9986	0.2876971
2337	1	29.68363	28.93667	0.7469622	0.120878	0.000930964	0.999069	0.00186193	1.99814	0.3158691
2338	0	28.34461	27.39507	0.9495389	-0.280212	0.00230828	0.997692	0.00461657	1.99538	0.2579463
2339	1	29.26759	28.63242	0.6351733	-0.187417	0.00121377	0.998786	0.00242753	1.99757	0.3532291
2340	0	29.23049	28.51304	0.7174523	-0.091448	0.00143086	0.998569	0.00286172	1.99714	0.3253293
2341	1	26.01704	25.24354	0.7734976	-0.639172	0.0012666	0.998733	0.0025332	1.99747	0.3075976
2342	0	28.71645	27.86374	0.8527184	0.266451	0.00166154	0.998338	0.00332307	1.99668	0.2841698
2343	1	26.35576	24.95788	1.397872	0.356881	0.001551	0.998449	0.00310199	1.9969	0.1647481
2344	0	27.92769	26.79571	1.13198	0.349818	0.00188468	0.998115	0.00376935	1.99623	0.2149295
2345	1	26.24793	25.47253	0.7754057	0.199023	0.00341432	0.996586	0.00682864	1.99317	0.3070113
2346	0	26.95096	26.11153	0.8394235	0.391561	0.00259499	0.997405	0.00518998	1.99481	0.287973
2347	1	29.77619	28.89028	0.8859111	-0.153491	0.000888626	0.999111	0.00177725	1.99822	0.2748922
2348	0	29.33469	28.21575	1.118936	-0.136305	0.00181335	0.998187	0.0036267	1.99637	0.2177515
2349	1	27.29816	27.21775	0.08040922	-0.484401	0.000787803	0.999212	0.00157561	1.99842	0.6151591
2350	0	27.83126	27.23211	0.599152	0.00290825	0.00191155	0.998088	0.00382311	1.99618	0.3661848
2351	1	29.56919	28.99132	0.5778664	0.0703608	0.000733839	0.999266	0.00146768	1.99853	0.3740628
2352	0	28.56044	27.23034	1.330107	0.116913	0.00214632	0.997854	0.00429264	1.99571	0.1762993
2353	1	27.11129	27.26225	-0.1509616	-0.276526	0.000459473	0.999541	0.000918945	1.99908	0.7753013
2354	0	28.85552	27.65808	1.197444	0.11587	0.00210875	0.997891	0.0042175	1.99578	0.20131
2355	1	26.41094	25.94157	0.4693711	-0.111965	0.0002898	0.99971	0.000579601	1.99942	0.4169303
2356	0	29.05283	27.85539	1.197444	0.136543	0.00177808	0.998222	0.00355617	1.99644	0.20131
2357	1	29.39677	28.71659	0.68018	-0.307667	0.000994829	0.999005	0.00198966	1.99801	0.3376839
2358	0	28.80045	28.43094	0.3695155	0.208458	0.000570649	0.999429	0.0011413	1.99886	0.4607127
2359	1	27.13227	27.0778	0.05447292	-0.507164	0.000780602	0.999219	0.0015612	1.99844	0.6313228
2360	0	25.32331	25.46025	-0.1369492	-0.171234	0.000975618	0.999024	0.00195124	1.99805	0.7645133
2361	1	28.8163	28.46833	0.3479663	-0.256458	0.000508355	0.999492	0.00101671	1.99898	0.4707484
2362	0	27.08257	26.79504	0.2875347	-0.214273	0.00142499	0.998575	0.00284997	1.99715	0.5000737
2363	1	26.30377	25.6702	0.6335725	-0.413559	0.00281399	0.997186	0.00562798	1.99437	0.353795
2364	0	28.80287	27.65893	1.143946	0.220184	0.00178602	0.998214	0.00357203	1.99643	0.2123731
2365	1	27.29682	26.13136	1.165463	0.269234	0.00312892	0.996871	0.00625783	1.99374	0.2078522
2366	0	28.76764	27.59383	1.17381	0.179758	0.00200398	0.997996	0.00400796	1.99599	0.2061244
2367	1	29.79815	28.83492	0.9632287	-0.145171	0.00125461	0.998745	0.00250922	1.99749	0.2544391
2368	0	29.60861	28.538	1.070613	0.0874728	0.00120648	0.998794	0.00241295	1.99759	0.2285322
2369	1	29.73645	28.88424	0.8522022	-0.0463083	0.00130139	0.998699	0.00260278	1.9974	0.2843165
2370	0	29.43579	28.78571	0.6500823	-0.00575904	0.00115628	0.998844	0.00231255	1.99769	0.3480019
2371	1	27.75472	26.61731	1.137402	0.254816	0.00274709	0.997253	0.00549417	1.99451	0.2137674
2372	0	29.21932	28.80667	0.4126522	-0.203802	0.000695308	0.999305	0.00139062	1.99861	0.4412616
2373	1	29.52837	28.71991	0.8084555	-0.0526823	0.0014028	0.998597	0.0028056	1.99719	0.2970305
2374	0	26.5855	26.65739	-0.07188682	0.189451	0.000255321	0.999745	0.000510643	1.99949	0.7163558
2375	1	27.27717	26.14741	1.129757	-0.477002	0.00208232	0.997918	0.00416465	1.99584	0.2154079
2376	0	29.86325	28.87879	0.9844659	-0.0427892	0.00105128	0.998949	0.00210257	1.9979	0.2490925
2377	1	28.99716	27.88137	1.115786	0.177831	0.00181057	0.998189	0.00362115	1.99638	0.2184384
2378	0	29.13871	28.00697	1.131732	-0.146483	0.00199651	0.998003	0.00399301	1.99601	0.2149829
2379	1	28.51035	27.50761	1.002744	0.0755356	0.00239627	0.997604	0.00479255	1.99521	0.2445808
2380	0	29.17792	28.22925	0.9486685	-0.0900223	0.0018746	0.998125	0.0037492	1.99625	0.2581709
2381	1	27.03112	25.46198	1.569141	-0.0194764	0.00131363	0.998686	0.00262726	1.99737	0.138816
2382	0	28.00039	26.68676	1.313626	0.253056	0.00205924	0.997941	0.00411848	1.99588	0.179229
2383	1	29.38114	28.84062	0.5405206	0.0378419	0.00093594	0.999064	0.00187188	1.99813	0.3882966
2384	0	26.87547	26.09398	0.7814919	0.364988	0.00263492	0.997365	0.00526983	1.99473	0.3051484
2385	1	29.04939	27.89395	1.155437	-0.101626	0.00091386	0.999086	0.00182772	1.99817	0.2099466
2386	0	27.55961	26.74867	0.8109368	-0.00557252	0.00269616	0.997304	0.00539232	1.99461	0.2962943
2387	1	28.95756	28.37651	0.5810466	-0.343689	0.000646726	0.999353	0.00129345	1.99871	0.3728751
2388	0	26.59942	26.23879	0.360624	0.162938	0.00178178	0.998218	0.00356355	1.99644	0.4648274
2389	1	28.83906	28.53916	0.2998951	-0.262697	0.000614016	0.999386	0.00122803	1.99877	0.4939306
2390	0	26.27394	24.82816	1.445781	0.19941	0.00421264	0.995787	0.00842528	1.99157	0.1570414
2391	1	27.37274	26.99102	0.3817133	0.505896	0.000861094	0.999139	0.00172219	1.99828	0.4551271
2392	0	24.73759	23.26344	1.474152	-0.317009	0.00576355	0.994236	0.0115271	1.98847	0.1526485
2393	1	26.0701	25.87266	0.197433	0.56486	0.00123214	0.998768	0.00246427	1.99754	0.5472234
2394	0	26.76333	25.13747	1.625857	-0.0363209	0.00334829	0.996652	0.00669659	1.9933	0.131162
2395	1	29.31897	28.74941	0.5695662	0.0592912	0.000572844	0.999427	0.00114569	1.99885	0.3771805
2396	0	29.76884	28.862	0.9068374	-0.181125	0.00120297	0.998797	0.00240594	1.99759	0.2691995
2397	1	26.62643	26.16677	0.4596568	0.57528	0.000941104	0.999059	0.00188221	1.99812	0.4210002
2398	0	29.52925	28.48246	1.046789	0.0601576	0.000964501	0.999035	0.001929	1.99807	0.2340422
2399	1	27.61628	27.49103	0.1252464	-0.196798	0.000855205	0.999145	0.00171041	1.99829	0.5881863
2400	0	29.63369	29.01623	0.6174595	-0.065233	0.000953214	0.999047	0.00190643	1.99809	0.3595419
2401	1	28.8788	28.16871	0.7100833	0.284083	0.00127032	0.99873	0.00254063	1.99746	0.3277355
2402	0	29.44793	28.56611	0.8818231	0.0152609	0.00155617	0.998444	0.00311235	1.99689	0.2760183
2403	1	27.73185	27.35659	0.375265	0.458493	0.000760725	0.999239	0.00152145	1.99848	0.4580715
2404	0	29.02786	27.84948	1.17838	-0.016948	0.00215295	0.997847	0.0043059	1.99569	0.2051847
2405	1	29.43268	28.30375	1.128924	0.109924	0.00140265	0.998597	0.0028053	1.99719	0.2155874
2406	0	28.88973	28.25176	0.6379614	0.00668536	0.000494071	0.999506	0.000988142	1.99901	0.3522456
2407	1	28.60751	27.67209	0.9354224	-0.357602	0.00186726	0.998133	0.00373452	1.99627	0.2616134
2408	0	28.40356	28.17709	0.2264731	-0.338517	0.000687388	0.999313	0.00137478	1.99863	0.5315605
2409	1	26.51025	25.58803	0.9222124	-0.329814	0.00364558	0.996354	0.00729116	1.99271	0.2650922
2410	0	29.42259	28.541	0.881585	-0.226752	0.00147457	0.998525	0.00294913	1.99705	0.276084
2411	1	26.09699	25.67509	0.4219029	0.596946	0.0014445	0.998555	0.00288901	1.99711	0.4371985
2412	0	26.6659	25.12265	1.543254	-0.0553963	0.00111559	0.998884	0.00223118	1.99777	0.1424564
2413	1	29.13478	28.53501	0.5997737	-0.0489367	0.000516046	0.999484	0.00103209	1.99897	0.3659572
2414	0	29.72122	28.80825	0.9129667	0.0266072	0.00134789	0.998652	0.00269578	1.9973	0.2675546
2415	1	29.90174	28.96084	0.9409056	-0.0755033	0.00103489	0.998965	0.00206977	1.99793	0.2601828
2416	0	28.50784	27.18986	1.317982	-0.00543697	0.00105667	0.998943	0.00211335	1.99789	0.1784499
2417	1	27.99854	27.68028	0.318259	0.253663	0.00102785	0.998972	0.0020557	1.99794	0.4849429
2418	0	27.02883	25.71085	1.317982	-0.349926	0.00107367	0.998926	0.00214735	1.99785	0.1784499
2419	1	28.51753	27.95847	0.5590576	-0.269919	0.00142886	0.998571	0.00285773	1.99714	0.3811651
2420	0	29.27664	28.12344	1.153199	0.0829084	0.00175904	0.998241	0.00351808	1.99648	0.2104169
2421	1	28.19659	26.88293	1.313664	0.163713	0.00246946	0.997531	0.00493891	1.99506	0.1792222
2422	0	28.38864	27.39721	0.9914315	-0.165182	0.00249628	0.997504	0.00499257	1.99501	0.2473634
2423	1	28.08374	26.73105	1.352687	0.177261	0.00127525	0.998725	0.00255051	1.99745	0.172363
2424	0	25.43976	24.91478	0.5249874	0.640121	0.00105136	0.998949	0.00210273	1.9979	0.3943752
2425	1	28.99052	28.23803	0.7524893	0.240738	0.00137086	0.998629	0.00274172	1.99726	0.3141281
2426	0	28.37978	27.69491	0.6848691	0.0987221	0.00179504	0.998205	0.00359008	1.99641	0.3361041
2427	1	28.23221	27.22409	1.008115	-0.16922	0.00264255	0.997357	0.00528511	1.99471	0.2432709
2428	0	29.12416	27.86247	1.261685	0.0425413	0.00182024	0.99818	0.00364048	1.99636	0.1887842
2429	1	28.23517	26.90029	1.334889	-0.277969	0.00209036	0.99791	0.00418072	1.99582	0.1754582
2430	0	29.74621	28.76718	0.9790285	-0.164894	0.0012896	0.99871	0.0025792	1.99742	0.2504506
2431	1	29.45733	28.60258	0.8547519	0.0892629	0.00144096	0.998559	0.00288192	1.99712	0.2835925
2432	0	29.11286	28.45987	0.6529898	-0.19369	0.00134059	0.998659	0.00268118	1.99732	0.3469915
2433	1	26.82915	25.71462	1.114528	-0.513423	0.00134938	0.998651	0.00269876	1.9973	0.2187134
2434	0	29.14728	28.41249	0.7347882	-0.302744	0.00135011	0.99865	0.00270021	1.9973	0.319738
2435	1	29.63942	28.81728	0.8221356	-0.19988	0.000806885	0.999193	0.00161377	1.99839	0.2929947
2436	0	28.41476	28.09997	0.3147917	-0.399547	0.000571254	0.999429	0.00114251	1.99886	0.4866273
2437	1	28.667	27.81602	0.8509762	-0.435201	0.00125125	0.998749	0.0025025	1.9975	0.2846653
2438	0	28.9947	28.67991	0.3147917	-0.113764	0.00052516	0.999475	0.00105032	1.99895	0.4866273
2439	1	29.87351	29.02728	0.8462269	-0.0657256	0.00114368	0.998856	0.00228735	1.99771	0.2860204
2440	0	28.37391	27.70137	0.6725389	0.300635	0.00153096	0.998469	0.00306193	1.99694	0.340274
2441	1	26.60896	25.84846	0.7604913	0.532452	0.00096677	0.999033	0.00193354	1.99807	0.3116245
2442	0	29.29816	28.8579	0.4402565	0.0295897	0.000742924	0.999257	0.00148585	1.99851	0.4292475
2443	1	29.21546	28.59727	0.6181922	0.207845	0.000694696	0.999305	0.00138939	1.99861	0.3592785
2444	0	24.28401	23.56089	0.7231188	-0.431773	0.00481769	0.995182	0.00963539	1.99036	0.323491
2445	1	27.11668	26.99742	0.1192602	-0.178566	0.00100678	0.998993	0.00201355	1.99799	0.5917179
2446	0	28.62607	27.49128	1.13479	-0.156049	0.00245943	0.997541	0.00491887	1.99508	0.2143264
2447	1	27.24907	27.24653	0.002541024	-0.491725	0.000519222	0.999481	0.00103844	1.99896	0.6649748
2448	0	28.04885	27.68817	0.3606811	-0.38211	0.00114676	0.998853	0.00229353	1.99771	0.4648009
2449	1	27.98541	27.15633	0.8290771	-0.355694	0.00222361	0.997776	0.00444722	1.99555	0.2909679
2450	0	29.70561	29.06874	0.6368629	0.00379787	0.000724972	0.999275	0.00144994	1.99855	0.3526328
2451	1	25.86523	25.18317	0.6820629	-0.34841	0.00338192	0.996618	0.00676384	1.99324	0.3370486
2452	0	29.66992	29.05265	0.6172704	-0.147665	0.000733021	0.999267	0.00146604	1.99853	0.3596099
2453	1	29.20408	28.06857	1.135512	0.157946	0.00157407	0.998426	0.00314815	1.99685	0.2141718
2454	0	29.05509	28.68583	0.3692603	-0.101784	0.000772037	0.999228	0.00154407	1.99846	0.4608303
2455	1	27.94373	27.22785	0.7158764	-0.284958	0.00211299	0.997887	0.00422598	1.99577	0.3258424
2456	0	28.48873	28.15255	0.3361709	-0.101441	0.000393632	0.999606	0.000787264	1.99921	0.476334
2457	1	28.85139	28.08381	0.7675742	-0.35808	0.000735359	0.999265	0.00147072	1.99853	0.3094251
2458	0	25.4418	25.76685	-0.3250466	0.0180001	0.000581786	0.999418	0.00116357	1.99884	0.9227301
2459	1	29.89779	28.93523	0.9625624	-0.0580809	0.00114384	0.998856	0.00228769	1.99771	0.2546087
2460	0	29.79396	28.79988	0.9940852	-0.150206	0.00114849	0.998852	0.00229699	1.9977	0.2467079
2461	1	29.82321	28.89813	0.9250803	0.0458862	0.000985801	0.999014	0.0019716	1.99803	0.2643331
2462	0	28.58645	28.0187	0.5677558	-0.197476	0.00144333	0.998557	0.00288666	1.99711	0.377864
2463	1	28.19481	26.9745	1.220316	-0.216814	0.00273729	0.997263	0.00547457	1.99453	0.196758
2464	0	28.58176	28.22994	0.3518189	-0.0463644	0.000964581	0.999035	0.00192916	1.99807	0.4689383
2465	1	28.1477	26.70581	1.441888	0.022822	0.00252722	0.997473	0.00505444	1.99495	0.1576539
2466	0	28.2177	27.46568	0.7520167	0.417263	0.00109963	0.9989	0.00219925	1.9978	0.3142766
2467	1	26.0503	24.95407	1.096232	0.21626	0.00454783	0.995452	0.00909566	1.9909	0.2227518
2468	0	27.02244	26.70258	0.3198683	0.191301	0.00147289	0.998527	0.00294578	1.99705	0.4841631
2469	1	29.04737	28.2967	0.7506686	0.125799	0.00151521	0.998485	0.00303041	1.99697	0.3147005
2470	0	26.49459	25.06372	1.430869	0.314611	0.00145761	0.998542	0.00291522	1.99708	0.1594007
2471	1	28.17732	27.48853	0.6887879	-0.329161	0.000530409	0.99947	0.00106082	1.99894	0.3347896
2472	0	29.21865	28.11692	1.101736	0.0662563	0.00189112	0.998109	0.00378224	1.99622	0.2215291
2473	1	29.54789	28.69042	0.8574662	0.0133961	0.00144393	0.998556	0.00288787	1.99711	0.2828238
2474	0	27.45092	26.54517	0.9057529	0.14423	0.00293802	0.997062	0.00587604	1.99412	0.2694916
2475	1	29.15931	28.74228	0.4170316	0.0158064	0.000802445	0.999198	0.00160489	1.9984	0.4393334
2476	0	26.64231	25.6584	0.98391	-0.540871	0.00236271	0.997637	0.00472542	1.99527	0.249231
2477	1	29.80158	29.02256	0.779013	0.0148599	0.00108913	0.998911	0.00217827	1.99782	0.3059058
2478	0	28.63802	27.32604	1.311984	-0.184064	0.00121774	0.998782	0.00243549	1.99756	0.1795235
2479	1	27.93569	27.36847	0.5672252	-0.165359	0.00178165	0.998218	0.00356329	1.99644	0.3780646
2480	0	29.43808	28.30275	1.135327	-0.189905	0.00148186	0.998518	0.00296372	1.99704	0.2142114
2481	1	27.07607	27.15298	-0.07691222	-0.27377	0.000628216	0.999372	0.00125643	1.99874	0.7199648
2482	0	29.71176	29.10517	0.6065931	-0.0945208	0.000779967	0.99922	0.00155993	1.99844	0.3634701
2483	1	26.59138	26.54852	0.04286434	-0.459018	0.000802212	0.999198	0.00160442	1.9984	0.6386942
2484	0	28.54554	27.93933	0.6062109	-0.296145	0.00149829	0.998502	0.00299659	1.997	0.3636091
2485	1	27.9606	26.86291	1.097694	0.239763	0.00260802	0.997392	0.00521605	1.99478	0.2224264
2486	0	29.79399	28.8741	0.9198923	0.0532363	0.00121691	0.998783	0.00243382	1.99757	0.265708
2487	1	28.45432	27.67377	0.7805433	-0.167198	0.00202219	0.997978	0.00404439	1.99596	0.305438
2488	0	28.05149	27.83813	0.2133623	-0.416636	0.000507496	0.999493	0.00101499	1.99899	0.5385756
2489	1	29.57954	29.03777	0.541778	-0.00138416	0.000711264	0.999289	0.00142253	1.99858	0.3878087
2490	0	25.71768	24.95141	0.7662758	-0.358642	0.00379819	0.996202	0.00759638	1.9924	0.3098271
2491	1	28.85231	28.27957	0.572747	-0.317053	0.000578041	0.999422	0.00115608	1.99884	0.3759827
2492	0	26.32971	25.79949	0.5302121	-0.327433	0.00253028	0.99747	0.00506057	1.99494	0.3923201
2493	1	29.14901	28.14109	1.007922	-0.0251974	0.000743273	0.999257	0.00148655	1.99851	0.2433178
2494	0	28.60162	27.95763	0.6439955	0.305397	0.00131131	0.998689	0.00262263	1.99738	0.3501265
2495	1	29.44441	28.78665	0.6577524	-0.1722	0.000628509	0.999371	0.00125702	1.99874	0.3453429
2496	0	29.37637	28.60541	0.770961	-0.315362	0.000883283	0.999117	0.00176657	1.99823	0.3083789
2497	1	27.05683	26.94614	0.1106949	0.285405	0.000934595	0.999065	0.00186919	1.99813	0.5968079
2498	0	29.23606	28.30034	0.9357206	0.09276	0.000745147	0.999255	0.00149029	1.99851	0.2615354
2499	1	28.66938	27.36617	1.303206	0.083324	0.00222228	0.997778	0.00444456	1.99556	0.1811062
2500	0	29.37636	28.54406	0.8323058	-0.323159	0.00110881	0.998891	0.00221761	1.99778	0.29003
2501	1	28.89534	27.91277	0.9825742	-0.107514	0.00213032	0.99787	0.00426065	1.99574	0.2495641
2502	0	27.201	26.11902	1.081983	0.439326	0.00180601	0.998194	0.00361202	1.99639	0.2259485
2503	1	27.52412	26.68902	0.8350967	-0.490143	0.00206908	0.997931	0.00413816	1.99586	0.2892217
2504	0	28.59523	27.40981	1.185414	-0.185204	0.000897224	0.999103	0.00179445	1.99821	0.2037463
2505	1	29.85073	28.85823	0.9924988	-0.00591036	0.00108976	0.99891	0.00217953	1.99782	0.2470996
2506	0	25.11959	24.6876	0.4319827	-0.195786	0.00290071	0.997099	0.00580141	1.9942	0.4328138
2507	1	29.12417	28.24155	0.8826197	0.265023	0.0010096	0.99899	0.00201919	1.99798	0.2757985
2508	0	27.19597	27.13619	0.05977602	0.425492	0.000526744	0.999473	0.00105349	1.99895	0.6279837
2509	1	29.02546	28.65422	0.3712356	-0.187264	0.000523836	0.999476	0.00104767	1.99895	0.4599209
2510	0	28.16491	27.8915	0.2734112	-0.423271	0.000841967	0.999158	0.00168393	1.99832	0.5071866
2511	1	26.3356	25.75112	0.5844781	-0.530771	0.00238966	0.99761	0.00477931	1.99522	0.3715978
2512	0	29.26795	28.82549	0.4424565	0.0787741	0.000619679	0.99938	0.00123936	1.99876	0.4283042
2513	1	29.42855	28.33167	1.096884	-0.0614923	0.00177737	0.998223	0.00355474	1.99645	0.2226065
2514	0	28.82476	27.8995	0.9252602	-0.177605	0.00205207	0.997948	0.00410414	1.9959	0.2642855
2515	1	29.76869	28.76973	0.9989626	0.0602739	0.00116993	0.99883	0.00233987	1.99766	0.2455075
2516	0	26.58419	26.11006	0.4741247	-0.563428	0.000560857	0.999439	0.00112171	1.99888	0.4149531
2517	1	29.79244	28.84624	0.9461951	-0.17265	0.00116483	0.998835	0.00232966	1.99767	0.2588102
2518	0	26.75332	26.83506	-0.08173929	-0.530771	0.000606483	0.999394	0.00121297	1.99879	0.7234486
2519	1	29.13941	28.58347	0.5559385	0.20348	0.000649934	0.99935	0.00129987	1.9987	0.3823558
2520	0	28.25488	28.10689	0.1479884	0.0444763	0.000390132	0.99961	0.000780263	1.99922	0.5749607
2521	1	29.91788	29.07714	0.8407419	-0.0183406	0.00102331	0.998977	0.00204662	1.99795	0.2875936
2522	0	27.25551	26.94754	0.307973	-0.444963	0.00135142	0.998649	0.00270284	1.9973	0.4899568
2523	1	27.7503	26.73336	1.016937	-0.394551	0.00248885	0.997511	0.00497771	1.99502	0.2411341
2524	0	28.03483	27.58316	0.4516707	-0.321845	0.00139873	0.998601	0.00279747	1.9972	0.4243758
2525	1	29.21316	28.03358	1.179576	-0.0829263	0.00195739	0.998043	0.00391478	1.99609	0.2049395
2526	0	27.50205	27.05204	0.4500142	0.0135437	0.00165772	0.998342	0.00331544	1.99668	0.4250794
2527	1	28.24747	26.77505	1.472426	-0.0505633	0.00220272	0.997797	0.00440543	1.99559	0.1529122
2528	0	26.06536	25.59109	0.4742707	-0.463589	0.00241132	0.997589	0.00482264	1.99518	0.4148925
2529	1	29.68379	28.84307	0.8407154	-0.238525	0.000996401	0.999004	0.0019928	1.99801	0.2876012
2530	0	26.89611	25.57409	1.322023	0.3233	0.0028927	0.997107	0.00578539	1.99421	0.1777303
2531	1	29.1373	28.26736	0.8699404	-0.114906	0.00177415	0.998226	0.0035483	1.99645	0.2793177
2532	0	28.66191	27.49398	1.167923	-0.282577	0.00207044	0.99793	0.00414088	1.99586	0.2073414
2533	1	29.27422	28.58577	0.6884504	-0.32713	0.00109565	0.998904	0.0021913	1.99781	0.3349026
2534	0	27.40791	26.76884	0.639075	-0.580197	0.0012033	0.998797	0.00240661	1.99759	0.3518536
2535	1	29.56811	29.01975	0.5483588	0.027824	0.000762625	0.999237	0.00152525	1.99847	0.385265
2536	0	29.23709	28.69551	0.5415846	0.184061	0.000864713	0.999135	0.00172943	1.99827	0.3878837
2537	1	28.77998	28.52334	0.2566404	0.0206692	0.000487493	0.999513	0.000974986	1.99903	0.5157643
2538	0	28.42708	27.70261	0.7244674	-0.387393	0.00166255	0.998337	0.00332511	1.99667	0.323055
2539	1	28.17585	27.91921	0.2566404	-0.336897	0.000436099	0.999564	0.000872198	1.99913	0.5157643
2540	0	29.01389	28.22312	0.7907679	0.135948	0.00160129	0.998399	0.00320259	1.9968	0.302331
2541	1	25.63719	25.54292	0.09426234	-0.320401	0.00147876	0.998521	0.00295753	1.99704	0.606696
2542	0	28.94171	27.88065	1.061057	-0.342743	0.00142984	0.99857	0.00285968	1.99714	0.2307266
2543	1	29.58701	28.97273	0.6142789	0.0972071	0.000822563	0.999177	0.00164513	1.99835	0.3606872
2544	0	29.71108	28.95512	0.7559543	0.0609338	0.00109393	0.998906	0.00218786	1.99781	0.3130415
2545	1	28.85241	27.77576	1.07665	0.0881781	0.00218362	0.997816	0.00436723	1.99563	0.2271568
2546	0	29.62443	28.52357	1.100865	-0.000212353	0.0015097	0.99849	0.0030194	1.99698	0.2217221
2547	1	27.60352	27.05399	0.5495329	-0.394961	0.00179802	0.998202	0.00359603	1.9964	0.3848129
2548	0	29.05995	28.4114	0.6485485	-0.0309914	0.00138255	0.998617	0.0027651	1.99723	0.348536
2549	1	26.47092	26.35179	0.1191285	0.548131	0.000872797	0.999127	0.00174559	1.99825	0.5917958
2550	0	29.26692	28.73398	0.5329403	-0.103528	0.00102319	0.998977	0.00204639	1.99795	0.3912512
2551	1	29.62138	28.92385	0.6975359	0.0902315	0.000735645	0.999264	0.00147129	1.99853	0.3318736
2552	0	28.29256	28.17291	0.119651	0.0495282	0.000429804	0.99957	0.000859608	1.99914	0.5914867
2553	1	28.90001	28.17254	0.7274636	-0.155039	0.00163733	0.998363	0.00327466	1.99673	0.3220886
2554	0	29.15585	28.69725	0.4586031	-0.129175	0.000516336	0.999484	0.00103267	1.99897	0.4214441
2555	1	27.21529	26.03419	1.181098	0.317671	0.00292428	0.997076	0.00584856	1.99415	0.2046277
2556	0	29.24353	28.26599	0.9775383	-0.0931675	0.00186014	0.99814	0.00372029	1.99628	0.2508241
2557	1	28.24384	27.26309	0.980752	-0.162445	0.00259232	0.997408	0.00518465	1.99482	0.2500193
2558	0	28.25271	27.50198	0.7507228	0.371794	0.00151968	0.99848	0.00303937	1.99696	0.3146835
2559	1	28.38822	27.77951	0.6087056	-0.375733	0.0014992	0.998501	0.0029984	1.997	0.3627031
2560	0	29.25779	28.15364	1.104146	-0.190362	0.00180161	0.998198	0.00360321	1.9964	0.2209958
2561	1	27.37552	27.0438	0.3317249	0.42912	0.00114932	0.998851	0.00229865	1.9977	0.4784565
2562	0	29.00553	28.54683	0.4586985	-0.332673	0.000662446	0.999338	0.00132489	1.99868	0.4214038
2563	1	28.74921	27.73771	1.011496	0.143085	0.00212013	0.99788	0.00424025	1.99576	0.2424496
2564	0	29.76608	29.06686	0.699218	-0.0283589	0.000999907	0.999	0.00199981	1.998	0.3313159
2565	1	28.4726	27.94188	0.5307164	-0.346015	0.00132952	0.99867	0.00265903	1.99734	0.3921223
2566	0	28.67003	27.45886	1.211174	-0.109312	0.000902815	0.999097	0.00180563	1.99819	0.1985649
2567	1	28.39667	27.73573	0.6609474	-0.302426	0.00169668	0.998303	0.00339336	1.99661	0.3442413
2568	0	28.30364	27.84075	0.4628957	0.194504	0.0012508	0.998749	0.0025016	1.9975	0.4196388
2569	1	28.94266	27.77111	1.171548	-0.0344527	0.00224382	0.997756	0.00448765	1.99551	0.2065912
2570	0	29.69947	28.64419	1.055276	0.0502144	0.00114564	0.998854	0.00229128	1.99771	0.2320641
2571	1	28.55319	27.70912	0.8440678	0.143692	0.00200335	0.997997	0.0040067	1.99599	0.2866386
2572	0	27.51177	26.76716	0.7446061	-0.494385	0.00197541	0.998025	0.00395083	1.99605	0.3166142
2573	1	25.99053	25.84155	0.148981	0.582809	0.00110824	0.998892	0.00221647	1.99778	0.5743903
2574	0	29.72216	28.77524	0.9469242	0.0597717	0.000932024	0.999068	0.00186405	1.99814	0.2586216
2575	1	28.83239	28.37848	0.4539087	-0.208318	0.00106335	0.998937	0.0021267	1.99787	0.4234271
2576	0	29.38584	28.43891	0.9469242	-0.194734	0.00162541	0.998375	0.00325082	1.99675	0.2586216
2577	1	29.87944	29.07095	0.8084889	-0.135901	0.000948823	0.999051	0.00189765	1.9981	0.2970205
2578	0	29.72087	28.73248	0.9883902	-0.14252	0.000974858	0.999025	0.00194972	1.99805	0.2481169
2579	1	26.99679	27.16113	-0.1643402	-0.343018	0.000360894	0.999639	0.000721787	1.99928	0.7857435
2580	0	29.34873	28.73183	0.6169001	0.177064	0.000712394	0.999288	0.00142479	1.99858	0.3597431
2581	1	27.23544	27.10969	0.1257499	-0.544241	0.000558815	0.999441	0.00111763	1.99888	0.5878903
2582	0	27.65185	27.15639	0.4954625	0.288931	0.00157468	0.998425	0.00314935	1.99685	0.4061927
2583	1	28.86733	28.45357	0.4137551	0.184746	0.000541013	0.999459	0.00108203	1.99892	0.4407752
2584	0	26.89845	25.89978	0.998661	-0.121718	0.00377491	0.996225	0.00754982	1.99245	0.2455816
2585	1	28.4559	28.28307	0.1728277	-0.220658	0.000465033	0.999535	0.000930066	1.99907	0.560855
2586	0	28.15359	26.77917	1.374425	0.108203	0.00120017	0.9988	0.00240034	1.9976	0.1686567
2587	1	29.73809	28.72565	1.012438	-0.0853824	0.00097582	0.999024	0.00195164	1.99805	0.2422214
2588	0	27.28796	25.87764	1.410317	0.095253	0.00353879	0.996461	0.00707758	1.99292	0.1627107
2589	1	28.4677	28.26395	0.20375	-0.0729901	0.000403609	0.999596	0.000807217	1.99919	0.5437775
2590	0	28.20696	26.75425	1.452714	-0.172533	0.00198884	0.998011	0.00397768	1.99602	0.1559564
2591	1	29.71469	29.0567	0.6579877	-0.174972	0.000824012	0.999176	0.00164802	1.99835	0.3452616
2592	0	29.15024	28.19607	0.9541675	-0.0318622	0.00190361	0.998096	0.00380722	1.99619	0.2567551
2593	1	28.53526	27.71443	0.8208325	-0.359245	0.00180403	0.998196	0.00360805	1.99639	0.2933768
2594	0	29.68549	28.78695	0.8985418	0.126168	0.00112245	0.998878	0.0022449	1.99776	0.271442
2595	1	29.484	28.50216	0.9818416	0.138895	0.00142513	0.998575	0.00285026	1.99715	0.249747
2596	0	29.43494	28.43711	0.9978342	-0.216564	0.00156418	0.998436	0.00312836	1.99687	0.2457847
2597	1	28.62541	27.65334	0.9720716	0.223845	0.00199306	0.998007	0.00398613	1.99601	0.252199
2598	0	27.51013	26.84423	0.6658941	-0.394585	0.00213056	0.997869	0.00426112	1.99574	0.3425426
2599	1	29.70981	28.90887	0.8009404	0.0114455	0.00122324	0.998777	0.00244648	1.99755	0.2992711
2600	0	27.95933	27.56625	0.393084	0.0522406	0.00130084	0.998699	0.00260168	1.9974	0.4499814
2601	1	25.25908	24.99123	0.2678488	-0.680722	0.00175423	0.998246	0.00350846	1.99649	0.5100156
2602	0	29.22236	28.07846	1.143895	-0.236683	0.00120839	0.998792	0.00241677	1.99758	0.2123838
2603	1	29.03584	28.26052	0.7753158	-0.381944	0.000914446	0.999086	0.00182889	1.99817	0.3070389
2604	0	28.89078	28.16633	0.7244439	0.314984	0.000877816	0.999122	0.00175563	1.99824	0.3230627
2605	1	28.16849	27.05966	1.108825	0.343763	0.00156313	0.998437	0.00312626	1.99687	0.2199642
2606	0	26.22806	26.37341	-0.1453432	0.303914	0.000680692	0.999319	0.00136138	1.99864	0.7709576
2607	1	22.47818	21.82634	0.6518445	0.434246	0.0061336	0.993866	0.0122672	1.98773	0.3473892
2608	0	28.39796	28.15136	0.2465957	0.248972	0.000631935	0.999368	0.00126387	1.99874	0.520971
2609	1	26.90727	25.53827	1.368994	-0.0417219	0.00423634	0.995764	0.00847267	1.99153	0.1695752
2610	0	26.3229	25.81253	0.5103742	-0.303417	0.000330482	0.99967	0.000660964	1.99934	0.4001806
2611	1	23.2055	21.73308	1.472421	-0.396079	0.00715491	0.992845	0.0143098	1.98569	0.152913
2612	0	29.40042	28.89521	0.5052099	0.00505731	0.000853798	0.999146	0.0017076	1.99829	0.4022526
2613	1	29.34357	28.33865	1.004925	0.00384532	0.00179576	0.998204	0.00359153	1.99641	0.244048
2614	0	29.65054	29.08231	0.5682341	-0.078588	0.000745005	0.999255	0.00149001	1.99851	0.3776833
2615	1	26.89192	25.87062	1.021297	-0.52711	0.00218523	0.997815	0.00437046	1.99563	0.2400849
2616	0	28.88531	28.42695	0.4583609	0.159705	0.000968989	0.999031	0.00193798	1.99806	0.4215462
2617	1	26.09256	25.33223	0.7603332	-0.300068	0.00353961	0.99646	0.00707922	1.99292	0.3116737
2618	0	27.59734	26.84665	0.7506935	-0.545638	0.00102944	0.998971	0.00205889	1.99794	0.3146927
2619	1	28.85061	28.45357	0.3970353	-0.353233	0.000676551	0.999323	0.0013531	1.99865	0.4482069
2620	0	29.90386	29.08341	0.8204457	-0.112996	0.000991843	0.999008	0.00198369	1.99802	0.2934903
2621	1	28.65505	27.64468	1.010364	-0.355659	0.000953903	0.999046	0.00190781	1.99809	0.2427242
2622	0	28.28933	27.24962	1.039707	-0.354452	0.00219579	0.997804	0.00439157	1.99561	0.2357055
2623	1	29.24819	28.5597	0.6884895	-0.309873	0.00073188	0.999268	0.00146376	1.99854	0.3348895
2624	0	28.14017	27.51918	0.6209931	0.37458	0.0013997	0.9986	0.00279941	1.9972	0.3582736
2625	1	29.09443	28.73411	0.3603179	-0.0793552	0.000523248	0.999477	0.0010465	1.99895	0.4649697
2626	0	28.86937	28.27276	0.5966031	0.289883	0.00105229	0.998948	0.00210458	1.9979	0.3671194
2627	1	29.80353	29.06868	0.7348474	0.0496841	0.000899418	0.999101	0.00179884	1.9982	0.3197191
2628	0	28.46114	27.72517	0.7359723	-0.200764	0.00190054	0.998099	0.00380107	1.9962	0.3193596
2629	1	29.32376	28.37927	0.9444858	-0.20166	0.00166604	0.998334	0.00333208	1.99667	0.259253
2630	0	29.09406	28.47346	0.6205981	-0.36654	0.000793218	0.999207	0.00158644	1.99841	0.3584152
2631	1	29.12664	27.92081	1.20583	-0.203988	0.00174947	0.998251	0.00349894	1.9965	0.1996289
2632	0	27.54437	26.62033	0.9240387	-0.0718448	0.00303868	0.996961	0.00607736	1.99392	0.2646085
2633	1	29.8016	28.83493	0.9666761	-0.158989	0.00118105	0.998819	0.0023621	1.99764	0.2535634
2634	0	25.22275	24.53907	0.6836778	0.426755	0.0034952	0.996505	0.00699041	1.99301	0.3365048
2635	1	24.11171	23.71253	0.3991813	-0.365472	0.00345305	0.996547	0.0069061	1.99309	0.447246
2636	0	27.58295	27.30741	0.2755306	-0.542781	0.000662599	0.999337	0.0013252	1.99867	0.5061128
2637	1	28.40396	27.65419	0.7497653	-0.0136894	0.00198737	0.998013	0.00397474	1.99603	0.314985
2638	0	28.05549	27.26203	0.7934656	0.287219	0.00200504	0.997995	0.00401007	1.99599	0.3015164
2639	1	26.73669	25.88465	0.8520429	0.530052	0.00140942	0.998591	0.00281883	1.99718	0.2843618
2640	0	29.24666	28.21835	1.02831	-0.121147	0.00189333	0.998107	0.00378666	1.99621	0.2384071
2641	1	28.7568	27.60513	1.151672	-0.251139	0.00211938	0.997881	0.00423876	1.99576	0.2107384
2642	0	28.20122	27.33231	0.8689073	0.11518	0.00232911	0.997671	0.00465823	1.99534	0.2796064
2643	1	29.10761	28.33441	0.7731954	-0.0389646	0.00161617	0.998384	0.00323234	1.99677	0.3076906
2644	0	26.82026	25.68246	1.137797	-0.101696	0.00418781	0.995812	0.00837563	1.99162	0.2136829
2645	1	29.6857	28.71883	0.9668667	-0.168222	0.00137727	0.998623	0.00275454	1.99725	0.2535151
2646	0	25.27927	24.17727	1.102006	0.506868	0.00323038	0.99677	0.00646077	1.99354	0.2214692
2647	1	26.14394	24.80923	1.334704	0.345578	0.00356411	0.996436	0.00712823	1.99287	0.1754907
2648	0	26.9577	25.93586	1.021839	0.0957898	0.00371042	0.99629	0.00742084	1.99258	0.239955
2649	1	23.85709	22.8067	1.050399	-0.233962	0.0073526	0.992647	0.0147052	1.98529	0.2331988
2650	0	21.65357	21.00341	0.6501604	-0.483534	0.00743083	0.992569	0.0148617	1.98514	0.3479747
2651	1	28.00461	26.49679	1.507823	-0.0933117	0.00226308	0.997737	0.00452615	1.99547	0.1475943
2652	0	23.77131	22.87876	0.8925518	-0.317552	0.00650015	0.9935	0.0130003	1.987	0.2730728
2653	1	20.11507	18.54057	1.574494	-0.15622	0.0107177	0.989282	0.0214354	1.97856	0.1380749
2654	0	26.33305	25.17637	1.156686	0.290472	0.00402139	0.995979	0.00804279	1.99196	0.2096845
2655	1	25.48956	24.54681	0.9427516	-0.0358552	0.00496433	0.995036	0.00992867	1.99007	0.259703
2656	0	27.04277	26.41875	0.6240198	-0.516865	0.00203564	0.997964	0.00407127	1.99593	0.3571909
2657	1	29.36862	28.48797	0.8806551	-0.310334	0.00099051	0.999009	0.00198102	1.99802	0.2763408
2658	0	28.69235	27.69789	0.9944632	-0.340135	0.00188244	0.998118	0.00376488	1.99624	0.2466146
2659	1	28.49136	28.06206	0.4293044	-0.26827	0.00115422	0.998846	0.00230844	1.99769	0.4339745
2660	0	29.12951	28.3696	0.7599104	0.168685	0.00142224	0.998578	0.00284448	1.99716	0.3118055
2661	1	28.29834	27.98393	0.3144105	-0.0326617	0.000998468	0.999002	0.00199694	1.998	0.4868128
2662	0	29.26197	27.99138	1.27059	-0.011944	0.0015085	0.998491	0.003017	1.99698	0.1871106
2663	1	28.67075	28.24787	0.4228844	0.264948	0.00057613	0.999424	0.00115226	1.99885	0.4367696
2664	0	28.35188	27.15562	1.196264	0.252434	0.00205132	0.997949	0.00410263	1.9959	0.2015476
2665	1	29.09023	28.36759	0.7226358	-0.384956	0.000987259	0.999013	0.00197452	1.99803	0.3236473
2666	0	28.99068	27.90504	1.085636	0.2028	0.00173066	0.998269	0.00346133	1.99654	0.2251247
2667	1	25.35115	25.08177	0.2693822	0.518858	0.00190116	0.998099	0.00380232	1.9962	0.5092342
2668	0	28.93657	28.59042	0.3461492	0.0264319	0.000763394	0.999237	0.00152679	1.99847	0.4716046
2669	1	29.03054	28.46874	0.5618062	-0.273308	0.0011454	0.998855	0.0022908	1.99771	0.3801189
2670	0	27.7783	27.63373	0.1445764	-0.00787885	0.000825817	0.999174	0.00165163	1.99835	0.5769258
2671	1	29.10016	28.38105	0.7191094	0.262278	0.00115077	0.998849	0.00230155	1.9977	0.3247906
2672	0	27.69005	27.61077	0.07927872	-0.357378	0.000392593	0.999607	0.000785186	1.99921	0.6158549
2673	1	29.29553	28.09963	1.195899	-0.0932834	0.00182856	0.998171	0.00365713	1.99634	0.2016213
2674	0	27.28904	27.40611	-0.1170772	0.133958	0.000409055	0.999591	0.00081811	1.99918	0.7494708
2675	1	27.89875	27.08691	0.8118347	-0.156896	0.00246428	0.997536	0.00492857	1.99507	0.2960284
2676	0	24.41953	24.72957	-0.3100419	0.320636	0.00083601	0.999164	0.00167202	1.99833	0.9089882
2677	1	26.69392	26.05109	0.6428332	-0.329205	0.00267087	0.997329	0.00534173	1.99466	0.3505338
2678	0	29.69403	28.6599	1.034135	0.0732919	0.00115131	0.998849	0.00230263	1.9977	0.2370225
2679	1	29.40504	28.46981	0.9352278	0.179685	0.00136108	0.998639	0.00272215	1.99728	0.2616643
2680	0	28.28511	27.13996	1.145147	0.259436	0.0021811	0.997819	0.00436221	1.99564	0.2121181
2681	1	29.65679	29.04415	0.6126348	-0.110463	0.000909662	0.99909	0.00181932	1.99818	0.3612808
2682	0	29.4681	28.63464	0.8334606	0.190912	0.000921704	0.999078	0.00184341	1.99816	0.2896953
2683	1	29.13642	28.72593	0.4104916	-0.255697	0.000665056	0.999335	0.00133011	1.99867	0.4422161
2684	0	27.53611	26.67192	0.864185	0.311787	0.00245429	0.997546	0.00490858	1.99509	0.2809299
2685	1	28.48397	28.30288	0.1810882	-0.0223698	0.000623544	0.999376	0.00124709	1.99875	0.5562411
2686	0	29.62503	28.73584	0.8891902	-0.201625	0.00133453	0.998665	0.00266905	1.99733	0.2739923
2687	1	28.69293	28.45533	0.2376083	-0.190618	0.000636724	0.999363	0.00127345	1.99873	0.5256743
2688	0	27.71396	26.93063	0.7833256	0.443608	0.000914155	0.999086	0.00182831	1.99817	0.3045894
2689	1	28.43151	28.24805	0.1834552	-0.0388707	0.000659831	0.99934	0.00131966	1.99868	0.5549261
2690	0	29.12296	28.17832	0.94464	0.108684	0.000737433	0.999263	0.00147487	1.99853	0.259213
2691	1	29.26755	28.04864	1.218907	-0.175482	0.00146975	0.99853	0.0029395	1.99706	0.1970354
2692	0	29.05352	28.62493	0.4285931	0.150478	0.000575743	0.999424	0.00115149	1.99885	0.4342833
2693	1	27.56814	27.07513	0.4930073	-0.186718	0.00176383	0.998236	0.00352765	1.99647	0.4071912
2694	0	28.48928	27.72215	0.7671306	0.369296	0.000910665	0.999089	0.00182133	1.99818	0.3095624
2695	1	27.38866	26.87424	0.5144194	-0.429255	0.0017919	0.998208	0.0035838	1.99642	0.3985651
2696	0	29.40257	28.77561	0.6269669	0.0431449	0.000596447	0.999404	0.00119289	1.99881	0.3561398
2697	1	25.49601	25.18871	0.3072978	-0.674301	0.00170757	0.998292	0.00341513	1.99658	0.4902877
2698	0	29.66622	28.91449	0.7517361	0.109176	0.000812842	0.999187	0.00162568	1.99837	0.3143648
2699	1	22.19039	22.12774	0.06264899	-0.635019	0.00319823	0.996802	0.00639646	1.9936	0.6261821
2700	0	27.61367	27.45826	0.1554044	-0.321856	0.000910748	0.999089	0.0018215	1.99818	0.5707126
2701	1	27.65591	27.26567	0.3902424	0.417912	0.0011386	0.998861	0.0022772	1.99772	0.4512618
2702	0	28.31212	27.24212	1.069998	-0.355372	0.000934468	0.999066	0.00186894	1.99813	0.2286729
2703	1	28.84711	28.48025	0.3668547	-0.0130001	0.000448549	0.999551	0.000897098	1.9991	0.4619402
2704	0	26.05548	25.25181	0.8036651	0.508389	0.0026303	0.99737	0.00526061	1.99474	0.2984568
2705	1	26.78167	26.91135	-0.1296797	0.318992	0.000519763	0.99948	0.00103953	1.99896	0.7589758
2706	0	29.05556	28.43825	0.6173125	0.273332	0.000793705	0.999206	0.00158741	1.99841	0.3595947
2707	1	27.25964	27.12422	0.1354117	0.26967	0.000920165	0.99908	0.00184033	1.99816	0.5822375
2708	0	29.83323	28.92247	0.9107596	-0.133717	0.000945456	0.999055	0.00189091	1.99811	0.2681457
2709	1	28.09447	27.95906	0.1354117	-0.358039	0.000489235	0.999511	0.00097847	1.99902	0.5822375
2710	0	29.75335	28.71112	1.042227	-0.0587356	0.00139985	0.9986	0.0027997	1.9972	0.2351122
2711	1	29.79522	29.09692	0.698291	-0.00332775	0.000940551	0.999059	0.0018811	1.99812	0.3316231
2712	0	27.50633	25.94142	1.56491	0.0588408	0.00171949	0.998281	0.00343897	1.99656	0.1394046
2713	1	29.58039	28.68278	0.8976085	0.16116	0.00114131	0.998859	0.00228263	1.99772	0.2716954
2714	0	29.60815	28.52323	1.08492	0.0316336	0.0010692	0.998931	0.00213839	1.99786	0.2252858
2715	1	29.60282	28.73902	0.8638036	0.131997	0.00122966	0.99877	0.00245932	1.99754	0.2810371
2716	0	28.82194	27.51446	1.307478	-0.127392	0.00120831	0.998792	0.00241663	1.99758	0.1803343
2717	1	27.93554	27.60073	0.3348136	-0.499652	0.000944367	0.999056	0.00188873	1.99811	0.4769809
2718	0	26.25813	24.99729	1.260836	-0.251039	0.00464425	0.995356	0.00928849	1.99071	0.1889447
2719	1	29.27478	28.68288	0.5919069	0.00629993	0.000546823	0.999453	0.00109365	1.99891	0.3688475
2720	0	25.92667	24.24651	1.680159	0.141628	0.00343693	0.996563	0.00687385	1.99313	0.1242295
2721	1	28.65107	27.95373	0.6973368	-0.28362	0.0005594	0.999441	0.0011188	1.99888	0.3319397
2722	0	25.52919	23.77277	1.756419	-0.210458	0.00271286	0.997287	0.00542572	1.99457	0.115108
2723	1	29.2755	28.59786	0.6776407	-0.0591688	0.00132285	0.998677	0.0026457	1.99735	0.3385425
2724	0	24.60009	22.90718	1.692911	-0.359718	0.00204876	0.997951	0.00409752	1.9959	0.1226554
2725	1	27.36258	25.98397	1.378603	0.0597985	0.000930629	0.999069	0.00186126	1.99814	0.1679535
2726	0	23.75411	22.27963	1.474478	-0.182903	0.00827423	0.991726	0.0165485	1.98345	0.1525988
2727	1	28.42088	27.00193	1.418943	0.0834258	0.00192993	0.99807	0.00385985	1.99614	0.1613131
2728	0	27.69551	26.43477	1.26074	0.0371844	0.00339381	0.996606	0.00678762	1.99321	0.1889628
2729	1	26.94015	25.5212	1.418943	0.09051	0.000950729	0.999049	0.00190146	1.9981	0.1613131
2730	0	25.21816	23.58845	1.629706	-0.0218056	0.00556072	0.994439	0.0111214	1.98888	0.1306581
2731	1	28.89652	27.78392	1.112603	-0.329144	0.0013782	0.998622	0.0027564	1.99724	0.2191349
2732	0	28.26965	27.18375	1.085895	0.204135	0.00244184	0.997558	0.00488368	1.99512	0.2250663
2733	1	28.77684	27.39726	1.379584	0.0154582	0.00179392	0.998206	0.00358784	1.99641	0.1677889
2734	0	27.01244	25.64881	1.363632	-0.0691229	0.00411355	0.995886	0.00822711	1.99177	0.1704869
2735	1	28.75313	27.37355	1.379584	-0.112211	0.00182378	0.998176	0.00364755	1.99635	0.1677889
2736	0	27.65623	26.88683	0.7693978	0.396336	0.00191579	0.998084	0.00383158	1.99617	0.3088613
2737	1	23.78998	23.51458	0.2754006	0.357901	0.00294294	0.997057	0.00588588	1.99411	0.5061786
2738	0	25.98157	25.17745	0.8041199	0.481583	0.00288902	0.997111	0.00577804	1.99422	0.2983211
2739	1	28.72176	28.2896	0.4321599	0.0376943	0.00106059	0.998939	0.00212118	1.99788	0.432737
2740	0	27.67756	26.27433	1.403232	-0.316515	0.00201566	0.997984	0.00403131	1.99597	0.1638675
2741	1	27.98856	27.62423	0.3643242	-0.0629067	0.00123973	0.99876	0.00247946	1.99752	0.4631106
2742	0	29.54469	28.80668	0.7380105	-0.0407896	0.0012643	0.998736	0.00252861	1.99747	0.3187094
2743	1	29.75286	28.91946	0.8334033	0.0147967	0.000793494	0.999207	0.00158699	1.99841	0.2897119
2744	0	27.63728	27.40941	0.2278681	-0.0557821	0.00105828	0.998942	0.00211656	1.99788	0.5308195
2745	1	28.74308	28.2639	0.4791723	-0.187707	0.00116859	0.998831	0.00233717	1.99766	0.4128638
2746	0	29.29338	28.31107	0.982314	-0.185315	0.00174952	0.99825	0.00349905	1.9965	0.2496291
2747	1	28.65866	28.43252	0.2261422	0.00670936	0.000629797	0.99937	0.00125959	1.99874	0.5317364
2748	0	28.86318	27.98239	0.8807968	-0.328049	0.00170786	0.998292	0.00341572	1.99658	0.2763017
2749	1	29.63736	28.80142	0.8359397	-0.249086	0.0011165	0.998883	0.00223301	1.99777	0.288978
2750	0	29.07122	27.8672	1.204019	-0.0457207	0.00209895	0.997901	0.00419789	1.9958	0.1999908
2751	1	28.10187	27.00047	1.101397	-0.116344	0.00292699	0.997073	0.00585397	1.99415	0.2216043
2752	0	28.74123	27.94293	0.7982948	0.306138	0.0014333	0.998567	0.0028666	1.99713	0.3000639
2753	1	28.20552	26.81454	1.39098	0.0926378	0.00249116	0.997509	0.00498232	1.99502	0.1658875
2754	0	25.8483	25.58827	0.2600315	-0.638356	0.00159914	0.998401	0.00319827	1.9968	0.5140182
2755	1	27.04743	26.50629	0.5411394	0.256869	0.00204922	0.997951	0.00409844	1.9959	0.3880564
2756	0	27.4851	27.44905	0.03604653	0.0312316	0.000699442	0.999301	0.00139888	1.9986	0.6430636
2757	1	18.74628	18.91524	-0.168954	-0.220864	0.00373076	0.996269	0.00746151	1.99254	0.7893771
2758	0	28.94108	28.43827	0.5028153	-0.370247	0.000904522	0.999095	0.00180904	1.99819	0.403217
2759	1	29.3264	28.57547	0.7509266	-0.337507	0.00102578	0.998974	0.00205156	1.99795	0.3146194
2760	0	28.84852	28.32062	0.5279036	-0.37619	0.000663612	0.999336	0.00132722	1.99867	0.3932268
2761	1	29.86483	28.97904	0.8857914	-0.142748	0.00110798	0.998892	0.00221597	1.99778	0.2749251
2762	0	28.3228	27.56276	0.760042	0.31489	0.00168637	0.998314	0.00337273	1.99663	0.3117645
2763	1	27.81572	27.05425	0.7614753	-0.131503	0.000445386	0.999555	0.000890772	1.99911	0.311318
2764	0	28.44809	27.34929	1.098797	0.311744	0.00132477	0.998675	0.00264954	1.99735	0.2221811
2765	1	28.95303	28.651	0.3020325	-0.12126	0.000652968	0.999347	0.00130594	1.99869	0.492876
2766	0	28.93227	27.6992	1.233074	-0.236749	0.00130584	0.998694	0.00261168	1.99739	0.1942636
2767	1	29.42717	28.6568	0.7703642	-0.294743	0.0011641	0.998836	0.00232821	1.99767	0.308563
2768	0	25.37024	25.18005	0.1901842	-0.113902	0.00182783	0.998172	0.00365566	1.99634	0.5512045
2769	1	27.08122	26.24608	0.8351378	-0.180063	0.0031064	0.996894	0.0062128	1.99379	0.2892098
2770	0	28.21227	27.80695	0.405315	0.369963	0.000925167	0.999075	0.00185033	1.99815	0.4445112
2771	1	29.63178	28.96175	0.6700253	0.0442971	0.000692325	0.999308	0.00138465	1.99862	0.3411304
2772	0	28.54681	27.81505	0.7317649	-0.423569	0.000774491	0.999226	0.00154898	1.99845	0.3207061
2773	1	28.96792	28.54641	0.4215134	-0.303406	0.000595457	0.999405	0.00119091	1.99881	0.4373688
2774	0	29.44988	28.66292	0.7869614	-0.0457961	0.000646173	0.999354	0.00129235	1.99871	0.303484
2775	1	29.83513	29.01913	0.8159984	0.0230245	0.000851408	0.999149	0.00170282	1.9983	0.2947984
2776	0	28.95738	28.46511	0.4922718	-0.166467	0.00109457	0.998905	0.00218915	1.99781	0.4074908
2777	1	29.52913	29.00661	0.5225181	-0.075495	0.000646826	0.999353	0.00129365	1.99871	0.3953503
2778	0	29.67889	28.59175	1.087137	0.024486	0.00116057	0.998839	0.00232115	1.99768	0.2247871
2779	1	26.13968	25.72836	0.4113155	0.551515	0.00168768	0.998312	0.00337537	1.99662	0.4418519
2780	0	27.50858	27.35621	0.1523644	-0.349562	0.000937988	0.999062	0.00187598	1.99812	0.5724502
2781	1	27.83603	27.51044	0.3255921	-0.344415	0.00118933	0.998811	0.00237867	1.99762	0.4813998
2782	0	27.75874	27.19279	0.5659511	-0.443528	0.000547023	0.999453	0.00109405	1.99891	0.3785466
2783	1	29.87492	28.95492	0.9199976	0.016688	0.00100373	0.998996	0.00200746	1.99799	0.26568
2784	0	27.95724	27.35926	0.5979786	0.432629	0.000776463	0.999224	0.00155293	1.99845	0.3666147
2785	1	29.24686	28.26773	0.979124	-0.312232	0.00138394	0.998616	0.00276788	1.99723	0.2504267
2786	0	29.59102	28.99304	0.5979786	0.0201506	0.000911549	0.999088	0.0018231	1.99818	0.3666147
2787	1	29.80119	28.86861	0.9325775	0.0350397	0.00125099	0.998749	0.00250197	1.9975	0.2623587
2788	0	29.67288	29.07406	0.5988258	-0.0466684	0.000857209	0.999143	0.00171442	1.99829	0.3663043
2789	1	25.51736	25.83463	-0.3172741	-0.59112	0.000575062	0.999425	0.00115012	1.99885	0.915586
2790	0	29.1249	28.6705	0.4544034	-0.0693394	0.000930575	0.999069	0.00186115	1.99814	0.4232177
2791	1	27.74982	27.7151	0.03472058	-0.0534043	0.000619612	0.99938	0.00123922	1.99876	0.6439168
2792	0	28.01088	26.81253	1.198352	-0.00592952	0.000752214	0.999248	0.00150443	1.9985	0.2011274
2793	1	29.64752	28.86166	0.7858652	-0.0965399	0.000709614	0.99929	0.00141923	1.99858	0.3038168
2794	0	27.94417	26.74582	1.198352	-0.19108	0.000791103	0.999209	0.00158221	1.99842	0.2011274
2795	1	28.32846	28.14609	0.1823678	0.186495	0.000481642	0.999518	0.000963284	1.99904	0.5555299
2796	0	28.93625	28.37022	0.5660305	-0.266546	0.00121645	0.998784	0.00243291	1.99757	0.3785165
2797	1	29.64367	28.7839	0.859772	0.140219	0.00112478	0.998875	0.00224956	1.99775	0.2821724
2798	0	29.25253	28.665	0.5875304	0.169222	0.000996591	0.999003	0.00199318	1.99801	0.3704653
2799	1	28.09024	27.10299	0.987247	0.379972	0.00165625	0.998344	0.0033125	1.99669	0.2484007
2800	0	29.84882	28.9239	0.9249267	-0.103256	0.000944111	0.999056	0.00188822	1.99811	0.2643737
2801	1	28.89314	27.63223	1.260912	-0.214281	0.0018618	0.998138	0.0037236	1.99628	0.1889303
2802	0	29.46336	28.52215	0.9412117	0.115932	0.00149168	0.998508	0.00298336	1.99702	0.2601032
2803	1	29.03065	28.43711	0.5935398	-0.250877	0.00123044	0.99877	0.00246088	1.99754	0.3682457
2804	0	28.75666	27.81544	0.9412117	-0.362988	0.000905311	0.999095	0.00181062	1.99819	0.2601032
2805	1	29.53799	28.44134	1.096659	-0.18946	0.00122183	0.998778	0.00244366	1.99756	0.2226567
2806	0	29.73893	28.91944	0.8194936	-0.166464	0.00118935	0.998811	0.00237871	1.99762	0.2937698
2807	1	29.67916	29.08444	0.59472	-0.0133376	0.000738823	0.999261	0.00147765	1.99852	0.3678113
2808	0	29.04796	27.91558	1.132388	0.0892374	0.00201503	0.997985	0.00403006	1.99597	0.2148418
2809	1	29.31267	28.60952	0.7031501	-0.0655603	0.000580003	0.99942	0.00116001	1.99884	0.3300157
2810	0	29.07231	28.56441	0.5078939	-0.209885	0.00105124	0.998949	0.00210248	1.9979	0.4011744
2811	1	27.32676	26.72343	0.6033297	-0.294039	0.0021801	0.99782	0.0043602	1.99564	0.3646582
2812	0	27.2637	26.97593	0.2877706	-0.355097	0.00134266	0.998657	0.00268532	1.99731	0.4999557
2813	1	28.62558	27.56107	1.064509	-0.249554	0.0022575	0.997742	0.004515	1.99548	0.2299314
2814	0	28.75833	27.91883	0.8395022	0.235073	0.00169564	0.998304	0.00339128	1.99661	0.2879503
2815	1	29.74795	29.08232	0.6656273	-0.0107594	0.000930315	0.99907	0.00186063	1.99814	0.342634
2816	0	29.17025	27.93727	1.232975	0.10262	0.00153296	0.998467	0.00306592	1.99693	0.1942829
2817	1	29.13676	28.43736	0.6994036	-0.222922	0.00139893	0.998601	0.00279786	1.9972	0.3312544
2818	0	29.39286	28.31248	1.080377	-0.0445162	0.00181299	0.998187	0.00362599	1.99637	0.2263116
2819	1	27.92792	26.86861	1.059312	-0.269441	0.00280475	0.997195	0.00560949	1.99439	0.2311294
2820	0	26.84707	25.76612	1.080946	-0.428065	0.00313367	0.996866	0.00626734	1.99373	0.2261829
2821	1	28.3149	27.44873	0.8661778	0.231658	0.00207214	0.997928	0.00414428	1.99586	0.2803706
2822	0	26.36816	25.27238	1.09578	-0.250096	0.00436185	0.995638	0.00872369	1.99128	0.2228526
2823	1	27.53559	27.37272	0.162869	0.261838	0.000878429	0.999122	0.00175686	1.99824	0.5664683
2824	0	28.79833	28.22441	0.5739234	0.0153509	0.00134624	0.998654	0.00269248	1.99731	0.3755407
2825	1	28.85403	28.58222	0.2718067	-0.15839	0.000625528	0.999374	0.00125106	1.99875	0.508001
2826	0	26.38345	26.26604	0.1174123	-0.563183	0.000423567	0.999576	0.000847134	1.99915	0.5928123
2827	1	28.74435	27.9919	0.7524452	0.293846	0.00141643	0.998584	0.00283285	1.99717	0.314142
2828	0	28.71641	27.54706	1.169356	-0.161692	0.00237172	0.997628	0.00474343	1.99526	0.2070446
2829	1	29.66813	28.86082	0.8073089	0.134047	0.00103987	0.99896	0.00207975	1.99792	0.2973712
2830	0	28.27996	27.27724	1.002728	-0.0287255	0.00264066	0.997359	0.00528131	1.99472	0.2445848
2831	1	28.22008	27.69185	0.5282316	0.122196	0.0014861	0.998514	0.00297221	1.99703	0.3930979
2832	0	29.15124	27.85522	1.296017	-0.0257478	0.00141484	0.998585	0.00282967	1.99717	0.1824129
2833	1	28.41224	28.18318	0.2290674	-0.351718	0.000661377	0.999339	0.00132275	1.99868	0.5301833
2834	0	29.03564	27.73962	1.296017	-0.078089	0.0012672	0.998733	0.00253439	1.99747	0.1824129
2835	1	23.75252	23.79272	-0.04019745	-0.537998	0.0019105	0.99809	0.003821	1.99618	0.6940109
2836	0	29.43642	28.22373	1.21269	-0.0473484	0.00155806	0.998442	0.00311612	1.99688	0.1982642
2837	1	28.79472	28.03402	0.7607054	0.0300909	0.00176112	0.998239	0.00352225	1.99648	0.3115578
2838	0	28.11074	27.56473	0.546019	0.288791	0.00144667	0.998553	0.00289335	1.99711	0.3861675
2839	1	29.41568	28.65498	0.7607054	0.169366	0.00119295	0.998807	0.00238589	1.99761	0.3115578
2840	0	28.54747	27.82123	0.726243	0.0391674	0.00182717	0.998173	0.00365434	1.99635	0.3224819
2841	1	29.46338	28.4224	1.040981	-0.245181	0.00117071	0.998829	0.00234141	1.99766	0.2354054
2842	0	27.24327	26.13994	1.103322	-0.0276145	0.00371944	0.996281	0.00743888	1.99256	0.2211781
2843	1	28.11977	27.40417	0.7155949	0.431251	0.00112151	0.998878	0.00224302	1.99776	0.3259341
2844	0	28.89525	27.53328	1.361964	-0.0172383	0.00172777	0.998272	0.00345554	1.99654	0.1707714
2845	1	29.57664	28.83365	0.742991	-0.146723	0.000685568	0.999314	0.00137114	1.99863	0.317126
2846	0	29.26626	28.76065	0.505614	-0.250919	0.000878762	0.999121	0.00175752	1.99824	0.4020901
2847	1	29.45908	28.63687	0.8222124	-0.205177	0.00140001	0.9986	0.00280002	1.9972	0.2929722
2848	0	27.90917	26.79667	1.112501	-0.0835707	0.00312532	0.996875	0.00625063	1.99375	0.2191572
2849	1	28.66734	28.30928	0.3580661	-0.0853925	0.000944389	0.999056	0.00188878	1.99811	0.4660179
2850	0	26.91751	25.65007	1.267434	-0.151339	0.00416864	0.995831	0.00833728	1.99166	0.1877021
2851	1	27.6047	26.62181	0.9828899	-0.0773962	0.00313965	0.99686	0.00627931	1.99372	0.2494854
2852	0	25.93174	25.2465	0.6852426	0.313686	0.00318326	0.996817	0.00636653	1.99363	0.3359786
2853	1	28.07918	27.0998	0.9793766	-0.274707	0.00256945	0.997431	0.0051389	1.99486	0.2503634
2854	0	29.0736	28.08133	0.9922717	-0.183387	0.00194384	0.998056	0.00388768	1.99611	0.2471557
2855	1	28.72338	28.0567	0.6666803	-0.196267	0.00159296	0.998407	0.00318592	1.99681	0.3422734
2856	0	28.98674	27.7237	1.263041	-0.213502	0.00157443	0.998426	0.00314885	1.99685	0.1885284
2857	1	27.70454	27.18473	0.5198085	-0.440191	0.000516495	0.999484	0.00103299	1.99897	0.3964229
2858	0	28.81891	28.28373	0.5351726	-0.00348465	0.00125396	0.998746	0.00250793	1.99749	0.3903788
2859	1	29.34272	28.81414	0.5285841	-0.224992	0.00063066	0.999369	0.00126132	1.99874	0.3929593
2860	0	28.79549	28.08679	0.7087051	0.247921	0.00142398	0.998576	0.00284797	1.99715	0.3281875
2861	1	29.60091	28.53665	1.064261	0.0797161	0.00111139	0.998889	0.00222278	1.99778	0.2299884
2862	0	28.50418	27.29155	1.212628	-0.17501	0.00253621	0.997464	0.00507242	1.99493	0.1982764
2863	1	27.0093	25.94467	1.064635	0.0754414	0.0037881	0.996212	0.00757621	1.99242	0.2299024
2864	0	28.26486	27.71316	0.5517012	-0.364106	0.00146943	0.998531	0.00293886	1.99706	0.3839794
2865	1	28.7346	27.37768	1.356918	-0.160608	0.00185861	0.998141	0.00371721	1.99628	0.1716354
2866	0	26.27691	26.06559	0.211316	0.0444239	0.00150264	0.998497	0.00300527	1.99699	0.5396788
2867	1	29.52815	28.80144	0.7267081	0.0712964	0.00119299	0.998807	0.00238597	1.99761	0.322332
2868	0	25.62436	25.55281	0.07154875	-0.67833	0.00116592	0.998834	0.00233184	1.99767	0.6206339
2869	1	28.05515	27.09577	0.9593798	0.120401	0.00262145	0.997379	0.00524291	1.99476	0.2554203
2870	0	28.40876	28.18766	0.2210965	0.145707	0.000438984	0.999561	0.000877967	1.99912	0.5344262
2871	1	25.50162	24.96121	0.5404169	-0.332612	0.00310554	0.996894	0.00621108	1.99379	0.3883369
2872	0	26.84057	26.66141	0.1791614	-0.329661	0.000299006	0.999701	0.000598012	1.9994	0.557314
2873	1	23.8335	23.09785	0.7356512	0.610073	0.00365818	0.996342	0.00731635	1.99268	0.3194622
2874	0	26.65945	26.1678	0.4916541	-0.271237	0.000330438	0.99967	0.000660875	1.99934	0.4077426
2875	1	28.66046	27.72534	0.9351221	-0.068843	0.00223374	0.997766	0.00446747	1.99553	0.261692
2876	0	27.58879	27.57736	0.01142351	-0.237774	0.000632402	0.999368	0.0012648	1.99874	0.6590943
2877	1	29.03859	27.77618	1.262412	-0.10696	0.00116132	0.998839	0.00232265	1.99768	0.1886472
2878	0	29.22549	28.0675	1.157996	-0.00068557	0.000976582	0.999023	0.00195316	1.99805	0.2094101
2879	1	28.65908	28.3513	0.3077783	-0.0172471	0.000830097	0.99917	0.00166019	1.99834	0.4900522
2880	0	29.43089	28.75086	0.680029	0.151841	0.0010696	0.99893	0.00213919	1.99786	0.3377349
2881	1	27.11998	26.86841	0.2515716	-0.537878	0.00116902	0.998831	0.00233805	1.99766	0.5183852
2882	0	29.18577	28.52274	0.6630304	-0.349294	0.0010622	0.998938	0.00212441	1.99788	0.343525
2883	1	28.25332	27.69618	0.5571411	-0.321575	0.000482311	0.999518	0.000964622	1.99904	0.3818963
2884	0	29.67297	28.99361	0.6793566	-0.18373	0.00075361	0.999246	0.00150722	1.99849	0.337962
2885	1	25.6949	25.74038	-0.04547316	-0.545111	0.000322207	0.999678	0.000644414	1.99936	0.6976819
2886	0	28.46262	27.59002	0.8726059	0.00359385	0.00223182	0.997768	0.00446364	1.99554	0.2785742
2887	1	29.09978	28.68195	0.4178283	-0.0955321	0.000862187	0.999138	0.00172437	1.99828	0.4389835
2888	0	26.94199	26.15288	0.7891066	0.516927	0.00166335	0.998337	0.00332671	1.99667	0.3028336
2889	1	28.36955	27.51916	0.8503884	-0.179275	0.00222795	0.997772	0.00445591	1.99554	0.2848326
2890	0	25.26479	24.35445	0.9103447	0.0596976	0.00501336	0.994987	0.0100267	1.98997	0.268257
2891	1	28.63326	27.61531	1.017953	0.0482131	0.00234829	0.997652	0.00469659	1.9953	0.2408891
2892	0	29.01079	28.02164	0.9891484	0.0738981	0.00198808	0.998012	0.00397617	1.99602	0.2479288
2893	1	27.14127	25.89535	1.245922	-0.395697	0.00284417	0.997156	0.00568833	1.99431	0.1917838
2894	0	28.19539	27.22664	0.9687495	-0.258612	0.00249202	0.997508	0.00498404	1.99502	0.2530382
2895	1	28.32835	27.50447	0.8238785	0.333984	0.00170698	0.998293	0.00341395	1.99659	0.2924845
2896	0	28.88053	27.93316	0.9473776	-0.381398	0.00142237	0.998578	0.00284474	1.99716	0.2585044
2897	1	28.74347	28.30876	0.4347115	0.105165	0.00102872	0.998971	0.00205743	1.99794	0.4316343
2898	0	27.55966	26.04571	1.513945	0.0932789	0.00271167	0.997288	0.00542333	1.99458	0.1466934
2899	1	28.48374	28.31145	0.1722895	-0.0902677	0.000609019	0.999391	0.00121804	1.99878	0.561157
2900	0	26.02926	24.98107	1.04819	-0.0685053	0.00479317	0.995207	0.00958634	1.99041	0.2337145
2901	1	28.03255	27.35465	0.6778963	0.32103	0.000581413	0.999419	0.00116283	1.99884	0.3384559
2902	0	27.02674	25.7469	1.279837	-0.334517	0.00336439	0.996636	0.00672879	1.99327	0.1853884
2903	1	29.22284	28.80888	0.4139674	-0.207041	0.000648902	0.999351	0.0012978	1.9987	0.4406817
2904	0	27.80328	26.98431	0.8189691	0.263477	0.00228446	0.997716	0.00456892	1.99543	0.293924
2905	1	28.78619	28.15509	0.6310948	-0.371661	0.00129062	0.998709	0.00258124	1.99742	0.3546727
2906	0	28.22792	26.74318	1.484744	-0.0859362	0.00177541	0.998225	0.00355082	1.99645	0.1510403
2907	1	28.23833	27.69579	0.542539	-0.0988613	0.00156728	0.998433	0.00313455	1.99687	0.3875137
2908	0	29.18825	28.51686	0.671388	-0.127342	0.00135752	0.998642	0.00271504	1.99728	0.3406659
2909	1	27.14901	25.74419	1.404817	-0.239326	0.00345176	0.996548	0.00690352	1.9931	0.163608
2910	0	29.3633	28.57607	0.787231	0.00919507	0.0014634	0.998537	0.0029268	1.99707	0.3034022
2911	1	27.96319	26.58552	1.377672	0.165415	0.00253039	0.99747	0.00506078	1.99494	0.16811
2912	0	28.73405	27.7047	1.029356	-0.211256	0.00221645	0.997784	0.0044329	1.99557	0.2381581
2913	1	27.67991	27.04397	0.6359372	0.145963	0.00203967	0.99796	0.00407934	1.99592	0.3529594
2914	0	28.16011	26.96544	1.194664	0.0495293	0.00291829	0.997082	0.00583659	1.99416	0.2018704
2915	1	26.92312	25.7392	1.183915	-0.4383	0.00104825	0.998952	0.00209649	1.9979	0.2040522
2916	0	29.50429	28.55832	0.9459632	-0.00134888	0.00160379	0.998396	0.00320758	1.99679	0.2588703
2917	1	27.61961	27.1105	0.5091108	0.483675	0.000843356	0.999157	0.00168671	1.99831	0.4006865
2918	0	27.62971	26.12253	1.507176	-0.0886637	0.00291204	0.997088	0.00582409	1.99418	0.1476898
2919	1	27.20186	26.29274	0.9091144	-0.543886	0.0011596	0.99884	0.0023192	1.99768	0.2685872
2920	0	27.0066	25.37884	1.627762	-0.115813	0.00173169	0.998268	0.00346337	1.99654	0.1309123
2921	1	28.97873	27.70956	1.269165	0.0658871	0.00121358	0.998786	0.00242716	1.99757	0.1873775
2922	0	27.88069	27.08054	0.8001444	-0.370381	0.00221274	0.997787	0.00442547	1.99557	0.2995094
2923	1	27.85023	27.65204	0.1981935	-0.00139799	0.000911676	0.999088	0.00182335	1.99818	0.5468074
2924	0	27.97527	27.46449	0.5107858	-0.0464374	0.000372221	0.999628	0.000744442	1.99926	0.4000159
2925	1	29.69269	28.73314	0.9595488	-0.212458	0.00117313	0.998827	0.00234627	1.99765	0.2553771
2926	0	27.46635	27.488	-0.02164968	-0.39979	0.000450334	0.99955	0.000900669	1.9991	0.6812572
2927	1	29.08678	28.14001	0.9467713	-0.21538	0.00184123	0.998159	0.00368246	1.99632	0.2586611
2928	0	29.02767	28.66628	0.3613897	-0.153007	0.000512504	0.999487	0.00102501	1.99897	0.4644716
2929	1	28.9268	27.59412	1.332678	-0.0710691	0.00194206	0.998058	0.00388412	1.99612	0.1758467
2930	0	27.98739	27.86286	0.1245252	-0.314948	0.000409716	0.99959	0.000819432	1.99918	0.5886107
2931	1	28.88975	27.63589	1.253859	-0.128972	0.00216998	0.99783	0.00433996	1.99566	0.1902676
2932	0	27.60589	27.55795	0.04794131	0.0645332	0.00067795	0.999322	0.0013559	1.99864	0.6354598
2933	1	22.95109	22.2473	0.7037928	-0.312711	0.00639611	0.993604	0.0127922	1.98721	0.3298036
2934	0	29.58035	28.89555	0.6848006	-0.155935	0.00067322	0.999327	0.00134644	1.99865	0.3361272
2935	1	24.86204	24.07826	0.7837839	-0.365782	0.00464411	0.995356	0.00928821	1.99071	0.3044498
2936	0	28.93434	27.76279	1.171546	0.18854	0.00172806	0.998272	0.00345611	1.99654	0.2065916
2937	1	27.83139	27.07116	0.7602325	0.00111041	0.00236654	0.997633	0.00473307	1.99527	0.3117051
2938	0	28.41337	27.92441	0.4889625	-0.47517	0.000830547	0.999169	0.00166109	1.99834	0.4088416
2939	1	27.46219	26.04277	1.419425	0.153634	0.00307267	0.996927	0.00614535	1.99385	0.1612354
2940	0	29.02002	28.66197	0.358046	-0.0880885	0.000766433	0.999234	0.00153287	1.99847	0.4660273
2941	1	29.64658	28.5503	1.096272	-0.0510221	0.00151293	0.998487	0.00302585	1.99697	0.222743
2942	0	25.73155	25.79452	-0.06296828	0.534797	0.000891836	0.999108	0.00178367	1.99822	0.7099954
2943	1	27.78149	27.02334	0.7581578	0.45335	0.00141906	0.998581	0.00283813	1.99716	0.3123525
2944	0	25.33714	25.7161	-0.3789679	-0.506302	0.000562909	0.999437	0.00112582	1.99887	0.9738508
2945	1	28.42094	27.5329	0.888037	-0.274394	0.00216657	0.997833	0.00433314	1.99567	0.2743084
2946	0	29.633	29.05426	0.5787429	-0.144596	0.000789775	0.99921	0.00157955	1.99842	0.3737351
2947	1	28.66794	28.09242	0.5755208	-0.442666	0.0010166	0.998983	0.0020332	1.99797	0.3749413
2948	0	29.31279	28.61885	0.6939448	0.19695	0.000737078	0.999263	0.00147416	1.99853	0.3330676
2949	1	28.95169	28.41467	0.5370238	-0.314745	0.00109619	0.998904	0.00219238	1.99781	0.3896568
2950	0	29.56119	28.58601	0.9751861	-0.229695	0.0013638	0.998636	0.0027276	1.99727	0.2514148
2951	1	28.58466	27.89286	0.6918048	-0.409522	0.00143425	0.998566	0.0028685	1.99713	0.3337811
2952	0	28.93744	27.88657	1.050877	-0.343246	0.00149623	0.998504	0.00299246	1.99701	0.2330872
2953	1	27.38703	27.05187	0.3351608	0.179554	0.00136253	0.998637	0.00272506	1.99727	0.4768154
2954	0	29.52495	28.86269	0.6622622	0.11883	0.00100369	0.998996	0.00200737	1.99799	0.343789
2955	1	26.43542	25.13951	1.295906	0.303733	0.00371238	0.996288	0.00742477	1.99258	0.1824332
2956	0	29.44379	28.81955	0.6242422	0.146859	0.000942799	0.999057	0.0018856	1.99811	0.3571115
2957	1	28.60589	27.4719	1.133983	-0.069845	0.00253998	0.99746	0.00507995	1.99492	0.2144994
2958	0	26.64693	26.46801	0.1789209	0.46316	0.00042467	0.999575	0.000849341	1.99915	0.557448
2959	1	27.24696	25.89848	1.348476	-0.298726	0.00317714	0.996823	0.00635428	1.99365	0.1730904
2960	0	29.39839	28.189	1.209388	-0.0907682	0.00125635	0.998744	0.00251271	1.99749	0.1989199
2961	1	26.83549	26.49967	0.3358217	-0.0420485	0.00164107	0.998359	0.00328215	1.99672	0.4765004
2962	0	26.57437	26.31658	0.2577941	-0.301443	0.00155812	0.998442	0.00311625	1.99688	0.5151696
2963	1	27.71624	26.89714	0.8190972	0.304268	0.00225533	0.997745	0.00451067	1.99549	0.2938863
2964	0	26.8661	26.02028	0.8458145	-0.275126	0.00322874	0.996771	0.00645748	1.99354	0.2861384
2965	1	29.51461	28.6137	0.9009122	-0.028855	0.00155072	0.998449	0.00310144	1.9969	0.2707993
2966	0	27.39325	25.93186	1.46139	0.229232	0.00176831	0.998232	0.00353662	1.99646	0.1546091
2967	1	28.60879	28.07304	0.5357579	-0.417897	0.00112263	0.998877	0.00224526	1.99775	0.3901504
2968	0	26.0187	24.67499	1.343716	-0.26909	0.00478684	0.995213	0.00957368	1.99043	0.1739163
2969	1	29.57587	29.04012	0.5357579	-0.0350444	0.000685826	0.999314	0.00137165	1.99863	0.3901504
2970	0	26.59565	25.21661	1.37904	-0.0883397	0.00456782	0.995432	0.00913564	1.99086	0.1678801
2971	1	28.54639	28.27101	0.275372	0.161431	0.000734814	0.999265	0.00146963	1.99853	0.5061931
2972	0	27.76849	26.45072	1.317775	-0.283834	0.00275605	0.997244	0.00551211	1.99449	0.178487
2973	1	28.16799	27.72308	0.4449098	0.371097	0.00104505	0.998955	0.0020901	1.99791	0.4272547
2974	0	28.83518	27.67907	1.15611	-0.0354346	0.00234449	0.997656	0.00468898	1.99531	0.2098054
2975	1	29.24878	28.26618	0.9825994	-0.0252029	0.00186269	0.998137	0.00372538	1.99627	0.2495578
2976	0	29.18475	28.52292	0.6618375	-0.209006	0.000585869	0.999414	0.00117174	1.99883	0.343935
2977	1	29.00726	28.01211	0.9951462	0.0896935	0.00197837	0.998022	0.00395675	1.99604	0.2464463
2978	0	28.82505	28.47166	0.3533912	0.0248897	0.000841711	0.999158	0.00168342	1.99832	0.4682016
2979	1	26.10049	25.16904	0.9314488	0.514432	0.00251822	0.997482	0.00503643	1.99496	0.262655
2980	0	28.77662	28.49602	0.2806069	0.0508204	0.00047441	0.999526	0.00094882	1.99905	0.5035501
2981	1	22.88108	22.16521	0.7158683	-0.0304756	0.00662063	0.993379	0.0132413	1.98676	0.325845
2982	0	26.7947	26.96414	-0.1694326	0.20002	0.000488579	0.999511	0.000977157	1.99902	0.789755
2983	1	27.29978	26.49082	0.8089599	-0.29452	0.00277352	0.997226	0.00554704	1.99445	0.2968807
2984	0	26.9229	26.81793	0.1049749	0.0568395	0.00101181	0.998988	0.00202363	1.99798	0.6002314
2985	1	25.60789	23.95882	1.64907	-0.0888268	0.00479341	0.995207	0.00958683	1.99041	0.1281524
2986	0	29.16012	28.53376	0.6263594	0.238113	0.000738384	0.999262	0.00147677	1.99852	0.3563562
2987	1	28.54817	27.56668	0.9814864	-0.320823	0.00207669	0.997923	0.00415338	1.99585	0.2498358
2988	0	29.48944	28.69343	0.7960053	0.0767008	0.00133924	0.998661	0.00267847	1.99732	0.3007517
2989	1	26.1851	25.4588	0.7263007	-0.362789	0.00327211	0.996728	0.00654422	1.99346	0.3224633
2990	0	28.2045	27.8228	0.3816971	-0.078388	0.00119287	0.998807	0.00238573	1.99761	0.4551345
2991	1	28.08068	27.15314	0.9275458	0.278311	0.00222646	0.997774	0.00445292	1.99555	0.2636822
2992	0	29.10451	28.40747	0.697044	0.202277	0.00127101	0.998729	0.00254202	1.99746	0.3320369
2993	1	29.85342	28.95274	0.90068	0.0442174	0.00110028	0.9989	0.00220056	1.9978	0.2708622
2994	0	29.76296	29.12361	0.6393501	-0.0763588	0.000832099	0.999168	0.0016642	1.99834	0.3517568
2995	1	29.32617	28.8829	0.4432664	0.00420266	0.000742439	0.999258	0.00148488	1.99852	0.4279574
2996	0	29.80097	28.96804	0.832932	-0.190798	0.000992026	0.999008	0.00198405	1.99802	0.2898485
2997	1	25.91801	25.51832	0.3996875	-0.684451	0.00129694	0.998703	0.00259387	1.99741	0.4470197
2998	0	26.63691	26.57878	0.05813287	-0.552419	0.00096212	0.999038	0.00192424	1.99808	0.6290164
2999	1	29.55638	28.50427	1.05211	-0.155639	0.000994244	0.999006	0.00198849	1.99801	0.2328
3000	0	27.45569	27.51838	-0.06268665	-0.259519	0.000520791	0.999479	0.00104158	1.99896	0.7097954
3001	1	27.58639	26.99962	0.5867721	-0.0412661	0.00201644	0.997984	0.00403288	1.99597	0.3707463
3002	0	29.43987	28.92926	0.5106098	0.0318374	0.000624429	0.999376	0.00124886	1.99875	0.4000863
3003	1	29.166	27.96407	1.201932	0.0767009	0.00183858	0.998161	0.00367716	1.99632	0.2004086
3004	0	29.46151	28.74112	0.7203977	-0.294801	0.000856058	0.999144	0.00171212	1.99829	0.3243725
3005	1	28.39516	27.4574	0.9377603	0.362263	0.00112555	0.998874	0.0022511	1.99775	0.2610025
3006	0	28.78799	28.26077	0.5272152	0.135422	0.00119094	0.998809	0.00238188	1.99762	0.3934976
3007	1	29.03852	28.28972	0.7488025	0.294798	0.000943832	0.999056	0.00188766	1.99811	0.3152884
3008	0	28.40135	27.73491	0.6664467	-0.476811	0.000890195	0.99911	0.00178039	1.99822	0.3423534
3009	1	28.79917	27.84379	0.9553816	-0.297399	0.000786247	0.999214	0.00157249	1.99843	0.2564435
3010	0	28.34313	27.56437	0.7787592	-0.275366	0.00201056	0.997989	0.00402111	1.99598	0.3059834
3011	1	28.89494	28.18578	0.7091658	0.0520621	0.00157895	0.998421	0.00315791	1.99684	0.3280363
3012	0	29.06365	28.62572	0.4379288	-0.312025	0.000694428	0.999306	0.00138886	1.99861	0.4302478
3013	1	28.30448	27.77648	0.5279976	-0.256902	0.0014743	0.998526	0.0029486	1.99705	0.3931898
3014	0	28.6521	28.30384	0.3482539	-0.376724	0.000636899	0.999363	0.0012738	1.99873	0.4706131
3015	1	28.95626	28.47545	0.4808126	-0.172083	0.00106893	0.998931	0.00213786	1.99786	0.4121872
3016	0	26.39682	26.24529	0.1515359	-0.532496	0.00129956	0.9987	0.00259911	1.9974	0.5729247
3017	1	29.41963	28.4878	0.9318311	-0.0943531	0.000742905	0.999257	0.00148581	1.99851	0.2625546
3018	0	29.52175	28.88386	0.6378961	0.144941	0.000812439	0.999188	0.00162488	1.99838	0.3522686
3019	1	29.45535	28.80857	0.6467794	-0.227211	0.000678467	0.999322	0.00135693	1.99864	0.3491532
3020	0	28.54899	27.54422	1.004778	-0.0110337	0.00242994	0.99757	0.00485988	1.99514	0.2440838
3021	1	28.17831	27.62564	0.5526673	-0.306146	0.000462607	0.999537	0.000925215	1.99907	0.3836086
3022	0	28.51422	27.6142	0.90002	-0.128471	0.00225709	0.997743	0.00451418	1.99549	0.271041
3023	1	27.83451	26.58185	1.252665	0.22857	0.00269523	0.997305	0.00539046	1.99461	0.1904948
3024	0	26.65727	25.59607	1.061196	0.47493	0.00212437	0.997876	0.00424874	1.99575	0.2306944
3025	1	27.82529	27.05568	0.7696164	0.174548	0.00228529	0.997715	0.00457058	1.99543	0.3087938
3026	0	29.30154	28.24978	1.051756	0.190357	0.00125557	0.998744	0.00251114	1.99749	0.2328826
3027	1	28.26622	27.93743	0.3287814	0.303707	0.000861779	0.999138	0.00172356	1.99828	0.4798669
3028	0	29.08964	28.03789	1.051756	0.23366	0.00126256	0.998737	0.00252511	1.99747	0.2328826
3029	1	25.3265	24.86328	0.4632165	0.620808	0.00191433	0.998086	0.00382867	1.99617	0.4195042
3030	0	29.09513	27.86825	1.22688	-0.202668	0.00172249	0.998278	0.00344498	1.99656	0.1954706
3031	1	29.42782	28.42965	0.9981775	-0.0845834	0.00173211	0.998268	0.00346421	1.99654	0.2457003
3032	0	25.45376	24.38708	1.066683	0.0860294	0.00541326	0.994587	0.0108265	1.98917	0.229432
3033	1	28.09546	26.61776	1.4777	-0.0951025	0.0023858	0.997614	0.0047716	1.99523	0.1521079
3034	0	26.81196	25.78789	1.024068	0.0643619	0.00388422	0.996116	0.00776844	1.99223	0.2394207
3035	1	29.21159	28.31687	0.8947167	-0.31823	0.00142784	0.998572	0.00285568	1.99714	0.2724822
3036	0	27.72063	26.36162	1.359003	0.127351	0.00306139	0.996939	0.00612277	1.99388	0.1712779
3037	1	26.5825	26.24532	0.3371777	0.216487	0.00170604	0.998294	0.00341207	1.99659	0.4758547
3038	0	26.11172	24.38286	1.728865	-0.00223257	0.00320716	0.996793	0.00641431	1.99359	0.1183238
3039	1	29.79691	28.89822	0.8986859	-0.0105656	0.00128332	0.998717	0.00256664	1.99743	0.2714028
3040	0	26.17727	25.18165	0.9956219	0.337845	0.00377642	0.996224	0.00755283	1.99245	0.2463291
3041	1	28.44713	27.16531	1.281816	0.0863089	0.0025211	0.997479	0.00504219	1.99496	0.1850218
3042	0	27.5484	26.98278	0.5656145	0.346091	0.00172489	0.998275	0.00344978	1.99655	0.378674
3043	1	27.51925	26.23743	1.281816	0.272348	0.00271368	0.997286	0.00542736	1.99457	0.1850218
3044	0	29.54083	28.97521	0.5656145	-0.200908	0.000744673	0.999255	0.00148935	1.99851	0.378674
3045	1	29.00567	28.23116	0.7745058	-0.323949	0.0014735	0.998527	0.00294699	1.99705	0.3072877
3046	0	28.45294	27.07604	1.376903	-0.211528	0.0015563	0.998444	0.00311259	1.99689	0.1682392
3047	1	25.76635	24.99007	0.776278	-0.566415	0.00297257	0.997027	0.00594513	1.99405	0.3067436
3048	0	29.07893	27.83453	1.2444	0.115843	0.0016142	0.998386	0.00322839	1.99677	0.1920759
3049	1	27.92654	26.83771	1.088826	0.0239181	0.00305384	0.996946	0.00610768	1.99389	0.2244076
3050	0	28.26752	27.48114	0.7863779	0.186148	0.00202158	0.997978	0.00404316	1.99596	0.3036611
3051	1	27.67115	26.91922	0.7519342	0.117283	0.00238882	0.997611	0.00477765	1.99522	0.3143025
3052	0	28.83156	27.46441	1.367141	-0.0228397	0.00189475	0.998105	0.0037895	1.99621	0.1698897
3053	1	27.71022	26.56844	1.141784	-0.119365	0.00332267	0.996677	0.00664535	1.99335	0.2128326
3054	0	25.86653	24.20382	1.662712	0.164195	0.00354961	0.99645	0.00709922	1.9929	0.126416
3055	1	27.86315	26.374	1.489151	-0.20456	0.00199505	0.998005	0.0039901	1.99601	0.150376
3056	0	28.65354	27.31484	1.338695	0.131117	0.00157728	0.998423	0.00315456	1.99685	0.1747917
3057	1	28.23179	27.42948	0.8023168	-0.0362839	0.00223001	0.99777	0.00446002	1.99554	0.2988594
3058	0	28.92091	28.26823	0.6526768	0.305941	0.000823124	0.999177	0.00164625	1.99835	0.3471002
3059	1	29.41838	28.67776	0.7406195	0.143383	0.000714065	0.999286	0.00142813	1.99857	0.317879
3060	0	29.68509	29.0278	0.6572889	0.0524795	0.000745016	0.999255	0.00149003	1.99851	0.345503
3061	1	28.43023	27.59317	0.8370569	0.263059	0.00186888	0.998131	0.00373775	1.99626	0.2886553
3062	0	28.79463	28.37319	0.4214455	0.0133879	0.00100988	0.99899	0.00201976	1.99798	0.4373985
3063	1	26.76468	25.48179	1.282889	0.391298	0.00230007	0.9977	0.00460013	1.9954	0.1848234
3064	0	28.78557	28.51927	0.2663048	0.0892395	0.000580038	0.99942	0.00116008	1.99884	0.5108037
3065	1	28.62469	28.39617	0.2285137	0.0804796	0.000473549	0.999526	0.000947097	1.99905	0.5304769
3066	0	28.9317	28.33069	0.6010043	0.301127	0.000827914	0.999172	0.00165583	1.99834	0.3655072
3067	1	27.57753	27.35903	0.2184977	-0.53478	0.000655093	0.999345	0.00131019	1.99869	0.5358169
3068	0	28.9441	28.60628	0.3378235	0.0425604	0.000729632	0.99927	0.00145926	1.99854	0.4755475
3069	1	29.27862	28.52367	0.7549496	-0.219933	0.00140958	0.99859	0.00281916	1.99718	0.3133562
3070	0	28.55298	28.20573	0.3472519	-0.344518	0.000889406	0.999111	0.00177881	1.99822	0.4710849
3071	1	28.88903	27.54742	1.341606	0.0484284	0.00153124	0.998469	0.00306248	1.99694	0.1742836
3072	0	26.95461	26.62966	0.3249425	-0.114583	0.00156926	0.998431	0.00313852	1.99686	0.4817126
3073	1	29.20464	28.18891	1.015735	0.188807	0.00157573	0.998424	0.00315146	1.99685	0.2414241
3074	0	27.55575	27.02521	0.5305409	-0.518088	0.0015216	0.998478	0.0030432	1.99696	0.3921911
3075	1	28.83718	27.82145	1.015735	-0.297655	0.000873559	0.999126	0.00174712	1.99825	0.2414241
3076	0	26.7475	26.52728	0.2202172	0.137337	0.001335	0.998665	0.00267001	1.99733	0.5348963
3077	1	29.63579	28.82537	0.8104154	0.0432035	0.00127735	0.998723	0.0025547	1.99745	0.2964489
3078	0	29.09662	28.06529	1.031337	-0.15987	0.000790465	0.99921	0.00158093	1.99842	0.2376865
3079	1	27.04743	25.93319	1.114233	0.106096	0.00380952	0.99619	0.00761904	1.99238	0.2187779
3080	0	26.54669	25.05632	1.490375	0.28652	0.00166677	0.998333	0.00333355	1.99667	0.1501921
3081	1	29.23183	28.46371	0.7681208	0.246018	0.000869653	0.99913	0.00173931	1.99826	0.309256
3082	0	27.22437	26.39867	0.8256988	-0.450425	0.00249908	0.997501	0.00499816	1.995	0.2919526
3083	1	29.32648	28.29839	1.028095	0.15579	0.000990944	0.999009	0.00198189	1.99802	0.2384584
3084	0	29.40127	28.51729	0.883979	0.212035	0.00114371	0.998856	0.00228743	1.99771	0.2754239
3085	1	28.68282	27.5526	1.130221	0.119793	0.00230054	0.997699	0.00460108	1.9954	0.215308
3086	0	26.42824	25.84535	0.5828939	0.0796551	0.00264397	0.997356	0.00528794	1.99471	0.3721869
3087	1	27.73928	26.43004	1.309243	-0.238301	0.00302951	0.99697	0.00605901	1.99394	0.1800162
3088	0	24.9568	25.26252	-0.3057142	-0.110564	0.000164776	0.999835	0.000329551	1.99967	0.9050629
3089	1	28.30922	27.14785	1.161372	0.0142061	0.00279988	0.9972	0.00559975	1.9944	0.2087042
3090	0	29.47889	28.8463	0.6325845	0.0396346	0.00106828	0.998932	0.00213655	1.99786	0.3541447
3091	1	29.63002	28.6007	1.029325	-0.154055	0.00147475	0.998525	0.00294949	1.99705	0.2381653
3092	0	29.87037	29.02195	0.8484173	-0.0223866	0.00113992	0.99886	0.00227983	1.99772	0.2853946
3093	1	29.15849	28.70398	0.4545109	-0.248869	0.000842502	0.999157	0.001685	1.99831	0.4231722
3094	0	26.83264	26.02961	0.8030275	0.389984	0.00263008	0.99737	0.00526016	1.99474	0.2986471
3095	1	29.23248	28.611	0.6214852	-0.230246	0.000599883	0.9994	0.00119977	1.9988	0.3580974
3096	0	24.32084	23.82774	0.493099	-0.19993	0.00375237	0.996248	0.00750474	1.9925	0.4071539
3097	1	28.88338	27.91259	0.9707905	-0.0412576	0.000660996	0.999339	0.00132199	1.99868	0.2525223
3098	0	28.35393	27.99785	0.3560887	-0.372415	0.000990939	0.999009	0.00198188	1.99802	0.4669403
3099	1	27.86719	27.71532	0.1518718	-0.384865	0.000770947	0.999229	0.00154189	1.99846	0.5727323
3100	0	29.40146	28.2772	1.124258	-0.131531	0.00174108	0.998259	0.00348216	1.99652	0.2165957
3101	1	29.37022	28.76217	0.6080425	-0.261247	0.000682831	0.999317	0.00136566	1.99863	0.3629437
3102	0	28.69104	27.84497	0.8460706	-0.0695607	0.0020351	0.997965	0.0040702	1.99593	0.2860652
3103	1	29.24613	28.80575	0.440377	-0.219133	0.000749703	0.99925	0.00149941	1.9985	0.4291958
3104	0	29.52557	28.39872	1.126855	-0.168016	0.00125022	0.99875	0.00250044	1.9975	0.2160338
3105	1	29.00639	28.6173	0.3890863	-0.268316	0.000584253	0.999416	0.00116851	1.99883	0.4517838
3106	0	27.89087	26.89162	0.9992459	-0.329796	0.002611	0.997389	0.00522199	1.99478	0.245438
3107	1	27.13231	26.89787	0.2344419	-0.49807	0.000442122	0.999558	0.000884244	1.99912	0.5273414
3108	0	29.51849	28.35865	1.159842	0.0212908	0.00151842	0.998482	0.00303685	1.99696	0.2090238
3109	1	26.95892	27.0513	-0.09237842	-0.00101491	0.000259357	0.999741	0.000518715	1.99948	0.7311865
3110	0	27.4538	26.8607	0.5930985	0.0283171	0.00209285	0.997907	0.0041857	1.99581	0.3684082
3111	1	26.31266	26.611	-0.2983316	0.222007	0.00029489	0.999705	0.00058978	1.99941	0.8984057
3112	0	29.79274	29.03779	0.7549581	0.0545941	0.000840867	0.999159	0.00168173	1.99832	0.3133535
3113	1	25.70897	25.81599	-0.1070151	-0.479796	0.000274134	0.999726	0.000548268	1.99945	0.7419674
3114	0	28.85941	28.21681	0.6426005	0.28544	0.000703219	0.999297	0.00140644	1.99859	0.3506153
3115	1	28.25539	28.07729	0.1780956	0.1867	0.000636021	0.999364	0.00127204	1.99873	0.5579083
3116	0	28.04122	27.81577	0.2254485	-0.118464	0.000912864	0.999087	0.00182573	1.99817	0.5321054
3117	1	28.27368	28.11974	0.1539414	-0.208881	0.000661993	0.999338	0.00132399	1.99868	0.5715482
3118	0	26.45391	24.8636	1.590315	-0.262316	0.0016078	0.998392	0.0032156	1.99678	0.1359076
3119	1	27.17971	26.41563	0.7640894	0.432542	0.00211582	0.997884	0.00423164	1.99577	0.3105052
3120	0	27.80078	27.16939	0.6313828	-0.535971	0.00135359	0.998646	0.00270718	1.99729	0.3545706
3121	1	29.58367	28.84583	0.7378454	0.152874	0.000858119	0.999142	0.00171624	1.99828	0.318762
3122	0	29.23381	28.41377	0.8200367	0.111732	0.00152889	0.998471	0.00305778	1.99694	0.2936103
3123	1	29.07897	28.05142	1.027546	0.136047	0.00186552	0.998134	0.00373105	1.99627	0.2385895
3124	0	29.58505	28.68185	0.903208	-0.0318203	0.000762156	0.999238	0.00152431	1.99848	0.2701783
3125	1	29.78988	28.8859	0.903987	-0.149032	0.0012456	0.998754	0.0024912	1.99751	0.2699679
3126	0	28.57547	28.1898	0.3856711	0.173196	0.000962614	0.999037	0.00192523	1.99807	0.4533294
3127	1	29.69642	28.95894	0.7374871	-0.205283	0.00103473	0.998965	0.00206946	1.99793	0.3188762
3128	0	29.09959	28.33752	0.7620683	-0.102809	0.00159965	0.9984	0.0031993	1.9968	0.3111334
3129	1	28.4315	27.81968	0.6118194	0.285789	0.00140362	0.998596	0.00280723	1.99719	0.3615755
3130	0	24.457	24.31846	0.1385401	-0.115309	0.00204793	0.997952	0.00409586	1.9959	0.5804189
3131	1	28.428	27.59708	0.8309222	0.0362188	0.00214703	0.997853	0.00429406	1.99571	0.2904316
3132	0	28.50226	27.39924	1.103024	-0.384135	0.0015975	0.998402	0.00319501	1.9968	0.221244
3133	1	27.8099	26.85762	0.9522763	-0.172427	0.00286427	0.997136	0.00572853	1.99427	0.2572411
3134	0	28.84048	27.58434	1.256147	-0.164142	0.0021486	0.997851	0.0042972	1.9957	0.1898327
3135	1	29.10494	27.97917	1.125771	0.105781	0.00192205	0.998078	0.00384411	1.99616	0.2162682
3136	0	28.38577	27.19873	1.187042	-0.0498307	0.00276486	0.997235	0.00552972	1.99447	0.2034151
3137	1	29.48543	28.80434	0.6810896	-0.257683	0.000749874	0.99925	0.00149975	1.9985	0.3373768
3138	0	27.77348	26.44354	1.329944	0.0393102	0.00326478	0.996735	0.00652955	1.99347	0.1763281
3139	1	29.40727	28.45847	0.9488	-0.0702878	0.00170094	0.998299	0.00340187	1.9966	0.2581369
3140	0	28.24223	27.38982	0.8524079	0.106113	0.00227229	0.997728	0.00454458	1.99546	0.284258
3141	1	29.38588	28.55884	0.8270473	-0.320976	0.00101309	0.998987	0.00202617	1.99797	0.2915592
3142	0	27.94998	26.82871	1.121268	-0.256673	0.0028642	0.997136	0.0057284	1.99427	0.2172442
3143	1	29.16709	28.65208	0.5150088	0.184794	0.000645272	0.999355	0.00129054	1.99871	0.3983302
3144	0	29.71331	28.63249	1.080819	-0.0181612	0.00140365	0.998596	0.00280731	1.99719	0.2262116
3145	1	27.47943	27.32216	0.1572795	0.41839	0.000545906	0.999454	0.00109181	1.99891	0.5696435
3146	0	27.96645	27.08388	0.8825742	-0.0923192	0.00261421	0.997386	0.00522842	1.99477	0.275811
3147	1	29.02749	28.35291	0.6745818	-0.00730375	0.000523328	0.999477	0.00104666	1.99895	0.3395796
3148	0	27.63908	26.13914	1.499938	0.128612	0.0015758	0.998424	0.00315161	1.99685	0.1487627
3149	1	27.11678	27.0038	0.1129812	-0.394645	0.000989275	0.999011	0.00197855	1.99802	0.595445
3150	0	26.59642	25.84171	0.7547117	0.463667	0.00240721	0.997593	0.00481443	1.99519	0.3134308
3151	1	26.2745	26.09592	0.1785758	-0.468039	0.000332157	0.999668	0.000664313	1.99934	0.5576405
3152	0	28.06097	27.08872	0.9722524	-0.33212	0.00243544	0.997565	0.00487087	1.99513	0.2521534
3153	1	27.31419	27.08964	0.224553	-0.557594	0.000934684	0.999065	0.00186937	1.99813	0.5325821
3154	0	26.30579	24.8403	1.46549	-0.081579	0.00476477	0.995235	0.00952954	1.99047	0.1539765
3155	1	28.96839	28.34684	0.6215508	-0.231857	0.000544785	0.999455	0.00108957	1.99891	0.3580739
3156	0	27.44363	26.02695	1.416684	0.0675104	0.00341179	0.996588	0.00682359	1.99318	0.1616779
3157	1	29.03733	28.57096	0.4663688	0.200463	0.000823509	0.999176	0.00164702	1.99835	0.4181839
3158	0	27.98581	27.21389	0.7719261	0.423999	0.00146724	0.998533	0.00293448	1.99707	0.3080814
3159	1	28.70984	28.0059	0.703936	0.166264	0.000550624	0.999449	0.00110125	1.9989	0.3297564
3160	0	28.0013	26.7978	1.203504	-0.0911262	0.000759382	0.999241	0.00151876	1.99848	0.2000939
3161	1	28.65915	27.97073	0.6884228	0.360427	0.00102482	0.998975	0.00204964	1.99795	0.3349119
3162	0	29.54269	28.86135	0.6813358	0.154932	0.000838041	0.999162	0.00167608	1.99832	0.3372938
3163	1	26.54835	25.09265	1.455696	0.145233	0.00411713	0.995883	0.00823425	1.99177	0.155492
3164	0	29.08461	28.21953	0.8650774	-0.374687	0.00115229	0.998848	0.00230457	1.9977	0.2806793
3165	1	27.96341	26.54357	1.419843	0.16055	0.00231417	0.997686	0.00462835	1.99537	0.161168
3166	0	28.11602	27.68215	0.433877	-0.301811	0.00132822	0.998672	0.00265644	1.99734	0.4319946
3167	1	29.40071	28.33472	1.065984	-0.235081	0.00149945	0.998501	0.00299889	1.997	0.2295925
3168	0	29.09501	27.84366	1.251352	-0.193266	0.0014417	0.998558	0.0028834	1.99712	0.1907452
3169	1	28.3495	28.032	0.3174992	-0.110189	0.000991688	0.999008	0.00198338	1.99802	0.4853115
3170	0	29.42817	28.63642	0.7917523	-0.263689	0.00128338	0.998717	0.00256677	1.99743	0.3020335
3171	1	27.58549	27.10901	0.4764839	0.0431282	0.00168502	0.998315	0.00337004	1.99663	0.4139753
3172	0	29.75015	28.77315	0.9770047	0.0375381	0.000971252	0.999029	0.0019425	1.99806	0.250958
3173	1	29.19866	28.00109	1.197569	-0.128819	0.00108507	0.998915	0.00217014	1.99783	0.2012848
3174	0	29.3507	28.60113	0.74957	0.0496603	0.00137942	0.998621	0.00275885	1.99724	0.3150465
3175	1	28.86299	28.25387	0.6091201	-0.163149	0.00139979	0.9986	0.00279958	1.9972	0.3625528
3176	0	29.13763	28.74496	0.3926732	-0.203104	0.000730986	0.999269	0.00146197	1.99854	0.4501663
3177	1	28.52894	27.70387	0.8250692	-0.243012	0.00201655	0.997983	0.00403309	1.99597	0.2921364
3178	0	26.72497	26.94374	-0.2187755	0.113696	0.000436438	0.999564	0.000872877	1.99913	0.8297012
3179	1	26.21849	26.17327	0.0452227	0.008987	0.00110253	0.998897	0.00220506	1.99779	0.6371897
3180	0	28.14287	27.79179	0.351079	0.109817	0.000375534	0.999624	0.000751067	1.99925	0.4692854
3181	1	27.47381	27.22778	0.2460305	-0.203583	0.00117057	0.998829	0.00234114	1.99766	0.5212656
3182	0	29.44774	28.78854	0.6591982	0.162092	0.000982231	0.999018	0.00196446	1.99804	0.3448439
3183	1	28.48138	27.7661	0.7152818	0.284114	0.000630838	0.999369	0.00126168	1.99874	0.3260362
3184	0	27.86825	27.36007	0.5081786	-0.232648	0.00165045	0.99835	0.00330089	1.9967	0.4010602
3185	1	28.77195	27.65164	1.120312	-0.338596	0.00127795	0.998722	0.0025559	1.99744	0.2174521
3186	0	29.24106	28.7319	0.509159	-0.296532	0.000789793	0.99921	0.00157959	1.99842	0.4006672
3187	1	29.19148	28.35021	0.8412719	0.197034	0.00077265	0.999227	0.0015453	1.99845	0.2874412
3188	0	29.5269	29.01682	0.5100818	-0.100428	0.000743171	0.999257	0.00148634	1.99851	0.4002976
3189	1	26.88741	26.59311	0.2942982	-0.190498	0.00152069	0.998479	0.00304138	1.99696	0.4967028
3190	0	29.55506	28.79319	0.7618704	-0.0332771	0.000662491	0.999338	0.00132498	1.99868	0.311195
3191	1	29.85094	28.91489	0.9360487	0.0279209	0.00117036	0.99883	0.00234073	1.99766	0.2614496
3192	0	29.84592	28.89072	0.9551957	-0.117293	0.00122384	0.998776	0.00244768	1.99755	0.2564912
3193	1	28.91189	28.55376	0.3581376	-0.217937	0.000507396	0.999493	0.00101479	1.99899	0.4659846
3194	0	29.75764	28.80971	0.9479315	-0.0674877	0.00138444	0.998616	0.00276887	1.99723	0.2583612
3195	1	26.82885	26.43877	0.39008	0.536005	0.00124859	0.998751	0.00249718	1.9975	0.4513352
3196	0	29.05057	28.35305	0.6975259	0.120195	0.0014141	0.998586	0.0028282	1.99717	0.331877
3197	1	28.0413	27.83986	0.2014395	0.100536	0.000828079	0.999172	0.00165616	1.99834	0.5450354
3198	0	24.67254	24.66679	0.005749676	0.634249	0.00133751	0.998662	0.00267503	1.99732	0.6628445
3199	1	29.06996	28.05182	1.018139	-0.286312	0.000940423	0.99906	0.00188085	1.99812	0.2408443
3200	0	28.88908	28.45828	0.4307968	0.147627	0.000915471	0.999085	0.00183094	1.99817	0.4333273
3201	1	27.87155	26.92754	0.9440103	-0.020236	0.00283054	0.997169	0.00566108	1.99434	0.2593763
3202	0	24.35389	24.25098	0.102911	-0.348009	0.0020465	0.997954	0.004093	1.99591	0.6014715
3203	1	29.23593	28.46099	0.7749365	0.244508	0.00114835	0.998852	0.0022967	1.9977	0.3071554
3204	0	26.94741	26.48675	0.4606634	-0.500007	0.00180011	0.9982	0.00360022	1.9964	0.4205767
3205	1	26.75508	26.12961	0.6254656	0.133302	0.00256871	0.997431	0.00513741	1.99486	0.3566748
3206	0	29.36086	28.85676	0.5040963	-0.0334687	0.000563691	0.999436	0.00112738	1.99887	0.4027008
3207	1	28.08036	27.15203	0.9283354	-0.196729	0.00258665	0.997413	0.0051733	1.99483	0.263474
3208	0	27.52228	27.53695	-0.0146702	-0.392382	0.000512065	0.999488	0.00102413	1.99898	0.6765189
3209	1	28.30375	26.91034	1.393408	-0.133442	0.00247782	0.997522	0.00495564	1.99504	0.1654852
3210	0	27.31087	26.44539	0.8654811	-0.434095	0.00255312	0.997447	0.00510625	1.99489	0.280566
3211	1	26.24829	25.47624	0.7720494	-0.445448	0.0031769	0.996823	0.00635379	1.99365	0.3080434
3212	0	29.74959	29.03102	0.7185615	0.0645887	0.000813604	0.999186	0.00162721	1.99837	0.3249686
3213	1	22.05334	21.32185	0.7314894	0.372093	0.00741958	0.99258	0.0148392	1.98516	0.3207945
3214	0	29.10488	28.34329	0.7615825	-0.365814	0.00122179	0.998778	0.00244357	1.99756	0.3112846
3215	1	26.08514	25.28719	0.7979536	0.164878	0.00366846	0.996332	0.00733691	1.99266	0.3001663
3216	0	29.2041	28.32363	0.880469	-0.224026	0.000723919	0.999276	0.00144784	1.99855	0.2763923
3217	1	29.44011	28.28444	1.155671	-0.0884502	0.0010877	0.998912	0.0021754	1.99782	0.2098975
3218	0	27.57207	27.14335	0.4287186	0.239709	0.00148766	0.998512	0.00297533	1.99702	0.4342288
3219	1	26.77338	25.94489	0.8284942	0.531961	0.00139804	0.998602	0.00279608	1.9972	0.2911376
3220	0	28.01246	27.37255	0.6399099	0.235624	0.00178274	0.998217	0.00356548	1.99643	0.35156
3221	1	28.55005	27.57104	0.9790151	0.0309921	0.000629371	0.999371	0.00125874	1.99874	0.2504539
3222	0	27.55607	26.37363	1.182445	-0.149794	0.00347672	0.996523	0.00695343	1.99305	0.2043523
3223	1	28.99421	28.304	0.6902115	-0.36815	0.00123352	0.998766	0.00246703	1.99753	0.3343133
3224	0	29.64492	28.61561	1.029308	0.0840997	0.00135532	0.998645	0.00271063	1.99729	0.2381695
3225	1	29.20156	28.60797	0.5935838	-0.0789031	0.00119129	0.998809	0.00238258	1.99762	0.3682295
3226	0	28.04516	27.70823	0.3369339	0.201538	0.001081	0.998919	0.00216201	1.99784	0.4759707
3227	1	29.25723	28.83643	0.4207974	-0.186986	0.000629948	0.99937	0.0012599	1.99874	0.4376821
3228	0	28.83971	28.005	0.8347172	-0.394913	0.00141724	0.998583	0.00283449	1.99717	0.2893315
3229	1	29.33256	28.11188	1.220679	-0.14573	0.00142624	0.998574	0.00285248	1.99715	0.1966865
3230	0	28.52077	27.66969	0.8510846	-0.331459	0.00192649	0.998074	0.00385297	1.99615	0.2846344
3231	1	29.37654	28.30665	1.069885	0.134264	0.00106121	0.998939	0.00212242	1.99788	0.2286987
3232	0	29.51246	28.63465	0.877804	-0.00682733	0.00151215	0.998488	0.0030243	1.99698	0.2771298
3233	1	29.66867	29.08231	0.5863604	-0.10754	0.00073943	0.999261	0.00147886	1.99852	0.370899
3234	0	29.50294	28.3579	1.145047	-0.0574563	0.00165473	0.998345	0.00330947	1.99669	0.2121393
3235	1	28.88382	28.57996	0.3038578	0.0924638	0.00062626	0.999374	0.00125252	1.99875	0.4919772
3236	0	27.54791	26.03555	1.512361	-0.232372	0.00214486	0.997855	0.00428972	1.99571	0.146926
3237	1	28.7596	28.43812	0.3214846	-0.163715	0.000817406	0.999183	0.00163481	1.99837	0.4833812
3238	0	27.76793	26.29662	1.471308	0.158891	0.0022043	0.997796	0.0044086	1.99559	0.1530833
3239	1	29.34178	28.29023	1.051551	-0.11033	0.000855822	0.999144	0.00171164	1.99829	0.2329303
3240	0	27.79441	26.69976	1.094652	-0.302053	0.00285725	0.997143	0.0057145	1.99429	0.223104
3241	1	27.43344	27.03107	0.4023721	0.231495	0.00149034	0.99851	0.00298067	1.99702	0.4458212
3242	0	27.81263	26.78805	1.02458	-0.479577	0.00137416	0.998626	0.00274831	1.99725	0.2392982
3243	1	28.60925	27.92513	0.684113	-0.330788	0.000589893	0.99941	0.00117979	1.99882	0.3363584
3244	0	29.53962	28.69717	0.8424576	-0.282383	0.00101282	0.998987	0.00202564	1.99797	0.2871006
3245	1	28.40946	27.87145	0.5380126	0.201269	0.00136209	0.998638	0.00272419	1.99728	0.3892717
3246	0	28.35904	27.67334	0.6857014	-0.382753	0.00165186	0.998348	0.00330373	1.9967	0.3358245
3247	1	28.59596	27.35562	1.240338	-0.256082	0.00213357	0.997866	0.00426715	1.99573	0.1928576
3248	0	27.38898	26.82417	0.5648089	-0.149562	0.00206515	0.997935	0.00413031	1.99587	0.3789792
3249	1	28.45309	27.76444	0.6886538	-0.476465	0.00115299	0.998847	0.00230598	1.99769	0.3348345
3250	0	28.63152	28.30297	0.3285405	0.238944	0.00056965	0.99943	0.0011393	1.99886	0.4799825
3251	1	29.49492	28.59265	0.9022714	0.0312447	0.0015364	0.998464	0.0030728	1.99693	0.2704315
3252	0	29.54286	28.638	0.9048643	-0.16923	0.00147974	0.99852	0.00295949	1.99704	0.2697312
3253	1	26.34822	25.95673	0.3914876	-0.256654	0.00206261	0.997937	0.00412522	1.99587	0.4507003
3254	0	29.09517	28.28921	0.8059576	-0.380416	0.00109672	0.998903	0.00219343	1.99781	0.2977733
3255	1	25.04688	25.16693	-0.120046	0.609903	0.000936948	0.999063	0.0018739	1.99813	0.7516991
3256	0	29.13415	28.39802	0.7361375	0.268899	0.00109789	0.998902	0.00219578	1.9978	0.3193069
3257	1	29.36114	28.92824	0.432898	-0.0816689	0.000653331	0.999347	0.00130666	1.99869	0.4324178
3258	0	29.79874	29.07629	0.7224443	-0.0688932	0.00102023	0.99898	0.00204046	1.99796	0.3237093
3259	1	29.57461	28.50616	1.068453	0.0886105	0.00112044	0.99888	0.00224088	1.99776	0.2290264
3260	0	29.58621	28.92472	0.6614876	0.0920801	0.000984607	0.999015	0.00196921	1.99803	0.3440554
3261	1	27.69181	26.37502	1.316797	-0.149152	0.00332391	0.996676	0.00664782	1.99335	0.1786616
3262	0	28.31593	27.82643	0.4895023	0.149074	0.00133379	0.998666	0.00266759	1.99733	0.4086209
3263	1	27.13514	26.18498	0.9501538	0.0651969	0.00339256	0.996607	0.00678513	1.99321	0.2577877
3264	0	27.53511	27.24425	0.2908601	0.456759	0.00062908	0.999371	0.00125816	1.99874	0.4984135
3265	1	29.15213	27.86686	1.285277	0.0355792	0.00153905	0.998461	0.0030781	1.99692	0.1843827
3266	0	29.52549	28.42361	1.10188	0.0695561	0.00151501	0.998485	0.00303003	1.99697	0.2214972
3267	1	26.95406	26.17458	0.7794852	-0.138342	0.00303361	0.996966	0.00606722	1.99393	0.3057614
3268	0	27.01527	25.50935	1.505919	-0.0360505	0.0037567	0.996243	0.00751339	1.99249	0.1478755
3269	1	28.38362	27.09072	1.2929	-0.0471766	0.00272468	0.997275	0.00544935	1.99455	0.1829824
3270	0	28.53953	27.65753	0.8820068	0.137724	0.00209341	0.997907	0.00418681	1.99581	0.2759676
3271	1	26.52976	25.9114	0.6183539	-0.409455	0.00261955	0.99738	0.0052391	1.99476	0.3592204
3272	0	27.95226	27.54791	0.4043512	-0.298087	0.00133687	0.998663	0.00267375	1.99733	0.4449398
3273	1	28.66861	28.21673	0.4518851	-0.295971	0.00109919	0.998901	0.00219837	1.9978	0.4242849
3274	0	28.63703	27.88147	0.7555541	-0.372533	0.00159996	0.9984	0.00319993	1.9968	0.3131668
3275	1	27.7392	27.10286	0.636345	-0.387858	0.000511112	0.999489	0.00102222	1.99898	0.3528155
3276	0	27.42021	27.32654	0.09367518	0.133126	0.000817055	0.999183	0.00163411	1.99837	0.6070523
3277	1	27.46468	27.23503	0.2296551	-0.552356	0.000669465	0.999331	0.00133893	1.99866	0.5298718
3278	0	27.61745	26.2795	1.337945	-0.328465	0.00127504	0.998725	0.00255009	1.99745	0.1749229
3279	1	27.70649	27.42544	0.281054	0.277097	0.00105728	0.998943	0.00211457	1.99789	0.503325
3280	0	27.20772	26.68697	0.5207498	0.528788	0.00107627	0.998924	0.00215254	1.99785	0.39605
3281	1	28.31711	28.1591	0.1580067	0.162446	0.000541218	0.999459	0.00108244	1.99892	0.5692294
3282	0	29.63284	28.85113	0.781704	0.112522	0.000801373	0.999199	0.00160275	1.9984	0.3050837
3283	1	29.21593	28.65958	0.5563464	-0.115645	0.00110202	0.998898	0.00220404	1.9978	0.3821999
3284	0	28.96867	28.31773	0.6509403	0.301231	0.000859387	0.999141	0.00171877	1.99828	0.3477034
3285	1	28.85151	28.52352	0.3279892	-0.0168782	0.000781377	0.999219	0.00156275	1.99844	0.4802472
3286	0	28.41242	28.2371	0.175321	0.0879055	0.000606636	0.999393	0.00121327	1.99879	0.5594584
3287	1	28.26642	27.87825	0.3881634	-0.465148	0.000924374	0.999076	0.00184875	1.99815	0.452201
3288	0	26.35722	25.84463	0.5125931	0.0348155	0.00244132	0.997559	0.00488264	1.99512	0.3992936
3289	1	28.5184	27.54988	0.9685202	0.200774	0.00213678	0.997863	0.00427356	1.99573	0.2530963
3290	0	27.43922	27.03901	0.4002101	0.477754	0.00110088	0.998899	0.00220175	1.9978	0.4467861
3291	1	29.45838	28.94532	0.5130585	-0.0588044	0.000845968	0.999154	0.00169194	1.99831	0.3991078
3292	0	27.82948	27.3096	0.5198824	-0.45924	0.00149916	0.998501	0.00299832	1.997	0.3963936
3293	1	28.92389	28.41398	0.509911	-0.257373	0.000526881	0.999473	0.00105376	1.99895	0.400366
3294	0	28.68034	28.16046	0.5198824	-0.43643	0.000813803	0.999186	0.00162761	1.99837	0.3963936
3295	1	28.26438	27.95244	0.3119354	-0.363247	0.000473161	0.999527	0.000946321	1.99905	0.4880192
3296	0	28.06226	27.40453	0.657723	-0.327734	0.00050297	0.999497	0.00100594	1.99899	0.345353
3297	1	29.93301	29.0737	0.8593023	-0.0582181	0.000987347	0.999013	0.00197469	1.99803	0.282305
3298	0	29.51212	28.73417	0.7779528	0.149979	0.000790884	0.999209	0.00158177	1.99842	0.3062303
3299	1	29.46769	28.52942	0.9382663	-0.28442	0.00119525	0.998805	0.00239051	1.99761	0.2608704
3300	0	27.55535	27.17478	0.3805689	0.0578207	0.000326385	0.999674	0.00065277	1.99935	0.4556483
3301	1	29.56932	28.91389	0.6554288	-0.0611253	0.000632666	0.999367	0.00126533	1.99873	0.3461462
3302	0	29.51962	28.92578	0.5938435	0.0692787	0.00066095	0.999339	0.0013219	1.99868	0.3681339
3303	1	29.09219	28.62734	0.4648542	-0.313318	0.000808663	0.999191	0.00161733	1.99838	0.4188178
3304	0	27.93997	27.84171	0.09825915	0.157371	0.000626935	0.999373	0.00125387	1.99875	0.604276
3305	1	27.6316	27.52154	0.1100642	0.355163	0.000607996	0.999392	0.00121599	1.99878	0.5971844
3306	0	27.64018	27.64835	-0.008177764	0.2034	0.000452644	0.999547	0.000905288	1.99909	0.6721409
3307	1	28.76866	28.26046	0.5082061	-0.0945256	0.000446229	0.999554	0.000892459	1.99911	0.4010492
3308	0	27.4318	27.49069	-0.05888529	0.106999	0.000511641	0.999488	0.00102328	1.99898	0.7071024
3309	1	29.08969	28.67289	0.416797	0.138155	0.000743313	0.999257	0.00148663	1.99851	0.4394365
3310	0	29.20378	28.78824	0.4155475	0.0908643	0.00064942	0.999351	0.00129884	1.9987	0.4399859
3311	1	29.07851	28.16712	0.9113892	-0.00376837	0.00188183	0.998118	0.00376367	1.99624	0.2679769
3312	0	29.48436	28.49668	0.9876735	-0.182772	0.00158174	0.998418	0.00316348	1.99684	0.2482948
3313	1	27.59023	27.02007	0.5701594	-0.357822	0.0018946	0.998105	0.00378919	1.99621	0.3769569
3314	0	25.98223	25.62323	0.3590078	-0.401901	0.00213383	0.997866	0.00426767	1.99573	0.4655793
3315	1	29.02434	28.34072	0.6836189	0.132584	0.00139065	0.998609	0.0027813	1.99722	0.3365246
3316	0	28.51078	27.17523	1.335552	0.0744062	0.00117954	0.99882	0.00235909	1.99764	0.1753419
3317	1	28.01743	27.57428	0.4431439	0.0870784	0.00138753	0.998612	0.00277505	1.99722	0.4280099
3318	0	29.57354	28.42318	1.150357	-0.0395871	0.00152413	0.998476	0.00304826	1.99695	0.2110159
3319	1	27.77344	27.25089	0.5225501	-0.481731	0.00148337	0.998517	0.00296674	1.99703	0.3953376
3320	0	29.8033	29.01142	0.7918765	0.0453806	0.00106677	0.998933	0.00213354	1.99787	0.301996
3321	1	27.95129	27.0895	0.8617882	-0.507168	0.00125222	0.998748	0.00250444	1.9975	0.281604
3322	0	27.66315	26.80688	0.8562658	-0.514734	0.00173019	0.99827	0.00346037	1.99654	0.2831635
3323	1	29.55347	28.54037	1.013102	-0.197346	0.00147499	0.998525	0.00294998	1.99705	0.2420607
3324	0	27.82201	27.19443	0.6275863	-0.160437	0.0020075	0.997993	0.004015	1.99599	0.3559193
3325	1	29.45894	28.58141	0.8775275	0.149691	0.000838001	0.999162	0.001676	1.99832	0.2772065
3326	0	28.83083	27.77382	1.057012	0.1702	0.00202078	0.997979	0.00404155	1.99596	0.2316617
3327	1	29.21986	28.83329	0.3865717	-0.000586854	0.000609497	0.999391	0.00121899	1.99878	0.4529213
3328	0	27.81645	27.11458	0.7018691	-0.223925	0.00219643	0.997804	0.00439285	1.99561	0.3304387
3329	1	29.64357	28.59959	1.043976	-0.171465	0.00139256	0.998607	0.00278511	1.99721	0.2347013
3330	0	28.55877	28.04575	0.5130222	-0.396514	0.00116689	0.998833	0.00233377	1.99767	0.3991223
3331	1	28.72468	27.97832	0.7463564	-0.173504	0.00177641	0.998224	0.00355282	1.99645	0.3160605
3332	0	26.28134	25.44078	0.8405603	-0.603368	0.0010943	0.998906	0.0021886	1.99781	0.2876458
3333	1	29.28889	28.43239	0.8564995	0.240521	0.00113692	0.998863	0.00227384	1.99773	0.2830973
3334	0	27.73679	27.60699	0.1297955	-0.356708	0.000389711	0.99961	0.000779422	1.99922	0.5855167
3335	1	26.02864	25.85368	0.1749664	-0.364407	0.00155782	0.998442	0.00311564	1.99688	0.5596568
3336	0	29.36123	28.30574	1.055486	0.0657565	0.00174588	0.998254	0.00349177	1.99651	0.2320156
3337	1	28.62721	28.3575	0.2697063	0.185237	0.000615918	0.999384	0.00123184	1.99877	0.5090692
3338	0	28.58733	27.68708	0.9002474	-0.418936	0.00154285	0.998457	0.0030857	1.99691	0.2709794
3339	1	28.2682	27.45682	0.8113802	-0.486048	0.00126503	0.998735	0.00253005	1.99747	0.296163
3340	0	26.81737	26.49996	0.3174154	-0.622595	0.000755864	0.999244	0.00151173	1.99849	0.4853522
3341	1	29.53791	28.59383	0.9440847	0.0842523	0.00148126	0.998519	0.00296252	1.99704	0.259357
3342	0	26.29239	26.53739	-0.2450081	-0.0441911	0.000528348	0.999472	0.0010567	1.99894	0.8517545
3343	1	27.50407	26.58842	0.9156564	-0.387322	0.00264067	0.997359	0.00528134	1.99472	0.2668359
3344	0	27.46681	27.48909	-0.02227737	0.259213	0.000431206	0.999569	0.000862411	1.99914	0.6816849
3345	1	29.40618	28.57356	0.8326193	-0.00293344	0.0015185	0.998481	0.003037	1.99696	0.2899391
3346	0	26.77242	26.98902	-0.2166017	0.0986663	0.000286051	0.999714	0.000572103	1.99943	0.8278996
3347	1	29.6831	29.07976	0.6033399	-0.134193	0.0007996	0.9992	0.0015992	1.9984	0.3646545
3348	0	29.3043	28.80277	0.5015277	0.0152996	0.000910266	0.99909	0.00182053	1.99818	0.4037365
3349	1	27.62064	27.34619	0.2744501	-0.00552849	0.00116428	0.998836	0.00232855	1.99767	0.50666
3350	0	29.32771	28.75604	0.5716635	-0.00764458	0.00106019	0.99894	0.00212039	1.99788	0.3763903
3351	1	25.94603	24.85551	1.090514	0.519393	0.00194238	0.998058	0.00388476	1.99612	0.224029
3352	0	29.33181	28.69985	0.6319552	-0.0237503	0.00118938	0.998811	0.00237877	1.99762	0.3543677
3353	1	29.06027	27.83429	1.225982	-0.210916	0.00174361	0.998256	0.00348722	1.99651	0.1956463
3354	0	29.39093	28.75936	0.6315675	0.120886	0.00105401	0.998946	0.00210801	1.99789	0.3545051
3355	1	29.70622	28.86095	0.8452653	-0.204826	0.000883585	0.999116	0.00176717	1.99823	0.2862956
3356	0	28.48912	27.76258	0.7265455	-0.280644	0.00180269	0.998197	0.00360538	1.99639	0.3223844
3357	1	28.71974	27.83672	0.8830266	-0.423163	0.00126801	0.998732	0.00253602	1.99746	0.2756863
3358	0	27.86481	27.13111	0.7336965	-0.385347	0.00206316	0.997937	0.00412631	1.99587	0.3200873
3359	1	29.46575	28.78635	0.6793907	-0.152341	0.00118987	0.99881	0.00237974	1.99762	0.3379505
3360	0	28.89522	28.3846	0.5106191	0.252412	0.000945818	0.999054	0.00189164	1.99811	0.4000826
3361	1	27.53999	27.61905	-0.07905921	-0.0864632	0.000453593	0.999546	0.000907186	1.99909	0.7215123
3362	0	29.76982	28.77685	0.9929729	-0.164337	0.00118583	0.998814	0.00237166	1.99763	0.2469825
3363	1	28.79863	28.48123	0.3174082	-0.301624	0.000597131	0.999403	0.00119426	1.99881	0.4853557
3364	0	26.87589	26.29255	0.5833398	-0.0407412	0.00240518	0.997595	0.00481035	1.99519	0.372021
3365	1	28.96531	28.06006	0.9052512	0.293717	0.00125607	0.998744	0.00251214	1.99749	0.2696269
3366	0	29.69838	28.83455	0.8638252	-0.0594363	0.0013528	0.998647	0.00270561	1.99729	0.281031
3367	1	29.41752	28.87634	0.5411794	-0.100628	0.000945611	0.999054	0.00189122	1.99811	0.3880409
3368	0	28.90942	27.82274	1.086676	-0.217017	0.00208697	0.997913	0.00417395	1.99583	0.2248905
3369	1	29.88005	29.06744	0.8126069	-0.13361	0.00100351	0.998996	0.00200703	1.99799	0.2957999
3370	0	28.32066	27.60425	0.7164075	-0.472919	0.00138769	0.998612	0.00277538	1.99722	0.3256694
3371	1	28.35872	27.58266	0.7760534	0.0886547	0.00203245	0.997968	0.00406491	1.99594	0.3068125
3372	0	29.75817	28.884	0.8741698	-0.201701	0.00112703	0.998873	0.00225407	1.99775	0.2781388
3373	1	28.46174	27.65991	0.8018291	-0.120428	0.00208059	0.997919	0.00416117	1.99584	0.2990052
3374	0	26.08233	25.21328	0.8690492	-0.321896	0.00389155	0.996108	0.0077831	1.99222	0.2795667
3375	1	29.2381	28.79213	0.4459718	0.0813585	0.000769427	0.999231	0.00153885	1.99846	0.4268012
3376	0	26.33028	24.88849	1.441796	0.114027	0.00456029	0.99544	0.00912057	1.99088	0.1576685
3377	1	27.5798	27.30375	0.2760446	-0.176105	0.000317319	0.999683	0.000634638	1.99937	0.5058527
3378	0	27.52969	26.29435	1.235336	-0.218224	0.00338614	0.996614	0.00677228	1.99323	0.1938246
3379	1	29.48565	28.88333	0.6023216	0.132002	0.000737938	0.999262	0.00147588	1.99852	0.365026
3380	0	29.7797	28.84168	0.9380195	0.0283081	0.000924338	0.999076	0.00184868	1.99815	0.2609348
3381	1	29.54458	28.75519	0.7893959	0.00303418	0.000679394	0.999321	0.00135879	1.99864	0.302746
3382	0	29.34358	28.70985	0.6337321	0.194131	0.000949231	0.999051	0.00189846	1.9981	0.3537385
3383	1	29.74894	28.88353	0.865407	0.0922357	0.00113942	0.998861	0.00227885	1.99772	0.2805868
3384	0	27.49981	26.59837	0.9014371	-0.427431	0.000710002	0.99929	0.00142	1.99858	0.2706572
3385	1	28.72355	27.37426	1.349292	-0.185836	0.0016818	0.998318	0.00336361	1.99664	0.1729493
3386	0	29.57314	28.89362	0.6795133	-0.212661	0.00105059	0.998949	0.00210118	1.9979	0.3379091
3387	1	27.52414	26.66155	0.8625835	-0.53745	0.00155082	0.998449	0.00310164	1.9969	0.2813802
3388	0	26.49042	26.2555	0.2349243	0.127651	0.00147421	0.998526	0.00294841	1.99705	0.5270871
3389	1	29.90113	28.97674	0.9243896	-0.000954638	0.00107789	0.998922	0.00215578	1.99784	0.2645157
3390	0	25.91039	25.26251	0.6478804	-0.207232	0.00328763	0.996712	0.00657527	1.99342	0.348769
3391	1	29.25188	28.45403	0.7978562	-0.316779	0.00131214	0.998688	0.00262429	1.99738	0.3001955
3392	0	26.92745	25.66314	1.264313	-0.394632	0.00304526	0.996955	0.00609051	1.99391	0.1882889
3393	1	28.09487	27.67088	0.4239909	0.111354	0.00129868	0.998701	0.00259736	1.9974	0.4362866
3394	0	26.0487	25.45371	0.5949953	0.201108	0.0028792	0.997121	0.0057584	1.99424	0.3677101
3395	1	25.91483	25.89153	0.02330256	0.329641	0.00112169	0.998878	0.00224338	1.99776	0.6513112
3396	0	28.53104	27.29249	1.238553	-0.29176	0.00124845	0.998752	0.00249689	1.9975	0.1932022
3397	1	27.93043	26.84643	1.084006	-0.434969	0.00117798	0.998822	0.00235596	1.99764	0.225492
3398	0	29.36525	28.41717	0.9480783	0.117293	0.00158709	0.998413	0.00317417	1.99683	0.2583233
3399	1	28.73073	27.57622	1.154509	-0.205566	0.00227603	0.997724	0.00455205	1.99545	0.2101416
3400	0	27.79069	26.68728	1.103411	-0.349958	0.00267311	0.997327	0.00534622	1.99465	0.2211585
3401	1	29.75439	29.09519	0.6591956	-0.119815	0.00089912	0.999101	0.00179824	1.9982	0.3448448
3402	0	29.57659	28.90757	0.6690179	0.0937233	0.00100903	0.998991	0.00201806	1.99798	0.3414742
3403	1	26.79507	27.03852	-0.2434418	-0.240883	0.000332751	0.999667	0.000665502	1.99933	0.8504214
3404	0	28.74333	28.25243	0.4908949	-0.187736	0.000459318	0.999541	0.000918636	1.99908	0.4080523
3405	1	26.30898	26.52909	-0.2201143	0.369547	0.000340809	0.999659	0.000681618	1.99932	0.8308128
3406	0	28.93303	28.56554	0.3674962	0.101286	0.000775486	0.999225	0.00155097	1.99845	0.461644
3407	1	26.98441	26.65261	0.3317987	0.390113	0.0014047	0.998595	0.00280939	1.99719	0.4784212
3408	0	28.08513	27.75126	0.333866	0.251532	0.000428857	0.999571	0.000857715	1.99914	0.4774331
3409	1	29.39129	28.79621	0.5950785	-0.036452	0.00107822	0.998922	0.00215643	1.99784	0.3676795
3410	0	25.56667	25.45704	0.1096309	0.419132	0.00144515	0.998555	0.00289031	1.99711	0.5974432
3411	1	28.64966	27.77937	0.8702839	-0.205351	0.00205704	0.997943	0.00411407	1.99589	0.2792218
3412	0	29.55008	28.9372	0.6128829	0.074805	0.0006802	0.99932	0.0013604	1.99864	0.3611911
3413	1	28.22466	27.48276	0.7418999	0.12628	0.00200643	0.997994	0.00401287	1.99599	0.3174722
3414	0	29.18862	28.76742	0.4211928	0.109685	0.00065606	0.999344	0.00131212	1.99869	0.437509
3415	1	29.04648	28.27718	0.7693073	0.0438795	0.00161678	0.998383	0.00323356	1.99677	0.3088893
3416	0	27.39937	27.50265	-0.1032833	0.0948021	0.000395212	0.999605	0.000790424	1.99921	0.7392037
3417	1	29.46606	28.46805	0.9980129	0.130031	0.00147844	0.998522	0.00295689	1.99704	0.2457408
3418	0	27.363	26.71756	0.6454359	-0.179099	0.000385124	0.999615	0.000770247	1.99923	0.3496226
3419	1	27.65455	27.29615	0.3583974	-0.0895356	0.00136477	0.998635	0.00272954	1.99727	0.4658636
3420	0	29.56319	28.91775	0.6454359	-0.134118	0.00064724	0.999353	0.00129448	1.99871	0.3496226
3421	1	28.44125	27.66745	0.773801	-0.388372	0.00172572	0.998274	0.00345144	1.99655	0.3075043
3422	0	27.12868	27.22749	-0.09881148	-0.312485	0.000562889	0.999437	0.00112578	1.99887	0.7359055
3423	1	29.01663	28.53977	0.4768605	0.163589	0.000556924	0.999443	0.00111385	1.99889	0.4138194
3424	0	29.07749	28.69049	0.3870002	0.0742848	0.000744874	0.999255	0.00148975	1.99851	0.4527273
3425	1	27.06439	27.21058	-0.146187	0.20009	0.000414959	0.999585	0.000829918	1.99917	0.7716084
3426	0	28.15138	27.52738	0.6239932	0.271322	0.000520472	0.99948	0.00104094	1.99896	0.3572004
3427	1	28.71112	28.29316	0.4179608	0.288629	0.000725633	0.999274	0.00145127	1.99855	0.4389254
3428	0	27.8386	27.68725	0.1513513	-0.108763	0.000829489	0.999171	0.00165898	1.99834	0.5730305
3429	1	29.65624	28.9316	0.7246424	-0.0333574	0.00115421	0.998846	0.00230843	1.99769	0.3229985
3430	0	28.92795	28.56557	0.3623757	0.0723182	0.000785681	0.999214	0.00157136	1.99843	0.4640139
3431	1	27.81696	27.20309	0.6138775	0.0650673	0.00194138	0.998059	0.00388276	1.99612	0.3608321
3432	0	28.11909	27.51296	0.6061303	-0.344258	0.00169363	0.998306	0.00338725	1.99661	0.3636383
3433	1	27.17566	26.72883	0.4468271	0.465134	0.00141966	0.99858	0.00283933	1.99716	0.4264363
3434	0	29.52547	28.82657	0.698896	-0.178044	0.00116756	0.998832	0.00233511	1.99766	0.3314226
3435	1	29.30612	28.06167	1.244444	-0.0220034	0.00129901	0.998701	0.00259802	1.9974	0.1920675
3436	0	28.59288	27.63578	0.9571014	0.0526676	0.00227924	0.997721	0.00455848	1.99544	0.2560029
3437	1	28.83174	28.47131	0.3604269	-0.218672	0.000852828	0.999147	0.00170566	1.99829	0.464919
3438	0	27.38769	26.15132	1.236369	-0.439163	0.00163719	0.998363	0.00327438	1.99673	0.1936247
3439	1	29.33474	28.2374	1.097346	-0.248045	0.00144482	0.998555	0.00288964	1.99711	0.2225039
3440	0	28.96801	27.76059	1.207422	-0.214078	0.00193347	0.998067	0.00386694	1.99613	0.1993113
3441	1	28.96637	27.91485	1.051523	0.12104	0.00201113	0.997989	0.00402227	1.99598	0.2329367
3442	0	27.27126	26.2626	1.008664	-0.0456777	0.00348456	0.996515	0.00696913	1.99303	0.2431374
3443	1	24.56679	22.9786	1.588194	-0.427352	0.00333903	0.996661	0.00667806	1.99332	0.1361962
3444	0	25.85602	24.14515	1.710877	0.0889081	0.00356408	0.996436	0.00712816	1.99287	0.1204715
3445	1	25.63543	25.16981	0.4656178	-0.545	0.00251662	0.997483	0.00503324	1.99497	0.4184981
3446	0	25.18696	24.07379	1.113169	-0.124945	0.00595716	0.994043	0.0119143	1.98809	0.2190108
3447	1	26.59569	25.85812	0.7375663	-0.163853	0.0031432	0.996857	0.0062864	1.99371	0.318851
3448	0	25.36797	24.41137	0.9565945	0.33099	0.00454067	0.995459	0.00908134	1.99092	0.2561327
3449	1	29.49665	28.41982	1.076833	-0.166608	0.00159476	0.998405	0.00318952	1.99681	0.2271151
3450	0	26.58012	25.04763	1.532483	0.17296	0.00129541	0.998705	0.00259081	1.99741	0.1439991
3451	1	26.51802	26.24923	0.2687973	-0.309675	0.00161293	0.998387	0.00322586	1.99677	0.5095321
3452	0	28.30778	27.32841	0.9793653	-0.155278	0.00254594	0.997454	0.00509187	1.99491	0.2503663
3453	1	27.58365	27.64564	-0.06199046	-0.162513	0.00047622	0.999524	0.000952441	1.99905	0.7093015
3454	0	27.62738	27.64277	-0.01539338	0.0786697	0.000536437	0.999464	0.00107287	1.99893	0.6770083
3455	1	28.5959	28.22381	0.3720889	-0.406214	0.000677383	0.999323	0.00135477	1.99865	0.4595287
3456	0	28.84435	27.83435	1.010006	0.0461453	0.000703814	0.999296	0.00140763	1.99859	0.2428112
3457	1	27.43263	27.50174	-0.06910405	0.16162	0.000455336	0.999545	0.000910672	1.99909	0.7143651
3458	0	28.61537	28.12966	0.4857143	-0.392556	0.000606967	0.999393	0.00121393	1.99879	0.4101717
3459	1	26.7651	26.73415	0.03094369	-0.0618857	0.000243676	0.999756	0.000487352	1.99951	0.6463534
3460	0	28.33032	27.68057	0.6497479	-0.402784	0.00156167	0.998438	0.00312333	1.99688	0.3481183
3461	1	26.61498	26.84044	-0.22546	0.0172745	0.000252174	0.999748	0.000504349	1.9995	0.8352659
3462	0	29.71136	28.62585	1.085508	-0.111877	0.00132253	0.998677	0.00264505	1.99735	0.2251533
3463	1	27.987	27.78464	0.2023605	-0.0444332	0.000877488	0.999123	0.00175498	1.99825	0.5445336
3464	0	29.17611	28.21561	0.9605014	-0.0281064	0.00189192	0.998108	0.00378383	1.99622	0.255134
3465	1	26.74839	26.98561	-0.2372196	-0.146028	0.000278695	0.999721	0.00055739	1.99944	0.8451463
3466	0	29.53157	28.83116	0.7004102	0.163116	0.000944157	0.999056	0.00188831	1.99811	0.3309211
3467	1	20.28639	20.60034	-0.3139498	0.460835	0.000133289	0.999867	0.000266577	1.99973	0.9125473
3468	0	28.88348	27.96074	0.9227392	-0.388976	0.00110349	0.998897	0.00220698	1.99779	0.2649526
3469	1	24.31699	24.43605	-0.1190649	0.441761	0.000224607	0.999775	0.000449213	1.99955	0.750962
3470	0	28.38466	28.17948	0.2051887	-0.333346	0.000641264	0.999359	0.00128253	1.99872	0.5429958
3471	1	27.82637	27.80923	0.0171401	0.0404513	0.000357437	0.999643	0.000714874	1.99929	0.6553373
3472	0	27.89364	27.73451	0.1591302	-0.300092	0.000815308	0.999185	0.00163062	1.99837	0.5685902
3473	1	27.89065	27.78355	0.1070979	-0.29278	0.000706915	0.999293	0.00141383	1.99859	0.5989585
3474	0	28.91767	28.63521	0.2824587	-0.0174063	0.000601758	0.999398	0.00120352	1.9988	0.5026185
3475	1	29.31662	28.72952	0.5870973	0.195765	0.000783138	0.999217	0.00156628	1.99843	0.3706258
3476	0	28.96922	28.48722	0.4819971	0.113237	0.00101043	0.99899	0.00202087	1.99798	0.4116992
3477	1	28.83981	28.52074	0.3190758	0.145124	0.000556801	0.999443	0.0011136	1.99889	0.484547
3478	0	26.80914	26.83078	-0.02163538	0.41988	0.000656885	0.999343	0.00131377	1.99869	0.6812474
3479	1	29.16754	28.22803	0.9395087	-0.12218	0.00185798	0.998142	0.00371597	1.99628	0.2605465
3480	0	29.48704	28.66675	0.8202956	-0.259586	0.00082787	0.999172	0.00165574	1.99834	0.2935343
3481	1	29.42116	28.6102	0.8109589	-0.108239	0.00147843	0.998522	0.00295686	1.99704	0.2962878
3482	0	28.16135	27.77589	0.385458	-0.493077	0.000749812	0.99925	0.00149962	1.9985	0.4534261
3483	1	26.16493	24.68327	1.481657	-0.362693	0.00326481	0.996735	0.00652963	1.99347	0.1515072
3484	0	29.29546	28.65828	0.6371822	0.194915	0.000714159	0.999286	0.00142832	1.99857	0.3525202
3485	1	27.8743	27.16176	0.7125371	0.35774	0.000629746	0.99937	0.00125949	1.99874	0.3269323
3486	0	27.72426	26.98598	0.7382741	-0.253471	0.00233406	0.997666	0.00466812	1.99533	0.3186254
3487	1	29.6986	29.09539	0.6032095	-0.0608588	0.000831834	0.999168	0.00166367	1.99834	0.364702
3488	0	28.18481	27.81527	0.3695387	-0.454075	0.00098427	0.999016	0.00196854	1.99803	0.460702
3489	1	29.71094	28.88724	0.823702	-0.0478441	0.00128276	0.998717	0.00256553	1.99743	0.2925361
3490	0	27.91477	27.22345	0.6913234	-0.167881	0.0021278	0.997872	0.0042556	1.99574	0.3339418
3491	1	29.29033	28.5372	0.7531329	-0.147046	0.000614063	0.999386	0.00122813	1.99877	0.313926
3492	0	27.13943	26.24443	0.8950039	-0.503322	0.00233288	0.997667	0.00466575	1.99533	0.272404
3493	1	28.70336	28.47377	0.2295906	-0.200123	0.000522681	0.999477	0.00104536	1.99895	0.529906
3494	0	28.81841	27.56099	1.257424	0.171692	0.00158436	0.998416	0.00316872	1.99683	0.1895904
3495	1	26.45691	26.00519	0.451726	0.0918021	0.00215966	0.99784	0.00431931	1.99568	0.4243524
3496	0	26.90609	25.61409	1.292002	0.327322	0.00295562	0.997044	0.00591124	1.99409	0.1831468
3497	1	29.4347	28.62768	0.8070211	-0.0186937	0.00146026	0.99854	0.00292053	1.99708	0.2974568
3498	0	29.69226	29.06984	0.6224198	-0.0969326	0.000707722	0.999292	0.00141544	1.99858	0.3577628
3499	1	29.58422	28.54052	1.043697	-0.0785499	0.00160939	0.998391	0.00321878	1.99678	0.2347668
3500	0	28.91889	27.96676	0.9521319	0.237061	0.0016748	0.998325	0.0033496	1.99665	0.2572783
3501	1	29.13093	28.16086	0.9700646	0.201781	0.00160253	0.998397	0.00320505	1.99679	0.2527057
3502	0	28.37907	27.21279	1.166278	-0.374387	0.0016129	0.998387	0.00322581	1.99677	0.2076829
3503	1	26.42639	26.1285	0.2978875	-0.144765	0.00171971	0.99828	0.00343943	1.99656	0.4949232
3504	0	29.2972	28.56531	0.7318923	-0.218002	0.00135772	0.998642	0.00271544	1.99728	0.3206653
3505	1	28.80712	28.35105	0.4560664	-0.390491	0.000711381	0.999289	0.00142276	1.99858	0.4225145
3506	0	28.6771	27.56173	1.115367	-0.307722	0.00199647	0.998004	0.00399293	1.99601	0.2185299
3507	1	28.12554	27.8906	0.2349351	0.122338	0.000859365	0.999141	0.00171873	1.99828	0.5270815
3508	0	28.71909	28.03115	0.6879412	-0.332238	0.00151482	0.998485	0.00302964	1.99697	0.3350732
3509	1	29.24381	28.76804	0.4757665	-0.267814	0.00076969	0.99923	0.00153938	1.99846	0.4142724
3510	0	28.82287	28.56008	0.2627956	-0.139204	0.000631807	0.999368	0.00126361	1.99874	0.5125994
3511	1	29.3694	28.89364	0.4757665	-0.177583	0.000631298	0.999369	0.0012626	1.99874	0.4142724
3512	0	27.51833	27.52589	-0.007558613	-0.0197262	0.000303739	0.999696	0.000607478	1.99939	0.6717248
3513	1	28.10645	27.91504	0.1914085	-0.335186	0.000431088	0.999569	0.000862175	1.99914	0.5505301
3514	0	29.11781	28.40096	0.7168522	0.142858	0.000613377	0.999387	0.00122675	1.99877	0.3255246
3515	1	25.65359	25.72471	-0.07111803	0.605796	0.000654463	0.999346	0.00130893	1.99869	0.7158053
3516	0	28.81179	28.37663	0.4351635	-0.336948	0.000935946	0.999064	0.00187189	1.99813	0.4314392
3517	1	28.24419	27.78098	0.4632148	-0.128611	0.00137036	0.99863	0.00274072	1.99726	0.419505
3518	0	28.38039	27.3858	0.9945975	-0.270421	0.0023572	0.997643	0.00471439	1.99529	0.2465815
3519	1	29.07971	28.61751	0.462205	-0.150239	0.00050332	0.999497	0.00100664	1.99899	0.4199288
3520	0	29.67416	28.64337	1.030788	-0.186265	0.0011993	0.998801	0.0023986	1.9976	0.2378172
3521	1	28.83838	28.17974	0.6586445	-0.0439088	0.000490798	0.999509	0.000981595	1.99902	0.3450349
3522	0	27.05668	26.46138	0.5952956	-0.592734	0.000877362	0.999123	0.00175472	1.99825	0.3675997
3523	1	29.00189	28.26608	0.7358044	-0.337135	0.00071809	0.999282	0.00143618	1.99856	0.3194133
3524	0	29.34043	28.76022	0.5802058	0.0796105	0.00102348	0.998977	0.00204696	1.99795	0.3731888
3525	1	29.71594	28.80791	0.9080372	-0.0427922	0.00138981	0.99861	0.00277962	1.99722	0.2688767
3526	0	28.99192	28.58294	0.4089757	-0.312505	0.000655071	0.999345	0.00131014	1.99869	0.4428869
3527	1	26.27917	25.4704	0.8087636	-0.258069	0.0036012	0.996399	0.0072024	1.9928	0.2969389
3528	0	25.77435	25.81448	-0.04013031	-0.0908338	0.00105113	0.998949	0.00210226	1.9979	0.6939643
3529	1	28.9959	28.09804	0.8978553	-0.24628	0.00180351	0.998196	0.00360703	1.99639	0.2716284
3530	0	28.70339	28.4147	0.2886956	-0.308281	0.000660122	0.99934	0.00132024	1.99868	0.4994935
3531	1	28.90926	27.81298	1.096281	-0.201814	0.00212048	0.99788	0.00424097	1.99576	0.2227408
3532	0	27.90622	27.58588	0.3203361	-0.227578	0.00117411	0.998826	0.00234823	1.99765	0.4839367
3533	1	28.43079	27.48779	0.9430033	-0.376263	0.00194856	0.998051	0.00389711	1.9961	0.2596376
3534	0	29.05205	28.72407	0.3279766	-0.043634	0.000540678	0.999459	0.00108136	1.99892	0.4802532
3535	1	29.7531	29.02375	0.729356	-0.062304	0.00108317	0.998917	0.00216634	1.99783	0.3214796
3536	0	28.21193	28.08155	0.1303873	-0.245084	0.000624876	0.999375	0.00124975	1.99875	0.5851703
3537	1	28.09742	27.61967	0.4777561	-0.300413	0.00144009	0.99856	0.00288017	1.99712	0.4134489
3538	0	28.69986	28.46229	0.237576	-0.0344213	0.000454409	0.999546	0.000908818	1.99909	0.5256913
3539	1	29.16108	28.43396	0.7271202	0.271257	0.00098193	0.999018	0.00196386	1.99804	0.3221992
3540	0	26.16953	26.1433	0.02622656	-0.65406	0.000672926	0.999327	0.00134585	1.99865	0.6494096
3541	1	28.43721	27.49327	0.9439414	0.359112	0.00117512	0.998825	0.00235024	1.99765	0.2593942
3542	0	28.66079	28.4111	0.2496887	-0.206944	0.000686979	0.999313	0.00137396	1.99863	0.5193622
3543	1	29.16241	28.67598	0.4864385	-0.275838	0.00088416	0.999116	0.00176832	1.99823	0.4098748
3544	0	28.67899	27.73704	0.9419556	-0.169913	0.00219217	0.997808	0.00438435	1.99562	0.2599098
3545	1	28.33548	27.70518	0.6302916	0.264608	0.000542482	0.999458	0.00108496	1.99892	0.3549577
3546	0	27.99842	26.99351	1.004909	-0.166587	0.00282605	0.997174	0.00565209	1.99435	0.2440521
3547	1	28.61222	27.5658	1.046419	0.238234	0.000900224	0.9991	0.00180045	1.9982	0.2341286
3548	0	29.32759	28.62185	0.7057461	-0.163449	0.00132761	0.998672	0.00265522	1.99734	0.32916
3549	1	29.11702	27.97636	1.140655	-0.272538	0.00152063	0.998479	0.00304127	1.99696	0.2130731
3550	0	28.06514	26.77966	1.285484	0.0192429	0.00302736	0.996973	0.00605472	1.99395	0.1843445
3551	1	29.59466	28.66761	0.9270432	0.088476	0.00140195	0.998598	0.00280391	1.9972	0.2638147
3552	0	27.90206	26.68436	1.217701	0.154562	0.00295528	0.997045	0.00591056	1.99409	0.1972731
3553	1	27.7446	26.18784	1.556753	-0.0982147	0.00206121	0.997939	0.00412242	1.99588	0.1405463
3554	0	28.11868	26.93641	1.182261	0.0870722	0.00289872	0.997101	0.00579743	1.9942	0.2043899
3555	1	29.17434	27.88318	1.291154	0.00072767	0.00149838	0.998502	0.00299676	1.997	0.1833022
3556	0	29.91594	29.04594	0.8699986	-0.103645	0.00104022	0.99896	0.00208045	1.99792	0.2793014
3557	1	24.22602	23.66477	0.5612446	-0.420547	0.00413664	0.995863	0.00827327	1.99173	0.3803324
3558	0	28.16401	27.03714	1.126873	-0.388138	0.00202002	0.99798	0.00404004	1.99596	0.2160299
3559	1	29.84511	28.94681	0.898301	-0.0317037	0.00123567	0.998764	0.00247135	1.99753	0.2715073
3560	0	28.46438	27.79347	0.6709068	-0.288615	0.000526297	0.999474	0.00105259	1.99895	0.3408299
3561	1	28.51643	27.61813	0.898301	-0.211584	0.00219644	0.997804	0.00439289	1.99561	0.2715073
3562	0	27.30803	27.13861	0.1694245	-0.530914	0.000528779	0.999471	0.00105756	1.99894	0.562767
3563	1	26.32879	25.90566	0.4231296	0.160115	0.00211277	0.997887	0.00422554	1.99577	0.4366625
3564	0	28.44182	28.14943	0.2923836	-0.334022	0.000486809	0.999513	0.000973619	1.99903	0.4976547
3565	1	29.65658	28.76674	0.8898443	-0.239431	0.001016	0.998984	0.00203201	1.99797	0.2738131
3566	0	28.89726	28.44275	0.4545163	0.0601876	0.000470493	0.99953	0.000940985	1.99906	0.4231699
3567	1	29.26303	28.21455	1.048485	-0.116048	0.00189638	0.998104	0.00379276	1.99621	0.2336455
3568	0	27.93631	26.85888	1.077432	-0.288378	0.00276283	0.997237	0.00552567	1.99447	0.2269792
3569	1	28.99548	27.74327	1.252211	-0.20943	0.00135104	0.998649	0.00270208	1.9973	0.1905814
3570	0	28.91246	27.89905	1.013411	0.193486	0.00185995	0.99814	0.0037199	1.99628	0.2419858
3571	1	28.74319	28.50327	0.2399203	0.0460389	0.000573465	0.999427	0.00114693	1.99885	0.5244604
3572	0	29.83193	28.9428	0.8891327	-0.00336634	0.000881316	0.999119	0.00176263	1.99824	0.274008
3573	1	28.56354	28.31344	0.2501046	-0.305259	0.000676713	0.999323	0.00135343	1.99865	0.5191462
3574	0	27.98244	27.15235	0.830086	-0.453388	0.00189206	0.998108	0.00378412	1.99622	0.2906745
3575	1	28.22238	27.55965	0.6627292	0.318691	0.00157177	0.998428	0.00314354	1.99686	0.3436284
3576	0	27.61433	26.36654	1.24779	-0.274384	0.000896315	0.999104	0.00179263	1.99821	0.1914257
3577	1	28.8512	28.0735	0.7777018	-0.420941	0.00110941	0.998891	0.00221882	1.99778	0.3063071
3578	0	29.03646	28.18704	0.8494152	0.194355	0.00158805	0.998412	0.0031761	1.99682	0.28511
3579	1	29.31039	28.77655	0.5338429	0.0235976	0.000976183	0.999024	0.00195237	1.99805	0.3908982
3580	0	27.91762	27.2415	0.6761175	0.42226	0.00145899	0.998541	0.00291798	1.99708	0.3390585
3581	1	29.70309	28.7797	0.9233851	-0.214818	0.00103238	0.998968	0.00206477	1.99794	0.2647815
3582	0	27.26233	26.40301	0.8593235	0.0418891	0.00303839	0.996962	0.00607678	1.99392	0.282299
3583	1	28.88362	28.46319	0.4204309	0.221274	0.000603176	0.999397	0.00120635	1.99879	0.4378425
3584	0	29.74941	28.66657	1.082839	-0.0296408	0.00129837	0.998702	0.00259675	1.9974	0.2257553
3585	1	28.05536	26.553	1.502368	-0.0454212	0.00159471	0.998405	0.00318942	1.99681	0.1484016
3586	0	28.98875	28.51709	0.4716624	-0.329146	0.000899412	0.999101	0.00179882	1.9982	0.4159761
3587	1	27.85279	26.74476	1.108034	-0.162897	0.00311178	0.996888	0.00622357	1.99378	0.2201384
3588	0	29.02522	28.51358	0.5116453	-0.347641	0.000915427	0.999085	0.00183085	1.99817	0.3996722
3589	1	27.8526	27.12124	0.7313617	0.292074	0.00200737	0.997993	0.00401475	1.99599	0.3208355
3590	0	29.34942	28.39744	0.9519799	-0.155055	0.00170883	0.998291	0.00341765	1.99658	0.2573174
3591	1	29.49546	28.55086	0.9445966	-0.260445	0.0013336	0.998666	0.00266719	1.99733	0.2592243
3592	0	29.60528	28.48345	1.121829	0.0263597	0.00144205	0.998558	0.0028841	1.99712	0.2171224
3593	1	29.02533	28.11779	0.9075334	-0.137299	0.0019063	0.998094	0.0038126	1.99619	0.2690122
3594	0	29.91641	29.01815	0.8982642	-0.0316893	0.0011064	0.998894	0.0022128	1.99779	0.2715173
3595	1	29.52005	28.37921	1.140842	0.00687758	0.00159863	0.998401	0.00319726	1.9968	0.2130333
3596	0	29.84428	28.95955	0.8847366	-0.161761	0.00108459	0.998915	0.00216918	1.99783	0.2752153
3597	1	29.40965	28.22972	1.179935	-0.0230647	0.00112682	0.998873	0.00225364	1.99775	0.2048658
3598	0	29.50229	28.42662	1.075673	0.124893	0.00127516	0.998725	0.00255032	1.99745	0.2273787
3599	1	28.71082	27.61001	1.100816	0.00134691	0.00241219	0.997588	0.00482438	1.99518	0.2217331
3600	0	29.56244	28.53215	1.03029	-0.195182	0.00146011	0.99854	0.00292023	1.99708	0.2379357
3601	1	27.48929	26.45271	1.036583	0.229551	0.00300969	0.99699	0.00601939	1.99398	0.2364431
3602	0	29.49516	28.50296	0.992196	0.155963	0.00107418	0.998926	0.00214836	1.99785	0.2471744
3603	1	28.49416	27.45758	1.036583	0.0825744	0.00244943	0.997551	0.00489887	1.9951	0.2364431
3604	0	28.42577	27.43358	0.992196	-0.327766	0.0021647	0.997835	0.0043294	1.99567	0.2471744
3605	1	29.57155	28.41651	1.155037	0.0130537	0.00140318	0.998597	0.00280636	1.99719	0.2100305
3606	0	28.89808	28.46037	0.4377087	-0.297972	0.000934808	0.999065	0.00186962	1.99813	0.4303425
3607	1	26.63086	26.42491	0.2059436	-0.54911	0.00129583	0.998704	0.00259165	1.99741	0.542586
3608	0	28.74668	28.05927	0.6874099	-0.396815	0.000735241	0.999265	0.00147048	1.99853	0.3352513
3609	1	26.17105	25.96511	0.2059436	-0.389759	0.00158586	0.998414	0.00317173	1.99683	0.542586
3610	0	26.73944	26.5477	0.1917332	0.107354	0.00127053	0.998729	0.00254106	1.99746	0.5503514
3611	1	26.99995	26.89808	0.101874	-0.496454	0.000959655	0.99904	0.00191931	1.99808	0.6020956
3612	0	29.13897	28.62571	0.5132639	-0.0391067	0.000503067	0.999497	0.00100613	1.99899	0.3990259
3613	1	28.47773	27.75513	0.7226032	-0.331761	0.00058948	0.999411	0.00117896	1.99882	0.3236579
3614	0	28.11678	27.57082	0.5459616	0.294747	0.000509265	0.999491	0.00101853	1.99898	0.3861897
3615	1	27.27189	26.30096	0.9709313	0.166445	0.00321094	0.996789	0.00642188	1.99358	0.2524868
3616	0	27.56442	27.3478	0.2166247	0.309642	0.000953558	0.999046	0.00190712	1.99809	0.5368214
3617	1	27.05173	26.00122	1.050517	-0.175836	0.00372259	0.996277	0.00744518	1.99255	0.2331712
3618	0	29.64995	28.76559	0.8843628	0.0174559	0.00078476	0.999215	0.00156952	1.99843	0.2753181
3619	1	29.58906	28.62206	0.9669988	-0.0157698	0.00155768	0.998442	0.00311535	1.99688	0.2534816
3620	0	27.38901	26.01767	1.371333	0.298204	0.00177178	0.998228	0.00354357	1.99646	0.169179
3621	1	28.16416	27.63135	0.5328097	-0.21568	0.0015693	0.998431	0.00313861	1.99686	0.3913023
3622	0	28.91383	28.0284	0.8854359	0.299487	0.00101752	0.998982	0.00203503	1.99796	0.2750229
3623	1	26.55073	26.07293	0.4777947	-0.645002	0.00129174	0.998708	0.00258347	1.99742	0.413433
3624	0	28.15231	27.4447	0.7076142	0.232245	0.00185978	0.99814	0.00371957	1.99628	0.3285457
3625	1	29.20073	28.13601	1.064724	-0.291552	0.0011921	0.998808	0.00238419	1.99762	0.229882
3626	0	27.82537	26.66978	1.155596	-0.187643	0.00314698	0.996853	0.00629396	1.99371	0.2099133
3627	1	28.82518	27.80121	1.02397	-0.303331	0.00190676	0.998093	0.00381353	1.99619	0.2394442
3628	0	29.61264	28.69981	0.9128298	0.0113525	0.000792043	0.999208	0.00158409	1.99842	0.2675912
3629	1	28.29877	27.09518	1.203586	0.211169	0.00234776	0.997652	0.00469551	1.9953	0.2000773
3630	0	29.81341	28.85448	0.9589293	0.0417125	0.00121274	0.998787	0.00242548	1.99757	0.2555354
3631	1	29.21033	28.34093	0.8693948	-0.238914	0.00161356	0.998386	0.00322713	1.99677	0.2794701
3632	0	28.59902	27.9803	0.6187254	0.0110173	0.00155409	0.998446	0.00310818	1.99689	0.359087
3633	1	29.00654	27.74513	1.261407	-0.0452623	0.00208834	0.997912	0.00417668	1.99582	0.1888369
3634	0	28.86932	28.08889	0.7804304	0.194464	0.00159891	0.998401	0.00319783	1.9968	0.3054725
3635	1	26.21211	25.62184	0.590273	-0.631706	0.00186598	0.998134	0.00373196	1.99627	0.3694506
3636	0	28.92794	28.63158	0.2963582	-0.16747	0.000635044	0.999365	0.00127009	1.99873	0.4956807
3637	1	25.4693	24.80419	0.6651024	-0.332432	0.00364237	0.996358	0.00728474	1.99272	0.3428139
3638	0	28.4484	27.52186	0.9265417	0.3575	0.00110175	0.998898	0.0022035	1.9978	0.263947
3639	1	27.78883	26.85771	0.9311191	0.000915514	0.00285567	0.997144	0.00571133	1.99429	0.2627416
3640	0	29.33231	28.74832	0.5839943	0.173558	0.00089922	0.999101	0.00179844	1.9982	0.3717776
3641	1	27.38407	26.60285	0.7812244	-0.553477	0.00163056	0.998369	0.00326112	1.99674	0.30523
3642	0	28.29302	27.12597	1.167053	0.132852	0.00083291	0.999167	0.00166582	1.99833	0.2075219
3643	1	29.90014	28.9582	0.9419402	-0.0567742	0.00116528	0.998835	0.00233056	1.99767	0.2599138
3644	0	28.55783	27.97632	0.5815106	0.357105	0.00104497	0.998955	0.00208993	1.99791	0.3727022
3645	1	29.64183	28.65227	0.9895668	-0.14219	0.0014801	0.99852	0.0029602	1.99704	0.2478251
3646	0	29.19072	28.67518	0.5155431	0.19994	0.000741984	0.999258	0.00148397	1.99852	0.3981174
3647	1	28.71822	27.92467	0.7935557	0.288428	0.00151366	0.998486	0.00302732	1.99697	0.3014893
3648	0	28.78833	28.03252	0.7558106	0.075522	0.00172952	0.99827	0.00345904	1.99654	0.3130865
3649	1	28.87145	28.49605	0.3753946	-0.0887885	0.000887456	0.999113	0.00177491	1.99823	0.4580121
3650	0	24.12761	23.13082	0.9967937	-0.658299	0.00272343	0.997277	0.00544686	1.99455	0.2460406
3651	1	29.46644	28.85987	0.6065627	-0.244482	0.000942836	0.999057	0.00188567	1.99811	0.3634811
3652	0	25.76517	25.31743	0.4477353	0.348594	0.00241949	0.997581	0.00483899	1.99516	0.4260492
3653	1	29.34973	28.49251	0.8572226	0.128006	0.000743917	0.999256	0.00148783	1.99851	0.2828927
3654	0	29.33682	28.32341	1.013414	-0.225943	0.00164583	0.998354	0.00329166	1.99671	0.2419852
3655	1	29.59583	28.83829	0.7575314	0.0871386	0.000733187	0.999267	0.00146637	1.99853	0.3125482
3656	0	29.32918	28.65245	0.6767389	0.190855	0.00107142	0.998929	0.00214284	1.99786	0.3388479
3657	1	29.28503	28.63705	0.647981	-0.0425678	0.00125425	0.998746	0.00250849	1.99749	0.3487339
3658	0	29.68734	28.74119	0.9461486	0.0490852	0.00138341	0.998617	0.00276682	1.99723	0.2588223
3659	1	29.25354	28.67805	0.5754978	0.044147	0.00109175	0.998908	0.00218351	1.99782	0.3749499
3660	0	24.08775	23.44737	0.6403715	0.524398	0.00396827	0.996032	0.00793654	1.99206	0.3513977
3661	1	27.86745	27.61755	0.2498937	-0.424174	0.000953863	0.999046	0.00190773	1.99809	0.5192557
3662	0	29.68465	28.59748	1.08717	-0.110891	0.00114651	0.998853	0.00229303	1.99771	0.2247796
3663	1	29.92375	29.02951	0.894238	-0.0820628	0.00106837	0.998932	0.00213673	1.99786	0.2726127
3664	0	29.22307	28.10492	1.11815	0.101288	0.001809	0.998191	0.00361799	1.99638	0.2179226
3665	1	29.27355	28.66464	0.6089114	0.060059	0.00114136	0.998859	0.00228272	1.99772	0.3626285
3666	0	29.77716	28.99927	0.7778977	0.0372959	0.00109033	0.99891	0.00218066	1.99782	0.3062471
3667	1	29.61786	28.84454	0.7733243	-0.206679	0.00118563	0.998814	0.00237126	1.99763	0.307651
3668	0	28.94656	28.57338	0.3731771	-0.267712	0.000561494	0.999439	0.00112299	1.99888	0.4590289
3669	1	27.22688	26.21059	1.016285	-0.466589	0.000908252	0.999092	0.0018165	1.99818	0.2412914
3670	0	26.08591	25.59042	0.4954931	0.493215	0.00212203	0.997878	0.00424406	1.99576	0.4061803
3671	1	29.37231	28.28796	1.08435	-0.0567868	0.00183387	0.998166	0.00366773	1.99633	0.2254143
3672	0	28.53075	27.48397	1.046777	-0.212688	0.00239801	0.997602	0.00479602	1.9952	0.2340449
3673	1	28.63815	27.41749	1.220658	0.216687	0.00181812	0.998182	0.00363624	1.99636	0.1966907
3674	0	27.13462	25.91459	1.220037	-0.387958	0.00298194	0.997018	0.00596387	1.99404	0.1968128
3675	1	26.59961	25.00816	1.591453	-0.183086	0.00346248	0.996538	0.00692497	1.99308	0.135753
3676	0	29.23486	28.49555	0.7393056	-0.104234	0.00147014	0.99853	0.00294028	1.99706	0.3182969
3677	1	27.55284	25.9945	1.558337	-0.079527	0.0026497	0.99735	0.00529939	1.9947	0.1403238
3678	0	28.49971	28.13037	0.3693398	-0.233032	0.00103025	0.99897	0.0020605	1.99794	0.4607937
3679	1	25.81274	25.128	0.6847402	0.31903	0.00326445	0.996736	0.0065289	1.99347	0.3361475
3680	0	29.63811	28.90298	0.7351284	0.128171	0.000836793	0.999163	0.00167359	1.99833	0.3196293
3681	1	29.28843	28.19403	1.094398	-0.229495	0.00106903	0.998931	0.00213806	1.99786	0.2231608
3682	0	29.63566	28.75928	0.8763801	-0.063631	0.000757675	0.999242	0.00151535	1.99848	0.2775247
3683	1	29.42791	28.33351	1.094398	0.134442	0.00137415	0.998626	0.00274829	1.99725	0.2231608
3684	0	29.34532	28.49662	0.8486956	-0.233504	0.0014881	0.998512	0.0029762	1.99702	0.2853152
3685	1	27.8544	26.8092	1.045199	0.146505	0.00289598	0.997104	0.00579195	1.99421	0.2344146
3686	0	26.69195	25.68783	1.004121	0.16029	0.0038166	0.996183	0.0076332	1.99237	0.2442444
3687	1	25.73893	25.31824	0.4206972	-0.246474	0.00249134	0.997509	0.00498269	1.99502	0.4377259
3688	0	26.19978	25.18298	1.016794	0.0142732	0.00449464	0.995505	0.00898927	1.99101	0.2411686
3689	1	28.53967	28.13506	0.4046022	-0.141135	0.00110337	0.998897	0.00220673	1.99779	0.4448281
3690	0	28.44576	27.74458	0.7011773	-0.236512	0.00181004	0.99819	0.00362007	1.99638	0.3306673
3691	1	27.20112	26.69385	0.5072673	0.164362	0.00192285	0.998077	0.0038457	1.99615	0.4014259
3692	0	28.27957	27.63298	0.646588	-0.0542581	0.00180662	0.998193	0.00361325	1.99639	0.34922
3693	1	25.52869	25.02143	0.5072673	-0.469614	0.00285727	0.997143	0.00571454	1.99429	0.4014259
3694	0	29.49495	28.3779	1.117042	-0.0891595	0.00102648	0.998974	0.00205295	1.99795	0.2181643
3695	1	26.8109	25.71137	1.099531	0.212554	0.00377956	0.99622	0.00755912	1.99244	0.2220181
3696	0	27.66684	26.67809	0.9887541	-0.202644	0.00302787	0.996972	0.00605574	1.99394	0.2480266
3697	1	26.8158	25.33395	1.481844	-0.207606	0.00371609	0.996284	0.00743219	1.99257	0.1514789
3698	0	29.24981	28.48677	0.7630363	-0.124176	0.00150229	0.998498	0.00300457	1.997	0.3108324
3699	1	28.75321	27.50515	1.248061	-0.074151	0.00238362	0.997616	0.00476725	1.99523	0.191374
3700	0	28.99655	28.68829	0.3082609	-0.141515	0.000563269	0.999437	0.00112654	1.99887	0.4898157
3701	1	29.65863	28.84632	0.8123083	-0.117805	0.00129737	0.998703	0.00259474	1.99741	0.2958883
3702	0	28.39166	28.11858	0.273078	0.0135281	0.000382861	0.999617	0.000765722	1.99923	0.5073556
3703	1	27.62389	26.58241	1.041486	0.385877	0.00211246	0.997888	0.00422492	1.99578	0.2352866
3704	0	27.32642	27.38266	-0.0562415	-0.235833	0.000588221	0.999412	0.00117644	1.99882	0.7052354
3705	1	27.81488	26.3457	1.469175	-0.164841	0.0026594	0.997341	0.00531881	1.99468	0.1534101
3706	0	29.08733	28.63612	0.4512134	-0.187957	0.000927225	0.999073	0.00185445	1.99815	0.42457
3707	1	28.78044	27.56917	1.211268	0.138677	0.00210039	0.9979	0.00420078	1.9958	0.1985462
3708	0	29.71516	29.03378	0.6813821	-0.08353	0.000703912	0.999296	0.00140782	1.99859	0.3372782
3709	1	28.84116	27.89666	0.9445007	0.154421	0.00194667	0.998053	0.00389333	1.99611	0.2592491
3710	0	29.6634	28.87772	0.7856763	-0.0958375	0.00125835	0.998742	0.0025167	1.99748	0.3038742
3711	1	29.63646	28.773	0.863463	-0.168664	0.00134759	0.998652	0.00269518	1.9973	0.2811328
3712	0	25.75901	25.3083	0.4507178	-0.334333	0.00259056	0.997409	0.00518112	1.99482	0.4247804
3713	1	29.3404	28.18121	1.159196	-0.0857766	0.001831	0.998169	0.00366199	1.99634	0.2091589
3714	0	29.65883	29.04308	0.6157521	0.0484896	0.000758235	0.999242	0.00151647	1.99848	0.3601563
3715	1	29.01093	28.51623	0.4946943	0.24053	0.000812223	0.999188	0.00162445	1.99838	0.4065048
3716	0	26.92797	26.47957	0.4484041	-0.209086	0.00031799	0.999682	0.000635979	1.99936	0.4257644
3717	1	27.56775	27.45396	0.1137901	0.0854617	0.000818521	0.999181	0.00163704	1.99836	0.5949635
3718	0	28.39615	28.15554	0.2406143	-0.147895	0.000807078	0.999193	0.00161416	1.99839	0.5240965
3719	1	28.33944	28.14784	0.1915918	0.150277	0.000652333	0.999348	0.00130467	1.9987	0.5504292
3720	0	26.89034	26.50382	0.3865175	0.436111	0.000464074	0.999536	0.000928148	1.99907	0.4529459
3721	1	28.65418	28.121	0.53318	-0.303847	0.00127524	0.998725	0.00255048	1.99745	0.3911574
3722	0	28.40393	28.2191	0.1848299	-0.271102	0.000469449	0.999531	0.000938898	1.99906	0.5541638
3723	1	29.61951	28.9185	0.7010089	-0.0575636	0.00114141	0.998859	0.00228281	1.99772	0.330723
3724	0	28.31703	28.0328	0.2842274	-0.331535	0.000886211	0.999114	0.00177242	1.99823	0.5017303
3725	1	28.98851	27.88845	1.10006	-0.195621	0.000882735	0.999117	0.00176547	1.99823	0.2219006
3726	0	29.56309	28.95322	0.609866	-0.191182	0.000934565	0.999065	0.00186913	1.99813	0.3622825
3727	1	29.0896	28.03947	1.050138	-0.320056	0.00144572	0.998554	0.00289145	1.99711	0.2332597
3728	0	28.5903	28.34306	0.2472395	-0.155858	0.000733208	0.999267	0.00146642	1.99853	0.5206357
3729	1	29.74983	29.11854	0.6312917	-0.0892933	0.000786092	0.999214	0.00157218	1.99843	0.3546029
3730	0	28.12465	27.46468	0.659972	0.100397	0.000871214	0.999129	0.00174243	1.99826	0.3445772
3731	1	29.36616	28.83741	0.5287417	-0.2299	0.000874754	0.999125	0.00174951	1.99825	0.3928974
3732	0	28.14524	27.93721	0.2080292	0.130103	0.000791223	0.999209	0.00158245	1.99842	0.5414555
3733	1	29.02557	28.05812	0.9674523	-0.297401	0.00172483	0.998275	0.00344967	1.99655	0.2533667
3734	0	26.80345	26.59542	0.2080292	0.542717	0.000728487	0.999272	0.00145697	1.99854	0.5414555
3735	1	28.85187	27.97967	0.8721942	-0.00124968	0.00196828	0.998032	0.00393656	1.99606	0.2786889
3736	0	28.28033	27.95975	0.3205879	0.341977	0.000646603	0.999353	0.00129321	1.99871	0.4838148
3737	1	29.75007	28.94414	0.8059315	-0.0187443	0.00121148	0.998789	0.00242297	1.99758	0.2977811
3738	0	29.66665	28.95025	0.7164015	-0.231307	0.000929986	0.99907	0.00185997	1.99814	0.3256713
3739	1	28.08271	27.96155	0.1211575	0.196107	0.000576294	0.999424	0.00115259	1.99885	0.5905963
3740	0	27.91858	27.41645	0.5021333	-0.537888	0.00102921	0.998971	0.00205843	1.99794	0.4034921
3741	1	27.93352	27.62843	0.305085	0.402975	0.000775717	0.999224	0.00155143	1.99845	0.4913738
3742	0	29.66384	28.7314	0.9324347	-0.142972	0.0008572	0.999143	0.0017144	1.99829	0.2623962
3743	1	29.52767	28.7718	0.7558703	-0.287217	0.000954088	0.999046	0.00190818	1.99809	0.3130678
3744	0	29.11628	28.12782	0.9884643	-0.2347	0.000818898	0.999181	0.0016378	1.99836	0.2480985
3745	1	29.61571	28.72611	0.8895942	0.145561	0.000975782	0.999024	0.00195156	1.99805	0.2738816
3746	0	29.66883	28.72603	0.9428045	-0.166574	0.00139149	0.998609	0.00278298	1.99722	0.2596892
3747	1	27.29636	26.96103	0.3353345	0.489127	0.00102287	0.998977	0.00204575	1.99795	0.4767326
3748	0	29.61509	28.51593	1.099162	-0.0649902	0.00155421	0.998446	0.00310842	1.99689	0.2221001
3749	1	26.38595	26.04076	0.3451874	-0.0275741	0.000263418	0.999737	0.000526836	1.99947	0.4720584
3750	0	29.75994	28.73705	1.022891	0.00154766	0.00136753	0.998632	0.00273506	1.99726	0.2397027
3751	1	27.57618	27.51237	0.06381224	0.291765	0.000624467	0.999376	0.00124893	1.99875	0.6254541
3752	0	22.54032	21.29042	1.249901	-0.623949	0.00422306	0.995777	0.00844613	1.99155	0.1910221
3753	1	29.20945	28.60581	0.6036386	0.0279645	0.00118493	0.998815	0.00236986	1.99763	0.3645456
3754	0	29.28969	28.63073	0.6589546	-0.128235	0.000571083	0.999429	0.00114217	1.99886	0.3449279
3755	1	29.0853	28.607	0.4783022	-0.0236698	0.000491247	0.999509	0.000982493	1.99902	0.4132232
3756	0	29.09265	28.37111	0.721533	0.0170125	0.000554484	0.999446	0.00110897	1.99889	0.3240044
3757	1	28.38668	27.75269	0.6339861	-0.457882	0.000754843	0.999245	0.00150969	1.99849	0.3536487
3758	0	29.569	28.84747	0.721533	0.122844	0.000754786	0.999245	0.00150957	1.99849	0.3240044
3759	1	28.14793	27.03434	1.113591	-0.310301	0.00250873	0.997491	0.00501747	1.99498	0.2189184
3760	0	29.73605	28.70746	1.028583	0.0548893	0.00126016	0.99874	0.00252031	1.99748	0.238342
3761	1	28.0407	27.85978	0.1809186	0.297227	0.000510298	0.99949	0.0010206	1.99898	0.5563355
3762	0	26.77875	26.63477	0.1439791	-0.0873918	0.00116477	0.998835	0.00232955	1.99767	0.5772705
3763	1	28.87069	28.41368	0.4570137	-0.338886	0.000599732	0.9994	0.00119946	1.9988	0.4221144
3764	0	27.24259	25.77344	1.469154	-0.298117	0.00251907	0.997481	0.00503814	1.99496	0.1534134
3765	1	28.66309	27.75174	0.9113466	0.301215	0.00162372	0.998376	0.00324744	1.99675	0.2679884
3766	0	25.84526	25.47698	0.3682783	0.0532962	0.00219306	0.997807	0.00438611	1.99561	0.461283
3767	1	28.85391	27.83722	1.01669	-0.170466	0.00216086	0.997839	0.00432173	1.99568	0.2411938
3768	0	29.20258	28.61461	0.5879682	-0.322389	0.00098903	0.999011	0.00197806	1.99802	0.3703031
3769	1	29.68479	28.62155	1.063243	0.0529238	0.00132384	0.998676	0.00264769	1.99735	0.2302228
3770	0	28.6114	28.32247	0.2889297	-0.0477469	0.000815047	0.999185	0.00163009	1.99837	0.4993766
3771	1	26.70497	26.20016	0.5048156	-0.103699	0.00224302	0.997757	0.00448604	1.99551	0.4024112
3772	0	28.19987	27.33583	0.8640321	-0.0471504	0.000513733	0.999486	0.00102747	1.99897	0.2809729
3773	1	29.10675	28.41802	0.688725	0.106765	0.00137351	0.998626	0.00274701	1.99725	0.3348107
3774	0	29.49312	28.86491	0.6282108	-0.234805	0.000984474	0.999016	0.00196895	1.99803	0.355697
3775	1	27.01911	25.8729	1.146212	-0.456018	0.00263732	0.997363	0.00527464	1.99473	0.2118923
3776	0	29.29879	28.72976	0.5690363	0.171939	0.000902776	0.999097	0.00180555	1.99819	0.3773805
3777	1	27.50556	26.7489	0.7566633	-0.117271	0.00258017	0.99742	0.00516034	1.99484	0.3128197
3778	0	29.66311	28.79874	0.8643665	0.14026	0.00103314	0.998967	0.00206628	1.99793	0.2808789
3779	1	28.25458	27.57042	0.6841559	0.39781	0.000828377	0.999172	0.00165675	1.99834	0.3363439
3780	0	27.58203	27.42003	0.1620021	0.224237	0.000875728	0.999124	0.00175146	1.99825	0.5669596
3781	1	28.42245	27.6517	0.7707487	0.285144	0.00171136	0.998289	0.00342272	1.99658	0.3084444
3782	0	28.75659	28.38169	0.3748997	-0.335774	0.000831424	0.999169	0.00166285	1.99834	0.4582388
3783	1	28.25282	27.19102	1.061796	0.318193	0.00192552	0.998074	0.00385104	1.99615	0.2305562
3784	0	26.41214	25.94484	0.4672973	0.413703	0.00202482	0.997975	0.00404964	1.99595	0.4177958
3785	1	28.49237	27.68724	0.8051317	0.345624	0.00148922	0.998511	0.00297844	1.99702	0.2980194
3786	0	28.18632	26.976	1.210315	-0.357034	0.00202419	0.997976	0.00404838	1.99595	0.1987356
3787	1	28.82482	27.60983	1.214995	0.0489216	0.00227162	0.997728	0.00454324	1.99546	0.1978077
3788	0	29.26319	28.36167	0.90152	-0.260309	0.00156641	0.998434	0.00313282	1.99687	0.2706348
3789	1	26.09604	25.21154	0.8844927	0.0638541	0.00408233	0.995918	0.00816467	1.99184	0.2752824
3790	0	29.81318	28.87032	0.9428629	-0.00037603	0.000932659	0.999067	0.00186532	1.99813	0.2596741
3791	1	28.63604	27.96215	0.6738894	0.261094	0.00144103	0.998559	0.00288206	1.99712	0.3398148
3792	0	29.62738	28.64914	0.9782314	0.128886	0.00113941	0.998861	0.00227881	1.99772	0.2506503
3793	1	27.00269	26.6577	0.3449907	-0.302308	0.00161197	0.998388	0.00322394	1.99678	0.4721513
3794	0	28.0023	26.62995	1.372354	0.0239755	0.0010425	0.998957	0.00208501	1.99791	0.1690063
3795	1	28.57785	27.93941	0.6384427	-0.0363411	0.00162279	0.998377	0.00324558	1.99675	0.3520761
3796	0	24.48679	23.94507	0.5417212	-0.150636	0.00387251	0.996127	0.00774503	1.99225	0.3878307
3797	1	28.83763	27.76761	1.070025	0.270551	0.00138382	0.998616	0.00276765	1.99723	0.2286666
3798	0	28.77338	28.02596	0.747422	0.136465	0.0016717	0.998328	0.00334341	1.99666	0.3157239
3799	1	25.00192	24.91515	0.08677082	-0.670486	0.00157827	0.998422	0.00315655	1.99684	0.6112581
3800	0	29.713	28.67789	1.035118	-0.144063	0.00108002	0.99892	0.00216005	1.99784	0.2367895
3801	1	29.13185	28.06232	1.069535	-0.181143	0.00194828	0.998052	0.00389656	1.9961	0.2287788
3802	0	26.89595	25.24779	1.64816	-0.0672719	0.0028476	0.997152	0.00569521	1.9943	0.1282691
3803	1	29.43433	28.42104	1.013289	-0.0701607	0.00174175	0.998258	0.00348349	1.99652	0.2420153
3804	0	28.02895	27.62616	0.402786	0.157804	0.00125931	0.998741	0.00251862	1.99748	0.4456368
3805	1	27.45197	26.62909	0.8228816	-0.405447	0.00247573	0.997524	0.00495145	1.99505	0.2927762
3806	0	28.12718	27.95495	0.172226	0.253574	0.000621108	0.999379	0.00124222	1.99876	0.5611926
3807	1	27.70084	26.61203	1.088813	0.0570199	0.00322356	0.996776	0.00644713	1.99355	0.2244106
3808	0	29.66617	29.01423	0.6519429	0.0827114	0.000833564	0.999166	0.00166713	1.99833	0.347355
3809	1	28.10838	27.0958	1.012574	0.28855	0.00224422	0.997756	0.00448844	1.99551	0.2421883
3810	0	29.25907	28.3053	0.9537681	-0.0636897	0.00182341	0.998177	0.00364681	1.99635	0.2568577
3811	1	29.22413	28.29965	0.9244797	-0.153117	0.00177539	0.998225	0.00355078	1.99645	0.2644918
3812	0	25.09431	24.41657	0.6777336	-0.626349	0.00292406	0.997076	0.00584813	1.99415	0.338511
3813	1	28.78317	27.93556	0.8476127	-0.0922177	0.000569498	0.999431	0.001139	1.99886	0.2856243
3814	0	28.40811	27.79233	0.6157861	-0.13545	0.00166141	0.998339	0.00332283	1.99668	0.360144
3815	1	28.14473	27.47643	0.6682999	0.340885	0.00062473	0.999375	0.00124946	1.99875	0.3417195
3816	0	28.06811	27.59409	0.474019	0.12263	0.00142688	0.998573	0.00285376	1.99715	0.4149969
3817	1	28.93152	28.40474	0.5267806	0.20145	0.00104559	0.998954	0.00209117	1.99791	0.3936686
3818	0	27.0612	25.52973	1.531473	-0.278159	0.00184128	0.998159	0.00368255	1.99632	0.1441446
3819	1	28.53124	27.98557	0.5456692	-0.1895	0.00142258	0.998577	0.00284516	1.99715	0.3863026
3820	0	28.38681	27.11032	1.276499	-0.295923	0.00133667	0.998663	0.00267334	1.99733	0.1860082
3821	1	28.60164	27.40536	1.196283	0.0278274	0.00252666	0.997473	0.00505333	1.99495	0.201544
3822	0	29.41185	28.80393	0.6079249	0.172777	0.000828141	0.999172	0.00165628	1.99834	0.3629863
3823	1	29.18416	27.97675	1.207407	0.0199488	0.001924	0.998076	0.003848	1.99615	0.1993144
3824	0	28.06417	27.01345	1.050727	0.286792	0.000859903	0.99914	0.00171981	1.99828	0.2331222
3825	1	26.06609	24.80207	1.264022	0.266684	0.00444101	0.995559	0.00888202	1.99112	0.1883436
3826	0	29.5773	28.88299	0.6943044	0.127815	0.000993841	0.999006	0.00198768	1.99801	0.3329478
3827	1	28.45251	27.28922	1.163287	-0.0284243	0.00269224	0.997308	0.00538448	1.99462	0.2083049
3828	0	28.31845	28.07198	0.2464678	-0.122946	0.000851587	0.999148	0.00170317	1.9983	0.5210377
3829	1	29.51046	28.46991	1.040548	-0.107499	0.00166873	0.998331	0.00333747	1.99666	0.2355074
3830	0	29.65785	28.98773	0.6701217	-0.00921094	0.00103512	0.998965	0.00207023	1.99793	0.3410975
3831	1	27.93188	26.93605	0.9958235	0.0799118	0.00283649	0.997164	0.00567297	1.99433	0.2462794
3832	0	28.89064	28.2363	0.654336	-0.350637	0.00130419	0.998696	0.00260838	1.99739	0.3465247
3833	1	29.20311	28.27037	0.9327399	-0.195844	0.0017597	0.99824	0.0035194	1.99648	0.2623161
3834	0	28.91147	28.25714	0.654336	0.0765936	0.00143764	0.998562	0.00287528	1.99712	0.3465247
3835	1	29.29966	28.81724	0.482417	0.12462	0.000723906	0.999276	0.00144781	1.99855	0.4115264
3836	0	28.48527	27.08839	1.396878	-0.095577	0.00228603	0.997714	0.00457206	1.99543	0.164912
3837	1	27.73414	27.40091	0.3332346	-0.339349	0.000388316	0.999612	0.000776633	1.99922	0.4777347
3838	0	29.01374	27.94683	1.066909	-0.101416	0.00213179	0.997868	0.00426358	1.99574	0.2293802
3839	1	25.23822	25.50714	-0.2689263	-0.630352	0.000379465	0.999621	0.000758929	1.99924	0.8723725
3840	0	28.75112	28.41758	0.3335445	-0.324034	0.000578938	0.999421	0.00115788	1.99884	0.4775867
3841	1	27.0265	26.8659	0.1606	-0.521588	0.00104698	0.998953	0.00209396	1.99791	0.5677551
3842	0	27.44501	27.30952	0.1354841	0.285474	0.000843088	0.999157	0.00168618	1.99831	0.5821954
3843	1	29.266	28.33487	0.9311237	-0.245259	0.00162425	0.998376	0.00324851	1.99675	0.2627404
3844	0	27.44215	27.52816	-0.08601845	-0.166147	0.000484278	0.999516	0.000968557	1.99903	0.726551
3845	1	29.16955	28.76213	0.4074132	0.0522747	0.000558249	0.999442	0.0011165	1.99888	0.4435794
3846	0	28.88561	28.49964	0.3859724	0.2103	0.000638931	0.999361	0.00127786	1.99872	0.4531929
3847	1	29.73078	28.94954	0.7812363	-0.203294	0.00106681	0.998933	0.00213362	1.99787	0.3052264
3848	0	29.83836	29.08653	0.7518307	-0.0957692	0.000751466	0.999249	0.00150293	1.9985	0.314335
3849	1	29.49021	28.82185	0.6683571	-0.182081	0.00113221	0.998868	0.00226443	1.99774	0.3417
3850	0	27.55372	26.80189	0.7518307	0.0569121	0.00250062	0.997499	0.00500124	1.995	0.314335
3851	1	29.70085	28.94201	0.7588405	-0.16468	0.00113652	0.998863	0.00227304	1.99773	0.3121393
3852	0	28.69496	28.27869	0.416272	-0.224513	0.0010439	0.998956	0.00208779	1.99791	0.4396673
3853	1	29.24768	28.48792	0.759753	-0.0642094	0.00150428	0.998496	0.00300855	1.99699	0.3118546
3854	0	28.54536	28.04569	0.4996776	-0.124794	0.00131688	0.998683	0.00263377	1.99737	0.4044842
3855	1	29.44643	28.58496	0.8614762	0.0190133	0.00152448	0.998476	0.00304897	1.99695	0.2816919
3856	0	27.8885	26.52775	1.360754	-0.140896	0.00100972	0.99899	0.00201944	1.99798	0.1709783
3857	1	29.7134	28.91997	0.7934314	-0.191731	0.000823995	0.999176	0.00164799	1.99835	0.3015268
3858	0	25.77978	25.27038	0.5093987	0.2138	0.00271812	0.997282	0.00543625	1.99456	0.4005712
3859	1	29.73631	28.80864	0.9276711	0.0677969	0.00127557	0.998724	0.00255115	1.99745	0.2636491
3860	0	24.17558	22.58424	1.591346	-0.220165	0.0067826	0.993217	0.0135652	1.98643	0.1357675
3861	1	26.90113	26.32702	0.5741041	-0.586009	0.00169918	0.998301	0.00339836	1.9966	0.3754728
3862	0	28.46163	27.4023	1.059326	-0.332178	0.00213284	0.997867	0.00426568	1.99573	0.2311262
3863	1	26.93448	26.53577	0.3987166	-0.240049	0.00179839	0.998202	0.00359679	1.9964	0.4474539
3864	0	25.80187	24.50661	1.295265	0.328715	0.00426952	0.99573	0.00853903	1.99146	0.1825502
3865	1	27.50669	26.20314	1.30355	0.29343	0.00246267	0.997537	0.00492535	1.99507	0.181044
3866	0	27.23444	25.81079	1.423645	-0.352761	0.0019634	0.998037	0.00392679	1.99607	0.1605564
3867	1	26.84188	26.21401	0.6278713	0.527107	0.00164014	0.99836	0.00328028	1.99672	0.3558178
3868	0	28.38672	27.2906	1.096123	-0.3368	0.00216856	0.997831	0.00433712	1.99566	0.222776
3869	1	28.39492	28.15235	0.2425675	-0.367584	0.000690351	0.99931	0.0013807	1.99862	0.5230739
3870	0	29.4909	28.36733	1.123567	-0.129547	0.00163047	0.99837	0.00326093	1.99674	0.2167454
3871	1	29.80913	29.04976	0.7593702	-0.170704	0.000895189	0.999105	0.00179038	1.99821	0.311974
3872	0	28.60245	27.8611	0.741343	0.131177	0.00176938	0.998231	0.00353876	1.99646	0.3176491
3873	1	27.27758	26.90717	0.3704106	-0.0117814	0.00154395	0.998456	0.00308789	1.99691	0.4603005
3874	0	28.2098	26.81967	1.390137	-0.191901	0.00241261	0.997587	0.00482523	1.99517	0.1660275
3875	1	29.65619	28.80764	0.8485476	-0.223235	0.000887653	0.999112	0.00177531	1.99822	0.2853574
3876	0	29.71512	28.76772	0.9473965	-0.176028	0.00131509	0.998685	0.00263017	1.99737	0.2584995
3877	1	27.2101	27.13728	0.07281832	-0.223517	0.000881172	0.999119	0.00176234	1.99824	0.6198465
3878	0	28.73309	28.399	0.3340929	-0.299993	0.000792419	0.999208	0.00158484	1.99842	0.4773249
3879	1	24.07649	23.75682	0.3196693	-0.147675	0.00302703	0.996973	0.00605407	1.99395	0.4842595
3880	0	27.54454	26.87763	0.6669077	-0.193739	0.00227441	0.997726	0.00454882	1.99545	0.3421956
3881	1	25.10626	24.76464	0.3416242	-0.62431	0.0022895	0.997711	0.004579	1.99542	0.4737435
3882	0	27.54897	26.76574	0.7832224	-0.512667	0.00186792	0.998132	0.00373584	1.99626	0.3046208
3883	1	29.09922	28.33967	0.7595498	0.161468	0.00145357	0.998546	0.00290713	1.99709	0.311918
3884	0	27.86671	27.48262	0.3840941	-0.477717	0.00116044	0.99884	0.00232088	1.99768	0.4540449
3885	1	29.35186	28.86482	0.487042	-0.107008	0.000862937	0.999137	0.00172587	1.99827	0.4096275
3886	0	27.08303	26.93365	0.1493849	-0.132558	0.00108053	0.998919	0.00216106	1.99784	0.5741584
3887	1	28.37555	27.5096	0.865956	-0.411562	0.00179216	0.998208	0.00358432	1.99642	0.2804328
3888	0	27.75133	27.21158	0.5397542	0.0563107	0.00037127	0.999629	0.000742539	1.99926	0.3885943
3889	1	29.04033	28.54929	0.4910324	-0.327246	0.000651131	0.999349	0.00130226	1.9987	0.4079962
3890	0	28.10018	27.8846	0.2155759	-0.191021	0.000870033	0.99913	0.00174007	1.99826	0.5373847
3891	1	28.54983	28.37132	0.1785095	-0.00428509	0.000564073	0.999436	0.00112815	1.99887	0.5576774
3892	0	29.6422	28.97319	0.6690068	0.0263343	0.00102421	0.998976	0.00204842	1.99795	0.341478
3893	1	28.4953	27.84616	0.6491394	-0.437852	0.000738152	0.999262	0.0014763	1.99852	0.3483302
3894	0	28.08483	28.03602	0.04881168	-0.0469179	0.000495497	0.999505	0.000990995	1.99901	0.634907
3895	1	29.44643	28.35291	1.093523	-0.00599651	0.00174418	0.998256	0.00348835	1.99651	0.223356
3896	0	27.89533	27.78496	0.1103679	-0.265874	0.00036841	0.999632	0.00073682	1.99926	0.5970031
3897	1	28.66642	27.3871	1.279328	-0.225429	0.00207768	0.997922	0.00415535	1.99584	0.1854828
3898	0	28.67967	28.41856	0.261102	-0.287924	0.000607111	0.999393	0.00121422	1.99879	0.5134683
3899	1	24.23199	23.80558	0.4264168	-0.199691	0.00347048	0.99653	0.00694097	1.99306	0.4352294
3900	0	29.21299	28.80865	0.404338	-0.11114	0.00074969	0.99925	0.00149938	1.9985	0.4449457
3901	1	28.91735	27.78352	1.133835	0.181426	0.00105298	0.998947	0.00210597	1.99789	0.2145313
3902	0	25.93497	25.62304	0.3119354	-0.596614	0.00180623	0.998194	0.00361247	1.99639	0.4880192
3903	1	26.06959	25.92892	0.1406664	-0.11811	0.00140721	0.998593	0.00281443	1.99719	0.579186
3904	0	28.71842	27.78139	0.9370329	-0.00694225	0.00218541	0.997815	0.00437082	1.99563	0.2611924
3905	1	27.30114	27.16047	0.1406664	0.159701	0.00094906	0.999051	0.00189812	1.9981	0.579186
3906	0	26.91875	26.2119	0.7068482	-0.605331	0.00124603	0.998754	0.00249205	1.99751	0.3287975
3907	1	25.39025	25.30165	0.08859852	0.54002	0.000378914	0.999621	0.000757827	1.99924	0.610142
3908	0	28.17547	26.98957	1.185901	-0.340532	0.00108702	0.998913	0.00217405	1.99783	0.2036473
3909	1	27.93065	27.88243	0.04822582	-0.280454	0.000420608	0.999579	0.000841217	1.99916	0.635279
3910	0	29.61943	28.63977	0.9796551	-0.221203	0.00129512	0.998705	0.00259023	1.99741	0.2502937
3911	1	29.64209	29.0286	0.6134853	0.0369763	0.000875956	0.999124	0.00175191	1.99825	0.3609736
3912	0	28.08442	26.71815	1.366271	0.209671	0.00158414	0.998416	0.00316829	1.99683	0.1700376
3913	1	26.80174	26.47101	0.3307309	0.288932	0.0015616	0.998438	0.0031232	1.99688	0.4789323
3914	0	28.60869	28.17392	0.4347697	-0.307612	0.00108523	0.998915	0.00217045	1.99783	0.4316092
3915	1	28.80419	28.29482	0.5093657	0.0504501	0.00118734	0.998813	0.00237469	1.99763	0.4005844
3916	0	29.64016	28.98765	0.6525046	-0.0172939	0.00101608	0.998984	0.00203217	1.99797	0.3471599
3917	1	27.79448	27.10759	0.6868855	0.259715	0.00199601	0.998004	0.00399201	1.99601	0.3354271
3918	0	28.60237	27.99308	0.609283	0.0175111	0.00152817	0.998472	0.00305634	1.99694	0.3624937
3919	1	29.15071	27.90841	1.242307	0.0267821	0.00117863	0.998821	0.00235725	1.99764	0.1924783
3920	0	25.73085	24.49161	1.239244	-0.453807	0.0038739	0.996126	0.00774781	1.99225	0.1930688
3921	1	26.77933	26.04627	0.7330639	0.365749	0.000520803	0.999479	0.00104161	1.99896	0.3202898
3922	0	26.83481	26.00428	0.8305213	0.498965	0.00199287	0.998007	0.00398573	1.99601	0.290548
3923	1	28.64039	28.11449	0.5259005	-0.299334	0.00127092	0.998729	0.00254183	1.99746	0.3940153
3924	0	29.6237	28.55619	1.067516	0.00322661	0.00153883	0.998461	0.00307766	1.99692	0.229241
3925	1	29.08551	28.7411	0.3444114	-0.0862914	0.000677848	0.999322	0.0013557	1.99864	0.4724249
3926	0	28.8162	28.22494	0.5912583	-0.0358136	0.00138793	0.998612	0.00277586	1.99722	0.3690868
3927	1	28.37125	27.53241	0.838844	-0.249849	0.0021434	0.997857	0.0042868	1.99571	0.2881399
3928	0	29.76824	29.07917	0.6890663	0.0311047	0.000908637	0.999091	0.00181727	1.99818	0.3346964
3929	1	28.9136	28.22847	0.6851284	-0.11801	0.00154692	0.998453	0.00309383	1.99691	0.336017
3930	0	28.71407	28.43064	0.2834302	0.0031479	0.000744242	0.999256	0.00148848	1.99851	0.5021304
3931	1	28.51603	27.655	0.8610235	-0.282723	0.00203953	0.99796	0.00407905	1.99592	0.2818195
3932	0	29.5447	28.95255	0.5921437	-0.060396	0.000620701	0.999379	0.0012414	1.99876	0.3687602
3933	1	28.12006	27.37018	0.7498842	-0.126788	0.0021667	0.997833	0.0043334	1.99567	0.3149475
3934	0	29.77729	28.77643	1.000852	0.011224	0.00133549	0.998665	0.00267098	1.99733	0.2450441
3935	1	27.51299	27.16609	0.3468917	-0.570203	0.000916031	0.999084	0.00183206	1.99817	0.4712546
3936	0	24.603	23.42629	1.176704	-0.205548	0.00679315	0.993207	0.0135863	1.98641	0.2055288
3937	1	26.59857	26.16022	0.4383531	0.474356	0.00172187	0.998278	0.00344373	1.99656	0.4300653
3938	0	22.8157	22.02996	0.7857367	0.374553	0.00669854	0.993301	0.0133971	1.9866	0.3038559
3939	1	24.28443	22.82459	1.459844	0.336702	0.00563996	0.99436	0.0112799	1.98872	0.1548484
3940	0	26.86847	25.99871	0.8697619	-0.392168	0.00305901	0.996941	0.00611801	1.99388	0.2793675
3941	1	28.34032	27.12684	1.213481	0.0287754	0.00277316	0.997227	0.00554631	1.99445	0.1981074
3942	0	29.80422	28.87222	0.9320023	-0.145366	0.00124466	0.998755	0.00248931	1.99751	0.2625097
3943	1	26.90596	26.28743	0.6185289	0.167749	0.00243259	0.997567	0.00486518	1.99513	0.3591576
3944	0	29.4425	28.3786	1.063909	-0.202097	0.0015775	0.998423	0.003155	1.99685	0.2300695
3945	1	29.59478	28.56018	1.034605	-0.0305824	0.00159732	0.998403	0.00319464	1.99681	0.2369111
3946	0	27.61328	26.29285	1.320428	-0.375712	0.00199222	0.998008	0.00398444	1.99602	0.1780139
3947	1	29.36041	28.62772	0.7326953	-0.219304	0.00131324	0.998687	0.00262648	1.99737	0.3204079
3948	0	27.61744	26.96284	0.6545918	-0.55726	0.00133092	0.998669	0.00266183	1.99734	0.3464361
3949	1	29.25626	28.29612	0.9601428	-0.306181	0.00143267	0.998567	0.00286535	1.99713	0.2552255
3950	0	29.67855	28.98207	0.6964815	0.103686	0.000854994	0.999145	0.00170999	1.99829	0.3322237
3951	1	29.73623	29.03316	0.7030656	0.0306909	0.000996891	0.999003	0.00199378	1.99801	0.3300436
3952	0	29.75815	28.80348	0.9546677	0.00758916	0.00135878	0.998641	0.00271756	1.99728	0.2566267
3953	1	28.6949	28.2923	0.4026024	0.282842	0.000735284	0.999265	0.00147057	1.99853	0.4457186
3954	0	29.5812	28.54158	1.039626	-0.178105	0.00147848	0.998522	0.00295697	1.99704	0.2357246
3955	1	28.31532	27.66337	0.6519511	0.37167	0.00132801	0.998672	0.00265602	1.99734	0.3473521
3956	0	29.04976	28.08951	0.9602504	0.022489	0.00196484	0.998035	0.00392969	1.99607	0.255198
3957	1	27.88341	27.08617	0.7972361	-0.370432	0.00220529	0.997795	0.00441057	1.99559	0.3003817
3958	0	29.35345	28.33163	1.021821	0.19034	0.0012315	0.998769	0.00246299	1.99754	0.2399592
3959	1	29.33228	28.73649	0.5957862	-0.0374357	0.00111619	0.998884	0.00223238	1.99777	0.3674194
3960	0	27.98444	27.40954	0.5748949	0.447051	0.000895886	0.999104	0.00179177	1.99821	0.375176
3961	1	27.74099	26.44183	1.299162	-0.144905	0.00329787	0.996702	0.00659574	1.9934	0.1818401
3962	0	29.31706	28.68079	0.6362717	-0.1124	0.00121126	0.998789	0.00242253	1.99758	0.3528413
3963	1	28.56854	27.23757	1.330975	-0.205395	0.00210606	0.997894	0.00421212	1.99579	0.1761463
3964	0	29.01252	28.23066	0.7818675	-0.34577	0.0014185	0.998581	0.002837	1.99716	0.3050338
3965	1	29.00613	28.10552	0.9006091	0.058705	0.0018778	0.998122	0.00375561	1.99624	0.2708814
3966	0	29.10435	28.24494	0.8594095	0.271264	0.00124157	0.998758	0.00248315	1.99752	0.2822747
3967	1	27.30106	26.701	0.6000549	-0.154881	0.00222146	0.997779	0.00444291	1.99556	0.3658543
3968	0	28.95986	27.69304	1.266824	-0.185631	0.00187583	0.998124	0.00375166	1.99625	0.1878165
3969	1	28.65274	28.08808	0.5646554	-0.445211	0.000994163	0.999006	0.00198833	1.99801	0.3790374
3970	0	28.17173	27.5521	0.6196276	-0.0403152	0.00179334	0.998207	0.00358669	1.99641	0.3587632
3971	1	27.53213	27.59264	-0.06050903	-0.0387841	0.000499208	0.999501	0.000998416	1.999	0.7082515
3972	0	29.52272	28.69133	0.8313921	-0.0186988	0.00143772	0.998562	0.00287544	1.99712	0.2902951
3973	1	25.32679	25.62953	-0.3027414	0.547453	0.000427278	0.999573	0.000854555	1.99915	0.9023762
3974	0	29.12695	28.00601	1.120939	0.0454245	0.000901547	0.999098	0.00180309	1.9982	0.2173158
3975	1	28.03334	27.65219	0.3811433	-0.386619	0.000463302	0.999537	0.000926605	1.99907	0.4553866
3976	0	27.73782	26.75314	0.9846797	0.422768	0.00130135	0.998699	0.0026027	1.9974	0.2490392
3977	1	28.02915	27.10601	0.92314	-0.00388107	0.000532223	0.999468	0.00106445	1.99894	0.2648464
3978	0	27.16428	26.99738	0.1668969	-0.0492943	0.00108383	0.998916	0.00216766	1.99783	0.5641913
3979	1	29.49007	28.74233	0.7477372	-0.0515131	0.00132197	0.998678	0.00264394	1.99736	0.3156244
3980	0	29.70683	28.87232	0.8345075	-0.18114	0.00122276	0.998777	0.00244552	1.99755	0.2893921
3981	1	28.28087	27.27704	1.003826	-0.413364	0.00101396	0.998986	0.00202793	1.99797	0.2443164
3982	0	27.89523	27.7136	0.1816303	0.0691649	0.00033485	0.999665	0.0006697	1.99933	0.5559397
3983	1	28.98516	27.79615	1.18901	0.186047	0.00146274	0.998537	0.00292548	1.99707	0.203015
3984	0	26.95646	27.17184	-0.2153752	-0.190864	0.000336126	0.999664	0.000672253	1.99933	0.8268848
3985	1	29.11931	28.68947	0.4298368	-0.105237	0.000878226	0.999122	0.00175645	1.99824	0.4337435
3986	0	27.60497	27.60727	-0.002307066	-0.379379	0.000473896	0.999526	0.000947792	1.99905	0.6682065
3987	1	29.24103	28.18407	1.056951	0.0709958	0.000864712	0.999135	0.00172942	1.99827	0.2316759
3988	0	26.468	26.7369	-0.2688989	-0.21355	0.000258714	0.999741	0.000517427	1.99948	0.8723486
3989	1	29.07609	28.66299	0.4131009	-0.171393	0.000516691	0.999483	0.00103338	1.99897	0.4410637
3990	0	29.28314	28.31673	0.9664058	-0.0904751	0.000738535	0.999261	0.00147707	1.99852	0.253632
3991	1	29.03223	28.6355	0.3967252	0.146146	0.000722107	0.999278	0.00144421	1.99856	0.4483459
3992	0	28.79047	27.60938	1.181092	0.0462793	0.002327	0.997673	0.004654	1.99535	0.2046289
3993	1	29.38783	28.85019	0.5376404	-0.0238437	0.00095169	0.999048	0.00190338	1.9981	0.3894166
3994	0	29.19262	28.07624	1.116386	-0.0208063	0.00200362	0.997996	0.00400724	1.99599	0.2183073
3995	1	28.6488	27.5967	1.052104	0.225815	0.00200937	0.997991	0.00401874	1.99598	0.2328015
3996	0	27.87247	26.99401	0.8784529	0.358417	0.0020399	0.99796	0.00407979	1.99592	0.2769501
3997	1	29.09328	27.78339	1.30989	-0.100008	0.00157681	0.998423	0.00315362	1.99685	0.1798998
3998	0	29.4855	28.4003	1.085205	-0.0490531	0.00171969	0.99828	0.00343937	1.99656	0.2252217
3999	1	25.95059	24.67629	1.274298	0.178729	0.00499588	0.995004	0.00999177	1.99001	0.186418
4000	0	27.94095	26.83394	1.107011	0.135149	0.00292082	0.997079	0.00584163	1.99416	0.2203637
4001	1	28.88692	27.9013	0.9856135	0.0796969	0.00207429	0.997926	0.00414857	1.99585	0.2488068
4002	0	28.46422	27.47767	0.9865523	0.347017	0.0012494	0.998751	0.0024988	1.9975	0.2485733
4003	1	28.64817	27.51303	1.135141	-0.0704838	0.00250333	0.997497	0.00500666	1.99499	0.2142513
4004	0	26.60161	25.73756	0.8640508	0.213804	0.00340508	0.996595	0.00681015	1.99319	0.2809676
4005	1	28.82042	28.01691	0.8035164	0.107604	0.00178288	0.998217	0.00356576	1.99643	0.2985011
4006	0	27.11277	26.10436	1.008417	-0.458592	0.000843485	0.999157	0.00168697	1.99831	0.2431973
4007	1	28.25865	27.62815	0.6305084	0.397833	0.00121719	0.998783	0.00243438	1.99757	0.3548807
4008	0	27.11817	27.20388	-0.08570479	-0.0353082	0.000588062	0.999412	0.00117612	1.99882	0.7263231
4009	1	27.44504	26.69014	0.7549047	0.491863	0.0013332	0.998667	0.00266641	1.99733	0.3133703
4010	0	28.753	28.18854	0.5644621	0.174728	0.00125942	0.998741	0.00251883	1.99748	0.3791106
4011	1	29.17166	28.75145	0.4202099	0.072554	0.000763418	0.999237	0.00152684	1.99847	0.4379393
4012	0	27.7997	26.69285	1.10685	-0.160668	0.00316008	0.99684	0.00632016	1.99368	0.2203992
4013	1	26.01148	26.30533	-0.2938531	-0.383236	0.00026125	0.999739	0.0005225	1.99948	0.8943912
4014	0	28.06873	27.40997	0.6587604	0.353302	0.00158081	0.998419	0.00316163	1.99684	0.3449949
4015	1	25.7871	26.11052	-0.323425	0.403656	0.000323849	0.999676	0.000647697	1.99935	0.921235
4016	0	29.19681	28.34825	0.8485582	0.254974	0.00120718	0.998793	0.00241436	1.99759	0.2853544
4017	1	29.1589	28.43805	0.7208536	-0.257733	0.000642888	0.999357	0.00128578	1.99871	0.3242246
4018	0	27.26178	25.97089	1.290889	-0.416214	0.00219511	0.997805	0.00439023	1.99561	0.1833507
4019	1	28.30774	28.12458	0.1831546	-0.209301	0.000713026	0.999287	0.00142605	1.99857	0.555093
4020	0	26.15682	24.73787	1.41895	-0.227763	0.00466208	0.995338	0.00932415	1.99068	0.161312
4021	1	23.35655	23.59591	-0.2393598	0.0882715	0.00124599	0.998754	0.00249199	1.99751	0.8469571
4022	0	29.1442	28.07629	1.067911	-0.293999	0.00154581	0.998454	0.00309162	1.99691	0.2291506
4023	1	29.30714	28.76918	0.5379561	-0.289817	0.000810499	0.99919	0.001621	1.99838	0.3892937
4024	0	28.76666	28.27809	0.4885707	0.0130351	0.00117133	0.998829	0.00234267	1.99766	0.4090018
4025	1	29.3174	28.43427	0.8831289	0.23282	0.00110986	0.99889	0.00221971	1.99778	0.2756581
4026	0	26.85067	26.31887	0.5318054	-0.078989	0.00225088	0.997749	0.00450175	1.9955	0.3916955
4027	1	28.6388	27.44906	1.189747	0.223514	0.00188179	0.998118	0.00376358	1.99624	0.2028654
4028	0	29.79539	28.85984	0.9355472	0.0733782	0.00110845	0.998892	0.0022169	1.99778	0.2615807
4029	1	28.77317	27.45617	1.317006	0.118917	0.0018016	0.998198	0.0036032	1.9964	0.1786241
4030	0	28.52119	28.25781	0.2633761	0.178849	0.00047906	0.999521	0.00095812	1.99904	0.5123019
4031	1	29.55626	29.02327	0.5329829	-0.0177531	0.000782712	0.999217	0.00156542	1.99843	0.3912346
4032	0	28.88447	28.12633	0.7581317	0.32437	0.00103286	0.998967	0.00206572	1.99793	0.3123607
4033	1	29.07335	28.54037	0.5329829	0.24279	0.000731528	0.999268	0.00146306	1.99854	0.3912346
4034	0	28.89778	28.15013	0.747648	0.313307	0.00089321	0.999107	0.00178642	1.99821	0.3156526
4035	1	29.33281	28.70276	0.6300484	-0.13809	0.00118324	0.998817	0.00236648	1.99763	0.355044
4036	0	28.90374	28.44078	0.4629631	-0.0627476	0.00106259	0.998937	0.00212519	1.99787	0.4196106
4037	1	28.17474	27.65432	0.5204187	-0.110654	0.00154309	0.998457	0.00308618	1.99691	0.3961811
4038	0	27.94394	27.79441	0.1495273	0.289378	0.000477289	0.999523	0.000954577	1.99905	0.5740766
4039	1	29.22483	28.15298	1.071849	0.198641	0.00134416	0.998656	0.00268831	1.99731	0.2282498
4040	0	26.15749	26.28956	-0.1320731	0.496259	0.00043236	0.999568	0.000864721	1.99914	0.7607945
4041	1	27.55385	26.25906	1.294786	-0.154216	0.00348001	0.99652	0.00696003	1.99304	0.1826377
4042	0	28.35357	27.32643	1.027138	0.176407	0.00239472	0.997605	0.00478944	1.99521	0.2386868
4043	1	29.16361	27.91325	1.250368	-0.169258	0.00140473	0.998595	0.00280945	1.99719	0.1909329
4044	0	28.96152	28.46749	0.4940269	0.196454	0.000960259	0.99904	0.00192052	1.99808	0.4067763
4045	1	28.96121	27.77141	1.189798	-0.265025	0.00128218	0.998718	0.00256436	1.99744	0.2028552
4046	0	28.77817	27.4659	1.312268	-0.212614	0.00152676	0.998473	0.00305351	1.99695	0.1794725
4047	1	26.0427	24.7812	1.261498	0.327732	0.00405118	0.995949	0.00810236	1.9919	0.1888196
4048	0	29.42908	28.42138	1.007693	-0.0236794	0.00173769	0.998262	0.00347538	1.99652	0.2433734
4049	1	26.76076	25.56682	1.19394	-0.0576041	0.00435777	0.995642	0.00871554	1.99128	0.2020166
4050	0	29.63963	28.5445	1.095133	-0.0345255	0.00106958	0.99893	0.00213917	1.99786	0.2229967
4051	1	25.73984	24.33568	1.404163	-0.152947	0.00549885	0.994501	0.0109977	1.989	0.1637151
4052	0	25.47469	25.20935	0.2653404	0.636401	0.000711401	0.999289	0.0014228	1.99858	0.5112966
4053	1	28.82114	27.82548	0.9956552	-0.175284	0.00215727	0.997843	0.00431454	1.99569	0.2463208
4054	0	28.23075	27.97089	0.2598635	-0.00721079	0.000903311	0.999097	0.00180662	1.99819	0.5141046
4055	1	28.05244	27.05678	0.9956552	-0.0757192	0.00280825	0.997192	0.00561649	1.99438	0.2463208
4056	0	27.74658	27.56785	0.1787328	0.0611307	0.000319368	0.999681	0.000638735	1.99936	0.5575529
4057	1	29.60292	29.06035	0.5425721	-0.0519151	0.000727217	0.999273	0.00145443	1.99855	0.3875009
4058	0	28.19417	27.62466	0.5695034	-0.0371847	0.000402537	0.999597	0.000805073	1.99919	0.3772042
4059	1	28.17858	27.51927	0.6593023	0.422656	0.00114568	0.998854	0.00229137	1.99771	0.344808
4060	0	28.88426	28.11769	0.7665716	0.0499325	0.000551175	0.999449	0.00110235	1.9989	0.3097354
4061	1	28.40679	27.16922	1.237566	0.126919	0.000969502	0.99903	0.001939	1.99806	0.1933929
4062	0	29.54126	28.93744	0.6038146	0.0639531	0.000932237	0.999068	0.00186447	1.99814	0.3644814
4063	1	23.36858	22.82802	0.540558	-0.603634	0.00434023	0.99566	0.00868045	1.99132	0.3882821
4064	0	27.8144	26.60298	1.211417	0.32015	0.00212016	0.99788	0.00424032	1.99576	0.1985168
4065	1	28.69874	27.46575	1.232994	-0.0476641	0.00245845	0.997542	0.0049169	1.99508	0.1942791
4066	0	27.90244	26.64632	1.256126	0.309038	0.00174119	0.998259	0.00348238	1.99652	0.1898367
4067	1	23.21071	22.30136	0.9093504	0.105277	0.00753373	0.992466	0.0150675	1.98493	0.2685239
4068	0	29.87516	28.93992	0.9352307	-0.127021	0.00109132	0.998909	0.00218265	1.99782	0.2616635
4069	1	24.05917	23.51591	0.5432565	-0.127442	0.00422955	0.99577	0.0084591	1.99154	0.3872357
4070	0	29.16215	27.91282	1.24933	-0.101179	0.00187458	0.998125	0.00374916	1.99625	0.1911313
4071	1	27.80424	27.05425	0.7499864	-0.16757	0.00235662	0.997643	0.00471324	1.99529	0.3149153
4072	0	28.90563	28.41984	0.4857971	0.138386	0.0010357	0.998964	0.00207139	1.99793	0.4101377
4073	1	28.97769	28.30203	0.675653	-0.154258	0.00148224	0.998518	0.00296448	1.99704	0.339216
4074	0	28.70645	27.47179	1.234666	-0.290765	0.00145828	0.998542	0.00291656	1.99708	0.1939546
4075	1	28.64482	28.09747	0.547356	0.181204	0.00127551	0.998724	0.00255102	1.99745	0.3856515
4076	0	29.32399	28.23512	1.088875	0.0833632	0.000962618	0.999037	0.00192524	1.99807	0.2243966
4077	1	29.53484	28.56515	0.9696917	-0.213479	0.000936159	0.999064	0.00187232	1.99813	0.2527999
4078	0	25.30708	25.14041	0.1666707	-0.721382	0.000903593	0.999096	0.00180719	1.99819	0.5643189
4079	1	27.87208	26.56404	1.308048	0.0202232	0.00320736	0.996793	0.00641471	1.99359	0.1802316
4080	0	29.40706	28.84639	0.5606743	-0.15792	0.000980499	0.99902	0.001961	1.99804	0.3805493
4081	1	28.84688	27.54659	1.300287	-0.0348805	0.00219376	0.997806	0.00438752	1.99561	0.1816356
4082	0	27.36526	26.28292	1.082343	0.127143	0.00342054	0.996579	0.00684108	1.99316	0.2258672
4083	1	21.09117	19.27823	1.812948	-0.386888	0.006815	0.993185	0.01363	1.98637	0.1087816
4084	0	29.51096	28.78441	0.7265527	0.153391	0.00107381	0.998926	0.00214761	1.99785	0.3223821
4085	1	28.27922	26.91296	1.366263	-0.0093129	0.0026908	0.997309	0.00538159	1.99462	0.1700388
4086	0	29.60494	28.97481	0.6301301	-0.0949265	0.0010049	0.998995	0.0020098	1.99799	0.355015
4087	1	27.12196	25.7557	1.366263	0.0872467	0.00384336	0.996157	0.00768672	1.99231	0.1700388
4088	0	27.94113	27.68717	0.2539613	0.18048	0.000369968	0.99963	0.000739936	1.99926	0.5171479
4089	1	29.84388	28.93724	0.9066387	-0.124068	0.000937592	0.999062	0.00187518	1.99812	0.269253
4090	0	29.00039	27.94339	1.057001	0.0976324	0.00081708	0.999183	0.00163416	1.99837	0.2316642
4091	1	27.53397	27.01434	0.519627	-0.45613	0.00167846	0.998322	0.00335692	1.99664	0.3964949
4092	0	28.24626	27.84419	0.4020651	-0.176463	0.00122387	0.998776	0.00244774	1.99755	0.4459581
4093	1	28.85802	27.90926	0.9487619	0.296987	0.00139368	0.998606	0.00278735	1.99721	0.2581468
4094	0	29.29616	28.60924	0.6869191	-0.328615	0.000819423	0.999181	0.00163885	1.99836	0.3354158
4095	1	28.96368	28.61539	0.348285	0.130598	0.000633111	0.999367	0.00126622	1.99873	0.4705984
4096	0	28.50151	28.07484	0.4266657	0.244506	0.000501145	0.999499	0.00100229	1.999	0.4351211
4097	1	28.4414	28.11042	0.3309784	-0.348446	0.000912139	0.999088	0.00182428	1.99818	0.4788138
4098	0	27.91645	27.3496	0.5668475	-0.220733	0.000406916	0.999593	0.000813831	1.99919	0.3782074
4099	1	29.61883	28.68151	0.9373112	-0.154555	0.000851411	0.999149	0.00170282	1.9983	0.2611197
4100	0	27.32775	27.1371	0.1906477	-0.564732	0.000700281	0.9993	0.00140056	1.9986	0.5509491
4101	1	28.44689	27.99646	0.450425	-0.426533	0.000619697	0.99938	0.00123939	1.99876	0.4249048
4102	0	28.8725	28.25626	0.6162355	-0.331197	0.000613908	0.999386	0.00122782	1.99877	0.3599822
4103	1	26.65331	26.70596	-0.05264742	-0.552587	0.000702042	0.999298	0.00140408	1.9986	0.7027053
4104	0	27.6763	27.42655	0.249756	0.216692	0.00103223	0.998968	0.00206445	1.99794	0.5193272
4105	1	28.85609	28.33748	0.5186098	0.259178	0.000626501	0.999373	0.001253	1.99875	0.3968984
4106	0	29.72892	29.05451	0.6744107	-0.174828	0.000890917	0.999109	0.00178183	1.99822	0.3396377
4107	1	28.07119	27.968	0.1031934	0.102919	0.000602361	0.999398	0.00120472	1.9988	0.6013017
4108	0	29.08446	28.2863	0.7981577	-0.328381	0.00142986	0.99857	0.00285973	1.99714	0.300105
4109	1	29.88974	29.07877	0.8109679	0.00639774	0.00091135	0.999089	0.0018227	1.99818	0.2962851
4110	0	29.32759	28.46673	0.8608563	0.201279	0.000866223	0.999134	0.00173245	1.99827	0.2818666
4111	1	27.38867	27.09061	0.2980561	0.308589	0.00121128	0.998789	0.00242256	1.99758	0.4948398
4112	0	29.27437	28.87188	0.402488	-0.0294708	0.000658253	0.999342	0.00131651	1.99868	0.4457696
4113	1	27.17698	27.15886	0.01811177	-0.418282	0.000365783	0.999634	0.000731565	1.99927	0.6547008
4114	0	28.93084	28.45074	0.480095	0.196706	0.000563346	0.999437	0.00112669	1.99887	0.4124831
4115	1	28.06993	27.24115	0.8287796	-0.176863	0.00050527	0.999495	0.00101054	1.99899	0.2910545
4116	0	29.03222	28.70463	0.3275965	0.00823912	0.000545432	0.999455	0.00109086	1.99891	0.4804358
4117	1	28.57583	27.99475	0.5810817	-0.231108	0.0014672	0.998533	0.00293441	1.99707	0.372862
4118	0	29.49828	28.79246	0.7058235	-0.289567	0.000931526	0.999068	0.00186305	1.99814	0.3291346
4119	1	29.05177	28.52335	0.5284156	-0.0748364	0.00048919	0.999511	0.000978381	1.99902	0.3930255
4120	0	28.28801	27.25776	1.03025	-0.419396	0.00176649	0.998234	0.00353298	1.99647	0.2379451
4121	1	27.24548	26.22919	1.016292	-0.148029	0.00349548	0.996505	0.00699095	1.99301	0.2412898
4122	0	27.19566	26.61654	0.5791187	-0.119134	0.00221586	0.997784	0.00443171	1.99557	0.3735947
4123	1	28.58451	27.46253	1.121987	0.143588	0.00233496	0.997665	0.00466992	1.99533	0.217088
4124	0	29.21721	28.61981	0.5973993	0.0343008	0.000542168	0.999458	0.00108434	1.99892	0.3668272
4125	1	29.3845	28.15184	1.232666	-0.0834611	0.00145316	0.998547	0.00290631	1.99709	0.1943429
4126	0	28.8826	28.08129	0.8013133	-0.246428	0.000621485	0.999379	0.00124297	1.99876	0.2991595
4127	1	28.80507	27.594	1.211073	0.119916	0.00213586	0.997864	0.00427171	1.99573	0.1985851
4128	0	27.97648	27.95358	0.02289961	-0.192762	0.000463601	0.999536	0.000927201	1.99907	0.6515737
4129	1	29.64454	28.57987	1.064678	-0.111779	0.0015061	0.998494	0.00301221	1.99699	0.2298925
4130	0	28.74856	28.34421	0.4043514	-0.22435	0.000465451	0.999535	0.000930902	1.99907	0.4449397
4131	1	27.21364	26.63856	0.5750832	-0.389784	0.00209301	0.997907	0.00418602	1.99581	0.3751054
4132	0	25.39482	25.66814	-0.2733191	-0.326277	0.000720079	0.99928	0.00144016	1.99856	0.8762131
4133	1	29.68358	28.93937	0.7442132	-0.23232	0.00092972	0.99907	0.00185944	1.99814	0.3167387
4134	0	26.53784	26.7137	-0.1758571	-0.0133032	0.00058216	0.999418	0.00116432	1.99884	0.7948451
4135	1	28.85898	27.96722	0.8917692	-0.387192	0.000982955	0.999017	0.00196591	1.99803	0.2732866
4136	0	28.81049	27.82039	0.9901082	-0.364752	0.00103466	0.998965	0.00206932	1.99793	0.247691
4137	1	29.21173	28.40924	0.8024892	0.0377438	0.000618382	0.999382	0.00123676	1.99876	0.2988079
4138	0	29.01294	27.81929	1.193651	-0.239278	0.0012102	0.99879	0.00242039	1.99758	0.2020751
4139	1	29.18956	27.92761	1.261947	-0.103603	0.00177498	0.998225	0.00354996	1.99645	0.1887348
4140	0	27.56985	26.8497	0.7201525	0.269406	0.00220608	0.997794	0.00441216	1.99559	0.324452
4141	1	29.53445	28.75264	0.7818114	0.00151543	0.00133751	0.998662	0.00267502	1.99732	0.305051
4142	0	28.88304	27.86116	1.021881	-0.346373	0.0016267	0.998373	0.0032534	1.99675	0.2399448
4143	1	28.23998	27.23461	1.005376	-0.315614	0.00236849	0.997632	0.00473699	1.99526	0.2439379
4144	0	28.32945	26.88281	1.446643	-0.0898604	0.0014828	0.998517	0.00296559	1.99703	0.156906
4145	1	28.12531	27.01884	1.106467	-0.316516	0.002506	0.997494	0.005012	1.99499	0.2204835
4146	0	28.52237	27.84933	0.6730393	0.125471	0.001668	0.998332	0.003336	1.99666	0.3401038
4147	1	27.67408	26.74838	0.9257002	-0.350196	0.00260637	0.997394	0.00521273	1.99479	0.2641692
4148	0	25.27516	25.04293	0.2322328	-0.317377	0.00206081	0.997939	0.00412162	1.99588	0.5285077
4149	1	29.83898	28.87969	0.9592869	0.0380622	0.00110539	0.998895	0.00221079	1.99779	0.255444
4150	0	27.31551	26.16805	1.147453	0.410422	0.00155868	0.998441	0.00311736	1.99688	0.2116295
4151	1	25.5976	25.22609	0.3715073	-0.270905	0.00238817	0.997612	0.00477633	1.99522	0.459796
4152	0	27.06938	26.60305	0.4663338	-0.430324	0.00184756	0.998152	0.00369511	1.9963	0.4181986
4153	1	29.05081	28.61705	0.4337606	-0.222597	0.000891955	0.999108	0.00178391	1.99822	0.4320449
4154	0	29.24697	28.77498	0.4719978	-0.146463	0.000890554	0.999109	0.00178111	1.99822	0.4158366
4155	1	28.29609	27.49424	0.801851	-0.291823	0.00206868	0.997931	0.00413736	1.99586	0.2989987
4156	0	29.00467	28.66921	0.3354635	-0.112509	0.000715822	0.999284	0.00143164	1.99857	0.4766711
4157	1	29.51219	28.5249	0.9872916	-0.102324	0.00164175	0.998358	0.0032835	1.99672	0.2483896
4158	0	29.80698	28.9826	0.8243814	-0.178465	0.000920525	0.999079	0.00184105	1.99816	0.2923374
4159	1	29.77559	29.11023	0.6653568	0.00637534	0.000835306	0.999165	0.00167061	1.99833	0.3427267
4160	0	28.87827	28.46054	0.4177238	0.106533	0.000921752	0.999078	0.0018435	1.99816	0.4390294
4161	1	29.62604	28.9534	0.6726343	-0.214071	0.000971113	0.999029	0.00194223	1.99806	0.3402416
4162	0	28.14686	27.88718	0.2596884	-0.0730018	0.000943346	0.999057	0.00188669	1.99811	0.5141946
4163	1	28.13892	27.85676	0.2821519	-0.461118	0.00077251	0.999227	0.00154502	1.99845	0.5027727
4164	0	28.60228	27.87013	0.7321496	-0.418237	0.000778309	0.999222	0.00155662	1.99844	0.3205828
4165	1	28.48268	27.68335	0.7993334	0.239547	0.00181889	0.998181	0.00363778	1.99636	0.2997524
4166	0	28.77995	28.48463	0.2953241	-0.139265	0.000749551	0.99925	0.0014991	1.9985	0.4961936
4167	1	29.33318	28.38436	0.9488196	0.0345366	0.00172234	0.998278	0.00344467	1.99656	0.2581319
4168	0	26.94317	26.13271	0.8104616	0.514711	0.00166996	0.99833	0.00333992	1.99666	0.2964352
4169	1	29.51875	28.92377	0.5949833	0.0678826	0.00092757	0.999072	0.00185514	1.99814	0.3677145
4170	0	28.9026	28.04512	0.8574732	-0.391727	0.0013634	0.998637	0.00272679	1.99727	0.2828218
4171	1	29.40888	28.19584	1.21304	-0.0777939	0.00160601	0.998394	0.00321201	1.99679	0.1981948
4172	0	29.27719	28.67758	0.5996161	-0.324125	0.000902649	0.999097	0.0018053	1.99819	0.3660149
4173	1	29.12308	27.89195	1.23113	0.0605376	0.00117049	0.99883	0.00234098	1.99766	0.1946417
4174	0	28.48448	28.21817	0.2663086	-0.187857	0.000412168	0.999588	0.000824336	1.99918	0.5108018
4175	1	27.53429	26.78927	0.7450239	-0.12131	0.00252587	0.997474	0.00505175	1.99495	0.316482
4176	0	29.64966	29.03381	0.6158408	-0.107792	0.000681824	0.999318	0.00136365	1.99864	0.3601243
4177	1	28.11369	27.35096	0.7627254	0.423582	0.00129002	0.99871	0.00258004	1.99742	0.310929
4178	0	27.94277	27.85824	0.08452207	-0.366722	0.000543004	0.999457	0.00108601	1.99891	0.6126343
4179	1	28.88964	28.0859	0.803738	0.160302	0.00167791	0.998322	0.00335582	1.99664	0.298435
4180	0	26.29604	26.31544	-0.01939207	0.517868	0.000463518	0.999536	0.000927036	1.99907	0.6797209
4181	1	29.05416	28.06696	0.9871988	0.0961752	0.00192288	0.998077	0.00384575	1.99615	0.2484127
4182	0	29.40054	28.94532	0.4552245	-0.113521	0.000647455	0.999353	0.00129491	1.99871	0.4228704
4183	1	28.08241	27.31637	0.7660374	0.218699	0.00205416	0.997946	0.00410833	1.99589	0.309901
4184	0	29.85758	28.95421	0.9033724	-0.139951	0.00114327	0.998857	0.00228654	1.99771	0.2701339
4185	1	28.25946	27.69548	0.5639821	-0.115482	0.00161075	0.998389	0.00322151	1.99678	0.3792926
4186	0	27.80683	27.09742	0.7094112	0.0645479	0.00221463	0.997785	0.00442926	1.99557	0.3279558
4187	1	23.54901	23.48599	0.06302269	-0.573739	0.00238139	0.997619	0.00476278	1.99524	0.6259481
4188	0	29.6604	28.61718	1.043215	-0.160096	0.0014017	0.998598	0.00280341	1.9972	0.23488
4189	1	28.6669	27.86676	0.8001347	0.159245	0.00182145	0.998179	0.00364291	1.99636	0.2995123
4190	0	26.78472	26.446	0.3387218	0.209576	0.00162168	0.998378	0.00324335	1.99676	0.4751205
4191	1	29.83702	28.96874	0.8682798	-0.154324	0.000938435	0.999062	0.00187687	1.99812	0.2797819
4192	0	27.25267	26.32209	0.9305844	-0.111929	0.00328315	0.996717	0.00656631	1.99343	0.2628821
4193	1	25.67768	26.0667	-0.3890225	0.284095	0.000401227	0.999599	0.000802453	1.9992	0.9836919
4194	0	29.48681	28.4617	1.025108	0.0879298	0.00156808	0.998432	0.00313617	1.99686	0.2391719
4195	1	28.05273	27.71428	0.338451	-0.492046	0.000671354	0.999329	0.00134271	1.99866	0.4752491
4196	0	28.03894	26.78668	1.252263	-0.369739	0.0015429	0.998457	0.0030858	1.99691	0.1905715
4197	1	28.3073	28.1128	0.1944947	0.188093	0.000456582	0.999543	0.000913164	1.99909	0.5488337
4198	0	29.20841	28.4659	0.7425088	-0.358067	0.000918304	0.999082	0.00183661	1.99816	0.317279
4199	1	26.40997	26.53498	-0.1250088	0.46552	0.000488449	0.999512	0.000976897	1.99902	0.7554389
4200	0	28.59574	27.65654	0.939198	0.250228	0.00190727	0.998093	0.00381454	1.99619	0.2606275
4201	1	29.17971	28.78442	0.3952876	-0.186197	0.000593279	0.999407	0.00118656	1.99881	0.4489909
4202	0	27.76007	26.34364	1.416423	-0.0333047	0.00316791	0.996832	0.00633583	1.99366	0.1617201
4203	1	28.4828	28.07661	0.4061929	0.119748	0.00108175	0.998918	0.0021635	1.99784	0.4441211
4204	0	29.74463	28.88235	0.8622783	-0.0199897	0.00129974	0.9987	0.00259949	1.9974	0.281466
4205	1	29.27228	28.2019	1.070377	0.122542	0.00171706	0.998283	0.00343412	1.99657	0.2285862
4206	0	26.44313	26.37779	0.06533741	-0.533699	0.00108242	0.998918	0.00216483	1.99784	0.6245009
4207	1	29.47086	28.35785	1.113009	0.0737831	0.00157164	0.998428	0.00314329	1.99686	0.2190458
4208	0	28.86601	28.28434	0.5816772	-0.251268	0.00130042	0.9987	0.00260085	1.9974	0.3726401
4209	1	29.44063	28.69567	0.7449551	-0.0320993	0.00134705	0.998653	0.00269409	1.99731	0.3165037
4210	0	28.8976	28.21558	0.6820154	-0.224452	0.00150962	0.99849	0.00301925	1.99698	0.3370647
4211	1	28.74599	28.22213	0.523863	0.271817	0.00060734	0.999393	0.00121468	1.99879	0.3948189
4212	0	26.51634	26.27728	0.2390642	-0.411939	0.00152534	0.998475	0.00305069	1.99695	0.5249095
4213	1	27.65211	27.58956	0.06255103	0.231349	0.000377174	0.999623	0.000754347	1.99925	0.6262434
4214	0	28.86424	27.88603	0.9782044	-0.376914	0.00114473	0.998855	0.00228947	1.99771	0.2506571
4215	1	28.14628	27.75629	0.3899863	-0.471606	0.000626626	0.999373	0.00125325	1.99875	0.4513774
4216	0	26.72232	25.55519	1.167129	0.365884	0.00310914	0.996891	0.00621828	1.99378	0.2075061
4217	1	29.19678	28.6292	0.567581	0.127068	0.000579253	0.999421	0.00115851	1.99884	0.3779301
4218	0	26.84539	26.20324	0.6421496	-0.605292	0.00159328	0.998407	0.00318657	1.99681	0.3507734
4219	1	28.80582	28.49859	0.3072367	0.0371836	0.000740046	0.99926	0.00148009	1.99852	0.4903177
4220	0	29.128	28.12536	1.002644	0.191515	0.00165186	0.998348	0.00330371	1.9967	0.2446054
4221	1	26.63928	26.2547	0.3845802	-0.244177	0.000299508	0.9997	0.000599016	1.9994	0.4538242
4222	0	29.48164	28.40924	1.072395	-0.20726	0.00110619	0.998894	0.00221237	1.99779	0.2281253
4223	1	28.83324	27.84251	0.99073	0.291546	0.00142918	0.998571	0.00285836	1.99714	0.247537
4224	0	27.41838	27.52627	-0.1078883	0.0470012	0.000371774	0.999628	0.000743547	1.99926	0.7426155
4225	1	29.6939	28.88947	0.8044212	-0.0216515	0.00126036	0.99874	0.00252073	1.99748	0.2982312
4226	0	27.82788	27.73884	0.08903925	-0.408869	0.00050969	0.99949	0.00101938	1.99898	0.6098731
4227	1	28.37239	27.20988	1.162514	-0.202501	0.00261812	0.997382	0.00523624	1.99476	0.2084661
4228	0	28.31089	27.73158	0.5793102	0.404639	0.000865069	0.999135	0.00173014	1.99827	0.3735231
4229	1	27.79273	26.24808	1.544644	0.0125021	0.00175604	0.998244	0.00351208	1.99649	0.1422586
4230	0	28.51817	28.3037	0.2144678	-0.218445	0.000449617	0.99955	0.000899235	1.9991	0.5379805
4231	1	28.22391	27.96157	0.2623317	-0.119886	0.000922531	0.999077	0.00184506	1.99815	0.5128372
4232	0	28.55111	28.37731	0.1737928	-0.167953	0.000533151	0.999467	0.0010663	1.99893	0.560314
4233	1	28.03672	27.00409	1.032637	-0.339696	0.00247991	0.99752	0.00495983	1.99504	0.2373779
4234	0	28.63922	28.16764	0.4715842	0.324952	0.000842531	0.999157	0.00168506	1.99831	0.4160086
4235	1	26.93729	25.96548	0.9718114	0.479578	0.00120356	0.998796	0.00240712	1.99759	0.2522647
4236	0	28.87524	28.5738	0.3014336	0.0264268	0.00048885	0.999511	0.000977701	1.99902	0.4931713
4237	1	27.21066	26.84839	0.3622649	0.509754	0.0010354	0.998965	0.0020708	1.99793	0.4640653
4238	0	29.31542	28.6667	0.6487219	0.0583115	0.00119871	0.998801	0.00239742	1.9976	0.3484756
4239	1	28.9609	28.08581	0.8750974	0.292075	0.00130994	0.99869	0.00261987	1.99738	0.2778809
4240	0	28.79858	27.67795	1.120636	0.121542	0.000873428	0.999127	0.00174686	1.99825	0.2173817
4241	1	28.19948	27.49862	0.700861	-0.0910405	0.00199412	0.998006	0.00398823	1.99601	0.3307719
4242	0	28.90481	28.123	0.7818095	0.284783	0.00134758	0.998652	0.00269515	1.9973	0.3050515
4243	1	26.6708	25.84589	0.824906	-0.42054	0.00303795	0.996962	0.0060759	1.99392	0.2921841
4244	0	28.24293	27.48677	0.7561636	-0.464524	0.00154865	0.998451	0.0030973	1.9969	0.312976
4245	1	29.74782	28.75034	0.9974854	-0.136318	0.00135129	0.998649	0.00270259	1.9973	0.2458704
4246	0	29.43958	28.8868	0.5527876	-0.083214	0.000957991	0.999042	0.00191598	1.99808	0.3835625
4247	1	28.84296	28.17583	0.6671316	-0.421055	0.00108617	0.998914	0.00217234	1.99783	0.342119
4248	0	29.00393	28.19027	0.8136639	-0.313807	0.00155336	0.998447	0.00310672	1.99689	0.2954874
4249	1	25.96292	25.6947	0.2682219	-0.347962	0.00185999	0.99814	0.00371998	1.99628	0.5098254
4250	0	28.13813	27.35836	0.7797613	-0.423759	0.00184417	0.998156	0.00368834	1.99631	0.305677
4251	1	25.94666	26.27113	-0.3244726	-0.387594	0.000498726	0.999501	0.000997452	1.999	0.9222006
4252	0	26.59544	25.95171	0.6437308	-0.316796	0.00274858	0.997251	0.00549717	1.9945	0.3502193
4253	1	26.87336	26.91829	-0.04492667	-0.143666	0.000741928	0.999258	0.00148386	1.99852	0.6973008
4254	0	29.37147	28.30994	1.061533	0.128527	0.00102012	0.99898	0.00204023	1.99796	0.2306167
4255	1	29.84881	28.92288	0.9259306	-0.0154754	0.00124207	0.998758	0.00248413	1.99752	0.2641084
4256	0	28.2588	27.59942	0.6593829	-0.27293	0.00179875	0.998201	0.00359749	1.9964	0.3447802
4257	1	29.00428	28.29974	0.7045391	0.226619	0.00131093	0.998689	0.00262187	1.99738	0.3295576
4258	0	25.95394	24.59646	1.357482	-0.361487	0.00420154	0.995798	0.00840309	1.9916	0.1715386
4259	1	26.06183	24.63892	1.422907	0.180195	0.00466699	0.995333	0.00933397	1.99067	0.160675
4260	0	26.84081	26.14891	0.691903	-0.0175372	0.00280155	0.997198	0.0056031	1.9944	0.3337483
4261	1	29.46788	28.53512	0.9327661	0.0387817	0.00158992	0.99841	0.00317983	1.99682	0.2623092
4262	0	29.79607	28.95676	0.8393153	-0.0629462	0.00122651	0.998773	0.00245302	1.99755	0.2880041
4263	1	29.49116	28.56401	0.9271434	0.131584	0.00141587	0.998584	0.00283174	1.99717	0.2637883
4264	0	29.52064	28.55677	0.9638619	-0.0380241	0.00162257	0.998377	0.00324515	1.99675	0.254278
4265	1	26.39485	24.81209	1.582763	0.18779	0.00150884	0.998491	0.00301768	1.99698	0.1369378
4266	0	28.76083	27.83992	0.920904	-0.340252	0.00178937	0.998211	0.00357875	1.99642	0.2654393
4267	1	28.15742	27.29297	0.8644469	-0.400896	0.00201442	0.997986	0.00402885	1.99597	0.2808563
4268	0	27.09379	25.91661	1.177185	-0.432669	0.00272288	0.997277	0.00544575	1.99455	0.20543
4269	1	29.58482	28.42368	1.161139	-0.0508021	0.0012768	0.998723	0.00255359	1.99745	0.2087529
4270	0	28.92109	27.73436	1.186734	0.190375	0.00167357	0.998326	0.00334714	1.99665	0.2034777
4271	1	27.75478	27.63966	0.1151159	-0.0438704	0.000778251	0.999222	0.0015565	1.99844	0.5941752
4272	0	29.82473	28.82759	0.997136	0.0221755	0.00118987	0.99881	0.00237974	1.99762	0.2459564
4273	1	28.22317	27.68781	0.5353611	0.411154	0.000990522	0.999009	0.00198104	1.99802	0.3903052
4274	0	28.37823	27.11448	1.263746	0.19216	0.0022326	0.997767	0.00446521	1.99553	0.1883956
4275	1	29.52631	28.46876	1.057546	0.105172	0.00144929	0.998551	0.00289858	1.9971	0.231538
4276	0	24.75097	24.09648	0.654497	-0.150889	0.00425336	0.995747	0.00850673	1.99149	0.3464689
4277	1	27.82327	27.04213	0.7811417	0.127066	0.00236113	0.997639	0.00472227	1.99528	0.3052553
4278	0	27.15146	26.36188	0.7895758	-0.440071	0.00253273	0.997467	0.00506545	1.99493	0.3026916
4279	1	29.5252	28.56179	0.963418	-0.263111	0.00120149	0.998799	0.00240298	1.9976	0.2543909
4280	0	28.84855	28.264	0.584549	0.0538562	0.00133012	0.99867	0.00266024	1.99734	0.3715715
4281	1	29.51644	28.82574	0.6906973	-0.0172704	0.00118754	0.998812	0.00237507	1.99762	0.334151
4282	0	29.22576	28.77961	0.446155	-0.215725	0.000599322	0.999401	0.00119864	1.9988	0.4267231
4283	1	29.57743	28.47528	1.102159	-0.167902	0.00139559	0.998604	0.00279117	1.99721	0.2214355
4284	0	29.74381	28.6816	1.062205	0.0104283	0.00114868	0.998851	0.00229737	1.9977	0.2304618
4285	1	28.88645	28.20487	0.6815777	-0.257391	0.00148982	0.99851	0.00297964	1.99702	0.3372122
4286	0	29.45349	28.32889	1.1246	-0.0527556	0.00174013	0.99826	0.00348025	1.99652	0.2165216
4287	1	25.99093	25.77118	0.2197516	0.468297	0.00151304	0.998487	0.00302607	1.99697	0.5351455
4288	0	29.29025	28.41143	0.8788282	-0.32309	0.000972106	0.999028	0.00194421	1.99806	0.2768462
4289	1	27.53389	26.71198	0.8219104	-0.105717	0.002756	0.997244	0.005512	1.99449	0.2930607
4290	0	28.15977	26.92446	1.235308	0.215225	0.00243273	0.997567	0.00486547	1.99513	0.1938302
4291	1	27.67703	26.50884	1.168182	0.0765543	0.00332189	0.996678	0.00664377	1.99336	0.2072878
4292	0	25.01152	24.50997	0.50155	-0.0228124	0.00325616	0.996744	0.00651232	1.99349	0.4037275
4293	1	26.88067	25.8471	1.033575	-0.152118	0.00386419	0.996136	0.00772837	1.99227	0.2371553
4294	0	29.05385	28.38459	0.6692681	-0.297882	0.0013123	0.998688	0.0026246	1.99738	0.3413888
4295	1	29.62413	28.84346	0.7806665	-0.206431	0.00119131	0.998809	0.00238261	1.99762	0.3054004
4296	0	27.97312	27.61699	0.3561273	-0.295292	0.00121638	0.998784	0.00243276	1.99757	0.4669223
4297	1	27.45192	26.75655	0.6953722	0.315953	0.00214383	0.997856	0.00428766	1.99571	0.3325925
4298	0	27.79129	27.27652	0.5147739	0.44825	0.00117816	0.998822	0.00235632	1.99764	0.3984238
4299	1	28.35311	27.49998	0.8531347	0.0371206	0.00224738	0.997753	0.00449477	1.99551	0.2840515
4300	0	28.60527	27.91702	0.6882416	-0.0782338	0.00173031	0.99827	0.00346062	1.99654	0.3349725
4301	1	28.75909	27.83385	0.9252434	-0.11339	0.00213674	0.997863	0.00427349	1.99573	0.26429
4302	0	29.63773	28.90917	0.7285627	-0.243898	0.000972411	0.999028	0.00194482	1.99806	0.3217348
4303	1	28.89774	27.82706	1.070681	0.0912676	0.00213558	0.997864	0.00427117	1.99573	0.2285166
4304	0	29.17872	28.47565	0.7030669	-0.268688	0.000651104	0.999349	0.00130221	1.9987	0.3300431
4305	1	28.87767	28.01259	0.865084	-0.0241716	0.00194406	0.998056	0.00388813	1.99611	0.2806774
4306	0	25.79885	25.58622	0.2126231	0.277804	0.00167165	0.998328	0.00334329	1.99666	0.5389738
4307	1	28.84729	27.87228	0.9750095	0.149709	0.00198809	0.998012	0.00397618	1.99602	0.2514592
4308	0	29.36507	28.32688	1.038191	-0.110442	0.000845944	0.999154	0.00169189	1.99831	0.236063
4309	1	25.84942	24.34466	1.504762	0.0279134	0.00522466	0.994775	0.0104493	1.98955	0.1480468
4310	0	28.3043	27.79847	0.5058297	-0.165628	0.00144327	0.998557	0.00288654	1.99711	0.4020034
4311	1	28.46317	27.49054	0.9726298	0.0683273	0.00239044	0.99761	0.00478089	1.99522	0.2520583
4312	0	26.78587	25.95546	0.8304034	0.0865695	0.00328509	0.996715	0.00657018	1.99343	0.2905823
4313	1	27.05176	26.18985	0.8619089	-0.0902712	0.000435472	0.999565	0.000870943	1.99913	0.2815701
4314	0	26.19625	25.46506	0.731181	-0.55728	0.000671863	0.999328	0.00134373	1.99866	0.3208935
4315	1	26.71375	25.9933	0.7204497	0.0919082	0.00295053	0.997049	0.00590107	1.9941	0.3243556
4316	0	28.04642	27.55416	0.4922606	0.24679	0.00140453	0.998595	0.00280905	1.99719	0.4074954
4317	1	29.37436	28.5297	0.8446593	0.213852	0.0011861	0.998814	0.00237221	1.99763	0.2864692
4318	0	26.98388	27.05469	-0.07080618	0.314344	0.000569624	0.99943	0.00113925	1.99886	0.7155821
4319	1	28.2384	27.26206	0.9763422	0.289783	0.000810675	0.999189	0.00162135	1.99838	0.2511243
4320	0	27.77707	27.484	0.293074	-0.356613	0.00113644	0.998864	0.00227287	1.99773	0.4973113
4321	1	28.84975	28.18002	0.669736	0.323826	0.000867046	0.999133	0.00173409	1.99827	0.3412291
4322	0	29.6571	29.06412	0.5929777	-0.143171	0.000756039	0.999244	0.00151208	1.99849	0.3684528
4323	1	29.17602	28.49242	0.6836069	-0.31218	0.00122256	0.998777	0.00244512	1.99755	0.3365286
4324	0	28.71447	27.60243	1.112038	-0.122602	0.00240517	0.997595	0.00481034	1.99519	0.2192586
4325	1	29.22598	28.45608	0.769899	-0.125634	0.00060231	0.999398	0.00120462	1.9988	0.3087065
4326	0	27.53134	26.75121	0.7801264	0.454355	0.0016984	0.998302	0.0033968	1.9966	0.3055654
4327	1	29.52698	28.87239	0.6545954	-0.10215	0.000624182	0.999376	0.00124836	1.99875	0.3464348
4328	0	26.41656	25.69995	0.7166087	-0.306367	0.000400092	0.9996	0.000800183	1.9992	0.3256038
4329	1	29.48974	28.30092	1.188816	-0.0346721	0.00155372	0.998446	0.00310744	1.99689	0.2030545
4330	0	28.12253	27.9119	0.21063	-0.206325	0.000849826	0.99915	0.00169965	1.9983	0.5400492
4331	1	29.64747	28.75903	0.8884408	0.09648	0.00129265	0.998707	0.0025853	1.99741	0.2741977
4332	0	26.23105	25.27359	0.9574675	-0.314424	0.000507483	0.999493	0.00101497	1.99899	0.2559092
4333	1	29.33478	28.44992	0.8848569	0.122976	0.0015328	0.998467	0.00306561	1.99693	0.2751822
4334	0	27.93324	27.83814	0.09509555	-0.179812	0.000350338	0.99965	0.000700677	1.9993	0.6061907
4335	1	29.7587	28.71887	1.039833	-0.0684548	0.00104732	0.998953	0.00209463	1.99791	0.2356757
4336	0	29.56283	28.61661	0.9462162	-0.257945	0.00118105	0.998819	0.00236209	1.99764	0.2588048
4337	1	26.76084	25.97689	0.7839561	-0.491855	0.00261841	0.997382	0.00523681	1.99476	0.3043974
4338	0	29.7985	29.04852	0.7499745	-0.153062	0.00101525	0.998985	0.0020305	1.99797	0.3149191
4339	1	28.0416	27.1285	0.9130928	0.164706	0.00247844	0.997522	0.00495687	1.99504	0.2675208
4340	0	29.58707	28.97299	0.6140749	-0.106567	0.00098138	0.999019	0.00196276	1.99804	0.3607608
4341	1	29.28222	28.09114	1.191087	-0.164667	0.00170897	0.998291	0.00341795	1.99658	0.2025939
4342	0	29.18955	28.81241	0.3771416	-0.110008	0.000680171	0.99932	0.00136034	1.99864	0.4572127
4343	1	29.68042	28.88601	0.7944128	-0.0867717	0.00126084	0.998739	0.00252168	1.99748	0.301231
4344	0	28.13973	27.11087	1.028865	0.370259	0.00157719	0.998423	0.00315439	1.99685	0.238275
4345	1	27.33544	26.79913	0.5363049	-0.21069	0.0020047	0.997995	0.0040094	1.99599	0.389937
4346	0	28.88384	27.58032	1.303528	0.0592095	0.0012697	0.99873	0.0025394	1.99746	0.181048
4347	1	28.09223	27.2096	0.8826328	0.216246	0.002295	0.997705	0.00459	1.99541	0.2757949
4348	0	28.41128	28.14133	0.2699493	0.111715	0.000818917	0.999181	0.00163783	1.99836	0.5089455
4349	1	29.69722	28.7506	0.9466188	-0.197657	0.000996495	0.999004	0.00199299	1.99801	0.2587006
4350	0	29.19235	28.43121	0.7611384	0.242272	0.00119511	0.998805	0.00239023	1.99761	0.3114229
4351	1	28.29686	27.16605	1.130809	-0.297311	0.00241475	0.997585	0.0048295	1.99517	0.2151814
4352	0	29.79314	29.032	0.7611384	0.0589	0.000989986	0.99901	0.00197997	1.99802	0.3114229
4353	1	28.35275	27.84879	0.503961	0.324969	0.00115739	0.998843	0.00231477	1.99769	0.4027553
4354	0	28.75769	27.8676	0.8900991	-0.139733	0.00206312	0.997937	0.00412625	1.99587	0.2737434
4355	1	29.26899	28.41971	0.8492779	0.245881	0.00112521	0.998875	0.00225041	1.99775	0.2851491
4356	0	27.8604	27.18709	0.6733076	-0.479317	0.00168936	0.998311	0.00337871	1.99662	0.3400126
4357	1	28.88289	28.30933	0.5735581	0.202819	0.0011733	0.998827	0.00234659	1.99765	0.3756779
4358	0	26.70864	26.26662	0.4420278	0.508606	0.00155638	0.998444	0.00311276	1.99689	0.4284879
4359	1	28.80321	27.65913	1.144079	0.191759	0.00194651	0.998053	0.00389302	1.99611	0.2123447
4360	0	26.57262	26.64197	-0.06935328	-0.532941	0.000735786	0.999264	0.00147157	1.99853	0.7145432
4361	1	28.15687	26.90458	1.252292	0.0391632	0.00293154	0.997068	0.00586308	1.99414	0.1905659
4362	0	28.98684	28.39908	0.5877594	-0.0199967	0.00128808	0.998712	0.00257617	1.99742	0.3703805
4363	1	29.06797	27.90192	1.166049	-0.258861	0.00125234	0.998748	0.00250469	1.9975	0.2077305
4364	0	28.17586	27.20832	0.9675391	0.376945	0.00113493	0.998865	0.00226987	1.99773	0.2533447
4365	1	26.73898	25.73683	1.002153	-0.444024	0.000737851	0.999262	0.0014757	1.99852	0.2447255
4366	0	28.63695	28.32579	0.3111638	-0.300782	0.000797154	0.999203	0.00159431	1.99841	0.4883959
4367	1	28.1774	27.79258	0.3848185	-0.355106	0.000456782	0.999543	0.000913564	1.99909	0.4537161
4368	0	25.56848	25.77242	-0.2039393	-0.6228	0.000763312	0.999237	0.00152662	1.99847	0.8174825
4369	1	27.07119	27.14013	-0.06893553	0.0284097	0.000625445	0.999375	0.00125089	1.99875	0.7142448
4370	0	29.63422	28.78241	0.8518086	-0.00456213	0.00137587	0.998624	0.00275174	1.99725	0.2844284
4371	1	27.17344	26.85267	0.3207712	-0.450272	0.000412417	0.999588	0.000824833	1.99918	0.4837262
4372	0	27.56556	27.57019	-0.004631973	0.193185	0.000539686	0.99946	0.00107937	1.99892	0.6697618
4373	1	29.02337	28.68403	0.3393489	-0.0495138	0.000711628	0.999288	0.00142326	1.99858	0.4748226
4374	0	29.38975	28.55713	0.8326181	0.00619568	0.000664237	0.999336	0.00132847	1.99867	0.2899394
4375	1	28.90105	27.97929	0.9217542	0.281679	0.000967	0.999033	0.001934	1.99807	0.2652137
4376	0	28.92514	28.53238	0.39276	-0.140624	0.000470198	0.99953	0.000940395	1.99906	0.4501272
4377	1	28.9997	27.85387	1.145833	-0.0360777	0.00219146	0.997809	0.00438293	1.99562	0.2119726
4378	0	28.73494	28.34218	0.39276	0.0436873	0.000966078	0.999034	0.00193216	1.99807	0.4501272
4379	1	27.87183	26.86855	1.003282	-0.0520412	0.0029692	0.997031	0.00593839	1.99406	0.2444493
4380	0	29.31746	28.34549	0.9719708	-0.00794137	0.00178929	0.998211	0.00357859	1.99642	0.2522244
4381	1	27.05317	26.34503	0.7081378	-0.558688	0.00190233	0.998098	0.00380465	1.9962	0.3283737
4382	0	28.25023	27.83187	0.418366	-0.321893	0.000447734	0.999552	0.000895468	1.9991	0.4387475
4383	1	29.41502	28.23873	1.176288	-0.00963854	0.00170795	0.998292	0.0034159	1.99658	0.2056144
4384	0	28.63861	28.26432	0.3742938	0.0952457	0.000950965	0.999049	0.00190193	1.9981	0.4585165
4385	1	29.8087	29.06597	0.7427283	-0.151602	0.000838143	0.999162	0.00167629	1.99832	0.3172093
4386	0	29.06557	28.11476	0.9508151	-0.30447	0.000879777	0.99912	0.00175955	1.99824	0.2576173
4387	1	29.57578	29.0137	0.5620822	-0.00686861	0.000659257	0.999341	0.00131851	1.99868	0.3800139
4388	0	28.01978	27.19324	0.8265398	-0.326994	0.00225231	0.997748	0.00450462	1.9955	0.2917072
4389	1	29.73543	28.86163	0.8737999	-0.0782623	0.00133038	0.99867	0.00266076	1.99734	0.2782417
4390	0	27.75842	26.90843	0.8499918	0.420985	0.000913496	0.999087	0.00182699	1.99817	0.2849456
4391	1	25.4296	24.60805	0.8215492	0.486	0.0033833	0.996617	0.0067666	1.99323	0.2931666
4392	0	28.60702	28.15107	0.4559488	-0.437055	0.00082286	0.999177	0.00164572	1.99835	0.4225642
4393	1	25.25	24.91967	0.3303338	0.147892	0.00234795	0.997652	0.00469589	1.9953	0.4791226
4394	0	29.19633	28.77218	0.4241496	-0.158392	0.000803172	0.999197	0.00160634	1.99839	0.4362173
4395	1	27.33353	26.51409	0.8194466	-0.560309	0.0014892	0.998511	0.00297841	1.99702	0.2937836
4396	0	28.81838	27.51951	1.298868	-0.214896	0.00148095	0.998519	0.00296191	1.99704	0.1818936
4397	1	28.35328	27.79383	0.5594468	0.283417	0.00134581	0.998654	0.00269163	1.99731	0.3810168
4398	0	29.67599	28.59087	1.085122	-0.0238562	0.00108214	0.998918	0.00216429	1.99784	0.2252403
4399	1	29.59385	28.61051	0.9833362	0.0678135	0.000908558	0.999091	0.00181712	1.99818	0.249374
4400	0	28.3865	28.09028	0.2962118	0.200505	0.000837619	0.999162	0.00167524	1.99832	0.4957533
4401	1	28.88741	28.13791	0.749498	-0.399515	0.00127643	0.998724	0.00255285	1.99745	0.3150692
4402	0	27.47852	27.20453	0.2739868	0.398844	0.00102268	0.998977	0.00204537	1.99795	0.5068948
4403	1	25.86606	25.45386	0.4121955	-0.575742	0.00214662	0.997853	0.00429323	1.99571	0.4414632
4404	0	26.82321	26.3988	0.4244077	-0.581165	0.00155892	0.998441	0.00311783	1.99688	0.4361048
4405	1	29.26347	28.33819	0.925286	-0.298968	0.00146294	0.998537	0.00292588	1.99707	0.2642787
4406	0	29.82222	28.90846	0.9137629	-0.0859419	0.00127714	0.998723	0.00255427	1.99745	0.2673416
4407	1	28.98263	28.59343	0.3891942	0.175399	0.000653683	0.999346	0.00130737	1.99869	0.4517351
4408	0	29.3156	28.31896	0.9966456	0.202033	0.0011126	0.998887	0.00222519	1.99777	0.246077
4409	1	27.23372	27.00064	0.2330817	-0.501701	0.00113329	0.998867	0.00226659	1.99773	0.5280592
4410	0	29.60194	28.45018	1.151755	-0.00631203	0.00133611	0.998664	0.00267223	1.99733	0.2107211
4411	1	28.81133	28.08804	0.7232888	0.144211	0.00159081	0.998409	0.00318162	1.99682	0.323436
4412	0	29.83396	28.81148	1.022483	-0.0197824	0.00120755	0.998792	0.00241511	1.99758	0.2398005
4413	1	29.50617	28.9192	0.5869655	0.0962926	0.000877222	0.999123	0.00175444	1.99825	0.3706746
4414	0	29.32941	28.56337	0.7660365	-0.203017	0.00140966	0.99859	0.00281932	1.99718	0.3099012
4415	1	27.26445	26.67748	0.5869655	-0.3782	0.000441621	0.999558	0.000883241	1.99912	0.3706746
4416	0	28.74724	28.13782	0.609419	0.334165	0.000810546	0.999189	0.00162109	1.99838	0.3624444
4417	1	29.13271	28.43018	0.7025263	0.0702924	0.00141279	0.998587	0.00282559	1.99717	0.3302216
4418	0	28.8873	28.519	0.3683016	-0.169483	0.000856478	0.999144	0.00171296	1.99829	0.4612723
4419	1	29.34087	28.55605	0.784816	-0.0590654	0.00149127	0.998509	0.00298255	1.99702	0.3041358
4420	0	27.26831	27.28722	-0.01890784	-0.141569	0.000282195	0.999718	0.00056439	1.99944	0.6793918
4421	1	27.33371	27.12673	0.2069781	-0.513398	0.00100766	0.998992	0.00201532	1.99798	0.542025
4422	0	26.41832	26.44107	-0.02275308	0.517897	0.00051958	0.99948	0.00103916	1.99896	0.6820093
4423	1	26.18753	26.54057	-0.353041	0.124418	0.000340295	0.99966	0.000680589	1.99932	0.9489264
4424	0	29.40177	28.77598	0.625787	-0.264005	0.000705507	0.999294	0.00141101	1.99859	0.3565602
4425	1	28.2992	28.0572	0.2419993	-0.120235	0.000849668	0.99915	0.00169934	1.9983	0.5233711
4426	0	29.72017	28.98151	0.7386608	-0.146816	0.0007493	0.999251	0.0014986	1.9985	0.3185022
4427	1	29.80434	29.08002	0.7243116	-0.0956045	0.00101056	0.998989	0.00202113	1.99798	0.3231054
4428	0	27.02332	26.93461	0.08871704	0.407896	0.000820348	0.99918	0.0016407	1.99836	0.6100697
4429	1	29.69801	28.65165	1.046358	-0.0660463	0.00147809	0.998522	0.00295617	1.99704	0.234143
4430	0	29.34005	28.54822	0.7918269	-0.00135638	0.00149188	0.998508	0.00298376	1.99702	0.302011
4431	1	28.3301	27.93728	0.3928132	-0.327119	0.000458368	0.999542	0.000916736	1.99908	0.4501032
4432	0	29.59937	28.99446	0.6049179	-0.0677981	0.000954375	0.999046	0.00190875	1.99809	0.3640795
4433	1	29.34299	28.54351	0.7994765	0.0719916	0.00145754	0.998542	0.00291508	1.99708	0.2997095
4434	0	27.57213	26.73455	0.837586	0.227732	0.00255763	0.997442	0.00511526	1.99488	0.2885026
4435	1	29.53094	28.85516	0.675779	0.158828	0.000867512	0.999132	0.00173502	1.99826	0.3391733
4436	0	27.58655	27.09841	0.4881488	0.372353	0.00148209	0.998518	0.00296419	1.99704	0.4091744
4437	1	27.69998	27.36776	0.3322186	-0.405178	0.000429292	0.999571	0.000858585	1.99914	0.4782203
4438	0	29.37924	28.43146	0.9477794	-0.239242	0.00154529	0.998455	0.00309058	1.99691	0.2584005
4439	1	29.61744	28.82485	0.7925823	0.126739	0.000824403	0.999176	0.00164881	1.99835	0.3017829
4440	0	27.69457	27.50283	0.1917383	-0.481844	0.000829339	0.999171	0.00165868	1.99834	0.5503486
4441	1	26.70936	25.8815	0.8278578	-0.0157286	0.000402432	0.999598	0.000804865	1.9992	0.2913229
4442	0	29.01116	28.5704	0.4407623	-0.327492	0.000784605	0.999215	0.00156921	1.99843	0.4290304
4443	1	28.21839	27.92465	0.2937391	-0.391279	0.000496278	0.999504	0.000992557	1.99901	0.4969806
4444	0	29.87359	29.13637	0.7372185	-0.0485568	0.000856578	0.999143	0.00171316	1.99829	0.3189619
4445	1	29.63892	29.06409	0.5748226	-0.00889314	0.000798359	0.999202	0.00159672	1.9984	0.3752031
4446	0	28.47108	27.66833	0.8027515	0.312354	0.00164513	0.998355	0.00329025	1.99671	0.2987296
4447	1	29.21442	28.19051	1.023906	-0.276452	0.00160636	0.998394	0.00321272	1.99679	0.2394594
4448	0	29.34308	28.32647	1.016603	-0.215525	0.001666	0.998334	0.00333201	1.99667	0.2412146
4449	1	28.42861	27.14906	1.279542	0.121413	0.00244594	0.997554	0.00489189	1.99511	0.185443
4450	0	29.26234	28.18913	1.073208	-0.243173	0.00103812	0.998962	0.00207624	1.99792	0.22794
4451	1	22.20037	21.67451	0.525863	-0.588168	0.00557321	0.994427	0.0111464	1.98885	0.3940301
4452	0	28.99226	27.94139	1.05087	-0.109299	0.0021324	0.997868	0.0042648	1.99574	0.233089
4453	1	26.7645	25.66987	1.094635	-0.376136	0.0035188	0.996481	0.0070376	1.99296	0.2231079
4454	0	29.55479	28.4494	1.105389	-0.0384594	0.0016301	0.99837	0.00326021	1.99674	0.2207213
4455	1	28.04737	26.84414	1.203231	0.0361808	0.00304271	0.996957	0.00608542	1.99391	0.2001484
4456	0	27.65354	26.85973	0.7938099	-0.542765	0.00121773	0.998782	0.00243547	1.99756	0.3014126
4457	1	29.83833	28.99367	0.8446588	0.039111	0.00110457	0.998895	0.00220914	1.99779	0.2864693
4458	0	29.88217	28.90532	0.976844	-0.0283086	0.00116234	0.998838	0.00232468	1.99768	0.2509983
4459	1	27.7611	27.46337	0.2977323	0.423663	0.000835761	0.999164	0.00167152	1.99833	0.4950001
4460	0	29.28238	28.30851	0.9738719	-0.30755	0.00108938	0.998911	0.00217875	1.99782	0.2517454
4461	1	28.50055	28.23964	0.260912	-0.356775	0.000667362	0.999333	0.00133472	1.99867	0.5135658
4462	0	27.66023	26.85536	0.804872	0.194333	0.00246341	0.997537	0.00492681	1.99507	0.2980968
4463	1	28.7215	27.81949	0.9020112	-0.2672	0.00198002	0.99802	0.00396004	1.99604	0.2705018
4464	0	29.64755	28.58328	1.064272	-0.0809832	0.00153051	0.998469	0.00306102	1.99694	0.2299859
4465	1	29.76333	28.71889	1.044442	-0.0951863	0.00108923	0.998911	0.00217847	1.99782	0.2345921
4466	0	27.60792	26.85792	0.7499994	0.371333	0.000634174	0.999366	0.00126835	1.99873	0.3149112
4467	1	26.85006	25.57671	1.273347	0.39332	0.00161131	0.998389	0.00322262	1.99678	0.1865955
4468	0	29.86715	29.09839	0.7687588	-0.102838	0.00100458	0.998995	0.00200916	1.99799	0.3090587
4469	1	27.6354	26.9334	0.702005	0.160264	0.00223974	0.99776	0.00447948	1.99552	0.3303938
4470	0	29.10508	27.98654	1.118532	-0.274556	0.0016288	0.998371	0.00325759	1.99674	0.2178395
4471	1	28.24394	27.79335	0.4505888	-0.469057	0.000661887	0.999338	0.00132377	1.99868	0.4248352
4472	0	28.69027	28.39776	0.29251	0.00173394	0.000777356	0.999223	0.00155471	1.99845	0.4975918
4473	1	29.40622	28.74588	0.660339	-0.167957	0.00118502	0.998815	0.00237003	1.99763	0.3444508
4474	0	28.21568	27.74369	0.4719866	-0.415859	0.0012575	0.998743	0.00251499	1.99749	0.4158412
4475	1	27.44699	27.28207	0.1649244	-0.516962	0.000838882	0.999161	0.00167776	1.99832	0.5653052
4476	0	29.52169	28.98527	0.5364266	0.0417248	0.00068483	0.999315	0.00136966	1.99863	0.3898896
4477	1	28.07384	27.40667	0.6671776	0.09441	0.00192811	0.998072	0.00385623	1.99614	0.3421033
4478	0	28.99824	28.42815	0.5700844	-0.312694	0.0011361	0.998864	0.0022722	1.99773	0.3769851
4479	1	28.25576	26.88135	1.374414	-0.230767	0.00139705	0.998603	0.0027941	1.99721	0.1686585
4480	0	29.14414	27.90644	1.237702	-0.0828601	0.00112877	0.998871	0.00225755	1.99774	0.1933667
4481	1	22.68634	21.65377	1.032563	0.576164	0.00543834	0.994562	0.0108767	1.98912	0.2373955
4482	0	28.79093	27.77472	1.016208	0.250651	0.00176047	0.99824	0.00352094	1.99648	0.2413098
4483	1	25.21093	24.0454	1.165527	0.328623	0.0050947	0.994905	0.0101894	1.98981	0.2078388
4484	0	27.53978	26.1206	1.419177	-0.302955	0.00150376	0.998496	0.00300751	1.99699	0.1612753
4485	1	29.45969	28.3429	1.116798	-0.113547	0.00170203	0.998298	0.00340406	1.9966	0.2182175
4486	0	29.45414	28.9362	0.5179436	-0.20306	0.000718846	0.999281	0.00143769	1.99856	0.3971629
4487	1	28.55637	27.42145	1.134915	-0.311421	0.00208658	0.997913	0.00417316	1.99583	0.2142997
4488	0	29.67312	28.55718	1.115933	-0.0964307	0.00133069	0.998669	0.00266138	1.99734	0.2184064
4489	1	26.81993	25.79278	1.027144	-0.134846	0.00391689	0.996083	0.00783378	1.99217	0.2386854
4490	0	27.92198	26.99311	0.9288675	-0.11255	0.00275522	0.997245	0.00551044	1.99449	0.2633339
4491	1	27.16818	25.66439	1.503782	-0.177414	0.00329246	0.996708	0.00658492	1.99342	0.148192
4492	0	26.10029	24.99136	1.108927	0.295941	0.00420859	0.995791	0.00841719	1.99158	0.2199419
4493	1	27.57912	26.44656	1.132554	-0.18968	0.00335143	0.996649	0.00670287	1.9933	0.2148061
4494	0	24.15119	22.46357	1.687622	-0.043688	0.00681642	0.993184	0.0136328	1.98637	0.1233059
4495	1	25.85558	24.56448	1.291104	0.113428	0.00532553	0.994674	0.0106511	1.98935	0.1833114
4496	0	24.99147	23.33367	1.657798	0.0615527	0.00555259	0.994447	0.0111052	1.98889	0.1270388
4497	1	24.80021	23.94165	0.8585657	0.43393	0.0043931	0.995607	0.00878619	1.99121	0.282513
4498	0	28.68792	27.35717	1.330742	0.0622978	0.00124471	0.998755	0.00248943	1.99751	0.1761874
4499	1	25.85645	24.29929	1.557151	0.242438	0.00380307	0.996197	0.00760615	1.99239	0.1404904
4500	0	29.4937	28.36139	1.132308	-0.180675	0.00132232	0.998678	0.00264464	1.99736	0.2148591
4501	1	25.63486	24.91901	0.7158551	-0.383966	0.00364437	0.996356	0.00728874	1.99271	0.3258493
4502	0	28.78646	27.87692	0.9095321	0.10287	0.00200791	0.997992	0.00401582	1.99598	0.2684751
4503	1	27.72634	27.20573	0.5206132	0.385273	0.000552034	0.999448	0.00110407	1.9989	0.3961041
4504	0	29.51718	28.35037	1.16682	-0.0821351	0.00156534	0.998435	0.00313067	1.99687	0.2075704
4505	1	29.41771	28.67055	0.7471534	-0.298311	0.000834607	0.999165	0.00166921	1.99833	0.3158087
4506	0	27.77511	26.7054	1.06971	0.397207	0.0015797	0.99842	0.00315939	1.99684	0.2287388
4507	1	29.37166	28.80855	0.5631087	-0.0117389	0.0010155	0.998985	0.00203099	1.99797	0.3796241
4508	0	28.83674	27.76703	1.06971	-0.354543	0.00147066	0.998529	0.00294132	1.99706	0.2287388
4509	1	26.01417	25.99621	0.0179589	-0.665363	0.000838428	0.999162	0.00167686	1.99832	0.6548009
4510	0	28.9371	28.49004	0.4470598	-0.125133	0.00101214	0.998988	0.00202428	1.99798	0.4263371
4511	1	29.56547	28.99352	0.5719539	0.0359304	0.000674213	0.999326	0.00134843	1.99865	0.376281
4512	0	28.89207	28.20993	0.6821404	-0.270022	0.00147535	0.998525	0.00295071	1.99705	0.3370225
4513	1	28.79864	27.72151	1.077131	-0.0253886	0.00232826	0.997672	0.00465653	1.99534	0.2270474
4514	0	28.96407	28.53176	0.4323077	-0.237446	0.000519379	0.999481	0.00103876	1.99896	0.4326731
4515	1	27.93372	27.38067	0.5530568	0.325183	0.00150838	0.998492	0.00301676	1.99698	0.3834592
4516	0	26.41509	24.94139	1.473699	-0.0289728	0.000915485	0.999085	0.00183097	1.99817	0.1527177
4517	1	28.22525	27.67053	0.5547177	-0.341487	0.00152209	0.998478	0.00304418	1.99696	0.3828229
4518	0	29.71627	28.94531	0.7709626	-0.116728	0.00118048	0.99882	0.00236097	1.99764	0.3083784
4519	1	28.85274	28.27405	0.578696	-0.355324	0.00118061	0.998819	0.00236123	1.99764	0.3737526
4520	0	29.07012	28.1358	0.9343205	-0.349207	0.00102216	0.998978	0.00204432	1.99796	0.2619018
4521	1	28.83358	28.39135	0.4422373	-0.353809	0.0006157	0.999384	0.0012314	1.99877	0.4283981
4522	0	27.61446	26.68014	0.9343205	-0.0644966	0.00301119	0.996989	0.00602238	1.99398	0.2619018
4523	1	29.76266	28.72745	1.035216	0.0122189	0.00133139	0.998669	0.00266278	1.99734	0.2367664
4524	0	29.52789	28.48373	1.044157	0.0765991	0.00154406	0.998456	0.00308813	1.99691	0.234659
4525	1	29.49931	28.77215	0.7271612	0.129814	0.00072696	0.999273	0.00145392	1.99855	0.322186
4526	0	25.95988	25.327	0.6328821	-0.19887	0.00319146	0.996809	0.00638291	1.99362	0.3540394
4527	1	27.44049	26.69749	0.7429947	-0.550388	0.000955904	0.999044	0.00191181	1.99809	0.3171248
4528	0	28.85148	28.36071	0.4907679	-0.10012	0.0011509	0.998849	0.0023018	1.9977	0.4081041
4529	1	28.19138	27.01612	1.175256	0.305551	0.0018349	0.998165	0.0036698	1.99633	0.2058265
4530	0	29.2609	28.30074	0.9601558	0.0775023	0.00174985	0.99825	0.0034997	1.9965	0.2552222
4531	1	28.96085	28.49438	0.4664649	-0.260002	0.000533986	0.999466	0.00106797	1.99893	0.4181437
4532	0	28.42431	27.86474	0.5595669	-0.481609	0.000915461	0.999085	0.00183092	1.99817	0.380971
4533	1	29.71076	29.00574	0.7050236	0.0291401	0.000729429	0.999271	0.00145886	1.99854	0.3293979
4534	0	25.11724	25.31753	-0.2002873	0.555538	0.000818925	0.999181	0.00163785	1.99836	0.8145025
4535	1	27.89122	27.38139	0.5098326	0.395315	0.0012969	0.998703	0.0025938	1.99741	0.4003974
4536	0	29.48689	28.96611	0.5207866	0.0560267	0.00071544	0.999285	0.00143088	1.99857	0.3960354
4537	1	28.71982	28.29942	0.4203996	0.149137	0.000983032	0.999017	0.00196606	1.99803	0.4378562
4538	0	27.28715	27.21834	0.06880614	0.409028	0.000510362	0.99949	0.00102072	1.99898	0.6223384
4539	1	29.12545	28.3147	0.8107511	0.155885	0.000676758	0.999323	0.00135352	1.99865	0.2963494
4540	0	28.02789	27.97897	0.04891679	-0.175339	0.000531669	0.999468	0.00106334	1.99894	0.6348402
4541	1	29.6304	28.74954	0.8808612	-0.00942756	0.00076394	0.999236	0.00152788	1.99847	0.2762839
4542	0	28.8779	28.35606	0.5218386	-0.383322	0.000971695	0.999028	0.00194339	1.99806	0.395619
4543	1	29.4517	28.68269	0.7690175	0.196429	0.00106443	0.998936	0.00212886	1.99787	0.3089788
4544	0	27.4605	26.39166	1.068842	-0.472582	0.00212503	0.997875	0.00425005	1.99575	0.2289372
4545	1	29.75669	28.97553	0.7811583	0.0852151	0.00102436	0.998976	0.00204872	1.99795	0.3052502
4546	0	27.85823	26.78388	1.074344	-0.127276	0.00309213	0.996908	0.00618425	1.99382	0.2276812
4547	1	29.69622	28.90496	0.7912586	0.0248962	0.0012094	0.998791	0.00241879	1.99758	0.3021826
4548	0	28.51764	27.1333	1.384332	0.0462571	0.00222347	0.997777	0.00444695	1.99555	0.1669941
4549	1	29.79933	29.05262	0.746717	-0.0958256	0.00076986	0.99923	0.00153972	1.99846	0.3159466
4550	0	29.66922	28.62993	1.039289	0.0842524	0.00124018	0.99876	0.00248036	1.99752	0.2358041
4551	1	27.87339	27.41574	0.4576488	-0.0819703	0.000355049	0.999645	0.000710099	1.99929	0.4218465
4552	0	29.87267	28.99217	0.8804942	-0.0130579	0.00116687	0.998833	0.00233374	1.99767	0.2763853
4553	1	29.17864	28.7685	0.4101369	-0.104632	0.000793154	0.999207	0.00158631	1.99841	0.4423729
4554	0	27.48671	26.60621	0.8804942	-0.0695595	0.00296217	0.997038	0.00592435	1.99408	0.2763853
4555	1	28.98102	28.5163	0.4647271	-0.323777	0.000900062	0.9991	0.00180012	1.9982	0.418871
4556	0	27.94783	26.51011	1.437726	-0.118559	0.0027878	0.997212	0.0055756	1.99442	0.1583114
4557	1	26.99577	26.64254	0.3532326	0.481084	0.0012865	0.998713	0.00257301	1.99743	0.4682758
4558	0	24.6359	22.99193	1.643968	0.271604	0.00450142	0.995499	0.00900285	1.991	0.1288079
4559	1	28.67665	27.59277	1.083882	-0.328508	0.00191892	0.998081	0.00383784	1.99616	0.2255199
4560	0	25.30276	23.80338	1.499383	0.108433	0.00579195	0.994208	0.0115839	1.98842	0.1488452
4561	1	28.73801	27.96334	0.7746737	0.0294952	0.0018267	0.998173	0.00365339	1.99635	0.3072361
4562	0	29.6265	28.92252	0.7039823	0.0499153	0.00108965	0.99891	0.00217929	1.99782	0.3297411
4563	1	29.32713	28.12411	1.20302	0.0777351	0.00136447	0.998636	0.00272894	1.99727	0.2001906
4564	0	29.4992	28.70125	0.7979538	-0.296384	0.00103352	0.998966	0.00206704	1.99793	0.3001662
4565	1	29.04609	27.96298	1.083107	-0.146547	0.00207787	0.997922	0.00415574	1.99584	0.2256947
4566	0	28.0177	26.87492	1.142785	0.328153	0.00197678	0.998023	0.00395357	1.99605	0.2126197
4567	1	28.42076	28.1464	0.2743556	-0.265671	0.000848231	0.999152	0.00169646	1.9983	0.5067078
4568	0	28.69167	27.96848	0.723183	-0.0197105	0.00175496	0.998245	0.00350992	1.99649	0.3234703
4569	1	29.45326	28.83573	0.6175332	-0.223657	0.00101584	0.998984	0.00203168	1.99797	0.3595154
4570	0	28.79797	28.06336	0.7346065	0.233208	0.0014978	0.998502	0.0029956	1.997	0.3197961
4571	1	29.05147	28.39776	0.6537151	0.160058	0.00128472	0.998715	0.00256944	1.99743	0.3467399
4572	0	29.1621	28.75176	0.4103414	-0.220132	0.000743752	0.999256	0.0014875	1.99851	0.4422825
4573	1	28.8224	28.55516	0.2672419	-0.205956	0.000560882	0.999439	0.00112176	1.99888	0.5103252
4574	0	27.86662	27.10842	0.7581933	-0.472757	0.0018216	0.998178	0.00364321	1.99636	0.3123414
4575	1	29.17785	28.03768	1.140174	-0.236646	0.00169225	0.998308	0.0033845	1.99662	0.2131756
4576	0	29.61796	28.56821	1.04975	0.0191982	0.00153392	0.998466	0.00306784	1.99693	0.2333502
4577	1	29.86812	29.08482	0.783303	-0.13458	0.000909577	0.99909	0.00181915	1.99818	0.3045963
4578	0	28.26169	27.28999	0.9717013	-0.0393553	0.00259741	0.997403	0.00519482	1.99481	0.2522924
4579	1	27.87735	27.7971	0.0802572	-0.387415	0.000530619	0.999469	0.00106124	1.99894	0.6152526
4580	0	29.47012	28.84777	0.622353	0.100736	0.000995201	0.999005	0.0019904	1.99801	0.3577868
4581	1	25.0629	24.98956	0.07334428	0.645338	0.00122691	0.998773	0.00245382	1.99755	0.6195206
4582	0	28.39369	27.84944	0.5442518	-0.293975	0.000476745	0.999523	0.000953491	1.99905	0.3868505
4583	1	28.79239	28.44757	0.3448144	0.152852	0.000764435	0.999236	0.00152887	1.99847	0.4722345
4584	0	28.40808	28.07434	0.3337408	0.242448	0.000481521	0.999518	0.000963042	1.99904	0.477493
4585	1	28.37294	27.60566	0.7672836	0.106115	0.00199038	0.99801	0.00398077	1.99602	0.309515
4586	0	29.46825	28.58383	0.8844192	-0.235304	0.00141848	0.998582	0.00283696	1.99716	0.2753026
4587	1	29.41717	28.52229	0.89488	-0.193297	0.00154594	0.998454	0.00309188	1.99691	0.2724377
4588	0	27.96222	27.11169	0.8505271	0.362745	0.0019171	0.998083	0.00383419	1.99617	0.2847931
4589	1	28.9023	28.31807	0.584231	-0.0676112	0.00133133	0.998669	0.00266265	1.99734	0.3716896
4590	0	25.79792	24.97017	0.8277464	-0.609819	0.00248546	0.997515	0.00497093	1.99503	0.2913554
4591	1	28.62926	28.18664	0.4426197	0.228965	0.00100913	0.998991	0.00201826	1.99798	0.4282343
4592	0	29.41966	28.86965	0.5500114	0.000659087	0.000949639	0.99905	0.00189928	1.9981	0.3846288
4593	1	27.36175	26.76766	0.5940877	0.206882	0.00206235	0.997938	0.0041247	1.99588	0.368044
4594	0	29.07439	28.71196	0.3624387	-0.157363	0.000727381	0.999273	0.00145476	1.99855	0.4639847
4595	1	28.43989	28.01834	0.4215551	-0.431439	0.000974858	0.999025	0.00194972	1.99805	0.4373506
4596	0	29.60849	28.57352	1.034972	-0.113271	0.000947285	0.999053	0.00189457	1.99811	0.2368242
4597	1	27.69634	26.95339	0.742946	-0.405362	0.000580944	0.999419	0.00116189	1.99884	0.3171403
4598	0	29.54796	28.69782	0.8501406	-0.0960925	0.00145165	0.998548	0.00290329	1.9971	0.2849032
4599	1	29.21146	28.45836	0.7530946	0.195722	0.000716097	0.999284	0.00143219	1.99857	0.313938
4600	0	28.43719	28.19725	0.2399427	0.176574	0.000697126	0.999303	0.00139425	1.99861	0.5244486
4601	1	28.06807	27.69694	0.3711291	-0.458346	0.00105411	0.998946	0.00210822	1.99789	0.4599699
4602	0	27.97779	27.45948	0.5183073	0.444226	0.000840956	0.999159	0.00168191	1.99832	0.3970185
4603	1	28.61872	27.6448	0.9739209	-0.324739	0.00199916	0.998001	0.00399833	1.996	0.2517331
4604	0	26.82852	25.95692	0.8715987	0.296509	0.00307057	0.996929	0.00614114	1.99386	0.2788549
4605	1	29.75679	28.7892	0.967599	-0.0818882	0.00139305	0.998607	0.00278611	1.99721	0.2533295
4606	0	28.81338	28.16413	0.6492561	0.105116	0.0014642	0.998536	0.0029284	1.99707	0.3482895
4607	1	26.95913	26.14714	0.8119944	0.47658	0.00207611	0.997924	0.00415222	1.99585	0.2959812
4608	0	29.10901	28.35149	0.7575216	-0.24352	0.00150507	0.998495	0.00301015	1.99699	0.3125513
4609	1	29.64253	28.69992	0.9426051	-0.188811	0.00137866	0.998621	0.00275733	1.99724	0.259741
4610	0	27.8503	26.83643	1.013868	-0.452669	0.00104864	0.998951	0.00209729	1.9979	0.2418753
4611	1	28.40011	27.27678	1.123334	-0.206985	0.00257448	0.997426	0.00514895	1.99485	0.2167959
4612	0	26.59164	26.41307	0.1785755	-0.234196	0.000263374	0.999737	0.000526748	1.99947	0.5576406
4613	1	29.82079	29.11222	0.7085669	-0.0335476	0.000786778	0.999213	0.00157356	1.99843	0.3282328
4614	0	26.45836	26.65178	-0.1934152	0.18162	0.000254358	0.999746	0.000508716	1.99949	0.8089244
4615	1	29.53448	28.6334	0.9010796	-0.184184	0.00146408	0.998536	0.00292816	1.99707	0.270754
4616	0	26.53251	26.81165	-0.279141	0.157593	0.000349244	0.999651	0.000698488	1.9993	0.8813292
4617	1	29.02793	28.23671	0.7912279	-0.315547	0.000725867	0.999274	0.00145173	1.99855	0.3021919
4618	0	29.76736	28.94353	0.8238279	-0.145994	0.0011898	0.99881	0.00237961	1.99762	0.2924993
4619	1	29.80308	28.88297	0.9201091	0.00287047	0.00128454	0.998715	0.00256909	1.99743	0.2656504
4620	0	29.41826	28.89452	0.5237453	-0.231783	0.000739358	0.999261	0.00147872	1.99852	0.3948654
4621	1	28.60776	27.73854	0.8692296	-0.429011	0.00101886	0.998981	0.00203771	1.99796	0.2795163
4622	0	29.19666	28.42986	0.7667998	-0.293306	0.00138078	0.998619	0.00276157	1.99724	0.3096648
4623	1	29.15776	28.28149	0.8762662	-0.317857	0.00147549	0.998525	0.00295098	1.99705	0.2775564
4624	0	28.3978	27.55198	0.8458187	-0.311578	0.00204812	0.997952	0.00409624	1.9959	0.2861372
4625	1	29.78153	28.76352	1.018005	0.00749553	0.00105273	0.998947	0.00210546	1.99789	0.2408767
4626	0	28.8453	28.57182	0.2734812	0.0576371	0.000576675	0.999423	0.00115335	1.99885	0.5071511
4627	1	29.64103	28.72619	0.9148395	0.13933	0.00114469	0.998855	0.00228939	1.99771	0.2670539
4628	0	27.5722	27.62233	-0.05012337	-0.248164	0.00036912	0.999631	0.00073824	1.99926	0.7009339
4629	1	26.1636	25.74271	0.420889	-0.127672	0.00224547	0.997755	0.00449093	1.99551	0.437642
4630	0	28.25553	28.15154	0.1039897	0.035369	0.000428196	0.999572	0.000856391	1.99914	0.6008231
4631	1	29.41666	28.48633	0.9303292	-0.042116	0.00166959	0.99833	0.00333918	1.99666	0.2629492
4632	0	29.06453	28.45341	0.6111191	-0.221845	0.00126712	0.998733	0.00253425	1.99747	0.3618288
4633	1	28.94793	28.0445	0.9034324	-0.16147	0.00194033	0.99806	0.00388066	1.99612	0.2701177
4634	0	29.47785	28.69343	0.7844142	-0.109386	0.00139234	0.998608	0.00278467	1.99722	0.304258
4635	1	28.80061	28.50497	0.2956402	-0.0789117	0.000741061	0.999259	0.00148212	1.99852	0.4960367
4636	0	28.66848	27.34509	1.323391	-0.0632774	0.00234988	0.99765	0.00469975	1.9953	0.1774874
4637	1	29.03859	28.65657	0.3820281	0.0139741	0.000794433	0.999206	0.00158887	1.99841	0.4549839
4638	0	25.87634	25.2437	0.6326399	-0.569712	0.00265129	0.997349	0.00530258	1.9947	0.3541251
4639	1	29.142	28.07916	1.062834	0.195725	0.00107224	0.998928	0.00214448	1.99786	0.2303169
4640	0	29.36815	28.80438	0.5637683	-0.279465	0.000846534	0.999153	0.00169307	1.99831	0.3793738
4641	1	28.50643	27.48011	1.026322	-0.125797	0.000663248	0.999337	0.0013265	1.99867	0.2388816
4642	0	29.45265	28.88888	0.5637683	0.10924	0.000849052	0.999151	0.0016981	1.9983	0.3793738
4643	1	26.64022	25.63794	1.00228	-0.565741	0.00161243	0.998388	0.00322486	1.99678	0.2446945
4644	0	29.29129	28.39364	0.897651	-0.0468853	0.00171791	0.998282	0.00343583	1.99656	0.2716839
4645	1	28.39907	27.61714	0.7819372	-0.0291835	0.00207224	0.997928	0.00414449	1.99586	0.3050126
4646	0	24.79702	24.80648	-0.009459881	0.00325636	0.00142027	0.99858	0.00284053	1.99716	0.6730032
4647	1	26.29052	25.50858	0.7819372	-0.350696	0.00338751	0.996612	0.00677503	1.99322	0.3050126
4648	0	29.84722	28.88651	0.960707	-0.133667	0.00115461	0.998845	0.00230922	1.99769	0.2550815
4649	1	28.26065	27.27594	0.9847086	0.364996	0.00116221	0.998838	0.00232441	1.99768	0.249032
4650	0	29.37871	28.88783	0.4908826	-0.0229149	0.000845823	0.999154	0.00169165	1.99831	0.4080573
4651	1	28.81711	27.49635	1.320755	0.0175283	0.00122676	0.998773	0.00245353	1.99755	0.1779558
4652	0	27.48069	26.83136	0.6493312	0.452719	0.0007238	0.999276	0.0014476	1.99855	0.3482634
4653	1	29.4	28.23015	1.169846	0.0204655	0.00170315	0.998297	0.00340629	1.99659	0.2069432
4654	0	28.27237	26.88197	1.390402	0.124482	0.00224209	0.997758	0.00448417	1.99552	0.1659834
4655	1	29.5536	28.38375	1.169846	-0.0291957	0.00147845	0.998522	0.00295691	1.99704	0.2069432
4656	0	28.51644	27.10877	1.407664	-0.15684	0.0016584	0.998342	0.00331681	1.99668	0.1631428
4657	1	28.71888	28.29773	0.4211512	0.284922	0.000766194	0.999234	0.00153239	1.99847	0.4375272
4658	0	28.86729	27.86531	1.001979	-0.207493	0.0020873	0.997913	0.00417459	1.99583	0.244768
4659	1	29.86934	28.94455	0.9247866	-0.0520128	0.00122619	0.998774	0.00245238	1.99755	0.2644107
4660	0	29.46876	28.56118	0.9075834	0.128062	0.000836265	0.999164	0.00167253	1.99833	0.2689988
4661	1	29.24296	28.79893	0.4440291	-0.199805	0.00079177	0.999208	0.00158354	1.99842	0.4276312
4662	0	29.2253	28.61697	0.608328	-0.321486	0.000728626	0.999271	0.00145725	1.99854	0.3628401
4663	1	28.56134	28.14703	0.414316	-0.353507	0.000527543	0.999472	0.00105509	1.99894	0.4405281
4664	0	29.58318	28.77537	0.8078088	0.0858355	0.00126973	0.99873	0.00253945	1.99746	0.2972226
4665	1	27.78372	27.73159	0.05212911	0.160908	0.000370416	0.99963	0.000740832	1.99926	0.6328042
4666	0	27.9034	27.14801	0.7553932	-0.200475	0.00229508	0.997705	0.00459015	1.99541	0.3132172
4667	1	28.49692	27.43915	1.057764	-0.359869	0.001956	0.998044	0.003912	1.99609	0.2314875
4668	0	29.67564	28.5568	1.118841	-0.0720924	0.00123278	0.998767	0.00246555	1.99753	0.2177721
4669	1	29.65386	28.5384	1.115453	-0.0198278	0.00116534	0.998835	0.00233068	1.99767	0.2185111
4670	0	28.55373	27.21417	1.339563	-0.22896	0.00188793	0.998112	0.00377587	1.99622	0.1746401
4671	1	28.85798	27.49416	1.363813	-0.00751695	0.00182906	0.998171	0.00365811	1.99634	0.170456
4672	0	28.72658	27.55547	1.17111	-0.216402	0.00224458	0.997755	0.00448916	1.99551	0.2066817
4673	1	26.88897	26.07766	0.8113124	0.324264	0.00280611	0.997194	0.00561221	1.99439	0.2961831
4674	0	29.40038	28.22927	1.17111	0.0840452	0.0013281	0.998672	0.0026562	1.99734	0.2066817
4675	1	25.12965	24.46081	0.668838	-0.0244045	0.00398688	0.996013	0.00797375	1.99203	0.3415357
4676	0	28.53439	27.28108	1.253306	0.00246512	0.00259052	0.997409	0.00518104	1.99482	0.1903727
4677	1	28.00186	26.59486	1.407001	0.00750528	0.00288511	0.997115	0.00577022	1.99423	0.163251
4678	0	26.39014	25.34981	1.040327	-0.566145	0.00194885	0.998051	0.00389769	1.9961	0.2355594
4679	1	26.9159	25.99024	0.9256659	0.175711	0.00338164	0.996618	0.00676328	1.99324	0.2641783
4680	0	29.20756	28.05286	1.154697	0.157809	0.00142746	0.998573	0.00285493	1.99715	0.210102
4681	1	27.95146	27.33153	0.6199298	-0.0429753	0.00191308	0.998087	0.00382617	1.99617	0.3586548
4682	0	28.87061	28.34216	0.5284451	-0.39966	0.000771918	0.999228	0.00154384	1.99846	0.3930139
4683	1	27.21976	26.59983	0.6199298	-0.505842	0.00194862	0.998051	0.00389724	1.9961	0.3586548
4684	0	27.87979	27.80286	0.07692887	-0.12331	0.00066388	0.999336	0.00132776	1.99867	0.6173038
4685	1	29.66367	29.01924	0.6444291	0.0672553	0.000758827	0.999241	0.00151765	1.99848	0.3499748
4686	0	27.96027	27.88334	0.07692887	0.183948	0.000538249	0.999462	0.0010765	1.99892	0.6173038
4687	1	27.82825	27.15937	0.6688799	0.423828	0.000743832	0.999256	0.00148766	1.99851	0.3415214
4688	0	27.43728	27.01667	0.4206067	0.168721	0.00156414	0.998436	0.00312828	1.99687	0.4377655
4689	1	28.02493	27.28028	0.7446529	-0.11093	0.00221377	0.997786	0.00442754	1.99557	0.3165994
4690	0	28.57563	27.82626	0.7493614	-0.394745	0.00157169	0.998428	0.00314338	1.99686	0.3151122
4691	1	27.86749	27.06885	0.7986409	-0.328184	0.00229997	0.9977	0.00459995	1.9954	0.2999601
4692	0	28.37482	27.74493	0.6298884	-0.0184911	0.00170724	0.998293	0.00341449	1.99659	0.3551008
4693	1	23.40071	22.65404	0.7466673	0.167599	0.0060979	0.993902	0.0121958	1.9878	0.3159623
4694	0	29.40112	28.35915	1.041969	-0.0921251	0.000855546	0.999144	0.00171109	1.99829	0.2351729
4695	1	26.9778	25.98934	0.9884636	-0.346099	0.00332679	0.996673	0.00665357	1.99335	0.2480987
4696	0	29.39299	28.71919	0.6737963	-0.0174592	0.00123549	0.998765	0.00247097	1.99753	0.3398464
4697	1	28.37198	27.38352	0.9884636	-0.136303	0.0025248	0.997475	0.0050496	1.99495	0.2480987
4698	0	28.96085	28.16471	0.7961349	-0.394338	0.00124833	0.998752	0.00249667	1.9975	0.3007127
4699	1	28.70589	27.93791	0.7679763	-0.0393567	0.0018522	0.998148	0.00370439	1.9963	0.3093007
4700	0	28.5392	27.68864	0.8505616	0.137027	0.00203362	0.997966	0.00406724	1.99593	0.2847833
4701	1	29.82706	28.81314	1.013922	-0.0632699	0.00128551	0.998714	0.00257103	1.99743	0.2418622
4702	0	28.60892	27.49973	1.109194	0.0442042	0.00247285	0.997527	0.00494569	1.99505	0.2198832
4703	1	29.85407	28.98733	0.8667358	-0.0268923	0.000867158	0.999133	0.00173432	1.99827	0.2802142
4704	0	29.41566	28.26453	1.151127	-0.0530826	0.00176191	0.998238	0.00352382	1.99648	0.2108534
4705	1	29.90391	29.03718	0.8667358	-0.0990451	0.000943798	0.999056	0.0018876	1.99811	0.2802142
4706	0	29.85712	29.0965	0.7606144	-0.0511438	0.00081338	0.999187	0.00162676	1.99837	0.3115861
4707	1	29.11187	28.50616	0.6057145	0.0512337	0.00123432	0.998766	0.00246865	1.99753	0.3637896
4708	0	29.65538	29.07572	0.5796659	-0.105448	0.000803041	0.999197	0.00160608	1.99839	0.3733903
4709	1	29.00627	28.33699	0.6692775	-0.135218	0.00145703	0.998543	0.00291405	1.99709	0.3413856
4710	0	27.71989	26.53759	1.182302	-0.202635	0.00323224	0.996768	0.00646448	1.99354	0.2043815
4711	1	29.20902	28.4925	0.7165235	-0.329654	0.000774211	0.999226	0.00154842	1.99845	0.3256316
4712	0	25.73246	24.55016	1.182302	0.197922	0.00511838	0.994882	0.0102368	1.98976	0.2043815
4713	1	27.20595	26.826	0.3799463	0.373247	0.00143088	0.998569	0.00286176	1.99714	0.4559321
4714	0	23.64659	22.80492	0.8416635	0.653484	0.00285174	0.997148	0.00570348	1.9943	0.2873287
4715	1	29.82282	29.09801	0.7248139	-0.142463	0.000906356	0.999094	0.00181271	1.99819	0.3229432
4716	0	28.6301	28.2856	0.3445049	-0.212032	0.000921197	0.999079	0.00184239	1.99816	0.4723807
4717	1	27.35451	25.81519	1.539317	-0.234836	0.00202396	0.997976	0.00404792	1.99595	0.1430184
4718	0	25.51675	25.40764	0.1091091	0.350299	0.00148091	0.998519	0.00296182	1.99704	0.5977551
4719	1	28.53793	27.54806	0.989866	-0.417879	0.00146657	0.998533	0.00293313	1.99707	0.247751
4720	0	28.34389	28.23478	0.1091091	-0.0669446	0.000455435	0.999545	0.00091087	1.99909	0.5977551
4721	1	27.8315	26.51554	1.31596	-0.318661	0.00243757	0.997562	0.00487514	1.99512	0.1788111
4722	0	26.39291	26.24788	0.1450282	-0.538665	0.0012802	0.99872	0.00256041	1.99744	0.5766653
4723	1	26.85264	26.0415	0.8111411	0.522274	0.001664	0.998336	0.00332801	1.99667	0.2962338
4724	0	27.63338	26.42561	1.207773	0.35296	0.00195834	0.998042	0.00391669	1.99608	0.1992415
4725	1	26.99702	25.66193	1.335085	-0.408828	0.00243877	0.997561	0.00487754	1.99512	0.1754239
4726	0	28.66785	27.39535	1.272498	-0.237876	0.00203191	0.997968	0.00406382	1.99594	0.1867541
4727	1	29.244	28.41925	0.8247489	0.204719	0.00135549	0.998645	0.00271098	1.99729	0.29223
4728	0	29.77673	29.06175	0.7149831	-0.161779	0.00082285	0.999177	0.0016457	1.99835	0.3261336
4729	1	28.43196	27.63158	0.8003773	0.363092	0.00144513	0.998555	0.00289026	1.99711	0.2994397
4730	0	25.95837	26.19624	-0.2378773	-0.0672475	0.000618933	0.999381	0.00123787	1.99876	0.8457023
4731	1	29.4567	28.47859	0.978113	-0.248409	0.000988012	0.999012	0.00197602	1.99802	0.25068
4732	0	27.28444	27.31019	-0.02574612	-0.341631	0.000650911	0.999349	0.00130182	1.9987	0.6840536
4733	1	29.68453	29.06159	0.6229385	-0.142394	0.000738079	0.999262	0.00147616	1.99852	0.3575773
4734	0	28.1866	28.10683	0.07977182	0.0466557	0.000466672	0.999533	0.000933344	1.99907	0.6155513
4735	1	29.40158	28.41461	0.9869666	-0.235471	0.000932004	0.999068	0.00186401	1.99814	0.2484704
4736	0	28.89528	28.38614	0.5091414	-0.00487041	0.000463366	0.999537	0.000926732	1.99907	0.4006743
4737	1	28.38728	28.10083	0.286452	-0.19936	0.000905385	0.999095	0.00181077	1.99819	0.5006154
4738	0	28.68842	27.55232	1.136103	0.067861	0.000821461	0.999179	0.00164292	1.99836	0.2140453
4739	1	29.28926	28.82004	0.4692137	0.0682364	0.000589285	0.999411	0.00117857	1.99882	0.4169959
4740	0	28.4802	27.9535	0.5267024	-0.139958	0.00141044	0.99859	0.00282089	1.99718	0.3936994
4741	1	27.42999	27.11417	0.3158194	-0.561622	0.000672868	0.999327	0.00134574	1.99865	0.4861274
4742	0	29.2807	28.54502	0.7356824	0.00124526	0.00142296	0.998577	0.00284591	1.99715	0.3194522
4743	1	26.79698	26.71659	0.08038315	0.0418106	0.000250662	0.999749	0.000501325	1.9995	0.6151751
4744	0	29.59462	28.62562	0.9690005	0.0540241	0.000873985	0.999126	0.00174797	1.99825	0.2529748
4745	1	29.57296	28.6726	0.9003584	0.127073	0.00131482	0.998685	0.00262964	1.99737	0.2709493
4746	0	28.77692	28.47066	0.3062632	0.167709	0.000584405	0.999416	0.00116881	1.99883	0.4907952
4747	1	26.64095	26.17014	0.4708173	-0.219429	0.00217015	0.99783	0.00434031	1.99566	0.4163278
4748	0	29.28751	28.73976	0.5477444	-0.253923	0.000959222	0.999041	0.00191844	1.99808	0.3855017
4749	1	26.58873	26.38104	0.2076984	-0.506695	0.00136924	0.998631	0.00273849	1.99726	0.5416347
4750	0	26.35143	25.78561	0.5658156	-0.108702	0.00266673	0.997333	0.00533346	1.99467	0.3785978
4751	1	28.45994	27.61262	0.847319	0.376098	0.00125913	0.998741	0.00251827	1.99748	0.2857083
4752	0	23.90199	23.36185	0.5401381	-0.525213	0.00415079	0.995849	0.00830159	1.9917	0.3884452
4753	1	29.55431	28.53926	1.015043	-0.215481	0.00104993	0.99895	0.00209987	1.9979	0.2415913
4754	0	29.36561	28.18527	1.180342	-0.149308	0.00119498	0.998805	0.00238995	1.99761	0.2047825
4755	1	27.18779	26.75656	0.431229	-0.122431	0.0017694	0.998231	0.00353879	1.99646	0.4331401
4756	0	28.36598	27.43165	0.934331	0.294204	0.00194298	0.998057	0.00388595	1.99611	0.2618991
4757	1	28.91817	27.91236	1.005811	-0.287327	0.00187108	0.998129	0.00374216	1.99626	0.2438319
4758	0	29.15034	27.96044	1.189903	0.0371361	0.00196284	0.998037	0.00392567	1.99607	0.2028338
4759	1	27.47399	26.8341	0.6398945	-0.204639	0.002015	0.997985	0.00403	1.99597	0.3515654
4760	0	26.06069	25.66952	0.3911743	0.0367174	0.00216714	0.997833	0.00433429	1.99567	0.4508415
4761	1	28.17657	27.40845	0.7681237	-0.387306	0.000639258	0.999361	0.00127852	1.99872	0.3092551
4762	0	28.29839	28.06942	0.228976	0.172496	0.000748439	0.999252	0.00149688	1.9985	0.5302317
4763	1	29.32292	28.15982	1.163099	0.119355	0.00143723	0.998563	0.00287446	1.99713	0.208344
4764	0	29.05751	28.50121	0.5562955	-0.218081	0.00115885	0.998841	0.0023177	1.99768	0.3822194
4765	1	28.6968	27.31222	1.384572	0.0161154	0.00197692	0.998023	0.00395384	1.99605	0.1669539
4766	0	28.56545	28.07537	0.4900803	0.318664	0.000633211	0.999367	0.00126642	1.99873	0.4083848
4767	1	28.47953	27.15486	1.32467	-0.115442	0.00251724	0.997483	0.00503449	1.99497	0.1772604
4768	0	28.71394	28.35364	0.3603047	0.241507	0.000598287	0.999402	0.00119657	1.9988	0.4649759
4769	1	28.86242	27.82033	1.042089	-0.106869	0.00223116	0.997769	0.00446232	1.99554	0.2351447
4770	0	28.88861	27.79328	1.095329	0.238275	0.00162737	0.998373	0.00325474	1.99675	0.2229531
4771	1	27.77353	26.98338	0.790145	0.130054	0.00241559	0.997584	0.00483118	1.99517	0.3025193
4772	0	29.18996	28.02391	1.16605	0.0597968	0.00102558	0.998974	0.00205117	1.99795	0.2077301
4773	1	25.43075	24.52339	0.9073654	-0.596675	0.00295673	0.997043	0.00591346	1.99409	0.2690574
4774	0	28.81406	28.25826	0.5558041	-0.127402	0.00131282	0.998687	0.00262564	1.99737	0.3824072
4775	1	28.36137	27.76592	0.5954451	-0.479652	0.00116313	0.998837	0.00232626	1.99767	0.3675447
4776	0	27.94337	27.23582	0.7075542	-0.240484	0.00212491	0.997875	0.00424982	1.99575	0.3285654
4777	1	29.71582	29.03262	0.6832006	0.0145346	0.000992025	0.999008	0.00198405	1.99802	0.3366654
4778	0	26.74135	26.19657	0.5447821	-0.129607	0.00236094	0.997639	0.00472189	1.99528	0.3866454
4779	1	29.38885	28.47665	0.912199	0.0355906	0.00163046	0.99837	0.00326091	1.99674	0.26776
4780	0	29.46821	28.33506	1.133158	-0.0528354	0.00171561	0.998284	0.00343122	1.99657	0.2146764
4781	1	27.22777	26.58836	0.6394152	0.496195	0.0015504	0.99845	0.00310079	1.9969	0.3517339
4782	0	28.17748	27.4189	0.7585838	-0.195283	0.00213181	0.997868	0.00426363	1.99574	0.3122195
4783	1	28.047	27.21637	0.8306232	0.412097	0.000982014	0.999018	0.00196403	1.99804	0.2905184
4784	0	25.73979	24.62727	1.112517	0.458711	0.00335163	0.996648	0.00670327	1.9933	0.2191536
4785	1	29.46602	28.61861	0.8474146	-0.0328348	0.00150928	0.998491	0.00301856	1.99698	0.2856809
4786	0	26.79331	26.10009	0.6932214	-0.598156	0.00173545	0.998265	0.0034709	1.99653	0.3333086
4787	1	28.94215	28.61571	0.326433	0.0725256	0.000526266	0.999474	0.00105253	1.99895	0.4809951
4788	0	28.88992	28.60311	0.2868087	-0.0896695	0.000661488	0.999339	0.00132298	1.99868	0.5004369
4789	1	24.72895	24.67677	0.05218251	0.568212	0.00155283	0.998447	0.00310565	1.99689	0.6327704
4790	0	26.85673	26.44925	0.4074823	-0.622886	0.00121928	0.998781	0.00243856	1.99756	0.4435488
4791	1	29.30292	28.62157	0.6813485	-0.0957516	0.00131371	0.998686	0.00262742	1.99737	0.3372895
4792	0	29.00045	28.64806	0.3523921	-0.249634	0.000614434	0.999386	0.00122887	1.99877	0.4686696
4793	1	28.13549	26.63427	1.50122	-0.00246694	0.00180612	0.998194	0.00361224	1.99639	0.1485721
4794	0	29.82979	29.038	0.7917924	-0.0686209	0.00111622	0.998884	0.00223244	1.99777	0.3020214
4795	1	28.32928	26.89235	1.436925	0.0625912	0.00211589	0.997884	0.00423178	1.99577	0.1584382
4796	0	28.46749	27.52874	0.9387419	-0.342521	0.00204114	0.997959	0.00408227	1.99592	0.2607464
4797	1	29.1763	28.41669	0.7596107	0.0431195	0.00151609	0.998484	0.00303217	1.99697	0.311899
4798	0	29.53534	28.82364	0.7116979	-0.0192815	0.00121585	0.998784	0.00243169	1.99757	0.3272067
4799	1	23.74885	23.08129	0.6675636	-0.70177	0.00305055	0.996949	0.00610109	1.9939	0.3419712
4800	0	28.97885	28.59582	0.3830259	0.169683	0.000660943	0.999339	0.00132189	1.99868	0.4545302
4801	1	28.70844	27.524	1.18443	-0.0584284	0.00246463	0.997535	0.00492926	1.99507	0.2039469
4802	0	28.21044	27.79078	0.4196567	0.0679447	0.000382021	0.999618	0.000764042	1.99924	0.4381816
4803	1	28.14145	26.76624	1.375217	0.17962	0.00145835	0.998542	0.00291671	1.99708	0.1685231
4804	0	29.57807	28.62643	0.9516453	-0.180259	0.000878389	0.999122	0.00175678	1.99824	0.2574035
4805	1	26.89838	25.73963	1.158744	-0.0340344	0.00415966	0.99584	0.00831932	1.99168	0.2092535
4806	0	25.78682	25.47036	0.3164586	0.621258	0.000753278	0.999247	0.00150656	1.99849	0.4858168
4807	1	29.67996	28.73301	0.9469444	0.0617624	0.00137141	0.998629	0.00274283	1.99726	0.2586164
4808	0	28.35163	27.4683	0.8833244	-0.229509	0.00226698	0.997733	0.00453396	1.99547	0.2756042
4809	1	29.70254	28.70913	0.9934089	0.0414922	0.00139632	0.998604	0.00279265	1.99721	0.2468748
4810	0	27.57277	26.45569	1.117083	-0.220219	0.00328661	0.996713	0.00657322	1.99343	0.2181553
4811	1	29.55832	28.63753	0.9207956	0.139449	0.00093272	0.999067	0.00186544	1.99813	0.2654681
4812	0	24.66992	22.89033	1.779588	-0.257379	0.0019851	0.998015	0.00397019	1.99603	0.1124718
4813	1	29.01474	27.96082	1.053924	0.106743	0.00199676	0.998003	0.00399352	1.99601	0.2323782
4814	0	28.26874	27.34317	0.9255687	-0.433383	0.000950314	0.99905	0.00190063	1.9981	0.264204
4815	1	27.58496	27.41658	0.168379	0.377257	0.000478425	0.999522	0.000956849	1.99904	0.5633557
4816	0	27.2104	27.05856	0.1518342	0.389689	0.00089472	0.999105	0.00178944	1.99821	0.5727538
4817	1	28.68152	27.76209	0.9194288	-0.340965	0.00185325	0.998147	0.0037065	1.99629	0.2658312
4818	0	27.06658	27.14285	-0.07627016	0.306145	0.000523159	0.999477	0.00104632	1.99895	0.7195027
4819	1	23.18935	21.82317	1.366176	0.372546	0.00732549	0.992675	0.014651	1.98535	0.1700537
4820	0	29.77129	29.07944	0.6918533	-0.160973	0.000874353	0.999126	0.00174871	1.99825	0.3337649
4821	1	26.89631	25.77049	1.125821	0.245641	0.0036152	0.996385	0.00723039	1.99277	0.2162573
4822	0	27.1846	26.56297	0.6216349	0.212133	0.000400162	0.9996	0.000800324	1.9992	0.3580438
4823	1	26.99735	25.47213	1.525215	-0.286525	0.00249632	0.997504	0.00499265	1.99501	0.1450495
4824	0	26.21866	26.46086	-0.2421929	-0.425214	0.000293954	0.999706	0.000587907	1.99941	0.84936
4825	1	28.76758	27.99346	0.7741248	-0.0245706	0.00182534	0.998175	0.00365069	1.99635	0.3074048
4826	0	26.9914	27.07913	-0.08773097	-0.37192	0.000329064	0.999671	0.000658129	1.99934	0.7277963
4827	1	28.95479	28.29167	0.6631165	-0.288564	0.00137846	0.998622	0.00275692	1.99724	0.3434954
4828	0	29.0175	28.51365	0.5038475	-0.309378	0.000604729	0.999395	0.00120946	1.99879	0.402801
4829	1	29.13177	27.88449	1.247277	-0.168838	0.00173327	0.998267	0.00346653	1.99653	0.1915241
4830	0	29.31925	28.75131	0.5679434	-0.300316	0.000774211	0.999226	0.00154842	1.99845	0.3777931
4831	1	27.96987	27.44941	0.5204604	0.0332087	0.00162082	0.998379	0.00324165	1.99676	0.3961646
4832	0	29.88444	29.12024	0.7642018	-0.0684783	0.000854577	0.999145	0.00170915	1.99829	0.3104703
4833	1	28.34511	27.86131	0.4838016	0.101331	0.0013294	0.998671	0.00265881	1.99734	0.410957
4834	0	29.05513	28.2159	0.8392273	0.22756	0.00147739	0.998523	0.00295477	1.99705	0.2880295
4835	1	28.94931	27.92861	1.020702	-0.0185007	0.00214265	0.997857	0.00428531	1.99571	0.240228
4836	0	28.91968	27.78934	1.130347	-0.144861	0.00220708	0.997793	0.00441416	1.99559	0.2152807
4837	1	24.79801	23.9341	0.8639158	-0.392872	0.00496179	0.995038	0.00992358	1.99008	0.2810055
4838	0	27.18972	26.36809	0.8216313	0.384129	0.00240562	0.997594	0.00481123	1.99519	0.2931425
4839	1	24.0121	22.97519	1.036909	0.576275	0.00367903	0.996321	0.00735806	1.99264	0.236366
4840	0	29.01087	27.97116	1.039716	0.208004	0.00171139	0.998289	0.00342277	1.99658	0.2357033
4841	1	28.77405	27.92434	0.8497132	-0.272352	0.00185415	0.998146	0.00370829	1.99629	0.285025
4842	0	29.04235	27.83161	1.210746	-0.117231	0.00208034	0.99792	0.00416068	1.99584	0.1986499
4843	1	28.99181	28.52751	0.4642954	0.195406	0.000869076	0.999131	0.00173815	1.99826	0.4190519
4844	0	29.13139	28.19689	0.9345025	-0.118417	0.0018796	0.99812	0.0037592	1.99624	0.2618542
4845	1	28.47651	27.90152	0.5749863	-0.273712	0.00148406	0.998516	0.00296812	1.99703	0.3751417
4846	0	27.60419	26.795	0.8091894	0.193833	0.00251414	0.997486	0.00502828	1.99497	0.2968125
4847	1	29.5966	28.45377	1.142823	-0.11113	0.00139195	0.998608	0.0027839	1.99722	0.2126117
4848	0	28.4723	27.56184	0.910455	0.161297	0.00216063	0.997839	0.00432126	1.99568	0.2682274
4849	1	29.6439	28.91776	0.7261469	0.12265	0.000979989	0.99902	0.00195998	1.99804	0.3225129
4850	0	28.86635	27.86143	1.004919	0.261914	0.00101703	0.998983	0.00203406	1.99797	0.2440496
4851	1	29.01756	28.57421	0.4433457	-0.272017	0.00089586	0.999104	0.00179172	1.99821	0.4279235
4852	0	26.40006	25.98706	0.4129955	-0.109809	0.0020938	0.997906	0.00418761	1.99581	0.4411102
4853	1	29.86601	28.92724	0.9387618	-0.0220697	0.0012249	0.998775	0.0024498	1.99755	0.2607412
4854	0	26.71926	26.16739	0.5518639	0.0669232	0.00236325	0.997637	0.00472651	1.99527	0.383917
4855	1	28.02375	27.35653	0.6672138	-0.49815	0.000802626	0.999197	0.00160525	1.99839	0.3420909
4856	0	28.79916	27.65655	1.142607	0.0700234	0.00228639	0.997714	0.00457278	1.99543	0.2126575
4857	1	27.22162	26.34924	0.8723738	-0.161626	0.0031205	0.99688	0.00624099	1.99376	0.2786388
4858	0	29.89822	29.12088	0.7773371	-0.0277698	0.000955917	0.999044	0.00191183	1.99809	0.3064189
4859	1	28.52696	27.30555	1.221416	0.223754	0.00194407	0.998056	0.00388814	1.99611	0.1965417
4860	0	29.37122	28.5785	0.7927122	0.178859	0.00126165	0.998738	0.00252329	1.99748	0.3017437
4861	1	27.57916	26.35774	1.221416	-0.429549	0.00182379	0.998176	0.00364759	1.99635	0.1965417
4862	0	29.60528	28.57084	1.03444	-0.16318	0.00100572	0.998994	0.00201143	1.99799	0.2369501
4863	1	26.14212	24.59102	1.551102	0.294007	0.00207111	0.997929	0.00414221	1.99586	0.1413428
4864	0	29.44671	28.3578	1.088915	-0.222017	0.00120198	0.998798	0.00240396	1.9976	0.2243876
4865	1	27.7251	26.48592	1.239183	0.0640234	0.00332831	0.996672	0.00665663	1.99334	0.1930806
4866	0	29.05034	28.01764	1.032697	-0.0832312	0.00207796	0.997922	0.00415591	1.99584	0.2373636
4867	1	27.16336	26.31292	0.8504339	0.140341	0.00301134	0.996989	0.00602268	1.99398	0.2848197
4868	0	25.91939	25.40438	0.5150124	0.153524	0.00267718	0.997323	0.00535436	1.99465	0.3983288
4869	1	28.25714	26.913	1.34414	-0.285271	0.00169852	0.998301	0.00339705	1.9966	0.1738426
4870	0	29.42764	28.9471	0.480539	-0.00852111	0.000761578	0.999238	0.00152316	1.99848	0.4123
4871	1	29.16689	28.43339	0.7334985	0.134445	0.00139458	0.998605	0.00278916	1.99721	0.3201506
4872	0	29.18397	28.29295	0.8910237	-0.18723	0.00172882	0.998271	0.00345763	1.99654	0.2734904
4873	1	27.65654	26.13348	1.52306	0.119818	0.00216329	0.997837	0.00432658	1.99567	0.1453625
4874	0	28.5141	27.54123	0.9728744	0.286243	0.00186571	0.998134	0.00373142	1.99627	0.2519967
4875	1	25.83409	24.12132	1.712772	-0.0277688	0.00150677	0.998493	0.00301353	1.99699	0.1202434
4876	0	29.66637	28.91204	0.7543234	-0.195183	0.000776984	0.999223	0.00155397	1.99845	0.3135525
4877	1	22.54042	20.82765	1.712772	0.375479	0.00499694	0.995003	0.00999388	1.99001	0.1202434
4878	0	28.6165	28.05287	0.5636282	-0.117145	0.00143085	0.998569	0.0028617	1.99714	0.3794269
4879	1	28.14891	27.49669	0.6522159	0.148255	0.00181392	0.998186	0.00362784	1.99637	0.3472602
4880	0	28.27786	27.55774	0.7201216	-0.300627	0.00189895	0.998101	0.0037979	1.9962	0.324462
4881	1	29.51533	28.69559	0.8197462	0.188165	0.0010026	0.998997	0.0020052	1.99799	0.2936956
4882	0	29.40942	28.19345	1.215979	-0.0432549	0.0012788	0.998721	0.0025576	1.99744	0.1976131
4883	1	25.94171	25.51609	0.425618	-0.645035	0.000685756	0.999314	0.00137151	1.99863	0.4355773
4884	0	28.81219	28.15832	0.6538691	0.00690446	0.0015218	0.998478	0.0030436	1.99696	0.3466865
4885	1	27.26231	26.42161	0.8407013	-0.228025	0.000468133	0.999532	0.000936266	1.99906	0.2876053
4886	0	28.91791	28.12457	0.7933351	-0.393467	0.00131285	0.998687	0.0026257	1.99737	0.3015558
4887	1	29.60724	28.76654	0.8407013	0.0150745	0.00137023	0.99863	0.00274047	1.99726	0.2876053
4888	0	27.68234	27.11897	0.5633745	-0.560477	0.000959785	0.99904	0.00191957	1.99808	0.3795232
4889	1	23.32387	23.27013	0.05373423	0.259486	0.00223728	0.997763	0.00447455	1.99553	0.6317893
4890	0	29.4586	28.77366	0.6849426	-0.120543	0.000616928	0.999383	0.00123386	1.99877	0.3360794
4891	1	28.39777	28.02282	0.3749526	0.168328	0.00102681	0.998973	0.00205363	1.99795	0.4582146
4892	0	29.17868	28.08006	1.098616	-0.2861	0.00133033	0.99867	0.00266066	1.99734	0.2222215
4893	1	29.52066	28.9858	0.5348607	0.00385449	0.000644987	0.999355	0.00128997	1.99871	0.3905006
4894	0	28.62531	27.5145	1.110808	0.0725057	0.0024262	0.997574	0.00485239	1.99515	0.2195284
4895	1	29.4121	28.43516	0.9769415	0.190224	0.00114427	0.998856	0.00228855	1.99771	0.2509738
4896	0	28.98007	28.05212	0.9279578	-0.360271	0.00147631	0.998524	0.00295263	1.99705	0.2635735
4897	1	28.68468	27.70175	0.9829271	0.276046	0.0017479	0.998252	0.00349581	1.9965	0.2494761
4898	0	29.20982	28.30507	0.9047565	-0.0417894	0.00178733	0.998213	0.00357465	1.99643	0.2697603
4899	1	26.82282	26.06268	0.7601435	-0.173912	0.00305482	0.996945	0.00610963	1.99389	0.3117329
4900	0	29.52385	28.50566	1.018185	-0.0256222	0.000863012	0.999137	0.00172602	1.99827	0.2408333
4901	1	27.10276	25.80817	1.294586	-0.00195495	0.00404806	0.995952	0.00809612	1.9919	0.1826741
4902	0	26.93444	26.63845	0.2959918	-0.470368	0.00145239	0.998548	0.00290479	1.9971	0.4958623
4903	1	27.77259	26.72219	1.050399	0.235307	0.00276033	0.99724	0.00552065	1.99448	0.2331988
4904	0	28.24592	27.90514	0.3407783	-0.141452	0.000372026	0.999628	0.000744053	1.99926	0.4741444
4905	1	27.45883	26.41743	1.041407	-0.291384	0.00313658	0.996863	0.00627316	1.99373	0.2353051
4906	0	28.31423	27.9296	0.3846344	0.194988	0.00107048	0.99893	0.00214097	1.99786	0.4537996
4907	1	28.57491	27.17586	1.399054	-0.147781	0.00189132	0.998109	0.00378264	1.99622	0.1645536
4908	0	28.62549	27.85219	0.7732961	0.0325738	0.00189168	0.998108	0.00378336	1.99622	0.3076596
4909	1	27.97213	26.63503	1.3371	-0.197627	0.00286403	0.997136	0.00572806	1.99427	0.1750708
4910	0	29.28972	28.62799	0.6617281	0.119593	0.000617767	0.999382	0.00123553	1.99876	0.3439726
4911	1	26.8833	26.30405	0.5792502	-0.000712887	0.00237921	0.997621	0.00475842	1.99524	0.3735456
4912	0	27.58363	27.38045	0.203178	0.340369	0.000889472	0.999111	0.00177894	1.99822	0.5440887
4913	1	21.98782	21.29499	0.6928304	0.14329	0.00755071	0.992449	0.0151014	1.9849	0.333439
4914	0	29.50802	28.85894	0.6490714	-0.116922	0.000621177	0.999379	0.00124235	1.99876	0.3483538
4915	1	24.98321	24.40446	0.5787518	-0.410407	0.0035982	0.996402	0.00719639	1.9928	0.3737318
4916	0	28.52049	28.33222	0.1882647	0.0254139	0.000605793	0.999394	0.00121159	1.99879	0.5522636
4917	1	29.08793	28.1753	0.9126368	-0.0157588	0.00188144	0.998119	0.00376288	1.99624	0.2676428
4918	0	24.92858	23.88741	1.041169	-0.198109	0.00593556	0.994064	0.0118711	1.98813	0.2353611
4919	1	27.87902	27.46876	0.4102638	-0.296118	0.00138505	0.998615	0.00277011	1.99723	0.4423168
4920	0	28.67412	27.26532	1.408802	-0.0183584	0.00167933	0.998321	0.00335867	1.99664	0.1629573
4921	1	25.7776	25.40733	0.3702702	-0.0352837	0.0022494	0.997751	0.00449881	1.9955	0.4603651
4922	0	26.72367	26.02646	0.6972158	0.243015	0.00274315	0.997257	0.00548631	1.99451	0.3319799
4923	1	29.08686	28.61958	0.4672843	-0.0466553	0.000977452	0.999023	0.0019549	1.99805	0.4178013
4924	0	28.33628	27.49108	0.8452023	-0.0445979	0.00226687	0.997733	0.00453374	1.99547	0.2863136
4925	1	28.39212	27.29137	1.10075	0.316805	0.0013097	0.99869	0.00261941	1.99738	0.2217476
4926	0	28.91679	28.07159	0.8452023	-0.353357	0.00154512	0.998455	0.00309023	1.99691	0.2863136
4927	1	29.2115	28.48656	0.7249422	0.246684	0.00109535	0.998905	0.0021907	1.99781	0.3229017
4928	0	28.93445	27.844	1.090456	0.102508	0.00209395	0.997906	0.0041879	1.99581	0.2240421
4929	1	29.35629	28.7201	0.6361921	-0.252345	0.00109602	0.998904	0.00219205	1.99781	0.3528694
4930	0	29.71212	28.73937	0.9727505	0.0967675	0.00119699	0.998803	0.00239399	1.99761	0.2520279
4931	1	29.08928	28.30147	0.7878151	-0.32606	0.00141922	0.998581	0.00283845	1.99716	0.303225
4932	0	29.60795	28.78017	0.8277806	0.0296083	0.00133952	0.99866	0.00267904	1.99732	0.2913454
4933	1	29.78119	28.80872	0.9724707	-0.1681	0.00110702	0.998893	0.00221404	1.99779	0.2520984
4934	0	26.53616	26.05793	0.4782367	-0.642351	0.00136473	0.998635	0.00272946	1.99727	0.4132503
4935	1	28.3587	27.38623	0.9724707	0.131543	0.00239591	0.997604	0.00479181	1.99521	0.2520984
4936	0	28.56563	27.34396	1.221669	-0.317013	0.00139723	0.998603	0.00279446	1.99721	0.196492
4937	1	24.40557	24.2896	0.1159674	-0.762127	0.00111217	0.998888	0.00222433	1.99778	0.5936695
4938	0	29.03377	27.97771	1.056067	0.207928	0.00167647	0.998324	0.00335294	1.99665	0.2318807
4939	1	29.22576	28.67109	0.554672	-0.0144001	0.000527308	0.999473	0.00105462	1.99895	0.3828404
4940	0	27.3395	25.86683	1.472677	0.0732529	0.00332852	0.996671	0.00665703	1.99334	0.1528739
4941	1	27.32283	27.2122	0.1106331	0.346654	0.00039384	0.999606	0.000787679	1.99921	0.5968447
4942	0	28.86615	27.80833	1.057823	0.0758002	0.00217507	0.997825	0.00435015	1.99565	0.2314738
4943	1	28.31238	28.10892	0.2034628	-0.321499	0.000470058	0.99953	0.000940117	1.99906	0.5439337
4944	0	27.3704	26.31115	1.059248	-0.131907	0.00348998	0.99651	0.00697996	1.99302	0.2311442
4945	1	28.27922	27.84745	0.4317643	0.347416	0.00100111	0.998999	0.00200221	1.998	0.4329083
4946	0	28.76149	27.38982	1.371676	-0.0831306	0.00198634	0.998014	0.00397268	1.99603	0.1691209
4947	1	27.59923	27.37186	0.2273673	0.257691	0.000994567	0.999005	0.00198913	1.99801	0.5310854
4948	0	29.51047	28.53152	0.9789472	-0.207719	0.00149963	0.9985	0.00299925	1.997	0.250471
4949	1	29.0129	28.51125	0.501652	0.22807	0.000877327	0.999123	0.00175465	1.99825	0.4036863
4950	0	28.99129	27.67183	1.319457	0.0494727	0.00164047	0.99836	0.00328094	1.99672	0.178187
4951	1	28.91357	28.17767	0.7359084	0.312403	0.000894875	0.999105	0.00178975	1.99821	0.31938
4952	0	28.97462	28.54028	0.4343354	-0.155602	0.00084398	0.999156	0.00168796	1.99831	0.4317967
4953	1	29.43665	28.70424	0.7324105	-0.0620989	0.00132996	0.99867	0.00265991	1.99734	0.3204992
4954	0	27.44045	27.14328	0.2971737	-0.434612	0.00124924	0.998751	0.00249848	1.9975	0.4952766
4955	1	25.90249	25.8294	0.07308951	0.268498	0.0012527	0.998747	0.0025054	1.99749	0.6196784
4956	0	28.50804	27.65581	0.8522294	-0.312131	0.000654632	0.999345	0.00130926	1.99869	0.2843087
4957	1	27.58977	27.34151	0.2482533	0.212629	0.0010644	0.998936	0.0021288	1.99787	0.5201082
4958	0	28.76779	28.30008	0.4677162	-0.392363	0.000674819	0.999325	0.00134964	1.99865	0.4176208
4959	1	28.1226	27.74025	0.3823514	0.22546	0.00113355	0.998866	0.00226711	1.99773	0.4548369
4960	0	29.17143	28.60993	0.5614957	0.216092	0.000901142	0.999099	0.00180228	1.9982	0.3802369
4961	1	28.52388	27.67539	0.848487	-0.420074	0.000881457	0.999119	0.00176291	1.99824	0.2853747
4962	0	28.45253	27.94324	0.5092892	-0.39203	0.000569202	0.999431	0.0011384	1.99886	0.400615
4963	1	29.59813	28.93821	0.6599205	0.0209457	0.00104682	0.998953	0.00209364	1.99791	0.344595
4964	0	26.98589	27.20131	-0.2154149	-0.114624	0.000350429	0.99965	0.000700858	1.9993	0.8269176
4965	1	29.68747	29.02755	0.6599205	-0.0627779	0.0010007	0.998999	0.00200139	1.998	0.344595
4966	0	26.85619	26.94704	-0.09084968	0.377463	0.000506884	0.999493	0.00101377	1.99899	0.7300696
4967	1	28.0144	26.77186	1.242536	-0.0912374	0.00311037	0.99689	0.00622074	1.99378	0.1924342
4968	0	27.48382	27.57467	-0.09084968	0.0596086	0.00038247	0.999618	0.000764941	1.99924	0.7300696
4969	1	26.71192	25.7898	0.9221208	-0.530207	0.000892296	0.999108	0.00178459	1.99822	0.2651165
4970	0	28.42869	28.29147	0.1372175	3.88479e-05	0.000504264	0.999496	0.00100853	1.99899	0.5811871
4971	1	27.68767	26.50628	1.18139	-0.437424	0.00173812	0.998262	0.00347625	1.99652	0.204568
4972	0	27.98918	27.52994	0.4592475	-0.13665	0.00147657	0.998523	0.00295314	1.99705	0.4211726
4973	1	29.4602	28.69605	0.7641488	0.184235	0.0011028	0.998897	0.00220561	1.99779	0.3104868
4974	0	27.61174	26.27338	1.338361	-0.0896598	0.00346561	0.996534	0.00693122	1.99307	0.17485
4975	1	29.41558	28.67933	0.7362488	0.168724	0.00115319	0.998847	0.00230637	1.99769	0.3192713
4976	0	27.76991	26.49402	1.275887	-0.0138593	0.00335679	0.996643	0.00671358	1.99329	0.1861221
4977	1	26.74697	26.79143	-0.04445246	0.368798	0.000683815	0.999316	0.00136763	1.99863	0.6969702
4978	0	29.19227	28.25768	0.9345926	0.0729234	0.001778	0.998222	0.003556	1.99644	0.2618306
4979	1	27.70471	27.71862	-0.01391096	0.10564	0.000490825	0.999509	0.000981651	1.99902	0.6760054
4980	0	29.29483	28.32986	0.9649671	-0.311247	0.00131413	0.998686	0.00262826	1.99737	0.2539972
4981	1	28.91064	27.9084	1.00224	-0.357231	0.00110562	0.998894	0.00221123	1.99779	0.2447043
4982	0	29.83032	28.83794	0.9923882	-0.0988997	0.00104745	0.998953	0.0020949	1.99791	0.2471269
4983	1	27.68023	26.94592	0.7343108	-0.039915	0.00239744	0.997603	0.00479488	1.99521	0.3198907
4984	0	27.89098	27.62844	0.2625396	-0.483969	0.000860887	0.999139	0.00172177	1.99828	0.5127306
4985	1	24.04414	23.2861	0.7580459	0.200363	0.00539693	0.994603	0.0107939	1.98921	0.3123875
4986	0	28.52422	28.2533	0.2709219	-0.0473453	0.000814021	0.999186	0.00162804	1.99837	0.5084507
4987	1	25.22903	24.60729	0.6217448	0.411177	0.0033189	0.996681	0.0066378	1.99336	0.3580044
4988	0	27.97562	27.69904	0.2765706	0.0730719	0.0010211	0.998979	0.0020422	1.99796	0.5055867
4989	1	26.37522	24.81211	1.563102	0.049626	0.00421386	0.995786	0.00842773	1.99157	0.1396568
4990	0	29.44436	28.84661	0.5977508	-0.0675801	0.00105355	0.998946	0.0021071	1.99789	0.3666983
4991	1	27.06836	25.54921	1.519154	-0.262802	0.00274955	0.99725	0.0054991	1.9945	0.1459314
4992	0	28.50625	28.31557	0.1906819	-0.183646	0.000633469	0.999367	0.00126694	1.99873	0.5509303
4993	1	26.66483	26.09259	0.5722375	-0.515738	0.00218958	0.99781	0.00437916	1.99562	0.3761743
4994	0	29.32727	28.7591	0.5681617	-0.121093	0.00106076	0.998939	0.00212152	1.99788	0.3777107
4995	1	28.61627	27.80935	0.8069178	0.361926	0.00112434	0.998876	0.00224868	1.99775	0.2974875
4996	0	28.75389	28.12927	0.6246191	-0.399159	0.000709193	0.999291	0.00141839	1.99858	0.3569769
4997	1	26.43495	25.95921	0.4757316	0.0434805	0.00226483	0.997735	0.00452967	1.99547	0.4142868
4998	0	29.3629	28.54633	0.8165685	0.200732	0.000844932	0.999155	0.00168986	1.99831	0.2946304
4999	1	28.34363	27.80327	0.5403574	0.305367	0.000557231	0.999443	0.00111446	1.99889	0.38836
5000	0	29.03576	28.68025	0.3555094	0.0335646	0.000717111	0.999283	0.00143422	1.99857	0.4672109
5001	1	28.5971	27.68183	0.9152677	-0.410937	0.00098658	0.999013	0.00197316	1.99803	0.2669396
5002	0	29.63408	28.66836	0.965724	-0.223174	0.00126648	0.998734	0.00253295	1.99747	0.253805
5003	1	27.61934	27.05077	0.5685651	0.136509	0.00189099	0.998109	0.00378198	1.99622	0.3775583
5004	0	27.41406	26.4564	0.9576637	-0.216449	0.00315157	0.996848	0.00630315	1.9937	0.255859
5005	1	29.0056	27.73951	1.266094	0.058418	0.00194823	0.998052	0.00389645	1.9961	0.1879538
5006	0	28.36506	27.63637	0.7286917	0.206388	0.00180781	0.998192	0.00361562	1.99638	0.3216933
5007	1	28.60327	27.86563	0.7376435	0.096414	0.00178809	0.998212	0.00357618	1.99642	0.3188264
5008	0	27.9502	27.35898	0.5912203	-0.490545	0.00145464	0.998545	0.00290928	1.99709	0.3691008
5009	1	28.93748	28.38443	0.5530496	-0.0319582	0.00123981	0.99876	0.00247961	1.99752	0.383462
5010	0	29.29516	28.37328	0.9218826	0.124668	0.000778924	0.999221	0.00155785	1.99844	0.2651797
5011	1	29.09811	28.00638	1.091728	0.0649177	0.000863143	0.999137	0.00172629	1.99827	0.2237573
5012	0	28.94046	28.58275	0.3577094	0.0880095	0.000755393	0.999245	0.00151079	1.99849	0.4661842
5013	1	28.49814	27.64723	0.8509075	-0.265631	0.00205957	0.99794	0.00411914	1.99588	0.2846848
5014	0	29.85387	28.86941	0.9844689	-0.067675	0.00103668	0.998963	0.00207335	1.99793	0.2490917
5015	1	27.85616	26.85837	0.9977923	-0.0294083	0.00296718	0.997033	0.00593436	1.99407	0.245795
5016	0	29.77135	29.01342	0.7579252	-0.0798998	0.000749104	0.999251	0.00149821	1.9985	0.3124252
5017	1	28.62622	27.28013	1.346094	-0.213354	0.00175872	0.998241	0.00351743	1.99648	0.1735033
5018	0	29.43792	28.60323	0.8346907	0.136729	0.00135394	0.998646	0.00270788	1.99729	0.2893391
5019	1	27.67638	26.81073	0.8656436	0.0320469	0.00275445	0.997246	0.0055089	1.99449	0.2805204
5020	0	29.20149	28.3668	0.8346907	-0.35352	0.000994378	0.999006	0.00198876	1.99801	0.2893391
5021	1	26.53482	24.93928	1.595532	-0.156596	0.00365637	0.996344	0.00731273	1.99269	0.1352004
5022	0	29.12328	28.63285	0.4904291	0.140526	0.000911187	0.999089	0.00182237	1.99818	0.4082424
5023	1	24.54502	23.86249	0.6825315	-0.0378346	0.00458079	0.995419	0.00916158	1.99084	0.3368907
5024	0	27.60537	27.38381	0.2215629	-0.372832	0.00104305	0.998957	0.0020861	1.99791	0.534177
5025	1	26.72165	25.98253	0.7391172	0.00549196	0.00304795	0.996952	0.00609591	1.9939	0.3183569
5026	0	29.11311	27.81309	1.300013	-0.110994	0.00150775	0.998492	0.00301549	1.99698	0.1816855
5027	1	28.99654	28.41389	0.5826448	-0.388064	0.000925952	0.999074	0.0018519	1.99815	0.3722797
5028	0	28.18362	27.55009	0.6335302	-0.346736	0.00171384	0.998286	0.00342768	1.99657	0.35381
5029	1	28.97603	28.28576	0.6902717	0.00232636	0.00151162	0.998488	0.00302323	1.99698	0.3342932
5030	0	29.66058	28.5285	1.132084	-0.0392241	0.00129693	0.998703	0.00259387	1.99741	0.2149072
5031	1	29.75931	28.9547	0.8046121	-0.193503	0.00108487	0.998915	0.00216973	1.99783	0.2981743
5032	0	29.23582	28.32307	0.9127512	0.102537	0.000732577	0.999267	0.00146515	1.99853	0.2676122
5033	1	27.32282	26.76956	0.5532603	-0.448261	0.00189201	0.998108	0.00378403	1.99622	0.3833812
5034	0	28.57518	27.45028	1.124904	0.287097	0.00150452	0.998495	0.00300904	1.99699	0.2164558
5035	1	29.75886	28.81278	0.94608	-0.0356203	0.00137955	0.99862	0.00275909	1.99724	0.25884
5036	0	26.68962	26.78797	-0.09835008	-0.460342	0.000350077	0.99965	0.000700154	1.9993	0.735566
5037	1	27.38568	26.28009	1.105591	-0.157563	0.00353749	0.996463	0.00707497	1.99293	0.2206769
5038	0	25.78417	25.56231	0.2218599	-0.335611	0.000261033	0.999739	0.000522065	1.99948	0.5340184
5039	1	26.92109	25.38584	1.535253	-0.230687	0.00312608	0.996874	0.00625215	1.99375	0.1436008
5040	0	27.42495	27.38384	0.04110785	0.219282	0.000336609	0.999663	0.000673218	1.99933	0.6398171
5041	1	25.12135	24.55767	0.5636839	-0.0237545	0.00347467	0.996525	0.00694934	1.99305	0.3794058
5042	0	29.5035	28.68735	0.8161463	-0.267868	0.000856301	0.999144	0.0017126	1.99829	0.2947548
5043	1	24.33777	23.89028	0.4474888	-0.0529263	0.0034687	0.996531	0.00693739	1.99306	0.4261542
5044	0	29.80024	29.04936	0.7508774	-0.175227	0.000909588	0.99909	0.00181918	1.99818	0.3146349
5045	1	29.45298	28.56237	0.8906129	0.15219	0.000853353	0.999147	0.00170671	1.99829	0.2736028
5046	0	28.81243	27.43332	1.379114	-0.052115	0.00181176	0.998188	0.00362353	1.99638	0.1678678
5047	1	27.37477	26.85742	0.5173492	0.317103	0.00174618	0.998254	0.00349235	1.99651	0.3973991
5048	0	25.38133	24.31647	1.064858	0.106631	0.00546301	0.994537	0.010926	1.98907	0.2298511
5049	1	29.63184	28.5594	1.072445	0.0730305	0.00133706	0.998663	0.00267412	1.99733	0.2281139
5050	0	28.52409	27.55254	0.9715573	-0.0988435	0.00239551	0.997604	0.00479103	1.99521	0.2523288
5051	1	29.14935	28.24957	0.8997714	0.26232	0.00121646	0.998784	0.00243292	1.99757	0.2711084
5052	0	28.81129	27.54546	1.26583	-0.169535	0.00214733	0.997853	0.00429466	1.99571	0.1880033
5053	1	28.03963	26.67543	1.3642	-0.024944	0.00297644	0.997024	0.00595287	1.99405	0.17039
5054	0	28.58117	27.65493	0.9262422	0.097028	0.00219215	0.997808	0.0043843	1.99562	0.2640261
5055	1	28.46842	27.16093	1.307483	-0.00387374	0.00259916	0.997401	0.00519831	1.9948	0.1803333
5056	0	26.7482	25.85619	0.8920029	-0.111264	0.00358076	0.996419	0.00716153	1.99284	0.2732227
5057	1	28.92448	28.01017	0.9143171	0.202088	0.0017433	0.998257	0.00348659	1.99651	0.2671935
5058	0	27.66783	27.13966	0.5281691	0.329716	0.00159521	0.998405	0.00319041	1.99681	0.3931224
5059	1	28.56779	27.15537	1.412422	0.0398268	0.00162728	0.998373	0.00325457	1.99675	0.1623684
5060	0	24.00188	23.70871	0.2931707	-0.0151383	0.00291403	0.997086	0.00582806	1.99417	0.4972632
5061	1	29.48738	28.52741	0.9599647	0.077714	0.000838156	0.999162	0.00167631	1.99832	0.2552709
5062	0	29.80794	29.00701	0.8009313	-0.0979522	0.000796348	0.999204	0.0015927	1.99841	0.2992738
5063	1	29.69151	28.73154	0.9599647	-0.212293	0.00111107	0.998889	0.00222214	1.99778	0.2552709
5064	0	26.21992	26.31894	-0.09901339	-0.603737	0.000491757	0.999508	0.000983514	1.99902	0.7360541
5065	1	28.91051	28.60074	0.3097672	-0.0371263	0.00048156	0.999518	0.00096312	1.99904	0.4890785
5066	0	28.53943	27.91758	0.6218568	0.321938	0.00127118	0.998729	0.00254236	1.99746	0.3579644
5067	1	29.84629	28.98744	0.8588446	0.018763	0.00114623	0.998854	0.00229245	1.99771	0.2824342
5068	0	29.69273	28.78886	0.9038719	0.0708757	0.00130682	0.998693	0.00261364	1.99739	0.269999
5069	1	28.36675	27.27317	1.093584	-0.397466	0.00172031	0.99828	0.00344062	1.99656	0.2233424
5070	0	26.85721	26.54025	0.316953	-0.183715	0.00159538	0.998405	0.00319076	1.99681	0.4855767
5071	1	29.09378	27.80626	1.287521	0.0503249	0.00169157	0.998308	0.00338315	1.99662	0.1839694
5072	0	28.51078	27.37407	1.136707	0.117832	0.00246437	0.997536	0.00492875	1.99507	0.2139159
5073	1	26.98291	26.67553	0.3073806	0.287925	0.00142105	0.998579	0.00284211	1.99716	0.4902471
5074	0	25.94498	25.04852	0.8964688	0.470445	0.00310249	0.996898	0.00620497	1.9938	0.2720052
5075	1	28.7142	27.91359	0.8006049	0.120865	0.00183357	0.998166	0.00366715	1.99633	0.2993715
5076	0	26.21072	25.36527	0.8454445	0.56266	0.00144215	0.998558	0.00288431	1.99712	0.2862443
5077	1	27.31906	27.16973	0.1493333	-0.00836157	0.000988455	0.999012	0.00197691	1.99802	0.574188
5078	0	28.89725	28.24764	0.6496139	0.309465	0.000818204	0.999182	0.00163641	1.99836	0.3481649
5079	1	29.59617	29.0003	0.5958777	0.0539497	0.000703524	0.999296	0.00140705	1.99859	0.3673858
5080	0	26.4341	26.20322	0.2308784	0.223921	0.00146973	0.99853	0.00293947	1.99706	0.529224
5081	1	27.65537	27.33671	0.318661	-0.545252	0.000917523	0.999082	0.00183505	1.99816	0.484748
5082	0	28.86511	27.9655	0.8996032	0.0926402	0.00194552	0.998054	0.00389104	1.99611	0.271154
5083	1	29.75493	28.72106	1.033872	0.0440066	0.00120142	0.998799	0.00240284	1.9976	0.2370849
5084	0	29.78486	28.85384	0.9310122	0.0753213	0.00103057	0.998969	0.00206113	1.99794	0.2627697
5085	1	29.47858	28.29346	1.185119	-0.109608	0.00129153	0.998708	0.00258306	1.99742	0.2038064
5086	0	27.79565	27.14099	0.6546594	0.454933	0.00086199	0.999138	0.00172398	1.99828	0.3464127
5087	1	29.14904	28.45117	0.6978635	-0.279787	0.00132524	0.998675	0.00265049	1.99735	0.3317649
5088	0	27.48327	26.68565	0.7976138	0.246943	0.00249256	0.997507	0.00498511	1.99501	0.3002683
5089	1	28.37223	27.80896	0.5632684	0.379935	0.00108548	0.998915	0.00217096	1.99783	0.3795634
5090	0	23.89736	23.87479	0.02256942	-0.0769984	0.00186398	0.998136	0.00372796	1.99627	0.6517889
5091	1	28.01109	26.95838	1.052704	0.378614	0.0013682	0.998632	0.00273641	1.99726	0.2326618
5092	0	27.07107	26.48893	0.5821402	-0.5179	0.00193548	0.998065	0.00387097	1.99613	0.3724676
5093	1	25.82723	24.95385	0.8733834	0.0626536	0.00428726	0.995713	0.00857453	1.99143	0.2783576
5094	0	26.83052	25.91542	0.9150956	0.202555	0.00338087	0.996619	0.00676174	1.99324	0.2669855
5095	1	28.09202	27.23182	0.8602043	-0.269233	0.00235782	0.997642	0.00471564	1.99528	0.2820504
5096	0	28.60104	27.62972	0.9713247	-0.078568	0.00234151	0.997658	0.00468303	1.99532	0.2523875
5097	1	28.40369	27.0028	1.400884	-0.0532932	0.00242623	0.997574	0.00485246	1.99515	0.1642528
5098	0	25.75695	25.09137	0.6655777	-0.239206	0.00346873	0.996531	0.00693746	1.99306	0.342651
5099	1	28.19643	27.50885	0.6875829	-0.26649	0.00190615	0.998094	0.0038123	1.99619	0.3351933
5100	0	29.75376	28.80874	0.945025	-0.164782	0.000969333	0.999031	0.00193867	1.99806	0.2591132
5101	1	29.12377	28.1266	0.997174	-0.297094	0.00163034	0.99837	0.00326069	1.99674	0.245947
5102	0	28.21914	27.27412	0.945025	-0.291411	0.00237621	0.997624	0.00475243	1.99525	0.2591132
5103	1	28.76439	27.75319	1.011205	0.273772	0.00101791	0.998982	0.00203582	1.99796	0.2425203
5104	0	26.43565	25.17175	1.263904	-0.192739	0.00461914	0.995381	0.00923829	1.99076	0.1883659
5105	1	29.13483	28.17314	0.9616949	-0.165165	0.00188138	0.998119	0.00376275	1.99624	0.2548296
5106	0	29.1703	27.9064	1.263904	-0.0199314	0.00184628	0.998154	0.00369256	1.99631	0.1883659
5107	1	26.44233	25.40487	1.037455	-0.441697	0.00343491	0.996565	0.00686982	1.99313	0.2362369
5108	0	28.62157	27.47284	1.148736	0.136941	0.00231837	0.997682	0.00463674	1.99536	0.2113583
5109	1	28.08641	27.73767	0.3487426	-0.171467	0.0011688	0.998831	0.0023376	1.99766	0.4703831
5110	0	29.55184	28.51181	1.040039	0.0428611	0.000945569	0.999054	0.00189114	1.99811	0.2356274
5111	1	29.66933	28.95366	0.7156685	-0.228919	0.000872526	0.999127	0.00174505	1.99825	0.3259101
5112	0	27.71515	26.66918	1.045966	-0.111481	0.000587202	0.999413	0.0011744	1.99883	0.2342349
5113	1	27.76008	27.47401	0.2860723	-0.432106	0.0010771	0.998923	0.0021542	1.99785	0.5008056
5114	0	27.60773	27.52597	0.08175256	-0.300749	0.000762327	0.999238	0.00152465	1.99848	0.6143333
5115	1	28.66756	28.36756	0.3000007	0.204896	0.000645058	0.999355	0.00129012	1.99871	0.4938785
5116	0	29.59831	29.05099	0.5473244	-0.014056	0.000752292	0.999248	0.00150458	1.9985	0.3856637
5117	1	27.91068	27.42218	0.4885052	0.248458	0.000433287	0.999567	0.000866575	1.99913	0.4090286
5118	0	29.63095	28.69902	0.9319266	0.0507013	0.00142932	0.998571	0.00285864	1.99714	0.2625295
5119	1	28.44283	28.07083	0.3719951	0.179194	0.000992741	0.999007	0.00198548	1.99801	0.4595717
5120	0	27.22914	26.18021	1.048933	0.43566	0.00200524	0.997995	0.00401048	1.99599	0.2335409
5121	1	28.82838	27.96565	0.8627301	0.171715	0.00180553	0.998194	0.00361107	1.99639	0.2813389
5122	0	29.85784	29.06827	0.7895634	0.0219762	0.000874392	0.999126	0.00174878	1.99825	0.3026953
5123	1	28.43554	27.61431	0.8212323	-0.455356	0.00143513	0.998565	0.00287026	1.99713	0.2932595
5124	0	29.08909	27.86928	1.219803	-0.0682419	0.00205756	0.997942	0.00411513	1.99588	0.196859
5125	1	29.33516	28.72072	0.6144419	0.0431669	0.00112452	0.998875	0.00224904	1.99775	0.3606285
5126	0	29.07365	27.97923	1.09442	0.149395	0.000967415	0.999033	0.00193483	1.99807	0.2231557
5127	1	28.21333	28.01652	0.1968134	-0.297467	0.000759698	0.99924	0.0015194	1.99848	0.5475626
5128	0	27.84425	27.66057	0.1836797	0.170798	0.000843014	0.999157	0.00168603	1.99831	0.5548015
5129	1	29.39001	28.65303	0.7369768	0.210383	0.00103658	0.998963	0.00207316	1.99793	0.319039
5130	0	28.68254	28.26969	0.4128578	0.0137161	0.00104277	0.998957	0.00208553	1.99791	0.4411709
5131	1	25.1807	25.26081	-0.08011142	-0.159676	0.0011416	0.998858	0.0022832	1.99772	0.7222718
5132	0	28.68854	28.16945	0.5190893	-0.231108	0.000474282	0.999526	0.000948564	1.99905	0.3967081
5133	1	27.48266	27.32448	0.1581838	0.186541	0.000916622	0.999083	0.00183324	1.99817	0.5691286
5134	0	28.0872	26.73746	1.349743	0.158662	0.00120463	0.998795	0.00240925	1.99759	0.1728712
5135	1	29.64359	28.85965	0.7839431	0.02852	0.00124006	0.99876	0.00248012	1.99752	0.3044014
5136	0	29.7493	28.71132	1.037977	-0.12752	0.00132529	0.998675	0.00265059	1.99735	0.2361137
5137	1	28.18266	26.92632	1.256346	0.195738	0.0024665	0.997534	0.00493299	1.99507	0.1897949
5138	0	28.73795	27.36339	1.374552	-0.0390584	0.00139002	0.99861	0.00278004	1.99722	0.1686353
5139	1	26.05598	24.86695	1.189029	-0.452501	0.00363683	0.996363	0.00727365	1.99273	0.2030113
5140	0	29.00061	27.74828	1.252335	0.12223	0.00135645	0.998644	0.00271289	1.99729	0.1905577
5141	1	28.67151	27.60789	1.063625	-0.159862	0.00236869	0.997631	0.00473739	1.99526	0.2301349
5142	0	27.1363	25.58299	1.553302	-0.131289	0.00320536	0.996795	0.00641072	1.99359	0.1410322
5143	1	29.37818	28.35129	1.026895	-0.177196	0.0017108	0.998289	0.00342161	1.99658	0.2387448
5144	0	29.03966	27.89731	1.142353	0.0950302	0.000955443	0.999045	0.00191089	1.99809	0.2127116
5145	1	29.08722	28.43741	0.6498117	-0.306121	0.00124013	0.99876	0.00248025	1.99752	0.3480961
5146	0	29.14613	28.64799	0.498138	0.188963	0.000652445	0.999348	0.00130489	1.9987	0.4051074
5147	1	29.25404	28.70519	0.5488463	-0.310733	0.000751107	0.999249	0.00150221	1.9985	0.3850772
5148	0	28.11414	27.90835	0.2057862	0.193069	0.000403653	0.999596	0.000807306	1.99919	0.5426714
5149	1	28.69399	27.86654	0.827446	-0.296222	0.000651164	0.999349	0.00130233	1.9987	0.2914429
5150	0	28.72311	28.48053	0.2425872	-0.11017	0.000651335	0.999349	0.00130267	1.9987	0.5230636
5151	1	24.90778	24.99651	-0.0887305	-0.732312	0.000726693	0.999273	0.00145339	1.99855	0.7285241
5152	0	29.1363	28.04232	1.093975	-0.128824	0.000860292	0.99914	0.00172058	1.99828	0.2232551
5153	1	29.03389	28.15473	0.8791565	0.0350638	0.00183843	0.998162	0.00367687	1.99632	0.2767553
5154	0	28.97185	27.96154	1.010312	-0.0362773	0.0021166	0.997883	0.0042332	1.99577	0.2427369
5155	1	26.37054	25.84813	0.5224125	0.506211	0.00195024	0.99805	0.00390049	1.9961	0.395392
5156	0	28.0187	27.68032	0.3383796	0.0808594	0.000356444	0.999644	0.000712889	1.99929	0.4752831
5157	1	28.91574	27.72902	1.186721	-0.0517926	0.000913428	0.999087	0.00182686	1.99817	0.2034803
5158	0	29.13334	28.63201	0.5013324	-0.0872407	0.00103026	0.99897	0.00206052	1.99794	0.4038154
5159	1	27.84639	27.81094	0.03545696	0.121384	0.000538646	0.999461	0.00107729	1.99892	0.6434428
5160	0	28.71698	27.91584	0.8011411	0.282833	0.000745147	0.999255	0.00149029	1.99851	0.299211
5161	1	27.7103	26.69672	1.013574	-0.219607	0.000601933	0.999398	0.00120387	1.9988	0.2419464
5162	0	29.14343	27.89242	1.251011	0.00646254	0.00190108	0.998099	0.00380215	1.9962	0.1908103
5163	1	26.98087	26.50254	0.4783388	0.343127	0.00182938	0.998171	0.00365877	1.99634	0.4132081
5164	0	29.06396	28.0666	0.9973563	-0.0243202	0.00202555	0.997974	0.00405111	1.99595	0.2459022
5165	1	27.73421	26.95843	0.7757813	0.204349	0.00232688	0.997673	0.00465377	1.99535	0.306896
5166	0	27.96898	27.59247	0.3765007	-0.11937	0.00128146	0.998719	0.00256292	1.99744	0.4575058
5167	1	29.01897	28.38032	0.638645	0.260054	0.00109524	0.998905	0.00219048	1.99781	0.3520049
5168	0	26.99114	25.42501	1.566128	0.164636	0.0017193	0.998281	0.00343859	1.99656	0.1392348
5169	1	29.16418	27.89904	1.265141	-0.145714	0.00140361	0.998596	0.00280723	1.99719	0.188133
5170	0	27.40053	26.09362	1.306902	0.193151	0.00325788	0.996742	0.00651576	1.99348	0.1804382
5171	1	27.24852	26.54107	0.7074558	0.389746	0.00213135	0.997869	0.0042627	1.99574	0.3285977
5172	0	26.31701	24.77717	1.539838	-0.242806	0.00384775	0.996152	0.0076955	1.9923	0.1429439
5173	1	29.00299	28.08702	0.91597	-0.359468	0.00145571	0.998544	0.00291142	1.99709	0.2667522
5174	0	28.17435	26.89042	1.283936	-0.15894	0.00283895	0.997161	0.0056779	1.99432	0.1846301
5175	1	28.30924	27.34528	0.9639632	-0.423873	0.00178929	0.998211	0.00357859	1.99642	0.2542523
5176	0	24.08944	23.54276	0.5466751	0.163341	0.00415091	0.995849	0.00830182	1.9917	0.3859142
5177	1	29.64968	28.75273	0.8969412	-0.24081	0.00115669	0.998843	0.00231338	1.99769	0.2718768
5178	0	28.90836	28.33344	0.574922	-0.0110419	0.000477496	0.999523	0.000954992	1.99905	0.3751659
5179	1	28.33908	27.76287	0.5762084	-0.488641	0.000860663	0.999139	0.00172133	1.99828	0.3746836
5180	0	27.15311	27.23958	-0.08647319	0.0789376	0.000561127	0.999439	0.00112225	1.99888	0.7268814
5181	1	28.95942	28.50364	0.4557855	-0.32025	0.00060596	0.999394	0.00121192	1.99879	0.4226332
5182	0	28.54013	28.30578	0.2343455	-0.317514	0.000590006	0.99941	0.00118001	1.99882	0.5273923
5183	1	26.76791	26.64274	0.1251669	-0.609176	0.000861481	0.999139	0.00172296	1.99828	0.5882331
5184	0	29.39177	28.61594	0.7758299	0.127238	0.000702855	0.999297	0.00140571	1.99859	0.3068811
5185	1	29.75374	28.86782	0.8859173	-0.0294455	0.000817322	0.999183	0.00163464	1.99837	0.2748905
5186	0	29.23997	28.11961	1.120358	-0.0890271	0.000914243	0.999086	0.00182849	1.99817	0.217442
5187	1	29.26241	28.14124	1.121177	-0.11706	0.00191113	0.998089	0.00382225	1.99618	0.2172639
5188	0	29.09153	28.44884	0.6426875	0.242463	0.000708864	0.999291	0.00141773	1.99858	0.3505848
5189	1	28.22084	27.65882	0.562019	0.196598	0.00151991	0.99848	0.00303982	1.99696	0.380038
5190	0	27.59269	27.2128	0.3798914	0.334581	0.000435831	0.999564	0.000871662	1.99913	0.4559571
5191	1	29.69937	28.63519	1.064179	-0.135822	0.00135794	0.998642	0.00271588	1.99728	0.2300074
5192	0	29.02211	28.0008	1.021316	0.147863	0.0018862	0.998114	0.00377239	1.99623	0.2400806
5193	1	29.65851	28.555	1.103507	-0.120233	0.00120211	0.998798	0.00240421	1.9976	0.2211371
5194	0	29.50129	28.83948	0.6618116	-0.277861	0.000873521	0.999126	0.00174704	1.99825	0.3439439
5195	1	29.1685	28.3458	0.8227016	-0.36193	0.000998218	0.999002	0.00199644	1.998	0.2928289
5196	0	28.81113	28.40222	0.4089166	0.163164	0.000897157	0.999103	0.00179431	1.99821	0.4429131
5197	1	29.56256	29.00364	0.5589215	0.0471397	0.000788127	0.999212	0.00157625	1.99842	0.381217
5198	0	29.81769	28.88639	0.9312981	0.0132427	0.00126049	0.99874	0.00252098	1.99748	0.2626946
5199	1	29.92168	29.07421	0.8474735	-0.0843078	0.000952924	0.999047	0.00190585	1.99809	0.2856641
5200	0	28.67162	27.49119	1.180426	0.179006	0.00210936	0.997891	0.00421872	1.99578	0.2047652
5201	1	28.42588	27.89136	0.5345273	-0.275739	0.0014184	0.998582	0.00283679	1.99716	0.3906308
5202	0	29.83411	28.91075	0.9233616	-0.0267931	0.000910028	0.99909	0.00182006	1.99818	0.2647877
5203	1	27.63425	26.94852	0.6857236	-0.473978	0.00189028	0.99811	0.00378056	1.99622	0.3358171
5204	0	29.08188	28.4752	0.606688	-0.301325	0.00116884	0.998831	0.00233768	1.99766	0.3634356
5205	1	28.3863	27.4273	0.9590036	0.080632	0.00241257	0.997587	0.00482514	1.99517	0.2555164
5206	0	29.32532	28.29585	1.029467	-0.0837645	0.00184567	0.998154	0.00369134	1.99631	0.2381315
5207	1	28.1475	27.00873	1.138766	-0.293299	0.000865139	0.999135	0.00173028	1.99827	0.2134759
5208	0	28.00797	27.5914	0.4165716	0.183869	0.00128855	0.998711	0.0025771	1.99742	0.4395355
5209	1	27.21478	26.18828	1.026495	0.2065	0.00060576	0.999394	0.00121152	1.99879	0.2388403
5210	0	27.78823	27.64936	0.1388661	-0.165774	0.000823767	0.999176	0.00164753	1.99835	0.5802297
5211	1	29.27773	28.18318	1.094544	0.135441	0.00104987	0.99895	0.00209974	1.9979	0.2231281
5212	0	28.64769	27.64666	1.001037	-0.0892702	0.00235267	0.997647	0.00470534	1.99529	0.2449987
5213	1	28.23148	27.97744	0.2540393	-0.0138583	0.000891675	0.999108	0.00178335	1.99822	0.5171075
5214	0	28.95335	27.85569	1.097667	0.223285	0.00163707	0.998363	0.00327413	1.99673	0.2224324
5215	1	28.69207	27.46464	1.227426	0.180708	0.00119163	0.998808	0.00238326	1.99762	0.1953639
5216	0	29.06684	27.88794	1.178903	0.0440209	0.00205411	0.997946	0.00410822	1.99589	0.2050773
5217	1	29.25795	28.13544	1.122516	-0.011515	0.00193626	0.998064	0.00387253	1.99613	0.2169734
5218	0	27.74678	26.71417	1.032608	-0.0175545	0.00312742	0.996873	0.00625483	1.99375	0.2373847
5219	1	28.48133	27.2544	1.226925	0.24038	0.00135142	0.998649	0.00270284	1.9973	0.1954619
5220	0	28.40749	27.8109	0.5965868	-0.191084	0.00160561	0.998394	0.00321122	1.99679	0.3671253
5221	1	28.56558	27.23021	1.335371	-0.174165	0.0022336	0.997766	0.0044672	1.99553	0.1753738
5222	0	26.44309	26.33119	0.1119042	0.257299	0.00115956	0.99884	0.00231911	1.99768	0.5960866
5223	1	28.90637	28.19471	0.7116624	0.11723	0.00153363	0.998466	0.00306726	1.99693	0.3272184
5224	0	27.44843	26.69608	0.7523483	-0.0898362	0.000413723	0.999586	0.000827446	1.99917	0.3141724
5225	1	28.52951	27.56793	0.9615848	-0.0122167	0.00237039	0.99763	0.00474077	1.99526	0.2548577
5226	0	29.75929	28.80774	0.951557	0.0544188	0.00128203	0.998718	0.00256407	1.99744	0.2574262
5227	1	28.57039	27.49601	1.074385	0.307081	0.00134961	0.99865	0.00269923	1.9973	0.2276718
5228	0	29.74667	28.79962	0.9470524	-0.0228464	0.00138881	0.998611	0.00277761	1.99722	0.2585884
5229	1	29.33851	28.2071	1.13141	0.0253564	0.00181734	0.998183	0.00363467	1.99637	0.215052
5230	0	29.62225	28.90766	0.7145933	-0.247112	0.000871447	0.999129	0.00174289	1.99826	0.3262607
5231	1	28.93067	28.32328	0.6073886	-0.00660641	0.00135789	0.998642	0.00271577	1.99728	0.3631811
5232	0	28.73889	28.5032	0.2356882	-0.0364066	0.000475191	0.999525	0.000950381	1.99905	0.5266846
5233	1	29.0009	27.99731	1.00359	-0.291678	0.00177818	0.998222	0.00355635	1.99644	0.244374
5234	0	27.18208	27.17345	0.008622715	-0.460553	0.00070699	0.999293	0.00141398	1.99859	0.6609429
5235	1	28.91616	27.69307	1.223089	-0.0235443	0.00224028	0.99776	0.00448057	1.99552	0.196213
5236	0	25.60287	25.62443	-0.02155878	0.175782	0.0011253	0.998875	0.00225061	1.99775	0.6811952
5237	1	29.66496	28.93067	0.7342908	-0.191851	0.000764254	0.999236	0.00152851	1.99847	0.3198971
5238	0	29.17395	28.72982	0.4441306	0.130173	0.000756039	0.999244	0.00151208	1.99849	0.4275878
5239	1	29.6011	28.69761	0.9034922	-0.0975459	0.000775026	0.999225	0.00155005	1.99845	0.2701015
5240	0	29.42627	28.41475	1.011519	-0.246029	0.00147266	0.998527	0.00294532	1.99705	0.2424442
5241	1	28.76366	28.52758	0.236081	-0.148504	0.000515955	0.999484	0.00103191	1.99897	0.5264778
5242	0	26.00685	25.11446	0.892383	-0.442815	0.00366547	0.996335	0.00733094	1.99267	0.2731189
5243	1	29.70585	28.88424	0.8216147	0.011481	0.000760143	0.99924	0.00152029	1.99848	0.2931474
5244	0	28.70843	27.65245	1.055988	-0.0449605	0.000706299	0.999294	0.0014126	1.99859	0.231899
5245	1	27.86607	27.05543	0.8106338	0.0477361	0.000469528	0.99953	0.000939056	1.99906	0.2963841
5246	0	27.87554	27.77007	0.1054653	0.196778	0.000651248	0.999349	0.0013025	1.9987	0.5999371
5247	1	26.22799	25.88651	0.341484	0.553129	0.00148342	0.998517	0.00296684	1.99703	0.4738099
5248	0	28.28472	27.94145	0.3432668	0.0688126	0.0010465	0.998954	0.002093	1.99791	0.472966
5249	1	29.6851	28.82049	0.8646112	-0.236794	0.00103075	0.998969	0.00206151	1.99794	0.2808102
5250	0	28.713	28.36823	0.3447652	-0.214609	0.00088096	0.999119	0.00176192	1.99824	0.4722578
5251	1	27.85286	27.10414	0.7487247	-0.507074	0.00161712	0.998383	0.00323424	1.99677	0.3153129
5252	0	29.7508	29.01116	0.7396359	-0.197504	0.000881642	0.999118	0.00176328	1.99824	0.3181918
5253	1	29.72401	29.01326	0.7107446	-0.189305	0.000971851	0.999028	0.0019437	1.99806	0.3275188
5254	0	27.9114	27.83405	0.0773572	0.0683442	0.000626275	0.999374	0.00125255	1.99875	0.6170395
5255	1	29.54299	28.39513	1.147853	-0.117108	0.00151159	0.998488	0.00302318	1.99698	0.2115448
5256	0	29.23096	28.62906	0.6019018	0.159395	0.000624437	0.999376	0.00124887	1.99875	0.3651793
5257	1	29.86003	28.95161	0.9084253	0.0420629	0.00106414	0.998936	0.00212828	1.99787	0.2687724
5258	0	27.37924	27.3297	0.04954267	-0.488816	0.000646017	0.999354	0.00129203	1.99871	0.634443
5259	1	27.97601	26.98193	0.994083	-0.346599	0.00248075	0.997519	0.0049615	1.99504	0.2467084
5260	0	28.8781	28.59202	0.2860712	0.062077	0.00055235	0.999448	0.0011047	1.9989	0.5008061
5261	1	26.82825	26.07347	0.7547727	-0.0713054	0.00304218	0.996958	0.00608437	1.99392	0.3134116
5262	0	27.56132	26.61461	0.9467074	0.168783	0.00055782	0.999442	0.00111564	1.99888	0.2586777
5263	1	29.34134	28.66727	0.6740715	-0.0377891	0.00127288	0.998727	0.00254576	1.99745	0.3397529
5264	0	27.34407	26.29784	1.046235	-0.141865	0.000562757	0.999437	0.00112551	1.99887	0.2341719
5265	1	28.87618	27.7538	1.122375	0.227927	0.00119011	0.99881	0.00238023	1.99762	0.2170039
5266	0	28.29847	28.1451	0.1533725	-0.149626	0.00039471	0.999605	0.00078942	1.99921	0.5718734
5267	1	24.33808	22.81918	1.518898	0.249359	0.00623256	0.993767	0.0124651	1.98753	0.1459686
5268	0	29.4111	28.56444	0.8466561	0.151075	0.00136463	0.998635	0.00272926	1.99727	0.2858977
5269	1	23.54757	22.01595	1.531622	0.467837	0.00250959	0.99749	0.00501918	1.99498	0.1441231
5270	0	28.4071	27.26736	1.139739	-0.344004	0.00205121	0.997949	0.00410242	1.9959	0.2132683
5271	1	27.61467	26.11917	1.495506	0.164675	0.00182581	0.998174	0.00365162	1.99635	0.1494235
5272	0	28.25814	27.48388	0.7742537	0.312775	0.00176251	0.998237	0.00352502	1.99647	0.3073651
5273	1	28.23282	26.8957	1.337124	0.127845	0.00251467	0.997485	0.00502934	1.99497	0.1750665
5274	0	29.79648	28.828	0.9684806	-0.162871	0.00111344	0.998887	0.00222688	1.99777	0.2531063
5275	1	27.3854	27.13278	0.2526283	0.21305	0.00115357	0.998846	0.00230715	1.99769	0.5178377
5276	0	27.49922	26.86907	0.630153	-0.553018	0.000839815	0.99916	0.00167963	1.99832	0.3550069
5277	1	28.95342	28.39517	0.5582544	0.0736782	0.0012079	0.998792	0.00241581	1.99758	0.3814714
5278	0	28.8853	27.54846	1.336848	0.00890176	0.00195633	0.998044	0.00391266	1.99609	0.1751149
5279	1	27.57286	27.18147	0.3913898	-0.25444	0.000351915	0.999648	0.000703831	1.9993	0.4507444
5280	0	28.66883	27.83533	0.833498	0.350485	0.0010848	0.998915	0.00216959	1.99783	0.2896844
5281	1	28.5287	27.63926	0.8894451	0.35557	0.00138433	0.998616	0.00276865	1.99723	0.2739224
5282	0	29.59228	28.68113	0.911152	0.0957907	0.00137623	0.998624	0.00275245	1.99725	0.2680405
5283	1	29.54183	28.53401	1.007816	-0.0934464	0.00163269	0.998367	0.00326538	1.99673	0.2433435
5284	0	28.71522	27.89871	0.8165132	0.00687492	0.00194137	0.998059	0.00388274	1.99612	0.2946467
5285	1	28.67764	27.77447	0.9031731	0.219939	0.00188282	0.998117	0.00376564	1.99623	0.2701877
5286	0	29.32147	28.6489	0.6725708	-0.288024	0.00113276	0.998867	0.00226551	1.99773	0.3402632
5287	1	28.75191	27.65028	1.101628	0.171141	0.00210034	0.9979	0.00420068	1.9958	0.2215531
5288	0	28.60279	27.86953	0.7332632	0.351488	0.000852855	0.999147	0.00170571	1.99829	0.320226
5289	1	28.80036	27.99302	0.8073388	-0.418667	0.00127341	0.998727	0.00254682	1.99745	0.2973623
5290	0	28.62873	27.89547	0.7332632	-0.313064	0.00168733	0.998313	0.00337466	1.99663	0.320226
5291	1	28.80676	28.01496	0.7918001	-0.366203	0.00153708	0.998463	0.00307415	1.99693	0.302019
5292	0	29.39234	28.56323	0.8291178	0.0256734	0.00150788	0.998492	0.00301577	1.99698	0.2909561
5293	1	28.29463	26.85892	1.435715	-0.139452	0.00222231	0.997778	0.00444461	1.99556	0.1586301
5294	0	29.42826	28.92375	0.5045134	0.0455471	0.000634282	0.999366	0.00126856	1.99873	0.4025329
5295	1	28.85356	28.32261	0.5309551	-0.229323	0.00121128	0.998789	0.00242255	1.99758	0.3920287
5296	0	25.96787	26.27139	-0.3035178	-0.426653	0.000527127	0.999473	0.00105425	1.99895	0.9030772
5297	1	29.11263	28.58038	0.5322468	-0.302372	0.000630577	0.999369	0.00126115	1.99874	0.3915226
5298	0	29.71832	29.06012	0.6582028	-0.129674	0.000733755	0.999266	0.00146751	1.99853	0.3451874
5299	1	29.2011	28.43785	0.7632501	-0.131775	0.000596315	0.999404	0.00119263	1.99881	0.3107659
5300	0	28.35545	27.58929	0.7661539	0.195951	0.00190803	0.998092	0.00381606	1.99618	0.3098649
5301	1	29.18604	28.13019	1.055852	-0.118608	0.000818718	0.999181	0.00163744	1.99836	0.2319305
5302	0	27.05886	26.75205	0.3068067	0.369447	0.0013308	0.998669	0.00266159	1.99734	0.4905286
5303	1	25.61437	24.96756	0.6468066	-0.563986	0.00291214	0.997088	0.00582429	1.99418	0.3491437
5304	0	29.35872	28.40737	0.9513511	0.210237	0.00120001	0.9988	0.00240002	1.9976	0.2574792
5305	1	29.35552	28.34877	1.006747	-0.288963	0.00121488	0.998785	0.00242976	1.99757	0.2436038
5306	0	29.84389	29.00878	0.8351115	-0.0754033	0.00116572	0.998834	0.00233143	1.99767	0.2892174
5307	1	29.11023	28.06073	1.049494	-0.312192	0.00149508	0.998505	0.00299017	1.99701	0.2334098
5308	0	29.01826	28.01779	1.000464	0.0981794	0.00196342	0.998037	0.00392683	1.99607	0.2451392
5309	1	29.56031	28.84964	0.7106737	0.0559122	0.00115206	0.998848	0.00230412	1.9977	0.327542
5310	0	26.44447	25.70833	0.7361381	-0.340996	0.00313526	0.996865	0.00627052	1.99373	0.3193067
5311	1	27.91387	27.54583	0.3680409	0.253543	0.00117713	0.998823	0.00235426	1.99765	0.4613926
5312	0	24.78787	23.41415	1.37372	0.41821	0.00417936	0.995821	0.00835872	1.99164	0.1687756
5313	1	28.93427	27.68089	1.253376	-0.200974	0.0019	0.9981	0.0038	1.9962	0.1903594
5314	0	27.47196	25.91245	1.559507	0.107679	0.00206675	0.997933	0.00413351	1.99587	0.1401599
5315	1	27.83629	26.52002	1.316272	0.0853035	0.00313028	0.99687	0.00626057	1.99374	0.1787554
5316	0	28.86164	27.69163	1.170017	-0.305405	0.00153604	0.998464	0.00307208	1.99693	0.2069077
5317	1	29.38151	28.55985	0.8216573	0.113443	0.00141926	0.998581	0.00283851	1.99716	0.2931349
5318	0	27.49293	26.25004	1.242891	-0.309603	0.00306991	0.99693	0.00613981	1.99386	0.1923659
5319	1	29.66568	28.71146	0.9542198	0.0376874	0.00142861	0.998571	0.00285722	1.99714	0.2567417
5320	0	28.98517	28.24822	0.7369539	-0.0683559	0.00161912	0.998381	0.00323824	1.99676	0.3190463
5321	1	28.03709	26.87849	1.158606	-0.14046	0.00235916	0.997641	0.00471832	1.99528	0.2092822
5322	0	28.99224	28.57934	0.4128925	-0.172249	0.000900069	0.9991	0.00180014	1.9982	0.4411556
5323	1	29.45909	28.31355	1.145542	0.0233274	0.00165622	0.998344	0.00331243	1.99669	0.2120344
5324	0	28.09935	27.13856	0.9607891	-0.45257	0.00104868	0.998951	0.00209736	1.9979	0.2550606
5325	1	28.02661	26.72544	1.301173	-0.337415	0.00147669	0.998523	0.00295338	1.99705	0.1814748
5326	0	27.96929	27.91397	0.05532105	-0.299611	0.000837372	0.999163	0.00167474	1.99833	0.6307875
5327	1	29.38645	28.33246	1.05399	-0.125748	0.00177816	0.998222	0.00355632	1.99644	0.2323628
5328	0	28.79378	28.49345	0.300336	-0.23506	0.000507643	0.999492	0.00101529	1.99898	0.4937129
5329	1	25.75307	25.47942	0.2736464	-0.63431	0.00170046	0.9983	0.00340092	1.9966	0.5070673
5330	0	28.75762	27.80665	0.9509637	0.0341204	0.000638099	0.999362	0.0012762	1.99872	0.257579
5331	1	28.40544	27.68794	0.7175034	0.121965	0.000496651	0.999503	0.000993302	1.99901	0.3253127
5332	0	27.27725	26.36329	0.9139615	0.217749	0.00298224	0.997018	0.00596448	1.99404	0.2672885
5333	1	27.96844	27.78331	0.1851348	0.332253	0.000595886	0.999404	0.00119177	1.99881	0.5539948
5334	0	27.92628	27.40254	0.5237369	-0.497265	0.00133379	0.998666	0.00266759	1.99733	0.3948687
5335	1	29.79625	29.09268	0.7035727	-0.113957	0.000781232	0.999219	0.00156246	1.99844	0.3298762
5336	0	28.46875	27.3557	1.113054	-0.372289	0.00179287	0.998207	0.00358574	1.99641	0.219036
5337	1	22.42853	22.10111	0.3274225	-0.479204	0.00441334	0.995587	0.00882668	1.99117	0.4805194
5338	0	26.38525	25.91707	0.4681798	-0.0488392	0.00228263	0.997717	0.00456526	1.99543	0.4174273
5339	1	28.58751	27.39004	1.197471	0.153443	0.00227918	0.997721	0.00455835	1.99544	0.2013045
5340	0	28.91219	28.2284	0.6837811	-0.116416	0.001545	0.998455	0.00308999	1.99691	0.33647
5341	1	24.69074	23.61142	1.079322	-0.593828	0.00339393	0.996606	0.00678785	1.99321	0.2265507
5342	0	28.20342	27.13371	1.069707	0.297033	0.000961054	0.999039	0.00192211	1.99808	0.2287393
5343	1	28.65613	27.5768	1.079322	0.0454356	0.00240552	0.997594	0.00481103	1.99519	0.2265507
5344	0	28.77314	28.08813	0.6850194	-0.432898	0.0009215	0.999078	0.001843	1.99816	0.3360536
5345	1	28.97637	28.09226	0.8841099	-0.188088	0.0018677	0.998132	0.00373541	1.99626	0.2753878
5346	0	28.86778	28.24915	0.6186229	0.237614	0.00122296	0.998777	0.00244593	1.99755	0.3591238
5347	1	29.60636	28.50524	1.101125	-0.0161867	0.00155354	0.998446	0.00310707	1.99689	0.2216646
5348	0	28.55184	27.41568	1.136162	0.197503	0.0021994	0.997801	0.0043988	1.9956	0.2140326
5349	1	29.28899	28.23317	1.05582	-0.0835094	0.00189469	0.998105	0.00378938	1.99621	0.2319381
5350	0	29.28917	28.59205	0.6971176	-0.139114	0.00134503	0.998655	0.00269005	1.99731	0.3320125
5351	1	29.52961	28.47379	1.05582	0.0136701	0.00164081	0.998359	0.00328162	1.99672	0.2319381
5352	0	29.6019	28.98619	0.615707	-0.193546	0.000897283	0.999103	0.00179457	1.99821	0.3601725
5353	1	29.75995	28.9345	0.8254532	-0.201311	0.00108336	0.998917	0.00216671	1.99783	0.2920243
5354	0	27.61832	26.92321	0.6951071	0.440993	0.00163337	0.998367	0.00326674	1.99673	0.3326807
5355	1	29.23839	28.79348	0.4449081	-0.12652	0.000836018	0.999164	0.00167204	1.99833	0.4272554
5356	0	29.29169	28.6873	0.6043846	-0.150255	0.0011517	0.998848	0.0023034	1.9977	0.3642737
5357	1	29.15593	28.53131	0.6246265	0.05434	0.000542409	0.999458	0.00108482	1.99892	0.3569742
5358	0	29.5851	28.98072	0.6043846	-0.189167	0.000896019	0.999104	0.00179204	1.99821	0.3642737
5359	1	28.87921	28.55667	0.3225342	0.0874457	0.000507036	0.999493	0.00101407	1.99899	0.4828741
5360	0	29.67497	28.76321	0.9117548	-0.0800059	0.000806253	0.999194	0.00161251	1.99839	0.267879
5361	1	28.51504	27.73955	0.7754843	0.0357067	0.00196359	0.998036	0.00392718	1.99607	0.3069872
5362	0	28.55545	27.98263	0.5728205	0.366651	0.000838663	0.999161	0.00167733	1.99832	0.3759551
5363	1	26.61591	26.49357	0.1223399	0.00399608	0.00115682	0.998843	0.00231365	1.99769	0.5898984
5364	0	28.88615	28.31333	0.5728205	-0.00961176	0.00130533	0.998695	0.00261067	1.99739	0.3759551
5365	1	29.77588	28.873	0.9028804	0.073298	0.00118296	0.998817	0.00236591	1.99763	0.2702668
5366	0	25.95631	26.20062	-0.2443112	0.0251304	0.000601453	0.999399	0.00120291	1.9988	0.851161
5367	1	28.35897	27.6798	0.6791682	0.403525	0.00104404	0.998956	0.00208807	1.99791	0.3380257
5368	0	28.0031	27.40357	0.5995328	0.299423	0.00161132	0.998389	0.00322265	1.99678	0.3660454
5369	1	29.64226	29.05424	0.5880228	-0.0725379	0.000681146	0.999319	0.00136229	1.99864	0.3702829
5370	0	29.12279	28.69109	0.4316982	-0.213253	0.000845182	0.999155	0.00169036	1.99831	0.4329369
5371	1	29.32502	28.08022	1.244802	0.0094473	0.00142261	0.998577	0.00284521	1.99715	0.1919987
5372	0	29.51594	28.65393	0.8620071	0.173317	0.0011908	0.998809	0.00238161	1.99762	0.2815424
5373	1	28.43492	27.3136	1.121318	-0.266936	0.00239358	0.997606	0.00478716	1.99521	0.2172333
5374	0	29.09608	28.55061	0.545466	-0.142182	0.00114118	0.998859	0.00228236	1.99772	0.3863811
5375	1	28.61357	27.89482	0.7187474	-0.0921893	0.00179728	0.998203	0.00359456	1.99641	0.3249082
5376	0	28.08347	27.14766	0.9358073	0.369418	0.00181223	0.998188	0.00362445	1.99638	0.2615127
5377	1	29.9055	29.03882	0.866678	0.00680958	0.00103587	0.998964	0.00207175	1.99793	0.2802304
5378	0	28.3448	27.89259	0.4522177	0.283252	0.000511599	0.999488	0.0010232	1.99898	0.4241438
5379	1	28.78358	27.45625	1.327332	-0.191493	0.00177845	0.998222	0.0035569	1.99644	0.1767893
5380	0	24.17252	24.22263	-0.05011291	0.459082	0.000235161	0.999765	0.000470322	1.99953	0.7009265
5381	1	27.34963	27.24751	0.1021253	-0.503965	0.000777651	0.999222	0.0015553	1.99844	0.6019443
5382	0	23.90438	24.16014	-0.2557615	0.45463	0.000203685	0.999796	0.00040737	1.99959	0.8609631
5383	1	29.59873	29.02058	0.5781467	-0.0916943	0.000658008	0.999342	0.00131602	1.99868	0.373958
5384	0	25.01808	25.3369	-0.3188172	-0.0180496	0.000681585	0.999318	0.00136317	1.99864	0.9169999
5385	1	29.20945	28.69483	0.5146194	-0.0217341	0.0010096	0.99899	0.00201921	1.99798	0.3984854
5386	0	27.98176	27.7057	0.2760583	0.336821	0.000496457	0.999504	0.000992913	1.99901	0.5058458
5387	1	28.46627	27.48268	0.9835959	-0.42827	0.00145821	0.998542	0.00291641	1.99708	0.2493093
5388	0	28.11866	27.8852	0.2334591	-0.403837	0.000805983	0.999194	0.00161197	1.99839	0.52786
5389	1	28.04164	27.63235	0.4092975	0.171629	0.000392962	0.999607	0.000785923	1.99921	0.4427444
5390	0	27.42648	27.32077	0.1057081	0.164954	0.000311988	0.999688	0.000623976	1.99938	0.5997915
5391	1	28.16437	27.38331	0.781052	0.175023	0.00209056	0.997909	0.00418112	1.99582	0.3052827
5392	0	28.33574	27.23709	1.098653	0.151364	0.000772618	0.999227	0.00154524	1.99845	0.2222132
5393	1	26.64273	26.11696	0.525764	0.414151	0.00204265	0.997957	0.0040853	1.99591	0.394069
5394	0	27.27996	26.85578	0.424182	-0.447299	0.0016123	0.998388	0.00322461	1.99678	0.4362032
5395	1	28.62614	28.29666	0.3294879	-0.222152	0.000887275	0.999113	0.00177455	1.99823	0.479528
5396	0	26.01336	25.55599	0.4573662	-0.425317	0.00242504	0.997575	0.00485009	1.99515	0.4219657
5397	1	29.54283	29.0135	0.529335	-0.125944	0.000677993	0.999322	0.00135599	1.99864	0.3926644
5398	0	29.20502	28.78325	0.4217713	-0.0338645	0.000799912	0.9992	0.00159982	1.9984	0.437256
5399	1	29.02142	28.49209	0.529335	-0.366403	0.00075546	0.999245	0.00151092	1.99849	0.3926644
5400	0	28.5068	27.6585	0.8483027	0.319999	0.0016383	0.998362	0.0032766	1.99672	0.2854273
5401	1	27.2115	26.76753	0.4439771	0.246332	0.00169694	0.998303	0.00339388	1.99661	0.4276534
5402	0	27.51162	27.47235	0.03927228	0.280293	0.000608742	0.999391	0.00121748	1.99878	0.6409926
5403	1	28.07438	27.50059	0.573782	-0.248385	0.00170698	0.998293	0.00341396	1.99659	0.3755938
5404	0	28.55514	28.21699	0.3381434	-0.250148	0.000931028	0.999069	0.00186206	1.99814	0.4753954
5405	1	27.42952	27.06839	0.3611376	-0.335269	0.00145674	0.998543	0.00291347	1.99709	0.4645887
5406	0	28.09849	27.1846	0.9138923	-0.371421	0.00221857	0.997781	0.00443714	1.99556	0.267307
5407	1	28.68653	28.35767	0.3288604	0.0771657	0.000835716	0.999164	0.00167143	1.99833	0.479829
5408	0	28.73918	27.57157	1.167611	0.111418	0.00226257	0.997737	0.00452515	1.99547	0.2074062
5409	1	27.65095	27.67852	-0.02757036	0.148974	0.000432361	0.999568	0.000864723	1.99914	0.6853026
5410	0	28.58568	27.49352	1.092157	-0.354651	0.00184327	0.998157	0.00368653	1.99631	0.2236613
5411	1	27.87836	27.87092	0.007441392	-0.197964	0.000495007	0.999505	0.000990014	1.99901	0.6617242
5412	0	28.36718	27.71907	0.6481012	0.0842249	0.00172085	0.998279	0.0034417	1.99656	0.348692
5413	1	26.08835	26.36484	-0.276488	0.38565	0.000355623	0.999644	0.000711245	1.99929	0.8789941
5414	0	28.81539	27.58764	1.22775	-0.11119	0.00231082	0.997689	0.00462165	1.99538	0.1953007
5415	1	29.3327	28.35816	0.9745393	-0.233204	0.00161975	0.99838	0.0032395	1.99676	0.2515775
5416	0	28.03379	27.65	0.3837924	0.153824	0.0012147	0.998785	0.00242939	1.99757	0.4541819
5417	1	27.92767	27.13337	0.7943059	-0.126253	0.00240679	0.997593	0.00481359	1.99519	0.3012632
5418	0	29.51313	28.45836	1.054778	-0.20839	0.00145915	0.998541	0.00291829	1.99708	0.2321799
5419	1	26.43338	25.56853	0.8648464	-0.325466	0.00356501	0.996435	0.00713002	1.99287	0.2807442
5420	0	28.45628	27.75812	0.6981571	-0.140856	0.00183432	0.998166	0.00366864	1.99633	0.3316675
5421	1	28.89895	28.19542	0.7035318	0.155492	0.00148479	0.998515	0.00296957	1.99703	0.3298897
5422	0	29.11963	28.03854	1.081092	-0.304428	0.00142224	0.998578	0.00284449	1.99716	0.22615
5423	1	28.73418	28.12295	0.6112291	0.0490088	0.000474075	0.999526	0.000948151	1.99905	0.361789
5424	0	28.95477	27.77489	1.179874	0.0755929	0.00211599	0.997884	0.00423198	1.99577	0.2048783
5425	1	28.29385	28.03159	0.2622608	-0.422627	0.000665144	0.999335	0.00133029	1.99867	0.5128736
5426	0	28.09101	27.27884	0.8121698	0.319039	0.00192771	0.998072	0.00385542	1.99614	0.2959292
5427	1	28.81137	28.38708	0.4242914	0.256453	0.000642096	0.999358	0.00128419	1.99872	0.4361555
5428	0	28.71646	27.91456	0.8019	-0.284179	0.00179619	0.998204	0.00359238	1.99641	0.298984
5429	1	28.09056	27.98511	0.1054528	-0.293401	0.000435871	0.999564	0.000871743	1.99913	0.5999447
5430	0	29.33128	28.43911	0.8921684	0.19684	0.000892315	0.999108	0.00178463	1.99822	0.2731775
5431	1	27.73267	27.511	0.2216678	0.221224	0.000362865	0.999637	0.000725731	1.99927	0.534121
5432	0	29.66355	29.03217	0.6313748	0.00288432	0.000690436	0.99931	0.00138087	1.99862	0.3545734
5433	1	29.46536	28.87207	0.5932901	0.0215262	0.000605056	0.999395	0.00121011	1.99879	0.3683377
5434	0	28.15764	27.2049	0.9527351	0.130266	0.00251716	0.997483	0.00503432	1.99497	0.2571231
5435	1	29.24743	28.05051	1.19692	0.11384	0.00147882	0.998521	0.00295764	1.99704	0.2014156
5436	0	29.07478	27.90547	1.169307	-0.0324147	0.00211537	0.997885	0.00423073	1.99577	0.2070546
5437	1	25.7893	25.72519	0.06410702	0.618589	0.000826728	0.999173	0.00165346	1.99835	0.6252697
5438	0	28.76737	27.59807	1.169307	-0.290441	0.0018932	0.998107	0.00378641	1.99621	0.2070546
5439	1	27.44766	27.31964	0.1280167	0.332614	0.000793304	0.999207	0.00158661	1.99841	0.5865592
5440	0	26.06455	24.90093	1.163626	-0.409628	0.00403208	0.995968	0.00806415	1.99194	0.2082343
5441	1	28.8968	28.39059	0.5062082	-0.0588828	0.000460892	0.999539	0.000921784	1.99908	0.4018512
5442	0	25.26316	23.9632	1.299961	-0.144561	0.00620891	0.993791	0.0124178	1.98758	0.1816949
5443	1	27.89583	27.74952	0.1463173	0.0800051	0.000338842	0.999661	0.000677685	1.99932	0.5759223
5444	0	25.92938	24.35873	1.570642	-0.00949023	0.00487681	0.995123	0.00975362	1.99025	0.1386077
5445	1	26.56305	26.84974	-0.2866878	-0.154756	0.000277358	0.999723	0.000554716	1.99945	0.8880055
5446	0	27.47217	26.4223	1.049871	-0.381469	0.00281199	0.997188	0.00562398	1.99438	0.233322
5447	1	28.25082	27.75057	0.500247	-0.118407	0.00145702	0.998543	0.00291405	1.99709	0.4042539
5448	0	29.70033	28.78137	0.9189583	-0.0793959	0.00141529	0.998585	0.00283058	1.99717	0.2659563
5449	1	28.52464	27.98386	0.5407763	-0.445082	0.00110246	0.998898	0.00220492	1.9978	0.3881974
5450	0	27.43843	26.08208	1.356357	0.26781	0.00256253	0.997437	0.00512506	1.99487	0.1717317
5451	1	29.22313	28.40034	0.8227869	-0.30765	0.00139701	0.998603	0.00279402	1.99721	0.292804
5452	0	28.22903	27.05337	1.175666	-0.352237	0.00212637	0.997874	0.00425274	1.99575	0.2057423
5453	1	28.59348	28.05114	0.5423417	-0.0299313	0.000431477	0.999569	0.000862953	1.99914	0.3875902
5454	0	28.87929	28.22384	0.6554555	-0.198182	0.000524943	0.999475	0.00104989	1.99895	0.346137
5455	1	28.30114	27.99915	0.3019889	-0.379776	0.000501223	0.999499	0.00100245	1.999	0.4928975
5456	0	28.81561	28.47897	0.3366346	0.0521559	0.00046073	0.999539	0.000921459	1.99908	0.4761132
5457	1	28.84705	28.37958	0.4674738	0.132925	0.00049171	0.999508	0.00098342	1.99902	0.4177221
5458	0	28.11364	27.74528	0.368361	0.0609697	0.000364899	0.999635	0.000729798	1.99927	0.4612449
5459	1	25.3938	25.42998	-0.03617847	0.469208	0.00113108	0.998869	0.00226217	1.99774	0.6912272
5460	0	29.22936	28.00974	1.219615	0.0980042	0.00147914	0.998521	0.00295828	1.99704	0.196896
5461	1	29.25816	28.85909	0.3990679	-0.124723	0.000664961	0.999335	0.00132992	1.99867	0.4472967
5462	0	27.73221	26.81914	0.9130653	-0.208954	0.00280448	0.997196	0.00560896	1.99439	0.2675282
5463	1	29.613	28.81023	0.8027644	0.0575448	0.00127034	0.99873	0.00254068	1.99746	0.2987257
5464	0	29.8364	29.04774	0.7886527	0.0129412	0.00106182	0.998938	0.00212365	1.99788	0.3029711
5465	1	26.73134	25.48953	1.241809	0.41812	0.00204054	0.997959	0.00408107	1.99592	0.1925741
5466	0	29.291	28.34309	0.947909	-0.042373	0.000719073	0.999281	0.00143815	1.99856	0.258367
5467	1	28.67594	28.41795	0.2579923	0.0586099	0.000682617	0.999317	0.00136523	1.99863	0.5150674
5468	0	26.64172	26.40628	0.2354399	-0.166348	0.00145638	0.998544	0.00291275	1.99709	0.5268155
5469	1	29.54289	28.47818	1.064704	0.116909	0.00130033	0.9987	0.00260067	1.9974	0.2298867
5470	0	28.34342	27.94449	0.3989323	-0.314797	0.00113528	0.998865	0.00227056	1.99773	0.4473574
5471	1	28.74894	27.67978	1.069157	0.101816	0.00224574	0.997754	0.00449148	1.99551	0.2288652
5472	0	28.13293	28.00144	0.131492	-0.308718	0.000637236	0.999363	0.00127447	1.99873	0.5845242
5473	1	29.49924	28.36946	1.129779	-0.0587987	0.00167932	0.998321	0.00335863	1.99664	0.2154031
5474	0	27.52601	27.60775	-0.08173882	0.0266459	0.000428295	0.999572	0.000856589	1.99914	0.7234482
5475	1	25.26056	24.52213	0.7384289	-0.513744	0.00366457	0.996335	0.00732914	1.99267	0.3185761
5476	0	28.24562	27.64566	0.5999688	0.215337	0.000481708	0.999518	0.000963416	1.99904	0.3658858
5477	1	26.23911	25.3704	0.8687099	0.404972	0.00318704	0.996813	0.00637409	1.99363	0.2796616
5478	0	29.10138	27.82597	1.275409	-0.133338	0.00179299	0.998207	0.00358599	1.99641	0.1862112
5479	1	24.41575	22.93329	1.482469	-0.295668	0.00639628	0.993604	0.0127926	1.98721	0.1513843
5480	0	26.17125	24.56839	1.602858	0.247726	0.00250634	0.997494	0.00501269	1.99499	0.1342136
5481	1	28.09412	26.93125	1.16287	0.294635	0.00112371	0.998876	0.00224742	1.99775	0.2083918
5482	0	27.68087	26.36393	1.316934	-0.14345	0.00334579	0.996654	0.00669158	1.99331	0.1786371
5483	1	29.31023	28.14736	1.16287	-0.198892	0.00159993	0.9984	0.00319986	1.9968	0.2083918
5484	0	28.25916	27.1612	1.097965	-0.0340093	0.00280598	0.997194	0.00561196	1.99439	0.2223662
5485	1	29.75175	28.84351	0.908239	0.0716271	0.00123167	0.998768	0.00246335	1.99754	0.2688225
5486	0	26.44361	25.94381	0.4997992	-0.351126	0.00235118	0.997649	0.00470236	1.9953	0.404435
5487	1	24.62917	24.67801	-0.04884264	0.18249	0.00136558	0.998634	0.00273115	1.99727	0.7000367
5488	0	28.59022	27.78455	0.8056764	-0.12722	0.00200572	0.997994	0.00401144	1.99599	0.2978571
5489	1	26.08176	25.39205	0.689718	0.544236	0.00077354	0.999226	0.00154708	1.99845	0.3344783
5490	0	21.92418	20.59484	1.329343	-0.377498	0.0103974	0.989603	0.0207948	1.97921	0.1764341
5491	1	27.18882	26.03002	1.158797	0.195795	0.00352155	0.996478	0.0070431	1.99296	0.2092423
5492	0	25.44307	24.24163	1.201443	0.465865	0.00335582	0.996644	0.00671165	1.99329	0.2005065
5493	1	25.38012	24.3027	1.077416	0.350802	0.00467597	0.995324	0.00935194	1.99065	0.2269827
5494	0	28.86917	27.85141	1.017762	-0.291196	0.00190704	0.998093	0.00381407	1.99619	0.2409352
5495	1	26.19979	25.24421	0.9555807	-0.524684	0.00301479	0.996985	0.00602959	1.99397	0.2563925
5496	0	29.87885	28.94963	0.9292199	-0.0137342	0.00118942	0.998811	0.00237884	1.99762	0.2632411
5497	1	26.03926	25.94324	0.09602554	0.043868	0.00128039	0.99872	0.00256078	1.99744	0.6056272
5498	0	25.95924	25.73285	0.2263825	-0.409768	0.00173598	0.998264	0.00347196	1.99653	0.5316087
5499	1	28.93222	27.83883	1.093387	0.202441	0.00102945	0.998971	0.0020589	1.99794	0.2233864
5500	0	29.90004	28.93822	0.961824	-0.0488885	0.00109553	0.998904	0.00219107	1.99781	0.2547968
5501	1	29.67426	28.90216	0.772091	-0.118662	0.00121824	0.998782	0.00243648	1.99756	0.3080306
5502	0	29.13923	28.399	0.7402268	0.249411	0.000792401	0.999208	0.0015848	1.99842	0.3180038
5503	1	28.47508	28.07572	0.3993598	-0.355129	0.00103792	0.998962	0.00207584	1.99792	0.4471662
5504	0	29.44783	28.70193	0.7458999	0.107935	0.00124863	0.998751	0.00249725	1.9975	0.3162048
5505	1	26.38173	25.8987	0.4830301	-0.0820129	0.00234224	0.997658	0.00468447	1.99532	0.4112742
5506	0	27.77851	26.97025	0.8082641	-0.429033	0.00213283	0.997867	0.00426566	1.99573	0.2970873
5507	1	27.92606	27.31012	0.6159391	-0.151007	0.00191912	0.998081	0.00383824	1.99616	0.3600889
5508	0	29.45875	28.83052	0.6282291	0.165587	0.000824579	0.999175	0.00164916	1.99835	0.3556905
5509	1	27.0804	26.31444	0.765962	0.441268	0.000704634	0.999295	0.00140927	1.99859	0.3099243
5510	0	29.18619	28.60313	0.5830656	-0.296168	0.0010529	0.998947	0.0021058	1.99789	0.372123
5511	1	28.68585	27.90409	0.7817633	-0.0730015	0.00189836	0.998102	0.00379673	1.9962	0.3050656
5512	0	28.59127	27.57017	1.021101	0.298978	0.0010529	0.998947	0.0021058	1.99789	0.2401322
5513	1	28.44453	27.69389	0.7506468	0.0178775	0.00195529	0.998045	0.00391058	1.99609	0.3147074
5514	0	25.33939	24.46623	0.8731591	0.549778	0.000891378	0.999109	0.00178276	1.99822	0.2784201
5515	1	29.23887	28.06512	1.173757	-0.220289	0.00130304	0.998697	0.00260608	1.99739	0.2061354
5516	0	27.75546	27.50881	0.246649	0.405334	0.000577766	0.999422	0.00115553	1.99884	0.5209433
5517	1	27.04313	26.62322	0.4199121	-0.450985	0.00172181	0.998278	0.00344361	1.99656	0.4380697
5518	0	29.60629	28.81533	0.7909669	0.0946471	0.00120892	0.998791	0.00241785	1.99758	0.3022708
5519	1	29.19834	28.39285	0.8054891	-0.149264	0.000623835	0.999376	0.00124767	1.99875	0.2979129
5520	0	29.56292	28.74253	0.8203851	-0.0786058	0.00139682	0.998603	0.00279364	1.99721	0.2935081
5521	1	28.61718	27.91685	0.7003256	-0.13549	0.00174778	0.998252	0.00349555	1.9965	0.3309491
5522	0	29.21275	28.33326	0.8794936	-0.328969	0.00136853	0.998631	0.00273707	1.99726	0.276662
5523	1	29.03246	28.24889	0.7835717	0.20094	0.00147684	0.998523	0.00295368	1.99705	0.3045144
5524	0	27.78021	27.30031	0.4799049	0.24294	0.00151153	0.998488	0.00302305	1.99698	0.4125615
5525	1	26.70353	25.54252	1.161018	0.0183348	0.0043426	0.995657	0.00868519	1.99131	0.2087782
5526	0	28.74775	28.26269	0.4850526	0.0301141	0.00044402	0.999556	0.000888041	1.99911	0.4104432
5527	1	26.69683	25.3703	1.326525	-0.295347	0.00387804	0.996122	0.00775607	1.99224	0.176932
5528	0	27.59582	27.39995	0.1958744	-0.272784	0.00101101	0.998989	0.00202201	1.99798	0.548077
5529	1	28.04453	26.80142	1.243104	0.15104	0.00280835	0.997192	0.0056167	1.99438	0.192325
5530	0	29.25138	28.81199	0.4393892	-0.0417715	0.000813911	0.999186	0.00162782	1.99837	0.4296199
5531	1	29.85098	29.06157	0.7894185	0.0275397	0.00101159	0.998988	0.00202318	1.99798	0.3027392
5532	0	29.64063	28.97843	0.6621947	-0.0284435	0.00066389	0.999336	0.00132778	1.99867	0.3438122
5533	1	28.87546	28.14779	0.7276652	-0.363524	0.0014035	0.998597	0.002807	1.99719	0.3220236
5534	0	27.78146	27.45911	0.3223473	0.0787726	0.000335387	0.999665	0.000670773	1.99933	0.4829643
5535	1	29.50782	28.99893	0.5088872	0.00923094	0.000702111	0.999298	0.00140422	1.9986	0.4007761
5536	0	28.02137	27.51366	0.5077075	-0.320142	0.0015382	0.998462	0.00307641	1.99692	0.4012492
5537	1	29.05338	28.07794	0.9754394	-0.126296	0.00199089	0.998009	0.00398177	1.99602	0.2513511
5538	0	29.75764	28.67556	1.082085	-0.0534085	0.00125369	0.998746	0.00250738	1.99749	0.2259254
5539	1	28.8225	27.78755	1.034951	-0.341938	0.0017198	0.99828	0.0034396	1.99656	0.2368292
5540	0	29.09963	28.7279	0.37173	-0.00173646	0.000732121	0.999268	0.00146424	1.99854	0.4596936
5541	1	29.08298	28.19675	0.8862295	-0.370455	0.00121551	0.998784	0.00243102	1.99757	0.2748047
5542	0	27.27343	27.07277	0.2006575	0.238721	0.000326606	0.999673	0.000653213	1.99935	0.5454617
5543	1	29.79112	28.84269	0.9484256	-0.17526	0.00111871	0.998881	0.00223741	1.99776	0.2582336
5544	0	25.87818	26.17651	-0.2983321	-0.497648	0.000316472	0.999684	0.000632944	1.99937	0.8984061
5545	1	29.53852	28.57484	0.9636838	0.0643432	0.00152779	0.998472	0.00305559	1.99694	0.2543233
5546	0	27.37866	27.41001	-0.03134868	-0.10271	0.000617395	0.999383	0.00123479	1.99877	0.6878968
5547	1	29.65135	28.70024	0.951113	-0.226811	0.00121198	0.998788	0.00242396	1.99758	0.2575405
5548	0	27.66066	27.39097	0.2696907	0.303814	0.00040436	0.999596	0.000808719	1.99919	0.5090771
5549	1	29.54193	28.44286	1.099074	-0.0898567	0.00163772	0.998362	0.00327545	1.99672	0.2221196
5550	0	26.91942	26.50984	0.4095835	-0.340608	0.00182448	0.998176	0.00364895	1.99635	0.4426178
5551	1	29.58569	28.58159	1.004098	0.0263956	0.00155476	0.998445	0.00310952	1.99689	0.2442501
5552	0	26.04009	25.50574	0.5343508	-0.658141	0.0016635	0.998337	0.00332699	1.99667	0.3906997
5553	1	26.69969	25.03056	1.669129	0.0175737	0.0017925	0.998207	0.00358501	1.99641	0.1256074
5554	0	28.95592	28.45057	0.5053522	-0.331289	0.00100026	0.999	0.00200053	1.998	0.4021954
5555	1	25.25778	23.72023	1.537552	-0.431887	0.00253926	0.997461	0.00507852	1.99492	0.1432711
5556	0	28.72197	28.11364	0.6083311	-0.41625	0.00074029	0.99926	0.00148058	1.99852	0.3628389
5557	1	27.63885	26.2072	1.43165	-0.225533	0.00126334	0.998737	0.00252669	1.99747	0.1592763
5558	0	29.21455	28.60622	0.6083311	0.0246666	0.00119327	0.998807	0.00238654	1.99761	0.3628389
5559	1	29.0934	28.64719	0.4462015	-0.295027	0.00118947	0.998811	0.00237894	1.99762	0.4267032
5560	0	28.80208	27.93763	0.8644483	-0.185687	0.0019573	0.998043	0.00391461	1.99609	0.2808559
5561	1	27.74496	26.47019	1.274773	0.136843	0.00313564	0.996864	0.00627128	1.99373	0.1863297
5562	0	29.69492	28.97334	0.7215801	0.101063	0.000834431	0.999166	0.00166886	1.99833	0.3239892
5563	1	23.44362	22.57183	0.8717887	-0.0303947	0.00703348	0.992967	0.014067	1.98593	0.2788019
5564	0	27.3334	26.9273	0.406091	-0.489604	0.00148135	0.998519	0.0029627	1.99704	0.4441663
5565	1	27.00821	26.16207	0.8461434	-0.118554	0.003218	0.996782	0.006436	1.99356	0.2860443
5566	0	28.68946	27.4678	1.221662	-0.303703	0.00159047	0.99841	0.00318095	1.99682	0.1964934
5567	1	26.87537	26.15029	0.725075	-0.0253671	0.00289705	0.997103	0.0057941	1.99421	0.3228588
5568	0	29.87911	28.99448	0.8846284	-0.136092	0.000998104	0.999002	0.00199621	1.998	0.275245
5569	1	29.17796	28.43019	0.7477733	-0.0247659	0.000573854	0.999426	0.00114771	1.99885	0.315613
5570	0	29.27675	28.18475	1.092	-0.266234	0.00142795	0.998572	0.00285589	1.99714	0.2236965
5571	1	29.11075	28.65362	0.457131	-0.120473	0.000943626	0.999056	0.00188725	1.99811	0.4220649
5572	0	29.77473	28.70593	1.068793	-0.0325297	0.00120375	0.998796	0.00240751	1.99759	0.2289485
5573	1	29.29701	28.05004	1.24697	-0.0724633	0.00168354	0.998316	0.00336708	1.99663	0.1915828
5574	0	29.01108	27.94228	1.068793	0.133104	0.000874606	0.999125	0.00174921	1.99825	0.2289485
5575	1	28.65438	27.80761	0.8467634	0.320606	0.00149411	0.998506	0.00298822	1.99701	0.285867
5576	0	28.0151	27.49217	0.5229283	0.226091	0.00151031	0.99849	0.00302062	1.99698	0.3951881
5577	1	29.16375	28.1856	0.9781514	-0.335911	0.00123223	0.998768	0.00246445	1.99754	0.2506703
5578	0	27.5629	27.55426	0.008634506	-0.388929	0.00057434	0.999426	0.00114868	1.99885	0.6609351
5579	1	28.00919	26.71863	1.290561	-0.160789	0.00299862	0.997001	0.00599725	1.994	0.1834109
5580	0	29.07816	28.4117	0.666462	-0.215235	0.00137603	0.998624	0.00275205	1.99725	0.3423481
5581	1	28.77811	28.01254	0.765578	0.000777459	0.000527689	0.999472	0.00105538	1.99894	0.3100434
5582	0	27.4058	26.09422	1.311578	0.0857811	0.00359524	0.996405	0.00719048	1.99281	0.1795964
5583	1	27.69649	27.24387	0.4526225	0.156368	0.00153257	0.998467	0.00306515	1.99693	0.4239721
5584	0	27.02414	26.20304	0.8210966	-0.234969	0.00307181	0.996928	0.00614362	1.99386	0.2932993
5585	1	28.89165	28.37921	0.5124454	-0.339857	0.000607088	0.999393	0.00121418	1.99879	0.3993526
5586	0	26.11192	26.00123	0.1106925	0.257931	0.00127369	0.998726	0.00254738	1.99745	0.5968093
5587	1	29.44802	28.97269	0.4753362	-0.0175331	0.000705001	0.999295	0.00141	1.99859	0.4144507
5588	0	29.29504	28.06304	1.232009	-0.0660315	0.00121792	0.998782	0.00243584	1.99756	0.1944707
5589	1	26.4881	26.25071	0.237392	-0.616486	0.00126275	0.998737	0.00252551	1.99747	0.525788
5590	0	29.38034	28.27482	1.105521	-0.0715802	0.0018236	0.998176	0.0036472	1.99635	0.2206922
5591	1	26.41394	25.62316	0.7907797	-0.0779966	0.00348947	0.996511	0.00697894	1.99302	0.3023274
5592	0	29.13373	28.3372	0.7965308	-0.314312	0.00142494	0.998575	0.00284989	1.99715	0.3005937
5593	1	22.71737	21.79059	0.9267775	-0.107683	0.00851345	0.991487	0.0170269	1.98297	0.2638848
5594	0	22.5115	20.9107	1.600801	0.445185	0.00170948	0.998291	0.00341896	1.99658	0.13449
5595	1	25.71378	24.57545	1.138321	-0.275022	0.00508687	0.994913	0.0101737	1.98983	0.213571
5596	0	27.54596	26.59633	0.9496295	-0.417826	0.00252022	0.99748	0.00504044	1.99496	0.2579229
5597	1	24.3138	23.74365	0.5701438	-0.732552	0.00164469	0.998355	0.00328937	1.99671	0.3769627
5598	0	27.64666	27.21137	0.4352836	-0.55982	0.0010515	0.998948	0.00210301	1.9979	0.4313874
5599	1	28.92078	28.36348	0.5572989	-0.0587427	0.00126137	0.998739	0.00252274	1.99748	0.381836
5600	0	27.64201	27.5636	0.07840322	0.321403	0.000574864	0.999425	0.00114973	1.99885	0.6163944
5601	1	26.80408	26.38572	0.4183631	0.117269	0.0018713	0.998129	0.00374261	1.99626	0.4387488
5602	0	25.38035	25.02995	0.3503931	-0.285982	0.00242989	0.99757	0.00485977	1.99514	0.4696074
5603	1	28.29025	27.46596	0.8242876	-0.446468	0.00165784	0.998342	0.00331567	1.99668	0.2923649
5604	0	25.96022	25.11843	0.8417913	-0.588331	0.0026048	0.997395	0.0052096	1.99479	0.2872919
5605	1	26.94162	26.20477	0.7368473	-0.57066	0.0019045	0.998095	0.003809	1.99619	0.3190803
5606	0	29.05125	27.96446	1.08679	-0.181448	0.00202596	0.997974	0.00405193	1.99595	0.2248649
5607	1	27.97782	26.60838	1.369446	0.221488	0.00157334	0.998427	0.00314669	1.99685	0.1694985
5608	0	28.8232	28.08151	0.7416869	-0.0205974	0.00171932	0.998281	0.00343864	1.99656	0.3175398
5609	1	28.31131	27.22063	1.090678	-0.237752	0.00257188	0.997428	0.00514376	1.99486	0.2239924
5610	0	29.50691	28.80663	0.7002757	-0.242223	0.000737654	0.999262	0.00147531	1.99852	0.3309656
5611	1	28.98755	27.79956	1.187994	-0.145286	0.00212148	0.997879	0.00424297	1.99576	0.2032214
5612	0	29.2003	28.61938	0.5809246	0.187898	0.000991072	0.999009	0.00198214	1.99802	0.3729206
5613	1	27.73439	26.93419	0.8001984	0.461084	0.00130744	0.998693	0.00261488	1.99739	0.2994932
5614	0	27.65674	27.23992	0.4168234	0.393631	0.0012481	0.998752	0.00249619	1.9975	0.4394249
5615	1	29.35783	28.64727	0.7105679	0.203666	0.00106604	0.998934	0.00213207	1.99787	0.3275767
5616	0	29.54436	28.51202	1.032339	-0.00169178	0.00163355	0.998366	0.00326711	1.99673	0.2374486
5617	1	29.23038	28.39198	0.8384023	-0.348075	0.000998305	0.999002	0.00199661	1.998	0.2882672
5618	0	26.19389	25.45057	0.7433161	-0.45067	0.00313154	0.996868	0.00626307	1.99374	0.3170229
5619	1	29.01405	28.09917	0.9148741	-0.131939	0.00192894	0.998071	0.00385788	1.99614	0.2670447
5620	0	27.487	26.83525	0.6517476	-0.403197	0.00209788	0.997902	0.00419576	1.9958	0.3474228
5621	1	29.77723	28.78556	0.9916704	-0.0968643	0.000978255	0.999022	0.00195651	1.99804	0.2473044
5622	0	28.20664	27.97005	0.2365846	0.29486	0.000534641	0.999465	0.00106928	1.99893	0.5262127
5623	1	27.2637	26.76234	0.5013572	-0.204071	0.00193974	0.99806	0.00387949	1.99612	0.4038054
5624	0	29.03017	28.6537	0.3764617	-0.045187	0.000801786	0.999198	0.00160357	1.9984	0.4575236
5625	1	29.22874	28.27245	0.9562961	-0.177167	0.00178846	0.998212	0.00357692	1.99642	0.2562091
5626	0	29.59489	28.71203	0.8828575	-0.0459388	0.00146519	0.998535	0.00293038	1.99707	0.2757329
5627	1	23.62958	22.96399	0.6655889	0.00556287	0.0053764	0.994624	0.0107528	1.98925	0.3426472
5628	0	27.76694	27.48795	0.2789881	-0.0393159	0.00112466	0.998875	0.00224931	1.99775	0.504366
5629	1	26.36303	25.14296	1.220068	-0.480887	0.00120404	0.998796	0.00240808	1.99759	0.1968067
5630	0	28.95598	28.56824	0.3877338	-0.0043512	0.000860385	0.99914	0.00172077	1.99828	0.4523953
5631	1	29.07752	28.1098	0.9677203	0.0317377	0.00194781	0.998052	0.00389562	1.9961	0.2532988
5632	0	29.27061	28.48311	0.7875051	0.147003	0.00139981	0.9986	0.00279962	1.9972	0.303319
5633	1	27.60074	26.43162	1.16912	-0.279989	0.00313259	0.996867	0.00626518	1.99373	0.2070935
5634	0	27.55987	26.80919	0.7506823	0.290224	0.000529415	0.999471	0.00105883	1.99894	0.3146963
5635	1	29.6776	29.00743	0.6701707	-0.0977025	0.00102846	0.998972	0.00205693	1.99794	0.3410808
5636	0	29.70008	28.94939	0.7506823	0.0894731	0.00104501	0.998955	0.00209003	1.99791	0.3146963
5637	1	29.55359	28.41674	1.136849	-0.00178909	0.00113202	0.998868	0.00226405	1.99774	0.2138855
5638	0	29.424	28.41734	1.006655	-0.0478391	0.00174643	0.998254	0.00349286	1.99651	0.2436262
5639	1	28.06616	27.06633	0.99983	-0.431593	0.00196313	0.998037	0.00392626	1.99607	0.2452947
5640	0	28.21317	27.43295	0.7802207	0.412106	0.00104562	0.998954	0.00209124	1.99791	0.3055366
5641	1	25.74356	25.24516	0.4984	-0.117534	0.00277969	0.99722	0.00555938	1.99444	0.4050012
5642	0	29.78412	28.80095	0.983177	0.0431327	0.00103779	0.998962	0.00207557	1.99792	0.2494138
5643	1	28.7454	28.40553	0.3398623	0.218855	0.000606712	0.999393	0.00121342	1.99879	0.4745789
5644	0	29.23909	28.46428	0.7748129	-0.343561	0.0011845	0.998816	0.00236899	1.99763	0.3071933
5645	1	29.65461	28.56493	1.089678	0.0518742	0.00126369	0.998736	0.00252738	1.99747	0.2242166
5646	0	29.08046	28.10054	0.979925	-0.194855	0.00191099	0.998089	0.00382197	1.99618	0.2502262
5647	1	29.18577	27.98677	1.198993	-0.176824	0.00179402	0.998206	0.00358803	1.99641	0.2009985
5648	0	27.33715	25.959	1.37815	0.0758216	0.00360506	0.996395	0.00721011	1.99279	0.1680296
5649	1	28.72257	27.61948	1.103089	0.239133	0.00184357	0.998156	0.00368714	1.99631	0.2212297
5650	0	29.59075	28.58137	1.009382	-0.202389	0.00140714	0.998593	0.00281427	1.99719	0.2429627
5651	1	28.95042	28.03045	0.9199684	-0.124668	0.00198631	0.998014	0.00397262	1.99603	0.2656878
5652	0	28.17423	27.11128	1.062948	0.124615	0.00268759	0.997312	0.00537518	1.99462	0.2302906
5653	1	27.68495	27.70992	-0.02497229	0.0645098	0.000490328	0.99951	0.000980656	1.99902	0.6835245
5654	0	20.04769	19.74752	0.300167	-0.249926	0.00647944	0.993521	0.0129589	1.98704	0.4937963
5655	1	28.79439	28.37378	0.4206098	-0.0799854	0.00102308	0.998977	0.00204615	1.99795	0.4377642
5656	0	27.9662	26.94196	1.024243	0.11761	0.00281524	0.997185	0.00563048	1.99437	0.2393787
5657	1	29.42441	28.61661	0.8077983	-0.314635	0.00105842	0.998942	0.00211683	1.99788	0.2972257
5658	0	28.34142	27.50171	0.8397049	0.0999624	0.00218171	0.997818	0.00436342	1.99564	0.287892
5659	1	28.06732	27.92916	0.1381602	0.233879	0.000591037	0.999409	0.00118207	1.99882	0.5806395
5660	0	27.41	26.76333	0.646669	0.206938	0.00218349	0.997817	0.00436698	1.99563	0.3491917
5661	1	26.81635	26.93485	-0.1185016	0.365063	0.000437044	0.999563	0.000874087	1.99913	0.7505392
5662	0	28.09259	27.13698	0.9556086	-0.0303933	0.00269075	0.997309	0.00538151	1.99462	0.2563853
5663	1	29.11092	28.76783	0.3430919	-0.124959	0.000606092	0.999394	0.00121218	1.99879	0.4730487
5664	0	24.38831	23.7884	0.5999103	0.450464	0.00383713	0.996163	0.00767426	1.99233	0.3659072
5665	1	29.18325	28.76889	0.4143559	-0.235014	0.000667459	0.999333	0.00133492	1.99867	0.4405105
5666	0	28.51441	27.32496	1.189449	-0.139622	0.00259067	0.997409	0.00518134	1.99482	0.2029259
5667	1	29.65277	28.90775	0.7450222	-0.190067	0.0011287	0.998871	0.0022574	1.99774	0.3164825
5668	0	29.23274	28.80011	0.4326301	-0.131636	0.000807481	0.999193	0.00161496	1.99839	0.4325336
5669	1	28.9153	28.29215	0.6231542	-0.0496788	0.00140914	0.998591	0.00281827	1.99718	0.3575002
5670	0	27.80407	27.73591	0.06816395	0.218069	0.000405425	0.999595	0.000810849	1.99919	0.6227382
5671	1	28.84177	27.60395	1.23782	-0.249273	0.00182304	0.998177	0.00364608	1.99635	0.1933439
5672	0	29.05925	28.44719	0.6120562	-0.297885	0.00119977	0.9988	0.00239953	1.9976	0.3614898
5673	1	28.59093	27.56022	1.030704	0.211935	0.00210252	0.997897	0.00420503	1.99579	0.2378372
5674	0	28.90503	28.38238	0.5226506	-0.0900238	0.00119469	0.998805	0.00238937	1.99761	0.3952979
5675	1	27.86184	27.26649	0.5953553	0.423925	0.0013763	0.998624	0.0027526	1.99725	0.3675778
5676	0	28.7553	27.45745	1.297853	-0.108141	0.00111885	0.998881	0.0022377	1.99776	0.1820784
5677	1	26.74295	26.17597	0.566973	-0.616688	0.0015405	0.99846	0.00308099	1.99692	0.3781599
5678	0	29.83485	28.83891	0.9959356	-0.041484	0.00128642	0.998714	0.00257284	1.99743	0.2462518
5679	1	29.72121	28.70736	1.01385	0.0602082	0.00106848	0.998932	0.00213696	1.99786	0.2418796
5680	0	23.43277	23.4361	-0.00332979	0.306433	0.0019827	0.998017	0.00396541	1.99603	0.6688902
5681	1	29.34481	28.31485	1.029957	0.119806	0.00164764	0.998352	0.00329528	1.9967	0.2380148
5682	0	27.91111	27.2785	0.632607	-0.176663	0.00196889	0.998031	0.00393777	1.99606	0.3541368
5683	1	28.24232	27.26836	0.9739627	-0.361401	0.0021883	0.997812	0.0043766	1.99562	0.2517225
5684	0	29.12368	28.49107	0.632607	-0.246579	0.00125624	0.998744	0.00251247	1.99749	0.3541368
5685	1	28.5347	28.32962	0.2050809	-0.208815	0.000645769	0.999354	0.00129154	1.99871	0.5430543
5686	0	29.73468	29.10713	0.6275504	-0.0122824	0.000812572	0.999187	0.00162514	1.99837	0.355932
5687	1	29.22595	28.38836	0.8375913	-0.292666	0.00145284	0.998547	0.00290567	1.99709	0.2885011
5688	0	29.13072	28.43953	0.6911952	0.229978	0.00117965	0.99882	0.00235929	1.99764	0.3339846
5689	1	29.30605	28.736	0.5700429	-0.108031	0.00107959	0.99892	0.00215918	1.99784	0.3770008
5690	0	29.16038	28.36974	0.7906449	-0.339104	0.00131482	0.998685	0.00262964	1.99737	0.3023681
5691	1	29.36763	28.73211	0.6355217	-0.125659	0.001176	0.998824	0.00235199	1.99765	0.3531061
5692	0	28.91863	28.40101	0.5176231	-0.389447	0.000863976	0.999136	0.00172795	1.99827	0.3972902
5693	1	27.07276	25.84324	1.229516	0.301233	0.00312721	0.996873	0.00625442	1.99375	0.1949561
5694	0	29.60202	28.52437	1.077657	-0.0621447	0.00158868	0.998411	0.00317736	1.99682	0.2269281
5695	1	28.62934	28.09463	0.5347066	-0.290569	0.00130247	0.998698	0.00260494	1.9974	0.3905608
5696	0	29.15514	28.58339	0.5717529	-0.12351	0.00116807	0.998832	0.00233614	1.99766	0.3763567
5697	1	27.7783	27.50697	0.2713325	0.423095	0.000694586	0.999305	0.00138917	1.99861	0.508242
5698	0	28.87372	28.42132	0.4524009	-0.0676621	0.00105439	0.998946	0.00210878	1.99789	0.4240661
5699	1	27.66612	27.71014	-0.04402603	-0.0213531	0.000352321	0.999648	0.000704642	1.9993	0.696673
5700	0	29.59278	28.58006	1.012715	0.120819	0.00110659	0.998893	0.00221317	1.99779	0.2421544
5701	1	25.66166	25.615	0.04665617	-0.53964	0.00135365	0.998646	0.0027073	1.99729	0.636277
5702	0	27.64144	26.23475	1.406684	-0.196123	0.00111876	0.998881	0.00223752	1.99776	0.1633027
5703	1	26.99968	25.97938	1.020303	0.453372	0.00213729	0.997863	0.00427457	1.99573	0.2403239
5704	0	28.181	26.77432	1.406684	-0.22972	0.00155942	0.998441	0.00311883	1.99688	0.1633027
5705	1	27.42177	26.27994	1.14183	0.384452	0.00215556	0.997844	0.00431112	1.99569	0.2128228
5706	0	26.69899	26.23402	0.4649668	0.469954	0.00173409	0.998266	0.00346818	1.99653	0.4187706
5707	1	29.14685	28.02188	1.124974	-0.207572	0.00186432	0.998136	0.00372865	1.99627	0.2164406
5708	0	29.37308	28.77528	0.5978031	0.181131	0.000783607	0.999216	0.00156721	1.99843	0.3666791
5709	1	29.75915	29.10015	0.6590039	-0.0357315	0.000910761	0.999089	0.00182152	1.99818	0.3449109
5710	0	29.27199	28.66413	0.6078533	-0.165863	0.00116528	0.998835	0.00233056	1.99767	0.3630124
5711	1	29.76181	28.8001	0.9617047	-0.118496	0.000933981	0.999066	0.00186796	1.99813	0.2548271
5712	0	28.6648	27.58135	1.083449	-0.364387	0.00120701	0.998793	0.00241403	1.99759	0.2256175
5713	1	27.85397	27.77114	0.08282758	-0.386799	0.000481086	0.999519	0.000962171	1.99904	0.6136732
5714	0	25.9607	24.90101	1.059689	-0.20561	0.00479312	0.995207	0.00958625	1.99041	0.2310424
5715	1	26.57779	26.49071	0.0870875	0.22532	0.000268329	0.999732	0.000536658	1.99946	0.6110646
5716	0	25.54888	24.09454	1.454338	0.284629	0.00445916	0.995541	0.00891831	1.99108	0.1557032
5717	1	26.86193	27.04212	-0.1801937	-0.399306	0.000414126	0.999586	0.000828253	1.99917	0.7982996
5718	0	28.32372	28.15531	0.1684153	-0.288222	0.000632487	0.999368	0.00126497	1.99874	0.5633352
5719	1	24.90608	23.90395	1.00213	0.336602	0.0051513	0.994849	0.0103026	1.9897	0.2447311
5720	0	27.28614	27.07056	0.2155862	0.471479	0.00082318	0.999177	0.00164636	1.99835	0.5373792
5721	1	29.72032	28.72177	0.9985538	0.0716261	0.00128485	0.998715	0.0025697	1.99743	0.2456079
5722	0	28.47162	28.18342	0.2881992	0.19174	0.000462837	0.999537	0.000925674	1.99907	0.4997415
5723	1	27.68879	27.60131	0.08748424	-0.312505	0.000741223	0.999259	0.00148245	1.99852	0.6108222
5724	0	26.89466	26.88549	0.009169796	-0.565232	0.000608302	0.999392	0.0012166	1.99878	0.6605814
5725	1	28.21457	27.97974	0.2348229	-0.0366446	0.000358254	0.999642	0.000716509	1.99928	0.5271406
5726	0	27.9839	27.70501	0.2788882	0.0775015	0.00102197	0.998978	0.00204394	1.99796	0.5044163
5727	1	25.79065	26.00023	-0.2095816	0.523573	0.000443749	0.999556	0.000887499	1.99911	0.822108
5728	0	27.85243	26.76912	1.083316	-0.42795	0.0021168	0.997883	0.0042336	1.99577	0.2256474
5729	1	28.02063	27.92456	0.09607425	0.041666	0.000629187	0.999371	0.00125837	1.99874	0.6055977
5730	0	29.39299	28.47737	0.9156164	-0.163834	0.000754176	0.999246	0.00150835	1.99849	0.2668465
5731	1	28.8297	28.17448	0.6552207	0.202356	0.000578446	0.999422	0.00115689	1.99884	0.3462183
5732	0	27.52565	26.79795	0.7277059	0.435076	0.00178118	0.998219	0.00356235	1.99644	0.3220105
5733	1	26.76156	26.96835	-0.2067875	-0.234276	0.000479665	0.99952	0.000959329	1.99904	0.8198142
5734	0	29.27923	28.46069	0.8185392	0.204322	0.00131501	0.998685	0.00263002	1.99737	0.2940503
5735	1	28.43072	27.76309	0.6676314	0.345586	0.000705427	0.999295	0.00141085	1.99859	0.341948
5736	0	27.84787	27.75532	0.09254725	0.0550728	0.000685276	0.999315	0.00137055	1.99863	0.6077374
5737	1	28.15375	27.81557	0.3381741	0.215653	0.00102788	0.998972	0.00205576	1.99794	0.4753808
5738	0	29.44215	28.8946	0.5475486	-0.0919662	0.000588147	0.999412	0.00117629	1.99882	0.3855773
5739	1	29.84366	29.12732	0.7163482	-0.0270556	0.000823325	0.999177	0.00164665	1.99835	0.3256887
5740	0	27.59091	27.20481	0.3861034	0.066752	0.00143667	0.998563	0.00287335	1.99713	0.4531335
5741	1	28.2743	27.99558	0.2787167	0.161301	0.00087544	0.999125	0.00175088	1.99825	0.5045029
5742	0	29.41542	28.59322	0.8221985	0.108703	0.000720506	0.999279	0.00144101	1.99856	0.2929763
5743	1	26.81195	26.70548	0.1064731	0.138757	0.00104057	0.998959	0.00208113	1.99792	0.5993328
5744	0	29.55292	28.74492	0.808003	-0.18386	0.00132731	0.998673	0.00265462	1.99735	0.2971649
5745	1	27.788	27.55745	0.2305525	-0.45779	0.000496499	0.999504	0.000992997	1.99901	0.5293965
5746	0	29.41919	28.29634	1.12285	-0.212072	0.00128813	0.998712	0.00257625	1.99742	0.2169009
5747	1	28.12097	27.87313	0.2478394	0.0437591	0.000910083	0.99909	0.00182017	1.99818	0.5203235
5748	0	28.70357	27.38869	1.314879	-0.209512	0.00193662	0.998063	0.00387324	1.99613	0.1790046
5749	1	29.83571	29.03494	0.800771	0.0418914	0.00103251	0.998967	0.00206501	1.99793	0.2993218
5750	0	25.84149	25.19552	0.6459636	-0.0723838	0.00333023	0.99667	0.00666046	1.99334	0.3494382
5751	1	28.53042	27.7234	0.8070239	0.359354	0.00136045	0.99864	0.00272089	1.99728	0.297456
5752	0	29.67882	28.71386	0.964958	0.0368612	0.0014223	0.998578	0.00284461	1.99716	0.2539995
5753	1	28.7473	28.43328	0.314017	-0.0158854	0.000435717	0.999564	0.000871433	1.99913	0.4870044
5754	0	29.6359	28.75019	0.8857104	-0.220374	0.00127303	0.998727	0.00254607	1.99745	0.2749474
5755	1	28.0689	27.88218	0.1867236	-0.337884	0.000784557	0.999215	0.00156911	1.99843	0.5531153
5756	0	27.38717	25.97613	1.411037	-0.292073	0.00279317	0.997207	0.00558633	1.99441	0.1625935
5757	1	27.55667	27.51539	0.04128309	-0.224462	0.000704943	0.999295	0.00140989	1.99859	0.639705
5758	0	28.55947	27.90574	0.6537249	0.374231	0.00101504	0.998985	0.00203009	1.99797	0.3467366
5759	1	27.59855	26.38201	1.216531	-0.382613	0.00111155	0.998888	0.00222309	1.99778	0.197504
5760	0	29.69016	28.88665	0.8035042	-0.168112	0.000782255	0.999218	0.00156451	1.99844	0.2985048
5761	1	28.08027	27.01759	1.062688	0.141533	0.00273704	0.997263	0.00547408	1.99453	0.2303505
5762	0	28.52524	27.79496	0.7302798	-0.393845	0.00158452	0.998415	0.00316903	1.99683	0.3211828
5763	1	28.36482	26.98855	1.376267	-0.0281066	0.00256902	0.997431	0.00513803	1.99486	0.1683462
5764	0	29.01702	28.32195	0.6950699	0.281362	0.00112006	0.99888	0.00224011	1.99776	0.332693
5765	1	28.37444	27.03842	1.336022	0.0528739	0.00257066	0.997429	0.00514133	1.99486	0.1752596
5766	0	29.65755	29.07153	0.5860261	-0.0544357	0.000698367	0.999302	0.00139673	1.9986	0.371023
5767	1	29.64447	28.66426	0.98021	-0.116263	0.00088548	0.999115	0.00177096	1.99823	0.2501549
5768	0	29.35192	28.8207	0.5312221	0.0930574	0.000612577	0.999387	0.00122515	1.99877	0.3919241
5769	1	28.6176	27.30973	1.307868	0.141289	0.00202456	0.997975	0.00404911	1.99595	0.1802639
5770	0	29.43014	28.49542	0.9347162	-0.217052	0.00153667	0.998463	0.00307334	1.99693	0.2617982
5771	1	29.43581	28.2345	1.201306	-0.0299033	0.00123929	0.998761	0.00247858	1.99752	0.200534
5772	0	29.01532	28.46859	0.5467303	0.250885	0.000923954	0.999076	0.00184791	1.99815	0.3858929
5773	1	29.56119	28.40146	1.15973	-0.0923885	0.001472	0.998528	0.002944	1.99706	0.2090472
5774	0	26.92807	26.61132	0.3167523	0.113852	0.00152268	0.998477	0.00304535	1.99695	0.4856741
5775	1	28.76855	27.89964	0.8689057	0.331663	0.001217	0.998783	0.002434	1.99757	0.2796069
5776	0	28.69544	27.96368	0.7317618	-0.00972616	0.00176996	0.99823	0.00353992	1.99646	0.3207071
5777	1	28.51036	27.90749	0.602869	-0.376322	0.000591017	0.999409	0.00118203	1.99882	0.3648262
5778	0	28.91542	27.61156	1.303864	-0.12473	0.00200535	0.997995	0.0040107	1.99599	0.1809872
5779	1	28.59986	27.98775	0.61211	0.119541	0.000479313	0.999521	0.000958626	1.99904	0.3614704
5780	0	27.40218	27.18123	0.2209484	-0.411975	0.00110859	0.998891	0.00221718	1.99778	0.5345054
5781	1	29.62726	29.05592	0.5713426	-0.0133176	0.000812164	0.999188	0.00162433	1.99838	0.3765111
5782	0	29.39114	28.77774	0.6133991	-0.278892	0.00096285	0.999037	0.0019257	1.99807	0.3610047
5783	1	29.62053	28.97151	0.6490132	-0.159544	0.000691316	0.999309	0.00138263	1.99862	0.3483741
5784	0	28.57155	27.37229	1.199259	-0.198252	0.00242695	0.997573	0.0048539	1.99515	0.200945
5785	1	27.16941	26.95731	0.2120995	0.0717224	0.00117075	0.998829	0.0023415	1.99766	0.5392561
5786	0	28.61415	27.5337	1.080456	0.00994541	0.000720682	0.999279	0.00144136	1.99856	0.2262938
5787	1	29.77171	28.80557	0.9661427	-0.17239	0.00120702	0.998793	0.00241403	1.99759	0.2536987
5788	0	27.12932	27.15769	-0.02837174	-0.483919	0.000608816	0.999391	0.00121763	1.99878	0.685852
5789	1	28.36052	27.14307	1.217453	-0.119098	0.00275623	0.997244	0.00551246	1.99449	0.197322
5790	0	29.28907	28.80619	0.4828774	-0.253188	0.000769798	0.99923	0.0015396	1.99846	0.411337
5791	1	27.04159	26.09164	0.9499514	0.0855837	0.00345359	0.996546	0.00690719	1.99309	0.2578399
5792	0	28.3346	28.0203	0.314301	0.00904246	0.000976742	0.999023	0.00195348	1.99805	0.4868661
5793	1	28.8708	28.00723	0.8635656	0.0752904	0.00189335	0.998107	0.00378671	1.99621	0.281104
5794	0	29.29026	28.51837	0.7718855	-0.138645	0.00148767	0.998512	0.00297533	1.99702	0.3080939
5795	1	29.6887	28.58431	1.104392	0.00722505	0.00126074	0.998739	0.00252147	1.99748	0.2209415
5796	0	29.20255	28.4588	0.7437519	-0.0628502	0.000575831	0.999424	0.00115166	1.99885	0.3168848
5797	1	26.46844	26.00986	0.4585847	-0.0566687	0.00220593	0.997794	0.00441187	1.99559	0.4214518
5798	0	28.63616	27.86729	0.7688615	0.0205802	0.00188017	0.99812	0.00376035	1.99624	0.309027
5799	1	28.70001	28.24143	0.4585847	-0.192	0.00114308	0.998857	0.00228616	1.99771	0.4214518
5800	0	29.80366	29.01573	0.7879322	-0.111106	0.0011243	0.998876	0.0022486	1.99775	0.3031895
5801	1	29.19735	28.73308	0.4642688	0.155704	0.000720299	0.99928	0.0014406	1.99856	0.419063
5802	0	29.84734	29.14146	0.7058811	-0.045628	0.000868938	0.999131	0.00173788	1.99826	0.3291156
5803	1	29.30024	28.83597	0.4642688	0.0405591	0.000805449	0.999195	0.0016109	1.99839	0.419063
5804	0	29.1835	28.75198	0.4315153	0.125361	0.000691315	0.999309	0.00138263	1.99862	0.4330161
5805	1	27.56276	27.63508	-0.07232128	-0.157138	0.000458684	0.999541	0.000917367	1.99908	0.7166671
5806	0	27.81172	27.39602	0.4157007	-0.490982	0.000581725	0.999418	0.00116345	1.99884	0.4399185
5807	1	27.77945	27.38809	0.3913596	0.0516257	0.00034157	0.999658	0.000683139	1.99932	0.450758
5808	0	28.92192	28.12379	0.7981288	-0.136097	0.00177611	0.998224	0.00355221	1.99645	0.3001137
5809	1	29.11297	28.52149	0.5914748	0.247032	0.000739679	0.99926	0.00147936	1.99852	0.3690069
5810	0	27.82912	27.16177	0.6673531	0.399535	0.00161688	0.998383	0.00323376	1.99677	0.3420432
5811	1	26.84919	26.88718	-0.03798387	-0.446891	0.000752949	0.999247	0.0015059	1.99849	0.6924763
5812	0	29.69258	29.01585	0.6767263	-0.201325	0.000886658	0.999113	0.00177332	1.99823	0.3388521
5813	1	27.99568	26.98957	1.006111	-0.318403	0.00256448	0.997436	0.00512895	1.99487	0.2437587
5814	0	29.17252	28.32083	0.851686	-0.185153	0.00167883	0.998321	0.00335765	1.99664	0.2844633
5815	1	28.34007	27.64075	0.6993158	0.391887	0.00125854	0.998741	0.00251709	1.99748	0.3312834
5816	0	29.28688	28.2016	1.085281	0.177477	0.00126261	0.998737	0.00252522	1.99747	0.2252047
5817	1	29.57144	28.45538	1.116065	0.0668258	0.00126717	0.998733	0.00253434	1.99747	0.2183775
5818	0	27.55198	26.69612	0.8558595	-0.298084	0.00269929	0.997301	0.00539858	1.9946	0.2832785
5819	1	28.32801	27.21195	1.116065	0.00593027	0.0027521	0.997248	0.0055042	1.9945	0.2183775
5820	0	27.93743	27.18311	0.7543204	0.339145	0.00188378	0.998116	0.00376757	1.99623	0.3135534
5821	1	26.7667	25.72399	1.042706	-0.203857	0.00393748	0.996063	0.00787497	1.99213	0.2349996
5822	0	28.29898	27.20513	1.093853	-0.189109	0.00267362	0.997326	0.00534724	1.99465	0.2232824
5823	1	29.45702	28.48329	0.9737247	-0.241541	0.00146225	0.998538	0.00292451	1.99708	0.2517825
5824	0	29.50088	28.58091	0.9199718	-0.281308	0.0011495	0.998851	0.00229899	1.9977	0.2656868
5825	1	29.60573	28.46673	1.139005	-0.0893904	0.00121453	0.998785	0.00242906	1.99757	0.2134249
5826	0	29.5726	28.61058	0.9620247	0.116154	0.00138162	0.998618	0.00276324	1.99724	0.2547456
5827	1	28.31343	27.32937	0.9840587	0.15906	0.00240535	0.997595	0.0048107	1.99519	0.2491939
5828	0	29.17484	28.49184	0.6829967	-0.170878	0.000571643	0.999428	0.00114329	1.99886	0.3367341
5829	1	27.84457	27.02022	0.8243547	0.320502	0.00212624	0.997874	0.00425248	1.99575	0.2923453
5830	0	27.46292	27.41897	0.04394777	-0.297655	0.000331448	0.999669	0.000662897	1.99934	0.6380026
5831	1	27.81195	27.011	0.8009516	0.27795	0.00221105	0.997789	0.00442209	1.99558	0.2992677
5832	0	28.74017	28.2707	0.4694685	0.304067	0.000799379	0.999201	0.00159876	1.9984	0.4168897
5833	1	27.79423	27.60303	0.1911972	0.286679	0.000816152	0.999184	0.0016323	1.99837	0.5506465
5834	0	27.7242	27.19735	0.5268446	0.301928	0.0015976	0.998402	0.00319521	1.9968	0.3936434
5835	1	27.83152	27.71471	0.1168038	-0.424749	0.000650311	0.99935	0.00130062	1.9987	0.5931732
5836	0	28.94216	28.26002	0.6821378	-0.0442685	0.000511991	0.999488	0.00102398	1.99898	0.3370234
5837	1	26.36847	26.35039	0.01808296	0.328715	0.000959122	0.999041	0.00191824	1.99808	0.6547197
5838	0	26.26207	26.53236	-0.2702924	-0.132361	0.000500961	0.999499	0.00100192	1.999	0.873565
5839	1	28.72854	27.79499	0.9335518	0.244187	0.0018086	0.998191	0.0036172	1.99638	0.2621032
5840	0	29.38478	28.73776	0.6470222	0.17971	0.00097805	0.999022	0.0019561	1.99804	0.3490684
5841	1	29.46536	28.72554	0.7398262	-0.140169	0.00131016	0.99869	0.00262031	1.99738	0.3181312
5842	0	27.73848	27.38395	0.354525	-0.0940172	0.00132121	0.998679	0.00264243	1.99736	0.467671
5843	1	28.93503	28.24477	0.69026	0.313961	0.000971486	0.999029	0.00194297	1.99806	0.3342971
5844	0	29.65786	28.90045	0.7574123	-0.0716305	0.00121739	0.998783	0.00243479	1.99757	0.3125855
5845	1	27.01997	26.63961	0.3803573	-0.274979	0.00170428	0.998296	0.00340855	1.99659	0.4557447
5846	0	28.2942	27.71295	0.5812502	0.0957341	0.00159054	0.998409	0.00318107	1.99682	0.3727992
5847	1	26.65666	26.47044	0.1862221	0.390463	0.000356459	0.999644	0.000712918	1.99929	0.5533928
5848	0	26.54496	25.72117	0.82379	-0.498694	0.000654919	0.999345	0.00130984	1.99869	0.2925104
5849	1	27.69398	27.52719	0.1667924	-0.0731595	0.000307798	0.999692	0.000615595	1.99938	0.5642502
5850	0	27.23861	26.98194	0.2566765	0.455538	0.0010039	0.998996	0.00200779	1.99799	0.5157456
5851	1	29.67376	28.81984	0.8539249	0.0294081	0.0013211	0.998679	0.00264221	1.99736	0.2838271
5852	0	29.88869	29.11849	0.7702007	-0.0977937	0.000889568	0.99911	0.00177914	1.99822	0.3086134
5853	1	29.13743	28.44989	0.6875472	0.0544533	0.00138904	0.998611	0.00277809	1.99722	0.3352052
5854	0	25.56033	25.86819	-0.3078524	0.428888	0.000537762	0.999462	0.00107552	1.99892	0.9070001
5855	1	28.85012	28.43742	0.4127017	0.0736575	0.000942541	0.999057	0.00188508	1.99811	0.4412398
5856	0	27.85447	27.83646	0.0180072	-0.247295	0.000399319	0.999601	0.000798639	1.9992	0.6547693
5857	1	28.53679	28.06603	0.4707554	-0.359276	0.0011519	0.998848	0.0023038	1.9977	0.4163536
5858	0	25.05583	25.16065	-0.1048139	-0.718583	0.000893151	0.999107	0.0017863	1.99821	0.740336
5859	1	26.60738	26.23871	0.368672	-0.0643001	0.00184399	0.998156	0.00368798	1.99631	0.4611015
5860	0	29.76319	28.70817	1.055021	-0.0216165	0.00110514	0.998895	0.00221028	1.99779	0.2321234
5861	1	28.9144	28.12578	0.7886284	0.115826	0.00168469	0.998315	0.00336938	1.99663	0.3029785
5862	0	29.31652	28.27621	1.04031	-0.25219	0.00102683	0.998973	0.00205366	1.99795	0.2355634
5863	1	27.99893	27.01945	0.9794718	0.399589	0.00127468	0.998725	0.00254937	1.99745	0.2503396
5864	0	23.73909	24.0816	-0.34251	-0.442916	0.00102984	0.99897	0.00205968	1.99794	0.9389857
5865	1	28.97921	27.89381	1.085398	-0.283426	0.00180629	0.998194	0.00361259	1.99639	0.2251782
5866	0	26.69771	26.39071	0.3069935	-0.530168	0.00152352	0.998476	0.00304704	1.99695	0.4904369
5867	1	29.65935	28.64609	1.013262	0.102886	0.00120926	0.998791	0.00241851	1.99758	0.2420219
5868	0	29.31305	28.72022	0.5928309	0.0851919	0.00106457	0.998935	0.00212913	1.99787	0.3685069
5869	1	29.87514	28.90673	0.9684053	-0.0461461	0.00121663	0.998783	0.00243326	1.99757	0.2531254
5870	0	28.91232	27.94348	0.9688437	0.279491	0.00144813	0.998552	0.00289625	1.9971	0.2530144
5871	1	28.87443	28.00226	0.872167	0.150577	0.00182068	0.998179	0.00364136	1.99636	0.2786964
5872	0	27.42457	27.19126	0.2333076	0.232863	0.00108714	0.998913	0.00217429	1.99783	0.52794
5873	1	29.74534	28.82173	0.9236042	0.0996657	0.00111339	0.998887	0.00222678	1.99777	0.2647235
5874	0	29.41356	28.63594	0.777621	0.198214	0.00112999	0.99887	0.00225999	1.99774	0.3063319
5875	1	29.43937	28.67122	0.7681485	-0.294947	0.000854672	0.999145	0.00170934	1.99829	0.3092474
5876	0	29.42328	28.37539	1.047886	-0.235194	0.00107703	0.998923	0.00215405	1.99785	0.2337856
5877	1	28.3631	27.9481	0.4150013	-0.0709736	0.00120164	0.998798	0.00240327	1.9976	0.4402263
5878	0	29.81703	29.07756	0.7394763	-0.0503921	0.00103279	0.998967	0.00206557	1.99793	0.3182426
5879	1	28.57948	28.01789	0.561592	-0.0107222	0.00143481	0.998565	0.00286963	1.99713	0.3802003
5880	0	26.86697	26.81087	0.05610233	0.488104	0.000599386	0.999401	0.00119877	1.9988	0.6302949
5881	1	29.71434	29.06494	0.6493975	0.0246079	0.000894704	0.999105	0.00178941	1.99821	0.3482403
5882	0	26.74449	26.21353	0.5309587	-0.191622	0.00231342	0.997687	0.00462684	1.99537	0.3920273
5883	1	27.36556	26.76256	0.603005	0.0736147	0.00215773	0.997842	0.00431547	1.99568	0.3647766
5884	0	29.05162	27.95159	1.100034	-0.120446	0.00210514	0.997895	0.00421029	1.99579	0.2219065
5885	1	29.41894	28.83661	0.5823314	-0.203293	0.000989163	0.999011	0.00197833	1.99802	0.3723963
5886	0	29.34093	28.25921	1.081713	-0.247355	0.00149667	0.998503	0.00299334	1.99701	0.2260095
5887	1	28.01181	27.20464	0.8071688	0.417181	0.0015074	0.998493	0.0030148	1.99699	0.2974129
5888	0	26.89435	26.34146	0.552885	0.477106	0.0017718	0.998228	0.00354361	1.99646	0.3835252
5889	1	28.4144	27.56898	0.84542	0.364816	0.0014744	0.998526	0.0029488	1.99705	0.2862513
5890	0	28.13727	27.57592	0.5613451	-0.472907	0.00133799	0.998662	0.00267598	1.99732	0.3802942
5891	1	28.81496	28.26723	0.5477352	-0.418964	0.000867281	0.999133	0.00173456	1.99827	0.3855053
5892	0	28.5278	27.87557	0.6522274	-0.140336	0.0016842	0.998316	0.0033684	1.99663	0.3472562
5893	1	27.74941	27.1383	0.6111101	0.301707	0.00178307	0.998217	0.00356614	1.99643	0.361832
5894	0	28.09829	27.02034	1.077953	0.362767	0.00149387	0.998506	0.00298774	1.99701	0.226861
5895	1	26.10931	24.54023	1.569083	0.0334945	0.00457935	0.995421	0.00915869	1.99084	0.138824
5896	0	29.70758	28.71045	0.9971285	-0.188763	0.00123502	0.998765	0.00247004	1.99753	0.2459582
5897	1	27.36379	25.76076	1.603029	0.0338346	0.00228234	0.997718	0.00456467	1.99544	0.1341905
5898	0	27.59125	26.94446	0.6467971	0.478447	0.000893333	0.999107	0.00178667	1.99821	0.349147
5899	1	27.36527	26.82025	0.5450179	-0.561741	0.0014639	0.998536	0.00292779	1.99707	0.3865543
5900	0	26.43676	26.44983	-0.01307145	-0.353876	0.000951766	0.999048	0.00190353	1.9981	0.6754382
5901	1	28.90063	28.24623	0.6544076	0.191188	0.00134278	0.998657	0.00268557	1.99731	0.3464999
5902	0	29.31875	28.78803	0.5307191	0.0909458	0.000595228	0.999405	0.00119046	1.99881	0.3921212
5903	1	29.12044	28.63935	0.4810939	-0.107737	0.000992403	0.999008	0.00198481	1.99802	0.4120713
5904	0	28.3493	27.81858	0.5307191	0.393392	0.000942526	0.999057	0.00188505	1.99811	0.3921212
5905	1	29.48648	28.67075	0.8157269	0.02415	0.000684207	0.999316	0.00136841	1.99863	0.2948785
5906	0	28.02753	27.21802	0.809508	0.118538	0.00230516	0.997695	0.00461031	1.99539	0.296718
5907	1	28.60499	28.21795	0.3870357	-0.137696	0.00103577	0.998964	0.00207154	1.99793	0.4527112
5908	0	28.49828	28.15164	0.3466441	0.299002	0.000620495	0.99938	0.00124099	1.99876	0.4713713
5909	1	27.57752	27.09991	0.4776059	-0.177905	0.00171716	0.998283	0.00343431	1.99657	0.4135111
5910	0	26.89706	26.74695	0.1501086	0.393276	0.000377532	0.999622	0.000755065	1.99924	0.573743
5911	1	29.67931	28.87276	0.8065517	-0.216113	0.000854438	0.999146	0.00170888	1.99829	0.2975965
5912	0	29.28303	28.73669	0.5463398	-0.0566034	0.000537236	0.999463	0.00107447	1.99893	0.3860436
5913	1	29.49234	28.96236	0.5299862	-0.0305854	0.000854865	0.999145	0.00170973	1.99829	0.3924087
5914	0	29.72619	28.91682	0.8093663	0.0135693	0.000763709	0.999236	0.00152742	1.99847	0.29676
5915	1	28.97947	28.61842	0.3610468	-0.11099	0.000483704	0.999516	0.000967407	1.99903	0.4646309
5916	0	29.76423	28.74717	1.017056	-0.123444	0.00105401	0.998946	0.00210803	1.99789	0.2411054
5917	1	29.03046	28.57431	0.456145	0.195075	0.000813007	0.999187	0.00162601	1.99837	0.4224813
5918	0	25.58188	24.48263	1.099256	0.0978616	0.00535079	0.994649	0.0107016	1.9893	0.2220793
5919	1	28.1421	27.98046	0.1616356	-0.374701	0.000515358	0.999485	0.00103072	1.99897	0.5671674
5920	0	29.68734	28.81758	0.869754	0.130694	0.00102019	0.99898	0.00204038	1.99796	0.2793697
5921	1	26.71734	26.73205	-0.01470603	0.443537	0.000684448	0.999316	0.0013689	1.99863	0.6765431
5922	0	29.13759	28.5147	0.6228928	0.2501	0.000968205	0.999032	0.00193641	1.99806	0.3575937
5923	1	26.40441	26.49013	-0.08571479	-0.00291154	0.000223104	0.999777	0.000446209	1.99955	0.7263304
5924	0	28.4746	27.98004	0.4945583	-0.417544	0.00113987	0.99886	0.00227973	1.99772	0.4065601
5925	1	29.1922	28.78503	0.4071666	0.000351861	0.000758862	0.999241	0.00151772	1.99848	0.4436889
5926	0	29.59875	28.83962	0.7591309	-0.0716954	0.001266	0.998734	0.00253199	1.99747	0.3120487
5927	1	28.9371	28.54236	0.3947474	0.117442	0.000827541	0.999172	0.00165508	1.99834	0.4492335
5928	0	28.56461	28.1476	0.4170087	-0.0410531	0.000406319	0.999594	0.000812638	1.99919	0.4393435
5929	1	29.00679	27.81448	1.192303	0.176304	0.00156983	0.99843	0.00313967	1.99686	0.2023476
5930	0	29.68941	28.82754	0.8618755	-0.0685148	0.000767698	0.999232	0.0015354	1.99846	0.2815795
5931	1	29.10667	28.07754	1.029127	-0.254287	0.00179939	0.998201	0.00359878	1.9964	0.2382126
5932	0	28.21086	27.55278	0.65808	-0.491393	0.00131584	0.998684	0.00263167	1.99737	0.3452298
5933	1	29.50461	28.63358	0.8710215	0.18053	0.000964508	0.999035	0.00192902	1.99807	0.2790159
5934	0	29.6187	28.75212	0.8665722	-0.0815713	0.000746878	0.999253	0.00149376	1.99851	0.2802601
5935	1	28.53491	28.13543	0.3994748	-0.426544	0.000680643	0.999319	0.00136129	1.99864	0.4471148
5936	0	28.15994	27.67773	0.4822068	0.288905	0.00127899	0.998721	0.00255798	1.99744	0.4116129
5937	1	29.24072	28.84795	0.3927686	-0.0801999	0.000683715	0.999316	0.00136743	1.99863	0.4501233
5938	0	29.62011	29.02732	0.5927914	0.0211175	0.000862644	0.999137	0.00172529	1.99827	0.3685214
5939	1	29.43962	28.40111	1.0385	0.16198	0.00123855	0.998761	0.0024771	1.99752	0.2359901
5940	0	29.60784	28.60363	1.004212	-0.217643	0.0013037	0.998696	0.00260739	1.99739	0.244222
5941	1	28.04119	27.56794	0.4732506	-0.0354568	0.00148	0.99852	0.00295999	1.99704	0.415316
5942	0	29.49121	28.60551	0.8856962	-0.0318689	0.00154851	0.998451	0.00309702	1.9969	0.2749513
5943	1	26.31947	26.10869	0.2107785	-0.286885	0.00153142	0.998469	0.00306284	1.99694	0.539969
5944	0	28.59145	27.9301	0.6613474	0.174983	0.00156019	0.99844	0.00312037	1.99688	0.3441036
5945	1	28.89044	27.91237	0.9780717	-0.280895	0.000809651	0.99919	0.0016193	1.99838	0.2506903
5946	0	29.71736	29.02024	0.6971195	-0.0644137	0.0010525	0.998948	0.002105	1.9979	0.3320118
5947	1	29.14009	28.75475	0.3853385	-0.210661	0.000613611	0.999386	0.00122722	1.99877	0.4534802
5948	0	29.28514	28.58695	0.6981867	0.101615	0.00128293	0.998717	0.00256586	1.99743	0.3316577
5949	1	28.01595	27.44278	0.5731641	0.00460391	0.000392108	0.999608	0.000784216	1.99922	0.3758259
5950	0	28.50231	27.70738	0.7949341	-0.44	0.00147615	0.998524	0.00295231	1.99705	0.301074
5951	1	26.3079	26.35201	-0.04411241	0.499973	0.000726332	0.999274	0.00145266	1.99855	0.6967332
5952	0	28.68409	27.7161	0.9679974	0.0848494	0.0021989	0.997801	0.00439781	1.9956	0.2532286
5953	1	28.12456	27.97307	0.1514837	-0.378494	0.000538224	0.999462	0.00107645	1.99892	0.5729546
5954	0	29.49227	28.75732	0.7349508	0.118483	0.00071182	0.999288	0.00142364	1.99858	0.319686
5955	1	28.28964	28.03906	0.250587	0.291038	0.000574172	0.999426	0.00114834	1.99885	0.5188958
5956	0	27.86952	27.62234	0.2471814	-0.501879	0.000730938	0.999269	0.00146188	1.99854	0.520666
5957	1	28.19344	28.04582	0.1476257	0.211174	0.00051425	0.999486	0.0010285	1.99897	0.5751693
5958	0	26.05871	26.33588	-0.2771663	-0.169355	0.000540619	0.999459	0.00108124	1.99892	0.8795905
5959	1	26.85982	26.87428	-0.01446318	-0.287776	0.000815513	0.999184	0.00163103	1.99837	0.6763789
5960	0	26.58118	26.67035	-0.08917458	0.270371	0.000690309	0.99931	0.00138062	1.99862	0.7288477
5961	1	28.70395	28.36627	0.3376788	0.128877	0.000466779	0.999533	0.000933559	1.99907	0.4756162
5962	0	29.12167	28.30321	0.8184631	0.270134	0.000936093	0.999064	0.00187219	1.99813	0.2940727
5963	1	27.40285	27.06044	0.342417	-0.379815	0.00140605	0.998594	0.00281211	1.99719	0.473368
5964	0	28.52962	27.96612	0.5634985	0.013061	0.00145845	0.998542	0.00291689	1.99708	0.3794761
5965	1	28.47027	27.56217	0.9080944	0.349627	0.00152382	0.998476	0.00304763	1.99695	0.2688613
5966	0	27.67923	26.96678	0.7124521	-0.538679	0.00149438	0.998506	0.00298877	1.99701	0.3269601
5967	1	27.22507	26.20491	1.02016	-0.0237542	0.00355017	0.99645	0.00710035	1.9929	0.2403581
5968	0	29.814	28.7938	1.020207	-0.0247239	0.00129589	0.998704	0.00259179	1.99741	0.2403468
5969	1	28.29755	27.43028	0.8672631	0.28259	0.00196186	0.998038	0.00392372	1.99608	0.2800665
5970	0	26.78038	25.41185	1.368532	0.058778	0.00429546	0.995705	0.00859093	1.99141	0.1696534
5971	1	26.79921	26.04738	0.7518354	-0.0716391	0.000669669	0.99933	0.00133934	1.99866	0.3143336
5972	0	20.73885	19.60809	1.130762	0.0179924	0.0142956	0.985704	0.0285911	1.97141	0.2151916
5973	1	28.85393	28.1021	0.7518354	-0.0226532	0.00172364	0.998276	0.00344728	1.99655	0.3143336
5974	0	23.74866	22.73153	1.017131	-0.61512	0.00426206	0.995738	0.00852412	1.99148	0.2410873
5975	1	27.31763	26.76934	0.5482931	-0.347366	0.00199895	0.998001	0.0039979	1.996	0.3852903
5976	0	27.92325	27.29392	0.6293321	0.0482596	0.00193166	0.998068	0.00386332	1.99614	0.3552984
5977	1	28.11679	26.8095	1.30729	-0.202841	0.00102245	0.998978	0.00204491	1.99796	0.1803681
5978	0	29.58025	28.5047	1.075546	-0.162593	0.00148645	0.998514	0.00297291	1.99703	0.2274077
5979	1	26.5841	25.52707	1.057032	-0.540355	0.00222131	0.997779	0.00444261	1.99556	0.2316571
5980	0	29.24894	28.14315	1.105783	-0.016153	0.00194697	0.998053	0.00389394	1.99611	0.2206344
5981	1	25.57231	25.04831	0.5240007	-0.407416	0.00295215	0.997048	0.00590429	1.9941	0.3947645
5982	0	27.19311	26.92648	0.2666264	-0.386178	0.00131257	0.998687	0.00262514	1.99737	0.5106395
5983	1	28.54025	27.69247	0.8477797	-0.0699809	0.00213858	0.997861	0.00427717	1.99572	0.2855766
5984	0	27.69413	27.36502	0.3291106	0.451448	0.000832959	0.999167	0.00166592	1.99833	0.479709
5985	1	26.31305	25.25823	1.054816	-0.396276	0.00383449	0.996166	0.00766898	1.99233	0.2321711
5986	0	28.32629	27.42696	0.8993314	-0.0322885	0.00239584	0.997604	0.00479168	1.99521	0.2712277
5987	1	28.86153	27.85403	1.007502	0.0790202	0.00212266	0.997877	0.00424532	1.99575	0.24342
5988	0	27.83697	26.7929	1.044072	0.125938	0.00294368	0.997056	0.00588736	1.99411	0.234679
5989	1	29.32942	28.89075	0.4386628	-0.0604256	0.000749437	0.999251	0.00149887	1.9985	0.4299321
5990	0	28.05009	27.05645	0.9936379	-0.278182	0.00260554	0.997394	0.00521108	1.99479	0.2468182
5991	1	29.20306	28.40417	0.7988911	-0.357425	0.000970755	0.999029	0.00194151	1.99806	0.299885
5992	0	29.34376	28.70278	0.6409765	-0.143217	0.00119718	0.998803	0.00239436	1.99761	0.3511852
5993	1	28.50641	27.89522	0.6111896	-0.396605	0.00138963	0.99861	0.00277926	1.99722	0.3618032
5994	0	29.45843	28.56776	0.8906707	-0.0231989	0.00157846	0.998422	0.00315691	1.99684	0.2735869
5995	1	27.83842	26.97656	0.8618595	0.410224	0.00176234	0.998238	0.00352468	1.99648	0.281584
5996	0	29.23403	27.98053	1.253496	0.0416917	0.00138185	0.998618	0.00276369	1.99724	0.1903367
5997	1	25.41977	25.46539	-0.04561983	0.275346	0.0011245	0.998876	0.00224899	1.99775	0.6977843
5998	0	27.51357	26.47565	1.037919	0.399814	0.0010675	0.998932	0.00213501	1.99786	0.2361273
5999	1	28.57476	27.37979	1.194974	-0.234324	0.000974128	0.999026	0.00194826	1.99805	0.2018079
6000	0	29.09341	28.67291	0.4205045	-0.139254	0.000867543	0.999132	0.00173509	1.99826	0.4378103
6001	1	26.78195	25.31034	1.471609	-0.152219	0.00101524	0.998985	0.00203047	1.99797	0.1530372
6002	0	27.88218	26.55928	1.322899	-0.344761	0.00197018	0.99803	0.00394037	1.99606	0.1775746
6003	1	27.47391	26.3007	1.173209	0.0488498	0.00355644	0.996444	0.00711288	1.99289	0.2062484
6004	0	28.38305	27.24848	1.134575	-0.321589	0.00221801	0.997782	0.00443603	1.99556	0.2143724
6005	1	28.76127	27.43807	1.323196	-0.0510691	0.0022386	0.997761	0.0044772	1.99552	0.177522
6006	0	29.3794	28.78925	0.5901566	-0.275683	0.000927885	0.999072	0.00185577	1.99814	0.3694937
6007	1	29.32008	28.78587	0.5342098	0.135295	0.000646288	0.999354	0.00129258	1.99871	0.3907549
6008	0	27.81132	26.44301	1.368314	-0.280389	0.0012819	0.998718	0.0025638	1.99744	0.1696905
6009	1	29.05763	28.51584	0.5417927	0.218448	0.00095945	0.999041	0.0019189	1.99808	0.387803
6010	0	28.11977	27.19545	0.9243167	0.0370002	0.00257381	0.997426	0.00514763	1.99485	0.264535
6011	1	29.57334	28.83602	0.7373167	0.115653	0.000749962	0.99925	0.00149992	1.9985	0.3189306
6012	0	29.54185	28.78415	0.7577067	-0.0940114	0.00130285	0.998697	0.00260569	1.99739	0.3124934
6013	1	29.33723	28.71695	0.6202832	0.194539	0.000920106	0.99908	0.00184021	1.99816	0.3585281
6014	0	26.30238	25.68399	0.6183876	-0.517035	0.00253646	0.997464	0.00507292	1.99493	0.3592084
6015	1	28.78963	28.34517	0.4444602	0.178137	0.000975626	0.999024	0.00195125	1.99805	0.4274469
6016	0	29.1991	28.04806	1.151044	-0.061482	0.00199858	0.998001	0.00399715	1.996	0.2108709
6017	1	28.5742	27.85273	0.7214682	-0.23107	0.00178184	0.998218	0.00356367	1.99644	0.3240254
6018	0	28.6147	27.46365	1.151044	-0.050574	0.00254345	0.997457	0.00508689	1.99491	0.2108709
6019	1	25.25058	24.1767	1.073881	0.55483	0.00226908	0.997731	0.00453817	1.99546	0.2277866
6020	0	25.77932	24.91691	0.862404	-0.204403	0.00428836	0.995712	0.00857673	1.99142	0.2814307
6021	1	29.22245	28.04527	1.177174	-0.220098	0.00157735	0.998423	0.00315471	1.99685	0.2054323
6022	0	27.25478	25.68909	1.56569	-0.0621538	0.00308994	0.99691	0.00617989	1.99382	0.1392959
6023	1	26.30659	25.31845	0.988143	0.19594	0.0040717	0.995928	0.00814341	1.99186	0.2481782
6024	0	29.15488	28.07532	1.079562	0.126282	0.00182994	0.99817	0.00365988	1.99634	0.2264962
6025	1	26.99393	26.47927	0.5146545	-0.00480599	0.00210535	0.997895	0.00421069	1.99579	0.3984714
6026	0	28.35382	27.80923	0.544591	-0.359157	0.00141028	0.99859	0.00282056	1.99718	0.3867193
6027	1	28.49329	27.6834	0.8098897	0.29094	0.00170573	0.998294	0.00341147	1.99659	0.2966047
6028	0	28.69507	27.67414	1.020932	0.0823574	0.00226795	0.997732	0.00453591	1.99546	0.2401727
6029	1	28.69527	27.84363	0.8516408	-0.0445988	0.000557728	0.999442	0.00111546	1.99888	0.2844762
6030	0	27.71468	26.3199	1.394775	-0.257368	0.00269677	0.997303	0.00539355	1.99461	0.1652593
6031	1	26.43616	25.76488	0.6712836	-0.349301	0.00292115	0.997079	0.0058423	1.99416	0.3407015
6032	0	29.66329	28.74562	0.9176628	-0.230556	0.00118785	0.998812	0.0023757	1.99762	0.266301
6033	1	22.66918	22.40955	0.2596255	0.710306	0.00280627	0.997194	0.00561253	1.99439	0.5142269
6034	0	29.53442	28.90535	0.6290744	0.0333882	0.00102341	0.998977	0.00204682	1.99795	0.35539
6035	1	27.12588	26.09587	1.030013	-0.200797	0.00358089	0.996419	0.00716179	1.99284	0.2380016
6036	0	28.56533	27.93597	0.6293654	-0.447317	0.00120096	0.998799	0.00240193	1.9976	0.3552866
6037	1	29.52767	28.49775	1.029922	-0.0946866	0.00165638	0.998344	0.00331276	1.99669	0.2380231
6038	0	29.28541	28.45875	0.8266594	0.027914	0.000643649	0.999356	0.0012873	1.99871	0.2916723
6039	1	29.25391	28.36778	0.8861302	-0.277212	0.00151886	0.998481	0.00303772	1.99696	0.274832
6040	0	28.79231	28.28531	0.5070027	-0.309581	0.000542378	0.999458	0.00108476	1.99892	0.4015321
6041	1	28.59821	27.61322	0.984991	0.00665348	0.00235225	0.997648	0.00470451	1.9953	0.2489617
6042	0	27.61066	27.40176	0.2088985	-0.0145955	0.00102051	0.998979	0.00204103	1.99796	0.5409851
6043	1	26.75718	25.55456	1.20262	0.400294	0.00262661	0.997373	0.00525323	1.99475	0.2002708
6044	0	27.91669	27.39473	0.5219639	-0.188837	0.00166944	0.998331	0.00333888	1.99666	0.3955694
6045	1	28.59435	27.29972	1.294637	-0.105492	0.00104335	0.998957	0.00208669	1.99791	0.1826648
6046	0	26.47676	25.78925	0.6875157	0.249481	0.00287667	0.997123	0.00575335	1.99425	0.3352158
6047	1	28.8375	27.67199	1.16551	0.173735	0.00106726	0.998933	0.00213451	1.99787	0.2078424
6048	0	27.02259	26.32091	0.7016825	-0.24576	0.00269303	0.997307	0.00538606	1.99461	0.3305003
6049	1	29.45515	28.72703	0.7281211	-0.0413753	0.00130723	0.998693	0.00261446	1.99739	0.3218769
6050	0	29.21881	27.95531	1.263501	-0.0038448	0.00173968	0.99826	0.00347935	1.99652	0.1884418
6051	1	29.37299	28.74743	0.6255589	0.148559	0.00101395	0.998986	0.00202789	1.99797	0.3566416
6052	0	25.73936	24.93817	0.8011939	-0.547436	0.00316689	0.996833	0.00633377	1.99367	0.2991952
6053	1	29.03762	28.10404	0.9335834	-0.265134	0.00177705	0.998223	0.0035541	1.99645	0.2620949
6054	0	26.81491	25.18983	1.625079	-0.182743	0.00273694	0.997263	0.00547389	1.99453	0.1312641
6055	1	28.97764	28.31132	0.666313	0.159055	0.00135725	0.998643	0.00271451	1.99729	0.3423992
6056	0	28.0844	27.38881	0.6955906	-0.0671932	0.00204638	0.997954	0.00409277	1.99591	0.3325199
6057	1	29.21288	28.43846	0.7744233	0.237233	0.000823377	0.999177	0.00164675	1.99835	0.307313
6058	0	29.57375	28.82054	0.753203	0.160203	0.000877298	0.999123	0.0017546	1.99825	0.313904
6059	1	26.06626	25.74372	0.3225458	0.308305	0.00187313	0.998127	0.00374626	1.99625	0.4828685
6060	0	29.86943	29.02537	0.844065	-0.0368684	0.00114279	0.998857	0.00228559	1.99771	0.2866394
6061	1	28.0491	27.87505	0.1740499	-0.191656	0.000801954	0.999198	0.00160391	1.9984	0.56017
6062	0	28.70158	28.27351	0.4280722	-0.34739	0.000556943	0.999443	0.00111389	1.99889	0.4345096
6063	1	26.12287	26.27204	-0.1491728	-0.160491	0.0007456	0.999254	0.0014912	1.99851	0.7739157
6064	0	28.80961	28.38702	0.4225825	-0.0765313	0.000439814	0.99956	0.000879628	1.99912	0.4369015
6065	1	28.73737	28.50809	0.2292795	-0.119425	0.000595158	0.999405	0.00119032	1.99881	0.5300708
6066	0	29.15949	28.67803	0.481452	-0.156348	0.000524347	0.999476	0.00104869	1.99895	0.4119237
6067	1	28.60481	27.88919	0.7156248	0.368562	0.000998025	0.999002	0.00199605	1.998	0.3259244
6068	0	28.57541	28.21273	0.3626802	-0.157456	0.000994302	0.999006	0.0019886	1.99801	0.4638726
6069	1	28.76373	28.19435	0.5693786	0.132303	0.0012981	0.998702	0.0025962	1.9974	0.3772513
6070	0	29.18196	28.4062	0.7757538	0.233081	0.00126085	0.998739	0.0025217	1.99748	0.3069044
6071	1	28.9539	28.62351	0.330392	-0.0419911	0.000484465	0.999516	0.00096893	1.99903	0.4790947
6072	0	28.80976	27.80601	1.003744	-0.374938	0.00150757	0.998492	0.00301514	1.99698	0.2443364
6073	1	28.44628	28.06093	0.385356	-0.332608	0.00104295	0.998957	0.0020859	1.99791	0.4534723
6074	0	27.33283	26.15292	1.179918	0.192404	0.00340079	0.996599	0.00680158	1.9932	0.2048692
6075	1	28.48559	27.74773	0.7378595	0.23457	0.00170925	0.998291	0.00341849	1.99658	0.3187575
6076	0	27.99792	27.09328	0.9046427	0.382413	0.00180879	0.998191	0.00361758	1.99638	0.269791
6077	1	28.17668	27.17569	1.000998	0.0583426	0.00267166	0.997328	0.00534333	1.99466	0.2450082
6078	0	28.67137	27.29805	1.373324	-0.101284	0.00136034	0.99864	0.00272069	1.99728	0.1688425
6079	1	21.99098	21.58064	0.4103381	-0.496492	0.00534748	0.994653	0.010695	1.98931	0.4422839
6080	0	28.91751	27.70215	1.215366	0.139538	0.00191516	0.998085	0.00383032	1.99617	0.1977342
6081	1	29.19135	28.11231	1.079045	-0.198683	0.00185936	0.998141	0.00371872	1.99628	0.2266133
6082	0	29.45382	28.5182	0.9356164	0.188685	0.00107195	0.998928	0.00214391	1.99786	0.2615626
6083	1	28.44802	27.19072	1.257309	-0.120779	0.00264741	0.997353	0.00529482	1.99471	0.1896123
6084	0	29.56005	28.85254	0.7075095	-0.0858806	0.00119754	0.998802	0.00239509	1.9976	0.3285801
6085	1	27.04631	25.86597	1.180336	0.00973722	0.00402389	0.995976	0.00804778	1.99195	0.2047838
6086	0	24.56574	24.19338	0.3723571	-0.0386387	0.00294514	0.997055	0.00589027	1.99411	0.4594054
6087	1	25.87687	24.67756	1.19931	-0.224786	0.00513644	0.994864	0.0102729	1.98973	0.2009347
6088	0	28.33634	27.38483	0.9515065	-0.422965	0.00177439	0.998226	0.00354878	1.99645	0.2574392
6089	1	29.01597	28.032	0.9839666	-0.0265902	0.00204571	0.997954	0.00409143	1.99591	0.2492169
6090	0	29.44301	28.4751	0.9679141	-0.0326068	0.00169112	0.998309	0.00338225	1.99662	0.2532497
6091	1	22.70294	22.18288	0.5200596	0.0707614	0.00529882	0.994701	0.0105976	1.9894	0.3963234
6092	0	28.66932	27.59565	1.073669	0.275618	0.00170225	0.998298	0.0034045	1.9966	0.2278348
6093	1	26.16052	24.6124	1.548117	-0.238154	0.00403928	0.995961	0.00807856	1.99192	0.1417654
6094	0	28.75076	28.1021	0.6486598	0.302612	0.00121373	0.998786	0.00242745	1.99757	0.3484973
6095	1	27.79868	26.38573	1.412948	-0.295115	0.00192626	0.998074	0.00385252	1.99615	0.162283
6096	0	27.7207	26.17465	1.546046	-0.0648886	0.00248466	0.997515	0.00496931	1.99503	0.1420592
6097	1	27.79088	26.37793	1.412948	0.172617	0.00255006	0.99745	0.00510013	1.9949	0.162283
6098	0	29.14623	28.0732	1.073026	0.094375	0.00190805	0.998092	0.0038161	1.99618	0.2279815
6099	1	26.85376	26.06039	0.7933742	-0.135604	0.00315563	0.996844	0.00631126	1.99369	0.301544
6100	0	27.8088	27.19735	0.6114493	-0.228984	0.00195539	0.998045	0.00391078	1.99609	0.3617093
6101	1	25.42926	25.09244	0.3368176	-0.481638	0.00233122	0.997669	0.00466245	1.99534	0.476026
6102	0	28.93284	28.51348	0.4193628	-0.0983005	0.00095442	0.999046	0.00190884	1.99809	0.4383104
6103	1	23.63498	23.1305	0.504488	-0.259967	0.00439119	0.995609	0.00878238	1.99122	0.4025431
6104	0	28.3179	27.94444	0.3734619	0.285066	0.000961085	0.999039	0.00192217	1.99808	0.4588982
6105	1	27.29069	26.5361	0.7545914	-0.504689	0.0021045	0.997896	0.00420899	1.99579	0.3134685
6106	0	28.40587	28.11373	0.2921433	0.24333	0.000775155	0.999225	0.00155031	1.99845	0.4977744
6107	1	28.68555	27.50307	1.182482	-0.0987503	0.00246995	0.99753	0.00493989	1.99506	0.2043447
6108	0	28.05844	27.7113	0.3471429	0.265092	0.00105516	0.998945	0.00211031	1.99789	0.4711362
6109	1	25.19228	24.70688	0.4854046	-0.118325	0.00307722	0.996923	0.00615445	1.99385	0.4102988
6110	0	29.01455	28.55194	0.4626034	-0.322862	0.000865899	0.999134	0.0017318	1.99827	0.4197616
6111	1	24.9348	24.11771	0.81709	-0.401466	0.00462209	0.995378	0.00924418	1.99076	0.2944768
6112	0	29.47588	28.59275	0.8831351	0.109725	0.00143242	0.998568	0.00286484	1.99714	0.2756564
6113	1	26.93718	25.85929	1.077887	0.156279	0.00375885	0.996241	0.0075177	1.99248	0.2268759
6114	0	28.25701	27.32715	0.9298593	-0.0702561	0.00251564	0.997484	0.00503128	1.99497	0.2630728
6115	1	27.5763	26.63356	0.9427429	0.369503	0.00229275	0.997707	0.0045855	1.99541	0.2597052
6116	0	29.85502	28.95688	0.898141	-0.0555123	0.000894351	0.999106	0.0017887	1.99821	0.2715508
6117	1	29.54108	28.58731	0.9537703	-0.0266033	0.00159177	0.998408	0.00318354	1.99682	0.2568571
6118	0	27.88602	27.62377	0.2622478	0.287193	0.000929693	0.99907	0.00185939	1.99814	0.5128803
6119	1	28.797	28.42906	0.367947	0.0943277	0.000859685	0.99914	0.00171937	1.99828	0.4614359
6120	0	26.63987	26.51135	0.1285182	0.269529	0.00112649	0.998874	0.00225298	1.99775	0.5862651
6121	1	26.40634	26.45139	-0.04504841	-0.611275	0.000585945	0.999414	0.00117189	1.99883	0.6973857
6122	0	26.98579	26.82969	0.1561075	0.507627	0.00071011	0.99929	0.00142022	1.99858	0.5703115
6123	1	23.30839	23.65988	-0.351491	0.0101494	0.000993762	0.999006	0.00198752	1.99801	0.9474567
6124	0	29.22132	28.62069	0.6006299	-0.0288113	0.00118953	0.99881	0.00237905	1.99762	0.365644
6125	1	27.81974	27.73902	0.08072522	-0.0790222	0.000324871	0.999675	0.000649742	1.99935	0.6149648
6126	0	27.05905	25.58179	1.477263	0.209949	0.00293605	0.997064	0.0058721	1.99413	0.1521744
6127	1	28.53034	28.05919	0.4711463	0.265933	0.000533775	0.999466	0.00106755	1.99893	0.4161908
6128	0	25.37984	24.41577	0.9640721	0.14696	0.00502646	0.994974	0.0100529	1.98995	0.2542246
6129	1	28.96691	28.23464	0.7322731	0.254314	0.000720199	0.99928	0.0014404	1.99856	0.3205432
6130	0	27.65016	26.5138	1.136354	0.336623	0.00237312	0.997627	0.00474624	1.99525	0.2139914
6131	1	29.10576	28.68628	0.4194744	-0.207401	0.000830629	0.999169	0.00166126	1.99834	0.4382615
6132	0	28.42498	27.28862	1.136354	-0.0910149	0.00269351	0.997306	0.00538702	1.99461	0.2139914
6133	1	27.11366	26.55974	0.5539178	-0.526971	0.00182237	0.998178	0.00364474	1.99636	0.3831292
6134	0	28.19982	27.49563	0.7041863	-0.27866	0.00193309	0.998067	0.00386618	1.99613	0.3296739
6135	1	29.25228	28.72001	0.5322689	0.119377	0.000940217	0.99906	0.00188043	1.99812	0.391514
6136	0	28.21826	27.44725	0.7710019	-0.467353	0.00156452	0.998435	0.00312903	1.99687	0.3083663
6137	1	28.12842	27.80077	0.3276429	0.377307	0.000660407	0.99934	0.00132081	1.99868	0.4804136
6138	0	26.66319	25.82878	0.8344136	-0.488654	0.00278485	0.997215	0.00556969	1.99443	0.2894193
6139	1	27.67807	27.53998	0.1380919	0.349904	0.000674254	0.999326	0.00134851	1.99865	0.5806791
6140	0	29.45695	28.76716	0.6897869	-0.0765692	0.00123425	0.998766	0.00246851	1.99753	0.3344553
6141	1	29.42368	28.70762	0.716055	0.146188	0.000710305	0.99929	0.00142061	1.99858	0.3257842
6142	0	28.84319	28.11313	0.7300549	-0.382379	0.00137319	0.998627	0.00274639	1.99725	0.321255
6143	1	29.4418	28.95882	0.4829751	-0.122003	0.000759912	0.99924	0.00151982	1.99848	0.4112968
6144	0	28.77011	28.25727	0.5128328	-0.420294	0.000836897	0.999163	0.00167379	1.99833	0.3991979
6145	1	29.87547	29.08581	0.7896603	-0.0414014	0.00104817	0.998952	0.00209633	1.9979	0.302666
6146	0	25.94246	26.09388	-0.151429	-0.631191	0.000541881	0.999458	0.00108376	1.99892	0.7756638
6147	1	28.08712	26.86232	1.224804	-0.296446	0.00101189	0.998988	0.00202379	1.99798	0.1958769
6148	0	27.01235	27.14634	-0.133986	0.102218	0.000510585	0.999489	0.00102117	1.99898	0.7622512
6149	1	27.81905	27.46239	0.3566541	0.329014	0.00112813	0.998872	0.00225627	1.99774	0.4666764
6150	0	27.65263	27.6451	0.007533115	-0.289299	0.000588623	0.999411	0.00117725	1.99882	0.6616635
6151	1	26.23789	25.60307	0.6348252	-0.514661	0.00262849	0.997372	0.00525698	1.99474	0.3533521
6152	0	28.9969	28.68963	0.3072658	-0.000370295	0.000581323	0.999419	0.00116265	1.99884	0.4903034
6153	1	28.04825	27.44206	0.6061865	-0.312076	0.00176384	0.998236	0.00352768	1.99647	0.3636179
6154	0	27.58921	26.97452	0.6146915	-0.411599	0.00193528	0.998065	0.00387056	1.99613	0.3605385
6155	1	24.07495	23.49248	0.5824699	-0.531478	0.00414941	0.995851	0.00829882	1.9917	0.3723448
6156	0	27.91211	26.72627	1.18584	-0.113192	0.00317828	0.996822	0.00635656	1.99364	0.2036596
6157	1	27.65533	26.28163	1.373708	0.0794614	0.00324484	0.996755	0.00648967	1.99351	0.1687776
6158	0	28.01141	27.0977	0.9137126	-0.279377	0.0025056	0.997494	0.0050112	1.99499	0.267355
6159	1	28.97718	27.71394	1.263236	-0.147514	0.00117977	0.99882	0.00235953	1.99764	0.1884917
6160	0	27.68635	26.79976	0.8865862	-0.0663646	0.00282992	0.99717	0.00565984	1.99434	0.2747067
6161	1	24.69567	24.7573	-0.06163813	0.458152	0.00132479	0.998675	0.00264959	1.99735	0.7090516
6162	0	27.31234	25.86001	1.452327	0.232976	0.00246573	0.997534	0.00493146	1.99507	0.1560167
6163	1	26.2656	26.43174	-0.166143	0.158021	0.000231703	0.999768	0.000463405	1.99954	0.7871613
6164	0	27.70352	27.34022	0.3632953	-0.450365	0.00125271	0.998747	0.00250543	1.99749	0.4635874
6165	1	26.54574	26.76736	-0.2216192	0.205198	0.000468033	0.999532	0.000936066	1.99906	0.832064
6166	0	26.39284	25.51293	0.8799026	0.18033	0.000446201	0.999554	0.000892402	1.99911	0.2765489
6167	1	28.2652	27.8548	0.4104041	-0.0929651	0.00123488	0.998765	0.00246976	1.99753	0.4422548
6168	0	28.61359	27.46671	1.146882	-0.354506	0.00146419	0.998536	0.00292838	1.99707	0.2117505
6169	1	24.65047	23.86117	0.7892992	0.539635	0.00366464	0.996335	0.00732927	1.99267	0.3027753
6170	0	29.62905	28.71659	0.9124512	-0.184622	0.00138251	0.998617	0.00276501	1.99723	0.2676925
6171	1	27.89752	27.16263	0.7348889	0.133134	0.00218647	0.997814	0.00437294	1.99563	0.3197058
6172	0	28.26538	27.39737	0.8680034	0.379085	0.00154015	0.99846	0.00308029	1.99692	0.2798592
6173	1	29.06259	28.22506	0.8375264	-0.241961	0.00167309	0.998327	0.00334619	1.99665	0.2885198
6174	0	28.55988	27.92618	0.6336958	0.227056	0.00146049	0.99854	0.00292097	1.99708	0.3537514
6175	1	28.66472	27.7427	0.9220172	0.181895	0.00200031	0.998	0.00400063	1.996	0.265144
6176	0	27.7407	27.62285	0.1178548	0.335066	0.00058633	0.999414	0.00117266	1.99883	0.5925501
6177	1	25.58752	25.47207	0.1154497	-0.0515375	0.00150237	0.998498	0.00300474	1.997	0.5939769
6178	0	29.5518	29.02745	0.5243468	-0.121395	0.000721749	0.999278	0.0014435	1.99856	0.3946279
6179	1	29.02403	27.73755	1.286481	-0.0982715	0.00196004	0.99804	0.00392007	1.99608	0.1841608
6180	0	27.20797	27.2935	-0.08553118	-0.184748	0.000570921	0.999429	0.00114184	1.99886	0.726197
6181	1	26.89208	25.90518	0.9869044	-0.338756	0.00342244	0.996578	0.00684488	1.99316	0.2484858
6182	0	29.50958	28.95848	0.5510947	-0.194412	0.000824023	0.999176	0.00164805	1.99835	0.3842124
6183	1	26.19081	26.03385	0.1569586	-0.360969	0.00144356	0.998556	0.00288711	1.99711	0.5698263
6184	0	29.14514	28.34766	0.7974842	-0.0954789	0.000595263	0.999405	0.00119053	1.99881	0.3003072
6185	1	29.09598	27.90086	1.195116	-0.227257	0.00124811	0.998752	0.00249621	1.9975	0.2017792
6186	0	29.61048	28.81895	0.791533	0.100003	0.00119688	0.998803	0.00239376	1.99761	0.3020997
6187	1	28.63691	27.77591	0.8609969	-0.313407	0.00189524	0.998105	0.00379048	1.99621	0.281827
6188	0	29.13049	27.84572	1.284774	-0.125997	0.00167935	0.998321	0.0033587	1.99664	0.1844755
6189	1	29.62631	28.51369	1.112627	0.00877303	0.00146835	0.998532	0.00293669	1.99706	0.2191296
6190	0	27.87155	27.25121	0.6203442	-0.437114	0.00172227	0.998278	0.00344455	1.99656	0.3585062
6191	1	29.86343	29.06913	0.7943003	-0.0771015	0.00107568	0.998924	0.00215137	1.99785	0.3012649
6192	0	29.17472	28.21258	0.9621379	0.196468	0.00157288	0.998427	0.00314577	1.99685	0.2547168
6193	1	29.50377	28.48388	1.019886	0.0519323	0.000897925	0.999102	0.00179585	1.9982	0.240424
6194	0	26.53394	25.65787	0.8760758	-0.102046	0.00370823	0.996292	0.00741647	1.99258	0.2776092
6195	1	28.8293	28.2565	0.572807	0.188075	0.000540573	0.999459	0.00108115	1.99892	0.3759602
6196	0	27.85768	26.49444	1.363237	0.0736448	0.00305268	0.996947	0.00610537	1.99389	0.1705542
6197	1	29.46903	28.79815	0.6708841	0.161461	0.000984303	0.999016	0.00196861	1.99803	0.3408376
6198	0	23.37995	21.98324	1.396707	0.139297	0.00903027	0.99097	0.0180605	1.98194	0.1649403
6199	1	28.38246	27.48498	0.8974815	-0.204607	0.00229722	0.997703	0.00459444	1.99541	0.2717299
6200	0	23.77529	22.705	1.070286	-0.0718	0.00777437	0.992226	0.0155487	1.98445	0.228607
6201	1	28.20899	26.80725	1.40174	0.067136	0.00125219	0.998748	0.00250439	1.9975	0.1641122
6202	0	28.41487	27.19194	1.222931	0.0223036	0.00270659	0.997293	0.00541319	1.99459	0.1962441
6203	1	27.87414	26.85987	1.01427	-0.117647	0.00297684	0.997023	0.00595369	1.99405	0.241778
6204	0	28.2377	27.12984	1.10786	-0.323341	0.0023714	0.997629	0.0047428	1.99526	0.2201766
6205	1	26.23674	25.46248	0.7742606	0.227441	0.00338455	0.996615	0.0067691	1.99323	0.307363
6206	0	28.11862	27.09663	1.021996	-0.183474	0.00274162	0.997258	0.00548324	1.99452	0.2399172
6207	1	27.94897	27.06483	0.8841492	-0.234292	0.00255278	0.997447	0.00510557	1.99489	0.275377
6208	0	25.95929	25.50392	0.4553736	-0.498043	0.00237315	0.997627	0.0047463	1.99525	0.4228073
6209	1	28.36781	27.22062	1.147192	0.21393	0.00231459	0.997685	0.00462918	1.99537	0.2116848
6210	0	28.11219	27.32117	0.7910271	-0.227853	0.00223228	0.997768	0.00446457	1.99554	0.3022526
6211	1	27.29731	26.66036	0.6369461	-0.0796722	0.0023383	0.997662	0.00467659	1.99532	0.3526035
6212	0	28.26395	27.08253	1.181419	-0.316203	0.00231364	0.997686	0.00462728	1.99537	0.2045621
6213	1	28.43038	28.24654	0.1838405	-0.288456	0.000586433	0.999414	0.00117287	1.99883	0.5547124
6214	0	27.93784	26.75642	1.181419	-0.297382	0.00089273	0.999107	0.00178546	1.99821	0.2045621
6215	1	26.42622	26.58064	-0.1544169	-0.215154	0.000665591	0.999334	0.00133118	1.99867	0.7779849
6216	0	27.87081	26.9644	0.906418	0.294539	0.00231418	0.997686	0.00462835	1.99537	0.2693124
6217	1	28.14585	27.74332	0.4025285	-0.484734	0.000673271	0.999327	0.00134654	1.99865	0.4457515
6218	0	26.94637	25.72278	1.223589	-0.114272	0.00416402	0.995836	0.00832803	1.99167	0.1961149
6219	1	27.51289	27.5394	-0.02650567	0.137322	0.000340165	0.99966	0.00068033	1.99932	0.6845734
6220	0	27.02343	26.12592	0.8975021	-0.0604714	0.00337547	0.996625	0.00675095	1.99325	0.2717243
6221	1	28.36098	27.62513	0.7358463	0.232765	0.000565422	0.999435	0.00113084	1.99887	0.3193999
6222	0	28.85362	27.55371	1.299914	-0.195648	0.00182676	0.998173	0.00365352	1.99635	0.1817035
6223	1	27.03047	26.47344	0.5570362	0.377903	0.00195556	0.998044	0.00391111	1.99609	0.3819363
6224	0	26.71124	25.23301	1.478224	0.135186	0.00387081	0.996129	0.00774161	1.99226	0.1520282
6225	1	28.58395	28.02986	0.5540893	0.3312	0.00107782	0.998922	0.00215565	1.99784	0.3830636
6226	0	27.85621	27.0293	0.8269079	-0.350319	0.00232397	0.997676	0.00464795	1.99535	0.2915998
6227	1	29.09	28.47089	0.6191044	-0.330869	0.00113284	0.998867	0.00226568	1.99773	0.358951
6228	0	27.84033	26.30298	1.537357	0.00729849	0.00172411	0.998276	0.00344822	1.99655	0.143299
6229	1	29.17559	27.96393	1.211662	0.0441934	0.00188609	0.998114	0.00377218	1.99623	0.198468
6230	0	29.07168	27.98155	1.090127	0.172341	0.00176731	0.998233	0.00353463	1.99647	0.2241159
6231	1	27.62438	26.08697	1.537409	0.0556737	0.00256721	0.997433	0.00513443	1.99487	0.1432915
6232	0	27.37646	26.26274	1.113718	0.299018	0.00123017	0.99877	0.00246034	1.99754	0.2188906
6233	1	28.10064	26.86124	1.239399	0.0728323	0.00294201	0.997058	0.00588402	1.99412	0.1930387
6234	0	29.00675	28.44294	0.5638034	-0.37167	0.000972802	0.999027	0.0019456	1.99805	0.3793604
6235	1	26.91807	25.93326	0.9848104	0.320482	0.00313844	0.996862	0.00627688	1.99372	0.2490067
6236	0	27.47727	27.19026	0.2870155	-0.292587	0.00126335	0.998737	0.00252671	1.99747	0.5003334
6237	1	29.29266	28.24607	1.046588	-0.126557	0.00186082	0.998139	0.00372163	1.99628	0.2340892
6238	0	24.81967	25.1747	-0.3550343	-0.374296	0.00071734	0.999283	0.00143468	1.99857	0.9508197
6239	1	29.38904	28.85389	0.5351563	-0.108305	0.000950508	0.999049	0.00190102	1.9981	0.3903852
6240	0	24.45335	24.73314	-0.2797806	0.0700931	0.00087263	0.999127	0.00174526	1.99825	0.881893
6241	1	28.51453	28.26139	0.2531334	0.214909	0.000555881	0.999444	0.00111176	1.99889	0.5175762
6242	0	28.35221	27.73881	0.6134008	0.211913	0.000496772	0.999503	0.000993543	1.99901	0.3610041
6243	1	28.81796	27.93931	0.878654	0.29009	0.000884905	0.999115	0.00176981	1.99823	0.2768944
6244	0	28.78987	28.14929	0.6405846	-0.252857	0.00146662	0.998533	0.00293325	1.99707	0.3513228
6245	1	29.61703	28.96766	0.649367	-0.110646	0.000660566	0.999339	0.00132113	1.99868	0.3482509
6246	0	28.07833	27.61863	0.4596975	0.370748	0.00113739	0.998863	0.00227479	1.99773	0.4209831
6247	1	28.62027	27.62941	0.99086	-0.336228	0.00196435	0.998036	0.0039287	1.99607	0.2475048
6248	0	25.24952	24.6107	0.6388239	-0.0347107	0.00374283	0.996257	0.00748566	1.99251	0.3519419
6249	1	29.31089	28.48075	0.8301403	-0.0735534	0.000640803	0.999359	0.00128161	1.99872	0.2906587
6250	0	28.94888	28.22775	0.721125	-0.290455	0.00148792	0.998512	0.00297584	1.99702	0.3241367
6251	1	29.30904	28.28821	1.020832	0.19972	0.00130227	0.998698	0.00260453	1.9974	0.2401966
6252	0	28.37275	27.66492	0.7078244	-0.286246	0.00182884	0.998171	0.00365769	1.99634	0.3284766
6253	1	27.87937	27.25865	0.6207183	-0.429775	0.00173461	0.998265	0.00346923	1.99653	0.3583721
6254	0	29.16685	28.73561	0.4312432	-0.153298	0.000843731	0.999156	0.00168746	1.99831	0.4331339
6255	1	29.62752	28.65887	0.9686503	-0.0964492	0.00152331	0.998477	0.00304662	1.99695	0.2530634
6256	0	27.43603	27.48644	-0.05041561	-0.282919	0.000552476	0.999448	0.00110495	1.9989	0.7011387
6257	1	28.62354	27.87695	0.7465903	0.142216	0.0017575	0.998243	0.00351499	1.99649	0.3159866
6258	0	29.12799	28.6013	0.5266901	0.12231	0.00100844	0.998992	0.00201688	1.99798	0.3937043
6259	1	29.79258	29.01833	0.7742487	-0.177857	0.00101594	0.998984	0.00203187	1.99797	0.3073667
6260	0	28.93037	28.29438	0.6359919	-0.272479	0.00135786	0.998642	0.00271571	1.99728	0.3529401
6261	1	28.68147	28.12693	0.5545432	0.083163	0.00133608	0.998664	0.00267216	1.99733	0.3828897
6262	0	27.80896	27.17297	0.6359919	0.349084	0.00171602	0.998284	0.00343204	1.99657	0.3529401
6263	1	29.14869	28.70152	0.4471684	0.159901	0.000662319	0.999338	0.00132464	1.99868	0.4262908
6264	0	27.88655	27.27936	0.6071859	0.0369604	0.00189478	0.998105	0.00378956	1.99621	0.3632547
6265	1	28.78179	28.22307	0.5587226	-0.423327	0.000957849	0.999042	0.0019157	1.99808	0.3812928
6266	0	29.10477	28.56235	0.5424139	0.104084	0.00107133	0.998929	0.00214266	1.99786	0.3875622
6267	1	29.56761	28.5364	1.031207	-0.0470332	0.00162778	0.998372	0.00325556	1.99674	0.2377176
6268	0	28.40785	27.03455	1.373305	-0.1801	0.00226306	0.997737	0.00452612	1.99547	0.1688457
6269	1	28.38795	28.06533	0.3226149	-0.0842046	0.00098577	0.999014	0.00197154	1.99803	0.4828351
6270	0	28.53444	27.27342	1.261024	0.174386	0.00213564	0.997864	0.00427128	1.99573	0.1889092
6271	1	28.25731	27.79496	0.4623424	-0.299582	0.00132663	0.998673	0.00265325	1.99735	0.4198711
6272	0	29.1724	28.57627	0.5961279	-0.322521	0.000698615	0.999301	0.00139723	1.9986	0.3672939
6273	1	28.14808	27.76639	0.3816889	0.0587507	0.000369326	0.999631	0.000738652	1.99926	0.4551383
6274	0	28.79838	28.24217	0.5562084	0.306886	0.000968851	0.999031	0.0019377	1.99806	0.3822526
6275	1	27.52021	27.24415	0.2760661	-0.00775429	0.000304408	0.999696	0.000608817	1.99939	0.5058418
6276	0	29.54556	28.9317	0.6138674	-0.218963	0.000726592	0.999273	0.00145318	1.99855	0.3608357
6277	1	29.03781	28.21297	0.8248364	-0.365257	0.00135753	0.998642	0.00271507	1.99728	0.2922045
6278	0	29.32846	28.33277	0.9956908	0.14961	0.000919787	0.99908	0.00183957	1.99816	0.2463121
6279	1	29.58734	28.51243	1.074902	-0.0685814	0.000984995	0.999015	0.00196999	1.99803	0.227554
6280	0	27.83491	26.69077	1.144143	-0.353551	0.00259204	0.997408	0.00518408	1.99482	0.2123312
6281	1	28.43666	27.77666	0.6599979	-0.469998	0.00122984	0.99877	0.00245968	1.99754	0.3445683
6282	0	28.45966	27.07516	1.384501	-0.11521	0.00234609	0.997654	0.00469218	1.99531	0.1669659
6283	1	28.20034	27.78873	0.4116061	-0.356822	0.00120469	0.998795	0.00240939	1.99759	0.4417235
6284	0	26.38734	25.48223	0.9051105	0.027811	0.00391855	0.996081	0.00783709	1.99216	0.2696648
6285	1	28.40573	28.17926	0.2264703	0.201395	0.000653093	0.999347	0.00130619	1.99869	0.531562
6286	0	28.97269	28.27327	0.6994188	-0.0692734	0.00154619	0.998454	0.00309238	1.99691	0.3312493
6287	1	26.0531	25.39466	0.6584333	-0.210224	0.00322586	0.996774	0.00645171	1.99355	0.3451078
6288	0	28.99351	28.25086	0.7426455	-0.2965	0.00148605	0.998514	0.00297209	1.99703	0.3172356
6289	1	28.56552	28.05586	0.5096555	-0.220579	0.0013149	0.998685	0.00262981	1.99737	0.4004683
6290	0	27.99127	27.04155	0.9497213	0.0316705	0.00273025	0.99727	0.0054605	1.99454	0.2578992
6291	1	29.12497	28.38401	0.7409601	0.220361	0.000718825	0.999281	0.00143765	1.99856	0.3177707
6292	0	28.41502	27.09029	1.324721	0.138443	0.00227298	0.997727	0.00454596	1.99545	0.1772513
6293	1	28.35857	28.14846	0.2101011	-0.352645	0.000644449	0.999356	0.0012889	1.99871	0.5403349
6294	0	28.56478	27.5909	0.9738807	-0.358234	0.00191858	0.998081	0.00383716	1.99616	0.2517432
6295	1	29.21485	28.67678	0.5380697	-0.0577311	0.000520913	0.999479	0.00104183	1.99896	0.3892495
6296	0	29.1335	28.30449	0.8290024	-0.316505	0.00145841	0.998542	0.00291682	1.99708	0.2909897
6297	1	25.55725	25.40329	0.1539601	-0.53345	0.00168242	0.998318	0.00336483	1.99664	0.5715375
6298	0	26.81827	25.72972	1.08855	-0.529316	0.00148666	0.998513	0.00297333	1.99703	0.2244697
6299	1	28.35253	27.75997	0.5925591	-0.439229	0.00135006	0.99865	0.00270013	1.9973	0.368607
6300	0	29.00839	28.13031	0.8780823	-0.0670948	0.00188496	0.998115	0.00376991	1.99623	0.2770527
6301	1	28.50808	28.18605	0.3220234	-0.358423	0.000840381	0.99916	0.00168076	1.99832	0.4831208
6302	0	29.29888	28.26882	1.030063	-0.217534	0.00170782	0.998292	0.00341564	1.99658	0.2379896
6303	1	26.69287	26.71913	-0.02625793	0.277059	0.000776688	0.999223	0.00155338	1.99845	0.6844038
6304	0	29.28501	28.62361	0.6613989	0.224981	0.000966945	0.999033	0.00193389	1.99807	0.3440859
6305	1	29.75118	28.81102	0.9401674	0.0200172	0.000896956	0.999103	0.00179391	1.99821	0.260375
6306	0	29.17348	28.55837	0.6151106	-0.102545	0.00125208	0.998748	0.00250416	1.9975	0.3603874
6307	1	29.41979	28.72507	0.6947139	-0.301512	0.000832159	0.999168	0.00166432	1.99834	0.3328115
6308	0	28.43021	27.4596	0.9706107	-0.361781	0.00202297	0.997977	0.00404594	1.99595	0.2525677
6309	1	28.03118	27.28852	0.7426587	-0.180852	0.00218933	0.997811	0.00437866	1.99562	0.3172314
6310	0	29.34206	28.36653	0.9755318	0.194761	0.00103778	0.998962	0.00207555	1.99792	0.2513279
6311	1	25.67124	24.36072	1.310516	0.0752236	0.00565688	0.994343	0.0113138	1.98869	0.1797872
6312	0	27.84626	27.38652	0.4597311	0.273436	0.00140513	0.998595	0.00281026	1.99719	0.4209689
6313	1	26.42832	25.02535	1.40297	0.354183	0.00259784	0.997402	0.00519569	1.9948	0.1639105
6314	0	29.2951	28.48626	0.8088444	0.178604	0.000755948	0.999244	0.0015119	1.99849	0.296915
6315	1	28.25835	26.99521	1.263142	-0.338934	0.00156288	0.998437	0.00312576	1.99687	0.1885095
6316	0	28.89545	27.69862	1.196834	-0.272404	0.00128874	0.998711	0.00257749	1.99742	0.2014329
6317	1	26.3089	24.94658	1.362325	-0.0919185	0.00492812	0.995072	0.00985624	1.99014	0.1707099
6318	0	28.03741	27.52619	0.5112194	0.402804	0.00117488	0.998825	0.00234977	1.99765	0.3998425
6319	1	28.27228	26.87262	1.399658	0.0469743	0.00250379	0.997496	0.00500758	1.99499	0.1644543
6320	0	28.15196	26.98521	1.166753	-0.311969	0.00246994	0.99753	0.00493989	1.99506	0.2075842
6321	1	27.81568	26.55467	1.261009	-0.144027	0.00324669	0.996753	0.00649337	1.99351	0.1889119
6322	0	27.45653	26.38627	1.070259	-0.459394	0.00227743	0.997723	0.00455486	1.99545	0.2286131
6323	1	29.20866	28.30328	0.9053867	-0.151199	0.00176152	0.998238	0.00352305	1.99648	0.2695903
6324	0	26.06109	24.77391	1.287174	-0.106012	0.00522502	0.994775	0.01045	1.98955	0.1840332
6325	1	25.64417	24.85352	0.7906464	0.304685	0.0038128	0.996187	0.0076256	1.99237	0.3023677
6326	0	29.66043	28.76916	0.891272	-0.162825	0.00136334	0.998637	0.00272669	1.99727	0.2734225
6327	1	29.04073	28.23965	0.8010812	0.247124	0.000781557	0.999218	0.00156311	1.99844	0.2992289
6328	0	28.29844	28.12289	0.1755544	0.205822	0.000535235	0.999465	0.00107047	1.99893	0.5593279
6329	1	27.73393	26.58309	1.150844	-0.412046	0.0022588	0.997741	0.0045176	1.99548	0.2109131
6330	0	24.64361	24.3004	0.3432142	-0.511665	0.00280839	0.997192	0.00561679	1.99438	0.4729908
6331	1	25.96336	25.27355	0.6898147	-0.276118	0.00339294	0.996607	0.00678587	1.99321	0.334446
6332	0	27.60896	26.54434	1.064626	0.410497	0.00136044	0.99864	0.00272089	1.99728	0.2299045
6333	1	27.19428	26.4609	0.7333749	0.0197759	0.00269597	0.997304	0.00539195	1.99461	0.3201902
6334	0	29.79752	29.12015	0.6773773	-0.109002	0.000879142	0.999121	0.00175828	1.99824	0.3386316
6335	1	26.09752	25.44668	0.6508478	0.143002	0.00309658	0.996903	0.00619316	1.99381	0.3477356
6336	0	28.65418	28.00533	0.6488521	-0.0550003	0.00160881	0.998391	0.00321762	1.99678	0.3484303
6337	1	29.65281	29.05849	0.5943159	-0.0226108	0.000692073	0.999308	0.00138415	1.99862	0.36796
6338	0	29.44665	28.4051	1.04155	-0.251773	0.0013257	0.998674	0.00265141	1.99735	0.2352715
6339	1	29.03792	28.50446	0.5334537	-0.197832	0.00113086	0.998869	0.00226172	1.99774	0.3910504
6340	0	27.79397	27.62435	0.1696256	-0.00413704	0.000871707	0.999128	0.00174341	1.99826	0.5626538
6341	1	29.30029	28.37041	0.9298813	0.00111508	0.000711625	0.999288	0.00142325	1.99858	0.263067
6342	0	29.63765	28.72569	0.9119551	-0.205018	0.00132989	0.99867	0.00265978	1.99734	0.2678254
6343	1	27.20606	25.72149	1.484572	-0.139557	0.0034692	0.996531	0.0069384	1.99306	0.1510663
6344	0	29.35053	28.40454	0.9459887	-0.134627	0.00171771	0.998282	0.00343543	1.99656	0.2588637
6345	1	26.08152	24.696	1.385524	-0.109924	0.00516766	0.994832	0.0103353	1.98966	0.166795
6346	0	26.00836	25.78425	0.2241056	-0.454093	0.00170071	0.998299	0.00340141	1.9966	0.5328205
6347	1	28.56203	27.46043	1.101597	0.0108218	0.0025341	0.997466	0.0050682	1.99493	0.22156
6348	0	29.16764	28.64617	0.5214696	-0.297503	0.00092804	0.999072	0.00185608	1.99814	0.395765
6349	1	27.01005	26.56521	0.444846	-0.197062	0.00189902	0.998101	0.00379804	1.9962	0.427282
6350	0	29.15146	28.51529	0.636166	-0.301295	0.00117607	0.998824	0.00235215	1.99765	0.3528786
6351	1	27.9942	27.39606	0.5981399	0.445382	0.00109773	0.998902	0.00219546	1.9978	0.3665556
6352	0	29.01648	28.62478	0.3916982	0.0677472	0.000805384	0.999195	0.00161077	1.99839	0.4506054
6353	1	29.32233	28.68166	0.640676	0.201642	0.000753497	0.999247	0.00150699	1.99849	0.3512907
6354	0	29.5577	28.93668	0.6210237	-0.0820494	0.00102376	0.998976	0.00204752	1.99795	0.3582627
6355	1	29.68435	28.59873	1.08562	0.0382672	0.00125527	0.998745	0.00251055	1.99749	0.2251282
6356	0	29.46522	28.53401	0.9312069	-0.0252873	0.00162848	0.998372	0.00325696	1.99674	0.2627185
6357	1	29.3433	28.43389	0.9094147	-0.181143	0.00163785	0.998362	0.00327569	1.99672	0.2685066
6358	0	29.68256	28.75407	0.9284859	0.0180543	0.00141097	0.998589	0.00282193	1.99718	0.2634344
6359	1	25.71851	24.66815	1.050361	-0.510154	0.00358951	0.99641	0.00717901	1.99282	0.2332076
6360	0	29.36431	28.70895	0.6553562	-0.0579539	0.00122338	0.998777	0.00244675	1.99755	0.3461714
6361	1	26.87405	25.90493	0.969117	0.223851	0.00343906	0.996561	0.00687813	1.99312	0.2529453
6362	0	29.54706	28.88948	0.6575813	-0.0586789	0.00110797	0.998892	0.00221594	1.99778	0.345402
6363	1	27.53957	26.17253	1.367036	0.126999	0.00325115	0.996749	0.00650231	1.9935	0.1699075
6364	0	27.01133	26.07415	0.9371764	-0.227836	0.0034223	0.996578	0.0068446	1.99316	0.2611549
6365	1	27.29688	25.74979	1.547088	-0.0564636	0.00316431	0.996836	0.00632863	1.99367	0.1419113
6366	0	25.4215	25.4726	-0.05110076	0.440599	0.00109642	0.998904	0.00219284	1.99781	0.7016193
6367	1	26.94774	25.6846	1.26314	-0.183884	0.00407215	0.995928	0.0081443	1.99186	0.1885098
6368	0	29.03661	28.53086	0.5057436	0.066416	0.00105307	0.998947	0.00210614	1.99789	0.402038
6369	1	28.40881	27.46008	0.9487294	0.0188057	0.00242209	0.997578	0.00484417	1.99516	0.2581552
6370	0	29.29569	28.86753	0.4281684	-0.144641	0.00060209	0.999398	0.00120418	1.9988	0.4344678
6371	1	28.63983	27.42501	1.214816	-0.247231	0.00107025	0.99893	0.00214051	1.99786	0.1978431
6372	0	28.76931	28.52106	0.2482541	0.0491445	0.000574354	0.999426	0.00114871	1.99885	0.5201078
6373	1	27.00159	26.09663	0.9049666	0.490718	0.00115057	0.998849	0.00230113	1.9977	0.2697036
6374	0	28.11635	27.57411	0.5422365	0.429357	0.000867059	0.999133	0.00173412	1.99827	0.3876309
6375	1	26.19353	25.97966	0.2138659	-0.541381	0.00153401	0.998466	0.00306802	1.99693	0.5383044
6376	0	29.64881	29.02217	0.6266383	-0.163984	0.000911598	0.999088	0.0018232	1.99818	0.3562568
6377	1	28.21281	27.31661	0.8962004	-0.415641	0.00193176	0.998068	0.00386352	1.99614	0.2720783
6378	0	28.62407	27.99536	0.6287142	0.215139	0.00142713	0.998573	0.00285427	1.99715	0.355518
6379	1	27.86352	26.75544	1.108077	-0.0928551	0.00315637	0.996844	0.00631273	1.99369	0.2201288
6380	0	29.79379	28.88756	0.9062317	-0.183698	0.00102759	0.998972	0.00205517	1.99794	0.2693626
6381	1	27.34319	27.31388	0.02931689	0.250811	0.000342786	0.999657	0.000685572	1.99931	0.6474058
6382	0	27.18658	26.84111	0.3454666	0.456638	0.000525867	0.999474	0.00105173	1.99895	0.4719267
6383	1	27.97773	27.8664	0.1113264	-0.172217	0.000352004	0.999648	0.000704007	1.9993	0.5964311
6384	0	27.77898	27.72274	0.05624028	-0.183889	0.000658347	0.999342	0.00131669	1.99868	0.630208
6385	1	29.54872	28.97155	0.5771753	0.0786013	0.000718364	0.999282	0.00143673	1.99856	0.3743214
6386	0	29.79356	28.9615	0.8320599	-0.0153443	0.000801664	0.999198	0.00160333	1.9984	0.2901013
6387	1	25.86539	25.7343	0.1310882	-0.398078	0.00150547	0.998495	0.00301094	1.99699	0.5847602
6388	0	29.16468	28.61637	0.5483179	-0.328946	0.00072161	0.999278	0.00144322	1.99856	0.3852807
6389	1	28.72703	28.1777	0.5493307	-0.170851	0.00133622	0.998664	0.00267244	1.99733	0.3848907
6390	0	28.63485	27.89957	0.7352773	0.350527	0.00123847	0.998762	0.00247694	1.99752	0.3195817
6391	1	27.10636	26.64901	0.4573533	-0.112293	0.00188487	0.998115	0.00376975	1.99623	0.4219711
6392	0	29.33104	28.53751	0.7935342	-0.327139	0.00116376	0.998836	0.00232752	1.99767	0.3014958
6393	1	28.1548	27.80547	0.3493332	0.291665	0.000474812	0.999525	0.000949624	1.99905	0.4701054
6394	0	29.12616	28.66748	0.4586792	-0.250009	0.000877682	0.999122	0.00175536	1.99824	0.421412
6395	1	27.87171	27.42441	0.4472931	0.0848249	0.00036304	0.999637	0.00072608	1.99927	0.4262377
6396	0	27.67145	27.05927	0.6121856	-0.559047	0.000998947	0.999001	0.00199789	1.998	0.3614431
6397	1	28.55078	28.1731	0.3776851	-0.419514	0.000692031	0.999308	0.00138406	1.99862	0.4569642
6398	0	29.27975	28.54645	0.7333	-0.236081	0.00135329	0.998647	0.00270657	1.99729	0.3202142
6399	1	29.03552	28.57586	0.4596509	0.0614229	0.000954785	0.999045	0.00190957	1.99809	0.4210027
6400	0	29.09217	28.17641	0.9157596	0.173183	0.00167428	0.998326	0.00334855	1.99665	0.2668083
6401	1	29.45206	28.76129	0.6907614	-0.137276	0.000622948	0.999377	0.0012459	1.99875	0.3341295
6402	0	28.9912	28.07939	0.9118108	0.10458	0.00186039	0.99814	0.00372077	1.99628	0.267864
6403	1	29.75938	28.98938	0.7699926	0.078466	0.000849356	0.999151	0.00169871	1.9983	0.3086777
6404	0	27.77882	27.32902	0.4497967	-0.448757	0.00140226	0.998598	0.00280452	1.9972	0.4251719
6405	1	29.85996	28.88094	0.9790252	-0.0905863	0.00105578	0.998944	0.00211155	1.99789	0.2504514
6406	0	29.67063	28.78307	0.8875662	-0.209057	0.00126085	0.998739	0.00252171	1.99748	0.2744376
6407	1	27.38335	27.14338	0.2399721	0.451032	0.000887808	0.999112	0.00177562	1.99822	0.5244332
6408	0	28.01573	27.67454	0.3411948	0.330494	0.000991964	0.999008	0.00198393	1.99802	0.4739469
6409	1	28.90622	27.93215	0.9740784	0.289004	0.0013204	0.99868	0.0026408	1.99736	0.2516934
6410	0	24.97798	24.65611	0.3218701	0.365766	0.00241814	0.997582	0.00483627	1.99516	0.4831949
6411	1	27.98237	27.76018	0.2221871	0.328694	0.000735613	0.999264	0.00147123	1.99853	0.5338437
6412	0	29.19447	27.96517	1.229303	-0.155006	0.00175893	0.998241	0.00351786	1.99648	0.1949977
6413	1	28.02319	27.92561	0.09758156	-0.352748	0.000535218	0.999465	0.00107044	1.99893	0.6046856
6414	0	29.74985	28.68339	1.06646	-0.083852	0.00135204	0.998648	0.00270408	1.9973	0.2294832
6415	1	24.83814	24.9598	-0.1216574	0.216528	0.00111874	0.998881	0.00223749	1.99776	0.7529114
6416	0	24.96227	23.82833	1.133937	0.534965	0.00293523	0.997065	0.00587046	1.99413	0.2145094
6417	1	29.5255	28.48941	1.03609	0.00459027	0.00164917	0.998351	0.00329834	1.9967	0.2365597
6418	0	28.0564	27.01579	1.040613	0.362845	0.00180126	0.998199	0.00360253	1.9964	0.2354921
6419	1	26.19972	25.62979	0.5699331	-0.344106	0.00274176	0.997258	0.00548351	1.99452	0.3770422
6420	0	29.6374	28.6009	1.036507	-0.063663	0.00155438	0.998446	0.00310876	1.99689	0.2364609
6421	1	22.89525	22.68046	0.2147943	-0.308822	0.0033285	0.996671	0.00665701	1.99334	0.5378049
6422	0	28.76025	28.1873	0.5729539	-0.427471	0.00081613	0.999184	0.00163226	1.99837	0.3759049
6423	1	29.58093	28.87373	0.7071977	0.150614	0.00090457	0.999095	0.00180914	1.99819	0.3286826
6424	0	24.73794	23.6441	1.093843	0.286744	0.00582226	0.994178	0.0116445	1.98836	0.2232846
6425	1	27.32032	26.96544	0.3548823	0.505075	0.00075972	0.99924	0.00151944	1.99848	0.467504
6426	0	27.59081	26.67809	0.9127274	-0.267877	0.00284249	0.997158	0.00568497	1.99432	0.2676186
6427	1	26.10311	25.89203	0.211077	-0.121676	0.000236999	0.999763	0.000473998	1.99953	0.5398078
6428	0	28.59433	27.79233	0.8020028	0.310303	0.00155078	0.998449	0.00310157	1.9969	0.2989533
6429	1	27.74283	27.40962	0.33321	0.365518	0.00048179	0.999518	0.000963579	1.99904	0.4777464
6430	0	29.42806	28.73634	0.6917119	0.186798	0.000997342	0.999003	0.00199468	1.99801	0.3338121
6431	1	28.50929	28.15689	0.3524009	-0.304054	0.000958748	0.999041	0.0019175	1.99808	0.4686655
6432	0	27.77748	26.93119	0.8462944	-0.0991078	0.000474799	0.999525	0.000949599	1.99905	0.2860011
6433	1	28.37466	27.80806	0.5666075	0.362416	0.000895237	0.999105	0.00179047	1.99821	0.3782982
6434	0	27.10395	26.94824	0.1557121	-0.0914697	0.000269688	0.99973	0.000539375	1.99946	0.570537
6435	1	29.02553	28.28693	0.7385955	0.19513	0.000651604	0.999348	0.00130321	1.9987	0.318523
6436	0	29.91582	29.08211	0.8337035	-0.0123992	0.00100159	0.998998	0.00200319	1.998	0.2896249
6437	1	28.21954	27.94906	0.2704805	-0.405355	0.00052292	0.999477	0.00104584	1.99895	0.5086752
6438	0	27.96862	27.82193	0.1466865	-0.0418584	0.000768356	0.999232	0.00153671	1.99846	0.5757098
6439	1	27.50109	27.48144	0.01965521	0.305546	0.00045644	0.999544	0.000912881	1.99909	0.6536911
6440	0	27.43083	27.37752	0.05330253	-0.484067	0.000526029	0.999474	0.00105206	1.99895	0.6320621
6441	1	24.87959	24.38174	0.497853	-0.496832	0.000367295	0.999633	0.000734589	1.99927	0.4052228
6442	0	26.44139	26.23584	0.2055496	-0.239937	0.00146298	0.998537	0.00292596	1.99707	0.5427998
6443	1	28.02657	27.84017	0.1864032	-0.307808	0.00039802	0.999602	0.000796041	1.9992	0.5532926
6444	0	27.6269	26.71325	0.9136509	-0.459068	0.000826304	0.999174	0.00165261	1.99835	0.2673715
6445	1	27.80248	27.75359	0.04889617	-0.229693	0.000630248	0.99937	0.0012605	1.99874	0.6348533
6446	0	26.57903	26.12593	0.4531028	0.252104	0.0020427	0.997957	0.00408539	1.99591	0.4237685
6447	1	27.32208	27.10591	0.2161661	-0.129405	0.00028955	0.99971	0.0005791	1.99942	0.5370677
6448	0	28.52186	27.49491	1.026948	-0.259214	0.00229812	0.997702	0.00459624	1.9954	0.2387322
6449	1	27.30061	27.42422	-0.1236101	-0.226994	0.000447429	0.999553	0.000894859	1.99911	0.754383
6450	0	28.54419	27.63796	0.9062271	-0.274868	0.00210445	0.997896	0.0042089	1.99579	0.2693639
6451	1	29.23205	28.7684	0.4636504	0.139564	0.000702428	0.999298	0.00140486	1.9986	0.4193223
6452	0	29.36854	28.8638	0.5047424	0.0970438	0.000788996	0.999211	0.00157799	1.99842	0.4024407
6453	1	27.92959	27.53147	0.3981196	-0.52544	0.00076629	0.999234	0.00153258	1.99847	0.4477212
6454	0	28.02487	27.86451	0.1603575	-0.177003	0.000783054	0.999217	0.00156611	1.99843	0.5678928
6455	1	29.19511	28.80943	0.3856782	-0.0628611	0.000709881	0.99929	0.00141976	1.99858	0.4533262
6456	0	28.8323	28.20046	0.6318403	-0.401893	0.000756704	0.999243	0.00151341	1.99849	0.3544084
6457	1	26.88976	26.7156	0.1741555	-0.366959	0.00121734	0.998783	0.00243469	1.99757	0.5601108
6458	0	29.19657	28.32502	0.8715427	0.0916109	0.000683173	0.999317	0.00136635	1.99863	0.2788705
6459	1	28.32877	28.01589	0.3128747	0.300177	0.000542237	0.999458	0.00108447	1.99892	0.487561
6460	0	28.98359	28.44238	0.5412091	-0.348945	0.00102007	0.99898	0.00204013	1.99796	0.3880294
6461	1	28.48146	28.16859	0.3128747	0.274713	0.000572115	0.999428	0.00114423	1.99886	0.487561
6462	0	28.63413	27.36725	1.26688	0.198659	0.00150574	0.998494	0.00301147	1.99699	0.1878061
6463	1	26.376	26.41622	-0.04021453	-0.18452	0.000893683	0.999106	0.00178737	1.99821	0.6940227
6464	0	29.27857	28.15985	1.118715	-0.223397	0.00165179	0.998348	0.00330358	1.9967	0.2177996
6465	1	28.25938	27.51655	0.7428299	-0.360278	0.000600011	0.9994	0.00120002	1.9988	0.3171771
6466	0	27.57599	26.30975	1.266239	-0.327289	0.00283772	0.997162	0.00567544	1.99432	0.1879266
6467	1	28.80407	28.4071	0.3969689	-0.368805	0.00071584	0.999284	0.00143168	1.99857	0.4482366
6468	0	28.50807	27.83898	0.6690899	-0.465307	0.00118654	0.998813	0.00237308	1.99763	0.3414497
6469	1	28.26231	28.01807	0.244235	0.00897052	0.000366585	0.999633	0.000733171	1.99927	0.5222024
6470	0	29.54809	29.0081	0.5399851	-0.140282	0.00068016	0.99932	0.00136032	1.99864	0.3885046
6471	1	26.99933	26.64697	0.3523618	-0.518264	0.000480918	0.999519	0.000961837	1.99904	0.4686838
6472	0	29.26934	28.15481	1.114527	0.132327	0.00165385	0.998346	0.00330771	1.99669	0.2187136
6473	1	28.54837	28.17335	0.3750183	-0.287784	0.000464755	0.999535	0.00092951	1.99907	0.4581845
6474	0	29.62284	28.63149	0.9913451	-0.206545	0.00135085	0.998649	0.00270171	1.9973	0.2473848
6475	1	28.28169	28.1534	0.1282938	0.0762265	0.000562484	0.999438	0.00112497	1.99888	0.5863966
6476	0	28.52604	27.30806	1.21798	0.0154557	0.000875676	0.999124	0.00175135	1.99825	0.1972181
6477	1	29.36286	28.86624	0.4966281	0.10622	0.000728065	0.999272	0.00145613	1.99854	0.4057195
6478	0	28.48513	27.35647	1.128665	-0.250835	0.0023947	0.997605	0.0047894	1.99521	0.2156433
6479	1	27.06863	25.55154	1.517087	0.20918	0.00168687	0.998313	0.00337374	1.99663	0.1462333
6480	0	28.78273	27.4149	1.367831	0.0221608	0.0019065	0.998093	0.003813	1.99619	0.1697724
6481	1	24.52925	23.01709	1.512164	0.30636	0.00534366	0.994656	0.0106873	1.98931	0.146955
6482	0	27.9882	27.14061	0.847597	-0.307296	0.00235	0.99765	0.0047	1.9953	0.2856288
6483	1	29.84943	28.94831	0.9011213	-0.156963	0.00104237	0.998958	0.00208474	1.99792	0.2707427
6484	0	27.31983	26.13905	1.180777	0.130588	0.00358081	0.996419	0.00716161	1.99284	0.2046934
6485	1	28.775	27.6255	1.149496	-0.217291	0.000925722	0.999074	0.00185144	1.99815	0.2111976
6486	0	29.66102	28.63038	1.030642	-0.124532	0.00148356	0.998516	0.00296713	1.99703	0.2378519
6487	1	29.53364	29.00107	0.5325703	-0.0458674	0.00082504	0.999175	0.00165008	1.99835	0.391396
6488	0	29.24576	28.42378	0.8219783	-0.346145	0.00118621	0.998814	0.00237241	1.99763	0.2930408
6489	1	29.11876	28.66385	0.4549098	0.039593	0.000907363	0.999093	0.00181473	1.99819	0.4230035
6490	0	29.44323	28.29053	1.152703	-0.180188	0.00141132	0.998589	0.00282264	1.99718	0.2105214
6491	1	28.96725	27.81072	1.156524	-0.19568	0.00206375	0.997936	0.0041275	1.99587	0.2097186
6492	0	28.35235	27.17332	1.179032	0.226445	0.00224518	0.997755	0.00449036	1.99551	0.2050509
6493	1	28.51497	27.65406	0.8609131	-0.213504	0.00212491	0.997875	0.00424982	1.99575	0.2818506
6494	0	29.21721	28.51349	0.7037111	-0.234976	0.00134383	0.998656	0.00268765	1.99731	0.3298305
6495	1	28.55961	27.53719	1.022415	0.135133	0.00230153	0.997698	0.00460307	1.9954	0.2398169
6496	0	29.68224	28.62251	1.059735	-0.0281612	0.00148899	0.998511	0.00297799	1.99702	0.2310318
6497	1	28.62083	27.56156	1.059262	0.0517995	0.00240758	0.997592	0.00481515	1.99518	0.231141
6498	0	29.14994	28.20458	0.9453608	-0.340711	0.00108284	0.998917	0.00216567	1.99783	0.2590262
6499	1	28.91593	28.01986	0.8960632	0.180869	0.00177392	0.998226	0.00354785	1.99645	0.2721156
6500	0	29.06273	28.28845	0.7742794	0.118804	0.00155727	0.998443	0.00311453	1.99689	0.3073572
6501	1	27.79805	27.2854	0.51265	0.260581	0.00156771	0.998432	0.00313543	1.99686	0.3992709
6502	0	25.88605	25.93815	-0.05210294	-0.143059	0.00100023	0.999	0.00200046	1.998	0.7023228
6503	1	28.94495	28.52979	0.4151624	-0.136973	0.000471918	0.999528	0.000943836	1.99906	0.4401554
6504	0	29.03238	28.66867	0.3637045	0.0392678	0.000515765	0.999484	0.00103153	1.99897	0.4633977
6505	1	29.21453	28.73866	0.4758716	0.122631	0.000825145	0.999175	0.00165029	1.99835	0.4142288
6506	0	28.56143	28.25347	0.3079639	-0.379912	0.000686267	0.999314	0.00137253	1.99863	0.4899612
6507	1	28.95782	28.21254	0.7452798	-0.10924	0.00165108	0.998349	0.00330215	1.9967	0.316401
6508	0	28.46817	28.09411	0.3740635	0.0442242	0.001044	0.998956	0.00208801	1.99791	0.4586222
6509	1	28.84988	27.95037	0.8995015	0.0788227	0.000631553	0.999368	0.00126311	1.99874	0.2711816
6510	0	29.72743	28.93313	0.7943056	-0.167394	0.00116367	0.998836	0.00232734	1.99767	0.3012633
6511	1	29.76027	29.08869	0.6715841	-0.145603	0.000804675	0.999195	0.00160935	1.99839	0.3405991
6512	0	29.12883	28.01661	1.112226	0.158182	0.00173623	0.998264	0.00347246	1.99653	0.2192175
6513	1	29.89422	28.92527	0.9689522	-0.0653947	0.00111646	0.998884	0.00223292	1.99777	0.252987
6514	0	29.81296	29.02487	0.7880846	-0.178539	0.000974002	0.999026	0.001948	1.99805	0.3031433
6515	1	28.46748	27.52924	0.9382419	0.337524	0.000995726	0.999004	0.00199145	1.99801	0.2608768
6516	0	28.12094	27.81027	0.3106697	0.109599	0.00102917	0.998971	0.00205835	1.99794	0.4886373
6517	1	27.44562	26.20036	1.245259	-0.418827	0.00216929	0.997831	0.00433858	1.99566	0.1919108
6518	0	29.46308	28.7279	0.7351777	-0.300084	0.00102309	0.998977	0.00204617	1.99795	0.3196135
6519	1	26.91708	26.18227	0.734811	0.242473	0.00272567	0.997274	0.00545135	1.99455	0.3197307
6520	0	29.07395	28.7079	0.3660468	-0.224289	0.000610267	0.99939	0.00122053	1.99878	0.4623135
6521	1	28.99256	27.76664	1.225922	0.0493409	0.00207596	0.997924	0.00415191	1.99585	0.195658
6522	0	29.82774	29.0926	0.7351451	-0.141853	0.000936549	0.999063	0.0018731	1.99813	0.3196239
6523	1	29.28529	28.02365	1.26164	-0.0609067	0.00161605	0.998384	0.0032321	1.99677	0.1887928
6524	0	28.1595	27.12222	1.037281	0.138657	0.00105717	0.998943	0.00211435	1.99789	0.2362779
6525	1	29.17232	28.42202	0.750293	-0.364702	0.00111481	0.998885	0.00222963	1.99777	0.3148188
6526	0	28.96459	28.43869	0.5258963	0.0503521	0.00101735	0.998983	0.00203471	1.99797	0.3940169
6527	1	25.88653	25.71618	0.1703498	-0.690262	0.000989167	0.999011	0.00197833	1.99802	0.5622465
6528	0	25.12436	24.85775	0.2666166	0.324468	0.00215291	0.997847	0.00430582	1.99569	0.5106445
6529	1	29.89203	29.09647	0.7955557	-0.0103991	0.00100049	0.999	0.00200098	1.998	0.3008869
6530	0	29.02476	27.7927	1.232069	0.145178	0.00147686	0.998523	0.00295373	1.99705	0.194459
6531	1	25.69383	26.0256	-0.3317663	-0.559726	0.000385944	0.999614	0.000771889	1.99923	0.9289514
6532	0	29.33829	28.46325	0.8750347	-0.254073	0.00148742	0.998513	0.00297483	1.99703	0.2778984
6533	1	27.52159	27.32493	0.1966618	0.343962	0.00041656	0.999583	0.000833119	1.99917	0.5476456
6534	0	29.3015	28.22842	1.073075	-0.267493	0.00143982	0.99856	0.00287963	1.99712	0.2279704
6535	1	27.83926	27.0975	0.74176	0.457442	0.00108686	0.998913	0.00217372	1.99783	0.3175166
6536	0	27.93699	27.62545	0.3115341	0.201009	0.00107063	0.998929	0.00214127	1.99786	0.4882151
6537	1	28.81764	28.28231	0.5353249	0.26678	0.000625178	0.999375	0.00125036	1.99875	0.3903194
6538	0	29.50653	28.59279	0.9137388	0.173788	0.00100242	0.998998	0.00200484	1.998	0.267348
6539	1	28.9484	28.52359	0.4248127	0.220749	0.000675457	0.999325	0.00135091	1.99865	0.4359282
6540	0	29.75942	28.8687	0.8907228	-0.189203	0.00118624	0.998814	0.00237248	1.99763	0.2735727
6541	1	28.99573	28.39115	0.6045765	0.285418	0.000932667	0.999067	0.00186533	1.99813	0.3642038
6542	0	28.55921	27.66849	0.8907228	-0.216414	0.00214733	0.997853	0.00429466	1.99571	0.2735727
6543	1	28.85237	28.1317	0.7206646	0.321891	0.00088019	0.99912	0.00176038	1.99824	0.3242859
6544	0	28.68254	27.75693	0.9256161	-0.226747	0.00210447	0.997896	0.00420893	1.99579	0.2641915
6545	1	29.579	28.61633	0.9626731	-0.240055	0.00128517	0.998715	0.00257034	1.99743	0.2545805
6546	0	27.83776	26.36055	1.477206	0.111466	0.00243499	0.997565	0.00486997	1.99513	0.152183
6547	1	29.30625	28.17679	1.129453	-0.0965505	0.00188123	0.998119	0.00376247	1.99624	0.2154734
6548	0	27.32814	26.81465	0.5134872	0.300867	0.0017793	0.998221	0.0035586	1.99644	0.3989368
6549	1	28.52877	27.51638	1.012393	0.28675	0.0018525	0.998147	0.00370501	1.99629	0.2422322
6550	0	26.57194	25.42883	1.143113	0.355575	0.000851331	0.999149	0.00170266	1.9983	0.21255
6551	1	29.00662	27.76358	1.243034	0.0224825	0.00207497	0.997925	0.00414993	1.99585	0.1923384
6552	0	28.99996	28.67764	0.3223126	-0.122254	0.000678315	0.999322	0.00135663	1.99864	0.4829811
6553	1	28.96044	27.83493	1.12551	-0.146967	0.0021664	0.997834	0.0043328	1.99567	0.2163246
6554	0	28.07322	26.63041	1.442813	-0.217985	0.00200627	0.997994	0.00401253	1.99599	0.1575081
6555	1	27.91018	27.05191	0.8582669	-0.083715	0.00259296	0.997407	0.00518592	1.99481	0.2825974
6556	0	28.12294	26.75033	1.372605	-0.279093	0.00194099	0.998059	0.00388198	1.99612	0.1689639
6557	1	28.33241	28.07834	0.2540624	-0.221322	0.000855294	0.999145	0.00171059	1.99829	0.5170956
6558	0	29.90678	29.07224	0.8345382	-0.10143	0.00092989	0.99907	0.00185978	1.99814	0.2893833
6559	1	29.84509	28.94304	0.902049	0.0400808	0.00114284	0.998857	0.00228568	1.99771	0.2704916
6560	0	29.2073	28.16486	1.042443	-0.268004	0.00164094	0.998359	0.00328187	1.99672	0.2350615
6561	1	28.55543	27.53035	1.02508	0.275759	0.00188084	0.998119	0.00376168	1.99624	0.2391786
6562	0	26.61583	25.56486	1.050974	-0.494597	0.000934274	0.999066	0.00186855	1.99813	0.2330646
6563	1	28.92186	28.00393	0.9179295	-0.161236	0.0019827	0.998017	0.0039654	1.99603	0.26623
6564	0	29.23518	28.75454	0.4806358	-0.101863	0.000925982	0.999074	0.00185196	1.99815	0.4122601
6565	1	29.34109	28.26863	1.072461	-0.239824	0.00155981	0.99844	0.00311961	1.99688	0.2281103
6566	0	29.4914	28.81533	0.6760731	0.169854	0.000822305	0.999178	0.00164461	1.99836	0.3390736
6567	1	27.85595	27.0689	0.7870488	-0.525457	0.00137639	0.998624	0.00275278	1.99725	0.3034574
6568	0	29.86631	28.97453	0.8917801	-0.0196036	0.00119293	0.998807	0.00238586	1.99761	0.2732836
6569	1	27.27762	26.54022	0.7374002	0.00725967	0.00265733	0.997343	0.00531465	1.99469	0.318904
6570	0	27.75777	26.87969	0.8780818	-0.423515	0.00225628	0.997744	0.00451256	1.99549	0.2770529
6571	1	29.17482	27.92659	1.248225	0.000224005	0.00187137	0.998129	0.00374274	1.99626	0.1913426
6572	0	29.23239	28.46384	0.7685485	0.250015	0.000893214	0.999107	0.00178643	1.99821	0.3091238
6573	1	26.87199	26.56242	0.3095636	0.288653	0.00147466	0.998525	0.00294931	1.99705	0.489178
6574	0	29.40915	28.69896	0.7101986	0.207561	0.000938524	0.999061	0.00187705	1.99812	0.3276977
6575	1	26.51084	25.70371	0.8071334	0.296666	0.00315556	0.996844	0.00631112	1.99369	0.2974234
6576	0	29.42752	28.71732	0.7101986	0.0951685	0.00121328	0.998787	0.00242656	1.99757	0.3276977
6577	1	29.60051	28.79338	0.8071334	-0.238973	0.000844997	0.999155	0.00168999	1.99831	0.2974234
6578	0	28.77411	27.88848	0.885628	-0.415402	0.00127099	0.998729	0.00254197	1.99746	0.27497
6579	1	29.19444	28.81825	0.3761869	-0.0129532	0.000649108	0.999351	0.00129822	1.9987	0.4576494
6580	0	28.57638	27.72409	0.8522821	-0.337749	0.00187188	0.998128	0.00374375	1.99626	0.2842938
6581	1	29.20848	28.65729	0.5511934	0.172381	0.000944286	0.999056	0.00188857	1.99811	0.3841744
6582	0	29.50828	28.6947	0.8135874	0.0700217	0.0013602	0.99864	0.0027204	1.99728	0.29551
6583	1	29.59803	28.93351	0.664525	-0.0296218	0.00107962	0.99892	0.00215924	1.99784	0.3430119
6584	0	28.26668	27.38466	0.882021	0.217592	0.00216334	0.997837	0.00432668	1.99567	0.2759637
6585	1	28.65774	27.88981	0.7679327	0.357358	0.00115071	0.998849	0.00230142	1.9977	0.3093142
6586	0	29.61888	28.8108	0.8080749	-0.228899	0.000835857	0.999164	0.00167171	1.99833	0.2971435
6587	1	29.57777	28.57488	1.002896	-0.155711	0.00153494	0.998465	0.00306988	1.99693	0.2445437
6588	0	26.86259	26.92302	-0.06042522	-0.48742	0.000672154	0.999328	0.00134431	1.99866	0.7081921
6589	1	27.95113	26.95522	0.9959149	0.133636	0.00275461	0.997245	0.00550923	1.99449	0.2462569
6590	0	29.11853	28.19119	0.9273461	-0.0655673	0.000668364	0.999332	0.00133673	1.99866	0.2637348
6591	1	27.23579	25.67837	1.557424	-0.154707	0.00293354	0.997066	0.00586707	1.99413	0.1404521
6592	0	26.42907	26.25011	0.1789536	-0.437621	0.00140123	0.998599	0.00280246	1.9972	0.5574298
6593	1	28.93676	28.28036	0.6564026	0.036481	0.00144782	0.998552	0.00289563	1.9971	0.3458093
6594	0	29.27237	28.73636	0.5360044	-0.209012	0.000989035	0.999011	0.00197807	1.99802	0.3900542
6595	1	28.92677	28.30244	0.6243376	0.271388	0.00111519	0.998885	0.00223039	1.99777	0.3570774
6596	0	27.5781	26.02294	1.555159	0.062545	0.00240894	0.997591	0.00481788	1.99518	0.1407705
6597	1	29.30085	28.64895	0.6519025	-0.262841	0.00115476	0.998845	0.00230952	1.99769	0.347369
6598	0	28.26795	26.83539	1.432562	0.100451	0.00161457	0.998385	0.00322914	1.99677	0.159131
6599	1	28.84353	28.32716	0.5163762	0.20858	0.00106877	0.998931	0.00213754	1.99786	0.3977859
6600	0	29.39282	28.20715	1.185665	-0.0265071	0.00173342	0.998267	0.00346684	1.99653	0.2036953
6601	1	29.12709	28.49497	0.632129	-0.192091	0.00129023	0.99871	0.00258047	1.99742	0.3543061
6602	0	29.60759	28.46744	1.140153	-0.108507	0.00137557	0.998624	0.00275113	1.99725	0.2131801
6603	1	28.60321	27.66295	0.9402553	-0.340668	0.000797043	0.999203	0.00159409	1.99841	0.2603521
6604	0	28.2335	27.31703	0.9164682	0.383002	0.00151161	0.998488	0.00302321	1.99698	0.2666193
6605	1	28.81398	27.8168	0.9971875	0.0461431	0.00217977	0.99782	0.00435954	1.99564	0.2459437
6606	0	27.77741	27.16419	0.6132234	0.2106	0.00187566	0.998124	0.00375131	1.99625	0.3610682
6607	1	28.98731	28.66302	0.3242886	-0.0277572	0.000690334	0.99931	0.00138067	1.99862	0.4820277
6608	0	28.47249	27.73992	0.7325674	-0.307956	0.00179341	0.998207	0.00358682	1.99641	0.3204489
6609	1	28.5918	28.36272	0.2290872	-0.0510852	0.000423587	0.999576	0.000847175	1.99915	0.5301728
6610	0	29.02006	28.63538	0.3846819	-0.281985	0.000688459	0.999312	0.00137692	1.99862	0.4537781
6611	1	28.91696	27.85052	1.066439	0.259119	0.00136731	0.998633	0.00273461	1.99727	0.229488
6612	0	28.13873	27.2374	0.9013319	-0.45507	0.00175728	0.998243	0.00351456	1.99649	0.2706857
6613	1	29.39337	28.49941	0.8939646	0.105577	0.000765242	0.999235	0.00153048	1.99847	0.2726873
6614	0	29.20104	28.08065	1.120387	-0.23965	0.0011104	0.99889	0.00222079	1.99778	0.2174356
6615	1	29.7239	28.63412	1.089787	-0.0958807	0.00129448	0.998706	0.00258896	1.99741	0.2241922
6616	0	29.36356	28.38812	0.975443	0.195257	0.00132444	0.998676	0.00264889	1.99735	0.2513502
6617	1	29.69141	28.84167	0.8497397	0.121247	0.000931441	0.999069	0.00186288	1.99814	0.2850175
6618	0	29.79862	28.87326	0.9253538	0.0705673	0.00114117	0.998859	0.00228234	1.99772	0.2642608
6619	1	28.7716	28.30931	0.4622887	0.00864787	0.00111183	0.998888	0.00222365	1.99778	0.4198936
6620	0	27.8091	27.24665	0.5624545	-0.145138	0.00183575	0.998164	0.0036715	1.99633	0.3798725
6621	1	28.66041	27.63464	1.025773	-0.324778	0.00089218	0.999108	0.00178436	1.99822	0.2390129
6622	0	29.18714	28.23167	0.9554617	0.217489	0.00147101	0.998529	0.00294203	1.99706	0.256423
6623	1	27.88079	26.86861	1.012179	0.214563	0.000675503	0.999324	0.00135101	1.99865	0.2422842
6624	0	29.84935	29.13313	0.7162228	-0.0989606	0.000865038	0.999135	0.00173008	1.99827	0.3257295
6625	1	29.0968	27.90339	1.193404	0.0285307	0.00101287	0.998987	0.00202574	1.99797	0.202125
6626	0	28.68703	28.01681	0.6702274	0.288551	0.00134012	0.99866	0.00268024	1.99732	0.3410615
6627	1	29.42094	28.42801	0.9929333	-0.120319	0.00171606	0.998284	0.00343213	1.99657	0.2469922
6628	0	27.65287	26.9878	0.6650702	-0.11602	0.002215	0.997785	0.00443	1.99557	0.342825
6629	1	29.53178	28.36488	1.166896	-0.0797137	0.00153661	0.998463	0.00307322	1.99693	0.2075546
6630	0	28.54668	28.35864	0.1880408	-0.172238	0.00046106	0.999539	0.00092212	1.99908	0.5523873
6631	1	25.61484	24.30029	1.314547	-0.014072	0.00584091	0.994159	0.0116818	1.98832	0.179064
6632	0	28.35761	28.02138	0.3362254	-0.0118582	0.00101914	0.998981	0.00203828	1.99796	0.476308
6633	1	22.89115	21.93336	0.957791	0.146685	0.00829421	0.991706	0.0165884	1.98341	0.2558264
6634	0	29.83225	28.85719	0.9750579	0.010646	0.00124379	0.998756	0.00248757	1.99751	0.251447
6635	1	26.78783	25.88752	0.9003135	-0.376301	0.00323546	0.996765	0.00647092	1.99353	0.2709615
6636	0	29.61706	28.75993	0.8571267	0.0678898	0.000784278	0.999216	0.00156856	1.99843	0.2829198
6637	1	25.56195	24.78908	0.7728647	0.105125	0.00406212	0.995938	0.00812424	1.99188	0.3077924
6638	0	27.15382	27.03495	0.1188624	0.197474	0.000944077	0.999056	0.00188815	1.99811	0.5919533
6639	1	27.17442	26.3136	0.8608214	0.0360172	0.00311311	0.996887	0.00622621	1.99377	0.2818764
6640	0	28.84559	27.71819	1.1274	0.227161	0.00117307	0.998827	0.00234615	1.99765	0.2159161
6641	1	28.48275	27.17738	1.305371	-0.0128603	0.00259298	0.997407	0.00518596	1.99481	0.1807146
6642	0	27.44033	26.50269	0.9376419	-0.349689	0.00284114	0.997159	0.00568228	1.99432	0.2610334
6643	1	29.30127	28.20657	1.094703	-0.15425	0.00182992	0.99817	0.00365984	1.99634	0.2230927
6644	0	28.18686	27.68619	0.5006705	0.374835	0.00113729	0.998863	0.00227459	1.99773	0.4040828
6645	1	28.32168	27.22188	1.099799	0.160701	0.00252156	0.997478	0.00504313	1.99496	0.2219587
6646	0	29.1242	28.54997	0.5742358	-0.14472	0.00118679	0.998813	0.00237358	1.99763	0.3754234
6647	1	27.78035	27.10647	0.6738795	-0.315924	0.00208206	0.997918	0.00416413	1.99584	0.3398182
6648	0	29.5701	28.49702	1.073074	-0.142973	0.00155156	0.998448	0.00310311	1.9969	0.2279705
6649	1	28.46756	27.43878	1.028785	-0.033171	0.0025378	0.997462	0.0050756	1.99492	0.238294
6650	0	28.31374	26.9504	1.363341	0.0981913	0.00121942	0.998781	0.00243885	1.99756	0.1705365
6651	1	27.6383	26.97231	0.6659903	-0.554937	0.000998787	0.999001	0.00199757	1.998	0.3425096
6652	0	24.47868	23.42493	1.053748	-0.00106237	0.00666945	0.993331	0.0133389	1.98666	0.232419
6653	1	29.06914	28.54792	0.5212265	0.0576688	0.000507518	0.999492	0.00101504	1.99898	0.3958612
6654	0	24.94441	23.33423	1.61018	-0.0723828	0.0060704	0.99393	0.0121408	1.98786	0.1332345
6655	1	28.84669	28.45855	0.3881384	-0.350067	0.000683842	0.999316	0.00136768	1.99863	0.4522123
6656	0	29.34576	28.30087	1.04489	-0.276256	0.00127983	0.99872	0.00255966	1.99744	0.234487
6657	1	28.21274	27.85956	0.3531873	0.269336	0.000989961	0.99901	0.00197992	1.99802	0.4682971
6658	0	27.74983	26.93516	0.8146732	0.205478	0.00241028	0.99759	0.00482057	1.99518	0.2951893
6659	1	28.80876	27.99499	0.8137676	0.00890772	0.0018748	0.998125	0.00374961	1.99625	0.2954568
6660	0	25.99551	25.0607	0.934816	0.533352	0.00235573	0.997644	0.00471147	1.99529	0.2617721
6661	1	27.27814	26.96692	0.3112217	0.414527	0.00118176	0.998818	0.00236353	1.99764	0.4883677
6662	0	28.45152	27.52198	0.9295385	0.349255	0.00154031	0.99846	0.00308063	1.99692	0.2631572
6663	1	28.45998	28.2258	0.2341797	0.0237254	0.000400422	0.9996	0.000800845	1.9992	0.5274798
6664	0	28.4571	27.85825	0.5988462	-0.224417	0.0015738	0.998426	0.00314761	1.99685	0.3662968
6665	1	29.15286	28.78662	0.3662375	-0.1574	0.00060821	0.999392	0.00121642	1.99878	0.4622254
6666	0	26.22527	25.63173	0.5935421	-0.581514	0.00225822	0.997742	0.00451645	1.99548	0.3682449
6667	1	28.67629	28.44384	0.2324496	0.0129449	0.000459498	0.999541	0.000918997	1.99908	0.5283931
6668	0	28.86424	27.55358	1.310658	0.108123	0.00154508	0.998455	0.00309016	1.99691	0.1797618
6669	1	29.26168	28.60425	0.6574362	0.236969	0.000863976	0.999136	0.00172795	1.99827	0.3454521
6670	0	29.62542	28.89037	0.7350555	-0.134779	0.00118512	0.998815	0.00237025	1.99763	0.3196526
6671	1	29.29709	28.66688	0.6302039	0.152399	0.000644613	0.999355	0.00128923	1.99871	0.3549888
6672	0	28.51786	27.49117	1.026695	-0.378314	0.00184152	0.998158	0.00368304	1.99632	0.2387925
6673	1	28.39338	28.20516	0.1882178	-0.312839	0.000522048	0.999478	0.0010441	1.99896	0.5522895
6674	0	26.59691	25.68108	0.9158296	-0.379602	0.00342142	0.996579	0.00684285	1.99316	0.2667897
6675	1	29.07533	28.28471	0.7906223	-0.185753	0.000609859	0.99939	0.00121972	1.99878	0.302375
6676	0	27.68255	27.29621	0.3863428	-0.207979	0.00142778	0.998572	0.00285555	1.99714	0.453025
6677	1	28.7622	28.21013	0.5520698	-0.289465	0.000528844	0.999471	0.00105769	1.99894	0.3838379
6678	0	28.93848	27.58803	1.350453	-0.0801364	0.00157146	0.998429	0.00314292	1.99686	0.1727485
6679	1	28.0543	27.4218	0.6324966	-0.288492	0.00184128	0.998159	0.00368257	1.99632	0.3541759
6680	0	27.33942	26.0778	1.261626	0.071346	0.00371148	0.996289	0.00742295	1.99258	0.1887955
6681	1	26.83591	25.21375	1.622163	0.0459609	0.00312887	0.996871	0.00625774	1.99374	0.1316474
6682	0	27.69063	26.27578	1.414849	0.0439722	0.00317605	0.996824	0.00635211	1.99365	0.1619749
6683	1	29.34014	28.67288	0.6672561	-0.0307142	0.00125841	0.998742	0.00251682	1.99748	0.3420764
6684	0	29.0872	27.95611	1.131091	0.154265	0.00106793	0.998932	0.00213586	1.99786	0.2151206
6685	1	29.56623	28.90241	0.6638171	0.118461	0.000960051	0.99904	0.0019201	1.99808	0.3432548
6686	0	29.75445	28.83441	0.920041	0.0933305	0.00102753	0.998972	0.00205505	1.99794	0.2656685
6687	1	28.40601	27.17719	1.228816	-0.308146	0.00208529	0.997915	0.00417059	1.99583	0.1950925
6688	0	29.48939	28.29566	1.193723	-0.0923483	0.00144694	0.998553	0.00289388	1.99711	0.2020605
6689	1	28.9565	27.97417	0.9823222	0.276398	0.00136668	0.998633	0.00273335	1.99727	0.249627
6690	0	28.49814	27.4153	1.082841	0.0323682	0.00255338	0.997447	0.00510676	1.99489	0.2257547
6691	1	28.76266	27.81806	0.9445951	0.317247	0.00132749	0.998673	0.00265499	1.99735	0.2592246
6692	0	29.76713	29.03069	0.7364362	0.0337957	0.000778238	0.999222	0.00155648	1.99844	0.3192115
6693	1	28.49143	28.24127	0.2501525	-0.295346	0.000478267	0.999522	0.000956534	1.99904	0.5191213
6694	0	28.91123	27.87278	1.038452	0.0801214	0.000761659	0.999238	0.00152332	1.99848	0.2360015
6695	1	29.53595	28.76765	0.7683044	-0.142683	0.000681603	0.999318	0.00136321	1.99864	0.3091992
6696	0	29.87537	28.94053	0.9348467	-0.000498782	0.000997904	0.999002	0.00199581	1.998	0.261764
6697	1	28.11299	27.3444	0.7685938	0.411698	0.000919724	0.99908	0.00183945	1.99816	0.3091097
6698	0	29.54086	28.62946	0.9114041	-0.234918	0.00136421	0.998636	0.00272843	1.99727	0.267973
6699	1	27.56532	26.7743	0.7910178	0.324173	0.00225864	0.997741	0.00451729	1.99548	0.3022554
6700	0	29.56582	28.90329	0.6625259	-0.109237	0.00110061	0.998899	0.00220122	1.9978	0.3436983
6701	1	25.9543	24.82445	1.129853	0.222939	0.00469397	0.995306	0.00938795	1.99061	0.2153871
6702	0	28.58035	27.80295	0.7774038	-0.191254	0.00192442	0.998076	0.00384884	1.99615	0.3063984
6703	1	27.80332	26.78627	1.017051	0.0413338	0.00301768	0.996982	0.00603536	1.99396	0.2411066
6704	0	25.6359	24.73057	0.9053341	-0.456785	0.00397284	0.996027	0.00794568	1.99205	0.2696045
6705	1	26.63598	25.81371	0.8222688	0.462222	0.000737493	0.999263	0.00147499	1.99853	0.2929557
6706	0	27.62991	26.32255	1.307361	0.0655415	0.00339893	0.996601	0.00679786	1.9932	0.1803554
6707	1	29.21248	28.82094	0.3915365	0.0302642	0.00063156	0.999368	0.00126312	1.99874	0.4506782
6708	0	28.35851	27.85307	0.5054482	0.254108	0.00126495	0.998735	0.0025299	1.99747	0.4021568
6709	1	26.41013	26.34864	0.06148365	0.0242955	0.000231117	0.999769	0.000462234	1.99954	0.6269122
6710	0	29.33615	28.32233	1.013817	-0.254512	0.000990177	0.99901	0.00198035	1.99802	0.2418876
6711	1	28.58561	28.12764	0.4579632	-0.0164529	0.000415041	0.999585	0.000830082	1.99917	0.4217138
6712	0	27.128	26.05652	1.071486	-0.351968	0.00326877	0.996731	0.00653754	1.99346	0.2283328
6713	1	29.06207	28.47432	0.587751	0.164023	0.00113851	0.998861	0.00227703	1.99772	0.3703836
6714	0	29.53896	28.37021	1.168754	-0.000203458	0.00126934	0.998731	0.00253868	1.99746	0.2071692
6715	1	28.4522	28.07409	0.3781124	0.259972	0.000928493	0.999072	0.00185699	1.99814	0.456769
6716	0	27.78434	26.8147	0.9696369	-0.369999	0.00253601	0.997464	0.00507203	1.99493	0.2528138
6717	1	28.0219	27.84691	0.1749897	-0.343369	0.000777237	0.999223	0.00155447	1.99845	0.5596438
6718	0	29.52358	28.35939	1.164184	-0.0308812	0.00157587	0.998424	0.00315174	1.99685	0.2081181
6719	1	29.68862	29.00339	0.6852259	-0.0982128	0.000693634	0.999306	0.00138727	1.99861	0.3359842
6720	0	29.6003	28.73168	0.8686198	0.14287	0.00119944	0.998801	0.00239887	1.9976	0.2796868
6721	1	27.44087	27.52951	-0.08864167	-0.280545	0.000405508	0.999594	0.000811016	1.99919	0.7284594
6722	0	29.83215	28.86028	0.9718686	-0.127112	0.00105221	0.998948	0.00210441	1.9979	0.2522502
6723	1	26.83062	26.58711	0.2435103	0.209135	0.00029447	0.999706	0.00058894	1.99941	0.5225809
6724	0	28.42453	27.51436	0.9101701	-0.228412	0.00226576	0.997734	0.00453152	1.99547	0.2683038
6725	1	23.94728	24.23061	-0.2833289	-0.261351	0.00103569	0.998964	0.00207138	1.99793	0.8850278
6726	0	28.59145	28.3854	0.2060453	0.0755057	0.000572094	0.999428	0.00114419	1.99886	0.5425308
6727	1	27.8417	27.85133	-0.009623394	0.029402	0.000441494	0.999559	0.000882988	1.99912	0.6731132
6728	0	29.15709	28.3701	0.7869869	-0.18437	0.00157877	0.998421	0.00315754	1.99684	0.3034762
6729	1	27.42253	27.53964	-0.1171065	-0.110913	0.000363782	0.999636	0.000727564	1.99927	0.7494928
6730	0	28.28987	27.41877	0.871098	0.392607	0.00131513	0.998685	0.00263026	1.99737	0.2789945
6731	1	24.7173	24.99452	-0.2772143	-0.650195	0.000912766	0.999087	0.00182553	1.99817	0.8796327
6732	0	24.81554	23.74146	1.07408	-0.311413	0.0059048	0.994095	0.0118096	1.98819	0.2277413
6733	1	28.00966	27.81142	0.1982416	-0.381435	0.000808498	0.999192	0.001617	1.99838	0.5467811
6734	0	28.20072	27.34476	0.8559659	-0.395903	0.0019894	0.998011	0.00397879	1.99602	0.2832484
6735	1	28.87717	28.28468	0.5924905	0.0911285	0.000499935	0.9995	0.000999869	1.999	0.3686323
6736	0	28.47978	28.23549	0.2442949	0.197044	0.000655524	0.999344	0.00131105	1.99869	0.5221711
6737	1	29.23173	28.11201	1.119719	0.164182	0.00152193	0.998478	0.00304385	1.99696	0.217581
6738	0	28.59823	27.85386	0.7443699	-0.44876	0.00127001	0.99873	0.00254002	1.99746	0.316689
6739	1	29.08268	27.96296	1.119719	-0.292467	0.00147295	0.998527	0.0029459	1.99705	0.217581
6740	0	29.66438	28.69987	0.9645098	-0.0994637	0.0014825	0.998518	0.00296499	1.99704	0.2541133
6741	1	29.11471	28.06839	1.046315	-0.296542	0.00161173	0.998388	0.00322347	1.99678	0.234153
6742	0	27.78152	26.30497	1.476551	-0.0754944	0.00289224	0.997108	0.00578448	1.99422	0.1522828
6743	1	29.70291	28.6148	1.088103	-0.0323214	0.00112259	0.998877	0.00224518	1.99775	0.2245699
6744	0	29.23985	28.05706	1.182794	0.0397973	0.00186134	0.998139	0.00372269	1.99628	0.204281
6745	1	29.67872	28.9985	0.6802218	0.0285414	0.00101176	0.998988	0.00202353	1.99798	0.3376698
6746	0	29.72317	28.70065	1.022521	0.0537946	0.00131767	0.998682	0.00263534	1.99736	0.2397913
6747	1	28.59823	28.38252	0.2157077	-0.19115	0.000640704	0.999359	0.00128141	1.99872	0.5373139
6748	0	28.64562	28.3888	0.2568182	-0.180652	0.000722633	0.999277	0.00144527	1.99855	0.5156725
6749	1	27.93265	27.86763	0.06501095	0.067902	0.000361692	0.999638	0.000723384	1.99928	0.6247048
6750	0	29.56866	28.79891	0.7697546	0.0924735	0.00121141	0.998789	0.00242282	1.99758	0.3087512
6751	1	28.68295	28.47259	0.2103609	-0.15416	0.000516022	0.999484	0.00103204	1.99897	0.5401945
6752	0	27.62573	26.49236	1.133368	0.183274	0.00311918	0.996881	0.00623836	1.99376	0.2146315
6753	1	29.25992	28.40148	0.8584409	-0.321104	0.00090553	0.999094	0.00181106	1.99819	0.2825482
6754	0	29.47197	28.87316	0.5988072	-0.126012	0.00103037	0.99897	0.00206073	1.99794	0.3663111
6755	1	26.08705	25.62693	0.4601161	-0.0023356	0.00240919	0.997591	0.00481839	1.99518	0.4208069
6756	0	29.04392	28.66361	0.3803129	0.131969	0.000614468	0.999386	0.00122894	1.99877	0.455765
6757	1	27.83958	26.98561	0.853967	-0.425005	0.0021592	0.997841	0.0043184	1.99568	0.2838151
6758	0	29.0376	28.52809	0.5095109	0.0725107	0.000505267	0.999495	0.00101053	1.99899	0.4005262
6759	1	28.65245	27.6673	0.9851489	0.276661	0.00177818	0.998222	0.00355637	1.99644	0.2489224
6760	0	29.26446	28.76602	0.4984377	0.0829945	0.000886948	0.999113	0.0017739	1.99823	0.404986
6761	1	29.06837	28.21264	0.8557239	-0.0392291	0.00180109	0.998199	0.00360218	1.9964	0.283317
6762	0	29.03603	28.48081	0.5552252	-0.202493	0.000524088	0.999476	0.00104818	1.99895	0.3826287
6763	1	27.98183	27.03094	0.9508966	-0.462942	0.00102877	0.998971	0.00205753	1.99794	0.2575963
6764	0	27.61377	27.62811	-0.01434314	0.120182	0.000530339	0.99947	0.00106068	1.99894	0.6762977
6765	1	29.72664	28.73583	0.9908126	-0.0977167	0.00142861	0.998571	0.00285723	1.99714	0.2475166
6766	0	28.94693	28.06645	0.8804728	0.280062	0.000923763	0.999076	0.00184753	1.99815	0.2763912
6767	1	29.35647	28.78517	0.5713065	-0.165014	0.00103531	0.998965	0.00207063	1.99793	0.3765247
6768	0	26.36026	25.24857	1.111687	-0.474161	0.00321982	0.99678	0.00643964	1.99356	0.2193356
6769	1	25.43386	25.45034	-0.01647353	-0.387045	0.00127409	0.998726	0.00254818	1.99745	0.67774
6770	0	28.17449	26.70695	1.467542	0.0597541	0.00161613	0.998384	0.00323226	1.99677	0.1536609
6771	1	27.47771	27.15266	0.3250522	0.371369	0.00117402	0.998826	0.00234804	1.99765	0.4816598
6772	0	29.10742	28.4682	0.6392207	0.0759861	0.00129376	0.998706	0.00258752	1.99741	0.3518023
6773	1	28.50236	27.89297	0.6093916	-0.0180591	0.00158956	0.99841	0.00317911	1.99682	0.3624544
6774	0	28.73188	28.47555	0.2563355	-0.137922	0.00068004	0.99932	0.00136008	1.99864	0.5159215
6775	1	29.26978	28.60586	0.6639185	-0.00646015	0.00128789	0.998712	0.00257579	1.99742	0.34322
6776	0	28.45259	27.41509	1.037495	-0.351881	0.000914067	0.999086	0.00182813	1.99817	0.2362275
6777	1	28.09378	27.35512	0.7386607	-0.124775	0.00215393	0.997846	0.00430785	1.99569	0.3185022
6778	0	28.47595	27.29468	1.181273	0.239026	0.00113811	0.998862	0.00227622	1.99772	0.204592
6779	1	28.31188	26.85102	1.46086	-0.0745197	0.00156357	0.998436	0.00312715	1.99687	0.1546911
6780	0	26.64451	25.16963	1.474886	-0.342274	0.00288028	0.99712	0.00576057	1.99424	0.1525365
6781	1	27.76429	27.67298	0.09130938	-0.423415	0.000625766	0.999374	0.00125153	1.99875	0.6084902
6782	0	29.76366	28.74787	1.015791	-0.0386319	0.00139619	0.998604	0.00279238	1.99721	0.2414107
6783	1	29.73898	28.86412	0.8748637	-0.0438757	0.00132875	0.998671	0.0026575	1.99734	0.2779459
6784	0	28.32834	26.99094	1.337402	0.0256123	0.00266667	0.997333	0.00533335	1.99467	0.1750178
6785	1	28.16422	27.58812	0.5760939	-0.488811	0.00127158	0.998728	0.00254316	1.99746	0.3747265
6786	0	26.42835	24.8024	1.625947	0.172786	0.00179791	0.998202	0.00359581	1.9964	0.1311502
6787	1	27.95101	27.46477	0.4862363	0.0137343	0.00154574	0.998454	0.00309148	1.99691	0.4099577
6788	0	29.04332	27.97837	1.064946	-0.0507071	0.00211703	0.997883	0.00423406	1.99577	0.229831
6789	1	29.31359	28.38289	0.9307002	-0.0415725	0.0017493	0.998251	0.00349859	1.9965	0.2628517
6790	0	29.6617	28.89221	0.7694887	0.133499	0.000905105	0.999095	0.00181021	1.99819	0.3088333
6791	1	26.24447	25.45753	0.786939	0.0277083	0.00358665	0.996413	0.00717329	1.99283	0.3034908
6792	0	26.84119	26.83256	0.008631464	-0.13691	0.000250416	0.99975	0.000500832	1.9995	0.6609371
6793	1	29.60996	28.65213	0.9578374	0.138057	0.00121057	0.998789	0.00242115	1.99758	0.2558146
6794	0	28.25844	28.13374	0.1247001	-0.184116	0.000410758	0.999589	0.000821515	1.99918	0.5885078
6795	1	28.30384	28.01414	0.2896959	0.148386	0.000892673	0.999107	0.00178535	1.99821	0.4989941
6796	0	29.36085	28.18576	1.175085	0.0956983	0.00145388	0.998546	0.00290777	1.99709	0.2058618
6797	1	26.20921	25.59881	0.6103949	0.0177493	0.00290823	0.997092	0.00581647	1.99418	0.3620909
6798	0	29.07806	27.96443	1.113633	-0.00847257	0.000851616	0.999148	0.00170323	1.9983	0.2189093
6799	1	29.01035	28.15546	0.8548888	-0.288809	0.00165816	0.998342	0.00331632	1.99668	0.2835537
6800	0	28.33297	27.09056	1.242409	-0.329612	0.00193186	0.998068	0.00386373	1.99614	0.1924586
6801	1	26.91345	26.19947	0.7139751	-0.315417	0.0027553	0.997245	0.0055106	1.99449	0.3264625
6802	0	25.06956	24.67323	0.3963328	0.566068	0.00229337	0.997707	0.00458674	1.99541	0.4485218
6803	1	28.37054	27.78826	0.5822778	0.276564	0.00139431	0.998606	0.00278862	1.99721	0.3724163
6804	0	27.67824	26.75792	0.9203191	-0.325816	0.0026822	0.997318	0.00536439	1.99464	0.2655946
6805	1	27.48424	26.68603	0.7982133	-0.00501119	0.00271036	0.99729	0.00542073	1.99458	0.3000883
6806	0	25.87582	24.39122	1.484593	0.34911	0.00282445	0.997176	0.0056489	1.99435	0.1510631
6807	1	28.16143	27.35762	0.8038097	-0.0914936	0.00228256	0.997717	0.00456512	1.99543	0.2984136
6808	0	27.61909	26.21408	1.40501	-0.0563441	0.00100234	0.998998	0.00200469	1.998	0.1635765
6809	1	28.22845	27.28888	0.9395696	0.062707	0.00250848	0.997492	0.00501695	1.99498	0.2605307
6810	0	28.93003	28.28685	0.6431786	-0.0417259	0.00144441	0.998556	0.00288882	1.99711	0.3504127
6811	1	28.83403	28.03013	0.803895	0.311558	0.00131467	0.998685	0.00262934	1.99737	0.2983882
6812	0	28.63256	27.45313	1.179437	-0.33358	0.00140185	0.998598	0.0028037	1.9972	0.2049679
6813	1	24.29836	24.30579	-0.007429479	-0.338723	0.00169471	0.998305	0.00338942	1.99661	0.6716381
6814	0	28.94918	27.73337	1.215808	-0.0862312	0.00220445	0.997796	0.00440889	1.99559	0.1976469
6815	1	28.74777	28.26738	0.4803845	-0.159986	0.00117404	0.998826	0.00234807	1.99765	0.4123637
6816	0	24.02286	22.54996	1.472905	-0.234224	0.0075288	0.992471	0.0150576	1.98494	0.152839
6817	1	29.34322	28.42329	0.9199302	-0.310709	0.00127982	0.99872	0.00255964	1.99744	0.2656979
6818	0	29.20076	28.02216	1.178599	-0.00910816	0.00196871	0.998031	0.00393742	1.99606	0.2051398
6819	1	28.30735	27.54128	0.7660711	-0.247618	0.00203321	0.997967	0.00406642	1.99593	0.3098905
6820	0	29.20068	28.02208	1.178599	0.134736	0.00157528	0.998425	0.00315056	1.99685	0.2051398
6821	1	27.82401	26.64542	1.178588	-0.0593708	0.00328061	0.996719	0.00656122	1.99344	0.2051419
6822	0	29.38977	28.79217	0.5976019	-0.277085	0.000733798	0.999266	0.0014676	1.99853	0.3667529
6823	1	29.88182	29.02011	0.861712	0.0171917	0.000939141	0.999061	0.00187828	1.99812	0.2816255
6824	0	28.90693	28.5906	0.3163268	0.00409114	0.000714501	0.999285	0.001429	1.99857	0.4858808
6825	1	29.49966	28.49387	1.005786	0.0758892	0.00157319	0.998427	0.00314638	1.99685	0.243838
6826	0	29.37968	28.51075	0.8689336	-0.269054	0.00140659	0.998593	0.00281317	1.99719	0.279599
6827	1	28.41251	27.61909	0.7934185	-0.300574	0.00196176	0.998038	0.00392351	1.99608	0.3015307
6828	0	28.06527	26.81729	1.24798	0.0611068	0.000848083	0.999152	0.00169617	1.9983	0.1913894
6829	1	29.62285	28.99227	0.6305774	-0.0145695	0.000981176	0.999019	0.00196235	1.99804	0.3548562
6830	0	29.44908	28.75139	0.6976888	-0.028064	0.0012496	0.99875	0.0024992	1.9975	0.3318229
6831	1	29.19049	28.669	0.5214938	0.147321	0.000597782	0.999402	0.00119556	1.9988	0.3957554
6832	0	28.71429	28.35075	0.3635387	-0.0113984	0.000925965	0.999074	0.00185193	1.99815	0.4634746
6833	1	27.09081	26.86236	0.2284499	-0.434909	0.00124566	0.998754	0.00249132	1.99751	0.5305108
6834	0	29.75986	28.85736	0.9025014	0.094593	0.00101212	0.998988	0.00202424	1.99798	0.2703693
6835	1	29.04467	28.19891	0.8457639	0.240701	0.00145378	0.998546	0.00290756	1.99709	0.2861529
6836	0	27.4469	27.40068	0.04622258	-0.156883	0.000749532	0.99925	0.00149906	1.9985	0.6365529
6837	1	29.17571	28.36146	0.8142532	0.178678	0.000718636	0.999281	0.00143727	1.99856	0.2953133
6838	0	28.69515	27.78307	0.9120801	0.148205	0.00201958	0.99798	0.00403916	1.99596	0.2677919
6839	1	29.4903	28.63935	0.8509561	0.0394462	0.00146067	0.998539	0.00292134	1.99708	0.284671
6840	0	26.91099	26.11639	0.7946041	-0.454141	0.00267581	0.997324	0.00535162	1.99465	0.3011734
6841	1	29.44958	28.84233	0.6072482	-0.262628	0.000745435	0.999255	0.00149087	1.99851	0.3632321
6842	0	27.78773	26.77425	1.013476	-0.433464	0.00222206	0.997778	0.00444412	1.99556	0.24197
6843	1	26.85725	26.50941	0.3478365	0.543188	0.000719935	0.99928	0.00143987	1.99856	0.4708095
6844	0	26.91482	26.15833	0.7564873	0.137901	0.00290206	0.997098	0.00580413	1.9942	0.3128747
6845	1	28.39534	28.05092	0.3444244	0.30124	0.000557495	0.999443	0.00111499	1.99889	0.4724187
6846	0	26.60628	25.74144	0.8648345	-0.398378	0.00324608	0.996754	0.00649216	1.99351	0.2807475
6847	1	26.55897	26.10003	0.4589447	-0.645751	0.000972053	0.999028	0.00194411	1.99806	0.4213001
6848	0	29.34667	28.42696	0.9197108	-0.00407483	0.00169767	0.998302	0.00339534	1.9966	0.2657562
6849	1	28.82402	27.66294	1.16108	0.115439	0.00217111	0.997829	0.00434222	1.99566	0.2087651
6850	0	25.40356	25.47459	-0.07103402	-0.319488	0.00113376	0.998866	0.00226752	1.99773	0.7157452
6851	1	29.00636	27.8424	1.163954	-0.0815078	0.00217833	0.997822	0.00435667	1.99564	0.2081661
6852	0	29.15941	28.51072	0.64869	0.25853	0.000941337	0.999059	0.00188267	1.99812	0.3484868
6853	1	28.56682	27.40234	1.164473	-0.0901514	0.00258186	0.997418	0.00516371	1.99484	0.2080581
6854	0	28.91564	28.24988	0.6657624	-0.365086	0.000706043	0.999294	0.00141209	1.99859	0.3425877
6855	1	28.39296	27.22849	1.164473	-0.339547	0.00204822	0.997952	0.00409643	1.9959	0.2080581
6856	0	25.04144	25.02208	0.0193608	-0.23486	0.00146278	0.998537	0.00292555	1.99707	0.6538836
6857	1	28.21191	27.90439	0.3075229	0.123373	0.000980475	0.99902	0.00196095	1.99804	0.4901774
6858	0	28.59262	28.02878	0.563841	-0.384796	0.00126835	0.998732	0.0025367	1.99746	0.3793462
6859	1	25.03085	24.69785	0.3329992	-0.0324183	0.00250137	0.997499	0.00500273	1.995	0.4778472
6860	0	26.7982	26.25681	0.5413906	-0.620249	0.00142435	0.998576	0.00284869	1.99715	0.387959
6861	1	29.39068	28.83933	0.5513443	0.0018401	0.000972196	0.999028	0.00194439	1.99806	0.3841165
6862	0	27.94549	26.95995	0.9855469	0.398172	0.00163985	0.99836	0.0032797	1.99672	0.2488234
6863	1	29.68948	29.05952	0.6299582	-0.101249	0.000702787	0.999297	0.00140557	1.99859	0.355076
6864	0	27.98478	27.14018	0.8445998	-0.367843	0.00222114	0.997779	0.00444227	1.99556	0.2864862
6865	1	29.13402	27.99503	1.13899	-0.254778	0.00165829	0.998342	0.00331658	1.99668	0.2134282
6866	0	29.19775	28.14924	1.048506	-0.207854	0.000889495	0.999111	0.00177899	1.99822	0.2336407
6867	1	29.34735	28.22611	1.12124	0.124836	0.00116121	0.998839	0.00232242	1.99768	0.2172503
6868	0	29.59568	28.99029	0.6053874	-0.0127357	0.0006491	0.999351	0.0012982	1.9987	0.3639086
6869	1	28.69715	28.07189	0.6252668	-0.310126	0.00143663	0.998563	0.00287326	1.99713	0.3567458
6870	0	28.80623	27.93802	0.8682155	0.32698	0.0011642	0.998836	0.00232839	1.99767	0.2797999
6871	1	28.54792	28.17816	0.3697542	0.0698466	0.000991984	0.999008	0.00198397	1.99802	0.4606028
6872	0	28.48982	27.6216	0.8682155	-0.433322	0.000959941	0.99904	0.00191988	1.99808	0.2797999
6873	1	25.46942	25.79244	-0.3230291	0.300088	0.000565573	0.999434	0.00113115	1.99887	0.9208704
6874	0	28.82204	28.46774	0.3543033	-0.147055	0.000862386	0.999138	0.00172477	1.99828	0.4677747
6875	1	26.29076	26.56163	-0.270872	-0.393437	0.000491841	0.999508	0.000983683	1.99902	0.8740715
6876	0	28.90402	28.62695	0.2770685	-0.0287698	0.000524733	0.999475	0.00104947	1.99895	0.5053351
6877	1	25.68105	25.79544	-0.1143836	0.48861	0.000329664	0.99967	0.000659329	1.99934	0.7474548
6878	0	28.81973	28.29599	0.5237343	-0.38013	0.000660141	0.99934	0.00132028	1.99868	0.3948697
6879	1	26.52316	26.63355	-0.1103909	-0.422217	0.000304128	0.999696	0.000608257	1.99939	0.7444763
6880	0	28.97258	28.32965	0.6429334	0.0157279	0.00140648	0.998594	0.00281295	1.99719	0.3504986
6881	1	28.5132	28.19527	0.3179374	-0.267316	0.000899884	0.9991	0.00179977	1.9982	0.4850989
6882	0	29.79328	29.04352	0.7497613	-0.109128	0.00106895	0.998931	0.00213791	1.99786	0.3149862
6883	1	28.785	28.31354	0.4714582	0.151603	0.00105942	0.998941	0.00211884	1.99788	0.416061
6884	0	29.32857	28.67792	0.6506465	-0.300613	0.00105313	0.998947	0.00210627	1.99789	0.3478056
6885	1	29.28685	28.3232	0.9636509	0.221696	0.00112977	0.99887	0.00225954	1.99774	0.2543317
6886	0	29.35841	28.7017	0.6567095	0.000940166	0.00121666	0.998783	0.00243332	1.99757	0.3457032
6887	1	28.32929	28.09394	0.2353555	0.138774	0.000411002	0.999589	0.000822004	1.99918	0.5268599
6888	0	28.22997	27.30182	0.9281477	0.249121	0.00219245	0.997808	0.0043849	1.99562	0.2635235
6889	1	26.05032	26.11697	-0.06664927	-0.627891	0.000503566	0.999496	0.00100713	1.99899	0.7126137
6890	0	29.12138	27.91859	1.202792	-0.0460163	0.00204584	0.997954	0.00409168	1.99591	0.2002362
6891	1	27.72246	27.53799	0.1844693	0.270416	0.000389054	0.999611	0.000778108	1.99922	0.5543636
6892	0	28.87572	27.67293	1.202792	0.000268226	0.00228274	0.997717	0.00456547	1.99543	0.2002362
6893	1	27.09609	26.93729	0.1587997	-0.0303427	0.00108608	0.998914	0.00217216	1.99783	0.5687782
6894	0	27.99362	26.75285	1.240769	0.174242	0.00093495	0.999065	0.0018699	1.99813	0.1927744
6895	1	27.56335	26.52103	1.042313	0.42316	0.0016473	0.998353	0.00329461	1.99671	0.235092
6896	0	28.56916	27.9306	0.6385605	-0.0143545	0.00162352	0.998376	0.00324704	1.99675	0.3520347
6897	1	29.43194	28.83578	0.5961618	0.0593276	0.00100984	0.99899	0.00201969	1.99798	0.3672814
6898	0	29.1476	28.22546	0.9221333	-0.015472	0.00185343	0.998147	0.00370685	1.99629	0.2651132
6899	1	29.02357	28.66412	0.359449	-0.0480115	0.000764509	0.999235	0.00152902	1.99847	0.4653739
6900	0	28.49271	28.31981	0.172894	-0.115384	0.000604751	0.999395	0.0012095	1.99879	0.5608178
6901	1	26.20368	25.92215	0.2815368	-0.671768	0.00109857	0.998901	0.00219715	1.9978	0.5030821
6902	0	28.66168	28.22653	0.4351514	-0.396307	0.000635175	0.999365	0.00127035	1.99873	0.4314445
6903	1	28.17692	27.2455	0.9314251	-0.371143	0.00217407	0.997826	0.00434814	1.99565	0.2626612
6904	0	29.72461	29.07799	0.6466249	0.0219179	0.00076195	0.999238	0.0015239	1.99848	0.3492071
6905	1	26.68331	25.98354	0.6997672	-0.097481	0.00294752	0.997052	0.00589503	1.9941	0.3311339
6906	0	29.58884	28.91681	0.6720314	-0.0536377	0.00110648	0.998894	0.00221297	1.99779	0.3404468
6907	1	28.55068	28.03594	0.5147389	-0.293179	0.00129904	0.998701	0.00259809	1.9974	0.3984378
6908	0	28.84422	28.15596	0.6882672	-0.399452	0.000786127	0.999214	0.00157225	1.99843	0.334964
6909	1	28.01542	27.81668	0.1987426	0.310392	0.000682678	0.999317	0.00136536	1.99863	0.5465072
6910	0	28.67624	28.13409	0.5421522	-0.328234	0.000636506	0.999363	0.00127301	1.99873	0.3876636
6911	1	29.25994	28.85129	0.4086575	-0.0679024	0.000722097	0.999278	0.00144419	1.99856	0.4430279
6912	0	28.85667	28.3991	0.4575706	-0.0993425	0.000451595	0.999548	0.00090319	1.9991	0.4218794
6913	1	28.94568	28.58557	0.3601051	-0.119805	0.000813651	0.999186	0.0016273	1.99837	0.4650687
6914	0	29.11423	27.86637	1.247855	-0.0460163	0.00113083	0.998869	0.00226165	1.99774	0.1914133
6915	1	27.94299	27.91774	0.02525403	-0.0394156	0.000514828	0.999485	0.00102966	1.99897	0.6500415
6916	0	29.74877	28.8295	0.9192617	-0.180411	0.000958295	0.999042	0.00191659	1.99808	0.2658756
6917	1	28.8016	28.22899	0.5726091	0.303576	0.000710616	0.999289	0.00142123	1.99858	0.3760346
6918	0	23.71524	23.14221	0.5730263	-0.239652	0.00473097	0.995269	0.00946195	1.99054	0.3758777
6919	1	28.4288	27.90654	0.5222664	0.232278	0.00128775	0.998712	0.0025755	1.99742	0.3954498
6920	0	28.0776	27.38999	0.6876145	-0.320721	0.00192807	0.998072	0.00385615	1.99614	0.3351827
6921	1	29.2366	28.79971	0.4368874	-0.109521	0.000820144	0.99918	0.00164029	1.99836	0.4306961
6922	0	29.16139	28.01683	1.144558	0.174548	0.00144684	0.998553	0.00289368	1.99711	0.212243
6923	1	29.01472	28.63296	0.3817616	0.095295	0.0007606	0.999239	0.0015212	1.99848	0.4551052
6924	0	25.54466	24.91966	0.6249998	-0.614996	0.00259566	0.997404	0.00519131	1.99481	0.356841
6925	1	29.18387	28.79334	0.3905307	-0.030175	0.000728745	0.999271	0.00145749	1.99854	0.4511318
6926	0	24.83878	24.33342	0.5053561	-0.357055	0.00342199	0.996578	0.00684397	1.99316	0.4021938
6927	1	28.95299	28.39332	0.5596762	0.108143	0.000511556	0.999488	0.00102311	1.99898	0.3809294
6928	0	25.95711	24.89967	1.057438	0.346041	0.00404831	0.995952	0.00809662	1.9919	0.2315631
6929	1	29.57735	28.82176	0.7555923	0.154401	0.000852826	0.999147	0.00170565	1.99829	0.3131549
6930	0	27.97823	26.65251	1.325718	0.131753	0.00103925	0.998961	0.0020785	1.99792	0.1770748
6931	1	29.42614	28.65229	0.7738453	0.207223	0.00104972	0.99895	0.00209945	1.9979	0.3074907
6932	0	28.28069	27.52582	0.7548731	0.385923	0.00142032	0.99858	0.00284065	1.99716	0.3133802
6933	1	29.57972	28.95471	0.6250021	0.0444261	0.000666689	0.999333	0.00133338	1.99867	0.3568402
6934	0	29.37561	28.66545	0.7101569	-0.320595	0.00101097	0.998989	0.00202194	1.99798	0.3277114
6935	1	28.707	28.16567	0.5413242	-0.35791	0.000586872	0.999413	0.00117374	1.99883	0.3879847
6936	0	29.79947	29.04043	0.7590461	0.0647522	0.000928058	0.999072	0.00185612	1.99814	0.3120752
6937	1	27.40053	26.30795	1.092578	0.422897	0.00154812	0.998452	0.00309624	1.9969	0.2235671
6938	0	27.1678	27.25066	-0.08286275	-0.151173	0.000587445	0.999413	0.00117489	1.99883	0.7242618
6939	1	26.85229	26.46999	0.3822948	-0.562476	0.000553192	0.999447	0.00110638	1.99889	0.4548626
6940	0	28.16572	27.48128	0.6844345	0.303548	0.00168354	0.998316	0.00336709	1.99663	0.3362503
6941	1	29.53317	28.51808	1.015094	-0.142442	0.000901302	0.999099	0.0018026	1.9982	0.2415788
6942	0	28.74741	27.47222	1.275187	-0.256256	0.00158524	0.998415	0.00317048	1.99683	0.1862525
6943	1	24.93319	24.44809	0.4850946	0.452786	0.00296459	0.997035	0.00592918	1.99407	0.410426
6944	0	28.06046	27.80304	0.2574176	-0.259361	0.000967922	0.999032	0.00193584	1.99806	0.5153636
6945	1	27.59771	27.00318	0.5945302	0.00334696	0.00202444	0.997976	0.00404888	1.99595	0.3678812
6946	0	27.86223	26.77185	1.09038	-0.216981	0.000680617	0.999319	0.00136123	1.99864	0.2240592
6947	1	27.7126	26.43	1.282603	-0.333487	0.00259336	0.997407	0.00518672	1.99481	0.1848764
6948	0	29.64529	28.82286	0.8224332	-0.185752	0.00126344	0.998737	0.00252688	1.99747	0.2929075
6949	1	27.33324	26.04319	1.290049	0.339823	0.00218356	0.997816	0.00436711	1.99563	0.1835048
6950	0	29.2758	28.50677	0.7690331	-0.264531	0.000709605	0.99929	0.00141921	1.99858	0.308974
6951	1	24.02277	23.15749	0.8652842	-0.202551	0.00619656	0.993803	0.0123931	1.98761	0.2806213
6952	0	26.64669	26.69647	-0.04978459	0.469398	0.000545402	0.999455	0.0010908	1.99891	0.7006964
6953	1	27.11089	25.87341	1.237484	0.0614106	0.00395897	0.996041	0.00791795	1.99208	0.1934087
6954	0	28.9251	28.17241	0.7526937	-0.256245	0.000609258	0.999391	0.00121852	1.99878	0.3140639
6955	1	24.21673	23.22869	0.9880427	0.0901565	0.00661805	0.993382	0.0132361	1.98676	0.2482031
6956	0	27.52515	27.32315	0.2020022	0.419272	0.000788636	0.999211	0.00157727	1.99842	0.5447287
6957	1	25.16373	23.75054	1.413192	-0.37397	0.00487064	0.995129	0.00974129	1.99026	0.1622436
6958	0	27.51404	26.42895	1.085085	-0.477016	0.00129155	0.998708	0.0025831	1.99742	0.2252487
6959	1	28.71115	27.44291	1.268233	-0.0950169	0.00238881	0.997611	0.00477763	1.99522	0.1875522
6960	0	27.63117	27.27743	0.3537396	-0.157692	0.00136757	0.998632	0.00273513	1.99726	0.4680385
6961	1	28.96554	28.58795	0.3775916	-0.201262	0.000823194	0.999177	0.00164639	1.99835	0.4570069
6962	0	29.42811	28.72132	0.7067884	-0.288056	0.00108692	0.998913	0.00217383	1.99783	0.3288171
6963	1	28.79605	28.24905	0.5469978	-0.325037	0.000567662	0.999432	0.00113532	1.99886	0.3857897
6964	0	28.28354	27.00713	1.276412	-0.266112	0.00236621	0.997634	0.00473242	1.99527	0.1860244
6965	1	29.41741	28.83094	0.5864702	0.0548391	0.00100245	0.998998	0.00200491	1.998	0.3708583
6966	0	29.67892	28.57236	1.106568	-8.25439e-05	0.0013755	0.998625	0.00275099	1.99725	0.2204613
6967	1	28.21486	27.09936	1.115502	0.153184	0.00264444	0.997356	0.00528888	1.99471	0.2185004
6968	0	26.44641	25.74927	0.6971398	0.143488	0.000786259	0.999214	0.00157252	1.99843	0.3320051
6969	1	27.49198	26.61899	0.8729886	-0.46982	0.00224194	0.997758	0.00448388	1.99552	0.2784676
6970	0	27.82894	27.2043	0.6246321	0.464826	0.00114085	0.998859	0.00228171	1.99772	0.3569723
6971	1	28.80617	27.72793	1.078246	-0.345812	0.00163157	0.998368	0.00326315	1.99674	0.2267945
6972	0	28.90281	28.23739	0.6654205	0.277178	0.00119544	0.998805	0.00239088	1.99761	0.3427049
6973	1	24.16029	22.45124	1.709049	-0.226594	0.00575009	0.99425	0.0115002	1.9885	0.1206919
6974	0	27.27637	26.81752	0.458845	-0.292706	0.00179813	0.998202	0.00359626	1.9964	0.4213421
6975	1	29.04335	28.0327	1.010654	-0.0499729	0.00206241	0.997938	0.00412482	1.99588	0.242654
6976	0	27.61586	26.68114	0.934714	-0.275923	0.00285645	0.997144	0.00571291	1.99429	0.2617988
6977	1	29.60725	28.9025	0.7047489	0.124088	0.000789743	0.99921	0.00157949	1.99842	0.3294885
6978	0	28.9462	27.63299	1.313211	0.0640728	0.00179282	0.998207	0.00358564	1.99641	0.1793035
6979	1	27.18082	26.25076	0.9300625	-0.097932	0.000475635	0.999524	0.00095127	1.99905	0.2630194
6980	0	26.3256	25.72941	0.5961861	0.165126	0.00272191	0.997278	0.00544381	1.99456	0.3672725
6981	1	29.38815	28.22971	1.158445	0.0850573	0.00121201	0.998788	0.00242402	1.99758	0.2093161
6982	0	29.79263	28.96716	0.8254655	0.0488005	0.00113043	0.99887	0.00226085	1.99774	0.2920207
6983	1	28.83964	27.98312	0.8565164	-0.133008	0.00194619	0.998054	0.00389238	1.99611	0.2830925
6984	0	29.37365	28.9065	0.4671506	0.0541136	0.000672942	0.999327	0.00134588	1.99865	0.4178571
6985	1	29.65411	28.98394	0.6701735	0.0514447	0.000712405	0.999288	0.00142481	1.99858	0.3410799
6986	0	28.68702	28.42656	0.2604643	0.0682102	0.000462812	0.999537	0.000925625	1.99907	0.5137958
6987	1	29.01953	28.28812	0.7314095	-0.397092	0.00104848	0.998952	0.00209696	1.9979	0.3208202
6988	0	28.70495	27.9296	0.775344	-0.148023	0.00186096	0.998139	0.00372192	1.99628	0.3070302
6989	1	25.15685	24.51802	0.638834	0.0900199	0.00377984	0.99622	0.00755969	1.99244	0.3519384
6990	0	26.09048	25.72189	0.3685881	0.555115	0.00161733	0.998383	0.00323466	1.99677	0.4611402
6991	1	24.63137	23.96444	0.6669325	0.509589	0.00362589	0.996374	0.00725178	1.99275	0.3421871
6992	0	28.78955	27.76478	1.024765	0.0364724	0.00070422	0.999296	0.00140844	1.99859	0.2392539
6993	1	29.38918	28.72549	0.6636939	-0.00687834	0.000586816	0.999413	0.00117363	1.99883	0.3432971
6994	0	27.13802	26.72595	0.4120713	-0.224044	0.00174135	0.998259	0.0034827	1.99652	0.4415181
6995	1	28.70167	27.65812	1.043557	-0.336533	0.000971715	0.999028	0.00194343	1.99806	0.2347999
6996	0	25.77716	25.379	0.3981539	0.513892	0.00201282	0.997987	0.00402565	1.99597	0.4477058
6997	1	29.86387	28.92737	0.9365048	-0.0187175	0.000963512	0.999036	0.00192702	1.99807	0.2613304
6998	0	27.01782	26.73457	0.2832498	-0.0452239	0.00142174	0.998578	0.00284348	1.99716	0.5022211
6999	1	28.56917	28.0184	0.5507635	-0.195229	0.00141382	0.998586	0.00282764	1.99717	0.3843397
7000	0	26.83702	25.38693	1.450091	-0.362109	0.00166928	0.998331	0.00333856	1.99666	0.1563659
7001	1	26.98055	26.21565	0.7648933	-0.225647	0.0029347	0.997065	0.0058694	1.99413	0.3102557
7002	0	27.55938	26.61141	0.9479716	0.369463	0.00231118	0.997689	0.00462236	1.99538	0.2583509
7003	1	28.75188	28.47449	0.2773927	0.0185857	0.000704288	0.999296	0.00140858	1.99859	0.5051713
7004	0	27.51337	27.05067	0.4626931	-0.142222	0.0017065	0.998293	0.003413	1.99659	0.4197239
7005	1	28.72762	28.31781	0.4098096	0.276665	0.000663216	0.999337	0.00132643	1.99867	0.4425177
7006	0	29.92564	29.06869	0.8569493	-0.022822	0.0010166	0.998983	0.00203319	1.99797	0.28297
7007	1	29.48216	28.94558	0.5365804	-0.17714	0.000841265	0.999159	0.00168253	1.99832	0.3898296
7008	0	27.40398	27.04778	0.356198	0.183828	0.00140674	0.998593	0.00281348	1.99719	0.4668893
7009	1	27.15294	26.85709	0.2958526	-0.601256	0.000813854	0.999186	0.00162771	1.99837	0.4959314
7010	0	25.01977	24.87962	0.14015	0.349304	0.00177881	0.998221	0.00355762	1.99644	0.5794852
7011	1	27.73952	26.96572	0.7738081	0.441813	0.000901948	0.999098	0.0018039	1.9982	0.3075022
7012	0	29.04731	28.47038	0.5769309	-0.00190583	0.00122798	0.998772	0.00245596	1.99754	0.3744129
7013	1	21.81525	20.65943	1.155823	0.587129	0.00101615	0.998984	0.0020323	1.99797	0.2098656
7014	0	27.88972	27.02369	0.8660249	0.12644	0.00253158	0.997468	0.00506316	1.99494	0.2804135
7015	1	28.21321	27.66095	0.5522617	0.413728	0.000823538	0.999176	0.00164708	1.99835	0.3837643
7016	0	29.57146	28.67078	0.9006805	-0.140812	0.00147811	0.998522	0.00295622	1.99704	0.2708621
7017	1	28.46473	27.95233	0.512407	0.361391	0.000718604	0.999281	0.00143721	1.99856	0.3993679
7018	0	29.4275	28.92851	0.4989875	-0.174944	0.000788858	0.999211	0.00157772	1.99842	0.4047634
7019	1	27.02281	26.27601	0.7467999	0.298112	0.0025989	0.997401	0.0051978	1.9948	0.3159204
7020	0	28.88123	28.3445	0.536732	-0.400058	0.000915713	0.999084	0.00183143	1.99817	0.3897705
7021	1	28.45783	27.23638	1.221448	-0.0368714	0.0026981	0.997302	0.00539619	1.9946	0.1965353
7022	0	29.04144	27.78407	1.257372	-0.0960493	0.00202561	0.997974	0.00405121	1.99595	0.1896002
7023	1	26.47404	25.66982	0.8042173	-0.248909	0.00343436	0.996566	0.00686872	1.99313	0.298292
7024	0	29.27587	28.7288	0.5470682	-0.172406	0.00103164	0.998968	0.00206329	1.99794	0.3857625
7025	1	26.98102	25.99192	0.9891027	-0.158349	0.00365315	0.996347	0.0073063	1.99269	0.2479402
7026	0	29.34956	28.54813	0.8014307	-0.329328	0.00111164	0.998888	0.00222328	1.99778	0.2991244
7027	1	27.08138	25.57091	1.510474	-0.299591	0.00223832	0.997762	0.00447664	1.99552	0.1472035
7028	0	28.99552	28.14272	0.8527951	-0.0771605	0.00184652	0.998153	0.00369303	1.99631	0.2841479
7029	1	28.5855	27.72727	0.8582283	0.352669	0.00134301	0.998657	0.00268601	1.99731	0.2826083
7030	0	29.67603	28.90903	0.7670016	0.0501252	0.00116253	0.998837	0.00232507	1.99767	0.3096023
7031	1	28.25867	27.20606	1.052617	0.219056	0.00238657	0.997613	0.00477315	1.99523	0.2326821
7032	0	29.59199	28.88338	0.7086084	-0.212322	0.000741286	0.999259	0.00148257	1.99852	0.3282192
7033	1	26.527	25.58766	0.9393382	-0.0573478	0.00393878	0.996061	0.00787755	1.99212	0.260591
7034	0	29.43975	28.29339	1.146362	-0.181065	0.00147993	0.99852	0.00295985	1.99704	0.2118606
7035	1	28.98601	28.26516	0.7208556	-0.40048	0.000943962	0.999056	0.00188792	1.99811	0.324224
7036	0	28.18249	26.96306	1.219432	-0.353889	0.00128192	0.998718	0.00256385	1.99744	0.196932
7037	1	29.80787	29.00553	0.8023415	0.072341	0.000933316	0.999067	0.00186663	1.99813	0.2988521
7038	0	29.15392	28.58542	0.5685008	-0.206233	0.000552997	0.999447	0.00110599	1.99889	0.3775826
7039	1	29.44229	28.85486	0.5874273	0.0198012	0.00100877	0.998991	0.00201753	1.99798	0.3705035
7040	0	29.09344	28.09128	1.00216	0.18562	0.00170728	0.998293	0.00341456	1.99659	0.2447238
7041	1	29.09426	28.43205	0.6622128	-0.379631	0.000994985	0.999005	0.00198997	1.99801	0.3438059
7042	0	29.26964	28.26587	1.003766	-0.124064	0.000783709	0.999216	0.00156742	1.99843	0.244331
7043	1	28.6637	27.31412	1.349576	0.11791	0.0016449	0.998355	0.00328981	1.99671	0.1729002
7044	0	27.65385	26.82213	0.831722	0.0302387	0.000461096	0.999539	0.000922193	1.99908	0.2901994
7045	1	28.55693	27.48169	1.075232	-0.159164	0.00247593	0.997524	0.00495185	1.99505	0.2274791
7046	0	26.35522	26.42236	-0.0671389	-0.179647	0.000844587	0.999155	0.00168917	1.99831	0.7129627
7047	1	29.64326	28.81625	0.8270099	0.113747	0.00118557	0.998814	0.00237115	1.99763	0.29157
7048	0	28.93894	28.10595	0.8329935	0.13648	0.0017277	0.998272	0.00345541	1.99654	0.2898306
7049	1	29.39061	28.31326	1.077353	0.156506	0.00131267	0.998687	0.00262534	1.99737	0.226997
7050	0	27.90173	27.06874	0.8329935	-0.266175	0.00243699	0.997563	0.00487399	1.99513	0.2898306
7051	1	27.84803	26.61151	1.236528	-0.119499	0.00324992	0.99675	0.00649984	1.9935	0.1935937
7052	0	28.52268	28.07154	0.4511421	-0.447671	0.000750187	0.99925	0.00150037	1.9985	0.4246002
7053	1	28.05601	27.07772	0.978288	-0.255121	0.00262239	0.997378	0.00524478	1.99476	0.2506361
7054	0	29.18336	28.67588	0.5074762	0.148955	0.000896487	0.999104	0.00179297	1.99821	0.401342
7055	1	28.18488	27.14827	1.036611	-0.118569	0.00276341	0.997237	0.00552681	1.99447	0.2364363
7056	0	29.70505	28.74661	0.9584379	-0.208504	0.0011631	0.998837	0.00232619	1.99767	0.255661
7057	1	28.72748	27.84828	0.879205	0.165281	0.00191578	0.998084	0.00383156	1.99617	0.2767419
7058	0	28.93009	27.6217	1.308388	-0.0645402	0.00122745	0.998773	0.0024549	1.99755	0.1801702
7059	1	28.8572	27.61132	1.245874	0.104046	0.00206293	0.997937	0.00412586	1.99587	0.191793
7060	0	27.99141	27.43375	0.557655	0.349362	0.00144009	0.99856	0.00288018	1.99712	0.3817001
7061	1	28.36561	28.06938	0.2962222	-0.00125703	0.000927023	0.999073	0.00185405	1.99815	0.4957481
7062	0	29.47439	28.64208	0.832311	-0.107282	0.00147596	0.998524	0.00295192	1.99705	0.2900285
7063	1	29.53399	28.5872	0.9467954	-0.00719442	0.00158255	0.998417	0.0031651	1.99683	0.2586549
7064	0	27.76276	26.60438	1.158386	0.246085	0.00277379	0.997226	0.00554758	1.99445	0.2093284
7065	1	29.595	28.64194	0.9530591	-0.0994004	0.000821844	0.999178	0.00164369	1.99836	0.2570398
7066	0	26.91985	26.28706	0.6327945	-0.163648	0.00255442	0.997446	0.00510884	1.99489	0.3540704
7067	1	25.99084	25.55147	0.4393701	-0.225405	0.00241692	0.997583	0.00483384	1.99517	0.4296281
7068	0	28.78018	27.56566	1.214514	0.193889	0.0017924	0.998208	0.00358481	1.99642	0.1979029
7069	1	28.14374	27.47042	0.6733159	-0.183137	0.00194259	0.998057	0.00388518	1.99611	0.3400098
7070	0	29.43683	28.54531	0.8915202	-0.217383	0.00148941	0.998511	0.00297882	1.99702	0.2733546
7071	1	29.59443	29.01905	0.5753871	-0.11121	0.000664236	0.999336	0.00132847	1.99867	0.3749914
7072	0	29.49308	28.95051	0.5425728	0.0138612	0.000865956	0.999134	0.00173191	1.99827	0.3875006
7073	1	28.73993	27.64012	1.09981	-0.353366	0.0015779	0.998422	0.00315581	1.99684	0.2219562
7074	0	28.38611	27.45297	0.9331368	0.112662	0.00233055	0.997669	0.0046611	1.99534	0.262212
7075	1	29.66623	28.94885	0.7173801	-0.167376	0.00109212	0.998908	0.00218423	1.99782	0.3253528
7076	0	29.5965	28.95951	0.6369888	0.0979441	0.000894335	0.999106	0.00178867	1.99821	0.3525884
7077	1	29.38928	28.63578	0.7534957	0.116346	0.00129598	0.998704	0.00259197	1.99741	0.3138121
7078	0	27.99946	27.72963	0.2698257	-0.0309567	0.00101606	0.998984	0.00203211	1.99797	0.5090084
7079	1	27.97635	27.12144	0.8549051	0.0992834	0.000512035	0.999488	0.00102407	1.99898	0.283549
7080	0	28.96136	28.55002	0.4113393	-0.215625	0.000897875	0.999102	0.00179575	1.9982	0.4418414
7081	1	29.28899	28.76538	0.5236045	-0.136055	0.000551165	0.999449	0.00110233	1.9989	0.394921
7082	0	29.7627	29.01816	0.7445406	-0.183008	0.000843304	0.999157	0.00168661	1.99831	0.316635
7083	1	29.75011	29.07614	0.6739686	-0.051462	0.000966683	0.999033	0.00193337	1.99807	0.3397879
7084	0	28.03792	27.05883	0.9790973	-0.135087	0.00276699	0.997233	0.00553399	1.99447	0.2504334
7085	1	24.65126	23.12814	1.523125	-0.391842	0.00121604	0.998784	0.00243207	1.99757	0.145353
7086	0	29.21131	27.96637	1.244937	0.0143565	0.00180336	0.998197	0.00360672	1.99639	0.1919728
7087	1	23.57769	22.25425	1.323436	-0.306049	0.00806864	0.991931	0.0161373	1.98386	0.1774794
7088	0	29.07821	28.13268	0.9455365	-0.352066	0.00137642	0.998624	0.00275284	1.99725	0.2589807
7089	1	28.70621	27.6022	1.104003	-0.253457	0.000885661	0.999114	0.00177132	1.99823	0.2210276
7090	0	27.90157	27.55838	0.3431831	0.172453	0.00116965	0.99883	0.00233931	1.99766	0.4730055
7091	1	28.05151	27.10338	0.948123	-0.0372627	0.0027066	0.997293	0.0054132	1.99459	0.2583117
7092	0	26.59312	26.55672	0.0363997	0.414107	0.000880156	0.99912	0.00176031	1.99824	0.6428365
7093	1	27.97984	26.76311	1.216727	-0.356105	0.00228971	0.99771	0.00457942	1.99542	0.1974654
7094	0	28.00622	27.40731	0.5989021	0.220897	0.00170278	0.998297	0.00340556	1.99659	0.3662763
7095	1	28.86125	27.65351	1.20774	-0.254513	0.00120219	0.998798	0.00240438	1.9976	0.199248
7096	0	28.28264	27.16522	1.117421	0.298499	0.00195893	0.998041	0.00391786	1.99608	0.2180815
7097	1	28.84739	27.59959	1.247792	-0.245258	0.00178913	0.998211	0.00357825	1.99642	0.1914254
7098	0	27.76132	26.64829	1.113025	0.282414	0.00261524	0.997385	0.00523048	1.99477	0.2190424
7099	1	29.5154	28.43951	1.075887	0.119952	0.00124678	0.998753	0.00249355	1.99751	0.22733
7100	0	24.38578	22.77378	1.611999	-0.0624654	0.00695788	0.993042	0.0139158	1.98608	0.1329922
7101	1	29.31601	28.14579	1.170214	-0.123402	0.00180539	0.998195	0.00361078	1.99639	0.206867
7102	0	26.88074	25.28094	1.599799	0.0190504	0.00333608	0.996664	0.00667216	1.99333	0.1346247
7103	1	29.2168	28.48966	0.72714	0.253839	0.00104526	0.998955	0.00209053	1.99791	0.3221928
7104	0	28.70049	27.53879	1.1617	0.14504	0.00221488	0.997785	0.00442976	1.99557	0.2086358
7105	1	29.79561	28.77294	1.022674	0.021983	0.00122851	0.998771	0.00245702	1.99754	0.2397546
7106	0	28.85933	28.11677	0.7425606	0.297632	0.000791278	0.999209	0.00158256	1.99842	0.3172625
7107	1	27.824	27.47912	0.3448801	0.364719	0.00105122	0.998949	0.00210244	1.9979	0.4722035
7108	0	29.3214	28.85169	0.4697109	-0.09225	0.000843696	0.999156	0.00168739	1.99831	0.4167887
7109	1	27.518	27.26572	0.2522794	0.39039	0.000967695	0.999032	0.00193539	1.99806	0.5180184
7110	0	25.50477	24.44469	1.060083	-0.151569	0.00537119	0.994629	0.0107424	1.98926	0.2309514
7111	1	28.37622	27.90893	0.4672907	0.0925492	0.00127997	0.99872	0.00255994	1.99744	0.4177986
7112	0	28.40855	27.41583	0.9927208	-0.207353	0.00243818	0.997562	0.00487635	1.99512	0.2470447
7113	1	29.17755	28.43941	0.7381304	0.0379743	0.00147589	0.998524	0.00295177	1.99705	0.3186712
7114	0	26.35177	24.83868	1.513092	-0.37127	0.00207324	0.997927	0.00414647	1.99585	0.1468186
7115	1	28.50279	27.12258	1.380213	-0.19842	0.0015862	0.998414	0.0031724	1.99683	0.1676833
7116	0	27.55544	26.0602	1.495239	0.058055	0.00297993	0.99702	0.00595985	1.99404	0.1494634
7117	1	27.7042	26.66417	1.040034	-0.113829	0.00317093	0.996829	0.00634186	1.99366	0.2356285
7118	0	29.45314	28.31256	1.140573	0.0202025	0.00167697	0.998323	0.00335395	1.99665	0.2130906
7119	1	27.55319	26.18686	1.366326	-0.182295	0.0033136	0.996686	0.00662721	1.99337	0.1700281
7120	0	29.15308	28.12337	1.029703	-0.104126	0.00198314	0.998017	0.00396628	1.99603	0.2380753
7121	1	28.23269	26.96276	1.269931	-0.255068	0.00249629	0.997504	0.00499258	1.99501	0.1872339
7122	0	26.77867	26.44289	0.3357763	-0.024106	0.00166278	0.998337	0.00332557	1.99667	0.476522
7123	1	28.70958	28.04734	0.6622363	0.144694	0.00152158	0.998478	0.00304317	1.99696	0.3437979
7124	0	28.72338	28.36731	0.3560735	0.109654	0.000862548	0.999137	0.0017251	1.99827	0.4669474
7125	1	29.20307	28.35937	0.8437046	-0.25546	0.00155743	0.998443	0.00311486	1.99689	0.2867428
7126	0	27.3581	27.24094	0.1171569	-0.236556	0.000925901	0.999074	0.0018518	1.99815	0.5929638
7127	1	23.63305	21.93964	1.693411	-0.253501	0.00651191	0.993488	0.0130238	1.98698	0.1225942
7128	0	27.20459	26.71803	0.4865627	-0.413683	0.00184285	0.998157	0.00368571	1.99631	0.4098239
7129	1	27.4961	26.01504	1.481055	0.0432523	0.00316903	0.996831	0.00633806	1.99366	0.1515985
7130	0	29.12422	28.34389	0.7803308	0.0213998	0.00160103	0.998399	0.00320206	1.9968	0.3055029
7131	1	26.24486	24.82378	1.421077	0.368891	0.00232194	0.997678	0.00464388	1.99536	0.1609693
7132	0	29.00106	28.2197	0.7813627	-0.0616752	0.0017017	0.998298	0.00340339	1.9966	0.3051878
7133	1	25.95821	24.78917	1.169043	-0.511875	0.0030571	0.996943	0.0061142	1.99389	0.2071094
7134	0	29.90305	29.12168	0.7813627	-0.075997	0.000895454	0.999105	0.00179091	1.99821	0.3051878
7135	1	29.33459	28.6145	0.720088	0.0478287	0.00133509	0.998665	0.00267019	1.99733	0.3244729
7136	0	29.29005	28.83806	0.4519927	0.0292763	0.000787908	0.999212	0.00157582	1.99842	0.4242392
7137	1	29.21489	28.51797	0.6969249	-0.316883	0.00120149	0.998799	0.00240299	1.9976	0.3320765
7138	0	29.43396	28.82326	0.6106992	-0.0327652	0.00108326	0.998917	0.00216653	1.99783	0.3619807
7139	1	29.21432	28.12487	1.089453	0.0845012	0.00186322	0.998137	0.00372645	1.99627	0.2242671
7140	0	29.29076	28.48895	0.801809	-0.340383	0.000967581	0.999032	0.00193516	1.99806	0.2990112
7141	1	29.3144	28.19879	1.115606	-0.124338	0.0018517	0.998148	0.00370341	1.9963	0.2184777
7142	0	29.38789	28.33983	1.048052	-0.201381	0.0016529	0.998347	0.00330581	1.99669	0.2337468
7143	1	26.96599	26.38071	0.5852798	-0.235917	0.00235865	0.997641	0.00471731	1.99528	0.3713
7144	0	29.40587	28.30148	1.104384	-0.173096	0.00103949	0.998961	0.00207898	1.99792	0.2209432
7145	1	29.0898	28.71842	0.3713821	-0.223125	0.000671078	0.999329	0.00134216	1.99866	0.4598535
7146	0	28.27229	26.92038	1.35191	0.185717	0.00149254	0.998507	0.00298508	1.99701	0.1724971
7147	1	28.83721	28.51665	0.3205629	0.100799	0.000499336	0.999501	0.000998672	1.999	0.4838269
7148	0	29.01002	27.72417	1.285842	-0.170567	0.00140739	0.998593	0.00281478	1.99719	0.1842784
7149	1	28.76148	28.06237	0.6991096	-0.0182587	0.00165933	0.998341	0.00331865	1.99668	0.3313518
7150	0	27.75676	26.36351	1.393245	-0.241378	0.00274733	0.997253	0.00549465	1.99451	0.1655123
7151	1	29.39324	28.9266	0.4666361	-0.118176	0.000765423	0.999235	0.00153085	1.99847	0.4180722
7152	0	27.15987	25.63337	1.526501	0.198754	0.00183829	0.998162	0.00367659	1.99632	0.1448631
7153	1	26.92097	26.60175	0.3192281	0.404716	0.0013885	0.998612	0.00277699	1.99722	0.4844732
7154	0	29.00958	27.98609	1.023489	-0.139568	0.00207173	0.997928	0.00414345	1.99586	0.2395593
7155	1	29.7494	28.71336	1.036037	0.0441665	0.00117075	0.998829	0.0023415	1.99766	0.2365721
7156	0	27.52008	26.65126	0.8688237	-0.462541	0.00225599	0.997744	0.00451199	1.99549	0.2796298
7157	1	28.98355	28.5661	0.4174504	-0.0576198	0.000469971	0.99953	0.000939942	1.99906	0.4391494
7158	0	28.08238	27.35025	0.7321267	-0.231401	0.00210646	0.997894	0.00421293	1.99579	0.3205901
7159	1	23.65211	23.10502	0.54709	-0.676296	0.00350194	0.996498	0.00700388	1.993	0.3857541
7160	0	29.17862	28.43557	0.7430505	0.0739931	0.00146204	0.998538	0.00292407	1.99708	0.3171071
7161	1	25.4332	24.58196	0.8512362	0.224533	0.00439055	0.995609	0.00878109	1.99122	0.2845913
7162	0	29.16674	28.15116	1.015585	-0.184289	0.00188516	0.998115	0.00377031	1.99623	0.2414604
7163	1	28.87752	28.07042	0.8070967	-0.253854	0.0017365	0.998264	0.003473	1.99653	0.2974343
7164	0	28.92148	28.1954	0.7260763	-0.198577	0.000559448	0.999441	0.0011189	1.99888	0.3225357
7165	1	28.28673	27.03104	1.255687	0.250107	0.00137795	0.998622	0.00275589	1.99724	0.1899201
7166	0	27.45939	27.42061	0.0387738	-0.434611	0.000435492	0.999565	0.000870983	1.99913	0.6413122
7167	1	27.63393	26.89668	0.7372564	-0.331556	0.00231329	0.997687	0.00462657	1.99537	0.3189498
7168	0	25.29064	24.88868	0.4019605	-0.599048	0.00047032	0.99953	0.000940639	1.99906	0.4460048
7169	1	28.55789	27.23144	1.326455	0.0806818	0.00230395	0.997696	0.0046079	1.99539	0.1769444
7170	0	28.08722	27.62724	0.4599804	0.368743	0.000579073	0.999421	0.00115815	1.99884	0.420864
7171	1	27.44674	26.7846	0.662142	-0.215251	0.0023134	0.997687	0.00462681	1.99537	0.3438303
7172	0	27.6869	27.44713	0.239771	-0.242304	0.00107607	0.998924	0.00215213	1.99785	0.5245387
7173	1	28.48002	27.38432	1.095698	-0.383424	0.00123962	0.99876	0.00247924	1.99752	0.2228708
7174	0	29.58875	29.02044	0.5683099	-0.107294	0.000865462	0.999135	0.00173092	1.99827	0.3776547
7175	1	28.80846	27.48758	1.320881	-0.13044	0.00208249	0.997918	0.00416498	1.99584	0.1779334
7176	0	29.83164	28.87201	0.9596293	-0.127778	0.00102053	0.998979	0.00204105	1.99796	0.2553566
7177	1	26.43233	25.30191	1.130422	-0.179206	0.00449714	0.995503	0.00899429	1.99101	0.2152646
7178	0	29.36294	28.43807	0.924863	-0.299499	0.001009	0.998991	0.00201801	1.99798	0.2643905
7179	1	29.09139	27.91839	1.173008	-0.257386	0.00133138	0.998669	0.00266276	1.99734	0.2062898
7180	0	29.58287	28.46297	1.1199	-0.144736	0.00142599	0.998574	0.00285198	1.99715	0.2175416
7181	1	27.05205	26.25558	0.7964686	-0.237514	0.00297396	0.997026	0.00594791	1.99405	0.3006124
7182	0	29.49827	28.5671	0.9311694	-0.179866	0.00153273	0.998467	0.00306546	1.99693	0.2627284
7183	1	27.53777	26.14373	1.394039	-0.307307	0.00253968	0.99746	0.00507935	1.99492	0.1653809
7184	0	29.18452	27.96975	1.214762	-0.0132336	0.00194603	0.998054	0.00389205	1.99611	0.1978538
7185	1	25.48948	24.33833	1.151154	-0.211324	0.00555296	0.994447	0.0111059	1.98889	0.2108477
7186	0	29.15549	28.46432	0.6911692	-0.155297	0.00140952	0.99859	0.00281905	1.99718	0.3339933
7187	1	23.55776	22.67277	0.8849961	0.431614	0.00591755	0.994082	0.0118351	1.98816	0.2751438
7188	0	28.9251	28.27179	0.6533114	-0.252775	0.00141358	0.998586	0.00282717	1.99717	0.3468799
7189	1	27.5363	26.64869	0.8876074	-0.114577	0.00293989	0.99706	0.00587979	1.99412	0.2744263
7190	0	28.67328	28.27315	0.4001314	-0.39792	0.000809453	0.999191	0.00161891	1.99838	0.4468213
7191	1	25.3791	24.29577	1.083332	-0.0297927	0.00564814	0.994352	0.0112963	1.9887	0.2256439
7192	0	28.06679	27.13545	0.931337	0.286503	0.000719769	0.99928	0.00143954	1.99856	0.2626844
7193	1	27.4891	26.33883	1.150269	-0.20411	0.00342805	0.996572	0.0068561	1.99314	0.2110344
7194	0	28.97372	27.95402	1.0197	0.220318	0.000955985	0.999044	0.00191197	1.99809	0.2404688
7195	1	28.26995	27.22509	1.044861	-0.424339	0.00121363	0.998786	0.00242725	1.99757	0.2344939
7196	0	29.15247	28.40295	0.7495134	-0.37307	0.000992667	0.999007	0.00198533	1.99801	0.3150643
7197	1	29.28923	28.74474	0.5444935	0.0193226	0.00101483	0.998985	0.00202965	1.99797	0.386757
7198	0	29.83384	29.12495	0.7088909	-0.103113	0.000828765	0.999171	0.00165753	1.99834	0.3281265
7199	1	28.69246	28.32882	0.3636405	-0.21356	0.000933085	0.999067	0.00186617	1.99813	0.4634274
7200	0	29.72543	28.99567	0.7297593	-0.0472593	0.00110832	0.998892	0.00221664	1.99778	0.32135
7201	1	27.76684	27.59562	0.1712159	-0.0870024	0.000893762	0.999106	0.00178752	1.99821	0.5617597
7202	0	27.83522	27.07739	0.7578239	-0.21526	0.000466426	0.999534	0.000932853	1.99907	0.3124568
7203	1	26.92334	26.82636	0.09697842	0.162163	0.000980115	0.99902	0.00196023	1.99804	0.6050504
7204	0	27.79488	27.49626	0.2986237	0.0239785	0.00114975	0.99885	0.0022995	1.9977	0.494559
7205	1	29.62553	28.78054	0.8449897	-0.22412	0.00123885	0.998761	0.00247769	1.99752	0.2863745
7206	0	24.80846	24.54527	0.2631952	0.545542	0.000390114	0.99961	0.000780228	1.99922	0.5123946
7207	1	29.15452	28.04988	1.10464	-0.20581	0.00187347	0.998127	0.00374694	1.99625	0.2208867
7208	0	29.64482	28.94796	0.696864	0.118425	0.000906357	0.999094	0.00181271	1.99819	0.3320967
7209	1	29.58975	28.5224	1.067348	-0.13707	0.00154038	0.99846	0.00308076	1.99692	0.2292796
7210	0	28.20969	27.41138	0.7983143	0.0123656	0.00222124	0.997779	0.00444248	1.99556	0.300058
7211	1	29.29323	28.2386	1.054628	-0.173469	0.00180616	0.998194	0.00361231	1.99639	0.2322146
7212	0	29.32168	28.3565	0.9651828	0.175681	0.00148842	0.998512	0.00297684	1.99702	0.2539424
7213	1	29.2066	28.29251	0.914091	0.0783777	0.00173289	0.998267	0.00346577	1.99653	0.2672539
7214	0	28.80559	28.50733	0.2982601	0.133043	0.000548293	0.999452	0.00109659	1.9989	0.4947389
7215	1	29.91522	29.04886	0.8663521	-0.0941943	0.00106865	0.998931	0.0021373	1.99786	0.2803217
7216	0	26.54574	26.8017	-0.2559605	0.0997086	0.000425865	0.999574	0.000851731	1.99915	0.8611344
7217	1	29.7842	28.87443	0.9097711	-0.158662	0.00123889	0.998761	0.00247779	1.99752	0.2684109
7218	0	26.42473	26.53426	-0.1095275	-0.583518	0.00056054	0.999439	0.00112108	1.99888	0.7438338
7219	1	26.18376	25.71474	0.469023	0.0738794	0.00237231	0.997628	0.00474462	1.99526	0.4170754
7220	0	28.368	27.8025	0.5655058	0.0477781	0.00153368	0.998466	0.00306736	1.99693	0.3787152
7221	1	25.97903	25.49675	0.4822757	0.116457	0.00252768	0.997472	0.00505535	1.99494	0.4115846
7222	0	28.83753	28.04024	0.7972916	0.309412	0.000873408	0.999127	0.00174682	1.99825	0.300365
7223	1	24.34311	23.43427	0.9088403	0.157685	0.00594869	0.994051	0.0118974	1.9881	0.2686609
7224	0	29.58046	28.92908	0.6513817	-0.0358779	0.000636869	0.999363	0.00127374	1.99873	0.34755
7225	1	19.97172	18.05661	1.915117	0.198197	0.0104427	0.989557	0.0208854	1.97911	0.09821636
7226	0	29.23529	28.14054	1.094742	0.0414602	0.000894668	0.999105	0.00178934	1.99821	0.2230839
7227	1	22.71069	20.79557	1.915117	-0.0149369	0.00642344	0.993577	0.0128469	1.98715	0.09821636
7228	0	27.4623	27.06456	0.3977339	0.358828	0.00136203	0.998638	0.00272407	1.99728	0.4478938
7229	1	25.62107	24.1252	1.495877	0.136945	0.00523287	0.994767	0.0104657	1.98953	0.1493679
7230	0	28.77935	27.54624	1.233114	0.0521288	0.00229703	0.997703	0.00459406	1.99541	0.1942559
7231	1	27.24972	25.96203	1.287694	-0.22129	0.00363966	0.99636	0.00727932	1.99272	0.1839374
7232	0	28.40133	27.64346	0.7578705	-0.204398	0.00198551	0.998014	0.00397103	1.99603	0.3124423
7233	1	26.78023	25.58243	1.197803	0.246108	0.00376674	0.996233	0.00753347	1.99247	0.2012377
7234	0	25.84465	25.46878	0.3758665	0.416566	0.00207827	0.997922	0.00415654	1.99584	0.457796
7235	1	27.2367	26.05219	1.184513	-0.0614679	0.00385433	0.996146	0.00770866	1.99229	0.20393
7236	0	27.04993	25.7239	1.326032	0.186618	0.00364839	0.996352	0.00729677	1.9927	0.1770192
7237	1	25.63056	25.06316	0.5673942	0.215142	0.00304651	0.996953	0.00609301	1.99391	0.3780007
7238	0	28.51295	27.3676	1.145356	-0.14181	0.00258174	0.997418	0.00516348	1.99484	0.2120738
7239	1	29.05636	28.01191	1.044444	0.151256	0.00185724	0.998143	0.00371448	1.99629	0.2345916
7240	0	27.24744	26.89334	0.3540942	0.369694	0.00135353	0.998646	0.00270706	1.99729	0.4678726
7241	1	26.15749	24.9861	1.171387	0.471311	0.00240342	0.997597	0.00480684	1.99519	0.2066244
7242	0	23.96719	24.05473	-0.08753928	0.213539	0.0014829	0.998517	0.0029658	1.99703	0.7276568
7243	1	26.03095	25.15941	0.8715423	0.128589	0.00403665	0.995963	0.0080733	1.99193	0.2788706
7244	0	28.69248	28.13889	0.5535877	-0.410889	0.00111182	0.998888	0.00222364	1.99778	0.3832557
7245	1	28.16542	27.08703	1.078387	-0.331472	0.0024095	0.997591	0.00481899	1.99518	0.2267625
7246	0	29.40602	28.81925	0.5867716	0.079596	0.000990913	0.999009	0.00198183	1.99802	0.3707465
7247	1	28.56362	27.20602	1.357594	0.121019	0.00193661	0.998063	0.00387322	1.99613	0.1715194
7248	0	25.59123	25.69954	-0.1083172	0.126821	0.000937254	0.999063	0.00187451	1.99813	0.7429342
7249	1	28.72354	27.90323	0.8203093	0.139249	0.00184709	0.998153	0.00369418	1.99631	0.2935303
7250	0	29.75934	29.07549	0.6838545	0.0191652	0.000931463	0.999069	0.00186293	1.99814	0.3364453
7251	1	24.61185	22.9707	1.641148	0.340846	0.00311111	0.996889	0.00622222	1.99378	0.1291717
7252	0	29.57192	28.69227	0.8796555	-0.159005	0.00143597	0.998564	0.00287193	1.99713	0.2766172
7253	1	28.75856	27.53474	1.223821	-0.214504	0.00215409	0.997846	0.00430818	1.99569	0.1960694
7254	0	29.26095	28.09307	1.167878	-0.00750729	0.00101009	0.99899	0.00202017	1.99798	0.2073508
7255	1	29.05618	27.91472	1.141462	0.0562842	0.00206292	0.997937	0.00412583	1.99587	0.2129011
7256	0	28.39448	28.12131	0.2731695	-0.191699	0.000398063	0.999602	0.000796126	1.9992	0.5073092
7257	1	27.45297	25.86946	1.58351	-0.0855304	0.00253401	0.997466	0.00506802	1.99493	0.1368355
7258	0	27.18027	26.51805	0.6622207	-0.464443	0.000700911	0.999299	0.00140182	1.9986	0.3438032
7259	1	29.36432	28.57794	0.7863832	0.0356259	0.00144696	0.998553	0.00289392	1.99711	0.3036595
7260	0	28.38333	27.42478	0.9585529	0.204509	0.000692885	0.999307	0.00138577	1.99861	0.2556316
7261	1	29.74774	28.84768	0.9000555	0.10284	0.00103603	0.998964	0.00207205	1.99793	0.2710314
7262	0	28.90308	28.32542	0.5776602	-0.239941	0.000525671	0.999474	0.00105134	1.99895	0.37414
7263	1	29.23726	28.63699	0.6002631	0.218532	0.00091036	0.99909	0.00182072	1.99818	0.3657782
7264	0	28.10023	27.89656	0.2036718	0.281301	0.000688718	0.999311	0.00137744	1.99862	0.54382
7265	1	27.93095	27.70059	0.2303628	-0.353376	0.000933864	0.999066	0.00186773	1.99813	0.5294969
7266	0	24.62353	23.67067	0.9528669	0.299468	0.0054784	0.994522	0.0109568	1.98904	0.2570892
7267	1	25.7748	25.73891	0.03588214	-0.260855	0.00126228	0.998738	0.00252455	1.99748	0.6431693
7268	0	29.88853	28.94118	0.9473545	-0.0444898	0.00119275	0.998807	0.00238549	1.99761	0.2585103
7269	1	28.9052	28.53475	0.370449	-0.21153	0.00049724	0.999503	0.00099448	1.99901	0.4602828
7270	0	28.95058	28.58829	0.362294	0.127475	0.00054564	0.999454	0.00109128	1.99891	0.4640518
7271	1	29.2712	28.67216	0.5990409	-0.0831198	0.000543447	0.999457	0.00108689	1.99891	0.3662255
7272	0	27.51042	27.25394	0.2564822	-0.432102	0.00112804	0.998872	0.00225609	1.99774	0.5158458
7273	1	28.52432	27.67473	0.8495874	0.218045	0.000644625	0.999355	0.00128925	1.99871	0.2850609
7274	0	29.08781	28.51592	0.5718879	-0.299924	0.000620347	0.99938	0.00124069	1.99876	0.3763058
7275	1	29.06185	28.32885	0.7329973	0.28782	0.00107154	0.998928	0.00214309	1.99786	0.3203112
7276	0	29.33005	28.29883	1.031216	-0.0796065	0.00184405	0.998156	0.00368811	1.99631	0.2377154
7277	1	27.67322	27.41794	0.2552778	0.21035	0.00104828	0.998952	0.00209657	1.9979	0.5164675
7278	0	29.55464	28.43198	1.122659	-0.157293	0.00142699	0.998573	0.00285398	1.99715	0.2169423
7279	1	27.85947	27.78798	0.07148957	-0.29339	0.000640852	0.999359	0.0012817	1.99872	0.6206707
7280	0	29.40659	28.41985	0.9867378	0.126242	0.000901624	0.999098	0.00180325	1.9982	0.2485272
7281	1	26.7465	26.8081	-0.06159631	-0.109516	0.000742033	0.999258	0.00148407	1.99852	0.7090219
7282	0	29.01128	28.52062	0.4906549	-0.328692	0.000927443	0.999073	0.00185489	1.99815	0.4081502
7283	1	28.80123	28.468	0.3332304	0.0611556	0.000461094	0.999539	0.000922188	1.99908	0.4777367
7284	0	29.1604	28.31887	0.8415243	0.199951	0.00146402	0.998536	0.00292803	1.99707	0.2873687
7285	1	28.95356	28.64814	0.3054213	0.0346575	0.000543112	0.999457	0.00108622	1.99891	0.4912086
7286	0	27.97886	27.13733	0.8415243	-0.198022	0.00246382	0.997536	0.00492764	1.99507	0.2873687
7287	1	28.0616	27.65802	0.403579	-0.469177	0.000592729	0.999407	0.00118546	1.99881	0.4452835
7288	0	29.7488	28.8076	0.9411999	-0.109435	0.00137014	0.99863	0.00274028	1.99726	0.2601063
7289	1	26.9514	27.06482	-0.1134203	-0.40831	0.000569507	0.99943	0.00113901	1.99886	0.7467351
7290	0	26.42543	26.69738	-0.2719462	-0.378693	0.000440567	0.999559	0.000881133	1.99912	0.8750109
7291	1	28.69608	28.46123	0.2348506	-0.139114	0.000465502	0.999534	0.000931004	1.99907	0.527126
7292	0	26.81494	26.43077	0.3841676	-0.618313	0.000756827	0.999243	0.00151365	1.99849	0.4540115
7293	1	29.24963	28.81399	0.4356433	-0.224368	0.000693984	0.999306	0.00138797	1.99861	0.4312323
7294	0	27.97161	27.46913	0.5024866	-0.381772	0.00150178	0.998498	0.00300356	1.997	0.4033495
7295	1	29.03867	28.37641	0.6622633	0.177227	0.00128877	0.998711	0.00257754	1.99742	0.3437886
7296	0	27.88098	27.12074	0.7602417	-0.11531	0.0023463	0.997654	0.0046926	1.99531	0.3117023
7297	1	29.89649	28.97188	0.9246088	-0.0934061	0.00100622	0.998994	0.00201244	1.99799	0.2644577
7298	0	29.06365	28.6727	0.3909486	-0.0709346	0.000819601	0.99918	0.0016392	1.99836	0.4509433
7299	1	26.62689	26.42739	0.1994925	0.235886	0.00131003	0.99869	0.00262006	1.99738	0.5460976
7300	0	28.30733	28.03108	0.2762466	0.142255	0.000403125	0.999597	0.000806251	1.99919	0.5057505
7301	1	27.89515	27.29109	0.6040586	-0.192606	0.00189763	0.998102	0.00379525	1.9962	0.3643925
7302	0	29.84468	29.10951	0.7351649	-0.00629843	0.000827397	0.999173	0.00165479	1.99835	0.3196176
7303	1	29.12454	27.95137	1.173171	-0.0301211	0.000957995	0.999042	0.00191599	1.99808	0.2062562
7304	0	29.67486	28.98659	0.6882745	0.091883	0.000929268	0.999071	0.00185854	1.99814	0.3349615
7305	1	29.38035	28.27463	1.105725	0.0572258	0.00173498	0.998265	0.00346996	1.99653	0.2206473
7306	0	28.85131	28.17442	0.6768896	-0.276308	0.00148365	0.998516	0.0029673	1.99703	0.3387968
7307	1	25.60881	24.88725	0.721568	-0.105432	0.00385184	0.996148	0.00770368	1.9923	0.3239931
7308	0	28.70707	27.67187	1.035198	-0.165093	0.00230494	0.997695	0.00460987	1.99539	0.2367708
7309	1	27.81496	27.70043	0.1145331	0.259359	0.000415863	0.999584	0.000831727	1.99917	0.5945216
7310	0	29.66137	28.9305	0.7308785	-0.0749594	0.00116601	0.998834	0.00233202	1.99767	0.3209905
7311	1	28.57813	28.00672	0.5714078	-0.119056	0.00146828	0.998532	0.00293656	1.99706	0.3764866
7312	0	24.67942	23.74093	0.9384921	0.615541	0.0018633	0.998137	0.00372661	1.99627	0.2608115
7313	1	29.55973	28.44285	1.116889	0.0729935	0.00131914	0.998681	0.00263828	1.99736	0.2181977
7314	0	29.1959	28.42569	0.7702089	-0.312865	0.00134048	0.99866	0.00268096	1.99732	0.3086109
7315	1	24.04635	23.95588	0.09047515	-0.0442577	0.00203892	0.997961	0.00407784	1.99592	0.608998
7316	0	28.20053	26.86443	1.336101	0.0396268	0.00279155	0.997208	0.0055831	1.99442	0.1752456
7317	1	26.43107	25.17636	1.25471	0.105428	0.000843462	0.999157	0.00168692	1.99831	0.1901058
7318	0	27.63638	26.42436	1.212021	0.236501	0.00291692	0.997083	0.00583384	1.99417	0.1983969
7319	1	28.23151	27.55627	0.6752421	-0.225624	0.000469983	0.99953	0.000939967	1.99906	0.3393554
7320	0	29.43338	28.21613	1.217251	-0.0113073	0.00143381	0.998566	0.00286763	1.99713	0.1973619
7321	1	27.35384	26.37064	0.9832035	-0.494358	0.00101552	0.998984	0.00203103	1.99797	0.2494071
7322	0	29.79878	28.85671	0.9420656	0.0148519	0.00129111	0.998709	0.00258223	1.99742	0.2598812
7323	1	29.65557	28.7717	0.8838701	0.115533	0.0009064	0.999094	0.0018128	1.99819	0.2754538
7324	0	26.78156	26.2125	0.5690609	-0.503741	0.00214095	0.997859	0.00428191	1.99572	0.3773712
7325	1	28.3525	27.10081	1.251693	0.0448447	0.00272924	0.997271	0.00545848	1.99454	0.1906802
7326	0	26.76589	26.22271	0.5431784	-0.338147	0.00230619	0.997694	0.00461238	1.99539	0.387266
7327	1	28.6823	28.06338	0.6189265	-0.38662	0.0013071	0.998693	0.00261421	1.99739	0.3590148
7328	0	29.2304	27.982	1.248399	0.0535151	0.00138363	0.998616	0.00276725	1.99723	0.1913093
7329	1	28.87899	27.54525	1.333741	-0.0235013	0.00130057	0.998699	0.00260114	1.9974	0.1756598
7330	0	29.40996	28.61241	0.7975538	-0.115812	0.00146091	0.998539	0.00292182	1.99708	0.3002863
7331	1	29.38015	28.18385	1.196302	0.0537281	0.00155758	0.998442	0.00311516	1.99688	0.20154
7332	0	29.86704	29.07177	0.7952721	-0.137511	0.000998209	0.999002	0.00199642	1.998	0.3009722
7333	1	28.38948	27.29939	1.090093	0.130403	0.00252086	0.997479	0.00504172	1.99496	0.2241234
7334	0	29.68975	29.06585	0.6239013	-0.159902	0.000801314	0.999199	0.00160263	1.9984	0.3572332
7335	1	29.04478	28.21348	0.8313	0.288847	0.00118019	0.99882	0.00236038	1.99764	0.2903219
7336	0	28.20296	27.90858	0.2943816	-0.284426	0.000982829	0.999017	0.00196566	1.99803	0.4966615
7337	1	27.43342	26.49713	0.9362878	0.453739	0.00172223	0.998278	0.00344446	1.99656	0.2613871
7338	0	29.3998	28.5674	0.8323952	0.217969	0.00101381	0.998986	0.00202763	1.99797	0.2900041
7339	1	27.34897	26.60913	0.739835	0.151441	0.00253972	0.99746	0.00507944	1.99492	0.3181284
7340	0	28.75126	28.50182	0.249444	-0.138392	0.000647602	0.999352	0.0012952	1.9987	0.5194893
7341	1	27.77256	26.25637	1.516186	-0.00244132	0.00265842	0.997342	0.00531684	1.99468	0.1463651
7342	0	27.06922	27.04176	0.02746212	0.110437	0.000798713	0.999201	0.00159743	1.9984	0.6486077
7343	1	28.81265	27.79607	1.01658	-0.375523	0.00122746	0.998773	0.00245492	1.99755	0.2412201
7344	0	28.0059	27.74736	0.2585433	0.00842211	0.000983109	0.999017	0.00196622	1.99803	0.5147837
7345	1	29.52045	28.54386	0.9765853	-0.140887	0.00159696	0.998403	0.00319392	1.99681	0.2510632
7346	0	28.5186	27.97003	0.5485706	0.134719	0.00045788	0.999542	0.000915761	1.99908	0.3851834
7347	1	28.45551	27.20189	1.253624	-0.202822	0.00100713	0.998993	0.00201427	1.99799	0.1903122
7348	0	28.34319	27.62326	0.719934	-0.459567	0.000815522	0.999184	0.00163104	1.99837	0.3245229
7349	1	29.14769	28.76767	0.3800175	-0.183276	0.000692924	0.999307	0.00138585	1.99861	0.4558996
7350	0	29.34225	28.38601	0.9562436	-0.237791	0.00158969	0.99841	0.00317939	1.99682	0.2562226
7351	1	28.72587	27.85577	0.8700927	-0.0230271	0.000572372	0.999428	0.00114474	1.99886	0.2792752
7352	0	28.4536	27.74855	0.705049	-0.264761	0.00179325	0.998207	0.0035865	1.99641	0.3293896
7353	1	29.60379	28.7154	0.8883831	0.149095	0.000972893	0.999027	0.00194579	1.99805	0.2742135
7354	0	27.49174	26.99498	0.4967596	-0.429477	0.000472152	0.999528	0.000944304	1.99906	0.4056661
7355	1	26.49835	26.76813	-0.2697854	0.218726	0.000352231	0.999648	0.000704462	1.9993	0.8731223
7356	0	28.99068	28.31177	0.6789083	-0.0813512	0.000518997	0.999481	0.00103799	1.99896	0.3381136
7357	1	26.76265	26.91496	-0.1523036	-0.0859437	0.000249314	0.999751	0.000498627	1.9995	0.7763425
7358	0	29.63361	28.99565	0.6379594	-0.0600575	0.000657998	0.999342	0.001316	1.99868	0.3522463
7359	1	28.84541	28.55763	0.2877831	-0.216034	0.000535058	0.999465	0.00107012	1.99893	0.4999495
7360	0	29.38157	28.74361	0.6379594	-0.236236	0.00110096	0.998899	0.00220192	1.9978	0.3522463
7361	1	29.34023	28.80662	0.5336095	0.137522	0.000667618	0.999332	0.00133524	1.99866	0.3909895
7362	0	29.51115	28.88943	0.6217199	-0.153114	0.00103972	0.99896	0.00207945	1.99792	0.3580133
7363	1	28.74766	28.10733	0.6403386	-0.314583	0.00143101	0.998569	0.00286202	1.99714	0.3514093
7364	0	29.55067	29.01846	0.5322174	-0.0413496	0.000801477	0.999199	0.00160295	1.9984	0.3915342
7365	1	28.53365	27.77548	0.7581653	-0.398908	0.00160214	0.998398	0.00320428	1.9968	0.3123502
7366	0	26.62128	26.39834	0.2229409	-0.138045	0.00142689	0.998573	0.00285378	1.99715	0.5334414
7367	1	27.8186	27.83941	-0.02080521	-0.0261873	0.000392013	0.999608	0.000784027	1.99922	0.6806821
7368	0	27.76847	26.41225	1.356224	0.253112	0.00150181	0.998498	0.00300362	1.997	0.1717545
7369	1	27.51625	27.09316	0.4230937	0.0851566	0.00156167	0.998438	0.00312334	1.99688	0.4366782
7370	0	27.58663	26.58898	0.9976502	0.339393	0.00247136	0.997529	0.00494272	1.99506	0.2458299
7371	1	29.51177	28.52241	0.989363	0.060966	0.000868029	0.999132	0.00173606	1.99826	0.2478756
7372	0	26.85649	26.43314	0.4233496	-0.368594	0.0018857	0.998114	0.0037714	1.99623	0.4365665
7373	1	27.27944	26.9295	0.3499404	0.0989626	0.00146748	0.998533	0.00293495	1.99707	0.4698201
7374	0	28.75829	27.98234	0.7759477	-0.23631	0.00177601	0.998224	0.00355201	1.99645	0.3068449
7375	1	26.89938	26.45029	0.4490918	-0.421931	0.00190194	0.998098	0.00380388	1.9962	0.4254717
7376	0	25.39855	24.88248	0.5160759	-0.0621444	0.0030676	0.996932	0.00613521	1.99386	0.3979054
7377	1	27.16017	27.33437	-0.1742089	-0.05925	0.000382575	0.999617	0.00076515	1.99923	0.7935361
7378	0	28.14652	27.26424	0.882283	-0.311034	0.00229253	0.997707	0.00458506	1.99541	0.2758914
7379	1	28.48738	28.10124	0.3861392	-0.42472	0.000644872	0.999355	0.00128974	1.99871	0.4531173
7380	0	27.52765	26.77328	0.7543645	0.260023	0.00233355	0.997666	0.0046671	1.99533	0.3135396
7381	1	29.14311	28.56856	0.5745467	0.199162	0.00100243	0.998998	0.00200487	1.998	0.3753067
7382	0	25.74461	25.0587	0.6859095	-0.573534	0.00282258	0.997177	0.00564516	1.99435	0.3357546
7383	1	29.48931	28.57122	0.9180903	0.03184	0.000763158	0.999237	0.00152632	1.99847	0.2661872
7384	0	29.08006	28.06106	1.018995	0.168488	0.000881379	0.999119	0.00176276	1.99824	0.2406384
7385	1	28.54764	28.0522	0.4954405	-0.206208	0.00129551	0.998704	0.00259101	1.99741	0.4062017
7386	0	27.59933	26.7152	0.8841338	0.347053	0.00231759	0.997682	0.00463518	1.99536	0.2753812
7387	1	29.55405	28.44468	1.109361	-0.177639	0.00131279	0.998687	0.00262559	1.99737	0.2198463
7388	0	29.0422	27.89486	1.147345	-0.0450636	0.00215278	0.997847	0.00430557	1.99569	0.2116524
7389	1	26.54403	25.98849	0.5555356	-0.443667	0.00237977	0.99762	0.00475955	1.99524	0.3825099
7390	0	26.92486	25.67219	1.252679	-0.408576	0.00294813	0.997052	0.00589626	1.9941	0.1904923
7391	1	27.55591	26.00657	1.549338	-0.169518	0.00179211	0.998208	0.00358422	1.99642	0.1415924
7392	0	26.32094	25.09768	1.223264	0.422406	0.00280472	0.997195	0.00560943	1.99439	0.1961788
7393	1	26.43925	24.88648	1.552767	-0.300447	0.00302144	0.996979	0.00604288	1.99396	0.1411077
7394	0	28.70245	27.47919	1.223264	0.217599	0.00151927	0.998481	0.00303855	1.99696	0.1961788
7395	1	28.70456	27.94362	0.7609381	-0.427372	0.00131875	0.998681	0.00263751	1.99736	0.3114853
7396	0	29.74781	28.91924	0.8285758	-0.0468424	0.0012569	0.998743	0.00251379	1.99749	0.2911138
7397	1	27.38313	26.89315	0.4899866	-0.5751	0.0012779	0.998722	0.0025558	1.99744	0.4084231
7398	0	29.67946	28.94629	0.7331757	-0.223703	0.000993656	0.999006	0.00198731	1.99801	0.320254
7399	1	29.74308	28.72772	1.015356	-0.0291916	0.00142136	0.998579	0.00284273	1.99716	0.2415157
7400	0	27.843	27.53604	0.3069593	-0.454476	0.00105261	0.998947	0.00210523	1.99789	0.4904537
7401	1	29.27886	28.60991	0.6689537	-0.342197	0.000908429	0.999092	0.00181686	1.99818	0.3414962
7402	0	26.48955	25.91373	0.5758134	0.239638	0.00249981	0.9975	0.00499962	1.995	0.3748316
7403	1	29.18684	28.44777	0.7390731	-0.263179	0.00139463	0.998605	0.00278925	1.99721	0.3183709
7404	0	28.14801	27.69929	0.4487181	-0.41993	0.00124102	0.998759	0.00248203	1.99752	0.4256307
7405	1	27.85579	26.48422	1.371575	0.201603	0.00246553	0.997534	0.00493105	1.99507	0.1691381
7406	0	28.57674	27.8103	0.7664463	0.0268514	0.00190851	0.998091	0.00381702	1.99618	0.3097743
7407	1	26.90622	26.19144	0.7147831	0.180488	0.00273654	0.997263	0.00547308	1.99453	0.3261988
7408	0	28.22845	27.98281	0.2456432	0.303366	0.000653404	0.999347	0.00130681	1.99869	0.5214675
7409	1	28.71064	27.70046	1.010184	-0.350814	0.00181053	0.998189	0.00362105	1.99638	0.242768
7410	0	29.46078	28.97899	0.4817895	-0.0125172	0.000706737	0.999293	0.00141347	1.99859	0.4117847
7411	1	26.72087	25.30338	1.417487	-0.0192157	0.00437968	0.99562	0.00875936	1.99124	0.1615482
7412	0	29.40765	28.80307	0.6045832	-0.0158772	0.001083	0.998917	0.002166	1.99783	0.3642014
7413	1	28.95494	27.98157	0.973374	-0.319842	0.00171141	0.998289	0.00342282	1.99658	0.2518708
7414	0	29.12911	28.56766	0.5614545	-0.329951	0.000693112	0.999307	0.00138622	1.99861	0.3802526
7415	1	28.58412	27.4549	1.129219	0.0765423	0.00246748	0.997533	0.00493496	1.99507	0.2155237
7416	0	29.53725	28.64561	0.8916428	0.144631	0.0012985	0.998702	0.00259699	1.9974	0.2733211
7417	1	26.41098	25.97712	0.4338585	0.0805462	0.00212588	0.997874	0.00425176	1.99575	0.4320026
7418	0	27.68665	26.25529	1.431364	-0.183332	0.00118765	0.998812	0.00237531	1.99762	0.1593218
7419	1	29.39051	28.2485	1.142004	-0.197155	0.00152155	0.998478	0.0030431	1.99696	0.2127857
7420	0	29.0651	28.42688	0.6382156	-0.365325	0.00108785	0.998912	0.0021757	1.99782	0.3521561
7421	1	29.58887	28.54938	1.03949	0.115739	0.00124662	0.998753	0.00249324	1.99751	0.2357566
7422	0	27.42296	26.89905	0.5239189	0.0801061	0.00188905	0.998111	0.00377811	1.99622	0.3947968
7423	1	26.08831	25.67737	0.4109371	-0.52115	0.00213263	0.997867	0.00426526	1.99573	0.4420191
7424	0	27.97489	27.36231	0.6125769	-0.226513	0.0018673	0.998133	0.0037346	1.99627	0.3613017
7425	1	28.35163	27.4485	0.9031274	0.0600107	0.00234457	0.997655	0.00468913	1.99531	0.2702001
7426	0	27.73102	27.29361	0.4374128	-0.349158	0.00149765	0.998502	0.00299531	1.997	0.4304699
7427	1	29.84697	29.13564	0.711335	-0.0824538	0.000901423	0.999099	0.00180285	1.9982	0.3273255
7428	0	29.80923	28.95636	0.8528667	0.0782322	0.00101475	0.998985	0.00202951	1.99797	0.2841276
7429	1	29.18273	28.62522	0.5575101	-0.323221	0.000935532	0.999064	0.00187106	1.99813	0.3817554
7430	0	27.57541	27.32728	0.2481309	0.158884	0.00108732	0.998913	0.00217463	1.99783	0.5201719
7431	1	29.24067	28.10468	1.135993	0.161759	0.00138968	0.99861	0.00277936	1.99722	0.2140688
7432	0	27.91461	27.39494	0.5196691	-0.502218	0.000677498	0.999323	0.001355	1.99865	0.3964782
7433	1	29.142	28.11281	1.029189	-0.00709287	0.00199208	0.998008	0.00398416	1.99602	0.2381978
7434	0	27.17843	27.02532	0.1531061	-0.406395	0.00105051	0.998949	0.00210102	1.9979	0.5720258
7435	1	24.90366	24.08253	0.8211394	-0.480742	0.00437391	0.995626	0.00874782	1.99125	0.2932867
7436	0	28.81105	27.63396	1.177095	0.0914728	0.00093539	0.999065	0.00187078	1.99813	0.2054485
7437	1	29.41839	28.41619	1.002198	0.0802506	0.0016447	0.998355	0.00328939	1.99671	0.2447144
7438	0	28.96023	27.71036	1.249862	0.0207871	0.000694299	0.999306	0.0013886	1.99861	0.1910295
7439	1	28.72702	27.34459	1.382426	-0.0140031	0.0019921	0.998008	0.0039842	1.99602	0.1673126
7440	0	25.3606	24.69475	0.6658518	0.195953	0.00368359	0.996316	0.00736718	1.99263	0.3425571
7441	1	29.86943	28.89103	0.9783988	-0.0111091	0.00117947	0.998821	0.00235893	1.99764	0.2506083
7442	0	27.6284	26.89971	0.7286959	0.455487	0.00086558	0.999134	0.00173116	1.99827	0.3216919
7443	1	29.71872	28.71372	1.004994	0.063552	0.00131302	0.998687	0.00262605	1.99737	0.2440312
7444	0	29.83053	28.89098	0.9395502	-0.0972237	0.00127515	0.998725	0.0025503	1.99745	0.2605357
7445	1	28.24651	27.79373	0.4527799	0.203487	0.00124922	0.998751	0.00249843	1.9975	0.4239054
7446	0	27.298	26.59338	0.7046279	0.0615702	0.0025195	0.99748	0.005039	1.99496	0.3295283
7447	1	28.72765	28.36564	0.3620121	-0.0777301	0.000925411	0.999075	0.00185082	1.99815	0.4641826
7448	0	27.08294	26.92202	0.1609207	-0.22002	0.00111489	0.998885	0.00222978	1.99777	0.567573
7449	1	26.67182	25.10489	1.566921	0.225545	0.00201904	0.997981	0.00403807	1.99596	0.1391246
7450	0	27.96319	27.37096	0.592236	-0.0730975	0.00183486	0.998165	0.00366972	1.99633	0.3687261
7451	1	29.09574	28.33938	0.756356	-0.350024	0.00129681	0.998703	0.00259361	1.99741	0.3129158
7452	0	27.77398	27.70035	0.07362876	0.000629171	0.000321965	0.999678	0.000643931	1.99936	0.6193443
7453	1	28.04414	27.01128	1.032861	0.167777	0.00267758	0.997322	0.00535516	1.99464	0.2373246
7454	0	29.58422	28.82186	0.7623597	-0.174824	0.000716877	0.999283	0.00143375	1.99857	0.3110428
7455	1	26.00113	24.54942	1.451715	0.368754	0.00244822	0.997552	0.00489645	1.9951	0.1561123
7456	0	29.2743	28.4059	0.8683975	0.210166	0.000867081	0.999133	0.00173416	1.99827	0.279749
7457	1	24.7478	23.42416	1.323647	0.491789	0.00293585	0.997064	0.00587169	1.99413	0.1774419
7458	0	26.84306	26.10082	0.7422445	-0.34571	0.00285337	0.997147	0.00570674	1.99429	0.3173628
7459	1	28.63933	27.64181	0.9975211	0.307615	0.0015873	0.998413	0.0031746	1.99683	0.2458617
7460	0	29.48751	28.42085	1.066654	-0.220536	0.00141492	0.998585	0.00282983	1.99717	0.2294387
7461	1	28.8074	27.49644	1.310957	-0.204332	0.00148996	0.99851	0.00297991	1.99702	0.1797079
7462	0	28.4798	27.03476	1.445049	-0.0165568	0.0018749	0.998125	0.0037498	1.99625	0.1571563
7463	1	28.68394	27.42871	1.255228	-0.272134	0.00182027	0.99818	0.00364054	1.99636	0.1900073
7464	0	28.25057	27.36783	0.8827469	0.394524	0.00134854	0.998651	0.00269709	1.9973	0.2757634
7465	1	28.16255	26.96939	1.193158	-0.232553	0.00273835	0.997262	0.00547671	1.99452	0.2021746
7466	0	28.34559	27.13719	1.208394	0.142442	0.00255348	0.997447	0.00510697	1.99489	0.1991176
7467	1	24.78565	23.32025	1.465401	-0.124954	0.00681333	0.993187	0.0136267	1.98637	0.1539903
7468	0	28.38541	27.52916	0.8562456	0.191096	0.0020775	0.997923	0.004155	1.99585	0.2831692
7469	1	25.00702	23.81505	1.191969	0.146468	0.00621701	0.993783	0.012434	1.98757	0.2024152
7470	0	27.7965	26.60188	1.194629	0.124363	0.000774627	0.999225	0.00154925	1.99845	0.2018774
7471	1	27.93636	26.88038	1.055974	0.291616	0.00240316	0.997597	0.00480631	1.99519	0.2319023
7472	0	28.84	28.48125	0.3587504	0.118714	0.000799023	0.999201	0.00159805	1.9984	0.4656991
7473	1	25.65299	24.2677	1.385285	-0.254954	0.00524829	0.994752	0.0104966	1.9895	0.1668349
7474	0	27.46162	26.95026	0.5113564	-0.52262	0.000622054	0.999378	0.00124411	1.99876	0.3997877
7475	1	29.15086	28.06436	1.086499	-0.246683	0.00176155	0.998238	0.00352311	1.99648	0.2249304
7476	0	29.31869	28.56693	0.7517559	0.230115	0.000877192	0.999123	0.00175438	1.99825	0.3143586
7477	1	26.40958	25.28586	1.123718	0.116129	0.00445816	0.995542	0.00891632	1.99108	0.2167125
7478	0	29.76	29.03779	0.7222088	-0.182288	0.000946614	0.999053	0.00189323	1.99811	0.3237855
7479	1	27.72496	26.44831	1.276652	-0.369828	0.00225161	0.997748	0.00450322	1.9955	0.1859797
7480	0	28.12104	28.04685	0.0741902	0.01145	0.000535968	0.999464	0.00107194	1.99893	0.6189967
7481	1	27.68872	27.01021	0.6785162	0.0964841	0.00218275	0.997817	0.0043655	1.99563	0.3382462
7482	0	29.87625	28.95658	0.9196745	0.0132961	0.00114506	0.998855	0.00229011	1.99771	0.2657659
7483	1	26.9775	26.52898	0.4485146	-0.460568	0.00181728	0.998183	0.00363455	1.99637	0.4257173
7484	0	28.53883	28.21051	0.3283173	0.183673	0.00084553	0.999154	0.00169106	1.99831	0.4800896
7485	1	29.6967	28.93112	0.7655804	-0.0398843	0.00119754	0.998802	0.00239507	1.9976	0.3100426
7486	0	27.61093	27.38012	0.230815	0.434655	0.000634907	0.999365	0.00126981	1.99873	0.5292576
7487	1	29.78866	29.06694	0.7217245	-0.0135147	0.000759419	0.999241	0.00151884	1.99848	0.3239424
7488	0	26.93878	27.13794	-0.1991548	-0.305521	0.000381585	0.999618	0.00076317	1.99924	0.8135806
7489	1	28.49572	27.87512	0.6206022	-0.438765	0.000723759	0.999276	0.00144752	1.99855	0.3584137
7490	0	28.88189	28.37902	0.5028666	-0.125036	0.000464884	0.999535	0.000929767	1.99907	0.4031963
7491	1	29.35061	28.29488	1.055728	-0.232495	0.00159726	0.998403	0.00319453	1.99681	0.2319593
7492	0	28.13491	27.8488	0.2861072	-0.213019	0.0010067	0.998993	0.0020134	1.99799	0.5007881
7493	1	27.99237	27.12696	0.8654088	-0.406895	0.0021227	0.997877	0.00424539	1.99575	0.2805863
7494	0	28.84128	28.33739	0.503895	-0.12955	0.00118377	0.998816	0.00236754	1.99763	0.4027819
7495	1	28.67624	27.82256	0.8536887	-0.360242	0.00173241	0.998268	0.00346483	1.99654	0.2838941
7496	0	28.87332	27.6016	1.271714	-0.0784806	0.00221518	0.997785	0.00443036	1.99557	0.1869005
7497	1	28.54668	27.49103	1.055656	0.0700171	0.00244507	0.997555	0.00489015	1.99511	0.2319759
7498	0	26.60267	25.27153	1.331139	-0.41766	0.00290628	0.997094	0.00581257	1.99419	0.1761174
7499	1	28.90646	27.93689	0.9695705	-0.0738582	0.00211107	0.997889	0.00422214	1.99578	0.2528306
7500	0	26.54535	25.21421	1.331139	0.145713	0.00438117	0.995619	0.00876233	1.99124	0.1761174
7501	1	29.36571	28.47382	0.8918951	0.011887	0.00163507	0.998365	0.00327015	1.99673	0.2732522
7502	0	27.38699	26.32564	1.06135	0.414526	0.00117315	0.998827	0.0023463	1.99765	0.2306589
7503	1	29.70177	29.03009	0.6716818	0.00655045	0.00070934	0.999291	0.00141868	1.99858	0.3405658
7504	0	26.26161	25.5829	0.6787061	-0.184862	0.00315985	0.99684	0.00631971	1.99368	0.338182
7505	1	28.1694	27.97223	0.1971764	-0.0765613	0.000802826	0.999197	0.00160565	1.99839	0.5473639
7506	0	23.1536	22.26115	0.8924532	-0.666414	0.00411928	0.995881	0.00823856	1.99176	0.2730997
7507	1	29.74401	28.72399	1.020023	-0.02795	0.000988453	0.999012	0.00197691	1.99802	0.2403911
7508	0	28.54676	27.20013	1.346633	0.149222	0.00165127	0.998349	0.00330255	1.9967	0.1734096
7509	1	29.25213	28.08675	1.165388	0.000135743	0.00191615	0.998084	0.0038323	1.99617	0.2078678
7510	0	25.71046	24.89375	0.816705	-0.0806583	0.00419389	0.995806	0.00838779	1.99161	0.2945902
7511	1	28.45907	27.08047	1.378607	0.113266	0.00205052	0.997949	0.00410104	1.9959	0.1679528
7512	0	29.59892	28.54014	1.058778	-0.184711	0.00139752	0.998602	0.00279505	1.9972	0.231253
7513	1	26.61759	25.64403	0.9735614	-0.0568363	0.00396943	0.996031	0.00793885	1.99206	0.2518236
7514	0	29.59316	28.92914	0.6640126	0.00329556	0.00065185	0.999348	0.0013037	1.9987	0.3431877
7515	1	27.29573	26.28344	1.012292	0.237148	0.00312179	0.996878	0.00624358	1.99376	0.2422569
7516	0	29.28662	28.37922	0.9074	0.103135	0.00163109	0.998369	0.00326218	1.99674	0.2690481
7517	1	28.70237	27.33312	1.369246	-0.0187838	0.00212973	0.99787	0.00425946	1.99574	0.1695324
7518	0	27.05181	26.30339	0.7484204	-0.582915	0.0016251	0.998375	0.0032502	1.99675	0.3154089
7519	1	26.29674	24.86908	1.427665	-0.055073	0.00488385	0.995116	0.00976769	1.99023	0.1599122
7520	0	29.85464	28.86155	0.9930926	-0.101823	0.00114571	0.998854	0.00229142	1.99771	0.2469529
7521	1	27.27586	26.52894	0.746924	-0.529136	0.00196169	0.998038	0.00392339	1.99608	0.3158812
7522	0	28.73783	27.74038	0.9974549	0.168145	0.00206419	0.997936	0.00412838	1.99587	0.2458779
7523	1	29.23361	27.96314	1.270469	-0.0249756	0.00135749	0.998643	0.00271499	1.99729	0.1871333
7524	0	28.34253	27.32662	1.015906	-0.101122	0.00261065	0.997389	0.00522131	1.99478	0.2413828
7525	1	28.82949	27.91031	0.9191859	0.0643574	0.00203109	0.997969	0.00406219	1.99594	0.2658957
7526	0	29.79069	28.82077	0.9699146	-0.0767902	0.00135389	0.998646	0.00270779	1.99729	0.2527436
7527	1	26.37566	25.34995	1.02571	0.0737188	0.00430003	0.9957	0.00860006	1.9914	0.2390279
7528	0	28.99442	28.36313	0.6312874	-0.266188	0.00131552	0.998684	0.00263104	1.99737	0.3546044
7529	1	27.3358	26.49813	0.8376704	0.295517	0.00259681	0.997403	0.00519363	1.99481	0.2884783
7530	0	29.48231	28.79185	0.6904583	-0.271967	0.00104135	0.998959	0.00208269	1.99792	0.3342308
7531	1	29.44619	28.55889	0.8872965	-0.223211	0.0014662	0.998534	0.00293241	1.99707	0.2745117
7532	0	29.28757	28.65597	0.6315972	0.102647	0.00114742	0.998853	0.00229485	1.99771	0.3544946
7533	1	29.02319	27.96403	1.059158	-0.229065	0.0019497	0.99805	0.0038994	1.9961	0.2311652
7534	0	29.10697	28.49064	0.6163315	-0.180524	0.00127439	0.998726	0.00254879	1.99745	0.3599477
7535	1	28.14744	27.59624	0.5512071	-0.149135	0.00163349	0.998367	0.00326698	1.99673	0.3841692
7536	0	28.01646	26.74139	1.27507	-0.347521	0.00207025	0.99793	0.0041405	1.99586	0.1862742
7537	1	29.86412	28.94101	0.9231124	-0.12557	0.000997105	0.999003	0.00199421	1.99801	0.2648537
7538	0	29.31721	28.44393	0.8732755	0.132227	0.00151645	0.998484	0.00303289	1.99697	0.2783877
7539	1	28.9944	28.59501	0.3993898	-0.161592	0.000870867	0.999129	0.00174173	1.99826	0.4471528
7540	0	29.8974	29.02412	0.8732755	-0.126087	0.00102394	0.998976	0.00204789	1.99795	0.2783877
7541	1	29.25113	28.10352	1.147607	-0.0198611	0.00194089	0.998059	0.00388179	1.99612	0.2115969
7542	0	29.39527	28.79326	0.6020112	-0.148337	0.00108197	0.998918	0.00216395	1.99784	0.3651393
7543	1	29.65584	28.76065	0.8951911	0.134256	0.000996201	0.999004	0.0019924	1.99801	0.272353
7544	0	29.19653	28.82048	0.3760545	-0.0120959	0.000598509	0.999401	0.00119702	1.9988	0.4577099
7545	1	29.70438	28.81288	0.8915012	0.0164171	0.00135175	0.998648	0.0027035	1.9973	0.2733598
7546	0	29.03148	28.16006	0.8714219	0.281441	0.00128305	0.998717	0.0025661	1.99743	0.2789042
7547	1	29.24249	28.75976	0.4827257	-0.264469	0.000811481	0.999189	0.00162296	1.99838	0.4113994
7548	0	29.45056	28.76341	0.6871506	0.130775	0.000693222	0.999307	0.00138644	1.99861	0.3353382
7549	1	26.71452	25.97888	0.7356405	-0.611102	0.00120193	0.998798	0.00240386	1.9976	0.3194656
7550	0	29.15966	28.4295	0.7301519	0.263531	0.000862335	0.999138	0.00172467	1.99828	0.3212239
7551	1	29.77332	28.91341	0.8599134	-0.129419	0.00124763	0.998752	0.00249526	1.9975	0.2821325
7552	0	28.23066	27.42212	0.8085479	-0.0850543	0.00224965	0.99775	0.0044993	1.9955	0.297003
7553	1	29.77585	28.77462	1.001229	-0.126108	0.00103342	0.998967	0.00206685	1.99793	0.2449518
7554	0	27.6073	26.33183	1.275471	-0.341972	0.0011153	0.998885	0.0022306	1.99777	0.1861996
7555	1	28.8941	28.44892	0.4451837	0.227894	0.000837884	0.999162	0.00167577	1.99832	0.4271377
7556	0	29.38855	28.22903	1.159523	0.0691391	0.0016239	0.998376	0.00324779	1.99675	0.2090905
7557	1	29.77345	28.92414	0.8493097	0.092689	0.000960688	0.999039	0.00192138	1.99808	0.28514
7558	0	27.81213	27.32013	0.4920042	-0.228603	0.00163695	0.998363	0.0032739	1.99673	0.4075999
7559	1	29.23523	28.04378	1.191455	-0.105964	0.00106705	0.998933	0.00213409	1.99787	0.2025192
7560	0	26.3251	25.74539	0.5797106	0.0997228	0.00268979	0.99731	0.00537958	1.99462	0.3733736
7561	1	28.23184	27.04038	1.191455	0.198999	0.00248494	0.997515	0.00496989	1.99503	0.2025192
7562	0	23.84161	23.39685	0.4447562	0.0222336	0.0038067	0.996193	0.0076134	1.99239	0.4273204
7563	1	28.38836	27.03615	1.352216	-0.189481	0.00234773	0.997652	0.00469546	1.9953	0.1724442
7564	0	25.6469	24.54461	1.102291	0.104166	0.00527362	0.994726	0.0105472	1.98945	0.2214062
7565	1	29.30058	28.56928	0.7312953	-0.193491	0.00137518	0.998625	0.00275036	1.99725	0.3208568
7566	0	27.47148	26.17556	1.295919	0.28346	0.00263763	0.997362	0.00527527	1.99472	0.1824309
7567	1	27.99199	27.3765	0.6154849	-0.476758	0.00151694	0.998483	0.00303387	1.99697	0.3602525
7568	0	28.88289	27.53447	1.348413	-0.0911205	0.00188976	0.99811	0.00377953	1.99622	0.1731013
7569	1	29.72385	28.63527	1.088581	-0.0984453	0.00129363	0.998706	0.00258727	1.99741	0.2244626
7570	0	23.27325	22.81246	0.4607895	0.525407	0.000363426	0.999637	0.000726853	1.99927	0.4205236
7571	1	25.84123	25.36664	0.474587	0.626098	0.00132542	0.998675	0.00265083	1.99735	0.4147613
7572	0	29.38019	28.80383	0.5763625	0.0377218	0.00101724	0.998983	0.00203448	1.99797	0.3746258
7573	1	28.77271	28.32264	0.4500653	-0.190236	0.0010896	0.99891	0.00217921	1.99782	0.4250577
7574	0	27.16816	25.66034	1.507816	-0.293186	0.00193654	0.998063	0.00387308	1.99613	0.1475953
7575	1	28.56083	27.59643	0.9644046	-0.394287	0.00172785	0.998272	0.0034557	1.99654	0.2541401
7576	0	28.19713	26.92364	1.273488	-0.0550057	0.000882656	0.999117	0.00176531	1.99823	0.1865692
7577	1	29.49749	28.76023	0.737258	-0.0326987	0.00129421	0.998706	0.00258842	1.99741	0.3189493
7578	0	29.73684	28.86297	0.8738737	-0.211325	0.00112744	0.998873	0.00225489	1.99775	0.2782212
7579	1	29.56251	28.96805	0.5944534	0.0400801	0.000661377	0.999339	0.00132275	1.99868	0.3679094
7580	0	29.74274	28.86638	0.8763563	-0.196829	0.000935709	0.999064	0.00187142	1.99813	0.2775313
7581	1	28.67128	28.21655	0.4547266	0.234747	0.000531508	0.999468	0.00106302	1.99894	0.423081
7582	0	29.04987	28.27158	0.7782936	-0.217924	0.00160745	0.998393	0.00321489	1.99679	0.3061259
7583	1	28.46772	27.71993	0.7477894	-0.272378	0.00055078	0.999449	0.00110156	1.9989	0.315608
7584	0	29.25248	28.46482	0.7876609	-0.352029	0.00100146	0.998999	0.00200292	1.998	0.3032717
7585	1	29.85388	29.07734	0.776535	-0.147209	0.000941551	0.999058	0.0018831	1.99812	0.3066648
7586	0	28.56059	27.50322	1.057371	-0.167039	0.00244632	0.997554	0.00489265	1.99511	0.2315786
7587	1	29.80333	28.80035	1.002977	0.028363	0.00109649	0.998904	0.00219297	1.99781	0.2445238
7588	0	29.50638	28.68878	0.8176029	-0.0639727	0.00143473	0.998565	0.00286946	1.99713	0.2943258
7589	1	26.87215	26.66441	0.207742	0.455881	0.00108794	0.998912	0.00217588	1.99782	0.5416111
7590	0	29.21388	28.76026	0.4536273	-0.262254	0.000677428	0.999323	0.00135486	1.99865	0.4235463
7591	1	28.52402	28.35581	0.1682063	-0.0482557	0.000563612	0.999436	0.00112722	1.99887	0.5634529
7592	0	29.26004	28.21057	1.04947	-0.287637	0.00118713	0.998813	0.00237426	1.99763	0.2334155
7593	1	29.88765	29.12123	0.7664134	-0.0420868	0.000861107	0.999139	0.00172221	1.99828	0.3097845
7594	0	26.82262	25.64191	1.180702	-0.385626	0.00338553	0.996614	0.00677107	1.99323	0.2047088
7595	1	28.97442	28.50989	0.4645278	-0.332291	0.000887068	0.999113	0.00177414	1.99823	0.4189545
7596	0	26.56746	24.91571	1.651751	-0.0983942	0.00332076	0.996679	0.00664152	1.99336	0.1278093
7597	1	27.1816	27.04893	0.1326659	0.0277587	0.000992682	0.999007	0.00198536	1.99801	0.5838384
7598	0	26.84058	25.9984	0.8421866	0.441702	0.00244074	0.997559	0.00488148	1.99512	0.2871784
7599	1	27.26254	27.28545	-0.02291109	-0.469364	0.000516813	0.999483	0.00103363	1.99897	0.682117
7600	0	29.36047	28.17751	1.182967	0.0892454	0.00143295	0.998567	0.0028659	1.99713	0.2042455
7601	1	29.83036	28.9525	0.8778635	-0.0639225	0.000855245	0.999145	0.00171049	1.99829	0.2771134
7602	0	29.31555	28.33012	0.9854394	0.126996	0.000860044	0.99914	0.00172009	1.99828	0.2488501
7603	1	29.60751	28.91158	0.6959261	-0.24044	0.000975957	0.999024	0.00195191	1.99805	0.3324083
7604	0	27.61141	26.22126	1.390148	0.158821	0.00114087	0.998859	0.00228173	1.99772	0.1660256
7605	1	27.32038	27.31038	0.01000134	-0.400797	0.000691264	0.999309	0.00138253	1.99862	0.6600323
7606	0	28.11348	27.26057	0.8529039	0.151446	0.00231545	0.997685	0.00463089	1.99537	0.284117
7607	1	29.00324	28.52686	0.4763754	-0.0834295	0.00104386	0.998956	0.00208773	1.99791	0.4140202
7608	0	28.48113	27.31154	1.169591	0.249812	0.00115403	0.998846	0.00230806	1.99769	0.206996
7609	1	28.30106	27.82469	0.4763754	0.237257	0.00124809	0.998752	0.00249618	1.9975	0.4140202
7610	0	29.22457	27.95319	1.271385	-0.108293	0.00157331	0.998427	0.00314663	1.99685	0.186962
7611	1	29.38524	28.44513	0.9401054	0.178762	0.00139245	0.998608	0.0027849	1.99722	0.2603911
7612	0	28.67278	27.70489	0.9678893	0.18913	0.00203875	0.997961	0.00407749	1.99592	0.253256
7613	1	29.33729	28.64312	0.6941704	-0.0806854	0.00131914	0.998681	0.00263828	1.99736	0.3329924
7614	0	27.7569	27.24074	0.5161536	-0.195693	0.00173271	0.998267	0.00346541	1.99653	0.3978745
7615	1	29.24133	28.72844	0.5128854	-0.297346	0.000805621	0.999194	0.00161124	1.99839	0.3991769
7616	0	28.6505	28.23435	0.4161459	-0.286803	0.00103716	0.998963	0.00207433	1.99793	0.4397227
7617	1	28.62971	27.33941	1.290306	-0.246715	0.00194552	0.998054	0.00389104	1.99611	0.1834577
7618	0	29.2238	28.51224	0.7115614	0.0718585	0.00137326	0.998627	0.00274651	1.99725	0.3272514
7619	1	27.85024	26.91605	0.9341929	0.16087	0.00267272	0.997327	0.00534545	1.99465	0.2619352
7620	0	28.65991	28.03869	0.6212212	0.32247	0.00117397	0.998826	0.00234795	1.99765	0.3581919
7621	1	29.22312	28.7246	0.4985188	-0.262156	0.000882689	0.999117	0.00176538	1.99823	0.4049532
7622	0	25.78735	25.66363	0.1237162	0.392377	0.00140218	0.998598	0.00280436	1.9972	0.5890871
7623	1	26.51224	26.33424	0.1779976	0.373178	0.0012547	0.998745	0.00250941	1.99749	0.5579629
7624	0	27.19334	26.91486	0.2784842	-0.397153	0.00133702	0.998663	0.00267403	1.99733	0.5046201
7625	1	28.95179	28.23615	0.7156373	0.234836	0.00135202	0.998648	0.00270404	1.9973	0.3259203
7626	0	29.88476	28.98103	0.9037344	0.00305059	0.00096818	0.999032	0.00193636	1.99806	0.2700361
7627	1	27.52948	25.9677	1.561785	0.0657506	0.0024062	0.997594	0.0048124	1.99519	0.1398409
7628	0	29.46875	28.90651	0.5622315	-0.238516	0.000806105	0.999194	0.00161221	1.99839	0.3799572
7629	1	28.42584	27.18962	1.236223	-0.320189	0.00191	0.99809	0.00382	1.99618	0.1936528
7630	0	28.20108	27.63636	0.5647183	-0.477046	0.000710913	0.999289	0.00142183	1.99858	0.3790135
7631	1	28.78349	27.59903	1.184468	0.199418	0.00118394	0.998816	0.00236788	1.99763	0.2039392
7632	0	29.65184	28.98144	0.6704008	0.0749613	0.000958484	0.999042	0.00191697	1.99808	0.3410024
7633	1	29.31731	28.41116	0.9061446	0.214618	0.00130215	0.998698	0.00260429	1.9974	0.2693861
7634	0	28.86026	27.91532	0.9449425	-0.372615	0.00153605	0.998464	0.0030721	1.99693	0.2591346
7635	1	29.2276	28.65641	0.5711989	-0.100015	0.00112851	0.998871	0.00225703	1.99774	0.3765652
7636	0	27.13715	27.21893	-0.08177794	0.264767	0.000509384	0.999491	0.00101877	1.99898	0.7234765
7637	1	27.87269	26.99675	0.8759352	0.208727	0.000568189	0.999432	0.00113638	1.99886	0.2776482
7638	0	28.72825	28.4982	0.2300509	-0.184609	0.000542814	0.999457	0.00108563	1.99891	0.5296621
7639	1	28.2706	27.86414	0.4064661	-0.465842	0.000663485	0.999337	0.00132697	1.99867	0.4439998
7640	0	28.24844	27.96712	0.2813223	-0.162755	0.000372263	0.999628	0.000744527	1.99926	0.50319
7641	1	29.90093	29.01834	0.8825929	-0.121216	0.00103173	0.998968	0.00206345	1.99794	0.2758059
7642	0	27.73206	27.69276	0.039301	0.0400596	0.00032815	0.999672	0.0006563	1.99934	0.6409742
7643	1	28.63508	28.43372	0.2013617	-0.137994	0.000583217	0.999417	0.00116643	1.99883	0.5450777
7644	0	29.81755	28.81596	1.001585	-0.0360475	0.0013139	0.998686	0.0026278	1.99737	0.2448646
7645	1	27.34359	26.79522	0.5483696	0.082475	0.00200175	0.997998	0.00400349	1.996	0.3852608
7646	0	28.86029	28.20697	0.6533238	-0.272526	0.000565299	0.999435	0.0011306	1.99887	0.3468757
7647	1	28.95431	28.01576	0.9385546	0.28969	0.00114919	0.998851	0.00229838	1.9977	0.2607952
7648	0	29.43267	28.85737	0.5752993	-0.0378723	0.00100903	0.998991	0.00201807	1.99798	0.3750243
7649	1	28.47628	27.52087	0.9554156	0.217285	0.000721292	0.999279	0.00144258	1.99856	0.2564348
7650	0	28.48564	27.57807	0.907568	-0.369223	0.00190752	0.998092	0.00381504	1.99618	0.2690029
7651	1	25.99805	25.69386	0.3041936	-0.276639	0.00195111	0.998049	0.00390222	1.9961	0.491812
7652	0	28.38631	27.52359	0.8627258	-0.111458	0.00227105	0.997729	0.0045421	1.99546	0.2813401
7653	1	29.59863	28.71957	0.8790586	0.0969927	0.00133419	0.998666	0.00266838	1.99733	0.2767824
7654	0	28.37973	27.51651	0.8632187	-0.216967	0.00221981	0.99778	0.00443962	1.99556	0.2812015
7655	1	29.68134	28.71055	0.9707954	0.107194	0.00122388	0.998776	0.00244776	1.99755	0.2525211
7656	0	25.96738	24.43362	1.533756	-0.306395	0.00382063	0.996179	0.00764125	1.99236	0.1438159
7657	1	28.7423	27.95787	0.7844249	0.293231	0.00146506	0.998535	0.00293012	1.99707	0.3042547
7658	0	29.1243	28.19215	0.9321552	-0.267616	0.00169748	0.998303	0.00339496	1.99661	0.2624695
7659	1	27.73613	27.22724	0.5088869	0.129063	0.00167211	0.998328	0.00334421	1.99666	0.4007763
7660	0	29.28271	28.41141	0.8712966	0.114071	0.00156928	0.998431	0.00313855	1.99686	0.2789391
7661	1	27.47551	26.33486	1.140647	-0.104031	0.00355022	0.99645	0.00710045	1.9929	0.2130747
7662	0	28.96641	28.0461	0.9203172	-0.266763	0.000747975	0.999252	0.00149595	1.9985	0.2655951
7663	1	28.85942	28.13788	0.721536	0.0560947	0.00162447	0.998376	0.00324894	1.99675	0.3240034
7664	0	27.33015	26.92941	0.4007442	-0.507799	0.0014359	0.998564	0.00287181	1.99713	0.4465476
7665	1	29.5467	28.73288	0.8138213	-0.245054	0.00082667	0.999173	0.00165334	1.99835	0.2954409
7666	0	28.56405	28.34606	0.217984	-0.220729	0.000656765	0.999343	0.00131353	1.99869	0.5360922
7667	1	29.32334	28.65227	0.6710706	0.202492	0.00103202	0.998968	0.00206405	1.99794	0.340774
7668	0	27.072	27.00801	0.06398442	0.453749	0.000619736	0.99938	0.00123947	1.99876	0.6253464
7669	1	28.57546	27.62548	0.9499837	-0.426155	0.00135326	0.998647	0.00270651	1.99729	0.2578316
7670	0	28.03126	27.72646	0.3048028	0.102022	0.00105436	0.998946	0.00210871	1.99789	0.4915125
7671	1	28.14939	28.04687	0.1025113	-0.170801	0.00060682	0.999393	0.00121364	1.99879	0.601712
7672	0	29.49601	28.89644	0.5995693	0.0986825	0.000919274	0.999081	0.00183855	1.99816	0.366032
7673	1	27.66776	27.57865	0.08911687	0.0678047	0.000738606	0.999261	0.00147721	1.99852	0.6098258
7674	0	29.18753	28.63072	0.5568044	0.122343	0.00103635	0.998964	0.0020727	1.99793	0.3820249
7675	1	29.68177	28.90919	0.7725704	0.0881649	0.00111126	0.998889	0.00222253	1.99778	0.307883
7676	0	29.75004	28.98849	0.7615516	-0.0723114	0.000737222	0.999263	0.00147444	1.99853	0.3112942
7677	1	27.9211	27.73872	0.1823715	0.180771	0.000806476	0.999194	0.00161295	1.99839	0.5555278
7678	0	28.79066	28.02911	0.7615516	0.0714705	0.000542744	0.999457	0.00108549	1.99891	0.3112942
7679	1	29.39148	28.4103	0.9811749	0.0465598	0.000802481	0.999198	0.00160496	1.9984	0.2499136
7680	0	26.54812	25.89904	0.6490855	-0.519792	0.00241776	0.997582	0.00483552	1.99516	0.3483489
7681	1	29.40083	28.72682	0.6740131	-0.227809	0.00116669	0.998833	0.00233337	1.99767	0.3397728
7682	0	27.5292	26.77573	0.7534783	0.413703	0.00191605	0.998084	0.00383209	1.99617	0.3138176
7683	1	27.69703	27.4989	0.1981306	-0.178826	0.000980964	0.999019	0.00196193	1.99804	0.5468418
7684	0	29.21502	28.39836	0.8166548	-0.215776	0.00156259	0.998437	0.00312518	1.99687	0.294605
7685	1	29.54967	29.01069	0.5389752	0.0266723	0.000760743	0.999239	0.00152149	1.99848	0.3888972
7686	0	28.90862	27.78477	1.123853	0.173994	0.00192165	0.998078	0.0038433	1.99616	0.2166833
7687	1	29.43533	28.48468	0.9506474	0.186766	0.00126265	0.998737	0.0025253	1.99747	0.2576605
7688	0	26.01748	24.58768	1.4298	0.161284	0.00479956	0.9952	0.00959912	1.9904	0.1595712
7689	1	29.40845	28.80722	0.6012258	0.121636	0.000971783	0.999028	0.00194357	1.99806	0.3654262
7690	0	28.00646	27.11691	0.8895509	-0.170407	0.00257542	0.997425	0.00515085	1.99485	0.2738935
7691	1	27.94501	27.66656	0.2784521	0.18016	0.00100356	0.998996	0.00200712	1.99799	0.5046363
7692	0	27.84225	26.74286	1.099387	-0.424962	0.0021247	0.997875	0.00424941	1.99575	0.2220501
7693	1	28.40572	27.04136	1.364366	0.00850857	0.00252812	0.997472	0.00505624	1.99494	0.1703617
7694	0	29.2733	28.55418	0.7191218	0.144438	0.00128165	0.998718	0.00256331	1.99744	0.3247866
7695	1	28.70385	28.22204	0.4818083	-0.159363	0.00119841	0.998802	0.00239682	1.9976	0.411777
7696	0	26.01936	25.68744	0.3319182	-0.559721	0.00189409	0.998106	0.00378817	1.99621	0.478364
7697	1	28.70311	28.15635	0.5467604	-0.361314	0.00120605	0.998794	0.0024121	1.99759	0.3858813
7698	0	26.30454	25.8917	0.4128413	-0.443849	0.00210559	0.997894	0.00421117	1.99579	0.4411782
7699	1	26.80232	27.01238	-0.2100539	-0.351067	0.000423853	0.999576	0.000847706	1.99915	0.8224964
7700	0	28.94459	27.78606	1.158532	0.159906	0.00189977	0.9981	0.00379955	1.9962	0.2092978
7701	1	29.25846	28.79904	0.4594199	-0.133938	0.000550562	0.999449	0.00110112	1.9989	0.4211
7702	0	29.56449	28.69688	0.867615	0.154431	0.0012059	0.998794	0.00241179	1.99759	0.279968
7703	1	22.03799	21.96984	0.06814873	-0.185449	0.00301456	0.996985	0.00602913	1.99397	0.6227477
7704	0	28.79402	27.81696	0.9770592	0.293969	0.00149976	0.9985	0.00299952	1.997	0.2509443
7705	1	29.57839	28.8043	0.7740865	-0.144492	0.00128527	0.998715	0.00257054	1.99743	0.3074165
7706	0	28.64921	28.04388	0.6053309	-0.445326	0.000832793	0.999167	0.00166559	1.99833	0.3639292
7707	1	27.88222	27.05038	0.8318462	0.254811	0.00227218	0.997728	0.00454436	1.99546	0.2901633
7708	0	29.36711	28.69188	0.6752291	-0.319165	0.000959786	0.99904	0.00191957	1.99808	0.3393599
7709	1	28.56261	28.02564	0.5369645	-0.152584	0.00139301	0.998607	0.00278601	1.99721	0.3896799
7710	0	29.16724	28.01691	1.150323	0.170034	0.00144033	0.99856	0.00288066	1.99712	0.211023
7711	1	28.58014	27.90816	0.6719758	0.0876899	0.00165713	0.998343	0.00331427	1.99669	0.3404657
7712	0	28.71249	28.11812	0.5943667	-0.328907	0.00134251	0.998657	0.00268502	1.99731	0.3679413
7713	1	28.62615	28.00505	0.6211001	0.135954	0.00148449	0.998516	0.00296898	1.99703	0.3582353
7714	0	29.00414	28.21745	0.7866858	0.161285	0.00156776	0.998432	0.00313551	1.99686	0.3035676
7715	1	29.43865	28.41743	1.021214	-0.144636	0.00169626	0.998304	0.00339251	1.99661	0.240105
7716	0	29.33217	28.26738	1.064795	0.177229	0.00132107	0.998679	0.00264214	1.99736	0.2298657
7717	1	26.75842	26.26769	0.4907262	0.532964	0.00149218	0.998508	0.00298437	1.99702	0.4081211
7718	0	27.70794	26.29908	1.408859	-0.305353	0.00209999	0.9979	0.00419999	1.9958	0.162948
7719	1	29.22294	28.58242	0.6405234	0.0411166	0.000555602	0.999444	0.0011112	1.99889	0.3513443
7720	0	27.57491	26.45254	1.12237	0.398133	0.00164275	0.998357	0.00328549	1.99671	0.2170049
7721	1	29.785	28.97099	0.8140151	0.0266247	0.000810487	0.99919	0.00162097	1.99838	0.2953837
7722	0	27.56491	26.90286	0.6620561	0.471957	0.000850388	0.99915	0.00170078	1.9983	0.3438598
7723	1	29.78613	29.05422	0.7319074	-0.157793	0.000986679	0.999013	0.00197336	1.99803	0.3206605
7724	0	29.2563	28.12564	1.130661	0.0919737	0.00178553	0.998214	0.00357107	1.99643	0.2152132
7725	1	29.20695	28.31178	0.8951734	-0.151212	0.00174766	0.998252	0.00349532	1.9965	0.2723578
7726	0	28.86933	28.03882	0.830518	-0.390138	0.00141102	0.998589	0.00282204	1.99718	0.290549
7727	1	29.82587	28.81462	1.011256	-0.0790041	0.00107091	0.998929	0.00214181	1.99786	0.242508
7728	0	29.52073	28.88765	0.6330751	0.139557	0.000780594	0.999219	0.00156119	1.99844	0.353971
7729	1	29.64614	28.61042	1.035725	0.0726202	0.00138896	0.998611	0.00277791	1.99722	0.2366459
7730	0	28.95186	28.10715	0.8447083	0.23261	0.00155712	0.998443	0.00311424	1.99689	0.2864551
7731	1	27.83917	27.25158	0.5875943	-0.146703	0.00188892	0.998111	0.00377784	1.99622	0.3704416
7732	0	28.2675	27.4317	0.8357991	-0.096708	0.00229104	0.997709	0.00458209	1.99542	0.2890186
7733	1	28.49713	27.50861	0.9885279	0.0732574	0.00238647	0.997614	0.00477294	1.99523	0.2480827
7734	0	26.50248	25.66521	0.8372644	-0.0237301	0.00358755	0.996412	0.00717509	1.99282	0.2885954
7735	1	27.85174	26.5886	1.263138	0.0322778	0.00324111	0.996759	0.00648223	1.99352	0.1885102
7736	0	22.8272	22.13399	0.6932062	0.442037	0.00591419	0.994086	0.0118284	1.98817	0.3333137
7737	1	26.68329	25.58798	1.095306	0.00447545	0.0042352	0.995765	0.0084704	1.99153	0.2229581
7738	0	28.52497	28.11599	0.4089833	-0.437814	0.000738057	0.999262	0.00147611	1.99852	0.4428836
7739	1	28.24589	27.15059	1.095306	-0.0174475	0.00280976	0.99719	0.00561953	1.99438	0.2229581
7740	0	27.2849	27.35424	-0.06934157	0.260363	0.000438174	0.999562	0.000876347	1.99912	0.7145348
7741	1	27.70047	27.00501	0.69546	0.181554	0.00216361	0.997836	0.00432722	1.99567	0.3325633
7742	0	29.08354	28.59383	0.4897056	-0.206384	0.00100691	0.998993	0.00201382	1.99799	0.4085378
7743	1	26.56655	25.46369	1.102868	-0.150302	0.00433666	0.995663	0.00867331	1.99133	0.2212786
7744	0	27.2754	27.20544	0.06996729	0.105274	0.000820878	0.999179	0.00164176	1.99836	0.6216162
7745	1	28.21545	26.94737	1.268082	0.0812365	0.00279376	0.997206	0.00558752	1.99441	0.1875806
7746	0	28.54808	28.29359	0.2544923	-0.257758	0.000741575	0.999258	0.00148315	1.99852	0.5168733
7747	1	28.68774	27.59704	1.090705	-0.00749446	0.00242741	0.997573	0.00485481	1.99515	0.2239863
7748	0	29.43091	28.64988	0.7810312	0.0151977	0.00140306	0.998597	0.00280613	1.99719	0.305289
7749	1	28.40555	27.31484	1.090705	-0.254083	0.000797598	0.999202	0.0015952	1.9984	0.2239863
7750	0	29.783	28.87422	0.9087778	0.00950429	0.00129285	0.998707	0.0025857	1.99741	0.2686776
7751	1	28.58013	27.88007	0.7000576	0.0252706	0.00175209	0.998248	0.00350418	1.9965	0.3310378
7752	0	29.01137	28.33595	0.675424	-0.325859	0.000667892	0.999332	0.00133578	1.99866	0.3392937
7753	1	25.1781	24.37138	0.8067181	-0.342971	0.00447119	0.995529	0.00894238	1.99106	0.297547
7754	0	29.61752	28.51734	1.100176	-0.103065	0.00109135	0.998909	0.00218271	1.99782	0.221875
7755	1	29.03554	27.75619	1.27935	0.0325628	0.00192268	0.998077	0.00384537	1.99615	0.1854787
7756	0	28.69395	28.42871	0.2652343	0.00124548	0.00044047	0.99956	0.000880941	1.99912	0.5113508
7757	1	28.60933	27.29091	1.318423	-0.0241136	0.00109034	0.99891	0.00218068	1.99782	0.1783713
7758	0	29.12924	28.26544	0.8638	0.261224	0.00127989	0.99872	0.00255979	1.99744	0.2810381
7759	1	29.34381	28.57944	0.7643617	0.0877994	0.00138018	0.99862	0.00276037	1.99724	0.3104207
7760	0	28.32649	27.22714	1.099348	0.311227	0.00182326	0.998177	0.00364651	1.99635	0.2220587
7761	1	29.29145	28.65116	0.6402821	0.222746	0.00082121	0.999179	0.00164242	1.99836	0.3514291
7762	0	27.99143	27.10325	0.888177	0.411059	0.00156819	0.998432	0.00313638	1.99686	0.27427
7763	1	27.65538	26.40936	1.246014	-0.380067	0.00237532	0.997625	0.00475063	1.99525	0.191766
7764	0	28.31096	27.09295	1.21801	-0.247764	0.000963035	0.999037	0.00192607	1.99807	0.1972122
7765	1	26.1875	25.41632	0.7711779	-0.0194875	0.0035839	0.996416	0.00716779	1.99283	0.308312
7766	0	28.3962	27.99199	0.4042085	-0.140161	0.00116533	0.998835	0.00233066	1.99767	0.4450033
7767	1	28.96987	28.0993	0.8705725	-0.374701	0.000957818	0.999042	0.00191564	1.99808	0.2791412
7768	0	27.80927	27.2196	0.5896705	-0.507258	0.00148352	0.998516	0.00296704	1.99703	0.3696733
7769	1	28.6905	28.3034	0.3871002	-0.386065	0.000797012	0.999203	0.00159402	1.99841	0.452682
7770	0	29.18848	27.9405	1.24798	-0.152698	0.00168417	0.998316	0.00336835	1.99663	0.1913894
7771	1	25.30688	24.64063	0.6662497	-0.682603	0.00182108	0.998179	0.00364217	1.99636	0.3424208
7772	0	28.47781	27.95479	0.5230147	-0.357201	0.00129748	0.998703	0.00259495	1.99741	0.395154
7773	1	24.6499	24.85672	-0.2068208	0.548818	0.000975404	0.999025	0.00195081	1.99805	0.8198414
7774	0	27.79151	27.17938	0.6121303	0.447271	0.00133972	0.99866	0.00267944	1.99732	0.3614631
7775	1	29.07344	28.46113	0.612308	0.0349512	0.000518925	0.999481	0.00103785	1.99896	0.3613988
7776	0	28.55649	27.89815	0.6583388	0.370297	0.000875583	0.999124	0.00175117	1.99825	0.3451404
7777	1	29.46009	28.72321	0.7368813	0.188868	0.00103255	0.998967	0.0020651	1.99793	0.3190695
7778	0	28.166	26.74822	1.417781	-0.220484	0.0020878	0.997912	0.00417561	1.99582	0.1615006
7779	1	29.2558	28.51891	0.7368813	0.0682716	0.0014047	0.998595	0.0028094	1.99719	0.3190695
7780	0	26.27349	25.65675	0.6167475	0.323123	0.00269151	0.997308	0.00538302	1.99462	0.359798
7781	1	29.27765	28.03939	1.238264	-0.112659	0.00169495	0.998305	0.00338989	1.99661	0.193258
7782	0	28.15895	27.0889	1.070048	-0.368696	0.00223944	0.997761	0.00447888	1.99552	0.2286615
7783	1	25.69091	24.74679	0.9441116	-0.0963796	0.00475959	0.99524	0.00951918	1.99048	0.25935
7784	0	29.47466	28.40461	1.070048	0.0714463	0.00161219	0.998388	0.00322438	1.99678	0.2286615
7785	1	26.50523	25.91075	0.5944737	-0.251629	0.00266831	0.997332	0.00533662	1.99466	0.3679019
7786	0	29.31231	28.07779	1.234523	0.0393133	0.00154106	0.998459	0.00308212	1.99692	0.1939823
7787	1	26.37879	25.72492	0.653873	0.228892	0.00284999	0.99715	0.00569999	1.9943	0.3466852
7788	0	29.20877	27.97425	1.234523	-0.163333	0.00166505	0.998335	0.00333011	1.99667	0.1939823
7789	1	24.47012	23.84193	0.628185	0.389079	0.0040275	0.995972	0.008055	1.99194	0.3557062
7790	0	29.258	28.29466	0.9633416	0.179169	0.00154553	0.998454	0.00309106	1.99691	0.2544104
7791	1	28.40929	27.70439	0.7049057	-0.337452	0.00173693	0.998263	0.00347385	1.99653	0.3294368
7792	0	27.20506	26.52231	0.682756	-0.0664024	0.00254128	0.997459	0.00508256	1.99492	0.3368151
7793	1	29.19788	28.17402	1.023855	-0.215877	0.000865128	0.999135	0.00173026	1.99827	0.2394716
7794	0	26.23813	26.37221	-0.1340758	-0.205177	0.000749848	0.99925	0.0014997	1.9985	0.7623197
7795	1	29.03245	28.22972	0.8027281	-0.317251	0.00150805	0.998492	0.0030161	1.99698	0.2987365
7796	0	28.00136	27.74689	0.2544642	0.315638	0.000824811	0.999175	0.00164962	1.99835	0.5168879
7797	1	28.99987	27.92946	1.070405	0.0521508	0.00209974	0.9979	0.00419948	1.9958	0.2285798
7798	0	27.89174	27.54385	0.3478831	0.320672	0.00108253	0.998917	0.00216506	1.99783	0.4707876
7799	1	27.47272	26.53676	0.9359645	-0.261037	0.00299648	0.997004	0.00599296	1.99401	0.2614716
7800	0	29.38444	28.32343	1.061005	0.0413734	0.00175895	0.998241	0.0035179	1.99648	0.2307385
7801	1	28.7813	27.88041	0.9008932	0.305652	0.00146272	0.998537	0.00292544	1.99707	0.2708044
7802	0	29.50413	28.49952	1.004608	-0.240808	0.00138032	0.99862	0.00276064	1.99724	0.2441255
7803	1	29.6904	28.8077	0.8827004	-0.0696524	0.00138429	0.998616	0.00276858	1.99723	0.2757762
7804	0	28.94634	28.55772	0.3886252	-0.272744	0.000557589	0.999442	0.00111518	1.99888	0.4519922
7805	1	27.70101	26.90234	0.7986677	-0.374875	0.00232715	0.997673	0.0046543	1.99535	0.299952
7806	0	24.76228	25.09765	-0.3353658	0.411581	0.000709938	0.99929	0.00141988	1.99858	0.9323013
7807	1	29.39943	28.79856	0.6008787	-0.104885	0.000577968	0.999422	0.00115594	1.99884	0.3655531
7808	0	27.54445	27.49916	0.04528928	0.251276	0.000629854	0.99937	0.00125971	1.99874	0.6371473
7809	1	29.92097	29.11211	0.808853	-0.0403876	0.000958626	0.999041	0.00191725	1.99808	0.2969124
7810	0	24.46869	24.4234	0.04528928	0.305591	0.0017115	0.998288	0.00342301	1.99658	0.6371473
7811	1	27.60087	26.90761	0.693257	0.425313	0.00070653	0.999293	0.00141306	1.99859	0.3332967
7812	0	29.27982	28.49957	0.7802419	0.0164588	0.00150271	0.998497	0.00300543	1.99699	0.3055301
7813	1	28.87222	28.2398	0.6324219	-0.389427	0.000735789	0.999264	0.00147158	1.99853	0.3542023
7814	0	29.71058	28.71144	0.999144	-0.184514	0.00111235	0.998888	0.00222471	1.99778	0.245463
7815	1	27.86949	27.3114	0.558086	-0.338943	0.000454769	0.999545	0.000909537	1.99909	0.3815356
7816	0	26.86967	25.56375	1.305925	-0.18512	0.00414252	0.995857	0.00828504	1.99171	0.1806146
7817	1	28.59614	27.62357	0.9725718	-0.143431	0.000638423	0.999362	0.00127685	1.99872	0.2520729
7818	0	29.87615	29.03467	0.8414766	-0.137822	0.000945181	0.999055	0.00189036	1.99811	0.2873824
7819	1	29.1549	28.55735	0.5975493	-0.344109	0.000988272	0.999012	0.00197654	1.99802	0.3667722
7820	0	29.12718	28.46651	0.6606683	-0.215475	0.00133442	0.998666	0.00266884	1.99733	0.3443373
7821	1	29.26174	28.62425	0.6374899	-0.22929	0.000611213	0.999389	0.00122243	1.99878	0.3524118
7822	0	28.78921	28.48492	0.3042877	-0.24966	0.000721511	0.999278	0.00144302	1.99856	0.4917657
7823	1	27.99673	27.04916	0.9475785	-0.472929	0.00110875	0.998891	0.00221749	1.99778	0.2584524
7824	0	29.407	28.1879	1.2191	-0.0978647	0.00137745	0.998623	0.00275491	1.99725	0.1969974
7825	1	29.29884	28.35667	0.9421625	0.156635	0.00155672	0.998443	0.00311344	1.99689	0.259856
7826	0	29.84436	28.98327	0.8610964	-0.164078	0.000985975	0.999014	0.00197195	1.99803	0.2817989
7827	1	29.1373	28.49596	0.6413388	-0.141246	0.00132183	0.998678	0.00264366	1.99736	0.351058
7828	0	28.73414	28.14149	0.5926446	-0.423586	0.000771128	0.999229	0.00154226	1.99846	0.3685755
7829	1	28.77499	27.80628	0.9687176	-0.393726	0.0014165	0.998584	0.002833	1.99717	0.2530463
7830	0	28.46254	28.25326	0.2092761	-0.314346	0.000605618	0.999394	0.00121124	1.99879	0.5407808
7831	1	28.47	27.50128	0.9687176	0.0428561	0.00239917	0.997601	0.00479834	1.9952	0.2530463
7832	0	29.23608	28.63771	0.5983677	-0.236498	0.000600943	0.999399	0.00120189	1.9988	0.3664721
7833	1	28.88433	27.92082	0.9635098	-0.0321298	0.00211603	0.997884	0.00423206	1.99577	0.2543676
7834	0	26.31976	26.31849	0.001266139	-0.0896444	0.00098487	0.999015	0.00196974	1.99803	0.6658231
7835	1	26.22654	25.48332	0.7432248	-0.281811	0.00338734	0.996613	0.00677467	1.99323	0.3170519
7836	0	28.141	27.70644	0.4345621	0.345451	0.00110001	0.9989	0.00220003	1.9978	0.4316988
7837	1	27.29736	26.35645	0.9409125	-0.369962	0.00290328	0.997097	0.00580657	1.99419	0.260181
7838	0	28.27711	28.07268	0.204425	-0.2807	0.000425927	0.999574	0.000851854	1.99915	0.5434106
7839	1	28.67475	27.99713	0.6776184	0.354274	0.00107257	0.998927	0.00214513	1.99785	0.33855
7840	0	28.01264	27.88983	0.1228085	-0.168925	0.000354313	0.999646	0.000708626	1.99929	0.589622
7841	1	29.21678	28.27452	0.942264	0.221135	0.00141355	0.998586	0.0028271	1.99717	0.2598296
7842	0	24.18065	24.52935	-0.3486965	-0.63146	0.000952624	0.999047	0.00190525	1.99809	0.9448127
7843	1	29.30949	28.20663	1.102859	-0.0394682	0.00189596	0.998104	0.00379191	1.99621	0.2212805
7844	0	29.46051	28.8144	0.6461141	0.119359	0.00102923	0.998971	0.00205846	1.99794	0.3493856
7845	1	26.04517	24.79148	1.25369	0.434761	0.00134174	0.998658	0.00268348	1.99732	0.1902996
7846	0	26.21146	24.62886	1.582596	-0.0212406	0.004431	0.995569	0.008862	1.99114	0.1369607
7847	1	29.39254	28.62319	0.7693515	0.046261	0.0013898	0.99861	0.00277961	1.99722	0.3088756
7848	0	26.86083	25.79914	1.061691	0.00343181	0.00397935	0.996021	0.00795871	1.99204	0.2305803
7849	1	28.48088	27.48753	0.9933496	0.0730692	0.00240701	0.997593	0.00481403	1.99519	0.2468894
7850	0	26.24925	25.22775	1.021499	-0.446258	0.00358615	0.996414	0.00717229	1.99283	0.2400366
7851	1	27.52912	26.70728	0.821838	0.192283	0.0026019	0.997398	0.0052038	1.9948	0.2930819
7852	0	26.24498	25.22348	1.021499	0.175854	0.00426586	0.995734	0.00853173	1.99147	0.2400366
7853	1	25.53624	24.93514	0.6010998	0.258444	0.00322146	0.996779	0.00644292	1.99356	0.3654722
7854	0	26.30209	25.72389	0.5782012	-0.57971	0.00218766	0.997812	0.00437531	1.99562	0.3739376
7855	1	23.0553	22.00977	1.045526	0.209998	0.00840197	0.991598	0.0168039	1.9832	0.2343378
7856	0	28.83615	27.66097	1.175187	-0.0579483	0.0023453	0.997655	0.0046906	1.99531	0.2058409
7857	1	23.90965	23.19095	0.7186943	0.38268	0.00500525	0.994995	0.0100105	1.98999	0.3249255
7858	0	29.23905	28.68717	0.5518817	0.151679	0.000618852	0.999381	0.0012377	1.99876	0.3839101
7859	1	29.73253	28.66821	1.064318	0.028564	0.00121167	0.998788	0.00242335	1.99758	0.2299754
7860	0	29.62173	28.51612	1.105614	-0.0463882	0.00153853	0.998461	0.00307706	1.99692	0.2206718
7861	1	29.60616	28.8063	0.7998526	0.0652409	0.00126306	0.998737	0.00252612	1.99747	0.2995968
7862	0	29.59745	28.66212	0.9353275	-0.187661	0.00142755	0.998572	0.00285511	1.99714	0.2616382
7863	1	28.3228	27.99188	0.330914	0.309235	0.000818522	0.999181	0.00163704	1.99836	0.4788446
7864	0	27.74072	27.04918	0.6915409	0.131156	0.00189005	0.99811	0.0037801	1.99622	0.3338692
7865	1	26.4225	25.8569	0.5656001	-0.505643	0.00236219	0.997638	0.00472439	1.99528	0.3786794
7866	0	27.7646	27.45717	0.3074315	-0.528276	0.000887592	0.999112	0.00177518	1.99822	0.4902222
7867	1	26.87798	25.27194	1.606041	0.135253	0.00265003	0.99735	0.00530006	1.9947	0.133787
7868	0	27.626	27.54285	0.08315349	0.280625	0.000656511	0.999343	0.00131302	1.99869	0.6134733
7869	1	26.97225	25.90997	1.062277	0.34794	0.00302607	0.996974	0.00605213	1.99395	0.2304453
7870	0	29.13075	28.75744	0.3733181	0.0616681	0.000636883	0.999363	0.00127377	1.99873	0.4589641
7871	1	28.24278	27.1805	1.062277	0.148442	0.00258505	0.997415	0.00517011	1.99483	0.2304453
7872	0	27.34068	27.25215	0.08853518	-0.479847	0.000451342	0.999549	0.000902685	1.9991	0.6101806
7873	1	29.49124	28.7359	0.7553407	-0.238396	0.00122192	0.998778	0.00244384	1.99756	0.3132337
7874	0	26.45342	26.34237	0.1110487	-0.593074	0.00109221	0.998908	0.00218442	1.99782	0.5965968
7875	1	29.47663	28.76773	0.7089035	-0.0057304	0.00124633	0.998754	0.00249266	1.99751	0.3281224
7876	0	26.27268	25.69336	0.5793226	0.186534	0.000333928	0.999666	0.000667856	1.99933	0.3735185
7877	1	28.1556	27.69708	0.4585212	0.397018	0.000681157	0.999319	0.00136231	1.99864	0.4214786
7878	0	29.16478	28.7708	0.3939801	-0.00949973	0.000536906	0.999463	0.00107381	1.99893	0.4495783
7879	1	29.2186	28.73287	0.4857351	0.126883	0.000842459	0.999158	0.00168492	1.99832	0.4101632
7880	0	28.76016	28.35988	0.4002728	-0.365636	0.000624666	0.999375	0.00124933	1.99875	0.4467582
7881	1	28.22712	27.53405	0.693067	0.372941	0.00145787	0.998542	0.00291573	1.99708	0.3333601
7882	0	29.39104	28.67767	0.7133747	0.0474323	0.000619201	0.999381	0.0012384	1.99876	0.3266585
7883	1	28.08157	26.94827	1.133306	-0.00391238	0.00299153	0.997008	0.00598307	1.99402	0.2146447
7884	0	27.3624	26.51751	0.8448905	-0.535282	0.000996437	0.999004	0.00199287	1.99801	0.2864029
7885	1	28.09376	27.66633	0.4274343	0.0423416	0.00132813	0.998672	0.00265627	1.99734	0.4347869
7886	0	27.33178	26.77538	0.5563992	0.504114	0.00129177	0.998708	0.00258355	1.99742	0.3821797
7887	1	28.01582	27.66049	0.3553258	-0.334563	0.000417648	0.999582	0.000835297	1.99916	0.4672967
7888	0	28.52087	28.18091	0.3399635	0.292774	0.000643026	0.999357	0.00128605	1.99871	0.4745309
7889	1	26.9257	26.7459	0.1798093	0.479493	0.000953355	0.999047	0.00190671	1.99809	0.556953
7890	0	29.10854	28.24653	0.8620086	-0.361254	0.000986511	0.999013	0.00197302	1.99803	0.281542
7891	1	27.75258	27.74943	0.003145687	-0.318657	0.000466697	0.999533	0.000933395	1.99907	0.6645728
7892	0	28.48585	27.94944	0.5364108	-0.413578	0.00122397	0.998776	0.00244795	1.99755	0.3898957
7893	1	27.34942	27.31462	0.03480074	-0.467082	0.000673851	0.999326	0.0013477	1.99865	0.6438652
7894	0	29.07579	28.08242	0.9933697	0.251477	0.00137506	0.998625	0.00275011	1.99725	0.2468845
7895	1	28.25031	27.66473	0.5855784	0.387472	0.000719156	0.999281	0.00143831	1.99856	0.3711891
7896	0	29.26673	28.55318	0.7135432	-0.348115	0.000920231	0.99908	0.00184046	1.99816	0.3266035
7897	1	29.32789	28.80757	0.5203244	-0.0550319	0.000957483	0.999043	0.00191497	1.99809	0.3962185
7898	0	28.18563	28.07036	0.1152635	0.0931895	0.000576568	0.999423	0.00115314	1.99885	0.5940875
7899	1	28.71668	28.17632	0.5403583	0.228475	0.00117038	0.99883	0.00234077	1.99766	0.3883597
7900	0	28.41321	27.93156	0.4816438	-0.353472	0.000509074	0.999491	0.00101815	1.99898	0.4118447
7901	1	29.01986	27.86344	1.156417	0.010293	0.000905096	0.999095	0.00181019	1.99819	0.209741
7902	0	28.22513	26.98695	1.238181	0.219894	0.00232538	0.997675	0.00465077	1.99535	0.193274
7903	1	28.80695	27.54872	1.258232	0.170017	0.00144841	0.998552	0.00289682	1.9971	0.1894373
7904	0	29.14822	28.2858	0.862425	-0.0466945	0.00176006	0.99824	0.00352012	1.99648	0.2814248
7905	1	27.68119	26.54378	1.137405	0.317927	0.002476	0.997524	0.004952	1.99505	0.2137666
7906	0	26.96827	26.26416	0.7041079	-0.3094	0.00269345	0.997307	0.0053869	1.99461	0.3296997
7907	1	29.77661	28.99634	0.7802726	-0.067958	0.00115342	0.998847	0.00230684	1.99769	0.3055207
7908	0	26.81814	26.88653	-0.06839277	0.354926	0.000614705	0.999385	0.00122941	1.99877	0.7138572
7909	1	29.34822	28.88592	0.4622982	0.00484681	0.000588646	0.999411	0.00117729	1.99882	0.4198897
7910	0	29.84542	29.03636	0.8090661	-0.0320407	0.000819426	0.999181	0.00163885	1.99836	0.2968491
7911	1	29.57583	29.01621	0.559623	-0.169271	0.000744042	0.999256	0.00148808	1.99851	0.3809497
7912	0	28.8876	28.18117	0.706433	-0.13254	0.00160571	0.998394	0.00321142	1.99679	0.328934
7913	1	28.52687	27.50477	1.022098	0.19014	0.0022122	0.997788	0.00442441	1.99558	0.2398929
7914	0	29.07352	28.00603	1.06749	-0.319393	0.00129949	0.998701	0.00259898	1.9974	0.2292471
7915	1	26.67286	25.89165	0.781213	-0.604139	0.00165753	0.998342	0.00331507	1.99668	0.3052335
7916	0	29.04019	27.95882	1.081362	-0.313734	0.00151504	0.998485	0.00303008	1.99697	0.2260888
7917	1	27.60545	26.81522	0.7902265	0.203583	0.00245207	0.997548	0.00490414	1.9951	0.3024947
7918	0	28.32829	27.05191	1.276385	-0.312022	0.00193671	0.998063	0.00387343	1.99613	0.1860296
7919	1	28.30654	27.79264	0.5138941	-0.0847371	0.00146279	0.998537	0.00292557	1.99707	0.3987745
7920	0	29.58668	28.59554	0.9911373	-0.192008	0.00145054	0.998549	0.00290108	1.9971	0.2474362
7921	1	28.90466	28.39076	0.5138941	-0.22075	0.000501768	0.999498	0.00100354	1.999	0.3987745
7922	0	28.4304	27.5774	0.8530017	-0.313805	0.00203242	0.997968	0.00406483	1.99594	0.2840893
7923	1	28.20562	27.37999	0.8256273	0.404207	0.001373	0.998627	0.00274601	1.99725	0.2919735
7924	0	29.39572	28.7827	0.613021	-0.105772	0.00111546	0.998885	0.00223091	1.99777	0.3611413
7925	1	28.92349	27.58772	1.335773	0.036402	0.00178658	0.998213	0.00357316	1.99643	0.1753032
7926	0	29.75936	28.69353	1.065831	-0.0309842	0.00134369	0.998656	0.00268738	1.99731	0.2296277
7927	1	28.24034	26.79857	1.441768	0.073292	0.00220428	0.997796	0.00440857	1.99559	0.1576727
7928	0	27.13302	26.84141	0.2916084	0.117402	0.00137203	0.998628	0.00274406	1.99726	0.4980407
7929	1	28.90092	27.64399	1.256929	0.0470443	0.00213475	0.997865	0.00426951	1.99573	0.1896842
7930	0	19.18164	19.43659	-0.2549534	0.862266	0.00103513	0.998965	0.00207025	1.99793	0.8602677
7931	1	29.45913	28.93198	0.5271445	-0.204038	0.000697255	0.999303	0.00139451	1.99861	0.3935254
7932	0	28.99261	28.41091	0.5817086	-0.32608	0.00114221	0.998858	0.00228443	1.99772	0.3726284
7933	1	29.78845	28.94135	0.8471013	-0.191569	0.00108197	0.998918	0.00216395	1.99784	0.2857704
7934	0	29.09586	28.18563	0.9102291	-0.287141	0.00080483	0.999195	0.00160966	1.99839	0.268288
7935	1	29.85501	28.8848	0.9702022	-0.033348	0.00100536	0.998995	0.00201073	1.99799	0.2526709
7936	0	28.64412	27.90668	0.7374416	0.337562	0.00130838	0.998692	0.00261675	1.99738	0.3188908
7937	1	29.52257	28.99581	0.5267584	0.0296276	0.000693591	0.999306	0.00138718	1.99861	0.3936774
7938	0	28.39967	27.14291	1.256757	-0.163466	0.000950379	0.99905	0.00190076	1.9981	0.1897169
7939	1	28.20539	27.90008	0.3053119	-0.448512	0.000605217	0.999395	0.00121043	1.99879	0.4912623
7940	0	28.83611	28.12953	0.7065739	0.0456368	0.00161086	0.998389	0.00322171	1.99678	0.3288877
7941	1	28.63537	28.24515	0.3902139	-0.165893	0.00102697	0.998973	0.00205394	1.99795	0.4512747
7942	0	28.85123	27.63719	1.214042	-0.242743	0.00117115	0.998829	0.0023423	1.99766	0.1979962
7943	1	27.83773	27.55426	0.2834752	-0.442561	0.00102093	0.998979	0.00204186	1.99796	0.5021079
7944	0	28.34691	27.9042	0.4427063	0.190016	0.00118756	0.998812	0.00237512	1.99762	0.4281972
7945	1	28.66604	27.77492	0.8911237	0.343196	0.00122959	0.99877	0.00245919	1.99754	0.273463
7946	0	29.5203	28.98005	0.5402497	-0.150487	0.000660939	0.999339	0.00132188	1.99868	0.3884018
7947	1	28.42313	28.03597	0.3871542	0.1306	0.00106163	0.998938	0.00212326	1.99788	0.4526576
7948	0	29.42516	28.92838	0.4967791	-0.0138721	0.000601209	0.999399	0.00120242	1.9988	0.4056583
7949	1	29.507	28.42413	1.082872	-0.206103	0.00118217	0.998818	0.00236434	1.99764	0.2257477
7950	0	28.6974	28.41639	0.2810049	0.112901	0.000695326	0.999305	0.00139065	1.99861	0.5033498
7951	1	26.71974	25.26206	1.457683	-0.0640302	0.00428235	0.995718	0.00856471	1.99144	0.1551834
7952	0	29.88293	29.01642	0.8665089	0.0261219	0.00105551	0.998944	0.00211102	1.99789	0.2802778
7953	1	26.86744	25.40976	1.457683	0.152534	0.00367351	0.996326	0.00734703	1.99265	0.1551834
7954	0	25.78467	25.07387	0.7108009	-0.533467	0.00306387	0.996936	0.00612773	1.99387	0.3275004
7955	1	27.50276	26.9623	0.5404524	0.0802281	0.00189567	0.998104	0.00379133	1.99621	0.3883231
7956	0	29.74548	29.10303	0.6424479	0.00171153	0.000835606	0.999164	0.00167121	1.99833	0.3506688
7957	1	28.7222	27.98041	0.7417923	-0.0185082	0.00177915	0.998221	0.0035583	1.99644	0.3175064
7958	0	29.76611	29.12583	0.640286	-0.0548555	0.000787514	0.999212	0.00157503	1.99842	0.3514278
7959	1	27.81676	26.33898	1.477783	0.150154	0.00204351	0.997956	0.00408702	1.99591	0.1520953
7960	0	29.03861	28.28627	0.7523393	-0.385394	0.00117429	0.998826	0.00234858	1.99765	0.3141752
7961	1	27.79956	27.06576	0.7338011	0.165867	0.00221781	0.997782	0.00443561	1.99556	0.3200538
7962	0	28.2984	27.6294	0.6690096	0.324278	0.00151986	0.99848	0.00303972	1.99696	0.3414771
7963	1	28.9041	27.67989	1.224216	-0.251413	0.00175582	0.998244	0.00351164	1.99649	0.1959921
7964	0	28.96422	28.44075	0.5234719	0.204067	0.00101329	0.998987	0.00202658	1.99797	0.3949734
7965	1	27.40302	26.18237	1.220649	-0.417775	0.00237837	0.997622	0.00475675	1.99524	0.1966924
7966	0	24.68061	24.59494	0.08566883	0.693604	0.00111432	0.998886	0.00222864	1.99777	0.6119321
7967	1	29.45023	28.84664	0.6035954	0.108642	0.000958909	0.999041	0.00191782	1.99808	0.3645613
7968	0	29.31264	28.87935	0.4332935	-0.0275908	0.000740629	0.999259	0.00148126	1.99852	0.4322468
7969	1	29.07826	28.59342	0.4848321	0.0957304	0.00096656	0.999033	0.00193312	1.99807	0.4105337
7970	0	28.67415	28.18287	0.4912813	-0.431575	0.000882797	0.999117	0.00176559	1.99823	0.4078946
7971	1	29.08655	28.52178	0.5647715	-0.159978	0.000517957	0.999482	0.00103591	1.99896	0.3789933
7972	0	28.7926	28.54657	0.2460301	0.00856769	0.000517292	0.999483	0.00103458	1.99897	0.5212658
7973	1	28.78241	27.65851	1.123899	0.222715	0.00109008	0.99891	0.00218016	1.99782	0.2166735
7974	0	26.12384	25.5661	0.5577369	-0.246386	0.000319339	0.999681	0.000638677	1.99936	0.3816688
7975	1	29.30518	28.76033	0.5448465	-0.0205743	0.00101937	0.998981	0.00203874	1.99796	0.3866205
7976	0	26.58838	26.10751	0.4808659	0.127438	0.000309663	0.99969	0.000619327	1.99938	0.4121652
7977	1	27.69755	26.91819	0.7793627	-0.170555	0.00250676	0.997493	0.00501352	1.99499	0.3057988
7978	0	29.04142	28.47881	0.5626167	-0.0125673	0.000775771	0.999224	0.00155154	1.99845	0.3798109
7979	1	26.41336	25.54346	0.869904	-0.372779	0.00349252	0.996507	0.00698505	1.99301	0.2793278
7980	0	28.72088	28.46086	0.2600254	0.0487823	0.000664627	0.999335	0.00132925	1.99867	0.5140213
7981	1	28.96396	28.48611	0.477851	-0.119418	0.00106639	0.998934	0.00213278	1.99787	0.4134097
7982	0	29.72461	29.02037	0.7042446	-0.126156	0.000729695	0.99927	0.00145939	1.99854	0.3296547
7983	1	29.70866	28.75898	0.9496752	-0.209668	0.00110293	0.998897	0.00220587	1.99779	0.2579111
7984	0	27.71456	26.84083	0.8737295	-0.437609	0.000740696	0.999259	0.00148139	1.99852	0.2782613
7985	1	26.74357	26.30928	0.4342937	-0.470835	0.00189637	0.998104	0.00379274	1.99621	0.4318147
7986	0	29.37406	28.50033	0.8737295	0.134098	0.0014662	0.998534	0.00293239	1.99707	0.2782613
7987	1	27.53618	26.87827	0.657903	-0.371048	0.00213046	0.99787	0.00426092	1.99574	0.3452909
7988	0	28.41902	27.97722	0.4418024	0.280985	0.000523162	0.999477	0.00104632	1.99895	0.4285844
7989	1	28.39455	28.16229	0.2322611	0.234835	0.000536894	0.999463	0.00107379	1.99893	0.5284928
7990	0	27.17147	27.05838	0.1130912	-0.353194	0.000976957	0.999023	0.00195391	1.99805	0.5953795
7991	1	29.30707	28.89213	0.4149391	-0.0700138	0.000683792	0.999316	0.00136758	1.99863	0.4402537
7992	0	28.25095	27.70219	0.5487518	-0.249515	0.00155358	0.998446	0.00310716	1.99689	0.3851136
7993	1	28.54289	27.86765	0.6752376	-0.35246	0.00157082	0.998429	0.00314164	1.99686	0.339357
7994	0	29.2033	28.3404	0.862906	-0.258893	0.00157631	0.998424	0.00315263	1.99685	0.2812894
7995	1	26.39996	25.50356	0.8964011	-0.60196	0.0014892	0.998511	0.00297839	1.99702	0.2720237
7996	0	29.77186	28.70688	1.064983	-0.0138521	0.00126775	0.998732	0.00253551	1.99746	0.2298225
7997	1	28.69863	28.05037	0.6482649	-0.386194	0.00134796	0.998652	0.00269592	1.9973	0.3486349
7998	0	28.13889	26.63716	1.501731	-0.0751835	0.00197875	0.998021	0.00395749	1.99604	0.1484961
7999	1	29.1942	28.6068	0.5874004	0.174816	0.00103313	0.998967	0.00206627	1.99793	0.3705135
8000	0	27.78315	26.38007	1.403077	-0.305117	0.00179018	0.99821	0.00358037	1.99642	0.1638929
8001	1	29.4235	28.56671	0.8567919	0.192125	0.00123661	0.998763	0.00247321	1.99753	0.2830145
8002	0	28.62922	27.22614	1.403077	0.0173419	0.00194966	0.99805	0.00389933	1.9961	0.1638929
8003	1	29.29966	28.74643	0.5532273	0.17269	0.000852908	0.999147	0.00170582	1.99829	0.3833939
8004	0	27.8271	27.15285	0.6742523	-0.542189	0.00105918	0.998941	0.00211835	1.99788	0.3396915
8005	1	29.35837	28.72226	0.6361184	-0.250923	0.00109622	0.998904	0.00219245	1.99781	0.3528954
8006	0	29.11807	27.81331	1.304763	-0.0899424	0.00149565	0.998504	0.0029913	1.99701	0.1808245
8007	1	28.00754	27.23398	0.7735587	0.396941	0.0016311	0.998369	0.00326221	1.99674	0.3075788
8008	0	28.46576	27.79432	0.6714393	0.00551657	0.0017544	0.998246	0.00350881	1.99649	0.3406484
8009	1	25.26903	24.51943	0.7496015	-0.676844	0.00149073	0.998509	0.00298145	1.99702	0.3150365
8010	0	27.30944	26.10754	1.201899	-0.0206845	0.00379735	0.996203	0.00759471	1.99241	0.2004152
8011	1	29.8705	28.91286	0.9576376	-0.0274335	0.00122139	0.998779	0.00244278	1.99756	0.2558657
8012	0	24.00521	23.04174	0.963473	-0.266705	0.00666226	0.993338	0.0133245	1.98668	0.2543769
8013	1	27.58122	26.25924	1.321984	0.244795	0.0011668	0.998833	0.0023336	1.99767	0.1777372
8014	0	23.8446	22.40314	1.441457	0.234576	0.00750358	0.992496	0.0150072	1.98499	0.1577218
8015	1	27.95294	27.51908	0.4338565	-0.471023	0.00122581	0.998774	0.00245161	1.99755	0.4320035
8016	0	27.21477	25.68324	1.531532	-0.264885	0.00203376	0.997966	0.00406753	1.99593	0.1441362
8017	1	28.9921	28.37445	0.6176493	-0.133106	0.00135447	0.998646	0.00270895	1.99729	0.3594737
8018	0	27.36326	25.83173	1.531532	0.0147512	0.00131265	0.998687	0.00262531	1.99737	0.1441362
8019	1	27.8018	27.43678	0.3650175	0.127753	0.00127877	0.998721	0.00255754	1.99744	0.4627896
8020	0	29.29503	28.36183	0.9331973	0.148274	0.000821103	0.999179	0.00164221	1.99836	0.2621962
8021	1	29.5896	28.65647	0.9331309	0.0049313	0.000799927	0.9992	0.00159985	1.9984	0.2622136
8022	0	29.48927	28.56722	0.9220515	-0.136291	0.000771666	0.999228	0.00154333	1.99846	0.2651349
8023	1	29.02058	28.08745	0.9331309	0.257721	0.00146467	0.998535	0.00292934	1.99707	0.2622136
8024	0	27.28468	27.31239	-0.0277066	0.0667403	0.000633915	0.999366	0.00126783	1.99873	0.685396
8025	1	26.89248	25.60443	1.28805	0.218721	0.00372711	0.996273	0.00745423	1.99255	0.183872
8026	0	28.51708	28.25871	0.2583647	-0.227793	0.000779359	0.999221	0.00155872	1.99844	0.5148757
8027	1	27.03427	26.22761	0.8066627	-0.0520397	0.0030691	0.996931	0.0061382	1.99386	0.2975634
8028	0	28.07982	27.84214	0.2376741	-0.377626	0.000865468	0.999135	0.00173094	1.99827	0.5256397
8029	1	27.59635	26.90058	0.6957718	-0.54277	0.00153813	0.998462	0.00307625	1.99692	0.3324596
8030	0	26.55385	26.54367	0.01018022	0.345759	0.000307336	0.999693	0.000614672	1.99939	0.6599143
8031	1	29.28698	28.18983	1.097144	0.0248822	0.00187893	0.998121	0.00375786	1.99624	0.2225487
8032	0	28.98666	28.4274	0.5592556	-0.349516	0.00105428	0.998946	0.00210855	1.99789	0.3810896
8033	1	24.72677	23.2093	1.517476	-0.0582687	0.0007901	0.99921	0.0015802	1.99842	0.1461764
8034	0	28.73863	28.00004	0.7385833	-0.281074	0.00166921	0.998331	0.00333841	1.99666	0.3185269
8035	1	29.4423	28.23365	1.208651	-0.0672748	0.00130242	0.998698	0.00260483	1.9974	0.1990666
8036	0	26.69684	25.59198	1.10486	0.44241	0.00245365	0.997546	0.00490729	1.99509	0.2208381
8037	1	29.55786	28.57203	0.9858302	-0.245972	0.00115346	0.998847	0.00230692	1.99769	0.2487529
8038	0	29.3961	28.65505	0.7410408	-0.14604	0.00135722	0.998643	0.00271444	1.99729	0.3177451
8039	1	28.71591	27.75748	0.9584306	-0.396642	0.00151626	0.998484	0.00303251	1.99697	0.2556628
8040	0	29.34777	28.6173	0.7304738	-0.240701	0.00129327	0.998707	0.00258655	1.99741	0.3211205
8041	1	27.56393	27.13555	0.4283775	0.205521	0.000369908	0.99963	0.000739816	1.99926	0.4343769
8042	0	28.20409	27.73549	0.4686053	-0.206437	0.00139595	0.998604	0.00279189	1.99721	0.4172497
8043	1	29.67755	28.81242	0.8651347	0.0458935	0.000799898	0.9992	0.0015998	1.9984	0.2806632
8044	0	29.11835	28.11496	1.003392	0.0987222	0.00188254	0.998117	0.00376509	1.99623	0.2444224
8045	1	21.39792	21.07509	0.3228336	0.17932	0.00509602	0.994904	0.010192	1.98981	0.4827295
8046	0	26.34024	25.31136	1.028887	0.471684	0.00266099	0.997339	0.00532199	1.99468	0.2382696
8047	1	28.78295	27.75794	1.025017	-0.0551328	0.00228568	0.997714	0.00457136	1.99543	0.2391935
8048	0	28.37784	27.3947	0.9831438	0.329422	0.00176124	0.998239	0.00352249	1.99648	0.249422
8049	1	29.13795	28.44586	0.6920929	0.0607197	0.0013944	0.998606	0.0027888	1.99721	0.333685
8050	0	28.94802	28.157	0.7910197	0.285555	0.00131157	0.998688	0.00262314	1.99738	0.3022548
8051	1	28.97379	28.08028	0.8935121	0.0303223	0.00190849	0.998092	0.00381697	1.99618	0.2728107
8052	0	29.67445	28.69484	0.9796123	-0.00881509	0.00148001	0.99852	0.00296003	1.99704	0.2503044
8053	1	29.41401	28.51642	0.897591	0.099276	0.00152026	0.99848	0.00304053	1.99696	0.2717002
8054	0	25.92745	25.51232	0.4151281	-0.313941	0.00236625	0.997634	0.00473251	1.99527	0.4401704
8055	1	28.44196	27.66612	0.7758389	0.0551908	0.00200016	0.998	0.00400033	1.996	0.3068783
8056	0	29.31179	28.72773	0.5840572	0.183535	0.000894512	0.999105	0.00178902	1.99821	0.3717542
8057	1	27.78628	26.76563	1.020651	0.0669489	0.00301737	0.996983	0.00603473	1.99397	0.2402401
8058	0	29.59009	28.92254	0.6675548	0.0928646	0.000718613	0.999281	0.00143723	1.99856	0.3419742
8059	1	28.57903	27.34101	1.238018	-0.0988436	0.00255326	0.997447	0.00510652	1.99489	0.1933055
8060	0	26.68299	26.06509	0.6178975	-0.355052	0.000401416	0.999599	0.000802832	1.9992	0.3593844
8061	1	29.17904	28.16796	1.011083	0.150288	0.00173014	0.99827	0.00346028	1.99654	0.2425499
8062	0	28.43248	27.96005	0.4724256	-0.467851	0.000917654	0.999082	0.00183531	1.99816	0.4156587
8063	1	29.2323	28.48516	0.7471376	0.213665	0.00122871	0.998771	0.00245741	1.99754	0.3158137
8064	0	27.72482	27.75326	-0.02843833	-0.16694	0.000490774	0.999509	0.000981548	1.99902	0.6858977
8065	1	24.5264	24.52188	0.004513268	-0.543233	0.00171223	0.998288	0.00342445	1.99658	0.6636646
8066	0	29.59396	28.87731	0.7166504	0.062004	0.00069496	0.999305	0.00138992	1.99861	0.3255903
8067	1	24.3969	24.39033	0.006569262	0.467678	0.00162816	0.998372	0.00325632	1.99674	0.6623015
8068	0	24.79301	24.48888	0.3041315	-0.0343782	0.00251257	0.997487	0.00502515	1.99497	0.4918425
8069	1	29.45197	28.72115	0.7308131	-0.158703	0.00129358	0.998706	0.00258717	1.99741	0.3210115
8070	0	29.35585	28.14097	1.214879	-0.112104	0.00164671	0.998353	0.00329341	1.99671	0.1978307
8071	1	27.74236	27.2482	0.4941633	-0.411348	0.00157262	0.998427	0.00314524	1.99685	0.4067208
8072	0	29.15352	28.4941	0.6594183	-0.342893	0.00111783	0.998882	0.00223567	1.99776	0.344768
8073	1	28.22417	27.53832	0.685849	0.376804	0.00143351	0.998566	0.00286701	1.99713	0.3357749
8074	0	28.20565	27.77079	0.4348659	0.400591	0.000802555	0.999197	0.00160511	1.99839	0.4315677
8075	1	26.23272	24.98995	1.242771	-0.433428	0.000990029	0.99901	0.00198006	1.99802	0.1923889
8076	0	28.95693	28.21213	0.7448014	0.123132	0.00156424	0.998436	0.00312848	1.99687	0.3165524
8077	1	28.17585	26.9673	1.208549	-0.1458	0.00290146	0.997099	0.00580292	1.9942	0.1990868
8078	0	26.99641	26.69016	0.3062556	-0.278405	0.00151153	0.998488	0.00302305	1.99698	0.490799
8079	1	29.25121	28.3875	0.8637143	0.0563386	0.000670615	0.999329	0.00134123	1.99866	0.2810622
8080	0	28.82633	28.34844	0.4778902	0.239667	0.000949059	0.999051	0.00189812	1.9981	0.4133935
8081	1	28.52744	27.33693	1.190507	0.0663253	0.00254839	0.997452	0.00509677	1.9949	0.2027115
8082	0	28.68981	28.45602	0.2337924	-0.0271606	0.000641167	0.999359	0.00128233	1.99872	0.5276841
8083	1	28.92602	27.61025	1.315775	0.0216108	0.00197016	0.99803	0.00394032	1.99606	0.1788442
8084	0	25.78017	25.57481	0.2053637	0.507454	0.00152817	0.998472	0.00305634	1.99694	0.5429007
8085	1	27.47602	26.71319	0.7628251	0.195301	0.00247772	0.997522	0.00495544	1.99504	0.3108981
8086	0	26.15472	26.1889	-0.03418345	0.534435	0.000753832	0.999246	0.00150766	1.99849	0.6898496
8087	1	28.9004	28.04516	0.8552452	-0.179571	0.000615934	0.999384	0.00123187	1.99877	0.2834526
8088	0	29.22871	28.82856	0.4001549	-0.0644397	0.000725025	0.999275	0.00145005	1.99855	0.4468108
8089	1	29.49398	28.50707	0.9869157	-0.143291	0.00162631	0.998374	0.00325262	1.99675	0.248483
8090	0	24.81209	24.56988	0.2422186	-0.734358	0.0014702	0.99853	0.00294039	1.99706	0.5232564
8091	1	29.36262	28.12432	1.238305	-0.035172	0.00135788	0.998642	0.00271577	1.99728	0.1932502
8092	0	28.11015	27.74649	0.363666	0.282279	0.000458756	0.999541	0.000917512	1.99908	0.4634155
8093	1	29.27388	28.15023	1.123653	0.111971	0.00171185	0.998288	0.00342371	1.99658	0.2167267
8094	0	27.87356	27.65462	0.2189447	-0.26776	0.000358921	0.999641	0.000717841	1.99928	0.5355775
8095	1	23.90919	23.14532	0.7638704	-0.00775063	0.00572188	0.994278	0.0114438	1.98856	0.3105732
8096	0	28.28128	28.01421	0.2670702	-0.23798	0.000901928	0.999098	0.00180386	1.9982	0.5104129
8097	1	28.89701	27.99059	0.9064232	-0.171277	0.00197452	0.998025	0.00394903	1.99605	0.269311
8098	0	27.83325	27.7416	0.0916559	-0.0278433	0.00032494	0.999675	0.00064988	1.99935	0.6082794
8099	1	29.79301	28.98967	0.8033487	-0.0361556	0.00117168	0.998828	0.00234336	1.99766	0.2985512
8100	0	27.03887	27.19863	-0.1597633	-0.349904	0.000423884	0.999576	0.000847767	1.99915	0.7821555
8101	1	28.27414	27.3187	0.9554402	-0.220416	0.00246639	0.997534	0.00493279	1.99507	0.2564285
8102	0	26.67257	25.8028	0.8697645	-0.378372	0.000533354	0.999467	0.00106671	1.99893	0.2793668
8103	1	27.13355	26.36438	0.7691688	0.259715	0.0026463	0.997354	0.00529261	1.99471	0.3089321
8104	0	29.50173	28.6502	0.8515284	-0.15637	0.00145842	0.998542	0.00291683	1.99708	0.2845081
8105	1	21.47261	20.88259	0.5900214	-0.114977	0.00740843	0.992592	0.0148169	1.98518	0.3695436
8106	0	27.82836	27.55958	0.2687852	0.284137	0.000972341	0.999028	0.00194468	1.99806	0.5095383
8107	1	20.53587	19.24134	1.294524	-0.578076	0.00870908	0.991291	0.0174182	1.98258	0.1826854
8108	0	28.61236	27.84298	0.7693812	0.293302	0.000711377	0.999289	0.00142275	1.99858	0.3088664
8109	1	25.17493	23.60572	1.569206	0.155018	0.0054214	0.994579	0.0108428	1.98916	0.138807
8110	0	26.28294	26.15738	0.1255564	0.0408695	0.00127266	0.998727	0.00254531	1.99745	0.588004
8111	1	25.80976	24.41075	1.399003	-0.156206	0.00540589	0.994594	0.0108118	1.98919	0.164562
8112	0	28.81386	28.08597	0.7278935	-0.0716	0.001701	0.998299	0.00340201	1.9966	0.3219501
8113	1	24.64536	23.45549	1.189874	0.249025	0.0063174	0.993683	0.0126348	1.98737	0.2028398
8114	0	27.39282	27.1248	0.2680184	0.0491849	0.00122577	0.998774	0.00245154	1.99755	0.5099292
8115	1	22.48389	21.20397	1.279921	0.200611	0.0103915	0.989608	0.0207831	1.97922	0.1853728
8116	0	29.59111	29.03054	0.5605654	0.0291477	0.000729456	0.999271	0.00145891	1.99854	0.3805908
8117	1	24.3926	23.49785	0.8947571	0.486659	0.00455248	0.995448	0.00910496	1.9909	0.2724713
8118	0	29.75254	29.0229	0.7296393	0.0481689	0.000782768	0.999217	0.00156554	1.99843	0.3213885
8119	1	27.62745	27.18602	0.4414298	-0.462628	0.0014445	0.998555	0.00288901	1.99711	0.4287442
8120	0	28.67451	27.5226	1.151904	-0.343773	0.00145366	0.998546	0.00290732	1.99709	0.2106897
8121	1	25.78417	25.64011	0.1440533	-0.346233	0.00156703	0.998433	0.00313405	1.99687	0.5772278
8122	0	28.81017	27.71494	1.095235	-0.279199	0.00199843	0.998002	0.00399687	1.996	0.2229741
8123	1	28.36565	28.02466	0.3409965	-0.442773	0.000675519	0.999324	0.00135104	1.99865	0.4740409
8124	0	27.69626	26.82659	0.8696645	0.0294843	0.0027522	0.997248	0.00550439	1.9945	0.2793948
8125	1	28.01636	27.37137	0.6449862	-0.117026	0.00195012	0.99805	0.00390024	1.9961	0.3497798
8126	0	26.56719	25.59668	0.9705007	-0.314692	0.00374669	0.996253	0.00749337	1.99251	0.2525955
8127	1	28.67591	27.96282	0.713085	-0.40384	0.00141226	0.998588	0.00282452	1.99718	0.3267532
8128	0	28.19237	27.05721	1.135157	-0.341552	0.00230715	0.997693	0.00461429	1.99539	0.2142478
8129	1	28.93043	28.01329	0.9171397	-0.378887	0.00140388	0.998596	0.00280776	1.99719	0.2664404
8130	0	26.97077	25.78218	1.188593	-0.397102	0.000924842	0.999075	0.00184968	1.99815	0.2030998
8131	1	29.30781	28.48347	0.8243405	0.228116	0.00119084	0.998809	0.00238168	1.99762	0.2923494
8132	0	27.82631	26.53128	1.295032	0.00931103	0.00327532	0.996725	0.00655064	1.99345	0.1825927
8133	1	26.88578	26.13652	0.7492653	-0.264708	0.00202908	0.997971	0.00405815	1.99594	0.3151425
8134	0	29.19794	27.95994	1.238005	-0.0521479	0.00189361	0.998106	0.00378723	1.99621	0.193308
8135	1	29.80522	28.895	0.9102201	-0.136641	0.00124851	0.998751	0.00249701	1.9975	0.2682904
8136	0	29.2393	28.28934	0.9499578	0.233422	0.00127347	0.998727	0.00254695	1.99745	0.2578382
8137	1	29.26251	28.49768	0.7648313	0.200633	0.00126396	0.998736	0.00252792	1.99747	0.3102749
8138	0	28.82283	28.32711	0.4957233	-0.126954	0.00117496	0.998825	0.00234991	1.99765	0.4060868
8139	1	26.5604	26.20867	0.3517331	0.0584295	0.00179375	0.998206	0.0035875	1.99641	0.4689786
8140	0	28.16918	27.92769	0.2414986	0.0197839	0.000883059	0.999117	0.00176612	1.99823	0.5236333
8141	1	28.90583	27.73513	1.170707	-0.160277	0.00219072	0.997809	0.00438143	1.99562	0.2067651
8142	0	28.24218	27.90834	0.3338439	-0.23249	0.00106503	0.998935	0.00213007	1.99787	0.4774437
8143	1	27.12739	25.76132	1.366075	-0.115176	0.00393489	0.996065	0.00786978	1.99213	0.1700708
8144	0	28.33994	28.0505	0.2894363	0.305818	0.000678677	0.999321	0.00135735	1.99864	0.4991236
8145	1	29.01519	27.8941	1.121089	-0.13898	0.00212502	0.997875	0.00425004	1.99575	0.2172831
8146	0	29.44843	28.78622	0.6622126	-0.180091	0.0011521	0.998848	0.0023042	1.9977	0.343806
8147	1	27.98404	27.41151	0.5725235	0.309056	0.00154782	0.998452	0.00309565	1.9969	0.3760667
8148	0	28.81812	27.90495	0.9131707	-0.170711	0.00204267	0.997957	0.00408533	1.99591	0.2675
8149	1	29.36087	28.90056	0.4603046	-0.182831	0.000708712	0.999291	0.00141742	1.99858	0.4207276
8150	0	28.80531	27.48954	1.315775	0.119897	0.00164732	0.998353	0.00329464	1.99671	0.1788443
8151	1	29.18111	28.78237	0.3987329	-0.190111	0.000717145	0.999283	0.00143429	1.99857	0.4474466
8152	0	29.16128	28.24681	0.9144683	-0.307964	0.000881584	0.999118	0.00176317	1.99824	0.2671531
8153	1	27.1288	26.08973	1.039067	0.280445	0.000677756	0.999322	0.00135551	1.99864	0.2358563
8154	0	29.79619	28.81607	0.9801228	-0.0101981	0.000969385	0.999031	0.00193877	1.99806	0.2501767
8155	1	25.10389	24.9236	0.1802921	0.582773	0.00166795	0.998332	0.00333589	1.99666	0.5566842
8156	0	28.28026	28.02891	0.2513522	-0.392467	0.000762555	0.999237	0.00152511	1.99847	0.5184989
8157	1	28.81517	28.4074	0.407766	-0.115165	0.000985819	0.999014	0.00197164	1.99803	0.443423
8158	0	27.63054	26.93702	0.6935115	-0.53671	0.00155929	0.998441	0.00311859	1.99688	0.3332119
8159	1	28.7606	28.36713	0.3934771	-0.255842	0.000947838	0.999052	0.00189568	1.9981	0.4498045
8160	0	29.01703	28.32352	0.6935115	-0.134546	0.0015023	0.998498	0.0030046	1.997	0.3332119
8161	1	28.8393	27.6312	1.208101	-0.155341	0.00224055	0.997759	0.0044811	1.99552	0.1991761
8162	0	29.48074	28.94906	0.5316762	-0.159572	0.000846063	0.999154	0.00169213	1.99831	0.3917461
8163	1	28.83323	27.74692	1.086304	0.101044	0.000814982	0.999185	0.00162996	1.99837	0.2249743
8164	0	28.06429	26.96129	1.102999	-0.0511205	0.000661071	0.999339	0.00132214	1.99868	0.2212496
8165	1	27.75235	27.0679	0.6844512	0.183157	0.00210109	0.997899	0.00420218	1.9958	0.3362446
8166	0	29.40865	28.82013	0.5885186	-0.0719696	0.00057425	0.999426	0.0011485	1.99885	0.3700994
8167	1	28.08474	27.45272	0.6320279	-0.221431	0.00185823	0.998142	0.00371646	1.99628	0.3543419
8168	0	28.28614	27.93365	0.3524955	-0.40817	0.00097476	0.999025	0.00194952	1.99805	0.4686211
8169	1	27.80324	26.6797	1.123538	0.306883	0.00243282	0.997567	0.00486565	1.99513	0.2167516
8170	0	28.85643	28.29295	0.5634793	-0.0431549	0.001306	0.998694	0.002612	1.99739	0.3794834
8171	1	28.88294	27.8156	1.067332	0.20046	0.00187315	0.998127	0.0037463	1.99625	0.2292833
8172	0	29.6035	28.94419	0.6593038	-0.0308198	0.000647378	0.999353	0.00129476	1.99871	0.3448075
8173	1	27.67103	27.19364	0.4773887	-0.000367188	0.00165649	0.998344	0.00331299	1.99669	0.4136009
8174	0	29.69405	29.09342	0.6006339	-0.0605277	0.000725942	0.999274	0.00145188	1.99855	0.3656426
8175	1	26.84455	25.94648	0.8980683	0.0999938	0.00344999	0.99655	0.00689999	1.9931	0.2715705
8176	0	28.43197	28.18518	0.2467944	0.173369	0.000720147	0.99928	0.00144029	1.99856	0.5208675
8177	1	28.60258	27.90184	0.7007393	-0.285401	0.00167436	0.998326	0.00334871	1.99665	0.3308122
8178	0	28.80343	27.73141	1.072013	-0.358015	0.00148853	0.998511	0.00297706	1.99702	0.2282125
8179	1	28.45803	27.89856	0.5594697	0.292225	0.00126907	0.998731	0.00253815	1.99746	0.381008
8180	0	27.80047	26.87667	0.9237994	0.405173	0.00183815	0.998162	0.00367629	1.99632	0.2646718
8181	1	28.9627	28.02376	0.9389447	0.176115	0.000761591	0.999238	0.00152318	1.99848	0.2606935
8182	0	27.07146	25.92772	1.143744	0.430391	0.00184331	0.998157	0.00368662	1.99631	0.2124158
8183	1	28.32298	27.91483	0.4081489	0.341411	0.000931146	0.999069	0.00186229	1.99814	0.4432533
8184	0	26.44868	26.05984	0.3888425	-0.151672	0.0019952	0.998005	0.00399041	1.99601	0.451894
8185	1	29.63802	29.04721	0.590805	0.0245518	0.000722523	0.999277	0.00144505	1.99855	0.3692542
8186	0	28.99558	27.99321	1.002369	0.204648	0.0017399	0.99826	0.0034798	1.99652	0.2446727
8187	1	28.54369	27.91282	0.6308642	-0.167851	0.00161986	0.99838	0.00323972	1.99676	0.3547545
8188	0	28.81718	27.8726	0.9445732	0.0522698	0.00209256	0.997907	0.00418512	1.99581	0.2592303
8189	1	29.35142	28.91411	0.4373156	-0.0407707	0.00071219	0.999288	0.00142438	1.99858	0.4305117
8190	0	27.18158	25.87128	1.3103	0.260559	0.00312137	0.996879	0.00624274	1.99376	0.179826
8191	1	25.99172	25.59746	0.3942596	0.502987	0.000467218	0.999533	0.000934436	1.99907	0.4494527
8192	0	28.88257	27.80764	1.074923	-0.330546	0.00165862	0.998341	0.00331724	1.99668	0.2275494
8193	1	28.80437	28.16027	0.6440961	-0.39824	0.000736958	0.999263	0.00147392	1.99853	0.3500913
8194	0	25.42579	24.91858	0.5072126	-0.0959129	0.000266669	0.999733	0.000533338	1.99947	0.4014478
8195	1	28.78912	28.30215	0.4869675	0.286113	0.000886914	0.999113	0.00177383	1.99823	0.409658
8196	0	27.67405	27.67183	0.002227173	-0.334099	0.000537251	0.999463	0.0010745	1.99893	0.6651835
8197	1	29.87566	29.02713	0.848523	-0.00922412	0.0011212	0.998879	0.00224241	1.99776	0.2853645
8198	0	28.26931	28.02217	0.2471387	0.26655	0.000714533	0.999285	0.00142907	1.99857	0.5206882
8199	1	26.93862	26.49462	0.4440042	0.398546	0.00169181	0.998308	0.00338363	1.99662	0.4276418
8200	0	26.74838	27.01278	-0.2644	-0.034554	0.000330762	0.999669	0.000661524	1.99934	0.8684328
8201	1	29.48976	28.63395	0.8558083	-0.282277	0.000940948	0.999059	0.0018819	1.99812	0.283293
8202	0	26.7531	27.00575	-0.2526564	-0.22718	0.000320234	0.99968	0.000640467	1.99936	0.8582939
8203	1	29.26954	28.70438	0.5651623	0.199428	0.00075428	0.999246	0.00150856	1.99849	0.3788453
8204	0	27.26275	27.2939	-0.03114823	-0.267561	0.000307769	0.999692	0.000615537	1.99938	0.6877589
8205	1	28.41822	28.00665	0.4115711	-0.401604	0.00103486	0.998965	0.00206972	1.99793	0.441739
8206	0	26.91737	26.95521	-0.03784294	0.401071	0.00042636	0.999574	0.00085272	1.99915	0.6923787
8207	1	24.66501	24.0675	0.5975013	-0.0612899	0.00401102	0.995989	0.00802203	1.99198	0.3667898
8208	0	29.53596	28.9878	0.548162	-0.14774	0.000842325	0.999158	0.00168465	1.99832	0.3853408
8209	1	27.66722	26.82807	0.8391491	0.231112	0.00248654	0.997513	0.00497308	1.99503	0.288052
8210	0	29.75045	29.10273	0.6477177	0.00360026	0.000844145	0.999156	0.00168829	1.99831	0.3488257
8211	1	27.32616	26.95335	0.3728032	0.0586699	0.00151696	0.998483	0.00303393	1.99697	0.4592005
8212	0	29.72137	29.10807	0.6132988	-0.0565839	0.000750483	0.99925	0.00150097	1.9985	0.361041
8213	1	28.21649	27.74598	0.4705022	-0.452589	0.000611766	0.999388	0.00122353	1.99878	0.416459
8214	0	29.26172	28.64842	0.6132988	0.0759429	0.00114744	0.998853	0.00229488	1.99771	0.361041
8215	1	25.75429	25.81817	-0.06388151	-0.520281	0.000305087	0.999695	0.000610174	1.99939	0.7106441
8216	0	27.26446	26.11966	1.144801	0.271031	0.00315388	0.996846	0.00630777	1.99369	0.2121914
8217	1	26.35026	26.39157	-0.04131398	0.131471	0.000867066	0.999133	0.00173413	1.99827	0.6947862
8218	0	25.96046	25.18212	0.7783437	-0.340963	0.00366225	0.996338	0.00732451	1.99268	0.3061106
8219	1	28.29051	27.814	0.476502	-0.490797	0.000826777	0.999173	0.00165355	1.99835	0.4139678
8220	0	28.2519	26.82461	1.427291	0.0643694	0.00233604	0.997664	0.00467207	1.99533	0.159972
8221	1	29.65487	28.94557	0.7092991	0.120542	0.000901465	0.999099	0.00180293	1.9982	0.3279926
8222	0	28.2582	26.83091	1.427291	0.0399602	0.00135168	0.998648	0.00270336	1.9973	0.159972
8223	1	29.63347	28.60674	1.026723	0.105165	0.00117127	0.998829	0.00234253	1.99766	0.2387858
8224	0	26.59667	25.63727	0.9593967	-0.0328733	0.00393994	0.99606	0.00787989	1.99212	0.255416
8225	1	28.62174	28.05365	0.5680927	-0.450539	0.000839077	0.999161	0.00167815	1.99832	0.3777367
8226	0	29.20459	28.10023	1.104356	-0.212899	0.000999843	0.999	0.00199969	1.998	0.2209495
8227	1	29.40129	28.1966	1.204696	-0.107017	0.00160933	0.998391	0.00321866	1.99678	0.1998553
8228	0	29.5096	28.37993	1.129668	0.0325089	0.00159016	0.99841	0.00318032	1.99682	0.215427
8229	1	27.90237	27.00885	0.8935183	-0.347793	0.000638555	0.999361	0.00127711	1.99872	0.272809
8230	0	28.59377	28.04385	0.5499252	0.338885	0.00103099	0.998969	0.00206197	1.99794	0.384662
8231	1	28.71535	27.69287	1.022477	0.299791	0.00148605	0.998514	0.0029721	1.99703	0.2398018
8232	0	28.23783	27.92208	0.3157574	0.127727	0.00098605	0.999014	0.0019721	1.99803	0.4861576
8233	1	29.26859	28.56736	0.7012321	0.207632	0.00073853	0.999261	0.00147706	1.99852	0.3306492
8234	0	27.94045	27.87251	0.06794069	-0.0360934	0.000615318	0.999385	0.00123064	1.99877	0.6228773
8235	1	28.24862	28.00006	0.2485642	-0.232285	0.000876764	0.999123	0.00175353	1.99825	0.5199465
8236	0	27.66097	27.51935	0.1416224	-0.251759	0.000872754	0.999127	0.00174551	1.99825	0.5786326
8237	1	27.52523	27.45677	0.06846667	-0.474723	0.000616341	0.999384	0.00123268	1.99877	0.6225497
8238	0	29.39479	28.32941	1.065381	-0.0050157	0.00179308	0.998207	0.00358616	1.99641	0.2297311
8239	1	29.51246	28.93954	0.5729205	0.100275	0.000732334	0.999268	0.00146467	1.99854	0.3759175
8240	0	28.31456	27.02101	1.293546	0.234201	0.00170016	0.9983	0.00340033	1.9966	0.1828642
8241	1	28.03571	26.69846	1.337248	0.153793	0.00264416	0.997356	0.00528833	1.99471	0.1750448
8242	0	27.98632	27.08227	0.9040453	-0.36033	0.00232893	0.997671	0.00465785	1.99534	0.2699522
8243	1	28.73792	28.15903	0.5788875	0.222507	0.0012465	0.998754	0.002493	1.99751	0.373681
8244	0	29.33454	28.42957	0.9049688	-0.307872	0.00132388	0.998676	0.00264776	1.99735	0.269703
8245	1	22.80997	22.95057	-0.140595	0.532819	0.0018485	0.998151	0.003697	1.9963	0.7673056
8246	0	26.54857	24.9955	1.553075	-0.245933	0.00341088	0.996589	0.00682176	1.99318	0.1410641
8247	1	26.80704	25.96163	0.8454184	-0.00250444	0.00336496	0.996635	0.00672991	1.99327	0.2862518
8248	0	26.66034	25.84275	0.8175984	0.428144	0.00263231	0.997368	0.00526461	1.99474	0.2943271
8249	1	29.37694	28.33659	1.040346	-0.121262	0.0017857	0.998214	0.0035714	1.99643	0.2355551
8250	0	29.48493	28.58721	0.8977154	0.123171	0.00141505	0.998585	0.00283009	1.99717	0.2716664
8251	1	27.50653	26.74745	0.7590791	0.180884	0.000460515	0.999539	0.000921029	1.99908	0.3120649
8252	0	29.85743	28.89554	0.9618922	-0.0386772	0.00125354	0.998746	0.00250708	1.99749	0.2547794
8253	1	29.59715	28.51143	1.085713	-0.162837	0.00114434	0.998856	0.00228867	1.99771	0.2251073
8254	0	28.35264	28.00418	0.3484594	0.336171	0.00063672	0.999363	0.00127344	1.99873	0.4705164
8255	1	29.22514	28.65706	0.5680774	0.058934	0.00108482	0.998915	0.00216963	1.99783	0.3777425
8256	0	29.76122	29.09577	0.6654451	-0.124123	0.000773939	0.999226	0.00154788	1.99845	0.3426965
8257	1	28.1386	26.65788	1.480724	-0.121338	0.00217252	0.997827	0.00434503	1.99565	0.1516486
8258	0	28.47889	28.23081	0.2480882	0.173337	0.000695592	0.999304	0.00139118	1.99861	0.5201941
8259	1	27.89068	26.83394	1.056738	0.306024	0.00237586	0.997624	0.00475173	1.99525	0.2317253
8260	0	29.59653	28.49682	1.099704	-0.160111	0.00139817	0.998602	0.00279634	1.9972	0.2219798
8261	1	29.67251	28.61577	1.056738	-0.0804187	0.00150161	0.998498	0.00300322	1.997	0.2317253
8262	0	29.70345	28.81875	0.8847012	0.0258376	0.00133609	0.998664	0.00267217	1.99733	0.275225
8263	1	28.16861	27.30528	0.8633254	0.114035	0.00234053	0.997659	0.00468106	1.99532	0.2811715
8264	0	29.24773	28.17431	1.073419	0.122249	0.00174399	0.998256	0.00348798	1.99651	0.2278918
8265	1	29.42365	28.68722	0.7364257	0.0576517	0.00129942	0.998701	0.00259885	1.9974	0.3192149
8266	0	28.13268	26.82552	1.307162	-0.197969	0.0027489	0.997251	0.0054978	1.9945	0.1803913
8267	1	28.72526	27.98883	0.7364257	0.10713	0.00170375	0.998296	0.00340749	1.99659	0.3192149
8268	0	27.03223	25.90808	1.124151	-0.499306	0.00205736	0.997943	0.00411471	1.99589	0.2166188
8269	1	29.46538	28.47695	0.9884242	0.0178597	0.00166628	0.998334	0.00333257	1.99667	0.2481085
8270	0	29.3027	28.76814	0.5345571	-0.207223	0.000965923	0.999034	0.00193185	1.99807	0.3906191
8271	1	29.38313	28.47908	0.9040469	-0.0735287	0.00166002	0.99834	0.00332004	1.99668	0.2699518
8272	0	29.80085	28.8737	0.9271459	-0.0198065	0.000891063	0.999109	0.00178213	1.99822	0.2637876
8273	1	28.17404	26.86735	1.306689	0.0647433	0.00282529	0.997175	0.00565058	1.99435	0.1804766
8274	0	29.47219	28.92302	0.5491664	0.00900764	0.000903931	0.999096	0.00180786	1.99819	0.384954
8275	1	29.49751	28.94308	0.5544364	0.0779209	0.000820668	0.999179	0.00164134	1.99836	0.3829306
8276	0	27.87746	27.29175	0.585704	-0.530208	0.00128124	0.998719	0.00256248	1.99744	0.3711425
8277	1	27.88	27.07546	0.8045379	0.376935	0.00186912	0.998131	0.00373824	1.99626	0.2981964
8278	0	27.56229	26.59064	0.9716587	-0.100759	0.0031427	0.996857	0.0062854	1.99371	0.2523032
8279	1	29.03904	28.07731	0.9617328	0.219766	0.00162646	0.998374	0.00325292	1.99675	0.25482
8280	0	26.98557	25.79433	1.191243	0.361829	0.00280893	0.997191	0.00561786	1.99438	0.2025623
8281	1	27.2482	26.21509	1.033109	-0.517371	0.00177633	0.998224	0.00355266	1.99645	0.2372659
8282	0	28.44195	27.55281	0.8891326	-0.359586	0.00195872	0.998041	0.00391744	1.99608	0.2740081
8283	1	28.80923	28.37827	0.4309581	0.267755	0.000744789	0.999255	0.00148958	1.99851	0.4332574
8284	0	28.30543	28.08072	0.2247138	-0.031624	0.000803229	0.999197	0.00160646	1.99839	0.5324965
8285	1	29.05237	28.62141	0.4309581	0.187425	0.000692067	0.999308	0.00138413	1.99862	0.4332574
8286	0	29.10762	28.66238	0.4452377	0.120745	0.000833665	0.999166	0.00166733	1.99833	0.4271146
8287	1	29.28391	28.85813	0.425778	-0.181766	0.000671494	0.999329	0.00134299	1.99866	0.4355076
8288	0	28.06518	27.56362	0.5015527	-0.367471	0.00146439	0.998536	0.00292879	1.99707	0.4037264
8289	1	28.24375	27.98301	0.260746	-0.293857	0.000888492	0.999112	0.00177698	1.99822	0.513651
8290	0	27.70213	27.02349	0.6786423	0.248968	0.00204713	0.997953	0.00409426	1.99591	0.3382035
8291	1	28.69464	28.22053	0.4741088	-0.253377	0.00115901	0.998841	0.00231802	1.99768	0.4149597
8292	0	29.70076	28.78832	0.9124432	-0.107669	0.000829016	0.999171	0.00165803	1.99834	0.2676946
8293	1	29.46784	28.98397	0.4838707	-0.085938	0.000737833	0.999262	0.00147567	1.99852	0.4109286
8294	0	29.24827	28.79309	0.4551821	-0.0195064	0.000849988	0.99915	0.00169998	1.9983	0.4228883
8295	1	27.23108	26.2002	1.030889	0.451833	0.00138365	0.998616	0.00276731	1.99723	0.2377931
8296	0	29.4216	28.66837	0.753233	-0.15489	0.00135763	0.998642	0.00271526	1.99728	0.3138946
8297	1	29.71873	28.71734	1.001387	-0.129323	0.00140544	0.998595	0.00281088	1.99719	0.2449131
8298	0	25.30319	24.71305	0.5901395	0.247238	0.00335637	0.996644	0.00671273	1.99329	0.3695
8299	1	27.04573	26.01032	1.035409	0.268102	0.00328736	0.996713	0.00657472	1.99343	0.2367207
8300	0	28.95514	28.16923	0.7859105	0.263667	0.00138383	0.998616	0.00276767	1.99723	0.3038031
8301	1	27.82111	26.4866	1.334505	0.270717	0.00195799	0.998042	0.00391597	1.99608	0.1755256
8302	0	29.02541	28.60998	0.4154278	-0.284872	0.00079992	0.9992	0.00159984	1.9984	0.4400386
8303	1	28.69733	28.00938	0.6879489	0.148177	0.00158128	0.998419	0.00316255	1.99684	0.3350706
8304	0	27.81277	27.717	0.09577072	0.170921	0.000669994	0.99933	0.00133999	1.99866	0.6057816
8305	1	29.86273	28.86652	0.9962173	-0.0214518	0.00117913	0.998821	0.00235826	1.99764	0.2461824
8306	0	28.58553	27.80918	0.7763453	-0.399303	0.00158304	0.998417	0.00316609	1.99683	0.3067229
8307	1	28.32201	27.50305	0.8189548	0.295598	0.000685503	0.999314	0.00137101	1.99863	0.2939282
8308	0	28.61736	27.84547	0.7718859	0.00847899	0.00190313	0.998097	0.00380626	1.99619	0.3080938
8309	1	29.05004	28.21493	0.8351056	0.173134	0.00159746	0.998403	0.00319492	1.99681	0.2892191
8310	0	29.62504	28.7935	0.8315377	-0.175529	0.00130827	0.998692	0.00261653	1.99738	0.2902528
8311	1	29.91382	29.0316	0.8822207	-0.0114078	0.00107388	0.998926	0.00214775	1.99785	0.2759085
8312	0	28.01092	27.37361	0.6373142	-0.520537	0.00126637	0.998734	0.00253275	1.99747	0.3524737
8313	1	29.55858	28.62553	0.9330507	-0.200188	0.000873713	0.999126	0.00174743	1.99825	0.2622346
8314	0	27.72323	27.27723	0.4460059	0.47027	0.000936398	0.999064	0.0018728	1.99813	0.4267867
8315	1	29.25362	28.29327	0.9603438	-0.122876	0.00181875	0.998181	0.00363749	1.99636	0.2551742
8316	0	27.84722	26.74793	1.099291	-0.432935	0.00116063	0.998839	0.00232127	1.99768	0.2220714
8317	1	28.66646	27.98713	0.6793226	-0.043543	0.00167199	0.998328	0.00334398	1.99666	0.3379735
8318	0	27.6654	26.17183	1.493573	0.103524	0.00144786	0.998552	0.00289572	1.9971	0.1497125
8319	1	29.14861	28.05277	1.09584	0.0898498	0.00191795	0.998082	0.0038359	1.99616	0.2228392
8320	0	28.29485	26.97037	1.324481	-0.0227983	0.00100067	0.998999	0.00200134	1.998	0.177294
8321	1	27.69285	27.60166	0.09118463	-0.392585	0.000421092	0.999579	0.000842184	1.99916	0.6085661
8322	0	28.90099	28.12514	0.7758508	0.274636	0.00138092	0.998619	0.00276184	1.99724	0.3068746
8323	1	25.67794	25.36829	0.3096417	0.486176	0.000393572	0.999606	0.000787145	1.99921	0.4891399
8324	0	28.05153	27.56314	0.4883938	-0.46248	0.00129374	0.998706	0.00258748	1.99741	0.4090741
8325	1	28.92385	28.44175	0.482097	-0.0593575	0.00109438	0.998906	0.00218876	1.99781	0.4116581
8326	0	28.8911	28.09162	0.7994847	0.12409	0.0017125	0.998288	0.003425	1.99658	0.299707
8327	1	27.73205	26.44324	1.288814	-0.177548	0.000872851	0.999127	0.0017457	1.99825	0.1837316
8328	0	28.6767	28.38345	0.2932511	-0.328095	0.00065272	0.999347	0.00130544	1.99869	0.4972232
8329	1	28.78812	28.39404	0.3940763	0.185374	0.000519954	0.99948	0.00103991	1.99896	0.4495351
8330	0	29.73742	28.72784	1.009579	0.0697053	0.00114936	0.998851	0.00229873	1.9977	0.2429149
8331	1	28.94131	28.54723	0.3940763	-0.270028	0.000549455	0.999451	0.00109891	1.9989	0.4495351
8332	0	28.75666	28.46572	0.2909482	0.146836	0.000633747	0.999366	0.00126749	1.99873	0.4983696
8333	1	27.82565	26.7555	1.070144	0.149779	0.000666901	0.999333	0.0013338	1.99867	0.2286394
8334	0	27.35698	26.78501	0.571971	-0.581102	0.00132016	0.99868	0.00264032	1.99736	0.3762746
8335	1	27.30067	26.48809	0.8125775	0.142998	0.00279547	0.997205	0.00559093	1.99441	0.2958086
8336	0	29.50372	28.89141	0.6123095	-0.201471	0.000986552	0.999013	0.0019731	1.99803	0.3613983
8337	1	29.67313	28.93301	0.7401188	-0.235516	0.000941629	0.999058	0.00188326	1.99812	0.3180381
8338	0	29.36912	28.20041	1.168716	-0.0894575	0.00178148	0.998219	0.00356297	1.99644	0.207177
8339	1	26.80021	26.68738	0.1128306	-0.205915	0.00109903	0.998901	0.00219807	1.9978	0.5955346
8340	0	28.8856	27.88422	1.001384	0.285218	0.00123606	0.998764	0.00247212	1.99753	0.2449137
8341	1	29.53992	28.81514	0.7247815	0.104443	0.00113939	0.998861	0.00227877	1.99772	0.3229536
8342	0	29.10523	28.36775	0.7374805	-0.287157	0.000671042	0.999329	0.00134208	1.99866	0.3188783
8343	1	28.68099	28.05286	0.6281345	-0.370704	0.00135989	0.99864	0.00271979	1.99728	0.3557242
8344	0	28.90705	28.04606	0.8609822	-0.397585	0.00104693	0.998953	0.00209385	1.99791	0.2818311
8345	1	25.79996	25.3882	0.4117597	-0.529544	0.00229215	0.997708	0.0045843	1.99542	0.4416556
8346	0	24.36481	23.50383	0.8609822	0.281034	0.00544613	0.994554	0.0108923	1.98911	0.2818311
8347	1	25.83966	25.03572	0.8039332	-0.391444	0.003755	0.996245	0.00751	1.99249	0.2983768
8348	0	26.47762	25.17494	1.302676	0.010287	0.00474583	0.995254	0.00949166	1.99051	0.1812023
8349	1	26.59819	25.68154	0.9166455	-0.346523	0.00351456	0.996485	0.00702912	1.99297	0.2665721
8350	0	27.34553	26.23353	1.111991	0.0636336	0.00357854	0.996421	0.00715708	1.99284	0.2192689
8351	1	29.11466	28.31264	0.8020173	0.201195	0.00144266	0.998557	0.00288531	1.99711	0.298949
8352	0	28.18341	27.75506	0.428349	-0.0829055	0.00131182	0.998688	0.00262364	1.99738	0.4343893
8353	1	26.186	24.72676	1.459236	-0.192635	0.00465948	0.995341	0.00931896	1.99068	0.1549425
8354	0	27.33066	26.91124	0.4194217	-0.483867	0.0015223	0.998478	0.0030446	1.99696	0.4382846
8355	1	28.6113	27.33976	1.271543	0.194984	0.00178448	0.998216	0.00356897	1.99643	0.1869325
8356	0	28.358	27.04864	1.309359	0.170149	0.00223814	0.997762	0.00447629	1.99552	0.1799954
8357	1	27.87258	27.4679	0.4046843	-0.151476	0.00139214	0.998608	0.00278428	1.99722	0.4447916
8358	0	28.1332	26.95756	1.175634	-0.357743	0.0021994	0.997801	0.0043988	1.9956	0.2057488
8359	1	29.90164	28.94799	0.9536452	-0.0533568	0.00114739	0.998853	0.00229478	1.99771	0.2568892
8360	0	28.20279	26.96539	1.237401	-0.314245	0.00114541	0.998855	0.00229082	1.99771	0.1934248
8361	1	29.51778	28.59581	0.9219685	-0.0130487	0.00157004	0.99843	0.00314009	1.99686	0.2651569
8362	0	26.75862	25.88249	0.8761378	0.265877	0.00321197	0.996788	0.00642394	1.99358	0.277592
8363	1	29.53928	28.73364	0.8056402	0.0542056	0.00133857	0.998661	0.00267714	1.99732	0.2978679
8364	0	27.42266	26.03594	1.386715	-0.322611	0.00259848	0.997402	0.00519697	1.9948	0.1665966
8365	1	27.10713	26.40138	0.7057479	-0.592171	0.0014023	0.998598	0.0028046	1.9972	0.3291594
8366	0	27.71101	27.10291	0.6081046	0.102359	0.00196794	0.998032	0.00393589	1.99606	0.3629212
8367	1	26.34236	24.80096	1.541403	-0.264909	0.00129794	0.998702	0.00259588	1.9974	0.1427204
8368	0	29.01653	28.17393	0.8426021	-0.274301	0.00166452	0.998335	0.00332903	1.99667	0.2870591
8369	1	28.19626	27.27034	0.9259202	-0.23857	0.00244973	0.99755	0.00489946	1.9951	0.2641111
8370	0	28.17117	26.88032	1.290853	-0.181315	0.00278228	0.997218	0.00556457	1.99444	0.1833574
8371	1	29.02656	28.03535	0.9912141	0.00208877	0.00203649	0.997964	0.00407299	1.99593	0.2474172
8372	0	22.51856	20.924	1.594565	-0.124337	0.0103922	0.989608	0.0207844	1.97922	0.1353313
8373	1	27.85347	27.2304	0.6230644	0.0540439	0.00195083	0.998049	0.00390167	1.9961	0.3575323
8374	0	27.03843	25.72523	1.313196	-0.0120454	0.00412057	0.995879	0.00824114	1.99176	0.179306
8375	1	26.82033	25.46723	1.353103	-0.314834	0.00355086	0.996449	0.00710173	1.9929	0.1722914
8376	0	26.90348	25.81117	1.092309	-0.183245	0.00393989	0.99606	0.00787978	1.99212	0.2236275
8377	1	26.9279	25.58823	1.339674	-0.121568	0.0041803	0.99582	0.00836059	1.99164	0.1746207
8378	0	29.12293	28.31751	0.8054267	-0.111019	0.00166805	0.998332	0.0033361	1.99666	0.2979315
8379	1	23.58169	23.17176	0.4099355	-0.639712	0.00351909	0.996481	0.00703819	1.99296	0.442462
8380	0	28.02194	26.87431	1.147629	0.0856309	0.00297093	0.997029	0.00594186	1.99406	0.2115923
8381	1	28.12858	27.67679	0.4517954	0.0540448	0.00136851	0.998631	0.00273702	1.99726	0.4243229
8382	0	28.21246	27.34156	0.8708972	-0.111118	0.00240936	0.997591	0.00481872	1.99518	0.2790506
8383	1	28.01923	27.55484	0.4643874	0.116779	0.00142836	0.998572	0.00285673	1.99714	0.4190133
8384	0	29.55589	28.96302	0.5928618	0.022977	0.000930168	0.99907	0.00186034	1.99814	0.3684954
8385	1	27.13616	27.00857	0.1275908	0.0148803	0.000997973	0.999002	0.00199595	1.998	0.586809
8386	0	28.03342	26.86763	1.165794	0.326368	0.0013168	0.998683	0.0026336	1.99737	0.2077834
8387	1	29.59353	28.78614	0.8073853	0.065099	0.00128604	0.998714	0.00257209	1.99743	0.2973485
8388	0	28.00822	27.19042	0.8177973	-0.49698	0.00154588	0.998454	0.00309176	1.99691	0.2942686
8389	1	28.4543	27.05416	1.400138	-0.0669637	0.00235073	0.997649	0.00470147	1.9953	0.1643753
8390	0	27.52346	26.80421	0.7192483	0.410761	0.000674369	0.999326	0.00134874	1.99865	0.3247455
8391	1	25.02523	24.40318	0.6220541	-0.432419	0.00371278	0.996287	0.00742555	1.99257	0.3578937
8392	0	29.49113	28.65426	0.8368665	-0.105058	0.00069311	0.999307	0.00138622	1.99861	0.2887103
8393	1	27.47637	26.95607	0.5202988	0.0742309	0.00185321	0.998147	0.00370643	1.99629	0.3962286
8394	0	28.53981	28.21641	0.3234045	-0.396947	0.000673533	0.999326	0.00134707	1.99865	0.482454
8395	1	26.89835	25.91858	0.979771	0.478159	0.00199748	0.998003	0.00399496	1.99601	0.2502647
8396	0	27.54368	27.62336	-0.07967459	-0.00671773	0.000355499	0.999645	0.000710998	1.99929	0.7219564
8397	1	28.98333	27.87381	1.109526	0.0780189	0.00209742	0.997903	0.00419484	1.99581	0.2198101
8398	0	28.46777	28.16368	0.3040932	-0.391739	0.000757006	0.999243	0.00151401	1.99849	0.4918614
8399	1	29.38432	28.23841	1.145908	-0.178741	0.00161426	0.998386	0.00322853	1.99677	0.2119567
8400	0	28.89581	27.95337	0.9424463	0.121282	0.000696355	0.999304	0.00139271	1.99861	0.2597823
8401	1	28.79443	28.53925	0.2551797	-0.0793137	0.000637873	0.999362	0.00127575	1.99872	0.5165182
8402	0	27.30828	27.4296	-0.1213179	-0.0497551	0.000454923	0.999545	0.000909846	1.99909	0.7526558
8403	1	24.64059	24.8807	-0.2401135	0.424024	0.000927346	0.999073	0.00185469	1.99815	0.8475956
8404	0	29.0827	28.67549	0.407208	0.0781994	0.000792895	0.999207	0.00158579	1.99841	0.4436705
8405	1	26.75184	26.99004	-0.2382049	0.0911497	0.000299725	0.9997	0.000599451	1.9994	0.8459795
8406	0	28.41049	28.2541	0.1563891	-0.195474	0.000445638	0.999554	0.000891275	1.99911	0.5701509
8407	1	27.37488	27.14262	0.2322695	-0.131762	0.000294439	0.999706	0.000588877	1.99941	0.5284883
8408	0	25.09992	25.50165	-0.4017287	0.29204	0.000203537	0.999796	0.000407074	1.99959	0.9962705
8409	1	27.68268	27.58057	0.1021107	-0.110605	0.000309452	0.999691	0.000618904	1.99938	0.601953
8410	0	26.10278	26.40201	-0.299237	0.153764	0.00023534	0.999765	0.00047068	1.99953	0.8992195
8411	1	26.30661	26.44642	-0.139811	0.44461	0.00058955	0.99941	0.0011791	1.99882	0.7667043
8412	0	26.00283	26.30207	-0.299237	-0.465555	0.000513942	0.999486	0.00102788	1.99897	0.8992195
8413	1	26.78123	26.88593	-0.104704	0.375867	0.000520593	0.999479	0.00104119	1.99896	0.7402546
8414	0	27.5281	26.93861	0.5894898	-0.0779543	0.000365529	0.999634	0.000731059	1.99927	0.3697401
8415	1	27.46607	27.55027	-0.08419907	-0.0176923	0.000329308	0.999671	0.000658616	1.99934	0.7252303
8416	0	29.20733	28.64294	0.5643917	-0.0670768	0.000522946	0.999477	0.00104589	1.99895	0.3791373
8417	1	26.51704	26.80058	-0.2835396	0.159328	0.000327088	0.999673	0.000654176	1.99935	0.8852143
8418	0	28.68397	27.32056	1.363414	-0.158238	0.00146483	0.998535	0.00292967	1.99707	0.170524
8419	1	26.29924	26.5356	-0.2363582	0.377411	0.000385774	0.999614	0.000771548	1.99923	0.8444187
8420	0	29.14923	28.09273	1.056498	-0.26595	0.00170903	0.998291	0.00341806	1.99658	0.2317808
8421	1	29.75145	29.07546	0.6759839	-0.0325095	0.000964625	0.999035	0.00192925	1.99807	0.3391038
8422	0	27.05389	25.72951	1.324377	-0.425885	0.00184964	0.99815	0.00369928	1.9963	0.1773124
8423	1	29.72124	29.04526	0.6759839	-0.0966113	0.000999242	0.999001	0.00199848	1.998	0.3391038
8424	0	29.02603	27.89116	1.134868	0.104443	0.000948796	0.999051	0.00189759	1.9981	0.2143097
8425	1	27.86309	27.35506	0.5080331	-0.0455847	0.00165523	0.998345	0.00331045	1.99669	0.4011186
8426	0	28.7306	27.46098	1.269622	0.00194398	0.0023679	0.997632	0.0047358	1.99526	0.1872918
8427	1	29.92451	29.01624	0.9082712	-0.0632507	0.00108599	0.998914	0.00217199	1.99783	0.2688138
8428	0	27.29056	26.60018	0.6903805	-0.378119	0.00235827	0.997642	0.00471654	1.99528	0.3342568
8429	1	26.20864	25.09682	1.111818	-0.000723491	0.00477556	0.995224	0.00955113	1.99045	0.2193068
8430	0	29.71832	28.83499	0.8833322	0.117608	0.00103058	0.998969	0.00206115	1.99794	0.275602
8431	1	26.75693	25.5947	1.162228	-0.208411	0.00415591	0.995844	0.00831182	1.99169	0.2085257
8432	0	29.61722	28.67468	0.9425442	0.0383717	0.000839823	0.99916	0.00167965	1.99832	0.2597568
8433	1	29.42032	28.25569	1.164631	0.0568166	0.00118976	0.99881	0.00237951	1.99762	0.2080252
8434	0	29.33718	28.74381	0.593368	0.108971	0.000612189	0.999388	0.00122438	1.99878	0.368309
8435	1	29.34822	28.64171	0.7065121	0.181912	0.00113235	0.998868	0.00226471	1.99774	0.328908
8436	0	29.45452	28.94091	0.5136059	-0.0370928	0.000846718	0.999153	0.00169344	1.99831	0.3988894
8437	1	25.7276	25.38055	0.347048	0.376207	0.00208667	0.997913	0.00417334	1.99583	0.4711809
8438	0	29.4993	28.51223	0.9870715	-0.22874	0.00145216	0.998548	0.00290432	1.9971	0.2484443
8439	1	27.37671	26.84631	0.530402	-0.356463	0.00191171	0.998088	0.00382342	1.99618	0.3922456
8440	0	29.18485	28.63655	0.5483028	0.151482	0.000987311	0.999013	0.00197462	1.99803	0.3852866
8441	1	26.26826	25.40086	0.8674025	0.35288	0.00336674	0.996633	0.00673347	1.99327	0.2800274
8442	0	29.7556	28.95572	0.799886	-0.209068	0.000946055	0.999054	0.00189211	1.99811	0.2995868
8443	1	29.13961	28.28986	0.8497481	-0.356164	0.000963229	0.999037	0.00192646	1.99807	0.2850151
8444	0	29.36049	28.81536	0.5451253	-0.210851	0.000943533	0.999056	0.00188707	1.99811	0.3865127
8445	1	26.27336	25.72489	0.548468	0.0587342	0.00261758	0.997382	0.00523516	1.99476	0.3852229
8446	0	28.31387	27.5917	0.7221676	0.216146	0.000539321	0.999461	0.00107864	1.99892	0.3237989
8447	1	29.3892	28.41677	0.9724308	0.182433	0.00102174	0.998978	0.00204347	1.99796	0.2521084
8448	0	21.90463	21.04308	0.8615426	0.117078	0.00922448	0.990776	0.018449	1.98155	0.2816732
8449	1	27.41463	26.40481	1.009815	0.284843	0.00286495	0.997135	0.00572989	1.99427	0.2428575
8450	0	29.60078	28.47653	1.124246	-0.119596	0.00119078	0.998809	0.00238155	1.99762	0.2165983
8451	1	29.09843	28.46149	0.6369452	0.0781675	0.00129287	0.998707	0.00258573	1.99741	0.3526038
8452	0	29.64913	28.90888	0.7402489	0.063052	0.00112464	0.998875	0.00224927	1.99775	0.3179968
8453	1	29.49577	28.66312	0.8326462	-0.183163	0.00141116	0.998589	0.00282232	1.99718	0.2899313
8454	0	29.75965	28.86889	0.8907573	-0.205101	0.00105583	0.998944	0.00211167	1.99789	0.2735633
8455	1	26.37117	25.28761	1.083559	0.494581	0.00199355	0.998006	0.00398709	1.99601	0.2255927
8456	0	26.8203	26.25463	0.5656635	-0.596369	0.0007797	0.99922	0.0015594	1.99844	0.3786555
8457	1	28.76198	27.38539	1.37659	-0.100536	0.00189397	0.998106	0.00378793	1.99621	0.168292
8458	0	29.46964	28.60518	0.8644624	-0.207628	0.00144508	0.998555	0.00289016	1.99711	0.280852
8459	1	28.56904	27.72182	0.8472168	-0.413508	0.0015958	0.998404	0.00319161	1.99681	0.2857374
8460	0	28.47453	28.13195	0.3425824	0.160105	0.000925022	0.999075	0.00185004	1.99815	0.4732897
8461	1	27.2783	26.48248	0.795818	0.427335	0.00210415	0.997896	0.00420831	1.99579	0.300808
8462	0	28.32868	28.1066	0.2220753	0.229587	0.000492432	0.999508	0.000984864	1.99902	0.5339034
8463	1	28.07324	26.71297	1.360264	0.190081	0.00228514	0.997715	0.00457028	1.99543	0.171062
8464	0	26.4842	26.79033	-0.3061264	0.0310717	0.000351473	0.999649	0.000702947	1.9993	0.905436
8465	1	28.63917	27.50676	1.132415	-0.149885	0.00229316	0.997707	0.00458631	1.99541	0.214836
8466	0	26.33955	26.56943	-0.2298818	0.216575	0.000512855	0.999487	0.00102571	1.99897	0.8389675
8467	1	27.27856	26.8129	0.4656662	-0.139636	0.00182755	0.998172	0.0036551	1.99634	0.4184778
8468	0	24.49943	24.23231	0.267123	0.465383	0.000306405	0.999694	0.000612811	1.99939	0.5103859
8469	1	24.47723	23.79526	0.6819666	0.224434	0.00450914	0.995491	0.00901828	1.99098	0.3370811
8470	0	29.40252	28.71388	0.6886452	-0.0555709	0.00126633	0.998734	0.00253267	1.99747	0.3348374
8471	1	28.05522	26.55943	1.495789	0.0417369	0.00218028	0.99782	0.00436057	1.99564	0.1493811
8472	0	28.76235	28.49856	0.2637924	-0.243713	0.000599195	0.999401	0.00119839	1.9988	0.5120886
8473	1	29.60058	28.83785	0.7627282	-0.21639	0.00116935	0.998831	0.00233869	1.99766	0.3109282
8474	0	28.81893	27.89792	0.921011	0.24281	0.0017235	0.998276	0.00344701	1.99655	0.2654109
8475	1	29.16255	28.41726	0.7452882	-0.362942	0.00114156	0.998858	0.00228312	1.99772	0.3163983
8476	0	26.29919	26.18336	0.1158305	0.127472	0.00123447	0.998766	0.00246893	1.99753	0.5937508
8477	1	28.16958	26.75673	1.412855	-0.0638443	0.00119486	0.998805	0.00238973	1.99761	0.1622982
8478	0	29.2799	28.36437	0.9155333	-0.32473	0.00105186	0.998948	0.00210372	1.9979	0.2668687
8479	1	29.5167	28.85035	0.6663468	-0.0105228	0.00113651	0.998863	0.00227303	1.99773	0.3423876
8480	0	24.68649	24.14603	0.5404622	-0.332821	0.00370749	0.996293	0.00741498	1.99259	0.3883193
8481	1	28.84524	28.37104	0.4742056	-0.360266	0.000957577	0.999042	0.00191515	1.99808	0.4149195
8482	0	28.47713	27.20404	1.273095	-0.0645565	0.00264654	0.997353	0.00529309	1.99471	0.1866425
8483	1	29.61455	28.83294	0.7816078	0.132469	0.00110288	0.998897	0.00220575	1.99779	0.305113
8484	0	28.48255	27.43017	1.052381	-0.124016	0.00254131	0.997459	0.00508263	1.99492	0.2327371
8485	1	27.28702	27.03392	0.2530987	-0.540069	0.00107428	0.998926	0.00214855	1.99785	0.5175941
8486	0	29.1155	28.22577	0.8897256	-0.273662	0.00164907	0.998351	0.00329815	1.9967	0.2738456
8487	1	29.36983	28.27937	1.090466	0.105224	0.00164254	0.998357	0.00328508	1.99671	0.2240399
8488	0	28.59617	27.33242	1.263753	0.202641	0.00178879	0.998211	0.00357758	1.99642	0.1883943
8489	1	29.46455	28.67984	0.7847114	-0.0721121	0.000649782	0.99935	0.00129956	1.9987	0.3041676
8490	0	27.65944	26.83768	0.8217636	0.393724	0.00199136	0.998009	0.00398271	1.99602	0.2931037
8491	1	27.46093	27.25657	0.2043606	-0.0263301	0.00106415	0.998936	0.0021283	1.99787	0.5434456
8492	0	29.73812	28.76522	0.9729028	-0.146921	0.00134933	0.998651	0.00269867	1.9973	0.2519895
8493	1	23.97189	23.12566	0.8462365	-0.594824	0.00449532	0.995505	0.00899064	1.99101	0.2860177
8494	0	29.59549	28.91878	0.6767137	-0.0240779	0.00110483	0.998895	0.00220965	1.99779	0.3388564
8495	1	28.0315	26.90991	1.12159	-0.309533	0.00261937	0.997381	0.00523874	1.99476	0.2171743
8496	0	27.41586	25.84044	1.57542	-0.0157713	0.0027509	0.997249	0.0055018	1.9945	0.1379471
8497	1	29.05874	27.83134	1.227397	0.0330306	0.00108123	0.998919	0.00216245	1.99784	0.1953696
8498	0	26.53886	25.61127	0.9275869	-0.409339	0.00339139	0.996609	0.00678277	1.99322	0.2636713
8499	1	27.18573	26.74182	0.4439128	0.227025	0.00172012	0.99828	0.00344024	1.99656	0.4276809
8500	0	29.48659	28.79732	0.6892709	0.0279862	0.00118523	0.998815	0.00237046	1.99763	0.3346279
8501	1	23.92171	23.59744	0.3242704	0.0341468	0.00310788	0.996892	0.00621576	1.99378	0.4820365
8502	0	28.95653	28.63191	0.324614	0.0902602	0.00062075	0.999379	0.0012415	1.99876	0.4818709
8503	1	27.23817	26.29159	0.9465795	0.340704	0.00272448	0.997276	0.00544896	1.99455	0.2587108
8504	0	29.2406	28.70546	0.5351387	-0.213724	0.000577545	0.999422	0.00115509	1.99884	0.390392
8505	1	29.55123	28.80569	0.7455424	-0.0648928	0.00127607	0.998724	0.00255213	1.99745	0.3163179
8506	0	29.18173	28.73198	0.4497516	0.0461023	0.000536032	0.999464	0.00107206	1.99893	0.425191
8507	1	29.80551	29.03779	0.7677196	-0.162024	0.000852613	0.999147	0.00170523	1.99829	0.3093801
8508	0	29.34963	28.62881	0.7208148	0.146449	0.000682881	0.999317	0.00136576	1.99863	0.3242372
8509	1	29.57999	28.65051	0.9294849	-0.0330775	0.000783778	0.999216	0.00156756	1.99843	0.2631713
8510	0	29.44283	28.85398	0.5888466	0.148884	0.000768249	0.999232	0.0015365	1.99846	0.369978
8511	1	28.75767	27.84374	0.9139257	-0.261773	0.00197897	0.998021	0.00395794	1.99604	0.2672981
8512	0	28.79959	27.99992	0.799672	0.191481	0.00168595	0.998314	0.0033719	1.99663	0.2996509
8513	1	27.35803	25.87182	1.486217	-0.188505	0.00126511	0.998735	0.00253023	1.99747	0.1508179
8514	0	29.34803	28.25846	1.089573	-0.120664	0.00182573	0.998174	0.00365145	1.99635	0.2242401
8515	1	28.98645	28.44578	0.5406667	-0.122297	0.00119165	0.998808	0.0023833	1.99762	0.3882399
8516	0	28.90436	27.60066	1.303703	-0.191101	0.00164811	0.998352	0.00329622	1.9967	0.1810164
8517	1	27.99437	26.69345	1.300915	-0.222976	0.00100423	0.998996	0.00200847	1.99799	0.1815217
8518	0	28.28687	27.05272	1.234159	-0.307431	0.00222876	0.997771	0.00445752	1.99554	0.1940529
8519	1	29.73324	28.84992	0.8833243	0.10639	0.000980386	0.99902	0.00196077	1.99804	0.2756042
8520	0	26.90816	26.40627	0.5018876	0.099404	0.00208406	0.997916	0.00416813	1.99583	0.4035912
8521	1	27.17926	26.83818	0.3410791	0.520834	0.000911403	0.999089	0.00182281	1.99818	0.4740018
8522	0	28.69308	27.76741	0.9256654	-0.0667649	0.000602529	0.999397	0.00120506	1.99879	0.2641784
8523	1	29.47681	28.81151	0.6653051	-0.18087	0.000646781	0.999353	0.00129356	1.99871	0.3427444
8524	0	24.08178	23.56288	0.5188955	0.116714	0.0040149	0.995985	0.0080298	1.99197	0.396785
8525	1	29.80389	28.92322	0.8806704	-0.185647	0.00107768	0.998922	0.00215537	1.99784	0.2763366
8526	0	29.8409	28.99621	0.8446894	-0.14807	0.00090668	0.999093	0.00181336	1.99819	0.2864605
8527	1	29.28517	28.6824	0.6027664	-0.035056	0.00115844	0.998842	0.00231687	1.99768	0.3648637
8528	0	28.72245	28.27116	0.4512862	-0.403122	0.00088192	0.999118	0.00176384	1.99824	0.424539
8529	1	29.31604	28.56125	0.7547943	-0.0388093	0.00144846	0.998552	0.00289693	1.9971	0.3134049
8530	0	28.55057	27.93034	0.6202381	0.251619	0.00140381	0.998596	0.00280763	1.99719	0.3585443
8531	1	29.84763	28.96191	0.885719	0.0485311	0.000982415	0.999018	0.00196483	1.99804	0.274945
8532	0	28.31934	27.58827	0.7310677	0.394667	0.000902104	0.999098	0.00180421	1.9982	0.3209298
8533	1	29.26014	28.34568	0.9144536	-0.0338315	0.00100731	0.998993	0.00201461	1.99799	0.267157
8534	0	29.14166	28.19043	0.9512329	0.203646	0.00157624	0.998424	0.00315248	1.99685	0.2575097
8535	1	28.3768	27.28654	1.090265	-0.392942	0.00177572	0.998224	0.00355143	1.99645	0.2240849
8536	0	25.77504	25.36722	0.4078114	0.282204	0.00231555	0.997684	0.00463109	1.99537	0.4434029
8537	1	29.68567	28.73003	0.9556416	-0.183608	0.00133906	0.998661	0.00267813	1.99732	0.2563769
8538	0	28.68679	27.91838	0.7684083	-0.0171785	0.00186035	0.99814	0.0037207	1.99628	0.3091671
8539	1	27.52608	27.21279	0.3132882	0.371466	0.0011242	0.998876	0.00224841	1.99775	0.4873595
8540	0	29.30685	28.38889	0.9179603	-0.30929	0.0013552	0.998645	0.00271041	1.99729	0.2662218
8541	1	27.46914	26.76408	0.7050589	-0.214336	0.00242616	0.997574	0.00485231	1.99515	0.3293863
8542	0	29.73445	29.00729	0.7271622	0.00337708	0.00107408	0.998926	0.00214816	1.99785	0.3221856
8543	1	28.66652	28.09925	0.5672709	-0.443403	0.000832689	0.999167	0.00166538	1.99833	0.3780473
8544	0	27.81641	27.08925	0.7271622	0.232403	0.00211665	0.997883	0.00423329	1.99577	0.3221856
8545	1	27.37933	27.36402	0.01531051	-0.437762	0.000430039	0.99957	0.000860079	1.99914	0.6565374
8546	0	28.3929	28.26606	0.1268416	-0.159687	0.000497424	0.999503	0.000994848	1.99901	0.5872488
8547	1	29.52738	28.96933	0.5580584	-0.127644	0.000891705	0.999108	0.00178341	1.99822	0.3815461
8548	0	29.22953	28.37742	0.8521125	-0.0337466	0.00168417	0.998316	0.00336834	1.99663	0.284342
8549	1	28.07656	27.62414	0.4524232	-0.516092	0.000827248	0.999173	0.0016545	1.99835	0.4240566
8550	0	29.74236	28.69768	1.044683	-0.0134572	0.0010505	0.998949	0.00210101	1.9979	0.2345356
8551	1	27.54803	27.23619	0.3118407	0.151644	0.00124819	0.998752	0.00249638	1.9975	0.4880654
8552	0	28.98579	28.26312	0.7226742	-0.371768	0.00127504	0.998725	0.00255008	1.99745	0.3236349
8553	1	29.34864	28.57636	0.7722821	-0.275625	0.00130066	0.998699	0.00260132	1.9974	0.3079718
8554	0	28.2148	27.86127	0.3535311	-0.476066	0.000817557	0.999182	0.00163511	1.99836	0.4681361
8555	1	27.66436	26.76125	0.903104	0.196301	0.00269225	0.997308	0.00538449	1.99462	0.2702064
8556	0	25.44298	25.55878	-0.1158006	0.597943	0.000484295	0.999516	0.00096859	1.99903	0.7485146
8557	1	28.0894	27.32849	0.7609102	0.287818	0.00191799	0.998082	0.00383598	1.99616	0.311494
8558	0	28.46784	28.04587	0.4219722	-0.154916	0.000406623	0.999593	0.000813247	1.99919	0.4371682
8559	1	27.58517	26.8354	0.7497697	0.481632	0.00118173	0.998818	0.00236346	1.99764	0.3149836
8560	0	27.38544	26.6823	0.7031388	0.464872	0.000790301	0.99921	0.0015806	1.99842	0.3300194
8561	1	26.74103	26.62182	0.1192009	0.502373	0.000862497	0.999138	0.00172499	1.99828	0.591753
8562	0	29.61307	28.52914	1.08393	0.0236165	0.00151305	0.998487	0.0030261	1.99697	0.225509
8563	1	26.74912	26.79568	-0.04655588	0.0361275	0.000243898	0.999756	0.000487795	1.99951	0.6984377
8564	0	28.83811	28.00278	0.8353342	0.0547111	0.00187621	0.998124	0.00375242	1.99625	0.289153
8565	1	28.53876	28.17859	0.3601755	-0.350335	0.000920727	0.999079	0.00184145	1.99816	0.4650359
8566	0	29.31375	28.37348	0.9402693	0.033096	0.000733938	0.999266	0.00146788	1.99853	0.2603484
8567	1	28.2684	28.14676	0.1216388	-0.243433	0.000560374	0.99944	0.00112075	1.99888	0.5903121
8568	0	27.95391	27.46589	0.488021	-0.523575	0.000774163	0.999226	0.00154833	1.99845	0.4092267
8569	1	29.56237	29.01056	0.5518121	-0.124426	0.000838675	0.999161	0.00167735	1.99832	0.3839368
8570	0	29.43715	28.76417	0.6729725	0.126459	0.00109418	0.998906	0.00218835	1.99781	0.3401265
8571	1	29.03394	28.3847	0.6492425	-0.347393	0.000704224	0.999296	0.00140845	1.99859	0.3482943
8572	0	27.0813	25.60512	1.476178	-0.0968395	0.00374623	0.996254	0.00749245	1.99251	0.1523397
8573	1	28.97087	28.62914	0.3417219	-0.126729	0.000492688	0.999507	0.000985377	1.99901	0.4736972
8574	0	28.09397	26.847	1.246973	-0.219462	0.00280934	0.997191	0.00561869	1.99438	0.1915823
8575	1	29.00831	28.52994	0.4783684	-0.243616	0.00100464	0.998995	0.00200928	1.99799	0.4131959
8576	0	28.60944	27.90507	0.7043772	-0.117701	0.00176427	0.998236	0.00352854	1.99647	0.3296109
8577	1	26.13919	25.84338	0.2958069	0.610637	0.00104252	0.998957	0.00208503	1.99791	0.495954
8578	0	29.09631	27.83132	1.264985	-0.0784223	0.00194932	0.998051	0.00389863	1.9961	0.1881624
8579	1	28.92553	27.98773	0.9377993	0.096552	0.00195805	0.998042	0.0039161	1.99608	0.2609923
8580	0	28.46917	27.22677	1.242406	-0.125129	0.00263258	0.997367	0.00526516	1.99473	0.1924592
8581	1	28.30401	27.2043	1.099715	-0.239939	0.0025786	0.997421	0.00515721	1.99484	0.2219774
8582	0	28.51978	27.76755	0.7522236	-0.204074	0.00189959	0.9981	0.00379918	1.9962	0.3142116
8583	1	28.52681	27.63586	0.8909426	0.310962	0.00169624	0.998304	0.00339248	1.99661	0.2735126
8584	0	29.49059	28.71296	0.7776256	0.0905607	0.00129186	0.998708	0.00258372	1.99742	0.3063305
8585	1	29.29379	28.88042	0.413375	-0.0466573	0.000597029	0.999403	0.00119406	1.99881	0.4409428
8586	0	29.21328	27.95432	1.258955	0.0295989	0.00169357	0.998306	0.00338714	1.99661	0.1893005
8587	1	28.54824	27.67949	0.8687486	-0.419414	0.00158829	0.998412	0.00317658	1.99682	0.2796508
8588	0	27.67641	26.41746	1.258955	-0.0102094	0.00345233	0.996548	0.00690465	1.9931	0.1893005
8589	1	27.03511	26.51944	0.5156777	-0.590548	0.0014905	0.998509	0.002981	1.99702	0.3980639
8590	0	25.66936	24.34466	1.324697	0.284961	0.00472869	0.995271	0.00945738	1.99054	0.1772557
8591	1	27.87867	27.20462	0.6740464	0.443923	0.000861434	0.999139	0.00172287	1.99828	0.3397615
8592	0	26.31061	24.75094	1.559675	0.0673193	0.00427079	0.995729	0.00854159	1.99146	0.1401362
8593	1	27.89772	27.71719	0.1805211	-0.462685	0.00068169	0.999318	0.00136338	1.99864	0.5565567
8594	0	27.31745	26.33064	0.9868042	-0.026293	0.00338566	0.996614	0.00677133	1.99323	0.2485107
8595	1	29.06611	28.23054	0.8355675	0.124866	0.00165804	0.998342	0.00331607	1.99668	0.2890856
8596	0	28.79234	27.52933	1.263004	0.13174	0.00199047	0.99801	0.00398094	1.99602	0.1885356
8597	1	27.63327	26.21414	1.419131	-0.132092	0.003212	0.996788	0.00642401	1.99358	0.1612827
8598	0	27.56583	26.3446	1.221227	-0.0863656	0.00354959	0.99645	0.00709919	1.9929	0.1965787
8599	1	27.3855	26.93214	0.4533603	-0.359622	0.00170291	0.998297	0.00340583	1.99659	0.4236594
8600	0	28.69752	27.81269	0.8848227	-0.120332	0.0021022	0.997898	0.0042044	1.9958	0.2751916
8601	1	28.46979	28.07259	0.397198	0.00948621	0.00110311	0.998897	0.00220622	1.99779	0.4481339
8602	0	25.62857	25.03186	0.5967095	-0.151616	0.00327668	0.996723	0.00655337	1.99345	0.3670803
8603	1	27.77861	27.5621	0.2165031	0.379024	0.000751701	0.999248	0.0015034	1.9985	0.5368867
8604	0	29.78903	28.81578	0.9732578	-0.163567	0.00110696	0.998893	0.00221392	1.99779	0.2519
8605	1	29.55838	28.95302	0.6053621	-0.105564	0.000633004	0.999367	0.00126601	1.99873	0.3639178
8606	0	29.29097	28.2172	1.073766	-0.105021	0.0018904	0.99811	0.0037808	1.99622	0.2278128
8607	1	29.29814	28.8731	0.4250355	-0.0425442	0.000579866	0.99942	0.00115973	1.99884	0.4358311
8608	0	27.78036	26.70659	1.073766	-0.131786	0.00315541	0.996845	0.00631082	1.99369	0.2278128
8609	1	29.48385	28.96994	0.5139103	-0.000707992	0.000801921	0.999198	0.00160384	1.9984	0.398768
8610	0	27.61254	26.22977	1.38277	-0.277197	0.00122867	0.998771	0.00245733	1.99754	0.1672551
8611	1	28.76614	28.08945	0.6766913	-0.420869	0.000822847	0.999177	0.00164569	1.99835	0.338864
8612	0	27.81732	27.03643	0.7808863	0.414385	0.000814342	0.999186	0.00162868	1.99837	0.3053333
8613	1	27.71443	27.66026	0.05416822	-0.217123	0.000676058	0.999324	0.00135212	1.99865	0.6315152
8614	0	28.55586	27.93209	0.6237742	-0.331677	0.00149202	0.998508	0.00298403	1.99702	0.3572786
8615	1	26.86467	27.05233	-0.1876608	-0.382321	0.000398958	0.999601	0.000797916	1.9992	0.8042828
8616	0	29.04117	28.4023	0.6388772	0.0876416	0.001324	0.998676	0.002648	1.99735	0.3519232
8617	1	27.00328	27.07344	-0.07015912	0.364135	0.000474014	0.999526	0.000948028	1.99905	0.7151192
8618	0	29.288	28.77753	0.5104739	-0.13868	0.000954796	0.999045	0.00190959	1.99809	0.4001407
8619	1	29.49352	28.84388	0.6496479	-0.224614	0.00104699	0.998953	0.00209398	1.99791	0.3481531
8620	0	28.38891	27.34073	1.048179	0.320163	0.00175485	0.998245	0.0035097	1.99649	0.2337169
8621	1	27.94772	27.71831	0.2294023	-0.281334	0.000372565	0.999627	0.00074513	1.99925	0.5300057
8622	0	29.74466	28.69096	1.053704	-0.0773424	0.00107361	0.998926	0.00214723	1.99785	0.2324294
8623	1	26.95446	27.12735	-0.1728938	-0.270971	0.00047781	0.999522	0.00095562	1.99904	0.7924933
8624	0	29.12825	27.89116	1.237082	0.0565547	0.00186117	0.998139	0.00372234	1.99628	0.1934865
8625	1	28.27276	27.98201	0.2907439	0.249612	0.000840044	0.99916	0.00168009	1.99832	0.4984714
8626	0	29.21061	28.0753	1.135305	0.157432	0.00156509	0.998435	0.00313018	1.99687	0.214216
8627	1	29.80395	29.03022	0.7737246	-0.179167	0.000913198	0.999087	0.0018264	1.99817	0.3075278
8628	0	29.45572	28.77286	0.6828588	0.0921989	0.00114275	0.998857	0.0022855	1.99771	0.3367805
8629	1	26.90998	26.25933	0.6506547	0.14507	0.000373002	0.999627	0.000746003	1.99925	0.3478027
8630	0	29.50265	28.34825	1.154401	-0.154187	0.00135416	0.998646	0.00270831	1.99729	0.2101641
8631	1	28.88269	28.0578	0.8248834	0.228593	0.00159478	0.998405	0.00318955	1.99681	0.2921907
8632	0	25.19777	24.28371	0.914064	0.19892	0.00493292	0.995067	0.00986583	1.99013	0.2672611
8633	1	27.01633	26.55191	0.4644167	0.278696	0.00183066	0.998169	0.00366132	1.99634	0.4190011
8634	0	24.14143	22.72861	1.412824	0.0418567	0.00798367	0.992016	0.0159673	1.98403	0.1623033
8635	1	29.50409	28.44435	1.059744	0.121474	0.00140581	0.998594	0.00281161	1.99719	0.2310297
8636	0	26.21654	24.83422	1.382321	-0.0686047	0.00504401	0.994956	0.010088	1.98991	0.1673303
8637	1	28.03496	26.564	1.470964	0.108589	0.00205807	0.997942	0.00411613	1.99588	0.153136
8638	0	26.91074	26.48682	0.4239146	-0.577846	0.00151566	0.998484	0.00303131	1.99697	0.4363199
8639	1	28.90875	28.52331	0.385436	0.0408607	0.000865364	0.999135	0.00173073	1.99827	0.453436
8640	0	29.0799	27.95844	1.121457	0.152276	0.0010342	0.998966	0.0020684	1.99793	0.2172031
8641	1	26.09855	25.51924	0.5793118	0.600868	0.00147344	0.998527	0.00294687	1.99705	0.3735226
8642	0	29.48263	28.88846	0.5941704	-0.0846653	0.000599108	0.999401	0.00119822	1.9988	0.3680136
8643	1	29.74331	29.03767	0.7056368	0.0474899	0.000968829	0.999031	0.00193766	1.99806	0.329196
8644	0	27.60391	26.88623	0.7176704	0.00846813	0.00238511	0.997615	0.00477022	1.99523	0.3252584
8645	1	29.43626	28.67072	0.7655365	0.140505	0.00124243	0.998758	0.00248485	1.99752	0.3100562
8646	0	27.77689	26.99711	0.7797847	-0.317556	0.0023365	0.997664	0.004673	1.99533	0.3056698
8647	1	27.7003	26.50548	1.19482	-0.277656	0.00304003	0.99696	0.00608007	1.99392	0.201839
8648	0	28.88595	28.19343	0.692514	0.308521	0.00113275	0.998867	0.00226549	1.99773	0.3335444
8649	1	28.72942	28.09013	0.6392857	-0.202405	0.00152645	0.998474	0.00305289	1.99695	0.3517795
8650	0	27.38138	26.72895	0.6524303	0.212768	0.002212	0.997788	0.00442399	1.99558	0.3471857
8651	1	29.12616	28.39583	0.7303331	0.263862	0.00113002	0.99887	0.00226003	1.99774	0.3211656
8652	0	29.64632	28.59292	1.053397	0.0157833	0.0015007	0.998499	0.0030014	1.997	0.2325007
8653	1	28.834	27.57142	1.262575	-0.196071	0.0011888	0.998811	0.00237759	1.99762	0.1886164
8654	0	26.20943	25.40543	0.8039934	0.0967845	0.00364574	0.996354	0.00729148	1.99271	0.2983588
8655	1	29.03434	28.20564	0.8286996	-0.265303	0.00068651	0.999313	0.00137302	1.99863	0.2910778
8656	0	25.48262	24.65798	0.8246317	0.294405	0.00410571	0.995894	0.00821141	1.99179	0.2922643
8657	1	29.01333	28.28688	0.726447	0.290347	0.000855344	0.999145	0.00171069	1.99829	0.3224162
8658	0	28.15626	26.9653	1.190954	-0.0267972	0.00297626	0.997024	0.00595252	1.99405	0.2026208
8659	1	27.22967	26.77308	0.4565877	-0.52622	0.00156334	0.998437	0.00312668	1.99687	0.4222943
8660	0	28.21878	27.60883	0.6099468	0.0756957	0.00171033	0.99829	0.00342066	1.99658	0.3622532
8661	1	25.06582	24.97084	0.09497092	-0.267776	0.00168727	0.998313	0.00337455	1.99663	0.6062663
8662	0	28.34101	27.54268	0.7983214	0.0442324	0.00212307	0.997877	0.00424615	1.99575	0.3000559
8663	1	29.17366	27.99927	1.174388	-0.0263677	0.00200993	0.99799	0.00401986	1.99598	0.2060053
8664	0	29.31556	28.08408	1.231477	-0.0579818	0.00172975	0.99827	0.0034595	1.99654	0.1945742
8665	1	28.01694	26.84766	1.169287	0.239393	0.00254488	0.997455	0.00508975	1.99491	0.2070589
8666	0	27.85068	27.24631	0.6043681	-0.463768	0.00163674	0.998363	0.00327349	1.99673	0.3642797
8667	1	28.0551	27.31217	0.7429284	0.158972	0.00208627	0.997914	0.00417254	1.99583	0.3171459
8668	0	29.45816	28.25761	1.20055	-0.0854183	0.00130227	0.998698	0.00260454	1.9974	0.2006857
8669	1	29.45459	28.71166	0.7429284	-0.0217732	0.00133131	0.998669	0.00266262	1.99734	0.3171459
8670	0	27.11328	27.2842	-0.1709123	-0.25167	0.00100232	0.998998	0.00200464	1.998	0.7909245
8671	1	29.88869	28.96937	0.9193167	-0.121518	0.00108871	0.998911	0.00217742	1.99782	0.265861
8672	0	27.72601	27.30807	0.417931	0.368176	0.00125767	0.998742	0.00251533	1.99748	0.4389384
8673	1	28.15403	27.87439	0.279638	0.109443	0.000948198	0.999052	0.0018964	1.9981	0.5040383
8674	0	29.70169	29.07533	0.6263565	0.00875721	0.000737061	0.999263	0.00147412	1.99853	0.3563572
8675	1	29.68364	28.98844	0.6952009	0.0287165	0.00103886	0.998961	0.00207773	1.99792	0.3326494
8676	0	29.22734	28.03399	1.193348	0.102545	0.00123294	0.998767	0.00246588	1.99753	0.2021363
8677	1	25.98543	25.82686	0.1585771	0.424425	0.0013955	0.998604	0.002791	1.99721	0.5689048
8678	0	28.65966	27.58016	1.079497	-0.252376	0.00222611	0.997774	0.00445221	1.99555	0.2265109
8679	1	29.04743	28.69561	0.3518279	-0.19352	0.000560224	0.99944	0.00112045	1.99888	0.4689341
8680	0	29.37025	28.47201	0.8982399	-0.225629	0.00154018	0.99846	0.00308035	1.99692	0.2715239
8681	1	28.11504	28.03438	0.08066017	-0.0834103	0.000379088	0.999621	0.000758177	1.99924	0.6150048
8682	0	28.47979	27.6287	0.8510916	0.169106	0.00203458	0.997965	0.00406916	1.99593	0.2846324
8683	1	27.73659	27.74812	-0.01152742	0.0983155	0.000379261	0.999621	0.000758523	1.99924	0.6743961
8684	0	29.5651	28.71065	0.8544535	0.172293	0.00106379	0.998936	0.00212757	1.99787	0.2836771
8685	1	28.06232	27.86889	0.1934307	-0.433304	0.000587654	0.999412	0.00117531	1.99882	0.549418
8686	0	28.02872	27.07517	0.9535551	0.251965	0.00237973	0.99762	0.00475947	1.99524	0.2569124
8687	1	28.66112	27.99065	0.6704707	-0.261585	0.000533821	0.999466	0.00106764	1.99893	0.3409785
8688	0	28.19013	27.84376	0.3463704	-0.190411	0.000376555	0.999623	0.00075311	1.99925	0.4715003
8689	1	28.64635	28.42154	0.2248102	0.094521	0.000522135	0.999478	0.00104427	1.99896	0.5324452
8690	0	27.13927	26.37898	0.7602959	0.430359	0.00215238	0.997848	0.00430475	1.9957	0.3116854
8691	1	29.01032	28.63132	0.3789953	-0.236282	0.000772537	0.999227	0.00154507	1.99845	0.4563659
8692	0	29.36746	28.29493	1.07253	0.159159	0.00118262	0.998817	0.00236523	1.99763	0.2280946
8693	1	27.98741	27.82572	0.1616808	-0.425818	0.000653825	0.999346	0.00130765	1.99869	0.5671418
8694	0	27.10748	26.60088	0.506594	-0.582535	0.0014794	0.998521	0.00295881	1.99704	0.4016962
8695	1	26.85347	26.66561	0.1878517	0.514977	0.00057893	0.999421	0.00115786	1.99884	0.5524917
8696	0	29.60928	28.59301	1.016264	0.117955	0.0011473	0.998853	0.00229459	1.99771	0.2412964
8697	1	29.0243	28.42161	0.6026893	-0.0712482	0.00130768	0.998692	0.00261537	1.99738	0.3648918
8698	0	28.75153	27.42548	1.326048	-0.0207254	0.00223655	0.997763	0.00447311	1.99553	0.1770164
8699	1	28.62285	28.22575	0.3971074	-0.0867384	0.00104961	0.99895	0.00209922	1.9979	0.4481745
8700	0	28.8899	28.34499	0.5449149	0.0722658	0.00121295	0.998787	0.00242589	1.99757	0.3865941
8701	1	27.89577	26.83237	1.063403	0.313232	0.000901622	0.999098	0.00180324	1.9982	0.2301858
8702	0	28.94439	27.78105	1.163339	-0.204162	0.000991044	0.999009	0.00198209	1.99802	0.2082942
8703	1	29.76691	28.8635	0.9034157	-0.123193	0.00130726	0.998693	0.00261452	1.99739	0.2701222
8704	0	29.29271	28.37782	0.9148944	-0.0592566	0.00174376	0.998256	0.00348752	1.99651	0.2670393
8705	1	28.77017	27.98294	0.7872308	-0.220959	0.00180379	0.998196	0.00360758	1.99639	0.3034022
8706	0	29.36634	28.54007	0.8262703	-0.0301154	0.00154427	0.998456	0.00308854	1.99691	0.2917858
8707	1	28.85198	27.88221	0.9697644	0.13881	0.00199765	0.998002	0.00399531	1.996	0.2527816
8708	0	27.39571	27.49552	-0.09980964	0.0325354	0.000451795	0.999548	0.00090359	1.9991	0.7366404
8709	1	29.67932	28.81391	0.8654113	-0.225668	0.00117529	0.998825	0.00235058	1.99765	0.2805856
8710	0	28.39146	28.15804	0.233428	-0.331975	0.000492922	0.999507	0.000985844	1.99901	0.5278764
8711	1	29.63391	28.58197	1.051939	-0.112438	0.00152666	0.998473	0.00305332	1.99695	0.2328399
8712	0	26.31444	26.52646	-0.212014	-0.498254	0.000363598	0.999636	0.000727197	1.99927	0.8241101
8713	1	29.46567	28.71127	0.7544009	0.0740223	0.00128812	0.998712	0.00257624	1.99742	0.3135282
8714	0	29.06903	28.72754	0.3414903	-0.0210166	0.000535181	0.999465	0.00107036	1.99893	0.4738069
8715	1	29.01253	27.98984	1.022691	0.22793	0.00101025	0.99899	0.00202051	1.99798	0.2397507
8716	0	27.96985	27.85928	0.1105709	-0.316257	0.000669293	0.999331	0.00133859	1.99866	0.5968819
8717	1	28.87296	28.56522	0.3077347	-0.254651	0.00059502	0.999405	0.00119004	1.99881	0.4900735
8718	0	27.83841	27.58459	0.2538136	-0.47859	0.000891983	0.999108	0.00178397	1.99822	0.5172243
8719	1	28.3858	28.0584	0.3273979	0.187562	0.000916265	0.999084	0.00183253	1.99817	0.4805312
8720	0	29.04321	28.49194	0.5512733	0.216407	0.000996942	0.999003	0.00199388	1.99801	0.3841438
8721	1	26.85764	25.3951	1.462543	-0.311791	0.00302609	0.996974	0.00605219	1.99395	0.154431
8722	0	26.96027	26.15317	0.8071005	-0.553366	0.0020604	0.99794	0.0041208	1.99588	0.2974332
8723	1	27.2527	26.00389	1.248808	-0.11244	0.00385933	0.996141	0.00771866	1.99228	0.1912311
8724	0	27.20866	26.12721	1.081456	0.370134	0.00264577	0.997354	0.00529155	1.99471	0.2260676
8725	1	28.2647	26.85592	1.40878	-0.220154	0.00191806	0.998082	0.00383613	1.99616	0.1629609
8726	0	28.97471	28.4756	0.4991053	-0.306126	0.00101169	0.998988	0.00202338	1.99798	0.4047157
8727	1	29.62038	28.81557	0.8048159	0.00161661	0.00131103	0.998689	0.00262207	1.99738	0.2981135
8728	0	24.61241	23.43463	1.177772	0.362669	0.00560892	0.994391	0.0112178	1.98878	0.2053094
8729	1	28.8565	27.57258	1.283924	-0.184278	0.00197641	0.998024	0.00395283	1.99605	0.1846322
8730	0	26.02234	24.471	1.551338	0.104924	0.00457268	0.995427	0.00914536	1.99085	0.1413095
8731	1	23.66874	23.90649	-0.2377534	-0.605029	0.00138466	0.998615	0.00276933	1.99723	0.8455976
8732	0	28.08771	26.81404	1.273668	0.163228	0.00268408	0.997316	0.00536816	1.99463	0.1865356
8733	1	28.0649	27.86978	0.1951141	-0.387138	0.000473847	0.999526	0.000947694	1.99905	0.5484938
8734	0	28.38839	27.39784	0.9905469	-0.0313276	0.00253502	0.997465	0.00507005	1.99493	0.2475824
8735	1	28.14127	27.99284	0.1484309	-0.0731784	0.000357703	0.999642	0.000715406	1.99928	0.5747064
8736	0	29.03639	27.92141	1.114981	-0.0730387	0.00214979	0.99785	0.00429957	1.9957	0.2186144
8737	1	27.03551	27.14249	-0.1069751	0.0408714	0.00027246	0.999728	0.00054492	1.99946	0.7419377
8738	0	29.27656	28.56415	0.7124057	-0.136293	0.0013839	0.998616	0.00276779	1.99723	0.3269753
8739	1	27.72806	27.60492	0.123145	0.077602	0.000321229	0.999679	0.000642459	1.99936	0.5894236
8740	0	28.87828	28.02582	0.8524604	-0.0962765	0.0019221	0.998078	0.0038442	1.99616	0.2842431
8741	1	27.73788	27.61473	0.123145	0.258298	0.00071302	0.999287	0.00142604	1.99857	0.5894236
8742	0	29.88542	28.97418	0.9112476	-0.108703	0.00115192	0.998848	0.00230384	1.9977	0.2680149
8743	1	27.7888	27.79092	-0.002114738	0.0490945	0.000365595	0.999634	0.00073119	1.99927	0.668078
8744	0	28.68603	27.85015	0.8358834	-0.411089	0.00090367	0.999096	0.00180734	1.99819	0.2889943
8745	1	26.32619	26.67435	-0.3481607	-0.192482	0.000294258	0.999706	0.000588515	1.99941	0.9443066
8746	0	27.71203	26.809	0.9030301	0.389393	0.0020362	0.997964	0.0040724	1.99593	0.2702264
8747	1	24.55744	24.9056	-0.3481607	-0.664296	0.000355179	0.999645	0.000710358	1.99929	0.9443066
8748	0	26.11538	25.67969	0.4356933	0.612326	0.00100151	0.998998	0.00200302	1.998	0.4312107
8749	1	26.96999	27.15562	-0.1856284	-0.133081	0.000451448	0.999549	0.000902896	1.9991	0.8026498
8750	0	28.2986	27.12183	1.176773	0.1428	0.000858565	0.999141	0.00171713	1.99828	0.2055147
8751	1	28.45758	28.20411	0.2534706	-0.115352	0.000809327	0.999191	0.00161865	1.99838	0.5174017
8752	0	29.69939	28.68382	1.01557	-0.100117	0.00146327	0.998537	0.00292655	1.99707	0.2414641
8753	1	26.62701	26.87599	-0.2489787	0.0588862	0.000269186	0.999731	0.000538372	1.99946	0.8551431
8754	0	27.00689	26.33486	0.6720239	0.460906	0.00197404	0.998026	0.00394807	1.99605	0.3404493
8755	1	29.50989	28.88922	0.6206708	-0.210172	0.000683934	0.999316	0.00136787	1.99863	0.3583891
8756	0	27.87408	27.23385	0.6402297	0.179924	0.00191602	0.998084	0.00383204	1.99617	0.3514475
8757	1	28.78209	28.33396	0.4481361	-0.396878	0.000811404	0.999189	0.00162281	1.99838	0.4258785
8758	0	28.21831	27.99969	0.2186191	-0.0446067	0.000825993	0.999174	0.00165199	1.99835	0.5357518
8759	1	29.12031	28.68005	0.4402655	-0.103704	0.000901603	0.999098	0.00180321	1.9982	0.4292436
8760	0	28.20646	27.5166	0.689869	-0.321213	0.000527863	0.999472	0.00105573	1.99894	0.3344279
8761	1	27.64373	26.88181	0.7619147	0.389612	0.00194191	0.998058	0.00388381	1.99612	0.3111812
8762	0	29.65266	28.68157	0.9710891	-0.105029	0.000870823	0.999129	0.00174165	1.99826	0.2524469
8763	1	26.57881	26.15239	0.4264201	-0.329628	0.00205025	0.99795	0.0041005	1.9959	0.435228
8764	0	26.28143	25.49581	0.7856193	0.374303	0.00308213	0.996918	0.00616426	1.99384	0.3038916
8765	1	28.38358	27.89392	0.4896602	-0.40326	0.00121647	0.998784	0.00243295	1.99757	0.4085564
8766	0	29.41678	28.49533	0.9214546	-0.300932	0.00115911	0.998841	0.00231822	1.99768	0.2652932
8767	1	27.38956	26.52102	0.8685465	0.447103	0.00191976	0.99808	0.00383952	1.99616	0.2797073
8768	0	28.25331	27.09676	1.156551	0.29916	0.00188997	0.99811	0.00377993	1.99622	0.2097128
8769	1	21.96873	21.37058	0.5981443	-0.58455	0.00622485	0.993775	0.0124497	1.98755	0.366554
8770	0	27.1159	25.80626	1.309642	-0.250697	0.00365388	0.996346	0.00730775	1.99269	0.1799444
8771	1	28.91811	28.11676	0.8013455	0.0939569	0.00172713	0.998273	0.00345426	1.99655	0.2991499
8772	0	28.72023	27.36315	1.357086	0.0506009	0.00202239	0.997978	0.00404477	1.99596	0.1716065
8773	1	28.31636	28.05004	0.2663169	0.0137192	0.00087972	0.99912	0.00175944	1.99824	0.5107975
8774	0	29.49913	28.57879	0.9203336	-0.0575763	0.000749252	0.999251	0.0014985	1.9985	0.2655907
8775	1	28.70606	28.04506	0.6609998	0.265951	0.000626829	0.999373	0.00125366	1.99875	0.3442232
8776	0	28.17328	27.85049	0.3227861	-0.370213	0.000463054	0.999537	0.000926109	1.99907	0.4827525
8777	1	29.47212	28.82571	0.6464166	0.0847862	0.0010642	0.998936	0.0021284	1.99787	0.3492799
8778	0	28.72257	28.32975	0.3928254	0.154011	0.000478099	0.999522	0.000956198	1.99904	0.4500977
8779	1	29.63813	28.81249	0.8256327	-0.125196	0.00133111	0.998669	0.00266222	1.99734	0.2919719
8780	0	27.19349	26.99662	0.1968695	-0.270311	0.00116091	0.998839	0.00232181	1.99768	0.5475318
8781	1	29.0382	27.75345	1.284749	-0.161	0.00173868	0.998261	0.00347736	1.99652	0.18448
8782	0	27.65898	26.79029	0.8686898	0.453389	0.00149761	0.998502	0.00299523	1.997	0.2796672
8783	1	29.87811	28.94722	0.9308961	-0.125582	0.00106651	0.998933	0.00213303	1.99787	0.2628002
8784	0	28.93674	28.35401	0.5827274	-0.1933	0.00129333	0.998707	0.00258667	1.99741	0.3722489
8785	1	25.47968	24.76153	0.7181466	0.249215	0.00376104	0.996239	0.00752209	1.99248	0.3251035
8786	0	29.17022	28.70764	0.4625788	0.166738	0.00071604	0.999284	0.00143208	1.99857	0.4197719
8787	1	24.17205	23.61504	0.5570159	0.436311	0.00387983	0.99612	0.00775966	1.99224	0.3819441
8788	0	27.67796	27.20034	0.4776262	0.45479	0.00117221	0.998828	0.00234442	1.99766	0.4135027
8789	1	28.11492	26.77844	1.336475	-0.287524	0.00219462	0.997805	0.00438923	1.99561	0.1751802
8790	0	29.56791	28.56548	1.002425	0.100295	0.0014387	0.998561	0.0028774	1.99712	0.2446589
8791	1	29.6144	28.63233	0.9820711	0.132245	0.00116187	0.998838	0.00232374	1.99768	0.2496897
8792	0	29.2818	28.29212	0.9896874	0.215246	0.00128819	0.998712	0.00257639	1.99742	0.2477953
8793	1	26.80008	26.92735	-0.1272676	-0.0156834	0.000599515	0.9994	0.00119903	1.9988	0.7571473
8794	0	27.9285	27.22207	0.7064253	0.218445	0.00201302	0.997987	0.00402605	1.99597	0.3289366
8795	1	26.25866	26.02519	0.2334729	-0.641906	0.000630462	0.99937	0.00126092	1.99874	0.5278527
8796	0	26.63856	26.1337	0.5048615	-0.626891	0.0014855	0.998515	0.002971	1.99703	0.4023928
8797	1	26.4751	25.94914	0.5259588	0.456092	0.000500459	0.9995	0.00100092	1.999	0.3939923
8798	0	28.79711	27.49315	1.303965	-0.195699	0.00191759	0.998082	0.00383518	1.99616	0.1809689
8799	1	28.37866	28.16495	0.2137124	-0.125872	0.000388334	0.999612	0.000776668	1.99922	0.5383871
8800	0	28.77491	27.49169	1.283218	-0.0559922	0.00231635	0.997684	0.0046327	1.99537	0.1847627
8801	1	29.01131	28.57054	0.4407769	0.186639	0.000804906	0.999195	0.00160981	1.99839	0.4290242
8802	0	29.05721	27.94392	1.11329	-0.0550872	0.000841714	0.999158	0.00168343	1.99832	0.2189843
8803	1	29.20034	28.65167	0.5486718	-0.252127	0.00102873	0.998971	0.00205746	1.99794	0.3851444
8804	0	29.48942	28.73489	0.7545317	0.103802	0.000703313	0.999297	0.00140663	1.99859	0.3134872
8805	1	26.46209	26.03663	0.4254546	-0.641519	0.00141515	0.998585	0.0028303	1.99717	0.4356484
8806	0	28.92423	28.35615	0.5680839	-0.0137761	0.00127616	0.998724	0.00255232	1.99745	0.3777401
8807	1	29.7545	28.95106	0.8034442	-0.180446	0.00112324	0.998877	0.00224647	1.99775	0.2985227
8808	0	29.4679	28.91682	0.5510802	0.0895776	0.000677368	0.999323	0.00135474	1.99865	0.384218
8809	1	28.15021	28.02722	0.122989	0.15076	0.000580787	0.999419	0.00116157	1.99884	0.5895156
8810	0	29.10187	28.55079	0.5510802	-0.339008	0.00070278	0.999297	0.00140556	1.99859	0.384218
8811	1	28.34439	28.10539	0.2390042	-0.379382	0.000699202	0.999301	0.0013984	1.9986	0.5249411
8812	0	29.17053	28.57399	0.5965358	-0.120662	0.00121254	0.998787	0.00242509	1.99757	0.3671441
8813	1	27.40847	27.36389	0.04458492	-0.481507	0.000624194	0.999376	0.00124839	1.99875	0.6375963
8814	0	29.55749	28.91597	0.6415212	-0.0839058	0.00106741	0.998933	0.00213482	1.99787	0.3509939
8815	1	26.44749	26.7288	-0.2813116	-0.200739	0.00043621	0.999564	0.00087242	1.99913	0.8832443
8816	0	29.51364	28.87212	0.6415212	-0.235751	0.000990862	0.999009	0.00198172	1.99802	0.3509939
8817	1	29.47799	28.71497	0.7630153	-0.269527	0.0008035	0.999197	0.001607	1.99839	0.3108389
8818	0	26.20805	24.90801	1.300045	0.00267145	0.0050727	0.994927	0.0101454	1.98985	0.1816797
8819	1	28.4208	28.17557	0.2452331	-0.268173	0.000781923	0.999218	0.00156385	1.99844	0.5216814
8820	0	29.49963	28.71603	0.7836035	-0.285648	0.0011181	0.998882	0.0022362	1.99776	0.3045048
8821	1	27.64645	26.95626	0.6901822	0.308501	0.00052449	0.999476	0.00104898	1.99895	0.3343231
8822	0	24.54598	24.09384	0.4521459	-0.212478	0.00337944	0.996621	0.00675887	1.99324	0.4241742
8823	1	28.26968	28.16155	0.1081236	0.0707049	0.000488214	0.999512	0.000976429	1.99902	0.5983444
8824	0	29.55641	28.97729	0.5791143	0.053623	0.000679537	0.99932	0.00135907	1.99864	0.3735963
8825	1	29.41814	28.48775	0.9303959	-0.269955	0.00139938	0.998601	0.00279877	1.9972	0.2629317
8826	0	26.09949	26.34973	-0.2502386	-0.231502	0.000581254	0.999419	0.00116251	1.99884	0.8562212
8827	1	28.26171	27.34957	0.9121416	-0.0632813	0.00247356	0.997526	0.00494712	1.99505	0.2677754
8828	0	28.17592	27.94827	0.2276458	-0.352936	0.000454123	0.999546	0.000908245	1.99909	0.5309375
8829	1	28.35625	27.73618	0.6200672	0.402098	0.000921813	0.999078	0.00184363	1.99816	0.3586055
8830	0	27.82165	27.37585	0.445806	0.0600202	0.00149003	0.99851	0.00298006	1.99702	0.426872
8831	1	29.6729	28.99023	0.6826699	-0.0543067	0.00106157	0.998938	0.00212313	1.99788	0.3368441
8832	0	29.32421	28.69142	0.6327869	-0.174613	0.000589918	0.99941	0.00117984	1.99882	0.3540731
8833	1	29.55508	28.56143	0.9936526	0.13394	0.00133095	0.998669	0.00266191	1.99734	0.2468146
8834	0	28.95779	28.44604	0.5117505	-0.217763	0.00111946	0.998881	0.00223893	1.99776	0.3996302
8835	1	29.54504	28.52662	1.018422	0.119371	0.00139872	0.998601	0.00279745	1.9972	0.2407763
8836	0	29.32425	28.87015	0.4540995	-0.202373	0.000694994	0.999305	0.00138999	1.99861	0.4233463
8837	1	29.17779	28.15937	1.018422	-0.124459	0.00194058	0.998059	0.00388116	1.99612	0.2407763
8838	0	26.49424	25.86063	0.6336071	-0.637128	0.00117227	0.998828	0.00234454	1.99766	0.3537828
8839	1	28.09592	26.74148	1.354434	-0.142347	0.00283437	0.997166	0.00566875	1.99433	0.1720622
8840	0	28.44657	27.40941	1.037153	-0.0887592	0.00101679	0.998983	0.00203357	1.99797	0.2363082
8841	1	29.16367	28.72673	0.4369402	-0.0667091	0.000868238	0.999132	0.00173648	1.99826	0.4306734
8842	0	26.76886	25.92609	0.8427768	-0.570368	0.00203384	0.997966	0.00406768	1.99593	0.287009
8843	1	28.81572	28.47328	0.3424339	0.0940786	0.000790635	0.999209	0.00158127	1.99842	0.47336
8844	0	29.194	28.14661	1.047389	0.165869	0.000974451	0.999026	0.0019489	1.99805	0.2339018
8845	1	26.17237	25.73155	0.4408186	-0.554256	0.00208784	0.997912	0.00417567	1.99582	0.4290063
8846	0	27.3876	27.24491	0.1426847	-0.542136	0.000660196	0.99934	0.00132039	1.99868	0.5780183
8847	1	28.49103	27.98568	0.5053498	-0.451571	0.000725814	0.999274	0.00145163	1.99855	0.4021963
8848	0	29.19708	28.54709	0.6499828	-0.320948	0.00112413	0.998876	0.00224826	1.99775	0.3480365
8849	1	28.76797	28.30791	0.4600583	0.270418	0.000621214	0.999379	0.00124243	1.99876	0.4208312
8850	0	29.19912	28.09981	1.099309	0.191729	0.00134856	0.998651	0.00269711	1.9973	0.2220674
8851	1	27.79701	27.51488	0.2821243	-0.45086	0.000486697	0.999513	0.000973394	1.99903	0.5027866
8852	0	25.93644	24.68839	1.248052	-0.214801	0.00513865	0.994861	0.0102773	1.98972	0.1913756
8853	1	29.91524	28.98148	0.933765	-0.046049	0.00105395	0.998946	0.0021079	1.99789	0.2620474
8854	0	26.63804	25.46493	1.17311	0.365233	0.00319878	0.996801	0.00639755	1.9936	0.2062687
8855	1	29.71091	28.96005	0.750859	0.0444513	0.00110594	0.998894	0.00221189	1.99779	0.3146406
8856	0	28.4862	27.08265	1.40355	-0.150884	0.0020597	0.99794	0.00411939	1.99588	0.1638154
8857	1	29.36137	28.81385	0.547521	0.138897	0.000676324	0.999324	0.00135265	1.99865	0.3855879
8858	0	28.21955	27.81133	0.4082184	-0.243558	0.00124031	0.99876	0.00248061	1.99752	0.4432224
8859	1	26.70102	25.99922	0.7018083	0.229831	0.00040781	0.999592	0.00081562	1.99918	0.3304587
8860	0	26.37755	26.55026	-0.1727033	-0.141296	0.000225978	0.999774	0.000451957	1.99955	0.7923423
8861	1	29.63078	28.82094	0.8098401	0.0711823	0.00124968	0.99875	0.00249936	1.9975	0.2966195
8862	0	28.35144	27.71321	0.6382385	-0.2077	0.000461299	0.999539	0.000922598	1.99908	0.3521481
8863	1	28.05259	27.76829	0.2842941	0.3435	0.000817582	0.999182	0.00163516	1.99836	0.5016969
8864	0	27.1955	27.0953	0.1001911	-0.444897	0.000384124	0.999616	0.000768247	1.99923	0.6031097
8865	1	28.64009	28.2149	0.4251874	-0.354572	0.000549219	0.999451	0.00109844	1.9989	0.4357648
8866	0	26.88002	26.52596	0.3540635	0.552864	0.000845066	0.999155	0.00169013	1.99831	0.4678869
8867	1	28.41249	28.27915	0.1333361	0.00827943	0.000479407	0.999521	0.000958815	1.99904	0.5834473
8868	0	28.89047	28.37196	0.5185039	-0.133131	0.000470294	0.99953	0.000940588	1.99906	0.3969405
8869	1	28.54487	28.21983	0.3250385	0.185917	0.000467742	0.999532	0.000935484	1.99906	0.4816664
8870	0	25.93442	25.1854	0.7490154	0.343864	0.0033389	0.996661	0.00667779	1.99332	0.3152212
8871	1	28.06364	27.82409	0.2395489	0.16959	0.000875883	0.999124	0.00175177	1.99825	0.5246552
8872	0	25.91342	25.92106	-0.007642826	-0.186821	0.00109899	0.998901	0.00219798	1.9978	0.6717814
8873	1	29.41656	28.80691	0.6096529	-0.0530196	0.00057819	0.999422	0.00115638	1.99884	0.3623597
8874	0	26.68512	26.56107	0.1240561	-0.479885	0.00115074	0.998849	0.00230149	1.9977	0.5888868
8875	1	24.97333	24.02026	0.9530743	0.318989	0.00500574	0.994994	0.0100115	1.98999	0.2570359
8876	0	27.02533	26.28923	0.7360991	-0.116065	0.00283904	0.997161	0.00567807	1.99432	0.3193192
8877	1	27.2758	26.27434	1.001452	-0.304548	0.00320302	0.996797	0.00640603	1.99359	0.2448971
8878	0	29.79329	28.9654	0.8278827	-0.0822201	0.00121032	0.99879	0.00242064	1.99758	0.2913157
8879	1	28.56434	27.60753	0.9568032	0.106289	0.0022468	0.997753	0.0044936	1.99551	0.2560793
8880	0	29.77589	28.83153	0.944354	0.0756317	0.00104324	0.998957	0.00208648	1.99791	0.2592871
8881	1	28.91151	27.95776	0.9537551	0.186041	0.0018356	0.998164	0.0036712	1.99633	0.256861
8882	0	26.23532	25.74684	0.4884851	0.142469	0.00239479	0.997605	0.00478958	1.99521	0.4090368
8883	1	25.47155	24.5461	0.9254504	0.584077	0.00160015	0.9984	0.00320029	1.9968	0.2642352
8884	0	28.53623	27.6725	0.8637333	-0.00990385	0.00216706	0.997833	0.00433412	1.99567	0.2810568
8885	1	28.90282	28.1547	0.7481188	-0.11984	0.00168857	0.998311	0.00337713	1.99662	0.315504
8886	0	26.83119	25.72256	1.108626	0.0989537	0.00402272	0.995977	0.00804544	1.99195	0.220008
8887	1	26.91183	26.85401	0.05781245	0.473174	0.000676063	0.999324	0.00135213	1.99865	0.629218
8888	0	25.36748	24.2265	1.140981	-0.437458	0.00460132	0.995399	0.00920264	1.9908	0.2130036
8889	1	28.20865	28.044	0.1646463	-0.167765	0.00037703	0.999623	0.000754059	1.99925	0.5654624
8890	0	26.44749	25.05681	1.39068	-0.174098	0.00456625	0.995434	0.00913251	1.99087	0.1659374
8891	1	28.1252	28.02813	0.0970634	-0.281121	0.000452185	0.999548	0.000904369	1.9991	0.604999
8892	0	28.01997	26.69132	1.328648	0.216233	0.00232079	0.997679	0.00464159	1.99536	0.1765567
8893	1	29.72069	29.03524	0.6854498	0.0176758	0.000728383	0.999272	0.00145677	1.99854	0.335909
8894	0	28.96448	27.75355	1.210936	-0.242854	0.00177439	0.998226	0.00354879	1.99645	0.1986122
8895	1	29.04106	28.00145	1.039613	0.236991	0.0011296	0.99887	0.0022592	1.99774	0.2357276
8896	0	27.82784	26.89791	0.929931	-0.336549	0.00255447	0.997446	0.00510894	1.99489	0.263054
8897	1	28.00249	27.1106	0.8918962	-0.236448	0.00252808	0.997472	0.00505617	1.99494	0.2732519
8898	0	29.77251	28.84047	0.9320374	-0.00108516	0.00133442	0.998666	0.00266884	1.99733	0.2625004
8899	1	28.13545	26.97682	1.158626	-0.222588	0.00279226	0.997208	0.00558453	1.99442	0.2092782
8900	0	29.08384	28.46404	0.6198025	-0.377353	0.000866536	0.999133	0.00173307	1.99827	0.3587005
8901	1	28.35483	27.06685	1.287982	-0.232333	0.00241524	0.997585	0.00483048	1.99517	0.1838845
8902	0	29.48102	28.36258	1.118436	-0.143767	0.00107902	0.998921	0.00215804	1.99784	0.2178604
8903	1	28.85455	27.58849	1.266063	-0.170557	0.00208914	0.997911	0.00417829	1.99582	0.1879596
8904	0	28.48033	27.35332	1.127013	0.298965	0.00142243	0.998578	0.00284487	1.99716	0.2159997
8905	1	29.3046	28.1455	1.159094	-0.173133	0.00111764	0.998882	0.00223528	1.99776	0.2091803
8906	0	29.59719	28.44156	1.155633	-0.0725549	0.00141255	0.998587	0.0028251	1.99717	0.2099054
8907	1	26.5616	25.74445	0.8171497	0.368448	0.00295067	0.997049	0.00590134	1.9941	0.2944592
8908	0	29.09873	27.90037	1.198354	-0.139414	0.00104628	0.998954	0.00209255	1.99791	0.2011269
8909	1	27.74789	27.00499	0.7429065	-0.52312	0.00158265	0.998417	0.00316531	1.99683	0.3171528
8910	0	24.01314	23.04302	0.9701261	0.553293	0.0042527	0.995747	0.0085054	1.99149	0.2526902
8911	1	27.61921	26.696	0.9232078	0.427752	0.001831	0.998169	0.00366199	1.99634	0.2648285
8912	0	25.57902	24.64208	0.9369362	-0.410268	0.00430961	0.99569	0.00861921	1.99138	0.2612176
8913	1	27.43774	27.18227	0.2554615	0.461086	0.000845195	0.999155	0.00169039	1.99831	0.5163726
8914	0	29.07693	28.05488	1.022056	-0.0138798	0.00185069	0.998149	0.00370138	1.9963	0.2399029
8915	1	25.85114	24.72158	1.129561	-0.250876	0.00498516	0.995015	0.00997032	1.99003	0.2154501
8916	0	24.95326	23.6795	1.273754	0.39227	0.00475109	0.995249	0.00950218	1.9905	0.1865195
8917	1	26.02721	25.55169	0.4755195	-0.162046	0.00252524	0.997475	0.00505047	1.99495	0.4143747
8918	0	28.10988	27.78271	0.3271699	-0.000799881	0.00109657	0.998903	0.00219314	1.99781	0.4806408
8919	1	28.09703	27.03095	1.066076	0.339569	0.00193339	0.998067	0.00386679	1.99613	0.2295715
8920	0	27.64786	27.25352	0.3943415	-0.0434904	0.00145361	0.998546	0.00290722	1.99709	0.4494159
8921	1	28.82467	27.80094	1.023725	0.22723	0.000914956	0.999085	0.00182991	1.99817	0.2395028
8922	0	28.13117	26.76171	1.369462	-0.165747	0.00269326	0.997307	0.00538653	1.99461	0.1694958
8923	1	29.39667	28.40897	0.9877074	-0.158938	0.00169762	0.998302	0.00339524	1.9966	0.2482864
8924	0	28.67954	27.61261	1.066931	-0.0211826	0.00241498	0.997585	0.00482997	1.99517	0.2293752
8925	1	28.3579	27.5146	0.8432904	-0.470476	0.00132725	0.998673	0.00265451	1.99735	0.2868616
8926	0	29.28103	28.19644	1.084589	0.119331	0.00171142	0.998289	0.00342284	1.99658	0.2253604
8927	1	26.75537	25.85412	0.9012532	0.275166	0.00325728	0.996743	0.00651456	1.99349	0.270707
8928	0	28.21482	26.83173	1.383082	-0.251099	0.00200042	0.998	0.00400084	1.996	0.1672029
8929	1	25.87639	25.37738	0.499013	-0.226934	0.00270966	0.99729	0.00541932	1.99458	0.4047531
8930	0	27.84257	26.86951	0.9730645	0.0984179	0.00284157	0.997158	0.00568315	1.99432	0.2519487
8931	1	29.14746	28.66581	0.481653	-0.0961507	0.000979272	0.999021	0.00195854	1.99804	0.4118409
8932	0	28.10654	27.71508	0.3914636	-0.426116	0.00113373	0.998866	0.00226746	1.99773	0.4507111
8933	1	26.37548	25.92702	0.4484645	-0.576172	0.00190949	0.998091	0.00381898	1.99618	0.4257386
8934	0	28.56899	27.2151	1.353886	-0.119624	0.00122054	0.998779	0.00244108	1.99756	0.1721565
8935	1	28.326	27.25104	1.074956	-0.399564	0.00115244	0.998848	0.00230489	1.9977	0.2275418
8936	0	28.16535	27.95404	0.2113144	-0.263893	0.000394701	0.999605	0.000789402	1.99921	0.5396797
8937	1	28.61092	27.28814	1.322777	0.138347	0.00138584	0.998614	0.00277169	1.99723	0.1775963
8938	0	29.73491	29.03762	0.6972869	-0.0794588	0.000715352	0.999285	0.0014307	1.99857	0.3319563
8939	1	29.0824	27.90814	1.174262	-0.0676221	0.00210514	0.997895	0.00421028	1.99579	0.2060313
8940	0	29.53843	28.74411	0.794318	0.180571	0.000971598	0.999028	0.0019432	1.99806	0.3012596
8941	1	28.99608	28.36074	0.6353444	0.0698224	0.00135292	0.998647	0.00270585	1.99729	0.3531687
8942	0	28.85398	28.30005	0.553926	-0.114455	0.00128924	0.998711	0.00257849	1.99742	0.3831261
8943	1	29.36561	28.80401	0.5615993	0.0516178	0.000985923	0.999014	0.00197185	1.99803	0.3801975
8944	0	29.31609	28.54482	0.7712654	-0.221762	0.00140896	0.998591	0.00281792	1.99718	0.308285
8945	1	26.66178	26.11961	0.542174	-0.467585	0.00223131	0.997769	0.00446263	1.99554	0.3876552
8946	0	26.96759	26.68853	0.2790578	0.249183	0.00137188	0.998628	0.00274376	1.99726	0.5043308
8947	1	28.25474	27.17873	1.07601	0.344099	0.00157146	0.998429	0.00314293	1.99686	0.2273021
8948	0	28.78332	27.92717	0.8561485	0.192225	0.000669762	0.99933	0.00133952	1.99866	0.2831967
8949	1	28.99363	27.68402	1.309606	0.0643733	0.00166259	0.998337	0.00332519	1.99667	0.179951
8950	0	29.1419	28.74136	0.4005455	0.0514434	0.000548007	0.999452	0.00109601	1.9989	0.4466363
8951	1	23.71662	22.27662	1.440001	-0.260259	0.00796682	0.992033	0.0159336	1.98407	0.1579517
8952	0	29.31694	28.71198	0.6049681	-0.302507	0.000960103	0.99904	0.00192021	1.99808	0.3640612
8953	1	25.48852	24.47036	1.018163	-0.0225812	0.00527496	0.994725	0.0105499	1.98945	0.2408387
8954	0	27.51159	27.08545	0.4261371	-0.0769236	0.0016018	0.998398	0.0032036	1.9968	0.4353512
8955	1	25.34928	24.27883	1.070458	-0.344568	0.00512373	0.994876	0.0102475	1.98975	0.2285677
8956	0	27.07747	26.3656	0.7118712	-0.523346	0.00211722	0.997883	0.00423444	1.99577	0.3271501
8957	1	27.122	25.64606	1.475941	-0.0472235	0.00373947	0.996261	0.00747894	1.99252	0.1523756
8958	0	29.10593	28.04513	1.0608	0.11789	0.00189514	0.998105	0.00379028	1.99621	0.2307858
8959	1	24.98454	24.15068	0.8338621	0.384385	0.0043576	0.995642	0.00871521	1.99128	0.289579
8960	0	27.8275	27.32618	0.5013232	-0.537432	0.00116237	0.998838	0.00232475	1.99768	0.4038191
8961	1	28.2138	26.76759	1.446208	-0.0335377	0.00246835	0.997532	0.0049367	1.99506	0.1569744
8962	0	25.21348	24.85867	0.3548107	0.601423	0.00194388	0.998056	0.00388776	1.99611	0.4675375
8963	1	29.1434	28.41146	0.7319416	-0.121778	0.00150878	0.998491	0.00301757	1.99698	0.3206495
8964	0	25.28633	24.97829	0.3080378	0.0699603	0.00225393	0.997746	0.00450786	1.99549	0.489925
8965	1	29.92681	29.06335	0.8634578	-0.0658707	0.000963345	0.999037	0.00192669	1.99807	0.2811343
8966	0	29.80118	29.01777	0.78341	0.0724112	0.000951849	0.999048	0.0019037	1.9981	0.3045637
8967	1	29.39754	28.4992	0.8983399	-0.108261	0.00163303	0.998367	0.00326607	1.99673	0.2714968
8968	0	25.79882	25.36845	0.4303715	0.300473	0.00237213	0.997628	0.00474427	1.99526	0.4335117
8969	1	28.0676	27.45554	0.6120598	-0.199406	0.000425666	0.999574	0.000851333	1.99915	0.3614886
8970	0	25.88767	25.87655	0.01111822	-0.440994	0.00119359	0.998806	0.00238718	1.99761	0.6592956
8971	1	28.3371	28.15444	0.1826643	-0.324979	0.000510878	0.999489	0.00102176	1.99898	0.5553651
8972	0	29.52747	28.53924	0.9882331	-0.0692158	0.00163967	0.99836	0.00327934	1.99672	0.2481559
8973	1	27.78115	27.57617	0.2049801	-0.390287	0.000416517	0.999583	0.000833033	1.99917	0.543109
8974	0	28.11533	27.43507	0.6802548	-0.196775	0.00197247	0.998028	0.00394494	1.99606	0.3376586
8975	1	26.85486	26.98184	-0.1269761	-0.413595	0.000577291	0.999423	0.00115458	1.99885	0.7569266
8976	0	29.50639	28.47438	1.032008	0.0677851	0.00158766	0.998412	0.00317533	1.99682	0.2375272
8977	1	28.1004	28.04312	0.05728156	-0.0617293	0.000515444	0.999485	0.00103089	1.99897	0.6295521
8978	0	27.11338	26.6011	0.5122839	0.48409	0.00151914	0.998481	0.00303828	1.99696	0.3994171
8979	1	27.68517	27.45447	0.2306927	-0.193972	0.00105712	0.998943	0.00211425	1.99789	0.5293223
8980	0	28.903	28.05078	0.8522187	-0.141182	0.00189213	0.998108	0.00378427	1.99622	0.2843118
8981	1	28.59473	28.36404	0.2306927	-0.0495198	0.000691624	0.999308	0.00138325	1.99862	0.5293223
8982	0	29.16963	27.90812	1.261516	-0.113542	0.0017918	0.998208	0.00358361	1.99642	0.1888162
8983	1	29.63002	28.78063	0.8493952	0.0549818	0.00132827	0.998672	0.00265653	1.99734	0.2851157
8984	0	29.04441	28.14927	0.8951413	-0.252669	0.00175237	0.998248	0.00350473	1.9965	0.2723666
8985	1	29.30927	28.16807	1.141193	0.0626631	0.00103593	0.998964	0.00207186	1.99793	0.2129584
8986	0	23.26586	22.15681	1.109047	0.328369	0.0077341	0.992266	0.0154682	1.98453	0.2199154
8987	1	29.80053	28.93104	0.869484	-0.111539	0.0012434	0.998757	0.0024868	1.99751	0.2794452
8988	0	26.15027	24.80547	1.344801	0.230857	0.00445028	0.99555	0.00890057	1.9911	0.1737277
8989	1	28.23028	27.71053	0.5197496	0.192773	0.00141892	0.998581	0.00283784	1.99716	0.3964463
8990	0	26.0745	25.31217	0.7623266	-0.496528	0.00310665	0.996893	0.0062133	1.99379	0.3110531
8991	1	28.82124	28.26496	0.5562763	0.17844	0.00120024	0.9988	0.00240047	1.9976	0.3822267
8992	0	28.93555	27.92777	1.007781	0.253421	0.00157742	0.998423	0.00315484	1.99685	0.2433521
8993	1	29.12634	28.04485	1.081491	0.200112	0.00113741	0.998863	0.00227482	1.99773	0.2260597
8994	0	29.2571	28.35758	0.8995255	0.238896	0.00103777	0.998962	0.00207555	1.99792	0.2711751
8995	1	27.54472	26.03694	1.507785	0.0599881	0.00134785	0.998652	0.0026957	1.9973	0.1475999
8996	0	26.40509	25.21732	1.187772	0.2693	0.000734561	0.999265	0.00146912	1.99853	0.2032665
8997	1	29.44515	28.75112	0.694029	0.193695	0.000887904	0.999112	0.00177581	1.99822	0.3330395
8998	0	29.66805	28.93045	0.737599	0.0505609	0.00072766	0.999272	0.00145532	1.99854	0.3188405
8999	1	24.18278	24.32419	-0.1414118	-0.480118	0.00140905	0.998591	0.00281811	1.99718	0.7679326
9000	0	29.6889	29.06733	0.6215703	-0.0679116	0.00069722	0.999303	0.00139444	1.99861	0.3580669
9001	1	28.96235	28.46163	0.5007183	-0.273617	0.00105752	0.998942	0.00211505	1.99788	0.4040634
9002	0	28.75141	28.11939	0.6320181	0.0532731	0.00148839	0.998512	0.00297678	1.99702	0.3543454
9003	1	26.57386	26.50856	0.06529146	0.151187	0.00102403	0.998976	0.00204806	1.99795	0.6245296
9004	0	29.28142	28.08218	1.199241	0.0994305	0.00137439	0.998626	0.00274879	1.99725	0.2009487
9005	1	27.67269	27.59843	0.07426059	0.129448	0.000692819	0.999307	0.00138564	1.99861	0.6189531
9006	0	29.01824	28.33269	0.6855477	0.113508	0.0014154	0.998585	0.00283079	1.99717	0.3358762
9007	1	28.97805	28.34046	0.6375949	0.182062	0.000584893	0.999415	0.00116979	1.99883	0.3523748
9008	0	28.35584	27.02987	1.325971	0.181569	0.00208071	0.997919	0.00416142	1.99584	0.17703
9009	1	29.32055	28.23539	1.085158	-0.26166	0.00127324	0.998727	0.00254647	1.99745	0.2252324
9010	0	28.81127	28.02996	0.7813093	-0.399563	0.00138693	0.998613	0.00277385	1.99723	0.3052041
9011	1	28.74731	27.8258	0.9215131	-0.215637	0.00206422	0.997936	0.00412843	1.99587	0.2652777
9012	0	27.4849	26.55702	0.9278803	-0.139182	0.00307994	0.99692	0.00615988	1.99384	0.263594
9013	1	27.69436	26.95285	0.7415009	0.353596	0.00199093	0.998009	0.00398185	1.99602	0.3175989
9014	0	26.43078	24.994	1.436777	-0.0876519	0.00467169	0.995328	0.00934337	1.99066	0.1584617
9015	1	28.84416	28.02038	0.8237835	0.109141	0.00180538	0.998195	0.00361075	1.99639	0.2925123
9016	0	26.80883	26.0982	0.7106325	-0.566798	0.00204395	0.997956	0.0040879	1.99591	0.3275556
9017	1	28.44756	27.81269	0.6348685	0.382414	0.000840823	0.999159	0.00168165	1.99832	0.3533368
9018	0	28.84397	27.86761	0.9763587	-0.320179	0.00181685	0.998183	0.00363371	1.99637	0.2511201
9019	1	29.83352	28.86105	0.972468	-0.109634	0.00101878	0.998981	0.00203755	1.99796	0.2520991
9020	0	28.8683	27.79842	1.069881	-0.205786	0.00214089	0.997859	0.00428178	1.99572	0.2286995
9021	1	28.52035	27.55023	0.9701121	-0.223241	0.00229755	0.997702	0.0045951	1.9954	0.2526937
9022	0	29.31846	28.16211	1.156348	0.119976	0.00151151	0.998488	0.00302302	1.99698	0.2097555
9023	1	28.28168	27.15976	1.12192	0.249904	0.000949132	0.999051	0.00189826	1.9981	0.2171026
9024	0	27.97665	27.11466	0.8619917	-0.438356	0.00199728	0.998003	0.00399456	1.99601	0.2815467
9025	1	28.08955	28.00423	0.08531123	-0.233398	0.000579977	0.99942	0.00115995	1.99884	0.612151
9026	0	27.10906	26.06069	1.048367	-0.400364	0.00304927	0.996951	0.00609853	1.9939	0.2336732
9027	1	26.9342	26.8434	0.09079522	0.340363	0.000912657	0.999087	0.00182531	1.99817	0.6088031
9028	0	27.14627	26.28349	0.8627807	0.0603755	0.00312726	0.996873	0.00625452	1.99375	0.2813247
9029	1	25.32433	25.30971	0.0146206	-0.590654	0.00138647	0.998614	0.00277294	1.99723	0.6569905
9030	0	29.76659	28.88391	0.8826726	-0.187719	0.00117363	0.998826	0.00234726	1.99765	0.2757839
9031	1	28.92171	28.43458	0.4871213	0.205472	0.000570124	0.99943	0.00114025	1.99886	0.409595
9032	0	29.60117	29.04113	0.5600465	-0.0213974	0.000678787	0.999321	0.00135757	1.99864	0.3807883
9033	1	29.52299	28.61761	0.9053832	-0.180156	0.00101094	0.998989	0.00202189	1.99798	0.2695913
9034	0	28.59168	28.18292	0.4087579	0.270107	0.000897048	0.999103	0.0017941	1.99821	0.4429834
9035	1	28.83059	27.96446	0.8661285	-0.378332	0.00153378	0.998466	0.00306757	1.99693	0.2803844
9036	0	29.60315	28.99189	0.6112671	0.00975047	0.000940521	0.999059	0.00188104	1.99812	0.3617752
9037	1	29.71728	28.77734	0.9399333	-0.093358	0.00141309	0.998587	0.00282617	1.99717	0.2604359
9038	0	27.58351	26.62801	0.9554941	-0.31304	0.00284761	0.997152	0.00569523	1.9943	0.2564147
9039	1	28.83785	27.61647	1.221375	-0.23612	0.0011647	0.998835	0.0023294	1.99767	0.1965497
9040	0	29.2492	28.1315	1.117708	-0.00905546	0.00194374	0.998056	0.00388748	1.99611	0.2180191
9041	1	27.15034	26.81018	0.3401634	-0.518377	0.00138256	0.998617	0.00276511	1.99723	0.474436
9042	0	28.61391	27.54806	1.065848	-0.101397	0.0024623	0.997538	0.00492461	1.99508	0.2296238
9043	1	28.10261	27.21558	0.8870304	-0.066826	0.00252928	0.997471	0.00505856	1.99494	0.2745847
9044	0	26.32152	25.78358	0.5379429	0.38726	0.00232213	0.997678	0.00464425	1.99536	0.3892988
9045	1	28.66515	27.73564	0.929503	0.0227699	0.0021965	0.997803	0.004393	1.99561	0.2631666
9046	0	27.90815	27.35192	0.5562377	-0.0340822	0.00176083	0.998239	0.00352166	1.99648	0.3822415
9047	1	29.51729	28.71183	0.805461	0.0898373	0.00131693	0.998683	0.00263385	1.99737	0.2979212
9048	0	28.13086	27.24139	0.889469	0.407545	0.00133348	0.998667	0.00266697	1.99733	0.2739159
9049	1	29.60631	28.80084	0.805461	-0.192663	0.00126638	0.998734	0.00253277	1.99747	0.2979212
9050	0	29.00986	28.5345	0.4753577	-0.323561	0.000902008	0.999098	0.00180402	1.9982	0.4144418
9051	1	29.74892	28.82344	0.9254848	0.0783997	0.000965514	0.999034	0.00193103	1.99807	0.2642262
9052	0	29.34781	28.86958	0.4782228	0.0089271	0.000823909	0.999176	0.00164782	1.99835	0.4132561
9053	1	28.63243	27.83608	0.7963567	0.0115372	0.001948	0.998052	0.00389599	1.9961	0.300646
9054	0	28.12045	27.89669	0.2237621	0.00261679	0.000867011	0.999133	0.00173402	1.99827	0.5330035
9055	1	27.69976	26.68784	1.011915	0.381516	0.000990591	0.999009	0.00198118	1.99802	0.2423482
9056	0	29.43036	28.8156	0.6147584	0.169577	0.000825827	0.999174	0.00165165	1.99835	0.3605144
9057	1	28.69268	27.92439	0.7682927	0.0512064	0.00182987	0.99817	0.00365974	1.99634	0.3092028
9058	0	27.25192	26.93963	0.3122905	-0.157463	0.000300681	0.999699	0.000601363	1.9994	0.4878459
9059	1	25.65681	25.56926	0.08755027	0.0609883	0.00138806	0.998612	0.00277612	1.99722	0.6107819
9060	0	29.8951	28.97446	0.9206439	0.000170685	0.00112017	0.99888	0.00224033	1.99776	0.2655083
9061	1	28.75124	28.01018	0.741063	0.151778	0.000564519	0.999435	0.00112904	1.99887	0.317738
9062	0	23.15993	21.8524	1.307531	-0.435665	0.00739521	0.992605	0.0147904	1.98521	0.1803247
9063	1	26.13587	25.98996	0.1459126	0.594606	0.000677469	0.999323	0.00135494	1.99865	0.5761555
9064	0	26.86099	25.39137	1.469619	0.251283	0.00146502	0.998535	0.00293004	1.99707	0.153342
9065	1	26.11848	26.17969	-0.0612083	-0.139561	0.000915893	0.999084	0.00183179	1.99817	0.7087469
9066	0	27.48806	25.89362	1.594442	-0.075856	0.00223142	0.997769	0.00446284	1.99554	0.1353479
9067	1	29.11689	28.33532	0.7815654	-0.343557	0.00081349	0.999187	0.00162698	1.99837	0.305126
9068	0	23.95878	22.36434	1.594442	0.0657878	0.00764522	0.992355	0.0152904	1.98471	0.1353479
9069	1	28.6395	28.44675	0.192743	-0.0391123	0.00053642	0.999464	0.00107284	1.99893	0.5497959
9070	0	28.48696	27.33105	1.155906	-0.185262	0.00254549	0.997455	0.00509097	1.99491	0.2098481
9071	1	29.24802	28.5115	0.7365183	0.161528	0.000673739	0.999326	0.00134748	1.99865	0.3191853
9072	0	28.05303	27.5813	0.4717298	-0.511083	0.00106995	0.99893	0.00213989	1.99786	0.4159481
9073	1	29.19343	28.02666	1.166766	0.14438	0.00157381	0.998426	0.00314762	1.99685	0.2075815
9074	0	28.53863	27.30697	1.231663	0.166925	0.00223535	0.997765	0.00447069	1.99553	0.194538
9075	1	26.72791	25.78568	0.9422273	0.443243	0.00259436	0.997406	0.00518873	1.99481	0.2598392
9076	0	27.22326	26.10513	1.118131	0.411534	0.00214399	0.997856	0.00428797	1.99571	0.2179268
9077	1	28.90701	28.02639	0.8806218	0.0292271	0.00193231	0.998068	0.00386462	1.99614	0.27635
9078	0	27.53265	26.41051	1.122141	0.0135676	0.00346449	0.996536	0.00692898	1.99307	0.2170546
9079	1	29.81469	29.10684	0.7078478	-0.0308729	0.000780429	0.99922	0.00156086	1.99844	0.328469
9080	0	27.89543	26.86977	1.025655	0.213783	0.00268727	0.997313	0.00537455	1.99463	0.239041
9081	1	29.47219	28.98254	0.4896474	-0.0773081	0.000758047	0.999242	0.00151609	1.99848	0.4085616
9082	0	27.99343	26.6831	1.310331	-0.2109	0.00285249	0.997148	0.00570497	1.9943	0.1798206
9083	1	28.99659	28.3241	0.6724866	0.275908	0.00112607	0.998874	0.00225215	1.99775	0.3402918
9084	0	28.91697	27.60664	1.310331	0.0924017	0.00154337	0.998457	0.00308674	1.99691	0.1798206
9085	1	29.89054	29.07843	0.8121088	-0.124851	0.000941114	0.999059	0.00188223	1.99812	0.2959473
9086	0	28.33316	28.06913	0.2640243	-0.40977	0.000607285	0.999393	0.00121457	1.99879	0.5119699
9087	1	27.25512	25.98385	1.271277	-0.0106876	0.00388861	0.996111	0.00777722	1.99222	0.1869821
9088	0	28.98089	28.13743	0.843465	0.287855	0.000933849	0.999066	0.0018677	1.99813	0.2868115
9089	1	27.26111	26.04781	1.213306	0.0895164	0.00374434	0.996256	0.00748868	1.99251	0.1981421
9090	0	27.58618	26.60067	0.9855057	-0.189051	0.00310172	0.996898	0.00620344	1.9938	0.2488336
9091	1	28.25566	27.21068	1.044975	-0.205304	0.00263432	0.997366	0.00526864	1.99473	0.234467
9092	0	27.80763	27.26838	0.5392488	-0.102958	0.00177252	0.998227	0.00354504	1.99645	0.3887908
9093	1	29.51718	28.4072	1.109981	-0.0851028	0.00166362	0.998336	0.00332724	1.99667	0.21971
9094	0	27.45839	26.83145	0.6269311	-0.57446	0.00128391	0.998716	0.00256782	1.99743	0.3561525
9095	1	26.65413	25.77212	0.8820105	-0.571	0.00105196	0.998948	0.00210393	1.9979	0.2759666
9096	0	26.03847	25.48674	0.551729	-0.660028	0.000974181	0.999026	0.00194836	1.99805	0.3839687
9097	1	28.33398	27.87274	0.4612404	0.244041	0.00119132	0.998809	0.00238263	1.99762	0.4203341
9098	0	29.14742	28.08774	1.059682	-0.304457	0.00119811	0.998802	0.00239621	1.9976	0.231044
9099	1	27.85671	26.8821	0.9746097	0.356154	0.00212377	0.997876	0.00424754	1.99575	0.2515597
9100	0	29.10635	28.31401	0.792342	-0.120195	0.0016515	0.998349	0.003303	1.9967	0.3018554
9101	1	27.07932	26.43831	0.6410131	-0.594964	0.00147247	0.998528	0.00294495	1.99706	0.3511723
9102	0	29.45359	28.80173	0.6518575	-0.0448184	0.000596233	0.999404	0.00119247	1.99881	0.3473846
9103	1	27.6736	26.7796	0.8940038	0.450546	0.00127391	0.998726	0.00254783	1.99745	0.2726766
9104	0	26.12193	26.12649	-0.004557778	0.568004	0.000707863	0.999292	0.00141573	1.99858	0.6697121
9105	1	29.10741	28.71026	0.3971523	-0.140842	0.000802342	0.999198	0.00160468	1.9984	0.4481544
9106	0	29.48361	28.93983	0.5437796	0.0893348	0.000725896	0.999274	0.00145179	1.99855	0.3870333
9107	1	28.84205	28.40968	0.4323786	-0.0861075	0.00102675	0.998973	0.00205351	1.99795	0.4326424
9108	0	29.11925	28.56155	0.5577053	-0.199694	0.00113579	0.998864	0.00227157	1.99773	0.3816809
9109	1	28.53128	27.79478	0.736496	-0.108468	0.00188643	0.998114	0.00377287	1.99623	0.3191924
9110	0	27.89454	27.40887	0.4856775	0.447969	0.00101536	0.998985	0.00203072	1.99797	0.4101868
9111	1	29.64238	28.54887	1.093512	-0.150782	0.00131844	0.998682	0.00263689	1.99736	0.2233585
9112	0	27.95318	27.35601	0.5971738	-0.41476	0.00167153	0.998328	0.00334306	1.99666	0.3669099
9113	1	28.70614	28.32813	0.3780058	-0.168349	0.000967458	0.999033	0.00193492	1.99807	0.4568177
9114	0	28.76024	27.75295	1.007297	0.301465	0.00139393	0.998606	0.00278785	1.99721	0.2434698
9115	1	28.56711	27.72043	0.846679	-0.243381	0.000599184	0.999401	0.00119837	1.9988	0.2858912
9116	0	23.95105	23.16159	0.7894556	0.503384	0.00467926	0.995321	0.00935851	1.99064	0.302728
9117	1	29.71778	28.76784	0.9499398	0.0742387	0.0012958	0.998704	0.0025916	1.99741	0.2578429
9118	0	29.50628	28.37303	1.133258	0.0615266	0.00150348	0.998497	0.00300697	1.99699	0.2146551
9119	1	29.40895	28.2996	1.109352	-0.0507994	0.000954249	0.999046	0.0019085	1.99809	0.2198484
9120	0	29.24984	28.30929	0.9405476	0.152259	0.00161103	0.998389	0.00322206	1.99678	0.260276
9121	1	29.35243	28.74427	0.6081644	0.193444	0.000843578	0.999156	0.00168716	1.99831	0.3628994
9122	0	29.55271	28.91925	0.6334559	-0.0586191	0.000623856	0.999376	0.00124771	1.99875	0.3538363
9123	1	27.25829	26.38633	0.8719589	-0.286046	0.00297822	0.997022	0.00595643	1.99404	0.2787544
9124	0	27.3196	26.64074	0.6788597	0.127911	0.000399991	0.9996	0.000799982	1.9992	0.33813
9125	1	27.82071	26.3047	1.51601	0.0740051	0.00229709	0.997703	0.00459417	1.99541	0.1463909
9126	0	26.66048	26.55853	0.1019479	-0.373898	0.000296478	0.999704	0.000592955	1.99941	0.6020511
9127	1	29.1812	28.08311	1.098087	0.0214459	0.00198293	0.998017	0.00396587	1.99603	0.2223391
9128	0	28.30281	27.67799	0.6248125	0.396603	0.000807972	0.999192	0.00161594	1.99838	0.3569079
9129	1	29.05981	28.28966	0.7701507	0.288058	0.00112115	0.998879	0.0022423	1.99776	0.3086289
9130	0	29.04391	28.43105	0.612858	-0.00611233	0.00130874	0.998691	0.00261749	1.99738	0.3612001
9131	1	28.19041	27.09883	1.091575	0.327936	0.00187034	0.99813	0.00374068	1.99626	0.2237916
9132	0	29.43348	28.78869	0.6447883	0.164503	0.000958154	0.999042	0.00191631	1.99808	0.3498491
9133	1	29.55843	28.62319	0.9352349	-0.242692	0.000977595	0.999022	0.00195519	1.99804	0.2616624
9134	0	28.39432	27.69894	0.6953785	-0.436504	0.00148955	0.99851	0.00297909	1.99702	0.3325904
9135	1	29.35636	28.69215	0.6642154	0.0996698	0.00116986	0.99883	0.00233971	1.99766	0.3431181
9136	0	29.04689	28.55305	0.4938386	0.23003	0.000695449	0.999305	0.0013909	1.99861	0.4068529
9137	1	24.71186	23.97442	0.7374429	0.473056	0.00393913	0.996061	0.00787826	1.99212	0.3188903
9138	0	28.95922	28.02072	0.9385039	-0.371524	0.00108012	0.99892	0.00216025	1.99784	0.2608085
9139	1	25.07611	24.97847	0.09763521	-0.338187	0.00171314	0.998287	0.00342628	1.99657	0.6046531
9140	0	27.6939	27.62928	0.06461956	-0.1643	0.000705467	0.999295	0.00141093	1.99859	0.6249494
9141	1	23.37241	23.71638	-0.3439702	0.0234549	0.000994306	0.999006	0.00198861	1.99801	0.9403577
9142	0	27.07006	27.0043	0.06576118	-0.170705	0.000268852	0.999731	0.000537704	1.99946	0.6242363
9143	1	29.45445	28.2783	1.176147	0.0556507	0.0013455	0.998655	0.00269099	1.99731	0.2056434
9144	0	29.53454	28.94555	0.5889956	0.0685685	0.000672569	0.999327	0.00134514	1.99865	0.3699229
9145	1	28.52083	27.99721	0.5236143	-0.32288	0.000508971	0.999491	0.00101794	1.99898	0.3949171
9146	0	28.73616	27.78627	0.9498926	0.305286	0.00151268	0.998487	0.00302537	1.99697	0.257855
9147	1	29.09351	28.5699	0.5236143	-0.189991	0.00108192	0.998918	0.00216384	1.99784	0.3949171
9148	0	29.58461	28.61367	0.9709388	-0.111592	0.00155717	0.998443	0.00311435	1.99689	0.2524849
9149	1	29.31983	28.8667	0.4531338	-0.166244	0.000772318	0.999228	0.00154464	1.99846	0.4237554
9150	0	28.13844	27.76988	0.3685585	0.259217	0.00106955	0.99893	0.00213911	1.99786	0.4611538
9151	1	28.60219	27.87556	0.7266296	-0.457616	0.00113043	0.99887	0.00226086	1.99774	0.3223573
9152	0	29.35932	28.6815	0.6778181	-0.298102	0.00108032	0.99892	0.00216064	1.99784	0.3384824
9153	1	27.88755	27.12814	0.7594127	0.270301	0.00208563	0.997914	0.00417125	1.99583	0.3119608
9154	0	28.01736	27.08164	0.9357193	0.26701	0.00232173	0.997678	0.00464347	1.99536	0.2615357
9155	1	28.18418	27.91549	0.2686868	-0.200997	0.000950197	0.99905	0.00190039	1.9981	0.5095884
9156	0	29.06097	28.33075	0.7302137	0.0508155	0.00152471	0.998475	0.00304942	1.99695	0.321204
9157	1	28.88491	28.04556	0.8393536	0.305547	0.000944753	0.999055	0.00188951	1.99811	0.2879931
9158	0	28.22322	27.62583	0.5973916	0.410985	0.00111398	0.998886	0.00222797	1.99777	0.36683
9159	1	29.693	28.98494	0.7080602	-0.188338	0.000776294	0.999224	0.00155259	1.99845	0.3283992
9160	0	24.79118	24.93764	-0.1464529	-0.701888	0.000480033	0.99952	0.000960066	1.99904	0.7718136
9161	1	26.64547	25.57949	1.065981	-0.450288	0.0031767	0.996823	0.0063534	1.99365	0.2295933
9162	0	29.02541	28.57888	0.446527	0.0751554	0.000503036	0.999497	0.00100607	1.99899	0.4265643
9163	1	26.65865	25.62147	1.03718	0.171511	0.00390873	0.996091	0.00781746	1.99218	0.2363018
9164	0	28.78127	28.1823	0.5989687	0.313658	0.000735294	0.999265	0.00147059	1.99853	0.3662519
9165	1	27.54707	26.50989	1.03718	0.180092	0.00308156	0.996918	0.00616311	1.99384	0.2363018
9166	0	27.89445	27.52913	0.3653204	0.275822	0.001163	0.998837	0.00232601	1.99767	0.4626495
9167	1	28.62952	27.50589	1.123629	-0.0809233	0.00250966	0.99749	0.00501932	1.99498	0.2167319
9168	0	28.08677	26.99615	1.090619	-0.281697	0.000772578	0.999227	0.00154516	1.99845	0.2240056
9169	1	29.11643	27.91516	1.201275	-0.0537633	0.00101132	0.998989	0.00202263	1.99798	0.2005403
9170	0	28.88322	28.09576	0.787458	-0.27772	0.0016669	0.998333	0.0033338	1.99667	0.3033333
9171	1	26.25117	24.95418	1.296985	-0.131061	0.00496569	0.995034	0.00993137	1.99007	0.1822365
9172	0	26.28338	24.94213	1.341245	0.402912	0.0023785	0.997621	0.004757	1.99524	0.1743466
9173	1	26.04923	25.74263	0.3065958	-0.510302	0.0018806	0.998119	0.00376119	1.99624	0.490632
9174	0	28.64337	27.48331	1.160056	-0.298062	0.00202329	0.997977	0.00404657	1.99595	0.2089791
9175	1	29.55699	28.39976	1.157226	-0.0985232	0.00124165	0.998758	0.0024833	1.99752	0.2095714
9176	0	27.58547	26.84095	0.7445245	0.310524	0.0021783	0.997822	0.0043566	1.99564	0.3166401
9177	1	28.19666	27.41806	0.7785987	0.0750041	0.00214989	0.99785	0.00429978	1.9957	0.3060326
9178	0	23.54264	23.16288	0.3797624	0.34397	0.00362469	0.996375	0.00724938	1.99275	0.4560159
9179	1	28.93297	28.00084	0.9321365	-0.106271	0.00202567	0.997974	0.00405133	1.99595	0.2624744
9180	0	28.97006	28.13715	0.832915	-0.349529	0.00149989	0.9985	0.00299979	1.997	0.2898534
9181	1	29.74995	28.79619	0.9537561	-0.00724706	0.0013806	0.998619	0.0027612	1.99724	0.2568607
9182	0	26.72741	26.33428	0.3931309	0.336333	0.00173703	0.998263	0.00347405	1.99653	0.4499602
9183	1	29.69066	29.03722	0.6534394	-0.0917937	0.000693066	0.999307	0.00138613	1.99861	0.3468356
9184	0	28.74897	28.49092	0.2580458	-0.145025	0.000672421	0.999328	0.00134484	1.99866	0.5150399
9185	1	28.47638	27.75377	0.7226153	-0.0409306	0.00188341	0.998117	0.00376683	1.99623	0.3236539
9186	0	26.63349	25.73097	0.9025152	-0.182577	0.00368244	0.996318	0.00736489	1.99264	0.2703656
9187	1	27.81739	27.60633	0.2110578	-0.306598	0.000954899	0.999045	0.0019098	1.99809	0.5398182
9188	0	24.80972	24.05803	0.7516862	-0.523325	0.00406311	0.995937	0.00812622	1.99187	0.3143805
9189	1	28.28356	28.02452	0.2590373	-0.391844	0.000527725	0.999472	0.00105545	1.99894	0.5145295
9190	0	27.41171	26.30369	1.108024	0.214985	0.00320594	0.996794	0.00641188	1.99359	0.2201405
9191	1	28.50132	28.25774	0.2435804	-0.325626	0.000678577	0.999321	0.00135715	1.99864	0.5225443
9192	0	27.03455	25.58538	1.449171	0.283154	0.0021628	0.997837	0.0043256	1.99567	0.1565099
9193	1	29.50723	28.33883	1.168395	-0.130658	0.00142795	0.998572	0.00285591	1.99714	0.2072437
9194	0	26.08978	24.65073	1.439052	0.0933925	0.00494249	0.995058	0.00988498	1.99012	0.1581016
9195	1	29.74038	28.81525	0.9251351	-0.18636	0.000974721	0.999025	0.00194944	1.99805	0.2643186
9196	0	27.28954	26.1517	1.137839	0.373821	0.00245475	0.997545	0.00490949	1.99509	0.213674
9197	1	26.33242	26.28214	0.05028246	-0.287165	0.000249323	0.999751	0.000498645	1.9995	0.6339739
9198	0	27.82971	26.84686	0.9828491	-0.315872	0.00268148	0.997319	0.00536296	1.99464	0.2494956
9199	1	28.43725	27.63194	0.8053086	0.358888	0.00146945	0.998531	0.0029389	1.99706	0.2979667
9200	0	29.12691	27.90982	1.217084	-0.109809	0.00107887	0.998921	0.00215774	1.99784	0.1973949
9201	1	29.53115	28.58166	0.9494833	0.0507715	0.00154013	0.99846	0.00308026	1.99692	0.2579606
9202	0	28.53956	28.02509	0.5144697	-0.333656	0.00127097	0.998729	0.00254194	1.99746	0.398545
9203	1	29.26541	28.31593	0.9494833	-0.288205	0.00151009	0.99849	0.00302018	1.99698	0.2579606
9204	0	29.00937	28.35035	0.6590174	0.0673186	0.000531605	0.999468	0.00106321	1.99894	0.3449063
9205	1	29.14777	28.46227	0.6854965	-0.162076	0.00140015	0.9986	0.00280031	1.9972	0.3358933
9206	0	29.06946	28.52187	0.5475862	0.223792	0.000654506	0.999345	0.00130901	1.99869	0.3855627
9207	1	29.86486	29.05459	0.8102681	0.0345026	0.000992093	0.999008	0.00198419	1.99802	0.2964926
9208	0	28.95976	28.53509	0.4246752	-0.144521	0.000476511	0.999523	0.000953022	1.99905	0.4359881
9209	1	29.39637	28.36344	1.032926	-0.156065	0.00172707	0.998273	0.00345414	1.99655	0.2373093
9210	0	29.35001	28.88351	0.4665002	-0.157977	0.000789284	0.999211	0.00157857	1.99842	0.418129
9211	1	28.0384	27.63505	0.4033479	-0.293662	0.00129674	0.998703	0.00259349	1.99741	0.4453864
9212	0	26.72765	26.337	0.3906409	0.554562	0.00120601	0.998794	0.00241203	1.99759	0.4510821
9213	1	28.83033	28.46792	0.3624145	-0.332896	0.000719526	0.99928	0.00143905	1.99856	0.4639959
9214	0	28.73697	28.38657	0.3503982	0.127848	0.000831511	0.999168	0.00166302	1.99834	0.469605
9215	1	27.03806	27.15481	-0.1167477	-0.226136	0.000564902	0.999435	0.0011298	1.99887	0.7492239
9216	0	26.50052	26.59941	-0.09888658	-0.506868	0.000725997	0.999274	0.00145199	1.99855	0.7359607
9217	1	28.55853	28.31824	0.240282	0.17997	0.000566848	0.999433	0.0011337	1.99887	0.5242707
9218	0	28.9272	28.43804	0.4891542	-0.334548	0.00061107	0.999389	0.00122214	1.99878	0.4087632
9219	1	29.2281	28.03461	1.193491	0.115906	0.00157313	0.998427	0.00314625	1.99685	0.2021073
9220	0	26.83396	26.24908	0.5848793	0.0694667	0.00240819	0.997592	0.00481638	1.99518	0.3714488
9221	1	29.03174	28.33869	0.6930503	-0.204956	0.00146411	0.998536	0.00292822	1.99707	0.3333656
9222	0	27.28106	26.25141	1.029648	0.399707	0.00237459	0.997625	0.00474919	1.99525	0.2380884
9223	1	29.44629	28.37546	1.070837	0.140923	0.00136573	0.998634	0.00273146	1.99727	0.2284811
9224	0	27.98572	27.78129	0.2044363	-0.179835	0.000889971	0.99911	0.00177994	1.99822	0.5434045
9225	1	26.81989	26.39134	0.4285484	0.389825	0.00172901	0.998271	0.00345802	1.99654	0.4343027
9226	0	27.05024	26.60718	0.4430532	0.372334	0.00166603	0.998334	0.00333205	1.99667	0.4280487
9227	1	27.76129	26.7318	1.029482	0.405536	0.00127922	0.998721	0.00255845	1.99744	0.238128
9228	0	27.74441	26.39933	1.34508	-0.334983	0.00222365	0.997776	0.00444729	1.99555	0.1736793
9229	1	29.01569	27.81418	1.201516	0.169661	0.00154417	0.998456	0.00308834	1.99691	0.200492
9230	0	29.29707	28.22097	1.076097	-0.15491	0.00183405	0.998166	0.00366809	1.99633	0.2272824
9231	1	27.49159	26.52945	0.9621355	-0.337419	0.00287187	0.997128	0.00574374	1.99426	0.2547174
9232	0	29.52146	28.41975	1.101708	-0.186313	0.00143829	0.998562	0.00287659	1.99712	0.2215353
9233	1	25.69719	25.2596	0.4375853	0.494671	0.00221568	0.997784	0.00443136	1.99557	0.4303956
9234	0	29.17743	28.23072	0.9467086	-0.218468	0.00176361	0.998236	0.00352722	1.99647	0.2586774
9235	1	28.9725	28.01367	0.9588316	0.0981942	0.00195001	0.99805	0.00390001	1.9961	0.2555604
9236	0	28.69594	28.08352	0.6124265	-0.394599	0.00126541	0.998735	0.00253083	1.99747	0.361356
9237	1	28.67464	27.82812	0.8465186	-0.0160362	0.00203944	0.997961	0.00407888	1.99592	0.285937
9238	0	28.35407	27.33507	1.019002	0.159836	0.00241939	0.997581	0.00483877	1.99516	0.2406366
9239	1	28.84	28.31279	0.5272093	0.0762041	0.00119792	0.998802	0.00239584	1.9976	0.3934999
9240	0	29.76862	28.73995	1.028664	-0.130526	0.00128401	0.998716	0.00256802	1.99743	0.2383228
9241	1	29.56086	28.63351	0.9273543	0.0294038	0.000795063	0.999205	0.00159013	1.99841	0.2637326
9242	0	29.84967	28.98517	0.8644991	0.0408167	0.000935834	0.999064	0.00187167	1.99813	0.2808417
9243	1	29.64003	28.79098	0.8490491	0.147475	0.000986784	0.999013	0.00197357	1.99803	0.2852144
9244	0	28.18192	28.02402	0.1578995	-0.121948	0.000717797	0.999282	0.00143559	1.99856	0.5692904
9245	1	28.78138	27.85781	0.9235727	-0.00300514	0.00211439	0.997886	0.00422878	1.99577	0.2647319
9246	0	27.60483	26.99073	0.6141046	-0.520153	0.00160944	0.998391	0.00321888	1.99678	0.3607501
9247	1	24.02391	22.7524	1.271511	-0.124447	0.00807065	0.991929	0.0161413	1.98386	0.1869384
9248	0	29.21479	28.36572	0.8490669	-0.0626711	0.00169212	0.998308	0.00338424	1.99662	0.2852093
9249	1	25.28097	23.79148	1.489489	-0.0193235	0.00612	0.99388	0.01224	1.98776	0.1503253
9250	0	26.96699	26.44993	0.5170592	0.177804	0.00207018	0.99793	0.00414037	1.99586	0.3975143
9251	1	24.15401	22.99107	1.162947	0.00833172	0.00759506	0.992405	0.0151901	1.98481	0.2083758
9252	0	29.20194	27.99452	1.207419	-0.17578	0.00121182	0.998788	0.00242365	1.99758	0.1993119
9253	1	24.24267	23.13546	1.107218	-0.124317	0.0072161	0.992784	0.0144322	1.98557	0.2203181
9254	0	29.48014	28.86896	0.611179	-0.112292	0.00105458	0.998945	0.00210916	1.99789	0.3618071
9255	1	22.55141	21.10103	1.450387	-0.0219489	0.0110678	0.988932	0.0221355	1.97786	0.1563197
9256	0	28.17927	27.92089	0.258376	-0.132713	0.000931682	0.999068	0.00186336	1.99814	0.5148699
9257	1	25.50461	23.7881	1.716512	0.169817	0.00338618	0.996614	0.00677235	1.99323	0.1197945
9258	0	28.75014	27.67833	1.071816	-0.0443816	0.000728621	0.999271	0.00145724	1.99854	0.2282575
9259	1	27.65844	26.23581	1.422632	-0.304966	0.00179279	0.998207	0.00358559	1.99641	0.1607191
9260	0	29.29775	28.54557	0.7521833	0.105958	0.00137173	0.998628	0.00274345	1.99726	0.3142242
9261	1	29.60246	28.9437	0.6587607	0.101071	0.000940145	0.99906	0.00188029	1.99812	0.3449949
9262	0	24.58945	23.9746	0.6148447	0.127785	0.00411255	0.995887	0.0082251	1.99177	0.3604832
9263	1	29.90689	29.10702	0.7998693	-0.0757201	0.000895167	0.999105	0.00179033	1.99821	0.2995918
9264	0	28.40947	27.58869	0.820786	-0.128056	0.00215636	0.997844	0.00431271	1.99569	0.2933904
9265	1	27.13268	26.81078	0.3219042	-0.221834	0.00149519	0.998505	0.00299038	1.99701	0.4831784
9266	0	28.62743	28.24655	0.3808808	0.0319557	0.000417798	0.999582	0.000835595	1.99916	0.4555062
9267	1	28.8513	28.5096	0.3416966	0.143497	0.000723106	0.999277	0.00144621	1.99855	0.4737092
9268	0	28.66179	28.4223	0.2394905	-0.182206	0.000464766	0.999535	0.000929532	1.99907	0.5246858
9269	1	28.55117	27.54843	1.002739	-0.134282	0.000652708	0.999347	0.00130542	1.99869	0.2445822
9270	0	29.48849	28.97956	0.5089227	-0.0651984	0.000805174	0.999195	0.00161035	1.99839	0.4007619
9271	1	27.36616	26.5849	0.7812631	0.268426	0.0024981	0.997502	0.0049962	1.995	0.3052182
9272	0	28.55009	28.31845	0.2316435	-0.236708	0.000694161	0.999306	0.00138832	1.99861	0.5288193
9273	1	26.42492	25.82326	0.6016532	-0.617067	0.00082287	0.999177	0.00164574	1.99835	0.3652701
9274	0	29.83412	28.91632	0.9178007	-0.0594835	0.000899539	0.9991	0.00179908	1.9982	0.2662643
9275	1	28.69831	28.27515	0.4231612	-0.34963	0.000559379	0.999441	0.00111876	1.99888	0.4366487
9276	0	28.18364	26.88816	1.295478	0.245944	0.00149859	0.998501	0.00299718	1.997	0.1825112
9277	1	28.0808	27.55931	0.5214915	-0.447759	0.000587528	0.999412	0.00117506	1.99882	0.3957563
9278	0	27.99359	26.68786	1.305729	-0.261468	0.00265173	0.997348	0.00530345	1.9947	0.18065
9279	1	27.42615	27.2449	0.1812483	0.191237	0.000984997	0.999015	0.00196999	1.99803	0.5561521
9280	0	27.36383	26.62022	0.7436085	-0.272055	0.00257233	0.997428	0.00514466	1.99486	0.3169302
9281	1	27.65186	27.10002	0.5518396	-0.423413	0.00173712	0.998263	0.00347424	1.99653	0.3839263
9282	0	28.57146	27.95281	0.6186489	-0.171673	0.00157546	0.998425	0.00315093	1.99685	0.3591145
9283	1	26.58465	26.20111	0.3835378	-0.643728	0.000865428	0.999135	0.00173086	1.99827	0.4542976
9284	0	28.62488	27.51222	1.112663	0.19711	0.00213608	0.997864	0.00427216	1.99573	0.2191218
9285	1	29.20657	28.71901	0.4875559	-0.176756	0.000546166	0.999454	0.00109233	1.99891	0.409417
9286	0	28.02908	26.97432	1.054759	-0.411082	0.00210819	0.997892	0.00421638	1.99578	0.2321843
9287	1	29.47611	28.33493	1.141172	-0.0610067	0.00106168	0.998938	0.00212337	1.99788	0.212963
9288	0	29.36262	28.12576	1.236856	-0.0745248	0.00136571	0.998634	0.00273141	1.99727	0.1935302
9289	1	29.43897	28.80531	0.6336536	-0.148766	0.000609141	0.999391	0.00121828	1.99878	0.3537663
9290	0	29.2317	28.44812	0.7835815	0.233735	0.00083148	0.999169	0.00166296	1.99834	0.3045115
9291	1	29.36443	28.74404	0.620381	-0.298062	0.000949787	0.99905	0.00189957	1.9981	0.358493
9292	0	29.18024	28.646	0.5342425	-0.0606946	0.00051328	0.999487	0.00102656	1.99897	0.3907421
9293	1	28.565	28.25672	0.3082806	0.115207	0.000434142	0.999566	0.000868284	1.99913	0.4898061
9294	0	29.52092	28.96435	0.556566	-0.111367	0.000899719	0.9991	0.00179944	1.9982	0.382116
9295	1	27.57243	26.88298	0.689446	0.386889	0.00187949	0.998121	0.00375898	1.99624	0.3345693
9296	0	27.94786	26.61783	1.330027	-0.31525	0.00222434	0.997776	0.00444868	1.99555	0.1763133
9297	1	26.65217	24.98267	1.669503	-0.158279	0.00248846	0.997512	0.00497692	1.99502	0.1255604
9298	0	27.7552	26.49804	1.257157	0.323186	0.00184044	0.99816	0.00368088	1.99632	0.189641
9299	1	25.72557	24.16546	1.56011	-0.388134	0.00229811	0.997702	0.00459622	1.9954	0.1400752
9300	0	27.39166	26.94518	0.446487	0.286692	0.00158682	0.998413	0.00317365	1.99683	0.4265814
9301	1	26.89753	26.42497	0.4725628	-0.0898452	0.00203396	0.997966	0.00406793	1.99593	0.4156017
9302	0	29.65488	28.96947	0.6854177	0.04694	0.00102829	0.998972	0.00205658	1.99794	0.3359198
9303	1	29.28438	28.28603	0.998358	-0.29105	0.00145379	0.998546	0.00290758	1.99709	0.245656
9304	0	29.44669	28.75688	0.6898099	0.168266	0.000757793	0.999242	0.00151559	1.99848	0.3344476
9305	1	29.35555	28.64284	0.7127143	-0.0413782	0.00134188	0.998658	0.00268376	1.99732	0.3268744
9306	0	29.61879	28.67611	0.9426835	-0.238966	0.00106604	0.998934	0.00213207	1.99787	0.2597207
9307	1	27.71847	26.28163	1.436838	-0.0647512	0.00314618	0.996854	0.00629236	1.99371	0.1584521
9308	0	27.43941	26.51702	0.9223924	0.349891	0.000712951	0.999287	0.0014259	1.99857	0.2650445
9309	1	28.95737	28.00388	0.9534877	-0.283182	0.00181873	0.998181	0.00363745	1.99636	0.2569297
9310	0	28.88227	28.39696	0.4853092	-0.300823	0.00104678	0.998953	0.00209357	1.99791	0.4103379
9311	1	26.98453	26.92101	0.06352065	0.443255	0.000728138	0.999272	0.00145628	1.99854	0.6256365
9312	0	28.70255	27.8635	0.8390452	-0.335267	0.000712627	0.999287	0.00142525	1.99857	0.288082
9313	1	27.91068	27.69915	0.2115296	-0.0280034	0.000922175	0.999078	0.00184435	1.99816	0.5395636
9314	0	29.64039	28.84765	0.792734	-0.0425023	0.00129042	0.99871	0.00258083	1.99742	0.3017371
9315	1	28.71997	28.40965	0.3103161	-0.317922	0.000704935	0.999295	0.00140987	1.99859	0.4888101
9316	0	27.45306	26.35586	1.097207	-0.365505	0.00291516	0.997085	0.00583032	1.99417	0.2225348
9317	1	29.21602	28.72809	0.4879376	0.121743	0.000591502	0.999408	0.001183	1.99882	0.4092608
9318	0	28.39306	27.57345	0.8196135	-0.454902	0.00149199	0.998508	0.00298399	1.99702	0.2937346
9319	1	29.62266	28.9044	0.718264	0.101667	0.00105017	0.99895	0.00210035	1.9979	0.3250653
9320	0	29.58236	28.52243	1.059935	-0.128903	0.000992585	0.999007	0.00198517	1.99801	0.2309857
9321	1	29.71146	28.80858	0.9028837	-0.207639	0.000969987	0.99903	0.00193997	1.99806	0.270266
9322	0	29.31223	28.51215	0.8000762	-0.315041	0.00125672	0.998743	0.00251344	1.99749	0.2995298
9323	1	29.0964	28.48566	0.6107379	-0.0412873	0.00128289	0.998717	0.00256578	1.99743	0.3619667
9324	0	28.71654	28.12413	0.5924115	0.294902	0.00115645	0.998844	0.0023129	1.99769	0.3686614
9325	1	29.84666	28.85252	0.9941412	-0.087846	0.00106921	0.998931	0.00213842	1.99786	0.2466941
9326	0	29.27883	28.55705	0.7217891	-0.337254	0.000857039	0.999143	0.00171408	1.99829	0.3239215
9327	1	28.40586	28.06342	0.3424353	-0.301635	0.000988843	0.999011	0.00197769	1.99802	0.4733594
9328	0	29.59008	29.02907	0.5610017	0.00306778	0.000681296	0.999319	0.00136259	1.99864	0.3804248
9329	1	27.56188	27.61182	-0.04994328	-0.242299	0.000505195	0.999495	0.00101039	1.99899	0.7008076
9330	0	28.8192	27.68059	1.13861	-0.289781	0.0018948	0.998105	0.00378961	1.99621	0.2135092
9331	1	26.75606	26.3445	0.4115596	-0.509904	0.00046342	0.999537	0.00092684	1.99907	0.441744
9332	0	27.93415	26.79554	1.13861	-0.220388	0.00297401	0.997026	0.00594802	1.99405	0.2135092
9333	1	28.30843	27.41434	0.8940892	-0.132691	0.00238811	0.997612	0.00477621	1.99522	0.2726533
9334	0	23.55383	23.42814	0.1256931	-0.520665	0.00261437	0.997386	0.00522874	1.99477	0.5879237
9335	1	27.10944	26.06273	1.046711	-0.0510014	0.0037235	0.996277	0.00744699	1.99255	0.2340604
9336	0	29.69684	29.01551	0.6813345	0.0793006	0.000902422	0.999098	0.00180484	1.9982	0.3372942
9337	1	24.58265	23.6856	0.8970551	0.277139	0.00536938	0.994631	0.0107388	1.98926	0.2718458
9338	0	29.16796	28.27268	0.8952824	0.255207	0.00102122	0.998979	0.00204243	1.99796	0.2723282
9339	1	26.28632	25.01672	1.269599	0.192665	0.00454105	0.995459	0.0090821	1.99092	0.1872962
9340	0	29.83663	28.87652	0.9601092	-0.0280725	0.00096569	0.999034	0.00193138	1.99807	0.255234
9341	1	28.53159	27.58501	0.9465848	-0.220433	0.00225744	0.997743	0.00451488	1.99549	0.2587094
9342	0	28.85733	28.27379	0.5835345	-0.0761381	0.00135361	0.998646	0.00270721	1.99729	0.3719486
9343	1	29.21276	28.57867	0.6340895	0.154329	0.00114628	0.998854	0.00229256	1.99771	0.3536121
9344	0	29.84781	28.96798	0.8798278	0.0237783	0.000915188	0.999085	0.00183038	1.99817	0.2765696
9345	1	29.03058	28.17017	0.8604099	-0.0958091	0.00183502	0.998165	0.00367005	1.99633	0.2819924
9346	0	27.86635	27.71183	0.1545171	-0.211285	0.000828047	0.999172	0.00165609	1.99834	0.5712192
9347	1	28.17659	27.72872	0.4478745	-0.334868	0.0013129	0.998687	0.0026258	1.99737	0.4259899
9348	0	29.30478	28.73403	0.5707487	-0.257291	0.000645623	0.999354	0.00129125	1.99871	0.3767348
9349	1	26.05366	24.31416	1.739501	-0.0691553	0.00188697	0.998113	0.00377393	1.99623	0.117072
9350	0	29.08544	28.70667	0.3787746	-0.233537	0.000607852	0.999392	0.0012157	1.99878	0.4564666
9351	1	28.44537	27.51051	0.9348608	0.343789	0.00159376	0.998406	0.00318752	1.99681	0.2617603
9352	0	29.16224	28.17076	0.9914781	-0.294315	0.000963266	0.999037	0.00192653	1.99807	0.2473519
9353	1	29.48328	28.5416	0.9416787	0.181512	0.00118271	0.998817	0.00236543	1.99763	0.2599817
9354	0	29.04846	28.54445	0.5040092	0.0864855	0.00103175	0.998968	0.0020635	1.99794	0.4027359
9355	1	29.05617	28.11449	0.9416787	-0.238126	0.00182324	0.998177	0.00364648	1.99635	0.2599817
9356	0	29.36365	28.25054	1.113109	0.136215	0.00146492	0.998535	0.00292984	1.99707	0.2190241
9357	1	28.44959	27.20306	1.246528	0.142047	0.0024078	0.997592	0.0048156	1.99518	0.1916675
9358	0	28.24302	26.93617	1.306859	0.0306117	0.00280672	0.997193	0.00561343	1.99439	0.180446
9359	1	28.31805	27.76434	0.5537126	-0.284198	0.00151353	0.998486	0.00302707	1.99697	0.3832079
9360	0	26.73426	25.49054	1.24372	-0.455239	0.00264442	0.997356	0.00528885	1.99471	0.1922065
9361	1	27.69342	27.24066	0.4527654	0.375986	0.00133827	0.998662	0.00267655	1.99732	0.4239115
9362	0	25.27932	24.24965	1.029671	0.275192	0.00504986	0.99495	0.0100997	1.9899	0.238083
9363	1	28.71982	27.81027	0.9095501	-0.161547	0.00211311	0.997887	0.00422622	1.99577	0.2684703
9364	0	29.56516	28.90236	0.6628024	-0.121544	0.00109809	0.998902	0.00219618	1.9978	0.3436033
9365	1	29.25177	28.68499	0.5667778	-0.207731	0.00107012	0.99893	0.00214025	1.99786	0.3782338
9366	0	28.99583	28.0753	0.9205367	-0.108022	0.00196084	0.998039	0.00392168	1.99608	0.2655368
9367	1	28.79367	28.26687	0.5268037	0.250489	0.000589498	0.999411	0.001179	1.99882	0.3936596
9368	0	27.60985	26.61874	0.9911033	-0.0714576	0.00315546	0.996845	0.00631093	1.99369	0.2474446
9369	1	29.43893	28.83832	0.6006162	-0.254757	0.00071713	0.999283	0.00143426	1.99857	0.365649
9370	0	25.86935	25.67553	0.1938217	0.146409	0.00160204	0.998398	0.00320408	1.9968	0.5492032
9371	1	26.52231	26.41661	0.1057008	0.23451	0.0011215	0.998879	0.002243	1.99776	0.5997959
9372	0	29.26557	28.06257	1.203	-0.0716132	0.00187108	0.998129	0.00374216	1.99626	0.2001946
9373	1	28.64498	28.37406	0.270925	-0.312429	0.000649275	0.999351	0.00129855	1.9987	0.5084491
9374	0	27.1598	26.83504	0.3247602	-0.59051	0.000706975	0.999293	0.00141395	1.99859	0.4818004
9375	1	28.93769	28.36058	0.5771032	-0.400158	0.000909724	0.99909	0.00181945	1.99818	0.3743484
9376	0	27.29773	27.12743	0.1703074	0.404308	0.000448482	0.999552	0.000896964	1.9991	0.5622703
9377	1	26.66905	26.10336	0.5656865	-0.37072	0.00241233	0.997588	0.00482467	1.99518	0.3786467
9378	0	26.68964	25.78964	0.8999968	0.460399	0.00248637	0.997514	0.00497273	1.99503	0.2710473
9379	1	26.81677	26.11223	0.7045396	0.138032	0.000384317	0.999616	0.000768634	1.99923	0.3295574
9380	0	28.08378	27.68854	0.3952324	0.0271095	0.000361722	0.999638	0.000723445	1.99928	0.4490157
9381	1	28.68035	27.85694	0.8234134	-0.245557	0.00060227	0.999398	0.00120454	1.9988	0.2926206
9382	0	29.04486	28.49825	0.5466108	0.247696	0.000900424	0.9991	0.00180085	1.9982	0.385939
9383	1	28.54981	27.91649	0.6333277	0.304789	0.000636765	0.999363	0.00127353	1.99873	0.3538816
9384	0	29.72216	28.68843	1.033732	-0.0914409	0.00100928	0.998991	0.00201857	1.99798	0.2371182
9385	1	27.80223	26.82512	0.9771091	0.418147	0.00127171	0.998728	0.00254342	1.99746	0.2509318
9386	0	26.69341	26.24628	0.4471287	-0.442569	0.00198993	0.99801	0.00397987	1.99602	0.4263078
9387	1	29.58444	28.77765	0.8067918	-0.167363	0.000735662	0.999264	0.00147132	1.99853	0.297525
9388	0	28.01935	27.7195	0.2998499	-0.493821	0.000776283	0.999224	0.00155257	1.99845	0.4939529
9389	1	27.49847	26.70787	0.7905977	0.295699	0.00237302	0.997627	0.00474603	1.99525	0.3023824
9390	0	27.90623	27.05265	0.8535818	0.0878013	0.00252352	0.997476	0.00504704	1.99495	0.2839245
9391	1	28.96617	28.1074	0.8587688	-0.0903275	0.000600622	0.999399	0.00120124	1.9988	0.2824556
9392	0	27.24755	25.86635	1.381206	0.253697	0.00126577	0.998734	0.00253153	1.99747	0.1675169
9393	1	27.64156	27.37183	0.2697291	-0.537054	0.000860953	0.999139	0.00172191	1.99828	0.5090576
9394	0	29.053	27.90942	1.143581	-0.190445	0.00199599	0.998004	0.00399198	1.99601	0.2124506
9395	1	27.26462	26.99489	0.2697291	-0.435138	0.00126556	0.998734	0.00253112	1.99747	0.5090576
9396	0	28.6894	27.93647	0.752933	-0.440339	0.00121714	0.998783	0.00243428	1.99757	0.3139888
9397	1	25.40055	25.78729	-0.3867425	-0.301491	0.000524674	0.999475	0.00104935	1.99895	0.9814516
9398	0	27.5427	26.69522	0.8474809	0.466111	0.0015179	0.998482	0.0030358	1.99696	0.285662
9399	1	28.01587	27.69654	0.3193226	-0.464118	0.000960926	0.999039	0.00192185	1.99808	0.4844274
9400	0	28.77158	27.90282	0.8687587	0.0887035	0.00195948	0.998041	0.00391895	1.99608	0.279648
9401	1	26.25343	26.16655	0.08687529	-0.596568	0.000459921	0.99954	0.000919842	1.99908	0.6111943
9402	0	27.79324	26.90875	0.884491	-0.247528	0.00265316	0.997347	0.00530633	1.99469	0.2752829
9403	1	27.57443	27.5865	-0.01206571	0.0909061	0.000561597	0.999438	0.00112319	1.99888	0.6747592
9404	0	29.19011	28.81355	0.3765586	-0.11104	0.000676361	0.999324	0.00135272	1.99865	0.4574793
9405	1	26.80162	26.79593	0.005689774	0.180052	0.000825569	0.999174	0.00165114	1.99835	0.6628843
9406	0	27.94394	27.64454	0.2994039	-0.16825	0.00111335	0.998887	0.00222671	1.99777	0.4941733
9407	1	27.75024	27.14505	0.6051915	-0.320355	0.000448968	0.999551	0.000897937	1.9991	0.3639799
9408	0	28.30431	27.77403	0.5302753	-0.457891	0.00121397	0.998786	0.00242794	1.99757	0.3922953
9409	1	29.51114	28.77025	0.7408842	-0.0859686	0.000643252	0.999357	0.0012865	1.99871	0.3177948
9410	0	29.33367	28.86361	0.4700599	-0.206098	0.000648222	0.999352	0.00129644	1.9987	0.4166432
9411	1	29.55728	28.8164	0.7408842	0.0840088	0.00070594	0.999294	0.00141188	1.99859	0.3177948
9412	0	28.43229	28.24686	0.1854323	0.15291	0.000536325	0.999464	0.00107265	1.99893	0.5538301
9413	1	28.98382	28.49902	0.4847992	0.167161	0.000961268	0.999039	0.00192254	1.99808	0.4105472
9414	0	25.01003	25.07067	-0.06064692	-0.670359	0.00123942	0.998761	0.00247885	1.99752	0.7083491
9415	1	29.03588	28.55108	0.4847992	0.139854	0.000541298	0.999459	0.0010826	1.99892	0.4105472
9416	0	29.30714	28.72306	0.584077	-0.0659258	0.00110982	0.99889	0.00221964	1.99778	0.3717469
9417	1	27.74363	27.5272	0.2164264	0.354818	0.000821972	0.999178	0.00164394	1.99836	0.5369279
9418	0	29.66143	28.70723	0.9542064	-0.208967	0.00129307	0.998707	0.00258614	1.99741	0.2567451
9419	1	26.52243	26.43586	0.086567	-0.507622	0.00111615	0.998884	0.00223231	1.99777	0.6113827
9420	0	29.5114	28.32514	1.186258	-0.0721596	0.001298	0.998702	0.002596	1.9974	0.2035746
9421	1	29.4609	28.77444	0.6864563	0.119572	0.00111139	0.998889	0.00222277	1.99778	0.3355711
9422	0	24.7538	24.07902	0.6747793	0.110412	0.00429551	0.995704	0.00859103	1.99141	0.3395125
9423	1	29.73945	29.0765	0.6629544	-0.112138	0.000939876	0.99906	0.00187975	1.99812	0.3435511
9424	0	29.8454	28.97275	0.8726486	-0.0559342	0.00121389	0.998786	0.00242778	1.99757	0.2785623
9425	1	27.00802	26.57931	0.4287045	-0.459908	0.00175213	0.998248	0.00350425	1.9965	0.4342349
9426	0	26.17456	26.27829	-0.1037294	-0.505024	0.000836212	0.999164	0.00167242	1.99833	0.7395335
9427	1	28.40758	27.70817	0.6994085	0.128009	0.00179377	0.998206	0.00358755	1.99641	0.3312527
9428	0	27.62745	26.94869	0.6787683	-0.178955	0.000411614	0.999588	0.000823228	1.99918	0.3381609
9429	1	29.14641	28.28025	0.8661689	-0.125919	0.00175745	0.998243	0.0035149	1.99649	0.2803731
9430	0	29.25716	28.56739	0.6897717	0.173699	0.000671772	0.999328	0.00134354	1.99866	0.3344604
9431	1	27.5236	27.53109	-0.007491598	-0.282686	0.000611097	0.999389	0.00122219	1.99878	0.6716798
9432	0	29.24437	28.39927	0.8450976	0.244094	0.000954101	0.999046	0.0019082	1.99809	0.2863436
9433	1	28.08437	27.59412	0.4902432	0.0444431	0.000381231	0.999619	0.000762461	1.99924	0.4083183
9434	0	28.64208	27.99118	0.6509018	-0.291656	0.00154133	0.998459	0.00308266	1.99692	0.3477168
9435	1	26.36341	25.72116	0.6422481	0.296871	0.000399922	0.9996	0.000799844	1.9992	0.3507389
9436	0	28.82013	28.3788	0.4413339	0.235235	0.000874484	0.999126	0.00174897	1.99825	0.4287853
9437	1	25.45117	25.048	0.4031697	0.316898	0.00246755	0.997532	0.0049351	1.99506	0.4454658
9438	0	26.9716	26.66341	0.3081841	-0.0478908	0.0015075	0.998492	0.003015	1.99698	0.4898533
9439	1	28.57731	27.82357	0.7537398	0.0205759	0.00188129	0.998119	0.00376257	1.99624	0.3137355
9440	0	29.54563	28.62597	0.9196614	-0.269053	0.00109296	0.998907	0.00218592	1.99781	0.2657693
9441	1	25.98736	25.45923	0.5281328	-0.573504	0.00234309	0.997657	0.00468619	1.99531	0.3931367
9442	0	28.72565	28.34595	0.3796995	-0.0852597	0.000965416	0.999035	0.00193083	1.99807	0.4560446
9443	1	29.04169	28.06628	0.9754065	-0.301928	0.00169601	0.998304	0.00339202	1.99661	0.2513594
9444	0	29.31504	28.84248	0.4725613	-0.169916	0.000831242	0.999169	0.00166248	1.99834	0.4156023
9445	1	28.71024	27.79041	0.9198334	-0.415929	0.00133475	0.998665	0.00266951	1.99733	0.2657236
9446	0	29.66304	28.6205	1.042544	0.0708339	0.00110128	0.998899	0.00220257	1.9978	0.2350379
9447	1	29.02994	27.93318	1.096755	0.0257815	0.00211556	0.997884	0.00423113	1.99577	0.2226354
9448	0	29.14772	28.12556	1.022157	-0.137127	0.00195921	0.998041	0.00391843	1.99608	0.2398786
9449	1	29.40676	28.43808	0.9686739	-0.288225	0.00112782	0.998872	0.00225563	1.99774	0.2530574
9450	0	28.14207	27.44294	0.6991258	-0.503154	0.00093852	0.999061	0.00187704	1.99812	0.3313464
9451	1	28.82729	28.00759	0.819693	0.0799376	0.0018341	0.998166	0.00366821	1.99633	0.2937113
9452	0	27.7773	26.36469	1.41261	-0.162604	0.00113013	0.99887	0.00226026	1.99774	0.1623379
9453	1	29.78811	28.824	0.9641125	-0.147374	0.00126812	0.998732	0.00253623	1.99746	0.2542143
9454	0	25.53206	23.99759	1.534467	0.132307	0.00521463	0.994785	0.0104293	1.98957	0.1437137
9455	1	27.10071	25.71079	1.389915	0.23578	0.00117036	0.99883	0.00234073	1.99766	0.1660643
9456	0	26.05582	25.09145	0.9643698	-0.58024	0.00244801	0.997552	0.00489601	1.9951	0.2541489
9457	1	28.49496	27.38421	1.110749	-0.274589	0.000873865	0.999126	0.00174773	1.99825	0.2195414
9458	0	28.67114	27.93458	0.736553	0.334172	0.000818877	0.999181	0.00163775	1.99836	0.3191742
9459	1	28.03555	27.11685	0.9186995	-0.420565	0.00207195	0.997928	0.00414391	1.99586	0.2660251
9460	0	28.52412	27.09258	1.431541	-0.0774763	0.00195055	0.998049	0.00390111	1.9961	0.1592937
9461	1	28.41705	27.85209	0.5649525	-0.204259	0.00152192	0.998478	0.00304383	1.99696	0.3789248
9462	0	27.63175	26.73332	0.8984265	0.290591	0.00250111	0.997499	0.00500222	1.995	0.2714733
9463	1	27.57467	26.43673	1.137939	0.171665	0.00320186	0.996798	0.00640372	1.9936	0.2136527
9464	0	27.61301	26.28428	1.328731	-0.076206	0.00348453	0.996515	0.00696905	1.99303	0.176542
9465	1	28.20582	27.00173	1.204088	-0.321897	0.00230361	0.997696	0.00460721	1.99539	0.1999769
9466	0	28.20339	26.76458	1.438813	-0.17158	0.00151665	0.998483	0.0030333	1.99697	0.1581394
9467	1	29.19445	28.35352	0.8409294	0.0464967	0.00165296	0.998347	0.00330591	1.99669	0.2875396
9468	0	29.2753	28.27976	0.9955425	-0.0153886	0.000761785	0.999238	0.00152357	1.99848	0.2463486
9469	1	29.582	28.7524	0.8295952	-0.171653	0.00134764	0.998652	0.00269528	1.9973	0.2908172
9470	0	29.51543	28.58944	0.9259939	0.156902	0.00130213	0.998698	0.00260425	1.9974	0.2640917
9471	1	28.82983	27.83064	0.9991867	-0.055509	0.00221368	0.997786	0.00442736	1.99557	0.2454525
9472	0	29.43278	28.82607	0.6067077	0.11997	0.000965065	0.999035	0.00193013	1.99807	0.3634284
9473	1	29.08972	28.47497	0.614741	-0.152578	0.00129012	0.99871	0.00258023	1.99742	0.3605206
9474	0	27.00778	26.90917	0.09861526	-0.476173	0.000965553	0.999034	0.00193111	1.99807	0.6040608
9475	1	29.71171	28.62665	1.08506	-0.0546161	0.00112143	0.998879	0.00224285	1.99776	0.2252543
9476	0	28.26092	27.11458	1.146342	-0.302995	0.00241832	0.997582	0.00483664	1.99516	0.2118647
9477	1	29.69651	28.61145	1.08506	-0.128814	0.00126285	0.998737	0.0025257	1.99747	0.2252543
9478	0	26.40428	25.92924	0.4750399	0.49267	0.00187276	0.998127	0.00374553	1.99625	0.4145735
9479	1	28.87532	28.2284	0.6469156	-0.387636	0.00120238	0.998798	0.00240476	1.9976	0.3491056
9480	0	26.81187	26.43321	0.378669	-0.602623	0.00137958	0.99862	0.00275917	1.99724	0.4565148
9481	1	29.88798	28.99358	0.8944029	-0.0981492	0.000947114	0.999053	0.00189423	1.99811	0.2725678
9482	0	29.80123	28.90138	0.8998461	0.0596928	0.000948283	0.999052	0.00189657	1.9981	0.2710881
9483	1	29.50993	28.65117	0.858754	-0.281755	0.000969262	0.999031	0.00193852	1.99806	0.2824598
9484	0	28.78249	28.10187	0.6806181	-0.179964	0.0015964	0.998404	0.00319279	1.99681	0.337536
9485	1	29.03944	28.06621	0.9732281	0.26839	0.00123129	0.998769	0.00246257	1.99754	0.2519075
9486	0	28.23709	27.11725	1.119845	-0.386338	0.00115096	0.998849	0.00230192	1.9977	0.2175535
9487	1	28.81689	28.12931	0.6875813	0.0650114	0.00157039	0.99843	0.00314078	1.99686	0.3351938
9488	0	29.69919	28.62025	1.078937	-0.13199	0.00121766	0.998782	0.00243532	1.99756	0.2266377
9489	1	28.67395	28.10833	0.5656169	-0.315943	0.00132115	0.998679	0.00264229	1.99736	0.3786731
9490	0	29.47133	28.27382	1.197509	-0.0875895	0.00151049	0.99849	0.00302099	1.99698	0.2012969
9491	1	27.70816	27.50356	0.2046007	-0.311045	0.000982608	0.999017	0.00196522	1.99803	0.5433151
9492	0	29.23353	28.28071	0.9528235	-0.319989	0.00137798	0.998622	0.00275595	1.99724	0.2571004
9493	1	27.44933	27.0606	0.3887303	-0.093364	0.00153021	0.99847	0.00306042	1.99694	0.4519447
9494	0	29.72082	28.80091	0.9199068	-0.113207	0.00138023	0.99862	0.00276047	1.99724	0.2657041
9495	1	27.92618	27.58865	0.3375289	0.0284825	0.00118787	0.998812	0.00237574	1.99762	0.4756875
9496	0	27.22195	26.29799	0.923962	0.16594	0.00313795	0.996862	0.00627589	1.99372	0.2646288
9497	1	26.45985	26.18134	0.2785107	-0.257721	0.00166218	0.998338	0.00332436	1.99668	0.5046068
9498	0	26.72708	25.83057	0.896516	-0.374052	0.00328502	0.996715	0.00657003	1.99343	0.2719924
9499	1	27.33483	26.80138	0.5334512	-0.520234	0.00166439	0.998336	0.00332877	1.99667	0.3910514
9500	0	29.515	28.89668	0.6183198	-0.151366	0.00103044	0.99897	0.00206088	1.99794	0.3592327
9501	1	29.80211	29.09936	0.7027539	-0.0232693	0.000958602	0.999041	0.0019172	1.99808	0.3301464
9502	0	28.72775	27.75095	0.9768015	-0.262569	0.00207602	0.997924	0.00415204	1.99585	0.251009
9503	1	29.35984	28.46799	0.8918562	-0.284071	0.001398	0.998602	0.002796	1.9972	0.2732628
9504	0	29.59992	28.57715	1.022776	-0.0911655	0.00158267	0.998417	0.00316533	1.99683	0.2397302
9505	1	29.37826	28.58371	0.7945478	-0.226204	0.000712065	0.999288	0.00142413	1.99858	0.3011903
9506	0	29.34342	28.45384	0.8895825	-0.26366	0.0014746	0.998525	0.00294919	1.99705	0.2738848
9507	1	28.7557	27.98291	0.7727925	-0.426818	0.00125962	0.99874	0.00251923	1.99748	0.3078146
9508	0	28.9015	27.96966	0.9318427	0.19753	0.00179295	0.998207	0.0035859	1.99641	0.2625516
9509	1	26.76753	25.99975	0.767776	0.222673	0.00296067	0.997039	0.00592133	1.99408	0.3093626
9510	0	28.05149	27.06338	0.9881054	0.132546	0.00266183	0.997338	0.00532365	1.99468	0.2481876
9511	1	29.03879	28.28011	0.7586796	0.196292	0.00143899	0.998561	0.00287798	1.99712	0.3121896
9512	0	28.77329	28.221	0.552289	0.0982739	0.00127636	0.998724	0.00255271	1.99745	0.3837538
9513	1	29.92625	29.01809	0.9081615	-0.0399111	0.00105123	0.998949	0.00210245	1.9979	0.2688433
9514	0	29.57626	28.61797	0.958292	-0.107998	0.000823949	0.999176	0.0016479	1.99835	0.2556983
9515	1	28.93185	28.3332	0.5986453	0.107338	0.00128716	0.998713	0.00257431	1.99743	0.3663704
9516	0	29.89164	28.93335	0.958292	-0.0327508	0.00105054	0.998949	0.00210108	1.9979	0.2556983
9517	1	27.82615	27.49118	0.3349657	-0.380925	0.00119571	0.998804	0.00239142	1.99761	0.4769084
9518	0	28.38638	26.93729	1.449091	-0.122134	0.00182623	0.998174	0.00365245	1.99635	0.1565224
9519	1	23.76982	23.81565	-0.04583312	0.571093	0.00171667	0.998283	0.00343333	1.99657	0.6979331
9520	0	27.71591	27.682	0.03391018	-0.223569	0.000633011	0.999367	0.00126602	1.99873	0.6444389
9521	1	25.17976	24.51611	0.6636498	-0.0627907	0.00392665	0.996073	0.00785331	1.99215	0.3433122
9522	0	29.7155	28.9282	0.7872971	-0.225288	0.000999685	0.999	0.00199937	1.998	0.3033821
9523	1	29.14828	28.71764	0.4306459	-0.003551	0.00085029	0.99915	0.00170058	1.9983	0.4333927
9524	0	27.92522	27.2805	0.6447159	-0.420868	0.00177245	0.998228	0.0035449	1.99646	0.3498744
9525	1	29.2493	28.76366	0.4856359	-0.135474	0.000542013	0.999458	0.00108403	1.99892	0.4102039
9526	0	26.17137	25.12726	1.044111	0.504215	0.00233256	0.997667	0.00466511	1.99533	0.2346698
9527	1	28.74909	28.26346	0.4856359	0.306117	0.000835676	0.999164	0.00167135	1.99833	0.4102039
9528	0	28.85519	27.80485	1.050341	-0.149639	0.00221482	0.997785	0.00442963	1.99557	0.2332123
9529	1	27.44507	27.3331	0.1119716	0.350235	0.000741411	0.999259	0.00148282	1.99852	0.5960464
9530	0	25.75298	24.88882	0.8641646	0.0998793	0.0042906	0.995709	0.00858121	1.99142	0.2809356
9531	1	29.39064	28.38779	1.002847	0.0662331	0.000841644	0.999158	0.00168329	1.99832	0.2445557
9532	0	25.78539	24.95605	0.829341	-0.162278	0.00416797	0.995832	0.00833594	1.99166	0.2908911
9533	1	28.84746	27.5662	1.281258	-0.169865	0.00120333	0.998797	0.00240666	1.99759	0.1851251
9534	0	28.57013	27.7191	0.8510251	-0.351842	0.00183776	0.998162	0.00367552	1.99632	0.2846513
9535	1	29.24147	28.33601	0.9054663	-0.327732	0.000998954	0.999001	0.00199791	1.998	0.2695689
9536	0	26.31227	24.91982	1.392458	0.23616	0.00410472	0.995895	0.00820944	1.99179	0.1656426
9537	1	27.56645	26.41001	1.156437	0.360045	0.00119104	0.998809	0.00238208	1.99762	0.2097367
9538	0	27.24104	26.71827	0.5227663	-0.548178	0.00159746	0.998403	0.00319491	1.99681	0.3952521
9539	1	28.84384	28.26003	0.5838099	-0.0229063	0.00135456	0.998645	0.00270912	1.99729	0.3718462
9540	0	29.28595	28.06514	1.220813	0.0467441	0.00168011	0.99832	0.00336022	1.99664	0.1966602
9541	1	24.69801	24.35368	0.344332	-0.538128	0.002751	0.997249	0.005502	1.9945	0.4724624
9542	0	29.16084	28.02482	1.136025	0.144035	0.00110218	0.998898	0.00220436	1.9978	0.2140619
9543	1	29.08607	28.35566	0.7304105	-0.297716	0.00139786	0.998602	0.00279571	1.9972	0.3211408
9544	0	29.6822	28.71265	0.9695469	0.0818375	0.000975447	0.999025	0.00195089	1.99805	0.2528366
9545	1	28.77238	28.28978	0.4825945	-0.411186	0.00077983	0.99922	0.00155966	1.99844	0.4114533
9546	0	29.5553	28.47835	1.07695	0.103924	0.00121779	0.998782	0.00243557	1.99756	0.2270886
9547	1	28.20734	28.05105	0.1562891	0.201269	0.000585913	0.999414	0.00117183	1.99883	0.570208
9548	0	28.20522	27.22333	0.9818908	0.189344	0.0024297	0.99757	0.00485941	1.99514	0.2497347
9549	1	26.06321	26.44618	-0.3829645	-0.0457558	0.000353819	0.999646	0.000707638	1.99929	0.9777507
9550	0	27.67627	26.65001	1.026257	-0.489804	0.00163328	0.998367	0.00326657	1.99673	0.2388972
9551	1	27.37358	27.37769	-0.004115481	0.0345395	0.000656314	0.999344	0.00131263	1.99869	0.669416
9552	0	28.89935	28.02637	0.8729712	-0.401176	0.00114242	0.998858	0.00228483	1.99772	0.2784724
9553	1	26.70616	26.71027	-0.004115481	-0.449716	0.000334178	0.999666	0.000668356	1.99933	0.669416
9554	0	29.22905	28.12685	1.102193	-0.0562912	0.00197304	0.998027	0.00394607	1.99605	0.221428
9555	1	26.46857	26.75868	-0.2901175	-0.223212	0.000271966	0.999728	0.000543932	1.99946	0.8910563
9556	0	29.83812	28.84346	0.9946582	0.00878543	0.00120368	0.998796	0.00240736	1.99759	0.2465665
9557	1	28.22291	28.10016	0.1227497	-0.28622	0.000560525	0.999439	0.00112105	1.99888	0.5896567
9558	0	29.67259	28.72274	0.9498476	-0.135602	0.00143449	0.998566	0.00286897	1.99713	0.2578666
9559	1	29.59232	28.82281	0.7695112	-0.1472	0.00126484	0.998735	0.00252969	1.99747	0.3088263
9560	0	28.47335	27.60686	0.8664831	0.323818	0.00166726	0.998333	0.00333453	1.99667	0.280285
9561	1	28.7799	28.45345	0.3264545	-0.206231	0.000807361	0.999193	0.00161472	1.99839	0.4809848
9562	0	27.78265	26.24902	1.533632	0.0473189	0.00230882	0.997691	0.00461763	1.99538	0.1438338
9563	1	28.81645	28.10085	0.7155941	-0.380093	0.000735966	0.999264	0.00147193	1.99853	0.3259344
9564	0	28.2815	27.01827	1.263231	0.233444	0.0020759	0.997924	0.0041518	1.99585	0.1884927
9565	1	28.76301	27.67574	1.087265	0.271606	0.00126725	0.998733	0.00253451	1.99747	0.2247583
9566	0	29.5773	28.54907	1.028234	0.125545	0.00121612	0.998784	0.00243224	1.99757	0.2384253
9567	1	27.39115	26.47903	0.9121199	0.281729	0.00274126	0.997259	0.00548253	1.99452	0.2677812
9568	0	28.98964	27.8269	1.162742	0.0878092	0.00206521	0.997935	0.00413041	1.99587	0.2084184
9569	1	29.13428	28.61586	0.518425	-0.243786	0.000568964	0.999431	0.00113793	1.99886	0.3969718
9570	0	27.72739	27.04801	0.6793789	-0.140294	0.00221067	0.997789	0.00442135	1.99558	0.3379545
9571	1	29.53679	28.58864	0.9481505	0.159861	0.00104607	0.998954	0.00209214	1.99791	0.2583046
9572	0	28.86067	28.15208	0.7085907	-0.348292	0.00142352	0.998576	0.00284703	1.99715	0.328225
9573	1	29.22977	28.70327	0.5264981	0.16197	0.00063641	0.999364	0.00127282	1.99873	0.3937799
9574	0	29.29437	28.54189	0.7524865	0.125929	0.0013515	0.998649	0.002703	1.9973	0.314129
9575	1	27.79388	27.56938	0.2245086	0.112487	0.000966152	0.999034	0.0019323	1.99807	0.5326058
9576	0	28.78768	27.66198	1.125705	0.255392	0.00140132	0.998599	0.00280264	1.9972	0.2162825
9577	1	29.0606	27.9412	1.119397	-0.216636	0.00193531	0.998065	0.00387063	1.99613	0.2176511
9578	0	29.04339	28.22355	0.8198393	-0.0893489	0.00175092	0.998249	0.00350184	1.9965	0.2936683
9579	1	27.63596	27.08279	0.553169	-0.502158	0.000628221	0.999372	0.00125644	1.99874	0.3834162
9580	0	28.81136	27.69336	1.117999	-0.230774	0.000903567	0.999096	0.00180713	1.99819	0.2179557
9581	1	26.74708	26.19788	0.5492082	0.505199	0.00174679	0.998253	0.00349359	1.99651	0.3849379
9582	0	26.16664	25.98107	0.1855689	-0.639589	0.000582612	0.999417	0.00116522	1.99883	0.5537544
9583	1	29.36292	28.73472	0.6282015	-0.30719	0.000926047	0.999074	0.00185209	1.99815	0.3557003
9584	0	29.56874	28.7764	0.7923365	0.171057	0.00098858	0.999011	0.00197716	1.99802	0.3018571
9585	1	29.81068	29.05835	0.7523369	-0.0901286	0.000777195	0.999223	0.00155439	1.99845	0.314176
9586	0	29.468	28.58736	0.8806436	-0.0530047	0.00156211	0.998438	0.00312422	1.99688	0.276344
9587	1	27.52684	26.94583	0.5810024	-0.458719	0.00180874	0.998191	0.00361747	1.99638	0.3728916
9588	0	27.85889	27.4254	0.4334885	0.444848	0.000966164	0.999034	0.00193233	1.99807	0.4321625
9589	1	26.17209	25.74696	0.4251274	-0.595782	0.00191392	0.998086	0.00382783	1.99617	0.435791
9590	0	28.46073	28.2218	0.2389253	-0.326059	0.000511178	0.999489	0.00102236	1.99898	0.5249825
9591	1	27.37091	26.5893	0.7816049	-0.485706	0.00217064	0.997829	0.00434128	1.99566	0.3051139
9592	0	28.29257	27.72571	0.5668583	0.361183	0.00123284	0.998767	0.00246568	1.99753	0.3782033
9593	1	28.32606	27.75137	0.5746898	0.371953	0.0011847	0.998815	0.0023694	1.99763	0.375253
9594	0	28.66048	27.85558	0.8049015	0.348514	0.00126797	0.998732	0.00253594	1.99746	0.298088
9595	1	28.76789	27.51272	1.25517	0.00364888	0.00100593	0.998994	0.00201186	1.99799	0.1900182
9596	0	28.81471	28.31837	0.4963383	0.2925	0.000852401	0.999148	0.0017048	1.9983	0.4058371
9597	1	29.92571	29.06652	0.859188	-0.0608902	0.000954038	0.999046	0.00190808	1.99809	0.2823372
9598	0	28.90972	27.86654	1.043181	0.189031	0.000893058	0.999107	0.00178612	1.99821	0.2348882
9599	1	29.37622	28.46916	0.907063	-0.21549	0.00156174	0.998438	0.00312347	1.99688	0.2691388
9600	0	24.55237	23.20353	1.348843	-0.533643	0.00333166	0.996668	0.00666332	1.99334	0.1730269
9601	1	27.80005	27.68021	0.1198412	0.323275	0.000539499	0.999461	0.001079	1.99892	0.5913742
9602	0	28.65278	28.07607	0.5767135	0.349078	0.000815468	0.999185	0.00163094	1.99837	0.3744943
9603	1	27.27729	27.30691	-0.02961495	0.267857	0.000363198	0.999637	0.000726396	1.99927	0.6867052
9604	0	29.83561	29.05828	0.7773318	-0.148327	0.00101252	0.998987	0.00202503	1.99797	0.3064205
9605	1	29.3569	28.27915	1.077749	-0.141199	0.00179365	0.998206	0.0035873	1.99641	0.2269073
9606	0	29.54188	28.79836	0.7435167	-0.118171	0.00127112	0.998729	0.00254225	1.99746	0.3169593
9607	1	29.90523	29.1174	0.7878308	-0.0225357	0.000930623	0.999069	0.00186125	1.99814	0.3032202
9608	0	29.60255	28.6455	0.9570514	-0.131734	0.000847431	0.999153	0.00169486	1.99831	0.2560157
9609	1	26.56543	26.76962	-0.2041951	-0.286768	0.000543129	0.999457	0.00108626	1.99891	0.8176916
9610	0	28.67895	27.47495	1.204005	-0.245901	0.00215918	0.997841	0.00431835	1.99568	0.1999936
9611	1	28.52347	28.0924	0.4310731	0.242399	0.000504027	0.999496	0.00100805	1.99899	0.4332076
9612	0	25.95875	24.74097	1.217782	-0.5372	0.00178476	0.998215	0.00356952	1.99643	0.1972571
9613	1	27.9147	27.41567	0.4990262	0.242648	0.000433022	0.999567	0.000866044	1.99913	0.4047477
9614	0	28.0895	27.71511	0.3743973	0.400563	0.000816558	0.999183	0.00163312	1.99837	0.4584691
9615	1	28.23356	27.08597	1.147594	-0.392921	0.00133548	0.998665	0.00267097	1.99733	0.2115996
9616	0	28.58952	27.91493	0.6745912	0.361561	0.000852832	0.999147	0.00170566	1.99829	0.3395764
9617	1	28.89899	28.49195	0.4070399	-0.29263	0.000868175	0.999132	0.00173635	1.99826	0.4437451
9618	0	28.60165	27.85394	0.747712	-0.00054499	0.00185987	0.99814	0.00371973	1.99628	0.3156324
9619	1	29.34155	28.60941	0.7321411	-0.0284877	0.00138631	0.998614	0.00277263	1.99723	0.3205855
9620	0	28.94613	28.45587	0.490263	-0.342227	0.000952435	0.999048	0.00190487	1.9981	0.4083102
9621	1	29.28292	28.29238	0.9905424	0.137737	0.000869744	0.99913	0.00173949	1.99826	0.2475835
9622	0	28.36605	27.57854	0.7875041	-0.327953	0.00193811	0.998062	0.00387623	1.99612	0.3033193
9623	1	27.38672	26.63031	0.7564173	-0.396294	0.000544911	0.999455	0.00108982	1.99891	0.3128966
9624	0	28.79983	28.07132	0.7285035	0.0547417	0.00146076	0.998539	0.00292151	1.99708	0.3217538
9625	1	29.58792	28.59703	0.9908896	-0.23266	0.00112096	0.998879	0.00224192	1.99776	0.2474975
9626	0	25.09878	24.09455	1.004236	0.516037	0.00350396	0.996496	0.00700792	1.99299	0.2442163
9627	1	29.55344	28.98731	0.5661328	0.0335227	0.000666405	0.999334	0.00133281	1.99867	0.3784778
9628	0	28.68305	27.37048	1.312564	0.0623113	0.0022361	0.997764	0.0044722	1.99553	0.1794194
9629	1	27.05573	26.63026	0.4254745	0.217844	0.0017365	0.998263	0.00347301	1.99653	0.4356398
9630	0	27.90253	26.49337	1.409156	-0.118309	0.0029528	0.997047	0.0059056	1.99409	0.1628996
9631	1	29.31196	28.51265	0.7993089	0.232958	0.00112664	0.998873	0.00225328	1.99775	0.2997597
9632	0	28.63191	27.6131	1.018804	-0.371804	0.00176322	0.998237	0.00352643	1.99647	0.2406843
9633	1	28.92618	28.21234	0.7138385	-0.396191	0.00121183	0.998788	0.00242365	1.99758	0.3265071
9634	0	29.28197	28.52015	0.7618261	-0.0647351	0.00148649	0.998514	0.00297298	1.99703	0.3112088
9635	1	26.4086	25.0923	1.316302	0.190159	0.00438333	0.995617	0.00876666	1.99123	0.1787501
9636	0	29.61077	28.99844	0.6123341	-0.106734	0.000956687	0.999043	0.00191337	1.99809	0.3613894
9637	1	29.33459	28.18138	1.153212	-0.189704	0.00163345	0.998367	0.0032669	1.99673	0.2104143
9638	0	28.87268	27.57101	1.301674	-0.113478	0.00120116	0.998799	0.00240233	1.9976	0.1813839
9639	1	26.6934	25.6288	1.064601	0.154331	0.00397127	0.996029	0.00794254	1.99206	0.2299102
9640	0	29.50593	28.38332	1.122615	0.0793031	0.00145717	0.998543	0.00291434	1.99709	0.2169519
9641	1	25.04913	23.49519	1.553935	0.21564	0.00525524	0.994745	0.0105105	1.98949	0.140943
9642	0	28.32676	27.87853	0.4482359	-0.281424	0.00126963	0.99873	0.00253926	1.99746	0.425836
9643	1	27.51174	26.11972	1.392023	-0.110964	0.00346139	0.996539	0.00692277	1.99308	0.1657146
9644	0	28.69292	27.88776	0.8051605	-0.411683	0.000868866	0.999131	0.00173773	1.99826	0.2980108
9645	1	28.9589	27.753	1.205903	-0.263115	0.00138528	0.998615	0.00277056	1.99723	0.1996143
9646	0	29.74002	28.98098	0.7590443	-0.00641111	0.000738267	0.999262	0.00147653	1.99852	0.3120757
9647	1	26.73768	26.68295	0.05473472	-0.576678	0.000855067	0.999145	0.00171013	1.99829	0.6311575
9648	0	29.09371	28.51694	0.5767693	-0.0258192	0.00120846	0.998792	0.00241692	1.99758	0.3744734
9649	1	25.83187	25.89507	-0.06319532	0.436414	0.000930891	0.999069	0.00186178	1.99814	0.7101566
9650	0	29.11178	28.26173	0.8500489	0.27829	0.00108622	0.998914	0.00217244	1.99783	0.2849294
9651	1	29.5997	28.91892	0.6807824	0.00292868	0.000657063	0.999343	0.00131413	1.99869	0.3374805
9652	0	29.5658	28.58984	0.975957	0.0574509	0.00151966	0.99848	0.00303933	1.99696	0.251221
9653	1	28.98139	28.52412	0.4572671	-0.259453	0.000962625	0.999037	0.00192525	1.99807	0.4220075
9654	0	29.02363	27.86981	1.153821	0.0853264	0.00204001	0.99796	0.00408002	1.99592	0.2102862
9655	1	28.34878	27.79183	0.5569511	0.0307687	0.00152777	0.998472	0.00305554	1.99694	0.3819689
9656	0	29.83878	28.81886	1.01992	-0.0433546	0.00123743	0.998763	0.00247485	1.99753	0.2404159
9657	1	27.84068	26.99464	0.8460388	0.384745	0.0019088	0.998091	0.0038176	1.99618	0.2860742
9658	0	29.33709	28.91422	0.4228704	-0.0694183	0.000652062	0.999348	0.00130412	1.9987	0.4367757
9659	1	25.33914	25.12753	0.2116061	-0.674639	0.00163537	0.998365	0.00327075	1.99673	0.5395222
9660	0	27.57347	27.58516	-0.01169391	-0.0304158	0.000312014	0.999688	0.000624029	1.99938	0.6745084
9661	1	29.62008	28.64421	0.9758694	-0.0554774	0.000847646	0.999152	0.00169529	1.9983	0.251243
9662	0	29.06193	28.59495	0.4669817	-0.0521846	0.000990673	0.999009	0.00198135	1.99802	0.4179277
9663	1	28.45069	27.43253	1.018166	-0.336551	0.000846733	0.999153	0.00169347	1.99831	0.2408379
9664	0	29.07113	28.0652	1.005932	0.0845767	0.00194465	0.998055	0.00388931	1.99611	0.2438025
9665	1	29.11418	27.88223	1.231958	-0.17217	0.00181935	0.998181	0.00363871	1.99636	0.1944805
9666	0	29.73987	28.88076	0.859119	-0.206559	0.00113706	0.998863	0.00227413	1.99773	0.2823567
9667	1	29.26838	28.24065	1.027729	-0.0453538	0.00189665	0.998103	0.0037933	1.99621	0.2385457
9668	0	28.74514	27.71561	1.029529	0.168345	0.00208587	0.997914	0.00417174	1.99583	0.2381167
9669	1	28.67135	27.7278	0.9435501	-0.322055	0.00194134	0.998059	0.00388269	1.99612	0.2594957
9670	0	29.39177	28.7822	0.6095649	0.177712	0.000771325	0.999229	0.00154265	1.99846	0.3623915
9671	1	28.24993	27.71485	0.535074	0.319786	0.000556342	0.999444	0.00111268	1.99889	0.3904173
9672	0	28.53526	27.526	1.009256	-0.221088	0.0023405	0.99766	0.004681	1.99532	0.2429933
9673	1	29.37769	28.53738	0.8403102	-0.322944	0.00106842	0.998932	0.00213684	1.99786	0.2877178
9674	0	26.85927	26.33641	0.5228633	-0.192856	0.00222244	0.997778	0.00444489	1.99556	0.3952138
9675	1	29.84323	29.03205	0.8111815	-0.131375	0.00109063	0.998909	0.00218127	1.99782	0.2962218
9676	0	27.98984	26.55343	1.436403	0.0717618	0.001285	0.998715	0.00257001	1.99743	0.1585209
9677	1	28.11472	27.75618	0.3585423	0.203425	0.00109773	0.998902	0.00219546	1.9978	0.4657961
9678	0	24.37568	23.33019	1.045492	-0.523031	0.00493761	0.995062	0.00987522	1.99012	0.234346
9679	1	29.02883	28.15807	0.870751	0.0304434	0.00182981	0.99817	0.00365962	1.99634	0.2790913
9680	0	28.90131	28.19829	0.7030167	0.280135	0.000735589	0.999264	0.00147118	1.99853	0.3300597
9681	1	29.42892	28.47809	0.95083	0.0124315	0.0016636	0.998336	0.0033272	1.99667	0.2576134
9682	0	29.55984	28.86876	0.6910745	-0.226972	0.00106315	0.998937	0.00212629	1.99787	0.3340249
9683	1	28.83116	27.66255	1.168604	-0.284599	0.00184453	0.998155	0.00368906	1.99631	0.2072003
9684	0	27.09322	26.65531	0.4379067	-0.0919018	0.00183077	0.998169	0.00366154	1.99634	0.4302573
9685	1	29.34487	28.55819	0.7866887	-0.175013	0.00145731	0.998543	0.00291462	1.99709	0.3035667
9686	0	26.34172	26.53919	-0.1974677	0.0739856	0.000227826	0.999772	0.000455652	1.99954	0.8122092
9687	1	29.62083	28.94934	0.6714924	-0.0432154	0.00107942	0.998921	0.00215885	1.99784	0.3406303
9688	0	27.28853	27.10521	0.1833163	-0.393924	0.00107845	0.998922	0.0021569	1.99784	0.5550032
9689	1	27.93182	27.7038	0.2280143	0.0885488	0.000928597	0.999071	0.00185719	1.99814	0.5307419
9690	0	27.90544	27.67932	0.2261174	-0.486514	0.000711631	0.999288	0.00142326	1.99858	0.5317496
9691	1	26.99797	26.55804	0.4399286	-0.611547	0.00083819	0.999162	0.00167638	1.99832	0.4293883
9692	0	28.43447	28.29352	0.1409443	-0.103108	0.000545852	0.999454	0.0010917	1.99891	0.5790252
9693	1	27.9884	27.83474	0.1536606	0.215579	0.000696603	0.999303	0.00139321	1.99861	0.5717087
9694	0	27.70567	27.34489	0.3607742	0.218605	0.000373315	0.999627	0.00074663	1.99925	0.4647576
9695	1	28.2186	27.86788	0.350716	-0.472005	0.000687668	0.999312	0.00137534	1.99862	0.4694558
9696	0	27.23075	27.27939	-0.04863591	-0.0915725	0.000628911	0.999371	0.00125782	1.99874	0.699892
9697	1	29.11032	28.55652	0.5538006	-0.179244	0.00114112	0.998859	0.00228225	1.99772	0.3831741
9698	0	28.75717	28.23655	0.5206209	0.125114	0.000479451	0.999521	0.000958901	1.99904	0.396101
9699	1	29.54004	28.56779	0.9722531	0.0339089	0.00157065	0.998429	0.00314129	1.99686	0.2521533
9700	0	27.2243	26.50245	0.7218511	-0.143441	0.00265513	0.997345	0.00531025	1.99469	0.3239014
9701	1	29.52852	28.63704	0.8914803	0.169224	0.00120757	0.998792	0.00241514	1.99758	0.2733655
9702	0	28.88721	28.03464	0.8525703	-0.405789	0.0012165	0.998783	0.00243301	1.99757	0.2842118
9703	1	29.22768	28.72288	0.5048054	0.132156	0.000877174	0.999123	0.00175435	1.99825	0.4024154
9704	0	27.36031	26.64559	0.7147184	-0.569073	0.00147831	0.998522	0.00295661	1.99704	0.3262199
9705	1	27.5012	26.28455	1.21665	-0.171581	0.00351626	0.996484	0.00703253	1.99297	0.1974806
9706	0	28.78916	28.17416	0.614996	0.0695237	0.00142227	0.998578	0.00284455	1.99716	0.3604287
9707	1	27.22962	26.12364	1.105979	0.0161992	0.00371852	0.996281	0.00743705	1.99256	0.2205911
9708	0	29.05608	28.07002	0.9860575	-0.287751	0.00173463	0.998265	0.00346926	1.99653	0.2486964
9709	1	26.97121	25.81381	1.157409	-0.311003	0.00363137	0.996369	0.00726275	1.99274	0.2095331
9710	0	28.27968	27.29362	0.9860575	-0.110286	0.002604	0.997396	0.00520801	1.99479	0.2486964
9711	1	28.22831	27.03977	1.188539	-0.129967	0.0028687	0.997131	0.00573741	1.99426	0.2031107
9712	0	27.67477	27.04102	0.6337496	0.475668	0.00125237	0.998748	0.00250474	1.9975	0.3537323
9713	1	28.32959	27.17759	1.152004	-0.160669	0.00272609	0.997274	0.00545218	1.99455	0.2106686
9714	0	28.7779	27.64699	1.130907	0.111844	0.00222901	0.997771	0.00445802	1.99554	0.2151603
9715	1	29.88023	28.91826	0.9619646	-0.0325227	0.00103122	0.998969	0.00206244	1.99794	0.2547609
9716	0	28.6217	27.34274	1.278959	0.109209	0.00226185	0.997738	0.0045237	1.99548	0.1855512
9717	1	28.22701	27.05958	1.167437	0.160176	0.00084987	0.99915	0.00169974	1.9983	0.2074423
9718	0	27.15319	25.90045	1.252739	-0.138257	0.000722343	0.999278	0.00144469	1.99856	0.1904808
9719	1	29.86589	28.87297	0.9929172	-0.0179617	0.00114247	0.998858	0.00228493	1.99772	0.2469962
9720	0	29.6385	28.78496	0.8535473	-0.0611209	0.00138931	0.998611	0.00277861	1.99722	0.2839343
9721	1	28.19687	27.41245	0.7844112	-0.141007	0.00220325	0.997797	0.00440649	1.99559	0.3042589
9722	0	27.16882	27.20374	-0.03492299	0.164457	0.000637613	0.999362	0.00127523	1.99872	0.69036
9723	1	26.78091	26.01809	0.7628166	0.0264797	0.00308342	0.996917	0.00616684	1.99383	0.3109007
9724	0	28.02407	27.69748	0.3265909	0.163252	0.00108476	0.998915	0.00216952	1.99783	0.4809192
9725	1	28.50299	27.46295	1.040047	-0.0944303	0.00252228	0.997478	0.00504455	1.99496	0.2356254
9726	0	28.34402	27.59557	0.7484466	0.291402	0.00171243	0.998288	0.00342486	1.99658	0.3154006
9727	1	28.34653	27.75392	0.5926141	-0.156381	0.00163457	0.998365	0.00326914	1.99673	0.3685868
9728	0	29.34544	28.59792	0.747518	0.20927	0.000811566	0.999188	0.00162313	1.99838	0.3156936
9729	1	28.26711	27.70124	0.5658683	0.180806	0.00151686	0.998483	0.00303373	1.99697	0.3785779
9730	0	29.54945	28.81818	0.7312646	0.0920762	0.000706667	0.999293	0.00141333	1.99859	0.3208666
9731	1	27.53082	27.06095	0.4698664	0.407527	0.00140486	0.998595	0.00280972	1.99719	0.4167238
9732	0	29.74442	28.6951	1.049321	-0.136549	0.00123213	0.998768	0.00246426	1.99754	0.2334502
9733	1	29.35392	28.47646	0.8774504	-0.0882591	0.00163973	0.99836	0.00327945	1.99672	0.2772279
9734	0	29.06197	27.777	1.284973	-0.0607521	0.00123087	0.998769	0.00246174	1.99754	0.1844386
9735	1	28.33723	27.43354	0.9036873	0.325139	0.00181235	0.998188	0.0036247	1.99638	0.2700489
9736	0	28.96445	27.95386	1.010584	0.236586	0.00163751	0.998362	0.00327502	1.99672	0.2426709
9737	1	28.34666	27.59029	0.7563675	-0.266789	0.00196952	0.99803	0.00393903	1.99606	0.3129122
9738	0	29.35447	28.2976	1.056868	0.123694	0.00162374	0.998376	0.00324748	1.99675	0.231695
9739	1	28.61137	27.56014	1.051228	-0.0389992	0.00245551	0.997544	0.00491102	1.99509	0.2330056
9740	0	28.39466	27.03963	1.355026	-0.137314	0.00249412	0.997506	0.00498825	1.99501	0.1719604
9741	1	28.96373	27.93184	1.031892	0.233695	0.00164344	0.998357	0.00328688	1.99671	0.2375547
9742	0	29.08063	28.07835	1.002286	-0.305142	0.00164102	0.998359	0.00328204	1.99672	0.2446929
9743	1	29.52736	28.71189	0.8154604	-0.0985459	0.00141195	0.998588	0.0028239	1.99718	0.2949571
9744	0	28.14648	26.95683	1.189652	0.0881945	0.000799195	0.999201	0.00159839	1.9984	0.2028848
9745	1	26.96461	25.85774	1.10687	0.267478	0.00344683	0.996553	0.00689365	1.99311	0.2203948
9746	0	27.94806	27.27077	0.6772953	0.345652	0.00171661	0.998283	0.00343322	1.99657	0.3386594
9747	1	28.88821	27.53753	1.350679	0.0351972	0.00164732	0.998353	0.00329465	1.99671	0.1727096
9748	0	28.46448	28.04248	0.4219967	-0.396983	0.00103656	0.998963	0.00207312	1.99793	0.4371575
9749	1	29.73803	28.88216	0.8558669	-0.117215	0.00080213	0.999198	0.00160426	1.9984	0.2832765
9750	0	25.571	25.61957	-0.04856943	-0.507166	0.00116454	0.998835	0.00232908	1.99767	0.6998455
9751	1	29.15142	28.3595	0.7919189	0.271865	0.000963759	0.999036	0.00192752	1.99807	0.3019832
9752	0	29.52071	28.84656	0.6741519	-0.26418	0.000799925	0.9992	0.00159985	1.9984	0.3397256
9753	1	29.34229	28.41952	0.9227693	0.220048	0.0011782	0.998822	0.00235639	1.99764	0.2649446
9754	0	29.18988	28.32377	0.8661118	0.261202	0.00113159	0.998868	0.00226319	1.99774	0.2803891
9755	1	28.77602	27.99733	0.7786831	0.252796	0.00154676	0.998453	0.00309352	1.99691	0.3060067
9756	0	28.36498	27.73284	0.6321405	-0.0155722	0.00171752	0.998282	0.00343504	1.99656	0.354302
9757	1	28.54601	27.78141	0.7646058	0.349475	0.00137562	0.998624	0.00275123	1.99725	0.3103449
9758	0	27.71253	26.52861	1.183921	-0.429105	0.0014216	0.998578	0.00284321	1.99716	0.2040508
9759	1	29.07808	28.71928	0.3587997	-0.0460355	0.000516281	0.999484	0.00103256	1.99897	0.4656762
9760	0	29.13148	28.49505	0.6364219	-0.0462452	0.00131904	0.998681	0.00263809	1.99736	0.3527883
9761	1	28.00686	27.37658	0.6302767	-0.0796578	0.000407058	0.999593	0.000814115	1.99919	0.354963
9762	0	28.89874	28.32782	0.570914	0.226046	0.000594092	0.999406	0.00118818	1.99881	0.3766725
9763	1	25.63819	26.0227	-0.3845145	0.312776	0.000413176	0.999587	0.000826353	1.99917	0.9792673
9764	0	28.41847	27.52962	0.8888478	-0.103129	0.000552603	0.999447	0.00110521	1.99889	0.2740861
9765	1	26.18319	26.39182	-0.2086281	0.433109	0.000492125	0.999508	0.000984251	1.99902	0.8213245
9766	0	28.56156	27.55849	1.00307	0.290653	0.00179791	0.998202	0.00359581	1.9964	0.2445012
9767	1	29.59339	28.96653	0.6268559	-0.0880683	0.00100812	0.998992	0.00201623	1.99798	0.3561793
9768	0	26.60009	25.1911	1.40899	0.335572	0.00258807	0.997412	0.00517613	1.99482	0.1629267
9769	1	28.59533	27.96814	0.6271922	-0.0162897	0.00158292	0.998417	0.00316584	1.99683	0.3560595
9770	0	28.39128	27.83328	0.5579997	-0.273489	0.00149101	0.998509	0.00298201	1.99702	0.3815685
9771	1	26.57752	26.18213	0.3953857	0.226524	0.00187774	0.998122	0.00375548	1.99624	0.4489468
9772	0	29.63042	28.72922	0.9012048	0.144184	0.00114296	0.998857	0.00228593	1.99771	0.2707201
9773	1	29.21422	28.07333	1.140891	-0.253555	0.00132733	0.998673	0.00265465	1.99735	0.2130227
9774	0	29.00004	28.43467	0.5653686	-0.248934	0.00119153	0.998808	0.00238306	1.99762	0.3787671
9775	1	28.19905	27.65366	0.5453912	-0.425327	0.000581388	0.999419	0.00116278	1.99884	0.38641
9776	0	27.44973	27.42551	0.02421747	0.289979	0.000396423	0.999604	0.000792845	1.99921	0.6507156
9777	1	28.12254	27.36806	0.7544845	0.258935	0.00193912	0.998061	0.00387823	1.99612	0.313502
9778	0	27.33486	27.2727	0.06215654	-0.354917	0.000340908	0.999659	0.000681816	1.99932	0.6264905
9779	1	29.57925	28.82888	0.7503702	-0.217186	0.00116853	0.998831	0.00233706	1.99766	0.3147945
9780	0	28.078	27.35382	0.7241729	0.428336	0.00128447	0.998716	0.00256893	1.99743	0.3231502
9781	1	29.16806	28.44064	0.7274213	-0.361221	0.000875571	0.999124	0.00175114	1.99825	0.3221022
9782	0	29.71067	28.93963	0.7710394	0.107879	0.000870298	0.99913	0.0017406	1.99826	0.3083547
9783	1	28.12946	27.68868	0.4407779	0.169229	0.00129734	0.998703	0.00259468	1.99741	0.4290237
9784	0	29.55934	28.89517	0.6641667	0.0681449	0.00104785	0.998952	0.0020957	1.9979	0.3431348
9785	1	28.98164	27.88716	1.094481	-0.289512	0.00176246	0.998238	0.00352491	1.99648	0.2231423
9786	0	28.82963	28.27788	0.5517482	-0.137592	0.00129484	0.998705	0.00258968	1.99741	0.3839614
9787	1	26.27489	25.68985	0.5850413	-0.267502	0.00277839	0.997222	0.00555679	1.99444	0.3713886
9788	0	28.96227	28.54957	0.4126958	0.117907	0.000854463	0.999146	0.00170893	1.99829	0.4412424
9789	1	27.95716	27.06559	0.8915749	-0.165808	0.00261855	0.997381	0.0052371	1.99476	0.2733397
9790	0	29.31271	28.51707	0.7956396	-0.102957	0.00152685	0.998473	0.0030537	1.99695	0.3008617
9791	1	29.18879	28.23521	0.9535767	-0.0906259	0.00187296	0.998127	0.00374592	1.99625	0.2569068
9792	0	29.53407	28.58095	0.9531196	-0.256826	0.0010563	0.998944	0.00211259	1.99789	0.2570243
9793	1	26.74691	26.47115	0.2757617	-0.620058	0.00113776	0.998862	0.00227551	1.99772	0.5059958
9794	0	28.78028	27.47106	1.309215	-0.101343	0.00116097	0.998839	0.00232194	1.99768	0.1800213
9795	1	25.97053	25.11723	0.8533019	0.240076	0.00387044	0.99613	0.00774089	1.99226	0.284004
9796	0	28.63605	27.47541	1.160638	-0.000565618	0.00251357	0.997486	0.00502713	1.99497	0.2088575
9797	1	29.19355	28.15401	1.039542	-0.0279531	0.00196635	0.998034	0.0039327	1.99607	0.2357443
9798	0	24.0688	24.01639	0.05240721	-0.425447	0.00203255	0.997967	0.0040651	1.99593	0.6326282
9799	1	28.43247	27.95632	0.4761527	0.350532	0.000971451	0.999029	0.0019429	1.99806	0.4141124
9800	0	29.25146	28.84918	0.4022841	-0.134825	0.000601803	0.999398	0.00120361	1.9988	0.4458605
9801	1	29.68017	28.65982	1.020356	-0.0404439	0.00150328	0.998497	0.00300657	1.99699	0.2403111
9802	0	29.31086	28.3057	1.005155	-0.277312	0.00103372	0.998966	0.00206745	1.99793	0.2439919
9803	1	28.75395	27.69237	1.06158	-0.0307924	0.000719519	0.99928	0.00143904	1.99856	0.2306058
9804	0	29.62329	28.78685	0.8364445	-0.252654	0.000946901	0.999053	0.0018938	1.99811	0.2888321
9805	1	29.15447	28.0561	1.098366	-0.138669	0.00199312	0.998007	0.00398623	1.99601	0.2222769
9806	0	29.49432	28.98857	0.5057463	-0.149052	0.000711439	0.999289	0.00142288	1.99858	0.4020369
9807	1	29.47376	28.91157	0.5621954	-0.103851	0.000952762	0.999047	0.00190552	1.99809	0.3799709
9808	0	28.35132	27.9916	0.3597294	0.334427	0.000612199	0.999388	0.0012244	1.99878	0.4652434
9809	1	29.76953	28.91868	0.8508516	-0.128604	0.00124123	0.998759	0.00248246	1.99752	0.2847007
9810	0	28.73652	28.05455	0.6819728	0.153927	0.00153996	0.99846	0.00307992	1.99692	0.337079
9811	1	25.56368	25.54529	0.01838835	-0.34604	0.00130854	0.998691	0.00261709	1.99738	0.6545198
9812	0	29.11367	28.70586	0.4078094	-0.255049	0.00062459	0.999375	0.00124918	1.99875	0.4434038
9813	1	28.74118	28.09982	0.6413682	-0.102562	0.00154613	0.998454	0.00309225	1.99691	0.3510476
9814	0	29.71856	28.97799	0.7405672	0.0792565	0.000800399	0.9992	0.0016008	1.9984	0.3178956
9815	1	27.34894	26.99123	0.3577079	0.330428	0.00135254	0.998647	0.00270508	1.99729	0.4661849
9816	0	29.40755	28.68966	0.7178954	-0.150144	0.000626622	0.999373	0.00125324	1.99875	0.3251852
9817	1	29.44114	28.70573	0.735417	0.199206	0.00100183	0.998998	0.00200365	1.998	0.319537
9818	0	28.63902	27.96644	0.6725789	0.227262	0.0014925	0.998508	0.00298499	1.99702	0.3402604
9819	1	29.59073	28.69045	0.9002786	-0.207371	0.00136919	0.998631	0.00273838	1.99726	0.2709709
9820	0	27.9929	26.87277	1.120134	-0.432477	0.00167722	0.998323	0.00335445	1.99665	0.2174907
9821	1	28.47079	27.02595	1.444834	-0.0352924	0.00196213	0.998038	0.00392426	1.99608	0.1571902
9822	0	27.21406	25.83438	1.379672	0.256842	0.00125842	0.998742	0.00251683	1.99748	0.167774
9823	1	28.95567	27.68516	1.270512	-0.0771709	0.00212031	0.99788	0.00424063	1.99576	0.1871253
9824	0	28.31025	27.30009	1.010163	-0.186965	0.00256582	0.997434	0.00513164	1.99487	0.242773
9825	1	27.29194	26.54128	0.7506566	-0.486753	0.000669185	0.999331	0.00133837	1.99866	0.3147043
9826	0	28.97189	27.96173	1.010163	-0.356855	0.00134754	0.998652	0.00269507	1.9973	0.242773
9827	1	29.32177	28.60451	0.7172554	0.12868	0.00126416	0.998736	0.00252832	1.99747	0.3253934
9828	0	25.97605	25.74974	0.2263109	-0.54864	0.00166274	0.998337	0.00332548	1.99667	0.5316468
9829	1	27.83699	26.31504	1.521945	0.00976558	0.00155793	0.998442	0.00311586	1.99688	0.1455245
9830	0	27.68254	27.20345	0.4790933	-0.481477	0.00145416	0.998546	0.00290831	1.99709	0.4128964
9831	1	27.4211	25.88146	1.539633	0.148163	0.0020649	0.997935	0.00412979	1.99587	0.1429732
9832	0	27.89763	26.451	1.446629	-0.247257	0.00175524	0.998245	0.00351048	1.99649	0.1569083
9833	1	28.41598	27.82105	0.5949317	-0.140826	0.00160594	0.998394	0.00321188	1.99679	0.3677335
9834	0	28.92706	27.90338	1.023676	-0.334706	0.00164784	0.998352	0.00329567	1.9967	0.2395146
9835	1	28.87593	28.55471	0.3212198	0.135977	0.000627575	0.999372	0.00125515	1.99874	0.4835092
9836	0	29.43697	28.41723	1.019741	0.155955	0.00107189	0.998928	0.00214378	1.99786	0.2404589
9837	1	27.12004	25.69839	1.421651	0.24362	0.00289282	0.997107	0.00578564	1.99421	0.1608769
9838	0	29.58149	28.75388	0.8276106	0.167731	0.00104106	0.998959	0.00208213	1.99792	0.2913949
9839	1	27.34615	26.20589	1.140263	-0.288684	0.00333958	0.99666	0.00667915	1.99332	0.2131567
9840	0	29.31111	28.34567	0.9654454	-0.0929601	0.000745007	0.999255	0.00149001	1.99851	0.2538757
9841	1	29.12006	28.06934	1.050718	0.114062	0.00188622	0.998114	0.00377243	1.99623	0.2331243
9842	0	27.9396	27.67429	0.2653165	0.389276	0.00068477	0.999315	0.00136954	1.99863	0.5113088
9843	1	28.82619	27.92918	0.8970029	-0.0989951	0.00204198	0.997958	0.00408396	1.99592	0.27186
9844	0	28.52557	27.58434	0.9412332	-0.372407	0.000850152	0.99915	0.0017003	1.9983	0.2600976
9845	1	27.26658	26.55031	0.7162747	0.399969	0.00210309	0.997897	0.00420618	1.99579	0.3257126
9846	0	29.61446	28.95556	0.6588998	0.103629	0.000766245	0.999234	0.00153249	1.99847	0.3449469
9847	1	29.20675	28.24955	0.9571973	0.178154	0.00159709	0.998403	0.00319418	1.99681	0.2559783
9848	0	29.06342	27.93411	1.129313	-0.248999	0.00106994	0.99893	0.00213989	1.99786	0.2155035
9849	1	29.25615	28.29338	0.9627661	-0.284436	0.000936389	0.999064	0.00187278	1.99813	0.2545568
9850	0	25.11483	23.3483	1.766522	-0.25114	0.0027604	0.99724	0.0055208	1.99448	0.113951
9851	1	28.28707	27.309	0.978069	0.283154	0.00208759	0.997912	0.00417518	1.99582	0.250691
9852	0	23.57094	22.80508	0.7658648	0.611838	0.00392476	0.996075	0.00784953	1.99215	0.3099545
9853	1	29.33308	28.53344	0.7996388	-0.136593	0.0015098	0.99849	0.0030196	1.99698	0.2996608
9854	0	28.14287	27.4894	0.6534655	0.0255758	0.00188232	0.998118	0.00376465	1.99624	0.3468265
9855	1	29.1702	28.09833	1.071873	0.056299	0.00194516	0.998055	0.00389032	1.99611	0.2282445
9856	0	27.34565	25.87794	1.467706	-0.188189	0.00320014	0.9968	0.00640029	1.9936	0.1536357
9857	1	29.52807	28.43348	1.094596	0.0966808	0.00140069	0.998599	0.00280139	1.9972	0.2231165
9858	0	29.08391	27.85902	1.224888	-0.176306	0.00187291	0.998127	0.00374581	1.99625	0.1958604
9859	1	29.62898	28.8517	0.7772844	-0.202074	0.00118829	0.998812	0.00237658	1.99762	0.306435
9860	0	29.88774	28.9131	0.9746446	-0.0680928	0.0011029	0.998897	0.0022058	1.99779	0.2515509
9861	1	28.556	27.71893	0.8370716	0.350374	0.00140974	0.99859	0.00281947	1.99718	0.2886511
9862	0	29.28082	28.64334	0.637489	-0.17392	0.00121712	0.998783	0.00243423	1.99757	0.3524121
9863	1	28.80435	28.41478	0.3895671	-0.348064	0.000615609	0.999384	0.00123122	1.99877	0.4515667
9864	0	28.56264	27.99886	0.5637827	-0.1171	0.00145823	0.998542	0.00291647	1.99708	0.3793683
9865	1	29.21899	28.28824	0.9307471	-0.214443	0.00171915	0.998281	0.00343829	1.99656	0.2628394
9866	0	26.67403	25.54859	1.125438	-0.228696	0.00414698	0.995853	0.00829395	1.99171	0.2163403
9867	1	28.90569	27.71391	1.191783	-0.277083	0.00131176	0.998688	0.00262353	1.99738	0.2024528
9868	0	27.76869	26.50043	1.268267	-0.219131	0.00312176	0.996878	0.00624352	1.99376	0.1875457
9869	1	28.73552	27.42437	1.311143	-0.214084	0.00142549	0.998575	0.00285099	1.99715	0.1796745
9870	0	27.74699	27.30677	0.4402275	-0.0669285	0.00153247	0.998468	0.00306495	1.99694	0.42926
9871	1	27.511	26.72684	0.7841607	-0.542882	0.00161841	0.998382	0.00323683	1.99676	0.3043351
9872	0	24.9162	24.22928	0.6869278	0.395235	0.00385981	0.99614	0.00771962	1.99228	0.3354129
9873	1	28.06524	27.47591	0.589326	-0.377986	0.0016467	0.998353	0.00329341	1.99671	0.3698007
9874	0	27.65233	26.76493	0.8873974	-0.45895	0.0021772	0.997823	0.0043544	1.99565	0.274484
9875	1	29.00375	28.1014	0.9023558	-0.370499	0.00137525	0.998625	0.00275049	1.99725	0.2704087
9876	0	28.8813	28.12757	0.7537235	0.309195	0.0012205	0.998779	0.00244101	1.99756	0.3137407
9877	1	29.55394	28.529	1.024934	0.0656811	0.00153745	0.998463	0.0030749	1.99693	0.2392134
9878	0	29.05717	28.32613	0.7310397	-0.390937	0.00102265	0.998977	0.00204531	1.99795	0.3209388
9879	1	28.58212	27.30544	1.276686	-0.157049	0.00242111	0.997579	0.00484223	1.99516	0.1859735
9880	0	29.14779	28.27681	0.8709766	-0.321553	0.00146781	0.998532	0.00293562	1.99706	0.2790284
9881	1	29.24589	28.309	0.936895	0.168645	0.00157136	0.998429	0.00314273	1.99686	0.2612284
9882	0	29.60076	28.5615	1.039253	-0.113702	0.00156745	0.998433	0.0031349	1.99687	0.2358126
9883	1	26.67415	26.04484	0.6293089	0.0977952	0.00264991	0.99735	0.00529983	1.9947	0.3553067
9884	0	28.85006	27.97208	0.8779854	0.271215	0.00155515	0.998445	0.0031103	1.99689	0.2770796
9885	1	26.1693	25.29877	0.8705378	0.221694	0.00378436	0.996216	0.00756872	1.99243	0.2791509
9886	0	27.43087	27.0979	0.3329703	-0.55017	0.00111505	0.998885	0.00223011	1.99777	0.477861
9887	1	25.57255	24.48045	1.092102	-0.256611	0.00520762	0.994792	0.0104152	1.98958	0.2236737
9888	0	29.21142	28.73944	0.4719804	0.132726	0.000800766	0.999199	0.00160153	1.9984	0.4158438
9889	1	26.2262	26.1889	0.0372985	-0.24409	0.00111592	0.998884	0.00223184	1.99777	0.642259
9890	0	27.90142	26.77013	1.131287	0.314793	0.00226526	0.997735	0.00453052	1.99547	0.2150786
9891	1	28.3539	28.03972	0.3141855	-0.421573	0.000806567	0.999193	0.00161313	1.99839	0.4869223
9892	0	28.85018	27.93103	0.9191509	-0.316585	0.00178823	0.998212	0.00357645	1.99642	0.265905
9893	1	27.50277	27.55589	-0.0531158	-0.183979	0.000532922	0.999467	0.00106584	1.99893	0.7030345
9894	0	29.64267	28.87739	0.7652865	0.0999032	0.000779442	0.999221	0.00155888	1.99844	0.3101337
9895	1	29.25956	28.60004	0.6595189	-0.171378	0.000580854	0.999419	0.00116171	1.99884	0.3447334
9896	0	29.37423	28.70887	0.6653622	0.131446	0.00112209	0.998878	0.00224419	1.99776	0.3427249
9897	1	28.62526	28.34293	0.2823293	-0.281374	0.00049445	0.999506	0.0009889	1.99901	0.5026836
9898	0	29.56562	28.73904	0.8265805	-0.164229	0.000739144	0.999261	0.00147829	1.99852	0.2916953
9899	1	29.76726	29.10132	0.6659404	0.0169073	0.000840253	0.99916	0.00168051	1.99832	0.3425267
9900	0	29.2243	28.62896	0.5953444	-0.333627	0.000932943	0.999067	0.00186589	1.99813	0.3675817
9901	1	27.11511	27.2571	-0.1419956	-0.0430917	0.000483388	0.999517	0.000966776	1.99903	0.7683811
9902	0	29.23063	28.64497	0.5856614	-0.17369	0.00055682	0.999443	0.00111364	1.99889	0.3711583
9903	1	28.91257	28.42577	0.4868008	-0.118403	0.000466096	0.999534	0.000932192	1.99907	0.4097263
9904	0	29.35817	28.77251	0.5856614	0.181182	0.000792854	0.999207	0.00158571	1.99841	0.3711583
9905	1	29.68195	29.06602	0.6159322	-0.0343136	0.000892628	0.999107	0.00178526	1.99821	0.3600914
9906	0	29.32391	28.81571	0.5081996	-0.00520087	0.000920944	0.999079	0.00184189	1.99816	0.4010518
9907	1	28.85012	28.2194	0.6307147	0.165634	0.000544665	0.999455	0.00108933	1.99891	0.3548075
9908	0	28.09114	27.80982	0.2813187	0.0757986	0.000986259	0.999014	0.00197252	1.99803	0.5031918
9909	1	29.51484	28.68735	0.8274963	-0.148135	0.000712167	0.999288	0.00142433	1.99858	0.2914282
9910	0	28.43993	27.13785	1.302077	-0.0872926	0.00263612	0.997364	0.00527225	1.99473	0.1813109
9911	1	29.46782	28.6051	0.8627201	-0.187475	0.00147087	0.998529	0.00294174	1.99706	0.2813417
9912	0	28.24261	27.07926	1.163348	0.172125	0.00258081	0.997419	0.00516161	1.99484	0.2082922
9913	1	29.78698	29.06329	0.7236919	0.0540886	0.000900164	0.9991	0.00180033	1.9982	0.3233057
9914	0	28.82551	27.60551	1.219995	0.197364	0.00149732	0.998503	0.00299464	1.99701	0.196821
9915	1	28.02751	27.26076	0.7667501	-0.515799	0.00122355	0.998776	0.00244709	1.99755	0.3096802
9916	0	27.43748	26.93157	0.5059147	0.33492	0.00166174	0.998338	0.00332349	1.99668	0.4019692
9917	1	27.6171	27.01114	0.6059603	-0.329964	0.00199449	0.998006	0.00398897	1.99601	0.3637002
9918	0	26.44039	25.47396	0.9664323	-0.289014	0.00391055	0.996089	0.00782111	1.99218	0.2536253
9919	1	28.17706	27.58212	0.5949409	-0.0209375	0.00172307	0.998277	0.00344614	1.99655	0.3677301
9920	0	28.69793	27.68161	1.016318	-0.132274	0.00231667	0.997683	0.00463333	1.99537	0.2412835
9921	1	28.55283	27.77676	0.776069	-0.415444	0.00079206	0.999208	0.00158412	1.99842	0.3068077
9922	0	28.41584	27.88359	0.5322551	-0.361017	0.00134717	0.998653	0.00269433	1.99731	0.3915194
9923	1	28.46215	27.58854	0.8736104	-0.443065	0.00101799	0.998982	0.00203599	1.99796	0.2782945
9924	0	29.73111	29.07401	0.657107	-0.152783	0.000884925	0.999115	0.00176985	1.99823	0.3455658
9925	1	28.26722	27.57585	0.6913645	-0.1217	0.00192907	0.998071	0.00385814	1.99614	0.3339281
9926	0	29.66657	28.95399	0.7125753	-0.222028	0.000977451	0.999023	0.0019549	1.99805	0.3269198
9927	1	28.90924	27.66201	1.247227	-0.245933	0.0015306	0.998469	0.00306119	1.99694	0.1915336
9928	0	29.37433	28.44374	0.9305903	0.00697865	0.0016856	0.998314	0.0033712	1.99663	0.2628806
9929	1	27.36526	26.50012	0.8651333	-0.309807	0.00284253	0.997157	0.00568506	1.99431	0.2806636
9930	0	28.29169	27.92608	0.3656093	-0.464795	0.000700004	0.9993	0.00140001	1.9986	0.4625159
9931	1	27.88682	27.00161	0.8852074	0.352072	0.00206303	0.997937	0.00412606	1.99587	0.2750857
9932	0	27.94225	27.87072	0.07152473	0.201161	0.000462148	0.999538	0.000924296	1.99908	0.6206488
9933	1	26.40319	25.58939	0.8137979	-0.384726	0.00332352	0.996676	0.00664705	1.99335	0.2954478
9934	0	29.10855	28.76794	0.3406099	-0.0585407	0.000571147	0.999429	0.00114229	1.99886	0.4742243
9935	1	28.45033	27.32142	1.128906	0.289913	0.0017639	0.998236	0.00352779	1.99647	0.2155912
9936	0	27.85163	27.42211	0.4295208	-0.089412	0.00146054	0.998539	0.00292108	1.99708	0.4338806
9937	1	28.08462	26.97401	1.11061	0.0448365	0.00292813	0.997072	0.00585625	1.99414	0.219572
9938	0	29.72171	28.66031	1.061398	-0.00605446	0.00113828	0.998862	0.00227655	1.99772	0.2306479
9939	1	28.36168	27.58202	0.7796649	0.285433	0.00176899	0.998231	0.00353799	1.99646	0.3057064
9940	0	27.37072	26.06491	1.305806	-0.353069	0.0027645	0.997236	0.00552899	1.99447	0.1806361
9941	1	28.72836	27.57624	1.152125	-0.251614	0.000973463	0.999027	0.00194693	1.99805	0.2106431
9942	0	28.44129	28.13407	0.3072154	0.14487	0.000871304	0.999129	0.00174261	1.99826	0.4903281
9943	1	29.89325	29.03007	0.8631738	0.00622214	0.000942106	0.999058	0.00188421	1.99812	0.2812141
9944	0	27.8859	27.29569	0.5902065	0.324048	0.00161969	0.99838	0.00323938	1.99676	0.3694752
9945	1	25.24745	24.81182	0.4356249	-0.663592	0.00154552	0.998454	0.00309105	1.99691	0.4312402
9946	0	27.71567	26.99669	0.7189751	0.424442	0.000755442	0.999245	0.00151088	1.99849	0.3248343
9947	1	29.23117	28.66734	0.563833	0.151756	0.000987636	0.999012	0.00197527	1.99802	0.3793492
9948	0	24.44447	24.39577	0.04870602	-0.446231	0.00186106	0.998139	0.00372212	1.99628	0.6349741
9949	1	29.46016	28.31096	1.149199	-0.0205271	0.0010752	0.998925	0.0021504	1.99785	0.2112603
9950	0	26.66297	26.49261	0.1703615	0.0258863	0.00125482	0.998745	0.00250963	1.99749	0.5622399
9951	1	28.98091	28.61848	0.3624283	0.11981	0.00070326	0.999297	0.00140652	1.99859	0.4639895
9952	0	28.29802	27.72247	0.5755449	-0.403003	0.000577657	0.999422	0.00115531	1.99884	0.3749322
9953	1	29.55602	28.44929	1.106731	-0.155414	0.0014916	0.998508	0.00298321	1.99702	0.2204253
9954	0	28.88955	27.95418	0.9353759	-0.38932	0.00118849	0.998812	0.00237698	1.99762	0.2616255
9955	1	29.60177	28.83419	0.7675824	0.00837053	0.000688578	0.999311	0.00137716	1.99862	0.3094225
9956	0	28.68861	28.19019	0.4984172	-0.382175	0.00107917	0.998921	0.00215834	1.99784	0.4049943
9957	1	28.01038	27.20376	0.8066154	0.430037	0.0010767	0.998923	0.0021534	1.99785	0.2975775
9958	0	29.69239	29.08649	0.6059019	-0.041642	0.000717082	0.999283	0.00143416	1.99857	0.3637214
9959	1	29.39494	28.49613	0.8988083	-0.131355	0.00162478	0.998375	0.00324956	1.99675	0.2713696
9960	0	29.53409	28.77499	0.7591031	-0.00990199	0.000658472	0.999342	0.00131694	1.99868	0.3120574
9961	1	29.08814	28.23015	0.8579881	0.249055	0.00139184	0.998608	0.00278367	1.99722	0.2826762
9962	0	29.44778	28.93657	0.5112076	-0.0307851	0.000844394	0.999156	0.00168879	1.99831	0.3998472
9963	1	27.45583	26.55298	0.9028494	-0.52554	0.00177861	0.998221	0.00355721	1.99644	0.2702752
9964	0	29.20474	28.30573	0.8990141	0.250515	0.00105247	0.998948	0.00210494	1.9979	0.2713138
9965	1	29.45644	28.25963	1.196805	-0.0216705	0.00158334	0.998417	0.00316668	1.99683	0.2014386
9966	0	27.96788	27.3323	0.6355782	0.00651226	0.00183117	0.998169	0.00366235	1.99634	0.3530861
9967	1	28.49392	27.95885	0.5350698	0.0344582	0.00140277	0.998597	0.00280554	1.99719	0.3904189
9968	0	29.03124	27.85313	1.178112	-0.0636551	0.00215557	0.997844	0.00431113	1.99569	0.2052395
9969	1	29.07742	28.36047	0.7169416	-0.253531	0.00144142	0.998559	0.00288285	1.99712	0.3254955
9970	0	29.32419	28.47478	0.8494098	0.0614764	0.00156394	0.998436	0.00312788	1.99687	0.2851115
9971	1	26.59986	25.97099	0.6288662	-0.538689	0.0022641	0.997736	0.0045282	1.99547	0.355464
9972	0	28.87877	28.44625	0.4325211	0.18712	0.000885222	0.999115	0.00177044	1.99823	0.4325808
9973	1	29.30848	28.83892	0.4695587	0.009896	0.000831833	0.999168	0.00166367	1.99834	0.4168521
9974	0	27.20175	27.15459	0.04715846	0.158282	0.000291833	0.999708	0.000583666	1.99942	0.6359575
9975	1	29.89657	29.07193	0.8246379	-0.0253299	0.00106352	0.998936	0.00212704	1.99787	0.2922625
9976	0	27.48613	27.56479	-0.07865798	-0.188687	0.000479569	0.99952	0.000959138	1.99904	0.7212228
9977	1	25.96692	25.49348	0.4734338	0.132513	0.002497	0.997503	0.004994	1.99501	0.4152399
9978	0	26.24747	26.48791	-0.2404447	0.201825	0.000522125	0.999478	0.00104425	1.99896	0.8478764
9979	1	29.36968	28.40621	0.9634668	-0.292901	0.00107555	0.998924	0.0021511	1.99785	0.2543785
9980	0	26.40732	26.4327	-0.0253841	-0.0511481	0.000899655	0.9991	0.00179931	1.9982	0.683806
9981	1	25.81276	24.65817	1.154583	0.503417	0.0022482	0.997752	0.0044964	1.9955	0.2101259
9982	0	29.51567	28.55756	0.9581035	-0.0934771	0.00161651	0.998383	0.00323302	1.99677	0.2557465
9983	1	28.58352	27.89615	0.6873705	-0.430891	0.000776824	0.999223	0.00155365	1.99845	0.3352645
9984	0	29.36953	28.16505	1.204485	0.0410826	0.00159562	0.998404	0.00319125	1.99681	0.1998976
9985	1	29.29496	28.82805	0.4669126	-0.21487	0.000628663	0.999371	0.00125733	1.99874	0.4179566
9986	0	26.10103	24.84951	1.25152	-0.266878	0.00476556	0.995234	0.00953112	1.99047	0.1907132
9987	1	29.05343	28.06853	0.9848967	-0.350632	0.0011908	0.998809	0.0023816	1.99762	0.2489852
9988	0	29.1909	28.17146	1.019443	0.054466	0.00189445	0.998106	0.0037889	1.99621	0.2405305
9989	1	29.1367	28.7631	0.3735935	0.0442148	0.000666704	0.999333	0.00133341	1.99867	0.4588378
9990	0	26.75731	25.73787	1.019443	0.175919	0.00376474	0.996235	0.00752949	1.99247	0.2405305
9991	1	28.21631	27.70717	0.5091402	0.250023	0.00135269	0.998647	0.00270538	1.99729	0.4006747
9992	0	27.37108	26.0466	1.324482	-0.0455956	0.000818137	0.999182	0.00163627	1.99836	0.1772938
9993	1	27.5335	27.39046	0.1430359	0.181583	0.000868153	0.999132	0.00173631	1.99826	0.5778153
9994	0	28.35466	27.20318	1.151479	-0.379348	0.00172268	0.998277	0.00344536	1.99655	0.2107791
9995	1	25.07154	24.97785	0.09369418	0.166048	0.00161616	0.998384	0.00323231	1.99677	0.6070408
9996	0	29.13225	28.28902	0.8432311	0.251405	0.00131916	0.998681	0.00263832	1.99736	0.2868786
9997	1	27.90277	26.84275	1.060019	-0.0445525	0.00305324	0.996947	0.00610649	1.99389	0.2309661
9998	0	28.05137	27.21424	0.8371261	-0.164624	0.00242158	0.997578	0.00484317	1.99516	0.2886353
9999	1	27.4108	27.17631	0.2344848	0.0229629	0.00114399	0.998856	0.00228798	1.99771	0.5273189
10000	0	29.22388	28.26898	0.9548934	0.0826262	0.00176737	0.998233	0.00353475	1.99647	0.2565688
10001	1	29.27533	28.16784	1.107494	0.119777	0.00104012	0.99896	0.00208023	1.99792	0.2202573
