Date.Extracted,Date.Run,Sample..,Subgenus,Species,Sample.Name,Accession.No,Tissue.code,Replicate,Weight..g.,FW.mg.,Dil..ul.,Inj.vol..ul.,Conversion,Pigment,FW.norm,Tissue.code_names,Subgenus.Tissue,Subgenus.Pigment,logFW.norm,drop,Species.Pigment
-,12/6/17,AS-01,Grammica,C_sandwichiana,155sdlg,155,sdlg,1,0.0344,34.4,2050,100,0.595930233,Chl.b,4.67868401509698,Seedling,Grammica__Seedling,Grammica__Chl.b,1.5430168984054762,155sdlg,C_sandwichiana__Chl.b
-,12/6/17,AS-06,Grammica,C_sandwichiana,155sdlg,155,sdlg,2,0.0328,32.8,2050,100,0.625,Chl.b,4.84896875,Seedling,Grammica__Seedling,Grammica__Chl.b,1.578766074097632,155sdlg,C_sandwichiana__Chl.b
6/14/18,6/14/18,AS-197,Grammica,C_sandwichiana,155Cy,155,y,1,0.0435,43.5,1250,100,0.287356322,Chl.b,8.53450287834254,Young,Grammica__Young,Grammica__Chl.b,2.1441171211989944,155y,C_sandwichiana__Chl.b
7/14/18,6/3/18,AS-228,Grammica,C_sandwichiana,155Ay,155,y,1,0.0464,46.4,1250,100,0.269396552,Chl.b,6.32197737716336,Young,Grammica__Young,Grammica__Chl.b,1.8440320511745143,155y,C_sandwichiana__Chl.b
7/2/18,6/3/18,AS-231,Grammica,C_sandwichiana,155Dy,155,y,1,0.053900000000000003,53.9,1250,100,0.231910946,Chl.b,7.02243042076112,Young,Grammica__Young,Grammica__Chl.b,1.9491093861432764,155y,C_sandwichiana__Chl.b
7/2/18,6/3/18,AS-241,Grammica,C_sandwichiana,155By,155,y,1,0.0448,44.8,1250,100,0.279017857,Chl.b,8.30908760735289,Young,Grammica__Young,Grammica__Chl.b,2.1173498203321386,155y,C_sandwichiana__Chl.b
7/11/18,7/11/18,AS-309,Grammica,C_sandwichiana,155Cy,155,y,1,0.084,84,1250,100,0.148809524,Chl.b,8.06459376032268,Young,Grammica__Young,Grammica__Chl.b,2.087483352010661,155y,C_sandwichiana__Chl.b
6/14/18,6/14/18,AS-184,Grammica,C_sandwichiana,155Ao,155,o,1,0.0484,48.4,1250,100,0.258264463,Chl.b,1.14215134381583,Old,Grammica__Old,Grammica__Chl.b,0.13291371523996873,155o,C_sandwichiana__Chl.b
6/14/18,6/14/18,AS-186,Grammica,C_sandwichiana,155Do,155,o,1,0.0455,45.5,1250,100,0.274725275,Chl.b,2.1594890131485,Old,Grammica__Old,Grammica__Chl.b,0.7698716720298978,155o,C_sandwichiana__Chl.b
6/14/18,6/14/18,AS-187,Grammica,C_sandwichiana,155Bo,155,o,1,0.0477,47.7,1250,100,0.262054507,Chl.b,2.2954743157017097,Old,Grammica__Old,Grammica__Chl.b,0.8309395392308315,155o,C_sandwichiana__Chl.b
7/2/18,6/3/18,AS-203,Grammica,C_sandwichiana,155Co,155,o,1,0.0498,49.8,1250,100,0.251004016,Chl.b,2.89997991893632,Old,Grammica__Old,Grammica__Chl.b,1.0647038469467334,155o,C_sandwichiana__Chl.b
7/2/18,6/3/18,AS-229,Grammica,C_sandwichiana,155Bh,155,h,1,0.045,45,1250,100,0.277777778,Chl.b,13.48311945523094,Haustorium,Grammica__Haustorium,Grammica__Chl.b,2.6014384997216466,155h,C_sandwichiana__Chl.b
7/2/18,6/3/18,AS-230,Grammica,C_sandwichiana,155Ch,155,h,1,0.0446,44.6,1250,100,0.280269058,Chl.b,18.09371074322488,Haustorium,Grammica__Haustorium,Grammica__Chl.b,2.8955644106659117,155h,C_sandwichiana__Chl.b
7/2/18,6/3/18,AS-232,Grammica,C_sandwichiana,155Dh,155,h,1,0.0408,40.8,1250,100,0.306372549,Chl.b,7.215168504440189,Haustorium,Grammica__Haustorium,Grammica__Chl.b,1.9761855605515717,155h,C_sandwichiana__Chl.b
7/2/18,6/3/18,AS-245,Grammica,C_sandwichiana,155Ch,155,h,1,0.0482,48.2,1250,100,0.2593361,Chl.b,11.566034769543,Haustorium,Grammica__Haustorium,Grammica__Chl.b,2.4480727745631436,155h,C_sandwichiana__Chl.b
7/10/18,7/11/18,AS-281,Grammica,C_sandwichiana,155Ah,155,h,1,0.0488,48.8,1250,100,0.256147541,Chl.b,7.49377049228288,Haustorium,Grammica__Haustorium,Grammica__Chl.b,2.014072087717569,155h,C_sandwichiana__Chl.b
6/14/18,6/14/18,AS-196,Grammica,C_sandwichiana,155Cf,155,f,1,0.0441,44.1,1250,100,0.283446712,Chl.b,15.602157028479919,Flower,Grammica__Flower,Grammica__Chl.b,2.747409182162705,155f,C_sandwichiana__Chl.b
7/4/18,7/4/18,AS-247,Grammica,C_sandwichiana,155Af,155,f,1,0.0445,44.5,1250,100,0.280898876,Chl.b,7.0344129112187606,Flower,Grammica__Flower,Grammica__Chl.b,1.9508142487367448,155f,C_sandwichiana__Chl.b
-,12/6/17,AS-02,Grammica,C_polygonorum,1705sdlg,1705,sdlg,1,0.0142,14.2,2050,100,1.443661972,Chl.b,11.219014790045838,Seedling,Grammica__Seedling,Grammica__Chl.b,2.417610096778797,1705sdlg,C_polygonorum__Chl.b
-,12/6/17,AS-04,Grammica,C_polygonorum,1705sdlg,1705,sdlg,2,0.0369,36.9,2050,100,0.555555556,Chl.b,12.530316676690918,Seedling,Grammica__Seedling,Grammica__Chl.b,2.528151050048176,1705sdlg,C_polygonorum__Chl.b
-,12/6/17,AS-05,Grammica,C_polygonorum,1705sdlg,1705,sdlg,3,0.0501,50.1,2050,100,0.409181637,Chl.b,10.33811318056158,Seedling,Grammica__Seedling,Grammica__Chl.b,2.3358373844001714,1705sdlg,C_polygonorum__Chl.b
7/11/18,7/11/18,AS-304,Grammica,C_polygonorum,1705sdlg,1705,sdlg,1,0.0338,33.8,950,100,0.281065089,Chl.b,1.7660893506368398,Seedling,Grammica__Seedling,Grammica__Chl.b,0.5687677524487613,1705sdlg,C_polygonorum__Chl.b
7/11/18,7/11/18,AS-310,Grammica,C_polygonorum,1705sdlg,1705,sdlg,1,0.0298,29.8,950,100,0.318791946,Chl.b,4.48585536478332,Seedling,Grammica__Seedling,Grammica__Chl.b,1.5009292164044963,1705sdlg,C_polygonorum__Chl.b
6/14/18,6/14/18,AS-183,Grammica,C_polygonorum,1705Ay,1705,y,1,0.0408,40.8,1250,100,0.306372549,Chl.b,6.6588970583973595,Young,Grammica__Young,Grammica__Chl.b,1.8959538790082284,1705y,C_polygonorum__Chl.b
7/10/18,7/11/18,AS-288,Grammica,C_polygonorum,1705Cy,1705,y,1,0.0524,52.4,1250,100,0.238549618,Chl.b,12.13382154857764,Young,Grammica__Young,Grammica__Chl.b,2.4959967309266395,1705y,C_polygonorum__Chl.b
7/10/18,7/11/18,AS-295,Grammica,C_polygonorum,1705Dy,1705,y,1,0.0432,43.2,1250,100,0.289351852,Chl.b,12.76280093246048,Young,Grammica__Young,Grammica__Chl.b,2.5465347704768972,1705y,C_polygonorum__Chl.b
7/11/18,7/11/18,AS-303,Grammica,C_polygonorum,1705By,1705,y,1,0.0672,67.2,1250,100,0.186011905,Chl.b,10.1987165309115,Young,Grammica__Young,Grammica__Chl.b,2.3222618918752898,1705y,C_polygonorum__Chl.b
6/14/18,6/14/18,AS-182,Grammica,C_polygonorum,1705Ao,1705,o,1,0.048,48,1250,100,0.260416667,Chl.b,2.25146354454854,Old,Grammica__Old,Grammica__Chl.b,0.8115805134155039,1705o,C_polygonorum__Chl.b
7/2/18,6/3/18,AS-201,Grammica,C_polygonorum,1705Bo,1705,o,1,0.0499,49.9,1250,100,0.250501002,Chl.b,2.13749498994576,Old,Grammica__Old,Grammica__Chl.b,0.7596346247247409,1705o,C_polygonorum__Chl.b
7/2/18,6/3/18,AS-202,Grammica,C_polygonorum,1705Co,1705,o,1,0.0421,42.1,1250,100,0.296912114,Chl.b,4.05171021358224,Old,Grammica__Old,Grammica__Chl.b,1.3991390916249824,1705o,C_polygonorum__Chl.b
7/10/18,7/11/18,AS-300,Grammica,C_polygonorum,1705Do,1705,o,1,0.0494,49.4,1250,100,0.253036437,Chl.b,2.44523785186446,Old,Grammica__Old,Grammica__Chl.b,0.8941424400173286,1705o,C_polygonorum__Chl.b
7/10/18,7/11/18,AS-302,Grammica,C_polygonorum,1705Do,1705,o,1,0.042,42,1250,100,0.297619048,Chl.b,2.16417559800824,Old,Grammica__Old,Grammica__Chl.b,0.7720395490045907,1705o,C_polygonorum__Chl.b
7/10/18,7/11/18,AS-282,Grammica,C_polygonorum,1705Ch,1705,h,1,0.0389,38.9,1250,100,0.321336761,Chl.b,16.565440235205653,Haustorium,Grammica__Haustorium,Grammica__Chl.b,2.8073186176627076,1705h,C_polygonorum__Chl.b
7/10/18,7/11/18,AS-287,Grammica,C_polygonorum,1705Ah,1705,h,1,0.029,29,950,100,0.327586207,Chl.b,12.28533776250027,Haustorium,Grammica__Haustorium,Grammica__Chl.b,2.508406507629992,1705h,C_polygonorum__Chl.b
7/10/18,7/11/18,AS-296,Grammica,C_polygonorum,1705Dh,1705,h,1,0.0482,48.2,1250,100,0.2593361,Chl.b,1.2262966824600001,Haustorium,Grammica__Haustorium,Grammica__Chl.b,0.2039988820035544,1705h,C_polygonorum__Chl.b
7/2/18,6/3/18,AS-235,Grammica,C_polygonorum,1705Af,1705,f,1,0.0488,48.8,1250,100,0.256147541,Chl.b,10.98391649660461,Flower,Grammica__Flower,Grammica__Chl.b,2.396432075265375,1705f,C_polygonorum__Chl.b
7/10/18,7/11/18,AS-286,Grammica,C_polygonorum,1705Cf,1705,f,1,0.045,45,1250,100,0.277777778,Chl.b,22.983508351720136,Flower,Grammica__Flower,Grammica__Chl.b,3.134776934906357,1705f,C_polygonorum__Chl.b
7/4/18,7/4/18,AS-248,Grammica,C_polygonorum,1705As,1705,s,1,0.0428,42.8,1250,100,0.292056075,Chl.b,19.619278637190753,Seed,Grammica__Seed,Grammica__Chl.b,2.9765126918504197,1705s,C_polygonorum__Chl.b
7/10/18,7/11/18,AS-285,Grammica,C_polygonorum,1705Cs,1705,s,1,0.0289,28.9,950,100,0.328719723,Chl.b,22.999680783016352,Seed,Grammica__Seed,Grammica__Chl.b,3.1354803411814327,1705s,C_polygonorum__Chl.b
7/2/18,6/3/18,AS-207,Grammica,C_compacta,1566sdlg,1566,sdlg,1,0.0414,41.4,1250,100,0.301932367,Chl.b,20.822164844744666,Seedling,Grammica__Seedling,Grammica__Chl.b,3.0360180416783105,1566sdlg,C_compacta__Chl.b
-,12/6/17,AS-03,Grammica,C_compacta,1566sdlg,1566,sdlg,1,0.0391,39.1,2050,100,0.524296675,Chl.b,7.7386713526675,Seedling,Grammica__Seedling,Grammica__Chl.b,2.04623002592643,1566sdlg,C_compacta__Chl.b
-,12/6/17,AS-07,Grammica,C_compacta,1566sdlg,1566,sdlg,2,0.0384,38.4,2050,100,0.533854167,Chl.b,9.58373399035899,Seedling,Grammica__Seedling,Grammica__Chl.b,2.2600672958253125,1566sdlg,C_compacta__Chl.b
-,12/6/17,AS-08,Grammica,C_compacta,1566sdlg,1566,sdlg,3,0.0362,36.2,2050,100,0.566298343,Chl.b,9.46846299109256,Seedling,Grammica__Seedling,Grammica__Chl.b,2.247966601639883,1566sdlg,C_compacta__Chl.b
-,12/6/17,AS-09,Grammica,C_compacta,1566sdlg,1566,sdlg,4,0.0425,42.5,2050,100,0.482352941,Chl.b,13.46514281860314,Seedling,Grammica__Seedling,Grammica__Chl.b,2.600104340288417,1566sdlg,C_compacta__Chl.b
7/4/18,7/4/18,AS-249,Grammica,C_compacta,1566sdlg,1566,sdlg,1,0.0532,53.2,1250,100,0.234962406,Chl.b,19.23445018673892,Seedling,Grammica__Seedling,Grammica__Chl.b,2.956702956993637,1566sdlg,C_compacta__Chl.b
-,12/6/17,AS-21,Grammica,C_compacta,1566Ay,1566,y,1,0.0422,42.2,2050,100,0.485781991,Chl.b,19.05845653536723,Young,Grammica__Young,Grammica__Chl.b,2.94751092093737,1566y,C_compacta__Chl.b
-,12/6/17,AS-22,Grammica,C_compacta,1566Ay,1566,y,2,0.0419,41.9,2050,100,0.489260143,Chl.b,20.06439700858281,Young,Grammica__Young,Grammica__Chl.b,2.9989469563490876,1566y,C_compacta__Chl.b
7/2/18,6/3/18,AS-244,Grammica,C_compacta,1566Ay,1566,y,1,0.0421,42.1,1250,100,0.296912114,Chl.b,15.311585509953881,Young,Grammica__Young,Grammica__Chl.b,2.7286097712536,1566y,C_compacta__Chl.b
7/4/18,7/4/18,AS-250,Grammica,C_compacta,1566Ay,1566,y,1,0.0486,48.6,1250,100,0.257201646,Chl.b,9.4694315810289,Young,Grammica__Young,Grammica__Chl.b,2.248068892834215,1566y,C_compacta__Chl.b
7/4/18,7/4/18,AS-265,Grammica,C_compacta,1566Ey,1566,y,1,0.0452,45.2,1250,100,0.276548673,Chl.b,15.096814182963842,Young,Grammica__Young,Grammica__Chl.b,2.7144837469244427,1566y,C_compacta__Chl.b
7/2/18,6/3/18,AS-199,Grammica,C_compacta,1566Ao,1566,o,1,0.0424,42.4,1250,100,0.294811321,Chl.b,6.81895047737148,Old,Grammica__Old,Grammica__Chl.b,1.9197055857298015,1566o,C_compacta__Chl.b
7/2/18,6/3/18,AS-200,Grammica,C_compacta,1566Eo,1566,o,1,0.0495,49.5,1250,100,0.252525253,Chl.b,4.5251641499214506,Old,Grammica__Old,Grammica__Chl.b,1.5096538748183037,1566o,C_compacta__Chl.b
7/4/18,7/4/18,AS-264,Grammica,C_compacta,1566Ao,1566,o,1,0.0408,40.8,1250,100,0.306372549,Chl.b,8.70581801414871,Old,Grammica__Old,Grammica__Chl.b,2.1639915509004597,1566o,C_compacta__Chl.b
7/4/18,7/4/18,AS-266,Grammica,C_compacta,1566Eo,1566,o,1,0.0415,41.5,1250,100,0.301204819,Chl.b,3.84354818923502,Old,Grammica__Old,Grammica__Chl.b,1.3463959735983004,1566o,C_compacta__Chl.b
6/14/18,6/14/18,AS-198,Grammica,C_compacta,1566Ah,1566,h,1,0.0523,52.3,1250,100,0.239005736,Chl.b,22.00304253034728,Haustorium,Grammica__Haustorium,Grammica__Chl.b,3.0911807451749835,1566h,C_compacta__Chl.b
7/4/18,7/4/18,AS-267,Grammica,C_compacta,1566Eh,1566,h,1,0.0517,51.7,1250,100,0.241779497,Chl.b,20.598196316547583,Haustorium,Grammica__Haustorium,Grammica__Chl.b,3.025203519367806,1566h,C_compacta__Chl.b
7/11/18,7/11/18,AS-307,Grammica,C_australis,1382Cy,1382,y,1,0.0773,77.3,1250,100,0.161707633,Chl.b,0.9889586052907599,Young,Grammica__Young,Grammica__Chl.b,0,1382y,C_australis__Chl.b
7/11/18,7/11/18,AS-311,Grammica,C_australis,1382Ay,1382,y,1,0.0152,15.2,950,100,0.625,Chl.b,20.58030625,Young,Grammica__Young,Grammica__Chl.b,3.0243346161065783,1382y,C_australis__Chl.b
6/14/18,6/14/18,AS-190,Grammica,C_australis,1382Ao,1382,o,1,0.0464,46.4,1250,100,0.269396552,Chl.b,1.7653529112904802,Old,Grammica__Old,Grammica__Chl.b,0.5683506767835199,1382o,C_australis__Chl.b
6/14/18,6/14/18,AS-194,Grammica,C_australis,1382Co,1382,o,1,0.0494,49.4,1250,100,0.253036437,Chl.b,3.45481781039328,Old,Grammica__Old,Grammica__Chl.b,1.2397697526160898,1382o,C_australis__Chl.b
7/4/18,7/4/18,AS-261,Grammica,C_australis,1382Bo,1382,o,1,0.0486,48.6,1250,100,0.257201646,Chl.b,3.31469392887438,Old,Grammica__Old,Grammica__Chl.b,1.1983653203959252,1382o,C_australis__Chl.b
7/2/18,6/3/18,AS-240,Grammica,C_australis,1382Bh,1382,h,1,0.0417,41.7,1250,100,0.299760192,Chl.b,7.78141187448768,Haustorium,Grammica__Haustorium,Grammica__Chl.b,2.051737809446748,1382h,C_australis__Chl.b
7/2/18,6/3/18,AS-246,Grammica,C_australis,1382Ch,1382,h,1,0.0469,46.9,1250,100,0.26652452,Chl.b,2.3915031959984,Haustorium,Grammica__Haustorium,Grammica__Chl.b,0.8719221623511053,1382h,C_australis__Chl.b
-,12/6/17,AS-23,Grammica,C_cephalanthii,1567Ay,1567,y,1,0.0418,41.8,2050,100,0.490430622,Chl.b,18.374135286722822,Young,Grammica__Young,Grammica__Chl.b,2.9109439902080445,1567y,C_cephalanthii__Chl.b
-,12/6/17,AS-24,Grammica,C_cephalanthii,1567Ay,1567,y,2,0.0394,39.4,2050,100,0.520304569,Chl.b,19.271774256064287,Young,Grammica__Young,Grammica__Chl.b,2.9586415568621405,1567y,C_cephalanthii__Chl.b
6/5/18,6/11/18,AS-39,Grammica,C_cephalanthii,1567Gy,1567,y,1,0.0443,44.3,2050,100,0.46275395,Chl.b,16.574194457398498,Young,Grammica__Young,Grammica__Chl.b,2.8078469410690965,1567y,C_cephalanthii__Chl.b
6/5/18,6/11/18,AS-40,Grammica,C_cephalanthii,1567Gy,1567,y,2,0.0457,45.7,2050,100,0.448577681,Chl.b,11.56944191596659,Young,Grammica__Young,Grammica__Chl.b,2.448367313246317,1567y,C_cephalanthii__Chl.b
6/5/18,6/11/18,AS-47,Grammica,C_cephalanthii,1567Fy,1567,y,1,0.043,43,2050,100,0.476744186,Chl.b,9.016295696794781,Young,Grammica__Young,Grammica__Chl.b,2.199033584184529,1567y,C_cephalanthii__Chl.b
6/5/18,6/11/18,AS-48,Grammica,C_cephalanthii,1567Fy,1567,y,2,0.0423,42.3,2050,100,0.48463357,Chl.b,12.8053128910319,Young,Grammica__Young,Grammica__Chl.b,2.549860162229135,1567y,C_cephalanthii__Chl.b
7/2/18,6/3/18,AS-222,Grammica,C_cephalanthii,1567Dy,1567,y,1,0.0269,26.9,1250,100,0.464684015,Chl.b,5.73007899788695,Young,Grammica__Young,Grammica__Chl.b,1.7457293348001237,1567y,C_cephalanthii__Chl.b
6/5/18,6/11/18,AS-31,Grammica,C_cephalanthii,1567Go,1567,o,1,0.0425,42.5,2050,100,0.482352941,Chl.b,4.608134704196449,Old,Grammica__Old,Grammica__Chl.b,1.527823177348599,1567o,C_cephalanthii__Chl.b
6/5/18,6/11/18,AS-32,Grammica,C_cephalanthii,1567Go,1567,o,2,0.0598,59.8,2050,100,0.342809365,Chl.b,4.197700674425,Old,Grammica__Old,Grammica__Chl.b,1.434536940731546,1567o,C_cephalanthii__Chl.b
6/5/18,6/11/18,AS-37,Grammica,C_cephalanthii,1567Fo,1567,o,1,0.0417,41.7,2050,100,0.491606715,Chl.b,3.1401378920625,Old,Grammica__Old,Grammica__Chl.b,1.1442667454712618,1567o,C_cephalanthii__Chl.b
6/5/18,6/11/18,AS-38,Grammica,C_cephalanthii,1567Fo,1567,o,2,0.0533,53.3,2050,100,0.384615385,Chl.b,2.8697384644082,Old,Grammica__Old,Grammica__Chl.b,1.0542209330816552,1567o,C_cephalanthii__Chl.b
6/5/18,6/11/18,AS-45,Grammica,C_cephalanthii,1567Do,1567,o,1,0.0475,47.5,2050,100,0.431578947,Chl.b,1.9726610509476001,Old,Grammica__Old,Grammica__Chl.b,0.6793834692334748,1567o,C_cephalanthii__Chl.b
6/5/18,6/11/18,AS-46,Grammica,C_cephalanthii,1567Do,1567,o,2,0.048,48,2050,100,0.427083333,Chl.b,1.9277687484954,Old,Grammica__Old,Grammica__Chl.b,0.6563632971415181,1567o,C_cephalanthii__Chl.b
6/11/18,6/11/18,AS-126,Grammica,C_cephalanthii,1567Fo,1567,o,1,0.046,46,1250,100,0.27173913,Chl.b,2.3461086918984,Old,Grammica__Old,Grammica__Chl.b,0.8527581225142995,1567o,C_cephalanthii__Chl.b
6/13/18,6/13/18,AS-127,Grammica,C_cephalanthii,1567Fo,1567,o,2,0.0499,49.9,1250,100,0.250501002,Chl.b,1.9802379759202198,Old,Grammica__Old,Grammica__Chl.b,0.6832170778418981,1567o,C_cephalanthii__Chl.b
6/13/18,6/13/18,AS-130,Grammica,C_cephalanthii,1567Go,1567,o,1,0.0496,49.6,1250,100,0.252016129,Chl.b,3.8768800398263394,Old,Grammica__Old,Grammica__Chl.b,1.355030742509664,1567o,C_cephalanthii__Chl.b
6/13/18,6/13/18,AS-131,Grammica,C_cephalanthii,1567Go,1567,o,2,0.0414,41.4,1250,100,0.301932367,Chl.b,3.5752626793860895,Old,Grammica__Old,Grammica__Chl.b,1.2740386781680129,1567o,C_cephalanthii__Chl.b
6/13/18,6/13/18,AS-132,Grammica,C_cephalanthii,1567Do,1567,o,1,0.0511,51.1,1250,100,0.244618395,Chl.b,1.1629476502213498,Old,Grammica__Old,Grammica__Chl.b,0.15095794580446295,1567o,C_cephalanthii__Chl.b
6/13/18,6/13/18,AS-133,Grammica,C_cephalanthii,1567Do,1567,o,2,0.0409,40.9,1250,100,0.305623472,Chl.b,1.5016564797942402,Old,Grammica__Old,Grammica__Chl.b,0.4065688852514786,1567o,C_cephalanthii__Chl.b
7/2/18,6/3/18,AS-214,Grammica,C_cephalanthii,1567Ao,1567,o,1,0.0422,42.2,1250,100,0.296208531,Chl.b,2.95462381710411,Old,Grammica__Old,Grammica__Chl.b,1.083371372743016,1567o,C_cephalanthii__Chl.b
7/4/18,7/4/18,AS-263,Grammica,C_cephalanthii,1567Bo,1567,o,1,0.0508,50.8,1250,100,0.246062992,Chl.b,2.86162401428288,Old,Grammica__Old,Grammica__Chl.b,1.0513893357802824,1567o,C_cephalanthii__Chl.b
6/13/18,6/13/18,AS-134,Grammica,C_cephalanthii,1567Gh,1567,h,1,0.0406,40.6,1250,100,0.307881773,Chl.b,18.04670256281837,Haustorium,Grammica__Haustorium,Grammica__Chl.b,2.892962990131038,1567h,C_cephalanthii__Chl.b
6/13/18,6/13/18,AS-135,Grammica,C_cephalanthii,1567Gh,1567,h,2,0.0512,51.2,1250,100,0.244140625,Chl.b,21.87084228515625,Haustorium,Grammica__Haustorium,Grammica__Chl.b,3.0851543517866755,1567h,C_cephalanthii__Chl.b
7/2/18,6/3/18,AS-236,Grammica,C_cephalanthii,1567Dh,1567,h,1,0.0475,47.5,1250,100,0.263157895,Chl.b,3.6456789510140992,Haustorium,Grammica__Haustorium,Grammica__Chl.b,1.2935426446840823,1567h,C_cephalanthii__Chl.b
7/2/18,6/3/18,AS-237,Grammica,C_cephalanthii,1567Fh,1567,h,1,0.0492,49.2,1250,100,0.254065041,Chl.b,13.41351881927001,Haustorium,Grammica__Haustorium,Grammica__Chl.b,2.5962630729573313,1567h,C_cephalanthii__Chl.b
6/11/18,6/11/18,AS-122,Grammica,C_cephalanthii,1567Df,1567,f,1,0.0465,46.5,1250,100,0.268817204,Chl.b,24.620561800381957,Flower,Grammica__Flower,Grammica__Chl.b,3.203581943419587,1567f,C_cephalanthii__Chl.b
6/11/18,6/11/18,AS-123,Grammica,C_cephalanthii,1567Df,1567,f,2,0.0415,41.5,1250,100,0.301204819,Chl.b,26.39898190342378,Flower,Grammica__Flower,Grammica__Chl.b,3.2733254489324244,1567f,C_cephalanthii__Chl.b
6/13/18,6/13/18,AS-169,Grammica,C_cephalanthii,1567Gs,1567,s,1,0.0496,49.6,1250,100,0.252016129,Chl.b,21.82550906978698,Seed,Grammica__Seed,Grammica__Chl.b,3.0830794311115852,1567s,C_cephalanthii__Chl.b
6/14/18,6/14/18,AS-175,Grammica,C_cephalanthii,1567Fs,1567,s,1,0.0448,44.8,1250,100,0.279017857,Chl.b,21.35760043549348,Seed,Grammica__Seed,Grammica__Chl.b,3.0614076733013613,1567s,C_cephalanthii__Chl.b
7/2/18,6/3/18,AS-208,Grammica,C_cephalanthii,1567Ds,1567,s,1,0.0575,57.5,1250,100,0.217391304,Chl.b,36.554939071946876,Seed,Grammica__Seed,Grammica__Chl.b,3.5988163117293106,1567s,C_cephalanthii__Chl.b
7/2/18,6/3/18,AS-215,Grammica,C_cephalanthii,1567Cs,1567,s,1,0.029,29,1250,100,0.431034483,Chl.b,15.461400870727351,Seed,Grammica__Seed,Grammica__Chl.b,2.7383466581174813,1567s,C_cephalanthii__Chl.b
7/2/18,6/3/18,AS-216,Grammica,C_cephalanthii,1567Bs,1567,s,1,0.0541,54.1,1250,100,0.231053604,Chl.b,26.6113793397762,Seed,Grammica__Seed,Grammica__Chl.b,3.2813389227957965,1567s,C_cephalanthii__Chl.b
6/13/18,6/13/18,AS-136,Grammica,C_costaricensis,CUCOAy,CUCO,y,1,0.0495,49.5,1250,100,0.252525253,Chl.b,2.5607020250161403,Young,Grammica__Young,Grammica__Chl.b,0.9402814884714226,CUCOy,C_costaricensis__Chl.b
6/13/18,6/13/18,AS-137,Grammica,C_costaricensis,CUCOAy,CUCO,y,2,0.0408,40.8,1250,100,0.306372549,Chl.b,2.91321384785277,Young,Grammica__Young,Grammica__Chl.b,1.0692569211617673,CUCOy,C_costaricensis__Chl.b
6/13/18,6/13/18,AS-158,Grammica,C_costaricensis,CUCOCy,CUCO,y,1,0.042,42,1250,100,0.297619048,Chl.b,5.554232149966561,Young,Grammica__Young,Grammica__Chl.b,1.7145602047129715,CUCOy,C_costaricensis__Chl.b
6/13/18,6/13/18,AS-159,Grammica,C_costaricensis,CUCOCy,CUCO,y,2,0.0483,48.3,1250,100,0.258799172,Chl.b,5.564777436095601,Young,Grammica__Young,Grammica__Chl.b,1.7164570083840984,CUCOy,C_costaricensis__Chl.b
6/13/18,6/13/18,AS-164,Grammica,C_costaricensis,CUCOBy,CUCO,y,1,0.0448,44.8,1250,100,0.279017857,Chl.b,5.7618582559785,Young,Grammica__Young,Grammica__Chl.b,1.7512600539197984,CUCOy,C_costaricensis__Chl.b
6/5/18,6/11/18,AS-61,Grammica,C_costaricensis,CUCOCo,CUCO,o,1,0.0459,45.9,2050,100,0.446623094,Chl.b,2.5514594789413203,Old,Grammica__Old,Grammica__Chl.b,0.93666557931971,CUCOo,C_costaricensis__Chl.b
6/5/18,6/11/18,AS-62,Grammica,C_costaricensis,CUCOCo,CUCO,o,2,0.0433,43.3,2050,100,0.473441109,Chl.b,2.5495845290089805,Old,Grammica__Old,Grammica__Chl.b,0.9359304553175091,CUCOo,C_costaricensis__Chl.b
6/5/18,6/11/18,AS-77,Grammica,C_costaricensis,CUCOBo,CUCO,o,1,0.044,44,2050,100,0.465909091,Chl.b,3.30302056882631,Old,Grammica__Old,Grammica__Chl.b,1.1948374039810539,CUCOo,C_costaricensis__Chl.b
6/5/18,6/11/18,AS-78,Grammica,C_costaricensis,CUCOBo,CUCO,o,2,0.0468,46.8,2050,100,0.438034188,Chl.b,2.9617813031876397,Old,Grammica__Old,Grammica__Chl.b,1.0857909127129182,CUCOo,C_costaricensis__Chl.b
6/11/18,6/11/18,AS-79,Grammica,C_costaricensis,CUCOBo,CUCO,o,3,0.0411,41.1,1250,100,0.304136253,Chl.b,2.5188503646209406,Old,Grammica__Old,Grammica__Chl.b,0.923802632615543,CUCOo,C_costaricensis__Chl.b
6/11/18,6/11/18,AS-80,Grammica,C_costaricensis,CUCOBo,CUCO,o,4,0.046,46,1250,100,0.27173913,Chl.b,2.4041277135446997,Old,Grammica__Old,Grammica__Chl.b,0.8771871822915496,CUCOo,C_costaricensis__Chl.b
6/13/18,6/13/18,AS-138,Grammica,C_costaricensis,CUCOAo,CUCO,o,1,0.048,48,1250,100,0.260416667,Chl.b,2.2727369820757697,Old,Grammica__Old,Grammica__Chl.b,0.8209848681738544,CUCOo,C_costaricensis__Chl.b
6/13/18,6/13/18,AS-139,Grammica,C_costaricensis,CUCOAo,CUCO,o,2,0.0491,49.1,1250,100,0.254582485,Chl.b,1.9198981690796002,Old,Grammica__Old,Grammica__Chl.b,0.6522721997815684,CUCOo,C_costaricensis__Chl.b
6/5/18,6/11/18,AS-57,Grammica,C_costaricensis,CUCOCh,CUCO,h,1,0.0402,40.2,2050,100,0.509950249,Chl.b,7.09007798846403,Haustorium,Grammica__Haustorium,Grammica__Chl.b,1.958696354371117,CUCOh,C_costaricensis__Chl.b
6/5/18,6/11/18,AS-58,Grammica,C_costaricensis,CUCOCh,CUCO,h,2,0.0432,43.2,2050,100,0.474537037,Chl.b,7.00105844852765,Haustorium,Grammica__Haustorium,Grammica__Chl.b,1.9460613588407731,CUCOh,C_costaricensis__Chl.b
6/5/18,6/11/18,AS-67,Grammica,C_costaricensis,CUCOBh,CUCO,h,1,0.0463,46.3,2050,100,0.442764579,Chl.b,9.08381566215927,Haustorium,Grammica__Haustorium,Grammica__Chl.b,2.2064943424611596,CUCOh,C_costaricensis__Chl.b
6/5/18,6/11/18,AS-68,Grammica,C_costaricensis,CUCOBh,CUCO,h,2,0.0412,41.2,2050,100,0.497572816,Chl.b,11.00702719477504,Haustorium,Grammica__Haustorium,Grammica__Chl.b,2.398533913803333,CUCOh,C_costaricensis__Chl.b
6/13/18,6/13/18,AS-140,Grammica,C_costaricensis,CUCOAh,CUCO,h,1,0.044,44,1250,100,0.284090909,Chl.b,10.01045738316029,Haustorium,Grammica__Haustorium,Grammica__Chl.b,2.303630294896212,CUCOh,C_costaricensis__Chl.b
6/13/18,6/13/18,AS-141,Grammica,C_costaricensis,CUCOAh,CUCO,h,2,0.0438,43.8,1250,100,0.285388128,Chl.b,10.39506849847296,Haustorium,Grammica__Haustorium,Grammica__Chl.b,2.3413315204678997,CUCOh,C_costaricensis__Chl.b
6/5/18,6/11/18,AS-71,Grammica,C_tasmanica,1715Cy,17-15,y,1,0.049,49,2050,100,0.418367347,Chl.b,3.9137637760829502,Young,Grammica__Young,Grammica__Chl.b,1.3644995391221262,17-15y,C_tasmanica__Chl.b
6/5/18,6/11/18,AS-72,Grammica,C_tasmanica,1715Cy,17-15,y,2,0.044,44,2050,100,0.465909091,Chl.b,4.36367659176054,Young,Grammica__Young,Grammica__Chl.b,1.4733149799286052,17-15y,C_tasmanica__Chl.b
6/11/18,6/11/18,AS-89,Grammica,C_tasmanica,1715Ay,17-15,y,1,0.0478,47.8,1250,100,0.261506276,Chl.b,3.3800339938689996,Young,Grammica__Young,Grammica__Chl.b,1.2178857963875456,17-15y,C_tasmanica__Chl.b
6/11/18,6/11/18,AS-90,Grammica,C_tasmanica,1715Ay,17-15,y,2,0.0485,48.5,1250,100,0.257731959,Chl.b,3.0056262914249703,Young,Grammica__Young,Grammica__Chl.b,1.100485995989993,17-15y,C_tasmanica__Chl.b
6/11/18,6/11/18,AS-93,Grammica,C_tasmanica,1715By,17-15,y,1,0.0515,51.5,1250,100,0.242718447,Chl.b,5.35115534858172,Young,Grammica__Young,Grammica__Chl.b,1.6773125092869035,17-15y,C_tasmanica__Chl.b
6/11/18,6/11/18,AS-94,Grammica,C_tasmanica,1715By,17-15,y,2,0.0515,51.5,1250,100,0.242718447,Chl.b,4.467718453929,Young,Grammica__Young,Grammica__Chl.b,1.4968778877119389,17-15y,C_tasmanica__Chl.b
6/13/18,6/13/18,AS-142,Grammica,C_tasmanica,1715Dy,17-15,y,1,0.045,45,1250,100,0.277777778,Chl.b,1.47203611228874,Young,Grammica__Young,Grammica__Chl.b,0.38664662074372447,17-15y,C_tasmanica__Chl.b
6/13/18,6/13/18,AS-143,Grammica,C_tasmanica,1715Dy,17-15,y,2,0.0498,49.8,1250,100,0.251004016,Chl.b,1.4792243972116799,Young,Grammica__Young,Grammica__Chl.b,0.39151796207565603,17-15y,C_tasmanica__Chl.b
6/5/18,6/11/18,AS-69,Grammica,C_tasmanica,1715Co,17-15,o,1,0.048,48,2050,100,0.427083333,Chl.b,2.12643083167368,Old,Grammica__Old,Grammica__Chl.b,0.7544449553692011,17-15o,C_tasmanica__Chl.b
6/5/18,6/11/18,AS-70,Grammica,C_tasmanica,1715Co,17-15,o,2,0.0481,48.1,2050,100,0.426195426,Chl.b,2.3200587307449,Old,Grammica__Old,Grammica__Chl.b,0.8415925434364062,17-15o,C_tasmanica__Chl.b
6/11/18,6/11/18,AS-91,Grammica,C_tasmanica,1715Bo,17-15,o,1,0.0492,49.2,1250,100,0.254065041,Chl.b,1.57794207534198,Old,Grammica__Old,Grammica__Chl.b,0.4561215774822902,17-15o,C_tasmanica__Chl.b
6/11/18,6/11/18,AS-92,Grammica,C_tasmanica,1715Bo,17-15,o,2,0.0498,49.8,1250,100,0.251004016,Chl.b,1.45623493938624,Old,Grammica__Old,Grammica__Chl.b,0.3758543648962626,17-15o,C_tasmanica__Chl.b
6/11/18,6/11/18,AS-95,Grammica,C_tasmanica,1715Ao,17-15,o,1,0.0418,41.8,1250,100,0.299043062,Chl.b,1.42368121913898,Old,Grammica__Old,Grammica__Chl.b,0.3532459952049719,17-15o,C_tasmanica__Chl.b
6/11/18,6/11/18,AS-96,Grammica,C_tasmanica,1715Ao,17-15,o,2,0.0472,47.2,1250,100,0.264830508,Chl.b,1.3276615442310002,Old,Grammica__Old,Grammica__Chl.b,0.2834192326201501,17-15o,C_tasmanica__Chl.b
6/11/18,6/11/18,AS-110,Grammica,C_tasmanica,1715Bo,17-15,o,1,0.0523,52.3,1250,100,0.239005736,Chl.b,2.26159416695736,Old,Grammica__Old,Grammica__Chl.b,0.8160699924441543,17-15o,C_tasmanica__Chl.b
6/11/18,6/11/18,AS-111,Grammica,C_tasmanica,1715Bo,17-15,o,2,0.0466,46.6,1250,100,0.268240343,Chl.b,1.7015692038033499,Old,Grammica__Old,Grammica__Chl.b,0.5315509451333643,17-15o,C_tasmanica__Chl.b
6/13/18,6/13/18,AS-144,Grammica,C_tasmanica,1715Do,17-15,o,1,0.0505,50.5,1250,100,0.247524752,Chl.b,2.00730940208656,Old,Grammica__Old,Grammica__Chl.b,0.6967952692285772,17-15o,C_tasmanica__Chl.b
6/13/18,6/13/18,AS-145,Grammica,C_tasmanica,1715Do,17-15,o,2,0.041,41,1250,100,0.304878049,Chl.b,2.24954878210748,Old,Grammica__Old,Grammica__Chl.b,0.8107296992730301,17-15o,C_tasmanica__Chl.b
7/10/18,7/11/18,AS-273,Grammica,C_tasmanica,1715o,17-15,o,1,0.0447,44.7,1250,100,0.279642058,Chl.b,0,Old,Grammica__Old,Grammica__Chl.b,0,17-15o,C_tasmanica__Chl.b
6/13/18,6/13/18,AS-150,Grammica,C_tasmanica,1715Dh,17-15,h,1,0.0406,40.6,1250,100,0.307881773,Chl.b,6.10705356351383,Haustorium,Grammica__Haustorium,Grammica__Chl.b,1.8094444414160518,17-15h,C_tasmanica__Chl.b
6/13/18,6/13/18,AS-151,Grammica,C_tasmanica,1715Dh,17-15,h,2,0.0433,43.3,1250,100,0.288683603,Chl.b,5.880889150154201,Haustorium,Grammica__Haustorium,Grammica__Chl.b,1.7717079834953973,17-15h,C_tasmanica__Chl.b
6/13/18,6/13/18,AS-166,Grammica,C_tasmanica,1715Ch,17-15,h,1,0.052,52,1250,100,0.240384615,Chl.b,4.3930721083557,Haustorium,Grammica__Haustorium,Grammica__Chl.b,1.4800288019984813,17-15h,C_tasmanica__Chl.b
6/14/18,6/14/18,AS-180,Grammica,C_tasmanica,1715Ah,17-15,h,1,0.0467,46.7,1250,100,0.267665953,Chl.b,3.85860546195975,Haustorium,Grammica__Haustorium,Grammica__Chl.b,1.3503058648307154,17-15h,C_tasmanica__Chl.b
6/14/18,6/14/18,AS-181,Grammica,C_tasmanica,1715Bh,17-15,h,1,0.0419,41.9,1250,100,0.298329356,Chl.b,5.45736575895004,Haustorium,Grammica__Haustorium,Grammica__Chl.b,1.696966229927802,17-15h,C_tasmanica__Chl.b
6/5/18,6/11/18,AS-59,Grammica,C_tasmanica,1715Bf,17-15,f,1,0.0417,41.7,2050,100,0.491606715,Chl.b,7.64108741584935,Flower,Grammica__Flower,Grammica__Chl.b,2.0335399380547994,17-15f,C_tasmanica__Chl.b
6/5/18,6/11/18,AS-60,Grammica,C_tasmanica,1715Bf,17-15,f,2,0.0475,47.5,2050,100,0.431578947,Chl.b,7.207994204373151,Flower,Grammica__Flower,Grammica__Chl.b,1.9751907301244191,17-15f,C_tasmanica__Chl.b
6/11/18,6/11/18,AS-97,Grammica,C_tasmanica,1715Df,17-15,f,1,0.0475,47.5,1250,100,0.263157895,Chl.b,4.72281316261755,Flower,Grammica__Flower,Grammica__Chl.b,1.5524046522575865,17-15f,C_tasmanica__Chl.b
6/11/18,6/11/18,AS-98,Grammica,C_tasmanica,1715Df,17-15,f,1,0.0413,41.3,1250,100,0.302663438,Chl.b,4.82140738089934,Flower,Grammica__Flower,Grammica__Chl.b,1.5730658939216695,17-15f,C_tasmanica__Chl.b
6/13/18,6/13/18,AS-148,Grammica,C_tasmanica,1715Af,17-15,f,1,0.0419,41.9,1250,100,0.298329356,Chl.b,6.17515215607316,Flower,Grammica__Flower,Grammica__Chl.b,1.8205335390640187,17-15f,C_tasmanica__Chl.b
6/13/18,6/13/18,AS-149,Grammica,C_tasmanica,1715Af,17-15,f,2,0.0514,51.4,1250,100,0.243190661,Chl.b,5.39310067032023,Flower,Grammica__Flower,Grammica__Chl.b,1.685120501572738,17-15f,C_tasmanica__Chl.b
7/4/18,7/4/18,AS-262,Grammica,C_tasmanica,1715Cf,17-15,f,1,0.0524,52.4,1250,100,0.238549618,Chl.b,7.40817747095944,Flower,Grammica__Flower,Grammica__Chl.b,2.00258446721851,17-15f,C_tasmanica__Chl.b
6/11/18,6/11/18,AS-99,Grammica,C_californica,17105Ay,ss17-105,y,2,0.0395,39.5,1250,100,0.316455696,Chl.b,5.547879743284801,Young,Grammica__Young,Grammica__Chl.b,1.7134158445548968,ss17-105y,C_californica__Chl.b
6/13/18,6/13/18,AS-154,Grammica,C_californica,17105Cy,ss17-105,y,1,0.0415,41.5,1250,100,0.301204819,Chl.b,5.25777710359658,Young,Grammica__Young,Grammica__Chl.b,1.6597083525679004,ss17-105y,C_californica__Chl.b
6/13/18,6/13/18,AS-155,Grammica,C_californica,17105Cy,ss17-105,y,2,0.0323,32.3,1250,100,0.386996904,Chl.b,5.04849458172024,Young,Grammica__Young,Grammica__Chl.b,1.6190901160240767,ss17-105y,C_californica__Chl.b
6/13/18,6/13/18,AS-172,Grammica,C_californica,17105By,ss17-105,y,1,0.0162,16.2,1250,100,0.771604938,Chl.b,5.4982253067066,Young,Grammica__Young,Grammica__Chl.b,1.7044253868485688,ss17-105y,C_californica__Chl.b
7/10/18,7/11/18,AS-272,Grammica,C_californica,17105Dy,ss17-105,y,1,0.0518,51.8,1250,100,0.241312741,Chl.b,7.36369207539874,Young,Grammica__Young,Grammica__Chl.b,1.9965614612204825,ss17-105y,C_californica__Chl.b
7/11/18,7/11/18,AS-312,Grammica,C_californica,17105Ey,ss17-105,y,1,0.0168,16.8,950,100,0.56547619,Chl.b,12.182313680217401,Young,Grammica__Young,Grammica__Chl.b,2.499985209775674,ss17-105y,C_californica__Chl.b
6/5/18,6/11/18,AS-63,Grammica,C_californica,17105Do,ss17-105,o,1,0.049,49,2050,100,0.418367347,Chl.b,2.92324979634616,Old,Grammica__Old,Grammica__Chl.b,1.0726959755798653,ss17-105o,C_californica__Chl.b
6/5/18,6/11/18,AS-64,Grammica,C_californica,17105Do,ss17-105,o,2,0.0442,44.2,2050,100,0.463800905,Chl.b,3.2348211540039498,Old,Grammica__Old,Grammica__Chl.b,1.1739736726408303,ss17-105o,C_californica__Chl.b
6/11/18,6/11/18,AS-102,Grammica,C_californica,17105Ao,ss17-105,o,1,0.0448,44.8,1250,100,0.279017857,Chl.b,3.8764843730152396,Old,Grammica__Old,Grammica__Chl.b,1.3549286792555284,ss17-105o,C_californica__Chl.b
6/11/18,6/11/18,AS-103,Grammica,C_californica,17105Ao,ss17-105,o,2,0.0492,49.2,1250,100,0.254065041,Chl.b,3.56649390734652,Old,Grammica__Old,Grammica__Chl.b,1.2715830424728085,ss17-105o,C_californica__Chl.b
6/13/18,6/13/18,AS-146,Grammica,C_californica,17105Co,ss17-105,o,1,0.0465,46.5,1250,100,0.268817204,Chl.b,5.08877149967692,Old,Grammica__Old,Grammica__Chl.b,1.6270364654198866,ss17-105o,C_californica__Chl.b
6/13/18,6/13/18,AS-147,Grammica,C_californica,17105Co,ss17-105,o,2,0.0465,46.5,1250,100,0.268817204,Chl.b,3.9371075224721594,Old,Grammica__Old,Grammica__Chl.b,1.370446347750575,ss17-105o,C_californica__Chl.b
6/13/18,6/13/18,AS-171,Grammica,C_californica,17105Bo,ss17-105,o,1,0.0506,50.6,1250,100,0.247035573,Chl.b,1.53298418896296,Old,Grammica__Old,Grammica__Chl.b,0.42721635128070895,ss17-105o,C_californica__Chl.b
6/13/18,6/13/18,AS-152,Grammica,C_californica,17105Ch,ss17-105,h,1,0.0448,44.8,1250,100,0.279017857,Chl.b,15.41138950103794,Haustorium,Grammica__Haustorium,Grammica__Chl.b,2.7351068205447353,ss17-105h,C_californica__Chl.b
6/13/18,6/13/18,AS-153 ,Grammica,C_californica,17105Ch,ss17-105,h,2,0.0152,15.2,1250,100,0.822368421,Chl.b,12.35134045973583,Haustorium,Grammica__Haustorium,Grammica__Chl.b,2.51376460453018,ss17-105h,C_californica__Chl.b
6/13/18,6/13/18,AS-156,Grammica,C_californica,17105Ah,ss17-105,h,1,0.0448,44.8,1250,100,0.279017857,Chl.b,6.68354073318517,Haustorium,Grammica__Haustorium,Grammica__Chl.b,1.8996479119618863,ss17-105h,C_californica__Chl.b
6/13/18,6/13/18,AS-157,Grammica,C_californica,17105Ah,ss17-105,h,2,0.0429,42.9,1250,100,0.291375291,Chl.b,6.909458033058659,Haustorium,Grammica__Haustorium,Grammica__Chl.b,1.9328912169129424,ss17-105h,C_californica__Chl.b
6/13/18,6/13/18,AS-167,Grammica,C_californica,17105Bh,ss17-105,h,1,0.05,50,1250,100,0.25,Chl.b,6.0520825,Haustorium,Grammica__Haustorium,Grammica__Chl.b,1.800402444213672,ss17-105h,C_californica__Chl.b
7/2/18,6/3/18,AS-239,Grammica,C_californica,17105Eh,ss17-105,h,1,0.0431,43.1,1250,100,0.290023202,Chl.b,5.23178074505436,Haustorium,Grammica__Haustorium,Grammica__Chl.b,1.654751725864438,ss17-105h,C_californica__Chl.b
7/10/18,7/11/18,AS-298,Grammica,C_californica,17105Dh,ss17-105,h,1,0.0455,45.5,1250,100,0.274725275,Chl.b,1.39700274864975,Haustorium,Grammica__Haustorium,Grammica__Chl.b,0.33432911939210874,ss17-105h,C_californica__Chl.b
6/14/18,6/14/18,AS-179,Grammica,C_californica,17105Cf,ss17-105,f,1,0.0459,45.9,1250,100,0.272331155,Chl.b,10.100128007358851,Flower,Grammica__Flower,Grammica__Chl.b,2.3125481076636896,ss17-105f,C_californica__Chl.b
7/4/18,7/4/18,AS-251,Grammica,C_californica,17105Af,ss17-105,f,1,0.0549,54.9,1250,100,0.227686703,Chl.b,11.60673269088931,Flower,Grammica__Flower,Grammica__Chl.b,2.451585342745536,ss17-105f,C_californica__Chl.b
7/4/18,7/4/18,AS-252,Grammica,C_californica,17105Bf,ss17-105,f,1,0.0456,45.6,1250,100,0.274122807,Chl.b,10.452055920383701,Flower,Grammica__Flower,Grammica__Chl.b,2.346798707420476,ss17-105f,C_californica__Chl.b
7/4/18,7/4/18,AS-253,Grammica,C_californica,17105Bf,ss17-105,f,2,0.0521,52.1,1250,100,0.239923225,Chl.b,11.82388917675325,Flower,Grammica__Flower,Grammica__Chl.b,2.4701219998819983,ss17-105f,C_californica__Chl.b
7/10/18,7/11/18,AS-279,Grammica,C_californica,17105Df,ss17-105,f,1,0.0484,48.4,1250,100,0.258264463,Chl.b,12.02815341794363,Flower,Grammica__Flower,Grammica__Chl.b,2.4872500284255787,ss17-105f,C_californica__Chl.b
7/10/18,7/11/18,AS-280,Grammica,C_californica,17105Ef,ss17-105,f,1,0.0462,46.2,1250,100,0.270562771,Chl.b,15.45999461372794,Flower,Grammica__Flower,Grammica__Chl.b,2.7382557012270015,ss17-105f,C_californica__Chl.b
6/5/18,6/11/18,AS-73,Grammica,C_californica,17105Eo,ss17-105,o,1,0.0481,48.1,2050,100,0.426195426,Chl.b,3.15534209834526,Old,Grammica__Old,Grammica__Chl.b,1.1490969523446197,ss17-105o,C_californica__Chl.b
6/5/18,6/11/18,AS-74,Grammica,C_californica,17105Eo,ss17-105,o,2,0.0476,47.6,2050,100,0.430672269,Chl.b,3.01856470653024,Old,Grammica__Old,Grammica__Chl.b,1.1047814888036427,ss17-105o,C_californica__Chl.b
6/11/18,6/11/18,AS-104,Grammica,C_indecora,1677Dy,ss16-17,y,1,0.0464,46.4,1250,100,0.269396552,Chl.b,3.34929418446416,Young,Grammica__Young,Grammica__Chl.b,1.2087496622907732,ss16-17y,C_indecora__Chl.b
6/11/18,6/11/18,AS-105,Grammica,C_indecora,1677Dy,ss16-17,y,2,0.0431,43.1,1250,100,0.290023202,Chl.b,3.7382395610189,Young,Grammica__Young,Grammica__Chl.b,1.3186148217504183,ss16-17y,C_indecora__Chl.b
6/11/18,6/11/18,AS-106,Grammica,C_indecora,1677By,ss16-17,y,1,0.0505,50.5,1250,100,0.247524752,Chl.b,3.34270048863152,Young,Grammica__Young,Grammica__Chl.b,1.206779039751012,ss16-17y,C_indecora__Chl.b
6/11/18,6/11/18,AS-107,Grammica,C_indecora,1677By,ss16-17,y,2,0.051,51,1250,100,0.245098039,Chl.b,3.4588406832307297,Young,Grammica__Young,Grammica__Chl.b,1.2409334991849439,ss16-17y,C_indecora__Chl.b
6/11/18,6/11/18,AS-100,Grammica,C_indecora,1677Do,ss16-17,o,1,0.0497,49.7,1250,100,0.251509054,Chl.b,1.0539989925978,Old,Grammica__Old,Grammica__Chl.b,0.05259158920589677,ss16-17o,C_indecora__Chl.b
6/11/18,6/11/18,AS-101,Grammica,C_indecora,1677Do,ss16-17,o,2,0.043,43,1250,100,0.290697674,Chl.b,1.2742499981650801,Old,Grammica__Old,Grammica__Chl.b,0.24235784727554702,ss16-17o,C_indecora__Chl.b
6/14/18,6/14/18,AS-188,Grammica,C_indecora,1677Co,ss16-17,o,1,0.0495,49.5,1250,100,0.252525253,Chl.b,1.19707323457373,Old,Grammica__Old,Grammica__Chl.b,0.17987969000723897,ss16-17o,C_indecora__Chl.b
7/11/18,7/11/18,AS-308,Grammica,C_indecora,1677Bo,ss16-17,o,1,0.0472,47.2,1250,100,0.264830508,Chl.b,2.63333156307768,Old,Grammica__Old,Grammica__Chl.b,0.9682498365303662,ss16-17o,C_indecora__Chl.b
7/2/18,6/3/18,AS-223,Grammica,C_indecora,1677Dh,ss16-17,h,1,0.0416,41.6,1250,100,0.300480769,Chl.b,2.01263521480045,Haustorium,Grammica__Haustorium,Grammica__Chl.b,0.6994449652181897,ss16-17h,C_indecora__Chl.b
7/10/18,7/11/18,AS-283,Grammica,C_indecora,1677Bh,ss16-17,h,1,0.0454,45.4,1250,100,0.275330396,Chl.b,2.80416574405308,Haustorium,Grammica__Haustorium,Grammica__Chl.b,1.0311061129486654,ss16-17h,C_indecora__Chl.b
6/14/18,6/14/18,AS-189,Grammica,C_indecora,1677Df,ss16-17,f,1,0.0435,43.5,1250,100,0.287356322,Chl.b,7.1404310384814,Flower,Grammica__Flower,Grammica__Chl.b,1.9657731580692928,ss16-17f,C_indecora__Chl.b
6/14/18,6/14/18,AS-195,Grammica,C_indecora,1677Af,ss16-17,f,1,0.054,54,1250,100,0.231481481,Chl.b,6.3311342460905,Flower,Grammica__Flower,Grammica__Chl.b,1.8454794216954729,ss16-17f,C_indecora__Chl.b
7/2/18,6/3/18,AS-243,Grammica,C_indecora,1677Bf,ss16-17,f,1,0.0441,44.1,1250,100,0.283446712,Chl.b,10.33444160931592,Flower,Grammica__Flower,Grammica__Chl.b,2.335482172256722,ss16-17f,C_indecora__Chl.b
7/2/18,6/3/18,AS-204,Grammica,C_denticulata,1346Dy,ss13-46,y,1,0.0447,44.7,1250,100,0.279642058,Chl.b,7.495928407195521,Young,Grammica__Young,Grammica__Chl.b,2.014360007430063,ss13-46y,C_denticulata__Chl.b
7/4/18,7/4/18,AS-268,Grammica,C_denticulata,1346Dy,ss13-46,y,1,0.0427,42.7,1250,100,0.292740047,Chl.b,8.50818794380659,Young,Grammica__Young,Grammica__Chl.b,2.141028999092639,ss13-46y,C_denticulata__Chl.b
7/10/18,7/11/18,AS-278,Grammica,C_denticulata,1346By,ss13-46,y,1,0.0437,43.7,1250,100,0.28604119,Chl.b,4.0525200238559,Young,Grammica__Young,Grammica__Chl.b,1.399338940403372,ss13-46y,C_denticulata__Chl.b
7/10/18,7/11/18,AS-289,Grammica,C_denticulata,1346Ay,ss13-46,y,1,0.0426,42.6,1250,100,0.29342723,Chl.b,4.7182951870385,Young,Grammica__Young,Grammica__Chl.b,1.5514475663602758,ss13-46y,C_denticulata__Chl.b
7/10/18,7/11/18,AS-292,Grammica,C_denticulata,1346Cy,ss13-46,y,1,0.0516,51.6,1350,100,0.261627907,Chl.b,4.80408226786889,Young,Grammica__Young,Grammica__Chl.b,1.5694660497553665,ss13-46y,C_denticulata__Chl.b
7/10/18,7/11/18,AS-294,Grammica,C_denticulata,1346Dy,ss13-46,y,1,0.0493,49.3,1250,100,0.253549696,Chl.b,11.523770295776,Young,Grammica__Young,Grammica__Chl.b,2.4444118930196312,ss13-46y,C_denticulata__Chl.b
7/11/18,7/11/18,AS-315,Grammica,C_denticulata,1346y (trial) ,ss13-46,y,1,0.0461,46.1,1250,100,0.271149675,Chl.b,2.8657022816692495,Young,Grammica__Young,Grammica__Chl.b,1.0528134795159474,ss13-46y,C_denticulata__Chl.b
6/13/18,6/13/18,AS-170,Grammica,C_denticulata,1346Ao,ss13-46,o,1,0.0493,49.3,1250,100,0.253549696,Chl.b,1.0888590274841599,Old,Grammica__Old,Grammica__Chl.b,0.08513047606448149,ss13-46o,C_denticulata__Chl.b
7/2/18,6/3/18,AS-233,Grammica,C_denticulata,1346Do,ss13-46,o,1,0.0465,46.5,1250,100,0.268817204,Chl.b,2.5738870938914395,Old,Grammica__Old,Grammica__Chl.b,0.945417282996581,ss13-46o,C_denticulata__Chl.b
7/4/18,7/4/18,AS-257,Grammica,C_denticulata,1346Bo,ss13-46,o,1,0.0493,49.3,1250,100,0.253549696,Chl.b,1.6241810361459201,Old,Grammica__Old,Grammica__Chl.b,0.48500377255535865,ss13-46o,C_denticulata__Chl.b
7/4/18,7/4/18,AS-269,Grammica,C_denticulata,1346Ao,ss13-46,o,1,0.0447,44.7,1250,100,0.279642058,Chl.b,2.0218260614429004,Old,Grammica__Old,Grammica__Chl.b,0.7040011433330529,ss13-46o,C_denticulata__Chl.b
7/10/18,7/11/18,AS-293,Grammica,C_denticulata,1346Do,ss13-46,o,1,0.051,51,1250,100,0.245098039,Chl.b,2.5455465663873698,Old,Grammica__Old,Grammica__Chl.b,0.9343454270884445,ss13-46o,C_denticulata__Chl.b
6/14/18,6/14/18,AS-176,Grammica,C_denticulata,1346Ah,ss13-46,h,1,0.0499,49.9,1250,100,0.250501002,Chl.b,1.9140656312318998,Haustorium,Grammica__Haustorium,Grammica__Chl.b,0.6492296347774937,ss13-46h,C_denticulata__Chl.b
7/4/18,7/4/18,AS-256,Grammica,C_denticulata,1346Bh,ss13-46,h,1,0.0505,50.5,1250,100,0.247524752,Chl.b,3.44257672606352,Haustorium,Grammica__Haustorium,Grammica__Chl.b,1.2362202683109478,ss13-46h,C_denticulata__Chl.b
7/10/18,7/11/18,AS-277,Grammica,C_denticulata,13466Dh,ss13-46,h,1,0.0425,42.5,1250,100,0.294117647,Chl.b,12.177397056388049,Haustorium,Grammica__Haustorium,Grammica__Chl.b,2.4995815412831446,ss13-46h,C_denticulata__Chl.b
7/10/18,7/11/18,AS-291,Grammica,C_denticulata,1346Ch,ss13-46,h,1,0.0428,42.8,1250,100,0.292056075,Chl.b,8.304485987952,Haustorium,Grammica__Haustorium,Grammica__Chl.b,2.1167958613134155,ss13-46h,C_denticulata__Chl.b
7/10/18,7/11/18,AS-274,Grammica,C_denticulata,1346Cf,ss13-46,f,1,0.045,45,1250,100,0.277777778,Chl.b,14.56278334498356,Flower,Grammica__Flower,Grammica__Chl.b,2.6784691951697033,ss13-46f,C_denticulata__Chl.b
7/10/18,7/11/18,AS-290,Grammica,C_denticulata,1346Af,ss13-46,f,1,0.0421,42.1,1250,100,0.296912114,Chl.b,8.66690023711368,Flower,Grammica__Flower,Grammica__Chl.b,2.1595112109645602,ss13-46f,C_denticulata__Chl.b
-,12/6/17,AS-01,Grammica,C_sandwichiana,155sdlg,155,sdlg,1,0.0344,34.4,2050,100,0.595930233,Chl.a,17.00497050679461,Seedling,Grammica__Seedling,Grammica__Chl.a,2.8335056899539666,155sdlg,C_sandwichiana__Chl.a
-,12/6/17,AS-06,Grammica,C_sandwichiana,155sdlg,155,sdlg,2,0.0328,32.8,2050,100,0.625,Chl.a,17.614,Seedling,Grammica__Seedling,Grammica__Chl.a,2.86869404606057,155sdlg,C_sandwichiana__Chl.a
6/14/18,6/14/18,AS-197,Grammica,C_sandwichiana,155Cy,155,y,1,0.0435,43.5,1250,100,0.287356322,Chl.a,50.15646267176578,Young,Grammica__Young,Grammica__Chl.a,3.9151473749338996,155y,C_sandwichiana__Chl.a
7/14/18,6/3/18,AS-228,Grammica,C_sandwichiana,155Ay,155,y,1,0.0464,46.4,1250,100,0.269396552,Chl.a,39.19552266944656,Young,Grammica__Young,Grammica__Chl.a,3.668562525208241,155y,C_sandwichiana__Chl.a
7/2/18,6/3/18,AS-231,Grammica,C_sandwichiana,155Dy,155,y,1,0.053900000000000003,53.9,1250,100,0.231910946,Chl.a,42.962036141675796,Young,Grammica__Young,Grammica__Chl.a,3.760316847626584,155y,C_sandwichiana__Chl.a
7/2/18,6/3/18,AS-241,Grammica,C_sandwichiana,155By,155,y,1,0.0448,44.8,1250,100,0.279017857,Chl.a,44.17037386131334,Young,Grammica__Young,Grammica__Chl.a,3.788054291982225,155y,C_sandwichiana__Chl.a
7/11/18,7/11/18,AS-309,Grammica,C_sandwichiana,155Cy,155,y,1,0.084,84,1250,100,0.148809524,Chl.a,1.6252008949374,Young,Grammica__Young,Grammica__Chl.a,0.48563149732506955,155y,C_sandwichiana__Chl.a
6/14/18,6/14/18,AS-184,Grammica,C_sandwichiana,155Ao,155,o,1,0.0484,48.4,1250,100,0.258264463,Chl.a,3.53586518855281,Old,Grammica__Old,Grammica__Chl.a,1.2629580469209527,155o,C_sandwichiana__Chl.a
6/14/18,6/14/18,AS-186,Grammica,C_sandwichiana,155Do,155,o,1,0.0455,45.5,1250,100,0.274725275,Chl.a,8.4321153930475,Old,Grammica__Old,Grammica__Chl.a,2.1320476886985027,155o,C_sandwichiana__Chl.a
6/14/18,6/14/18,AS-187,Grammica,C_sandwichiana,155Bo,155,o,1,0.0477,47.7,1250,100,0.262054507,Chl.a,8.670558164932949,Old,Grammica__Old,Grammica__Chl.a,2.1599331791385015,155o,C_sandwichiana__Chl.a
7/2/18,6/3/18,AS-203,Grammica,C_sandwichiana,155Co,155,o,1,0.0498,49.8,1250,100,0.251004016,Chl.a,12.14689256717152,Old,Grammica__Old,Grammica__Chl.a,2.497073389519674,155o,C_sandwichiana__Chl.a
7/2/18,6/3/18,AS-229,Grammica,C_sandwichiana,155Bh,155,h,1,0.045,45,1250,100,0.277777778,Chl.a,43.592683368207474,Haustorium,Grammica__Haustorium,Grammica__Chl.a,3.7748893259110408,155h,C_sandwichiana__Chl.a
7/2/18,6/3/18,AS-230,Grammica,C_sandwichiana,155Ch,155,h,1,0.0446,44.6,1250,100,0.280269058,Chl.a,54.08950666933888,Haustorium,Grammica__Haustorium,Grammica__Chl.a,3.990640207138467,155h,C_sandwichiana__Chl.a
7/2/18,6/3/18,AS-232,Grammica,C_sandwichiana,155Dh,155,h,1,0.0408,40.8,1250,100,0.306372549,Chl.a,26.00678002284537,Haustorium,Grammica__Haustorium,Grammica__Chl.a,3.2583572779814554,155h,C_sandwichiana__Chl.a
7/2/18,6/3/18,AS-245,Grammica,C_sandwichiana,155Ch,155,h,1,0.0482,48.2,1250,100,0.2593361,Chl.a,38.980627655730004,Haustorium,Grammica__Haustorium,Grammica__Chl.a,3.6630647985092555,155h,C_sandwichiana__Chl.a
7/10/18,7/11/18,AS-281,Grammica,C_sandwichiana,155Ah,155,h,1,0.0488,48.8,1250,100,0.256147541,Chl.a,24.7563780753549,Haustorium,Grammica__Haustorium,Grammica__Chl.a,3.2090831598694565,155h,C_sandwichiana__Chl.a
6/14/18,6/14/18,AS-196,Grammica,C_sandwichiana,155Cf,155,f,1,0.0441,44.1,1250,100,0.283446712,Chl.a,57.4150226720624,Flower,Grammica__Flower,Grammica__Chl.a,4.050305989850253,155f,C_sandwichiana__Chl.a
7/4/18,7/4/18,AS-247,Grammica,C_sandwichiana,155Af,155,f,1,0.0445,44.5,1250,100,0.280898876,Chl.a,29.22311231746928,Flower,Grammica__Flower,Grammica__Chl.a,3.3749599173327813,155f,C_sandwichiana__Chl.a
-,12/6/17,AS-02,Grammica,C_polygonorum,1705sdlg,1705,sdlg,1,0.0142,14.2,2050,100,1.443661972,Chl.a,40.04630246947708,Seedling,Grammica__Seedling,Grammica__Chl.a,3.6900363488899615,1705sdlg,C_polygonorum__Chl.a
-,12/6/17,AS-04,Grammica,C_polygonorum,1705sdlg,1705,sdlg,2,0.0369,36.9,2050,100,0.555555556,Chl.a,53.267311153724954,Seedling,Grammica__Seedling,Grammica__Chl.a,3.9753228457246066,1705sdlg,C_polygonorum__Chl.a
-,12/6/17,AS-05,Grammica,C_polygonorum,1705sdlg,1705,sdlg,3,0.0501,50.1,2050,100,0.409181637,Chl.a,43.85605921094541,Seedling,Grammica__Seedling,Grammica__Chl.a,3.7809128919615906,1705sdlg,C_polygonorum__Chl.a
7/11/18,7/11/18,AS-304,Grammica,C_polygonorum,1705sdlg,1705,sdlg,1,0.0338,33.8,950,100,0.281065089,Chl.a,3.9633269264979,Seedling,Grammica__Seedling,Grammica__Chl.a,1.3770838307375788,1705sdlg,C_polygonorum__Chl.a
7/11/18,7/11/18,AS-310,Grammica,C_polygonorum,1705sdlg,1705,sdlg,1,0.0298,29.8,950,100,0.318791946,Chl.a,4.64353304919438,Seedling,Grammica__Seedling,Grammica__Chl.a,1.535475531046472,1705sdlg,C_polygonorum__Chl.a
6/14/18,6/14/18,AS-183,Grammica,C_polygonorum,1705Ay,1705,y,1,0.0408,40.8,1250,100,0.306372549,Chl.a,40.89009803659872,Young,Grammica__Young,Grammica__Chl.a,3.710887934388313,1705y,C_polygonorum__Chl.a
7/10/18,7/11/18,AS-288,Grammica,C_polygonorum,1705Cy,1705,y,1,0.0524,52.4,1250,100,0.238549618,Chl.a,0.6177433197804401,Young,Grammica__Young,Grammica__Chl.a,0,1705y,C_polygonorum__Chl.a
7/10/18,7/11/18,AS-295,Grammica,C_polygonorum,1705Dy,1705,y,1,0.0432,43.2,1250,100,0.289351852,Chl.a,1.6308449082424,Young,Grammica__Young,Grammica__Chl.a,0.48909829045531045,1705y,C_polygonorum__Chl.a
7/11/18,7/11/18,AS-303,Grammica,C_polygonorum,1705By,1705,y,1,0.0672,67.2,1250,100,0.186011905,Chl.a,3.18658668562645,Young,Grammica__Young,Grammica__Chl.a,1.1589503708089763,1705y,C_polygonorum__Chl.a
6/14/18,6/14/18,AS-182,Grammica,C_polygonorum,1705Ao,1705,o,1,0.048,48,1250,100,0.260416667,Chl.a,5.8248671949558295,Old,Grammica__Old,Grammica__Chl.a,1.7621362172104191,1705o,C_polygonorum__Chl.a
7/2/18,6/3/18,AS-201,Grammica,C_polygonorum,1705Bo,1705,o,1,0.0499,49.9,1250,100,0.250501002,Chl.a,5.65758266524014,Old,Grammica__Old,Grammica__Chl.a,1.7329967277141984,1705o,C_polygonorum__Chl.a
7/2/18,6/3/18,AS-202,Grammica,C_polygonorum,1705Co,1705,o,1,0.0421,42.1,1250,100,0.296912114,Chl.a,12.476944773747901,Old,Grammica__Old,Grammica__Chl.a,2.5238825311894133,1705o,C_polygonorum__Chl.a
7/10/18,7/11/18,AS-300,Grammica,C_polygonorum,1705Do,1705,o,1,0.0494,49.4,1250,100,0.253036437,Chl.a,6.9169711470951905,Old,Grammica__Old,Grammica__Chl.a,1.9339779927636593,1705o,C_polygonorum__Chl.a
7/10/18,7/11/18,AS-302,Grammica,C_polygonorum,1705Do,1705,o,1,0.042,42,1250,100,0.297619048,Chl.a,5.5729166738,Old,Grammica__Old,Grammica__Chl.a,1.7179185746520953,1705o,C_polygonorum__Chl.a
7/10/18,7/11/18,AS-282,Grammica,C_polygonorum,1705Ch,1705,h,1,0.0389,38.9,1250,100,0.321336761,Chl.a,1.9102763500575801,Haustorium,Grammica__Haustorium,Grammica__Chl.a,0.6472479698350105,1705h,C_polygonorum__Chl.a
7/10/18,7/11/18,AS-287,Grammica,C_polygonorum,1705Ah,1705,h,1,0.029,29,950,100,0.327586207,Chl.a,1.6805041384617199,Haustorium,Grammica__Haustorium,Grammica__Chl.a,0.5190938903230857,1705h,C_polygonorum__Chl.a
7/10/18,7/11/18,AS-296,Grammica,C_polygonorum,1705Dh,1705,h,1,0.0482,48.2,1250,100,0.2593361,Chl.a,1.497287346794,Haustorium,Grammica__Haustorium,Grammica__Chl.a,0.4036551022313802,1705h,C_polygonorum__Chl.a
7/2/18,6/3/18,AS-235,Grammica,C_polygonorum,1705Af,1705,f,1,0.0488,48.8,1250,100,0.256147541,Chl.a,40.415560965701346,Flower,Grammica__Flower,Grammica__Chl.a,3.699214885699895,1705f,C_polygonorum__Chl.a
7/10/18,7/11/18,AS-286,Grammica,C_polygonorum,1705Cf,1705,f,1,0.045,45,1250,100,0.277777778,Chl.a,5.02292778179612,Flower,Grammica__Flower,Grammica__Chl.a,1.6140130070690013,1705f,C_polygonorum__Chl.a
7/4/18,7/4/18,AS-248,Grammica,C_polygonorum,1705As,1705,s,1,0.0428,42.8,1250,100,0.292056075,Chl.a,66.67003510006501,Seed,Grammica__Seed,Grammica__Chl.a,4.199755604604405,1705s,C_polygonorum__Chl.a
7/10/18,7/11/18,AS-285,Grammica,C_polygonorum,1705Cs,1705,s,1,0.0289,28.9,950,100,0.328719723,Chl.a,4.02814134723369,Seed,Grammica__Seed,Grammica__Chl.a,1.3933050902362112,1705s,C_polygonorum__Chl.a
7/2/18,6/3/18,AS-207,Grammica,C_compacta,1566sdlg,1566,sdlg,1,0.0414,41.4,1250,100,0.301932367,Chl.a,55.65761470669334,Seedling,Grammica__Seedling,Grammica__Chl.a,4.0192189022634945,1566sdlg,C_compacta__Chl.a
-,12/6/17,AS-03,Grammica,C_compacta,1566sdlg,1566,sdlg,1,0.0391,39.1,2050,100,0.524296675,Chl.a,25.07334027215675,Seedling,Grammica__Seedling,Grammica__Chl.a,3.221805145103505,1566sdlg,C_compacta__Chl.a
-,12/6/17,AS-07,Grammica,C_compacta,1566sdlg,1566,sdlg,2,0.0384,38.4,2050,100,0.533854167,Chl.a,24.220333608872938,Seedling,Grammica__Seedling,Grammica__Chl.a,3.1871925162659043,1566sdlg,C_compacta__Chl.a
-,12/6/17,AS-08,Grammica,C_compacta,1566sdlg,1566,sdlg,3,0.0362,36.2,2050,100,0.566298343,Chl.a,22.109136758234502,Seedling,Grammica__Seedling,Grammica__Chl.a,3.0959909555833383,1566sdlg,C_compacta__Chl.a
-,12/6/17,AS-09,Grammica,C_compacta,1566sdlg,1566,sdlg,4,0.0425,42.5,2050,100,0.482352941,Chl.a,38.69498963290212,Seedling,Grammica__Seedling,Grammica__Chl.a,3.65571012738842,1566sdlg,C_compacta__Chl.a
7/4/18,7/4/18,AS-249,Grammica,C_compacta,1566sdlg,1566,sdlg,1,0.0532,53.2,1250,100,0.234962406,Chl.a,55.09874059797744,Seedling,Grammica__Seedling,Grammica__Chl.a,4.0091268610515485,1566sdlg,C_compacta__Chl.a
-,12/6/17,AS-21,Grammica,C_compacta,1566Ay,1566,y,1,0.0422,42.2,2050,100,0.485781991,Chl.a,19.05845653536723,Young,Grammica__Young,Grammica__Chl.a,2.94751092093737,1566y,C_compacta__Chl.a
-,12/6/17,AS-22,Grammica,C_compacta,1566Ay,1566,y,2,0.0419,41.9,2050,100,0.489260143,Chl.a,99.92681451801437,Young,Grammica__Young,Grammica__Chl.a,4.604438064232494,1566y,C_compacta__Chl.a
7/2/18,6/3/18,AS-244,Grammica,C_compacta,1566Ay,1566,y,1,0.0421,42.1,1250,100,0.296912114,Chl.a,69.50518408217444,Young,Grammica__Young,Grammica__Chl.a,4.241401342338133,1566y,C_compacta__Chl.a
7/4/18,7/4/18,AS-250,Grammica,C_compacta,1566Ay,1566,y,1,0.0486,48.6,1250,100,0.257201646,Chl.a,51.97863681297924,Young,Grammica__Young,Grammica__Chl.a,3.950832805571686,1566y,C_compacta__Chl.a
7/4/18,7/4/18,AS-265,Grammica,C_compacta,1566Ey,1566,y,1,0.0452,45.2,1250,100,0.276548673,Chl.a,68.91719590452234,Young,Grammica__Young,Grammica__Chl.a,4.232905726045695,1566y,C_compacta__Chl.a
7/2/18,6/3/18,AS-199,Grammica,C_compacta,1566Ao,1566,o,1,0.0424,42.4,1250,100,0.294811321,Chl.a,18.59667454377432,Old,Grammica__Old,Grammica__Chl.a,2.9229827821428644,1566o,C_compacta__Chl.a
7/2/18,6/3/18,AS-200,Grammica,C_compacta,1566Eo,1566,o,1,0.0495,49.5,1250,100,0.252525253,Chl.a,7.26568688234636,Old,Grammica__Old,Grammica__Chl.a,1.9831628530948815,1566o,C_compacta__Chl.a
7/4/18,7/4/18,AS-264,Grammica,C_compacta,1566Ao,1566,o,1,0.0408,40.8,1250,100,0.306372549,Chl.a,24.37763173863591,Old,Grammica__Old,Grammica__Chl.a,3.193665983922375,1566o,C_compacta__Chl.a
7/4/18,7/4/18,AS-266,Grammica,C_compacta,1566Eo,1566,o,1,0.0415,41.5,1250,100,0.301204819,Chl.a,11.22346685714429,Old,Grammica__Old,Grammica__Chl.a,2.418006850327461,1566o,C_compacta__Chl.a
6/14/18,6/14/18,AS-198,Grammica,C_compacta,1566Ah,1566,h,1,0.0523,52.3,1250,100,0.239005736,Chl.a,61.93112090123015,Haustorium,Grammica__Haustorium,Grammica__Chl.a,4.126022815887877,1566h,C_compacta__Chl.a
7/4/18,7/4/18,AS-267,Grammica,C_compacta,1566Eh,1566,h,1,0.0517,51.7,1250,100,0.241779497,Chl.a,52.442427444754365,Haustorium,Grammica__Haustorium,Grammica__Chl.a,3.959715949676741,1566h,C_compacta__Chl.a
7/11/18,7/11/18,AS-307,Grammica,C_australis,1382Cy,1382,y,1,0.0773,77.3,1250,100,0.161707633,Chl.a,3.4380077704651195,Young,Grammica__Young,Grammica__Chl.a,1.2348921962149073,1382y,C_australis__Chl.a
7/11/18,7/11/18,AS-311,Grammica,C_australis,1382Ay,1382,y,1,0.0152,15.2,950,100,0.625,Chl.a,10.1754375,Young,Grammica__Young,Grammica__Chl.a,2.3199767377748755,1382y,C_australis__Chl.a
6/14/18,6/14/18,AS-190,Grammica,C_australis,1382Ao,1382,o,1,0.0464,46.4,1250,100,0.269396552,Chl.a,5.00436961719344,Old,Grammica__Old,Grammica__Chl.a,1.610311474206575,1382o,C_australis__Chl.a
6/14/18,6/14/18,AS-194,Grammica,C_australis,1382Co,1382,o,1,0.0494,49.4,1250,100,0.253036437,Chl.a,10.67534158877115,Old,Grammica__Old,Grammica__Chl.a,2.3679365669182317,1382o,C_australis__Chl.a
7/4/18,7/4/18,AS-261,Grammica,C_australis,1382Bo,1382,o,1,0.0486,48.6,1250,100,0.257201646,Chl.a,8.24122170491802,Old,Grammica__Old,Grammica__Chl.a,2.109148610225265,1382o,C_australis__Chl.a
7/2/18,6/3/18,AS-240,Grammica,C_australis,1382Bh,1382,h,1,0.0417,41.7,1250,100,0.299760192,Chl.a,21.88954137811392,Haustorium,Grammica__Haustorium,Grammica__Chl.a,3.0860089646782893,1382h,C_australis__Chl.a
7/2/18,6/3/18,AS-246,Grammica,C_australis,1382Ch,1382,h,1,0.0469,46.9,1250,100,0.26652452,Chl.a,9.3012899697488,Haustorium,Grammica__Haustorium,Grammica__Chl.a,2.2301531077161623,1382h,C_australis__Chl.a
-,12/6/17,AS-23,Grammica,C_cephalanthii,1567Ay,1567,y,1,0.0418,41.8,2050,100,0.490430622,Chl.a,78.21765681665562,Young,Grammica__Young,Grammica__Chl.a,4.359495413837229,1567y,C_cephalanthii__Chl.a
-,12/6/17,AS-24,Grammica,C_cephalanthii,1567Ay,1567,y,2,0.0394,39.4,2050,100,0.520304569,Chl.a,85.88660756523603,Young,Grammica__Young,Grammica__Chl.a,4.453027910726579,1567y,C_cephalanthii__Chl.a
6/5/18,6/11/18,AS-39,Grammica,C_cephalanthii,1567Gy,1567,y,1,0.0443,44.3,2050,100,0.46275395,Chl.a,77.927376466682,Young,Grammica__Young,Grammica__Chl.a,4.355777323317081,1567y,C_cephalanthii__Chl.a
6/5/18,6/11/18,AS-40,Grammica,C_cephalanthii,1567Gy,1567,y,2,0.0457,45.7,2050,100,0.448577681,Chl.a,53.63029677449392,Young,Grammica__Young,Grammica__Chl.a,3.9821141485844707,1567y,C_cephalanthii__Chl.a
6/5/18,6/11/18,AS-47,Grammica,C_cephalanthii,1567Fy,1567,y,1,0.043,43,2050,100,0.476744186,Chl.a,42.6554703446757,Young,Grammica__Young,Grammica__Chl.a,3.7531555293626844,1567y,C_cephalanthii__Chl.a
6/5/18,6/11/18,AS-48,Grammica,C_cephalanthii,1567Fy,1567,y,2,0.0423,42.3,2050,100,0.48463357,Chl.a,60.7167304108303,Young,Grammica__Young,Grammica__Chl.a,4.106219286295605,1567y,C_cephalanthii__Chl.a
7/2/18,6/3/18,AS-222,Grammica,C_cephalanthii,1567Dy,1567,y,1,0.0269,26.9,1250,100,0.464684015,Chl.a,33.4742658086293,Young,Grammica__Young,Grammica__Chl.a,3.5107769617962066,1567y,C_cephalanthii__Chl.a
6/5/18,6/11/18,AS-31,Grammica,C_cephalanthii,1567Go,1567,o,1,0.0425,42.5,2050,100,0.482352941,Chl.a,13.416531289209159,Old,Grammica__Old,Grammica__Chl.a,2.596487632353767,1567o,C_cephalanthii__Chl.a
6/5/18,6/11/18,AS-32,Grammica,C_cephalanthii,1567Go,1567,o,2,0.0598,59.8,2050,100,0.342809365,Chl.a,12.05341381186185,Old,Grammica__Old,Grammica__Chl.a,2.48934793199905,1567o,C_cephalanthii__Chl.a
6/5/18,6/11/18,AS-37,Grammica,C_cephalanthii,1567Fo,1567,o,1,0.0417,41.7,2050,100,0.491606715,Chl.a,7.282593051069901,Old,Grammica__Old,Grammica__Chl.a,1.9854870008537395,1567o,C_cephalanthii__Chl.a
6/5/18,6/11/18,AS-38,Grammica,C_cephalanthii,1567Fo,1567,o,2,0.0533,53.3,2050,100,0.384615385,Chl.a,7.5939346229785505,Old,Grammica__Old,Grammica__Chl.a,2.027349865904685,1567o,C_cephalanthii__Chl.a
6/5/18,6/11/18,AS-45,Grammica,C_cephalanthii,1567Do,1567,o,1,0.0475,47.5,2050,100,0.431578947,Chl.a,5.7099232582835695,Old,Grammica__Old,Grammica__Chl.a,1.7422056012106875,1567o,C_cephalanthii__Chl.a
6/5/18,6/11/18,AS-46,Grammica,C_cephalanthii,1567Do,1567,o,2,0.048,48,2050,100,0.427083333,Chl.a,4.14147833010096,Old,Grammica__Old,Grammica__Chl.a,1.421052832809119,1567o,C_cephalanthii__Chl.a
6/11/18,6/11/18,AS-126,Grammica,C_cephalanthii,1567Fo,1567,o,1,0.046,46,1250,100,0.27173913,Chl.a,5.7310353169173,Old,Grammica__Old,Grammica__Chl.a,1.7458962154348707,1567o,C_cephalanthii__Chl.a
6/13/18,6/13/18,AS-127,Grammica,C_cephalanthii,1567Fo,1567,o,2,0.0499,49.9,1250,100,0.250501002,Chl.a,4.997264528978159,Old,Grammica__Old,Grammica__Chl.a,1.6088906885300394,1567o,C_cephalanthii__Chl.a
6/13/18,6/13/18,AS-130,Grammica,C_cephalanthii,1567Go,1567,o,1,0.0496,49.6,1250,100,0.252016129,Chl.a,10.509080139783869,Old,Grammica__Old,Grammica__Chl.a,2.3522396681939117,1567o,C_cephalanthii__Chl.a
6/13/18,6/13/18,AS-131,Grammica,C_cephalanthii,1567Go,1567,o,2,0.0414,41.4,1250,100,0.301932367,Chl.a,9.1398852611671,Old,Grammica__Old,Grammica__Chl.a,2.2126478428455076,1567o,C_cephalanthii__Chl.a
6/13/18,6/13/18,AS-132,Grammica,C_cephalanthii,1567Do,1567,o,1,0.0511,51.1,1250,100,0.244618395,Chl.a,3.47958659059725,Old,Grammica__Old,Grammica__Chl.a,1.2469135196632604,1567o,C_cephalanthii__Chl.a
6/13/18,6/13/18,AS-133,Grammica,C_cephalanthii,1567Do,1567,o,2,0.0409,40.9,1250,100,0.305623472,Chl.a,3.75705379117376,Old,Grammica__Old,Grammica__Chl.a,1.3236351106927768,1567o,C_cephalanthii__Chl.a
7/2/18,6/3/18,AS-214,Grammica,C_cephalanthii,1567Ao,1567,o,1,0.0422,42.2,1250,100,0.296208531,Chl.a,8.2359004793364,Old,Grammica__Old,Grammica__Chl.a,2.1085027176182285,1567o,C_cephalanthii__Chl.a
7/4/18,7/4/18,AS-263,Grammica,C_cephalanthii,1567Bo,1567,o,1,0.0508,50.8,1250,100,0.246062992,Chl.a,7.758211118075041,Old,Grammica__Old,Grammica__Chl.a,2.0487517944882314,1567o,C_cephalanthii__Chl.a
6/13/18,6/13/18,AS-134,Grammica,C_cephalanthii,1567Gh,1567,h,1,0.0406,40.6,1250,100,0.307881773,Chl.a,52.37555104049567,Haustorium,Grammica__Haustorium,Grammica__Chl.a,3.958439901155827,1567h,C_cephalanthii__Chl.a
6/13/18,6/13/18,AS-135,Grammica,C_cephalanthii,1567Gh,1567,h,2,0.0512,51.2,1250,100,0.244140625,Chl.a,62.884257812499996,Haustorium,Grammica__Haustorium,Grammica__Chl.a,4.141295860721849,1567h,C_cephalanthii__Chl.a
7/2/18,6/3/18,AS-236,Grammica,C_cephalanthii,1567Dh,1567,h,1,0.0475,47.5,1250,100,0.263157895,Chl.a,9.97555527313345,Haustorium,Grammica__Haustorium,Grammica__Chl.a,2.3001376377306544,1567h,C_cephalanthii__Chl.a
7/2/18,6/3/18,AS-237,Grammica,C_cephalanthii,1567Fh,1567,h,1,0.0492,49.2,1250,100,0.254065041,Chl.a,39.76575716853882,Haustorium,Grammica__Haustorium,Grammica__Chl.a,3.68300617182236,1567h,C_cephalanthii__Chl.a
6/11/18,6/11/18,AS-122,Grammica,C_cephalanthii,1567Df,1567,f,1,0.0465,46.5,1250,100,0.268817204,Chl.a,74.50959131439872,Flower,Grammica__Flower,Grammica__Chl.a,4.3109278609161725,1567f,C_cephalanthii__Chl.a
6/11/18,6/11/18,AS-123,Grammica,C_cephalanthii,1567Df,1567,f,2,0.0415,41.5,1250,100,0.301204819,Chl.a,80.33146378151675,Flower,Grammica__Flower,Grammica__Chl.a,4.386161373367329,1567f,C_cephalanthii__Chl.a
6/13/18,6/13/18,AS-169,Grammica,C_cephalanthii,1567Gs,1567,s,1,0.0496,49.6,1250,100,0.252016129,Chl.a,80.43246722760786,Seed,Grammica__Seed,Grammica__Chl.a,4.387417917153251,1567s,C_cephalanthii__Chl.a
6/14/18,6/14/18,AS-175,Grammica,C_cephalanthii,1567Fs,1567,s,1,0.0448,44.8,1250,100,0.279017857,Chl.a,71.97847652564703,Seed,Grammica__Seed,Grammica__Chl.a,4.276367138570953,1567s,C_cephalanthii__Chl.a
7/2/18,6/3/18,AS-208,Grammica,C_cephalanthii,1567Ds,1567,s,1,0.0575,57.5,1250,100,0.217391304,Chl.a,116.70151068284281,Seed,Grammica__Seed,Grammica__Chl.a,4.759619485077118,1567s,C_cephalanthii__Chl.a
7/2/18,6/3/18,AS-215,Grammica,C_cephalanthii,1567Cs,1567,s,1,0.029,29,1250,100,0.431034483,Chl.a,54.29819399592424,Seed,Grammica__Seed,Grammica__Chl.a,3.994490968484886,1567s,C_cephalanthii__Chl.a
7/2/18,6/3/18,AS-216,Grammica,C_cephalanthii,1567Bs,1567,s,1,0.0541,54.1,1250,100,0.231053604,Chl.a,92.85124289308872,Seed,Grammica__Seed,Grammica__Chl.a,4.530998674818303,1567s,C_cephalanthii__Chl.a
6/13/18,6/13/18,AS-136,Grammica,C_costaricensis,CUCOAy,CUCO,y,1,0.0495,49.5,1250,100,0.252525253,Chl.a,13.22403032789148,Young,Grammica__Young,Grammica__Chl.a,2.5820356614758064,CUCOy,C_costaricensis__Chl.a
6/13/18,6/13/18,AS-137,Grammica,C_costaricensis,CUCOAy,CUCO,y,2,0.0408,40.8,1250,100,0.306372549,Chl.a,14.91738970492764,Young,Grammica__Young,Grammica__Chl.a,2.702527633420343,CUCOy,C_costaricensis__Chl.a
6/13/18,6/13/18,AS-158,Grammica,C_costaricensis,CUCOCy,CUCO,y,1,0.042,42,1250,100,0.297619048,Chl.a,37.16712504757392,Young,Grammica__Young,Grammica__Chl.a,3.615424637965142,CUCOy,C_costaricensis__Chl.a
6/13/18,6/13/18,AS-159,Grammica,C_costaricensis,CUCOCy,CUCO,y,2,0.0483,48.3,1250,100,0.258799172,Chl.a,37.40753625462784,Young,Grammica__Young,Grammica__Chl.a,3.6218721909289475,CUCOy,C_costaricensis__Chl.a
6/13/18,6/13/18,AS-164,Grammica,C_costaricensis,CUCOBy,CUCO,y,1,0.0448,44.8,1250,100,0.279017857,Chl.a,32.20851281833067,Young,Grammica__Young,Grammica__Chl.a,3.472230793954768,CUCOy,C_costaricensis__Chl.a
6/5/18,6/11/18,AS-61,Grammica,C_costaricensis,CUCOCo,CUCO,o,1,0.0459,45.9,2050,100,0.446623094,Chl.a,5.26368540679888,Old,Grammica__Old,Grammica__Chl.a,1.6608314480891144,CUCOo,C_costaricensis__Chl.a
6/5/18,6/11/18,AS-62,Grammica,C_costaricensis,CUCOCo,CUCO,o,2,0.0433,43.3,2050,100,0.473441109,Chl.a,5.53099942794795,Old,Grammica__Old,Grammica__Chl.a,1.7103685456659365,CUCOo,C_costaricensis__Chl.a
6/5/18,6/11/18,AS-77,Grammica,C_costaricensis,CUCOBo,CUCO,o,1,0.044,44,2050,100,0.465909091,Chl.a,7.81817818334368,Old,Grammica__Old,Grammica__Chl.a,2.0564515713245757,CUCOo,C_costaricensis__Chl.a
6/5/18,6/11/18,AS-78,Grammica,C_costaricensis,CUCOBo,CUCO,o,2,0.0468,46.8,2050,100,0.438034188,Chl.a,7.1015635678218,Old,Grammica__Old,Grammica__Chl.a,1.9603149947036023,CUCOo,C_costaricensis__Chl.a
6/11/18,6/11/18,AS-79,Grammica,C_costaricensis,CUCOBo,CUCO,o,3,0.0411,41.1,1250,100,0.304136253,Chl.a,6.4784154492405905,Old,Grammica__Old,Grammica__Chl.a,1.8684759664596782,CUCOo,C_costaricensis__Chl.a
6/11/18,6/11/18,AS-80,Grammica,C_costaricensis,CUCOBo,CUCO,o,4,0.046,46,1250,100,0.27173913,Chl.a,6.3112037942498995,Old,Grammica__Old,Grammica__Chl.a,1.8423264498365008,CUCOo,C_costaricensis__Chl.a
6/13/18,6/13/18,AS-138,Grammica,C_costaricensis,CUCOAo,CUCO,o,1,0.048,48,1250,100,0.260416667,Chl.a,6.09530729946866,Old,Grammica__Old,Grammica__Chl.a,1.8075191963568806,CUCOo,C_costaricensis__Chl.a
6/13/18,6/13/18,AS-139,Grammica,C_costaricensis,CUCOAo,CUCO,o,2,0.0491,49.1,1250,100,0.254582485,Chl.a,4.905147663138701,Old,Grammica__Old,Grammica__Chl.a,1.5902852175663709,CUCOo,C_costaricensis__Chl.a
6/5/18,6/11/18,AS-57,Grammica,C_costaricensis,CUCOCh,CUCO,h,1,0.0402,40.2,2050,100,0.509950249,Chl.a,17.628862819372728,Haustorium,Grammica__Haustorium,Grammica__Chl.a,2.869537497413866,CUCOh,C_costaricensis__Chl.a
6/5/18,6/11/18,AS-58,Grammica,C_costaricensis,CUCOCh,CUCO,h,2,0.0432,43.2,2050,100,0.474537037,Chl.a,18.16564791524886,Haustorium,Grammica__Haustorium,Grammica__Chl.a,2.899532338873856,CUCOh,C_costaricensis__Chl.a
6/5/18,6/11/18,AS-67,Grammica,C_costaricensis,CUCOBh,CUCO,h,1,0.0463,46.3,2050,100,0.442764579,Chl.a,25.10481804398685,Haustorium,Grammica__Haustorium,Grammica__Chl.a,3.2230597856439354,CUCOh,C_costaricensis__Chl.a
6/5/18,6/11/18,AS-68,Grammica,C_costaricensis,CUCOBh,CUCO,h,2,0.0412,41.2,2050,100,0.497572816,Chl.a,30.818948693913118,Haustorium,Grammica__Haustorium,Grammica__Chl.a,3.4281297213905253,CUCOh,C_costaricensis__Chl.a
6/13/18,6/13/18,AS-140,Grammica,C_costaricensis,CUCOAh,CUCO,h,1,0.044,44,1250,100,0.284090909,Chl.a,31.76713351256179,Haustorium,Grammica__Haustorium,Grammica__Chl.a,3.4584322211252037,CUCOh,C_costaricensis__Chl.a
6/13/18,6/13/18,AS-141,Grammica,C_costaricensis,CUCOAh,CUCO,h,2,0.0438,43.8,1250,100,0.285388128,Chl.a,32.34209191153632,Haustorium,Grammica__Haustorium,Grammica__Chl.a,3.476369540106758,CUCOh,C_costaricensis__Chl.a
6/5/18,6/11/18,AS-71,Grammica,C_tasmanica,1715Cy,17-15,y,1,0.049,49,2050,100,0.418367347,Chl.a,18.4771102067856,Young,Grammica__Young,Grammica__Chl.a,2.9165326853062483,17-15y,C_tasmanica__Chl.a
6/5/18,6/11/18,AS-72,Grammica,C_tasmanica,1715Cy,17-15,y,2,0.044,44,2050,100,0.465909091,Chl.a,19.8534113675102,Young,Grammica__Young,Grammica__Chl.a,2.988375854709642,17-15y,C_tasmanica__Chl.a
6/11/18,6/11/18,AS-89,Grammica,C_tasmanica,1715Ay,17-15,y,1,0.0478,47.8,1250,100,0.261506276,Chl.a,27.4604340846012,Young,Grammica__Young,Grammica__Chl.a,3.3127462117443653,17-15y,C_tasmanica__Chl.a
6/11/18,6/11/18,AS-90,Grammica,C_tasmanica,1715Ay,17-15,y,2,0.0485,48.5,1250,100,0.257731959,Chl.a,24.64112888864922,Young,Grammica__Young,Grammica__Chl.a,3.204416956960175,17-15y,C_tasmanica__Chl.a
6/11/18,6/11/18,AS-93,Grammica,C_tasmanica,1715By,17-15,y,1,0.0515,51.5,1250,100,0.242718447,Chl.a,31.178750051133147,Young,Grammica__Young,Grammica__Chl.a,3.439736777872171,17-15y,C_tasmanica__Chl.a
6/11/18,6/11/18,AS-94,Grammica,C_tasmanica,1715By,17-15,y,2,0.0515,51.5,1250,100,0.242718447,Chl.a,28.69287140627961,Young,Grammica__Young,Grammica__Chl.a,3.356648712342122,17-15y,C_tasmanica__Chl.a
6/13/18,6/13/18,AS-142,Grammica,C_tasmanica,1715Dy,17-15,y,1,0.045,45,1250,100,0.277777778,Chl.a,6.948961116670279,Young,Grammica__Young,Grammica__Chl.a,1.9385921831783626,17-15y,C_tasmanica__Chl.a
6/13/18,6/13/18,AS-143,Grammica,C_tasmanica,1715Dy,17-15,y,2,0.0498,49.8,1250,100,0.251004016,Chl.a,8.00271586140512,Young,Grammica__Young,Grammica__Chl.a,2.0797809792400286,17-15y,C_tasmanica__Chl.a
6/5/18,6/11/18,AS-69,Grammica,C_tasmanica,1715Co,17-15,o,1,0.048,48,2050,100,0.427083333,Chl.a,4.33671947578191,Old,Grammica__Old,Grammica__Chl.a,1.467118204192774,17-15o,C_tasmanica__Chl.a
6/5/18,6/11/18,AS-70,Grammica,C_tasmanica,1715Co,17-15,o,2,0.0481,48.1,2050,100,0.426195426,Chl.a,6.31022390563044,Old,Grammica__Old,Grammica__Chl.a,1.8421711760229194,17-15o,C_tasmanica__Chl.a
6/11/18,6/11/18,AS-91,Grammica,C_tasmanica,1715Bo,17-15,o,1,0.0492,49.2,1250,100,0.254065041,Chl.a,4.7197916731611,Old,Grammica__Old,Grammica__Chl.a,1.551764682768632,17-15o,C_tasmanica__Chl.a
6/11/18,6/11/18,AS-92,Grammica,C_tasmanica,1715Bo,17-15,o,2,0.0498,49.8,1250,100,0.251004016,Chl.a,4.04332831221792,Old,Grammica__Old,Grammica__Chl.a,1.3970682171934365,17-15o,C_tasmanica__Chl.a
6/11/18,6/11/18,AS-95,Grammica,C_tasmanica,1715Ao,17-15,o,1,0.0418,41.8,1250,100,0.299043062,Chl.a,3.16079246199078,Old,Grammica__Old,Grammica__Chl.a,1.1508228069076372,17-15o,C_tasmanica__Chl.a
6/11/18,6/11/18,AS-96,Grammica,C_tasmanica,1715Ao,17-15,o,2,0.0472,47.2,1250,100,0.264830508,Chl.a,3.56307732412344,Old,Grammica__Old,Grammica__Chl.a,1.2706246164250568,17-15o,C_tasmanica__Chl.a
6/11/18,6/11/18,AS-110,Grammica,C_tasmanica,1715Bo,17-15,o,1,0.0523,52.3,1250,100,0.239005736,Chl.a,8.15056404884256,Old,Grammica__Old,Grammica__Chl.a,2.0980871455740067,17-15o,C_tasmanica__Chl.a
6/11/18,6/11/18,AS-111,Grammica,C_tasmanica,1715Bo,17-15,o,2,0.0466,46.6,1250,100,0.268240343,Chl.a,4.80180525128759,Old,Grammica__Old,Grammica__Chl.a,1.5689919620519661,17-15o,C_tasmanica__Chl.a
6/13/18,6/13/18,AS-144,Grammica,C_tasmanica,1715Do,17-15,o,1,0.0505,50.5,1250,100,0.247524752,Chl.a,7.77460889596384,Old,Grammica__Old,Grammica__Chl.a,2.05086316689253,17-15o,C_tasmanica__Chl.a
6/13/18,6/13/18,AS-145,Grammica,C_tasmanica,1715Do,17-15,o,2,0.041,41,1250,100,0.304878049,Chl.a,9.52273781173442,Old,Grammica__Old,Grammica__Chl.a,2.25368240322596,17-15o,C_tasmanica__Chl.a
7/10/18,7/11/18,AS-273,Grammica,C_tasmanica,1715o,17-15,o,1,0.0447,44.7,1250,100,0.279642058,Chl.a,1.3099496636540402,Old,Grammica__Old,Grammica__Chl.a,0.26998878812204874,17-15o,C_tasmanica__Chl.a
6/13/18,6/13/18,AS-150,Grammica,C_tasmanica,1715Dh,17-15,h,1,0.0406,40.6,1250,100,0.307881773,Chl.a,22.84802336940374,Haustorium,Grammica__Haustorium,Grammica__Chl.a,3.128864613353939,17-15h,C_tasmanica__Chl.a
6/13/18,6/13/18,AS-151,Grammica,C_tasmanica,1715Dh,17-15,h,2,0.0433,43.3,1250,100,0.288683603,Chl.a,22.249206137713752,Haustorium,Grammica__Haustorium,Grammica__Chl.a,3.1023063332663976,17-15h,C_tasmanica__Chl.a
6/13/18,6/13/18,AS-166,Grammica,C_tasmanica,1715Ch,17-15,h,1,0.052,52,1250,100,0.240384615,Chl.a,15.37228603309665,Haustorium,Grammica__Haustorium,Grammica__Chl.a,2.732566286444053,17-15h,C_tasmanica__Chl.a
6/14/18,6/14/18,AS-180,Grammica,C_tasmanica,1715Ah,17-15,h,1,0.0467,46.7,1250,100,0.267665953,Chl.a,13.94551927763838,Haustorium,Grammica__Haustorium,Grammica__Chl.a,2.635158265107174,17-15h,C_tasmanica__Chl.a
6/14/18,6/14/18,AS-181,Grammica,C_tasmanica,1715Bh,17-15,h,1,0.0419,41.9,1250,100,0.298329356,Chl.a,21.30131566040556,Haustorium,Grammica__Haustorium,Grammica__Chl.a,3.058768843596513,17-15h,C_tasmanica__Chl.a
6/5/18,6/11/18,AS-59,Grammica,C_tasmanica,1715Bf,17-15,f,1,0.0417,41.7,2050,100,0.491606715,Chl.a,25.558308652418102,Flower,Grammica__Flower,Grammica__Chl.a,3.240962459574382,17-15f,C_tasmanica__Chl.a
6/5/18,6/11/18,AS-60,Grammica,C_tasmanica,1715Bf,17-15,f,2,0.0475,47.5,2050,100,0.431578947,Chl.a,26.12260187243706,Flower,Grammica__Flower,Grammica__Chl.a,3.2628009155432416,17-15f,C_tasmanica__Chl.a
6/11/18,6/11/18,AS-97,Grammica,C_tasmanica,1715Df,17-15,f,1,0.0475,47.5,1250,100,0.263157895,Chl.a,17.96531317586005,Flower,Grammica__Flower,Grammica__Chl.a,2.8884428585353463,17-15f,C_tasmanica__Chl.a
6/11/18,6/11/18,AS-98,Grammica,C_tasmanica,1715Df,17-15,f,1,0.0413,41.3,1250,100,0.302663438,Chl.a,18.15012407661838,Flower,Grammica__Flower,Grammica__Chl.a,2.898677402374419,17-15f,C_tasmanica__Chl.a
6/13/18,6/13/18,AS-148,Grammica,C_tasmanica,1715Af,17-15,f,1,0.0419,41.9,1250,100,0.298329356,Chl.a,22.882094302097677,Flower,Grammica__Flower,Grammica__Chl.a,3.1303547008754196,17-15f,C_tasmanica__Chl.a
6/13/18,6/13/18,AS-149,Grammica,C_tasmanica,1715Af,17-15,f,2,0.0514,51.4,1250,100,0.243190661,Chl.a,20.115617664692618,Flower,Grammica__Flower,Grammica__Chl.a,3.001496516572844,17-15f,C_tasmanica__Chl.a
7/4/18,7/4/18,AS-262,Grammica,C_tasmanica,1715Cf,17-15,f,1,0.0524,52.4,1250,100,0.238549618,Chl.a,23.85603288778482,Flower,Grammica__Flower,Grammica__Chl.a,3.1720371408091874,17-15f,C_tasmanica__Chl.a
6/11/18,6/11/18,AS-99,Grammica,C_californica,17105Ay,ss17-105,y,2,0.0395,39.5,1250,100,0.316455696,Chl.a,36.57471833102256,Young,Grammica__Young,Grammica__Chl.a,3.599357248476625,ss17-105y,C_californica__Chl.a
6/13/18,6/13/18,AS-154,Grammica,C_californica,17105Cy,ss17-105,y,1,0.0415,41.5,1250,100,0.301204819,Chl.a,29.78351804488832,Young,Grammica__Young,Grammica__Chl.a,3.3939551581185783,ss17-105y,C_californica__Chl.a
6/13/18,6/13/18,AS-155,Grammica,C_californica,17105Cy,ss17-105,y,2,0.0323,32.3,1250,100,0.386996904,Chl.a,27.56829334188888,Young,Grammica__Young,Grammica__Chl.a,3.3166663240226293,ss17-105y,C_californica__Chl.a
6/13/18,6/13/18,AS-172,Grammica,C_californica,17105By,ss17-105,y,1,0.0162,16.2,1250,100,0.771604938,Chl.a,18.89240740075728,Young,Grammica__Young,Grammica__Chl.a,2.9387601218180355,ss17-105y,C_californica__Chl.a
7/10/18,7/11/18,AS-272,Grammica,C_californica,17105Dy,ss17-105,y,1,0.0518,51.8,1250,100,0.241312741,Chl.a,1.12562258541378,Young,Grammica__Young,Grammica__Chl.a,0.11833638067836698,ss17-105y,C_californica__Chl.a
7/11/18,7/11/18,AS-312,Grammica,C_californica,17105Ey,ss17-105,y,1,0.0168,16.8,950,100,0.56547619,Chl.a,3.9653339252322004,Young,Grammica__Young,Grammica__Chl.a,1.377590094976666,ss17-105y,C_californica__Chl.a
6/5/18,6/11/18,AS-63,Grammica,C_californica,17105Do,ss17-105,o,1,0.049,49,2050,100,0.418367347,Chl.a,9.274333878908239,Old,Grammica__Old,Grammica__Chl.a,2.2272507977112026,ss17-105o,C_californica__Chl.a
6/5/18,6/11/18,AS-64,Grammica,C_californica,17105Do,ss17-105,o,2,0.0442,44.2,2050,100,0.463800905,Chl.a,10.459429299152749,Old,Grammica__Old,Grammica__Chl.a,2.3475039063986154,ss17-105o,C_californica__Chl.a
6/11/18,6/11/18,AS-102,Grammica,C_californica,17105Ao,ss17-105,o,1,0.0448,44.8,1250,100,0.279017857,Chl.a,13.851361600050959,Old,Grammica__Old,Grammica__Chl.a,2.6283835454936897,ss17-105o,C_californica__Chl.a
6/11/18,6/11/18,AS-103,Grammica,C_californica,17105Ao,ss17-105,o,2,0.0492,49.2,1250,100,0.254065041,Chl.a,11.778762719459609,Old,Grammica__Old,Grammica__Chl.a,2.4662981488930797,ss17-105o,C_californica__Chl.a
6/13/18,6/13/18,AS-146,Grammica,C_californica,17105Co,ss17-105,o,1,0.0465,46.5,1250,100,0.268817204,Chl.a,20.699607503698157,Old,Grammica__Old,Grammica__Chl.a,3.0301147437485656,ss17-105o,C_californica__Chl.a
6/13/18,6/13/18,AS-147,Grammica,C_californica,17105Co,ss17-105,o,2,0.0465,46.5,1250,100,0.268817204,Chl.a,13.658510737390639,Old,Grammica__Old,Grammica__Chl.a,2.614362831903496,ss17-105o,C_californica__Chl.a
6/13/18,6/13/18,AS-171,Grammica,C_californica,17105Bo,ss17-105,o,1,0.0506,50.6,1250,100,0.247035573,Chl.a,4.40217638121573,Old,Grammica__Old,Grammica__Chl.a,1.4820990734446056,ss17-105o,C_californica__Chl.a
6/13/18,6/13/18,AS-152,Grammica,C_californica,17105Ch,ss17-105,h,1,0.0448,44.8,1250,100,0.279017857,Chl.a,60.93862162058514,Haustorium,Grammica__Haustorium,Grammica__Chl.a,4.1098671563110685,ss17-105h,C_californica__Chl.a
6/13/18,6/13/18,AS-153 ,Grammica,C_californica,17105Ch,ss17-105,h,2,0.0152,15.2,1250,100,0.822368421,Chl.a,43.554358549844096,Haustorium,Grammica__Haustorium,Grammica__Chl.a,3.7740097820985925,ss17-105h,C_californica__Chl.a
6/13/18,6/13/18,AS-156,Grammica,C_californica,17105Ah,ss17-105,h,1,0.0448,44.8,1250,100,0.279017857,Chl.a,27.643830901024927,Haustorium,Grammica__Haustorium,Grammica__Chl.a,3.3194025928051984,ss17-105h,C_californica__Chl.a
6/13/18,6/13/18,AS-157,Grammica,C_californica,17105Ah,ss17-105,h,2,0.0429,42.9,1250,100,0.291375291,Chl.a,28.54096441545369,Haustorium,Grammica__Haustorium,Grammica__Chl.a,3.3513404066932613,ss17-105h,C_californica__Chl.a
6/13/18,6/13/18,AS-167,Grammica,C_californica,17105Bh,ss17-105,h,1,0.05,50,1250,100,0.25,Chl.a,24.9522675,Haustorium,Grammica__Haustorium,Grammica__Chl.a,3.2169647038392095,ss17-105h,C_californica__Chl.a
7/2/18,6/3/18,AS-239,Grammica,C_californica,17105Eh,ss17-105,h,1,0.0431,43.1,1250,100,0.290023202,Chl.a,19.87613690080984,Haustorium,Grammica__Haustorium,Grammica__Chl.a,2.9895198664920204,ss17-105h,C_californica__Chl.a
7/10/18,7/11/18,AS-298,Grammica,C_californica,17105Dh,ss17-105,h,1,0.0455,45.5,1250,100,0.274725275,Chl.a,2.71388736535125,Haustorium,Grammica__Haustorium,Grammica__Chl.a,0.9983820960545672,ss17-105h,C_californica__Chl.a
6/14/18,6/14/18,AS-179,Grammica,C_californica,17105Cf,ss17-105,f,1,0.0459,45.9,1250,100,0.272331155,Chl.a,41.3963943835318,Flower,Grammica__Flower,Grammica__Chl.a,3.723193787268971,ss17-105f,C_californica__Chl.a
7/4/18,7/4/18,AS-251,Grammica,C_californica,17105Af,ss17-105,f,1,0.0549,54.9,1250,100,0.227686703,Chl.a,48.13997948778537,Flower,Grammica__Flower,Grammica__Chl.a,3.874113008337083,ss17-105f,C_californica__Chl.a
7/4/18,7/4/18,AS-252,Grammica,C_californica,17105Bf,ss17-105,f,1,0.0456,45.6,1250,100,0.274122807,Chl.a,40.177039471112884,Flower,Grammica__Flower,Grammica__Chl.a,3.693295677506414,ss17-105f,C_californica__Chl.a
7/4/18,7/4/18,AS-253,Grammica,C_californica,17105Bf,ss17-105,f,2,0.0521,52.1,1250,100,0.239923225,Chl.a,46.44601016037825,Flower,Grammica__Flower,Grammica__Chl.a,3.8382905683604434,ss17-105f,C_californica__Chl.a
7/10/18,7/11/18,AS-279,Grammica,C_californica,17105Df,ss17-105,f,1,0.0484,48.4,1250,100,0.258264463,Chl.a,4.18533574688206,Flower,Grammica__Flower,Grammica__Chl.a,1.4315869508725974,ss17-105f,C_californica__Chl.a
7/10/18,7/11/18,AS-280,Grammica,C_californica,17105Ef,ss17-105,f,1,0.0462,46.2,1250,100,0.270562771,Chl.a,4.26019210645157,Flower,Grammica__Flower,Grammica__Chl.a,1.449314278148798,ss17-105f,C_californica__Chl.a
6/5/18,6/11/18,AS-73,Grammica,C_californica,17105Eo,ss17-105,o,1,0.0481,48.1,2050,100,0.426195426,Chl.a,8.85692057805936,Old,Grammica__Old,Grammica__Chl.a,2.1811991509399173,ss17-105o,C_californica__Chl.a
6/5/18,6/11/18,AS-74,Grammica,C_californica,17105Eo,ss17-105,o,2,0.0476,47.6,2050,100,0.430672269,Chl.a,10.05398382568734,Old,Grammica__Old,Grammica__Chl.a,2.307968966471347,ss17-105o,C_californica__Chl.a
6/11/18,6/11/18,AS-104,Grammica,C_indecora,1677Dy,ss16-17,y,1,0.0464,46.4,1250,100,0.269396552,Chl.a,17.231748401266,Young,Grammica__Young,Grammica__Chl.a,2.8467535254413474,ss16-17y,C_indecora__Chl.a
6/11/18,6/11/18,AS-105,Grammica,C_indecora,1677Dy,ss16-17,y,2,0.0431,43.1,1250,100,0.290023202,Chl.a,20.425899082056997,Young,Grammica__Young,Grammica__Chl.a,3.016803663378378,ss16-17y,C_indecora__Chl.a
6/11/18,6/11/18,AS-106,Grammica,C_indecora,1677By,ss16-17,y,1,0.0505,50.5,1250,100,0.247524752,Chl.a,16.829393532044,Young,Grammica__Young,Grammica__Chl.a,2.8231269785604285,ss16-17y,C_indecora__Chl.a
6/11/18,6/11/18,AS-107,Grammica,C_indecora,1677By,ss16-17,y,2,0.051,51,1250,100,0.245098039,Chl.a,16.841061259689667,Young,Grammica__Young,Grammica__Chl.a,2.823820032937957,ss16-17y,C_indecora__Chl.a
6/11/18,6/11/18,AS-100,Grammica,C_indecora,1677Do,ss16-17,o,1,0.0497,49.7,1250,100,0.251509054,Chl.a,2.13944667730776,Old,Grammica__Old,Grammica__Chl.a,0.7605472803361782,ss16-17o,C_indecora__Chl.a
6/11/18,6/11/18,AS-101,Grammica,C_indecora,1677Do,ss16-17,o,2,0.043,43,1250,100,0.290697674,Chl.a,2.7682645308974205,Old,Grammica__Old,Grammica__Chl.a,1.0182206368335975,ss16-17o,C_indecora__Chl.a
6/14/18,6/14/18,AS-188,Grammica,C_indecora,1677Co,ss16-17,o,1,0.0495,49.5,1250,100,0.252525253,Chl.a,2.40970960048985,Old,Grammica__Old,Grammica__Chl.a,0.8795062840188516,ss16-17o,C_indecora__Chl.a
7/11/18,7/11/18,AS-308,Grammica,C_indecora,1677Bo,ss16-17,o,1,0.0472,47.2,1250,100,0.264830508,Chl.a,7.78046079114216,Old,Grammica__Old,Grammica__Chl.a,2.051615576942355,ss16-17o,C_indecora__Chl.a
7/2/18,6/3/18,AS-223,Grammica,C_indecora,1677Dh,ss16-17,h,1,0.0416,41.6,1250,100,0.300480769,Chl.a,7.45074518658552,Haustorium,Grammica__Haustorium,Grammica__Chl.a,2.008314065855809,ss16-17h,C_indecora__Chl.a
7/10/18,7/11/18,AS-283,Grammica,C_indecora,1677Bh,ss16-17,h,1,0.0454,45.4,1250,100,0.275330396,Chl.a,8.90073787008208,Haustorium,Grammica__Haustorium,Grammica__Chl.a,2.1861341912873384,ss16-17h,C_indecora__Chl.a
6/14/18,6/14/18,AS-189,Grammica,C_indecora,1677Df,ss16-17,f,1,0.0435,43.5,1250,100,0.287356322,Chl.a,29.24496553361856,Flower,Grammica__Flower,Grammica__Chl.a,3.3757074437744,ss16-17f,C_indecora__Chl.a
6/14/18,6/14/18,AS-195,Grammica,C_indecora,1677Af,ss16-17,f,1,0.054,54,1250,100,0.231481481,Chl.a,24.08862263508085,Flower,Grammica__Flower,Grammica__Chl.a,3.1817396433477887,ss16-17f,C_indecora__Chl.a
7/2/18,6/3/18,AS-243,Grammica,C_indecora,1677Bf,ss16-17,f,1,0.0441,44.1,1250,100,0.283446712,Chl.a,39.85897958928576,Flower,Grammica__Flower,Grammica__Chl.a,3.6853477170984195,ss16-17f,C_indecora__Chl.a
7/2/18,6/3/18,AS-204,Grammica,C_denticulata,1346Dy,ss13-46,y,1,0.0447,44.7,1250,100,0.279642058,Chl.a,35.78162749559581,Young,Grammica__Young,Grammica__Chl.a,3.577434566022946,ss13-46y,C_denticulata__Chl.a
7/4/18,7/4/18,AS-268,Grammica,C_denticulata,1346Dy,ss13-46,y,1,0.0427,42.7,1250,100,0.292740047,Chl.a,43.776815012455195,Young,Grammica__Young,Grammica__Chl.a,3.7791043419029218,ss13-46y,C_denticulata__Chl.a
7/10/18,7/11/18,AS-278,Grammica,C_denticulata,1346By,ss13-46,y,1,0.0437,43.7,1250,100,0.28604119,Chl.a,32.2284925706639,Young,Grammica__Young,Grammica__Chl.a,3.4728509268362044,ss13-46y,C_denticulata__Chl.a
7/10/18,7/11/18,AS-289,Grammica,C_denticulata,1346Ay,ss13-46,y,1,0.0426,42.6,1250,100,0.29342723,Chl.a,3.7782511731043997,Young,Grammica__Young,Grammica__Chl.a,1.32926127642414,ss13-46y,C_denticulata__Chl.a
7/10/18,7/11/18,AS-292,Grammica,C_denticulata,1346Cy,ss13-46,y,1,0.0516,51.6,1350,100,0.261627907,Chl.a,4.6637267446006,Young,Grammica__Young,Grammica__Chl.a,1.5398148805664962,ss13-46y,C_denticulata__Chl.a
7/10/18,7/11/18,AS-294,Grammica,C_denticulata,1346Dy,ss13-46,y,1,0.0493,49.3,1250,100,0.253549696,Chl.a,1.7548428009855999,Young,Grammica__Young,Grammica__Chl.a,0.5623793378031925,ss13-46y,C_denticulata__Chl.a
7/11/18,7/11/18,AS-315,Grammica,C_denticulata,1346y (trial) ,ss13-46,y,1,0.0461,46.1,1250,100,0.271149675,Chl.a,20.724349269795,Young,Grammica__Young,Grammica__Chl.a,3.0313093070325534,ss13-46y,C_denticulata__Chl.a
6/13/18,6/13/18,AS-170,Grammica,C_denticulata,1346Ao,ss13-46,o,1,0.0493,49.3,1250,100,0.253549696,Chl.a,3.33733012512128,Old,Grammica__Old,Grammica__Chl.a,1.2051711535549836,ss13-46o,C_denticulata__Chl.a
7/2/18,6/3/18,AS-233,Grammica,C_denticulata,1346Do,ss13-46,o,1,0.0465,46.5,1250,100,0.268817204,Chl.a,7.20123386290236,Old,Grammica__Old,Grammica__Chl.a,1.9742523950739337,ss13-46o,C_denticulata__Chl.a
7/4/18,7/4/18,AS-257,Grammica,C_denticulata,1346Bo,ss13-46,o,1,0.0493,49.3,1250,100,0.253549696,Chl.a,4.08275355387648,Old,Grammica__Old,Grammica__Chl.a,1.406771675929059,ss13-46o,C_denticulata__Chl.a
7/4/18,7/4/18,AS-269,Grammica,C_denticulata,1346Ao,ss13-46,o,1,0.0447,44.7,1250,100,0.279642058,Chl.a,5.231895970057081,Old,Grammica__Old,Grammica__Chl.a,1.654773749671874,ss13-46o,C_denticulata__Chl.a
7/10/18,7/11/18,AS-293,Grammica,C_denticulata,1346Do,ss13-46,o,1,0.051,51,1250,100,0.245098039,Chl.a,6.91630391548228,Old,Grammica__Old,Grammica__Chl.a,1.9338815251374808,ss13-46o,C_denticulata__Chl.a
6/14/18,6/14/18,AS-176,Grammica,C_denticulata,1346Ah,ss13-46,h,1,0.0499,49.9,1250,100,0.250501002,Chl.a,6.10885270531308,Haustorium,Grammica__Haustorium,Grammica__Chl.a,1.8097389986504002,ss13-46h,C_denticulata__Chl.a
7/4/18,7/4/18,AS-256,Grammica,C_denticulata,1346Bh,ss13-46,h,1,0.0505,50.5,1250,100,0.247524752,Chl.a,12.48961136215856,Haustorium,Grammica__Haustorium,Grammica__Chl.a,2.524897215739979,ss13-46h,C_denticulata__Chl.a
7/10/18,7/11/18,AS-277,Grammica,C_denticulata,13466Dh,ss13-46,h,1,0.0425,42.5,1250,100,0.294117647,Chl.a,3.8637705874625397,Haustorium,Grammica__Haustorium,Grammica__Chl.a,1.3516435686944464,ss13-46h,C_denticulata__Chl.a
7/10/18,7/11/18,AS-291,Grammica,C_denticulata,1346Ch,ss13-46,h,1,0.0428,42.8,1250,100,0.292056075,Chl.a,1.66223423030175,Haustorium,Grammica__Haustorium,Grammica__Chl.a,0.5081626794560249,ss13-46h,C_denticulata__Chl.a
7/10/18,7/11/18,AS-274,Grammica,C_denticulata,1346Cf,ss13-46,f,1,0.045,45,1250,100,0.277777778,Chl.a,1.91041944597278,Flower,Grammica__Flower,Grammica__Chl.a,0.6473228755147168,ss13-46f,C_denticulata__Chl.a
7/10/18,7/11/18,AS-290,Grammica,C_denticulata,1346Af,ss13-46,f,1,0.0421,42.1,1250,100,0.296912114,Chl.a,0.40754156767640004,Flower,Grammica__Flower,Grammica__Chl.a,0,ss13-46f,C_denticulata__Chl.a
-,12/6/17,AS-01,Grammica,C_sandwichiana,155sdlg,155,sdlg,1,0.0344,34.4,2050,100,0.595930233,Tot.Chl,21.68365452189159,Seedling,Grammica__Seedling,Grammica__Tot.Chl,3.0765587334853914,155sdlg,C_sandwichiana__Tot.Chl
-,12/6/17,AS-06,Grammica,C_sandwichiana,155sdlg,155,sdlg,2,0.0328,32.8,2050,100,0.625,Tot.Chl,22.46296875,Seedling,Grammica__Seedling,Grammica__Tot.Chl,3.1118681244572355,155sdlg,C_sandwichiana__Tot.Chl
6/14/18,6/14/18,AS-197,Grammica,C_sandwichiana,155Cy,155,y,1,0.0435,43.5,1250,100,0.287356322,Tot.Chl,58.69096555010832,Young,Grammica__Young,Grammica__Tot.Chl,4.072285807835949,155y,C_sandwichiana__Tot.Chl
7/14/18,6/3/18,AS-228,Grammica,C_sandwichiana,155Ay,155,y,1,0.0464,46.4,1250,100,0.269396552,Tot.Chl,45.51750004660992,Young,Grammica__Young,Grammica__Tot.Chl,3.81809687061694,155y,C_sandwichiana__Tot.Chl
7/2/18,6/3/18,AS-231,Grammica,C_sandwichiana,155Dy,155,y,1,0.053900000000000003,53.9,1250,100,0.231910946,Tot.Chl,49.984466562436914,Young,Grammica__Young,Grammica__Tot.Chl,3.911712290409972,155y,C_sandwichiana__Tot.Chl
7/2/18,6/3/18,AS-241,Grammica,C_sandwichiana,155By,155,y,1,0.0448,44.8,1250,100,0.279017857,Tot.Chl,52.47946146866623,Young,Grammica__Young,Grammica__Tot.Chl,3.9604218848397994,155y,C_sandwichiana__Tot.Chl
7/11/18,7/11/18,AS-309,Grammica,C_sandwichiana,155Cy,155,y,1,0.084,84,1250,100,0.148809524,Tot.Chl,9.68979465526008,Young,Grammica__Young,Grammica__Tot.Chl,2.2710732445906414,155y,C_sandwichiana__Tot.Chl
6/14/18,6/14/18,AS-184,Grammica,C_sandwichiana,155Ao,155,o,1,0.0484,48.4,1250,100,0.258264463,Tot.Chl,4.67801653236864,Old,Grammica__Old,Grammica__Tot.Chl,1.5428742236000106,155o,C_sandwichiana__Tot.Chl
6/14/18,6/14/18,AS-186,Grammica,C_sandwichiana,155Do,155,o,1,0.0455,45.5,1250,100,0.274725275,Tot.Chl,10.591604406196,Old,Grammica__Old,Grammica__Tot.Chl,2.360061659580997,155o,C_sandwichiana__Tot.Chl
6/14/18,6/14/18,AS-187,Grammica,C_sandwichiana,155Bo,155,o,1,0.0477,47.7,1250,100,0.262054507,Tot.Chl,10.96603248063466,Old,Grammica__Old,Grammica__Tot.Chl,2.394802548036595,155o,C_sandwichiana__Tot.Chl
7/2/18,6/3/18,AS-203,Grammica,C_sandwichiana,155Co,155,o,1,0.0498,49.8,1250,100,0.251004016,Tot.Chl,15.04687248610784,Old,Grammica__Old,Grammica__Tot.Chl,2.7111701680136244,155o,C_sandwichiana__Tot.Chl
7/2/18,6/3/18,AS-229,Grammica,C_sandwichiana,155Bh,155,h,1,0.045,45,1250,100,0.277777778,Tot.Chl,57.075802823438416,Haustorium,Grammica__Haustorium,Grammica__Tot.Chl,4.04438026018267,155h,C_sandwichiana__Tot.Chl
7/2/18,6/3/18,AS-230,Grammica,C_sandwichiana,155Ch,155,h,1,0.0446,44.6,1250,100,0.280269058,Tot.Chl,72.18321741256376,Haustorium,Grammica__Haustorium,Grammica__Tot.Chl,4.2792075744550635,155h,C_sandwichiana__Tot.Chl
7/2/18,6/3/18,AS-232,Grammica,C_sandwichiana,155Dh,155,h,1,0.0408,40.8,1250,100,0.306372549,Tot.Chl,33.22194852728556,Haustorium,Grammica__Haustorium,Grammica__Tot.Chl,3.50321076072146,155h,C_sandwichiana__Tot.Chl
7/2/18,6/3/18,AS-245,Grammica,C_sandwichiana,155Ch,155,h,1,0.0482,48.2,1250,100,0.2593361,Tot.Chl,50.546662425273006,Haustorium,Grammica__Haustorium,Grammica__Tot.Chl,3.9228969200479384,155h,C_sandwichiana__Tot.Chl
7/10/18,7/11/18,AS-281,Grammica,C_sandwichiana,155Ah,155,h,1,0.0488,48.8,1250,100,0.256147541,Tot.Chl,32.25014856763778,Haustorium,Grammica__Haustorium,Grammica__Tot.Chl,3.4735226530803898,155h,C_sandwichiana__Tot.Chl
6/14/18,6/14/18,AS-196,Grammica,C_sandwichiana,155Cf,155,f,1,0.0441,44.1,1250,100,0.283446712,Tot.Chl,73.01717970054231,Flower,Grammica__Flower,Grammica__Tot.Chl,4.2906947531937965,155f,C_sandwichiana__Tot.Chl
7/4/18,7/4/18,AS-247,Grammica,C_sandwichiana,155Af,155,f,1,0.0445,44.5,1250,100,0.280898876,Tot.Chl,36.25752522868804,Flower,Grammica__Flower,Grammica__Tot.Chl,3.590646955029919,155f,C_sandwichiana__Tot.Chl
-,12/6/17,AS-02,Grammica,C_polygonorum,1705sdlg,1705,sdlg,1,0.0142,14.2,2050,100,1.443661972,Tot.Chl,51.26531725952292,Seedling,Grammica__Seedling,Grammica__Tot.Chl,3.9370144486719543,1705sdlg,C_polygonorum__Tot.Chl
-,12/6/17,AS-04,Grammica,C_polygonorum,1705sdlg,1705,sdlg,2,0.0369,36.9,2050,100,0.555555556,Tot.Chl,65.79762783041588,Seedling,Grammica__Seedling,Grammica__Tot.Chl,4.186583787991737,1705sdlg,C_polygonorum__Tot.Chl
-,12/6/17,AS-05,Grammica,C_polygonorum,1705sdlg,1705,sdlg,3,0.0501,50.1,2050,100,0.409181637,Tot.Chl,54.19417239150699,Seedling,Grammica__Seedling,Grammica__Tot.Chl,3.9925733840581787,1705sdlg,C_polygonorum__Tot.Chl
7/11/18,7/11/18,AS-304,Grammica,C_polygonorum,1705sdlg,1705,sdlg,1,0.0338,33.8,950,100,0.281065089,Tot.Chl,5.72941627713474,Seedling,Grammica__Seedling,Grammica__Tot.Chl,1.7456136716360005,1705sdlg,C_polygonorum__Tot.Chl
7/11/18,7/11/18,AS-310,Grammica,C_polygonorum,1705sdlg,1705,sdlg,1,0.0298,29.8,950,100,0.318791946,Tot.Chl,9.1293884139777,Seedling,Grammica__Seedling,Grammica__Tot.Chl,2.2114987168959797,1705sdlg,C_polygonorum__Tot.Chl
6/14/18,6/14/18,AS-183,Grammica,C_polygonorum,1705Ay,1705,y,1,0.0408,40.8,1250,100,0.306372549,Tot.Chl,47.54899509499608,Young,Grammica__Young,Grammica__Tot.Chl,3.8617606572223013,1705y,C_polygonorum__Tot.Chl
7/10/18,7/11/18,AS-288,Grammica,C_polygonorum,1705Cy,1705,y,1,0.0524,52.4,1250,100,0.238549618,Tot.Chl,12.751564868358079,Young,Grammica__Young,Grammica__Tot.Chl,2.5456540066884963,1705y,C_polygonorum__Tot.Chl
7/10/18,7/11/18,AS-295,Grammica,C_polygonorum,1705Dy,1705,y,1,0.0432,43.2,1250,100,0.289351852,Tot.Chl,14.393645840702881,Young,Grammica__Young,Grammica__Tot.Chl,2.6667868550828535,1705y,C_polygonorum__Tot.Chl
7/11/18,7/11/18,AS-303,Grammica,C_polygonorum,1705By,1705,y,1,0.0672,67.2,1250,100,0.186011905,Tot.Chl,13.38530321653795,Young,Grammica__Young,Grammica__Tot.Chl,2.5941573376448064,1705y,C_polygonorum__Tot.Chl
6/14/18,6/14/18,AS-182,Grammica,C_polygonorum,1705Ao,1705,o,1,0.048,48,1250,100,0.260416667,Tot.Chl,8.07633073950437,Old,Grammica__Old,Grammica__Tot.Chl,2.0889376653748117,1705o,C_polygonorum__Tot.Chl
7/2/18,6/3/18,AS-201,Grammica,C_polygonorum,1705Bo,1705,o,1,0.0499,49.9,1250,100,0.250501002,Tot.Chl,7.795077655185899,Old,Grammica__Old,Grammica__Tot.Chl,2.0534924774678025,1705o,C_polygonorum__Tot.Chl
7/2/18,6/3/18,AS-202,Grammica,C_polygonorum,1705Co,1705,o,1,0.0421,42.1,1250,100,0.296912114,Tot.Chl,16.528654987330142,Old,Grammica__Old,Grammica__Tot.Chl,2.805095546594871,1705o,C_polygonorum__Tot.Chl
7/10/18,7/11/18,AS-300,Grammica,C_polygonorum,1705Do,1705,o,1,0.0494,49.4,1250,100,0.253036437,Tot.Chl,9.36220899895965,Old,Grammica__Old,Grammica__Tot.Chl,2.2366812774884948,1705o,C_polygonorum__Tot.Chl
7/10/18,7/11/18,AS-302,Grammica,C_polygonorum,1705Do,1705,o,1,0.042,42,1250,100,0.297619048,Tot.Chl,7.73709227180824,Old,Grammica__Old,Grammica__Tot.Chl,2.0460259544657062,1705o,C_polygonorum__Tot.Chl
7/10/18,7/11/18,AS-282,Grammica,C_polygonorum,1705Ch,1705,h,1,0.0389,38.9,1250,100,0.321336761,Tot.Chl,18.475716585263232,Haustorium,Grammica__Haustorium,Grammica__Tot.Chl,2.916457258247673,1705h,C_polygonorum__Tot.Chl
7/10/18,7/11/18,AS-287,Grammica,C_polygonorum,1705Ah,1705,h,1,0.029,29,950,100,0.327586207,Tot.Chl,13.965841900961989,Haustorium,Grammica__Haustorium,Grammica__Tot.Chl,2.636614491239557,1705h,C_polygonorum__Tot.Chl
7/10/18,7/11/18,AS-296,Grammica,C_polygonorum,1705Dh,1705,h,1,0.0482,48.2,1250,100,0.2593361,Tot.Chl,2.723584029254,Haustorium,Grammica__Haustorium,Grammica__Tot.Chl,1.0019487074889741,1705h,C_polygonorum__Tot.Chl
7/2/18,6/3/18,AS-235,Grammica,C_polygonorum,1705Af,1705,f,1,0.0488,48.8,1250,100,0.256147541,Tot.Chl,51.39947746230595,Flower,Grammica__Flower,Grammica__Tot.Chl,3.9396280082519923,1705f,C_polygonorum__Tot.Chl
7/10/18,7/11/18,AS-286,Grammica,C_polygonorum,1705Cf,1705,f,1,0.045,45,1250,100,0.277777778,Tot.Chl,28.006436133516257,Flower,Grammica__Flower,Grammica__Tot.Chl,3.3324343492429054,1705f,C_polygonorum__Tot.Chl
7/4/18,7/4/18,AS-248,Grammica,C_polygonorum,1705As,1705,s,1,0.0428,42.8,1250,100,0.292056075,Tot.Chl,86.28931373725575,Seed,Grammica__Seed,Grammica__Tot.Chl,4.457705764666324,1705s,C_polygonorum__Tot.Chl
7/10/18,7/11/18,AS-285,Grammica,C_polygonorum,1705Cs,1705,s,1,0.0289,28.9,950,100,0.328719723,Tot.Chl,27.027822130250044,Seed,Grammica__Seed,Grammica__Tot.Chl,3.2968667884243303,1705s,C_polygonorum__Tot.Chl
7/2/18,6/3/18,AS-207,Grammica,C_compacta,1566sdlg,1566,sdlg,1,0.0414,41.4,1250,100,0.301932367,Tot.Chl,76.479779551438,Seedling,Grammica__Seedling,Grammica__Tot.Chl,4.3370263876124,1566sdlg,C_compacta__Tot.Chl
-,12/6/17,AS-03,Grammica,C_compacta,1566sdlg,1566,sdlg,1,0.0391,39.1,2050,100,0.524296675,Tot.Chl,32.81201162482425,Seedling,Grammica__Seedling,Grammica__Tot.Chl,3.490794659473862,1566sdlg,C_compacta__Tot.Chl
-,12/6/17,AS-07,Grammica,C_compacta,1566sdlg,1566,sdlg,2,0.0384,38.4,2050,100,0.533854167,Tot.Chl,33.80406759923193,Seedling,Grammica__Seedling,Grammica__Tot.Chl,3.5205811413790804,1566sdlg,C_compacta__Tot.Chl
-,12/6/17,AS-08,Grammica,C_compacta,1566sdlg,1566,sdlg,3,0.0362,36.2,2050,100,0.566298343,Tot.Chl,31.577599749327064,Seedling,Grammica__Seedling,Grammica__Tot.Chl,3.452448003701278,1566sdlg,C_compacta__Tot.Chl
-,12/6/17,AS-09,Grammica,C_compacta,1566sdlg,1566,sdlg,4,0.0425,42.5,2050,100,0.482352941,Tot.Chl,52.16013245150526,Seedling,Grammica__Seedling,Grammica__Tot.Chl,3.9543184588633524,1566sdlg,C_compacta__Tot.Chl
7/4/18,7/4/18,AS-249,Grammica,C_compacta,1566sdlg,1566,sdlg,1,0.0532,53.2,1250,100,0.234962406,Tot.Chl,74.33319078471635,Seedling,Grammica__Seedling,Grammica__Tot.Chl,4.308557566441065,1566sdlg,C_compacta__Tot.Chl
-,12/6/17,AS-21,Grammica,C_compacta,1566Ay,1566,y,1,0.0422,42.2,2050,100,0.485781991,Tot.Chl,38.11691307073446,Young,Grammica__Young,Grammica__Tot.Chl,3.640658098873808,1566y,C_compacta__Tot.Chl
-,12/6/17,AS-22,Grammica,C_compacta,1566Ay,1566,y,2,0.0419,41.9,2050,100,0.489260143,Tot.Chl,119.99121152659717,Young,Grammica__Young,Grammica__Tot.Chl,4.787418503655103,1566y,C_compacta__Tot.Chl
7/2/18,6/3/18,AS-244,Grammica,C_compacta,1566Ay,1566,y,1,0.0421,42.1,1250,100,0.296912114,Tot.Chl,84.81676959212832,Young,Grammica__Young,Grammica__Tot.Chl,4.440493279050156,1566y,C_compacta__Tot.Chl
7/4/18,7/4/18,AS-250,Grammica,C_compacta,1566Ay,1566,y,1,0.0486,48.6,1250,100,0.257201646,Tot.Chl,61.44806839400814,Young,Grammica__Young,Grammica__Tot.Chl,4.1181924033619515,1566y,C_compacta__Tot.Chl
7/4/18,7/4/18,AS-265,Grammica,C_compacta,1566Ey,1566,y,1,0.0452,45.2,1250,100,0.276548673,Tot.Chl,84.01401008748618,Young,Grammica__Young,Grammica__Tot.Chl,4.430983572882014,1566y,C_compacta__Tot.Chl
7/2/18,6/3/18,AS-199,Grammica,C_compacta,1566Ao,1566,o,1,0.0424,42.4,1250,100,0.294811321,Tot.Chl,25.4156250211458,Old,Grammica__Old,Grammica__Tot.Chl,3.2353641471395904,1566o,C_compacta__Tot.Chl
7/2/18,6/3/18,AS-200,Grammica,C_compacta,1566Eo,1566,o,1,0.0495,49.5,1250,100,0.252525253,Tot.Chl,11.79085103226781,Old,Grammica__Old,Grammica__Tot.Chl,2.4673239029756773,1566o,C_compacta__Tot.Chl
7/4/18,7/4/18,AS-264,Grammica,C_compacta,1566Ao,1566,o,1,0.0408,40.8,1250,100,0.306372549,Tot.Chl,33.08344975278462,Old,Grammica__Old,Grammica__Tot.Chl,3.4990331528915153,1566o,C_compacta__Tot.Chl
7/4/18,7/4/18,AS-266,Grammica,C_compacta,1566Eo,1566,o,1,0.0415,41.5,1250,100,0.301204819,Tot.Chl,15.06701504637931,Old,Grammica__Old,Grammica__Tot.Chl,2.712507927087068,1566o,C_compacta__Tot.Chl
6/14/18,6/14/18,AS-198,Grammica,C_compacta,1566Ah,1566,h,1,0.0523,52.3,1250,100,0.239005736,Tot.Chl,83.93416343157743,Haustorium,Grammica__Haustorium,Grammica__Tot.Chl,4.430032724055779,1566h,C_compacta__Tot.Chl
7/4/18,7/4/18,AS-267,Grammica,C_compacta,1566Eh,1566,h,1,0.0517,51.7,1250,100,0.241779497,Tot.Chl,73.04062376130194,Haustorium,Grammica__Haustorium,Grammica__Tot.Chl,4.291015777615268,1566h,C_compacta__Tot.Chl
7/11/18,7/11/18,AS-307,Grammica,C_australis,1382Cy,1382,y,1,0.0773,77.3,1250,100,0.161707633,Tot.Chl,4.426966375755879,Young,Grammica__Young,Grammica__Tot.Chl,1.487714581043644,1382y,C_australis__Tot.Chl
7/11/18,7/11/18,AS-311,Grammica,C_australis,1382Ay,1382,y,1,0.0152,15.2,950,100,0.625,Tot.Chl,30.75574375,Young,Grammica__Young,Grammica__Tot.Chl,3.4260767686790166,1382y,C_australis__Tot.Chl
6/14/18,6/14/18,AS-190,Grammica,C_australis,1382Ao,1382,o,1,0.0464,46.4,1250,100,0.269396552,Tot.Chl,6.76972252848392,Old,Grammica__Old,Grammica__Tot.Chl,1.912460115403019,1382o,C_australis__Tot.Chl
6/14/18,6/14/18,AS-194,Grammica,C_australis,1382Co,1382,o,1,0.0494,49.4,1250,100,0.253036437,Tot.Chl,14.13015939916443,Old,Grammica__Old,Grammica__Tot.Chl,2.6483114846132247,1382o,C_australis__Tot.Chl
7/4/18,7/4/18,AS-261,Grammica,C_australis,1382Bo,1382,o,1,0.0486,48.6,1250,100,0.257201646,Tot.Chl,11.5559156337924,Old,Grammica__Old,Grammica__Tot.Chl,2.4471974905898977,1382o,C_australis__Tot.Chl
7/2/18,6/3/18,AS-240,Grammica,C_australis,1382Bh,1382,h,1,0.0417,41.7,1250,100,0.299760192,Tot.Chl,29.6709532526016,Haustorium,Grammica__Haustorium,Grammica__Tot.Chl,3.3901685656571434,1382h,C_australis__Tot.Chl
7/2/18,6/3/18,AS-246,Grammica,C_australis,1382Ch,1382,h,1,0.0469,46.9,1250,100,0.26652452,Tot.Chl,11.692793165747199,Haustorium,Grammica__Haustorium,Grammica__Tot.Chl,2.458972691829748,1382h,C_australis__Tot.Chl
-,12/6/17,AS-23,Grammica,C_cephalanthii,1567Ay,1567,y,1,0.0418,41.8,2050,100,0.490430622,Tot.Chl,96.59179210337844,Young,Grammica__Young,Grammica__Tot.Chl,4.570493770769853,1567y,C_cephalanthii__Tot.Chl
-,12/6/17,AS-24,Grammica,C_cephalanthii,1567Ay,1567,y,2,0.0394,39.4,2050,100,0.520304569,Tot.Chl,105.15838182130032,Young,Grammica__Young,Grammica__Tot.Chl,4.655467612916564,1567y,C_cephalanthii__Tot.Chl
6/5/18,6/11/18,AS-39,Grammica,C_cephalanthii,1567Gy,1567,y,1,0.0443,44.3,2050,100,0.46275395,Tot.Chl,94.50157092408051,Young,Grammica__Young,Grammica__Tot.Chl,4.548616458954955,1567y,C_cephalanthii__Tot.Chl
6/5/18,6/11/18,AS-40,Grammica,C_cephalanthii,1567Gy,1567,y,2,0.0457,45.7,2050,100,0.448577681,Tot.Chl,65.1997386904605,Young,Grammica__Young,Grammica__Tot.Chl,4.177455462643302,1567y,C_cephalanthii__Tot.Chl
6/5/18,6/11/18,AS-47,Grammica,C_cephalanthii,1567Fy,1567,y,1,0.043,43,2050,100,0.476744186,Tot.Chl,51.67176604147048,Young,Grammica__Young,Grammica__Tot.Chl,3.9449115228929923,1567y,C_cephalanthii__Tot.Chl
6/5/18,6/11/18,AS-48,Grammica,C_cephalanthii,1567Fy,1567,y,2,0.0423,42.3,2050,100,0.48463357,Tot.Chl,73.5220433018622,Young,Grammica__Young,Grammica__Tot.Chl,4.297585271484126,1567y,C_cephalanthii__Tot.Chl
7/2/18,6/3/18,AS-222,Grammica,C_cephalanthii,1567Dy,1567,y,1,0.0269,26.9,1250,100,0.464684015,Tot.Chl,39.20434480651625,Young,Grammica__Young,Grammica__Tot.Chl,3.6687875801061236,1567y,C_cephalanthii__Tot.Chl
6/5/18,6/11/18,AS-31,Grammica,C_cephalanthii,1567Go,1567,o,1,0.0425,42.5,2050,100,0.482352941,Tot.Chl,18.02466599340561,Old,Grammica__Old,Grammica__Tot.Chl,2.891741158361738,1567o,C_cephalanthii__Tot.Chl
6/5/18,6/11/18,AS-32,Grammica,C_cephalanthii,1567Go,1567,o,2,0.0598,59.8,2050,100,0.342809365,Tot.Chl,16.25111448628685,Old,Grammica__Old,Grammica__Tot.Chl,2.7881614963489096,1567o,C_cephalanthii__Tot.Chl
6/5/18,6/11/18,AS-37,Grammica,C_cephalanthii,1567Fo,1567,o,1,0.0417,41.7,2050,100,0.491606715,Tot.Chl,10.4227309431324,Old,Grammica__Old,Grammica__Tot.Chl,2.343989098253898,1567o,C_cephalanthii__Tot.Chl
6/5/18,6/11/18,AS-38,Grammica,C_cephalanthii,1567Fo,1567,o,2,0.0533,53.3,2050,100,0.384615385,Tot.Chl,10.46367308738675,Old,Grammica__Old,Grammica__Tot.Chl,2.3479095621348662,1567o,C_cephalanthii__Tot.Chl
6/5/18,6/11/18,AS-45,Grammica,C_cephalanthii,1567Do,1567,o,1,0.0475,47.5,2050,100,0.431578947,Tot.Chl,7.68258430923117,Old,Grammica__Old,Grammica__Tot.Chl,2.038956002170887,1567o,C_cephalanthii__Tot.Chl
6/5/18,6/11/18,AS-46,Grammica,C_cephalanthii,1567Do,1567,o,2,0.048,48,2050,100,0.427083333,Tot.Chl,6.06924707859636,Old,Grammica__Old,Grammica__Tot.Chl,1.8032345740843896,1567o,C_cephalanthii__Tot.Chl
6/11/18,6/11/18,AS-126,Grammica,C_cephalanthii,1567Fo,1567,o,1,0.046,46,1250,100,0.27173913,Tot.Chl,8.0771440088157,Old,Grammica__Old,Grammica__Tot.Chl,2.089038358174921,1567o,C_cephalanthii__Tot.Chl
6/13/18,6/13/18,AS-127,Grammica,C_cephalanthii,1567Fo,1567,o,2,0.0499,49.9,1250,100,0.250501002,Tot.Chl,6.977502504898379,Old,Grammica__Old,Grammica__Tot.Chl,1.9426910597565943,1567o,C_cephalanthii__Tot.Chl
6/13/18,6/13/18,AS-130,Grammica,C_cephalanthii,1567Go,1567,o,1,0.0496,49.6,1250,100,0.252016129,Tot.Chl,14.385960179610208,Old,Grammica__Old,Grammica__Tot.Chl,2.6662527503966014,1567o,C_cephalanthii__Tot.Chl
6/13/18,6/13/18,AS-131,Grammica,C_cephalanthii,1567Go,1567,o,2,0.0414,41.4,1250,100,0.301932367,Tot.Chl,12.715147940553189,Old,Grammica__Old,Grammica__Tot.Chl,2.5427940417912183,1567o,C_cephalanthii__Tot.Chl
6/13/18,6/13/18,AS-132,Grammica,C_cephalanthii,1567Do,1567,o,1,0.0511,51.1,1250,100,0.244618395,Tot.Chl,4.6425342408186,Old,Grammica__Old,Grammica__Tot.Chl,1.535260411270376,1567o,C_cephalanthii__Tot.Chl
6/13/18,6/13/18,AS-133,Grammica,C_cephalanthii,1567Do,1567,o,2,0.0409,40.9,1250,100,0.305623472,Tot.Chl,5.258710270968,Old,Grammica__Old,Grammica__Tot.Chl,1.6598858200668638,1567o,C_cephalanthii__Tot.Chl
7/2/18,6/3/18,AS-214,Grammica,C_cephalanthii,1567Ao,1567,o,1,0.0422,42.2,1250,100,0.296208531,Tot.Chl,11.190524296440511,Old,Grammica__Old,Grammica__Tot.Chl,2.415067384178482,1567o,C_cephalanthii__Tot.Chl
7/4/18,7/4/18,AS-263,Grammica,C_cephalanthii,1567Bo,1567,o,1,0.0508,50.8,1250,100,0.246062992,Tot.Chl,10.61983513235792,Old,Grammica__Old,Grammica__Tot.Chl,2.3627235008495493,1567o,C_cephalanthii__Tot.Chl
6/13/18,6/13/18,AS-134,Grammica,C_cephalanthii,1567Gh,1567,h,1,0.0406,40.6,1250,100,0.307881773,Tot.Chl,70.42225360331405,Haustorium,Grammica__Haustorium,Grammica__Tot.Chl,4.254509316953992,1567h,C_cephalanthii__Tot.Chl
6/13/18,6/13/18,AS-135,Grammica,C_cephalanthii,1567Gh,1567,h,2,0.0512,51.2,1250,100,0.244140625,Tot.Chl,84.75510009765625,Haustorium,Grammica__Haustorium,Grammica__Tot.Chl,4.439765923773234,1567h,C_cephalanthii__Tot.Chl
7/2/18,6/3/18,AS-236,Grammica,C_cephalanthii,1567Dh,1567,h,1,0.0475,47.5,1250,100,0.263157895,Tot.Chl,13.62123422414755,Haustorium,Grammica__Haustorium,Grammica__Tot.Chl,2.6116299224702715,1567h,C_cephalanthii__Tot.Chl
7/2/18,6/3/18,AS-237,Grammica,C_cephalanthii,1567Fh,1567,h,1,0.0492,49.2,1250,100,0.254065041,Tot.Chl,53.17927598780883,Haustorium,Grammica__Haustorium,Grammica__Tot.Chl,3.973668773232731,1567h,C_cephalanthii__Tot.Chl
6/11/18,6/11/18,AS-122,Grammica,C_cephalanthii,1567Df,1567,f,1,0.0465,46.5,1250,100,0.268817204,Tot.Chl,99.13015311478068,Flower,Grammica__Flower,Grammica__Tot.Chl,4.596433665638091,1567f,C_cephalanthii__Tot.Chl
6/11/18,6/11/18,AS-123,Grammica,C_cephalanthii,1567Df,1567,f,2,0.0415,41.5,1250,100,0.301204819,Tot.Chl,106.73044568494052,Flower,Grammica__Flower,Grammica__Tot.Chl,4.67030645767102,1567f,C_cephalanthii__Tot.Chl
6/13/18,6/13/18,AS-169,Grammica,C_cephalanthii,1567Gs,1567,s,1,0.0496,49.6,1250,100,0.252016129,Tot.Chl,102.25797629739483,Seed,Grammica__Seed,Grammica__Tot.Chl,4.627498800656863,1567s,C_cephalanthii__Tot.Chl
6/14/18,6/14/18,AS-175,Grammica,C_cephalanthii,1567Fs,1567,s,1,0.0448,44.8,1250,100,0.279017857,Tot.Chl,93.3360769611405,Seed,Grammica__Seed,Grammica__Tot.Chl,4.536206711152702,1567s,C_cephalanthii__Tot.Chl
7/2/18,6/3/18,AS-208,Grammica,C_cephalanthii,1567Ds,1567,s,1,0.0575,57.5,1250,100,0.217391304,Tot.Chl,153.25644975478968,Seed,Grammica__Seed,Grammica__Tot.Chl,5.032112661074497,1567s,C_cephalanthii__Tot.Chl
7/2/18,6/3/18,AS-215,Grammica,C_cephalanthii,1567Cs,1567,s,1,0.029,29,1250,100,0.431034483,Tot.Chl,69.75959486665158,Seed,Grammica__Seed,Grammica__Tot.Chl,4.245054973486558,1567s,C_cephalanthii__Tot.Chl
7/2/18,6/3/18,AS-216,Grammica,C_cephalanthii,1567Bs,1567,s,1,0.0541,54.1,1250,100,0.231053604,Tot.Chl,119.46262223286493,Seed,Grammica__Seed,Grammica__Tot.Chl,4.783003538619104,1567s,C_cephalanthii__Tot.Chl
6/13/18,6/13/18,AS-136,Grammica,C_costaricensis,CUCOAy,CUCO,y,1,0.0495,49.5,1250,100,0.252525253,Tot.Chl,15.784732352907621,Young,Grammica__Young,Grammica__Tot.Chl,2.7590431724147826,CUCOy,C_costaricensis__Tot.Chl
6/13/18,6/13/18,AS-137,Grammica,C_costaricensis,CUCOAy,CUCO,y,2,0.0408,40.8,1250,100,0.306372549,Tot.Chl,17.83060355278041,Young,Grammica__Young,Grammica__Tot.Chl,2.8809162873187955,CUCOy,C_costaricensis__Tot.Chl
6/13/18,6/13/18,AS-158,Grammica,C_costaricensis,CUCOCy,CUCO,y,1,0.042,42,1250,100,0.297619048,Tot.Chl,42.72135719754048,Young,Grammica__Young,Grammica__Tot.Chl,3.754698966093394,CUCOy,C_costaricensis__Tot.Chl
6/13/18,6/13/18,AS-159,Grammica,C_costaricensis,CUCOCy,CUCO,y,2,0.0483,48.3,1250,100,0.258799172,Tot.Chl,42.972313690723446,Young,Grammica__Young,Grammica__Tot.Chl,3.7605560429912495,CUCOy,C_costaricensis__Tot.Chl
6/13/18,6/13/18,AS-164,Grammica,C_costaricensis,CUCOBy,CUCO,y,1,0.0448,44.8,1250,100,0.279017857,Tot.Chl,37.97037107430917,Young,Grammica__Young,Grammica__Tot.Chl,3.63680614965838,CUCOy,C_costaricensis__Tot.Chl
6/5/18,6/11/18,AS-61,Grammica,C_costaricensis,CUCOCo,CUCO,o,1,0.0459,45.9,2050,100,0.446623094,Tot.Chl,7.8151448857401995,Old,Grammica__Old,Grammica__Tot.Chl,2.0560635159393787,CUCOo,C_costaricensis__Tot.Chl
6/5/18,6/11/18,AS-62,Grammica,C_costaricensis,CUCOCo,CUCO,o,2,0.0433,43.3,2050,100,0.473441109,Tot.Chl,8.08058395695693,Old,Grammica__Old,Grammica__Tot.Chl,2.0894641541974694,CUCOo,C_costaricensis__Tot.Chl
6/5/18,6/11/18,AS-77,Grammica,C_costaricensis,CUCOBo,CUCO,o,1,0.044,44,2050,100,0.465909091,Tot.Chl,11.12119875216999,Old,Grammica__Old,Grammica__Tot.Chl,2.4088530934582493,CUCOo,C_costaricensis__Tot.Chl
6/5/18,6/11/18,AS-78,Grammica,C_costaricensis,CUCOBo,CUCO,o,2,0.0468,46.8,2050,100,0.438034188,Tot.Chl,10.06334487100944,Old,Grammica__Old,Grammica__Tot.Chl,2.3088996114934375,CUCOo,C_costaricensis__Tot.Chl
6/11/18,6/11/18,AS-79,Grammica,C_costaricensis,CUCOBo,CUCO,o,3,0.0411,41.1,1250,100,0.304136253,Tot.Chl,8.997265813861532,Old,Grammica__Old,Grammica__Tot.Chl,2.196920743834777,CUCOo,C_costaricensis__Tot.Chl
6/11/18,6/11/18,AS-80,Grammica,C_costaricensis,CUCOBo,CUCO,o,4,0.046,46,1250,100,0.27173913,Tot.Chl,8.715331507794598,Old,Grammica__Old,Grammica__Tot.Chl,2.165083728482699,CUCOo,C_costaricensis__Tot.Chl
6/13/18,6/13/18,AS-138,Grammica,C_costaricensis,CUCOAo,CUCO,o,1,0.048,48,1250,100,0.260416667,Tot.Chl,8.36804428154443,Old,Grammica__Old,Grammica__Tot.Chl,2.124420211030351,CUCOo,C_costaricensis__Tot.Chl
6/13/18,6/13/18,AS-139,Grammica,C_costaricensis,CUCOAo,CUCO,o,2,0.0491,49.1,1250,100,0.254582485,Tot.Chl,6.825045832218301,Old,Grammica__Old,Grammica__Tot.Chl,1.9205990710437326,CUCOo,C_costaricensis__Tot.Chl
6/5/18,6/11/18,AS-57,Grammica,C_costaricensis,CUCOCh,CUCO,h,1,0.0402,40.2,2050,100,0.509950249,Tot.Chl,24.71894080783676,Haustorium,Grammica__Haustorium,Grammica__Tot.Chl,3.207569788137568,CUCOh,C_costaricensis__Tot.Chl
6/5/18,6/11/18,AS-58,Grammica,C_costaricensis,CUCOCh,CUCO,h,2,0.0432,43.2,2050,100,0.474537037,Tot.Chl,25.166706363776512,Haustorium,Grammica__Haustorium,Grammica__Tot.Chl,3.225521948927732,CUCOh,C_costaricensis__Tot.Chl
6/5/18,6/11/18,AS-67,Grammica,C_costaricensis,CUCOBh,CUCO,h,1,0.0463,46.3,2050,100,0.442764579,Tot.Chl,34.18863370614612,Haustorium,Grammica__Haustorium,Grammica__Tot.Chl,3.531893243980242,CUCOh,C_costaricensis__Tot.Chl
6/5/18,6/11/18,AS-68,Grammica,C_costaricensis,CUCOBh,CUCO,h,2,0.0412,41.2,2050,100,0.497572816,Tot.Chl,41.825975888688156,Haustorium,Grammica__Haustorium,Grammica__Tot.Chl,3.733517581655935,CUCOh,C_costaricensis__Tot.Chl
6/13/18,6/13/18,AS-140,Grammica,C_costaricensis,CUCOAh,CUCO,h,1,0.044,44,1250,100,0.284090909,Tot.Chl,41.777590895722085,Haustorium,Grammica__Haustorium,Grammica__Tot.Chl,3.732360095196603,CUCOh,C_costaricensis__Tot.Chl
6/13/18,6/13/18,AS-141,Grammica,C_costaricensis,CUCOAh,CUCO,h,2,0.0438,43.8,1250,100,0.285388128,Tot.Chl,42.73716041000928,Haustorium,Grammica__Haustorium,Grammica__Tot.Chl,3.755068811324844,CUCOh,C_costaricensis__Tot.Chl
6/5/18,6/11/18,AS-71,Grammica,C_tasmanica,1715Cy,17-15,y,1,0.049,49,2050,100,0.418367347,Tot.Chl,22.39087398286855,Young,Grammica__Young,Grammica__Tot.Chl,3.108653468833412,17-15y,C_tasmanica__Tot.Chl
6/5/18,6/11/18,AS-72,Grammica,C_tasmanica,1715Cy,17-15,y,2,0.044,44,2050,100,0.465909091,Tot.Chl,24.217087959270742,Young,Grammica__Young,Grammica__Tot.Chl,3.187058502130198,17-15y,C_tasmanica__Tot.Chl
6/11/18,6/11/18,AS-89,Grammica,C_tasmanica,1715Ay,17-15,y,1,0.0478,47.8,1250,100,0.261506276,Tot.Chl,30.8404680784702,Young,Grammica__Young,Grammica__Tot.Chl,3.428827729464148,17-15y,C_tasmanica__Tot.Chl
6/11/18,6/11/18,AS-90,Grammica,C_tasmanica,1715Ay,17-15,y,2,0.0485,48.5,1250,100,0.257731959,Tot.Chl,27.64675518007419,Young,Grammica__Young,Grammica__Tot.Chl,3.3195083713562568,17-15y,C_tasmanica__Tot.Chl
6/11/18,6/11/18,AS-93,Grammica,C_tasmanica,1715By,17-15,y,1,0.0515,51.5,1250,100,0.242718447,Tot.Chl,36.52990539971486,Young,Grammica__Young,Grammica__Tot.Chl,3.598131253881175,17-15y,C_tasmanica__Tot.Chl
6/11/18,6/11/18,AS-94,Grammica,C_tasmanica,1715By,17-15,y,2,0.0515,51.5,1250,100,0.242718447,Tot.Chl,33.16058986020861,Young,Grammica__Young,Grammica__Tot.Chl,3.501362121429959,17-15y,C_tasmanica__Tot.Chl
6/13/18,6/13/18,AS-142,Grammica,C_tasmanica,1715Dy,17-15,y,1,0.045,45,1250,100,0.277777778,Tot.Chl,8.420997228959019,Young,Grammica__Young,Grammica__Tot.Chl,2.130728268859706,17-15y,C_tasmanica__Tot.Chl
6/13/18,6/13/18,AS-143,Grammica,C_tasmanica,1715Dy,17-15,y,2,0.0498,49.8,1250,100,0.251004016,Tot.Chl,9.481940258616799,Young,Grammica__Young,Grammica__Tot.Chl,2.249388974501992,17-15y,C_tasmanica__Tot.Chl
6/5/18,6/11/18,AS-69,Grammica,C_tasmanica,1715Co,17-15,o,1,0.048,48,2050,100,0.427083333,Tot.Chl,6.4631503074555905,Old,Grammica__Old,Grammica__Tot.Chl,1.8661168780903623,17-15o,C_tasmanica__Tot.Chl
6/5/18,6/11/18,AS-70,Grammica,C_tasmanica,1715Co,17-15,o,2,0.0481,48.1,2050,100,0.426195426,Tot.Chl,8.63028263637534,Old,Grammica__Old,Grammica__Tot.Chl,2.1552772665952125,17-15o,C_tasmanica__Tot.Chl
6/11/18,6/11/18,AS-91,Grammica,C_tasmanica,1715Bo,17-15,o,1,0.0492,49.2,1250,100,0.254065041,Tot.Chl,6.29773374850308,Old,Grammica__Old,Grammica__Tot.Chl,1.8401898621007418,17-15o,C_tasmanica__Tot.Chl
6/11/18,6/11/18,AS-92,Grammica,C_tasmanica,1715Bo,17-15,o,2,0.0498,49.8,1250,100,0.251004016,Tot.Chl,5.49956325160416,Old,Grammica__Old,Grammica__Tot.Chl,1.704668698469398,17-15o,C_tasmanica__Tot.Chl
6/11/18,6/11/18,AS-95,Grammica,C_tasmanica,1715Ao,17-15,o,1,0.0418,41.8,1250,100,0.299043062,Tot.Chl,4.58447368112976,Old,Grammica__Old,Grammica__Tot.Chl,1.522675329466437,17-15o,C_tasmanica__Tot.Chl
6/11/18,6/11/18,AS-96,Grammica,C_tasmanica,1715Ao,17-15,o,2,0.0472,47.2,1250,100,0.264830508,Tot.Chl,4.89073886835444,Old,Grammica__Old,Grammica__Tot.Chl,1.5873434103424562,17-15o,C_tasmanica__Tot.Chl
6/11/18,6/11/18,AS-110,Grammica,C_tasmanica,1715Bo,17-15,o,1,0.0523,52.3,1250,100,0.239005736,Tot.Chl,10.41215821579992,Old,Grammica__Old,Grammica__Tot.Chl,2.342974192145412,17-15o,C_tasmanica__Tot.Chl
6/11/18,6/11/18,AS-111,Grammica,C_tasmanica,1715Bo,17-15,o,2,0.0466,46.6,1250,100,0.268240343,Tot.Chl,6.50337445509094,Old,Grammica__Old,Grammica__Tot.Chl,1.8723212045051414,17-15o,C_tasmanica__Tot.Chl
6/13/18,6/13/18,AS-144,Grammica,C_tasmanica,1715Do,17-15,o,1,0.0505,50.5,1250,100,0.247524752,Tot.Chl,9.7819182980504,Old,Grammica__Old,Grammica__Tot.Chl,2.2805356200306837,17-15o,C_tasmanica__Tot.Chl
6/13/18,6/13/18,AS-145,Grammica,C_tasmanica,1715Do,17-15,o,2,0.041,41,1250,100,0.304878049,Tot.Chl,11.7722865938419,Old,Grammica__Old,Grammica__Tot.Chl,2.465748183951833,17-15o,C_tasmanica__Tot.Chl
7/10/18,7/11/18,AS-273,Grammica,C_tasmanica,1715o,17-15,o,1,0.0447,44.7,1250,100,0.279642058,Tot.Chl,1.3099496636540402,Old,Grammica__Old,Grammica__Tot.Chl,0.26998878812204874,17-15o,C_tasmanica__Tot.Chl
6/13/18,6/13/18,AS-150,Grammica,C_tasmanica,1715Dh,17-15,h,1,0.0406,40.6,1250,100,0.307881773,Tot.Chl,28.95507693291757,Haustorium,Grammica__Haustorium,Grammica__Tot.Chl,3.365745561109979,17-15h,C_tasmanica__Tot.Chl
6/13/18,6/13/18,AS-151,Grammica,C_tasmanica,1715Dh,17-15,h,2,0.0433,43.3,1250,100,0.288683603,Tot.Chl,28.130095287867952,Haustorium,Grammica__Haustorium,Grammica__Tot.Chl,3.336840013461816,17-15h,C_tasmanica__Tot.Chl
6/13/18,6/13/18,AS-166,Grammica,C_tasmanica,1715Ch,17-15,h,1,0.052,52,1250,100,0.240384615,Tot.Chl,19.76535814145235,Haustorium,Grammica__Haustorium,Grammica__Tot.Chl,2.9839308216262515,17-15h,C_tasmanica__Tot.Chl
6/14/18,6/14/18,AS-180,Grammica,C_tasmanica,1715Ah,17-15,h,1,0.0467,46.7,1250,100,0.267665953,Tot.Chl,17.80412473959813,Haustorium,Grammica__Haustorium,Grammica__Tot.Chl,2.8794301630138897,17-15h,C_tasmanica__Tot.Chl
6/14/18,6/14/18,AS-181,Grammica,C_tasmanica,1715Bh,17-15,h,1,0.0419,41.9,1250,100,0.298329356,Tot.Chl,26.7586814193556,Haustorium,Grammica__Haustorium,Grammica__Tot.Chl,3.286858963469048,17-15h,C_tasmanica__Tot.Chl
6/5/18,6/11/18,AS-59,Grammica,C_tasmanica,1715Bf,17-15,f,1,0.0417,41.7,2050,100,0.491606715,Tot.Chl,33.199396068267454,Flower,Grammica__Flower,Grammica__Tot.Chl,3.502531688054257,17-15f,C_tasmanica__Tot.Chl
6/5/18,6/11/18,AS-60,Grammica,C_tasmanica,1715Bf,17-15,f,2,0.0475,47.5,2050,100,0.431578947,Tot.Chl,33.33059607681021,Flower,Grammica__Flower,Grammica__Tot.Chl,3.5064757792526917,17-15f,C_tasmanica__Tot.Chl
6/11/18,6/11/18,AS-97,Grammica,C_tasmanica,1715Df,17-15,f,1,0.0475,47.5,1250,100,0.263157895,Tot.Chl,22.688126338477602,Flower,Grammica__Flower,Grammica__Tot.Chl,3.121841723257214,17-15f,C_tasmanica__Tot.Chl
6/11/18,6/11/18,AS-98,Grammica,C_tasmanica,1715Df,17-15,f,1,0.0413,41.3,1250,100,0.302663438,Tot.Chl,22.97153145751772,Flower,Grammica__Flower,Grammica__Tot.Chl,3.134255690904777,17-15f,C_tasmanica__Tot.Chl
6/13/18,6/13/18,AS-148,Grammica,C_tasmanica,1715Af,17-15,f,1,0.0419,41.9,1250,100,0.298329356,Tot.Chl,29.057246458170837,Flower,Grammica__Flower,Grammica__Tot.Chl,3.3692679034180477,17-15f,C_tasmanica__Tot.Chl
6/13/18,6/13/18,AS-149,Grammica,C_tasmanica,1715Af,17-15,f,2,0.0514,51.4,1250,100,0.243190661,Tot.Chl,25.508718335012848,Flower,Grammica__Flower,Grammica__Tot.Chl,3.2390202931423637,17-15f,C_tasmanica__Tot.Chl
7/4/18,7/4/18,AS-262,Grammica,C_tasmanica,1715Cf,17-15,f,1,0.0524,52.4,1250,100,0.238549618,Tot.Chl,31.26421035874426,Flower,Grammica__Flower,Grammica__Tot.Chl,3.4424740075017457,17-15f,C_tasmanica__Tot.Chl
6/11/18,6/11/18,AS-99,Grammica,C_californica,17105Ay,ss17-105,y,2,0.0395,39.5,1250,100,0.316455696,Tot.Chl,42.12259807430736,Young,Grammica__Young,Grammica__Tot.Chl,3.740584370413363,ss17-105y,C_californica__Tot.Chl
6/13/18,6/13/18,AS-154,Grammica,C_californica,17105Cy,ss17-105,y,1,0.0415,41.5,1250,100,0.301204819,Tot.Chl,35.0412951484849,Young,Grammica__Young,Grammica__Tot.Chl,3.5565272302390283,ss17-105y,C_californica__Tot.Chl
6/13/18,6/13/18,AS-155,Grammica,C_californica,17105Cy,ss17-105,y,2,0.0323,32.3,1250,100,0.386996904,Tot.Chl,32.61678792360912,Young,Grammica__Young,Grammica__Tot.Chl,3.48482712587045,ss17-105y,C_californica__Tot.Chl
6/13/18,6/13/18,AS-172,Grammica,C_californica,17105By,ss17-105,y,1,0.0162,16.2,1250,100,0.771604938,Tot.Chl,24.39063270746388,Young,Grammica__Young,Grammica__Tot.Chl,3.1941991572567265,ss17-105y,C_californica__Tot.Chl
7/10/18,7/11/18,AS-272,Grammica,C_californica,17105Dy,ss17-105,y,1,0.0518,51.8,1250,100,0.241312741,Tot.Chl,8.48931466081252,Young,Grammica__Young,Grammica__Tot.Chl,2.138808285736418,ss17-105y,C_californica__Tot.Chl
7/11/18,7/11/18,AS-312,Grammica,C_californica,17105Ey,ss17-105,y,1,0.0168,16.8,950,100,0.56547619,Tot.Chl,16.147647605449603,Young,Grammica__Young,Grammica__Tot.Chl,2.7817743861469126,ss17-105y,C_californica__Tot.Chl
6/5/18,6/11/18,AS-63,Grammica,C_californica,17105Do,ss17-105,o,1,0.049,49,2050,100,0.418367347,Tot.Chl,12.1975836752544,Old,Grammica__Old,Grammica__Tot.Chl,2.5012378809158244,ss17-105o,C_californica__Tot.Chl
6/5/18,6/11/18,AS-64,Grammica,C_californica,17105Do,ss17-105,o,2,0.0442,44.2,2050,100,0.463800905,Tot.Chl,13.694250453156698,Old,Grammica__Old,Grammica__Tot.Chl,2.6169760770961688,ss17-105o,C_californica__Tot.Chl
6/11/18,6/11/18,AS-102,Grammica,C_californica,17105Ao,ss17-105,o,1,0.0448,44.8,1250,100,0.279017857,Tot.Chl,17.7278459730662,Old,Grammica__Old,Grammica__Tot.Chl,2.875136627825588,ss17-105o,C_californica__Tot.Chl
6/11/18,6/11/18,AS-103,Grammica,C_californica,17105Ao,ss17-105,o,2,0.0492,49.2,1250,100,0.254065041,Tot.Chl,15.34525662680613,Old,Grammica__Old,Grammica__Tot.Chl,2.7308064182547294,ss17-105o,C_californica__Tot.Chl
6/13/18,6/13/18,AS-146,Grammica,C_californica,17105Co,ss17-105,o,1,0.0465,46.5,1250,100,0.268817204,Tot.Chl,25.788379003375077,Old,Grammica__Old,Grammica__Tot.Chl,3.2499239681071512,ss17-105o,C_californica__Tot.Chl
6/13/18,6/13/18,AS-147,Grammica,C_californica,17105Co,ss17-105,o,2,0.0465,46.5,1250,100,0.268817204,Tot.Chl,17.5956182598628,Old,Grammica__Old,Grammica__Tot.Chl,2.867649914223234,ss17-105o,C_californica__Tot.Chl
6/13/18,6/13/18,AS-171,Grammica,C_californica,17105Bo,ss17-105,o,1,0.0506,50.6,1250,100,0.247035573,Tot.Chl,5.93516057017869,Old,Grammica__Old,Grammica__Tot.Chl,1.7808940993344076,ss17-105o,C_californica__Tot.Chl
6/13/18,6/13/18,AS-152,Grammica,C_californica,17105Ch,ss17-105,h,1,0.0448,44.8,1250,100,0.279017857,Tot.Chl,76.35001112162308,Haustorium,Grammica__Haustorium,Grammica__Tot.Chl,4.335328178640703,ss17-105h,C_californica__Tot.Chl
6/13/18,6/13/18,AS-153 ,Grammica,C_californica,17105Ch,ss17-105,h,2,0.0152,15.2,1250,100,0.822368421,Tot.Chl,55.905699009579926,Haustorium,Grammica__Haustorium,Grammica__Tot.Chl,4.023666326835154,ss17-105h,C_californica__Tot.Chl
6/13/18,6/13/18,AS-156,Grammica,C_californica,17105Ah,ss17-105,h,1,0.0448,44.8,1250,100,0.279017857,Tot.Chl,34.327371634210095,Haustorium,Grammica__Haustorium,Grammica__Tot.Chl,3.535943045675148,ss17-105h,C_californica__Tot.Chl
6/13/18,6/13/18,AS-157,Grammica,C_californica,17105Ah,ss17-105,h,2,0.0429,42.9,1250,100,0.291375291,Tot.Chl,35.45042244851235,Haustorium,Grammica__Haustorium,Grammica__Tot.Chl,3.5681351724702117,ss17-105h,C_californica__Tot.Chl
6/13/18,6/13/18,AS-167,Grammica,C_californica,17105Bh,ss17-105,h,1,0.05,50,1250,100,0.25,Tot.Chl,31.004350000000002,Haustorium,Grammica__Haustorium,Grammica__Tot.Chl,3.434127520446853,ss17-105h,C_californica__Tot.Chl
7/2/18,6/3/18,AS-239,Grammica,C_californica,17105Eh,ss17-105,h,1,0.0431,43.1,1250,100,0.290023202,Tot.Chl,25.107917645864198,Haustorium,Grammica__Haustorium,Grammica__Tot.Chl,3.2231832444368633,ss17-105h,C_californica__Tot.Chl
7/10/18,7/11/18,AS-298,Grammica,C_californica,17105Dh,ss17-105,h,1,0.0455,45.5,1250,100,0.274725275,Tot.Chl,4.110890114001,Haustorium,Grammica__Haustorium,Grammica__Tot.Chl,1.4136396021349176,ss17-105h,C_californica__Tot.Chl
6/14/18,6/14/18,AS-179,Grammica,C_californica,17105Cf,ss17-105,f,1,0.0459,45.9,1250,100,0.272331155,Tot.Chl,51.49652239089065,Flower,Grammica__Flower,Grammica__Tot.Chl,3.941514280941087,ss17-105f,C_californica__Tot.Chl
7/4/18,7/4/18,AS-251,Grammica,C_californica,17105Af,ss17-105,f,1,0.0549,54.9,1250,100,0.227686703,Tot.Chl,59.74671217867468,Flower,Grammica__Flower,Grammica__Tot.Chl,4.090114164673018,ss17-105f,C_californica__Tot.Chl
7/4/18,7/4/18,AS-252,Grammica,C_californica,17105Bf,ss17-105,f,1,0.0456,45.6,1250,100,0.274122807,Tot.Chl,50.629095391496584,Flower,Grammica__Flower,Grammica__Tot.Chl,3.9245264207520516,ss17-105f,C_californica__Tot.Chl
7/4/18,7/4/18,AS-253,Grammica,C_californica,17105Bf,ss17-105,f,2,0.0521,52.1,1250,100,0.239923225,Tot.Chl,58.2698993371315,Flower,Grammica__Flower,Grammica__Tot.Chl,4.06508565534487,ss17-105f,C_californica__Tot.Chl
7/10/18,7/11/18,AS-279,Grammica,C_californica,17105Df,ss17-105,f,1,0.0484,48.4,1250,100,0.258264463,Tot.Chl,16.21348916482569,Flower,Grammica__Flower,Grammica__Tot.Chl,2.7858435664286914,ss17-105f,C_californica__Tot.Chl
7/10/18,7/11/18,AS-280,Grammica,C_californica,17105Ef,ss17-105,f,1,0.0462,46.2,1250,100,0.270562771,Tot.Chl,19.72018672017951,Flower,Grammica__Flower,Grammica__Tot.Chl,2.9816428227695493,ss17-105f,C_californica__Tot.Chl
6/5/18,6/11/18,AS-73,Grammica,C_californica,17105Eo,ss17-105,o,1,0.0481,48.1,2050,100,0.426195426,Tot.Chl,12.01226267640462,Old,Grammica__Old,Grammica__Tot.Chl,2.485928026039365,ss17-105o,C_californica__Tot.Chl
6/5/18,6/11/18,AS-74,Grammica,C_californica,17105Eo,ss17-105,o,2,0.0476,47.6,2050,100,0.430672269,Tot.Chl,13.07254853221758,Old,Grammica__Old,Grammica__Tot.Chl,2.5705145072658144,ss17-105o,C_californica__Tot.Chl
6/11/18,6/11/18,AS-104,Grammica,C_indecora,1677Dy,ss16-17,y,1,0.0464,46.4,1250,100,0.269396552,Tot.Chl,20.58104258573016,Young,Grammica__Young,Grammica__Tot.Chl,3.0243703941239413,ss16-17y,C_indecora__Tot.Chl
6/11/18,6/11/18,AS-105,Grammica,C_indecora,1677Dy,ss16-17,y,2,0.0431,43.1,1250,100,0.290023202,Tot.Chl,24.164138643075898,Young,Grammica__Young,Grammica__Tot.Chl,3.184869663986377,ss16-17y,C_indecora__Tot.Chl
6/11/18,6/11/18,AS-106,Grammica,C_indecora,1677By,ss16-17,y,1,0.0505,50.5,1250,100,0.247524752,Tot.Chl,20.172094020675523,Young,Grammica__Young,Grammica__Tot.Chl,3.00430017011057,ss16-17y,C_indecora__Tot.Chl
6/11/18,6/11/18,AS-107,Grammica,C_indecora,1677By,ss16-17,y,2,0.051,51,1250,100,0.245098039,Tot.Chl,20.299901942920396,Young,Grammica__Young,Grammica__Tot.Chl,3.0106160605641974,ss16-17y,C_indecora__Tot.Chl
6/11/18,6/11/18,AS-100,Grammica,C_indecora,1677Do,ss16-17,o,1,0.0497,49.7,1250,100,0.251509054,Tot.Chl,3.19344566990556,Old,Grammica__Old,Grammica__Tot.Chl,1.1611005124773441,ss16-17o,C_indecora__Tot.Chl
6/11/18,6/11/18,AS-101,Grammica,C_indecora,1677Do,ss16-17,o,2,0.043,43,1250,100,0.290697674,Tot.Chl,4.042514529062501,Old,Grammica__Old,Grammica__Tot.Chl,1.3968669312782853,ss16-17o,C_indecora__Tot.Chl
6/14/18,6/14/18,AS-188,Grammica,C_indecora,1677Co,ss16-17,o,1,0.0495,49.5,1250,100,0.252525253,Tot.Chl,3.60678283506358,Old,Grammica__Old,Grammica__Tot.Chl,1.2828162213092489,ss16-17o,C_indecora__Tot.Chl
7/11/18,7/11/18,AS-308,Grammica,C_indecora,1677Bo,ss16-17,o,1,0.0472,47.2,1250,100,0.264830508,Tot.Chl,10.41379235421984,Old,Grammica__Old,Grammica__Tot.Chl,2.3431311250452658,ss16-17o,C_indecora__Tot.Chl
7/2/18,6/3/18,AS-223,Grammica,C_indecora,1677Dh,ss16-17,h,1,0.0416,41.6,1250,100,0.300480769,Tot.Chl,9.463380401385969,Haustorium,Grammica__Haustorium,Grammica__Tot.Chl,2.2474296661001536,ss16-17h,C_indecora__Tot.Chl
7/10/18,7/11/18,AS-283,Grammica,C_indecora,1677Bh,ss16-17,h,1,0.0454,45.4,1250,100,0.275330396,Tot.Chl,11.70490361413516,Haustorium,Grammica__Haustorium,Grammica__Tot.Chl,2.4600078748633467,ss16-17h,C_indecora__Tot.Chl
6/14/18,6/14/18,AS-189,Grammica,C_indecora,1677Df,ss16-17,f,1,0.0435,43.5,1250,100,0.287356322,Tot.Chl,36.385396572099964,Flower,Grammica__Flower,Grammica__Tot.Chl,3.594167503817401,ss16-17f,C_indecora__Tot.Chl
6/14/18,6/14/18,AS-195,Grammica,C_indecora,1677Af,ss16-17,f,1,0.054,54,1250,100,0.231481481,Tot.Chl,30.41975688117135,Flower,Grammica__Flower,Grammica__Tot.Chl,3.4150922980145997,ss16-17f,C_indecora__Tot.Chl
7/2/18,6/3/18,AS-243,Grammica,C_indecora,1677Bf,ss16-17,f,1,0.0441,44.1,1250,100,0.283446712,Tot.Chl,50.19342119860168,Flower,Grammica__Flower,Grammica__Tot.Chl,3.9158839682812525,ss16-17f,C_indecora__Tot.Chl
7/2/18,6/3/18,AS-204,Grammica,C_denticulata,1346Dy,ss13-46,y,1,0.0447,44.7,1250,100,0.279642058,Tot.Chl,43.27755590279133,Young,Grammica__Young,Grammica__Tot.Chl,3.767634163507338,ss13-46y,C_denticulata__Tot.Chl
7/4/18,7/4/18,AS-268,Grammica,C_denticulata,1346Dy,ss13-46,y,1,0.0427,42.7,1250,100,0.292740047,Tot.Chl,52.285002956261785,Young,Grammica__Young,Grammica__Tot.Chl,3.9567095815044433,ss13-46y,C_denticulata__Tot.Chl
7/10/18,7/11/18,AS-278,Grammica,C_denticulata,1346By,ss13-46,y,1,0.0437,43.7,1250,100,0.28604119,Tot.Chl,36.2810125945198,Young,Grammica__Young,Grammica__Tot.Chl,3.591294538157251,ss13-46y,C_denticulata__Tot.Chl
7/10/18,7/11/18,AS-289,Grammica,C_denticulata,1346Ay,ss13-46,y,1,0.0426,42.6,1250,100,0.29342723,Tot.Chl,8.496546360142899,Young,Grammica__Young,Grammica__Tot.Chl,2.1396597821278287,ss13-46y,C_denticulata__Tot.Chl
7/10/18,7/11/18,AS-292,Grammica,C_denticulata,1346Cy,ss13-46,y,1,0.0516,51.6,1350,100,0.261627907,Tot.Chl,9.467809012469491,Young,Grammica__Young,Grammica__Tot.Chl,2.2478975301123616,ss13-46y,C_denticulata__Tot.Chl
7/10/18,7/11/18,AS-294,Grammica,C_denticulata,1346Dy,ss13-46,y,1,0.0493,49.3,1250,100,0.253549696,Tot.Chl,13.2786130967616,Young,Grammica__Young,Grammica__Tot.Chl,2.5861547106406104,ss13-46y,C_denticulata__Tot.Chl
7/11/18,7/11/18,AS-315,Grammica,C_denticulata,1346y (trial) ,ss13-46,y,1,0.0461,46.1,1250,100,0.271149675,Tot.Chl,23.59005155146425,Young,Grammica__Young,Grammica__Tot.Chl,3.160825082966328,ss13-46y,C_denticulata__Tot.Chl
6/13/18,6/13/18,AS-170,Grammica,C_denticulata,1346Ao,ss13-46,o,1,0.0493,49.3,1250,100,0.253549696,Tot.Chl,4.42618915260544,Old,Grammica__Old,Grammica__Tot.Chl,1.487539000001972,ss13-46o,C_denticulata__Tot.Chl
7/2/18,6/3/18,AS-233,Grammica,C_denticulata,1346Do,ss13-46,o,1,0.0465,46.5,1250,100,0.268817204,Tot.Chl,9.775120956793799,Old,Grammica__Old,Grammica__Tot.Chl,2.2798404901214755,ss13-46o,C_denticulata__Tot.Chl
7/4/18,7/4/18,AS-257,Grammica,C_denticulata,1346Bo,ss13-46,o,1,0.0493,49.3,1250,100,0.253549696,Tot.Chl,5.7069345900224,Old,Grammica__Old,Grammica__Tot.Chl,1.7416820476521178,ss13-46o,C_denticulata__Tot.Chl
7/4/18,7/4/18,AS-269,Grammica,C_denticulata,1346Ao,ss13-46,o,1,0.0447,44.7,1250,100,0.279642058,Tot.Chl,7.253722031499981,Old,Grammica__Old,Grammica__Tot.Chl,1.9815147345714759,ss13-46o,C_denticulata__Tot.Chl
7/10/18,7/11/18,AS-293,Grammica,C_denticulata,1346Do,ss13-46,o,1,0.051,51,1250,100,0.245098039,Tot.Chl,9.46185048186965,Old,Grammica__Old,Grammica__Tot.Chl,2.247267985694464,ss13-46o,C_denticulata__Tot.Chl
6/14/18,6/14/18,AS-176,Grammica,C_denticulata,1346Ah,ss13-46,h,1,0.0499,49.9,1250,100,0.250501002,Tot.Chl,8.02291833654498,Haustorium,Grammica__Haustorium,Grammica__Tot.Chl,2.0823022505158018,ss13-46h,C_denticulata__Tot.Chl
7/4/18,7/4/18,AS-256,Grammica,C_denticulata,1346Bh,ss13-46,h,1,0.0505,50.5,1250,100,0.247524752,Tot.Chl,15.932188088222079,Haustorium,Grammica__Haustorium,Grammica__Tot.Chl,2.768341477214367,ss13-46h,C_denticulata__Tot.Chl
7/10/18,7/11/18,AS-277,Grammica,C_denticulata,13466Dh,ss13-46,h,1,0.0425,42.5,1250,100,0.294117647,Tot.Chl,16.04116764385059,Haustorium,Grammica__Haustorium,Grammica__Tot.Chl,2.77515840177413,ss13-46h,C_denticulata__Tot.Chl
7/10/18,7/11/18,AS-291,Grammica,C_denticulata,1346Ch,ss13-46,h,1,0.0428,42.8,1250,100,0.292056075,Tot.Chl,9.966720218253752,Haustorium,Grammica__Haustorium,Grammica__Tot.Chl,2.299251574816425,ss13-46h,C_denticulata__Tot.Chl
7/10/18,7/11/18,AS-274,Grammica,C_denticulata,1346Cf,ss13-46,f,1,0.045,45,1250,100,0.277777778,Tot.Chl,16.47320279095634,Flower,Grammica__Flower,Grammica__Tot.Chl,2.8017349934649904,ss13-46f,C_denticulata__Tot.Chl
7/10/18,7/11/18,AS-290,Grammica,C_denticulata,1346Af,ss13-46,f,1,0.0421,42.1,1250,100,0.296912114,Tot.Chl,9.07444180479008,Flower,Grammica__Flower,Grammica__Tot.Chl,2.205461880165072,ss13-46f,C_denticulata__Tot.Chl
-,12/6/17,AS-01,Grammica,C_sandwichiana,155sdlg,155,sdlg,1,0.0344,34.4,2050,100,0.595930233,Chl.a.b,3.63456272146691,Seedling,Grammica__Seedling,Grammica__Chl.a.b,1.2904888345550138,155sdlg,C_sandwichiana__Chl.a.b
-,12/6/17,AS-06,Grammica,C_sandwichiana,155sdlg,155,sdlg,2,0.0328,32.8,2050,100,0.625,Chl.a.b,3.6325249569818325,Seedling,Grammica__Seedling,Grammica__Chl.a.b,1.2899280144376377,155sdlg,C_sandwichiana__Chl.a.b
6/14/18,6/14/18,AS-197,Grammica,C_sandwichiana,155Cy,155,y,1,0.0435,43.5,1250,100,0.287356322,Chl.a.b,5.8769050039276,Young,Grammica__Young,Grammica__Chl.a.b,1.7710302804740472,155y,C_sandwichiana__Chl.a.b
7/14/18,6/3/18,AS-228,Grammica,C_sandwichiana,155Ay,155,y,1,0.0464,46.4,1250,100,0.269396552,Chl.a.b,6.19988341164128,Young,Grammica__Young,Grammica__Chl.a.b,1.824530503429586,155y,C_sandwichiana__Chl.a.b
7/2/18,6/3/18,AS-231,Grammica,C_sandwichiana,155Dy,155,y,1,0.053900000000000003,53.9,1250,100,0.231910946,Chl.a.b,6.117830091226364,Young,Grammica__Young,Grammica__Chl.a.b,1.8112074897414199,155y,C_sandwichiana__Chl.a.b
7/2/18,6/3/18,AS-241,Grammica,C_sandwichiana,155By,155,y,1,0.0448,44.8,1250,100,0.279017857,Chl.a.b,5.315911439208564,Young,Grammica__Young,Grammica__Chl.a.b,1.6707045002325904,155y,C_sandwichiana__Chl.a.b
7/11/18,7/11/18,AS-309,Grammica,C_sandwichiana,155Cy,155,y,1,0.084,84,1250,100,0.148809524,Chl.a.b,0.2015229710556893,Young,Grammica__Young,Grammica__Chl.a.b,0,155y,C_sandwichiana__Chl.a.b
6/14/18,6/14/18,AS-184,Grammica,C_sandwichiana,155Ao,155,o,1,0.0484,48.4,1250,100,0.258264463,Chl.a.b,3.095793922318374,Old,Grammica__Old,Grammica__Chl.a.b,1.1300444232553217,155o,C_sandwichiana__Chl.a.b
6/14/18,6/14/18,AS-186,Grammica,C_sandwichiana,155Do,155,o,1,0.0455,45.5,1250,100,0.274725275,Chl.a.b,3.904680848898422,Old,Grammica__Old,Grammica__Chl.a.b,1.3621760767267221,155o,C_sandwichiana__Chl.a.b
6/14/18,6/14/18,AS-187,Grammica,C_sandwichiana,155Bo,155,o,1,0.0477,47.7,1250,100,0.262054507,Chl.a.b,3.777240331387643,Old,Grammica__Old,Grammica__Chl.a.b,1.3289936984127217,155o,C_sandwichiana__Chl.a.b
7/2/18,6/3/18,AS-203,Grammica,C_sandwichiana,155Co,155,o,1,0.0498,49.8,1250,100,0.251004016,Chl.a.b,4.188612647920287,Old,Grammica__Old,Grammica__Chl.a.b,1.4323695926976325,155o,C_sandwichiana__Chl.a.b
7/2/18,6/3/18,AS-229,Grammica,C_sandwichiana,155Bh,155,h,1,0.045,45,1250,100,0.277777778,Chl.a.b,3.233130397824605,Haustorium,Grammica__Haustorium,Grammica__Chl.a.b,1.173450862241888,155h,C_sandwichiana__Chl.a.b
7/2/18,6/3/18,AS-230,Grammica,C_sandwichiana,155Ch,155,h,1,0.0446,44.6,1250,100,0.280269058,Chl.a.b,2.9894092724784214,Haustorium,Grammica__Haustorium,Grammica__Chl.a.b,1.0950758336019746,155h,C_sandwichiana__Chl.a.b
7/2/18,6/3/18,AS-232,Grammica,C_sandwichiana,155Dh,155,h,1,0.0408,40.8,1250,100,0.306372549,Chl.a.b,3.6044591345082084,Haustorium,Grammica__Haustorium,Grammica__Chl.a.b,1.2821717551878355,155h,C_sandwichiana__Chl.a.b
7/2/18,6/3/18,AS-245,Grammica,C_sandwichiana,155Ch,155,h,1,0.0482,48.2,1250,100,0.2593361,Chl.a.b,3.3702672032750787,Haustorium,Grammica__Haustorium,Grammica__Chl.a.b,1.214992059697978,155h,C_sandwichiana__Chl.a.b
7/10/18,7/11/18,AS-281,Grammica,C_sandwichiana,155Ah,155,h,1,0.0488,48.8,1250,100,0.256147541,Chl.a.b,3.3035943789376967,Haustorium,Grammica__Haustorium,Grammica__Chl.a.b,1.1950111117270013,155h,C_sandwichiana__Chl.a.b
6/14/18,6/14/18,AS-196,Grammica,C_sandwichiana,155Cf,155,f,1,0.0441,44.1,1250,100,0.283446712,Chl.a.b,3.679941341909197,Flower,Grammica__Flower,Grammica__Chl.a.b,1.3028968395295593,155f,C_sandwichiana__Chl.a.b
7/4/18,7/4/18,AS-247,Grammica,C_sandwichiana,155Af,155,f,1,0.0445,44.5,1250,100,0.280898876,Chl.a.b,4.154307216009896,Flower,Grammica__Flower,Grammica__Chl.a.b,1.4241457034613167,155f,C_sandwichiana__Chl.a.b
-,12/6/17,AS-02,Grammica,C_polygonorum,1705sdlg,1705,sdlg,1,0.0142,14.2,2050,100,1.443661972,Chl.a.b,3.569502600621267,Seedling,Grammica__Seedling,Grammica__Chl.a.b,1.2724262865426013,1705sdlg,C_polygonorum__Chl.a.b
-,12/6/17,AS-04,Grammica,C_polygonorum,1705sdlg,1705,sdlg,2,0.0369,36.9,2050,100,0.555555556,Chl.a.b,4.251074615920411,Seedling,Grammica__Seedling,Grammica__Chl.a.b,1.4471718253032144,1705sdlg,C_polygonorum__Chl.a.b
-,12/6/17,AS-05,Grammica,C_polygonorum,1705sdlg,1705,sdlg,3,0.0501,50.1,2050,100,0.409181637,Chl.a.b,4.24217247818553,Seedling,Grammica__Seedling,Grammica__Chl.a.b,1.4450755385270047,1705sdlg,C_polygonorum__Chl.a.b
7/11/18,7/11/18,AS-304,Grammica,C_polygonorum,1705sdlg,1705,sdlg,1,0.0338,33.8,950,100,0.281065089,Chl.a.b,2.2441259413453523,Seedling,Grammica__Seedling,Grammica__Chl.a.b,0.8083161542405433,1705sdlg,C_polygonorum__Chl.a.b
7/11/18,7/11/18,AS-310,Grammica,C_polygonorum,1705sdlg,1705,sdlg,1,0.0298,29.8,950,100,0.318791946,Chl.a.b,1.0351499706497282,Seedling,Grammica__Seedling,Grammica__Chl.a.b,0.0345464120032968,1705sdlg,C_polygonorum__Chl.a.b
6/14/18,6/14/18,AS-183,Grammica,C_polygonorum,1705Ay,1705,y,1,0.0408,40.8,1250,100,0.306372549,Chl.a.b,6.140671297063122,Young,Grammica__Young,Grammica__Chl.a.b,1.8149340842368713,1705y,C_polygonorum__Chl.a.b
7/10/18,7/11/18,AS-288,Grammica,C_polygonorum,1705Cy,1705,y,1,0.0524,52.4,1250,100,0.238549618,Chl.a.b,0.0509108624440627,Young,Grammica__Young,Grammica__Chl.a.b,0,1705y,C_polygonorum__Chl.a.b
7/10/18,7/11/18,AS-295,Grammica,C_polygonorum,1705Dy,1705,y,1,0.0432,43.2,1250,100,0.289351852,Chl.a.b,0.12778111300745618,Young,Grammica__Young,Grammica__Chl.a.b,0,1705y,C_polygonorum__Chl.a.b
7/11/18,7/11/18,AS-303,Grammica,C_polygonorum,1705By,1705,y,1,0.0672,67.2,1250,100,0.186011905,Chl.a.b,0.3124497750249415,Young,Grammica__Young,Grammica__Chl.a.b,0,1705y,C_polygonorum__Chl.a.b
6/14/18,6/14/18,AS-182,Grammica,C_polygonorum,1705Ao,1705,o,1,0.048,48,1250,100,0.260416667,Chl.a.b,2.5871470177962945,Old,Grammica__Old,Grammica__Chl.a.b,0.9505557696953097,1705o,C_polygonorum__Chl.a.b
7/2/18,6/3/18,AS-201,Grammica,C_polygonorum,1705Bo,1705,o,1,0.0499,49.9,1250,100,0.250501002,Chl.a.b,2.646828503389243,Old,Grammica__Old,Grammica__Chl.a.b,0.9733621698788626,1705o,C_polygonorum__Chl.a.b
7/2/18,6/3/18,AS-202,Grammica,C_polygonorum,1705Co,1705,o,1,0.0421,42.1,1250,100,0.296912114,Chl.a.b,3.0794267398301063,Old,Grammica__Old,Grammica__Chl.a.b,1.1247434887041599,1705o,C_polygonorum__Chl.a.b
7/10/18,7/11/18,AS-300,Grammica,C_polygonorum,1705Do,1705,o,1,0.0494,49.4,1250,100,0.253036437,Chl.a.b,2.8287518704248322,Old,Grammica__Old,Grammica__Chl.a.b,1.0398356145362317,1705o,C_polygonorum__Chl.a.b
7/10/18,7/11/18,AS-302,Grammica,C_polygonorum,1705Do,1705,o,1,0.042,42,1250,100,0.297619048,Chl.a.b,2.575076014593702,Old,Grammica__Old,Grammica__Chl.a.b,0.9458790927443541,1705o,C_polygonorum__Chl.a.b
7/10/18,7/11/18,AS-282,Grammica,C_polygonorum,1705Ch,1705,h,1,0.0389,38.9,1250,100,0.321336761,Chl.a.b,0.11531696851604166,Haustorium,Grammica__Haustorium,Grammica__Chl.a.b,0,1705h,C_polygonorum__Chl.a.b
7/10/18,7/11/18,AS-287,Grammica,C_polygonorum,1705Ah,1705,h,1,0.029,29,950,100,0.327586207,Chl.a.b,0.13678941279020312,Haustorium,Grammica__Haustorium,Grammica__Chl.a.b,0,1705h,C_polygonorum__Chl.a.b
7/10/18,7/11/18,AS-296,Grammica,C_polygonorum,1705Dh,1705,h,1,0.0482,48.2,1250,100,0.2593361,Chl.a.b,1.2209829547857716,Haustorium,Grammica__Haustorium,Grammica__Chl.a.b,0.19965631688793412,1705h,C_polygonorum__Chl.a.b
7/2/18,6/3/18,AS-235,Grammica,C_polygonorum,1705Af,1705,f,1,0.0488,48.8,1250,100,0.256147541,Chl.a.b,3.6795218698352956,Flower,Grammica__Flower,Grammica__Chl.a.b,1.3027828442418903,1705f,C_polygonorum__Chl.a.b
7/10/18,7/11/18,AS-286,Grammica,C_polygonorum,1705Cf,1705,f,1,0.045,45,1250,100,0.277777778,Chl.a.b,0.21854486725566394,Flower,Grammica__Flower,Grammica__Chl.a.b,0,1705f,C_polygonorum__Chl.a.b
7/4/18,7/4/18,AS-248,Grammica,C_polygonorum,1705As,1705,s,1,0.0428,42.8,1250,100,0.292056075,Chl.a.b,3.398189930066224,Seed,Grammica__Seed,Grammica__Chl.a.b,1.2232429457785197,1705s,C_polygonorum__Chl.a.b
7/10/18,7/11/18,AS-285,Grammica,C_polygonorum,1705Cs,1705,s,1,0.0289,28.9,950,100,0.328719723,Chl.a.b,0.17513901106871838,Seed,Grammica__Seed,Grammica__Chl.a.b,0,1705s,C_polygonorum__Chl.a.b
7/2/18,6/3/18,AS-207,Grammica,C_compacta,1566sdlg,1566,sdlg,1,0.0414,41.4,1250,100,0.301932367,Chl.a.b,2.672998466859263,Seedling,Grammica__Seedling,Grammica__Chl.a.b,0.9832009010022285,1566sdlg,C_compacta__Chl.a.b
-,12/6/17,AS-03,Grammica,C_compacta,1566sdlg,1566,sdlg,1,0.0391,39.1,2050,100,0.524296675,Chl.a.b,3.2400058265187903,Seedling,Grammica__Seedling,Grammica__Chl.a.b,1.1755751589750312,1566sdlg,C_compacta__Chl.a.b
-,12/6/17,AS-07,Grammica,C_compacta,1566sdlg,1566,sdlg,2,0.0384,38.4,2050,100,0.533854167,Chl.a.b,2.527233501392883,Seedling,Grammica__Seedling,Grammica__Chl.a.b,0.9271252663151339,1566sdlg,C_compacta__Chl.a.b
-,12/6/17,AS-08,Grammica,C_compacta,1566sdlg,1566,sdlg,3,0.0362,36.2,2050,100,0.566298343,Chl.a.b,2.3350291149718423,Seedling,Grammica__Seedling,Grammica__Chl.a.b,0.848024402807832,1566sdlg,C_compacta__Chl.a.b
-,12/6/17,AS-09,Grammica,C_compacta,1566sdlg,1566,sdlg,4,0.0425,42.5,2050,100,0.482352941,Chl.a.b,2.8737155003987027,Seedling,Grammica__Seedling,Grammica__Chl.a.b,1.0556058267404267,1566sdlg,C_compacta__Chl.a.b
7/4/18,7/4/18,AS-249,Grammica,C_compacta,1566sdlg,1566,sdlg,1,0.0532,53.2,1250,100,0.234962406,Chl.a.b,2.8645862014795176,Seedling,Grammica__Seedling,Grammica__Chl.a.b,1.052423942351048,1566sdlg,C_compacta__Chl.a.b
-,12/6/17,AS-21,Grammica,C_compacta,1566Ay,1566,y,1,0.0422,42.2,2050,100,0.485781991,Chl.a.b,1,Young,Grammica__Young,Grammica__Chl.a.b,9.999999505838704e-8,1566y,C_compacta__Chl.a.b
-,12/6/17,AS-22,Grammica,C_compacta,1566Ay,1566,y,2,0.0419,41.9,2050,100,0.489260143,Chl.a.b,4.9803048890664074,Young,Grammica__Young,Grammica__Chl.a.b,1.6054911319457181,1566y,C_compacta__Chl.a.b
7/2/18,6/3/18,AS-244,Grammica,C_compacta,1566Ay,1566,y,1,0.0421,42.1,1250,100,0.296912114,Chl.a.b,4.539385162757308,Young,Grammica__Young,Grammica__Chl.a.b,1.5127915982062086,1566y,C_compacta__Chl.a.b
7/4/18,7/4/18,AS-250,Grammica,C_compacta,1566Ay,1566,y,1,0.0486,48.6,1250,100,0.257201646,Chl.a.b,5.489097879656628,Young,Grammica__Young,Grammica__Chl.a.b,1.7027639395918295,1566y,C_compacta__Chl.a.b
7/4/18,7/4/18,AS-265,Grammica,C_compacta,1566Ey,1566,y,1,0.0452,45.2,1250,100,0.276548673,Chl.a.b,4.565015841706039,Young,Grammica__Young,Grammica__Chl.a.b,1.518422006199879,1566y,C_compacta__Chl.a.b
7/2/18,6/3/18,AS-199,Grammica,C_compacta,1566Ao,1566,o,1,0.0424,42.4,1250,100,0.294811321,Chl.a.b,2.7272048104010915,Old,Grammica__Old,Grammica__Chl.a.b,1.0032772423683496,1566o,C_compacta__Chl.a.b
7/2/18,6/3/18,AS-200,Grammica,C_compacta,1566Eo,1566,o,1,0.0495,49.5,1250,100,0.252525253,Chl.a.b,1.6056184133060634,Old,Grammica__Old,Grammica__Chl.a.b,0.47350904889319684,1566o,C_compacta__Chl.a.b
7/4/18,7/4/18,AS-264,Grammica,C_compacta,1566Ao,1566,o,1,0.0408,40.8,1250,100,0.306372549,Chl.a.b,2.800154069269234,Old,Grammica__Old,Grammica__Chl.a.b,1.029674476118685,1566o,C_compacta__Chl.a.b
7/4/18,7/4/18,AS-266,Grammica,C_compacta,1566Eo,1566,o,1,0.0415,41.5,1250,100,0.301204819,Chl.a.b,2.9200796515518888,Old,Grammica__Old,Grammica__Chl.a.b,1.0716109280825241,1566o,C_compacta__Chl.a.b
6/14/18,6/14/18,AS-198,Grammica,C_compacta,1566Ah,1566,h,1,0.0523,52.3,1250,100,0.239005736,Chl.a.b,2.8146616912553264,Haustorium,Grammica__Haustorium,Grammica__Chl.a.b,1.0348421091712698,1566h,C_compacta__Chl.a.b
7/4/18,7/4/18,AS-267,Grammica,C_compacta,1566Eh,1566,h,1,0.0517,51.7,1250,100,0.241779497,Chl.a.b,2.5459718238836615,Haustorium,Grammica__Haustorium,Grammica__Chl.a.b,0.9345124725346079,1566h,C_compacta__Chl.a.b
7/11/18,7/11/18,AS-307,Grammica,C_australis,1382Cy,1382,y,1,0.0773,77.3,1250,100,0.161707633,Chl.a.b,3.476391986552687,Young,Grammica__Young,Grammica__Chl.a.b,1.245994999244636,1382y,C_australis__Chl.a.b
7/11/18,7/11/18,AS-311,Grammica,C_australis,1382Ay,1382,y,1,0.0152,15.2,950,100,0.625,Chl.a.b,0.49442595150886054,Young,Grammica__Young,Grammica__Chl.a.b,0,1382y,C_australis__Chl.a.b
6/14/18,6/14/18,AS-190,Grammica,C_australis,1382Ao,1382,o,1,0.0464,46.4,1250,100,0.269396552,Chl.a.b,2.834770082054146,Old,Grammica__Old,Grammica__Chl.a.b,1.0419608693626432,1382o,C_australis__Chl.a.b
6/14/18,6/14/18,AS-194,Grammica,C_australis,1382Co,1382,o,1,0.0494,49.4,1250,100,0.253036437,Chl.a.b,3.0899868458058926,Old,Grammica__Old,Grammica__Chl.a.b,1.128166866242443,1382o,C_australis__Chl.a.b
7/4/18,7/4/18,AS-261,Grammica,C_australis,1382Bo,1382,o,1,0.0486,48.6,1250,100,0.257201646,Chl.a.b,2.4862692851151462,Old,Grammica__Old,Grammica__Chl.a.b,0.9107833480848179,1382o,C_australis__Chl.a.b
7/2/18,6/3/18,AS-240,Grammica,C_australis,1382Bh,1382,h,1,0.0417,41.7,1250,100,0.299760192,Chl.a.b,2.8130552310026777,Haustorium,Grammica__Haustorium,Grammica__Chl.a.b,1.034271199062825,1382h,C_australis__Chl.a.b
7/2/18,6/3/18,AS-246,Grammica,C_australis,1382Ch,1382,h,1,0.0469,46.9,1250,100,0.26652452,Chl.a.b,3.889306936872278,Haustorium,Grammica__Haustorium,Grammica__Chl.a.b,1.3582310021400856,1382h,C_australis__Chl.a.b
-,12/6/17,AS-23,Grammica,C_cephalanthii,1567Ay,1567,y,1,0.0418,41.8,2050,100,0.490430622,Chl.a.b,4.256943556586078,Young,Grammica__Young,Grammica__Chl.a.b,1.4485514512841664,1567y,C_cephalanthii__Chl.a.b
-,12/6/17,AS-24,Grammica,C_cephalanthii,1567Ay,1567,y,2,0.0394,39.4,2050,100,0.520304569,Chl.a.b,4.456600955576777,Young,Grammica__Young,Grammica__Chl.a.b,1.4943863803276738,1567y,C_cephalanthii__Chl.a.b
6/5/18,6/11/18,AS-39,Grammica,C_cephalanthii,1567Gy,1567,y,1,0.0443,44.3,2050,100,0.46275395,Chl.a.b,4.7017293460012635,Young,Grammica__Young,Grammica__Chl.a.b,1.5479304082669845,1567y,C_cephalanthii__Chl.a.b
6/5/18,6/11/18,AS-40,Grammica,C_cephalanthii,1567Gy,1567,y,2,0.0457,45.7,2050,100,0.448577681,Chl.a.b,4.635512859136324,Young,Grammica__Young,Grammica__Chl.a.b,1.5337468636895812,1567y,C_cephalanthii__Chl.a.b
6/5/18,6/11/18,AS-47,Grammica,C_cephalanthii,1567Fy,1567,y,1,0.043,43,2050,100,0.476744186,Chl.a.b,4.730930725779032,Young,Grammica__Young,Grammica__Chl.a.b,1.554121975062309,1567y,C_cephalanthii__Chl.a.b
6/5/18,6/11/18,AS-48,Grammica,C_cephalanthii,1567Fy,1567,y,2,0.0423,42.3,2050,100,0.48463357,Chl.a.b,4.741526499782195,Young,Grammica__Young,Grammica__Chl.a.b,1.5563591513189905,1567y,C_cephalanthii__Chl.a.b
7/2/18,6/3/18,AS-222,Grammica,C_cephalanthii,1567Dy,1567,y,1,0.0269,26.9,1250,100,0.464684015,Chl.a.b,5.841850665754071,Young,Grammica__Young,Grammica__Chl.a.b,1.7650476585783428,1567y,C_cephalanthii__Chl.a.b
6/5/18,6/11/18,AS-31,Grammica,C_cephalanthii,1567Go,1567,o,1,0.0425,42.5,2050,100,0.482352941,Chl.a.b,2.911488519854084,Old,Grammica__Old,Grammica__Chl.a.b,1.0686645035991225,1567o,C_cephalanthii__Chl.a.b
6/5/18,6/11/18,AS-32,Grammica,C_cephalanthii,1567Go,1567,o,2,0.0598,59.8,2050,100,0.342809365,Chl.a.b,2.8714324213964884,Old,Grammica__Old,Grammica__Chl.a.b,1.0548110416194878,1567o,C_cephalanthii__Chl.a.b
6/5/18,6/11/18,AS-37,Grammica,C_cephalanthii,1567Fo,1567,o,1,0.0417,41.7,2050,100,0.491606715,Chl.a.b,2.3191953033268105,Old,Grammica__Old,Grammica__Chl.a.b,0.8412203166152427,1567o,C_cephalanthii__Chl.a.b
6/5/18,6/11/18,AS-38,Grammica,C_cephalanthii,1567Fo,1567,o,2,0.0533,53.3,2050,100,0.384615385,Chl.a.b,2.646211394230512,Old,Grammica__Old,Grammica__Chl.a.b,0.9731289922908808,1567o,C_cephalanthii__Chl.a.b
6/5/18,6/11/18,AS-45,Grammica,C_cephalanthii,1567Do,1567,o,1,0.0475,47.5,2050,100,0.431578947,Chl.a.b,2.8945283101426442,Old,Grammica__Old,Grammica__Chl.a.b,1.0628221997047298,1567o,C_cephalanthii__Chl.a.b
6/5/18,6/11/18,AS-46,Grammica,C_cephalanthii,1567Do,1567,o,2,0.048,48,2050,100,0.427083333,Chl.a.b,2.148327351677079,Old,Grammica__Old,Grammica__Chl.a.b,0.7646896099429142,1567o,C_cephalanthii__Chl.a.b
6/11/18,6/11/18,AS-126,Grammica,C_cephalanthii,1567Fo,1567,o,1,0.046,46,1250,100,0.27173913,Chl.a.b,2.4427833785824817,Old,Grammica__Old,Grammica__Chl.a.b,0.8931381590323951,1567o,C_cephalanthii__Chl.a.b
6/13/18,6/13/18,AS-127,Grammica,C_cephalanthii,1567Fo,1567,o,2,0.0499,49.9,1250,100,0.250501002,Chl.a.b,2.523567666990086,Old,Grammica__Old,Grammica__Chl.a.b,0.9256736808026114,1567o,C_cephalanthii__Chl.a.b
6/13/18,6/13/18,AS-130,Grammica,C_cephalanthii,1567Go,1567,o,1,0.0496,49.6,1250,100,0.252016129,Chl.a.b,2.7107055239848514,Old,Grammica__Old,Grammica__Chl.a.b,0.9972089788533678,1567o,C_cephalanthii__Chl.a.b
6/13/18,6/13/18,AS-131,Grammica,C_cephalanthii,1567Go,1567,o,2,0.0414,41.4,1250,100,0.301932367,Chl.a.b,2.55642342417663,Old,Grammica__Old,Grammica__Chl.a.b,0.9386092208235605,1567o,C_cephalanthii__Chl.a.b
6/13/18,6/13/18,AS-132,Grammica,C_cephalanthii,1567Do,1567,o,1,0.0511,51.1,1250,100,0.244618395,Chl.a.b,2.9920406046952865,Old,Grammica__Old,Grammica__Chl.a.b,1.095955664530147,1567o,C_cephalanthii__Chl.a.b
6/13/18,6/13/18,AS-133,Grammica,C_cephalanthii,1567Do,1567,o,2,0.0409,40.9,1250,100,0.305623472,Chl.a.b,2.5019395858689055,Old,Grammica__Old,Grammica__Chl.a.b,0.9170663053868122,1567o,C_cephalanthii__Chl.a.b
7/2/18,6/3/18,AS-214,Grammica,C_cephalanthii,1567Ao,1567,o,1,0.0422,42.2,1250,100,0.296208531,Chl.a.b,2.7874616158102263,Old,Grammica__Old,Grammica__Chl.a.b,1.0251314024534377,1567o,C_cephalanthii__Chl.a.b
7/4/18,7/4/18,AS-263,Grammica,C_cephalanthii,1567Bo,1567,o,1,0.0508,50.8,1250,100,0.246062992,Chl.a.b,2.711121754413722,Old,Grammica__Old,Grammica__Chl.a.b,0.9973625176486713,1567o,C_cephalanthii__Chl.a.b
6/13/18,6/13/18,AS-134,Grammica,C_cephalanthii,1567Gh,1567,h,1,0.0406,40.6,1250,100,0.307881773,Chl.a.b,2.9022227666346674,Haustorium,Grammica__Haustorium,Grammica__Chl.a.b,1.0654769491130278,1567h,C_cephalanthii__Chl.a.b
6/13/18,6/13/18,AS-135,Grammica,C_cephalanthii,1567Gh,1567,h,2,0.0512,51.2,1250,100,0.244140625,Chl.a.b,2.8752554196405855,Haustorium,Grammica__Haustorium,Grammica__Chl.a.b,1.056141546696766,1567h,C_cephalanthii__Chl.a.b
7/2/18,6/3/18,AS-236,Grammica,C_cephalanthii,1567Dh,1567,h,1,0.0475,47.5,1250,100,0.263157895,Chl.a.b,2.736268170393502,Haustorium,Grammica__Haustorium,Grammica__Chl.a.b,1.006595046997925,1567h,C_cephalanthii__Chl.a.b
7/2/18,6/3/18,AS-237,Grammica,C_cephalanthii,1567Fh,1567,h,1,0.0492,49.2,1250,100,0.254065041,Chl.a.b,2.9646029281601254,Haustorium,Grammica__Haustorium,Grammica__Chl.a.b,1.0867431375367975,1567h,C_cephalanthii__Chl.a.b
6/11/18,6/11/18,AS-122,Grammica,C_cephalanthii,1567Df,1567,f,1,0.0465,46.5,1250,100,0.268817204,Chl.a.b,3.0263156429372295,Flower,Grammica__Flower,Grammica__Chl.a.b,1.1073459532596008,1567f,C_cephalanthii__Chl.a.b
6/11/18,6/11/18,AS-123,Grammica,C_cephalanthii,1567Df,1567,f,2,0.0415,41.5,1250,100,0.301204819,Chl.a.b,3.0429758266964932,Flower,Grammica__Flower,Grammica__Chl.a.b,1.1128359598406539,1567f,C_cephalanthii__Chl.a.b
6/13/18,6/13/18,AS-169,Grammica,C_cephalanthii,1567Gs,1567,s,1,0.0496,49.6,1250,100,0.252016129,Chl.a.b,3.6852504548886063,Seed,Grammica__Seed,Grammica__Chl.a.b,1.3043385165153785,1567s,C_cephalanthii__Chl.a.b
6/14/18,6/14/18,AS-175,Grammica,C_cephalanthii,1567Fs,1567,s,1,0.0448,44.8,1250,100,0.279017857,Chl.a.b,3.3701574642265713,Seed,Grammica__Seed,Grammica__Chl.a.b,1.2149594982346654,1567s,C_cephalanthii__Chl.a.b
7/2/18,6/3/18,AS-208,Grammica,C_cephalanthii,1567Ds,1567,s,1,0.0575,57.5,1250,100,0.217391304,Chl.a.b,3.1924963806710953,Seed,Grammica__Seed,Grammica__Chl.a.b,1.1608032065499778,1567s,C_cephalanthii__Chl.a.b
7/2/18,6/3/18,AS-215,Grammica,C_cephalanthii,1567Cs,1567,s,1,0.029,29,1250,100,0.431034483,Chl.a.b,3.5118547439466195,Seed,Grammica__Seed,Grammica__Chl.a.b,1.256144343468423,1567s,C_cephalanthii__Chl.a.b
7/2/18,6/3/18,AS-216,Grammica,C_cephalanthii,1567Bs,1567,s,1,0.0541,54.1,1250,100,0.231053604,Chl.a.b,3.48915558669683,Seed,Grammica__Seed,Grammica__Chl.a.b,1.249659783363535,1567s,C_cephalanthii__Chl.a.b
6/13/18,6/13/18,AS-136,Grammica,C_costaricensis,CUCOAy,CUCO,y,1,0.0495,49.5,1250,100,0.252525253,Chl.a.b,5.164220670231293,Young,Grammica__Young,Grammica__Chl.a.b,1.641754223858189,CUCOy,C_costaricensis__Chl.a.b
6/13/18,6/13/18,AS-137,Grammica,C_costaricensis,CUCOAy,CUCO,y,2,0.0408,40.8,1250,100,0.306372549,Chl.a.b,5.120595494876813,Young,Grammica__Young,Grammica__Chl.a.b,1.6332707594103189,CUCOy,C_costaricensis__Chl.a.b
6/13/18,6/13/18,AS-158,Grammica,C_costaricensis,CUCOCy,CUCO,y,1,0.042,42,1250,100,0.297619048,Chl.a.b,6.691676552950291,Young,Grammica__Young,Grammica__Chl.a.b,1.9008644635098475,CUCOy,C_costaricensis__Chl.a.b
6/13/18,6/13/18,AS-159,Grammica,C_costaricensis,CUCOCy,CUCO,y,2,0.0483,48.3,1250,100,0.258799172,Chl.a.b,6.722198090436836,Young,Grammica__Young,Grammica__Chl.a.b,1.9054152127178479,CUCOy,C_costaricensis__Chl.a.b
6/13/18,6/13/18,AS-164,Grammica,C_costaricensis,CUCOBy,CUCO,y,1,0.0448,44.8,1250,100,0.279017857,Chl.a.b,5.5899523013970605,Young,Grammica__Young,Grammica__Chl.a.b,1.7209707721749523,CUCOy,C_costaricensis__Chl.a.b
6/5/18,6/11/18,AS-61,Grammica,C_costaricensis,CUCOCo,CUCO,o,1,0.0459,45.9,2050,100,0.446623094,Chl.a.b,2.063009603030398,Old,Grammica__Old,Grammica__Chl.a.b,0.7241659374374326,CUCOo,C_costaricensis__Chl.a.b
6/5/18,6/11/18,AS-62,Grammica,C_costaricensis,CUCOCo,CUCO,o,2,0.0433,43.3,2050,100,0.473441109,Chl.a.b,2.16937283899265,Old,Grammica__Old,Grammica__Chl.a.b,0.7744381575868591,CUCOo,C_costaricensis__Chl.a.b
6/5/18,6/11/18,AS-77,Grammica,C_costaricensis,CUCOBo,CUCO,o,1,0.044,44,2050,100,0.465909091,Chl.a.b,2.3669783522183088,Old,Grammica__Old,Grammica__Chl.a.b,0.8616142270760923,CUCOo,C_costaricensis__Chl.a.b
6/5/18,6/11/18,AS-78,Grammica,C_costaricensis,CUCOBo,CUCO,o,2,0.0468,46.8,2050,100,0.438034188,Chl.a.b,2.397733944832013,Old,Grammica__Old,Grammica__Chl.a.b,0.8745241433787868,CUCOo,C_costaricensis__Chl.a.b
6/11/18,6/11/18,AS-79,Grammica,C_costaricensis,CUCOBo,CUCO,o,3,0.0411,41.1,1250,100,0.304136253,Chl.a.b,2.571973127199051,Old,Grammica__Old,Grammica__Chl.a.b,0.9446733969895668,CUCOo,C_costaricensis__Chl.a.b
6/11/18,6/11/18,AS-80,Grammica,C_costaricensis,CUCOBo,CUCO,o,4,0.046,46,1250,100,0.27173913,Chl.a.b,2.6251532972616167,Old,Grammica__Old,Grammica__Chl.a.b,0.9651393313882535,CUCOo,C_costaricensis__Chl.a.b
6/13/18,6/13/18,AS-138,Grammica,C_costaricensis,CUCOAo,CUCO,o,1,0.048,48,1250,100,0.260416667,Chl.a.b,2.6819237542839662,Old,Grammica__Old,Grammica__Chl.a.b,0.9865343930634406,CUCOo,C_costaricensis__Chl.a.b
6/13/18,6/13/18,AS-139,Grammica,C_costaricensis,CUCOAo,CUCO,o,2,0.0491,49.1,1250,100,0.254582485,Chl.a.b,2.554899911952221,Old,Grammica__Old,Grammica__Chl.a.b,0.9380130886246268,CUCOo,C_costaricensis__Chl.a.b
6/5/18,6/11/18,AS-57,Grammica,C_costaricensis,CUCOCh,CUCO,h,1,0.0402,40.2,2050,100,0.509950249,Chl.a.b,2.4864131040668265,Haustorium,Grammica__Haustorium,Grammica__Chl.a.b,0.9108411916930277,CUCOh,C_costaricensis__Chl.a.b
6/5/18,6/11/18,AS-58,Grammica,C_costaricensis,CUCOCh,CUCO,h,2,0.0432,43.2,2050,100,0.474537037,Chl.a.b,2.594700222659785,Haustorium,Grammica__Haustorium,Grammica__Chl.a.b,0.9534710273518379,CUCOh,C_costaricensis__Chl.a.b
6/5/18,6/11/18,AS-67,Grammica,C_costaricensis,CUCOBh,CUCO,h,1,0.0463,46.3,2050,100,0.442764579,Chl.a.b,2.7636864262412066,Haustorium,Grammica__Haustorium,Grammica__Chl.a.b,1.016565486391621,CUCOh,C_costaricensis__Chl.a.b
6/5/18,6/11/18,AS-68,Grammica,C_costaricensis,CUCOBh,CUCO,h,2,0.0412,41.2,2050,100,0.497572816,Chl.a.b,2.7999339102698557,Haustorium,Grammica__Haustorium,Grammica__Chl.a.b,1.0295958491426684,CUCOh,C_costaricensis__Chl.a.b
6/13/18,6/13/18,AS-140,Grammica,C_costaricensis,CUCOAh,CUCO,h,1,0.044,44,1250,100,0.284090909,Chl.a.b,3.1733948107107315,Haustorium,Grammica__Haustorium,Grammica__Chl.a.b,1.1548019645826315,CUCOh,C_costaricensis__Chl.a.b
6/13/18,6/13/18,AS-141,Grammica,C_costaricensis,CUCOAh,CUCO,h,2,0.0438,43.8,1250,100,0.285388128,Chl.a.b,3.111291851158786,Haustorium,Grammica__Haustorium,Grammica__Chl.a.b,1.1350380583078479,CUCOh,C_costaricensis__Chl.a.b
6/5/18,6/11/18,AS-71,Grammica,C_tasmanica,1715Cy,17-15,y,1,0.049,49,2050,100,0.418367347,Chl.a.b,4.721059129756222,Young,Grammica__Young,Grammica__Chl.a.b,1.5520331875045599,17-15y,C_tasmanica__Chl.a.b
6/5/18,6/11/18,AS-72,Grammica,C_tasmanica,1715Cy,17-15,y,2,0.044,44,2050,100,0.465909091,Chl.a.b,4.54969816163674,Young,Grammica__Young,Grammica__Chl.a.b,1.5150609146400542,17-15y,C_tasmanica__Chl.a.b
6/11/18,6/11/18,AS-89,Grammica,C_tasmanica,1715Ay,17-15,y,1,0.0478,47.8,1250,100,0.261506276,Chl.a.b,8.124307073364152,Young,Grammica__Young,Grammica__Chl.a.b,2.0948604536094595,17-15y,C_tasmanica__Chl.a.b
6/11/18,6/11/18,AS-90,Grammica,C_tasmanica,1715Ay,17-15,y,2,0.0485,48.5,1250,100,0.257731959,Chl.a.b,8.198334223702455,Young,Grammica__Young,Grammica__Chl.a.b,2.1039310023804614,17-15y,C_tasmanica__Chl.a.b
6/11/18,6/11/18,AS-93,Grammica,C_tasmanica,1715By,17-15,y,1,0.0515,51.5,1250,100,0.242718447,Chl.a.b,5.8265454878630685,Young,Grammica__Young,Grammica__Chl.a.b,1.7624243012283363,17-15y,C_tasmanica__Chl.a.b
6/11/18,6/11/18,AS-94,Grammica,C_tasmanica,1715By,17-15,y,2,0.0515,51.5,1250,100,0.242718447,Chl.a.b,6.422264899223122,Young,Grammica__Young,Grammica__Chl.a.b,1.8597708590986164,17-15y,C_tasmanica__Chl.a.b
6/13/18,6/13/18,AS-142,Grammica,C_tasmanica,1715Dy,17-15,y,1,0.045,45,1250,100,0.277777778,Chl.a.b,4.720645817490135,Young,Grammica__Young,Grammica__Chl.a.b,1.5519456371606537,17-15y,C_tasmanica__Chl.a.b
6/13/18,6/13/18,AS-143,Grammica,C_tasmanica,1715Dy,17-15,y,2,0.0498,49.8,1250,100,0.251004016,Chl.a.b,5.410075629154131,Young,Grammica__Young,Grammica__Chl.a.b,1.6882630907556375,17-15y,C_tasmanica__Chl.a.b
6/5/18,6/11/18,AS-69,Grammica,C_tasmanica,1715Co,17-15,o,1,0.048,48,2050,100,0.427083333,Chl.a.b,2.039435946462715,Old,Grammica__Old,Grammica__Chl.a.b,0.71267332182499,17-15o,C_tasmanica__Chl.a.b
6/5/18,6/11/18,AS-70,Grammica,C_tasmanica,1715Co,17-15,o,2,0.0481,48.1,2050,100,0.426195426,Chl.a.b,2.7198552441835897,Old,Grammica__Old,Grammica__Chl.a.b,1.000578696608233,17-15o,C_tasmanica__Chl.a.b
6/11/18,6/11/18,AS-91,Grammica,C_tasmanica,1715Bo,17-15,o,1,0.0492,49.2,1250,100,0.254065041,Chl.a.b,2.991105787034801,Old,Grammica__Old,Grammica__Chl.a.b,1.0956431809050977,17-15o,C_tasmanica__Chl.a.b
6/11/18,6/11/18,AS-92,Grammica,C_tasmanica,1715Bo,17-15,o,2,0.0498,49.8,1250,100,0.251004016,Chl.a.b,2.7765631786874057,Old,Grammica__Old,Grammica__Chl.a.b,1.0212139322510574,17-15o,C_tasmanica__Chl.a.b
6/11/18,6/11/18,AS-95,Grammica,C_tasmanica,1715Ao,17-15,o,1,0.0418,41.8,1250,100,0.299043062,Chl.a.b,2.220154638200803,Old,Grammica__Old,Grammica__Chl.a.b,0.7975768953473775,17-15o,C_tasmanica__Chl.a.b
6/11/18,6/11/18,AS-96,Grammica,C_tasmanica,1715Ao,17-15,o,2,0.0472,47.2,1250,100,0.264830508,Chl.a.b,2.68372413105271,Old,Grammica__Old,Grammica__Chl.a.b,0.9872054683213313,17-15o,C_tasmanica__Chl.a.b
6/11/18,6/11/18,AS-110,Grammica,C_tasmanica,1715Bo,17-15,o,1,0.0523,52.3,1250,100,0.239005736,Chl.a.b,3.60390213590263,Old,Grammica__Old,Grammica__Chl.a.b,1.2820172128250606,17-15o,C_tasmanica__Chl.a.b
6/11/18,6/11/18,AS-111,Grammica,C_tasmanica,1715Bo,17-15,o,2,0.0466,46.6,1250,100,0.268240343,Chl.a.b,2.8219864584729133,Old,Grammica__Old,Grammica__Chl.a.b,1.0374410902984115,17-15o,C_tasmanica__Chl.a.b
6/13/18,6/13/18,AS-144,Grammica,C_tasmanica,1715Do,17-15,o,1,0.0505,50.5,1250,100,0.247524752,Chl.a.b,3.8731492453939995,Old,Grammica__Old,Grammica__Chl.a.b,1.3540679604382815,17-15o,C_tasmanica__Chl.a.b
6/13/18,6/13/18,AS-145,Grammica,C_tasmanica,1715Do,17-15,o,2,0.041,41,1250,100,0.304878049,Chl.a.b,4.2331768430525365,Old,Grammica__Old,Grammica__Chl.a.b,1.4429527615280269,17-15o,C_tasmanica__Chl.a.b
6/13/18,6/13/18,AS-150,Grammica,C_tasmanica,1715Dh,17-15,h,1,0.0406,40.6,1250,100,0.307881773,Chl.a.b,3.7412515105332758,Haustorium,Grammica__Haustorium,Grammica__Chl.a.b,1.3194202106646724,17-15h,C_tasmanica__Chl.a.b
6/13/18,6/13/18,AS-151,Grammica,C_tasmanica,1715Dh,17-15,h,2,0.0433,43.3,1250,100,0.288683603,Chl.a.b,3.7833064983260845,Haustorium,Grammica__Haustorium,Grammica__Chl.a.b,1.3305983887125943,17-15h,C_tasmanica__Chl.a.b
6/13/18,6/13/18,AS-166,Grammica,C_tasmanica,1715Ch,17-15,h,1,0.052,52,1250,100,0.240384615,Chl.a.b,3.499210951684197,Haustorium,Grammica__Haustorium,Grammica__Chl.a.b,1.2525375292813425,17-15h,C_tasmanica__Chl.a.b
6/14/18,6/14/18,AS-180,Grammica,C_tasmanica,1715Ah,17-15,h,1,0.0467,46.7,1250,100,0.267665953,Chl.a.b,3.6141345403464964,Haustorium,Grammica__Haustorium,Grammica__Chl.a.b,1.2848524466909363,17-15h,C_tasmanica__Chl.a.b
6/14/18,6/14/18,AS-181,Grammica,C_tasmanica,1715Bh,17-15,h,1,0.0419,41.9,1250,100,0.298329356,Chl.a.b,3.9032230202770557,Haustorium,Grammica__Haustorium,Grammica__Chl.a.b,1.3618026529178764,17-15h,C_tasmanica__Chl.a.b
6/5/18,6/11/18,AS-59,Grammica,C_tasmanica,1715Bf,17-15,f,1,0.0417,41.7,2050,100,0.491606715,Chl.a.b,3.3448522784079615,Flower,Grammica__Flower,Grammica__Chl.a.b,1.2074225605907887,17-15f,C_tasmanica__Chl.a.b
6/5/18,6/11/18,AS-60,Grammica,C_tasmanica,1715Bf,17-15,f,2,0.0475,47.5,2050,100,0.431578947,Chl.a.b,3.6241152714285283,Flower,Grammica__Flower,Grammica__Chl.a.b,1.2876102230571458,17-15f,C_tasmanica__Chl.a.b
6/11/18,6/11/18,AS-97,Grammica,C_tasmanica,1715Df,17-15,f,1,0.0475,47.5,1250,100,0.263157895,Chl.a.b,3.80394323410055,Flower,Grammica__Flower,Grammica__Chl.a.b,1.336038248173808,17-15f,C_tasmanica__Chl.a.b
6/11/18,6/11/18,AS-98,Grammica,C_tasmanica,1715Df,17-15,f,1,0.0413,41.3,1250,100,0.302663438,Chl.a.b,3.7644867240471234,Flower,Grammica__Flower,Grammica__Chl.a.b,1.3256115502480226,17-15f,C_tasmanica__Chl.a.b
6/13/18,6/13/18,AS-148,Grammica,C_tasmanica,1715Af,17-15,f,1,0.0419,41.9,1250,100,0.298329356,Chl.a.b,3.7055110098936614,Flower,Grammica__Flower,Grammica__Chl.a.b,1.3098212006219352,17-15f,C_tasmanica__Chl.a.b
6/13/18,6/13/18,AS-149,Grammica,C_tasmanica,1715Af,17-15,f,2,0.0514,51.4,1250,100,0.243190661,Chl.a.b,3.7298798769684747,Flower,Grammica__Flower,Grammica__Chl.a.b,1.316376055381568,17-15f,C_tasmanica__Chl.a.b
7/4/18,7/4/18,AS-262,Grammica,C_tasmanica,1715Cf,17-15,f,1,0.0524,52.4,1250,100,0.238549618,Chl.a.b,3.2202296693487833,Flower,Grammica__Flower,Grammica__Chl.a.b,1.1694527139511475,17-15f,C_tasmanica__Chl.a.b
6/11/18,6/11/18,AS-99,Grammica,C_californica,17105Ay,ss17-105,y,2,0.0395,39.5,1250,100,0.316455696,Chl.a.b,6.592557882187857,Young,Grammica__Young,Grammica__Chl.a.b,1.8859414343811223,ss17-105y,C_californica__Chl.a.b
6/13/18,6/13/18,AS-154,Grammica,C_californica,17105Cy,ss17-105,y,1,0.0415,41.5,1250,100,0.301204819,Chl.a.b,5.664659695161843,Young,Grammica__Young,Grammica__Chl.a.b,1.7342468388658718,ss17-105y,C_californica__Chl.a.b
6/13/18,6/13/18,AS-155,Grammica,C_californica,17105Cy,ss17-105,y,2,0.0323,32.3,1250,100,0.386996904,Chl.a.b,5.460695836281391,Young,Grammica__Young,Grammica__Chl.a.b,1.6975762424917664,ss17-105y,C_californica__Chl.a.b
6/13/18,6/13/18,AS-172,Grammica,C_californica,17105By,ss17-105,y,1,0.0162,16.2,1250,100,0.771604938,Chl.a.b,3.436091892726328,Young,Grammica__Young,Grammica__Chl.a.b,1.2343347769668518,ss17-105y,C_californica__Chl.a.b
7/10/18,7/11/18,AS-272,Grammica,C_californica,17105Dy,ss17-105,y,1,0.0518,51.8,1250,100,0.241312741,Chl.a.b,0.15286116989795884,Young,Grammica__Young,Grammica__Chl.a.b,0,ss17-105y,C_californica__Chl.a.b
7/11/18,7/11/18,AS-312,Grammica,C_californica,17105Ey,ss17-105,y,1,0.0168,16.8,950,100,0.56547619,Chl.a.b,0.3254992466391193,Young,Grammica__Young,Grammica__Chl.a.b,0,ss17-105y,C_californica__Chl.a.b
6/5/18,6/11/18,AS-63,Grammica,C_californica,17105Do,ss17-105,o,1,0.049,49,2050,100,0.418367347,Chl.a.b,3.172610801341867,Old,Grammica__Old,Grammica__Chl.a.b,1.1545548770771759,ss17-105o,C_californica__Chl.a.b
6/5/18,6/11/18,AS-64,Grammica,C_californica,17105Do,ss17-105,o,2,0.0442,44.2,2050,100,0.463800905,Chl.a.b,3.2333871955197364,Old,Grammica__Old,Grammica__Chl.a.b,1.1735302860379628,ss17-105o,C_californica__Chl.a.b
6/11/18,6/11/18,AS-102,Grammica,C_californica,17105Ao,ss17-105,o,1,0.0448,44.8,1250,100,0.279017857,Chl.a.b,3.5731761738734873,Old,Grammica__Old,Grammica__Chl.a.b,1.2734549128015291,ss17-105o,C_californica__Chl.a.b
6/11/18,6/11/18,AS-103,Grammica,C_californica,17105Ao,ss17-105,o,2,0.0492,49.2,1250,100,0.254065041,Chl.a.b,3.3026168067178996,Old,Grammica__Old,Grammica__Chl.a.b,1.1947151562481755,ss17-105o,C_californica__Chl.a.b
6/13/18,6/13/18,AS-146,Grammica,C_californica,17105Co,ss17-105,o,1,0.0465,46.5,1250,100,0.268817204,Chl.a.b,4.0677022941612435,Old,Grammica__Old,Grammica__Chl.a.b,1.4030783177326807,ss17-105o,C_californica__Chl.a.b
6/13/18,6/13/18,AS-147,Grammica,C_californica,17105Co,ss17-105,o,2,0.0465,46.5,1250,100,0.268817204,Chl.a.b,3.469173920049379,Old,Grammica__Old,Grammica__Chl.a.b,1.243916531056141,ss17-105o,C_californica__Chl.a.b
6/13/18,6/13/18,AS-171,Grammica,C_californica,17105Bo,ss17-105,o,1,0.0506,50.6,1250,100,0.247035573,Chl.a.b,2.871638476711057,Old,Grammica__Old,Grammica__Chl.a.b,1.0548827995034273,ss17-105o,C_californica__Chl.a.b
6/13/18,6/13/18,AS-152,Grammica,C_californica,17105Ch,ss17-105,h,1,0.0448,44.8,1250,100,0.279017857,Chl.a.b,3.9541289652358076,Haustorium,Grammica__Haustorium,Grammica__Chl.a.b,1.374760365904065,ss17-105h,C_californica__Chl.a.b
6/13/18,6/13/18,AS-153 ,Grammica,C_californica,17105Ch,ss17-105,h,2,0.0152,15.2,1250,100,0.822368421,Chl.a.b,3.526285968055619,Haustorium,Grammica__Haustorium,Grammica__Chl.a.b,1.2602452117271665,ss17-105h,C_californica__Chl.a.b
6/13/18,6/13/18,AS-156,Grammica,C_californica,17105Ah,ss17-105,h,1,0.0448,44.8,1250,100,0.279017857,Chl.a.b,4.136105696755547,Haustorium,Grammica__Haustorium,Grammica__Chl.a.b,1.4197547163653295,ss17-105h,C_californica__Chl.a.b
6/13/18,6/13/18,AS-157,Grammica,C_californica,17105Ah,ss17-105,h,2,0.0429,42.9,1250,100,0.291375291,Chl.a.b,4.130709569245225,Haustorium,Grammica__Haustorium,Grammica__Chl.a.b,1.4184492249584137,ss17-105h,C_californica__Chl.a.b
6/13/18,6/13/18,AS-167,Grammica,C_californica,17105Bh,ss17-105,h,1,0.05,50,1250,100,0.25,Chl.a.b,4.12292256425784,Haustorium,Grammica__Haustorium,Grammica__Chl.a.b,1.416562296395763,ss17-105h,C_californica__Chl.a.b
7/2/18,6/3/18,AS-239,Grammica,C_californica,17105Eh,ss17-105,h,1,0.0431,43.1,1250,100,0.290023202,Chl.a.b,3.7991150373797478,Haustorium,Grammica__Haustorium,Grammica__Chl.a.b,1.3347681810322936,ss17-105h,C_californica__Chl.a.b
7/10/18,7/11/18,AS-298,Grammica,C_californica,17105Dh,ss17-105,h,1,0.0455,45.5,1250,100,0.274725275,Chl.a.b,1.942649982596178,Haustorium,Grammica__Haustorium,Grammica__Chl.a.b,0.6640530628728397,ss17-105h,C_californica__Chl.a.b
6/14/18,6/14/18,AS-179,Grammica,C_californica,17105Cf,ss17-105,f,1,0.0459,45.9,1250,100,0.272331155,Chl.a.b,4.09860096360866,Flower,Grammica__Flower,Grammica__Chl.a.b,1.4106457114890458,ss17-105f,C_californica__Chl.a.b
7/4/18,7/4/18,AS-251,Grammica,C_californica,17105Af,ss17-105,f,1,0.0549,54.9,1250,100,0.227686703,Chl.a.b,4.147590951721735,Flower,Grammica__Flower,Grammica__Chl.a.b,1.4225276962403415,ss17-105f,C_californica__Chl.a.b
7/4/18,7/4/18,AS-252,Grammica,C_californica,17105Bf,ss17-105,f,1,0.0456,45.6,1250,100,0.274122807,Chl.a.b,3.843936520924963,Flower,Grammica__Flower,Grammica__Chl.a.b,1.3464970031794474,ss17-105f,C_californica__Chl.a.b
7/4/18,7/4/18,AS-253,Grammica,C_californica,17105Bf,ss17-105,f,2,0.0521,52.1,1250,100,0.239923225,Chl.a.b,3.928149990757269,Flower,Grammica__Flower,Grammica__Chl.a.b,1.3681686002401374,ss17-105f,C_californica__Chl.a.b
7/10/18,7/11/18,AS-279,Grammica,C_californica,17105Df,ss17-105,f,1,0.0484,48.4,1250,100,0.258264463,Chl.a.b,0.34796161983088486,Flower,Grammica__Flower,Grammica__Chl.a.b,0,ss17-105f,C_californica__Chl.a.b
7/10/18,7/11/18,AS-280,Grammica,C_californica,17105Ef,ss17-105,f,1,0.0462,46.2,1250,100,0.270562771,Chl.a.b,0.2755623279886959,Flower,Grammica__Flower,Grammica__Chl.a.b,0,ss17-105f,C_californica__Chl.a.b
6/5/18,6/11/18,AS-73,Grammica,C_californica,17105Eo,ss17-105,o,1,0.0481,48.1,2050,100,0.426195426,Chl.a.b,2.8069604822577396,Old,Grammica__Old,Grammica__Chl.a.b,1.0321022546226994,ss17-105o,C_californica__Chl.a.b
6/5/18,6/11/18,AS-74,Grammica,C_californica,17105Eo,ss17-105,o,2,0.0476,47.6,2050,100,0.430672269,Chl.a.b,3.3307166826462127,Old,Grammica__Old,Grammica__Chl.a.b,1.2031875308732933,ss17-105o,C_californica__Chl.a.b
6/11/18,6/11/18,AS-104,Grammica,C_indecora,1677Dy,ss16-17,y,1,0.0464,46.4,1250,100,0.269396552,Chl.a.b,5.144889475877091,Young,Grammica__Young,Grammica__Chl.a.b,1.6380039066411325,ss16-17y,C_indecora__Chl.a.b
6/11/18,6/11/18,AS-105,Grammica,C_indecora,1677Dy,ss16-17,y,2,0.0431,43.1,1250,100,0.290023202,Chl.a.b,5.464042298158571,Young,Grammica__Young,Grammica__Chl.a.b,1.6981888817842423,ss16-17y,C_indecora__Chl.a.b
6/11/18,6/11/18,AS-106,Grammica,C_indecora,1677By,ss16-17,y,1,0.0505,50.5,1250,100,0.247524752,Chl.a.b,5.034669899167019,Young,Grammica__Young,Grammica__Chl.a.b,1.6163479826456384,ss16-17y,C_indecora__Chl.a.b
6/11/18,6/11/18,AS-107,Grammica,C_indecora,1677By,ss16-17,y,2,0.051,51,1250,100,0.245098039,Chl.a.b,4.86899016232204,Young,Grammica__Young,Grammica__Chl.a.b,1.582886577264705,ss16-17y,C_indecora__Chl.a.b
6/11/18,6/11/18,AS-100,Grammica,C_indecora,1677Do,ss16-17,o,1,0.0497,49.7,1250,100,0.251509054,Chl.a.b,2.0298374973154845,Old,Grammica__Old,Grammica__Chl.a.b,0.7079557885309979,ss16-17o,C_indecora__Chl.a.b
6/11/18,6/11/18,AS-101,Grammica,C_indecora,1677Do,ss16-17,o,2,0.043,43,1250,100,0.290697674,Chl.a.b,2.1724657915508896,Old,Grammica__Old,Grammica__Chl.a.b,0.7758628779425119,ss16-17o,C_indecora__Chl.a.b
6/14/18,6/14/18,AS-188,Grammica,C_indecora,1677Co,ss16-17,o,1,0.0495,49.5,1250,100,0.252525253,Chl.a.b,2.0130009851468547,Old,Grammica__Old,Grammica__Chl.a.b,0.6996266857269848,ss16-17o,C_indecora__Chl.a.b
7/11/18,7/11/18,AS-308,Grammica,C_indecora,1677Bo,ss16-17,o,1,0.0472,47.2,1250,100,0.264830508,Chl.a.b,2.954607349956655,Old,Grammica__Old,Grammica__Chl.a.b,1.0833657993794323,ss16-17o,C_indecora__Chl.a.b
7/2/18,6/3/18,AS-223,Grammica,C_indecora,1677Dh,ss16-17,h,1,0.0416,41.6,1250,100,0.300480769,Chl.a.b,3.7019849060547476,Haustorium,Grammica__Haustorium,Grammica__Chl.a.b,1.3088691639147803,ss16-17h,C_indecora__Chl.a.b
7/10/18,7/11/18,AS-283,Grammica,C_indecora,1677Bh,ss16-17,h,1,0.0454,45.4,1250,100,0.275330396,Chl.a.b,3.174112617614802,Haustorium,Grammica__Haustorium,Grammica__Chl.a.b,1.1550281342697468,ss16-17h,C_indecora__Chl.a.b
6/14/18,6/14/18,AS-189,Grammica,C_indecora,1677Df,ss16-17,f,1,0.0435,43.5,1250,100,0.287356322,Chl.a.b,4.095686293447947,Flower,Grammica__Flower,Grammica__Chl.a.b,1.4099343207064041,ss16-17f,C_indecora__Chl.a.b
6/14/18,6/14/18,AS-195,Grammica,C_indecora,1677Af,ss16-17,f,1,0.054,54,1250,100,0.231481481,Chl.a.b,3.8047878466572826,Flower,Grammica__Flower,Grammica__Chl.a.b,1.3362602595786104,ss16-17f,C_indecora__Chl.a.b
7/2/18,6/3/18,AS-243,Grammica,C_indecora,1677Bf,ss16-17,f,1,0.0441,44.1,1250,100,0.283446712,Chl.a.b,3.856906942447197,Flower,Grammica__Flower,Grammica__Chl.a.b,1.3498655779367452,ss16-17f,C_indecora__Chl.a.b
7/2/18,6/3/18,AS-204,Grammica,C_denticulata,1346Dy,ss13-46,y,1,0.0447,44.7,1250,100,0.279642058,Chl.a.b,4.773475085654256,Young,Grammica__Young,Grammica__Chl.a.b,1.5630745900878265,ss13-46y,C_denticulata__Chl.a.b
7/4/18,7/4/18,AS-268,Grammica,C_denticulata,1346Dy,ss13-46,y,1,0.0427,42.7,1250,100,0.292740047,Chl.a.b,5.145257168927714,Young,Grammica__Young,Grammica__Chl.a.b,1.6380753717147265,ss13-46y,C_denticulata__Chl.a.b
7/10/18,7/11/18,AS-278,Grammica,C_denticulata,1346By,ss13-46,y,1,0.0437,43.7,1250,100,0.28604119,Chl.a.b,7.95270409052762,Young,Grammica__Young,Grammica__Chl.a.b,2.073512020580331,ss13-46y,C_denticulata__Chl.a.b
7/10/18,7/11/18,AS-289,Grammica,C_denticulata,1346Ay,ss13-46,y,1,0.0426,42.6,1250,100,0.29342723,Chl.a.b,0.800766171536603,Young,Grammica__Young,Grammica__Chl.a.b,0,ss13-46y,C_denticulata__Chl.a.b
7/10/18,7/11/18,AS-292,Grammica,C_denticulata,1346Cy,ss13-46,y,1,0.0516,51.6,1350,100,0.261627907,Chl.a.b,0.9707841132931823,Young,Grammica__Young,Grammica__Chl.a.b,0,ss13-46y,C_denticulata__Chl.a.b
7/10/18,7/11/18,AS-294,Grammica,C_denticulata,1346Dy,ss13-46,y,1,0.0493,49.3,1250,100,0.253549696,Chl.a.b,0.1522802655680174,Young,Grammica__Young,Grammica__Chl.a.b,0,ss13-46y,C_denticulata__Chl.a.b
7/11/18,7/11/18,AS-315,Grammica,C_denticulata,1346y (trial) ,ss13-46,y,1,0.0461,46.1,1250,100,0.271149675,Chl.a.b,7.2318570572946,Young,Grammica__Young,Grammica__Chl.a.b,1.9784958714145302,ss13-46y,C_denticulata__Chl.a.b
6/13/18,6/13/18,AS-170,Grammica,C_denticulata,1346Ao,ss13-46,o,1,0.0493,49.3,1250,100,0.253549696,Chl.a.b,3.0649790660525427,Old,Grammica__Old,Grammica__Chl.a.b,1.1200407719923293,ss13-46o,C_denticulata__Chl.a.b
7/2/18,6/3/18,AS-233,Grammica,C_denticulata,1346Do,ss13-46,o,1,0.0465,46.5,1250,100,0.268817204,Chl.a.b,2.797804876520388,Old,Grammica__Old,Grammica__Chl.a.b,1.028835172784892,ss13-46o,C_denticulata__Chl.a.b
7/4/18,7/4/18,AS-257,Grammica,C_denticulata,1346Bo,ss13-46,o,1,0.0493,49.3,1250,100,0.253549696,Chl.a.b,2.5137305897651645,Old,Grammica__Old,Grammica__Chl.a.b,0.9217679802314258,ss13-46o,C_denticulata__Chl.a.b
7/4/18,7/4/18,AS-269,Grammica,C_denticulata,1346Ao,ss13-46,o,1,0.0447,44.7,1250,100,0.279642058,Chl.a.b,2.587708245447818,Old,Grammica__Old,Grammica__Chl.a.b,0.950772675329761,ss13-46o,C_denticulata__Chl.a.b
7/10/18,7/11/18,AS-293,Grammica,C_denticulata,1346Do,ss13-46,o,1,0.051,51,1250,100,0.245098039,Chl.a.b,2.7170211721162394,Old,Grammica__Old,Grammica__Chl.a.b,0.9995361596797525,ss13-46o,C_denticulata__Chl.a.b
6/14/18,6/14/18,AS-176,Grammica,C_denticulata,1346Ah,ss13-46,h,1,0.0499,49.9,1250,100,0.250501002,Chl.a.b,3.1915586412684287,Haustorium,Grammica__Haustorium,Grammica__Chl.a.b,1.1605094310806843,ss13-46h,C_denticulata__Chl.a.b
7/4/18,7/4/18,AS-256,Grammica,C_denticulata,1346Bh,ss13-46,h,1,0.0505,50.5,1250,100,0.247524752,Chl.a.b,3.627983442634856,Haustorium,Grammica__Haustorium,Grammica__Chl.a.b,1.2886769960339068,ss13-46h,C_denticulata__Chl.a.b
7/10/18,7/11/18,AS-277,Grammica,C_denticulata,13466Dh,ss13-46,h,1,0.0425,42.5,1250,100,0.294117647,Chl.a.b,0.3172903510964745,Haustorium,Grammica__Haustorium,Grammica__Chl.a.b,0,ss13-46h,C_denticulata__Chl.a.b
7/10/18,7/11/18,AS-291,Grammica,C_denticulata,1346Ch,ss13-46,h,1,0.0428,42.8,1250,100,0.292056075,Chl.a.b,0.200161001260438,Haustorium,Grammica__Haustorium,Grammica__Chl.a.b,0,ss13-46h,C_denticulata__Chl.a.b
7/10/18,7/11/18,AS-274,Grammica,C_denticulata,1346Cf,ss13-46,f,1,0.045,45,1250,100,0.277777778,Chl.a.b,0.13118504895088354,Flower,Grammica__Flower,Grammica__Chl.a.b,0,ss13-46f,C_denticulata__Chl.a.b
7/10/18,7/11/18,AS-290,Grammica,C_denticulata,1346Af,ss13-46,f,1,0.0421,42.1,1250,100,0.296912114,Chl.a.b,0.04702275975569817,Flower,Grammica__Flower,Grammica__Chl.a.b,0,ss13-46f,C_denticulata__Chl.a.b
-,12/6/17,AS-01,Grammica,C_sandwichiana,155sdlg,155,sdlg,1,0.0344,34.4,2050,100,0.595930233,Tot.Car,29.56853258006352,Seedling,Grammica__Seedling,Grammica__Tot.Car,3.386710710721224,155sdlg,C_sandwichiana__Tot.Car
-,12/6/17,AS-06,Grammica,C_sandwichiana,155sdlg,155,sdlg,2,0.0328,32.8,2050,100,0.625,Tot.Car,33.97656875,Seedling,Grammica__Seedling,Grammica__Tot.Car,3.5256711355715424,155sdlg,C_sandwichiana__Tot.Car
6/14/18,6/14/18,AS-197,Grammica,C_sandwichiana,155Cy,155,y,1,0.0435,43.5,1250,100,0.287356322,Tot.Car,37.21294829670131,Young,Grammica__Young,Grammica__Tot.Car,3.6166567758951316,155y,C_sandwichiana__Tot.Car
7/14/18,6/3/18,AS-228,Grammica,C_sandwichiana,155Ay,155,y,1,0.0464,46.4,1250,100,0.269396552,Tot.Car,43.490519979879124,Young,Grammica__Young,Grammica__Tot.Car,3.772542985146439,155y,C_sandwichiana__Tot.Car
7/2/18,6/3/18,AS-231,Grammica,C_sandwichiana,155Dy,155,y,1,0.053900000000000003,53.9,1250,100,0.231910946,Tot.Car,46.33222630579377,Young,Grammica__Young,Grammica__Tot.Car,3.8358377536547623,155y,C_sandwichiana__Tot.Car
7/2/18,6/3/18,AS-241,Grammica,C_sandwichiana,155By,155,y,1,0.0448,44.8,1250,100,0.279017857,Tot.Car,43.84914618290638,Young,Grammica__Young,Grammica__Tot.Car,3.7807552495957464,155y,C_sandwichiana__Tot.Car
7/11/18,7/11/18,AS-309,Grammica,C_sandwichiana,155Cy,155,y,1,0.084,84,1250,100,0.148809524,Tot.Car,57.882776859804245,Young,Grammica__Young,Grammica__Tot.Car,4.058419878494279,155y,C_sandwichiana__Tot.Car
6/14/18,6/14/18,AS-184,Grammica,C_sandwichiana,155Ao,155,o,1,0.0484,48.4,1250,100,0.258264463,Tot.Car,13.217298563446938,Old,Grammica__Old,Grammica__Tot.Car,2.581526476436981,155o,C_sandwichiana__Tot.Car
6/14/18,6/14/18,AS-186,Grammica,C_sandwichiana,155Do,155,o,1,0.0455,45.5,1250,100,0.274725275,Tot.Car,7.9062142936205,Old,Grammica__Old,Grammica__Tot.Car,2.067649082343961,155o,C_sandwichiana__Tot.Car
6/14/18,6/14/18,AS-187,Grammica,C_sandwichiana,155Bo,155,o,1,0.0477,47.7,1250,100,0.262054507,Tot.Car,11.79795333910193,Old,Grammica__Old,Grammica__Tot.Car,2.4679260790653768,155o,C_sandwichiana__Tot.Car
7/2/18,6/3/18,AS-203,Grammica,C_sandwichiana,155Co,155,o,1,0.0498,49.8,1250,100,0.251004016,Tot.Car,13.08206826974336,Old,Grammica__Old,Grammica__Tot.Car,2.5712424657708435,155o,C_sandwichiana__Tot.Car
7/2/18,6/3/18,AS-229,Grammica,C_sandwichiana,155Bh,155,h,1,0.045,45,1250,100,0.277777778,Tot.Car,37.30915836318066,Haustorium,Grammica__Haustorium,Grammica__Tot.Car,3.6192388317168502,155h,C_sandwichiana__Tot.Car
7/2/18,6/3/18,AS-230,Grammica,C_sandwichiana,155Ch,155,h,1,0.0446,44.6,1250,100,0.280269058,Tot.Car,41.06217204184014,Haustorium,Grammica__Haustorium,Grammica__Tot.Car,3.715087311843764,155h,C_sandwichiana__Tot.Car
7/2/18,6/3/18,AS-232,Grammica,C_sandwichiana,155Dh,155,h,1,0.0408,40.8,1250,100,0.306372549,Tot.Car,29.76142156672272,Haustorium,Grammica__Haustorium,Grammica__Tot.Car,3.3932129798831214,155h,C_sandwichiana__Tot.Car
7/2/18,6/3/18,AS-245,Grammica,C_sandwichiana,155Ch,155,h,1,0.0482,48.2,1250,100,0.2593361,Tot.Car,19.344258329706,Haustorium,Grammica__Haustorium,Grammica__Tot.Car,2.9623956534660962,155h,C_sandwichiana__Tot.Car
7/10/18,7/11/18,AS-281,Grammica,C_sandwichiana,155Ah,155,h,1,0.0488,48.8,1250,100,0.256147541,Tot.Car,35.05613217437474,Haustorium,Grammica__Haustorium,Grammica__Tot.Car,3.5569505560766728,155h,C_sandwichiana__Tot.Car
6/14/18,6/14/18,AS-196,Grammica,C_sandwichiana,155Cf,155,f,1,0.0441,44.1,1250,100,0.283446712,Tot.Car,22.835320293323115,Flower,Grammica__Flower,Grammica__Tot.Car,3.1283084773387557,155f,C_sandwichiana__Tot.Car
7/4/18,7/4/18,AS-247,Grammica,C_sandwichiana,155Af,155,f,1,0.0445,44.5,1250,100,0.280898876,Tot.Car,20.883407273298683,Flower,Grammica__Flower,Grammica__Tot.Car,3.038954938077037,155f,C_sandwichiana__Tot.Car
-,12/6/17,AS-02,Grammica,C_polygonorum,1705sdlg,1705,sdlg,1,0.0142,14.2,2050,100,1.443661972,Tot.Car,81.01185669962516,Seedling,Grammica__Seedling,Grammica__Tot.Car,4.394595524202182,1705sdlg,C_polygonorum__Tot.Car
-,12/6/17,AS-04,Grammica,C_polygonorum,1705sdlg,1705,sdlg,2,0.0369,36.9,2050,100,0.555555556,Tot.Car,83.948561178269955,Seedling,Grammica__Seedling,Grammica__Tot.Car,4.430204245535956,1705sdlg,C_polygonorum__Tot.Car
-,12/6/17,AS-05,Grammica,C_polygonorum,1705sdlg,1705,sdlg,3,0.0501,50.1,2050,100,0.409181637,Tot.Car,70.33586421866164,Seedling,Grammica__Seedling,Grammica__Tot.Car,4.25328182973388,1705sdlg,C_polygonorum__Tot.Car
7/11/18,7/11/18,AS-304,Grammica,C_polygonorum,1705sdlg,1705,sdlg,1,0.0338,33.8,950,100,0.281065089,Tot.Car,6.90307944382827,Seedling,Grammica__Seedling,Grammica__Tot.Car,1.9319676227359668,1705sdlg,C_polygonorum__Tot.Car
7/11/18,7/11/18,AS-310,Grammica,C_polygonorum,1705sdlg,1705,sdlg,1,0.0298,29.8,950,100,0.318791946,Tot.Car,75.1215049608078,Seedling,Grammica__Seedling,Grammica__Tot.Car,4.3191068701200654,1705sdlg,C_polygonorum__Tot.Car
6/14/18,6/14/18,AS-183,Grammica,C_polygonorum,1705Ay,1705,y,1,0.0408,40.8,1250,100,0.306372549,Tot.Car,63.82375918709175,Young,Grammica__Young,Grammica__Tot.Car,4.156125523645093,1705y,C_polygonorum__Tot.Car
7/10/18,7/11/18,AS-288,Grammica,C_polygonorum,1705Cy,1705,y,1,0.0524,52.4,1250,100,0.238549618,Tot.Car,80.8664478874987,Young,Grammica__Young,Grammica__Tot.Car,4.39279900364402,1705y,C_polygonorum__Tot.Car
7/10/18,7/11/18,AS-295,Grammica,C_polygonorum,1705Dy,1705,y,1,0.0432,43.2,1250,100,0.289351852,Tot.Car,93.95324946940036,Young,Grammica__Young,Grammica__Tot.Car,4.542797313546576,1705y,C_polygonorum__Tot.Car
7/11/18,7/11/18,AS-303,Grammica,C_polygonorum,1705By,1705,y,1,0.0672,67.2,1250,100,0.186011905,Tot.Car,74.98141936680955,Young,Grammica__Young,Grammica__Tot.Car,4.317240342401038,1705y,C_polygonorum__Tot.Car
6/14/18,6/14/18,AS-182,Grammica,C_polygonorum,1705Ao,1705,o,1,0.048,48,1250,100,0.260416667,Tot.Car,19.54275002501472,Old,Grammica__Old,Grammica__Tot.Car,2.972604380058955,1705o,C_polygonorum__Tot.Car
7/2/18,6/3/18,AS-201,Grammica,C_polygonorum,1705Bo,1705,o,1,0.0499,49.9,1250,100,0.250501002,Tot.Car,14.711715931628337,Old,Grammica__Old,Grammica__Tot.Car,2.6886441852960212,1705o,C_polygonorum__Tot.Car
7/2/18,6/3/18,AS-202,Grammica,C_polygonorum,1705Co,1705,o,1,0.0421,42.1,1250,100,0.296912114,Tot.Car,16.75472980917202,Old,Grammica__Old,Grammica__Tot.Car,2.818680601045738,1705o,C_polygonorum__Tot.Car
7/10/18,7/11/18,AS-300,Grammica,C_polygonorum,1705Do,1705,o,1,0.0494,49.4,1250,100,0.253036437,Tot.Car,14.643479236720111,Old,Grammica__Old,Grammica__Tot.Car,2.683995139908623,1705o,C_polygonorum__Tot.Car
7/10/18,7/11/18,AS-302,Grammica,C_polygonorum,1705Do,1705,o,1,0.042,42,1250,100,0.297619048,Tot.Car,13.59270537454152,Old,Grammica__Old,Grammica__Tot.Car,2.6095332866823,1705o,C_polygonorum__Tot.Car
7/10/18,7/11/18,AS-282,Grammica,C_polygonorum,1705Ch,1705,h,1,0.0389,38.9,1250,100,0.321336761,Tot.Car,79.21991325745358,Haustorium,Grammica__Haustorium,Grammica__Tot.Car,4.372227698497812,1705h,C_polygonorum__Tot.Car
7/10/18,7/11/18,AS-287,Grammica,C_polygonorum,1705Ah,1705,h,1,0.029,29,950,100,0.327586207,Tot.Car,90.56459089066831,Haustorium,Grammica__Haustorium,Grammica__Tot.Car,4.50606330873823,1705h,C_polygonorum__Tot.Car
7/10/18,7/11/18,AS-296,Grammica,C_polygonorum,1705Dh,1705,h,1,0.0482,48.2,1250,100,0.2593361,Tot.Car,81.63157170737401,Haustorium,Grammica__Haustorium,Grammica__Tot.Car,4.402216096544012,1705h,C_polygonorum__Tot.Car
7/2/18,6/3/18,AS-235,Grammica,C_polygonorum,1705Af,1705,f,1,0.0488,48.8,1250,100,0.256147541,Tot.Car,35.45560707194129,Flower,Grammica__Flower,Grammica__Tot.Car,3.5682814117522197,1705f,C_polygonorum__Tot.Car
7/10/18,7/11/18,AS-286,Grammica,C_polygonorum,1705Cf,1705,f,1,0.045,45,1250,100,0.277777778,Tot.Car,57.14818337905188,Flower,Grammica__Flower,Grammica__Tot.Car,4.0456476045922125,1705f,C_polygonorum__Tot.Car
7/4/18,7/4/18,AS-248,Grammica,C_polygonorum,1705As,1705,s,1,0.0428,42.8,1250,100,0.292056075,Tot.Car,49.10434875423675,Seed,Grammica__Seed,Grammica__Tot.Car,3.8939476022476467,1705s,C_polygonorum__Tot.Car
7/10/18,7/11/18,AS-285,Grammica,C_polygonorum,1705Cs,1705,s,1,0.0289,28.9,950,100,0.328719723,Tot.Car,52.994435091541945,Seed,Grammica__Seed,Grammica__Tot.Car,3.9701869116536144,1705s,C_polygonorum__Tot.Car
7/2/18,6/3/18,AS-207,Grammica,C_compacta,1566sdlg,1566,sdlg,1,0.0414,41.4,1250,100,0.301932367,Tot.Car,32.363937182015114,Seedling,Grammica__Seedling,Grammica__Tot.Car,3.4770447560502262,1566sdlg,C_compacta__Tot.Car
-,12/6/17,AS-03,Grammica,C_compacta,1566sdlg,1566,sdlg,1,0.0391,39.1,2050,100,0.524296675,Tot.Car,24.038483495041746,Seedling,Grammica__Seedling,Grammica__Tot.Car,3.179656029268235,1566sdlg,C_compacta__Tot.Car
-,12/6/17,AS-07,Grammica,C_compacta,1566sdlg,1566,sdlg,2,0.0384,38.4,2050,100,0.533854167,Tot.Car,17.67981394333077,Seedling,Grammica__Seedling,Grammica__Tot.Car,2.8724235392430284,1566sdlg,C_compacta__Tot.Car
-,12/6/17,AS-08,Grammica,C_compacta,1566sdlg,1566,sdlg,3,0.0362,36.2,2050,100,0.566298343,Tot.Car,14.91947528832423,Seedling,Grammica__Seedling,Grammica__Tot.Car,2.7026674325169626,1566sdlg,C_compacta__Tot.Car
-,12/6/17,AS-09,Grammica,C_compacta,1566sdlg,1566,sdlg,4,0.0425,42.5,2050,100,0.482352941,Tot.Car,24.15781257939707,Seedling,Grammica__Seedling,Grammica__Tot.Car,3.184607834174925,1566sdlg,C_compacta__Tot.Car
7/4/18,7/4/18,AS-249,Grammica,C_compacta,1566sdlg,1566,sdlg,1,0.0532,53.2,1250,100,0.234962406,Tot.Car,33.9815906933139,Seedling,Grammica__Seedling,Grammica__Tot.Car,3.52581893072519,1566sdlg,C_compacta__Tot.Car
-,12/6/17,AS-21,Grammica,C_compacta,1566Ay,1566,y,1,0.0422,42.2,2050,100,0.485781991,Tot.Car,81.36423775789866,Young,Grammica__Young,Grammica__Tot.Car,4.39893583811607,1566y,C_compacta__Tot.Car
-,12/6/17,AS-22,Grammica,C_compacta,1566Ay,1566,y,2,0.0419,41.9,2050,100,0.489260143,Tot.Car,81.31569137519162,Young,Grammica__Young,Grammica__Tot.Car,4.398339005005223,1566y,C_compacta__Tot.Car
7/2/18,6/3/18,AS-244,Grammica,C_compacta,1566Ay,1566,y,1,0.0421,42.1,1250,100,0.296912114,Tot.Car,57.63269595922888,Young,Grammica__Young,Grammica__Tot.Car,4.0540900465724174,1566y,C_compacta__Tot.Car
7/4/18,7/4/18,AS-250,Grammica,C_compacta,1566Ay,1566,y,1,0.0486,48.6,1250,100,0.257201646,Tot.Car,53.311674363950345,Young,Grammica__Young,Grammica__Tot.Car,3.9761553402823058,1566y,C_compacta__Tot.Car
7/4/18,7/4/18,AS-265,Grammica,C_compacta,1566Ey,1566,y,1,0.0452,45.2,1250,100,0.276548673,Tot.Car,65.61800065598636,Young,Grammica__Young,Grammica__Tot.Car,4.183850060076849,1566y,C_compacta__Tot.Car
7/2/18,6/3/18,AS-199,Grammica,C_compacta,1566Ao,1566,o,1,0.0424,42.4,1250,100,0.294811321,Tot.Car,26.80839919683289,Old,Grammica__Old,Grammica__Tot.Car,3.288715245013464,1566o,C_compacta__Tot.Car
7/2/18,6/3/18,AS-200,Grammica,C_compacta,1566Eo,1566,o,1,0.0495,49.5,1250,100,0.252525253,Tot.Car,39.436217245857264,Old,Grammica__Old,Grammica__Tot.Car,3.6746846160541664,1566o,C_compacta__Tot.Car
7/4/18,7/4/18,AS-264,Grammica,C_compacta,1566Ao,1566,o,1,0.0408,40.8,1250,100,0.306372549,Tot.Car,45.14048406573846,Old,Grammica__Old,Grammica__Tot.Car,3.8097794972011294,1566o,C_compacta__Tot.Car
7/4/18,7/4/18,AS-266,Grammica,C_compacta,1566Eo,1566,o,1,0.0415,41.5,1250,100,0.301204819,Tot.Car,41.11240357663442,Old,Grammica__Old,Grammica__Tot.Car,3.716309868590799,1566o,C_compacta__Tot.Car
6/14/18,6/14/18,AS-198,Grammica,C_compacta,1566Ah,1566,h,1,0.0523,52.3,1250,100,0.239005736,Tot.Car,29.893303042054875,Haustorium,Grammica__Haustorium,Grammica__Tot.Car,3.3976344801283425,1566h,C_compacta__Tot.Car
7/4/18,7/4/18,AS-267,Grammica,C_compacta,1566Eh,1566,h,1,0.0517,51.7,1250,100,0.241779497,Tot.Car,41.79915617250107,Haustorium,Grammica__Haustorium,Grammica__Tot.Car,3.732876154458598,1566h,C_compacta__Tot.Car
7/11/18,7/11/18,AS-307,Grammica,C_australis,1382Cy,1382,y,1,0.0773,77.3,1250,100,0.161707633,Tot.Car,62.79343805949445,Young,Grammica__Young,Grammica__Tot.Car,4.139850580108772,1382y,C_australis__Tot.Car
7/11/18,7/11/18,AS-311,Grammica,C_australis,1382Ay,1382,y,1,0.0152,15.2,950,100,0.625,Tot.Car,104.51072500000001,Young,Grammica__Young,Grammica__Tot.Car,4.649289698674393,1382y,C_australis__Tot.Car
6/14/18,6/14/18,AS-190,Grammica,C_australis,1382Ao,1382,o,1,0.0464,46.4,1250,100,0.269396552,Tot.Car,5.185008087206001,Old,Grammica__Old,Grammica__Tot.Car,1.645771420697795,1382o,C_australis__Tot.Car
6/14/18,6/14/18,AS-194,Grammica,C_australis,1382Co,1382,o,1,0.0494,49.4,1250,100,0.253036437,Tot.Car,7.691508089659081,Old,Grammica__Old,Grammica__Tot.Car,2.040116887780583,1382o,C_australis__Tot.Car
7/4/18,7/4/18,AS-261,Grammica,C_australis,1382Bo,1382,o,1,0.0486,48.6,1250,100,0.257201646,Tot.Car,9.5443415604264,Old,Grammica__Old,Grammica__Tot.Car,2.2559484826069194,1382o,C_australis__Tot.Car
7/2/18,6/3/18,AS-240,Grammica,C_australis,1382Bh,1382,h,1,0.0417,41.7,1250,100,0.299760192,Tot.Car,83.86985615804927,Haustorium,Grammica__Haustorium,Grammica__Tot.Car,4.429266267128741,1382h,C_australis__Tot.Car
7/2/18,6/3/18,AS-246,Grammica,C_australis,1382Ch,1382,h,1,0.0469,46.9,1250,100,0.26652452,Tot.Car,37.830983439162,Haustorium,Grammica__Haustorium,Grammica__Tot.Car,3.633128437227458,1382h,C_australis__Tot.Car
-,12/6/17,AS-23,Grammica,C_cephalanthii,1567Ay,1567,y,1,0.0418,41.8,2050,100,0.490430622,Tot.Car,66.24929090779824,Young,Grammica__Young,Grammica__Tot.Car,4.193424763039984,1567y,C_cephalanthii__Tot.Car
-,12/6/17,AS-24,Grammica,C_cephalanthii,1567Ay,1567,y,2,0.0394,39.4,2050,100,0.520304569,Tot.Car,78.62471149265734,Young,Grammica__Young,Grammica__Tot.Car,4.364686046875973,1567y,C_cephalanthii__Tot.Car
6/5/18,6/11/18,AS-39,Grammica,C_cephalanthii,1567Gy,1567,y,1,0.0443,44.3,2050,100,0.46275395,Tot.Car,81.8143384277205,Young,Grammica__Young,Grammica__Tot.Car,4.404452515872566,1567y,C_cephalanthii__Tot.Car
6/5/18,6/11/18,AS-40,Grammica,C_cephalanthii,1567Gy,1567,y,2,0.0457,45.7,2050,100,0.448577681,Tot.Car,52.66240968375384,Young,Grammica__Young,Grammica__Tot.Car,3.963901914201438,1567y,C_cephalanthii__Tot.Car
6/5/18,6/11/18,AS-47,Grammica,C_cephalanthii,1567Fy,1567,y,1,0.043,43,2050,100,0.476744186,Tot.Car,44.54860720495612,Young,Grammica__Young,Grammica__Tot.Car,3.7965808920354913,1567y,C_cephalanthii__Tot.Car
6/5/18,6/11/18,AS-48,Grammica,C_cephalanthii,1567Fy,1567,y,2,0.0423,42.3,2050,100,0.48463357,Tot.Car,62.745949324448695,Young,Grammica__Young,Grammica__Tot.Car,4.139094024923586,1567y,C_cephalanthii__Tot.Car
7/2/18,6/3/18,AS-222,Grammica,C_cephalanthii,1567Dy,1567,y,1,0.0269,26.9,1250,100,0.464684015,Tot.Car,39.992156145026804,Young,Grammica__Young,Grammica__Tot.Car,3.6886833410106887,1567y,C_cephalanthii__Tot.Car
6/5/18,6/11/18,AS-31,Grammica,C_cephalanthii,1567Go,1567,o,1,0.0425,42.5,2050,100,0.482352941,Tot.Car,20.90925234529145,Old,Grammica__Old,Grammica__Tot.Car,3.040191761739356,1567o,C_cephalanthii__Tot.Car
6/5/18,6/11/18,AS-32,Grammica,C_cephalanthii,1567Go,1567,o,2,0.0598,59.8,2050,100,0.342809365,Tot.Car,26.3360826433822,Old,Grammica__Old,Grammica__Tot.Car,3.270939966325318,1567o,C_cephalanthii__Tot.Car
6/5/18,6/11/18,AS-37,Grammica,C_cephalanthii,1567Fo,1567,o,1,0.0417,41.7,2050,100,0.491606715,Tot.Car,19.160027592424502,Old,Grammica__Old,Grammica__Tot.Car,2.95282621786654,1567o,C_cephalanthii__Tot.Car
6/5/18,6/11/18,AS-38,Grammica,C_cephalanthii,1567Fo,1567,o,2,0.0533,53.3,2050,100,0.384615385,Tot.Car,25.096080794326845,Old,Grammica__Old,Grammica__Tot.Car,3.222711694278418,1567o,C_cephalanthii__Tot.Car
6/5/18,6/11/18,AS-45,Grammica,C_cephalanthii,1567Do,1567,o,1,0.0475,47.5,2050,100,0.431578947,Tot.Car,17.40258809040729,Old,Grammica__Old,Grammica__Tot.Car,2.85661894173394,1567o,C_cephalanthii__Tot.Car
6/5/18,6/11/18,AS-46,Grammica,C_cephalanthii,1567Do,1567,o,2,0.048,48,2050,100,0.427083333,Tot.Car,22.4302031074935,Old,Grammica__Old,Grammica__Tot.Car,3.110408408120749,1567o,C_cephalanthii__Tot.Car
6/11/18,6/11/18,AS-126,Grammica,C_cephalanthii,1567Fo,1567,o,1,0.046,46,1250,100,0.27173913,Tot.Car,22.699959202810497,Old,Grammica__Old,Grammica__Tot.Car,3.1223631316580187,1567o,C_cephalanthii__Tot.Car
6/13/18,6/13/18,AS-127,Grammica,C_cephalanthii,1567Fo,1567,o,2,0.0499,49.9,1250,100,0.250501002,Tot.Car,19.917893286254458,Old,Grammica__Old,Grammica__Tot.Car,2.9916184928620497,1567o,C_cephalanthii__Tot.Car
6/13/18,6/13/18,AS-130,Grammica,C_cephalanthii,1567Go,1567,o,1,0.0496,49.6,1250,100,0.252016129,Tot.Car,17.11951864700225,Old,Grammica__Old,Grammica__Tot.Car,2.840219259746188,1567o,C_cephalanthii__Tot.Car
6/13/18,6/13/18,AS-131,Grammica,C_cephalanthii,1567Go,1567,o,2,0.0414,41.4,1250,100,0.301932367,Tot.Car,25.44132245114922,Old,Grammica__Old,Grammica__Tot.Car,3.236374724194116,1567o,C_cephalanthii__Tot.Car
6/13/18,6/13/18,AS-132,Grammica,C_cephalanthii,1567Do,1567,o,1,0.0511,51.1,1250,100,0.244618395,Tot.Car,16.7508757130841,Old,Grammica__Old,Grammica__Tot.Car,2.8184505442524443,1567o,C_cephalanthii__Tot.Car
6/13/18,6/13/18,AS-133,Grammica,C_cephalanthii,1567Do,1567,o,2,0.0409,40.9,1250,100,0.305623472,Tot.Car,20.73000612042976,Old,Grammica__Old,Grammica__Tot.Car,3.0315822265166137,1567o,C_cephalanthii__Tot.Car
7/2/18,6/3/18,AS-214,Grammica,C_cephalanthii,1567Ao,1567,o,1,0.0422,42.2,1250,100,0.296208531,Tot.Car,30.342123835070307,Old,Grammica__Old,Grammica__Tot.Car,3.4125369759220776,1567o,C_cephalanthii__Tot.Car
7/4/18,7/4/18,AS-263,Grammica,C_cephalanthii,1567Bo,1567,o,1,0.0508,50.8,1250,100,0.246062992,Tot.Car,13.76354822129952,Old,Grammica__Old,Grammica__Tot.Car,2.622023671449345,1567o,C_cephalanthii__Tot.Car
6/13/18,6/13/18,AS-134,Grammica,C_cephalanthii,1567Gh,1567,h,1,0.0406,40.6,1250,100,0.307881773,Tot.Car,32.99005845478183,Haustorium,Grammica__Haustorium,Grammica__Tot.Car,3.496206260164099,1567h,C_cephalanthii__Tot.Car
6/13/18,6/13/18,AS-135,Grammica,C_cephalanthii,1567Gh,1567,h,2,0.0512,51.2,1250,100,0.244140625,Tot.Car,31.9751416015625,Haustorium,Grammica__Haustorium,Grammica__Tot.Car,3.4649587790911305,1567h,C_cephalanthii__Tot.Car
7/2/18,6/3/18,AS-236,Grammica,C_cephalanthii,1567Dh,1567,h,1,0.0475,47.5,1250,100,0.263157895,Tot.Car,11.082239484766449,Haustorium,Grammica__Haustorium,Grammica__Tot.Car,2.4053437894829366,1567h,C_cephalanthii__Tot.Car
7/2/18,6/3/18,AS-237,Grammica,C_cephalanthii,1567Fh,1567,h,1,0.0492,49.2,1250,100,0.254065041,Tot.Car,29.83422514267791,Haustorium,Grammica__Haustorium,Grammica__Tot.Car,3.395656232568423,1567h,C_cephalanthii__Tot.Car
6/11/18,6/11/18,AS-122,Grammica,C_cephalanthii,1567Df,1567,f,1,0.0465,46.5,1250,100,0.268817204,Tot.Car,34.3809408217084,Flower,Grammica__Flower,Grammica__Tot.Car,3.5375023678672375,1567f,C_cephalanthii__Tot.Car
6/11/18,6/11/18,AS-123,Grammica,C_cephalanthii,1567Df,1567,f,2,0.0415,41.5,1250,100,0.301204819,Tot.Car,37.25602707415819,Flower,Grammica__Flower,Grammica__Tot.Car,3.617813735069927,1567f,C_cephalanthii__Tot.Car
6/13/18,6/13/18,AS-169,Grammica,C_cephalanthii,1567Gs,1567,s,1,0.0496,49.6,1250,100,0.252016129,Tot.Car,63.07759071773252,Seed,Grammica__Seed,Grammica__Tot.Car,4.144365568875513,1567s,C_cephalanthii__Tot.Car
6/14/18,6/14/18,AS-175,Grammica,C_cephalanthii,1567Fs,1567,s,1,0.0448,44.8,1250,100,0.279017857,Tot.Car,49.14989115787097,Seed,Grammica__Seed,Grammica__Tot.Car,3.8948746341364244,1567s,C_cephalanthii__Tot.Car
7/2/18,6/3/18,AS-208,Grammica,C_cephalanthii,1567Ds,1567,s,1,0.0575,57.5,1250,100,0.217391304,Tot.Car,61.85952381406824,Seed,Grammica__Seed,Grammica__Tot.Car,4.124866071043477,1567s,C_cephalanthii__Tot.Car
7/2/18,6/3/18,AS-215,Grammica,C_cephalanthii,1567Cs,1567,s,1,0.029,29,1250,100,0.431034483,Tot.Car,44.78856036990918,Seed,Grammica__Seed,Grammica__Tot.Car,3.801952760160619,1567s,C_cephalanthii__Tot.Car
7/2/18,6/3/18,AS-216,Grammica,C_cephalanthii,1567Bs,1567,s,1,0.0541,54.1,1250,100,0.231053604,Tot.Car,61.48381919999988,Seed,Grammica__Seed,Grammica__Tot.Car,4.118774039382371,1567s,C_cephalanthii__Tot.Car
6/13/18,6/13/18,AS-136,Grammica,C_costaricensis,CUCOAy,CUCO,y,1,0.0495,49.5,1250,100,0.252525253,Tot.Car,23.56415913520971,Young,Grammica__Young,Grammica__Tot.Car,3.159726881199404,CUCOy,C_costaricensis__Tot.Car
6/13/18,6/13/18,AS-137,Grammica,C_costaricensis,CUCOAy,CUCO,y,2,0.0408,40.8,1250,100,0.306372549,Tot.Car,35.77900122320034,Young,Grammica__Young,Grammica__Tot.Car,3.5773611660979783,CUCOy,C_costaricensis__Tot.Car
6/13/18,6/13/18,AS-158,Grammica,C_costaricensis,CUCOCy,CUCO,y,1,0.042,42,1250,100,0.297619048,Tot.Car,63.63688103383616,Young,Grammica__Young,Grammica__Tot.Car,4.153193194315109,CUCOy,C_costaricensis__Tot.Car
6/13/18,6/13/18,AS-159,Grammica,C_costaricensis,CUCOCy,CUCO,y,2,0.0483,48.3,1250,100,0.258799172,Tot.Car,66.46025107560453,Young,Grammica__Young,Grammica__Tot.Car,4.196604042269359,CUCOy,C_costaricensis__Tot.Car
6/13/18,6/13/18,AS-164,Grammica,C_costaricensis,CUCOBy,CUCO,y,1,0.0448,44.8,1250,100,0.279017857,Tot.Car,54.250022293652556,Young,Grammica__Young,Grammica__Tot.Car,3.993603405206706,CUCOy,C_costaricensis__Tot.Car
6/5/18,6/11/18,AS-61,Grammica,C_costaricensis,CUCOCo,CUCO,o,1,0.0459,45.9,2050,100,0.446623094,Tot.Car,24.270767337546957,Old,Grammica__Old,Grammica__Tot.Car,3.1892726400686997,CUCOo,C_costaricensis__Tot.Car
6/5/18,6/11/18,AS-62,Grammica,C_costaricensis,CUCOCo,CUCO,o,2,0.0433,43.3,2050,100,0.473441109,Tot.Car,28.820254069266003,Old,Grammica__Old,Grammica__Tot.Car,3.361078409729781,CUCOo,C_costaricensis__Tot.Car
6/5/18,6/11/18,AS-77,Grammica,C_costaricensis,CUCOBo,CUCO,o,1,0.044,44,2050,100,0.465909091,Tot.Car,27.44387182353672,Old,Grammica__Old,Grammica__Tot.Car,3.3121428979884557,CUCOo,C_costaricensis__Tot.Car
6/5/18,6/11/18,AS-78,Grammica,C_costaricensis,CUCOBo,CUCO,o,2,0.0468,46.8,2050,100,0.438034188,Tot.Car,25.52956548946044,Old,Grammica__Old,Grammica__Tot.Car,3.239837215419648,CUCOo,C_costaricensis__Tot.Car
6/11/18,6/11/18,AS-79,Grammica,C_costaricensis,CUCOBo,CUCO,o,3,0.0411,41.1,1250,100,0.304136253,Tot.Car,23.541402064924895,Old,Grammica__Old,Grammica__Tot.Car,3.15876066526316,CUCOo,C_costaricensis__Tot.Car
6/11/18,6/11/18,AS-80,Grammica,C_costaricensis,CUCOBo,CUCO,o,4,0.046,46,1250,100,0.27173913,Tot.Car,28.650521693289598,Old,Grammica__Old,Grammica__Tot.Car,3.3551716556751647,CUCOo,C_costaricensis__Tot.Car
6/13/18,6/13/18,AS-138,Grammica,C_costaricensis,CUCOAo,CUCO,o,1,0.048,48,1250,100,0.260416667,Tot.Car,25.19900003225472,Old,Grammica__Old,Grammica__Tot.Car,3.226804316438734,CUCOo,C_costaricensis__Tot.Car
6/13/18,6/13/18,AS-139,Grammica,C_costaricensis,CUCOAo,CUCO,o,2,0.0491,49.1,1250,100,0.254582485,Tot.Car,20.870506641684752,Old,Grammica__Old,Grammica__Tot.Car,3.038337001660877,CUCOo,C_costaricensis__Tot.Car
6/5/18,6/11/18,AS-57,Grammica,C_costaricensis,CUCOCh,CUCO,h,1,0.0402,40.2,2050,100,0.509950249,Tot.Car,39.377527008874125,Haustorium,Grammica__Haustorium,Grammica__Tot.Car,3.673195275629149,CUCOh,C_costaricensis__Tot.Car
6/5/18,6/11/18,AS-58,Grammica,C_costaricensis,CUCOCh,CUCO,h,2,0.0432,43.2,2050,100,0.474537037,Tot.Car,44.29003645487655,Haustorium,Grammica__Haustorium,Grammica__Tot.Car,3.7907597432875897,CUCOh,C_costaricensis__Tot.Car
6/5/18,6/11/18,AS-67,Grammica,C_costaricensis,CUCOBh,CUCO,h,1,0.0463,46.3,2050,100,0.442764579,Tot.Car,40.06119299560893,Haustorium,Grammica__Haustorium,Grammica__Tot.Car,3.6904081125103247,CUCOh,C_costaricensis__Tot.Car
6/5/18,6/11/18,AS-68,Grammica,C_costaricensis,CUCOBh,CUCO,h,2,0.0412,41.2,2050,100,0.497572816,Tot.Car,52.376340704394714,Haustorium,Grammica__Haustorium,Grammica__Tot.Car,3.958454977998534,CUCOh,C_costaricensis__Tot.Car
6/13/18,6/13/18,AS-140,Grammica,C_costaricensis,CUCOAh,CUCO,h,1,0.044,44,1250,100,0.284090909,Tot.Car,46.327514189720645,Haustorium,Grammica__Haustorium,Grammica__Tot.Car,3.83573604570605,CUCOh,C_costaricensis__Tot.Car
6/13/18,6/13/18,AS-141,Grammica,C_costaricensis,CUCOAh,CUCO,h,2,0.0438,43.8,1250,100,0.285388128,Tot.Car,48.361255732523524,Haustorium,Grammica__Haustorium,Grammica__Tot.Car,3.8786989938238836,CUCOh,C_costaricensis__Tot.Car
6/5/18,6/11/18,AS-71,Grammica,C_tasmanica,1715Cy,17-15,y,1,0.049,49,2050,100,0.418367347,Tot.Car,42.46207674090784,Young,Grammica__Young,Grammica__Tot.Car,3.7486113679594566,17-15y,C_tasmanica__Tot.Car
6/5/18,6/11/18,AS-72,Grammica,C_tasmanica,1715Cy,17-15,y,2,0.044,44,2050,100,0.465909091,Tot.Car,49.27261194143236,Young,Grammica__Young,Grammica__Tot.Car,3.8973683899960245,17-15y,C_tasmanica__Tot.Car
6/11/18,6/11/18,AS-89,Grammica,C_tasmanica,1715Ay,17-15,y,1,0.0478,47.8,1250,100,0.261506276,Tot.Car,69.12554650830083,Young,Grammica__Young,Grammica__Tot.Car,4.235924367345423,17-15y,C_tasmanica__Tot.Car
6/11/18,6/11/18,AS-90,Grammica,C_tasmanica,1715Ay,17-15,y,2,0.0485,48.5,1250,100,0.257731959,Tot.Car,60.44773201437481,Young,Grammica__Young,Grammica__Tot.Car,4.101779059638667,17-15y,C_tasmanica__Tot.Car
6/11/18,6/11/18,AS-93,Grammica,C_tasmanica,1715By,17-15,y,1,0.0515,51.5,1250,100,0.242718447,Tot.Car,63.476170007013536,Young,Grammica__Young,Grammica__Tot.Car,4.150664561560474,17-15y,C_tasmanica__Tot.Car
6/11/18,6/11/18,AS-94,Grammica,C_tasmanica,1715By,17-15,y,2,0.0515,51.5,1250,100,0.242718447,Tot.Car,67.40592001345834,Young,Grammica__Young,Grammica__Tot.Car,4.2107328495722,17-15y,C_tasmanica__Tot.Car
6/13/18,6/13/18,AS-142,Grammica,C_tasmanica,1715Dy,17-15,y,1,0.045,45,1250,100,0.277777778,Tot.Car,26.61943891018444,Young,Grammica__Young,Grammica__Tot.Car,3.2816417387473265,17-15y,C_tasmanica__Tot.Car
6/13/18,6/13/18,AS-143,Grammica,C_tasmanica,1715Dy,17-15,y,2,0.0498,49.8,1250,100,0.251004016,Tot.Car,27.793649591278403,Young,Grammica__Young,Grammica__Tot.Car,3.3248075662315766,17-15y,C_tasmanica__Tot.Car
6/5/18,6/11/18,AS-69,Grammica,C_tasmanica,1715Co,17-15,o,1,0.048,48,2050,100,0.427083333,Tot.Car,18.35913800650425,Old,Grammica__Old,Grammica__Tot.Car,2.9101274400002537,17-15o,C_tasmanica__Tot.Car
6/5/18,6/11/18,AS-70,Grammica,C_tasmanica,1715Co,17-15,o,2,0.0481,48.1,2050,100,0.426195426,Tot.Car,18.90288803707038,Old,Grammica__Old,Grammica__Tot.Car,2.9393147218763165,17-15o,C_tasmanica__Tot.Car
6/11/18,6/11/18,AS-91,Grammica,C_tasmanica,1715Bo,17-15,o,1,0.0492,49.2,1250,100,0.254065041,Tot.Car,14.90513467498101,Old,Grammica__Old,Grammica__Tot.Car,2.701705769355575,17-15o,C_tasmanica__Tot.Car
6/11/18,6/11/18,AS-92,Grammica,C_tasmanica,1715Bo,17-15,o,2,0.0498,49.8,1250,100,0.251004016,Tot.Car,12.3153990932328,Old,Grammica__Old,Grammica__Tot.Car,2.5108504462507777,17-15o,C_tasmanica__Tot.Car
6/11/18,6/11/18,AS-95,Grammica,C_tasmanica,1715Ao,17-15,o,1,0.0418,41.8,1250,100,0.299043062,Tot.Car,24.256510151163745,Old,Grammica__Old,Grammica__Tot.Car,3.1886850453190054,17-15o,C_tasmanica__Tot.Car
6/11/18,6/11/18,AS-96,Grammica,C_tasmanica,1715Ao,17-15,o,2,0.0472,47.2,1250,100,0.264830508,Tot.Car,20.367754200789122,Old,Grammica__Old,Grammica__Tot.Car,3.0139529787409725,17-15o,C_tasmanica__Tot.Car
6/11/18,6/11/18,AS-110,Grammica,C_tasmanica,1715Bo,17-15,o,1,0.0523,52.3,1250,100,0.239005736,Tot.Car,18.286097025796078,Old,Grammica__Old,Grammica__Tot.Car,2.90614105121211,17-15o,C_tasmanica__Tot.Car
6/11/18,6/11/18,AS-111,Grammica,C_tasmanica,1715Bo,17-15,o,2,0.0466,46.6,1250,100,0.268240343,Tot.Car,19.35891896632715,Old,Grammica__Old,Grammica__Tot.Car,2.963153246938821,17-15o,C_tasmanica__Tot.Car
6/13/18,6/13/18,AS-144,Grammica,C_tasmanica,1715Do,17-15,o,1,0.0505,50.5,1250,100,0.247524752,Tot.Car,31.55447271169264,Old,Grammica__Old,Grammica__Tot.Car,3.451715347930791,17-15o,C_tasmanica__Tot.Car
6/13/18,6/13/18,AS-145,Grammica,C_tasmanica,1715Do,17-15,o,2,0.041,41,1250,100,0.304878049,Tot.Car,30.602725631790058,Old,Grammica__Old,Grammica__Tot.Car,3.4210890811935752,17-15o,C_tasmanica__Tot.Car
7/10/18,7/11/18,AS-273,Grammica,C_tasmanica,1715o,17-15,o,1,0.0447,44.7,1250,100,0.279642058,Tot.Car,17.73246083961424,Old,Grammica__Old,Grammica__Tot.Car,2.8753969113348337,17-15o,C_tasmanica__Tot.Car
6/13/18,6/13/18,AS-150,Grammica,C_tasmanica,1715Dh,17-15,h,1,0.0406,40.6,1250,100,0.307881773,Tot.Car,27.849913757009965,Haustorium,Grammica__Haustorium,Grammica__Tot.Car,3.3268298732629424,17-15h,C_tasmanica__Tot.Car
6/13/18,6/13/18,AS-151,Grammica,C_tasmanica,1715Dh,17-15,h,2,0.0433,43.3,1250,100,0.288683603,Tot.Car,25.30108258354885,Haustorium,Grammica__Haustorium,Grammica__Tot.Car,3.2308471886340056,17-15h,C_tasmanica__Tot.Car
6/13/18,6/13/18,AS-166,Grammica,C_tasmanica,1715Ch,17-15,h,1,0.052,52,1250,100,0.240384615,Tot.Car,25.04504082531255,Haustorium,Grammica__Haustorium,Grammica__Tot.Car,3.220675840879419,17-15h,C_tasmanica__Tot.Car
6/14/18,6/14/18,AS-180,Grammica,C_tasmanica,1715Ah,17-15,h,1,0.0467,46.7,1250,100,0.267665953,Tot.Car,27.021905792609523,Haustorium,Grammica__Haustorium,Grammica__Tot.Car,3.296647866410488,17-15h,C_tasmanica__Tot.Car
6/14/18,6/14/18,AS-181,Grammica,C_tasmanica,1715Bh,17-15,h,1,0.0419,41.9,1250,100,0.298329356,Tot.Car,23.851939172105197,Haustorium,Grammica__Haustorium,Grammica__Tot.Car,3.1718655252281533,17-15h,C_tasmanica__Tot.Car
6/5/18,6/11/18,AS-59,Grammica,C_tasmanica,1715Bf,17-15,f,1,0.0417,41.7,2050,100,0.491606715,Tot.Car,26.36562028372395,Flower,Grammica__Flower,Grammica__Tot.Car,3.27206090328492,17-15f,C_tasmanica__Tot.Car
6/5/18,6/11/18,AS-60,Grammica,C_tasmanica,1715Bf,17-15,f,2,0.0475,47.5,2050,100,0.431578947,Tot.Car,22.415325770338647,Flower,Grammica__Flower,Grammica__Tot.Car,3.109744915549402,17-15f,C_tasmanica__Tot.Car
6/11/18,6/11/18,AS-97,Grammica,C_tasmanica,1715Df,17-15,f,1,0.0475,47.5,1250,100,0.263157895,Tot.Car,7.740073691950599,Flower,Grammica__Flower,Grammica__Tot.Car,2.0464112213999357,17-15f,C_tasmanica__Tot.Car
6/11/18,6/11/18,AS-98,Grammica,C_tasmanica,1715Df,17-15,f,1,0.0413,41.3,1250,100,0.302663438,Tot.Car,16.30675846074814,Flower,Grammica__Flower,Grammica__Tot.Car,2.791579657503839,17-15f,C_tasmanica__Tot.Car
6/13/18,6/13/18,AS-148,Grammica,C_tasmanica,1715Af,17-15,f,1,0.0419,41.9,1250,100,0.298329356,Tot.Car,31.61778345437036,Flower,Grammica__Flower,Grammica__Tot.Car,3.4537197330047413,17-15f,C_tasmanica__Tot.Car
6/13/18,6/13/18,AS-149,Grammica,C_tasmanica,1715Af,17-15,f,2,0.0514,51.4,1250,100,0.243190661,Tot.Car,25.4924367202589,Flower,Grammica__Flower,Grammica__Tot.Car,3.2383818128873356,17-15f,C_tasmanica__Tot.Car
7/4/18,7/4/18,AS-262,Grammica,C_tasmanica,1715Cf,17-15,f,1,0.0524,52.4,1250,100,0.238549618,Tot.Car,26.91862830351602,Flower,Grammica__Flower,Grammica__Tot.Car,3.2928185526432743,17-15f,C_tasmanica__Tot.Car
6/11/18,6/11/18,AS-99,Grammica,C_californica,17105Ay,ss17-105,y,2,0.0395,39.5,1250,100,0.316455696,Tot.Car,43.022642377528804,Young,Grammica__Young,Grammica__Tot.Car,3.7617265463494824,ss17-105y,C_californica__Tot.Car
6/13/18,6/13/18,AS-154,Grammica,C_californica,17105Cy,ss17-105,y,1,0.0415,41.5,1250,100,0.301204819,Tot.Car,28.95329214203767,Young,Grammica__Young,Grammica__Tot.Car,3.3656839192125187,ss17-105y,C_californica__Tot.Car
6/13/18,6/13/18,AS-155,Grammica,C_californica,17105Cy,ss17-105,y,2,0.0323,32.3,1250,100,0.386996904,Tot.Car,30.19283281540512,Young,Grammica__Young,Grammica__Tot.Car,3.407604575533865,ss17-105y,C_californica__Tot.Car
6/13/18,6/13/18,AS-172,Grammica,C_californica,17105By,ss17-105,y,1,0.0162,16.2,1250,100,0.771604938,Tot.Car,23.6725694361117,Young,Grammica__Young,Grammica__Tot.Car,3.1643169742927566,ss17-105y,C_californica__Tot.Car
7/10/18,7/11/18,AS-272,Grammica,C_californica,17105Dy,ss17-105,y,1,0.0518,51.8,1250,100,0.241312741,Tot.Car,84.31187971698662,Young,Grammica__Young,Grammica__Tot.Car,4.43452277817501,ss17-105y,C_californica__Tot.Car
7/11/18,7/11/18,AS-312,Grammica,C_californica,17105Ey,ss17-105,y,1,0.0168,16.8,950,100,0.56547619,Tot.Car,76.3792478523473,Young,Grammica__Young,Grammica__Tot.Car,4.335711035615711,ss17-105y,C_californica__Tot.Car
6/5/18,6/11/18,AS-63,Grammica,C_californica,17105Do,ss17-105,o,1,0.049,49,2050,100,0.418367347,Tot.Car,24.83608051383863,Old,Grammica__Old,Grammica__Tot.Car,3.2122974593436755,ss17-105o,C_californica__Tot.Car
6/5/18,6/11/18,AS-64,Grammica,C_californica,17105Do,ss17-105,o,2,0.0442,44.2,2050,100,0.463800905,Tot.Car,27.0202615397796,Old,Grammica__Old,Grammica__Tot.Car,3.2965870156746457,ss17-105o,C_californica__Tot.Car
6/11/18,6/11/18,AS-102,Grammica,C_californica,17105Ao,ss17-105,o,1,0.0448,44.8,1250,100,0.279017857,Tot.Car,25.56550221905332,Old,Grammica__Old,Grammica__Tot.Car,3.2412438770404086,ss17-105o,C_californica__Tot.Car
6/11/18,6/11/18,AS-103,Grammica,C_californica,17105Ao,ss17-105,o,2,0.0492,49.2,1250,100,0.254065041,Tot.Car,20.50363569894471,Old,Grammica__Old,Grammica__Tot.Car,3.020602226464722,ss17-105o,C_californica__Tot.Car
6/13/18,6/13/18,AS-146,Grammica,C_californica,17105Co,ss17-105,o,1,0.0465,46.5,1250,100,0.268817204,Tot.Car,16.229034928060038,Old,Grammica__Old,Grammica__Tot.Car,2.7868019236936092,ss17-105o,C_californica__Tot.Car
6/13/18,6/13/18,AS-147,Grammica,C_californica,17105Co,ss17-105,o,2,0.0465,46.5,1250,100,0.268817204,Tot.Car,12.264059126049201,Old,Grammica__Old,Grammica__Tot.Car,2.506672970818224,ss17-105o,C_californica__Tot.Car
6/13/18,6/13/18,AS-171,Grammica,C_californica,17105Bo,ss17-105,o,1,0.0506,50.6,1250,100,0.247035573,Tot.Car,27.27836461097586,Old,Grammica__Old,Grammica__Tot.Car,3.3060938865661895,ss17-105o,C_californica__Tot.Car
6/13/18,6/13/18,AS-152,Grammica,C_californica,17105Ch,ss17-105,h,1,0.0448,44.8,1250,100,0.279017857,Tot.Car,40.20695310441404,Haustorium,Grammica__Haustorium,Grammica__Tot.Car,3.6940399459521367,ss17-105h,C_californica__Tot.Car
6/13/18,6/13/18,AS-153 ,Grammica,C_californica,17105Ch,ss17-105,h,2,0.0152,15.2,1250,100,0.822368421,Tot.Car,29.354284537595007,Haustorium,Grammica__Haustorium,Grammica__Tot.Car,3.3794385198645873,ss17-105h,C_californica__Tot.Car
6/13/18,6/13/18,AS-156,Grammica,C_californica,17105Ah,ss17-105,h,1,0.0448,44.8,1250,100,0.279017857,Tot.Car,29.72775389102939,Haustorium,Grammica__Haustorium,Grammica__Tot.Car,3.3920810872685205,ss17-105h,C_californica__Tot.Car
6/13/18,6/13/18,AS-157,Grammica,C_californica,17105Ah,ss17-105,h,2,0.0429,42.9,1250,100,0.291375291,Tot.Car,25.39900637754249,Haustorium,Grammica__Haustorium,Grammica__Tot.Car,3.234710058202095,ss17-105h,C_californica__Tot.Car
6/13/18,6/13/18,AS-167,Grammica,C_californica,17105Bh,ss17-105,h,1,0.05,50,1250,100,0.25,Tot.Car,28.0253875,Haustorium,Grammica__Haustorium,Grammica__Tot.Car,3.333110799371058,ss17-105h,C_californica__Tot.Car
7/2/18,6/3/18,AS-239,Grammica,C_californica,17105Eh,ss17-105,h,1,0.0431,43.1,1250,100,0.290023202,Tot.Car,23.755571357490417,Haustorium,Grammica__Haustorium,Grammica__Tot.Car,3.167817090653069,ss17-105h,C_californica__Tot.Car
7/10/18,7/11/18,AS-298,Grammica,C_californica,17105Dh,ss17-105,h,1,0.0455,45.5,1250,100,0.274725275,Tot.Car,60.36369236805599,Haustorium,Grammica__Haustorium,Grammica__Tot.Car,4.100387806118318,ss17-105h,C_californica__Tot.Car
6/14/18,6/14/18,AS-179,Grammica,C_californica,17105Cf,ss17-105,f,1,0.0459,45.9,1250,100,0.272331155,Tot.Car,21.35708880473065,Flower,Grammica__Flower,Grammica__Tot.Car,3.061383717572334,ss17-105f,C_californica__Tot.Car
7/4/18,7/4/18,AS-251,Grammica,C_californica,17105Af,ss17-105,f,1,0.0549,54.9,1250,100,0.227686703,Tot.Car,23.977299625534897,Flower,Grammica__Flower,Grammica__Tot.Car,3.1771075379851443,ss17-105f,C_californica__Tot.Car
7/4/18,7/4/18,AS-252,Grammica,C_californica,17105Bf,ss17-105,f,1,0.0456,45.6,1250,100,0.274122807,Tot.Car,21.48535087581792,Flower,Grammica__Flower,Grammica__Tot.Car,3.067371352947285,ss17-105f,C_californica__Tot.Car
7/4/18,7/4/18,AS-253,Grammica,C_californica,17105Bf,ss17-105,f,2,0.0521,52.1,1250,100,0.239923225,Tot.Car,26.095259164053996,Flower,Grammica__Flower,Grammica__Tot.Car,3.2617536604380115,ss17-105f,C_californica__Tot.Car
7/10/18,7/11/18,AS-279,Grammica,C_californica,17105Df,ss17-105,f,1,0.0484,48.4,1250,100,0.258264463,Tot.Car,26.9239153090722,Flower,Grammica__Flower,Grammica__Tot.Car,3.2930149403025046,ss17-105f,C_californica__Tot.Car
7/10/18,7/11/18,AS-280,Grammica,C_californica,17105Ef,ss17-105,f,1,0.0462,46.2,1250,100,0.270562771,Tot.Car,31.001988686462852,Flower,Grammica__Flower,Grammica__Tot.Car,3.434051356829368,ss17-105f,C_californica__Tot.Car
6/5/18,6/11/18,AS-73,Grammica,C_californica,17105Eo,ss17-105,o,1,0.0481,48.1,2050,100,0.426195426,Tot.Car,18.70547857770144,Old,Grammica__Old,Grammica__Tot.Car,2.9288164583682277,ss17-105o,C_californica__Tot.Car
6/5/18,6/11/18,AS-74,Grammica,C_californica,17105Eo,ss17-105,o,2,0.0476,47.6,2050,100,0.430672269,Tot.Car,15.759689394138869,Old,Grammica__Old,Grammica__Tot.Car,2.757455382087094,ss17-105o,C_californica__Tot.Car
6/11/18,6/11/18,AS-104,Grammica,C_indecora,1677Dy,ss16-17,y,1,0.0464,46.4,1250,100,0.269396552,Tot.Car,19.34727642067368,Young,Grammica__Young,Grammica__Tot.Car,2.9625516612842233,ss16-17y,C_indecora__Tot.Car
6/11/18,6/11/18,AS-105,Grammica,C_indecora,1677Dy,ss16-17,y,2,0.0431,43.1,1250,100,0.290023202,Tot.Car,26.49838458390886,Young,Grammica__Young,Grammica__Tot.Car,3.2770837758101314,ss16-17y,C_indecora__Tot.Car
6/11/18,6/11/18,AS-106,Grammica,C_indecora,1677By,ss16-17,y,1,0.0505,50.5,1250,100,0.247524752,Tot.Car,21.99907916568256,Young,Grammica__Young,Grammica__Tot.Car,3.0910006009226314,ss16-17y,C_indecora__Tot.Car
6/11/18,6/11/18,AS-107,Grammica,C_indecora,1677By,ss16-17,y,2,0.051,51,1250,100,0.245098039,Tot.Car,22.10746811780033,Young,Grammica__Young,Grammica__Tot.Car,3.095915479846018,ss16-17y,C_indecora__Tot.Car
6/11/18,6/11/18,AS-100,Grammica,C_indecora,1677Do,ss16-17,o,1,0.0497,49.7,1250,100,0.251509054,Tot.Car,6.09265341262706,Old,Grammica__Old,Grammica__Tot.Car,1.8070837031841205,ss16-17o,C_indecora__Tot.Car
6/11/18,6/11/18,AS-101,Grammica,C_indecora,1677Do,ss16-17,o,2,0.043,43,1250,100,0.290697674,Tot.Car,9.05838952183964,Old,Grammica__Old,Grammica__Tot.Car,2.2036913583223927,ss16-17o,C_indecora__Tot.Car
6/14/18,6/14/18,AS-188,Grammica,C_indecora,1677Co,ss16-17,o,1,0.0495,49.5,1250,100,0.252525253,Tot.Car,10.53752274708327,Old,Grammica__Old,Grammica__Tot.Car,2.354942491494854,ss16-17o,C_indecora__Tot.Car
7/11/18,7/11/18,AS-308,Grammica,C_indecora,1677Bo,ss16-17,o,1,0.0472,47.2,1250,100,0.264830508,Tot.Car,25.005873895867445,Old,Grammica__Old,Grammica__Tot.Car,3.2191107571041595,ss16-17o,C_indecora__Tot.Car
7/2/18,6/3/18,AS-223,Grammica,C_indecora,1677Dh,ss16-17,h,1,0.0416,41.6,1250,100,0.300480769,Tot.Car,29.033350338279305,Haustorium,Grammica__Haustorium,Grammica__Tot.Car,3.368445184338715,ss16-17h,C_indecora__Tot.Car
7/10/18,7/11/18,AS-283,Grammica,C_indecora,1677Bh,ss16-17,h,1,0.0454,45.4,1250,100,0.275330396,Tot.Car,17.297549529581197,Haustorium,Grammica__Haustorium,Grammica__Tot.Car,2.8505648515632527,ss16-17h,C_indecora__Tot.Car
6/14/18,6/14/18,AS-189,Grammica,C_indecora,1677Df,ss16-17,f,1,0.0435,43.5,1250,100,0.287356322,Tot.Car,21.4721408166221,Flower,Grammica__Flower,Grammica__Tot.Car,3.0667563235761426,ss16-17f,C_indecora__Tot.Car
6/14/18,6/14/18,AS-195,Grammica,C_indecora,1677Af,ss16-17,f,1,0.054,54,1250,100,0.231481481,Tot.Car,9.118314795848718,Flower,Grammica__Flower,Grammica__Tot.Car,2.2102850168220987,ss16-17f,C_indecora__Tot.Car
7/2/18,6/3/18,AS-243,Grammica,C_indecora,1677Bf,ss16-17,f,1,0.0441,44.1,1250,100,0.283446712,Tot.Car,27.605036846305836,Flower,Grammica__Flower,Grammica__Tot.Car,3.3179982541269193,ss16-17f,C_indecora__Tot.Car
7/2/18,6/3/18,AS-204,Grammica,C_denticulata,1346Dy,ss13-46,y,1,0.0447,44.7,1250,100,0.279642058,Tot.Car,51.77890936532004,Young,Grammica__Young,Grammica__Tot.Car,3.9469829131769267,ss13-46y,C_denticulata__Tot.Car
7/4/18,7/4/18,AS-268,Grammica,C_denticulata,1346Dy,ss13-46,y,1,0.0427,42.7,1250,100,0.292740047,Tot.Car,63.63713411006914,Young,Grammica__Young,Grammica__Tot.Car,4.1531971711870925,ss13-46y,C_denticulata__Tot.Car
7/10/18,7/11/18,AS-278,Grammica,C_denticulata,1346By,ss13-46,y,1,0.0437,43.7,1250,100,0.28604119,Tot.Car,54.33548056223961,Young,Grammica__Young,Grammica__Tot.Car,3.995177432748616,ss13-46y,C_denticulata__Tot.Car
7/10/18,7/11/18,AS-289,Grammica,C_denticulata,1346Ay,ss13-46,y,1,0.0426,42.6,1250,100,0.29342723,Tot.Car,67.32593015354709,Young,Grammica__Young,Grammica__Tot.Car,4.209545455959011,ss13-46y,C_denticulata__Tot.Car
7/10/18,7/11/18,AS-292,Grammica,C_denticulata,1346Cy,ss13-46,y,1,0.0516,51.6,1350,100,0.261627907,Tot.Car,69.70177936666083,Young,Grammica__Young,Grammica__Tot.Car,4.244225847808745,ss13-46y,C_denticulata__Tot.Car
7/10/18,7/11/18,AS-294,Grammica,C_denticulata,1346Dy,ss13-46,y,1,0.0493,49.3,1250,100,0.253549696,Tot.Car,71.07743668535936,Young,Grammica__Young,Grammica__Tot.Car,4.263769941653674,ss13-46y,C_denticulata__Tot.Car
7/11/18,7/11/18,AS-315,Grammica,C_denticulata,1346y (trial) ,ss13-46,y,1,0.0461,46.1,1250,100,0.271149675,Tot.Car,33.04647238899825,Young,Grammica__Young,Grammica__Tot.Car,3.4979148280445855,ss13-46y,C_denticulata__Tot.Car
6/13/18,6/13/18,AS-170,Grammica,C_denticulata,1346Ao,ss13-46,o,1,0.0493,49.3,1250,100,0.253549696,Tot.Car,9.24962982691584,Old,Grammica__Old,Grammica__Tot.Car,2.224583542823006,ss13-46o,C_denticulata__Tot.Car
7/2/18,6/3/18,AS-233,Grammica,C_denticulata,1346Do,ss13-46,o,1,0.0465,46.5,1250,100,0.268817204,Tot.Car,15.859292992990277,Old,Grammica__Old,Grammica__Tot.Car,2.763755643522956,ss13-46o,C_denticulata__Tot.Car
7/4/18,7/4/18,AS-257,Grammica,C_denticulata,1346Bo,ss13-46,o,1,0.0493,49.3,1250,100,0.253549696,Tot.Car,20.952936126932478,Old,Grammica__Old,Grammica__Tot.Car,3.042278790577678,ss13-46o,C_denticulata__Tot.Car
7/4/18,7/4/18,AS-269,Grammica,C_denticulata,1346Ao,ss13-46,o,1,0.0447,44.7,1250,100,0.279642058,Tot.Car,14.463140371751022,Old,Grammica__Old,Grammica__Tot.Car,2.6716033765349927,ss13-46o,C_denticulata__Tot.Car
7/10/18,7/11/18,AS-293,Grammica,C_denticulata,1346Do,ss13-46,o,1,0.051,51,1250,100,0.245098039,Tot.Car,16.62753675007365,Old,Grammica__Old,Grammica__Tot.Car,2.811060167386502,ss13-46o,C_denticulata__Tot.Car
6/14/18,6/14/18,AS-176,Grammica,C_denticulata,1346Ah,ss13-46,h,1,0.0499,49.9,1250,100,0.250501002,Tot.Car,12.33571893767838,Haustorium,Grammica__Haustorium,Grammica__Tot.Car,2.5124990407573193,ss13-46h,C_denticulata__Tot.Car
7/4/18,7/4/18,AS-256,Grammica,C_denticulata,1346Bh,ss13-46,h,1,0.0505,50.5,1250,100,0.247524752,Tot.Car,20.64653213857648,Haustorium,Grammica__Haustorium,Grammica__Tot.Car,3.0275473749698847,ss13-46h,C_denticulata__Tot.Car
7/10/18,7/11/18,AS-277,Grammica,C_denticulata,13466Dh,ss13-46,h,1,0.0425,42.5,1250,100,0.294117647,Tot.Car,51.439205872065095,Haustorium,Grammica__Haustorium,Grammica__Tot.Car,3.9404006438083825,ss13-46h,C_denticulata__Tot.Car
7/10/18,7/11/18,AS-291,Grammica,C_denticulata,1346Ch,ss13-46,h,1,0.0428,42.8,1250,100,0.292056075,Tot.Car,25.69557537102375,Haustorium,Grammica__Haustorium,Grammica__Tot.Car,3.2463188164192722,ss13-46h,C_denticulata__Tot.Car
7/10/18,7/11/18,AS-274,Grammica,C_denticulata,1346Cf,ss13-46,f,1,0.045,45,1250,100,0.277777778,Tot.Car,44.58786392455917,Flower,Grammica__Flower,Grammica__Tot.Car,3.7974617149255074,ss13-46f,C_denticulata__Tot.Car
7/10/18,7/11/18,AS-290,Grammica,C_denticulata,1346Af,ss13-46,f,1,0.0421,42.1,1250,100,0.296912114,Tot.Car,35.92184085338264,Flower,Grammica__Flower,Grammica__Tot.Car,3.58134549360684,ss13-46f,C_denticulata__Tot.Car
-,12/6/17,AS-01,Grammica,C_sandwichiana,155sdlg,155,sdlg,1,0.0344,34.4,2050,100,0.595930233,VAZ.Car,0.39083294099816523,Seedling,Grammica__Seedling,Grammica__VAZ.Car,0,155sdlg,C_sandwichiana__VAZ.Car
-,12/6/17,AS-06,Grammica,C_sandwichiana,155sdlg,155,sdlg,2,0.0328,32.8,2050,100,0.625,VAZ.Car,0.38252464796051544,Seedling,Grammica__Seedling,Grammica__VAZ.Car,0,155sdlg,C_sandwichiana__VAZ.Car
6/14/18,6/14/18,AS-197,Grammica,C_sandwichiana,155Cy,155,y,1,0.0435,43.5,1250,100,0.287356322,VAZ.Car,0.8303968322730333,Young,Grammica__Young,Grammica__VAZ.Car,0,155y,C_sandwichiana__VAZ.Car
7/14/18,6/3/18,AS-228,Grammica,C_sandwichiana,155Ay,155,y,1,0.0464,46.4,1250,100,0.269396552,VAZ.Car,0.6959659943726588,Young,Grammica__Young,Grammica__VAZ.Car,0,155y,C_sandwichiana__VAZ.Car
7/2/18,6/3/18,AS-231,Grammica,C_sandwichiana,155Dy,155,y,1,0.053900000000000003,53.9,1250,100,0.231910946,VAZ.Car,0.6881905188268803,Young,Grammica__Young,Grammica__VAZ.Car,0,155y,C_sandwichiana__VAZ.Car
7/2/18,6/3/18,AS-241,Grammica,C_sandwichiana,155By,155,y,1,0.0448,44.8,1250,100,0.279017857,VAZ.Car,0.6589164580726306,Young,Grammica__Young,Grammica__VAZ.Car,0,155y,C_sandwichiana__VAZ.Car
7/11/18,7/11/18,AS-309,Grammica,C_sandwichiana,155Cy,155,y,1,0.084,84,1250,100,0.148809524,VAZ.Car,0.6334221622899278,Young,Grammica__Young,Grammica__VAZ.Car,0,155y,C_sandwichiana__VAZ.Car
6/14/18,6/14/18,AS-184,Grammica,C_sandwichiana,155Ao,155,o,1,0.0484,48.4,1250,100,0.258264463,VAZ.Car,0.4108660896669583,Old,Grammica__Old,Grammica__VAZ.Car,0,155o,C_sandwichiana__VAZ.Car
6/14/18,6/14/18,AS-186,Grammica,C_sandwichiana,155Do,155,o,1,0.0455,45.5,1250,100,0.274725275,VAZ.Car,0.6237067656475536,Old,Grammica__Old,Grammica__VAZ.Car,0,155o,C_sandwichiana__VAZ.Car
6/14/18,6/14/18,AS-187,Grammica,C_sandwichiana,155Bo,155,o,1,0.0477,47.7,1250,100,0.262054507,VAZ.Car,0.4805092024853296,Old,Grammica__Old,Grammica__VAZ.Car,0,155o,C_sandwichiana__VAZ.Car
7/2/18,6/3/18,AS-203,Grammica,C_sandwichiana,155Co,155,o,1,0.0498,49.8,1250,100,0.251004016,VAZ.Car,0.5870320512918907,Old,Grammica__Old,Grammica__VAZ.Car,0,155o,C_sandwichiana__VAZ.Car
7/2/18,6/3/18,AS-229,Grammica,C_sandwichiana,155Bh,155,h,1,0.045,45,1250,100,0.277777778,VAZ.Car,0.35838869470312507,Haustorium,Grammica__Haustorium,Grammica__VAZ.Car,0,155h,C_sandwichiana__VAZ.Car
7/2/18,6/3/18,AS-230,Grammica,C_sandwichiana,155Ch,155,h,1,0.0446,44.6,1250,100,0.280269058,VAZ.Car,0.3758082990062851,Haustorium,Grammica__Haustorium,Grammica__VAZ.Car,0,155h,C_sandwichiana__VAZ.Car
7/2/18,6/3/18,AS-232,Grammica,C_sandwichiana,155Dh,155,h,1,0.0408,40.8,1250,100,0.306372549,VAZ.Car,0.4186073109186949,Haustorium,Grammica__Haustorium,Grammica__VAZ.Car,0,155h,C_sandwichiana__VAZ.Car
7/2/18,6/3/18,AS-245,Grammica,C_sandwichiana,155Ch,155,h,1,0.0482,48.2,1250,100,0.2593361,VAZ.Car,0.47195510049005607,Haustorium,Grammica__Haustorium,Grammica__VAZ.Car,0,155h,C_sandwichiana__VAZ.Car
7/10/18,7/11/18,AS-281,Grammica,C_sandwichiana,155Ah,155,h,1,0.0488,48.8,1250,100,0.256147541,VAZ.Car,0.4256847587965261,Haustorium,Grammica__Haustorium,Grammica__VAZ.Car,0,155h,C_sandwichiana__VAZ.Car
6/14/18,6/14/18,AS-196,Grammica,C_sandwichiana,155Cf,155,f,1,0.0441,44.1,1250,100,0.283446712,VAZ.Car,0.6001807777539593,Flower,Grammica__Flower,Grammica__VAZ.Car,0,155f,C_sandwichiana__VAZ.Car
7/4/18,7/4/18,AS-247,Grammica,C_sandwichiana,155Af,155,f,1,0.0445,44.5,1250,100,0.280898876,VAZ.Car,0.4955960009646926,Flower,Grammica__Flower,Grammica__VAZ.Car,0,155f,C_sandwichiana__VAZ.Car
-,12/6/17,AS-02,Grammica,C_polygonorum,1705sdlg,1705,sdlg,1,0.0142,14.2,2050,100,1.443661972,VAZ.Car,0.5162340977622416,Seedling,Grammica__Seedling,Grammica__VAZ.Car,0,1705sdlg,C_polygonorum__VAZ.Car
-,12/6/17,AS-04,Grammica,C_polygonorum,1705sdlg,1705,sdlg,2,0.0369,36.9,2050,100,0.555555556,VAZ.Car,0.3208455495332757,Seedling,Grammica__Seedling,Grammica__VAZ.Car,0,1705sdlg,C_polygonorum__VAZ.Car
-,12/6/17,AS-05,Grammica,C_polygonorum,1705sdlg,1705,sdlg,3,0.0501,50.1,2050,100,0.409181637,VAZ.Car,0.325254187188278,Seedling,Grammica__Seedling,Grammica__VAZ.Car,0,1705sdlg,C_polygonorum__VAZ.Car
7/11/18,7/11/18,AS-304,Grammica,C_polygonorum,1705sdlg,1705,sdlg,1,0.0338,33.8,950,100,0.281065089,VAZ.Car,0.2183577404792994,Seedling,Grammica__Seedling,Grammica__VAZ.Car,0,1705sdlg,C_polygonorum__VAZ.Car
7/11/18,7/11/18,AS-310,Grammica,C_polygonorum,1705sdlg,1705,sdlg,1,0.0298,29.8,950,100,0.318791946,VAZ.Car,0.21123014645378652,Seedling,Grammica__Seedling,Grammica__VAZ.Car,0,1705sdlg,C_polygonorum__VAZ.Car
6/14/18,6/14/18,AS-183,Grammica,C_polygonorum,1705Ay,1705,y,1,0.0408,40.8,1250,100,0.306372549,VAZ.Car,0.42851823450136384,Young,Grammica__Young,Grammica__VAZ.Car,0,1705y,C_polygonorum__VAZ.Car
7/10/18,7/11/18,AS-288,Grammica,C_polygonorum,1705Cy,1705,y,1,0.0524,52.4,1250,100,0.238549618,VAZ.Car,0.4578503956507548,Young,Grammica__Young,Grammica__VAZ.Car,0,1705y,C_polygonorum__VAZ.Car
7/10/18,7/11/18,AS-295,Grammica,C_polygonorum,1705Dy,1705,y,1,0.0432,43.2,1250,100,0.289351852,VAZ.Car,0.398088305036707,Young,Grammica__Young,Grammica__VAZ.Car,0,1705y,C_polygonorum__VAZ.Car
7/11/18,7/11/18,AS-303,Grammica,C_polygonorum,1705By,1705,y,1,0.0672,67.2,1250,100,0.186011905,VAZ.Car,0.4492418521046794,Young,Grammica__Young,Grammica__VAZ.Car,0,1705y,C_polygonorum__VAZ.Car
6/14/18,6/14/18,AS-182,Grammica,C_polygonorum,1705Ao,1705,o,1,0.048,48,1250,100,0.260416667,VAZ.Car,0.23246539104441974,Old,Grammica__Old,Grammica__VAZ.Car,0,1705o,C_polygonorum__VAZ.Car
7/2/18,6/3/18,AS-201,Grammica,C_polygonorum,1705Bo,1705,o,1,0.0499,49.9,1250,100,0.250501002,VAZ.Car,0.22631189918059463,Old,Grammica__Old,Grammica__VAZ.Car,0,1705o,C_polygonorum__VAZ.Car
7/2/18,6/3/18,AS-202,Grammica,C_polygonorum,1705Co,1705,o,1,0.0421,42.1,1250,100,0.296912114,VAZ.Car,0.34050139704231425,Old,Grammica__Old,Grammica__VAZ.Car,0,1705o,C_polygonorum__VAZ.Car
7/10/18,7/11/18,AS-300,Grammica,C_polygonorum,1705Do,1705,o,1,0.0494,49.4,1250,100,0.253036437,VAZ.Car,0.30114255785666855,Old,Grammica__Old,Grammica__VAZ.Car,0,1705o,C_polygonorum__VAZ.Car
7/10/18,7/11/18,AS-302,Grammica,C_polygonorum,1705Do,1705,o,1,0.042,42,1250,100,0.297619048,VAZ.Car,0.25994509922930037,Old,Grammica__Old,Grammica__VAZ.Car,0,1705o,C_polygonorum__VAZ.Car
7/10/18,7/11/18,AS-282,Grammica,C_polygonorum,1705Ch,1705,h,1,0.0389,38.9,1250,100,0.321336761,VAZ.Car,0.21049187171648087,Haustorium,Grammica__Haustorium,Grammica__VAZ.Car,0,1705h,C_polygonorum__VAZ.Car
7/10/18,7/11/18,AS-287,Grammica,C_polygonorum,1705Ah,1705,h,1,0.029,29,950,100,0.327586207,VAZ.Car,0.15969307422876913,Haustorium,Grammica__Haustorium,Grammica__VAZ.Car,0,1705h,C_polygonorum__VAZ.Car
7/10/18,7/11/18,AS-296,Grammica,C_polygonorum,1705Dh,1705,h,1,0.0482,48.2,1250,100,0.2593361,VAZ.Car,0.2582300853692715,Haustorium,Grammica__Haustorium,Grammica__VAZ.Car,0,1705h,C_polygonorum__VAZ.Car
7/2/18,6/3/18,AS-235,Grammica,C_polygonorum,1705Af,1705,f,1,0.0488,48.8,1250,100,0.256147541,VAZ.Car,0.3377615407283511,Flower,Grammica__Flower,Grammica__VAZ.Car,0,1705f,C_polygonorum__VAZ.Car
7/10/18,7/11/18,AS-286,Grammica,C_polygonorum,1705Cf,1705,f,1,0.045,45,1250,100,0.277777778,VAZ.Car,0.37274544451835884,Flower,Grammica__Flower,Grammica__VAZ.Car,0,1705f,C_polygonorum__VAZ.Car
7/4/18,7/4/18,AS-248,Grammica,C_polygonorum,1705As,1705,s,1,0.0428,42.8,1250,100,0.292056075,VAZ.Car,0.3257990133899123,Seed,Grammica__Seed,Grammica__VAZ.Car,0,1705s,C_polygonorum__VAZ.Car
7/10/18,7/11/18,AS-285,Grammica,C_polygonorum,1705Cs,1705,s,1,0.0289,28.9,950,100,0.328719723,VAZ.Car,0.3374304382387085,Seed,Grammica__Seed,Grammica__VAZ.Car,0,1705s,C_polygonorum__VAZ.Car
7/2/18,6/3/18,AS-207,Grammica,C_compacta,1566sdlg,1566,sdlg,1,0.0414,41.4,1250,100,0.301932367,VAZ.Car,0.3911508567641415,Seedling,Grammica__Seedling,Grammica__VAZ.Car,0,1566sdlg,C_compacta__VAZ.Car
-,12/6/17,AS-03,Grammica,C_compacta,1566sdlg,1566,sdlg,1,0.0391,39.1,2050,100,0.524296675,VAZ.Car,0.4495569260928426,Seedling,Grammica__Seedling,Grammica__VAZ.Car,0,1566sdlg,C_compacta__VAZ.Car
-,12/6/17,AS-07,Grammica,C_compacta,1566sdlg,1566,sdlg,2,0.0384,38.4,2050,100,0.533854167,VAZ.Car,0.4232164387747676,Seedling,Grammica__Seedling,Grammica__VAZ.Car,0,1566sdlg,C_compacta__VAZ.Car
-,12/6/17,AS-08,Grammica,C_compacta,1566sdlg,1566,sdlg,3,0.0362,36.2,2050,100,0.566298343,VAZ.Car,0.45851358157962563,Seedling,Grammica__Seedling,Grammica__VAZ.Car,0,1566sdlg,C_compacta__VAZ.Car
-,12/6/17,AS-09,Grammica,C_compacta,1566sdlg,1566,sdlg,4,0.0425,42.5,2050,100,0.482352941,VAZ.Car,0.41948039734625947,Seedling,Grammica__Seedling,Grammica__VAZ.Car,0,1566sdlg,C_compacta__VAZ.Car
7/4/18,7/4/18,AS-249,Grammica,C_compacta,1566sdlg,1566,sdlg,1,0.0532,53.2,1250,100,0.234962406,VAZ.Car,0.3968419156629547,Seedling,Grammica__Seedling,Grammica__VAZ.Car,0,1566sdlg,C_compacta__VAZ.Car
-,12/6/17,AS-21,Grammica,C_compacta,1566Ay,1566,y,1,0.0422,42.2,2050,100,0.485781991,VAZ.Car,0.5041344246858015,Young,Grammica__Young,Grammica__VAZ.Car,0,1566y,C_compacta__VAZ.Car
-,12/6/17,AS-22,Grammica,C_compacta,1566Ay,1566,y,2,0.0419,41.9,2050,100,0.489260143,VAZ.Car,0.49860777295778724,Young,Grammica__Young,Grammica__VAZ.Car,0,1566y,C_compacta__VAZ.Car
7/2/18,6/3/18,AS-244,Grammica,C_compacta,1566Ay,1566,y,1,0.0421,42.1,1250,100,0.296912114,VAZ.Car,0.4748536013038587,Young,Grammica__Young,Grammica__VAZ.Car,0,1566y,C_compacta__VAZ.Car
7/4/18,7/4/18,AS-250,Grammica,C_compacta,1566Ay,1566,y,1,0.0486,48.6,1250,100,0.257201646,VAZ.Car,0.5201390861904326,Young,Grammica__Young,Grammica__VAZ.Car,0,1566y,C_compacta__VAZ.Car
7/4/18,7/4/18,AS-265,Grammica,C_compacta,1566Ey,1566,y,1,0.0452,45.2,1250,100,0.276548673,VAZ.Car,0.47534252389076986,Young,Grammica__Young,Grammica__VAZ.Car,0,1566y,C_compacta__VAZ.Car
7/2/18,6/3/18,AS-199,Grammica,C_compacta,1566Ao,1566,o,1,0.0424,42.4,1250,100,0.294811321,VAZ.Car,0.24789196218931753,Old,Grammica__Old,Grammica__VAZ.Car,0,1566o,C_compacta__VAZ.Car
7/2/18,6/3/18,AS-200,Grammica,C_compacta,1566Eo,1566,o,1,0.0495,49.5,1250,100,0.252525253,VAZ.Car,0.07176516074863758,Old,Grammica__Old,Grammica__VAZ.Car,0,1566o,C_compacta__VAZ.Car
7/4/18,7/4/18,AS-264,Grammica,C_compacta,1566Ao,1566,o,1,0.0408,40.8,1250,100,0.306372549,VAZ.Car,0.18005777714371274,Old,Grammica__Old,Grammica__VAZ.Car,0,1566o,C_compacta__VAZ.Car
7/4/18,7/4/18,AS-266,Grammica,C_compacta,1566Eo,1566,o,1,0.0415,41.5,1250,100,0.301204819,VAZ.Car,0.13833856021231244,Old,Grammica__Old,Grammica__VAZ.Car,0,1566o,C_compacta__VAZ.Car
6/14/18,6/14/18,AS-198,Grammica,C_compacta,1566Ah,1566,h,1,0.0523,52.3,1250,100,0.239005736,VAZ.Car,0.47670835039662257,Haustorium,Grammica__Haustorium,Grammica__VAZ.Car,0,1566h,C_compacta__VAZ.Car
7/4/18,7/4/18,AS-267,Grammica,C_compacta,1566Eh,1566,h,1,0.0517,51.7,1250,100,0.241779497,VAZ.Car,0.32553461099988196,Haustorium,Grammica__Haustorium,Grammica__VAZ.Car,0,1566h,C_compacta__VAZ.Car
7/11/18,7/11/18,AS-307,Grammica,C_australis,1382Cy,1382,y,1,0.0773,77.3,1250,100,0.161707633,VAZ.Car,0.5097099357217094,Young,Grammica__Young,Grammica__VAZ.Car,0,1382y,C_australis__VAZ.Car
7/11/18,7/11/18,AS-311,Grammica,C_australis,1382Ay,1382,y,1,0.0152,15.2,950,100,0.625,VAZ.Car,0.48606889388624946,Young,Grammica__Young,Grammica__VAZ.Car,0,1382y,C_australis__VAZ.Car
6/14/18,6/14/18,AS-190,Grammica,C_australis,1382Ao,1382,o,1,0.0464,46.4,1250,100,0.269396552,VAZ.Car,0.6620504760543986,Old,Grammica__Old,Grammica__VAZ.Car,0,1382o,C_australis__VAZ.Car
6/14/18,6/14/18,AS-194,Grammica,C_australis,1382Co,1382,o,1,0.0494,49.4,1250,100,0.253036437,VAZ.Car,0.6458395017376806,Old,Grammica__Old,Grammica__VAZ.Car,0,1382o,C_australis__VAZ.Car
7/4/18,7/4/18,AS-261,Grammica,C_australis,1382Bo,1382,o,1,0.0486,48.6,1250,100,0.257201646,VAZ.Car,0.4366601631975509,Old,Grammica__Old,Grammica__VAZ.Car,0,1382o,C_australis__VAZ.Car
7/2/18,6/3/18,AS-240,Grammica,C_australis,1382Bh,1382,h,1,0.0417,41.7,1250,100,0.299760192,VAZ.Car,0.12051005854966,Haustorium,Grammica__Haustorium,Grammica__VAZ.Car,0,1382h,C_australis__VAZ.Car
7/2/18,6/3/18,AS-246,Grammica,C_australis,1382Ch,1382,h,1,0.0469,46.9,1250,100,0.26652452,VAZ.Car,0.18132206956581165,Haustorium,Grammica__Haustorium,Grammica__VAZ.Car,0,1382h,C_australis__VAZ.Car
-,12/6/17,AS-23,Grammica,C_cephalanthii,1567Ay,1567,y,1,0.0418,41.8,2050,100,0.490430622,VAZ.Car,0.46005423887610014,Young,Grammica__Young,Grammica__VAZ.Car,0,1567y,C_cephalanthii__VAZ.Car
-,12/6/17,AS-24,Grammica,C_cephalanthii,1567Ay,1567,y,2,0.0394,39.4,2050,100,0.520304569,VAZ.Car,0.44194187046688144,Young,Grammica__Young,Grammica__VAZ.Car,0,1567y,C_cephalanthii__VAZ.Car
6/5/18,6/11/18,AS-39,Grammica,C_cephalanthii,1567Gy,1567,y,1,0.0443,44.3,2050,100,0.46275395,VAZ.Car,0.4916241791021307,Young,Grammica__Young,Grammica__VAZ.Car,0,1567y,C_cephalanthii__VAZ.Car
6/5/18,6/11/18,AS-40,Grammica,C_cephalanthii,1567Gy,1567,y,2,0.0457,45.7,2050,100,0.448577681,VAZ.Car,0.5084171332819529,Young,Grammica__Young,Grammica__VAZ.Car,0,1567y,C_cephalanthii__VAZ.Car
6/5/18,6/11/18,AS-47,Grammica,C_cephalanthii,1567Fy,1567,y,1,0.043,43,2050,100,0.476744186,VAZ.Car,0.5232610279033023,Young,Grammica__Young,Grammica__VAZ.Car,0,1567y,C_cephalanthii__VAZ.Car
6/5/18,6/11/18,AS-48,Grammica,C_cephalanthii,1567Fy,1567,y,2,0.0423,42.3,2050,100,0.48463357,VAZ.Car,0.5359169870668247,Young,Grammica__Young,Grammica__VAZ.Car,0,1567y,C_cephalanthii__VAZ.Car
7/2/18,6/3/18,AS-222,Grammica,C_cephalanthii,1567Dy,1567,y,1,0.0269,26.9,1250,100,0.464684015,VAZ.Car,0.5484551338598925,Young,Grammica__Young,Grammica__VAZ.Car,0,1567y,C_cephalanthii__VAZ.Car
6/5/18,6/11/18,AS-31,Grammica,C_cephalanthii,1567Go,1567,o,1,0.0425,42.5,2050,100,0.482352941,VAZ.Car,0.2381630715746468,Old,Grammica__Old,Grammica__VAZ.Car,0,1567o,C_cephalanthii__VAZ.Car
6/5/18,6/11/18,AS-32,Grammica,C_cephalanthii,1567Go,1567,o,2,0.0598,59.8,2050,100,0.342809365,VAZ.Car,0.2064304410012043,Old,Grammica__Old,Grammica__VAZ.Car,0,1567o,C_cephalanthii__VAZ.Car
6/5/18,6/11/18,AS-37,Grammica,C_cephalanthii,1567Fo,1567,o,1,0.0417,41.7,2050,100,0.491606715,VAZ.Car,0.28176465003861517,Old,Grammica__Old,Grammica__VAZ.Car,0,1567o,C_cephalanthii__VAZ.Car
6/5/18,6/11/18,AS-38,Grammica,C_cephalanthii,1567Fo,1567,o,2,0.0533,53.3,2050,100,0.384615385,VAZ.Car,0.23286841754788254,Old,Grammica__Old,Grammica__VAZ.Car,0,1567o,C_cephalanthii__VAZ.Car
6/5/18,6/11/18,AS-45,Grammica,C_cephalanthii,1567Do,1567,o,1,0.0475,47.5,2050,100,0.431578947,VAZ.Car,0.2812821543597747,Old,Grammica__Old,Grammica__VAZ.Car,0,1567o,C_cephalanthii__VAZ.Car
6/5/18,6/11/18,AS-46,Grammica,C_cephalanthii,1567Do,1567,o,2,0.048,48,2050,100,0.427083333,VAZ.Car,0.22061653290682512,Old,Grammica__Old,Grammica__VAZ.Car,0,1567o,C_cephalanthii__VAZ.Car
6/11/18,6/11/18,AS-126,Grammica,C_cephalanthii,1567Fo,1567,o,1,0.046,46,1250,100,0.27173913,VAZ.Car,0.17265210086447916,Old,Grammica__Old,Grammica__VAZ.Car,0,1567o,C_cephalanthii__VAZ.Car
6/13/18,6/13/18,AS-127,Grammica,C_cephalanthii,1567Fo,1567,o,2,0.0499,49.9,1250,100,0.250501002,VAZ.Car,0.18930056420251323,Old,Grammica__Old,Grammica__VAZ.Car,0,1567o,C_cephalanthii__VAZ.Car
6/13/18,6/13/18,AS-130,Grammica,C_cephalanthii,1567Go,1567,o,1,0.0496,49.6,1250,100,0.252016129,VAZ.Car,0.2655656353391898,Old,Grammica__Old,Grammica__VAZ.Car,0,1567o,C_cephalanthii__VAZ.Car
6/13/18,6/13/18,AS-131,Grammica,C_cephalanthii,1567Go,1567,o,2,0.0414,41.4,1250,100,0.301932367,VAZ.Car,0.1608999870166337,Old,Grammica__Old,Grammica__VAZ.Car,0,1567o,C_cephalanthii__VAZ.Car
6/13/18,6/13/18,AS-132,Grammica,C_cephalanthii,1567Do,1567,o,1,0.0511,51.1,1250,100,0.244618395,VAZ.Car,0.18488489225232552,Old,Grammica__Old,Grammica__VAZ.Car,0,1567o,C_cephalanthii__VAZ.Car
6/13/18,6/13/18,AS-133,Grammica,C_cephalanthii,1567Do,1567,o,2,0.0409,40.9,1250,100,0.305623472,VAZ.Car,0.16204496688564024,Old,Grammica__Old,Grammica__VAZ.Car,0,1567o,C_cephalanthii__VAZ.Car
7/2/18,6/3/18,AS-214,Grammica,C_cephalanthii,1567Ao,1567,o,1,0.0422,42.2,1250,100,0.296208531,VAZ.Car,0.17106914911220297,Old,Grammica__Old,Grammica__VAZ.Car,0,1567o,C_cephalanthii__VAZ.Car
7/4/18,7/4/18,AS-263,Grammica,C_cephalanthii,1567Bo,1567,o,1,0.0508,50.8,1250,100,0.246062992,VAZ.Car,0.2584826046490341,Old,Grammica__Old,Grammica__VAZ.Car,0,1567o,C_cephalanthii__VAZ.Car
6/13/18,6/13/18,AS-134,Grammica,C_cephalanthii,1567Gh,1567,h,1,0.0406,40.6,1250,100,0.307881773,VAZ.Car,0.2813476331828956,Haustorium,Grammica__Haustorium,Grammica__VAZ.Car,0,1567h,C_cephalanthii__VAZ.Car
6/13/18,6/13/18,AS-135,Grammica,C_cephalanthii,1567Gh,1567,h,2,0.0512,51.2,1250,100,0.244140625,VAZ.Car,0.3615612347787871,Haustorium,Grammica__Haustorium,Grammica__VAZ.Car,0,1567h,C_cephalanthii__VAZ.Car
7/2/18,6/3/18,AS-236,Grammica,C_cephalanthii,1567Dh,1567,h,1,0.0475,47.5,1250,100,0.263157895,VAZ.Car,0.39345719359876674,Haustorium,Grammica__Haustorium,Grammica__VAZ.Car,0,1567h,C_cephalanthii__VAZ.Car
7/2/18,6/3/18,AS-237,Grammica,C_cephalanthii,1567Fh,1567,h,1,0.0492,49.2,1250,100,0.254065041,VAZ.Car,0.28249010815268083,Haustorium,Grammica__Haustorium,Grammica__VAZ.Car,0,1567h,C_cephalanthii__VAZ.Car
6/11/18,6/11/18,AS-122,Grammica,C_cephalanthii,1567Df,1567,f,1,0.0465,46.5,1250,100,0.268817204,VAZ.Car,0.3732376261854256,Flower,Grammica__Flower,Grammica__VAZ.Car,0,1567f,C_cephalanthii__VAZ.Car
6/11/18,6/11/18,AS-123,Grammica,C_cephalanthii,1567Df,1567,f,2,0.0415,41.5,1250,100,0.301204819,VAZ.Car,0.38212657594578575,Flower,Grammica__Flower,Grammica__VAZ.Car,0,1567f,C_cephalanthii__VAZ.Car
6/13/18,6/13/18,AS-169,Grammica,C_cephalanthii,1567Gs,1567,s,1,0.0496,49.6,1250,100,0.252016129,VAZ.Car,0.32066134147060626,Seed,Grammica__Seed,Grammica__VAZ.Car,0,1567s,C_cephalanthii__VAZ.Car
6/14/18,6/14/18,AS-175,Grammica,C_cephalanthii,1567Fs,1567,s,1,0.0448,44.8,1250,100,0.279017857,VAZ.Car,0.2976228477471401,Seed,Grammica__Seed,Grammica__VAZ.Car,0,1567s,C_cephalanthii__VAZ.Car
7/2/18,6/3/18,AS-208,Grammica,C_cephalanthii,1567Ds,1567,s,1,0.0575,57.5,1250,100,0.217391304,VAZ.Car,0.30441208993125063,Seed,Grammica__Seed,Grammica__VAZ.Car,0,1567s,C_cephalanthii__VAZ.Car
7/2/18,6/3/18,AS-215,Grammica,C_cephalanthii,1567Cs,1567,s,1,0.029,29,1250,100,0.431034483,VAZ.Car,0.2925217780941216,Seed,Grammica__Seed,Grammica__VAZ.Car,0,1567s,C_cephalanthii__VAZ.Car
7/2/18,6/3/18,AS-216,Grammica,C_cephalanthii,1567Bs,1567,s,1,0.0541,54.1,1250,100,0.231053604,VAZ.Car,0.2166230110960847,Seed,Grammica__Seed,Grammica__VAZ.Car,0,1567s,C_cephalanthii__VAZ.Car
6/13/18,6/13/18,AS-136,Grammica,C_costaricensis,CUCOAy,CUCO,y,1,0.0495,49.5,1250,100,0.252525253,VAZ.Car,0.412536073070224,Young,Grammica__Young,Grammica__VAZ.Car,0,CUCOy,C_costaricensis__VAZ.Car
6/13/18,6/13/18,AS-137,Grammica,C_costaricensis,CUCOAy,CUCO,y,2,0.0408,40.8,1250,100,0.306372549,VAZ.Car,0.30636688700188885,Young,Grammica__Young,Grammica__VAZ.Car,0,CUCOy,C_costaricensis__VAZ.Car
6/13/18,6/13/18,AS-158,Grammica,C_costaricensis,CUCOCy,CUCO,y,1,0.042,42,1250,100,0.297619048,VAZ.Car,0.44704310056799196,Young,Grammica__Young,Grammica__VAZ.Car,0,CUCOy,C_costaricensis__VAZ.Car
6/13/18,6/13/18,AS-159,Grammica,C_costaricensis,CUCOCy,CUCO,y,2,0.0483,48.3,1250,100,0.258799172,VAZ.Car,0.43463346002087744,Young,Grammica__Young,Grammica__VAZ.Car,0,CUCOy,C_costaricensis__VAZ.Car
6/13/18,6/13/18,AS-164,Grammica,C_costaricensis,CUCOBy,CUCO,y,1,0.0448,44.8,1250,100,0.279017857,VAZ.Car,0.42620142725418564,Young,Grammica__Young,Grammica__VAZ.Car,0,CUCOy,C_costaricensis__VAZ.Car
6/5/18,6/11/18,AS-61,Grammica,C_costaricensis,CUCOCo,CUCO,o,1,0.0459,45.9,2050,100,0.446623094,VAZ.Car,0.19426367852692278,Old,Grammica__Old,Grammica__VAZ.Car,0,CUCOo,C_costaricensis__VAZ.Car
6/5/18,6/11/18,AS-62,Grammica,C_costaricensis,CUCOCo,CUCO,o,2,0.0433,43.3,2050,100,0.473441109,VAZ.Car,0.17482964812563656,Old,Grammica__Old,Grammica__VAZ.Car,0,CUCOo,C_costaricensis__VAZ.Car
6/5/18,6/11/18,AS-77,Grammica,C_costaricensis,CUCOBo,CUCO,o,1,0.044,44,2050,100,0.465909091,VAZ.Car,0.21140511531320832,Old,Grammica__Old,Grammica__VAZ.Car,0,CUCOo,C_costaricensis__VAZ.Car
6/5/18,6/11/18,AS-78,Grammica,C_costaricensis,CUCOBo,CUCO,o,2,0.0468,46.8,2050,100,0.438034188,VAZ.Car,0.20077320441102617,Old,Grammica__Old,Grammica__VAZ.Car,0,CUCOo,C_costaricensis__VAZ.Car
6/11/18,6/11/18,AS-79,Grammica,C_costaricensis,CUCOBo,CUCO,o,3,0.0411,41.1,1250,100,0.304136253,VAZ.Car,0.20466517742657916,Old,Grammica__Old,Grammica__VAZ.Car,0,CUCOo,C_costaricensis__VAZ.Car
6/11/18,6/11/18,AS-80,Grammica,C_costaricensis,CUCOBo,CUCO,o,4,0.046,46,1250,100,0.27173913,VAZ.Car,0.16313175114801765,Old,Grammica__Old,Grammica__VAZ.Car,0,CUCOo,C_costaricensis__VAZ.Car
6/13/18,6/13/18,AS-138,Grammica,C_costaricensis,CUCOAo,CUCO,o,1,0.048,48,1250,100,0.260416667,VAZ.Car,0.17400647099091232,Old,Grammica__Old,Grammica__VAZ.Car,0,CUCOo,C_costaricensis__VAZ.Car
6/13/18,6/13/18,AS-139,Grammica,C_costaricensis,CUCOAo,CUCO,o,2,0.0491,49.1,1250,100,0.254582485,VAZ.Car,0.16888277352772374,Old,Grammica__Old,Grammica__VAZ.Car,0,CUCOo,C_costaricensis__VAZ.Car
6/5/18,6/11/18,AS-57,Grammica,C_costaricensis,CUCOCh,CUCO,h,1,0.0402,40.2,2050,100,0.509950249,VAZ.Car,0.2229233795015357,Haustorium,Grammica__Haustorium,Grammica__VAZ.Car,0,CUCOh,C_costaricensis__VAZ.Car
6/5/18,6/11/18,AS-58,Grammica,C_costaricensis,CUCOCh,CUCO,h,2,0.0432,43.2,2050,100,0.474537037,VAZ.Car,0.20911187504118312,Haustorium,Grammica__Haustorium,Grammica__VAZ.Car,0,CUCOh,C_costaricensis__VAZ.Car
6/5/18,6/11/18,AS-67,Grammica,C_costaricensis,CUCOBh,CUCO,h,1,0.0463,46.3,2050,100,0.442764579,VAZ.Car,0.2454674072087133,Haustorium,Grammica__Haustorium,Grammica__VAZ.Car,0,CUCOh,C_costaricensis__VAZ.Car
6/5/18,6/11/18,AS-68,Grammica,C_costaricensis,CUCOBh,CUCO,h,2,0.0412,41.2,2050,100,0.497572816,VAZ.Car,0.21108935305029738,Haustorium,Grammica__Haustorium,Grammica__VAZ.Car,0,CUCOh,C_costaricensis__VAZ.Car
6/13/18,6/13/18,AS-140,Grammica,C_costaricensis,CUCOAh,CUCO,h,1,0.044,44,1250,100,0.284090909,VAZ.Car,0.2651907414385657,Haustorium,Grammica__Haustorium,Grammica__VAZ.Car,0,CUCOh,C_costaricensis__VAZ.Car
6/13/18,6/13/18,AS-141,Grammica,C_costaricensis,CUCOAh,CUCO,h,2,0.0438,43.8,1250,100,0.285388128,VAZ.Car,0.2574427361991632,Haustorium,Grammica__Haustorium,Grammica__VAZ.Car,0,CUCOh,C_costaricensis__VAZ.Car
6/5/18,6/11/18,AS-71,Grammica,C_tasmanica,1715Cy,17-15,y,1,0.049,49,2050,100,0.418367347,VAZ.Car,0.2974391180152031,Young,Grammica__Young,Grammica__VAZ.Car,0,17-15y,C_tasmanica__VAZ.Car
6/5/18,6/11/18,AS-72,Grammica,C_tasmanica,1715Cy,17-15,y,2,0.044,44,2050,100,0.465909091,VAZ.Car,0.27605867665949446,Young,Grammica__Young,Grammica__VAZ.Car,0,17-15y,C_tasmanica__VAZ.Car
6/11/18,6/11/18,AS-89,Grammica,C_tasmanica,1715Ay,17-15,y,1,0.0478,47.8,1250,100,0.261506276,VAZ.Car,0.2932493629606158,Young,Grammica__Young,Grammica__VAZ.Car,0,17-15y,C_tasmanica__VAZ.Car
6/11/18,6/11/18,AS-90,Grammica,C_tasmanica,1715Ay,17-15,y,2,0.0485,48.5,1250,100,0.257731959,VAZ.Car,0.297825206406489,Young,Grammica__Young,Grammica__VAZ.Car,0,17-15y,C_tasmanica__VAZ.Car
6/11/18,6/11/18,AS-93,Grammica,C_tasmanica,1715By,17-15,y,1,0.0515,51.5,1250,100,0.242718447,VAZ.Car,0.2972766096534507,Young,Grammica__Young,Grammica__VAZ.Car,0,17-15y,C_tasmanica__VAZ.Car
6/11/18,6/11/18,AS-94,Grammica,C_tasmanica,1715By,17-15,y,2,0.0515,51.5,1250,100,0.242718447,VAZ.Car,0.2662897395395286,Young,Grammica__Young,Grammica__VAZ.Car,0,17-15y,C_tasmanica__VAZ.Car
6/13/18,6/13/18,AS-142,Grammica,C_tasmanica,1715Dy,17-15,y,1,0.045,45,1250,100,0.277777778,VAZ.Car,0.2242278460248035,Young,Grammica__Young,Grammica__VAZ.Car,0,17-15y,C_tasmanica__VAZ.Car
6/13/18,6/13/18,AS-143,Grammica,C_tasmanica,1715Dy,17-15,y,2,0.0498,49.8,1250,100,0.251004016,VAZ.Car,0.24661902521360532,Young,Grammica__Young,Grammica__VAZ.Car,0,17-15y,C_tasmanica__VAZ.Car
6/5/18,6/11/18,AS-69,Grammica,C_tasmanica,1715Co,17-15,o,1,0.048,48,2050,100,0.427083333,VAZ.Car,0.08158023600020937,Old,Grammica__Old,Grammica__VAZ.Car,0,17-15o,C_tasmanica__VAZ.Car
6/5/18,6/11/18,AS-70,Grammica,C_tasmanica,1715Co,17-15,o,2,0.0481,48.1,2050,100,0.426195426,VAZ.Car,0.0896738254304198,Old,Grammica__Old,Grammica__VAZ.Car,0,17-15o,C_tasmanica__VAZ.Car
6/11/18,6/11/18,AS-91,Grammica,C_tasmanica,1715Bo,17-15,o,1,0.0492,49.2,1250,100,0.254065041,VAZ.Car,0.14210059180170798,Old,Grammica__Old,Grammica__VAZ.Car,0,17-15o,C_tasmanica__VAZ.Car
6/11/18,6/11/18,AS-92,Grammica,C_tasmanica,1715Bo,17-15,o,2,0.0498,49.8,1250,100,0.251004016,VAZ.Car,0.1488865178626931,Old,Grammica__Old,Grammica__VAZ.Car,0,17-15o,C_tasmanica__VAZ.Car
6/11/18,6/11/18,AS-95,Grammica,C_tasmanica,1715Ao,17-15,o,1,0.0418,41.8,1250,100,0.299043062,VAZ.Car,0.06139327514921325,Old,Grammica__Old,Grammica__VAZ.Car,0,17-15o,C_tasmanica__VAZ.Car
6/11/18,6/11/18,AS-96,Grammica,C_tasmanica,1715Ao,17-15,o,2,0.0472,47.2,1250,100,0.264830508,VAZ.Car,0.056683228308288904,Old,Grammica__Old,Grammica__VAZ.Car,0,17-15o,C_tasmanica__VAZ.Car
6/11/18,6/11/18,AS-110,Grammica,C_tasmanica,1715Bo,17-15,o,1,0.0523,52.3,1250,100,0.239005736,VAZ.Car,0.12900137408616996,Old,Grammica__Old,Grammica__VAZ.Car,0,17-15o,C_tasmanica__VAZ.Car
6/11/18,6/11/18,AS-111,Grammica,C_tasmanica,1715Bo,17-15,o,2,0.0466,46.6,1250,100,0.268240343,VAZ.Car,0.10774289334703246,Old,Grammica__Old,Grammica__VAZ.Car,0,17-15o,C_tasmanica__VAZ.Car
6/13/18,6/13/18,AS-144,Grammica,C_tasmanica,1715Do,17-15,o,1,0.0505,50.5,1250,100,0.247524752,VAZ.Car,0.0723567221135037,Old,Grammica__Old,Grammica__VAZ.Car,0,17-15o,C_tasmanica__VAZ.Car
6/13/18,6/13/18,AS-145,Grammica,C_tasmanica,1715Do,17-15,o,2,0.041,41,1250,100,0.304878049,VAZ.Car,0.07923254086048051,Old,Grammica__Old,Grammica__VAZ.Car,0,17-15o,C_tasmanica__VAZ.Car
7/10/18,7/11/18,AS-273,Grammica,C_tasmanica,1715o,17-15,o,1,0.0447,44.7,1250,100,0.279642058,VAZ.Car,0.06753845688022699,Old,Grammica__Old,Grammica__VAZ.Car,0,17-15o,C_tasmanica__VAZ.Car
6/13/18,6/13/18,AS-150,Grammica,C_tasmanica,1715Dh,17-15,h,1,0.0406,40.6,1250,100,0.307881773,VAZ.Car,0.12882675566117288,Haustorium,Grammica__Haustorium,Grammica__VAZ.Car,0,17-15h,C_tasmanica__VAZ.Car
6/13/18,6/13/18,AS-151,Grammica,C_tasmanica,1715Dh,17-15,h,2,0.0433,43.3,1250,100,0.288683603,VAZ.Car,0.13798075030564352,Haustorium,Grammica__Haustorium,Grammica__VAZ.Car,0,17-15h,C_tasmanica__VAZ.Car
6/13/18,6/13/18,AS-166,Grammica,C_tasmanica,1715Ch,17-15,h,1,0.052,52,1250,100,0.240384615,VAZ.Car,0.16528346957985404,Haustorium,Grammica__Haustorium,Grammica__VAZ.Car,0,17-15h,C_tasmanica__VAZ.Car
6/14/18,6/14/18,AS-180,Grammica,C_tasmanica,1715Ah,17-15,h,1,0.0467,46.7,1250,100,0.267665953,VAZ.Car,0.09802628607292203,Haustorium,Grammica__Haustorium,Grammica__VAZ.Car,0,17-15h,C_tasmanica__VAZ.Car
6/14/18,6/14/18,AS-181,Grammica,C_tasmanica,1715Bh,17-15,h,1,0.0419,41.9,1250,100,0.298329356,VAZ.Car,0.17744475727220313,Haustorium,Grammica__Haustorium,Grammica__VAZ.Car,0,17-15h,C_tasmanica__VAZ.Car
6/5/18,6/11/18,AS-59,Grammica,C_tasmanica,1715Bf,17-15,f,1,0.0417,41.7,2050,100,0.491606715,VAZ.Car,0.1799758462978774,Flower,Grammica__Flower,Grammica__VAZ.Car,0,17-15f,C_tasmanica__VAZ.Car
6/5/18,6/11/18,AS-60,Grammica,C_tasmanica,1715Bf,17-15,f,2,0.0475,47.5,2050,100,0.431578947,VAZ.Car,0.20475991062411975,Flower,Grammica__Flower,Grammica__VAZ.Car,0,17-15f,C_tasmanica__VAZ.Car
6/11/18,6/11/18,AS-97,Grammica,C_tasmanica,1715Df,17-15,f,1,0.0475,47.5,1250,100,0.263157895,VAZ.Car,0.5113588609927554,Flower,Grammica__Flower,Grammica__VAZ.Car,0,17-15f,C_tasmanica__VAZ.Car
6/11/18,6/11/18,AS-98,Grammica,C_tasmanica,1715Df,17-15,f,1,0.0413,41.3,1250,100,0.302663438,VAZ.Car,0.23950763889881369,Flower,Grammica__Flower,Grammica__VAZ.Car,0,17-15f,C_tasmanica__VAZ.Car
6/13/18,6/13/18,AS-148,Grammica,C_tasmanica,1715Af,17-15,f,1,0.0419,41.9,1250,100,0.298329356,VAZ.Car,0.14919796899138643,Flower,Grammica__Flower,Grammica__VAZ.Car,0,17-15f,C_tasmanica__VAZ.Car
6/13/18,6/13/18,AS-149,Grammica,C_tasmanica,1715Af,17-15,f,2,0.0514,51.4,1250,100,0.243190661,VAZ.Car,0.15684632181857555,Flower,Grammica__Flower,Grammica__VAZ.Car,0,17-15f,C_tasmanica__VAZ.Car
7/4/18,7/4/18,AS-262,Grammica,C_tasmanica,1715Cf,17-15,f,1,0.0524,52.4,1250,100,0.238549618,VAZ.Car,0.192424263504772,Flower,Grammica__Flower,Grammica__VAZ.Car,0,17-15f,C_tasmanica__VAZ.Car
6/11/18,6/11/18,AS-99,Grammica,C_californica,17105Ay,ss17-105,y,2,0.0395,39.5,1250,100,0.316455696,VAZ.Car,0.5409234392693573,Young,Grammica__Young,Grammica__VAZ.Car,0,ss17-105y,C_californica__VAZ.Car
6/13/18,6/13/18,AS-154,Grammica,C_californica,17105Cy,ss17-105,y,1,0.0415,41.5,1250,100,0.301204819,VAZ.Car,0.4438763180373707,Young,Grammica__Young,Grammica__VAZ.Car,0,ss17-105y,C_californica__VAZ.Car
6/13/18,6/13/18,AS-155,Grammica,C_californica,17105Cy,ss17-105,y,2,0.0323,32.3,1250,100,0.386996904,VAZ.Car,0.524605900053167,Young,Grammica__Young,Grammica__VAZ.Car,0,ss17-105y,C_californica__VAZ.Car
6/13/18,6/13/18,AS-172,Grammica,C_californica,17105By,ss17-105,y,1,0.0162,16.2,1250,100,0.771604938,VAZ.Car,0.5037475981636035,Young,Grammica__Young,Grammica__VAZ.Car,0,ss17-105y,C_californica__VAZ.Car
7/10/18,7/11/18,AS-272,Grammica,C_californica,17105Dy,ss17-105,y,1,0.0518,51.8,1250,100,0.241312741,VAZ.Car,0.5177330857807741,Young,Grammica__Young,Grammica__VAZ.Car,0,ss17-105y,C_californica__VAZ.Car
7/11/18,7/11/18,AS-312,Grammica,C_californica,17105Ey,ss17-105,y,1,0.0168,16.8,950,100,0.56547619,VAZ.Car,0.4617473949007582,Young,Grammica__Young,Grammica__VAZ.Car,0,ss17-105y,C_californica__VAZ.Car
6/5/18,6/11/18,AS-63,Grammica,C_californica,17105Do,ss17-105,o,1,0.049,49,2050,100,0.418367347,VAZ.Car,0.2869373153456396,Old,Grammica__Old,Grammica__VAZ.Car,0,ss17-105o,C_californica__VAZ.Car
6/5/18,6/11/18,AS-64,Grammica,C_californica,17105Do,ss17-105,o,2,0.0442,44.2,2050,100,0.463800905,VAZ.Car,0.3023302079428311,Old,Grammica__Old,Grammica__VAZ.Car,0,ss17-105o,C_californica__VAZ.Car
6/11/18,6/11/18,AS-102,Grammica,C_californica,17105Ao,ss17-105,o,1,0.0448,44.8,1250,100,0.279017857,VAZ.Car,0.2416422887811377,Old,Grammica__Old,Grammica__VAZ.Car,0,ss17-105o,C_californica__VAZ.Car
6/11/18,6/11/18,AS-103,Grammica,C_californica,17105Ao,ss17-105,o,2,0.0492,49.2,1250,100,0.254065041,VAZ.Car,0.2662555755838959,Old,Grammica__Old,Grammica__VAZ.Car,0,ss17-105o,C_californica__VAZ.Car
6/13/18,6/13/18,AS-146,Grammica,C_californica,17105Co,ss17-105,o,1,0.0465,46.5,1250,100,0.268817204,VAZ.Car,0.38618906344181686,Old,Grammica__Old,Grammica__VAZ.Car,0,ss17-105o,C_californica__VAZ.Car
6/13/18,6/13/18,AS-147,Grammica,C_californica,17105Co,ss17-105,o,2,0.0465,46.5,1250,100,0.268817204,VAZ.Car,0.3555136413552144,Old,Grammica__Old,Grammica__VAZ.Car,0,ss17-105o,C_californica__VAZ.Car
6/13/18,6/13/18,AS-171,Grammica,C_californica,17105Bo,ss17-105,o,1,0.0506,50.6,1250,100,0.247035573,VAZ.Car,0.12892045321791273,Old,Grammica__Old,Grammica__VAZ.Car,0,ss17-105o,C_californica__VAZ.Car
6/13/18,6/13/18,AS-152,Grammica,C_californica,17105Ch,ss17-105,h,1,0.0448,44.8,1250,100,0.279017857,VAZ.Car,0.39352916814594574,Haustorium,Grammica__Haustorium,Grammica__VAZ.Car,0,ss17-105h,C_californica__VAZ.Car
6/13/18,6/13/18,AS-153 ,Grammica,C_californica,17105Ch,ss17-105,h,2,0.0152,15.2,1250,100,0.822368421,VAZ.Car,0.38097275206115405,Haustorium,Grammica__Haustorium,Grammica__VAZ.Car,0,ss17-105h,C_californica__VAZ.Car
6/13/18,6/13/18,AS-156,Grammica,C_californica,17105Ah,ss17-105,h,1,0.0448,44.8,1250,100,0.279017857,VAZ.Car,0.3330338647024378,Haustorium,Grammica__Haustorium,Grammica__VAZ.Car,0,ss17-105h,C_californica__VAZ.Car
6/13/18,6/13/18,AS-157,Grammica,C_californica,17105Ah,ss17-105,h,2,0.0429,42.9,1250,100,0.291375291,VAZ.Car,0.4058569183517287,Haustorium,Grammica__Haustorium,Grammica__VAZ.Car,0,ss17-105h,C_californica__VAZ.Car
6/13/18,6/13/18,AS-167,Grammica,C_californica,17105Bh,ss17-105,h,1,0.05,50,1250,100,0.25,VAZ.Car,0.3630349446550918,Haustorium,Grammica__Haustorium,Grammica__VAZ.Car,0,ss17-105h,C_californica__VAZ.Car
7/2/18,6/3/18,AS-239,Grammica,C_californica,17105Eh,ss17-105,h,1,0.0431,43.1,1250,100,0.290023202,VAZ.Car,0.37705723202555613,Haustorium,Grammica__Haustorium,Grammica__VAZ.Car,0,ss17-105h,C_californica__VAZ.Car
7/10/18,7/11/18,AS-298,Grammica,C_californica,17105Dh,ss17-105,h,1,0.0455,45.5,1250,100,0.274725275,VAZ.Car,0.21433746106021087,Haustorium,Grammica__Haustorium,Grammica__VAZ.Car,0,ss17-105h,C_californica__VAZ.Car
6/14/18,6/14/18,AS-179,Grammica,C_californica,17105Cf,ss17-105,f,1,0.0459,45.9,1250,100,0.272331155,VAZ.Car,0.4031449610019888,Flower,Grammica__Flower,Grammica__VAZ.Car,0,ss17-105f,C_californica__VAZ.Car
7/4/18,7/4/18,AS-251,Grammica,C_californica,17105Af,ss17-105,f,1,0.0549,54.9,1250,100,0.227686703,VAZ.Car,0.38989813718386873,Flower,Grammica__Flower,Grammica__VAZ.Car,0,ss17-105f,C_californica__VAZ.Car
7/4/18,7/4/18,AS-252,Grammica,C_californica,17105Bf,ss17-105,f,1,0.0456,45.6,1250,100,0.274122807,VAZ.Car,0.35437127193967327,Flower,Grammica__Flower,Grammica__VAZ.Car,0,ss17-105f,C_californica__VAZ.Car
7/4/18,7/4/18,AS-253,Grammica,C_californica,17105Bf,ss17-105,f,2,0.0521,52.1,1250,100,0.239923225,VAZ.Car,0.354376093641854,Flower,Grammica__Flower,Grammica__VAZ.Car,0,ss17-105f,C_californica__VAZ.Car
7/10/18,7/11/18,AS-279,Grammica,C_californica,17105Df,ss17-105,f,1,0.0484,48.4,1250,100,0.258264463,VAZ.Car,0.41897382622825646,Flower,Grammica__Flower,Grammica__VAZ.Car,0,ss17-105f,C_californica__VAZ.Car
7/10/18,7/11/18,AS-280,Grammica,C_californica,17105Ef,ss17-105,f,1,0.0462,46.2,1250,100,0.270562771,VAZ.Car,0.3451716152477651,Flower,Grammica__Flower,Grammica__VAZ.Car,0,ss17-105f,C_californica__VAZ.Car
6/5/18,6/11/18,AS-73,Grammica,C_californica,17105Eo,ss17-105,o,1,0.0481,48.1,2050,100,0.426195426,VAZ.Car,0.25723431422228216,Old,Grammica__Old,Grammica__VAZ.Car,0,ss17-105o,C_californica__VAZ.Car
6/5/18,6/11/18,AS-74,Grammica,C_californica,17105Eo,ss17-105,o,2,0.0476,47.6,2050,100,0.430672269,VAZ.Car,0.2838210783797987,Old,Grammica__Old,Grammica__VAZ.Car,0,ss17-105o,C_californica__VAZ.Car
6/11/18,6/11/18,AS-104,Grammica,C_indecora,1677Dy,ss16-17,y,1,0.0464,46.4,1250,100,0.269396552,VAZ.Car,0.5211330617823696,Young,Grammica__Young,Grammica__VAZ.Car,0,ss16-17y,C_indecora__VAZ.Car
6/11/18,6/11/18,AS-105,Grammica,C_indecora,1677Dy,ss16-17,y,2,0.0431,43.1,1250,100,0.290023202,VAZ.Car,0.45564744075039376,Young,Grammica__Young,Grammica__VAZ.Car,0,ss16-17y,C_indecora__VAZ.Car
6/11/18,6/11/18,AS-106,Grammica,C_indecora,1677By,ss16-17,y,1,0.0505,50.5,1250,100,0.247524752,VAZ.Car,0.48226827225441926,Young,Grammica__Young,Grammica__VAZ.Car,0,ss16-17y,C_indecora__VAZ.Car
6/11/18,6/11/18,AS-107,Grammica,C_indecora,1677By,ss16-17,y,2,0.051,51,1250,100,0.245098039,VAZ.Car,0.48018530691263384,Young,Grammica__Young,Grammica__VAZ.Car,0,ss16-17y,C_indecora__VAZ.Car
6/11/18,6/11/18,AS-100,Grammica,C_indecora,1677Do,ss16-17,o,1,0.0497,49.7,1250,100,0.251509054,VAZ.Car,0.2958922804660923,Old,Grammica__Old,Grammica__VAZ.Car,0,ss16-17o,C_indecora__VAZ.Car
6/11/18,6/11/18,AS-101,Grammica,C_indecora,1677Do,ss16-17,o,2,0.043,43,1250,100,0.290697674,VAZ.Car,0.08071920993194669,Old,Grammica__Old,Grammica__VAZ.Car,0,ss16-17o,C_indecora__VAZ.Car
6/14/18,6/14/18,AS-188,Grammica,C_indecora,1677Co,ss16-17,o,1,0.0495,49.5,1250,100,0.252525253,VAZ.Car,0.21884899537703043,Old,Grammica__Old,Grammica__VAZ.Car,0,ss16-17o,C_indecora__VAZ.Car
7/11/18,7/11/18,AS-308,Grammica,C_indecora,1677Bo,ss16-17,o,1,0.0472,47.2,1250,100,0.264830508,VAZ.Car,0.26832487875200506,Old,Grammica__Old,Grammica__VAZ.Car,0,ss16-17o,C_indecora__VAZ.Car
7/2/18,6/3/18,AS-223,Grammica,C_indecora,1677Dh,ss16-17,h,1,0.0416,41.6,1250,100,0.300480769,VAZ.Car,0.14380697595882722,Haustorium,Grammica__Haustorium,Grammica__VAZ.Car,0,ss16-17h,C_indecora__VAZ.Car
7/10/18,7/11/18,AS-283,Grammica,C_indecora,1677Bh,ss16-17,h,1,0.0454,45.4,1250,100,0.275330396,VAZ.Car,0.23606431865174052,Haustorium,Grammica__Haustorium,Grammica__VAZ.Car,0,ss16-17h,C_indecora__VAZ.Car
6/14/18,6/14/18,AS-189,Grammica,C_indecora,1677Df,ss16-17,f,1,0.0435,43.5,1250,100,0.287356322,VAZ.Car,0.3052553395505135,Flower,Grammica__Flower,Grammica__VAZ.Car,0,ss16-17f,C_indecora__VAZ.Car
6/14/18,6/14/18,AS-195,Grammica,C_indecora,1677Af,ss16-17,f,1,0.054,54,1250,100,0.231481481,VAZ.Car,0.6548092565024808,Flower,Grammica__Flower,Grammica__VAZ.Car,0,ss16-17f,C_indecora__VAZ.Car
7/2/18,6/3/18,AS-243,Grammica,C_indecora,1677Bf,ss16-17,f,1,0.0441,44.1,1250,100,0.283446712,VAZ.Car,0.36975941305200294,Flower,Grammica__Flower,Grammica__VAZ.Car,0,ss16-17f,C_indecora__VAZ.Car
7/2/18,6/3/18,AS-204,Grammica,C_denticulata,1346Dy,ss13-46,y,1,0.0447,44.7,1250,100,0.279642058,VAZ.Car,0.404669159411104,Young,Grammica__Young,Grammica__VAZ.Car,0,ss13-46y,C_denticulata__VAZ.Car
7/4/18,7/4/18,AS-268,Grammica,C_denticulata,1346Dy,ss13-46,y,1,0.0427,42.7,1250,100,0.292740047,VAZ.Car,0.39102907314667634,Young,Grammica__Young,Grammica__VAZ.Car,0,ss13-46y,C_denticulata__VAZ.Car
7/10/18,7/11/18,AS-278,Grammica,C_denticulata,1346By,ss13-46,y,1,0.0437,43.7,1250,100,0.28604119,VAZ.Car,0.5019597083211113,Young,Grammica__Young,Grammica__VAZ.Car,0,ss13-46y,C_denticulata__VAZ.Car
7/10/18,7/11/18,AS-289,Grammica,C_denticulata,1346Ay,ss13-46,y,1,0.0426,42.6,1250,100,0.29342723,VAZ.Car,0.49500339446922703,Young,Grammica__Young,Grammica__VAZ.Car,0,ss13-46y,C_denticulata__VAZ.Car
7/10/18,7/11/18,AS-292,Grammica,C_denticulata,1346Cy,ss13-46,y,1,0.0516,51.6,1350,100,0.261627907,VAZ.Car,0.5090338335553736,Young,Grammica__Young,Grammica__VAZ.Car,0,ss13-46y,C_denticulata__VAZ.Car
7/10/18,7/11/18,AS-294,Grammica,C_denticulata,1346Dy,ss13-46,y,1,0.0493,49.3,1250,100,0.253549696,VAZ.Car,0.42684811415256074,Young,Grammica__Young,Grammica__VAZ.Car,0,ss13-46y,C_denticulata__VAZ.Car
7/11/18,7/11/18,AS-315,Grammica,C_denticulata,1346y (trial) ,ss13-46,y,1,0.0461,46.1,1250,100,0.271149675,VAZ.Car,0.5043236374464114,Young,Grammica__Young,Grammica__VAZ.Car,0,ss13-46y,C_denticulata__VAZ.Car
6/13/18,6/13/18,AS-170,Grammica,C_denticulata,1346Ao,ss13-46,o,1,0.0493,49.3,1250,100,0.253549696,VAZ.Car,0.35396542923980845,Old,Grammica__Old,Grammica__VAZ.Car,0,ss13-46o,C_denticulata__VAZ.Car
7/2/18,6/3/18,AS-233,Grammica,C_denticulata,1346Do,ss13-46,o,1,0.0465,46.5,1250,100,0.268817204,VAZ.Car,0.29978132627032383,Old,Grammica__Old,Grammica__VAZ.Car,0,ss13-46o,C_denticulata__VAZ.Car
7/4/18,7/4/18,AS-257,Grammica,C_denticulata,1346Bo,ss13-46,o,1,0.0493,49.3,1250,100,0.253549696,VAZ.Car,0.21591347749072523,Old,Grammica__Old,Grammica__VAZ.Car,0,ss13-46o,C_denticulata__VAZ.Car
7/4/18,7/4/18,AS-269,Grammica,C_denticulata,1346Ao,ss13-46,o,1,0.0447,44.7,1250,100,0.279642058,VAZ.Car,0.28282900739537115,Old,Grammica__Old,Grammica__VAZ.Car,0,ss13-46o,C_denticulata__VAZ.Car
7/10/18,7/11/18,AS-293,Grammica,C_denticulata,1346Do,ss13-46,o,1,0.051,51,1250,100,0.245098039,VAZ.Car,0.2564997085068105,Old,Grammica__Old,Grammica__VAZ.Car,0,ss13-46o,C_denticulata__VAZ.Car
6/14/18,6/14/18,AS-176,Grammica,C_denticulata,1346Ah,ss13-46,h,1,0.0499,49.9,1250,100,0.250501002,VAZ.Car,0.3787344253200225,Haustorium,Grammica__Haustorium,Grammica__VAZ.Car,0,ss13-46h,C_denticulata__VAZ.Car
7/4/18,7/4/18,AS-256,Grammica,C_denticulata,1346Bh,ss13-46,h,1,0.0505,50.5,1250,100,0.247524752,VAZ.Car,0.29488434456485213,Haustorium,Grammica__Haustorium,Grammica__VAZ.Car,0,ss13-46h,C_denticulata__VAZ.Car
7/10/18,7/11/18,AS-277,Grammica,C_denticulata,13466Dh,ss13-46,h,1,0.0425,42.5,1250,100,0.294117647,VAZ.Car,0.23367933477154357,Haustorium,Grammica__Haustorium,Grammica__VAZ.Car,0,ss13-46h,C_denticulata__VAZ.Car
7/10/18,7/11/18,AS-291,Grammica,C_denticulata,1346Ch,ss13-46,h,1,0.0428,42.8,1250,100,0.292056075,VAZ.Car,0.3275544389085679,Haustorium,Grammica__Haustorium,Grammica__VAZ.Car,0,ss13-46h,C_denticulata__VAZ.Car
7/10/18,7/11/18,AS-274,Grammica,C_denticulata,1346Cf,ss13-46,f,1,0.045,45,1250,100,0.277777778,VAZ.Car,0.32254485541064337,Flower,Grammica__Flower,Grammica__VAZ.Car,0,ss13-46f,C_denticulata__VAZ.Car
7/10/18,7/11/18,AS-290,Grammica,C_denticulata,1346Af,ss13-46,f,1,0.0421,42.1,1250,100,0.296912114,VAZ.Car,0.26399143164808525,Flower,Grammica__Flower,Grammica__VAZ.Car,0,ss13-46f,C_denticulata__VAZ.Car
-,12/6/17,AS-01,Grammica,C_sandwichiana,155sdlg,155,sdlg,1,0.0344,34.4,2050,100,0.595930233,Lut.Car,0.4351695694094657,Seedling,Grammica__Seedling,Grammica__Lut.Car,0,155sdlg,C_sandwichiana__Lut.Car
-,12/6/17,AS-06,Grammica,C_sandwichiana,155sdlg,155,sdlg,2,0.0328,32.8,2050,100,0.625,Lut.Car,0.43821247400092456,Seedling,Grammica__Seedling,Grammica__Lut.Car,0,155sdlg,C_sandwichiana__Lut.Car
6/14/18,6/14/18,AS-197,Grammica,C_sandwichiana,155Cy,155,y,1,0.0435,43.5,1250,100,0.287356322,Lut.Car,0.13907569559662294,Young,Grammica__Young,Grammica__Lut.Car,0,155y,C_sandwichiana__Lut.Car
7/14/18,6/3/18,AS-228,Grammica,C_sandwichiana,155Ay,155,y,1,0.0464,46.4,1250,100,0.269396552,Lut.Car,0.09566733881820383,Young,Grammica__Young,Grammica__Lut.Car,0,155y,C_sandwichiana__Lut.Car
7/2/18,6/3/18,AS-231,Grammica,C_sandwichiana,155Dy,155,y,1,0.053900000000000003,53.9,1250,100,0.231910946,Lut.Car,0.0941180339461668,Young,Grammica__Young,Grammica__Lut.Car,0,155y,C_sandwichiana__Lut.Car
7/2/18,6/3/18,AS-241,Grammica,C_sandwichiana,155By,155,y,1,0.0448,44.8,1250,100,0.279017857,Lut.Car,0.0968668961551036,Young,Grammica__Young,Grammica__Lut.Car,0,155y,C_sandwichiana__Lut.Car
7/11/18,7/11/18,AS-309,Grammica,C_sandwichiana,155Cy,155,y,1,0.084,84,1250,100,0.148809524,Lut.Car,0.10617101589712336,Young,Grammica__Young,Grammica__Lut.Car,0,155y,C_sandwichiana__Lut.Car
6/14/18,6/14/18,AS-184,Grammica,C_sandwichiana,155Ao,155,o,1,0.0484,48.4,1250,100,0.258264463,Lut.Car,0.06076063292024719,Old,Grammica__Old,Grammica__Lut.Car,0,155o,C_sandwichiana__Lut.Car
6/14/18,6/14/18,AS-186,Grammica,C_sandwichiana,155Do,155,o,1,0.0455,45.5,1250,100,0.274725275,Lut.Car,0.06764535617065724,Old,Grammica__Old,Grammica__Lut.Car,0,155o,C_sandwichiana__Lut.Car
6/14/18,6/14/18,AS-187,Grammica,C_sandwichiana,155Bo,155,o,1,0.0477,47.7,1250,100,0.262054507,Lut.Car,0.06411120679487502,Old,Grammica__Old,Grammica__Lut.Car,0,155o,C_sandwichiana__Lut.Car
7/2/18,6/3/18,AS-203,Grammica,C_sandwichiana,155Co,155,o,1,0.0498,49.8,1250,100,0.251004016,Lut.Car,0.0904931717747246,Old,Grammica__Old,Grammica__Lut.Car,0,155o,C_sandwichiana__Lut.Car
7/2/18,6/3/18,AS-229,Grammica,C_sandwichiana,155Bh,155,h,1,0.045,45,1250,100,0.277777778,Lut.Car,0.1895464004704832,Haustorium,Grammica__Haustorium,Grammica__Lut.Car,0,155h,C_sandwichiana__Lut.Car
7/2/18,6/3/18,AS-230,Grammica,C_sandwichiana,155Ch,155,h,1,0.0446,44.6,1250,100,0.280269058,Lut.Car,0.3141759839595746,Haustorium,Grammica__Haustorium,Grammica__Lut.Car,0,155h,C_sandwichiana__Lut.Car
7/2/18,6/3/18,AS-232,Grammica,C_sandwichiana,155Dh,155,h,1,0.0408,40.8,1250,100,0.306372549,Lut.Car,0.1799568628290671,Haustorium,Grammica__Haustorium,Grammica__Lut.Car,0,155h,C_sandwichiana__Lut.Car
7/2/18,6/3/18,AS-245,Grammica,C_sandwichiana,155Ch,155,h,1,0.0482,48.2,1250,100,0.2593361,Lut.Car,0.29610574722629107,Haustorium,Grammica__Haustorium,Grammica__Lut.Car,0,155h,C_sandwichiana__Lut.Car
7/10/18,7/11/18,AS-281,Grammica,C_sandwichiana,155Ah,155,h,1,0.0488,48.8,1250,100,0.256147541,Lut.Car,0.1845189148492384,Haustorium,Grammica__Haustorium,Grammica__Lut.Car,0,155h,C_sandwichiana__Lut.Car
6/14/18,6/14/18,AS-196,Grammica,C_sandwichiana,155Cf,155,f,1,0.0441,44.1,1250,100,0.283446712,Lut.Car,0.38307456486543895,Flower,Grammica__Flower,Grammica__Lut.Car,0,155f,C_sandwichiana__Lut.Car
7/4/18,7/4/18,AS-247,Grammica,C_sandwichiana,155Af,155,f,1,0.0445,44.5,1250,100,0.280898876,Lut.Car,0.21522220815864643,Flower,Grammica__Flower,Grammica__Lut.Car,0,155f,C_sandwichiana__Lut.Car
-,12/6/17,AS-02,Grammica,C_polygonorum,1705sdlg,1705,sdlg,1,0.0142,14.2,2050,100,1.443661972,Lut.Car,0.28806481913295656,Seedling,Grammica__Seedling,Grammica__Lut.Car,0,1705sdlg,C_polygonorum__Lut.Car
-,12/6/17,AS-04,Grammica,C_polygonorum,1705sdlg,1705,sdlg,2,0.0369,36.9,2050,100,0.555555556,Lut.Car,0.3919623134298973,Seedling,Grammica__Seedling,Grammica__Lut.Car,0,1705sdlg,C_polygonorum__Lut.Car
-,12/6/17,AS-05,Grammica,C_polygonorum,1705sdlg,1705,sdlg,3,0.0501,50.1,2050,100,0.409181637,Lut.Car,0.40436643538264483,Seedling,Grammica__Seedling,Grammica__Lut.Car,0,1705sdlg,C_polygonorum__Lut.Car
7/11/18,7/11/18,AS-304,Grammica,C_polygonorum,1705sdlg,1705,sdlg,1,0.0338,33.8,950,100,0.281065089,Lut.Car,0.3981111079895588,Seedling,Grammica__Seedling,Grammica__Lut.Car,0,1705sdlg,C_polygonorum__Lut.Car
7/11/18,7/11/18,AS-310,Grammica,C_polygonorum,1705sdlg,1705,sdlg,1,0.0298,29.8,950,100,0.318791946,Lut.Car,0.5689926724304386,Seedling,Grammica__Seedling,Grammica__Lut.Car,0,1705sdlg,C_polygonorum__Lut.Car
6/14/18,6/14/18,AS-183,Grammica,C_polygonorum,1705Ay,1705,y,1,0.0408,40.8,1250,100,0.306372549,Lut.Car,0.33617764913000747,Young,Grammica__Young,Grammica__Lut.Car,0,1705y,C_polygonorum__Lut.Car
7/10/18,7/11/18,AS-288,Grammica,C_polygonorum,1705Cy,1705,y,1,0.0524,52.4,1250,100,0.238549618,Lut.Car,0.2987448529412849,Young,Grammica__Young,Grammica__Lut.Car,0,1705y,C_polygonorum__Lut.Car
7/10/18,7/11/18,AS-295,Grammica,C_polygonorum,1705Dy,1705,y,1,0.0432,43.2,1250,100,0.289351852,Lut.Car,0.36379044037335967,Young,Grammica__Young,Grammica__Lut.Car,0,1705y,C_polygonorum__Lut.Car
7/11/18,7/11/18,AS-303,Grammica,C_polygonorum,1705By,1705,y,1,0.0672,67.2,1250,100,0.186011905,Lut.Car,0.33568571836906724,Young,Grammica__Young,Grammica__Lut.Car,0,1705y,C_polygonorum__Lut.Car
6/14/18,6/14/18,AS-182,Grammica,C_polygonorum,1705Ao,1705,o,1,0.048,48,1250,100,0.260416667,Lut.Car,0.11307435515301922,Old,Grammica__Old,Grammica__Lut.Car,0,1705o,C_polygonorum__Lut.Car
7/2/18,6/3/18,AS-201,Grammica,C_polygonorum,1705Bo,1705,o,1,0.0499,49.9,1250,100,0.250501002,Lut.Car,0.14440558243884596,Old,Grammica__Old,Grammica__Lut.Car,0,1705o,C_polygonorum__Lut.Car
7/2/18,6/3/18,AS-202,Grammica,C_polygonorum,1705Co,1705,o,1,0.0421,42.1,1250,100,0.296912114,Lut.Car,0.27087593410092836,Old,Grammica__Old,Grammica__Lut.Car,0,1705o,C_polygonorum__Lut.Car
7/10/18,7/11/18,AS-300,Grammica,C_polygonorum,1705Do,1705,o,1,0.0494,49.4,1250,100,0.253036437,Lut.Car,0.16102080782042413,Old,Grammica__Old,Grammica__Lut.Car,0,1705o,C_polygonorum__Lut.Car
7/10/18,7/11/18,AS-302,Grammica,C_polygonorum,1705Do,1705,o,1,0.042,42,1250,100,0.297619048,Lut.Car,0.13828386155126535,Old,Grammica__Old,Grammica__Lut.Car,0,1705o,C_polygonorum__Lut.Car
7/10/18,7/11/18,AS-282,Grammica,C_polygonorum,1705Ch,1705,h,1,0.0389,38.9,1250,100,0.321336761,Lut.Car,0.212986392010104,Haustorium,Grammica__Haustorium,Grammica__Lut.Car,0,1705h,C_polygonorum__Lut.Car
7/10/18,7/11/18,AS-287,Grammica,C_polygonorum,1705Ah,1705,h,1,0.029,29,950,100,0.327586207,Lut.Car,0.16174483333648632,Haustorium,Grammica__Haustorium,Grammica__Lut.Car,0,1705h,C_polygonorum__Lut.Car
7/10/18,7/11/18,AS-296,Grammica,C_polygonorum,1705Dh,1705,h,1,0.0482,48.2,1250,100,0.2593361,Lut.Car,0.24142204306148074,Haustorium,Grammica__Haustorium,Grammica__Lut.Car,0,1705h,C_polygonorum__Lut.Car
7/2/18,6/3/18,AS-235,Grammica,C_polygonorum,1705Af,1705,f,1,0.0488,48.8,1250,100,0.256147541,Lut.Car,0.34220400438697984,Flower,Grammica__Flower,Grammica__Lut.Car,0,1705f,C_polygonorum__Lut.Car
7/10/18,7/11/18,AS-286,Grammica,C_polygonorum,1705Cf,1705,f,1,0.045,45,1250,100,0.277777778,Lut.Car,0.3522019704524485,Flower,Grammica__Flower,Grammica__Lut.Car,0,1705f,C_polygonorum__Lut.Car
7/4/18,7/4/18,AS-248,Grammica,C_polygonorum,1705As,1705,s,1,0.0428,42.8,1250,100,0.292056075,Lut.Car,0.3550383746133796,Seed,Grammica__Seed,Grammica__Lut.Car,0,1705s,C_polygonorum__Lut.Car
7/10/18,7/11/18,AS-285,Grammica,C_polygonorum,1705Cs,1705,s,1,0.0289,28.9,950,100,0.328719723,Lut.Car,0.32997255522373437,Seed,Grammica__Seed,Grammica__Lut.Car,0,1705s,C_polygonorum__Lut.Car
7/2/18,6/3/18,AS-207,Grammica,C_compacta,1566sdlg,1566,sdlg,1,0.0414,41.4,1250,100,0.301932367,Lut.Car,0.44548404804357455,Seedling,Grammica__Seedling,Grammica__Lut.Car,0,1566sdlg,C_compacta__Lut.Car
-,12/6/17,AS-03,Grammica,C_compacta,1566sdlg,1566,sdlg,1,0.0391,39.1,2050,100,0.524296675,Lut.Car,0.40416663304180395,Seedling,Grammica__Seedling,Grammica__Lut.Car,0,1566sdlg,C_compacta__Lut.Car
-,12/6/17,AS-07,Grammica,C_compacta,1566sdlg,1566,sdlg,2,0.0384,38.4,2050,100,0.533854167,Lut.Car,0.4372323718321325,Seedling,Grammica__Seedling,Grammica__Lut.Car,0,1566sdlg,C_compacta__Lut.Car
-,12/6/17,AS-08,Grammica,C_compacta,1566sdlg,1566,sdlg,3,0.0362,36.2,2050,100,0.566298343,Lut.Car,0.39886037939527685,Seedling,Grammica__Seedling,Grammica__Lut.Car,0,1566sdlg,C_compacta__Lut.Car
-,12/6/17,AS-09,Grammica,C_compacta,1566sdlg,1566,sdlg,4,0.0425,42.5,2050,100,0.482352941,Lut.Car,0.43956474886723645,Seedling,Grammica__Seedling,Grammica__Lut.Car,0,1566sdlg,C_compacta__Lut.Car
7/4/18,7/4/18,AS-249,Grammica,C_compacta,1566sdlg,1566,sdlg,1,0.0532,53.2,1250,100,0.234962406,Lut.Car,0.44240222948004043,Seedling,Grammica__Seedling,Grammica__Lut.Car,0,1566sdlg,C_compacta__Lut.Car
-,12/6/17,AS-21,Grammica,C_compacta,1566Ay,1566,y,1,0.0422,42.2,2050,100,0.485781991,Lut.Car,0.34990667572743794,Young,Grammica__Young,Grammica__Lut.Car,0,1566y,C_compacta__Lut.Car
-,12/6/17,AS-22,Grammica,C_compacta,1566Ay,1566,y,2,0.0419,41.9,2050,100,0.489260143,Lut.Car,0.35940624786779696,Young,Grammica__Young,Grammica__Lut.Car,0,1566y,C_compacta__Lut.Car
7/2/18,6/3/18,AS-244,Grammica,C_compacta,1566Ay,1566,y,1,0.0421,42.1,1250,100,0.296912114,Lut.Car,0.3859884026803372,Young,Grammica__Young,Grammica__Lut.Car,0,1566y,C_compacta__Lut.Car
7/4/18,7/4/18,AS-250,Grammica,C_compacta,1566Ay,1566,y,1,0.0486,48.6,1250,100,0.257201646,Lut.Car,0.3467794767541351,Young,Grammica__Young,Grammica__Lut.Car,0,1566y,C_compacta__Lut.Car
7/4/18,7/4/18,AS-265,Grammica,C_compacta,1566Ey,1566,y,1,0.0452,45.2,1250,100,0.276548673,Lut.Car,0.31219098842780074,Young,Grammica__Young,Grammica__Lut.Car,0,1566y,C_compacta__Lut.Car
7/2/18,6/3/18,AS-199,Grammica,C_compacta,1566Ao,1566,o,1,0.0424,42.4,1250,100,0.294811321,Lut.Car,0.09406626271841506,Old,Grammica__Old,Grammica__Lut.Car,0,1566o,C_compacta__Lut.Car
7/2/18,6/3/18,AS-200,Grammica,C_compacta,1566Eo,1566,o,1,0.0495,49.5,1250,100,0.252525253,Lut.Car,0.05484325731961251,Old,Grammica__Old,Grammica__Lut.Car,0,1566o,C_compacta__Lut.Car
7/4/18,7/4/18,AS-264,Grammica,C_compacta,1566Ao,1566,o,1,0.0408,40.8,1250,100,0.306372549,Lut.Car,0.08163071250739962,Old,Grammica__Old,Grammica__Lut.Car,0,1566o,C_compacta__Lut.Car
7/4/18,7/4/18,AS-266,Grammica,C_compacta,1566Eo,1566,o,1,0.0415,41.5,1250,100,0.301204819,Lut.Car,0.03288984841586957,Old,Grammica__Old,Grammica__Lut.Car,0,1566o,C_compacta__Lut.Car
6/14/18,6/14/18,AS-198,Grammica,C_compacta,1566Ah,1566,h,1,0.0523,52.3,1250,100,0.239005736,Lut.Car,0.43383358819664397,Haustorium,Grammica__Haustorium,Grammica__Lut.Car,0,1566h,C_compacta__Lut.Car
7/4/18,7/4/18,AS-267,Grammica,C_compacta,1566Eh,1566,h,1,0.0517,51.7,1250,100,0.241779497,Lut.Car,0.24597465162659862,Haustorium,Grammica__Haustorium,Grammica__Lut.Car,0,1566h,C_compacta__Lut.Car
7/11/18,7/11/18,AS-307,Grammica,C_australis,1382Cy,1382,y,1,0.0773,77.3,1250,100,0.161707633,Lut.Car,0.2679461051453587,Young,Grammica__Young,Grammica__Lut.Car,0,1382y,C_australis__Lut.Car
7/11/18,7/11/18,AS-311,Grammica,C_australis,1382Ay,1382,y,1,0.0152,15.2,950,100,0.625,Lut.Car,0.27508743719843104,Young,Grammica__Young,Grammica__Lut.Car,0,1382y,C_australis__Lut.Car
6/14/18,6/14/18,AS-190,Grammica,C_australis,1382Ao,1382,o,1,0.0464,46.4,1250,100,0.269396552,Lut.Car,0.18881629365996852,Old,Grammica__Old,Grammica__Lut.Car,0,1382o,C_australis__Lut.Car
6/14/18,6/14/18,AS-194,Grammica,C_australis,1382Co,1382,o,1,0.0494,49.4,1250,100,0.253036437,Lut.Car,0.21701630827414953,Old,Grammica__Old,Grammica__Lut.Car,0,1382o,C_australis__Lut.Car
7/4/18,7/4/18,AS-261,Grammica,C_australis,1382Bo,1382,o,1,0.0486,48.6,1250,100,0.257201646,Lut.Car,0.13605086718910003,Old,Grammica__Old,Grammica__Lut.Car,0,1382o,C_australis__Lut.Car
7/2/18,6/3/18,AS-240,Grammica,C_australis,1382Bh,1382,h,1,0.0417,41.7,1250,100,0.299760192,Lut.Car,0.11241866395148589,Haustorium,Grammica__Haustorium,Grammica__Lut.Car,0,1382h,C_australis__Lut.Car
7/2/18,6/3/18,AS-246,Grammica,C_australis,1382Ch,1382,h,1,0.0469,46.9,1250,100,0.26652452,Lut.Car,0.05862992486007474,Haustorium,Grammica__Haustorium,Grammica__Lut.Car,0,1382h,C_australis__Lut.Car
-,12/6/17,AS-23,Grammica,C_cephalanthii,1567Ay,1567,y,1,0.0418,41.8,2050,100,0.490430622,Lut.Car,0.40388441496219535,Young,Grammica__Young,Grammica__Lut.Car,0,1567y,C_cephalanthii__Lut.Car
-,12/6/17,AS-24,Grammica,C_cephalanthii,1567Ay,1567,y,2,0.0394,39.4,2050,100,0.520304569,Lut.Car,0.4238780207058486,Young,Grammica__Young,Grammica__Lut.Car,0,1567y,C_cephalanthii__Lut.Car
6/5/18,6/11/18,AS-39,Grammica,C_cephalanthii,1567Gy,1567,y,1,0.0443,44.3,2050,100,0.46275395,Lut.Car,0.3539146959094007,Young,Grammica__Young,Grammica__Lut.Car,0,1567y,C_cephalanthii__Lut.Car
6/5/18,6/11/18,AS-40,Grammica,C_cephalanthii,1567Gy,1567,y,2,0.0457,45.7,2050,100,0.448577681,Lut.Car,0.364037010990928,Young,Grammica__Young,Grammica__Lut.Car,0,1567y,C_cephalanthii__Lut.Car
6/5/18,6/11/18,AS-47,Grammica,C_cephalanthii,1567Fy,1567,y,1,0.043,43,2050,100,0.476744186,Lut.Car,0.3310625831117911,Young,Grammica__Young,Grammica__Lut.Car,0,1567y,C_cephalanthii__Lut.Car
6/5/18,6/11/18,AS-48,Grammica,C_cephalanthii,1567Fy,1567,y,2,0.0423,42.3,2050,100,0.48463357,Lut.Car,0.34320056914715436,Young,Grammica__Young,Grammica__Lut.Car,0,1567y,C_cephalanthii__Lut.Car
7/2/18,6/3/18,AS-222,Grammica,C_cephalanthii,1567Dy,1567,y,1,0.0269,26.9,1250,100,0.464684015,Lut.Car,0.3142578377358385,Young,Grammica__Young,Grammica__Lut.Car,0,1567y,C_cephalanthii__Lut.Car
6/5/18,6/11/18,AS-31,Grammica,C_cephalanthii,1567Go,1567,o,1,0.0425,42.5,2050,100,0.482352941,Lut.Car,0.09441998502829974,Old,Grammica__Old,Grammica__Lut.Car,0,1567o,C_cephalanthii__Lut.Car
6/5/18,6/11/18,AS-32,Grammica,C_cephalanthii,1567Go,1567,o,2,0.0598,59.8,2050,100,0.342809365,Lut.Car,0.07488413819172791,Old,Grammica__Old,Grammica__Lut.Car,0,1567o,C_cephalanthii__Lut.Car
6/5/18,6/11/18,AS-37,Grammica,C_cephalanthii,1567Fo,1567,o,1,0.0417,41.7,2050,100,0.491606715,Lut.Car,0.0927418837541662,Old,Grammica__Old,Grammica__Lut.Car,0,1567o,C_cephalanthii__Lut.Car
6/5/18,6/11/18,AS-38,Grammica,C_cephalanthii,1567Fo,1567,o,2,0.0533,53.3,2050,100,0.384615385,Lut.Car,0.05729840439382123,Old,Grammica__Old,Grammica__Lut.Car,0,1567o,C_cephalanthii__Lut.Car
6/5/18,6/11/18,AS-45,Grammica,C_cephalanthii,1567Do,1567,o,1,0.0475,47.5,2050,100,0.431578947,Lut.Car,0.056411379391499705,Old,Grammica__Old,Grammica__Lut.Car,0,1567o,C_cephalanthii__Lut.Car
6/5/18,6/11/18,AS-46,Grammica,C_cephalanthii,1567Do,1567,o,2,0.048,48,2050,100,0.427083333,Lut.Car,0.03818124696541284,Old,Grammica__Old,Grammica__Lut.Car,0,1567o,C_cephalanthii__Lut.Car
6/11/18,6/11/18,AS-126,Grammica,C_cephalanthii,1567Fo,1567,o,1,0.046,46,1250,100,0.27173913,Lut.Car,0.05264781527930822,Old,Grammica__Old,Grammica__Lut.Car,0,1567o,C_cephalanthii__Lut.Car
6/13/18,6/13/18,AS-127,Grammica,C_cephalanthii,1567Fo,1567,o,2,0.0499,49.9,1250,100,0.250501002,Lut.Car,0.05327532632401331,Old,Grammica__Old,Grammica__Lut.Car,0,1567o,C_cephalanthii__Lut.Car
6/13/18,6/13/18,AS-130,Grammica,C_cephalanthii,1567Go,1567,o,1,0.0496,49.6,1250,100,0.252016129,Lut.Car,0.09283095528133636,Old,Grammica__Old,Grammica__Lut.Car,0,1567o,C_cephalanthii__Lut.Car
6/13/18,6/13/18,AS-131,Grammica,C_cephalanthii,1567Go,1567,o,2,0.0414,41.4,1250,100,0.301932367,Lut.Car,0.056465182385440786,Old,Grammica__Old,Grammica__Lut.Car,0,1567o,C_cephalanthii__Lut.Car
6/13/18,6/13/18,AS-132,Grammica,C_cephalanthii,1567Do,1567,o,1,0.0511,51.1,1250,100,0.244618395,Lut.Car,0.04276348550868766,Old,Grammica__Old,Grammica__Lut.Car,0,1567o,C_cephalanthii__Lut.Car
6/13/18,6/13/18,AS-133,Grammica,C_cephalanthii,1567Do,1567,o,2,0.0409,40.9,1250,100,0.305623472,Lut.Car,0.03114247710920677,Old,Grammica__Old,Grammica__Lut.Car,0,1567o,C_cephalanthii__Lut.Car
7/2/18,6/3/18,AS-214,Grammica,C_cephalanthii,1567Ao,1567,o,1,0.0422,42.2,1250,100,0.296208531,Lut.Car,0.057836573648013506,Old,Grammica__Old,Grammica__Lut.Car,0,1567o,C_cephalanthii__Lut.Car
7/4/18,7/4/18,AS-263,Grammica,C_cephalanthii,1567Bo,1567,o,1,0.0508,50.8,1250,100,0.246062992,Lut.Car,0.09925527924704114,Old,Grammica__Old,Grammica__Lut.Car,0,1567o,C_cephalanthii__Lut.Car
6/13/18,6/13/18,AS-134,Grammica,C_cephalanthii,1567Gh,1567,h,1,0.0406,40.6,1250,100,0.307881773,Lut.Car,0.30222933446419104,Haustorium,Grammica__Haustorium,Grammica__Lut.Car,0,1567h,C_cephalanthii__Lut.Car
6/13/18,6/13/18,AS-135,Grammica,C_cephalanthii,1567Gh,1567,h,2,0.0512,51.2,1250,100,0.244140625,Lut.Car,0.3756357363179924,Haustorium,Grammica__Haustorium,Grammica__Lut.Car,0,1567h,C_cephalanthii__Lut.Car
7/2/18,6/3/18,AS-236,Grammica,C_cephalanthii,1567Dh,1567,h,1,0.0475,47.5,1250,100,0.263157895,Lut.Car,0.21271897590525954,Haustorium,Grammica__Haustorium,Grammica__Lut.Car,0,1567h,C_cephalanthii__Lut.Car
7/2/18,6/3/18,AS-237,Grammica,C_cephalanthii,1567Fh,1567,h,1,0.0492,49.2,1250,100,0.254065041,Lut.Car,0.3055622996689617,Haustorium,Grammica__Haustorium,Grammica__Lut.Car,0,1567h,C_cephalanthii__Lut.Car
6/11/18,6/11/18,AS-122,Grammica,C_cephalanthii,1567Df,1567,f,1,0.0465,46.5,1250,100,0.268817204,Lut.Car,0.4201146859467494,Flower,Grammica__Flower,Grammica__Lut.Car,0,1567f,C_cephalanthii__Lut.Car
6/11/18,6/11/18,AS-123,Grammica,C_cephalanthii,1567Df,1567,f,2,0.0415,41.5,1250,100,0.301204819,Lut.Car,0.4131225310758727,Flower,Grammica__Flower,Grammica__Lut.Car,0,1567f,C_cephalanthii__Lut.Car
6/13/18,6/13/18,AS-169,Grammica,C_cephalanthii,1567Gs,1567,s,1,0.0496,49.6,1250,100,0.252016129,Lut.Car,0.4571342865777347,Seed,Grammica__Seed,Grammica__Lut.Car,0,1567s,C_cephalanthii__Lut.Car
6/14/18,6/14/18,AS-175,Grammica,C_cephalanthii,1567Fs,1567,s,1,0.0448,44.8,1250,100,0.279017857,Lut.Car,0.49842963406684443,Seed,Grammica__Seed,Grammica__Lut.Car,0,1567s,C_cephalanthii__Lut.Car
7/2/18,6/3/18,AS-208,Grammica,C_cephalanthii,1567Ds,1567,s,1,0.0575,57.5,1250,100,0.217391304,Lut.Car,0.4654451472640623,Seed,Grammica__Seed,Grammica__Lut.Car,0,1567s,C_cephalanthii__Lut.Car
7/2/18,6/3/18,AS-215,Grammica,C_cephalanthii,1567Cs,1567,s,1,0.029,29,1250,100,0.431034483,Lut.Car,0.49212083288663033,Seed,Grammica__Seed,Grammica__Lut.Car,0,1567s,C_cephalanthii__Lut.Car
7/2/18,6/3/18,AS-216,Grammica,C_cephalanthii,1567Bs,1567,s,1,0.0541,54.1,1250,100,0.231053604,Lut.Car,0.5594693643192495,Seed,Grammica__Seed,Grammica__Lut.Car,0,1567s,C_cephalanthii__Lut.Car
6/13/18,6/13/18,AS-136,Grammica,C_costaricensis,CUCOAy,CUCO,y,1,0.0495,49.5,1250,100,0.252525253,Lut.Car,0.10481098938241575,Young,Grammica__Young,Grammica__Lut.Car,0,CUCOy,C_costaricensis__Lut.Car
6/13/18,6/13/18,AS-137,Grammica,C_costaricensis,CUCOAy,CUCO,y,2,0.0408,40.8,1250,100,0.306372549,Lut.Car,0.07679256492359397,Young,Grammica__Young,Grammica__Lut.Car,0,CUCOy,C_costaricensis__Lut.Car
6/13/18,6/13/18,AS-158,Grammica,C_costaricensis,CUCOCy,CUCO,y,1,0.042,42,1250,100,0.297619048,Lut.Car,0.12143115571271376,Young,Grammica__Young,Grammica__Lut.Car,0,CUCOy,C_costaricensis__Lut.Car
6/13/18,6/13/18,AS-159,Grammica,C_costaricensis,CUCOCy,CUCO,y,2,0.0483,48.3,1250,100,0.258799172,Lut.Car,0.1175784915725674,Young,Grammica__Young,Grammica__Lut.Car,0,CUCOy,C_costaricensis__Lut.Car
6/13/18,6/13/18,AS-164,Grammica,C_costaricensis,CUCOBy,CUCO,y,1,0.0448,44.8,1250,100,0.279017857,Lut.Car,0.12644142880125542,Young,Grammica__Young,Grammica__Lut.Car,0,CUCOy,C_costaricensis__Lut.Car
6/5/18,6/11/18,AS-61,Grammica,C_costaricensis,CUCOCo,CUCO,o,1,0.0459,45.9,2050,100,0.446623094,Lut.Car,0.05494854519933078,Old,Grammica__Old,Grammica__Lut.Car,0,CUCOo,C_costaricensis__Lut.Car
6/5/18,6/11/18,AS-62,Grammica,C_costaricensis,CUCOCo,CUCO,o,2,0.0433,43.3,2050,100,0.473441109,Lut.Car,0.05983506915924696,Old,Grammica__Old,Grammica__Lut.Car,0,CUCOo,C_costaricensis__Lut.Car
6/5/18,6/11/18,AS-77,Grammica,C_costaricensis,CUCOBo,CUCO,o,1,0.044,44,2050,100,0.465909091,Lut.Car,0.06120458536545615,Old,Grammica__Old,Grammica__Lut.Car,0,CUCOo,C_costaricensis__Lut.Car
6/5/18,6/11/18,AS-78,Grammica,C_costaricensis,CUCOBo,CUCO,o,2,0.0468,46.8,2050,100,0.438034188,Lut.Car,0.055867381648543046,Old,Grammica__Old,Grammica__Lut.Car,0,CUCOo,C_costaricensis__Lut.Car
6/11/18,6/11/18,AS-79,Grammica,C_costaricensis,CUCOBo,CUCO,o,3,0.0411,41.1,1250,100,0.304136253,Lut.Car,0.05683469344594402,Old,Grammica__Old,Grammica__Lut.Car,0,CUCOo,C_costaricensis__Lut.Car
6/11/18,6/11/18,AS-80,Grammica,C_costaricensis,CUCOBo,CUCO,o,4,0.046,46,1250,100,0.27173913,Lut.Car,0.04498618660863601,Old,Grammica__Old,Grammica__Lut.Car,0,CUCOo,C_costaricensis__Lut.Car
6/13/18,6/13/18,AS-138,Grammica,C_costaricensis,CUCOAo,CUCO,o,1,0.048,48,1250,100,0.260416667,Lut.Car,0.04465403306348135,Old,Grammica__Old,Grammica__Lut.Car,0,CUCOo,C_costaricensis__Lut.Car
6/13/18,6/13/18,AS-139,Grammica,C_costaricensis,CUCOAo,CUCO,o,2,0.0491,49.1,1250,100,0.254582485,Lut.Car,0.04298289752236386,Old,Grammica__Old,Grammica__Lut.Car,0,CUCOo,C_costaricensis__Lut.Car
6/5/18,6/11/18,AS-57,Grammica,C_costaricensis,CUCOCh,CUCO,h,1,0.0402,40.2,2050,100,0.509950249,Lut.Car,0.08697282783876428,Haustorium,Grammica__Haustorium,Grammica__Lut.Car,0,CUCOh,C_costaricensis__Lut.Car
6/5/18,6/11/18,AS-58,Grammica,C_costaricensis,CUCOCh,CUCO,h,2,0.0432,43.2,2050,100,0.474537037,Lut.Car,0.0810835164140501,Haustorium,Grammica__Haustorium,Grammica__Lut.Car,0,CUCOh,C_costaricensis__Lut.Car
6/5/18,6/11/18,AS-67,Grammica,C_costaricensis,CUCOBh,CUCO,h,1,0.0463,46.3,2050,100,0.442764579,Lut.Car,0.10880455244808034,Haustorium,Grammica__Haustorium,Grammica__Lut.Car,0,CUCOh,C_costaricensis__Lut.Car
6/5/18,6/11/18,AS-68,Grammica,C_costaricensis,CUCOBh,CUCO,h,2,0.0412,41.2,2050,100,0.497572816,Lut.Car,0.10344214675395605,Haustorium,Grammica__Haustorium,Grammica__Lut.Car,0,CUCOh,C_costaricensis__Lut.Car
6/13/18,6/13/18,AS-140,Grammica,C_costaricensis,CUCOAh,CUCO,h,1,0.044,44,1250,100,0.284090909,Lut.Car,0.0949380598916374,Haustorium,Grammica__Haustorium,Grammica__Lut.Car,0,CUCOh,C_costaricensis__Lut.Car
6/13/18,6/13/18,AS-141,Grammica,C_costaricensis,CUCOAh,CUCO,h,2,0.0438,43.8,1250,100,0.285388128,Lut.Car,0.09177740020762686,Haustorium,Grammica__Haustorium,Grammica__Lut.Car,0,CUCOh,C_costaricensis__Lut.Car
6/5/18,6/11/18,AS-71,Grammica,C_tasmanica,1715Cy,17-15,y,1,0.049,49,2050,100,0.418367347,Lut.Car,0.17887078263775694,Young,Grammica__Young,Grammica__Lut.Car,0,17-15y,C_tasmanica__Lut.Car
6/5/18,6/11/18,AS-72,Grammica,C_tasmanica,1715Cy,17-15,y,2,0.044,44,2050,100,0.465909091,Lut.Car,0.16648762219773183,Young,Grammica__Young,Grammica__Lut.Car,0,17-15y,C_tasmanica__Lut.Car
6/11/18,6/11/18,AS-89,Grammica,C_tasmanica,1715Ay,17-15,y,1,0.0478,47.8,1250,100,0.261506276,Lut.Car,0.17095376571545717,Young,Grammica__Young,Grammica__Lut.Car,0,17-15y,C_tasmanica__Lut.Car
6/11/18,6/11/18,AS-90,Grammica,C_tasmanica,1715Ay,17-15,y,2,0.0485,48.5,1250,100,0.257731959,Lut.Car,0.17334879072488288,Young,Grammica__Young,Grammica__Lut.Car,0,17-15y,C_tasmanica__Lut.Car
6/11/18,6/11/18,AS-93,Grammica,C_tasmanica,1715By,17-15,y,1,0.0515,51.5,1250,100,0.242718447,Lut.Car,0.17585442774908805,Young,Grammica__Young,Grammica__Lut.Car,0,17-15y,C_tasmanica__Lut.Car
6/11/18,6/11/18,AS-94,Grammica,C_tasmanica,1715By,17-15,y,2,0.0515,51.5,1250,100,0.242718447,Lut.Car,0.15718164393025458,Young,Grammica__Young,Grammica__Lut.Car,0,17-15y,C_tasmanica__Lut.Car
6/13/18,6/13/18,AS-142,Grammica,C_tasmanica,1715Dy,17-15,y,1,0.045,45,1250,100,0.277777778,Lut.Car,0.10553179704305479,Young,Grammica__Young,Grammica__Lut.Car,0,17-15y,C_tasmanica__Lut.Car
6/13/18,6/13/18,AS-143,Grammica,C_tasmanica,1715Dy,17-15,y,2,0.0498,49.8,1250,100,0.251004016,Lut.Car,0.11747567730125286,Young,Grammica__Young,Grammica__Lut.Car,0,17-15y,C_tasmanica__Lut.Car
6/5/18,6/11/18,AS-69,Grammica,C_tasmanica,1715Co,17-15,o,1,0.048,48,2050,100,0.427083333,Lut.Car,0.07610163478705896,Old,Grammica__Old,Grammica__Lut.Car,0,17-15o,C_tasmanica__Lut.Car
6/5/18,6/11/18,AS-70,Grammica,C_tasmanica,1715Co,17-15,o,2,0.0481,48.1,2050,100,0.426195426,Lut.Car,0.0674210300494018,Old,Grammica__Old,Grammica__Lut.Car,0,17-15o,C_tasmanica__Lut.Car
6/11/18,6/11/18,AS-91,Grammica,C_tasmanica,1715Bo,17-15,o,1,0.0492,49.2,1250,100,0.254065041,Lut.Car,0.08678377700705733,Old,Grammica__Old,Grammica__Lut.Car,0,17-15o,C_tasmanica__Lut.Car
6/11/18,6/11/18,AS-92,Grammica,C_tasmanica,1715Bo,17-15,o,2,0.0498,49.8,1250,100,0.251004016,Lut.Car,0.09381824555610925,Old,Grammica__Old,Grammica__Lut.Car,0,17-15o,C_tasmanica__Lut.Car
6/11/18,6/11/18,AS-95,Grammica,C_tasmanica,1715Ao,17-15,o,1,0.0418,41.8,1250,100,0.299043062,Lut.Car,0.05896384793851894,Old,Grammica__Old,Grammica__Lut.Car,0,17-15o,C_tasmanica__Lut.Car
6/11/18,6/11/18,AS-96,Grammica,C_tasmanica,1715Ao,17-15,o,2,0.0472,47.2,1250,100,0.264830508,Lut.Car,0.07716142165561632,Old,Grammica__Old,Grammica__Lut.Car,0,17-15o,C_tasmanica__Lut.Car
6/11/18,6/11/18,AS-110,Grammica,C_tasmanica,1715Bo,17-15,o,1,0.0523,52.3,1250,100,0.239005736,Lut.Car,0.09141796726477908,Old,Grammica__Old,Grammica__Lut.Car,0,17-15o,C_tasmanica__Lut.Car
6/11/18,6/11/18,AS-111,Grammica,C_tasmanica,1715Bo,17-15,o,2,0.0466,46.6,1250,100,0.268240343,Lut.Car,0.07126460353013474,Old,Grammica__Old,Grammica__Lut.Car,0,17-15o,C_tasmanica__Lut.Car
6/13/18,6/13/18,AS-144,Grammica,C_tasmanica,1715Do,17-15,o,1,0.0505,50.5,1250,100,0.247524752,Lut.Car,0.07230432176574737,Old,Grammica__Old,Grammica__Lut.Car,0,17-15o,C_tasmanica__Lut.Car
6/13/18,6/13/18,AS-145,Grammica,C_tasmanica,1715Do,17-15,o,2,0.041,41,1250,100,0.304878049,Lut.Car,0.07878462921862332,Old,Grammica__Old,Grammica__Lut.Car,0,17-15o,C_tasmanica__Lut.Car
7/10/18,7/11/18,AS-273,Grammica,C_tasmanica,1715o,17-15,o,1,0.0447,44.7,1250,100,0.279642058,Lut.Car,0.03441895511334892,Old,Grammica__Old,Grammica__Lut.Car,0,17-15o,C_tasmanica__Lut.Car
6/13/18,6/13/18,AS-150,Grammica,C_tasmanica,1715Dh,17-15,h,1,0.0406,40.6,1250,100,0.307881773,Lut.Car,0.2772377270317275,Haustorium,Grammica__Haustorium,Grammica__Lut.Car,0,17-15h,C_tasmanica__Lut.Car
6/13/18,6/13/18,AS-151,Grammica,C_tasmanica,1715Dh,17-15,h,2,0.0433,43.3,1250,100,0.288683603,Lut.Car,0.30518746801653757,Haustorium,Grammica__Haustorium,Grammica__Lut.Car,0,17-15h,C_tasmanica__Lut.Car
6/13/18,6/13/18,AS-166,Grammica,C_tasmanica,1715Ch,17-15,h,1,0.052,52,1250,100,0.240384615,Lut.Car,0.19272057639999932,Haustorium,Grammica__Haustorium,Grammica__Lut.Car,0,17-15h,C_tasmanica__Lut.Car
6/14/18,6/14/18,AS-180,Grammica,C_tasmanica,1715Ah,17-15,h,1,0.0467,46.7,1250,100,0.267665953,Lut.Car,0.2090490069520882,Haustorium,Grammica__Haustorium,Grammica__Lut.Car,0,17-15h,C_tasmanica__Lut.Car
6/14/18,6/14/18,AS-181,Grammica,C_tasmanica,1715Bh,17-15,h,1,0.0419,41.9,1250,100,0.298329356,Lut.Car,0.2747847763086964,Haustorium,Grammica__Haustorium,Grammica__Lut.Car,0,17-15h,C_tasmanica__Lut.Car
6/5/18,6/11/18,AS-59,Grammica,C_tasmanica,1715Bf,17-15,f,1,0.0417,41.7,2050,100,0.491606715,Lut.Car,0.23990850158479538,Flower,Grammica__Flower,Grammica__Lut.Car,0,17-15f,C_tasmanica__Lut.Car
6/5/18,6/11/18,AS-60,Grammica,C_tasmanica,1715Bf,17-15,f,2,0.0475,47.5,2050,100,0.431578947,Lut.Car,0.2645897652872322,Flower,Grammica__Flower,Grammica__Lut.Car,0,17-15f,C_tasmanica__Lut.Car
6/11/18,6/11/18,AS-97,Grammica,C_tasmanica,1715Df,17-15,f,1,0.0475,47.5,1250,100,0.263157895,Lut.Car,0.48864113900724465,Flower,Grammica__Flower,Grammica__Lut.Car,0,17-15f,C_tasmanica__Lut.Car
6/11/18,6/11/18,AS-98,Grammica,C_tasmanica,1715Df,17-15,f,1,0.0413,41.3,1250,100,0.302663438,Lut.Car,0.22242333677880188,Flower,Grammica__Flower,Grammica__Lut.Car,0,17-15f,C_tasmanica__Lut.Car
6/13/18,6/13/18,AS-148,Grammica,C_tasmanica,1715Af,17-15,f,1,0.0419,41.9,1250,100,0.298329356,Lut.Car,0.16188898935591536,Flower,Grammica__Flower,Grammica__Lut.Car,0,17-15f,C_tasmanica__Lut.Car
6/13/18,6/13/18,AS-149,Grammica,C_tasmanica,1715Af,17-15,f,2,0.0514,51.4,1250,100,0.243190661,Lut.Car,0.1745315282914651,Flower,Grammica__Flower,Grammica__Lut.Car,0,17-15f,C_tasmanica__Lut.Car
7/4/18,7/4/18,AS-262,Grammica,C_tasmanica,1715Cf,17-15,f,1,0.0524,52.4,1250,100,0.238549618,Lut.Car,0.2462999662628279,Flower,Grammica__Flower,Grammica__Lut.Car,0,17-15f,C_tasmanica__Lut.Car
6/11/18,6/11/18,AS-99,Grammica,C_californica,17105Ay,ss17-105,y,2,0.0395,39.5,1250,100,0.316455696,Lut.Car,0.11831339914844664,Young,Grammica__Young,Grammica__Lut.Car,0,ss17-105y,C_californica__Lut.Car
6/13/18,6/13/18,AS-154,Grammica,C_californica,17105Cy,ss17-105,y,1,0.0415,41.5,1250,100,0.301204819,Lut.Car,0.1413947453589823,Young,Grammica__Young,Grammica__Lut.Car,0,ss17-105y,C_californica__Lut.Car
6/13/18,6/13/18,AS-155,Grammica,C_californica,17105Cy,ss17-105,y,2,0.0323,32.3,1250,100,0.386996904,Lut.Car,0.12111802516025731,Young,Grammica__Young,Grammica__Lut.Car,0,ss17-105y,C_californica__Lut.Car
6/13/18,6/13/18,AS-172,Grammica,C_californica,17105By,ss17-105,y,1,0.0162,16.2,1250,100,0.771604938,Lut.Car,0.13112665887648653,Young,Grammica__Young,Grammica__Lut.Car,0,ss17-105y,C_californica__Lut.Car
7/10/18,7/11/18,AS-272,Grammica,C_californica,17105Dy,ss17-105,y,1,0.0518,51.8,1250,100,0.241312741,Lut.Car,0.14931499019586883,Young,Grammica__Young,Grammica__Lut.Car,0,ss17-105y,C_californica__Lut.Car
7/11/18,7/11/18,AS-312,Grammica,C_californica,17105Ey,ss17-105,y,1,0.0168,16.8,950,100,0.56547619,Lut.Car,0.1424243323883712,Young,Grammica__Young,Grammica__Lut.Car,0,ss17-105y,C_californica__Lut.Car
6/5/18,6/11/18,AS-63,Grammica,C_californica,17105Do,ss17-105,o,1,0.049,49,2050,100,0.418367347,Lut.Car,0.09028373791718894,Old,Grammica__Old,Grammica__Lut.Car,0,ss17-105o,C_californica__Lut.Car
6/5/18,6/11/18,AS-64,Grammica,C_californica,17105Do,ss17-105,o,2,0.0442,44.2,2050,100,0.463800905,Lut.Car,0.0922611568613719,Old,Grammica__Old,Grammica__Lut.Car,0,ss17-105o,C_californica__Lut.Car
6/11/18,6/11/18,AS-102,Grammica,C_californica,17105Ao,ss17-105,o,1,0.0448,44.8,1250,100,0.279017857,Lut.Car,0.08760519306805128,Old,Grammica__Old,Grammica__Lut.Car,0,ss17-105o,C_californica__Lut.Car
6/11/18,6/11/18,AS-103,Grammica,C_californica,17105Ao,ss17-105,o,2,0.0492,49.2,1250,100,0.254065041,Lut.Car,0.09663254992329216,Old,Grammica__Old,Grammica__Lut.Car,0,ss17-105o,C_californica__Lut.Car
6/13/18,6/13/18,AS-146,Grammica,C_californica,17105Co,ss17-105,o,1,0.0465,46.5,1250,100,0.268817204,Lut.Car,0.18227221522026513,Old,Grammica__Old,Grammica__Lut.Car,0,ss17-105o,C_californica__Lut.Car
6/13/18,6/13/18,AS-147,Grammica,C_californica,17105Co,ss17-105,o,2,0.0465,46.5,1250,100,0.268817204,Lut.Car,0.16732979266718248,Old,Grammica__Old,Grammica__Lut.Car,0,ss17-105o,C_californica__Lut.Car
6/13/18,6/13/18,AS-171,Grammica,C_californica,17105Bo,ss17-105,o,1,0.0506,50.6,1250,100,0.247035573,Lut.Car,0.04444507032151506,Old,Grammica__Old,Grammica__Lut.Car,0,ss17-105o,C_californica__Lut.Car
6/13/18,6/13/18,AS-152,Grammica,C_californica,17105Ch,ss17-105,h,1,0.0448,44.8,1250,100,0.279017857,Lut.Car,0.2654722650083566,Haustorium,Grammica__Haustorium,Grammica__Lut.Car,0,ss17-105h,C_californica__Lut.Car
6/13/18,6/13/18,AS-153 ,Grammica,C_californica,17105Ch,ss17-105,h,2,0.0152,15.2,1250,100,0.822368421,Lut.Car,0.2606995246647902,Haustorium,Grammica__Haustorium,Grammica__Lut.Car,0,ss17-105h,C_californica__Lut.Car
6/13/18,6/13/18,AS-156,Grammica,C_californica,17105Ah,ss17-105,h,1,0.0448,44.8,1250,100,0.279017857,Lut.Car,0.11329468961587515,Haustorium,Grammica__Haustorium,Grammica__Lut.Car,0,ss17-105h,C_californica__Lut.Car
6/13/18,6/13/18,AS-157,Grammica,C_californica,17105Ah,ss17-105,h,2,0.0429,42.9,1250,100,0.291375291,Lut.Car,0.13545259408147745,Haustorium,Grammica__Haustorium,Grammica__Lut.Car,0,ss17-105h,C_californica__Lut.Car
6/13/18,6/13/18,AS-167,Grammica,C_californica,17105Bh,ss17-105,h,1,0.05,50,1250,100,0.25,Lut.Car,0.1821586766641496,Haustorium,Grammica__Haustorium,Grammica__Lut.Car,0,ss17-105h,C_californica__Lut.Car
7/2/18,6/3/18,AS-239,Grammica,C_californica,17105Eh,ss17-105,h,1,0.0431,43.1,1250,100,0.290023202,Lut.Car,0.14049103879771274,Haustorium,Grammica__Haustorium,Grammica__Lut.Car,0,ss17-105h,C_californica__Lut.Car
7/10/18,7/11/18,AS-298,Grammica,C_californica,17105Dh,ss17-105,h,1,0.0455,45.5,1250,100,0.274725275,Lut.Car,0.22395912978764618,Haustorium,Grammica__Haustorium,Grammica__Lut.Car,0,ss17-105h,C_californica__Lut.Car
6/14/18,6/14/18,AS-179,Grammica,C_californica,17105Cf,ss17-105,f,1,0.0459,45.9,1250,100,0.272331155,Lut.Car,0.30285643679812724,Flower,Grammica__Flower,Grammica__Lut.Car,0,ss17-105f,C_californica__Lut.Car
7/4/18,7/4/18,AS-251,Grammica,C_californica,17105Af,ss17-105,f,1,0.0549,54.9,1250,100,0.227686703,Lut.Car,0.14865523420281213,Flower,Grammica__Flower,Grammica__Lut.Car,0,ss17-105f,C_californica__Lut.Car
7/4/18,7/4/18,AS-252,Grammica,C_californica,17105Bf,ss17-105,f,1,0.0456,45.6,1250,100,0.274122807,Lut.Car,0.2257552320430485,Flower,Grammica__Flower,Grammica__Lut.Car,0,ss17-105f,C_californica__Lut.Car
7/4/18,7/4/18,AS-253,Grammica,C_californica,17105Bf,ss17-105,f,2,0.0521,52.1,1250,100,0.239923225,Lut.Car,0.20136019809306377,Flower,Grammica__Flower,Grammica__Lut.Car,0,ss17-105f,C_californica__Lut.Car
7/10/18,7/11/18,AS-279,Grammica,C_californica,17105Df,ss17-105,f,1,0.0484,48.4,1250,100,0.258264463,Lut.Car,0.26651491519375653,Flower,Grammica__Flower,Grammica__Lut.Car,0,ss17-105f,C_californica__Lut.Car
7/10/18,7/11/18,AS-280,Grammica,C_californica,17105Ef,ss17-105,f,1,0.0462,46.2,1250,100,0.270562771,Lut.Car,0.21571240498728653,Flower,Grammica__Flower,Grammica__Lut.Car,0,ss17-105f,C_californica__Lut.Car
6/5/18,6/11/18,AS-73,Grammica,C_californica,17105Eo,ss17-105,o,1,0.0481,48.1,2050,100,0.426195426,Lut.Car,0.08675139167872727,Old,Grammica__Old,Grammica__Lut.Car,0,ss17-105o,C_californica__Lut.Car
6/5/18,6/11/18,AS-74,Grammica,C_californica,17105Eo,ss17-105,o,2,0.0476,47.6,2050,100,0.430672269,Lut.Car,0.0937091369086577,Old,Grammica__Old,Grammica__Lut.Car,0,ss17-105o,C_californica__Lut.Car
6/11/18,6/11/18,AS-104,Grammica,C_indecora,1677Dy,ss16-17,y,1,0.0464,46.4,1250,100,0.269396552,Lut.Car,0.07898760587486905,Young,Grammica__Young,Grammica__Lut.Car,0,ss16-17y,C_indecora__Lut.Car
6/11/18,6/11/18,AS-105,Grammica,C_indecora,1677Dy,ss16-17,y,2,0.0431,43.1,1250,100,0.290023202,Lut.Car,0.06949302933254588,Young,Grammica__Young,Grammica__Lut.Car,0,ss16-17y,C_indecora__Lut.Car
6/11/18,6/11/18,AS-106,Grammica,C_indecora,1677By,ss16-17,y,1,0.0505,50.5,1250,100,0.247524752,Lut.Car,0.07263321552162175,Young,Grammica__Young,Grammica__Lut.Car,0,ss16-17y,C_indecora__Lut.Car
6/11/18,6/11/18,AS-107,Grammica,C_indecora,1677By,ss16-17,y,2,0.051,51,1250,100,0.245098039,Lut.Car,0.0705340123840238,Young,Grammica__Young,Grammica__Lut.Car,0,ss16-17y,C_indecora__Lut.Car
6/11/18,6/11/18,AS-100,Grammica,C_indecora,1677Do,ss16-17,o,1,0.0497,49.7,1250,100,0.251509054,Lut.Car,0,Old,Grammica__Old,Grammica__Lut.Car,0,ss16-17o,C_indecora__Lut.Car
6/11/18,6/11/18,AS-101,Grammica,C_indecora,1677Do,ss16-17,o,2,0.043,43,1250,100,0.290697674,Lut.Car,0,Old,Grammica__Old,Grammica__Lut.Car,0,ss16-17o,C_indecora__Lut.Car
6/14/18,6/14/18,AS-188,Grammica,C_indecora,1677Co,ss16-17,o,1,0.0495,49.5,1250,100,0.252525253,Lut.Car,0,Old,Grammica__Old,Grammica__Lut.Car,0,ss16-17o,C_indecora__Lut.Car
7/11/18,7/11/18,AS-308,Grammica,C_indecora,1677Bo,ss16-17,o,1,0.0472,47.2,1250,100,0.264830508,Lut.Car,0.011772551745786848,Old,Grammica__Old,Grammica__Lut.Car,0,ss16-17o,C_indecora__Lut.Car
7/2/18,6/3/18,AS-223,Grammica,C_indecora,1677Dh,ss16-17,h,1,0.0416,41.6,1250,100,0.300480769,Lut.Car,0.016479721855016078,Haustorium,Grammica__Haustorium,Grammica__Lut.Car,0,ss16-17h,C_indecora__Lut.Car
7/10/18,7/11/18,AS-283,Grammica,C_indecora,1677Bh,ss16-17,h,1,0.0454,45.4,1250,100,0.275330396,Lut.Car,0.04063751995632292,Haustorium,Grammica__Haustorium,Grammica__Lut.Car,0,ss16-17h,C_indecora__Lut.Car
6/14/18,6/14/18,AS-189,Grammica,C_indecora,1677Df,ss16-17,f,1,0.0435,43.5,1250,100,0.287356322,Lut.Car,0.062108144675571984,Flower,Grammica__Flower,Grammica__Lut.Car,0,ss16-17f,C_indecora__Lut.Car
6/14/18,6/14/18,AS-195,Grammica,C_indecora,1677Af,ss16-17,f,1,0.054,54,1250,100,0.231481481,Lut.Car,0.16656190532282406,Flower,Grammica__Flower,Grammica__Lut.Car,0,ss16-17f,C_indecora__Lut.Car
7/2/18,6/3/18,AS-243,Grammica,C_indecora,1677Bf,ss16-17,f,1,0.0441,44.1,1250,100,0.283446712,Lut.Car,0.11635705592440829,Flower,Grammica__Flower,Grammica__Lut.Car,0,ss16-17f,C_indecora__Lut.Car
7/2/18,6/3/18,AS-204,Grammica,C_denticulata,1346Dy,ss13-46,y,1,0.0447,44.7,1250,100,0.279642058,Lut.Car,0.30662927658024586,Young,Grammica__Young,Grammica__Lut.Car,0,ss13-46y,C_denticulata__Lut.Car
7/4/18,7/4/18,AS-268,Grammica,C_denticulata,1346Dy,ss13-46,y,1,0.0427,42.7,1250,100,0.292740047,Lut.Car,0.3687720993842936,Young,Grammica__Young,Grammica__Lut.Car,0,ss13-46y,C_denticulata__Lut.Car
7/10/18,7/11/18,AS-278,Grammica,C_denticulata,1346By,ss13-46,y,1,0.0437,43.7,1250,100,0.28604119,Lut.Car,0.11171479795094505,Young,Grammica__Young,Grammica__Lut.Car,0,ss13-46y,C_denticulata__Lut.Car
7/10/18,7/11/18,AS-289,Grammica,C_denticulata,1346Ay,ss13-46,y,1,0.0426,42.6,1250,100,0.29342723,Lut.Car,0.13558600105811033,Young,Grammica__Young,Grammica__Lut.Car,0,ss13-46y,C_denticulata__Lut.Car
7/10/18,7/11/18,AS-292,Grammica,C_denticulata,1346Cy,ss13-46,y,1,0.0516,51.6,1350,100,0.261627907,Lut.Car,0.1429551315089588,Young,Grammica__Young,Grammica__Lut.Car,0,ss13-46y,C_denticulata__Lut.Car
7/10/18,7/11/18,AS-294,Grammica,C_denticulata,1346Dy,ss13-46,y,1,0.0493,49.3,1250,100,0.253549696,Lut.Car,0.3526610354582489,Young,Grammica__Young,Grammica__Lut.Car,0,ss13-46y,C_denticulata__Lut.Car
7/11/18,7/11/18,AS-315,Grammica,C_denticulata,1346y (trial) ,ss13-46,y,1,0.0461,46.1,1250,100,0.271149675,Lut.Car,0.10656384361108506,Young,Grammica__Young,Grammica__Lut.Car,0,ss13-46y,C_denticulata__Lut.Car
6/13/18,6/13/18,AS-170,Grammica,C_denticulata,1346Ao,ss13-46,o,1,0.0493,49.3,1250,100,0.253549696,Lut.Car,0.023903154942333638,Old,Grammica__Old,Grammica__Lut.Car,0,ss13-46o,C_denticulata__Lut.Car
7/2/18,6/3/18,AS-233,Grammica,C_denticulata,1346Do,ss13-46,o,1,0.0465,46.5,1250,100,0.268817204,Lut.Car,0.12470894494374844,Old,Grammica__Old,Grammica__Lut.Car,0,ss13-46o,C_denticulata__Lut.Car
7/4/18,7/4/18,AS-257,Grammica,C_denticulata,1346Bo,ss13-46,o,1,0.0493,49.3,1250,100,0.253549696,Lut.Car,0.027080274322899365,Old,Grammica__Old,Grammica__Lut.Car,0,ss13-46o,C_denticulata__Lut.Car
7/4/18,7/4/18,AS-269,Grammica,C_denticulata,1346Ao,ss13-46,o,1,0.0447,44.7,1250,100,0.279642058,Lut.Car,0.14665278685171107,Old,Grammica__Old,Grammica__Lut.Car,0,ss13-46o,C_denticulata__Lut.Car
7/10/18,7/11/18,AS-293,Grammica,C_denticulata,1346Do,ss13-46,o,1,0.051,51,1250,100,0.245098039,Lut.Car,0.15650007701906019,Old,Grammica__Old,Grammica__Lut.Car,0,ss13-46o,C_denticulata__Lut.Car
6/14/18,6/14/18,AS-176,Grammica,C_denticulata,1346Ah,ss13-46,h,1,0.0499,49.9,1250,100,0.250501002,Lut.Car,0.06273531963872286,Haustorium,Grammica__Haustorium,Grammica__Lut.Car,0,ss13-46h,C_denticulata__Lut.Car
7/4/18,7/4/18,AS-256,Grammica,C_denticulata,1346Bh,ss13-46,h,1,0.0505,50.5,1250,100,0.247524752,Lut.Car,0.11155902167062552,Haustorium,Grammica__Haustorium,Grammica__Lut.Car,0,ss13-46h,C_denticulata__Lut.Car
7/10/18,7/11/18,AS-277,Grammica,C_denticulata,13466Dh,ss13-46,h,1,0.0425,42.5,1250,100,0.294117647,Lut.Car,0.25850075446000503,Haustorium,Grammica__Haustorium,Grammica__Lut.Car,0,ss13-46h,C_denticulata__Lut.Car
7/10/18,7/11/18,AS-291,Grammica,C_denticulata,1346Ch,ss13-46,h,1,0.0428,42.8,1250,100,0.292056075,Lut.Car,0.17876454919861132,Haustorium,Grammica__Haustorium,Grammica__Lut.Car,0,ss13-46h,C_denticulata__Lut.Car
7/10/18,7/11/18,AS-274,Grammica,C_denticulata,1346Cf,ss13-46,f,1,0.045,45,1250,100,0.277777778,Lut.Car,0.2578857562823367,Flower,Grammica__Flower,Grammica__Lut.Car,0,ss13-46f,C_denticulata__Lut.Car
7/10/18,7/11/18,AS-290,Grammica,C_denticulata,1346Af,ss13-46,f,1,0.0421,42.1,1250,100,0.296912114,Lut.Car,0.20795024100556134,Flower,Grammica__Flower,Grammica__Lut.Car,0,ss13-46f,C_denticulata__Lut.Car
-,12/6/17,AS-01,Grammica,C_sandwichiana,155sdlg,155,sdlg,1,0.0344,34.4,2050,100,0.595930233,Lut.epo.Car,0,Seedling,Grammica__Seedling,Grammica__Lut.epo.Car,0,155sdlg,C_sandwichiana__Lut.epo.Car
-,12/6/17,AS-06,Grammica,C_sandwichiana,155sdlg,155,sdlg,2,0.0328,32.8,2050,100,0.625,Lut.epo.Car,0,Seedling,Grammica__Seedling,Grammica__Lut.epo.Car,0,155sdlg,C_sandwichiana__Lut.epo.Car
6/14/18,6/14/18,AS-197,Grammica,C_sandwichiana,155Cy,155,y,1,0.0435,43.5,1250,100,0.287356322,Lut.epo.Car,0,Young,Grammica__Young,Grammica__Lut.epo.Car,0,155y,C_sandwichiana__Lut.epo.Car
7/14/18,6/3/18,AS-228,Grammica,C_sandwichiana,155Ay,155,y,1,0.0464,46.4,1250,100,0.269396552,Lut.epo.Car,0.011812485640666462,Young,Grammica__Young,Grammica__Lut.epo.Car,0,155y,C_sandwichiana__Lut.epo.Car
7/2/18,6/3/18,AS-231,Grammica,C_sandwichiana,155Dy,155,y,1,0.053900000000000003,53.9,1250,100,0.231910946,Lut.epo.Car,0.016630464336182933,Young,Grammica__Young,Grammica__Lut.epo.Car,0,155y,C_sandwichiana__Lut.epo.Car
7/2/18,6/3/18,AS-241,Grammica,C_sandwichiana,155By,155,y,1,0.0448,44.8,1250,100,0.279017857,Lut.epo.Car,0.015062167152576553,Young,Grammica__Young,Grammica__Lut.epo.Car,0,155y,C_sandwichiana__Lut.epo.Car
7/11/18,7/11/18,AS-309,Grammica,C_sandwichiana,155Cy,155,y,1,0.084,84,1250,100,0.148809524,Lut.epo.Car,0.016656920470369787,Young,Grammica__Young,Grammica__Lut.epo.Car,0,155y,C_sandwichiana__Lut.epo.Car
6/14/18,6/14/18,AS-184,Grammica,C_sandwichiana,155Ao,155,o,1,0.0484,48.4,1250,100,0.258264463,Lut.epo.Car,0,Old,Grammica__Old,Grammica__Lut.epo.Car,0,155o,C_sandwichiana__Lut.epo.Car
6/14/18,6/14/18,AS-186,Grammica,C_sandwichiana,155Do,155,o,1,0.0455,45.5,1250,100,0.274725275,Lut.epo.Car,0,Old,Grammica__Old,Grammica__Lut.epo.Car,0,155o,C_sandwichiana__Lut.epo.Car
6/14/18,6/14/18,AS-187,Grammica,C_sandwichiana,155Bo,155,o,1,0.0477,47.7,1250,100,0.262054507,Lut.epo.Car,0,Old,Grammica__Old,Grammica__Lut.epo.Car,0,155o,C_sandwichiana__Lut.epo.Car
7/2/18,6/3/18,AS-203,Grammica,C_sandwichiana,155Co,155,o,1,0.0498,49.8,1250,100,0.251004016,Lut.epo.Car,0,Old,Grammica__Old,Grammica__Lut.epo.Car,0,155o,C_sandwichiana__Lut.epo.Car
7/2/18,6/3/18,AS-229,Grammica,C_sandwichiana,155Bh,155,h,1,0.045,45,1250,100,0.277777778,Lut.epo.Car,0,Haustorium,Grammica__Haustorium,Grammica__Lut.epo.Car,0,155h,C_sandwichiana__Lut.epo.Car
7/2/18,6/3/18,AS-230,Grammica,C_sandwichiana,155Ch,155,h,1,0.0446,44.6,1250,100,0.280269058,Lut.epo.Car,0,Haustorium,Grammica__Haustorium,Grammica__Lut.epo.Car,0,155h,C_sandwichiana__Lut.epo.Car
7/2/18,6/3/18,AS-232,Grammica,C_sandwichiana,155Dh,155,h,1,0.0408,40.8,1250,100,0.306372549,Lut.epo.Car,0,Haustorium,Grammica__Haustorium,Grammica__Lut.epo.Car,0,155h,C_sandwichiana__Lut.epo.Car
7/2/18,6/3/18,AS-245,Grammica,C_sandwichiana,155Ch,155,h,1,0.0482,48.2,1250,100,0.2593361,Lut.epo.Car,0.024343537450533883,Haustorium,Grammica__Haustorium,Grammica__Lut.epo.Car,0,155h,C_sandwichiana__Lut.epo.Car
7/10/18,7/11/18,AS-281,Grammica,C_sandwichiana,155Ah,155,h,1,0.0488,48.8,1250,100,0.256147541,Lut.epo.Car,0.012598720114710643,Haustorium,Grammica__Haustorium,Grammica__Lut.epo.Car,0,155h,C_sandwichiana__Lut.epo.Car
6/14/18,6/14/18,AS-196,Grammica,C_sandwichiana,155Cf,155,f,1,0.0441,44.1,1250,100,0.283446712,Lut.epo.Car,0.011444458194896145,Flower,Grammica__Flower,Grammica__Lut.epo.Car,0,155f,C_sandwichiana__Lut.epo.Car
7/4/18,7/4/18,AS-247,Grammica,C_sandwichiana,155Af,155,f,1,0.0445,44.5,1250,100,0.280898876,Lut.epo.Car,0,Flower,Grammica__Flower,Grammica__Lut.epo.Car,0,155f,C_sandwichiana__Lut.epo.Car
-,12/6/17,AS-02,Grammica,C_polygonorum,1705sdlg,1705,sdlg,1,0.0142,14.2,2050,100,1.443661972,Lut.epo.Car,0,Seedling,Grammica__Seedling,Grammica__Lut.epo.Car,0,1705sdlg,C_polygonorum__Lut.epo.Car
-,12/6/17,AS-04,Grammica,C_polygonorum,1705sdlg,1705,sdlg,2,0.0369,36.9,2050,100,0.555555556,Lut.epo.Car,0.011133537395684302,Seedling,Grammica__Seedling,Grammica__Lut.epo.Car,0,1705sdlg,C_polygonorum__Lut.epo.Car
-,12/6/17,AS-05,Grammica,C_polygonorum,1705sdlg,1705,sdlg,3,0.0501,50.1,2050,100,0.409181637,Lut.epo.Car,0.0153188020127987,Seedling,Grammica__Seedling,Grammica__Lut.epo.Car,0,1705sdlg,C_polygonorum__Lut.epo.Car
7/11/18,7/11/18,AS-304,Grammica,C_polygonorum,1705sdlg,1705,sdlg,1,0.0338,33.8,950,100,0.281065089,Lut.epo.Car,0,Seedling,Grammica__Seedling,Grammica__Lut.epo.Car,0,1705sdlg,C_polygonorum__Lut.epo.Car
7/11/18,7/11/18,AS-310,Grammica,C_polygonorum,1705sdlg,1705,sdlg,1,0.0298,29.8,950,100,0.318791946,Lut.epo.Car,0.03213338918021781,Seedling,Grammica__Seedling,Grammica__Lut.epo.Car,0,1705sdlg,C_polygonorum__Lut.epo.Car
6/14/18,6/14/18,AS-183,Grammica,C_polygonorum,1705Ay,1705,y,1,0.0408,40.8,1250,100,0.306372549,Lut.epo.Car,0,Young,Grammica__Young,Grammica__Lut.epo.Car,0,1705y,C_polygonorum__Lut.epo.Car
7/10/18,7/11/18,AS-288,Grammica,C_polygonorum,1705Cy,1705,y,1,0.0524,52.4,1250,100,0.238549618,Lut.epo.Car,0.010838038579949418,Young,Grammica__Young,Grammica__Lut.epo.Car,0,1705y,C_polygonorum__Lut.epo.Car
7/10/18,7/11/18,AS-295,Grammica,C_polygonorum,1705Dy,1705,y,1,0.0432,43.2,1250,100,0.289351852,Lut.epo.Car,0.01503912366778407,Young,Grammica__Young,Grammica__Lut.epo.Car,0,1705y,C_polygonorum__Lut.epo.Car
7/11/18,7/11/18,AS-303,Grammica,C_polygonorum,1705By,1705,y,1,0.0672,67.2,1250,100,0.186011905,Lut.epo.Car,0.16370156783137568,Young,Grammica__Young,Grammica__Lut.epo.Car,0,1705y,C_polygonorum__Lut.epo.Car
6/14/18,6/14/18,AS-182,Grammica,C_polygonorum,1705Ao,1705,o,1,0.048,48,1250,100,0.260416667,Lut.epo.Car,0,Old,Grammica__Old,Grammica__Lut.epo.Car,0,1705o,C_polygonorum__Lut.epo.Car
7/2/18,6/3/18,AS-201,Grammica,C_polygonorum,1705Bo,1705,o,1,0.0499,49.9,1250,100,0.250501002,Lut.epo.Car,0,Old,Grammica__Old,Grammica__Lut.epo.Car,0,1705o,C_polygonorum__Lut.epo.Car
7/2/18,6/3/18,AS-202,Grammica,C_polygonorum,1705Co,1705,o,1,0.0421,42.1,1250,100,0.296912114,Lut.epo.Car,0,Old,Grammica__Old,Grammica__Lut.epo.Car,0,1705o,C_polygonorum__Lut.epo.Car
7/10/18,7/11/18,AS-300,Grammica,C_polygonorum,1705Do,1705,o,1,0.0494,49.4,1250,100,0.253036437,Lut.epo.Car,0,Old,Grammica__Old,Grammica__Lut.epo.Car,0,1705o,C_polygonorum__Lut.epo.Car
7/10/18,7/11/18,AS-302,Grammica,C_polygonorum,1705Do,1705,o,1,0.042,42,1250,100,0.297619048,Lut.epo.Car,0,Old,Grammica__Old,Grammica__Lut.epo.Car,0,1705o,C_polygonorum__Lut.epo.Car
7/10/18,7/11/18,AS-282,Grammica,C_polygonorum,1705Ch,1705,h,1,0.0389,38.9,1250,100,0.321336761,Lut.epo.Car,0.018510834905777276,Haustorium,Grammica__Haustorium,Grammica__Lut.epo.Car,0,1705h,C_polygonorum__Lut.epo.Car
7/10/18,7/11/18,AS-287,Grammica,C_polygonorum,1705Ah,1705,h,1,0.029,29,950,100,0.327586207,Lut.epo.Car,0.011509463220274676,Haustorium,Grammica__Haustorium,Grammica__Lut.epo.Car,0,1705h,C_polygonorum__Lut.epo.Car
7/10/18,7/11/18,AS-296,Grammica,C_polygonorum,1705Dh,1705,h,1,0.0482,48.2,1250,100,0.2593361,Lut.epo.Car,0.018011550861015493,Haustorium,Grammica__Haustorium,Grammica__Lut.epo.Car,0,1705h,C_polygonorum__Lut.epo.Car
7/2/18,6/3/18,AS-235,Grammica,C_polygonorum,1705Af,1705,f,1,0.0488,48.8,1250,100,0.256147541,Lut.epo.Car,0.026037379778698962,Flower,Grammica__Flower,Grammica__Lut.epo.Car,0,1705f,C_polygonorum__Lut.epo.Car
7/10/18,7/11/18,AS-286,Grammica,C_polygonorum,1705Cf,1705,f,1,0.045,45,1250,100,0.277777778,Lut.epo.Car,0.022164989593817165,Flower,Grammica__Flower,Grammica__Lut.epo.Car,0,1705f,C_polygonorum__Lut.epo.Car
7/4/18,7/4/18,AS-248,Grammica,C_polygonorum,1705As,1705,s,1,0.0428,42.8,1250,100,0.292056075,Lut.epo.Car,0.012570919179657997,Seed,Grammica__Seed,Grammica__Lut.epo.Car,0,1705s,C_polygonorum__Lut.epo.Car
7/10/18,7/11/18,AS-285,Grammica,C_polygonorum,1705Cs,1705,s,1,0.0289,28.9,950,100,0.328719723,Lut.epo.Car,0.020368558316505362,Seed,Grammica__Seed,Grammica__Lut.epo.Car,0,1705s,C_polygonorum__Lut.epo.Car
7/2/18,6/3/18,AS-207,Grammica,C_compacta,1566sdlg,1566,sdlg,1,0.0414,41.4,1250,100,0.301932367,Lut.epo.Car,0,Seedling,Grammica__Seedling,Grammica__Lut.epo.Car,0,1566sdlg,C_compacta__Lut.epo.Car
-,12/6/17,AS-03,Grammica,C_compacta,1566sdlg,1566,sdlg,1,0.0391,39.1,2050,100,0.524296675,Lut.epo.Car,0,Seedling,Grammica__Seedling,Grammica__Lut.epo.Car,0,1566sdlg,C_compacta__Lut.epo.Car
-,12/6/17,AS-07,Grammica,C_compacta,1566sdlg,1566,sdlg,2,0.0384,38.4,2050,100,0.533854167,Lut.epo.Car,0,Seedling,Grammica__Seedling,Grammica__Lut.epo.Car,0,1566sdlg,C_compacta__Lut.epo.Car
-,12/6/17,AS-08,Grammica,C_compacta,1566sdlg,1566,sdlg,3,0.0362,36.2,2050,100,0.566298343,Lut.epo.Car,0,Seedling,Grammica__Seedling,Grammica__Lut.epo.Car,0,1566sdlg,C_compacta__Lut.epo.Car
-,12/6/17,AS-09,Grammica,C_compacta,1566sdlg,1566,sdlg,4,0.0425,42.5,2050,100,0.482352941,Lut.epo.Car,0,Seedling,Grammica__Seedling,Grammica__Lut.epo.Car,0,1566sdlg,C_compacta__Lut.epo.Car
7/4/18,7/4/18,AS-249,Grammica,C_compacta,1566sdlg,1566,sdlg,1,0.0532,53.2,1250,100,0.234962406,Lut.epo.Car,0,Seedling,Grammica__Seedling,Grammica__Lut.epo.Car,0,1566sdlg,C_compacta__Lut.epo.Car
-,12/6/17,AS-21,Grammica,C_compacta,1566Ay,1566,y,1,0.0422,42.2,2050,100,0.485781991,Lut.epo.Car,0,Young,Grammica__Young,Grammica__Lut.epo.Car,0,1566y,C_compacta__Lut.epo.Car
-,12/6/17,AS-22,Grammica,C_compacta,1566Ay,1566,y,2,0.0419,41.9,2050,100,0.489260143,Lut.epo.Car,0.005433169191054656,Young,Grammica__Young,Grammica__Lut.epo.Car,0,1566y,C_compacta__Lut.epo.Car
7/2/18,6/3/18,AS-244,Grammica,C_compacta,1566Ay,1566,y,1,0.0421,42.1,1250,100,0.296912114,Lut.epo.Car,0,Young,Grammica__Young,Grammica__Lut.epo.Car,0,1566y,C_compacta__Lut.epo.Car
7/4/18,7/4/18,AS-250,Grammica,C_compacta,1566Ay,1566,y,1,0.0486,48.6,1250,100,0.257201646,Lut.epo.Car,0,Young,Grammica__Young,Grammica__Lut.epo.Car,0,1566y,C_compacta__Lut.epo.Car
7/4/18,7/4/18,AS-265,Grammica,C_compacta,1566Ey,1566,y,1,0.0452,45.2,1250,100,0.276548673,Lut.epo.Car,0,Young,Grammica__Young,Grammica__Lut.epo.Car,0,1566y,C_compacta__Lut.epo.Car
7/2/18,6/3/18,AS-199,Grammica,C_compacta,1566Ao,1566,o,1,0.0424,42.4,1250,100,0.294811321,Lut.epo.Car,0,Old,Grammica__Old,Grammica__Lut.epo.Car,0,1566o,C_compacta__Lut.epo.Car
7/2/18,6/3/18,AS-200,Grammica,C_compacta,1566Eo,1566,o,1,0.0495,49.5,1250,100,0.252525253,Lut.epo.Car,0.008719104151173144,Old,Grammica__Old,Grammica__Lut.epo.Car,0,1566o,C_compacta__Lut.epo.Car
7/4/18,7/4/18,AS-264,Grammica,C_compacta,1566Ao,1566,o,1,0.0408,40.8,1250,100,0.306372549,Lut.epo.Car,0,Old,Grammica__Old,Grammica__Lut.epo.Car,0,1566o,C_compacta__Lut.epo.Car
7/4/18,7/4/18,AS-266,Grammica,C_compacta,1566Eo,1566,o,1,0.0415,41.5,1250,100,0.301204819,Lut.epo.Car,0,Old,Grammica__Old,Grammica__Lut.epo.Car,0,1566o,C_compacta__Lut.epo.Car
6/14/18,6/14/18,AS-198,Grammica,C_compacta,1566Ah,1566,h,1,0.0523,52.3,1250,100,0.239005736,Lut.epo.Car,0,Haustorium,Grammica__Haustorium,Grammica__Lut.epo.Car,0,1566h,C_compacta__Lut.epo.Car
7/4/18,7/4/18,AS-267,Grammica,C_compacta,1566Eh,1566,h,1,0.0517,51.7,1250,100,0.241779497,Lut.epo.Car,0,Haustorium,Grammica__Haustorium,Grammica__Lut.epo.Car,0,1566h,C_compacta__Lut.epo.Car
7/11/18,7/11/18,AS-307,Grammica,C_australis,1382Cy,1382,y,1,0.0773,77.3,1250,100,0.161707633,Lut.epo.Car,0.018030611363538156,Young,Grammica__Young,Grammica__Lut.epo.Car,0,1382y,C_australis__Lut.epo.Car
7/11/18,7/11/18,AS-311,Grammica,C_australis,1382Ay,1382,y,1,0.0152,15.2,950,100,0.625,Lut.epo.Car,0.013460759649308717,Young,Grammica__Young,Grammica__Lut.epo.Car,0,1382y,C_australis__Lut.epo.Car
6/14/18,6/14/18,AS-190,Grammica,C_australis,1382Ao,1382,o,1,0.0464,46.4,1250,100,0.269396552,Lut.epo.Car,0,Old,Grammica__Old,Grammica__Lut.epo.Car,0,1382o,C_australis__Lut.epo.Car
6/14/18,6/14/18,AS-194,Grammica,C_australis,1382Co,1382,o,1,0.0494,49.4,1250,100,0.253036437,Lut.epo.Car,0,Old,Grammica__Old,Grammica__Lut.epo.Car,0,1382o,C_australis__Lut.epo.Car
7/4/18,7/4/18,AS-261,Grammica,C_australis,1382Bo,1382,o,1,0.0486,48.6,1250,100,0.257201646,Lut.epo.Car,0,Old,Grammica__Old,Grammica__Lut.epo.Car,0,1382o,C_australis__Lut.epo.Car
7/2/18,6/3/18,AS-240,Grammica,C_australis,1382Bh,1382,h,1,0.0417,41.7,1250,100,0.299760192,Lut.epo.Car,0.00853858739116474,Haustorium,Grammica__Haustorium,Grammica__Lut.epo.Car,0,1382h,C_australis__Lut.epo.Car
7/2/18,6/3/18,AS-246,Grammica,C_australis,1382Ch,1382,h,1,0.0469,46.9,1250,100,0.26652452,Lut.epo.Car,0,Haustorium,Grammica__Haustorium,Grammica__Lut.epo.Car,0,1382h,C_australis__Lut.epo.Car
-,12/6/17,AS-23,Grammica,C_cephalanthii,1567Ay,1567,y,1,0.0418,41.8,2050,100,0.490430622,Lut.epo.Car,0.009229892055249803,Young,Grammica__Young,Grammica__Lut.epo.Car,0,1567y,C_cephalanthii__Lut.epo.Car
-,12/6/17,AS-24,Grammica,C_cephalanthii,1567Ay,1567,y,2,0.0394,39.4,2050,100,0.520304569,Lut.epo.Car,0,Young,Grammica__Young,Grammica__Lut.epo.Car,0,1567y,C_cephalanthii__Lut.epo.Car
6/5/18,6/11/18,AS-39,Grammica,C_cephalanthii,1567Gy,1567,y,1,0.0443,44.3,2050,100,0.46275395,Lut.epo.Car,0,Young,Grammica__Young,Grammica__Lut.epo.Car,0,1567y,C_cephalanthii__Lut.epo.Car
6/5/18,6/11/18,AS-40,Grammica,C_cephalanthii,1567Gy,1567,y,2,0.0457,45.7,2050,100,0.448577681,Lut.epo.Car,0,Young,Grammica__Young,Grammica__Lut.epo.Car,0,1567y,C_cephalanthii__Lut.epo.Car
6/5/18,6/11/18,AS-47,Grammica,C_cephalanthii,1567Fy,1567,y,1,0.043,43,2050,100,0.476744186,Lut.epo.Car,0,Young,Grammica__Young,Grammica__Lut.epo.Car,0,1567y,C_cephalanthii__Lut.epo.Car
6/5/18,6/11/18,AS-48,Grammica,C_cephalanthii,1567Fy,1567,y,2,0.0423,42.3,2050,100,0.48463357,Lut.epo.Car,0,Young,Grammica__Young,Grammica__Lut.epo.Car,0,1567y,C_cephalanthii__Lut.epo.Car
7/2/18,6/3/18,AS-222,Grammica,C_cephalanthii,1567Dy,1567,y,1,0.0269,26.9,1250,100,0.464684015,Lut.epo.Car,0,Young,Grammica__Young,Grammica__Lut.epo.Car,0,1567y,C_cephalanthii__Lut.epo.Car
6/5/18,6/11/18,AS-31,Grammica,C_cephalanthii,1567Go,1567,o,1,0.0425,42.5,2050,100,0.482352941,Lut.epo.Car,0,Old,Grammica__Old,Grammica__Lut.epo.Car,0,1567o,C_cephalanthii__Lut.epo.Car
6/5/18,6/11/18,AS-32,Grammica,C_cephalanthii,1567Go,1567,o,2,0.0598,59.8,2050,100,0.342809365,Lut.epo.Car,0,Old,Grammica__Old,Grammica__Lut.epo.Car,0,1567o,C_cephalanthii__Lut.epo.Car
6/5/18,6/11/18,AS-37,Grammica,C_cephalanthii,1567Fo,1567,o,1,0.0417,41.7,2050,100,0.491606715,Lut.epo.Car,0,Old,Grammica__Old,Grammica__Lut.epo.Car,0,1567o,C_cephalanthii__Lut.epo.Car
6/5/18,6/11/18,AS-38,Grammica,C_cephalanthii,1567Fo,1567,o,2,0.0533,53.3,2050,100,0.384615385,Lut.epo.Car,0,Old,Grammica__Old,Grammica__Lut.epo.Car,0,1567o,C_cephalanthii__Lut.epo.Car
6/5/18,6/11/18,AS-45,Grammica,C_cephalanthii,1567Do,1567,o,1,0.0475,47.5,2050,100,0.431578947,Lut.epo.Car,0,Old,Grammica__Old,Grammica__Lut.epo.Car,0,1567o,C_cephalanthii__Lut.epo.Car
6/5/18,6/11/18,AS-46,Grammica,C_cephalanthii,1567Do,1567,o,2,0.048,48,2050,100,0.427083333,Lut.epo.Car,0,Old,Grammica__Old,Grammica__Lut.epo.Car,0,1567o,C_cephalanthii__Lut.epo.Car
6/11/18,6/11/18,AS-126,Grammica,C_cephalanthii,1567Fo,1567,o,1,0.046,46,1250,100,0.27173913,Lut.epo.Car,0,Old,Grammica__Old,Grammica__Lut.epo.Car,0,1567o,C_cephalanthii__Lut.epo.Car
6/13/18,6/13/18,AS-127,Grammica,C_cephalanthii,1567Fo,1567,o,2,0.0499,49.9,1250,100,0.250501002,Lut.epo.Car,0,Old,Grammica__Old,Grammica__Lut.epo.Car,0,1567o,C_cephalanthii__Lut.epo.Car
6/13/18,6/13/18,AS-130,Grammica,C_cephalanthii,1567Go,1567,o,1,0.0496,49.6,1250,100,0.252016129,Lut.epo.Car,0,Old,Grammica__Old,Grammica__Lut.epo.Car,0,1567o,C_cephalanthii__Lut.epo.Car
6/13/18,6/13/18,AS-131,Grammica,C_cephalanthii,1567Go,1567,o,2,0.0414,41.4,1250,100,0.301932367,Lut.epo.Car,0,Old,Grammica__Old,Grammica__Lut.epo.Car,0,1567o,C_cephalanthii__Lut.epo.Car
6/13/18,6/13/18,AS-132,Grammica,C_cephalanthii,1567Do,1567,o,1,0.0511,51.1,1250,100,0.244618395,Lut.epo.Car,0,Old,Grammica__Old,Grammica__Lut.epo.Car,0,1567o,C_cephalanthii__Lut.epo.Car
6/13/18,6/13/18,AS-133,Grammica,C_cephalanthii,1567Do,1567,o,2,0.0409,40.9,1250,100,0.305623472,Lut.epo.Car,0,Old,Grammica__Old,Grammica__Lut.epo.Car,0,1567o,C_cephalanthii__Lut.epo.Car
7/2/18,6/3/18,AS-214,Grammica,C_cephalanthii,1567Ao,1567,o,1,0.0422,42.2,1250,100,0.296208531,Lut.epo.Car,0,Old,Grammica__Old,Grammica__Lut.epo.Car,0,1567o,C_cephalanthii__Lut.epo.Car
7/4/18,7/4/18,AS-263,Grammica,C_cephalanthii,1567Bo,1567,o,1,0.0508,50.8,1250,100,0.246062992,Lut.epo.Car,0,Old,Grammica__Old,Grammica__Lut.epo.Car,0,1567o,C_cephalanthii__Lut.epo.Car
6/13/18,6/13/18,AS-134,Grammica,C_cephalanthii,1567Gh,1567,h,1,0.0406,40.6,1250,100,0.307881773,Lut.epo.Car,0.009211238906033325,Haustorium,Grammica__Haustorium,Grammica__Lut.epo.Car,0,1567h,C_cephalanthii__Lut.epo.Car
6/13/18,6/13/18,AS-135,Grammica,C_cephalanthii,1567Gh,1567,h,2,0.0512,51.2,1250,100,0.244140625,Lut.epo.Car,0.0171358854359061,Haustorium,Grammica__Haustorium,Grammica__Lut.epo.Car,0,1567h,C_cephalanthii__Lut.epo.Car
7/2/18,6/3/18,AS-236,Grammica,C_cephalanthii,1567Dh,1567,h,1,0.0475,47.5,1250,100,0.263157895,Lut.epo.Car,0,Haustorium,Grammica__Haustorium,Grammica__Lut.epo.Car,0,1567h,C_cephalanthii__Lut.epo.Car
7/2/18,6/3/18,AS-237,Grammica,C_cephalanthii,1567Fh,1567,h,1,0.0492,49.2,1250,100,0.254065041,Lut.epo.Car,0.023556064503113452,Haustorium,Grammica__Haustorium,Grammica__Lut.epo.Car,0,1567h,C_cephalanthii__Lut.epo.Car
6/11/18,6/11/18,AS-122,Grammica,C_cephalanthii,1567Df,1567,f,1,0.0465,46.5,1250,100,0.268817204,Lut.epo.Car,0.031232686276702126,Flower,Grammica__Flower,Grammica__Lut.epo.Car,0,1567f,C_cephalanthii__Lut.epo.Car
6/11/18,6/11/18,AS-123,Grammica,C_cephalanthii,1567Df,1567,f,2,0.0415,41.5,1250,100,0.301204819,Lut.epo.Car,0.03384776183622267,Flower,Grammica__Flower,Grammica__Lut.epo.Car,0,1567f,C_cephalanthii__Lut.epo.Car
6/13/18,6/13/18,AS-169,Grammica,C_cephalanthii,1567Gs,1567,s,1,0.0496,49.6,1250,100,0.252016129,Lut.epo.Car,0.012961107647599274,Seed,Grammica__Seed,Grammica__Lut.epo.Car,0,1567s,C_cephalanthii__Lut.epo.Car
6/14/18,6/14/18,AS-175,Grammica,C_cephalanthii,1567Fs,1567,s,1,0.0448,44.8,1250,100,0.279017857,Lut.epo.Car,0.016834606647247584,Seed,Grammica__Seed,Grammica__Lut.epo.Car,0,1567s,C_cephalanthii__Lut.epo.Car
7/2/18,6/3/18,AS-208,Grammica,C_cephalanthii,1567Ds,1567,s,1,0.0575,57.5,1250,100,0.217391304,Lut.epo.Car,0.018414513585321524,Seed,Grammica__Seed,Grammica__Lut.epo.Car,0,1567s,C_cephalanthii__Lut.epo.Car
7/2/18,6/3/18,AS-215,Grammica,C_cephalanthii,1567Cs,1567,s,1,0.029,29,1250,100,0.431034483,Lut.epo.Car,0,Seed,Grammica__Seed,Grammica__Lut.epo.Car,0,1567s,C_cephalanthii__Lut.epo.Car
7/2/18,6/3/18,AS-216,Grammica,C_cephalanthii,1567Bs,1567,s,1,0.0541,54.1,1250,100,0.231053604,Lut.epo.Car,0.017750263179186536,Seed,Grammica__Seed,Grammica__Lut.epo.Car,0,1567s,C_cephalanthii__Lut.epo.Car
6/13/18,6/13/18,AS-136,Grammica,C_costaricensis,CUCOAy,CUCO,y,1,0.0495,49.5,1250,100,0.252525253,Lut.epo.Car,0,Young,Grammica__Young,Grammica__Lut.epo.Car,0,CUCOy,C_costaricensis__Lut.epo.Car
6/13/18,6/13/18,AS-137,Grammica,C_costaricensis,CUCOAy,CUCO,y,2,0.0408,40.8,1250,100,0.306372549,Lut.epo.Car,0,Young,Grammica__Young,Grammica__Lut.epo.Car,0,CUCOy,C_costaricensis__Lut.epo.Car
6/13/18,6/13/18,AS-158,Grammica,C_costaricensis,CUCOCy,CUCO,y,1,0.042,42,1250,100,0.297619048,Lut.epo.Car,0,Young,Grammica__Young,Grammica__Lut.epo.Car,0,CUCOy,C_costaricensis__Lut.epo.Car
6/13/18,6/13/18,AS-159,Grammica,C_costaricensis,CUCOCy,CUCO,y,2,0.0483,48.3,1250,100,0.258799172,Lut.epo.Car,0,Young,Grammica__Young,Grammica__Lut.epo.Car,0,CUCOy,C_costaricensis__Lut.epo.Car
6/13/18,6/13/18,AS-164,Grammica,C_costaricensis,CUCOBy,CUCO,y,1,0.0448,44.8,1250,100,0.279017857,Lut.epo.Car,0,Young,Grammica__Young,Grammica__Lut.epo.Car,0,CUCOy,C_costaricensis__Lut.epo.Car
6/5/18,6/11/18,AS-61,Grammica,C_costaricensis,CUCOCo,CUCO,o,1,0.0459,45.9,2050,100,0.446623094,Lut.epo.Car,0,Old,Grammica__Old,Grammica__Lut.epo.Car,0,CUCOo,C_costaricensis__Lut.epo.Car
6/5/18,6/11/18,AS-62,Grammica,C_costaricensis,CUCOCo,CUCO,o,2,0.0433,43.3,2050,100,0.473441109,Lut.epo.Car,0,Old,Grammica__Old,Grammica__Lut.epo.Car,0,CUCOo,C_costaricensis__Lut.epo.Car
6/5/18,6/11/18,AS-77,Grammica,C_costaricensis,CUCOBo,CUCO,o,1,0.044,44,2050,100,0.465909091,Lut.epo.Car,0,Old,Grammica__Old,Grammica__Lut.epo.Car,0,CUCOo,C_costaricensis__Lut.epo.Car
6/5/18,6/11/18,AS-78,Grammica,C_costaricensis,CUCOBo,CUCO,o,2,0.0468,46.8,2050,100,0.438034188,Lut.epo.Car,0,Old,Grammica__Old,Grammica__Lut.epo.Car,0,CUCOo,C_costaricensis__Lut.epo.Car
6/11/18,6/11/18,AS-79,Grammica,C_costaricensis,CUCOBo,CUCO,o,3,0.0411,41.1,1250,100,0.304136253,Lut.epo.Car,0,Old,Grammica__Old,Grammica__Lut.epo.Car,0,CUCOo,C_costaricensis__Lut.epo.Car
6/11/18,6/11/18,AS-80,Grammica,C_costaricensis,CUCOBo,CUCO,o,4,0.046,46,1250,100,0.27173913,Lut.epo.Car,0,Old,Grammica__Old,Grammica__Lut.epo.Car,0,CUCOo,C_costaricensis__Lut.epo.Car
6/13/18,6/13/18,AS-138,Grammica,C_costaricensis,CUCOAo,CUCO,o,1,0.048,48,1250,100,0.260416667,Lut.epo.Car,0,Old,Grammica__Old,Grammica__Lut.epo.Car,0,CUCOo,C_costaricensis__Lut.epo.Car
6/13/18,6/13/18,AS-139,Grammica,C_costaricensis,CUCOAo,CUCO,o,2,0.0491,49.1,1250,100,0.254582485,Lut.epo.Car,0,Old,Grammica__Old,Grammica__Lut.epo.Car,0,CUCOo,C_costaricensis__Lut.epo.Car
6/5/18,6/11/18,AS-57,Grammica,C_costaricensis,CUCOCh,CUCO,h,1,0.0402,40.2,2050,100,0.509950249,Lut.epo.Car,0,Haustorium,Grammica__Haustorium,Grammica__Lut.epo.Car,0,CUCOh,C_costaricensis__Lut.epo.Car
6/5/18,6/11/18,AS-58,Grammica,C_costaricensis,CUCOCh,CUCO,h,2,0.0432,43.2,2050,100,0.474537037,Lut.epo.Car,0,Haustorium,Grammica__Haustorium,Grammica__Lut.epo.Car,0,CUCOh,C_costaricensis__Lut.epo.Car
6/5/18,6/11/18,AS-67,Grammica,C_costaricensis,CUCOBh,CUCO,h,1,0.0463,46.3,2050,100,0.442764579,Lut.epo.Car,0,Haustorium,Grammica__Haustorium,Grammica__Lut.epo.Car,0,CUCOh,C_costaricensis__Lut.epo.Car
6/5/18,6/11/18,AS-68,Grammica,C_costaricensis,CUCOBh,CUCO,h,2,0.0412,41.2,2050,100,0.497572816,Lut.epo.Car,0,Haustorium,Grammica__Haustorium,Grammica__Lut.epo.Car,0,CUCOh,C_costaricensis__Lut.epo.Car
6/13/18,6/13/18,AS-140,Grammica,C_costaricensis,CUCOAh,CUCO,h,1,0.044,44,1250,100,0.284090909,Lut.epo.Car,0.005911468402005606,Haustorium,Grammica__Haustorium,Grammica__Lut.epo.Car,0,CUCOh,C_costaricensis__Lut.epo.Car
6/13/18,6/13/18,AS-141,Grammica,C_costaricensis,CUCOAh,CUCO,h,2,0.0438,43.8,1250,100,0.285388128,Lut.epo.Car,0.005529398934861911,Haustorium,Grammica__Haustorium,Grammica__Lut.epo.Car,0,CUCOh,C_costaricensis__Lut.epo.Car
6/5/18,6/11/18,AS-71,Grammica,C_tasmanica,1715Cy,17-15,y,1,0.049,49,2050,100,0.418367347,Lut.epo.Car,0,Young,Grammica__Young,Grammica__Lut.epo.Car,0,17-15y,C_tasmanica__Lut.epo.Car
6/5/18,6/11/18,AS-72,Grammica,C_tasmanica,1715Cy,17-15,y,2,0.044,44,2050,100,0.465909091,Lut.epo.Car,0,Young,Grammica__Young,Grammica__Lut.epo.Car,0,17-15y,C_tasmanica__Lut.epo.Car
6/11/18,6/11/18,AS-89,Grammica,C_tasmanica,1715Ay,17-15,y,1,0.0478,47.8,1250,100,0.261506276,Lut.epo.Car,0,Young,Grammica__Young,Grammica__Lut.epo.Car,0,17-15y,C_tasmanica__Lut.epo.Car
6/11/18,6/11/18,AS-90,Grammica,C_tasmanica,1715Ay,17-15,y,2,0.0485,48.5,1250,100,0.257731959,Lut.epo.Car,0,Young,Grammica__Young,Grammica__Lut.epo.Car,0,17-15y,C_tasmanica__Lut.epo.Car
6/11/18,6/11/18,AS-93,Grammica,C_tasmanica,1715By,17-15,y,1,0.0515,51.5,1250,100,0.242718447,Lut.epo.Car,0,Young,Grammica__Young,Grammica__Lut.epo.Car,0,17-15y,C_tasmanica__Lut.epo.Car
6/11/18,6/11/18,AS-94,Grammica,C_tasmanica,1715By,17-15,y,2,0.0515,51.5,1250,100,0.242718447,Lut.epo.Car,0,Young,Grammica__Young,Grammica__Lut.epo.Car,0,17-15y,C_tasmanica__Lut.epo.Car
6/13/18,6/13/18,AS-142,Grammica,C_tasmanica,1715Dy,17-15,y,1,0.045,45,1250,100,0.277777778,Lut.epo.Car,0,Young,Grammica__Young,Grammica__Lut.epo.Car,0,17-15y,C_tasmanica__Lut.epo.Car
6/13/18,6/13/18,AS-143,Grammica,C_tasmanica,1715Dy,17-15,y,2,0.0498,49.8,1250,100,0.251004016,Lut.epo.Car,0,Young,Grammica__Young,Grammica__Lut.epo.Car,0,17-15y,C_tasmanica__Lut.epo.Car
6/5/18,6/11/18,AS-69,Grammica,C_tasmanica,1715Co,17-15,o,1,0.048,48,2050,100,0.427083333,Lut.epo.Car,0,Old,Grammica__Old,Grammica__Lut.epo.Car,0,17-15o,C_tasmanica__Lut.epo.Car
6/5/18,6/11/18,AS-70,Grammica,C_tasmanica,1715Co,17-15,o,2,0.0481,48.1,2050,100,0.426195426,Lut.epo.Car,0,Old,Grammica__Old,Grammica__Lut.epo.Car,0,17-15o,C_tasmanica__Lut.epo.Car
6/11/18,6/11/18,AS-91,Grammica,C_tasmanica,1715Bo,17-15,o,1,0.0492,49.2,1250,100,0.254065041,Lut.epo.Car,0,Old,Grammica__Old,Grammica__Lut.epo.Car,0,17-15o,C_tasmanica__Lut.epo.Car
6/11/18,6/11/18,AS-92,Grammica,C_tasmanica,1715Bo,17-15,o,2,0.0498,49.8,1250,100,0.251004016,Lut.epo.Car,0,Old,Grammica__Old,Grammica__Lut.epo.Car,0,17-15o,C_tasmanica__Lut.epo.Car
6/11/18,6/11/18,AS-95,Grammica,C_tasmanica,1715Ao,17-15,o,1,0.0418,41.8,1250,100,0.299043062,Lut.epo.Car,0,Old,Grammica__Old,Grammica__Lut.epo.Car,0,17-15o,C_tasmanica__Lut.epo.Car
6/11/18,6/11/18,AS-96,Grammica,C_tasmanica,1715Ao,17-15,o,2,0.0472,47.2,1250,100,0.264830508,Lut.epo.Car,0,Old,Grammica__Old,Grammica__Lut.epo.Car,0,17-15o,C_tasmanica__Lut.epo.Car
6/11/18,6/11/18,AS-110,Grammica,C_tasmanica,1715Bo,17-15,o,1,0.0523,52.3,1250,100,0.239005736,Lut.epo.Car,0,Old,Grammica__Old,Grammica__Lut.epo.Car,0,17-15o,C_tasmanica__Lut.epo.Car
6/11/18,6/11/18,AS-111,Grammica,C_tasmanica,1715Bo,17-15,o,2,0.0466,46.6,1250,100,0.268240343,Lut.epo.Car,0,Old,Grammica__Old,Grammica__Lut.epo.Car,0,17-15o,C_tasmanica__Lut.epo.Car
6/13/18,6/13/18,AS-144,Grammica,C_tasmanica,1715Do,17-15,o,1,0.0505,50.5,1250,100,0.247524752,Lut.epo.Car,0,Old,Grammica__Old,Grammica__Lut.epo.Car,0,17-15o,C_tasmanica__Lut.epo.Car
6/13/18,6/13/18,AS-145,Grammica,C_tasmanica,1715Do,17-15,o,2,0.041,41,1250,100,0.304878049,Lut.epo.Car,0,Old,Grammica__Old,Grammica__Lut.epo.Car,0,17-15o,C_tasmanica__Lut.epo.Car
7/10/18,7/11/18,AS-273,Grammica,C_tasmanica,1715o,17-15,o,1,0.0447,44.7,1250,100,0.279642058,Lut.epo.Car,0,Old,Grammica__Old,Grammica__Lut.epo.Car,0,17-15o,C_tasmanica__Lut.epo.Car
6/13/18,6/13/18,AS-150,Grammica,C_tasmanica,1715Dh,17-15,h,1,0.0406,40.6,1250,100,0.307881773,Lut.epo.Car,0.017451257244917227,Haustorium,Grammica__Haustorium,Grammica__Lut.epo.Car,0,17-15h,C_tasmanica__Lut.epo.Car
6/13/18,6/13/18,AS-151,Grammica,C_tasmanica,1715Dh,17-15,h,2,0.0433,43.3,1250,100,0.288683603,Lut.epo.Car,0.017890201094326468,Haustorium,Grammica__Haustorium,Grammica__Lut.epo.Car,0,17-15h,C_tasmanica__Lut.epo.Car
6/13/18,6/13/18,AS-166,Grammica,C_tasmanica,1715Ch,17-15,h,1,0.052,52,1250,100,0.240384615,Lut.epo.Car,0.00856149838507297,Haustorium,Grammica__Haustorium,Grammica__Lut.epo.Car,0,17-15h,C_tasmanica__Lut.epo.Car
6/14/18,6/14/18,AS-180,Grammica,C_tasmanica,1715Ah,17-15,h,1,0.0467,46.7,1250,100,0.267665953,Lut.epo.Car,0.012752065696559931,Haustorium,Grammica__Haustorium,Grammica__Lut.epo.Car,0,17-15h,C_tasmanica__Lut.epo.Car
6/14/18,6/14/18,AS-181,Grammica,C_tasmanica,1715Bh,17-15,h,1,0.0419,41.9,1250,100,0.298329356,Lut.epo.Car,0.012044772031113784,Haustorium,Grammica__Haustorium,Grammica__Lut.epo.Car,0,17-15h,C_tasmanica__Lut.epo.Car
6/5/18,6/11/18,AS-59,Grammica,C_tasmanica,1715Bf,17-15,f,1,0.0417,41.7,2050,100,0.491606715,Lut.epo.Car,0,Flower,Grammica__Flower,Grammica__Lut.epo.Car,0,17-15f,C_tasmanica__Lut.epo.Car
6/5/18,6/11/18,AS-60,Grammica,C_tasmanica,1715Bf,17-15,f,2,0.0475,47.5,2050,100,0.431578947,Lut.epo.Car,0,Flower,Grammica__Flower,Grammica__Lut.epo.Car,0,17-15f,C_tasmanica__Lut.epo.Car
6/11/18,6/11/18,AS-97,Grammica,C_tasmanica,1715Df,17-15,f,1,0.0475,47.5,1250,100,0.263157895,Lut.epo.Car,0.025873546695461897,Flower,Grammica__Flower,Grammica__Lut.epo.Car,0,17-15f,C_tasmanica__Lut.epo.Car
6/11/18,6/11/18,AS-98,Grammica,C_tasmanica,1715Df,17-15,f,1,0.0413,41.3,1250,100,0.302663438,Lut.epo.Car,0,Flower,Grammica__Flower,Grammica__Lut.epo.Car,0,17-15f,C_tasmanica__Lut.epo.Car
6/13/18,6/13/18,AS-148,Grammica,C_tasmanica,1715Af,17-15,f,1,0.0419,41.9,1250,100,0.298329356,Lut.epo.Car,0.008699524007714081,Flower,Grammica__Flower,Grammica__Lut.epo.Car,0,17-15f,C_tasmanica__Lut.epo.Car
6/13/18,6/13/18,AS-149,Grammica,C_tasmanica,1715Af,17-15,f,2,0.0514,51.4,1250,100,0.243190661,Lut.epo.Car,0.009396622367395533,Flower,Grammica__Flower,Grammica__Lut.epo.Car,0,17-15f,C_tasmanica__Lut.epo.Car
7/4/18,7/4/18,AS-262,Grammica,C_tasmanica,1715Cf,17-15,f,1,0.0524,52.4,1250,100,0.238549618,Lut.epo.Car,0.012915301974275917,Flower,Grammica__Flower,Grammica__Lut.epo.Car,0,17-15f,C_tasmanica__Lut.epo.Car
6/11/18,6/11/18,AS-99,Grammica,C_californica,17105Ay,ss17-105,y,2,0.0395,39.5,1250,100,0.316455696,Lut.epo.Car,0,Young,Grammica__Young,Grammica__Lut.epo.Car,0,ss17-105y,C_californica__Lut.epo.Car
6/13/18,6/13/18,AS-154,Grammica,C_californica,17105Cy,ss17-105,y,1,0.0415,41.5,1250,100,0.301204819,Lut.epo.Car,0,Young,Grammica__Young,Grammica__Lut.epo.Car,0,ss17-105y,C_californica__Lut.epo.Car
6/13/18,6/13/18,AS-155,Grammica,C_californica,17105Cy,ss17-105,y,2,0.0323,32.3,1250,100,0.386996904,Lut.epo.Car,0,Young,Grammica__Young,Grammica__Lut.epo.Car,0,ss17-105y,C_californica__Lut.epo.Car
6/13/18,6/13/18,AS-172,Grammica,C_californica,17105By,ss17-105,y,1,0.0162,16.2,1250,100,0.771604938,Lut.epo.Car,0,Young,Grammica__Young,Grammica__Lut.epo.Car,0,ss17-105y,C_californica__Lut.epo.Car
7/10/18,7/11/18,AS-272,Grammica,C_californica,17105Dy,ss17-105,y,1,0.0518,51.8,1250,100,0.241312741,Lut.epo.Car,0,Young,Grammica__Young,Grammica__Lut.epo.Car,0,ss17-105y,C_californica__Lut.epo.Car
7/11/18,7/11/18,AS-312,Grammica,C_californica,17105Ey,ss17-105,y,1,0.0168,16.8,950,100,0.56547619,Lut.epo.Car,0.0071592152463595534,Young,Grammica__Young,Grammica__Lut.epo.Car,0,ss17-105y,C_californica__Lut.epo.Car
6/5/18,6/11/18,AS-63,Grammica,C_californica,17105Do,ss17-105,o,1,0.049,49,2050,100,0.418367347,Lut.epo.Car,0,Old,Grammica__Old,Grammica__Lut.epo.Car,0,ss17-105o,C_californica__Lut.epo.Car
6/5/18,6/11/18,AS-64,Grammica,C_californica,17105Do,ss17-105,o,2,0.0442,44.2,2050,100,0.463800905,Lut.epo.Car,0,Old,Grammica__Old,Grammica__Lut.epo.Car,0,ss17-105o,C_californica__Lut.epo.Car
6/11/18,6/11/18,AS-102,Grammica,C_californica,17105Ao,ss17-105,o,1,0.0448,44.8,1250,100,0.279017857,Lut.epo.Car,0,Old,Grammica__Old,Grammica__Lut.epo.Car,0,ss17-105o,C_californica__Lut.epo.Car
6/11/18,6/11/18,AS-103,Grammica,C_californica,17105Ao,ss17-105,o,2,0.0492,49.2,1250,100,0.254065041,Lut.epo.Car,0,Old,Grammica__Old,Grammica__Lut.epo.Car,0,ss17-105o,C_californica__Lut.epo.Car
6/13/18,6/13/18,AS-146,Grammica,C_californica,17105Co,ss17-105,o,1,0.0465,46.5,1250,100,0.268817204,Lut.epo.Car,0,Old,Grammica__Old,Grammica__Lut.epo.Car,0,ss17-105o,C_californica__Lut.epo.Car
6/13/18,6/13/18,AS-147,Grammica,C_californica,17105Co,ss17-105,o,2,0.0465,46.5,1250,100,0.268817204,Lut.epo.Car,0,Old,Grammica__Old,Grammica__Lut.epo.Car,0,ss17-105o,C_californica__Lut.epo.Car
6/13/18,6/13/18,AS-171,Grammica,C_californica,17105Bo,ss17-105,o,1,0.0506,50.6,1250,100,0.247035573,Lut.epo.Car,0,Old,Grammica__Old,Grammica__Lut.epo.Car,0,ss17-105o,C_californica__Lut.epo.Car
6/13/18,6/13/18,AS-152,Grammica,C_californica,17105Ch,ss17-105,h,1,0.0448,44.8,1250,100,0.279017857,Lut.epo.Car,0,Haustorium,Grammica__Haustorium,Grammica__Lut.epo.Car,0,ss17-105h,C_californica__Lut.epo.Car
6/13/18,6/13/18,AS-153 ,Grammica,C_californica,17105Ch,ss17-105,h,2,0.0152,15.2,1250,100,0.822368421,Lut.epo.Car,0,Haustorium,Grammica__Haustorium,Grammica__Lut.epo.Car,0,ss17-105h,C_californica__Lut.epo.Car
6/13/18,6/13/18,AS-156,Grammica,C_californica,17105Ah,ss17-105,h,1,0.0448,44.8,1250,100,0.279017857,Lut.epo.Car,0,Haustorium,Grammica__Haustorium,Grammica__Lut.epo.Car,0,ss17-105h,C_californica__Lut.epo.Car
6/13/18,6/13/18,AS-157,Grammica,C_californica,17105Ah,ss17-105,h,2,0.0429,42.9,1250,100,0.291375291,Lut.epo.Car,0,Haustorium,Grammica__Haustorium,Grammica__Lut.epo.Car,0,ss17-105h,C_californica__Lut.epo.Car
6/13/18,6/13/18,AS-167,Grammica,C_californica,17105Bh,ss17-105,h,1,0.05,50,1250,100,0.25,Lut.epo.Car,0,Haustorium,Grammica__Haustorium,Grammica__Lut.epo.Car,0,ss17-105h,C_californica__Lut.epo.Car
7/2/18,6/3/18,AS-239,Grammica,C_californica,17105Eh,ss17-105,h,1,0.0431,43.1,1250,100,0.290023202,Lut.epo.Car,0,Haustorium,Grammica__Haustorium,Grammica__Lut.epo.Car,0,ss17-105h,C_californica__Lut.epo.Car
7/10/18,7/11/18,AS-298,Grammica,C_californica,17105Dh,ss17-105,h,1,0.0455,45.5,1250,100,0.274725275,Lut.epo.Car,0.009353878031623698,Haustorium,Grammica__Haustorium,Grammica__Lut.epo.Car,0,ss17-105h,C_californica__Lut.epo.Car
6/14/18,6/14/18,AS-179,Grammica,C_californica,17105Cf,ss17-105,f,1,0.0459,45.9,1250,100,0.272331155,Lut.epo.Car,0,Flower,Grammica__Flower,Grammica__Lut.epo.Car,0,ss17-105f,C_californica__Lut.epo.Car
7/4/18,7/4/18,AS-251,Grammica,C_californica,17105Af,ss17-105,f,1,0.0549,54.9,1250,100,0.227686703,Lut.epo.Car,0,Flower,Grammica__Flower,Grammica__Lut.epo.Car,0,ss17-105f,C_californica__Lut.epo.Car
7/4/18,7/4/18,AS-252,Grammica,C_californica,17105Bf,ss17-105,f,1,0.0456,45.6,1250,100,0.274122807,Lut.epo.Car,0,Flower,Grammica__Flower,Grammica__Lut.epo.Car,0,ss17-105f,C_californica__Lut.epo.Car
7/4/18,7/4/18,AS-253,Grammica,C_californica,17105Bf,ss17-105,f,2,0.0521,52.1,1250,100,0.239923225,Lut.epo.Car,0,Flower,Grammica__Flower,Grammica__Lut.epo.Car,0,ss17-105f,C_californica__Lut.epo.Car
7/10/18,7/11/18,AS-279,Grammica,C_californica,17105Df,ss17-105,f,1,0.0484,48.4,1250,100,0.258264463,Lut.epo.Car,0,Flower,Grammica__Flower,Grammica__Lut.epo.Car,0,ss17-105f,C_californica__Lut.epo.Car
7/10/18,7/11/18,AS-280,Grammica,C_californica,17105Ef,ss17-105,f,1,0.0462,46.2,1250,100,0.270562771,Lut.epo.Car,0,Flower,Grammica__Flower,Grammica__Lut.epo.Car,0,ss17-105f,C_californica__Lut.epo.Car
6/5/18,6/11/18,AS-73,Grammica,C_californica,17105Eo,ss17-105,o,1,0.0481,48.1,2050,100,0.426195426,Lut.epo.Car,0,Old,Grammica__Old,Grammica__Lut.epo.Car,0,ss17-105o,C_californica__Lut.epo.Car
6/5/18,6/11/18,AS-74,Grammica,C_californica,17105Eo,ss17-105,o,2,0.0476,47.6,2050,100,0.430672269,Lut.epo.Car,0,Old,Grammica__Old,Grammica__Lut.epo.Car,0,ss17-105o,C_californica__Lut.epo.Car
6/11/18,6/11/18,AS-104,Grammica,C_indecora,1677Dy,ss16-17,y,1,0.0464,46.4,1250,100,0.269396552,Lut.epo.Car,0,Young,Grammica__Young,Grammica__Lut.epo.Car,0,ss16-17y,C_indecora__Lut.epo.Car
6/11/18,6/11/18,AS-105,Grammica,C_indecora,1677Dy,ss16-17,y,2,0.0431,43.1,1250,100,0.290023202,Lut.epo.Car,0,Young,Grammica__Young,Grammica__Lut.epo.Car,0,ss16-17y,C_indecora__Lut.epo.Car
6/11/18,6/11/18,AS-106,Grammica,C_indecora,1677By,ss16-17,y,1,0.0505,50.5,1250,100,0.247524752,Lut.epo.Car,0,Young,Grammica__Young,Grammica__Lut.epo.Car,0,ss16-17y,C_indecora__Lut.epo.Car
6/11/18,6/11/18,AS-107,Grammica,C_indecora,1677By,ss16-17,y,2,0.051,51,1250,100,0.245098039,Lut.epo.Car,0,Young,Grammica__Young,Grammica__Lut.epo.Car,0,ss16-17y,C_indecora__Lut.epo.Car
6/11/18,6/11/18,AS-100,Grammica,C_indecora,1677Do,ss16-17,o,1,0.0497,49.7,1250,100,0.251509054,Lut.epo.Car,0,Old,Grammica__Old,Grammica__Lut.epo.Car,0,ss16-17o,C_indecora__Lut.epo.Car
6/11/18,6/11/18,AS-101,Grammica,C_indecora,1677Do,ss16-17,o,2,0.043,43,1250,100,0.290697674,Lut.epo.Car,0,Old,Grammica__Old,Grammica__Lut.epo.Car,0,ss16-17o,C_indecora__Lut.epo.Car
6/14/18,6/14/18,AS-188,Grammica,C_indecora,1677Co,ss16-17,o,1,0.0495,49.5,1250,100,0.252525253,Lut.epo.Car,0,Old,Grammica__Old,Grammica__Lut.epo.Car,0,ss16-17o,C_indecora__Lut.epo.Car
7/11/18,7/11/18,AS-308,Grammica,C_indecora,1677Bo,ss16-17,o,1,0.0472,47.2,1250,100,0.264830508,Lut.epo.Car,0,Old,Grammica__Old,Grammica__Lut.epo.Car,0,ss16-17o,C_indecora__Lut.epo.Car
7/2/18,6/3/18,AS-223,Grammica,C_indecora,1677Dh,ss16-17,h,1,0.0416,41.6,1250,100,0.300480769,Lut.epo.Car,0.0382739138997872,Haustorium,Grammica__Haustorium,Grammica__Lut.epo.Car,0,ss16-17h,C_indecora__Lut.epo.Car
7/10/18,7/11/18,AS-283,Grammica,C_indecora,1677Bh,ss16-17,h,1,0.0454,45.4,1250,100,0.275330396,Lut.epo.Car,0.03318901642188503,Haustorium,Grammica__Haustorium,Grammica__Lut.epo.Car,0,ss16-17h,C_indecora__Lut.epo.Car
6/14/18,6/14/18,AS-189,Grammica,C_indecora,1677Df,ss16-17,f,1,0.0435,43.5,1250,100,0.287356322,Lut.epo.Car,0.013618689279947754,Flower,Grammica__Flower,Grammica__Lut.epo.Car,0,ss16-17f,C_indecora__Lut.epo.Car
6/14/18,6/14/18,AS-195,Grammica,C_indecora,1677Af,ss16-17,f,1,0.054,54,1250,100,0.231481481,Lut.epo.Car,0,Flower,Grammica__Flower,Grammica__Lut.epo.Car,0,ss16-17f,C_indecora__Lut.epo.Car
7/2/18,6/3/18,AS-243,Grammica,C_indecora,1677Bf,ss16-17,f,1,0.0441,44.1,1250,100,0.283446712,Lut.epo.Car,0,Flower,Grammica__Flower,Grammica__Lut.epo.Car,0,ss16-17f,C_indecora__Lut.epo.Car
7/2/18,6/3/18,AS-204,Grammica,C_denticulata,1346Dy,ss13-46,y,1,0.0447,44.7,1250,100,0.279642058,Lut.epo.Car,0,Young,Grammica__Young,Grammica__Lut.epo.Car,0,ss13-46y,C_denticulata__Lut.epo.Car
7/4/18,7/4/18,AS-268,Grammica,C_denticulata,1346Dy,ss13-46,y,1,0.0427,42.7,1250,100,0.292740047,Lut.epo.Car,0.013172147317804934,Young,Grammica__Young,Grammica__Lut.epo.Car,0,ss13-46y,C_denticulata__Lut.epo.Car
7/10/18,7/11/18,AS-278,Grammica,C_denticulata,1346By,ss13-46,y,1,0.0437,43.7,1250,100,0.28604119,Lut.epo.Car,0,Young,Grammica__Young,Grammica__Lut.epo.Car,0,ss13-46y,C_denticulata__Lut.epo.Car
7/10/18,7/11/18,AS-289,Grammica,C_denticulata,1346Ay,ss13-46,y,1,0.0426,42.6,1250,100,0.29342723,Lut.epo.Car,0.013302562507199385,Young,Grammica__Young,Grammica__Lut.epo.Car,0,ss13-46y,C_denticulata__Lut.epo.Car
7/10/18,7/11/18,AS-292,Grammica,C_denticulata,1346Cy,ss13-46,y,1,0.0516,51.6,1350,100,0.261627907,Lut.epo.Car,0.012001245121862004,Young,Grammica__Young,Grammica__Lut.epo.Car,0,ss13-46y,C_denticulata__Lut.epo.Car
7/10/18,7/11/18,AS-294,Grammica,C_denticulata,1346Dy,ss13-46,y,1,0.0493,49.3,1250,100,0.253549696,Lut.epo.Car,0.012717894993607698,Young,Grammica__Young,Grammica__Lut.epo.Car,0,ss13-46y,C_denticulata__Lut.epo.Car
7/11/18,7/11/18,AS-315,Grammica,C_denticulata,1346y (trial) ,ss13-46,y,1,0.0461,46.1,1250,100,0.271149675,Lut.epo.Car,0,Young,Grammica__Young,Grammica__Lut.epo.Car,0,ss13-46y,C_denticulata__Lut.epo.Car
6/13/18,6/13/18,AS-170,Grammica,C_denticulata,1346Ao,ss13-46,o,1,0.0493,49.3,1250,100,0.253549696,Lut.epo.Car,0,Old,Grammica__Old,Grammica__Lut.epo.Car,0,ss13-46o,C_denticulata__Lut.epo.Car
7/2/18,6/3/18,AS-233,Grammica,C_denticulata,1346Do,ss13-46,o,1,0.0465,46.5,1250,100,0.268817204,Lut.epo.Car,0,Old,Grammica__Old,Grammica__Lut.epo.Car,0,ss13-46o,C_denticulata__Lut.epo.Car
7/4/18,7/4/18,AS-257,Grammica,C_denticulata,1346Bo,ss13-46,o,1,0.0493,49.3,1250,100,0.253549696,Lut.epo.Car,0,Old,Grammica__Old,Grammica__Lut.epo.Car,0,ss13-46o,C_denticulata__Lut.epo.Car
7/4/18,7/4/18,AS-269,Grammica,C_denticulata,1346Ao,ss13-46,o,1,0.0447,44.7,1250,100,0.279642058,Lut.epo.Car,0,Old,Grammica__Old,Grammica__Lut.epo.Car,0,ss13-46o,C_denticulata__Lut.epo.Car
7/10/18,7/11/18,AS-293,Grammica,C_denticulata,1346Do,ss13-46,o,1,0.051,51,1250,100,0.245098039,Lut.epo.Car,0,Old,Grammica__Old,Grammica__Lut.epo.Car,0,ss13-46o,C_denticulata__Lut.epo.Car
6/14/18,6/14/18,AS-176,Grammica,C_denticulata,1346Ah,ss13-46,h,1,0.0499,49.9,1250,100,0.250501002,Lut.epo.Car,0,Haustorium,Grammica__Haustorium,Grammica__Lut.epo.Car,0,ss13-46h,C_denticulata__Lut.epo.Car
7/4/18,7/4/18,AS-256,Grammica,C_denticulata,1346Bh,ss13-46,h,1,0.0505,50.5,1250,100,0.247524752,Lut.epo.Car,0,Haustorium,Grammica__Haustorium,Grammica__Lut.epo.Car,0,ss13-46h,C_denticulata__Lut.epo.Car
7/10/18,7/11/18,AS-277,Grammica,C_denticulata,13466Dh,ss13-46,h,1,0.0425,42.5,1250,100,0.294117647,Lut.epo.Car,0.013130806040025545,Haustorium,Grammica__Haustorium,Grammica__Lut.epo.Car,0,ss13-46h,C_denticulata__Lut.epo.Car
7/10/18,7/11/18,AS-291,Grammica,C_denticulata,1346Ch,ss13-46,h,1,0.0428,42.8,1250,100,0.292056075,Lut.epo.Car,0.025433030637638646,Haustorium,Grammica__Haustorium,Grammica__Lut.epo.Car,0,ss13-46h,C_denticulata__Lut.epo.Car
7/10/18,7/11/18,AS-274,Grammica,C_denticulata,1346Cf,ss13-46,f,1,0.045,45,1250,100,0.277777778,Lut.epo.Car,0.03786593399761059,Flower,Grammica__Flower,Grammica__Lut.epo.Car,0,ss13-46f,C_denticulata__Lut.epo.Car
7/10/18,7/11/18,AS-290,Grammica,C_denticulata,1346Af,ss13-46,f,1,0.0421,42.1,1250,100,0.296912114,Lut.epo.Car,0.026964966496606683,Flower,Grammica__Flower,Grammica__Lut.epo.Car,0,ss13-46f,C_denticulata__Lut.epo.Car
-,12/6/17,AS-01,Grammica,C_sandwichiana,155sdlg,155,sdlg,1,0.0344,34.4,2050,100,0.595930233,a.Car.Car,0.0469478070613881,Seedling,Grammica__Seedling,Grammica__a.Car.Car,0,155sdlg,C_sandwichiana__a.Car.Car
-,12/6/17,AS-06,Grammica,C_sandwichiana,155sdlg,155,sdlg,2,0.0328,32.8,2050,100,0.625,a.Car.Car,0.03722013571485202,Seedling,Grammica__Seedling,Grammica__a.Car.Car,0,155sdlg,C_sandwichiana__a.Car.Car
6/14/18,6/14/18,AS-197,Grammica,C_sandwichiana,155Cy,155,y,1,0.0435,43.5,1250,100,0.287356322,a.Car.Car,0.016325503436033652,Young,Grammica__Young,Grammica__a.Car.Car,0,155y,C_sandwichiana__a.Car.Car
7/14/18,6/3/18,AS-228,Grammica,C_sandwichiana,155Ay,155,y,1,0.0464,46.4,1250,100,0.269396552,a.Car.Car,0.015119909765313128,Young,Grammica__Young,Grammica__a.Car.Car,0,155y,C_sandwichiana__a.Car.Car
7/2/18,6/3/18,AS-231,Grammica,C_sandwichiana,155Dy,155,y,1,0.053900000000000003,53.9,1250,100,0.231910946,a.Car.Car,0.016826825856812958,Young,Grammica__Young,Grammica__a.Car.Car,0,155y,C_sandwichiana__a.Car.Car
7/2/18,6/3/18,AS-241,Grammica,C_sandwichiana,155By,155,y,1,0.0448,44.8,1250,100,0.279017857,a.Car.Car,0.03281441152429182,Young,Grammica__Young,Grammica__a.Car.Car,0,155y,C_sandwichiana__a.Car.Car
7/11/18,7/11/18,AS-309,Grammica,C_sandwichiana,155Cy,155,y,1,0.084,84,1250,100,0.148809524,a.Car.Car,0.06672671207967375,Young,Grammica__Young,Grammica__a.Car.Car,0,155y,C_sandwichiana__a.Car.Car
6/14/18,6/14/18,AS-184,Grammica,C_sandwichiana,155Ao,155,o,1,0.0484,48.4,1250,100,0.258264463,a.Car.Car,0.0359219248816567,Old,Grammica__Old,Grammica__a.Car.Car,0,155o,C_sandwichiana__a.Car.Car
6/14/18,6/14/18,AS-186,Grammica,C_sandwichiana,155Do,155,o,1,0.0455,45.5,1250,100,0.274725275,a.Car.Car,0,Old,Grammica__Old,Grammica__a.Car.Car,0,155o,C_sandwichiana__a.Car.Car
6/14/18,6/14/18,AS-187,Grammica,C_sandwichiana,155Bo,155,o,1,0.0477,47.7,1250,100,0.262054507,a.Car.Car,0,Old,Grammica__Old,Grammica__a.Car.Car,0,155o,C_sandwichiana__a.Car.Car
7/2/18,6/3/18,AS-203,Grammica,C_sandwichiana,155Co,155,o,1,0.0498,49.8,1250,100,0.251004016,a.Car.Car,0.003971683241568903,Old,Grammica__Old,Grammica__a.Car.Car,0,155o,C_sandwichiana__a.Car.Car
7/2/18,6/3/18,AS-229,Grammica,C_sandwichiana,155Bh,155,h,1,0.045,45,1250,100,0.277777778,a.Car.Car,0.16248244678082838,Haustorium,Grammica__Haustorium,Grammica__a.Car.Car,0,155h,C_sandwichiana__a.Car.Car
7/2/18,6/3/18,AS-230,Grammica,C_sandwichiana,155Ch,155,h,1,0.0446,44.6,1250,100,0.280269058,a.Car.Car,0.03015149222410537,Haustorium,Grammica__Haustorium,Grammica__a.Car.Car,0,155h,C_sandwichiana__a.Car.Car
7/2/18,6/3/18,AS-232,Grammica,C_sandwichiana,155Dh,155,h,1,0.0408,40.8,1250,100,0.306372549,a.Car.Car,0.05010063692798777,Haustorium,Grammica__Haustorium,Grammica__a.Car.Car,0,155h,C_sandwichiana__a.Car.Car
7/2/18,6/3/18,AS-245,Grammica,C_sandwichiana,155Ch,155,h,1,0.0482,48.2,1250,100,0.2593361,a.Car.Car,0.0011609908158387032,Haustorium,Grammica__Haustorium,Grammica__a.Car.Car,0,155h,C_sandwichiana__a.Car.Car
7/10/18,7/11/18,AS-281,Grammica,C_sandwichiana,155Ah,155,h,1,0.0488,48.8,1250,100,0.256147541,a.Car.Car,0.018915652984521164,Haustorium,Grammica__Haustorium,Grammica__a.Car.Car,0,155h,C_sandwichiana__a.Car.Car
6/14/18,6/14/18,AS-196,Grammica,C_sandwichiana,155Cf,155,f,1,0.0441,44.1,1250,100,0.283446712,a.Car.Car,0.006740065943414976,Flower,Grammica__Flower,Grammica__a.Car.Car,0,155f,C_sandwichiana__a.Car.Car
7/4/18,7/4/18,AS-247,Grammica,C_sandwichiana,155Af,155,f,1,0.0445,44.5,1250,100,0.280898876,a.Car.Car,0.0010693398998425313,Flower,Grammica__Flower,Grammica__a.Car.Car,0,155f,C_sandwichiana__a.Car.Car
-,12/6/17,AS-02,Grammica,C_polygonorum,1705sdlg,1705,sdlg,1,0.0142,14.2,2050,100,1.443661972,a.Car.Car,0.01862906756828279,Seedling,Grammica__Seedling,Grammica__a.Car.Car,0,1705sdlg,C_polygonorum__a.Car.Car
-,12/6/17,AS-04,Grammica,C_polygonorum,1705sdlg,1705,sdlg,2,0.0369,36.9,2050,100,0.555555556,a.Car.Car,0.03879922235448281,Seedling,Grammica__Seedling,Grammica__a.Car.Car,0,1705sdlg,C_polygonorum__a.Car.Car
-,12/6/17,AS-05,Grammica,C_polygonorum,1705sdlg,1705,sdlg,3,0.0501,50.1,2050,100,0.409181637,a.Car.Car,0.029930714855126692,Seedling,Grammica__Seedling,Grammica__a.Car.Car,0,1705sdlg,C_polygonorum__a.Car.Car
7/11/18,7/11/18,AS-304,Grammica,C_polygonorum,1705sdlg,1705,sdlg,1,0.0338,33.8,950,100,0.281065089,a.Car.Car,0.03896511583876992,Seedling,Grammica__Seedling,Grammica__a.Car.Car,0,1705sdlg,C_polygonorum__a.Car.Car
7/11/18,7/11/18,AS-310,Grammica,C_polygonorum,1705sdlg,1705,sdlg,1,0.0298,29.8,950,100,0.318791946,a.Car.Car,0.004458499526617025,Seedling,Grammica__Seedling,Grammica__a.Car.Car,0,1705sdlg,C_polygonorum__a.Car.Car
6/14/18,6/14/18,AS-183,Grammica,C_polygonorum,1705Ay,1705,y,1,0.0408,40.8,1250,100,0.306372549,a.Car.Car,0,Young,Grammica__Young,Grammica__a.Car.Car,0,1705y,C_polygonorum__a.Car.Car
7/10/18,7/11/18,AS-288,Grammica,C_polygonorum,1705Cy,1705,y,1,0.0524,52.4,1250,100,0.238549618,a.Car.Car,0.005978663517724526,Young,Grammica__Young,Grammica__a.Car.Car,0,1705y,C_polygonorum__a.Car.Car
7/10/18,7/11/18,AS-295,Grammica,C_polygonorum,1705Dy,1705,y,1,0.0432,43.2,1250,100,0.289351852,a.Car.Car,0.002888798830362926,Young,Grammica__Young,Grammica__a.Car.Car,0,1705y,C_polygonorum__a.Car.Car
7/11/18,7/11/18,AS-303,Grammica,C_polygonorum,1705By,1705,y,1,0.0672,67.2,1250,100,0.186011905,a.Car.Car,0.0022699075919378935,Young,Grammica__Young,Grammica__a.Car.Car,0,1705y,C_polygonorum__a.Car.Car
6/14/18,6/14/18,AS-182,Grammica,C_polygonorum,1705Ao,1705,o,1,0.048,48,1250,100,0.260416667,a.Car.Car,0.03873172809183286,Old,Grammica__Old,Grammica__a.Car.Car,0,1705o,C_polygonorum__a.Car.Car
7/2/18,6/3/18,AS-201,Grammica,C_polygonorum,1705Bo,1705,o,1,0.0499,49.9,1250,100,0.250501002,a.Car.Car,0.2654772747512012,Old,Grammica__Old,Grammica__a.Car.Car,0,1705o,C_polygonorum__a.Car.Car
7/2/18,6/3/18,AS-202,Grammica,C_polygonorum,1705Co,1705,o,1,0.0421,42.1,1250,100,0.296912114,a.Car.Car,0,Old,Grammica__Old,Grammica__a.Car.Car,0,1705o,C_polygonorum__a.Car.Car
7/10/18,7/11/18,AS-300,Grammica,C_polygonorum,1705Do,1705,o,1,0.0494,49.4,1250,100,0.253036437,a.Car.Car,0.0022118147888503105,Old,Grammica__Old,Grammica__a.Car.Car,0,1705o,C_polygonorum__a.Car.Car
7/10/18,7/11/18,AS-302,Grammica,C_polygonorum,1705Do,1705,o,1,0.042,42,1250,100,0.297619048,a.Car.Car,0,Old,Grammica__Old,Grammica__a.Car.Car,0,1705o,C_polygonorum__a.Car.Car
7/10/18,7/11/18,AS-282,Grammica,C_polygonorum,1705Ch,1705,h,1,0.0389,38.9,1250,100,0.321336761,a.Car.Car,0.029227602038628835,Haustorium,Grammica__Haustorium,Grammica__a.Car.Car,0,1705h,C_polygonorum__a.Car.Car
7/10/18,7/11/18,AS-287,Grammica,C_polygonorum,1705Ah,1705,h,1,0.029,29,950,100,0.327586207,a.Car.Car,0.029404110166547228,Haustorium,Grammica__Haustorium,Grammica__a.Car.Car,0,1705h,C_polygonorum__a.Car.Car
7/10/18,7/11/18,AS-296,Grammica,C_polygonorum,1705Dh,1705,h,1,0.0482,48.2,1250,100,0.2593361,a.Car.Car,0.018512041153429026,Haustorium,Grammica__Haustorium,Grammica__a.Car.Car,0,1705h,C_polygonorum__a.Car.Car
7/2/18,6/3/18,AS-235,Grammica,C_polygonorum,1705Af,1705,f,1,0.0488,48.8,1250,100,0.256147541,a.Car.Car,0.023125778751409944,Flower,Grammica__Flower,Grammica__a.Car.Car,0,1705f,C_polygonorum__a.Car.Car
7/10/18,7/11/18,AS-286,Grammica,C_polygonorum,1705Cf,1705,f,1,0.045,45,1250,100,0.277777778,a.Car.Car,0.0015991565008433726,Flower,Grammica__Flower,Grammica__a.Car.Car,0,1705f,C_polygonorum__a.Car.Car
7/4/18,7/4/18,AS-248,Grammica,C_polygonorum,1705As,1705,s,1,0.0428,42.8,1250,100,0.292056075,a.Car.Car,0.01702607496706928,Seed,Grammica__Seed,Grammica__a.Car.Car,0,1705s,C_polygonorum__a.Car.Car
7/10/18,7/11/18,AS-285,Grammica,C_polygonorum,1705Cs,1705,s,1,0.0289,28.9,950,100,0.328719723,a.Car.Car,0.055388328542102114,Seed,Grammica__Seed,Grammica__a.Car.Car,0,1705s,C_polygonorum__a.Car.Car
7/2/18,6/3/18,AS-207,Grammica,C_compacta,1566sdlg,1566,sdlg,1,0.0414,41.4,1250,100,0.301932367,a.Car.Car,0.0029014073784935377,Seedling,Grammica__Seedling,Grammica__a.Car.Car,0,1566sdlg,C_compacta__a.Car.Car
-,12/6/17,AS-03,Grammica,C_compacta,1566sdlg,1566,sdlg,1,0.0391,39.1,2050,100,0.524296675,a.Car.Car,0.0022465043410970055,Seedling,Grammica__Seedling,Grammica__a.Car.Car,0,1566sdlg,C_compacta__a.Car.Car
-,12/6/17,AS-07,Grammica,C_compacta,1566sdlg,1566,sdlg,2,0.0384,38.4,2050,100,0.533854167,a.Car.Car,0,Seedling,Grammica__Seedling,Grammica__a.Car.Car,0,1566sdlg,C_compacta__a.Car.Car
-,12/6/17,AS-08,Grammica,C_compacta,1566sdlg,1566,sdlg,3,0.0362,36.2,2050,100,0.566298343,a.Car.Car,0,Seedling,Grammica__Seedling,Grammica__a.Car.Car,0,1566sdlg,C_compacta__a.Car.Car
-,12/6/17,AS-09,Grammica,C_compacta,1566sdlg,1566,sdlg,4,0.0425,42.5,2050,100,0.482352941,a.Car.Car,0,Seedling,Grammica__Seedling,Grammica__a.Car.Car,0,1566sdlg,C_compacta__a.Car.Car
7/4/18,7/4/18,AS-249,Grammica,C_compacta,1566sdlg,1566,sdlg,1,0.0532,53.2,1250,100,0.234962406,a.Car.Car,0.00958308571128289,Seedling,Grammica__Seedling,Grammica__a.Car.Car,0,1566sdlg,C_compacta__a.Car.Car
-,12/6/17,AS-21,Grammica,C_compacta,1566Ay,1566,y,1,0.0422,42.2,2050,100,0.485781991,a.Car.Car,0.006889852043623052,Young,Grammica__Young,Grammica__a.Car.Car,0,1566y,C_compacta__a.Car.Car
-,12/6/17,AS-22,Grammica,C_compacta,1566Ay,1566,y,2,0.0419,41.9,2050,100,0.489260143,a.Car.Car,0.006198866988677708,Young,Grammica__Young,Grammica__a.Car.Car,0,1566y,C_compacta__a.Car.Car
7/2/18,6/3/18,AS-244,Grammica,C_compacta,1566Ay,1566,y,1,0.0421,42.1,1250,100,0.296912114,a.Car.Car,0.009392658437937193,Young,Grammica__Young,Grammica__a.Car.Car,0,1566y,C_compacta__a.Car.Car
7/4/18,7/4/18,AS-250,Grammica,C_compacta,1566Ay,1566,y,1,0.0486,48.6,1250,100,0.257201646,a.Car.Car,3.517053294067773e-4,Young,Grammica__Young,Grammica__a.Car.Car,0,1566y,C_compacta__a.Car.Car
7/4/18,7/4/18,AS-265,Grammica,C_compacta,1566Ey,1566,y,1,0.0452,45.2,1250,100,0.276548673,a.Car.Car,0.012430402922452457,Young,Grammica__Young,Grammica__a.Car.Car,0,1566y,C_compacta__a.Car.Car
7/2/18,6/3/18,AS-199,Grammica,C_compacta,1566Ao,1566,o,1,0.0424,42.4,1250,100,0.294811321,a.Car.Car,0.06772190715275206,Old,Grammica__Old,Grammica__a.Car.Car,0,1566o,C_compacta__a.Car.Car
7/2/18,6/3/18,AS-200,Grammica,C_compacta,1566Eo,1566,o,1,0.0495,49.5,1250,100,0.252525253,a.Car.Car,0.10245139479156407,Old,Grammica__Old,Grammica__a.Car.Car,0,1566o,C_compacta__a.Car.Car
7/4/18,7/4/18,AS-264,Grammica,C_compacta,1566Ao,1566,o,1,0.0408,40.8,1250,100,0.306372549,a.Car.Car,0.04668825956874555,Old,Grammica__Old,Grammica__a.Car.Car,0,1566o,C_compacta__a.Car.Car
7/4/18,7/4/18,AS-266,Grammica,C_compacta,1566Eo,1566,o,1,0.0415,41.5,1250,100,0.301204819,a.Car.Car,0.10370474187794584,Old,Grammica__Old,Grammica__a.Car.Car,0,1566o,C_compacta__a.Car.Car
6/14/18,6/14/18,AS-198,Grammica,C_compacta,1566Ah,1566,h,1,0.0523,52.3,1250,100,0.239005736,a.Car.Car,0.0747317698909714,Haustorium,Grammica__Haustorium,Grammica__a.Car.Car,0,1566h,C_compacta__a.Car.Car
7/4/18,7/4/18,AS-267,Grammica,C_compacta,1566Eh,1566,h,1,0.0517,51.7,1250,100,0.241779497,a.Car.Car,0.031549622107791754,Haustorium,Grammica__Haustorium,Grammica__a.Car.Car,0,1566h,C_compacta__a.Car.Car
7/11/18,7/11/18,AS-307,Grammica,C_australis,1382Cy,1382,y,1,0.0773,77.3,1250,100,0.161707633,a.Car.Car,0,Young,Grammica__Young,Grammica__a.Car.Car,0,1382y,C_australis__a.Car.Car
7/11/18,7/11/18,AS-311,Grammica,C_australis,1382Ay,1382,y,1,0.0152,15.2,950,100,0.625,a.Car.Car,0.008965467419731324,Young,Grammica__Young,Grammica__a.Car.Car,0,1382y,C_australis__a.Car.Car
6/14/18,6/14/18,AS-190,Grammica,C_australis,1382Ao,1382,o,1,0.0464,46.4,1250,100,0.269396552,a.Car.Car,0.11962175432215827,Old,Grammica__Old,Grammica__a.Car.Car,0,1382o,C_australis__a.Car.Car
6/14/18,6/14/18,AS-194,Grammica,C_australis,1382Co,1382,o,1,0.0494,49.4,1250,100,0.253036437,a.Car.Car,0.07965597739765053,Old,Grammica__Old,Grammica__a.Car.Car,0,1382o,C_australis__a.Car.Car
7/4/18,7/4/18,AS-261,Grammica,C_australis,1382Bo,1382,o,1,0.0486,48.6,1250,100,0.257201646,a.Car.Car,0,Old,Grammica__Old,Grammica__a.Car.Car,0,1382o,C_australis__a.Car.Car
7/2/18,6/3/18,AS-240,Grammica,C_australis,1382Bh,1382,h,1,0.0417,41.7,1250,100,0.299760192,a.Car.Car,0.022884033244380857,Haustorium,Grammica__Haustorium,Grammica__a.Car.Car,0,1382h,C_australis__a.Car.Car
7/2/18,6/3/18,AS-246,Grammica,C_australis,1382Ch,1382,h,1,0.0469,46.9,1250,100,0.26652452,a.Car.Car,0.030730048960190392,Haustorium,Grammica__Haustorium,Grammica__a.Car.Car,0,1382h,C_australis__a.Car.Car
-,12/6/17,AS-23,Grammica,C_cephalanthii,1567Ay,1567,y,1,0.0418,41.8,2050,100,0.490430622,a.Car.Car,0,Young,Grammica__Young,Grammica__a.Car.Car,0,1567y,C_cephalanthii__a.Car.Car
-,12/6/17,AS-24,Grammica,C_cephalanthii,1567Ay,1567,y,2,0.0394,39.4,2050,100,0.520304569,a.Car.Car,4.109511261979953e-4,Young,Grammica__Young,Grammica__a.Car.Car,0,1567y,C_cephalanthii__a.Car.Car
6/5/18,6/11/18,AS-39,Grammica,C_cephalanthii,1567Gy,1567,y,1,0.0443,44.3,2050,100,0.46275395,a.Car.Car,0.023319220680186784,Young,Grammica__Young,Grammica__a.Car.Car,0,1567y,C_cephalanthii__a.Car.Car
6/5/18,6/11/18,AS-40,Grammica,C_cephalanthii,1567Gy,1567,y,2,0.0457,45.7,2050,100,0.448577681,a.Car.Car,0,Young,Grammica__Young,Grammica__a.Car.Car,0,1567y,C_cephalanthii__a.Car.Car
6/5/18,6/11/18,AS-47,Grammica,C_cephalanthii,1567Fy,1567,y,1,0.043,43,2050,100,0.476744186,a.Car.Car,0,Young,Grammica__Young,Grammica__a.Car.Car,0,1567y,C_cephalanthii__a.Car.Car
6/5/18,6/11/18,AS-48,Grammica,C_cephalanthii,1567Fy,1567,y,2,0.0423,42.3,2050,100,0.48463357,a.Car.Car,0,Young,Grammica__Young,Grammica__a.Car.Car,0,1567y,C_cephalanthii__a.Car.Car
7/2/18,6/3/18,AS-222,Grammica,C_cephalanthii,1567Dy,1567,y,1,0.0269,26.9,1250,100,0.464684015,a.Car.Car,0,Young,Grammica__Young,Grammica__a.Car.Car,0,1567y,C_cephalanthii__a.Car.Car
6/5/18,6/11/18,AS-31,Grammica,C_cephalanthii,1567Go,1567,o,1,0.0425,42.5,2050,100,0.482352941,a.Car.Car,0.015340802266286337,Old,Grammica__Old,Grammica__a.Car.Car,0,1567o,C_cephalanthii__a.Car.Car
6/5/18,6/11/18,AS-32,Grammica,C_cephalanthii,1567Go,1567,o,2,0.0598,59.8,2050,100,0.342809365,a.Car.Car,0.0776002066013505,Old,Grammica__Old,Grammica__a.Car.Car,0,1567o,C_cephalanthii__a.Car.Car
6/5/18,6/11/18,AS-37,Grammica,C_cephalanthii,1567Fo,1567,o,1,0.0417,41.7,2050,100,0.491606715,a.Car.Car,0.013213835784093622,Old,Grammica__Old,Grammica__a.Car.Car,0,1567o,C_cephalanthii__a.Car.Car
6/5/18,6/11/18,AS-38,Grammica,C_cephalanthii,1567Fo,1567,o,2,0.0533,53.3,2050,100,0.384615385,a.Car.Car,0.07339316390346579,Old,Grammica__Old,Grammica__a.Car.Car,0,1567o,C_cephalanthii__a.Car.Car
6/5/18,6/11/18,AS-45,Grammica,C_cephalanthii,1567Do,1567,o,1,0.0475,47.5,2050,100,0.431578947,a.Car.Car,0.023262117690939704,Old,Grammica__Old,Grammica__a.Car.Car,0,1567o,C_cephalanthii__a.Car.Car
6/5/18,6/11/18,AS-46,Grammica,C_cephalanthii,1567Do,1567,o,2,0.048,48,2050,100,0.427083333,a.Car.Car,0.08468797303858568,Old,Grammica__Old,Grammica__a.Car.Car,0,1567o,C_cephalanthii__a.Car.Car
6/11/18,6/11/18,AS-126,Grammica,C_cephalanthii,1567Fo,1567,o,1,0.046,46,1250,100,0.27173913,a.Car.Car,0.0366950237532748,Old,Grammica__Old,Grammica__a.Car.Car,0,1567o,C_cephalanthii__a.Car.Car
6/13/18,6/13/18,AS-127,Grammica,C_cephalanthii,1567Fo,1567,o,2,0.0499,49.9,1250,100,0.250501002,a.Car.Car,0.06590721955603558,Old,Grammica__Old,Grammica__a.Car.Car,0,1567o,C_cephalanthii__a.Car.Car
6/13/18,6/13/18,AS-130,Grammica,C_cephalanthii,1567Go,1567,o,1,0.0496,49.6,1250,100,0.252016129,a.Car.Car,0.017888348710625973,Old,Grammica__Old,Grammica__a.Car.Car,0,1567o,C_cephalanthii__a.Car.Car
6/13/18,6/13/18,AS-131,Grammica,C_cephalanthii,1567Go,1567,o,2,0.0414,41.4,1250,100,0.301932367,a.Car.Car,0.020290366935567135,Old,Grammica__Old,Grammica__a.Car.Car,0,1567o,C_cephalanthii__a.Car.Car
6/13/18,6/13/18,AS-132,Grammica,C_cephalanthii,1567Do,1567,o,1,0.0511,51.1,1250,100,0.244618395,a.Car.Car,0.004147342823738806,Old,Grammica__Old,Grammica__a.Car.Car,0,1567o,C_cephalanthii__a.Car.Car
6/13/18,6/13/18,AS-133,Grammica,C_cephalanthii,1567Do,1567,o,2,0.0409,40.9,1250,100,0.305623472,a.Car.Car,0.016550250646556363,Old,Grammica__Old,Grammica__a.Car.Car,0,1567o,C_cephalanthii__a.Car.Car
7/2/18,6/3/18,AS-214,Grammica,C_cephalanthii,1567Ao,1567,o,1,0.0422,42.2,1250,100,0.296208531,a.Car.Car,0.05019221455633187,Old,Grammica__Old,Grammica__a.Car.Car,0,1567o,C_cephalanthii__a.Car.Car
7/4/18,7/4/18,AS-263,Grammica,C_cephalanthii,1567Bo,1567,o,1,0.0508,50.8,1250,100,0.246062992,a.Car.Car,0.03278176513978889,Old,Grammica__Old,Grammica__a.Car.Car,0,1567o,C_cephalanthii__a.Car.Car
6/13/18,6/13/18,AS-134,Grammica,C_cephalanthii,1567Gh,1567,h,1,0.0406,40.6,1250,100,0.307881773,a.Car.Car,0,Haustorium,Grammica__Haustorium,Grammica__a.Car.Car,0,1567h,C_cephalanthii__a.Car.Car
6/13/18,6/13/18,AS-135,Grammica,C_cephalanthii,1567Gh,1567,h,2,0.0512,51.2,1250,100,0.244140625,a.Car.Car,0.006482391640600937,Haustorium,Grammica__Haustorium,Grammica__a.Car.Car,0,1567h,C_cephalanthii__a.Car.Car
7/2/18,6/3/18,AS-236,Grammica,C_cephalanthii,1567Dh,1567,h,1,0.0475,47.5,1250,100,0.263157895,a.Car.Car,0.011374292342109267,Haustorium,Grammica__Haustorium,Grammica__a.Car.Car,0,1567h,C_cephalanthii__a.Car.Car
7/2/18,6/3/18,AS-237,Grammica,C_cephalanthii,1567Fh,1567,h,1,0.0492,49.2,1250,100,0.254065041,a.Car.Car,0.07773135954258079,Haustorium,Grammica__Haustorium,Grammica__a.Car.Car,0,1567h,C_cephalanthii__a.Car.Car
6/11/18,6/11/18,AS-122,Grammica,C_cephalanthii,1567Df,1567,f,1,0.0465,46.5,1250,100,0.268817204,a.Car.Car,0,Flower,Grammica__Flower,Grammica__a.Car.Car,0,1567f,C_cephalanthii__a.Car.Car
6/11/18,6/11/18,AS-123,Grammica,C_cephalanthii,1567Df,1567,f,2,0.0415,41.5,1250,100,0.301204819,a.Car.Car,0,Flower,Grammica__Flower,Grammica__a.Car.Car,0,1567f,C_cephalanthii__a.Car.Car
6/13/18,6/13/18,AS-169,Grammica,C_cephalanthii,1567Gs,1567,s,1,0.0496,49.6,1250,100,0.252016129,a.Car.Car,0,Seed,Grammica__Seed,Grammica__a.Car.Car,0,1567s,C_cephalanthii__a.Car.Car
6/14/18,6/14/18,AS-175,Grammica,C_cephalanthii,1567Fs,1567,s,1,0.0448,44.8,1250,100,0.279017857,a.Car.Car,0,Seed,Grammica__Seed,Grammica__a.Car.Car,0,1567s,C_cephalanthii__a.Car.Car
7/2/18,6/3/18,AS-208,Grammica,C_cephalanthii,1567Ds,1567,s,1,0.0575,57.5,1250,100,0.217391304,a.Car.Car,0.008554691290199208,Seed,Grammica__Seed,Grammica__a.Car.Car,0,1567s,C_cephalanthii__a.Car.Car
7/2/18,6/3/18,AS-215,Grammica,C_cephalanthii,1567Cs,1567,s,1,0.029,29,1250,100,0.431034483,a.Car.Car,0,Seed,Grammica__Seed,Grammica__a.Car.Car,0,1567s,C_cephalanthii__a.Car.Car
7/2/18,6/3/18,AS-216,Grammica,C_cephalanthii,1567Bs,1567,s,1,0.0541,54.1,1250,100,0.231053604,a.Car.Car,0.003322034782380604,Seed,Grammica__Seed,Grammica__a.Car.Car,0,1567s,C_cephalanthii__a.Car.Car
6/13/18,6/13/18,AS-136,Grammica,C_costaricensis,CUCOAy,CUCO,y,1,0.0495,49.5,1250,100,0.252525253,a.Car.Car,0.009601981780453902,Young,Grammica__Young,Grammica__a.Car.Car,0,CUCOy,C_costaricensis__a.Car.Car
6/13/18,6/13/18,AS-137,Grammica,C_costaricensis,CUCOAy,CUCO,y,2,0.0408,40.8,1250,100,0.306372549,a.Car.Car,0.012151290268606658,Young,Grammica__Young,Grammica__a.Car.Car,0,CUCOy,C_costaricensis__a.Car.Car
6/13/18,6/13/18,AS-158,Grammica,C_costaricensis,CUCOCy,CUCO,y,1,0.042,42,1250,100,0.297619048,a.Car.Car,0.02323834000124965,Young,Grammica__Young,Grammica__a.Car.Car,0,CUCOy,C_costaricensis__a.Car.Car
6/13/18,6/13/18,AS-159,Grammica,C_costaricensis,CUCOCy,CUCO,y,2,0.0483,48.3,1250,100,0.258799172,a.Car.Car,0.024983605099344663,Young,Grammica__Young,Grammica__a.Car.Car,0,CUCOy,C_costaricensis__a.Car.Car
6/13/18,6/13/18,AS-164,Grammica,C_costaricensis,CUCOBy,CUCO,y,1,0.0448,44.8,1250,100,0.279017857,a.Car.Car,0.02112794349574412,Young,Grammica__Young,Grammica__a.Car.Car,0,CUCOy,C_costaricensis__a.Car.Car
6/5/18,6/11/18,AS-61,Grammica,C_costaricensis,CUCOCo,CUCO,o,1,0.0459,45.9,2050,100,0.446623094,a.Car.Car,0.021059444077637463,Old,Grammica__Old,Grammica__a.Car.Car,0,CUCOo,C_costaricensis__a.Car.Car
6/5/18,6/11/18,AS-62,Grammica,C_costaricensis,CUCOCo,CUCO,o,2,0.0433,43.3,2050,100,0.473441109,a.Car.Car,0.02646318625357295,Old,Grammica__Old,Grammica__a.Car.Car,0,CUCOo,C_costaricensis__a.Car.Car
6/5/18,6/11/18,AS-77,Grammica,C_costaricensis,CUCOBo,CUCO,o,1,0.044,44,2050,100,0.465909091,a.Car.Car,0.011883759179355125,Old,Grammica__Old,Grammica__a.Car.Car,0,CUCOo,C_costaricensis__a.Car.Car
6/5/18,6/11/18,AS-78,Grammica,C_costaricensis,CUCOBo,CUCO,o,2,0.0468,46.8,2050,100,0.438034188,a.Car.Car,0.012199279607660186,Old,Grammica__Old,Grammica__a.Car.Car,0,CUCOo,C_costaricensis__a.Car.Car
6/11/18,6/11/18,AS-79,Grammica,C_costaricensis,CUCOBo,CUCO,o,3,0.0411,41.1,1250,100,0.304136253,a.Car.Car,0.019445732417637144,Old,Grammica__Old,Grammica__a.Car.Car,0,CUCOo,C_costaricensis__a.Car.Car
6/11/18,6/11/18,AS-80,Grammica,C_costaricensis,CUCOBo,CUCO,o,4,0.046,46,1250,100,0.27173913,a.Car.Car,0.04261342080423454,Old,Grammica__Old,Grammica__a.Car.Car,0,CUCOo,C_costaricensis__a.Car.Car
6/13/18,6/13/18,AS-138,Grammica,C_costaricensis,CUCOAo,CUCO,o,1,0.048,48,1250,100,0.260416667,a.Car.Car,0.017750477036125773,Old,Grammica__Old,Grammica__a.Car.Car,0,CUCOo,C_costaricensis__a.Car.Car
6/13/18,6/13/18,AS-139,Grammica,C_costaricensis,CUCOAo,CUCO,o,2,0.0491,49.1,1250,100,0.254582485,a.Car.Car,0.007196934349930805,Old,Grammica__Old,Grammica__a.Car.Car,0,CUCOo,C_costaricensis__a.Car.Car
6/5/18,6/11/18,AS-57,Grammica,C_costaricensis,CUCOCh,CUCO,h,1,0.0402,40.2,2050,100,0.509950249,a.Car.Car,0.04141682866395652,Haustorium,Grammica__Haustorium,Grammica__a.Car.Car,0,CUCOh,C_costaricensis__a.Car.Car
6/5/18,6/11/18,AS-58,Grammica,C_costaricensis,CUCOCh,CUCO,h,2,0.0432,43.2,2050,100,0.474537037,a.Car.Car,0.05227585268471063,Haustorium,Grammica__Haustorium,Grammica__a.Car.Car,0,CUCOh,C_costaricensis__a.Car.Car
6/5/18,6/11/18,AS-67,Grammica,C_costaricensis,CUCOBh,CUCO,h,1,0.0463,46.3,2050,100,0.442764579,a.Car.Car,0.029534922043813822,Haustorium,Grammica__Haustorium,Grammica__a.Car.Car,0,CUCOh,C_costaricensis__a.Car.Car
6/5/18,6/11/18,AS-68,Grammica,C_costaricensis,CUCOBh,CUCO,h,2,0.0412,41.2,2050,100,0.497572816,a.Car.Car,0.04132280396455871,Haustorium,Grammica__Haustorium,Grammica__a.Car.Car,0,CUCOh,C_costaricensis__a.Car.Car
6/13/18,6/13/18,AS-140,Grammica,C_costaricensis,CUCOAh,CUCO,h,1,0.044,44,1250,100,0.284090909,a.Car.Car,0.03755646632777927,Haustorium,Grammica__Haustorium,Grammica__a.Car.Car,0,CUCOh,C_costaricensis__a.Car.Car
6/13/18,6/13/18,AS-141,Grammica,C_costaricensis,CUCOAh,CUCO,h,2,0.0438,43.8,1250,100,0.285388128,a.Car.Car,0.033121571713648656,Haustorium,Grammica__Haustorium,Grammica__a.Car.Car,0,CUCOh,C_costaricensis__a.Car.Car
6/5/18,6/11/18,AS-71,Grammica,C_tasmanica,1715Cy,17-15,y,1,0.049,49,2050,100,0.418367347,a.Car.Car,0.02174832345958489,Young,Grammica__Young,Grammica__a.Car.Car,0,17-15y,C_tasmanica__a.Car.Car
6/5/18,6/11/18,AS-72,Grammica,C_tasmanica,1715Cy,17-15,y,2,0.044,44,2050,100,0.465909091,a.Car.Car,0.02639343355473952,Young,Grammica__Young,Grammica__a.Car.Car,0,17-15y,C_tasmanica__a.Car.Car
6/11/18,6/11/18,AS-89,Grammica,C_tasmanica,1715Ay,17-15,y,1,0.0478,47.8,1250,100,0.261506276,a.Car.Car,0.042744371379632655,Young,Grammica__Young,Grammica__a.Car.Car,0,17-15y,C_tasmanica__a.Car.Car
6/11/18,6/11/18,AS-90,Grammica,C_tasmanica,1715Ay,17-15,y,2,0.0485,48.5,1250,100,0.257731959,a.Car.Car,0.04157685859641882,Young,Grammica__Young,Grammica__a.Car.Car,0,17-15y,C_tasmanica__a.Car.Car
6/11/18,6/11/18,AS-93,Grammica,C_tasmanica,1715By,17-15,y,1,0.0515,51.5,1250,100,0.242718447,a.Car.Car,0.036711621232981634,Young,Grammica__Young,Grammica__a.Car.Car,0,17-15y,C_tasmanica__a.Car.Car
6/11/18,6/11/18,AS-94,Grammica,C_tasmanica,1715By,17-15,y,2,0.0515,51.5,1250,100,0.242718447,a.Car.Car,0.038290405408271486,Young,Grammica__Young,Grammica__a.Car.Car,0,17-15y,C_tasmanica__a.Car.Car
6/13/18,6/13/18,AS-142,Grammica,C_tasmanica,1715Dy,17-15,y,1,0.045,45,1250,100,0.277777778,a.Car.Car,0.02259981688402731,Young,Grammica__Young,Grammica__a.Car.Car,0,17-15y,C_tasmanica__a.Car.Car
6/13/18,6/13/18,AS-143,Grammica,C_tasmanica,1715Dy,17-15,y,2,0.0498,49.8,1250,100,0.251004016,a.Car.Car,0.01629659197741531,Young,Grammica__Young,Grammica__a.Car.Car,0,17-15y,C_tasmanica__a.Car.Car
6/5/18,6/11/18,AS-69,Grammica,C_tasmanica,1715Co,17-15,o,1,0.048,48,2050,100,0.427083333,a.Car.Car,0.006792711792450087,Old,Grammica__Old,Grammica__a.Car.Car,0,17-15o,C_tasmanica__a.Car.Car
6/5/18,6/11/18,AS-70,Grammica,C_tasmanica,1715Co,17-15,o,2,0.0481,48.1,2050,100,0.426195426,a.Car.Car,0.0064934142575085166,Old,Grammica__Old,Grammica__a.Car.Car,0,17-15o,C_tasmanica__a.Car.Car
6/11/18,6/11/18,AS-91,Grammica,C_tasmanica,1715Bo,17-15,o,1,0.0492,49.2,1250,100,0.254065041,a.Car.Car,0,Old,Grammica__Old,Grammica__a.Car.Car,0,17-15o,C_tasmanica__a.Car.Car
6/11/18,6/11/18,AS-92,Grammica,C_tasmanica,1715Bo,17-15,o,2,0.0498,49.8,1250,100,0.251004016,a.Car.Car,0,Old,Grammica__Old,Grammica__a.Car.Car,0,17-15o,C_tasmanica__a.Car.Car
6/11/18,6/11/18,AS-95,Grammica,C_tasmanica,1715Ao,17-15,o,1,0.0418,41.8,1250,100,0.299043062,a.Car.Car,0,Old,Grammica__Old,Grammica__a.Car.Car,0,17-15o,C_tasmanica__a.Car.Car
6/11/18,6/11/18,AS-96,Grammica,C_tasmanica,1715Ao,17-15,o,2,0.0472,47.2,1250,100,0.264830508,a.Car.Car,0.06912331306339574,Old,Grammica__Old,Grammica__a.Car.Car,0,17-15o,C_tasmanica__a.Car.Car
6/11/18,6/11/18,AS-110,Grammica,C_tasmanica,1715Bo,17-15,o,1,0.0523,52.3,1250,100,0.239005736,a.Car.Car,0.015324727028953315,Old,Grammica__Old,Grammica__a.Car.Car,0,17-15o,C_tasmanica__a.Car.Car
6/11/18,6/11/18,AS-111,Grammica,C_tasmanica,1715Bo,17-15,o,2,0.0466,46.6,1250,100,0.268240343,a.Car.Car,0.01224884837962562,Old,Grammica__Old,Grammica__a.Car.Car,0,17-15o,C_tasmanica__a.Car.Car
6/13/18,6/13/18,AS-144,Grammica,C_tasmanica,1715Do,17-15,o,1,0.0505,50.5,1250,100,0.247524752,a.Car.Car,0.04745706524949351,Old,Grammica__Old,Grammica__a.Car.Car,0,17-15o,C_tasmanica__a.Car.Car
6/13/18,6/13/18,AS-145,Grammica,C_tasmanica,1715Do,17-15,o,2,0.041,41,1250,100,0.304878049,a.Car.Car,0.05263908224339176,Old,Grammica__Old,Grammica__a.Car.Car,0,17-15o,C_tasmanica__a.Car.Car
7/10/18,7/11/18,AS-273,Grammica,C_tasmanica,1715o,17-15,o,1,0.0447,44.7,1250,100,0.279642058,a.Car.Car,0.2965776751391866,Old,Grammica__Old,Grammica__a.Car.Car,0,17-15o,C_tasmanica__a.Car.Car
6/13/18,6/13/18,AS-150,Grammica,C_tasmanica,1715Dh,17-15,h,1,0.0406,40.6,1250,100,0.307881773,a.Car.Car,0.029102932547040276,Haustorium,Grammica__Haustorium,Grammica__a.Car.Car,0,17-15h,C_tasmanica__a.Car.Car
6/13/18,6/13/18,AS-151,Grammica,C_tasmanica,1715Dh,17-15,h,2,0.0433,43.3,1250,100,0.288683603,a.Car.Car,0.004837810685286152,Haustorium,Grammica__Haustorium,Grammica__a.Car.Car,0,17-15h,C_tasmanica__a.Car.Car
6/13/18,6/13/18,AS-166,Grammica,C_tasmanica,1715Ch,17-15,h,1,0.052,52,1250,100,0.240384615,a.Car.Car,0.0030617914628231807,Haustorium,Grammica__Haustorium,Grammica__a.Car.Car,0,17-15h,C_tasmanica__a.Car.Car
6/14/18,6/14/18,AS-180,Grammica,C_tasmanica,1715Ah,17-15,h,1,0.0467,46.7,1250,100,0.267665953,a.Car.Car,0.019394210264810134,Haustorium,Grammica__Haustorium,Grammica__a.Car.Car,0,17-15h,C_tasmanica__a.Car.Car
6/14/18,6/14/18,AS-181,Grammica,C_tasmanica,1715Bh,17-15,h,1,0.0419,41.9,1250,100,0.298329356,a.Car.Car,0.0018386100608242227,Haustorium,Grammica__Haustorium,Grammica__a.Car.Car,0,17-15h,C_tasmanica__a.Car.Car
6/5/18,6/11/18,AS-59,Grammica,C_tasmanica,1715Bf,17-15,f,1,0.0417,41.7,2050,100,0.491606715,a.Car.Car,0,Flower,Grammica__Flower,Grammica__a.Car.Car,0,17-15f,C_tasmanica__a.Car.Car
6/5/18,6/11/18,AS-60,Grammica,C_tasmanica,1715Bf,17-15,f,2,0.0475,47.5,2050,100,0.431578947,a.Car.Car,0,Flower,Grammica__Flower,Grammica__a.Car.Car,0,17-15f,C_tasmanica__a.Car.Car
6/11/18,6/11/18,AS-97,Grammica,C_tasmanica,1715Df,17-15,f,1,0.0475,47.5,1250,100,0.263157895,a.Car.Car,0,Flower,Grammica__Flower,Grammica__a.Car.Car,0,17-15f,C_tasmanica__a.Car.Car
6/11/18,6/11/18,AS-98,Grammica,C_tasmanica,1715Df,17-15,f,1,0.0413,41.3,1250,100,0.302663438,a.Car.Car,2.70984954210039e-4,Flower,Grammica__Flower,Grammica__a.Car.Car,0,17-15f,C_tasmanica__a.Car.Car
6/13/18,6/13/18,AS-148,Grammica,C_tasmanica,1715Af,17-15,f,1,0.0419,41.9,1250,100,0.298329356,a.Car.Car,0.023438329291325638,Flower,Grammica__Flower,Grammica__a.Car.Car,0,17-15f,C_tasmanica__a.Car.Car
6/13/18,6/13/18,AS-149,Grammica,C_tasmanica,1715Af,17-15,f,2,0.0514,51.4,1250,100,0.243190661,a.Car.Car,0.024229453116578217,Flower,Grammica__Flower,Grammica__a.Car.Car,0,17-15f,C_tasmanica__a.Car.Car
7/4/18,7/4/18,AS-262,Grammica,C_tasmanica,1715Cf,17-15,f,1,0.0524,52.4,1250,100,0.238549618,a.Car.Car,0,Flower,Grammica__Flower,Grammica__a.Car.Car,0,17-15f,C_tasmanica__a.Car.Car
6/11/18,6/11/18,AS-99,Grammica,C_californica,17105Ay,ss17-105,y,2,0.0395,39.5,1250,100,0.316455696,a.Car.Car,0.007495243709983446,Young,Grammica__Young,Grammica__a.Car.Car,0,ss17-105y,C_californica__a.Car.Car
6/13/18,6/13/18,AS-154,Grammica,C_californica,17105Cy,ss17-105,y,1,0.0415,41.5,1250,100,0.301204819,a.Car.Car,0.007823152641047437,Young,Grammica__Young,Grammica__a.Car.Car,0,ss17-105y,C_californica__a.Car.Car
6/13/18,6/13/18,AS-155,Grammica,C_californica,17105Cy,ss17-105,y,2,0.0323,32.3,1250,100,0.386996904,a.Car.Car,0.0041272378729702835,Young,Grammica__Young,Grammica__a.Car.Car,0,ss17-105y,C_californica__a.Car.Car
6/13/18,6/13/18,AS-172,Grammica,C_californica,17105By,ss17-105,y,1,0.0162,16.2,1250,100,0.771604938,a.Car.Car,0,Young,Grammica__Young,Grammica__a.Car.Car,0,ss17-105y,C_californica__a.Car.Car
7/10/18,7/11/18,AS-272,Grammica,C_californica,17105Dy,ss17-105,y,1,0.0518,51.8,1250,100,0.241312741,a.Car.Car,0,Young,Grammica__Young,Grammica__a.Car.Car,0,ss17-105y,C_californica__a.Car.Car
7/11/18,7/11/18,AS-312,Grammica,C_californica,17105Ey,ss17-105,y,1,0.0168,16.8,950,100,0.56547619,a.Car.Car,0.02292933025356282,Young,Grammica__Young,Grammica__a.Car.Car,0,ss17-105y,C_californica__a.Car.Car
6/5/18,6/11/18,AS-63,Grammica,C_californica,17105Do,ss17-105,o,1,0.049,49,2050,100,0.418367347,a.Car.Car,0.03663751389934925,Old,Grammica__Old,Grammica__a.Car.Car,0,ss17-105o,C_californica__a.Car.Car
6/5/18,6/11/18,AS-64,Grammica,C_californica,17105Do,ss17-105,o,2,0.0442,44.2,2050,100,0.463800905,a.Car.Car,0.038624697725578076,Old,Grammica__Old,Grammica__a.Car.Car,0,ss17-105o,C_californica__a.Car.Car
6/11/18,6/11/18,AS-102,Grammica,C_californica,17105Ao,ss17-105,o,1,0.0448,44.8,1250,100,0.279017857,a.Car.Car,0.034783397339379886,Old,Grammica__Old,Grammica__a.Car.Car,0,ss17-105o,C_californica__a.Car.Car
6/11/18,6/11/18,AS-103,Grammica,C_californica,17105Ao,ss17-105,o,2,0.0492,49.2,1250,100,0.254065041,a.Car.Car,0.02315571883877921,Old,Grammica__Old,Grammica__a.Car.Car,0,ss17-105o,C_californica__a.Car.Car
6/13/18,6/13/18,AS-146,Grammica,C_californica,17105Co,ss17-105,o,1,0.0465,46.5,1250,100,0.268817204,a.Car.Car,0,Old,Grammica__Old,Grammica__a.Car.Car,0,ss17-105o,C_californica__a.Car.Car
6/13/18,6/13/18,AS-147,Grammica,C_californica,17105Co,ss17-105,o,2,0.0465,46.5,1250,100,0.268817204,a.Car.Car,0.0044276592806588,Old,Grammica__Old,Grammica__a.Car.Car,0,ss17-105o,C_californica__a.Car.Car
6/13/18,6/13/18,AS-171,Grammica,C_californica,17105Bo,ss17-105,o,1,0.0506,50.6,1250,100,0.247035573,a.Car.Car,0.09956764371712297,Old,Grammica__Old,Grammica__a.Car.Car,0,ss17-105o,C_californica__a.Car.Car
6/13/18,6/13/18,AS-152,Grammica,C_californica,17105Ch,ss17-105,h,1,0.0448,44.8,1250,100,0.279017857,a.Car.Car,0.015944500870634988,Haustorium,Grammica__Haustorium,Grammica__a.Car.Car,0,ss17-105h,C_californica__a.Car.Car
6/13/18,6/13/18,AS-153 ,Grammica,C_californica,17105Ch,ss17-105,h,2,0.0152,15.2,1250,100,0.822368421,a.Car.Car,0,Haustorium,Grammica__Haustorium,Grammica__a.Car.Car,0,ss17-105h,C_californica__a.Car.Car
6/13/18,6/13/18,AS-156,Grammica,C_californica,17105Ah,ss17-105,h,1,0.0448,44.8,1250,100,0.279017857,a.Car.Car,0.02096208458699844,Haustorium,Grammica__Haustorium,Grammica__a.Car.Car,0,ss17-105h,C_californica__a.Car.Car
6/13/18,6/13/18,AS-157,Grammica,C_californica,17105Ah,ss17-105,h,2,0.0429,42.9,1250,100,0.291375291,a.Car.Car,0.017518305451030457,Haustorium,Grammica__Haustorium,Grammica__a.Car.Car,0,ss17-105h,C_californica__a.Car.Car
6/13/18,6/13/18,AS-167,Grammica,C_californica,17105Bh,ss17-105,h,1,0.05,50,1250,100,0.25,a.Car.Car,0.034467409237428026,Haustorium,Grammica__Haustorium,Grammica__a.Car.Car,0,ss17-105h,C_californica__a.Car.Car
7/2/18,6/3/18,AS-239,Grammica,C_californica,17105Eh,ss17-105,h,1,0.0431,43.1,1250,100,0.290023202,a.Car.Car,0.015320865626710355,Haustorium,Grammica__Haustorium,Grammica__a.Car.Car,0,ss17-105h,C_californica__a.Car.Car
7/10/18,7/11/18,AS-298,Grammica,C_californica,17105Dh,ss17-105,h,1,0.0455,45.5,1250,100,0.274725275,a.Car.Car,0.02497708032046045,Haustorium,Grammica__Haustorium,Grammica__a.Car.Car,0,ss17-105h,C_californica__a.Car.Car
6/14/18,6/14/18,AS-179,Grammica,C_californica,17105Cf,ss17-105,f,1,0.0459,45.9,1250,100,0.272331155,a.Car.Car,0.0029200531526181717,Flower,Grammica__Flower,Grammica__a.Car.Car,0,ss17-105f,C_californica__a.Car.Car
7/4/18,7/4/18,AS-251,Grammica,C_californica,17105Af,ss17-105,f,1,0.0549,54.9,1250,100,0.227686703,a.Car.Car,0,Flower,Grammica__Flower,Grammica__a.Car.Car,0,ss17-105f,C_californica__a.Car.Car
7/4/18,7/4/18,AS-252,Grammica,C_californica,17105Bf,ss17-105,f,1,0.0456,45.6,1250,100,0.274122807,a.Car.Car,0,Flower,Grammica__Flower,Grammica__a.Car.Car,0,ss17-105f,C_californica__a.Car.Car
7/4/18,7/4/18,AS-253,Grammica,C_californica,17105Bf,ss17-105,f,2,0.0521,52.1,1250,100,0.239923225,a.Car.Car,0.023010151055890757,Flower,Grammica__Flower,Grammica__a.Car.Car,0,ss17-105f,C_californica__a.Car.Car
7/10/18,7/11/18,AS-279,Grammica,C_californica,17105Df,ss17-105,f,1,0.0484,48.4,1250,100,0.258264463,a.Car.Car,0,Flower,Grammica__Flower,Grammica__a.Car.Car,0,ss17-105f,C_californica__a.Car.Car
7/10/18,7/11/18,AS-280,Grammica,C_californica,17105Ef,ss17-105,f,1,0.0462,46.2,1250,100,0.270562771,a.Car.Car,0.05344249404472813,Flower,Grammica__Flower,Grammica__a.Car.Car,0,ss17-105f,C_californica__a.Car.Car
6/5/18,6/11/18,AS-73,Grammica,C_californica,17105Eo,ss17-105,o,1,0.0481,48.1,2050,100,0.426195426,a.Car.Car,0.009296085801049181,Old,Grammica__Old,Grammica__a.Car.Car,0,ss17-105o,C_californica__a.Car.Car
6/5/18,6/11/18,AS-74,Grammica,C_californica,17105Eo,ss17-105,o,2,0.0476,47.6,2050,100,0.430672269,a.Car.Car,0,Old,Grammica__Old,Grammica__a.Car.Car,0,ss17-105o,C_californica__a.Car.Car
6/11/18,6/11/18,AS-104,Grammica,C_indecora,1677Dy,ss16-17,y,1,0.0464,46.4,1250,100,0.269396552,a.Car.Car,0.011028015755024328,Young,Grammica__Young,Grammica__a.Car.Car,0,ss16-17y,C_indecora__a.Car.Car
6/11/18,6/11/18,AS-105,Grammica,C_indecora,1677Dy,ss16-17,y,2,0.0431,43.1,1250,100,0.290023202,a.Car.Car,0.006402789295805909,Young,Grammica__Young,Grammica__a.Car.Car,0,ss16-17y,C_indecora__a.Car.Car
6/11/18,6/11/18,AS-106,Grammica,C_indecora,1677By,ss16-17,y,1,0.0505,50.5,1250,100,0.247524752,a.Car.Car,0.002970421354269103,Young,Grammica__Young,Grammica__a.Car.Car,0,ss16-17y,C_indecora__a.Car.Car
6/11/18,6/11/18,AS-107,Grammica,C_indecora,1677By,ss16-17,y,2,0.051,51,1250,100,0.245098039,a.Car.Car,0.005576591265905065,Young,Grammica__Young,Grammica__a.Car.Car,0,ss16-17y,C_indecora__a.Car.Car
6/11/18,6/11/18,AS-100,Grammica,C_indecora,1677Do,ss16-17,o,1,0.0497,49.7,1250,100,0.251509054,a.Car.Car,0,Old,Grammica__Old,Grammica__a.Car.Car,0,ss16-17o,C_indecora__a.Car.Car
6/11/18,6/11/18,AS-101,Grammica,C_indecora,1677Do,ss16-17,o,2,0.043,43,1250,100,0.290697674,a.Car.Car,0,Old,Grammica__Old,Grammica__a.Car.Car,0,ss16-17o,C_indecora__a.Car.Car
6/14/18,6/14/18,AS-188,Grammica,C_indecora,1677Co,ss16-17,o,1,0.0495,49.5,1250,100,0.252525253,a.Car.Car,0,Old,Grammica__Old,Grammica__a.Car.Car,0,ss16-17o,C_indecora__a.Car.Car
7/11/18,7/11/18,AS-308,Grammica,C_indecora,1677Bo,ss16-17,o,1,0.0472,47.2,1250,100,0.264830508,a.Car.Car,0.11950793764770097,Old,Grammica__Old,Grammica__a.Car.Car,0,ss16-17o,C_indecora__a.Car.Car
7/2/18,6/3/18,AS-223,Grammica,C_indecora,1677Dh,ss16-17,h,1,0.0416,41.6,1250,100,0.300480769,a.Car.Car,0.03317750775462444,Haustorium,Grammica__Haustorium,Grammica__a.Car.Car,0,ss16-17h,C_indecora__a.Car.Car
7/10/18,7/11/18,AS-283,Grammica,C_indecora,1677Bh,ss16-17,h,1,0.0454,45.4,1250,100,0.275330396,a.Car.Car,0.036607894665633106,Haustorium,Grammica__Haustorium,Grammica__a.Car.Car,0,ss16-17h,C_indecora__a.Car.Car
6/14/18,6/14/18,AS-189,Grammica,C_indecora,1677Df,ss16-17,f,1,0.0435,43.5,1250,100,0.287356322,a.Car.Car,0,Flower,Grammica__Flower,Grammica__a.Car.Car,0,ss16-17f,C_indecora__a.Car.Car
6/14/18,6/14/18,AS-195,Grammica,C_indecora,1677Af,ss16-17,f,1,0.054,54,1250,100,0.231481481,a.Car.Car,0.12392209208572899,Flower,Grammica__Flower,Grammica__a.Car.Car,0,ss16-17f,C_indecora__a.Car.Car
7/2/18,6/3/18,AS-243,Grammica,C_indecora,1677Bf,ss16-17,f,1,0.0441,44.1,1250,100,0.283446712,a.Car.Car,0.031756154625648056,Flower,Grammica__Flower,Grammica__a.Car.Car,0,ss16-17f,C_indecora__a.Car.Car
7/2/18,6/3/18,AS-204,Grammica,C_denticulata,1346Dy,ss13-46,y,1,0.0447,44.7,1250,100,0.279642058,a.Car.Car,0.04568479668924481,Young,Grammica__Young,Grammica__a.Car.Car,0,ss13-46y,C_denticulata__a.Car.Car
7/4/18,7/4/18,AS-268,Grammica,C_denticulata,1346Dy,ss13-46,y,1,0.0427,42.7,1250,100,0.292740047,a.Car.Car,0.004903156596527489,Young,Grammica__Young,Grammica__a.Car.Car,0,ss13-46y,C_denticulata__a.Car.Car
7/10/18,7/11/18,AS-278,Grammica,C_denticulata,1346By,ss13-46,y,1,0.0437,43.7,1250,100,0.28604119,a.Car.Car,0.004701067884683699,Young,Grammica__Young,Grammica__a.Car.Car,0,ss13-46y,C_denticulata__a.Car.Car
7/10/18,7/11/18,AS-289,Grammica,C_denticulata,1346Ay,ss13-46,y,1,0.0426,42.6,1250,100,0.29342723,a.Car.Car,0.008435028307437057,Young,Grammica__Young,Grammica__a.Car.Car,0,ss13-46y,C_denticulata__a.Car.Car
7/10/18,7/11/18,AS-292,Grammica,C_denticulata,1346Cy,ss13-46,y,1,0.0516,51.6,1350,100,0.261627907,a.Car.Car,0.004892579712553717,Young,Grammica__Young,Grammica__a.Car.Car,0,ss13-46y,C_denticulata__a.Car.Car
7/10/18,7/11/18,AS-294,Grammica,C_denticulata,1346Dy,ss13-46,y,1,0.0493,49.3,1250,100,0.253549696,a.Car.Car,0.0034174081128341117,Young,Grammica__Young,Grammica__a.Car.Car,0,ss13-46y,C_denticulata__a.Car.Car
7/11/18,7/11/18,AS-315,Grammica,C_denticulata,1346y (trial) ,ss13-46,y,1,0.0461,46.1,1250,100,0.271149675,a.Car.Car,0.027463624936913025,Young,Grammica__Young,Grammica__a.Car.Car,0,ss13-46y,C_denticulata__a.Car.Car
6/13/18,6/13/18,AS-170,Grammica,C_denticulata,1346Ao,ss13-46,o,1,0.0493,49.3,1250,100,0.253549696,a.Car.Car,0,Old,Grammica__Old,Grammica__a.Car.Car,0,ss13-46o,C_denticulata__a.Car.Car
7/2/18,6/3/18,AS-233,Grammica,C_denticulata,1346Do,ss13-46,o,1,0.0465,46.5,1250,100,0.268817204,a.Car.Car,0.01405166435947039,Old,Grammica__Old,Grammica__a.Car.Car,0,ss13-46o,C_denticulata__a.Car.Car
7/4/18,7/4/18,AS-257,Grammica,C_denticulata,1346Bo,ss13-46,o,1,0.0493,49.3,1250,100,0.253549696,a.Car.Car,0.042341948135962974,Old,Grammica__Old,Grammica__a.Car.Car,0,ss13-46o,C_denticulata__a.Car.Car
7/4/18,7/4/18,AS-269,Grammica,C_denticulata,1346Ao,ss13-46,o,1,0.0447,44.7,1250,100,0.279642058,a.Car.Car,0,Old,Grammica__Old,Grammica__a.Car.Car,0,ss13-46o,C_denticulata__a.Car.Car
7/10/18,7/11/18,AS-293,Grammica,C_denticulata,1346Do,ss13-46,o,1,0.051,51,1250,100,0.245098039,a.Car.Car,0.0150843856200624,Old,Grammica__Old,Grammica__a.Car.Car,0,ss13-46o,C_denticulata__a.Car.Car
6/14/18,6/14/18,AS-176,Grammica,C_denticulata,1346Ah,ss13-46,h,1,0.0499,49.9,1250,100,0.250501002,a.Car.Car,0.02302626969800904,Haustorium,Grammica__Haustorium,Grammica__a.Car.Car,0,ss13-46h,C_denticulata__a.Car.Car
7/4/18,7/4/18,AS-256,Grammica,C_denticulata,1346Bh,ss13-46,h,1,0.0505,50.5,1250,100,0.247524752,a.Car.Car,0.009878675715565591,Haustorium,Grammica__Haustorium,Grammica__a.Car.Car,0,ss13-46h,C_denticulata__a.Car.Car
7/10/18,7/11/18,AS-277,Grammica,C_denticulata,13466Dh,ss13-46,h,1,0.0425,42.5,1250,100,0.294117647,a.Car.Car,0.017786501827114016,Haustorium,Grammica__Haustorium,Grammica__a.Car.Car,0,ss13-46h,C_denticulata__a.Car.Car
7/10/18,7/11/18,AS-291,Grammica,C_denticulata,1346Ch,ss13-46,h,1,0.0428,42.8,1250,100,0.292056075,a.Car.Car,0.021951850186942394,Haustorium,Grammica__Haustorium,Grammica__a.Car.Car,0,ss13-46h,C_denticulata__a.Car.Car
7/10/18,7/11/18,AS-274,Grammica,C_denticulata,1346Cf,ss13-46,f,1,0.045,45,1250,100,0.277777778,a.Car.Car,0.03131694218487829,Flower,Grammica__Flower,Grammica__a.Car.Car,0,ss13-46f,C_denticulata__a.Car.Car
7/10/18,7/11/18,AS-290,Grammica,C_denticulata,1346Af,ss13-46,f,1,0.0421,42.1,1250,100,0.296912114,a.Car.Car,0.0342740688992564,Flower,Grammica__Flower,Grammica__a.Car.Car,0,ss13-46f,C_denticulata__a.Car.Car
-,12/6/17,AS-01,Grammica,C_sandwichiana,155sdlg,155,sdlg,1,0.0344,34.4,2050,100,0.595930233,b.Car.Car,0.12704968253098106,Seedling,Grammica__Seedling,Grammica__b.Car.Car,0,155sdlg,C_sandwichiana__b.Car.Car
-,12/6/17,AS-06,Grammica,C_sandwichiana,155sdlg,155,sdlg,2,0.0328,32.8,2050,100,0.625,b.Car.Car,0.14204274232370803,Seedling,Grammica__Seedling,Grammica__b.Car.Car,0,155sdlg,C_sandwichiana__b.Car.Car
6/14/18,6/14/18,AS-197,Grammica,C_sandwichiana,155Cy,155,y,1,0.0435,43.5,1250,100,0.287356322,b.Car.Car,0.014201968694310303,Young,Grammica__Young,Grammica__b.Car.Car,0,155y,C_sandwichiana__b.Car.Car
7/14/18,6/3/18,AS-228,Grammica,C_sandwichiana,155Ay,155,y,1,0.0464,46.4,1250,100,0.269396552,b.Car.Car,0.19324675704382416,Young,Grammica__Young,Grammica__b.Car.Car,0,155y,C_sandwichiana__b.Car.Car
7/2/18,6/3/18,AS-231,Grammica,C_sandwichiana,155Dy,155,y,1,0.053900000000000003,53.9,1250,100,0.231910946,b.Car.Car,0.20086462137013988,Young,Grammica__Young,Grammica__b.Car.Car,0,155y,C_sandwichiana__b.Car.Car
7/2/18,6/3/18,AS-241,Grammica,C_sandwichiana,155By,155,y,1,0.0448,44.8,1250,100,0.279017857,b.Car.Car,0.211402234247974,Young,Grammica__Young,Grammica__b.Car.Car,0,155y,C_sandwichiana__b.Car.Car
7/11/18,7/11/18,AS-309,Grammica,C_sandwichiana,155Cy,155,y,1,0.084,84,1250,100,0.148809524,b.Car.Car,0.19368010973327504,Young,Grammica__Young,Grammica__b.Car.Car,0,155y,C_sandwichiana__b.Car.Car
6/14/18,6/14/18,AS-184,Grammica,C_sandwichiana,155Ao,155,o,1,0.0484,48.4,1250,100,0.258264463,b.Car.Car,0.4924513525311378,Old,Grammica__Old,Grammica__b.Car.Car,0,155o,C_sandwichiana__b.Car.Car
6/14/18,6/14/18,AS-186,Grammica,C_sandwichiana,155Do,155,o,1,0.0455,45.5,1250,100,0.274725275,b.Car.Car,0.3086478781817891,Old,Grammica__Old,Grammica__b.Car.Car,0,155o,C_sandwichiana__b.Car.Car
6/14/18,6/14/18,AS-187,Grammica,C_sandwichiana,155Bo,155,o,1,0.0477,47.7,1250,100,0.262054507,b.Car.Car,0.45537959071979534,Old,Grammica__Old,Grammica__b.Car.Car,0,155o,C_sandwichiana__b.Car.Car
7/2/18,6/3/18,AS-203,Grammica,C_sandwichiana,155Co,155,o,1,0.0498,49.8,1250,100,0.251004016,b.Car.Car,0.3185030936918158,Old,Grammica__Old,Grammica__b.Car.Car,0,155o,C_sandwichiana__b.Car.Car
7/2/18,6/3/18,AS-229,Grammica,C_sandwichiana,155Bh,155,h,1,0.045,45,1250,100,0.277777778,b.Car.Car,0.2895824580455633,Haustorium,Grammica__Haustorium,Grammica__b.Car.Car,0,155h,C_sandwichiana__b.Car.Car
7/2/18,6/3/18,AS-230,Grammica,C_sandwichiana,155Ch,155,h,1,0.0446,44.6,1250,100,0.280269058,b.Car.Car,0.2798642248100349,Haustorium,Grammica__Haustorium,Grammica__b.Car.Car,0,155h,C_sandwichiana__b.Car.Car
7/2/18,6/3/18,AS-232,Grammica,C_sandwichiana,155Dh,155,h,1,0.0408,40.8,1250,100,0.306372549,b.Car.Car,0.3513351893242502,Haustorium,Grammica__Haustorium,Grammica__b.Car.Car,0,155h,C_sandwichiana__b.Car.Car
7/2/18,6/3/18,AS-245,Grammica,C_sandwichiana,155Ch,155,h,1,0.0482,48.2,1250,100,0.2593361,b.Car.Car,0.23077816146781416,Haustorium,Grammica__Haustorium,Grammica__b.Car.Car,0,155h,C_sandwichiana__b.Car.Car
7/10/18,7/11/18,AS-281,Grammica,C_sandwichiana,155Ah,155,h,1,0.0488,48.8,1250,100,0.256147541,b.Car.Car,0.37088067336971425,Haustorium,Grammica__Haustorium,Grammica__b.Car.Car,0,155h,C_sandwichiana__b.Car.Car
6/14/18,6/14/18,AS-196,Grammica,C_sandwichiana,155Cf,155,f,1,0.0441,44.1,1250,100,0.283446712,b.Car.Car,0.01000459143718687,Flower,Grammica__Flower,Grammica__b.Car.Car,0,155f,C_sandwichiana__b.Car.Car
7/4/18,7/4/18,AS-247,Grammica,C_sandwichiana,155Af,155,f,1,0.0445,44.5,1250,100,0.280898876,b.Car.Car,0.2881124509768184,Flower,Grammica__Flower,Grammica__b.Car.Car,0,155f,C_sandwichiana__b.Car.Car
-,12/6/17,AS-02,Grammica,C_polygonorum,1705sdlg,1705,sdlg,1,0.0142,14.2,2050,100,1.443661972,b.Car.Car,0.17707201553651902,Seedling,Grammica__Seedling,Grammica__b.Car.Car,0,1705sdlg,C_polygonorum__b.Car.Car
-,12/6/17,AS-04,Grammica,C_polygonorum,1705sdlg,1705,sdlg,2,0.0369,36.9,2050,100,0.555555556,b.Car.Car,0.23252307745861037,Seedling,Grammica__Seedling,Grammica__b.Car.Car,0,1705sdlg,C_polygonorum__b.Car.Car
-,12/6/17,AS-05,Grammica,C_polygonorum,1705sdlg,1705,sdlg,3,0.0501,50.1,2050,100,0.409181637,b.Car.Car,0.2217000722363824,Seedling,Grammica__Seedling,Grammica__b.Car.Car,0,1705sdlg,C_polygonorum__b.Car.Car
7/11/18,7/11/18,AS-304,Grammica,C_polygonorum,1705sdlg,1705,sdlg,1,0.0338,33.8,950,100,0.281065089,b.Car.Car,0.3445660356923718,Seedling,Grammica__Seedling,Grammica__b.Car.Car,0,1705sdlg,C_polygonorum__b.Car.Car
7/11/18,7/11/18,AS-310,Grammica,C_polygonorum,1705sdlg,1705,sdlg,1,0.0298,29.8,950,100,0.318791946,b.Car.Car,0.16408366338587438,Seedling,Grammica__Seedling,Grammica__b.Car.Car,0,1705sdlg,C_polygonorum__b.Car.Car
6/14/18,6/14/18,AS-183,Grammica,C_polygonorum,1705Ay,1705,y,1,0.0408,40.8,1250,100,0.306372549,b.Car.Car,0.23530411636862864,Young,Grammica__Young,Grammica__b.Car.Car,0,1705y,C_polygonorum__b.Car.Car
7/10/18,7/11/18,AS-288,Grammica,C_polygonorum,1705Cy,1705,y,1,0.0524,52.4,1250,100,0.238549618,b.Car.Car,0.2374260878902358,Young,Grammica__Young,Grammica__b.Car.Car,0,1705y,C_polygonorum__b.Car.Car
7/10/18,7/11/18,AS-295,Grammica,C_polygonorum,1705Dy,1705,y,1,0.0432,43.2,1250,100,0.289351852,b.Car.Car,0.23523245575957039,Young,Grammica__Young,Grammica__b.Car.Car,0,1705y,C_polygonorum__b.Car.Car
7/11/18,7/11/18,AS-303,Grammica,C_polygonorum,1705By,1705,y,1,0.0672,67.2,1250,100,0.186011905,b.Car.Car,0.21280252193431554,Young,Grammica__Young,Grammica__b.Car.Car,0,1705y,C_polygonorum__b.Car.Car
6/14/18,6/14/18,AS-182,Grammica,C_polygonorum,1705Ao,1705,o,1,0.048,48,1250,100,0.260416667,b.Car.Car,0.6157285257107281,Old,Grammica__Old,Grammica__b.Car.Car,0,1705o,C_polygonorum__b.Car.Car
7/2/18,6/3/18,AS-201,Grammica,C_polygonorum,1705Bo,1705,o,1,0.0499,49.9,1250,100,0.250501002,b.Car.Car,0.3638052436293583,Old,Grammica__Old,Grammica__b.Car.Car,0,1705o,C_polygonorum__b.Car.Car
7/2/18,6/3/18,AS-202,Grammica,C_polygonorum,1705Co,1705,o,1,0.0421,42.1,1250,100,0.296912114,b.Car.Car,0.38862266885675745,Old,Grammica__Old,Grammica__b.Car.Car,0,1705o,C_polygonorum__b.Car.Car
7/10/18,7/11/18,AS-300,Grammica,C_polygonorum,1705Do,1705,o,1,0.0494,49.4,1250,100,0.253036437,b.Car.Car,0.535624819534057,Old,Grammica__Old,Grammica__b.Car.Car,0,1705o,C_polygonorum__b.Car.Car
7/10/18,7/11/18,AS-302,Grammica,C_polygonorum,1705Do,1705,o,1,0.042,42,1250,100,0.297619048,b.Car.Car,0.6017710392194342,Old,Grammica__Old,Grammica__b.Car.Car,0,1705o,C_polygonorum__b.Car.Car
7/10/18,7/11/18,AS-282,Grammica,C_polygonorum,1705Ch,1705,h,1,0.0389,38.9,1250,100,0.321336761,b.Car.Car,0.5386611502578749,Haustorium,Grammica__Haustorium,Grammica__b.Car.Car,0,1705h,C_polygonorum__b.Car.Car
7/10/18,7/11/18,AS-287,Grammica,C_polygonorum,1705Ah,1705,h,1,0.029,29,950,100,0.327586207,b.Car.Car,0.6430580112524644,Haustorium,Grammica__Haustorium,Grammica__b.Car.Car,0,1705h,C_polygonorum__b.Car.Car
7/10/18,7/11/18,AS-296,Grammica,C_polygonorum,1705Dh,1705,h,1,0.0482,48.2,1250,100,0.2593361,b.Car.Car,0.4818358304158187,Haustorium,Grammica__Haustorium,Grammica__b.Car.Car,0,1705h,C_polygonorum__b.Car.Car
7/2/18,6/3/18,AS-235,Grammica,C_polygonorum,1705Af,1705,f,1,0.0488,48.8,1250,100,0.256147541,b.Car.Car,0.28050713382708653,Flower,Grammica__Flower,Grammica__b.Car.Car,0,1705f,C_polygonorum__b.Car.Car
7/10/18,7/11/18,AS-286,Grammica,C_polygonorum,1705Cf,1705,f,1,0.045,45,1250,100,0.277777778,b.Car.Car,0.2563895051393196,Flower,Grammica__Flower,Grammica__b.Car.Car,0,1705f,C_polygonorum__b.Car.Car
7/4/18,7/4/18,AS-248,Grammica,C_polygonorum,1705As,1705,s,1,0.0428,42.8,1250,100,0.292056075,b.Car.Car,0.30213653702963883,Seed,Grammica__Seed,Grammica__b.Car.Car,0,1705s,C_polygonorum__b.Car.Car
7/10/18,7/11/18,AS-285,Grammica,C_polygonorum,1705Cs,1705,s,1,0.0289,28.9,950,100,0.328719723,b.Car.Car,0.24767339692763657,Seed,Grammica__Seed,Grammica__b.Car.Car,0,1705s,C_polygonorum__b.Car.Car
7/2/18,6/3/18,AS-207,Grammica,C_compacta,1566sdlg,1566,sdlg,1,0.0414,41.4,1250,100,0.301932367,b.Car.Car,0.16046368781379047,Seedling,Grammica__Seedling,Grammica__b.Car.Car,0,1566sdlg,C_compacta__b.Car.Car
-,12/6/17,AS-03,Grammica,C_compacta,1566sdlg,1566,sdlg,1,0.0391,39.1,2050,100,0.524296675,b.Car.Car,0.1440299365242565,Seedling,Grammica__Seedling,Grammica__b.Car.Car,0,1566sdlg,C_compacta__b.Car.Car
-,12/6/17,AS-07,Grammica,C_compacta,1566sdlg,1566,sdlg,2,0.0384,38.4,2050,100,0.533854167,b.Car.Car,0.13955118939309985,Seedling,Grammica__Seedling,Grammica__b.Car.Car,0,1566sdlg,C_compacta__b.Car.Car
-,12/6/17,AS-08,Grammica,C_compacta,1566sdlg,1566,sdlg,3,0.0362,36.2,2050,100,0.566298343,b.Car.Car,0.14262603902509755,Seedling,Grammica__Seedling,Grammica__b.Car.Car,0,1566sdlg,C_compacta__b.Car.Car
-,12/6/17,AS-09,Grammica,C_compacta,1566sdlg,1566,sdlg,4,0.0425,42.5,2050,100,0.482352941,b.Car.Car,0.14095485378650394,Seedling,Grammica__Seedling,Grammica__b.Car.Car,0,1566sdlg,C_compacta__b.Car.Car
7/4/18,7/4/18,AS-249,Grammica,C_compacta,1566sdlg,1566,sdlg,1,0.0532,53.2,1250,100,0.234962406,b.Car.Car,0.15117276914572209,Seedling,Grammica__Seedling,Grammica__b.Car.Car,0,1566sdlg,C_compacta__b.Car.Car
-,12/6/17,AS-21,Grammica,C_compacta,1566Ay,1566,y,1,0.0422,42.2,2050,100,0.485781991,b.Car.Car,0.13906904754313748,Young,Grammica__Young,Grammica__b.Car.Car,0,1566y,C_compacta__b.Car.Car
-,12/6/17,AS-22,Grammica,C_compacta,1566Ay,1566,y,2,0.0419,41.9,2050,100,0.489260143,b.Car.Car,0.1357871121857381,Young,Grammica__Young,Grammica__b.Car.Car,0,1566y,C_compacta__b.Car.Car
7/2/18,6/3/18,AS-244,Grammica,C_compacta,1566Ay,1566,y,1,0.0421,42.1,1250,100,0.296912114,b.Car.Car,0.12976533757786687,Young,Grammica__Young,Grammica__b.Car.Car,0,1566y,C_compacta__b.Car.Car
7/4/18,7/4/18,AS-250,Grammica,C_compacta,1566Ay,1566,y,1,0.0486,48.6,1250,100,0.257201646,b.Car.Car,0.1327297317260255,Young,Grammica__Young,Grammica__b.Car.Car,0,1566y,C_compacta__b.Car.Car
7/4/18,7/4/18,AS-265,Grammica,C_compacta,1566Ey,1566,y,1,0.0452,45.2,1250,100,0.276548673,b.Car.Car,0.20003608475897708,Young,Grammica__Young,Grammica__b.Car.Car,0,1566y,C_compacta__b.Car.Car
7/2/18,6/3/18,AS-199,Grammica,C_compacta,1566Ao,1566,o,1,0.0424,42.4,1250,100,0.294811321,b.Car.Car,0.5903198679395153,Old,Grammica__Old,Grammica__b.Car.Car,0,1566o,C_compacta__b.Car.Car
7/2/18,6/3/18,AS-200,Grammica,C_compacta,1566Eo,1566,o,1,0.0495,49.5,1250,100,0.252525253,b.Car.Car,0.7709401871401858,Old,Grammica__Old,Grammica__b.Car.Car,0,1566o,C_compacta__b.Car.Car
7/4/18,7/4/18,AS-264,Grammica,C_compacta,1566Ao,1566,o,1,0.0408,40.8,1250,100,0.306372549,b.Car.Car,0.6916232507801421,Old,Grammica__Old,Grammica__b.Car.Car,0,1566o,C_compacta__b.Car.Car
7/4/18,7/4/18,AS-266,Grammica,C_compacta,1566Eo,1566,o,1,0.0415,41.5,1250,100,0.301204819,b.Car.Car,0.7250668494938721,Old,Grammica__Old,Grammica__b.Car.Car,0,1566o,C_compacta__b.Car.Car
6/14/18,6/14/18,AS-198,Grammica,C_compacta,1566Ah,1566,h,1,0.0523,52.3,1250,100,0.239005736,b.Car.Car,0.014726291515762163,Haustorium,Grammica__Haustorium,Grammica__b.Car.Car,0,1566h,C_compacta__b.Car.Car
7/4/18,7/4/18,AS-267,Grammica,C_compacta,1566Eh,1566,h,1,0.0517,51.7,1250,100,0.241779497,b.Car.Car,0.3969411152657277,Haustorium,Grammica__Haustorium,Grammica__b.Car.Car,0,1566h,C_compacta__b.Car.Car
7/11/18,7/11/18,AS-307,Grammica,C_australis,1382Cy,1382,y,1,0.0773,77.3,1250,100,0.161707633,b.Car.Car,0.21526047615719443,Young,Grammica__Young,Grammica__b.Car.Car,0,1382y,C_australis__b.Car.Car
7/11/18,7/11/18,AS-311,Grammica,C_australis,1382Ay,1382,y,1,0.0152,15.2,950,100,0.625,b.Car.Car,0.22987820149558813,Young,Grammica__Young,Grammica__b.Car.Car,0,1382y,C_australis__b.Car.Car
6/14/18,6/14/18,AS-190,Grammica,C_australis,1382Ao,1382,o,1,0.0464,46.4,1250,100,0.269396552,b.Car.Car,0.029511475963474344,Old,Grammica__Old,Grammica__b.Car.Car,0,1382o,C_australis__b.Car.Car
6/14/18,6/14/18,AS-194,Grammica,C_australis,1382Co,1382,o,1,0.0494,49.4,1250,100,0.253036437,b.Car.Car,0.05748821259051927,Old,Grammica__Old,Grammica__b.Car.Car,0,1382o,C_australis__b.Car.Car
7/4/18,7/4/18,AS-261,Grammica,C_australis,1382Bo,1382,o,1,0.0486,48.6,1250,100,0.257201646,b.Car.Car,0.427288969613349,Old,Grammica__Old,Grammica__b.Car.Car,0,1382o,C_australis__b.Car.Car
7/2/18,6/3/18,AS-240,Grammica,C_australis,1382Bh,1382,h,1,0.0417,41.7,1250,100,0.299760192,b.Car.Car,0.7441872442544732,Haustorium,Grammica__Haustorium,Grammica__b.Car.Car,0,1382h,C_australis__b.Car.Car
7/2/18,6/3/18,AS-246,Grammica,C_australis,1382Ch,1382,h,1,0.0469,46.9,1250,100,0.26652452,b.Car.Car,0.7293179566139233,Haustorium,Grammica__Haustorium,Grammica__b.Car.Car,0,1382h,C_australis__b.Car.Car
-,12/6/17,AS-23,Grammica,C_cephalanthii,1567Ay,1567,y,1,0.0418,41.8,2050,100,0.490430622,b.Car.Car,0.12565551843624317,Young,Grammica__Young,Grammica__b.Car.Car,0,1567y,C_cephalanthii__b.Car.Car
-,12/6/17,AS-24,Grammica,C_cephalanthii,1567Ay,1567,y,2,0.0394,39.4,2050,100,0.520304569,b.Car.Car,0.1219998747955667,Young,Grammica__Young,Grammica__b.Car.Car,0,1567y,C_cephalanthii__b.Car.Car
6/5/18,6/11/18,AS-39,Grammica,C_cephalanthii,1567Gy,1567,y,1,0.0443,44.3,2050,100,0.46275395,b.Car.Car,0.13114190430828174,Young,Grammica__Young,Grammica__b.Car.Car,0,1567y,C_cephalanthii__b.Car.Car
6/5/18,6/11/18,AS-40,Grammica,C_cephalanthii,1567Gy,1567,y,2,0.0457,45.7,2050,100,0.448577681,b.Car.Car,0.12754585572711916,Young,Grammica__Young,Grammica__b.Car.Car,0,1567y,C_cephalanthii__b.Car.Car
6/5/18,6/11/18,AS-47,Grammica,C_cephalanthii,1567Fy,1567,y,1,0.043,43,2050,100,0.476744186,b.Car.Car,0.14567638898490662,Young,Grammica__Young,Grammica__b.Car.Car,0,1567y,C_cephalanthii__b.Car.Car
6/5/18,6/11/18,AS-48,Grammica,C_cephalanthii,1567Fy,1567,y,2,0.0423,42.3,2050,100,0.48463357,b.Car.Car,0.12088244378602113,Young,Grammica__Young,Grammica__b.Car.Car,0,1567y,C_cephalanthii__b.Car.Car
7/2/18,6/3/18,AS-222,Grammica,C_cephalanthii,1567Dy,1567,y,1,0.0269,26.9,1250,100,0.464684015,b.Car.Car,0.13728702840426885,Young,Grammica__Young,Grammica__b.Car.Car,0,1567y,C_cephalanthii__b.Car.Car
6/5/18,6/11/18,AS-31,Grammica,C_cephalanthii,1567Go,1567,o,1,0.0425,42.5,2050,100,0.482352941,b.Car.Car,0.6520761411307672,Old,Grammica__Old,Grammica__b.Car.Car,0,1567o,C_cephalanthii__b.Car.Car
6/5/18,6/11/18,AS-32,Grammica,C_cephalanthii,1567Go,1567,o,2,0.0598,59.8,2050,100,0.342809365,b.Car.Car,0.6410852142057173,Old,Grammica__Old,Grammica__b.Car.Car,0,1567o,C_cephalanthii__b.Car.Car
6/5/18,6/11/18,AS-37,Grammica,C_cephalanthii,1567Fo,1567,o,1,0.0417,41.7,2050,100,0.491606715,b.Car.Car,0.6122796304231249,Old,Grammica__Old,Grammica__b.Car.Car,0,1567o,C_cephalanthii__b.Car.Car
6/5/18,6/11/18,AS-38,Grammica,C_cephalanthii,1567Fo,1567,o,2,0.0533,53.3,2050,100,0.384615385,b.Car.Car,0.6364400141548305,Old,Grammica__Old,Grammica__b.Car.Car,0,1567o,C_cephalanthii__b.Car.Car
6/5/18,6/11/18,AS-45,Grammica,C_cephalanthii,1567Do,1567,o,1,0.0475,47.5,2050,100,0.431578947,b.Car.Car,0.6390443485577859,Old,Grammica__Old,Grammica__b.Car.Car,0,1567o,C_cephalanthii__b.Car.Car
6/5/18,6/11/18,AS-46,Grammica,C_cephalanthii,1567Do,1567,o,2,0.048,48,2050,100,0.427083333,b.Car.Car,0.6565142470891764,Old,Grammica__Old,Grammica__b.Car.Car,0,1567o,C_cephalanthii__b.Car.Car
6/11/18,6/11/18,AS-126,Grammica,C_cephalanthii,1567Fo,1567,o,1,0.046,46,1250,100,0.27173913,b.Car.Car,0.7380050601029379,Old,Grammica__Old,Grammica__b.Car.Car,0,1567o,C_cephalanthii__b.Car.Car
6/13/18,6/13/18,AS-127,Grammica,C_cephalanthii,1567Fo,1567,o,2,0.0499,49.9,1250,100,0.250501002,b.Car.Car,0.6915168899174379,Old,Grammica__Old,Grammica__b.Car.Car,0,1567o,C_cephalanthii__b.Car.Car
6/13/18,6/13/18,AS-130,Grammica,C_cephalanthii,1567Go,1567,o,1,0.0496,49.6,1250,100,0.252016129,b.Car.Car,0.6237150606688479,Old,Grammica__Old,Grammica__b.Car.Car,0,1567o,C_cephalanthii__b.Car.Car
6/13/18,6/13/18,AS-131,Grammica,C_cephalanthii,1567Go,1567,o,2,0.0414,41.4,1250,100,0.301932367,b.Car.Car,0.7623444636623584,Old,Grammica__Old,Grammica__b.Car.Car,0,1567o,C_cephalanthii__b.Car.Car
6/13/18,6/13/18,AS-132,Grammica,C_cephalanthii,1567Do,1567,o,1,0.0511,51.1,1250,100,0.244618395,b.Car.Car,0.768204279415248,Old,Grammica__Old,Grammica__b.Car.Car,0,1567o,C_cephalanthii__b.Car.Car
6/13/18,6/13/18,AS-133,Grammica,C_cephalanthii,1567Do,1567,o,2,0.0409,40.9,1250,100,0.305623472,b.Car.Car,0.7902623053585967,Old,Grammica__Old,Grammica__b.Car.Car,0,1567o,C_cephalanthii__b.Car.Car
7/2/18,6/3/18,AS-214,Grammica,C_cephalanthii,1567Ao,1567,o,1,0.0422,42.2,1250,100,0.296208531,b.Car.Car,0.7209020626834517,Old,Grammica__Old,Grammica__b.Car.Car,0,1567o,C_cephalanthii__b.Car.Car
7/4/18,7/4/18,AS-263,Grammica,C_cephalanthii,1567Bo,1567,o,1,0.0508,50.8,1250,100,0.246062992,b.Car.Car,0.609480350964136,Old,Grammica__Old,Grammica__b.Car.Car,0,1567o,C_cephalanthii__b.Car.Car
6/13/18,6/13/18,AS-134,Grammica,C_cephalanthii,1567Gh,1567,h,1,0.0406,40.6,1250,100,0.307881773,b.Car.Car,0.4164230323529135,Haustorium,Grammica__Haustorium,Grammica__b.Car.Car,0,1567h,C_cephalanthii__b.Car.Car
6/13/18,6/13/18,AS-135,Grammica,C_cephalanthii,1567Gh,1567,h,2,0.0512,51.2,1250,100,0.244140625,b.Car.Car,0.23284139946971139,Haustorium,Grammica__Haustorium,Grammica__b.Car.Car,0,1567h,C_cephalanthii__b.Car.Car
7/2/18,6/3/18,AS-236,Grammica,C_cephalanthii,1567Dh,1567,h,1,0.0475,47.5,1250,100,0.263157895,b.Car.Car,0.3824495381538645,Haustorium,Grammica__Haustorium,Grammica__b.Car.Car,0,1567h,C_cephalanthii__b.Car.Car
7/2/18,6/3/18,AS-237,Grammica,C_cephalanthii,1567Fh,1567,h,1,0.0492,49.2,1250,100,0.254065041,b.Car.Car,0.3183455903987064,Haustorium,Grammica__Haustorium,Grammica__b.Car.Car,0,1567h,C_cephalanthii__b.Car.Car
6/11/18,6/11/18,AS-122,Grammica,C_cephalanthii,1567Df,1567,f,1,0.0465,46.5,1250,100,0.268817204,b.Car.Car,0.1710459424021342,Flower,Grammica__Flower,Grammica__b.Car.Car,0,1567f,C_cephalanthii__b.Car.Car
6/11/18,6/11/18,AS-123,Grammica,C_cephalanthii,1567Df,1567,f,2,0.0415,41.5,1250,100,0.301204819,b.Car.Car,0.1670065351276146,Flower,Grammica__Flower,Grammica__b.Car.Car,0,1567f,C_cephalanthii__b.Car.Car
6/13/18,6/13/18,AS-169,Grammica,C_cephalanthii,1567Gs,1567,s,1,0.0496,49.6,1250,100,0.252016129,b.Car.Car,0.19871739346877731,Seed,Grammica__Seed,Grammica__b.Car.Car,0,1567s,C_cephalanthii__b.Car.Car
6/14/18,6/14/18,AS-175,Grammica,C_cephalanthii,1567Fs,1567,s,1,0.0448,44.8,1250,100,0.279017857,b.Car.Car,0.17042618752164665,Seed,Grammica__Seed,Grammica__b.Car.Car,0,1567s,C_cephalanthii__b.Car.Car
7/2/18,6/3/18,AS-208,Grammica,C_cephalanthii,1567Ds,1567,s,1,0.0575,57.5,1250,100,0.217391304,b.Car.Car,0.1969630629791954,Seed,Grammica__Seed,Grammica__b.Car.Car,0,1567s,C_cephalanthii__b.Car.Car
7/2/18,6/3/18,AS-215,Grammica,C_cephalanthii,1567Cs,1567,s,1,0.029,29,1250,100,0.431034483,b.Car.Car,0.18941066578538668,Seed,Grammica__Seed,Grammica__b.Car.Car,0,1567s,C_cephalanthii__b.Car.Car
7/2/18,6/3/18,AS-216,Grammica,C_cephalanthii,1567Bs,1567,s,1,0.0541,54.1,1250,100,0.231053604,b.Car.Car,0.19962261083598892,Seed,Grammica__Seed,Grammica__b.Car.Car,0,1567s,C_cephalanthii__b.Car.Car
6/13/18,6/13/18,AS-136,Grammica,C_costaricensis,CUCOAy,CUCO,y,1,0.0495,49.5,1250,100,0.252525253,b.Car.Car,0.47305095576690637,Young,Grammica__Young,Grammica__b.Car.Car,0,CUCOy,C_costaricensis__b.Car.Car
6/13/18,6/13/18,AS-137,Grammica,C_costaricensis,CUCOAy,CUCO,y,2,0.0408,40.8,1250,100,0.306372549,b.Car.Car,0.6046892578059105,Young,Grammica__Young,Grammica__b.Car.Car,0,CUCOy,C_costaricensis__b.Car.Car
6/13/18,6/13/18,AS-158,Grammica,C_costaricensis,CUCOCy,CUCO,y,1,0.042,42,1250,100,0.297619048,b.Car.Car,0.4082874037180446,Young,Grammica__Young,Grammica__b.Car.Car,0,CUCOy,C_costaricensis__b.Car.Car
6/13/18,6/13/18,AS-159,Grammica,C_costaricensis,CUCOCy,CUCO,y,2,0.0483,48.3,1250,100,0.258799172,b.Car.Car,0.4228044433072104,Young,Grammica__Young,Grammica__b.Car.Car,0,CUCOy,C_costaricensis__b.Car.Car
6/13/18,6/13/18,AS-164,Grammica,C_costaricensis,CUCOBy,CUCO,y,1,0.0448,44.8,1250,100,0.279017857,b.Car.Car,0.42622920044881485,Young,Grammica__Young,Grammica__b.Car.Car,0,CUCOy,C_costaricensis__b.Car.Car
6/5/18,6/11/18,AS-61,Grammica,C_costaricensis,CUCOCo,CUCO,o,1,0.0459,45.9,2050,100,0.446623094,b.Car.Car,0.729728332196109,Old,Grammica__Old,Grammica__b.Car.Car,0,CUCOo,C_costaricensis__b.Car.Car
6/5/18,6/11/18,AS-62,Grammica,C_costaricensis,CUCOCo,CUCO,o,2,0.0433,43.3,2050,100,0.473441109,b.Car.Car,0.7388720964615435,Old,Grammica__Old,Grammica__b.Car.Car,0,CUCOo,C_costaricensis__b.Car.Car
6/5/18,6/11/18,AS-77,Grammica,C_costaricensis,CUCOBo,CUCO,o,1,0.044,44,2050,100,0.465909091,b.Car.Car,0.7155065401419803,Old,Grammica__Old,Grammica__b.Car.Car,0,CUCOo,C_costaricensis__b.Car.Car
6/5/18,6/11/18,AS-78,Grammica,C_costaricensis,CUCOBo,CUCO,o,2,0.0468,46.8,2050,100,0.438034188,b.Car.Car,0.7311601343327707,Old,Grammica__Old,Grammica__b.Car.Car,0,CUCOo,C_costaricensis__b.Car.Car
6/11/18,6/11/18,AS-79,Grammica,C_costaricensis,CUCOBo,CUCO,o,3,0.0411,41.1,1250,100,0.304136253,b.Car.Car,0.7190543967098396,Old,Grammica__Old,Grammica__b.Car.Car,0,CUCOo,C_costaricensis__b.Car.Car
6/11/18,6/11/18,AS-80,Grammica,C_costaricensis,CUCOBo,CUCO,o,4,0.046,46,1250,100,0.27173913,b.Car.Car,0.7492686414391118,Old,Grammica__Old,Grammica__b.Car.Car,0,CUCOo,C_costaricensis__b.Car.Car
6/13/18,6/13/18,AS-138,Grammica,C_costaricensis,CUCOAo,CUCO,o,1,0.048,48,1250,100,0.260416667,b.Car.Car,0.7635890189094806,Old,Grammica__Old,Grammica__b.Car.Car,0,CUCOo,C_costaricensis__b.Car.Car
6/13/18,6/13/18,AS-139,Grammica,C_costaricensis,CUCOAo,CUCO,o,2,0.0491,49.1,1250,100,0.254582485,b.Car.Car,0.7809373945999816,Old,Grammica__Old,Grammica__b.Car.Car,0,CUCOo,C_costaricensis__b.Car.Car
6/5/18,6/11/18,AS-57,Grammica,C_costaricensis,CUCOCh,CUCO,h,1,0.0402,40.2,2050,100,0.509950249,b.Car.Car,0.6486869639957435,Haustorium,Grammica__Haustorium,Grammica__b.Car.Car,0,CUCOh,C_costaricensis__b.Car.Car
6/5/18,6/11/18,AS-58,Grammica,C_costaricensis,CUCOCh,CUCO,h,2,0.0432,43.2,2050,100,0.474537037,b.Car.Car,0.6575287558600562,Haustorium,Grammica__Haustorium,Grammica__b.Car.Car,0,CUCOh,C_costaricensis__b.Car.Car
6/5/18,6/11/18,AS-67,Grammica,C_costaricensis,CUCOBh,CUCO,h,1,0.0463,46.3,2050,100,0.442764579,b.Car.Car,0.6161931182993925,Haustorium,Grammica__Haustorium,Grammica__b.Car.Car,0,CUCOh,C_costaricensis__b.Car.Car
6/5/18,6/11/18,AS-68,Grammica,C_costaricensis,CUCOBh,CUCO,h,2,0.0412,41.2,2050,100,0.497572816,b.Car.Car,0.6441456962311878,Haustorium,Grammica__Haustorium,Grammica__b.Car.Car,0,CUCOh,C_costaricensis__b.Car.Car
6/13/18,6/13/18,AS-140,Grammica,C_costaricensis,CUCOAh,CUCO,h,1,0.044,44,1250,100,0.284090909,b.Car.Car,0.6023147323420177,Haustorium,Grammica__Haustorium,Grammica__b.Car.Car,0,CUCOh,C_costaricensis__b.Car.Car
6/13/18,6/13/18,AS-141,Grammica,C_costaricensis,CUCOAh,CUCO,h,2,0.0438,43.8,1250,100,0.285388128,b.Car.Car,0.6176582918795613,Haustorium,Grammica__Haustorium,Grammica__b.Car.Car,0,CUCOh,C_costaricensis__b.Car.Car
6/5/18,6/11/18,AS-71,Grammica,C_tasmanica,1715Cy,17-15,y,1,0.049,49,2050,100,0.418367347,b.Car.Car,0.501941775887455,Young,Grammica__Young,Grammica__b.Car.Car,0,17-15y,C_tasmanica__b.Car.Car
6/5/18,6/11/18,AS-72,Grammica,C_tasmanica,1715Cy,17-15,y,2,0.044,44,2050,100,0.465909091,b.Car.Car,0.5310602675880342,Young,Grammica__Young,Grammica__b.Car.Car,0,17-15y,C_tasmanica__b.Car.Car
6/11/18,6/11/18,AS-89,Grammica,C_tasmanica,1715Ay,17-15,y,1,0.0478,47.8,1250,100,0.261506276,b.Car.Car,0.49305249994429445,Young,Grammica__Young,Grammica__b.Car.Car,0,17-15y,C_tasmanica__b.Car.Car
6/11/18,6/11/18,AS-90,Grammica,C_tasmanica,1715Ay,17-15,y,2,0.0485,48.5,1250,100,0.257731959,b.Car.Car,0.48724914427220917,Young,Grammica__Young,Grammica__b.Car.Car,0,17-15y,C_tasmanica__b.Car.Car
6/11/18,6/11/18,AS-93,Grammica,C_tasmanica,1715By,17-15,y,1,0.0515,51.5,1250,100,0.242718447,b.Car.Car,0.4901573413644797,Young,Grammica__Young,Grammica__b.Car.Car,0,17-15y,C_tasmanica__b.Car.Car
6/11/18,6/11/18,AS-94,Grammica,C_tasmanica,1715By,17-15,y,2,0.0515,51.5,1250,100,0.242718447,b.Car.Car,0.5382382111219451,Young,Grammica__Young,Grammica__b.Car.Car,0,17-15y,C_tasmanica__b.Car.Car
6/13/18,6/13/18,AS-142,Grammica,C_tasmanica,1715Dy,17-15,y,1,0.045,45,1250,100,0.277777778,b.Car.Car,0.6476405400481143,Young,Grammica__Young,Grammica__b.Car.Car,0,17-15y,C_tasmanica__b.Car.Car
6/13/18,6/13/18,AS-143,Grammica,C_tasmanica,1715Dy,17-15,y,2,0.0498,49.8,1250,100,0.251004016,b.Car.Car,0.6196087055077265,Young,Grammica__Young,Grammica__b.Car.Car,0,17-15y,C_tasmanica__b.Car.Car
6/5/18,6/11/18,AS-69,Grammica,C_tasmanica,1715Co,17-15,o,1,0.048,48,2050,100,0.427083333,b.Car.Car,0.8355254174202815,Old,Grammica__Old,Grammica__b.Car.Car,0,17-15o,C_tasmanica__b.Car.Car
6/5/18,6/11/18,AS-70,Grammica,C_tasmanica,1715Co,17-15,o,2,0.0481,48.1,2050,100,0.426195426,b.Car.Car,0.8364117302626698,Old,Grammica__Old,Grammica__b.Car.Car,0,17-15o,C_tasmanica__b.Car.Car
6/11/18,6/11/18,AS-91,Grammica,C_tasmanica,1715Bo,17-15,o,1,0.0492,49.2,1250,100,0.254065041,b.Car.Car,0.7711156311912346,Old,Grammica__Old,Grammica__b.Car.Car,0,17-15o,C_tasmanica__b.Car.Car
6/11/18,6/11/18,AS-92,Grammica,C_tasmanica,1715Bo,17-15,o,2,0.0498,49.8,1250,100,0.251004016,b.Car.Car,0.7572952365811977,Old,Grammica__Old,Grammica__b.Car.Car,0,17-15o,C_tasmanica__b.Car.Car
6/11/18,6/11/18,AS-95,Grammica,C_tasmanica,1715Ao,17-15,o,1,0.0418,41.8,1250,100,0.299043062,b.Car.Car,0.8796428769122678,Old,Grammica__Old,Grammica__b.Car.Car,0,17-15o,C_tasmanica__b.Car.Car
6/11/18,6/11/18,AS-96,Grammica,C_tasmanica,1715Ao,17-15,o,2,0.0472,47.2,1250,100,0.264830508,b.Car.Car,0.797032036972699,Old,Grammica__Old,Grammica__b.Car.Car,0,17-15o,C_tasmanica__b.Car.Car
6/11/18,6/11/18,AS-110,Grammica,C_tasmanica,1715Bo,17-15,o,1,0.0523,52.3,1250,100,0.239005736,b.Car.Car,0.7642559316200976,Old,Grammica__Old,Grammica__b.Car.Car,0,17-15o,C_tasmanica__b.Car.Car
6/11/18,6/11/18,AS-111,Grammica,C_tasmanica,1715Bo,17-15,o,2,0.0466,46.6,1250,100,0.268240343,b.Car.Car,0.8087436547432072,Old,Grammica__Old,Grammica__b.Car.Car,0,17-15o,C_tasmanica__b.Car.Car
6/13/18,6/13/18,AS-144,Grammica,C_tasmanica,1715Do,17-15,o,1,0.0505,50.5,1250,100,0.247524752,b.Car.Car,0.8078818908712554,Old,Grammica__Old,Grammica__b.Car.Car,0,17-15o,C_tasmanica__b.Car.Car
6/13/18,6/13/18,AS-145,Grammica,C_tasmanica,1715Do,17-15,o,2,0.041,41,1250,100,0.304878049,b.Car.Car,0.7893437476775044,Old,Grammica__Old,Grammica__b.Car.Car,0,17-15o,C_tasmanica__b.Car.Car
7/10/18,7/11/18,AS-273,Grammica,C_tasmanica,1715o,17-15,o,1,0.0447,44.7,1250,100,0.279642058,b.Car.Car,0.6014649128672376,Old,Grammica__Old,Grammica__b.Car.Car,0,17-15o,C_tasmanica__b.Car.Car
6/13/18,6/13/18,AS-150,Grammica,C_tasmanica,1715Dh,17-15,h,1,0.0406,40.6,1250,100,0.307881773,b.Car.Car,0.5648325847600593,Haustorium,Grammica__Haustorium,Grammica__b.Car.Car,0,17-15h,C_tasmanica__b.Car.Car
6/13/18,6/13/18,AS-151,Grammica,C_tasmanica,1715Dh,17-15,h,2,0.0433,43.3,1250,100,0.288683603,b.Car.Car,0.5519939709925328,Haustorium,Grammica__Haustorium,Grammica__b.Car.Car,0,17-15h,C_tasmanica__b.Car.Car
6/13/18,6/13/18,AS-166,Grammica,C_tasmanica,1715Ch,17-15,h,1,0.052,52,1250,100,0.240384615,b.Car.Car,0.6389341625573234,Haustorium,Grammica__Haustorium,Grammica__b.Car.Car,0,17-15h,C_tasmanica__b.Car.Car
6/14/18,6/14/18,AS-180,Grammica,C_tasmanica,1715Ah,17-15,h,1,0.0467,46.7,1250,100,0.267665953,b.Car.Car,0.6735304967101797,Haustorium,Grammica__Haustorium,Grammica__b.Car.Car,0,17-15h,C_tasmanica__b.Car.Car
6/14/18,6/14/18,AS-181,Grammica,C_tasmanica,1715Bh,17-15,h,1,0.0419,41.9,1250,100,0.298329356,b.Car.Car,0.5459318563582765,Haustorium,Grammica__Haustorium,Grammica__b.Car.Car,0,17-15h,C_tasmanica__b.Car.Car
6/5/18,6/11/18,AS-59,Grammica,C_tasmanica,1715Bf,17-15,f,1,0.0417,41.7,2050,100,0.491606715,b.Car.Car,0.5801156521173273,Flower,Grammica__Flower,Grammica__b.Car.Car,0,17-15f,C_tasmanica__b.Car.Car
6/5/18,6/11/18,AS-60,Grammica,C_tasmanica,1715Bf,17-15,f,2,0.0475,47.5,2050,100,0.431578947,b.Car.Car,0.5306503240886481,Flower,Grammica__Flower,Grammica__b.Car.Car,0,17-15f,C_tasmanica__b.Car.Car
6/11/18,6/11/18,AS-97,Grammica,C_tasmanica,1715Df,17-15,f,1,0.0475,47.5,1250,100,0.263157895,b.Car.Car,0,Flower,Grammica__Flower,Grammica__b.Car.Car,0,17-15f,C_tasmanica__b.Car.Car
6/11/18,6/11/18,AS-98,Grammica,C_tasmanica,1715Df,17-15,f,1,0.0413,41.3,1250,100,0.302663438,b.Car.Car,0.5377980393681745,Flower,Grammica__Flower,Grammica__b.Car.Car,0,17-15f,C_tasmanica__b.Car.Car
6/13/18,6/13/18,AS-148,Grammica,C_tasmanica,1715Af,17-15,f,1,0.0419,41.9,1250,100,0.298329356,b.Car.Car,0.6654747123613726,Flower,Grammica__Flower,Grammica__b.Car.Car,0,17-15f,C_tasmanica__b.Car.Car
6/13/18,6/13/18,AS-149,Grammica,C_tasmanica,1715Af,17-15,f,2,0.0514,51.4,1250,100,0.243190661,b.Car.Car,0.6443926967733812,Flower,Grammica__Flower,Grammica__b.Car.Car,0,17-15f,C_tasmanica__b.Car.Car
7/4/18,7/4/18,AS-262,Grammica,C_tasmanica,1715Cf,17-15,f,1,0.0524,52.4,1250,100,0.238549618,b.Car.Car,0.5612757702324002,Flower,Grammica__Flower,Grammica__b.Car.Car,0,17-15f,C_tasmanica__b.Car.Car
6/11/18,6/11/18,AS-99,Grammica,C_californica,17105Ay,ss17-105,y,2,0.0395,39.5,1250,100,0.316455696,b.Car.Car,0.33326791787221255,Young,Grammica__Young,Grammica__b.Car.Car,0,ss17-105y,C_californica__b.Car.Car
6/13/18,6/13/18,AS-154,Grammica,C_californica,17105Cy,ss17-105,y,1,0.0415,41.5,1250,100,0.301204819,b.Car.Car,0.4069057839625995,Young,Grammica__Young,Grammica__b.Car.Car,0,ss17-105y,C_californica__b.Car.Car
6/13/18,6/13/18,AS-155,Grammica,C_californica,17105Cy,ss17-105,y,2,0.0323,32.3,1250,100,0.386996904,b.Car.Car,0.3501488369136054,Young,Grammica__Young,Grammica__b.Car.Car,0,ss17-105y,C_californica__b.Car.Car
6/13/18,6/13/18,AS-172,Grammica,C_californica,17105By,ss17-105,y,1,0.0162,16.2,1250,100,0.771604938,b.Car.Car,0.3651257429599099,Young,Grammica__Young,Grammica__b.Car.Car,0,ss17-105y,C_californica__b.Car.Car
7/10/18,7/11/18,AS-272,Grammica,C_californica,17105Dy,ss17-105,y,1,0.0518,51.8,1250,100,0.241312741,b.Car.Car,0.33295192402335705,Young,Grammica__Young,Grammica__b.Car.Car,0,ss17-105y,C_californica__b.Car.Car
7/11/18,7/11/18,AS-312,Grammica,C_californica,17105Ey,ss17-105,y,1,0.0168,16.8,950,100,0.56547619,b.Car.Car,0.37289894245730776,Young,Grammica__Young,Grammica__b.Car.Car,0,ss17-105y,C_californica__b.Car.Car
6/5/18,6/11/18,AS-63,Grammica,C_californica,17105Do,ss17-105,o,1,0.049,49,2050,100,0.418367347,b.Car.Car,0.5861414328378222,Old,Grammica__Old,Grammica__b.Car.Car,0,ss17-105o,C_californica__b.Car.Car
6/5/18,6/11/18,AS-64,Grammica,C_californica,17105Do,ss17-105,o,2,0.0442,44.2,2050,100,0.463800905,b.Car.Car,0.5667839374702188,Old,Grammica__Old,Grammica__b.Car.Car,0,ss17-105o,C_californica__b.Car.Car
6/11/18,6/11/18,AS-102,Grammica,C_californica,17105Ao,ss17-105,o,1,0.0448,44.8,1250,100,0.279017857,b.Car.Car,0.6359691208114311,Old,Grammica__Old,Grammica__b.Car.Car,0,ss17-105o,C_californica__b.Car.Car
6/11/18,6/11/18,AS-103,Grammica,C_californica,17105Ao,ss17-105,o,2,0.0492,49.2,1250,100,0.254065041,b.Car.Car,0.6139561556540327,Old,Grammica__Old,Grammica__b.Car.Car,0,ss17-105o,C_californica__b.Car.Car
6/13/18,6/13/18,AS-146,Grammica,C_californica,17105Co,ss17-105,o,1,0.0465,46.5,1250,100,0.268817204,b.Car.Car,0.43153872133791804,Old,Grammica__Old,Grammica__b.Car.Car,0,ss17-105o,C_californica__b.Car.Car
6/13/18,6/13/18,AS-147,Grammica,C_californica,17105Co,ss17-105,o,2,0.0465,46.5,1250,100,0.268817204,b.Car.Car,0.47272890669694423,Old,Grammica__Old,Grammica__b.Car.Car,0,ss17-105o,C_californica__b.Car.Car
6/13/18,6/13/18,AS-171,Grammica,C_californica,17105Bo,ss17-105,o,1,0.0506,50.6,1250,100,0.247035573,b.Car.Car,0.7270668327434492,Old,Grammica__Old,Grammica__b.Car.Car,0,ss17-105o,C_californica__b.Car.Car
6/13/18,6/13/18,AS-152,Grammica,C_californica,17105Ch,ss17-105,h,1,0.0448,44.8,1250,100,0.279017857,b.Car.Car,0.3250540659750626,Haustorium,Grammica__Haustorium,Grammica__b.Car.Car,0,ss17-105h,C_californica__b.Car.Car
6/13/18,6/13/18,AS-153 ,Grammica,C_californica,17105Ch,ss17-105,h,2,0.0152,15.2,1250,100,0.822368421,b.Car.Car,0.3583277232740559,Haustorium,Grammica__Haustorium,Grammica__b.Car.Car,0,ss17-105h,C_californica__b.Car.Car
6/13/18,6/13/18,AS-156,Grammica,C_californica,17105Ah,ss17-105,h,1,0.0448,44.8,1250,100,0.279017857,b.Car.Car,0.5327093610946886,Haustorium,Grammica__Haustorium,Grammica__b.Car.Car,0,ss17-105h,C_californica__b.Car.Car
6/13/18,6/13/18,AS-157,Grammica,C_californica,17105Ah,ss17-105,h,2,0.0429,42.9,1250,100,0.291375291,b.Car.Car,0.4411721821157633,Haustorium,Grammica__Haustorium,Grammica__b.Car.Car,0,ss17-105h,C_californica__b.Car.Car
6/13/18,6/13/18,AS-167,Grammica,C_californica,17105Bh,ss17-105,h,1,0.05,50,1250,100,0.25,b.Car.Car,0.4203389694433306,Haustorium,Grammica__Haustorium,Grammica__b.Car.Car,0,ss17-105h,C_californica__b.Car.Car
7/2/18,6/3/18,AS-239,Grammica,C_californica,17105Eh,ss17-105,h,1,0.0431,43.1,1250,100,0.290023202,b.Car.Car,0.46713086355002087,Haustorium,Grammica__Haustorium,Grammica__b.Car.Car,0,ss17-105h,C_californica__b.Car.Car
7/10/18,7/11/18,AS-298,Grammica,C_californica,17105Dh,ss17-105,h,1,0.0455,45.5,1250,100,0.274725275,b.Car.Car,0.5367263288316825,Haustorium,Grammica__Haustorium,Grammica__b.Car.Car,0,ss17-105h,C_californica__b.Car.Car
6/14/18,6/14/18,AS-179,Grammica,C_californica,17105Cf,ss17-105,f,1,0.0459,45.9,1250,100,0.272331155,b.Car.Car,0.2910785490472657,Flower,Grammica__Flower,Grammica__b.Car.Car,0,ss17-105f,C_californica__b.Car.Car
7/4/18,7/4/18,AS-251,Grammica,C_californica,17105Af,ss17-105,f,1,0.0549,54.9,1250,100,0.227686703,b.Car.Car,0.46144662861331925,Flower,Grammica__Flower,Grammica__b.Car.Car,0,ss17-105f,C_californica__b.Car.Car
7/4/18,7/4/18,AS-252,Grammica,C_californica,17105Bf,ss17-105,f,1,0.0456,45.6,1250,100,0.274122807,b.Car.Car,0.41987349601727825,Flower,Grammica__Flower,Grammica__b.Car.Car,0,ss17-105f,C_californica__b.Car.Car
7/4/18,7/4/18,AS-253,Grammica,C_californica,17105Bf,ss17-105,f,2,0.0521,52.1,1250,100,0.239923225,b.Car.Car,0.4212535572091915,Flower,Grammica__Flower,Grammica__b.Car.Car,0,ss17-105f,C_californica__b.Car.Car
7/10/18,7/11/18,AS-279,Grammica,C_californica,17105Df,ss17-105,f,1,0.0484,48.4,1250,100,0.258264463,b.Car.Car,0.314511258577987,Flower,Grammica__Flower,Grammica__b.Car.Car,0,ss17-105f,C_californica__b.Car.Car
7/10/18,7/11/18,AS-280,Grammica,C_californica,17105Ef,ss17-105,f,1,0.0462,46.2,1250,100,0.270562771,b.Car.Car,0.3856734857202202,Flower,Grammica__Flower,Grammica__b.Car.Car,0,ss17-105f,C_californica__b.Car.Car
6/5/18,6/11/18,AS-73,Grammica,C_californica,17105Eo,ss17-105,o,1,0.0481,48.1,2050,100,0.426195426,b.Car.Car,0.6467182082979414,Old,Grammica__Old,Grammica__b.Car.Car,0,ss17-105o,C_californica__b.Car.Car
6/5/18,6/11/18,AS-74,Grammica,C_californica,17105Eo,ss17-105,o,2,0.0476,47.6,2050,100,0.430672269,b.Car.Car,0.6224697847115436,Old,Grammica__Old,Grammica__b.Car.Car,0,ss17-105o,C_californica__b.Car.Car
6/11/18,6/11/18,AS-104,Grammica,C_indecora,1677Dy,ss16-17,y,1,0.0464,46.4,1250,100,0.269396552,b.Car.Car,0.38885131658773703,Young,Grammica__Young,Grammica__b.Car.Car,0,ss16-17y,C_indecora__b.Car.Car
6/11/18,6/11/18,AS-105,Grammica,C_indecora,1677Dy,ss16-17,y,2,0.0431,43.1,1250,100,0.290023202,b.Car.Car,0.4684567406212544,Young,Grammica__Young,Grammica__b.Car.Car,0,ss16-17y,C_indecora__b.Car.Car
6/11/18,6/11/18,AS-106,Grammica,C_indecora,1677By,ss16-17,y,1,0.0505,50.5,1250,100,0.247524752,b.Car.Car,0.44212809086968985,Young,Grammica__Young,Grammica__b.Car.Car,0,ss16-17y,C_indecora__b.Car.Car
6/11/18,6/11/18,AS-107,Grammica,C_indecora,1677By,ss16-17,y,2,0.051,51,1250,100,0.245098039,b.Car.Car,0.4437040894374372,Young,Grammica__Young,Grammica__b.Car.Car,0,ss16-17y,C_indecora__b.Car.Car
6/11/18,6/11/18,AS-100,Grammica,C_indecora,1677Do,ss16-17,o,1,0.0497,49.7,1250,100,0.251509054,b.Car.Car,0.7041077195339077,Old,Grammica__Old,Grammica__b.Car.Car,0,ss16-17o,C_indecora__b.Car.Car
6/11/18,6/11/18,AS-101,Grammica,C_indecora,1677Do,ss16-17,o,2,0.043,43,1250,100,0.290697674,b.Car.Car,0.9192807900680533,Old,Grammica__Old,Grammica__b.Car.Car,0,ss16-17o,C_indecora__b.Car.Car
6/14/18,6/14/18,AS-188,Grammica,C_indecora,1677Co,ss16-17,o,1,0.0495,49.5,1250,100,0.252525253,b.Car.Car,0.7811510046229696,Old,Grammica__Old,Grammica__b.Car.Car,0,ss16-17o,C_indecora__b.Car.Car
7/11/18,7/11/18,AS-308,Grammica,C_indecora,1677Bo,ss16-17,o,1,0.0472,47.2,1250,100,0.264830508,b.Car.Car,0.600394631854507,Old,Grammica__Old,Grammica__b.Car.Car,0,ss16-17o,C_indecora__b.Car.Car
7/2/18,6/3/18,AS-223,Grammica,C_indecora,1677Dh,ss16-17,h,1,0.0416,41.6,1250,100,0.300480769,b.Car.Car,0.8065357944315323,Haustorium,Grammica__Haustorium,Grammica__b.Car.Car,0,ss16-17h,C_indecora__b.Car.Car
7/10/18,7/11/18,AS-283,Grammica,C_indecora,1677Bh,ss16-17,h,1,0.0454,45.4,1250,100,0.275330396,b.Car.Car,0.6866902667263035,Haustorium,Grammica__Haustorium,Grammica__b.Car.Car,0,ss16-17h,C_indecora__b.Car.Car
6/14/18,6/14/18,AS-189,Grammica,C_indecora,1677Df,ss16-17,f,1,0.0435,43.5,1250,100,0.287356322,b.Car.Car,0.6326365157739144,Flower,Grammica__Flower,Grammica__b.Car.Car,0,ss16-17f,C_indecora__b.Car.Car
6/14/18,6/14/18,AS-195,Grammica,C_indecora,1677Af,ss16-17,f,1,0.054,54,1250,100,0.231481481,b.Car.Car,0.05470674608896625,Flower,Grammica__Flower,Grammica__b.Car.Car,0,ss16-17f,C_indecora__b.Car.Car
7/2/18,6/3/18,AS-243,Grammica,C_indecora,1677Bf,ss16-17,f,1,0.0441,44.1,1250,100,0.283446712,b.Car.Car,0.4821273763979408,Flower,Grammica__Flower,Grammica__b.Car.Car,0,ss16-17f,C_indecora__b.Car.Car
7/2/18,6/3/18,AS-204,Grammica,C_denticulata,1346Dy,ss13-46,y,1,0.0447,44.7,1250,100,0.279642058,b.Car.Car,0.2430167673194054,Young,Grammica__Young,Grammica__b.Car.Car,0,ss13-46y,C_denticulata__b.Car.Car
7/4/18,7/4/18,AS-268,Grammica,C_denticulata,1346Dy,ss13-46,y,1,0.0427,42.7,1250,100,0.292740047,b.Car.Car,0.23529567087250264,Young,Grammica__Young,Grammica__b.Car.Car,0,ss13-46y,C_denticulata__b.Car.Car
7/10/18,7/11/18,AS-278,Grammica,C_denticulata,1346By,ss13-46,y,1,0.0437,43.7,1250,100,0.28604119,b.Car.Car,0.38162442584325995,Young,Grammica__Young,Grammica__b.Car.Car,0,ss13-46y,C_denticulata__b.Car.Car
7/10/18,7/11/18,AS-289,Grammica,C_denticulata,1346Ay,ss13-46,y,1,0.0426,42.6,1250,100,0.29342723,b.Car.Car,0.36097557616522563,Young,Grammica__Young,Grammica__b.Car.Car,0,ss13-46y,C_denticulata__b.Car.Car
7/10/18,7/11/18,AS-292,Grammica,C_denticulata,1346Cy,ss13-46,y,1,0.0516,51.6,1350,100,0.261627907,b.Car.Car,0.3431184552231139,Young,Grammica__Young,Grammica__b.Car.Car,0,ss13-46y,C_denticulata__b.Car.Car
7/10/18,7/11/18,AS-294,Grammica,C_denticulata,1346Dy,ss13-46,y,1,0.0493,49.3,1250,100,0.253549696,b.Car.Car,0.21707344227635622,Young,Grammica__Young,Grammica__b.Car.Car,0,ss13-46y,C_denticulata__b.Car.Car
7/11/18,7/11/18,AS-315,Grammica,C_denticulata,1346y (trial) ,ss13-46,y,1,0.0461,46.1,1250,100,0.271149675,b.Car.Car,0.36164889400559047,Young,Grammica__Young,Grammica__b.Car.Car,0,ss13-46y,C_denticulata__b.Car.Car
6/13/18,6/13/18,AS-170,Grammica,C_denticulata,1346Ao,ss13-46,o,1,0.0493,49.3,1250,100,0.253549696,b.Car.Car,0.6221314158178579,Old,Grammica__Old,Grammica__b.Car.Car,0,ss13-46o,C_denticulata__b.Car.Car
7/2/18,6/3/18,AS-233,Grammica,C_denticulata,1346Do,ss13-46,o,1,0.0465,46.5,1250,100,0.268817204,b.Car.Car,0.5614580644264573,Old,Grammica__Old,Grammica__b.Car.Car,0,ss13-46o,C_denticulata__b.Car.Car
7/4/18,7/4/18,AS-257,Grammica,C_denticulata,1346Bo,ss13-46,o,1,0.0493,49.3,1250,100,0.253549696,b.Car.Car,0.7146643000504125,Old,Grammica__Old,Grammica__b.Car.Car,0,ss13-46o,C_denticulata__b.Car.Car
7/4/18,7/4/18,AS-269,Grammica,C_denticulata,1346Ao,ss13-46,o,1,0.0447,44.7,1250,100,0.279642058,b.Car.Car,0.5705182057529178,Old,Grammica__Old,Grammica__b.Car.Car,0,ss13-46o,C_denticulata__b.Car.Car
7/10/18,7/11/18,AS-293,Grammica,C_denticulata,1346Do,ss13-46,o,1,0.051,51,1250,100,0.245098039,b.Car.Car,0.5719158288540669,Old,Grammica__Old,Grammica__b.Car.Car,0,ss13-46o,C_denticulata__b.Car.Car
6/14/18,6/14/18,AS-176,Grammica,C_denticulata,1346Ah,ss13-46,h,1,0.0499,49.9,1250,100,0.250501002,b.Car.Car,0.5355039853432456,Haustorium,Grammica__Haustorium,Grammica__b.Car.Car,0,ss13-46h,C_denticulata__b.Car.Car
7/4/18,7/4/18,AS-256,Grammica,C_denticulata,1346Bh,ss13-46,h,1,0.0505,50.5,1250,100,0.247524752,b.Car.Car,0.5836779580489567,Haustorium,Grammica__Haustorium,Grammica__b.Car.Car,0,ss13-46h,C_denticulata__b.Car.Car
7/10/18,7/11/18,AS-277,Grammica,C_denticulata,13466Dh,ss13-46,h,1,0.0425,42.5,1250,100,0.294117647,b.Car.Car,0.4900334089413374,Haustorium,Grammica__Haustorium,Grammica__b.Car.Car,0,ss13-46h,C_denticulata__b.Car.Car
7/10/18,7/11/18,AS-291,Grammica,C_denticulata,1346Ch,ss13-46,h,1,0.0428,42.8,1250,100,0.292056075,b.Car.Car,0.4717291617058784,Haustorium,Grammica__Haustorium,Grammica__b.Car.Car,0,ss13-46h,C_denticulata__b.Car.Car
7/10/18,7/11/18,AS-274,Grammica,C_denticulata,1346Cf,ss13-46,f,1,0.045,45,1250,100,0.277777778,b.Car.Car,0.38825244612214177,Flower,Grammica__Flower,Grammica__b.Car.Car,0,ss13-46f,C_denticulata__b.Car.Car
7/10/18,7/11/18,AS-290,Grammica,C_denticulata,1346Af,ss13-46,f,1,0.0421,42.1,1250,100,0.296912114,b.Car.Car,0.49378425844709695,Flower,Grammica__Flower,Grammica__b.Car.Car,0,ss13-46f,C_denticulata__b.Car.Car
-,12/6/17,AS-01,Grammica,C_sandwichiana,155sdlg,155,sdlg,1,0.0344,34.4,2050,100,0.595930233,Neo.Car,0,Seedling,Grammica__Seedling,Grammica__Neo.Car,0,155sdlg,C_sandwichiana__Neo.Car
-,12/6/17,AS-06,Grammica,C_sandwichiana,155sdlg,155,sdlg,2,0.0328,32.8,2050,100,0.625,Neo.Car,0,Seedling,Grammica__Seedling,Grammica__Neo.Car,0,155sdlg,C_sandwichiana__Neo.Car
6/14/18,6/14/18,AS-197,Grammica,C_sandwichiana,155Cy,155,y,1,0.0435,43.5,1250,100,0.287356322,Neo.Car,0,Young,Grammica__Young,Grammica__Neo.Car,0,155y,C_sandwichiana__Neo.Car
7/14/18,6/3/18,AS-228,Grammica,C_sandwichiana,155Ay,155,y,1,0.0464,46.4,1250,100,0.269396552,Neo.Car,0,Young,Grammica__Young,Grammica__Neo.Car,0,155y,C_sandwichiana__Neo.Car
7/2/18,6/3/18,AS-231,Grammica,C_sandwichiana,155Dy,155,y,1,0.053900000000000003,53.9,1250,100,0.231910946,Neo.Car,0,Young,Grammica__Young,Grammica__Neo.Car,0,155y,C_sandwichiana__Neo.Car
7/2/18,6/3/18,AS-241,Grammica,C_sandwichiana,155By,155,y,1,0.0448,44.8,1250,100,0.279017857,Neo.Car,0,Young,Grammica__Young,Grammica__Neo.Car,0,155y,C_sandwichiana__Neo.Car
7/11/18,7/11/18,AS-309,Grammica,C_sandwichiana,155Cy,155,y,1,0.084,84,1250,100,0.148809524,Neo.Car,0,Young,Grammica__Young,Grammica__Neo.Car,0,155y,C_sandwichiana__Neo.Car
6/14/18,6/14/18,AS-184,Grammica,C_sandwichiana,155Ao,155,o,1,0.0484,48.4,1250,100,0.258264463,Neo.Car,0,Old,Grammica__Old,Grammica__Neo.Car,0,155o,C_sandwichiana__Neo.Car
6/14/18,6/14/18,AS-186,Grammica,C_sandwichiana,155Do,155,o,1,0.0455,45.5,1250,100,0.274725275,Neo.Car,0,Old,Grammica__Old,Grammica__Neo.Car,0,155o,C_sandwichiana__Neo.Car
6/14/18,6/14/18,AS-187,Grammica,C_sandwichiana,155Bo,155,o,1,0.0477,47.7,1250,100,0.262054507,Neo.Car,0,Old,Grammica__Old,Grammica__Neo.Car,0,155o,C_sandwichiana__Neo.Car
7/2/18,6/3/18,AS-203,Grammica,C_sandwichiana,155Co,155,o,1,0.0498,49.8,1250,100,0.251004016,Neo.Car,0,Old,Grammica__Old,Grammica__Neo.Car,0,155o,C_sandwichiana__Neo.Car
7/2/18,6/3/18,AS-229,Grammica,C_sandwichiana,155Bh,155,h,1,0.045,45,1250,100,0.277777778,Neo.Car,0,Haustorium,Grammica__Haustorium,Grammica__Neo.Car,0,155h,C_sandwichiana__Neo.Car
7/2/18,6/3/18,AS-230,Grammica,C_sandwichiana,155Ch,155,h,1,0.0446,44.6,1250,100,0.280269058,Neo.Car,0,Haustorium,Grammica__Haustorium,Grammica__Neo.Car,0,155h,C_sandwichiana__Neo.Car
7/2/18,6/3/18,AS-232,Grammica,C_sandwichiana,155Dh,155,h,1,0.0408,40.8,1250,100,0.306372549,Neo.Car,0,Haustorium,Grammica__Haustorium,Grammica__Neo.Car,0,155h,C_sandwichiana__Neo.Car
7/2/18,6/3/18,AS-245,Grammica,C_sandwichiana,155Ch,155,h,1,0.0482,48.2,1250,100,0.2593361,Neo.Car,0,Haustorium,Grammica__Haustorium,Grammica__Neo.Car,0,155h,C_sandwichiana__Neo.Car
7/10/18,7/11/18,AS-281,Grammica,C_sandwichiana,155Ah,155,h,1,0.0488,48.8,1250,100,0.256147541,Neo.Car,0,Haustorium,Grammica__Haustorium,Grammica__Neo.Car,0,155h,C_sandwichiana__Neo.Car
6/14/18,6/14/18,AS-196,Grammica,C_sandwichiana,155Cf,155,f,1,0.0441,44.1,1250,100,0.283446712,Neo.Car,0,Flower,Grammica__Flower,Grammica__Neo.Car,0,155f,C_sandwichiana__Neo.Car
7/4/18,7/4/18,AS-247,Grammica,C_sandwichiana,155Af,155,f,1,0.0445,44.5,1250,100,0.280898876,Neo.Car,0,Flower,Grammica__Flower,Grammica__Neo.Car,0,155f,C_sandwichiana__Neo.Car
-,12/6/17,AS-02,Grammica,C_polygonorum,1705sdlg,1705,sdlg,1,0.0142,14.2,2050,100,1.443661972,Neo.Car,0,Seedling,Grammica__Seedling,Grammica__Neo.Car,0,1705sdlg,C_polygonorum__Neo.Car
-,12/6/17,AS-04,Grammica,C_polygonorum,1705sdlg,1705,sdlg,2,0.0369,36.9,2050,100,0.555555556,Neo.Car,0.015869837223733765,Seedling,Grammica__Seedling,Grammica__Neo.Car,0,1705sdlg,C_polygonorum__Neo.Car
-,12/6/17,AS-05,Grammica,C_polygonorum,1705sdlg,1705,sdlg,3,0.0501,50.1,2050,100,0.409181637,Neo.Car,0.018748590337567938,Seedling,Grammica__Seedling,Grammica__Neo.Car,0,1705sdlg,C_polygonorum__Neo.Car
7/11/18,7/11/18,AS-304,Grammica,C_polygonorum,1705sdlg,1705,sdlg,1,0.0338,33.8,950,100,0.281065089,Neo.Car,0,Seedling,Grammica__Seedling,Grammica__Neo.Car,0,1705sdlg,C_polygonorum__Neo.Car
7/11/18,7/11/18,AS-310,Grammica,C_polygonorum,1705sdlg,1705,sdlg,1,0.0298,29.8,950,100,0.318791946,Neo.Car,0.05123501820328351,Seedling,Grammica__Seedling,Grammica__Neo.Car,0,1705sdlg,C_polygonorum__Neo.Car
6/14/18,6/14/18,AS-183,Grammica,C_polygonorum,1705Ay,1705,y,1,0.0408,40.8,1250,100,0.306372549,Neo.Car,0,Young,Grammica__Young,Grammica__Neo.Car,0,1705y,C_polygonorum__Neo.Car
7/10/18,7/11/18,AS-288,Grammica,C_polygonorum,1705Cy,1705,y,1,0.0524,52.4,1250,100,0.238549618,Neo.Car,0,Young,Grammica__Young,Grammica__Neo.Car,0,1705y,C_polygonorum__Neo.Car
7/10/18,7/11/18,AS-295,Grammica,C_polygonorum,1705Dy,1705,y,1,0.0432,43.2,1250,100,0.289351852,Neo.Car,0,Young,Grammica__Young,Grammica__Neo.Car,0,1705y,C_polygonorum__Neo.Car
7/11/18,7/11/18,AS-303,Grammica,C_polygonorum,1705By,1705,y,1,0.0672,67.2,1250,100,0.186011905,Neo.Car,0,Young,Grammica__Young,Grammica__Neo.Car,0,1705y,C_polygonorum__Neo.Car
6/14/18,6/14/18,AS-182,Grammica,C_polygonorum,1705Ao,1705,o,1,0.048,48,1250,100,0.260416667,Neo.Car,0,Old,Grammica__Old,Grammica__Neo.Car,0,1705o,C_polygonorum__Neo.Car
7/2/18,6/3/18,AS-201,Grammica,C_polygonorum,1705Bo,1705,o,1,0.0499,49.9,1250,100,0.250501002,Neo.Car,0,Old,Grammica__Old,Grammica__Neo.Car,0,1705o,C_polygonorum__Neo.Car
7/2/18,6/3/18,AS-202,Grammica,C_polygonorum,1705Co,1705,o,1,0.0421,42.1,1250,100,0.296912114,Neo.Car,0,Old,Grammica__Old,Grammica__Neo.Car,0,1705o,C_polygonorum__Neo.Car
7/10/18,7/11/18,AS-300,Grammica,C_polygonorum,1705Do,1705,o,1,0.0494,49.4,1250,100,0.253036437,Neo.Car,0,Old,Grammica__Old,Grammica__Neo.Car,0,1705o,C_polygonorum__Neo.Car
7/10/18,7/11/18,AS-302,Grammica,C_polygonorum,1705Do,1705,o,1,0.042,42,1250,100,0.297619048,Neo.Car,0,Old,Grammica__Old,Grammica__Neo.Car,0,1705o,C_polygonorum__Neo.Car
7/10/18,7/11/18,AS-282,Grammica,C_polygonorum,1705Ch,1705,h,1,0.0389,38.9,1250,100,0.321336761,Neo.Car,0.008632983976911429,Haustorium,Grammica__Haustorium,Grammica__Neo.Car,0,1705h,C_polygonorum__Neo.Car
7/10/18,7/11/18,AS-287,Grammica,C_polygonorum,1705Ah,1705,h,1,0.029,29,950,100,0.327586207,Neo.Car,0.00609997101573307,Haustorium,Grammica__Haustorium,Grammica__Neo.Car,0,1705h,C_polygonorum__Neo.Car
7/10/18,7/11/18,AS-296,Grammica,C_polygonorum,1705Dh,1705,h,1,0.0482,48.2,1250,100,0.2593361,Neo.Car,0,Haustorium,Grammica__Haustorium,Grammica__Neo.Car,0,1705h,C_polygonorum__Neo.Car
7/2/18,6/3/18,AS-235,Grammica,C_polygonorum,1705Af,1705,f,1,0.0488,48.8,1250,100,0.256147541,Neo.Car,0.016401542306172672,Flower,Grammica__Flower,Grammica__Neo.Car,0,1705f,C_polygonorum__Neo.Car
7/10/18,7/11/18,AS-286,Grammica,C_polygonorum,1705Cf,1705,f,1,0.045,45,1250,100,0.277777778,Neo.Car,0.017063923389029668,Flower,Grammica__Flower,Grammica__Neo.Car,0,1705f,C_polygonorum__Neo.Car
7/4/18,7/4/18,AS-248,Grammica,C_polygonorum,1705As,1705,s,1,0.0428,42.8,1250,100,0.292056075,Neo.Car,0,Seed,Grammica__Seed,Grammica__Neo.Car,0,1705s,C_polygonorum__Neo.Car
7/10/18,7/11/18,AS-285,Grammica,C_polygonorum,1705Cs,1705,s,1,0.0289,28.9,950,100,0.328719723,Neo.Car,0.02953528106781859,Seed,Grammica__Seed,Grammica__Neo.Car,0,1705s,C_polygonorum__Neo.Car
7/2/18,6/3/18,AS-207,Grammica,C_compacta,1566sdlg,1566,sdlg,1,0.0414,41.4,1250,100,0.301932367,Neo.Car,0,Seedling,Grammica__Seedling,Grammica__Neo.Car,0,1566sdlg,C_compacta__Neo.Car
-,12/6/17,AS-03,Grammica,C_compacta,1566sdlg,1566,sdlg,1,0.0391,39.1,2050,100,0.524296675,Neo.Car,0,Seedling,Grammica__Seedling,Grammica__Neo.Car,0,1566sdlg,C_compacta__Neo.Car
-,12/6/17,AS-07,Grammica,C_compacta,1566sdlg,1566,sdlg,2,0.0384,38.4,2050,100,0.533854167,Neo.Car,0,Seedling,Grammica__Seedling,Grammica__Neo.Car,0,1566sdlg,C_compacta__Neo.Car
-,12/6/17,AS-08,Grammica,C_compacta,1566sdlg,1566,sdlg,3,0.0362,36.2,2050,100,0.566298343,Neo.Car,0,Seedling,Grammica__Seedling,Grammica__Neo.Car,0,1566sdlg,C_compacta__Neo.Car
-,12/6/17,AS-09,Grammica,C_compacta,1566sdlg,1566,sdlg,4,0.0425,42.5,2050,100,0.482352941,Neo.Car,0,Seedling,Grammica__Seedling,Grammica__Neo.Car,0,1566sdlg,C_compacta__Neo.Car
7/4/18,7/4/18,AS-249,Grammica,C_compacta,1566sdlg,1566,sdlg,1,0.0532,53.2,1250,100,0.234962406,Neo.Car,0,Seedling,Grammica__Seedling,Grammica__Neo.Car,0,1566sdlg,C_compacta__Neo.Car
-,12/6/17,AS-21,Grammica,C_compacta,1566Ay,1566,y,1,0.0422,42.2,2050,100,0.485781991,Neo.Car,0,Young,Grammica__Young,Grammica__Neo.Car,0,1566y,C_compacta__Neo.Car
-,12/6/17,AS-22,Grammica,C_compacta,1566Ay,1566,y,2,0.0419,41.9,2050,100,0.489260143,Neo.Car,0,Young,Grammica__Young,Grammica__Neo.Car,0,1566y,C_compacta__Neo.Car
7/2/18,6/3/18,AS-244,Grammica,C_compacta,1566Ay,1566,y,1,0.0421,42.1,1250,100,0.296912114,Neo.Car,0,Young,Grammica__Young,Grammica__Neo.Car,0,1566y,C_compacta__Neo.Car
7/4/18,7/4/18,AS-250,Grammica,C_compacta,1566Ay,1566,y,1,0.0486,48.6,1250,100,0.257201646,Neo.Car,0,Young,Grammica__Young,Grammica__Neo.Car,0,1566y,C_compacta__Neo.Car
7/4/18,7/4/18,AS-265,Grammica,C_compacta,1566Ey,1566,y,1,0.0452,45.2,1250,100,0.276548673,Neo.Car,0,Young,Grammica__Young,Grammica__Neo.Car,0,1566y,C_compacta__Neo.Car
7/2/18,6/3/18,AS-199,Grammica,C_compacta,1566Ao,1566,o,1,0.0424,42.4,1250,100,0.294811321,Neo.Car,0,Old,Grammica__Old,Grammica__Neo.Car,0,1566o,C_compacta__Neo.Car
7/2/18,6/3/18,AS-200,Grammica,C_compacta,1566Eo,1566,o,1,0.0495,49.5,1250,100,0.252525253,Neo.Car,0,Old,Grammica__Old,Grammica__Neo.Car,0,1566o,C_compacta__Neo.Car
7/4/18,7/4/18,AS-264,Grammica,C_compacta,1566Ao,1566,o,1,0.0408,40.8,1250,100,0.306372549,Neo.Car,0,Old,Grammica__Old,Grammica__Neo.Car,0,1566o,C_compacta__Neo.Car
7/4/18,7/4/18,AS-266,Grammica,C_compacta,1566Eo,1566,o,1,0.0415,41.5,1250,100,0.301204819,Neo.Car,0,Old,Grammica__Old,Grammica__Neo.Car,0,1566o,C_compacta__Neo.Car
6/14/18,6/14/18,AS-198,Grammica,C_compacta,1566Ah,1566,h,1,0.0523,52.3,1250,100,0.239005736,Neo.Car,0,Haustorium,Grammica__Haustorium,Grammica__Neo.Car,0,1566h,C_compacta__Neo.Car
7/4/18,7/4/18,AS-267,Grammica,C_compacta,1566Eh,1566,h,1,0.0517,51.7,1250,100,0.241779497,Neo.Car,0,Haustorium,Grammica__Haustorium,Grammica__Neo.Car,0,1566h,C_compacta__Neo.Car
7/11/18,7/11/18,AS-307,Grammica,C_australis,1382Cy,1382,y,1,0.0773,77.3,1250,100,0.161707633,Neo.Car,0.007083482975737561,Young,Grammica__Young,Grammica__Neo.Car,0,1382y,C_australis__Neo.Car
7/11/18,7/11/18,AS-311,Grammica,C_australis,1382Ay,1382,y,1,0.0152,15.2,950,100,0.625,Neo.Car,0,Young,Grammica__Young,Grammica__Neo.Car,0,1382y,C_australis__Neo.Car
6/14/18,6/14/18,AS-190,Grammica,C_australis,1382Ao,1382,o,1,0.0464,46.4,1250,100,0.269396552,Neo.Car,0,Old,Grammica__Old,Grammica__Neo.Car,0,1382o,C_australis__Neo.Car
6/14/18,6/14/18,AS-194,Grammica,C_australis,1382Co,1382,o,1,0.0494,49.4,1250,100,0.253036437,Neo.Car,0,Old,Grammica__Old,Grammica__Neo.Car,0,1382o,C_australis__Neo.Car
7/4/18,7/4/18,AS-261,Grammica,C_australis,1382Bo,1382,o,1,0.0486,48.6,1250,100,0.257201646,Neo.Car,0,Old,Grammica__Old,Grammica__Neo.Car,0,1382o,C_australis__Neo.Car
7/2/18,6/3/18,AS-240,Grammica,C_australis,1382Bh,1382,h,1,0.0417,41.7,1250,100,0.299760192,Neo.Car,0,Haustorium,Grammica__Haustorium,Grammica__Neo.Car,0,1382h,C_australis__Neo.Car
7/2/18,6/3/18,AS-246,Grammica,C_australis,1382Ch,1382,h,1,0.0469,46.9,1250,100,0.26652452,Neo.Car,0,Haustorium,Grammica__Haustorium,Grammica__Neo.Car,0,1382h,C_australis__Neo.Car
-,12/6/17,AS-23,Grammica,C_cephalanthii,1567Ay,1567,y,1,0.0418,41.8,2050,100,0.490430622,Neo.Car,0.010405827725461328,Young,Grammica__Young,Grammica__Neo.Car,0,1567y,C_cephalanthii__Neo.Car
-,12/6/17,AS-24,Grammica,C_cephalanthii,1567Ay,1567,y,2,0.0394,39.4,2050,100,0.520304569,Neo.Car,0.011769282905505196,Young,Grammica__Young,Grammica__Neo.Car,0,1567y,C_cephalanthii__Neo.Car
6/5/18,6/11/18,AS-39,Grammica,C_cephalanthii,1567Gy,1567,y,1,0.0443,44.3,2050,100,0.46275395,Neo.Car,0,Young,Grammica__Young,Grammica__Neo.Car,0,1567y,C_cephalanthii__Neo.Car
6/5/18,6/11/18,AS-40,Grammica,C_cephalanthii,1567Gy,1567,y,2,0.0457,45.7,2050,100,0.448577681,Neo.Car,0,Young,Grammica__Young,Grammica__Neo.Car,0,1567y,C_cephalanthii__Neo.Car
6/5/18,6/11/18,AS-47,Grammica,C_cephalanthii,1567Fy,1567,y,1,0.043,43,2050,100,0.476744186,Neo.Car,0,Young,Grammica__Young,Grammica__Neo.Car,0,1567y,C_cephalanthii__Neo.Car
6/5/18,6/11/18,AS-48,Grammica,C_cephalanthii,1567Fy,1567,y,2,0.0423,42.3,2050,100,0.48463357,Neo.Car,0,Young,Grammica__Young,Grammica__Neo.Car,0,1567y,C_cephalanthii__Neo.Car
7/2/18,6/3/18,AS-222,Grammica,C_cephalanthii,1567Dy,1567,y,1,0.0269,26.9,1250,100,0.464684015,Neo.Car,0,Young,Grammica__Young,Grammica__Neo.Car,0,1567y,C_cephalanthii__Neo.Car
6/5/18,6/11/18,AS-31,Grammica,C_cephalanthii,1567Go,1567,o,1,0.0425,42.5,2050,100,0.482352941,Neo.Car,0,Old,Grammica__Old,Grammica__Neo.Car,0,1567o,C_cephalanthii__Neo.Car
6/5/18,6/11/18,AS-32,Grammica,C_cephalanthii,1567Go,1567,o,2,0.0598,59.8,2050,100,0.342809365,Neo.Car,0,Old,Grammica__Old,Grammica__Neo.Car,0,1567o,C_cephalanthii__Neo.Car
6/5/18,6/11/18,AS-37,Grammica,C_cephalanthii,1567Fo,1567,o,1,0.0417,41.7,2050,100,0.491606715,Neo.Car,0,Old,Grammica__Old,Grammica__Neo.Car,0,1567o,C_cephalanthii__Neo.Car
6/5/18,6/11/18,AS-38,Grammica,C_cephalanthii,1567Fo,1567,o,2,0.0533,53.3,2050,100,0.384615385,Neo.Car,0,Old,Grammica__Old,Grammica__Neo.Car,0,1567o,C_cephalanthii__Neo.Car
6/5/18,6/11/18,AS-45,Grammica,C_cephalanthii,1567Do,1567,o,1,0.0475,47.5,2050,100,0.431578947,Neo.Car,0,Old,Grammica__Old,Grammica__Neo.Car,0,1567o,C_cephalanthii__Neo.Car
6/5/18,6/11/18,AS-46,Grammica,C_cephalanthii,1567Do,1567,o,2,0.048,48,2050,100,0.427083333,Neo.Car,0,Old,Grammica__Old,Grammica__Neo.Car,0,1567o,C_cephalanthii__Neo.Car
6/11/18,6/11/18,AS-126,Grammica,C_cephalanthii,1567Fo,1567,o,1,0.046,46,1250,100,0.27173913,Neo.Car,0,Old,Grammica__Old,Grammica__Neo.Car,0,1567o,C_cephalanthii__Neo.Car
6/13/18,6/13/18,AS-127,Grammica,C_cephalanthii,1567Fo,1567,o,2,0.0499,49.9,1250,100,0.250501002,Neo.Car,0,Old,Grammica__Old,Grammica__Neo.Car,0,1567o,C_cephalanthii__Neo.Car
6/13/18,6/13/18,AS-130,Grammica,C_cephalanthii,1567Go,1567,o,1,0.0496,49.6,1250,100,0.252016129,Neo.Car,0,Old,Grammica__Old,Grammica__Neo.Car,0,1567o,C_cephalanthii__Neo.Car
6/13/18,6/13/18,AS-131,Grammica,C_cephalanthii,1567Go,1567,o,2,0.0414,41.4,1250,100,0.301932367,Neo.Car,0,Old,Grammica__Old,Grammica__Neo.Car,0,1567o,C_cephalanthii__Neo.Car
6/13/18,6/13/18,AS-132,Grammica,C_cephalanthii,1567Do,1567,o,1,0.0511,51.1,1250,100,0.244618395,Neo.Car,0,Old,Grammica__Old,Grammica__Neo.Car,0,1567o,C_cephalanthii__Neo.Car
6/13/18,6/13/18,AS-133,Grammica,C_cephalanthii,1567Do,1567,o,2,0.0409,40.9,1250,100,0.305623472,Neo.Car,0,Old,Grammica__Old,Grammica__Neo.Car,0,1567o,C_cephalanthii__Neo.Car
7/2/18,6/3/18,AS-214,Grammica,C_cephalanthii,1567Ao,1567,o,1,0.0422,42.2,1250,100,0.296208531,Neo.Car,0,Old,Grammica__Old,Grammica__Neo.Car,0,1567o,C_cephalanthii__Neo.Car
7/4/18,7/4/18,AS-263,Grammica,C_cephalanthii,1567Bo,1567,o,1,0.0508,50.8,1250,100,0.246062992,Neo.Car,0,Old,Grammica__Old,Grammica__Neo.Car,0,1567o,C_cephalanthii__Neo.Car
6/13/18,6/13/18,AS-134,Grammica,C_cephalanthii,1567Gh,1567,h,1,0.0406,40.6,1250,100,0.307881773,Neo.Car,0,Haustorium,Grammica__Haustorium,Grammica__Neo.Car,0,1567h,C_cephalanthii__Neo.Car
6/13/18,6/13/18,AS-135,Grammica,C_cephalanthii,1567Gh,1567,h,2,0.0512,51.2,1250,100,0.244140625,Neo.Car,0.02347923779290828,Haustorium,Grammica__Haustorium,Grammica__Neo.Car,0,1567h,C_cephalanthii__Neo.Car
7/2/18,6/3/18,AS-236,Grammica,C_cephalanthii,1567Dh,1567,h,1,0.0475,47.5,1250,100,0.263157895,Neo.Car,0,Haustorium,Grammica__Haustorium,Grammica__Neo.Car,0,1567h,C_cephalanthii__Neo.Car
7/2/18,6/3/18,AS-237,Grammica,C_cephalanthii,1567Fh,1567,h,1,0.0492,49.2,1250,100,0.254065041,Neo.Car,0.015870642237070343,Haustorium,Grammica__Haustorium,Grammica__Neo.Car,0,1567h,C_cephalanthii__Neo.Car
6/11/18,6/11/18,AS-122,Grammica,C_cephalanthii,1567Df,1567,f,1,0.0465,46.5,1250,100,0.268817204,Neo.Car,0.035601745465690775,Flower,Grammica__Flower,Grammica__Neo.Car,0,1567f,C_cephalanthii__Neo.Car
6/11/18,6/11/18,AS-123,Grammica,C_cephalanthii,1567Df,1567,f,2,0.0415,41.5,1250,100,0.301204819,Neo.Car,0.03774435785072699,Flower,Grammica__Flower,Grammica__Neo.Car,0,1567f,C_cephalanthii__Neo.Car
6/13/18,6/13/18,AS-169,Grammica,C_cephalanthii,1567Gs,1567,s,1,0.0496,49.6,1250,100,0.252016129,Neo.Car,0.02348697848288166,Seed,Grammica__Seed,Grammica__Neo.Car,0,1567s,C_cephalanthii__Neo.Car
6/14/18,6/14/18,AS-175,Grammica,C_cephalanthii,1567Fs,1567,s,1,0.0448,44.8,1250,100,0.279017857,Neo.Car,0.03352133066436882,Seed,Grammica__Seed,Grammica__Neo.Car,0,1567s,C_cephalanthii__Neo.Car
7/2/18,6/3/18,AS-208,Grammica,C_cephalanthii,1567Ds,1567,s,1,0.0575,57.5,1250,100,0.217391304,Neo.Car,0.024625008535292498,Seed,Grammica__Seed,Grammica__Neo.Car,0,1567s,C_cephalanthii__Neo.Car
7/2/18,6/3/18,AS-215,Grammica,C_cephalanthii,1567Cs,1567,s,1,0.029,29,1250,100,0.431034483,Neo.Car,0.02594672323386148,Seed,Grammica__Seed,Grammica__Neo.Car,0,1567s,C_cephalanthii__Neo.Car
7/2/18,6/3/18,AS-216,Grammica,C_cephalanthii,1567Bs,1567,s,1,0.0541,54.1,1250,100,0.231053604,Neo.Car,0.020962978966296265,Seed,Grammica__Seed,Grammica__Neo.Car,0,1567s,C_cephalanthii__Neo.Car
6/13/18,6/13/18,AS-136,Grammica,C_costaricensis,CUCOAy,CUCO,y,1,0.0495,49.5,1250,100,0.252525253,Neo.Car,0,Young,Grammica__Young,Grammica__Neo.Car,0,CUCOy,C_costaricensis__Neo.Car
6/13/18,6/13/18,AS-137,Grammica,C_costaricensis,CUCOAy,CUCO,y,2,0.0408,40.8,1250,100,0.306372549,Neo.Car,0,Young,Grammica__Young,Grammica__Neo.Car,0,CUCOy,C_costaricensis__Neo.Car
6/13/18,6/13/18,AS-158,Grammica,C_costaricensis,CUCOCy,CUCO,y,1,0.042,42,1250,100,0.297619048,Neo.Car,0,Young,Grammica__Young,Grammica__Neo.Car,0,CUCOy,C_costaricensis__Neo.Car
6/13/18,6/13/18,AS-159,Grammica,C_costaricensis,CUCOCy,CUCO,y,2,0.0483,48.3,1250,100,0.258799172,Neo.Car,0,Young,Grammica__Young,Grammica__Neo.Car,0,CUCOy,C_costaricensis__Neo.Car
6/13/18,6/13/18,AS-164,Grammica,C_costaricensis,CUCOBy,CUCO,y,1,0.0448,44.8,1250,100,0.279017857,Neo.Car,0,Young,Grammica__Young,Grammica__Neo.Car,0,CUCOy,C_costaricensis__Neo.Car
6/5/18,6/11/18,AS-61,Grammica,C_costaricensis,CUCOCo,CUCO,o,1,0.0459,45.9,2050,100,0.446623094,Neo.Car,0,Old,Grammica__Old,Grammica__Neo.Car,0,CUCOo,C_costaricensis__Neo.Car
6/5/18,6/11/18,AS-62,Grammica,C_costaricensis,CUCOCo,CUCO,o,2,0.0433,43.3,2050,100,0.473441109,Neo.Car,0,Old,Grammica__Old,Grammica__Neo.Car,0,CUCOo,C_costaricensis__Neo.Car
6/5/18,6/11/18,AS-77,Grammica,C_costaricensis,CUCOBo,CUCO,o,1,0.044,44,2050,100,0.465909091,Neo.Car,0,Old,Grammica__Old,Grammica__Neo.Car,0,CUCOo,C_costaricensis__Neo.Car
6/5/18,6/11/18,AS-78,Grammica,C_costaricensis,CUCOBo,CUCO,o,2,0.0468,46.8,2050,100,0.438034188,Neo.Car,0,Old,Grammica__Old,Grammica__Neo.Car,0,CUCOo,C_costaricensis__Neo.Car
6/11/18,6/11/18,AS-79,Grammica,C_costaricensis,CUCOBo,CUCO,o,3,0.0411,41.1,1250,100,0.304136253,Neo.Car,0,Old,Grammica__Old,Grammica__Neo.Car,0,CUCOo,C_costaricensis__Neo.Car
6/11/18,6/11/18,AS-80,Grammica,C_costaricensis,CUCOBo,CUCO,o,4,0.046,46,1250,100,0.27173913,Neo.Car,0,Old,Grammica__Old,Grammica__Neo.Car,0,CUCOo,C_costaricensis__Neo.Car
6/13/18,6/13/18,AS-138,Grammica,C_costaricensis,CUCOAo,CUCO,o,1,0.048,48,1250,100,0.260416667,Neo.Car,0,Old,Grammica__Old,Grammica__Neo.Car,0,CUCOo,C_costaricensis__Neo.Car
6/13/18,6/13/18,AS-139,Grammica,C_costaricensis,CUCOAo,CUCO,o,2,0.0491,49.1,1250,100,0.254582485,Neo.Car,0,Old,Grammica__Old,Grammica__Neo.Car,0,CUCOo,C_costaricensis__Neo.Car
6/5/18,6/11/18,AS-57,Grammica,C_costaricensis,CUCOCh,CUCO,h,1,0.0402,40.2,2050,100,0.509950249,Neo.Car,0,Haustorium,Grammica__Haustorium,Grammica__Neo.Car,0,CUCOh,C_costaricensis__Neo.Car
6/5/18,6/11/18,AS-58,Grammica,C_costaricensis,CUCOCh,CUCO,h,2,0.0432,43.2,2050,100,0.474537037,Neo.Car,0,Haustorium,Grammica__Haustorium,Grammica__Neo.Car,0,CUCOh,C_costaricensis__Neo.Car
6/5/18,6/11/18,AS-67,Grammica,C_costaricensis,CUCOBh,CUCO,h,1,0.0463,46.3,2050,100,0.442764579,Neo.Car,0,Haustorium,Grammica__Haustorium,Grammica__Neo.Car,0,CUCOh,C_costaricensis__Neo.Car
6/5/18,6/11/18,AS-68,Grammica,C_costaricensis,CUCOBh,CUCO,h,2,0.0412,41.2,2050,100,0.497572816,Neo.Car,0,Haustorium,Grammica__Haustorium,Grammica__Neo.Car,0,CUCOh,C_costaricensis__Neo.Car
6/13/18,6/13/18,AS-140,Grammica,C_costaricensis,CUCOAh,CUCO,h,1,0.044,44,1250,100,0.284090909,Neo.Car,0,Haustorium,Grammica__Haustorium,Grammica__Neo.Car,0,CUCOh,C_costaricensis__Neo.Car
6/13/18,6/13/18,AS-141,Grammica,C_costaricensis,CUCOAh,CUCO,h,2,0.0438,43.8,1250,100,0.285388128,Neo.Car,0,Haustorium,Grammica__Haustorium,Grammica__Neo.Car,0,CUCOh,C_costaricensis__Neo.Car
6/5/18,6/11/18,AS-71,Grammica,C_tasmanica,1715Cy,17-15,y,1,0.049,49,2050,100,0.418367347,Neo.Car,0,Young,Grammica__Young,Grammica__Neo.Car,0,17-15y,C_tasmanica__Neo.Car
6/5/18,6/11/18,AS-72,Grammica,C_tasmanica,1715Cy,17-15,y,2,0.044,44,2050,100,0.465909091,Neo.Car,0,Young,Grammica__Young,Grammica__Neo.Car,0,17-15y,C_tasmanica__Neo.Car
6/11/18,6/11/18,AS-89,Grammica,C_tasmanica,1715Ay,17-15,y,1,0.0478,47.8,1250,100,0.261506276,Neo.Car,0,Young,Grammica__Young,Grammica__Neo.Car,0,17-15y,C_tasmanica__Neo.Car
6/11/18,6/11/18,AS-90,Grammica,C_tasmanica,1715Ay,17-15,y,2,0.0485,48.5,1250,100,0.257731959,Neo.Car,0,Young,Grammica__Young,Grammica__Neo.Car,0,17-15y,C_tasmanica__Neo.Car
6/11/18,6/11/18,AS-93,Grammica,C_tasmanica,1715By,17-15,y,1,0.0515,51.5,1250,100,0.242718447,Neo.Car,0,Young,Grammica__Young,Grammica__Neo.Car,0,17-15y,C_tasmanica__Neo.Car
6/11/18,6/11/18,AS-94,Grammica,C_tasmanica,1715By,17-15,y,2,0.0515,51.5,1250,100,0.242718447,Neo.Car,0,Young,Grammica__Young,Grammica__Neo.Car,0,17-15y,C_tasmanica__Neo.Car
6/13/18,6/13/18,AS-142,Grammica,C_tasmanica,1715Dy,17-15,y,1,0.045,45,1250,100,0.277777778,Neo.Car,0,Young,Grammica__Young,Grammica__Neo.Car,0,17-15y,C_tasmanica__Neo.Car
6/13/18,6/13/18,AS-143,Grammica,C_tasmanica,1715Dy,17-15,y,2,0.0498,49.8,1250,100,0.251004016,Neo.Car,0,Young,Grammica__Young,Grammica__Neo.Car,0,17-15y,C_tasmanica__Neo.Car
6/5/18,6/11/18,AS-69,Grammica,C_tasmanica,1715Co,17-15,o,1,0.048,48,2050,100,0.427083333,Neo.Car,0,Old,Grammica__Old,Grammica__Neo.Car,0,17-15o,C_tasmanica__Neo.Car
6/5/18,6/11/18,AS-70,Grammica,C_tasmanica,1715Co,17-15,o,2,0.0481,48.1,2050,100,0.426195426,Neo.Car,0,Old,Grammica__Old,Grammica__Neo.Car,0,17-15o,C_tasmanica__Neo.Car
6/11/18,6/11/18,AS-91,Grammica,C_tasmanica,1715Bo,17-15,o,1,0.0492,49.2,1250,100,0.254065041,Neo.Car,0,Old,Grammica__Old,Grammica__Neo.Car,0,17-15o,C_tasmanica__Neo.Car
6/11/18,6/11/18,AS-92,Grammica,C_tasmanica,1715Bo,17-15,o,2,0.0498,49.8,1250,100,0.251004016,Neo.Car,0,Old,Grammica__Old,Grammica__Neo.Car,0,17-15o,C_tasmanica__Neo.Car
6/11/18,6/11/18,AS-95,Grammica,C_tasmanica,1715Ao,17-15,o,1,0.0418,41.8,1250,100,0.299043062,Neo.Car,0,Old,Grammica__Old,Grammica__Neo.Car,0,17-15o,C_tasmanica__Neo.Car
6/11/18,6/11/18,AS-96,Grammica,C_tasmanica,1715Ao,17-15,o,2,0.0472,47.2,1250,100,0.264830508,Neo.Car,0,Old,Grammica__Old,Grammica__Neo.Car,0,17-15o,C_tasmanica__Neo.Car
6/11/18,6/11/18,AS-110,Grammica,C_tasmanica,1715Bo,17-15,o,1,0.0523,52.3,1250,100,0.239005736,Neo.Car,0,Old,Grammica__Old,Grammica__Neo.Car,0,17-15o,C_tasmanica__Neo.Car
6/11/18,6/11/18,AS-111,Grammica,C_tasmanica,1715Bo,17-15,o,2,0.0466,46.6,1250,100,0.268240343,Neo.Car,0,Old,Grammica__Old,Grammica__Neo.Car,0,17-15o,C_tasmanica__Neo.Car
6/13/18,6/13/18,AS-144,Grammica,C_tasmanica,1715Do,17-15,o,1,0.0505,50.5,1250,100,0.247524752,Neo.Car,0,Old,Grammica__Old,Grammica__Neo.Car,0,17-15o,C_tasmanica__Neo.Car
6/13/18,6/13/18,AS-145,Grammica,C_tasmanica,1715Do,17-15,o,2,0.041,41,1250,100,0.304878049,Neo.Car,0,Old,Grammica__Old,Grammica__Neo.Car,0,17-15o,C_tasmanica__Neo.Car
7/10/18,7/11/18,AS-273,Grammica,C_tasmanica,1715o,17-15,o,1,0.0447,44.7,1250,100,0.279642058,Neo.Car,0,Old,Grammica__Old,Grammica__Neo.Car,0,17-15o,C_tasmanica__Neo.Car
6/13/18,6/13/18,AS-150,Grammica,C_tasmanica,1715Dh,17-15,h,1,0.0406,40.6,1250,100,0.307881773,Neo.Car,0,Haustorium,Grammica__Haustorium,Grammica__Neo.Car,0,17-15h,C_tasmanica__Neo.Car
6/13/18,6/13/18,AS-151,Grammica,C_tasmanica,1715Dh,17-15,h,2,0.0433,43.3,1250,100,0.288683603,Neo.Car,0,Haustorium,Grammica__Haustorium,Grammica__Neo.Car,0,17-15h,C_tasmanica__Neo.Car
6/13/18,6/13/18,AS-166,Grammica,C_tasmanica,1715Ch,17-15,h,1,0.052,52,1250,100,0.240384615,Neo.Car,0,Haustorium,Grammica__Haustorium,Grammica__Neo.Car,0,17-15h,C_tasmanica__Neo.Car
6/14/18,6/14/18,AS-180,Grammica,C_tasmanica,1715Ah,17-15,h,1,0.0467,46.7,1250,100,0.267665953,Neo.Car,0,Haustorium,Grammica__Haustorium,Grammica__Neo.Car,0,17-15h,C_tasmanica__Neo.Car
6/14/18,6/14/18,AS-181,Grammica,C_tasmanica,1715Bh,17-15,h,1,0.0419,41.9,1250,100,0.298329356,Neo.Car,0,Haustorium,Grammica__Haustorium,Grammica__Neo.Car,0,17-15h,C_tasmanica__Neo.Car
6/5/18,6/11/18,AS-59,Grammica,C_tasmanica,1715Bf,17-15,f,1,0.0417,41.7,2050,100,0.491606715,Neo.Car,0,Flower,Grammica__Flower,Grammica__Neo.Car,0,17-15f,C_tasmanica__Neo.Car
6/5/18,6/11/18,AS-60,Grammica,C_tasmanica,1715Bf,17-15,f,2,0.0475,47.5,2050,100,0.431578947,Neo.Car,0,Flower,Grammica__Flower,Grammica__Neo.Car,0,17-15f,C_tasmanica__Neo.Car
6/11/18,6/11/18,AS-97,Grammica,C_tasmanica,1715Df,17-15,f,1,0.0475,47.5,1250,100,0.263157895,Neo.Car,0,Flower,Grammica__Flower,Grammica__Neo.Car,0,17-15f,C_tasmanica__Neo.Car
6/11/18,6/11/18,AS-98,Grammica,C_tasmanica,1715Df,17-15,f,1,0.0413,41.3,1250,100,0.302663438,Neo.Car,0,Flower,Grammica__Flower,Grammica__Neo.Car,0,17-15f,C_tasmanica__Neo.Car
6/13/18,6/13/18,AS-148,Grammica,C_tasmanica,1715Af,17-15,f,1,0.0419,41.9,1250,100,0.298329356,Neo.Car,0,Flower,Grammica__Flower,Grammica__Neo.Car,0,17-15f,C_tasmanica__Neo.Car
6/13/18,6/13/18,AS-149,Grammica,C_tasmanica,1715Af,17-15,f,2,0.0514,51.4,1250,100,0.243190661,Neo.Car,0,Flower,Grammica__Flower,Grammica__Neo.Car,0,17-15f,C_tasmanica__Neo.Car
7/4/18,7/4/18,AS-262,Grammica,C_tasmanica,1715Cf,17-15,f,1,0.0524,52.4,1250,100,0.238549618,Neo.Car,0,Flower,Grammica__Flower,Grammica__Neo.Car,0,17-15f,C_tasmanica__Neo.Car
6/11/18,6/11/18,AS-99,Grammica,C_californica,17105Ay,ss17-105,y,2,0.0395,39.5,1250,100,0.316455696,Neo.Car,0,Young,Grammica__Young,Grammica__Neo.Car,0,ss17-105y,C_californica__Neo.Car
6/13/18,6/13/18,AS-154,Grammica,C_californica,17105Cy,ss17-105,y,1,0.0415,41.5,1250,100,0.301204819,Neo.Car,0,Young,Grammica__Young,Grammica__Neo.Car,0,ss17-105y,C_californica__Neo.Car
6/13/18,6/13/18,AS-155,Grammica,C_californica,17105Cy,ss17-105,y,2,0.0323,32.3,1250,100,0.386996904,Neo.Car,0,Young,Grammica__Young,Grammica__Neo.Car,0,ss17-105y,C_californica__Neo.Car
6/13/18,6/13/18,AS-172,Grammica,C_californica,17105By,ss17-105,y,1,0.0162,16.2,1250,100,0.771604938,Neo.Car,0,Young,Grammica__Young,Grammica__Neo.Car,0,ss17-105y,C_californica__Neo.Car
7/10/18,7/11/18,AS-272,Grammica,C_californica,17105Dy,ss17-105,y,1,0.0518,51.8,1250,100,0.241312741,Neo.Car,0,Young,Grammica__Young,Grammica__Neo.Car,0,ss17-105y,C_californica__Neo.Car
7/11/18,7/11/18,AS-312,Grammica,C_californica,17105Ey,ss17-105,y,1,0.0168,16.8,950,100,0.56547619,Neo.Car,0,Young,Grammica__Young,Grammica__Neo.Car,0,ss17-105y,C_californica__Neo.Car
6/5/18,6/11/18,AS-63,Grammica,C_californica,17105Do,ss17-105,o,1,0.049,49,2050,100,0.418367347,Neo.Car,0,Old,Grammica__Old,Grammica__Neo.Car,0,ss17-105o,C_californica__Neo.Car
6/5/18,6/11/18,AS-64,Grammica,C_californica,17105Do,ss17-105,o,2,0.0442,44.2,2050,100,0.463800905,Neo.Car,0,Old,Grammica__Old,Grammica__Neo.Car,0,ss17-105o,C_californica__Neo.Car
6/11/18,6/11/18,AS-102,Grammica,C_californica,17105Ao,ss17-105,o,1,0.0448,44.8,1250,100,0.279017857,Neo.Car,0,Old,Grammica__Old,Grammica__Neo.Car,0,ss17-105o,C_californica__Neo.Car
6/11/18,6/11/18,AS-103,Grammica,C_californica,17105Ao,ss17-105,o,2,0.0492,49.2,1250,100,0.254065041,Neo.Car,0,Old,Grammica__Old,Grammica__Neo.Car,0,ss17-105o,C_californica__Neo.Car
6/13/18,6/13/18,AS-146,Grammica,C_californica,17105Co,ss17-105,o,1,0.0465,46.5,1250,100,0.268817204,Neo.Car,0,Old,Grammica__Old,Grammica__Neo.Car,0,ss17-105o,C_californica__Neo.Car
6/13/18,6/13/18,AS-147,Grammica,C_californica,17105Co,ss17-105,o,2,0.0465,46.5,1250,100,0.268817204,Neo.Car,0,Old,Grammica__Old,Grammica__Neo.Car,0,ss17-105o,C_californica__Neo.Car
6/13/18,6/13/18,AS-171,Grammica,C_californica,17105Bo,ss17-105,o,1,0.0506,50.6,1250,100,0.247035573,Neo.Car,0,Old,Grammica__Old,Grammica__Neo.Car,0,ss17-105o,C_californica__Neo.Car
6/13/18,6/13/18,AS-152,Grammica,C_californica,17105Ch,ss17-105,h,1,0.0448,44.8,1250,100,0.279017857,Neo.Car,0,Haustorium,Grammica__Haustorium,Grammica__Neo.Car,0,ss17-105h,C_californica__Neo.Car
6/13/18,6/13/18,AS-153 ,Grammica,C_californica,17105Ch,ss17-105,h,2,0.0152,15.2,1250,100,0.822368421,Neo.Car,0,Haustorium,Grammica__Haustorium,Grammica__Neo.Car,0,ss17-105h,C_californica__Neo.Car
6/13/18,6/13/18,AS-156,Grammica,C_californica,17105Ah,ss17-105,h,1,0.0448,44.8,1250,100,0.279017857,Neo.Car,0,Haustorium,Grammica__Haustorium,Grammica__Neo.Car,0,ss17-105h,C_californica__Neo.Car
6/13/18,6/13/18,AS-157,Grammica,C_californica,17105Ah,ss17-105,h,2,0.0429,42.9,1250,100,0.291375291,Neo.Car,0,Haustorium,Grammica__Haustorium,Grammica__Neo.Car,0,ss17-105h,C_californica__Neo.Car
6/13/18,6/13/18,AS-167,Grammica,C_californica,17105Bh,ss17-105,h,1,0.05,50,1250,100,0.25,Neo.Car,0,Haustorium,Grammica__Haustorium,Grammica__Neo.Car,0,ss17-105h,C_californica__Neo.Car
7/2/18,6/3/18,AS-239,Grammica,C_californica,17105Eh,ss17-105,h,1,0.0431,43.1,1250,100,0.290023202,Neo.Car,0,Haustorium,Grammica__Haustorium,Grammica__Neo.Car,0,ss17-105h,C_californica__Neo.Car
7/10/18,7/11/18,AS-298,Grammica,C_californica,17105Dh,ss17-105,h,1,0.0455,45.5,1250,100,0.274725275,Neo.Car,0,Haustorium,Grammica__Haustorium,Grammica__Neo.Car,0,ss17-105h,C_californica__Neo.Car
6/14/18,6/14/18,AS-179,Grammica,C_californica,17105Cf,ss17-105,f,1,0.0459,45.9,1250,100,0.272331155,Neo.Car,0,Flower,Grammica__Flower,Grammica__Neo.Car,0,ss17-105f,C_californica__Neo.Car
7/4/18,7/4/18,AS-251,Grammica,C_californica,17105Af,ss17-105,f,1,0.0549,54.9,1250,100,0.227686703,Neo.Car,0,Flower,Grammica__Flower,Grammica__Neo.Car,0,ss17-105f,C_californica__Neo.Car
7/4/18,7/4/18,AS-252,Grammica,C_californica,17105Bf,ss17-105,f,1,0.0456,45.6,1250,100,0.274122807,Neo.Car,0,Flower,Grammica__Flower,Grammica__Neo.Car,0,ss17-105f,C_californica__Neo.Car
7/4/18,7/4/18,AS-253,Grammica,C_californica,17105Bf,ss17-105,f,2,0.0521,52.1,1250,100,0.239923225,Neo.Car,0,Flower,Grammica__Flower,Grammica__Neo.Car,0,ss17-105f,C_californica__Neo.Car
7/10/18,7/11/18,AS-279,Grammica,C_californica,17105Df,ss17-105,f,1,0.0484,48.4,1250,100,0.258264463,Neo.Car,0,Flower,Grammica__Flower,Grammica__Neo.Car,0,ss17-105f,C_californica__Neo.Car
7/10/18,7/11/18,AS-280,Grammica,C_californica,17105Ef,ss17-105,f,1,0.0462,46.2,1250,100,0.270562771,Neo.Car,0,Flower,Grammica__Flower,Grammica__Neo.Car,0,ss17-105f,C_californica__Neo.Car
6/5/18,6/11/18,AS-73,Grammica,C_californica,17105Eo,ss17-105,o,1,0.0481,48.1,2050,100,0.426195426,Neo.Car,0,Old,Grammica__Old,Grammica__Neo.Car,0,ss17-105o,C_californica__Neo.Car
6/5/18,6/11/18,AS-74,Grammica,C_californica,17105Eo,ss17-105,o,2,0.0476,47.6,2050,100,0.430672269,Neo.Car,0,Old,Grammica__Old,Grammica__Neo.Car,0,ss17-105o,C_californica__Neo.Car
6/11/18,6/11/18,AS-104,Grammica,C_indecora,1677Dy,ss16-17,y,1,0.0464,46.4,1250,100,0.269396552,Neo.Car,0,Young,Grammica__Young,Grammica__Neo.Car,0,ss16-17y,C_indecora__Neo.Car
6/11/18,6/11/18,AS-105,Grammica,C_indecora,1677Dy,ss16-17,y,2,0.0431,43.1,1250,100,0.290023202,Neo.Car,0,Young,Grammica__Young,Grammica__Neo.Car,0,ss16-17y,C_indecora__Neo.Car
6/11/18,6/11/18,AS-106,Grammica,C_indecora,1677By,ss16-17,y,1,0.0505,50.5,1250,100,0.247524752,Neo.Car,0,Young,Grammica__Young,Grammica__Neo.Car,0,ss16-17y,C_indecora__Neo.Car
6/11/18,6/11/18,AS-107,Grammica,C_indecora,1677By,ss16-17,y,2,0.051,51,1250,100,0.245098039,Neo.Car,0,Young,Grammica__Young,Grammica__Neo.Car,0,ss16-17y,C_indecora__Neo.Car
6/11/18,6/11/18,AS-100,Grammica,C_indecora,1677Do,ss16-17,o,1,0.0497,49.7,1250,100,0.251509054,Neo.Car,0,Old,Grammica__Old,Grammica__Neo.Car,0,ss16-17o,C_indecora__Neo.Car
6/11/18,6/11/18,AS-101,Grammica,C_indecora,1677Do,ss16-17,o,2,0.043,43,1250,100,0.290697674,Neo.Car,0,Old,Grammica__Old,Grammica__Neo.Car,0,ss16-17o,C_indecora__Neo.Car
6/14/18,6/14/18,AS-188,Grammica,C_indecora,1677Co,ss16-17,o,1,0.0495,49.5,1250,100,0.252525253,Neo.Car,0,Old,Grammica__Old,Grammica__Neo.Car,0,ss16-17o,C_indecora__Neo.Car
7/11/18,7/11/18,AS-308,Grammica,C_indecora,1677Bo,ss16-17,o,1,0.0472,47.2,1250,100,0.264830508,Neo.Car,0,Old,Grammica__Old,Grammica__Neo.Car,0,ss16-17o,C_indecora__Neo.Car
7/2/18,6/3/18,AS-223,Grammica,C_indecora,1677Dh,ss16-17,h,1,0.0416,41.6,1250,100,0.300480769,Neo.Car,0,Haustorium,Grammica__Haustorium,Grammica__Neo.Car,0,ss16-17h,C_indecora__Neo.Car
7/10/18,7/11/18,AS-283,Grammica,C_indecora,1677Bh,ss16-17,h,1,0.0454,45.4,1250,100,0.275330396,Neo.Car,0,Haustorium,Grammica__Haustorium,Grammica__Neo.Car,0,ss16-17h,C_indecora__Neo.Car
6/14/18,6/14/18,AS-189,Grammica,C_indecora,1677Df,ss16-17,f,1,0.0435,43.5,1250,100,0.287356322,Neo.Car,0,Flower,Grammica__Flower,Grammica__Neo.Car,0,ss16-17f,C_indecora__Neo.Car
6/14/18,6/14/18,AS-195,Grammica,C_indecora,1677Af,ss16-17,f,1,0.054,54,1250,100,0.231481481,Neo.Car,0,Flower,Grammica__Flower,Grammica__Neo.Car,0,ss16-17f,C_indecora__Neo.Car
7/2/18,6/3/18,AS-243,Grammica,C_indecora,1677Bf,ss16-17,f,1,0.0441,44.1,1250,100,0.283446712,Neo.Car,0,Flower,Grammica__Flower,Grammica__Neo.Car,0,ss16-17f,C_indecora__Neo.Car
7/2/18,6/3/18,AS-204,Grammica,C_denticulata,1346Dy,ss13-46,y,1,0.0447,44.7,1250,100,0.279642058,Neo.Car,0,Young,Grammica__Young,Grammica__Neo.Car,0,ss13-46y,C_denticulata__Neo.Car
7/4/18,7/4/18,AS-268,Grammica,C_denticulata,1346Dy,ss13-46,y,1,0.0427,42.7,1250,100,0.292740047,Neo.Car,0,Young,Grammica__Young,Grammica__Neo.Car,0,ss13-46y,C_denticulata__Neo.Car
7/10/18,7/11/18,AS-278,Grammica,C_denticulata,1346By,ss13-46,y,1,0.0437,43.7,1250,100,0.28604119,Neo.Car,0,Young,Grammica__Young,Grammica__Neo.Car,0,ss13-46y,C_denticulata__Neo.Car
7/10/18,7/11/18,AS-289,Grammica,C_denticulata,1346Ay,ss13-46,y,1,0.0426,42.6,1250,100,0.29342723,Neo.Car,0,Young,Grammica__Young,Grammica__Neo.Car,0,ss13-46y,C_denticulata__Neo.Car
7/10/18,7/11/18,AS-292,Grammica,C_denticulata,1346Cy,ss13-46,y,1,0.0516,51.6,1350,100,0.261627907,Neo.Car,0,Young,Grammica__Young,Grammica__Neo.Car,0,ss13-46y,C_denticulata__Neo.Car
7/10/18,7/11/18,AS-294,Grammica,C_denticulata,1346Dy,ss13-46,y,1,0.0493,49.3,1250,100,0.253549696,Neo.Car,0,Young,Grammica__Young,Grammica__Neo.Car,0,ss13-46y,C_denticulata__Neo.Car
7/11/18,7/11/18,AS-315,Grammica,C_denticulata,1346y (trial) ,ss13-46,y,1,0.0461,46.1,1250,100,0.271149675,Neo.Car,0,Young,Grammica__Young,Grammica__Neo.Car,0,ss13-46y,C_denticulata__Neo.Car
6/13/18,6/13/18,AS-170,Grammica,C_denticulata,1346Ao,ss13-46,o,1,0.0493,49.3,1250,100,0.253549696,Neo.Car,0,Old,Grammica__Old,Grammica__Neo.Car,0,ss13-46o,C_denticulata__Neo.Car
7/2/18,6/3/18,AS-233,Grammica,C_denticulata,1346Do,ss13-46,o,1,0.0465,46.5,1250,100,0.268817204,Neo.Car,0,Old,Grammica__Old,Grammica__Neo.Car,0,ss13-46o,C_denticulata__Neo.Car
7/4/18,7/4/18,AS-257,Grammica,C_denticulata,1346Bo,ss13-46,o,1,0.0493,49.3,1250,100,0.253549696,Neo.Car,0,Old,Grammica__Old,Grammica__Neo.Car,0,ss13-46o,C_denticulata__Neo.Car
7/4/18,7/4/18,AS-269,Grammica,C_denticulata,1346Ao,ss13-46,o,1,0.0447,44.7,1250,100,0.279642058,Neo.Car,0,Old,Grammica__Old,Grammica__Neo.Car,0,ss13-46o,C_denticulata__Neo.Car
7/10/18,7/11/18,AS-293,Grammica,C_denticulata,1346Do,ss13-46,o,1,0.051,51,1250,100,0.245098039,Neo.Car,0,Old,Grammica__Old,Grammica__Neo.Car,0,ss13-46o,C_denticulata__Neo.Car
6/14/18,6/14/18,AS-176,Grammica,C_denticulata,1346Ah,ss13-46,h,1,0.0499,49.9,1250,100,0.250501002,Neo.Car,0,Haustorium,Grammica__Haustorium,Grammica__Neo.Car,0,ss13-46h,C_denticulata__Neo.Car
7/4/18,7/4/18,AS-256,Grammica,C_denticulata,1346Bh,ss13-46,h,1,0.0505,50.5,1250,100,0.247524752,Neo.Car,0,Haustorium,Grammica__Haustorium,Grammica__Neo.Car,0,ss13-46h,C_denticulata__Neo.Car
7/10/18,7/11/18,AS-277,Grammica,C_denticulata,13466Dh,ss13-46,h,1,0.0425,42.5,1250,100,0.294117647,Neo.Car,0,Haustorium,Grammica__Haustorium,Grammica__Neo.Car,0,ss13-46h,C_denticulata__Neo.Car
7/10/18,7/11/18,AS-291,Grammica,C_denticulata,1346Ch,ss13-46,h,1,0.0428,42.8,1250,100,0.292056075,Neo.Car,0,Haustorium,Grammica__Haustorium,Grammica__Neo.Car,0,ss13-46h,C_denticulata__Neo.Car
7/10/18,7/11/18,AS-274,Grammica,C_denticulata,1346Cf,ss13-46,f,1,0.045,45,1250,100,0.277777778,Neo.Car,0,Flower,Grammica__Flower,Grammica__Neo.Car,0,ss13-46f,C_denticulata__Neo.Car
7/10/18,7/11/18,AS-290,Grammica,C_denticulata,1346Af,ss13-46,f,1,0.0421,42.1,1250,100,0.296912114,Neo.Car,0,Flower,Grammica__Flower,Grammica__Neo.Car,0,ss13-46f,C_denticulata__Neo.Car
