Iteration	Replicate_ID	Posterior	Likelihood	Prior	correlations[1]	proportional_rates[1]	proportional_rates[2]	relative_rates[1]	relative_rates[2]	sigma2
0	0	-1814.975	-1814.57	-0.4054094	0.336091	0.0963536	0.903646	0.192707	1.80729	0.9999443
1	1	-1816.603	-1816.199	-0.4044985	0.316255	0.0992786	0.900721	0.198557	1.80144	0.9990338
2	0	-1815.219	-1814.813	-0.4053906	0.33856	0.0981928	0.901807	0.196386	1.80361	0.9999255
3	1	-1818.198	-1817.794	-0.4044985	0.312216	0.0919627	0.908037	0.183925	1.81607	0.9990338
4	0	-1817.951	-1817.545	-0.4053906	0.311299	0.109821	0.890179	0.219641	1.78036	0.9999255
5	1	-1816.156	-1815.751	-0.4049669	0.312679	0.0958474	0.904153	0.191695	1.80831	0.999502
6	0	-1815.489	-1815.084	-0.4052416	0.332304	0.100303	0.899697	0.200606	1.79939	0.9997765
7	1	-1815.634	-1815.229	-0.4051365	0.337302	0.09428	0.90572	0.18856	1.81144	0.9996714
8	0	-1817.783	-1817.378	-0.4051193	0.317543	0.108202	0.891798	0.216404	1.7836	0.9996543
9	1	-1815.342	-1814.937	-0.4051365	0.330821	0.0963368	0.903663	0.192674	1.80733	0.9996714
10	0	-1816.491	-1816.085	-0.4051717	0.299784	0.102648	0.897352	0.205296	1.7947	0.9997066
11	1	-1815.907	-1815.502	-0.4050966	0.336425	0.0929481	0.907052	0.185896	1.8141	0.9996316
12	0	-1817.814	-1817.409	-0.4045278	0.297153	0.102115	0.897885	0.20423	1.79577	0.9990631
13	1	-1817.216	-1816.81	-0.4054488	0.363549	0.0930032	0.906997	0.186006	1.81399	0.9999837
14	0	-1816.632	-1816.227	-0.4054138	0.321843	0.0901929	0.909807	0.180386	1.81961	0.9999487
15	1	-1814.736	-1814.33	-0.4054488	0.327445	0.0979466	0.902053	0.195893	1.80411	0.9999837
16	0	-1814.973	-1814.568	-0.4054305	0.32434	0.0949837	0.905016	0.189967	1.81003	0.9999654
17	1	-1814.94	-1814.535	-0.4054488	0.334586	0.0948969	0.905103	0.189794	1.81021	0.9999837
18	0	-1817.631	-1817.225	-0.4051392	0.333647	0.0882159	0.911784	0.176432	1.82357	0.9996741
19	1	-1816.231	-1815.826	-0.4048241	0.317452	0.0954056	0.904594	0.190811	1.80919	0.9993592
20	0	-1817.753	-1817.348	-0.4048018	0.309913	0.106887	0.893113	0.213774	1.78623	0.9993369
21	1	-1815.495	-1815.09	-0.4051173	0.332472	0.0949957	0.905004	0.189991	1.81001	0.9996522
22	0	-1815.706	-1815.301	-0.4052268	0.344085	0.0950665	0.904934	0.190133	1.80987	0.9997617
23	1	-1818.241	-1817.836	-0.4051965	0.34979	0.103753	0.896247	0.207505	1.79249	0.9997314
24	0	-1815.289	-1814.884	-0.4051438	0.326836	0.0981841	0.901816	0.196368	1.80363	0.9996787
25	1	-1819.173	-1818.769	-0.4045347	0.364532	0.0958453	0.904155	0.191691	1.80831	0.99907
26	0	-1815.007	-1814.601	-0.4054317	0.337841	0.0966747	0.903325	0.193349	1.80665	0.9999666
27	1	-1817.179	-1816.774	-0.4044521	0.338211	0.100018	0.899982	0.200037	1.79996	0.9989875
28	0	-1815.533	-1815.127	-0.4052901	0.316147	0.0950067	0.904993	0.190013	1.80999	0.999825
29	1	-1816.06	-1815.655	-0.4049887	0.318282	0.102346	0.897654	0.204692	1.79531	0.9995237
30	0	-1815.398	-1814.993	-0.4054505	0.345481	0.0960712	0.903929	0.192142	1.80786	0.9999854
31	1	-1818.434	-1818.031	-0.403438	0.332797	0.0969097	0.90309	0.193819	1.80618	0.9979749
32	0	-1816.585	-1816.18	-0.4051121	0.312362	0.0932523	0.906748	0.186505	1.8135	0.999647
33	1	-1820.136	-1819.733	-0.4031303	0.323196	0.104725	0.895275	0.20945	1.79055	0.9976679
34	0	-1816.728	-1816.322	-0.4051121	0.300042	0.0971042	0.902896	0.194208	1.80579	0.999647
35	1	-1821.672	-1821.269	-0.402257	0.299232	0.100237	0.899763	0.200475	1.79953	0.996797
36	0	-1816.497	-1816.092	-0.4046372	0.313186	0.100183	0.899817	0.200366	1.79963	0.9991725
37	1	-1817.615	-1817.211	-0.4040342	0.339878	0.0961682	0.903832	0.192336	1.80766	0.9985701
38	0	-1815.612	-1815.207	-0.405116	0.323584	0.0946722	0.905328	0.189344	1.81066	0.9996509
39	1	-1815.333	-1814.928	-0.4051434	0.320573	0.0988351	0.901165	0.19767	1.80233	0.9996783
40	0	-1817.685	-1817.28	-0.4053985	0.319955	0.108878	0.891122	0.217756	1.78224	0.9999334
41	1	-1821.675	-1821.273	-0.4024452	0.304272	0.09471	0.90529	0.18942	1.81058	0.9969847
42	0	-1817.186	-1816.781	-0.4050684	0.299464	0.0956769	0.904323	0.191354	1.80865	0.9996034
43	1	-1819.819	-1819.415	-0.4034113	0.297177	0.0993371	0.900663	0.198674	1.80133	0.9979483
44	0	-1815.435	-1815.03	-0.405087	0.319917	0.0980153	0.901985	0.196031	1.80397	0.999622
45	1	-1816.257	-1815.851	-0.405275	0.312053	0.105014	0.894986	0.210028	1.78997	0.9998099
46	0	-1819.005	-1818.6	-0.405087	0.364719	0.0992175	0.900782	0.198435	1.80156	0.999622
47	1	-1815.928	-1815.523	-0.4054205	0.307408	0.10435	0.89565	0.208701	1.7913	0.9999554
48	0	-1817.497	-1817.092	-0.4041792	0.309873	0.100744	0.899256	0.201489	1.79851	0.9987149
49	1	-1816.321	-1815.916	-0.4050705	0.314779	0.0937653	0.906235	0.187531	1.81247	0.9996054
50	0	-1816.197	-1815.792	-0.405291	0.35192	0.0953134	0.904687	0.190627	1.80937	0.9998259
51	1	-1815.095	-1814.69	-0.4052736	0.327863	0.0960278	0.903972	0.192056	1.80794	0.9998085
52	0	-1817.254	-1816.849	-0.4048743	0.351203	0.0984769	0.901523	0.196954	1.80305	0.9994094
53	1	-1816.517	-1816.112	-0.4050196	0.346819	0.0923677	0.907632	0.184735	1.81526	0.9995546
54	0	-1816.596	-1816.191	-0.4047329	0.342839	0.0974367	0.902563	0.194873	1.80513	0.9992681
55	1	-1815.484	-1815.079	-0.4052175	0.335911	0.0989523	0.901048	0.197905	1.8021	0.9997524
56	0	-1815.382	-1814.977	-0.4052003	0.314821	0.098246	0.901754	0.196492	1.80351	0.9997352
57	1	-1817.095	-1816.69	-0.4046477	0.310549	0.0948467	0.905153	0.189693	1.81031	0.9991829
58	0	-1819.414	-1819.009	-0.4044722	0.305361	0.0910199	0.90898	0.18204	1.81796	0.9990076
59	1	-1814.823	-1814.418	-0.4054332	0.324536	0.0961326	0.903867	0.192265	1.80773	0.9999681
60	0	-1817.889	-1817.486	-0.4038864	0.331629	0.100211	0.899789	0.200422	1.79958	0.9984225
61	1	-1816.905	-1816.5	-0.4048304	0.310269	0.0944025	0.905598	0.188805	1.8112	0.9993655
62	0	-1817.367	-1816.962	-0.4050762	0.29396	0.0977803	0.90222	0.195561	1.80444	0.9996112
63	1	-1817.097	-1816.692	-0.4048304	0.351956	0.0931634	0.906837	0.186327	1.81367	0.9993655
64	0	-1815.349	-1814.944	-0.4052966	0.317129	0.095676	0.904324	0.191352	1.80865	0.9998315
65	1	-1819.258	-1818.853	-0.4041691	0.301614	0.107292	0.892708	0.214585	1.78542	0.9987048
66	0	-1815.91	-1815.505	-0.4053701	0.345028	0.0993192	0.900681	0.198638	1.80136	0.999905
67	1	-1816.469	-1816.064	-0.4045799	0.316725	0.0997638	0.900236	0.199528	1.80047	0.9991151
68	0	-1816.472	-1816.067	-0.4047728	0.308451	0.0985238	0.901476	0.197048	1.80295	0.9993079
69	1	-1816.778	-1816.374	-0.4046332	0.330954	0.0927283	0.907272	0.185457	1.81454	0.9991684
70	0	-1815.08	-1814.675	-0.4053638	0.327076	0.100161	0.899839	0.200322	1.79968	0.9998987
71	1	-1816.68	-1816.275	-0.4047263	0.32154	0.102913	0.897087	0.205827	1.79417	0.9992615
72	0	-1817.205	-1816.8	-0.4054065	0.298495	0.0940708	0.905929	0.188142	1.81186	0.9999413
73	1	-1817.185	-1816.781	-0.4045735	0.313478	0.0941945	0.905805	0.188389	1.81161	0.9991087
74	0	-1821.612	-1821.209	-0.4032694	0.342608	0.10546	0.89454	0.210921	1.78908	0.9978067
75	1	-1816.599	-1816.194	-0.4050942	0.325707	0.0911265	0.908874	0.182253	1.81775	0.9996292
76	0	-1815.605	-1815.2	-0.4050323	0.318126	0.0973272	0.902673	0.194654	1.80535	0.9995673
77	1	-1815.892	-1815.487	-0.4050942	0.308074	0.0993692	0.900631	0.198738	1.80126	0.9996292
78	0	-1817.287	-1816.882	-0.4047207	0.314799	0.0927305	0.90727	0.185461	1.81454	0.9992559
79	1	-1815.671	-1815.266	-0.4051491	0.340127	0.0974323	0.902568	0.194865	1.80514	0.9996841
80	0	-1816.396	-1815.992	-0.4047207	0.312763	0.0973385	0.902662	0.194677	1.80532	0.9992559
81	1	-1815.265	-1814.86	-0.4052608	0.314864	0.0986164	0.901384	0.197233	1.80277	0.9997957
82	0	-1817.415	-1817.01	-0.4046109	0.31205	0.0935536	0.906446	0.187107	1.81289	0.9991461
83	1	-1816.788	-1816.382	-0.4052608	0.317069	0.0911419	0.908858	0.182284	1.81772	0.9997957
84	0	-1817.684	-1817.278	-0.4053354	0.290933	0.0961405	0.903859	0.192281	1.80772	0.9998703
85	1	-1817.541	-1817.136	-0.4048688	0.335228	0.0892876	0.910712	0.178575	1.82142	0.9994039
86	0	-1816.333	-1815.928	-0.4051887	0.347951	0.0920543	0.907946	0.184109	1.81589	0.9997236
87	1	-1816.081	-1815.676	-0.4048828	0.33501	0.0940044	0.905996	0.188009	1.81199	0.9994179
88	0	-1816.847	-1816.442	-0.4051887	0.33986	0.0895144	0.910486	0.179029	1.82097	0.9997236
89	1	-1816.141	-1815.736	-0.404687	0.330318	0.0964831	0.903517	0.192966	1.80703	0.9992222
90	0	-1817.743	-1817.338	-0.4044517	0.336685	0.0905967	0.909403	0.181193	1.81881	0.9989871
91	1	-1815.992	-1815.587	-0.4053052	0.304601	0.103006	0.896994	0.206012	1.79399	0.9998401
92	0	-1819.971	-1819.567	-0.4044517	0.314114	0.0885064	0.911494	0.177013	1.82299	0.9989871
93	1	-1818.574	-1818.17	-0.404582	0.311788	0.0909107	0.909089	0.181821	1.81818	0.9991173
94	0	-1815.891	-1815.486	-0.4054407	0.310862	0.104713	0.895287	0.209425	1.79057	0.9999756
95	1	-1816.518	-1816.113	-0.4052249	0.339391	0.0901705	0.909829	0.180341	1.81966	0.9997598
96	0	-1814.924	-1814.519	-0.4054407	0.316211	0.0975443	0.902456	0.195089	1.80491	0.9999756
97	1	-1815.456	-1815.051	-0.4051626	0.333824	0.0986745	0.901325	0.197349	1.80265	0.9996976
98	0	-1815.584	-1815.178	-0.4053508	0.34538	0.0963661	0.903634	0.192732	1.80727	0.9998857
99	1	-1815.19	-1814.785	-0.4053232	0.318631	0.100745	0.899255	0.201491	1.79851	0.9998581
100	0	-1815.013	-1814.607	-0.4053508	0.333489	0.0960749	0.903925	0.19215	1.80785	0.9998857
101	1	-1817.176	-1816.771	-0.4048936	0.313294	0.105781	0.894219	0.211562	1.78844	0.9994287
102	0	-1816.733	-1816.328	-0.4050801	0.324137	0.104969	0.895031	0.209937	1.79006	0.9996151
103	1	-1815.743	-1815.338	-0.4051525	0.336268	0.0932523	0.906748	0.186505	1.8135	0.9996875
104	0	-1816.603	-1816.198	-0.4053582	0.301302	0.105544	0.894456	0.211088	1.78891	0.9998931
105	1	-1815.609	-1815.204	-0.4050313	0.333287	0.0956058	0.904394	0.191212	1.80879	0.9995663
106	0	-1815.161	-1814.756	-0.4054151	0.331236	0.093628	0.906372	0.187256	1.81274	0.99995
107	1	-1816.564	-1816.159	-0.4051813	0.342509	0.0904024	0.909598	0.180805	1.8192	0.9997162
108	0	-1816.6	-1816.195	-0.4047426	0.325399	0.102395	0.897605	0.204789	1.79521	0.9992778
109	1	-1815.209	-1814.804	-0.4052542	0.334693	0.096485	0.903515	0.19297	1.80703	0.9997891
110	0	-1816.036	-1815.631	-0.4051006	0.32926	0.1022	0.8978	0.204401	1.7956	0.9996355
111	1	-1815.146	-1814.741	-0.4052542	0.323744	0.0993439	0.900656	0.198688	1.80131	0.9997891
112	0	-1815.352	-1814.946	-0.4052521	0.313102	0.0991635	0.900836	0.198327	1.80167	0.999787
113	1	-1815.284	-1814.879	-0.4053172	0.312711	0.0978594	0.902141	0.195719	1.80428	0.9998521
114	0	-1814.953	-1814.548	-0.4053367	0.327518	0.0964775	0.903523	0.192955	1.80705	0.9998716
115	1	-1815.988	-1815.583	-0.4050831	0.3298	0.101794	0.898206	0.203589	1.79641	0.9996181
116	0	-1814.992	-1814.587	-0.4053367	0.323778	0.0992749	0.900725	0.19855	1.80145	0.9998716
117	1	-1817.183	-1816.779	-0.4041669	0.317154	0.0993954	0.900605	0.198791	1.80121	0.9987026
118	0	-1815.519	-1815.114	-0.4054025	0.343246	0.0982792	0.901721	0.196558	1.80344	0.9999374
119	1	-1817.319	-1816.915	-0.4041669	0.337564	0.0950181	0.904982	0.190036	1.80996	0.9987026
120	0	-1817.955	-1817.55	-0.4043137	0.345126	0.0998968	0.900103	0.199794	1.80021	0.9988492
121	1	-1821.339	-1820.937	-0.4019044	0.333621	0.0987446	0.901255	0.197489	1.80251	0.9964456
122	0	-1817.659	-1817.255	-0.4046575	0.310001	0.105858	0.894142	0.211716	1.78828	0.9991927
123	1	-1817.698	-1817.293	-0.4051517	0.331935	0.0881494	0.911851	0.176299	1.8237	0.9996866
124	0	-1816.404	-1815.999	-0.4049965	0.332473	0.0917	0.9083	0.1834	1.8166	0.9995315
125	1	-1816.04	-1815.635	-0.4051517	0.305854	0.0976914	0.902309	0.195383	1.80462	0.9996866
126	0	-1817.937	-1817.533	-0.4045121	0.350324	0.0990672	0.900933	0.198134	1.80187	0.9990474
127	1	-1816.137	-1815.732	-0.4046893	0.327208	0.0962008	0.903799	0.192402	1.8076	0.9992245
128	0	-1815.944	-1815.539	-0.4051811	0.320704	0.103286	0.896714	0.206572	1.79343	0.9997161
129	1	-1815.284	-1814.878	-0.405296	0.33854	0.0966995	0.9033	0.193399	1.8066	0.9998309
130	0	-1818.374	-1817.971	-0.4036091	0.324995	0.0942589	0.905741	0.188518	1.81148	0.9981457
131	1	-1815.463	-1815.058	-0.4053858	0.339679	0.0977213	0.902279	0.195443	1.80456	0.9999207
132	0	-1821.492	-1821.09	-0.4022375	0.301958	0.100923	0.899077	0.201847	1.79815	0.9967776
133	1	-1818.142	-1817.738	-0.4040276	0.34803	0.094903	0.905097	0.189806	1.81019	0.9985635
134	0	-1818.171	-1817.766	-0.4043927	0.329354	0.104849	0.895151	0.209697	1.7903	0.9989282
135	1	-1816.815	-1816.41	-0.4043783	0.329537	0.0994132	0.900587	0.198826	1.80117	0.9989138
136	0	-1817.351	-1816.947	-0.4045916	0.348671	0.0926541	0.907346	0.185308	1.81469	0.9991269
137	1	-1817.064	-1816.66	-0.4043783	0.319061	0.0948629	0.905137	0.189726	1.81027	0.9989138
138	0	-1815.527	-1815.122	-0.4050542	0.326181	0.0957169	0.904283	0.191434	1.80857	0.9995891
139	1	-1817.373	-1816.968	-0.4047417	0.34669	0.100048	0.899952	0.200095	1.7999	0.9992768
140	0	-1816.047	-1815.642	-0.4048192	0.33626	0.0967175	0.903283	0.193435	1.80657	0.9993543
141	1	-1816.482	-1816.077	-0.404784	0.317823	0.0944383	0.905562	0.188877	1.81112	0.9993191
142	0	-1817.216	-1816.811	-0.4050651	0.293527	0.10258	0.89742	0.20516	1.79484	0.9996
143	1	-1816.344	-1815.94	-0.404784	0.310208	0.098573	0.901427	0.197146	1.80285	0.9993191
144	0	-1815.018	-1814.612	-0.4054494	0.314415	0.100495	0.899505	0.200989	1.79901	0.9999843
145	1	-1816.513	-1816.108	-0.4045594	0.325288	0.0950688	0.904931	0.190138	1.80986	0.9990947
146	0	-1816.456	-1816.05	-0.4054494	0.30658	0.106325	0.893675	0.21265	1.78735	0.9999843
147	1	-1816.381	-1815.976	-0.4045716	0.328467	0.0988126	0.901187	0.197625	1.80237	0.9991069
148	0	-1817.741	-1817.335	-0.4054494	0.33204	0.107698	0.892302	0.215397	1.7846	0.9999843
149	1	-1817.613	-1817.208	-0.4043417	0.346165	0.0929266	0.907073	0.185853	1.81415	0.9988773
150	0	-1816.562	-1816.158	-0.4044638	0.331883	0.0968454	0.903155	0.193691	1.80631	0.9989992
151	1	-1817.987	-1817.582	-0.4052984	0.337796	0.0869572	0.913043	0.173914	1.82609	0.9998333
152	0	-1816.346	-1815.941	-0.4050571	0.344018	0.0922065	0.907794	0.184413	1.81559	0.999592
153	1	-1817.421	-1817.016	-0.405028	0.291729	0.101195	0.898805	0.202391	1.79761	0.999563
154	0	-1821.046	-1820.644	-0.4024035	0.310335	0.095352	0.904648	0.190704	1.8093	0.9969431
155	1	-1815.895	-1815.49	-0.405028	0.340755	0.0949428	0.905057	0.189886	1.81011	0.999563
156	0	-1818.268	-1817.864	-0.4037957	0.315022	0.0951212	0.904879	0.190242	1.80976	0.998332
157	1	-1818.665	-1818.262	-0.4038303	0.301874	0.101682	0.898318	0.203364	1.79664	0.9983665
158	0	-1816.734	-1816.329	-0.4050787	0.349417	0.0914844	0.908516	0.182969	1.81703	0.9996137
159	1	-1816.188	-1815.783	-0.4049466	0.323328	0.102403	0.897597	0.204806	1.79519	0.9994816
160	0	-1815.924	-1815.519	-0.405289	0.304798	0.102409	0.897591	0.204817	1.79518	0.9998239
161	1	-1816.711	-1816.306	-0.404789	0.342063	0.0924202	0.90758	0.18484	1.81516	0.9993241
162	0	-1816.024	-1815.619	-0.4051334	0.305057	0.100372	0.899628	0.200744	1.79926	0.9996683
163	1	-1819.476	-1819.071	-0.4048826	0.371785	0.0918318	0.908168	0.183664	1.81634	0.9994177
164	0	-1815.798	-1815.393	-0.4053624	0.318823	0.0929391	0.907061	0.185878	1.81412	0.9998973
165	1	-1816.422	-1816.016	-0.4054572	0.293804	0.101302	0.898698	0.202603	1.7974	0.9999921
166	0	-1815.419	-1815.014	-0.4053556	0.334533	0.100451	0.899549	0.200901	1.7991	0.9998905
167	1	-1816.105	-1815.699	-0.4054181	0.336052	0.0903165	0.909684	0.180633	1.81937	0.999953
168	0	-1817.489	-1817.084	-0.4042613	0.338125	0.0927357	0.907264	0.185471	1.81453	0.9987969
169	1	-1815.153	-1814.748	-0.4054181	0.316663	0.10153	0.89847	0.203061	1.79694	0.999953
170	0	-1817.462	-1817.057	-0.405054	0.303813	0.106953	0.893047	0.213907	1.78609	0.999589
171	1	-1815.436	-1815.03	-0.4054181	0.308055	0.0973259	0.902674	0.194652	1.80535	0.999953
172	0	-1817.107	-1816.702	-0.4050224	0.311233	0.106226	0.893774	0.212452	1.78755	0.9995574
173	1	-1815.374	-1814.969	-0.4053407	0.341274	0.0971604	0.90284	0.194321	1.80568	0.9998756
174	0	-1815.843	-1815.438	-0.4050224	0.314766	0.0964711	0.903529	0.192942	1.80706	0.9995574
175	1	-1818.496	-1818.091	-0.4052675	0.330721	0.0866373	0.913363	0.173275	1.82673	0.9998024
176	0	-1818.484	-1818.08	-0.4044106	0.29506	0.0974984	0.902502	0.194997	1.805	0.998946
177	1	-1815.775	-1815.37	-0.405427	0.301248	0.100032	0.899968	0.200065	1.79994	0.9999619
178	0	-1818.924	-1818.52	-0.404092	0.342591	0.10262	0.89738	0.20524	1.79476	0.9986279
179	1	-1815.427	-1815.021	-0.4053758	0.317376	0.10264	0.89736	0.20528	1.79472	0.9999107
180	0	-1818.391	-1817.987	-0.4038906	0.341936	0.0996719	0.900328	0.199344	1.80066	0.9984267
181	1	-1815.622	-1815.217	-0.4054372	0.348274	0.0956326	0.904367	0.191265	1.80873	0.9999721
182	0	-1817.22	-1816.816	-0.4044509	0.30572	0.0988905	0.90111	0.197781	1.80222	0.9989863
183	1	-1816.404	-1815.999	-0.4047389	0.310983	0.100242	0.899758	0.200484	1.79952	0.999274
184	0	-1817.314	-1816.909	-0.4052647	0.352361	0.100815	0.899185	0.201629	1.79837	0.9997996
185	1	-1817.069	-1816.664	-0.4047721	0.314866	0.104768	0.895232	0.209537	1.79046	0.9993073
186	0	-1816.665	-1816.259	-0.405409	0.295099	0.0975699	0.90243	0.19514	1.80486	0.9999439
187	1	-1815.439	-1815.034	-0.4051016	0.318784	0.0988389	0.901161	0.197678	1.80232	0.9996366
188	0	-1816.46	-1816.055	-0.405409	0.294294	0.10142	0.89858	0.202841	1.79716	0.9999439
189	1	-1817.513	-1817.108	-0.4046309	0.333894	0.103445	0.896555	0.20689	1.79311	0.9991661
190	0	-1817.896	-1817.492	-0.4038941	0.330505	0.0936873	0.906313	0.187375	1.81263	0.9984302
191	1	-1816.466	-1816.061	-0.4046309	0.322819	0.100972	0.899028	0.201943	1.79806	0.9991661
192	0	-1815.533	-1815.127	-0.4051422	0.336428	0.0949342	0.905066	0.189868	1.81013	0.9996771
193	1	-1816.465	-1816.06	-0.4051196	0.320488	0.0927508	0.907249	0.185502	1.8145	0.9996546
194	0	-1822.873	-1822.469	-0.4034946	0.318531	0.0862963	0.913704	0.172593	1.82741	0.9980314
195	1	-1815.97	-1815.564	-0.4053116	0.302806	0.102118	0.897882	0.204237	1.79576	0.9998465
196	0	-1815.045	-1814.64	-0.4053487	0.330545	0.0990014	0.900999	0.198003	1.802	0.9998836
197	1	-1817.629	-1817.224	-0.4051384	0.309362	0.108115	0.891885	0.21623	1.78377	0.9996733
198	0	-1818.818	-1818.414	-0.4039837	0.354601	0.0937935	0.906207	0.187587	1.81241	0.9985197
199	1	-1815.42	-1815.015	-0.4053989	0.312746	0.0955947	0.904405	0.191189	1.80881	0.9999338
200	0	-1819.298	-1818.895	-0.4030954	0.331701	0.100082	0.899918	0.200164	1.79984	0.9976331
201	1	-1815.346	-1814.941	-0.4052213	0.334373	0.0984237	0.901576	0.196847	1.80315	0.9997563
202	0	-1817.15	-1816.745	-0.4054084	0.362551	0.0936731	0.906327	0.187346	1.81265	0.9999433
203	1	-1815.241	-1814.836	-0.4054242	0.309459	0.0984001	0.9016	0.1968	1.8032	0.9999591
204	0	-1818.735	-1818.331	-0.4041233	0.317388	0.0913278	0.908672	0.182656	1.81734	0.9986591
205	1	-1815.183	-1814.778	-0.4054242	0.323041	0.101768	0.898232	0.203536	1.79646	0.9999591
206	0	-1815.334	-1814.929	-0.4051839	0.332728	0.0981893	0.901811	0.196379	1.80362	0.9997189
207	1	-1816.789	-1816.384	-0.4054119	0.29454	0.104762	0.895238	0.209524	1.79048	0.9999468
208	0	-1816.04	-1815.635	-0.4049526	0.327831	0.10129	0.89871	0.20258	1.79742	0.9994876
209	1	-1817.212	-1816.808	-0.4046358	0.310774	0.104207	0.895793	0.208414	1.79159	0.999171
210	0	-1816.501	-1816.096	-0.4049526	0.305308	0.0972331	0.902767	0.194466	1.80553	0.9994876
211	1	-1815.054	-1814.649	-0.4053386	0.332687	0.098191	0.901809	0.196382	1.80362	0.9998735
212	0	-1818.049	-1817.645	-0.4043508	0.32789	0.0906604	0.90934	0.181321	1.81868	0.9988864
213	1	-1815.299	-1814.894	-0.4052168	0.327611	0.0997418	0.900258	0.199484	1.80052	0.9997517
214	0	-1815.502	-1815.097	-0.4052473	0.334862	0.0997628	0.900237	0.199526	1.80047	0.9997822
215	1	-1815.514	-1815.109	-0.4051624	0.338067	0.0954645	0.904535	0.190929	1.80907	0.9996973
216	0	-1816.149	-1815.743	-0.4052344	0.318841	0.104424	0.895576	0.208848	1.79115	0.9997693
217	1	-1817.419	-1817.015	-0.4044228	0.346211	0.0974823	0.902518	0.194965	1.80504	0.9989583
218	0	-1816.635	-1816.23	-0.4052344	0.304357	0.105359	0.894641	0.210718	1.78928	0.9997693
219	1	-1820.275	-1819.871	-0.4040071	0.296786	0.101334	0.898666	0.202668	1.79733	0.9985431
220	0	-1816.213	-1815.808	-0.4047414	0.316359	0.100134	0.899866	0.200268	1.79973	0.9992765
221	1	-1817.485	-1817.081	-0.4045182	0.30066	0.101219	0.898781	0.202437	1.79756	0.9990535
222	0	-1815.221	-1814.816	-0.4051844	0.32228	0.0980637	0.901936	0.196127	1.80387	0.9997193
223	1	-1817.772	-1817.367	-0.4049798	0.301503	0.0936213	0.906379	0.187243	1.81276	0.9995148
224	0	-1814.963	-1814.557	-0.4053689	0.332983	0.096263	0.903737	0.192526	1.80747	0.9999038
225	1	-1816.076	-1815.671	-0.4053318	0.31128	0.104698	0.895302	0.209397	1.7906	0.9998667
226	0	-1815.258	-1814.853	-0.4052465	0.33501	0.0975338	0.902466	0.195068	1.80493	0.9997815
227	1	-1819.821	-1819.416	-0.4041073	0.341185	0.105216	0.894784	0.210432	1.78957	0.9986431
228	0	-1817.181	-1816.776	-0.4048077	0.336897	0.0903776	0.909622	0.180755	1.81924	0.9993428
229	1	-1816.209	-1815.804	-0.4054034	0.302994	0.104616	0.895384	0.209232	1.79077	0.9999383
230	0	-1818.638	-1818.233	-0.4049962	0.333084	0.0870023	0.912998	0.174005	1.826	0.9995312
231	1	-1815.427	-1815.021	-0.4054034	0.339495	0.0993848	0.900615	0.19877	1.80123	0.9999383
232	0	-1815.601	-1815.196	-0.4053013	0.331883	0.101436	0.898564	0.202871	1.79713	0.9998362
233	1	-1820.488	-1820.084	-0.4043751	0.357808	0.0862119	0.913788	0.172424	1.82758	0.9989106
234	0	-1817.261	-1816.856	-0.404386	0.324182	0.0931343	0.906866	0.186269	1.81373	0.9989215
235	1	-1815.621	-1815.216	-0.4050401	0.335524	0.0965865	0.903414	0.193173	1.80683	0.9995751
236	0	-1815.675	-1815.269	-0.4052912	0.310848	0.0959467	0.904053	0.191893	1.80811	0.9998261
237	1	-1816.717	-1816.312	-0.4049803	0.351213	0.0937782	0.906222	0.187556	1.81244	0.9995154
238	0	-1816.382	-1815.977	-0.4045827	0.333297	0.0965449	0.903455	0.19309	1.80691	0.999118
239	1	-1815.825	-1815.42	-0.4053691	0.307119	0.103388	0.896612	0.206775	1.79322	0.9999039
240	0	-1816.263	-1815.858	-0.4049861	0.338395	0.100189	0.899811	0.200378	1.79962	0.9995211
241	1	-1816.791	-1816.386	-0.4050568	0.347009	0.0909012	0.909099	0.181802	1.8182	0.9995918
242	0	-1816.999	-1816.593	-0.4053316	0.356431	0.0981569	0.901843	0.196314	1.80369	0.9998665
243	1	-1818.337	-1817.931	-0.4050165	0.323747	0.108449	0.891551	0.216899	1.7831	0.9995515
244	0	-1815.893	-1815.487	-0.4052591	0.341759	0.0995996	0.9004	0.199199	1.8008	0.999794
245	1	-1817.768	-1817.364	-0.4043891	0.308906	0.0945706	0.905429	0.189141	1.81086	0.9989246
246	0	-1815.906	-1815.501	-0.4053964	0.334384	0.102657	0.897343	0.205315	1.79469	0.9999313
247	1	-1816.585	-1816.18	-0.4049311	0.340059	0.0916383	0.908362	0.183277	1.81672	0.9994661
248	0	-1815.227	-1814.822	-0.4053055	0.335221	0.0947436	0.905256	0.189487	1.81051	0.9998404
249	1	-1817.752	-1817.346	-0.4051939	0.353489	0.101274	0.898726	0.202548	1.79745	0.9997288
250	0	-1816.752	-1816.348	-0.4047047	0.330605	0.101981	0.898019	0.203962	1.79604	0.9992398
251	1	-1817.52	-1817.115	-0.4049519	0.331642	0.105383	0.894617	0.210766	1.78923	0.999487
252	0	-1816.119	-1815.714	-0.4047047	0.324042	0.0991015	0.900898	0.198203	1.8018	0.9992398
253	1	-1815.987	-1815.582	-0.4053732	0.347489	0.0919884	0.908012	0.183977	1.81602	0.9999081
254	0	-1816.098	-1815.693	-0.4050574	0.309564	0.0964654	0.903535	0.192931	1.80707	0.9995924
255	1	-1816.096	-1815.691	-0.4054334	0.343354	0.101136	0.898864	0.202273	1.79773	0.9999683
256	0	-1815.011	-1814.605	-0.4052984	0.328914	0.0971183	0.902882	0.194237	1.80576	0.9998333
257	1	-1817.043	-1816.637	-0.4053885	0.356697	0.0900207	0.909979	0.180041	1.81996	0.9999234
258	0	-1815.351	-1814.946	-0.4052097	0.319403	0.09612	0.90388	0.19224	1.80776	0.9997446
259	1	-1816.71	-1816.306	-0.4046221	0.310882	0.0970794	0.902921	0.194159	1.80584	0.9991573
260	0	-1817.179	-1816.775	-0.4042631	0.339403	0.0959333	0.904067	0.191867	1.80813	0.9987987
261	1	-1818.167	-1817.762	-0.4052188	0.283383	0.100923	0.899077	0.201845	1.79815	0.9997537
262	0	-1815.734	-1815.329	-0.4053161	0.320405	0.0931483	0.906852	0.186297	1.8137	0.999851
263	1	-1816.825	-1816.42	-0.4052587	0.355997	0.0919	0.9081	0.1838	1.8162	0.9997936
264	0	-1816.444	-1816.039	-0.4049797	0.307731	0.0960866	0.903913	0.192173	1.80783	0.9995147
265	1	-1817.934	-1817.528	-0.4052089	0.337867	0.106156	0.893844	0.212312	1.78769	0.9997439
266	0	-1815.102	-1814.697	-0.4054196	0.333474	0.0996119	0.900388	0.199224	1.80078	0.9999545
267	1	-1814.994	-1814.589	-0.4053832	0.31792	0.0971064	0.902894	0.194213	1.80579	0.9999181
268	0	-1817.114	-1816.71	-0.4045128	0.312765	0.102988	0.897012	0.205975	1.79402	0.9990481
269	1	-1815.2	-1814.794	-0.4053832	0.335086	0.0993356	0.900664	0.198671	1.80133	0.9999181
270	0	-1816.862	-1816.457	-0.4045722	0.308601	0.0979453	0.902055	0.195891	1.80411	0.9991075
271	1	-1816.016	-1815.611	-0.405214	0.345758	0.0929301	0.90707	0.18586	1.81414	0.999749
272	0	-1816.604	-1816.199	-0.4048114	0.32821	0.102533	0.897467	0.205066	1.79493	0.9993465
273	1	-1816.553	-1816.148	-0.4049809	0.339582	0.101005	0.898995	0.202009	1.79799	0.9995159
274	0	-1816.912	-1816.506	-0.4052851	0.309872	0.106969	0.893031	0.213939	1.78606	0.99982
275	1	-1816.609	-1816.204	-0.4050538	0.321454	0.0918009	0.908199	0.183602	1.8164	0.9995887
276	0	-1815.74	-1815.334	-0.4052851	0.312235	0.103019	0.896981	0.206037	1.79396	0.99982
277	1	-1815.698	-1815.293	-0.4050538	0.317141	0.0962899	0.90371	0.19258	1.80742	0.9995887
278	0	-1815.248	-1814.843	-0.4052014	0.325904	0.0992638	0.900736	0.198528	1.80147	0.9997363
279	1	-1815.852	-1815.447	-0.4050538	0.340221	0.094573	0.905427	0.189146	1.81085	0.9995887
280	0	-1816.607	-1816.202	-0.4052014	0.323009	0.0909411	0.909059	0.181882	1.81812	0.9997363
281	1	-1816.637	-1816.232	-0.4044916	0.330098	0.0947698	0.90523	0.18954	1.81046	0.999027
282	0	-1818.958	-1818.553	-0.4053415	0.310814	0.111579	0.888421	0.223158	1.77684	0.9998764
283	1	-1816.261	-1815.855	-0.4054308	0.3068	0.093973	0.906027	0.187946	1.81205	0.9999657
284	0	-1817.798	-1817.394	-0.4046369	0.336684	0.103693	0.896307	0.207387	1.79261	0.9991722
285	1	-1816.709	-1816.303	-0.4054308	0.302144	0.106521	0.893479	0.213042	1.78696	0.9999657
286	0	-1816.149	-1815.744	-0.4049218	0.329571	0.101265	0.898735	0.20253	1.79747	0.9994569
287	1	-1815.468	-1815.063	-0.4053767	0.307574	0.0981001	0.9019	0.1962	1.8038	0.9999116
288	0	-1815.84	-1815.436	-0.4049456	0.321961	0.0954208	0.904579	0.190842	1.80916	0.9994807
289	1	-1815.092	-1814.687	-0.405354	0.33561	0.0954219	0.904578	0.190844	1.80916	0.9998889
290	0	-1815.191	-1814.786	-0.4054368	0.318416	0.102038	0.897962	0.204076	1.79592	0.9999717
291	1	-1822.93	-1822.525	-0.4053724	0.284886	0.117438	0.882562	0.234876	1.76512	0.9999073
292	0	-1817.109	-1816.705	-0.4043439	0.318381	0.095106	0.904894	0.190212	1.80979	0.9988794
293	1	-1817.418	-1817.013	-0.4052271	0.29133	0.104819	0.895181	0.209638	1.79036	0.999762
294	0	-1814.844	-1814.438	-0.4054373	0.327889	0.0955373	0.904463	0.191075	1.80893	0.9999722
295	1	-1816.769	-1816.364	-0.4052218	0.309112	0.0929752	0.907025	0.18595	1.81405	0.9997567
296	0	-1815.605	-1815.199	-0.4054373	0.33034	0.0918016	0.908198	0.183603	1.8164	0.9999722
297	1	-1815.501	-1815.096	-0.4052218	0.319466	0.101627	0.898373	0.203254	1.79675	0.9997567
298	0	-1816.143	-1815.738	-0.4054373	0.304048	0.104812	0.895188	0.209624	1.79038	0.9999722
299	1	-1815.916	-1815.511	-0.4052218	0.344883	0.0932073	0.906793	0.186415	1.81359	0.9997567
300	0	-1817.41	-1817.005	-0.4046433	0.302707	0.0965397	0.90346	0.193079	1.80692	0.9991786
301	1	-1815.303	-1814.897	-0.405415	0.31921	0.102401	0.897599	0.204801	1.7952	0.9999498
302	0	-1814.821	-1814.416	-0.4054626	0.333981	0.0961124	0.903888	0.192225	1.80778	0.9999975
303	1	-1816.35	-1815.945	-0.4050725	0.313315	0.104089	0.895911	0.208177	1.79182	0.9996074
304	0	-1815.986	-1815.581	-0.4054079	0.329663	0.103822	0.896178	0.207645	1.79236	0.9999428
305	1	-1815.362	-1814.957	-0.405337	0.309702	0.0992005	0.9008	0.198401	1.8016	0.9998719
306	0	-1815.196	-1814.79	-0.4054079	0.319139	0.101792	0.898208	0.203584	1.79642	0.9999428
307	1	-1815.565	-1815.16	-0.4051627	0.339598	0.0960058	0.903994	0.192012	1.80799	0.9996977
308	0	-1818.614	-1818.21	-0.4042586	0.309045	0.106517	0.893483	0.213034	1.78697	0.9987942
309	1	-1816.554	-1816.148	-0.4051627	0.34896	0.0914941	0.908506	0.182988	1.81701	0.9996977
310	0	-1816.133	-1815.728	-0.4047139	0.326239	0.0957914	0.904209	0.191583	1.80842	0.999249
311	1	-1815.34	-1814.935	-0.4051627	0.320809	0.0995871	0.900413	0.199174	1.80083	0.9996977
312	0	-1815.318	-1814.912	-0.4054546	0.30696	0.0990831	0.900917	0.198166	1.80183	0.9999895
313	1	-1818.91	-1818.504	-0.4051338	0.318958	0.11037	0.88963	0.220741	1.77926	0.9996687
314	0	-1820.266	-1819.863	-0.4032927	0.297545	0.0972064	0.902794	0.194413	1.80559	0.9978299
315	1	-1817.73	-1817.326	-0.4045631	0.34578	0.0905598	0.90944	0.18112	1.81888	0.9990984
316	0	-1815.399	-1814.994	-0.4053883	0.329422	0.0928634	0.907137	0.185727	1.81427	0.9999232
317	1	-1817.233	-1816.829	-0.4045631	0.327079	0.0918781	0.908122	0.183756	1.81624	0.9990984
318	0	-1815.787	-1815.382	-0.4052162	0.343271	0.0977404	0.90226	0.195481	1.80452	0.9997511
319	1	-1816.757	-1816.351	-0.4053234	0.293506	0.0994861	0.900514	0.198972	1.80103	0.9998583
320	0	-1815.323	-1814.917	-0.405412	0.318746	0.102472	0.897528	0.204944	1.79506	0.9999469
321	1	-1815.069	-1814.664	-0.4053234	0.324354	0.0998042	0.900196	0.199608	1.80039	0.9998583
322	0	-1815.596	-1815.191	-0.4049949	0.321852	0.0969844	0.903016	0.193969	1.80603	0.9995299
323	1	-1817.33	-1816.924	-0.4053327	0.31891	0.107968	0.892032	0.215937	1.78406	0.9998676
324	0	-1815.876	-1815.471	-0.4050005	0.328489	0.100795	0.899205	0.20159	1.79841	0.9995355
325	1	-1817.104	-1816.699	-0.4049887	0.295358	0.100791	0.899209	0.201582	1.79842	0.9995237
326	0	-1819.096	-1818.692	-0.4046632	0.34753	0.104181	0.895819	0.208363	1.79164	0.9991984
327	1	-1816.638	-1816.233	-0.404701	0.343942	0.0956093	0.904391	0.191219	1.80878	0.9992361
328	0	-1815.594	-1815.189	-0.4049854	0.321415	0.0983983	0.901602	0.196797	1.8032	0.9995204
329	1	-1816.73	-1816.325	-0.4048074	0.347375	0.0965269	0.903473	0.193054	1.80695	0.9993425
330	0	-1815.099	-1814.694	-0.4052867	0.330668	0.095797	0.904203	0.191594	1.80841	0.9998216
331	1	-1816.999	-1816.594	-0.4045621	0.33701	0.100473	0.899527	0.200946	1.79905	0.9990974
332	0	-1817.539	-1817.134	-0.4053954	0.286199	0.103915	0.896085	0.20783	1.79217	0.9999302
333	1	-1816.959	-1816.554	-0.4045621	0.316514	0.0944114	0.905589	0.188823	1.81118	0.9990974
334	0	-1815.748	-1815.342	-0.4052433	0.311411	0.0958105	0.904189	0.191621	1.80838	0.9997782
335	1	-1816.915	-1816.511	-0.4043793	0.335	0.0986491	0.901351	0.197298	1.8027	0.9989147
336	0	-1815.631	-1815.226	-0.4049708	0.32068	0.0983868	0.901613	0.196774	1.80323	0.9995058
337	1	-1816.414	-1816.009	-0.4047043	0.338034	0.0980644	0.901936	0.196129	1.80387	0.9992395
338	0	-1819.09	-1818.685	-0.404318	0.310082	0.108077	0.891923	0.216153	1.78385	0.9988535
339	1	-1815.893	-1815.488	-0.4051475	0.335716	0.100607	0.899393	0.201213	1.79879	0.9996825
340	0	-1816.032	-1815.627	-0.4049419	0.334974	0.0996069	0.900393	0.199214	1.80079	0.999477
341	1	-1815.007	-1814.602	-0.4053599	0.317475	0.0979789	0.902021	0.195958	1.80404	0.9998948
342	0	-1817.319	-1816.915	-0.4044959	0.309191	0.10337	0.89663	0.20674	1.79326	0.9990313
343	1	-1815.354	-1814.949	-0.4053599	0.319812	0.094419	0.905581	0.188838	1.81116	0.9998948
344	0	-1815.611	-1815.206	-0.405367	0.344686	0.0976462	0.902354	0.195292	1.80471	0.9999019
345	1	-1814.878	-1814.472	-0.4054364	0.318674	0.0970423	0.902958	0.194085	1.80592	0.9999713
346	0	-1814.966	-1814.561	-0.4053947	0.326175	0.0952655	0.904734	0.190531	1.80947	0.9999296
347	1	-1816.365	-1815.961	-0.404626	0.322956	0.100199	0.899801	0.200398	1.7996	0.9991612
348	0	-1818.819	-1818.415	-0.4040895	0.356467	0.0936603	0.90634	0.187321	1.81268	0.9986254
349	1	-1817.934	-1817.528	-0.4052506	0.36033	0.0990549	0.900945	0.19811	1.80189	0.9997855
350	0	-1817.403	-1816.999	-0.4041125	0.315848	0.100605	0.899395	0.20121	1.79879	0.9986483
351	1	-1817.021	-1816.616	-0.404484	0.316871	0.102559	0.897441	0.205117	1.79488	0.9990194
352	0	-1816.434	-1816.029	-0.4050231	0.331302	0.102778	0.897222	0.205557	1.79444	0.9995581
353	1	-1817.544	-1817.139	-0.4048668	0.294633	0.0985778	0.901422	0.197156	1.80284	0.9994019
354	0	-1816.773	-1816.368	-0.4050624	0.313099	0.105479	0.894521	0.210957	1.78904	0.9995973
355	1	-1817.322	-1816.917	-0.4051977	0.304703	0.0928346	0.907165	0.185669	1.81433	0.9997326
356	0	-1816.434	-1816.029	-0.4048346	0.331372	0.092642	0.907358	0.185284	1.81472	0.9993697
357	1	-1815.945	-1815.539	-0.4051977	0.345133	0.097582	0.902418	0.195164	1.80484	0.9997326
358	0	-1815.274	-1814.869	-0.4053735	0.321808	0.0943126	0.905687	0.188625	1.81137	0.9999084
359	1	-1815.829	-1815.424	-0.4049488	0.31482	0.0988996	0.9011	0.197799	1.8022	0.9994839
360	0	-1814.896	-1814.491	-0.4053756	0.322267	0.0988139	0.901186	0.197628	1.80237	0.9999105
361	1	-1817.861	-1817.457	-0.4042783	0.301929	0.101787	0.898213	0.203574	1.79643	0.9988139
362	0	-1815.073	-1814.667	-0.4054438	0.339624	0.0954017	0.904598	0.190803	1.8092	0.9999787
363	1	-1817.011	-1816.607	-0.4044396	0.337714	0.093513	0.906487	0.187026	1.81297	0.998975
364	0	-1816.668	-1816.263	-0.4054438	0.355279	0.0982581	0.901742	0.196516	1.80348	0.9999787
365	1	-1818.646	-1818.242	-0.4041838	0.354959	0.0968087	0.903191	0.193617	1.80638	0.9987195
366	0	-1815.636	-1815.23	-0.4054438	0.337098	0.101383	0.898617	0.202766	1.79723	0.9999787
367	1	-1815.434	-1815.029	-0.4050967	0.332431	0.097112	0.902888	0.194224	1.80578	0.9996317
368	0	-1815.3	-1814.895	-0.4053254	0.335764	0.0939719	0.906028	0.187944	1.81206	0.9998603
369	1	-1815.131	-1814.726	-0.4052954	0.327807	0.099497	0.900503	0.198994	1.80101	0.9998303
370	0	-1818.892	-1818.487	-0.4048894	0.282361	0.101295	0.898705	0.202589	1.79741	0.9994245
371	1	-1815.692	-1815.287	-0.4052954	0.305865	0.098776	0.901224	0.197552	1.80245	0.9998303
372	0	-1817.141	-1816.736	-0.4050379	0.298706	0.104709	0.895291	0.209417	1.79058	0.9995729
373	1	-1814.966	-1814.56	-0.4053955	0.32437	0.10003	0.89997	0.200059	1.79994	0.9999304
374	0	-1816.02	-1815.615	-0.4049202	0.316909	0.10135	0.89865	0.2027	1.7973	0.9994552
375	1	-1816.22	-1815.815	-0.4051411	0.342494	0.0998618	0.900138	0.199724	1.80028	0.9996761
376	0	-1815.499	-1815.094	-0.4053189	0.328588	0.101721	0.898279	0.203443	1.79656	0.9998538
377	1	-1816.193	-1815.788	-0.4051411	0.332781	0.102406	0.897594	0.204811	1.79519	0.9996761
378	0	-1818.392	-1817.987	-0.4048618	0.290193	0.105886	0.894114	0.211773	1.78823	0.9993969
379	1	-1816.282	-1815.877	-0.4051411	0.349876	0.0946477	0.905352	0.189295	1.8107	0.9996761
380	0	-1817.025	-1816.62	-0.4051767	0.301753	0.0946627	0.905337	0.189325	1.81067	0.9997116
381	1	-1816.977	-1816.572	-0.4051331	0.309758	0.0926924	0.907308	0.185385	1.81462	0.999668
382	0	-1816.937	-1816.532	-0.404414	0.31596	0.101272	0.898728	0.202544	1.79746	0.9989495
383	1	-1816.019	-1815.614	-0.4049212	0.311991	0.0981413	0.901859	0.196283	1.80372	0.9994562
384	0	-1820.407	-1820.004	-0.4024215	0.337121	0.0962697	0.90373	0.192539	1.80746	0.996961
385	1	-1815.396	-1814.991	-0.4050996	0.324067	0.0989401	0.90106	0.19788	1.80212	0.9996345
386	0	-1819.857	-1819.452	-0.4043035	0.331881	0.0871261	0.912874	0.174252	1.82575	0.998839
387	1	-1816.13	-1815.725	-0.4050996	0.324199	0.10318	0.89682	0.206359	1.79364	0.9996345
388	0	-1815.798	-1815.393	-0.4052209	0.307352	0.101426	0.898574	0.202852	1.79715	0.9997558
389	1	-1815.914	-1815.509	-0.4050996	0.319908	0.102586	0.897414	0.205171	1.79483	0.9996345
390	0	-1815.246	-1814.84	-0.4053901	0.315807	0.0956704	0.90433	0.191341	1.80866	0.9999249
391	1	-1816.339	-1815.934	-0.4047426	0.339927	0.0961206	0.903879	0.192241	1.80776	0.9992777
392	0	-1815.069	-1814.663	-0.4052824	0.3245	0.0964705	0.90353	0.192941	1.80706	0.9998173
393	1	-1819.533	-1819.128	-0.404659	0.309662	0.11037	0.88963	0.22074	1.77926	0.9991942
394	0	-1815.297	-1814.892	-0.4052824	0.319438	0.10104	0.89896	0.202079	1.79792	0.9998173
395	1	-1817.957	-1817.552	-0.4050925	0.305069	0.108565	0.891435	0.21713	1.78287	0.9996275
396	0	-1817.245	-1816.84	-0.4044895	0.30614	0.10202	0.89798	0.204041	1.79596	0.9990248
397	1	-1815.726	-1815.321	-0.4050925	0.311478	0.0983763	0.901624	0.196753	1.80325	0.9996275
398	0	-1818.372	-1817.968	-0.4038067	0.310329	0.0960448	0.903955	0.19209	1.80791	0.998343
399	1	-1817.034	-1816.63	-0.4042964	0.331296	0.094465	0.905535	0.18893	1.81107	0.9988319
400	0	-1817.517	-1817.113	-0.4042882	0.337893	0.0923717	0.907628	0.184743	1.81526	0.9988238
401	1	-1819.576	-1819.172	-0.4037799	0.333907	0.10484	0.89516	0.20968	1.79032	0.9983162
402	0	-1817.243	-1816.839	-0.4042882	0.312509	0.0968408	0.903159	0.193682	1.80632	0.9988238
403	1	-1817.52	-1817.115	-0.4049546	0.304266	0.0935741	0.906426	0.187148	1.81285	0.9994897
404	0	-1819.406	-1819.002	-0.4042882	0.317436	0.0893987	0.910601	0.178797	1.8212	0.9988238
405	1	-1817.41	-1817.005	-0.4049546	0.301338	0.105845	0.894155	0.21169	1.78831	0.9994897
406	0	-1816.827	-1816.422	-0.4044678	0.313843	0.100734	0.899266	0.201468	1.79853	0.9990032
407	1	-1815.998	-1815.593	-0.4051901	0.327302	0.102938	0.897062	0.205876	1.79412	0.999725
408	0	-1818.955	-1818.551	-0.4033774	0.333566	0.0930815	0.906919	0.186163	1.81384	0.9979144
409	1	-1815.722	-1815.317	-0.4051901	0.311226	0.101721	0.898279	0.203443	1.79656	0.999725
410	0	-1819.98	-1819.577	-0.4028285	0.310058	0.101317	0.898683	0.202633	1.79737	0.9973669
411	1	-1817.24	-1816.835	-0.4044604	0.321263	0.103241	0.896759	0.206481	1.79352	0.9989958
412	0	-1820.132	-1819.729	-0.4025128	0.319374	0.0994821	0.900518	0.198964	1.80104	0.997052
413	1	-1817.892	-1817.488	-0.4037084	0.328284	0.0981385	0.901862	0.196277	1.80372	0.9982448
414	0	-1822.439	-1822.038	-0.4014692	0.320168	0.094103	0.905897	0.188206	1.81179	0.9960121
415	1	-1817.55	-1817.146	-0.4047107	0.305049	0.0945522	0.905448	0.189104	1.8109	0.9992458
416	0	-1817.715	-1817.311	-0.4039269	0.321006	0.095371	0.904629	0.190742	1.80926	0.9984629
417	1	-1817.597	-1817.192	-0.4049763	0.33661	0.104747	0.895253	0.209494	1.79051	0.9995113
418	0	-1819.716	-1819.312	-0.403698	0.301417	0.0947195	0.905281	0.189439	1.81056	0.9982344
419	1	-1817.317	-1816.913	-0.4041053	0.331671	0.0949558	0.905044	0.189912	1.81009	0.9986411
420	0	-1815.936	-1815.531	-0.4053488	0.317733	0.0927879	0.907212	0.185576	1.81442	0.9998837
421	1	-1816.942	-1816.538	-0.4043228	0.316338	0.0997706	0.900229	0.199541	1.80046	0.9988584
422	0	-1815.624	-1815.219	-0.4052476	0.321678	0.0938021	0.906198	0.187604	1.8124	0.9997825
423	1	-1815.114	-1814.708	-0.4053154	0.316578	0.0990412	0.900959	0.198082	1.80192	0.9998503
424	0	-1815.77	-1815.365	-0.4052042	0.338197	0.0997616	0.900238	0.199523	1.80048	0.9997391
425	1	-1816.183	-1815.778	-0.4051404	0.309812	0.0951778	0.904822	0.190356	1.80964	0.9996753
426	0	-1816.135	-1815.73	-0.4050073	0.311402	0.0960248	0.903975	0.19205	1.80795	0.9995423
427	1	-1815.849	-1815.444	-0.4051424	0.32598	0.0931088	0.906891	0.186218	1.81378	0.9996773
428	0	-1815.471	-1815.066	-0.4054027	0.312101	0.0955132	0.904487	0.191026	1.80897	0.9999376
429	1	-1816.659	-1816.254	-0.4045747	0.339777	0.0969977	0.903002	0.193995	1.806	0.99911
430	0	-1814.884	-1814.479	-0.4054198	0.332824	0.095868	0.904132	0.191736	1.80826	0.9999547
431	1	-1817.223	-1816.817	-0.4051054	0.35259	0.0901435	0.909856	0.180287	1.81971	0.9996404
432	0	-1815.131	-1814.726	-0.4052891	0.318795	0.0995028	0.900497	0.199006	1.80099	0.999824
433	1	-1817.137	-1816.732	-0.4048667	0.316604	0.0920817	0.907918	0.184163	1.81584	0.9994018
434	0	-1815.265	-1814.86	-0.4052891	0.314122	0.0997702	0.90023	0.19954	1.80046	0.999824
435	1	-1815.473	-1815.067	-0.405452	0.30515	0.0986052	0.901395	0.19721	1.80279	0.9999868
436	0	-1814.997	-1814.592	-0.4053847	0.317688	0.0997679	0.900232	0.199536	1.80046	0.9999196
437	1	-1814.853	-1814.447	-0.405452	0.333108	0.0955296	0.90447	0.191059	1.80894	0.9999868
438	0	-1817.276	-1816.871	-0.4050033	0.300671	0.0952785	0.904722	0.190557	1.80944	0.9995383
439	1	-1817.939	-1817.535	-0.4044337	0.317388	0.105539	0.894461	0.211078	1.78892	0.9989691
440	0	-1815.804	-1815.398	-0.4050816	0.314552	0.0960704	0.90393	0.192141	1.80786	0.9996166
441	1	-1816.673	-1816.268	-0.4045987	0.31054	0.100169	0.899831	0.200337	1.79966	0.999134
442	0	-1816.698	-1816.294	-0.4043758	0.323033	0.0968769	0.903123	0.193754	1.80625	0.9989113
443	1	-1816.636	-1816.231	-0.4045987	0.334441	0.0936931	0.906307	0.187386	1.81261	0.999134
444	0	-1816.099	-1815.694	-0.4047314	0.325102	0.0959435	0.904057	0.191887	1.80811	0.9992665
445	1	-1816.073	-1815.668	-0.4049528	0.310078	0.0980747	0.901925	0.196149	1.80385	0.9994878
446	0	-1819.003	-1818.598	-0.4046289	0.324803	0.0881307	0.911869	0.176261	1.82374	0.9991641
447	1	-1818.341	-1817.937	-0.4038752	0.306156	0.101925	0.898075	0.203851	1.79615	0.9984113
448	0	-1815.495	-1815.09	-0.4050965	0.332785	0.095437	0.904563	0.190874	1.80913	0.9996314
449	1	-1815.879	-1815.474	-0.4048924	0.319896	0.100075	0.899925	0.20015	1.79985	0.9994274
450	0	-1815.643	-1815.237	-0.4054218	0.329338	0.102861	0.897139	0.205722	1.79428	0.9999566
451	1	-1816.389	-1815.984	-0.405252	0.343652	0.0906419	0.909358	0.181284	1.81872	0.9997869
452	0	-1818.343	-1817.938	-0.4042113	0.338743	0.0901705	0.90983	0.180341	1.81966	0.9987469
453	1	-1817.893	-1817.487	-0.4053205	0.317542	0.101339	0.898661	0.202678	1.79732	0.9998554
454	0	-1818.889	-1818.485	-0.404136	0.299142	0.105372	0.894628	0.210744	1.78926	0.9986718
455	1	-1816.777	-1816.373	-0.4049857	0.298986	0.101183	0.898817	0.202367	1.79763	0.9995207
456	0	-1817.372	-1816.968	-0.4045916	0.347954	0.0981845	0.901815	0.196369	1.80363	0.9991269
457	1	-1821.77	-1821.365	-0.4049071	0.269082	0.109362	0.890638	0.218724	1.78128	0.9994422
458	0	-1817.51	-1817.105	-0.4045916	0.326676	0.104389	0.895611	0.208778	1.79122	0.9991269
459	1	-1815.562	-1815.157	-0.4052294	0.335385	0.0934054	0.906595	0.186811	1.81319	0.9997643
460	0	-1815.094	-1814.688	-0.4054127	0.314109	0.0971833	0.902817	0.194367	1.80563	0.9999476
461	1	-1819.224	-1818.819	-0.4047179	0.347858	0.104573	0.895427	0.209146	1.79085	0.999253
462	0	-1817.523	-1817.119	-0.4044131	0.32505	0.103628	0.896372	0.207256	1.79274	0.9989485
463	1	-1815.204	-1814.799	-0.4052831	0.326359	0.100107	0.899893	0.200214	1.79979	0.999818
464	0	-1817.087	-1816.681	-0.4054416	0.336843	0.105456	0.894544	0.210912	1.78909	0.9999765
465	1	-1815.477	-1815.072	-0.4051527	0.319645	0.0958702	0.90413	0.19174	1.80826	0.9996877
466	0	-1814.879	-1814.473	-0.4054416	0.321737	0.0959853	0.904015	0.191971	1.80803	0.9999765
467	1	-1815.284	-1814.879	-0.4054077	0.309025	0.100069	0.899931	0.200138	1.79986	0.9999426
468	0	-1815.741	-1815.336	-0.4054416	0.311204	0.104172	0.895828	0.208345	1.79166	0.9999765
469	1	-1818.363	-1817.959	-0.4048786	0.317388	0.089364	0.910636	0.178728	1.82127	0.9994136
470	0	-1816.523	-1816.118	-0.4054416	0.332456	0.0893657	0.910634	0.178731	1.82127	0.9999765
471	1	-1816.07	-1815.665	-0.4049788	0.308771	0.0987751	0.901225	0.19755	1.80245	0.9995138
472	0	-1815.472	-1815.066	-0.4054342	0.341254	0.0992534	0.900747	0.198507	1.80149	0.9999691
473	1	-1816.033	-1815.628	-0.4049911	0.312478	0.101663	0.898337	0.203327	1.79667	0.9995261
474	0	-1815.627	-1815.221	-0.4053198	0.340051	0.0994459	0.900554	0.198892	1.80111	0.9998547
475	1	-1815.102	-1814.696	-0.4053845	0.336761	0.0978171	0.902183	0.195634	1.80437	0.9999194
476	0	-1815.288	-1814.883	-0.4054227	0.340842	0.0980971	0.901903	0.196194	1.80381	0.9999576
477	1	-1817.96	-1817.555	-0.4047343	0.292036	0.0999168	0.900083	0.199834	1.80017	0.9992694
478	0	-1815.74	-1815.334	-0.4054227	0.301815	0.0998049	0.900195	0.19961	1.80039	0.9999576
479	1	-1817.09	-1816.685	-0.4044528	0.312404	0.102219	0.897781	0.204439	1.79556	0.9989882
480	0	-1815.525	-1815.12	-0.4054227	0.309872	0.0958504	0.90415	0.191701	1.8083	0.9999576
481	1	-1818.524	-1818.119	-0.4046442	0.317618	0.0898005	0.910199	0.179601	1.8204	0.9991794
482	0	-1815.045	-1814.64	-0.4054227	0.322987	0.0948372	0.905163	0.189674	1.81033	0.9999576
483	1	-1816.892	-1816.487	-0.4043094	0.317675	0.0981418	0.901858	0.196284	1.80372	0.998845
484	0	-1816.628	-1816.223	-0.4054227	0.352836	0.0992303	0.90077	0.198461	1.80154	0.9999576
485	1	-1816.147	-1815.742	-0.4049665	0.334911	0.100479	0.899521	0.200959	1.79904	0.9995015
486	0	-1818.103	-1817.699	-0.4040707	0.307365	0.0961414	0.903859	0.192283	1.80772	0.9986066
487	1	-1815.641	-1815.236	-0.4049665	0.325988	0.096238	0.903762	0.192476	1.80752	0.9995015
488	0	-1816.16	-1815.755	-0.4054473	0.324616	0.0907628	0.909237	0.181526	1.81847	0.9999822
489	1	-1815.606	-1815.201	-0.4049665	0.327442	0.0968231	0.903177	0.193646	1.80635	0.9995015
490	0	-1814.794	-1814.389	-0.4054473	0.329258	0.0985221	0.901478	0.197044	1.80296	0.9999822
491	1	-1817.266	-1816.861	-0.4048982	0.299576	0.104363	0.895637	0.208727	1.79127	0.9994333
492	0	-1815.818	-1815.413	-0.4054473	0.308317	0.0949083	0.905092	0.189817	1.81018	0.9999822
493	1	-1819.632	-1819.228	-0.4039365	0.292438	0.104747	0.895253	0.209493	1.79051	0.9984726
494	0	-1816.061	-1815.655	-0.4054473	0.307927	0.0941752	0.905825	0.18835	1.81165	0.9999822
495	1	-1815.961	-1815.556	-0.4049932	0.311004	0.100504	0.899496	0.201008	1.79899	0.9995282
496	0	-1815.941	-1815.536	-0.4050768	0.314324	0.102336	0.897664	0.204672	1.79533	0.9996117
497	1	-1818.652	-1818.249	-0.4034204	0.337477	0.0974471	0.902553	0.194894	1.80511	0.9979574
498	0	-1815.135	-1814.73	-0.4052573	0.321124	0.0970378	0.902962	0.194076	1.80592	0.9997922
499	1	-1817.869	-1817.465	-0.4041601	0.340308	0.100094	0.899906	0.200188	1.79981	0.9986958
500	0	-1817.582	-1817.178	-0.4044828	0.347451	0.0985345	0.901466	0.197069	1.80293	0.9990181
501	1	-1816.325	-1815.92	-0.4052437	0.325455	0.100072	0.899928	0.200144	1.79986	0.9997786
502	0	-1816.005	-1815.6	-0.4049992	0.329779	0.101209	0.898791	0.202419	1.79758	0.9995342
503	1	-1815.334	-1814.929	-0.4054213	0.316568	0.102566	0.897434	0.205133	1.79487	0.9999562
504	0	-1816.638	-1816.233	-0.4049992	0.349271	0.0973451	0.902655	0.19469	1.80531	0.9995342
505	1	-1815.367	-1814.962	-0.4052297	0.325931	0.100603	0.899397	0.201206	1.79879	0.9997646
506	0	-1815.969	-1815.564	-0.4049992	0.335062	0.0998169	0.900183	0.199634	1.80037	0.9995342
507	1	-1815.534	-1815.129	-0.4052297	0.315799	0.0956746	0.904325	0.191349	1.80865	0.9997646
508	0	-1815.923	-1815.518	-0.4049214	0.336855	0.0951981	0.904802	0.190396	1.8096	0.9994564
509	1	-1815.746	-1815.341	-0.4052297	0.32232	0.0933569	0.906643	0.186714	1.81329	0.9997646
510	0	-1815.101	-1814.696	-0.4053237	0.335206	0.0967809	0.903219	0.193562	1.80644	0.9998586
511	1	-1815.8	-1815.395	-0.4048965	0.326895	0.0991534	0.900847	0.198307	1.80169	0.9994315
512	0	-1816.132	-1815.727	-0.4053237	0.314407	0.104956	0.895044	0.209912	1.79009	0.9998586
513	1	-1816.396	-1815.991	-0.4048965	0.344692	0.0970127	0.902987	0.194025	1.80597	0.9994315
514	0	-1817.057	-1816.652	-0.4053237	0.360603	0.0939161	0.906084	0.187832	1.81217	0.9998586
515	1	-1817.388	-1816.982	-0.4050653	0.328358	0.106051	0.893949	0.212102	1.7879	0.9996002
516	0	-1815.326	-1814.921	-0.4054027	0.337809	0.0994164	0.900584	0.198833	1.80117	0.9999376
517	1	-1816.386	-1815.981	-0.405326	0.29653	0.101257	0.898743	0.202514	1.79749	0.9998609
518	0	-1815.287	-1814.882	-0.4054027	0.310001	0.100777	0.899223	0.201553	1.79845	0.9999376
519	1	-1816.391	-1815.985	-0.4050795	0.315117	0.0934061	0.906594	0.186812	1.81319	0.9996145
520	0	-1815.509	-1815.104	-0.4054027	0.337504	0.092335	0.907665	0.18467	1.81533	0.9999376
521	1	-1815.492	-1815.087	-0.40514	0.329357	0.0946051	0.905395	0.18921	1.81079	0.9996749
522	0	-1818.976	-1818.571	-0.405173	0.278218	0.102589	0.897411	0.205178	1.79482	0.999708
523	1	-1817.492	-1817.088	-0.4043586	0.346667	0.0939872	0.906013	0.187974	1.81203	0.9988941
524	0	-1815.881	-1815.476	-0.4052838	0.339072	0.100658	0.899342	0.201316	1.79868	0.9998187
525	1	-1817.198	-1816.794	-0.4041684	0.318078	0.099964	0.900036	0.199928	1.80007	0.9987041
526	0	-1817.772	-1817.367	-0.4052838	0.285208	0.102522	0.897478	0.205045	1.79496	0.9998187
527	1	-1820.329	-1819.926	-0.4031198	0.330476	0.0903412	0.909659	0.180682	1.81932	0.9976574
528	0	-1815.317	-1814.912	-0.4054075	0.342351	0.0944846	0.905515	0.188969	1.81103	0.9999424
529	1	-1816.839	-1816.435	-0.4043396	0.320647	0.0997514	0.900249	0.199503	1.8005	0.9988751
530	0	-1816.726	-1816.321	-0.4054075	0.307861	0.0925458	0.907454	0.185092	1.81491	0.9999424
531	1	-1816.706	-1816.301	-0.4054305	0.354648	0.0904075	0.909593	0.180815	1.81919	0.9999654
532	0	-1816.219	-1815.814	-0.4047457	0.315927	0.100172	0.899828	0.200345	1.79966	0.9992808
533	1	-1818.188	-1817.784	-0.4042001	0.350519	0.0926222	0.907378	0.185244	1.81476	0.9987358
534	0	-1815.98	-1815.575	-0.4048506	0.327912	0.0948923	0.905108	0.189785	1.81022	0.9993857
535	1	-1815.768	-1815.363	-0.4050499	0.316212	0.101145	0.898855	0.20229	1.79771	0.9995849
536	0	-1818.113	-1817.709	-0.4047532	0.359932	0.0920028	0.907997	0.184006	1.81599	0.9992884
537	1	-1819.066	-1818.662	-0.4037901	0.300748	0.0969667	0.903033	0.193933	1.80607	0.9983264
538	0	-1817.556	-1817.15	-0.4053319	0.329936	0.0879707	0.912029	0.175941	1.82406	0.9998668
539	1	-1819.58	-1819.177	-0.4033078	0.301832	0.0991187	0.900881	0.198237	1.80176	0.9978451
540	0	-1819.71	-1819.306	-0.4036594	0.326669	0.105758	0.894242	0.211516	1.78848	0.9981959
541	1	-1816.728	-1816.323	-0.4049963	0.351667	0.0937478	0.906252	0.187496	1.8125	0.9995313
542	0	-1816.87	-1816.465	-0.4049969	0.302491	0.104153	0.895847	0.208307	1.79169	0.9995319
543	1	-1816.843	-1816.438	-0.4053205	0.299877	0.105904	0.894096	0.211807	1.78819	0.9998554
544	0	-1814.78	-1814.374	-0.4054355	0.328004	0.0963914	0.903609	0.192783	1.80722	0.9999704
545	1	-1815.842	-1815.436	-0.4053205	0.338428	0.100957	0.899043	0.201914	1.79809	0.9998554
546	0	-1816.153	-1815.748	-0.4046744	0.322121	0.0986032	0.901397	0.197206	1.80279	0.9992096
547	1	-1816.099	-1815.694	-0.405363	0.30425	0.104059	0.895941	0.208119	1.79188	0.9998979
548	0	-1815.576	-1815.171	-0.4050696	0.319606	0.10021	0.89979	0.200419	1.79958	0.9996046
549	1	-1815.331	-1814.925	-0.405363	0.324711	0.10181	0.89819	0.20362	1.79638	0.9998979
550	0	-1818.521	-1818.116	-0.4049712	0.330541	0.107774	0.892226	0.215548	1.78445	0.9995063
551	1	-1815.768	-1815.363	-0.4052618	0.313961	0.103114	0.896886	0.206227	1.79377	0.9997967
552	0	-1816.827	-1816.422	-0.4049712	0.329749	0.0907724	0.909228	0.181545	1.81846	0.9995063
553	1	-1815.974	-1815.569	-0.4053559	0.341312	0.0911867	0.908813	0.182373	1.81763	0.9998908
554	0	-1818.623	-1818.219	-0.404112	0.351522	0.0982642	0.901736	0.196528	1.80347	0.9986478
555	1	-1816.108	-1815.704	-0.4047084	0.325175	0.0963024	0.903698	0.192605	1.8074	0.9992435
556	0	-1819.063	-1818.659	-0.404112	0.320362	0.106794	0.893206	0.213589	1.78641	0.9986478
557	1	-1815.833	-1815.428	-0.4048439	0.329143	0.0970829	0.902917	0.194166	1.80583	0.999379
558	0	-1815.936	-1815.531	-0.4050671	0.313382	0.0958292	0.904171	0.191658	1.80834	0.999602
559	1	-1817.185	-1816.781	-0.4045887	0.302532	0.0998532	0.900147	0.199706	1.80029	0.999124
560	0	-1817.683	-1817.279	-0.404039	0.317619	0.0951704	0.90483	0.190341	1.80966	0.9985749
561	1	-1818.205	-1817.8	-0.4053022	0.285726	0.106614	0.893386	0.213228	1.78677	0.9998371
562	0	-1819.807	-1819.403	-0.4040902	0.28968	0.0973329	0.902667	0.194666	1.80533	0.9986261
563	1	-1815.186	-1814.781	-0.4053372	0.336406	0.0980068	0.901993	0.196014	1.80399	0.9998721
564	0	-1816.873	-1816.468	-0.4049453	0.321098	0.0916722	0.908328	0.183344	1.81666	0.9994803
565	1	-1817.263	-1816.858	-0.4048454	0.344564	0.1011	0.8989	0.202201	1.7978	0.9993805
566	0	-1816.609	-1816.204	-0.4049453	0.348588	0.0967879	0.903212	0.193576	1.80642	0.9994803
567	1	-1816.87	-1816.466	-0.4046926	0.304374	0.0992227	0.900777	0.198445	1.80155	0.9992278
568	0	-1815.513	-1815.108	-0.405183	0.338728	0.095243	0.904757	0.190486	1.80951	0.9997179
569	1	-1816.163	-1815.758	-0.4046718	0.324769	0.0965276	0.903472	0.193055	1.80694	0.999207
570	0	-1815.95	-1815.545	-0.4050033	0.341233	0.0966274	0.903373	0.193255	1.80675	0.9995383
571	1	-1818.862	-1818.457	-0.4043515	0.318674	0.107449	0.892551	0.214899	1.7851	0.998887
572	0	-1815.709	-1815.304	-0.4051085	0.33054	0.100573	0.899427	0.201146	1.79885	0.9996435
573	1	-1817.338	-1816.933	-0.405232	0.358164	0.0978119	0.902188	0.195624	1.80438	0.9997669
574	0	-1817.098	-1816.693	-0.4049513	0.329997	0.0901897	0.90981	0.180379	1.81962	0.9994863
575	1	-1815.046	-1814.64	-0.405379	0.330152	0.0995562	0.900444	0.199112	1.80089	0.9999138
576	0	-1815.468	-1815.063	-0.4052998	0.311392	0.101314	0.898686	0.202628	1.79737	0.9998347
577	1	-1815.206	-1814.8	-0.4053288	0.330821	0.0942439	0.905756	0.188488	1.81151	0.9998637
578	0	-1818.037	-1817.632	-0.4051312	0.299707	0.0928607	0.907139	0.185721	1.81428	0.9996661
579	1	-1818.529	-1818.124	-0.4042752	0.33479	0.104288	0.895712	0.208577	1.79142	0.9988108
580	0	-1816.998	-1816.594	-0.4042304	0.319003	0.0983278	0.901672	0.196656	1.80334	0.9987661
581	1	-1815.932	-1815.527	-0.4048306	0.322574	0.0962567	0.903743	0.192513	1.80749	0.9993657
582	0	-1815.585	-1815.18	-0.4054586	0.34791	0.0940666	0.905933	0.188133	1.81187	0.9999935
583	1	-1818.677	-1818.273	-0.4042483	0.354906	0.0977533	0.902247	0.195507	1.80449	0.9987839
584	0	-1815.02	-1814.615	-0.4054586	0.336782	0.0983584	0.901642	0.196717	1.80328	0.9999935
585	1	-1816.835	-1816.431	-0.4044339	0.337042	0.0978903	0.90211	0.195781	1.80422	0.9989693
586	0	-1817.476	-1817.071	-0.4049454	0.292573	0.101023	0.898977	0.202046	1.79795	0.9994804
587	1	-1816.141	-1815.736	-0.4053215	0.344922	0.0912141	0.908786	0.182428	1.81757	0.9998564
588	0	-1815.776	-1815.37	-0.405374	0.339778	0.0916548	0.908345	0.18331	1.81669	0.9999089
589	1	-1815.564	-1815.158	-0.4053846	0.339126	0.0923726	0.907627	0.184745	1.81525	0.9999195
590	0	-1817.248	-1816.843	-0.405374	0.295979	0.106849	0.893151	0.213697	1.7863	0.9999089
591	1	-1816.705	-1816.3	-0.4048581	0.330977	0.102747	0.897253	0.205494	1.79451	0.9993932
592	0	-1816.127	-1815.722	-0.4051273	0.303894	0.0991133	0.900887	0.198227	1.80177	0.9996622
593	1	-1817.817	-1817.412	-0.4049705	0.324442	0.107117	0.892883	0.214235	1.78577	0.9995056
594	0	-1817.53	-1817.125	-0.4050695	0.360569	0.0945854	0.905415	0.189171	1.81083	0.9996044
595	1	-1817.717	-1817.312	-0.4044655	0.298928	0.0998779	0.900122	0.199756	1.80024	0.9990009
596	0	-1816.514	-1816.109	-0.4047295	0.320954	0.0941069	0.905893	0.188214	1.81179	0.9992646
597	1	-1819.008	-1818.603	-0.4049714	0.369648	0.0941561	0.905844	0.188312	1.81169	0.9995064
598	0	-1816.176	-1815.77	-0.4052419	0.321847	0.104387	0.895613	0.208774	1.79123	0.9997769
599	1	-1816.997	-1816.593	-0.4044305	0.334567	0.0999728	0.900027	0.199946	1.80005	0.9989659
600	0	-1815.473	-1815.067	-0.4053251	0.313015	0.0959477	0.904052	0.191895	1.8081	0.99986
601	1	-1815.536	-1815.131	-0.4051086	0.330848	0.0994135	0.900586	0.198827	1.80117	0.9996435
602	0	-1818.897	-1818.494	-0.4031956	0.322188	0.0997536	0.900246	0.199507	1.80049	0.9977331
603	1	-1815.366	-1814.961	-0.4053785	0.318569	0.0944676	0.905532	0.188935	1.81106	0.9999134
604	0	-1816.456	-1816.051	-0.405069	0.300959	0.099562	0.900438	0.199124	1.80088	0.999604
605	1	-1815.033	-1814.627	-0.4054427	0.338935	0.0964896	0.90351	0.192979	1.80702	0.9999776
606	0	-1816.216	-1815.811	-0.4048865	0.34037	0.0980177	0.901982	0.196035	1.80396	0.9994216
607	1	-1815.244	-1814.838	-0.4054427	0.331643	0.101031	0.898969	0.202063	1.79794	0.9999776
608	0	-1815.525	-1815.12	-0.4050564	0.320015	0.099378	0.900622	0.198756	1.80124	0.9995914
609	1	-1815.483	-1815.078	-0.4050699	0.328854	0.0987355	0.901264	0.197471	1.80253	0.9996048
610	0	-1816.041	-1815.636	-0.4054092	0.341888	0.0906992	0.909301	0.181398	1.8186	0.9999441
611	1	-1815.539	-1815.134	-0.4050984	0.335657	0.0973256	0.902674	0.194651	1.80535	0.9996334
612	0	-1815.57	-1815.165	-0.4051744	0.332669	0.0999862	0.900014	0.199972	1.80003	0.9997093
613	1	-1818.927	-1818.523	-0.4047203	0.285638	0.0990967	0.900903	0.198193	1.80181	0.9992555
614	0	-1815.776	-1815.371	-0.405067	0.314658	0.101191	0.898809	0.202382	1.79762	0.999602
615	1	-1816.501	-1816.096	-0.4053398	0.296808	0.0981395	0.90186	0.196279	1.80372	0.9998747
616	0	-1815.996	-1815.591	-0.4052044	0.33869	0.0918993	0.908101	0.183799	1.8162	0.9997393
617	1	-1817.066	-1816.661	-0.4048988	0.349635	0.0986114	0.901389	0.197223	1.80278	0.9994338
618	0	-1816.468	-1816.062	-0.4052044	0.352983	0.0955465	0.904453	0.191093	1.80891	0.9997393
619	1	-1815.958	-1815.553	-0.4048988	0.322184	0.10084	0.89916	0.201681	1.79832	0.9994338
620	0	-1818.898	-1818.493	-0.4052371	0.313612	0.0880732	0.911927	0.176146	1.82385	0.9997721
621	1	-1815.749	-1815.344	-0.4048988	0.328355	0.0982176	0.901782	0.196435	1.80356	0.9994338
622	0	-1816.488	-1816.082	-0.4052371	0.342812	0.101434	0.898566	0.202869	1.79713	0.9997721
623	1	-1818.477	-1818.073	-0.4038098	0.308418	0.102786	0.897214	0.205572	1.79443	0.998346
624	0	-1815.505	-1815.1	-0.4052371	0.324341	0.0940091	0.905991	0.188018	1.81198	0.9997721
625	1	-1816.402	-1815.997	-0.4051692	0.343892	0.100325	0.899675	0.200649	1.79935	0.9997042
626	0	-1815.173	-1814.768	-0.4052371	0.331137	0.0978521	0.902148	0.195704	1.8043	0.9997721
627	1	-1814.739	-1814.334	-0.4054445	0.324021	0.0974283	0.902572	0.194857	1.80514	0.9999794
628	0	-1814.848	-1814.443	-0.40545	0.331662	0.0985145	0.901485	0.197029	1.80297	0.9999849
629	1	-1816.508	-1816.103	-0.404652	0.336594	0.0941439	0.905856	0.188288	1.81171	0.9991872
630	0	-1815.553	-1815.148	-0.405186	0.311294	0.0989688	0.901031	0.197938	1.80206	0.9997209
631	1	-1816.462	-1816.057	-0.4046145	0.314183	0.09931	0.90069	0.19862	1.80138	0.9991498
632	0	-1815.285	-1814.88	-0.4052189	0.319556	0.099989	0.900011	0.199978	1.80002	0.9997538
633	1	-1817.273	-1816.868	-0.4046559	0.340528	0.091012	0.908988	0.182024	1.81798	0.9991912
634	0	-1816.512	-1816.107	-0.4050433	0.301725	0.0983851	0.901615	0.19677	1.80323	0.9995783
635	1	-1820.042	-1819.637	-0.4046559	0.350718	0.0856037	0.914396	0.171207	1.82879	0.9991912
636	0	-1815.951	-1815.546	-0.4049077	0.326051	0.100606	0.899394	0.201211	1.79879	0.9994427
637	1	-1817.918	-1817.513	-0.4047921	0.30378	0.0934376	0.906562	0.186875	1.81312	0.9993272
638	0	-1815.418	-1815.013	-0.4050632	0.325616	0.0976336	0.902366	0.195267	1.80473	0.9995981
639	1	-1818.803	-1818.399	-0.4034447	0.310509	0.100844	0.899156	0.201688	1.79831	0.9979816
640	0	-1818.54	-1818.136	-0.4041125	0.344629	0.10092	0.89908	0.201841	1.79816	0.9986483
641	1	-1817.211	-1816.807	-0.4046889	0.337837	0.101954	0.898046	0.203907	1.79609	0.9992241
642	0	-1817.204	-1816.799	-0.4046753	0.330564	0.0911354	0.908865	0.182271	1.81773	0.9992105
643	1	-1816.407	-1816.002	-0.4046889	0.330767	0.100197	0.899803	0.200394	1.79961	0.9992241
644	0	-1815.767	-1815.362	-0.4054248	0.30142	0.100533	0.899467	0.201067	1.79893	0.9999597
645	1	-1815.297	-1814.892	-0.4052018	0.333692	0.0976139	0.902386	0.195228	1.80477	0.9997368
646	0	-1815.272	-1814.866	-0.4054248	0.320903	0.0940671	0.905933	0.188134	1.81187	0.9999597
647	1	-1819.057	-1818.654	-0.4033031	0.3422	0.0958876	0.904112	0.191775	1.80822	0.9978404
648	0	-1814.959	-1814.554	-0.4054102	0.319286	0.100148	0.899852	0.200296	1.7997	0.999945
649	1	-1817.298	-1816.893	-0.4047952	0.312256	0.0928761	0.907124	0.185752	1.81425	0.9993303
650	0	-1819.165	-1818.76	-0.4049624	0.29235	0.0933778	0.906622	0.186756	1.81324	0.9994974
651	1	-1816.621	-1816.216	-0.4046495	0.341667	0.094938	0.905062	0.189876	1.81012	0.9991847
652	0	-1815.313	-1814.908	-0.4052047	0.325822	0.0952694	0.904731	0.190539	1.80946	0.9997396
653	1	-1817.393	-1816.988	-0.4040588	0.330192	0.0949648	0.905035	0.18993	1.81007	0.9985947
654	0	-1817.548	-1817.143	-0.4045723	0.351583	0.0930125	0.906987	0.186025	1.81397	0.9991076
655	1	-1818.518	-1818.114	-0.4040599	0.308084	0.0942801	0.90572	0.18856	1.81144	0.9985958
656	0	-1815.847	-1815.442	-0.4050061	0.329071	0.093953	0.906047	0.187906	1.81209	0.9995411
657	1	-1815.824	-1815.419	-0.4048648	0.33054	0.0976567	0.902343	0.195313	1.80469	0.9993999
658	0	-1817.629	-1817.224	-0.4050678	0.335133	0.105497	0.894503	0.210995	1.78901	0.9996028
659	1	-1817.042	-1816.638	-0.4042007	0.319967	0.0975759	0.902424	0.195152	1.80485	0.9987364
660	0	-1817.206	-1816.802	-0.4045264	0.34759	0.0950577	0.904942	0.190115	1.80988	0.9990618
661	1	-1815.609	-1815.204	-0.4051193	0.312853	0.0995486	0.900451	0.199097	1.8009	0.9996543
662	0	-1816.485	-1816.081	-0.4045264	0.321967	0.0963544	0.903646	0.192709	1.80729	0.9990618
663	1	-1815.329	-1814.924	-0.4051799	0.317612	0.098981	0.901019	0.197962	1.80204	0.9997148
664	0	-1815.943	-1815.538	-0.405084	0.30788	0.0986083	0.901392	0.197217	1.80278	0.999619
665	1	-1818.997	-1818.592	-0.4047414	0.336196	0.106925	0.893075	0.21385	1.78615	0.9992765
666	0	-1816.451	-1816.046	-0.40497	0.341013	0.0919785	0.908022	0.183957	1.81604	0.999505
667	1	-1816.669	-1816.264	-0.4051177	0.340159	0.0903087	0.909691	0.180617	1.81938	0.9996527
668	0	-1816.791	-1816.386	-0.4049062	0.349507	0.0930183	0.906982	0.186037	1.81396	0.9994412
669	1	-1817.364	-1816.959	-0.4049985	0.293003	0.102205	0.897795	0.204411	1.79559	0.9995335
670	0	-1817.632	-1817.228	-0.4046406	0.310584	0.0931156	0.906884	0.186231	1.81377	0.9991758
671	1	-1816.23	-1815.825	-0.4052054	0.346834	0.0985899	0.90141	0.19718	1.80282	0.9997403
672	0	-1816.224	-1815.819	-0.404776	0.330749	0.100047	0.899953	0.200093	1.79991	0.9993111
673	1	-1815.812	-1815.407	-0.4053751	0.301947	0.10027	0.89973	0.20054	1.79946	0.99991
674	0	-1818.892	-1818.489	-0.4033586	0.317542	0.095294	0.904706	0.190588	1.80941	0.9978957
675	1	-1819.948	-1819.544	-0.404619	0.324155	0.110065	0.889935	0.22013	1.77987	0.9991542
676	0	-1816.754	-1816.349	-0.4049992	0.340455	0.101592	0.898408	0.203184	1.79682	0.9995342
677	1	-1816.694	-1816.29	-0.4044937	0.325536	0.0946459	0.905354	0.189292	1.81071	0.9990291
678	0	-1816.224	-1815.819	-0.4048669	0.340784	0.0974874	0.902513	0.194975	1.80503	0.999402
679	1	-1824.312	-1823.908	-0.403281	0.353569	0.0832528	0.916747	0.166506	1.83349	0.9978183
680	0	-1815.53	-1815.125	-0.4051315	0.333179	0.0990439	0.900956	0.198088	1.80191	0.9996664
681	1	-1818.99	-1818.587	-0.4038585	0.330718	0.104249	0.895751	0.208499	1.7915	0.9983947
682	0	-1820.263	-1819.858	-0.4051815	0.303005	0.113437	0.886563	0.226873	1.77313	0.9997164
683	1	-1814.979	-1814.574	-0.4053766	0.320519	0.0964559	0.903544	0.192912	1.80709	0.9999115
684	0	-1817.154	-1816.749	-0.4050684	0.32146	0.0994125	0.900588	0.198825	1.80118	0.9996033
685	1	-1818.008	-1817.604	-0.4036522	0.322751	0.09688	0.90312	0.19376	1.80624	0.9981887
686	0	-1815.485	-1815.079	-0.4054341	0.313409	0.0947936	0.905206	0.189587	1.81041	0.999969
687	1	-1818.047	-1817.643	-0.4048208	0.360129	0.0960376	0.903962	0.192075	1.80792	0.9993559
688	0	-1818.064	-1817.659	-0.4044097	0.300439	0.0965341	0.903466	0.193068	1.80693	0.9989451
689	1	-1816.244	-1815.839	-0.4048208	0.332353	0.100271	0.899729	0.200542	1.79946	0.9993559
690	0	-1816.66	-1816.255	-0.4045813	0.319916	0.0948755	0.905125	0.189751	1.81025	0.9991166
691	1	-1817.889	-1817.484	-0.4046876	0.29392	0.102917	0.897083	0.205833	1.79417	0.9992228
692	0	-1815.1	-1814.695	-0.4052407	0.32684	0.0972931	0.902707	0.194586	1.80541	0.9997756
693	1	-1819.226	-1818.822	-0.4038134	0.353774	0.0971462	0.902854	0.194292	1.80571	0.9983497
694	0	-1815.26	-1814.855	-0.4052407	0.316198	0.0981366	0.901863	0.196273	1.80373	0.9997756
695	1	-1817.694	-1817.29	-0.4043498	0.312394	0.104194	0.895806	0.208389	1.79161	0.9988853
696	0	-1815.061	-1814.656	-0.4054292	0.338515	0.0952443	0.904756	0.190489	1.80951	0.9999641
697	1	-1815.056	-1814.65	-0.4054613	0.311685	0.0982591	0.901741	0.196518	1.80348	0.9999961
698	0	-1815.515	-1815.109	-0.4053379	0.311166	0.0962612	0.903739	0.192522	1.80748	0.9998728
699	1	-1815.653	-1815.248	-0.405234	0.31388	0.10226	0.89774	0.204521	1.79548	0.9997689
700	0	-1816.359	-1815.953	-0.4053205	0.324994	0.105043	0.894957	0.210086	1.78991	0.9998554
701	1	-1816.018	-1815.613	-0.4052023	0.31072	0.10346	0.89654	0.206919	1.79308	0.9997372
702	0	-1815.036	-1814.631	-0.4053205	0.332703	0.0966408	0.903359	0.193282	1.80672	0.9998554
703	1	-1815.601	-1815.196	-0.4052023	0.341192	0.0968901	0.90311	0.19378	1.80622	0.9997372
704	0	-1815.882	-1815.477	-0.4053205	0.30468	0.0972897	0.90271	0.194579	1.80542	0.9998554
705	1	-1818.715	-1818.31	-0.4050364	0.284387	0.0981572	0.901843	0.196314	1.80369	0.9995714
706	0	-1815.9	-1815.495	-0.4051546	0.309306	0.0967326	0.903267	0.193465	1.80653	0.9996896
707	1	-1815.979	-1815.573	-0.4052044	0.304159	0.0988922	0.901108	0.197784	1.80222	0.9997394
708	0	-1816.725	-1816.32	-0.4051734	0.354483	0.0961143	0.903886	0.192229	1.80777	0.9997083
709	1	-1816.142	-1815.737	-0.4052044	0.319406	0.104199	0.895801	0.208399	1.7916	0.9997394
710	0	-1815.69	-1815.285	-0.4050634	0.315834	0.100629	0.899371	0.201258	1.79874	0.9995984
711	1	-1817.776	-1817.37	-0.4051588	0.362431	0.0961462	0.903854	0.192292	1.80771	0.9996938
712	0	-1817.811	-1817.406	-0.4046072	0.297892	0.0974418	0.902558	0.194884	1.80512	0.9991425
713	1	-1816.785	-1816.38	-0.4051588	0.35519	0.0932161	0.906784	0.186432	1.81357	0.9996938
714	0	-1816.115	-1815.71	-0.4046816	0.32773	0.0970501	0.90295	0.1941	1.8059	0.9992168
715	1	-1815.338	-1814.932	-0.4054388	0.327112	0.0929152	0.907085	0.18583	1.81417	0.9999737
716	0	-1818.356	-1817.95	-0.4052919	0.340323	0.106766	0.893234	0.213532	1.78647	0.9998268
717	1	-1816.55	-1816.144	-0.4053113	0.347092	0.100643	0.899357	0.201286	1.79871	0.9998462
718	0	-1816.175	-1815.77	-0.4052919	0.317194	0.0924959	0.907504	0.184992	1.81501	0.9998268
719	1	-1815.955	-1815.549	-0.4053186	0.333053	0.102629	0.897371	0.205258	1.79474	0.9998535
720	0	-1816.459	-1816.054	-0.4053929	0.346448	0.0899381	0.910062	0.179876	1.82012	0.9999278
721	1	-1814.987	-1814.582	-0.4053186	0.329902	0.0968984	0.903102	0.193797	1.8062	0.9998535
722	0	-1815.109	-1814.704	-0.4053446	0.335752	0.0975179	0.902482	0.195036	1.80496	0.9998795
723	1	-1815.372	-1814.967	-0.4050958	0.32846	0.0970811	0.902919	0.194162	1.80584	0.9996308
724	0	-1817.557	-1817.152	-0.4049275	0.297084	0.0963205	0.90368	0.192641	1.80736	0.9994626
725	1	-1817.441	-1817.036	-0.4052019	0.289818	0.0993668	0.900633	0.198734	1.80127	0.9997368
726	0	-1816.567	-1816.162	-0.4046939	0.335439	0.0932088	0.906791	0.186418	1.81358	0.9992291
727	1	-1819.708	-1819.305	-0.4029717	0.31137	0.101624	0.898376	0.203247	1.79675	0.9975097
728	0	-1816.212	-1815.807	-0.4051235	0.346183	0.0979309	0.902069	0.195862	1.80414	0.9996584
729	1	-1817.38	-1816.976	-0.4045116	0.345351	0.0922543	0.907746	0.184509	1.81549	0.999047
730	0	-1816.369	-1815.964	-0.4048933	0.306519	0.0988112	0.901189	0.197622	1.80238	0.9994284
731	1	-1818.633	-1818.228	-0.4052039	0.298484	0.0917064	0.908294	0.183413	1.81659	0.9997388
732	0	-1817.25	-1816.845	-0.4045103	0.329131	0.0919583	0.908042	0.183917	1.81608	0.9990457
733	1	-1817.477	-1817.072	-0.4052726	0.288429	0.103669	0.896331	0.207338	1.79266	0.9998075
734	0	-1817.309	-1816.905	-0.4043302	0.343875	0.0951271	0.904873	0.190254	1.80975	0.9988657
735	1	-1816.019	-1815.613	-0.4053545	0.301391	0.102407	0.897593	0.204815	1.79519	0.9998894
736	0	-1816.619	-1816.215	-0.4044536	0.325087	0.095752	0.904248	0.191504	1.8085	0.998989
737	1	-1821.47	-1821.066	-0.4042051	0.27757	0.107956	0.892044	0.215911	1.78409	0.9987408
738	0	-1815.282	-1814.876	-0.4051606	0.328843	0.0981633	0.901837	0.196327	1.80367	0.9996955
739	1	-1816.521	-1816.116	-0.4045251	0.326318	0.0953563	0.904644	0.190713	1.80929	0.9990604
740	0	-1815.36	-1814.955	-0.4052351	0.313948	0.0995773	0.900423	0.199155	1.80085	0.99977
741	1	-1817.657	-1817.252	-0.404734	0.343968	0.0897038	0.910296	0.179408	1.82059	0.9992692
742	0	-1816.765	-1816.36	-0.4052351	0.321517	0.0906353	0.909365	0.181271	1.81873	0.99977
743	1	-1819.021	-1818.616	-0.4047243	0.34607	0.0869341	0.913066	0.173868	1.82613	0.9992595
744	0	-1816.358	-1815.953	-0.4050318	0.342451	0.0996025	0.900397	0.199205	1.80079	0.9995667
745	1	-1816.665	-1816.261	-0.4044987	0.336412	0.0952948	0.904705	0.19059	1.80941	0.999034
746	0	-1815.14	-1814.735	-0.4053824	0.318658	0.101163	0.898837	0.202326	1.79767	0.9999173
747	1	-1816.819	-1816.414	-0.4047475	0.307872	0.0962598	0.90374	0.19252	1.80748	0.9992827
748	0	-1815.218	-1814.813	-0.4053824	0.314555	0.101257	0.898743	0.202514	1.79749	0.9999173
749	1	-1815.376	-1814.971	-0.4052112	0.330947	0.0995787	0.900421	0.199157	1.80084	0.9997462
750	0	-1815.116	-1814.711	-0.4053824	0.31342	0.0981769	0.901823	0.196354	1.80365	0.9999173
751	1	-1815.74	-1815.335	-0.4051686	0.316507	0.102313	0.897687	0.204625	1.79537	0.9997035
752	0	-1817.777	-1817.372	-0.4053824	0.288726	0.106698	0.893302	0.213395	1.7866	0.9999173
753	1	-1818.195	-1817.789	-0.4052898	0.298063	0.10945	0.89055	0.2189	1.7811	0.9998247
754	0	-1815.086	-1814.681	-0.4052626	0.323517	0.0969908	0.903009	0.193982	1.80602	0.9997975
755	1	-1815.149	-1814.743	-0.4052898	0.326041	0.0953304	0.90467	0.190661	1.80934	0.9998247
756	0	-1815.004	-1814.599	-0.4054085	0.333205	0.0988124	0.901188	0.197625	1.80238	0.9999434
757	1	-1815.056	-1814.651	-0.4054118	0.338194	0.0965843	0.903416	0.193169	1.80683	0.9999466
758	0	-1816.138	-1815.732	-0.4054085	0.353633	0.094422	0.905578	0.188844	1.81116	0.9999434
759	1	-1816.144	-1815.739	-0.4048879	0.339886	0.0976219	0.902378	0.195244	1.80476	0.9994229
760	0	-1815.615	-1815.21	-0.4049813	0.330716	0.0965082	0.903492	0.193016	1.80698	0.9995163
761	1	-1816.875	-1816.47	-0.4054313	0.294868	0.0965186	0.903481	0.193037	1.80696	0.9999662
762	0	-1820.453	-1820.048	-0.4049583	0.336598	0.110063	0.889937	0.220125	1.77987	0.9994934
763	1	-1815.375	-1814.969	-0.4052575	0.33712	0.0946062	0.905394	0.189212	1.81079	0.9997924
764	0	-1816.598	-1816.193	-0.4054024	0.347037	0.101358	0.898642	0.202716	1.79728	0.9999373
765	1	-1814.817	-1814.412	-0.4054173	0.321321	0.0977059	0.902294	0.195412	1.80459	0.9999522
766	0	-1815.828	-1815.423	-0.404849	0.322383	0.0983277	0.901672	0.196655	1.80334	0.9993841
767	1	-1816.602	-1816.197	-0.404975	0.350125	0.0951945	0.904806	0.190389	1.80961	0.99951
768	0	-1817.501	-1817.096	-0.4049335	0.358265	0.0933254	0.906675	0.186651	1.81335	0.9994685
769	1	-1817.44	-1817.036	-0.4043222	0.338426	0.100082	0.899918	0.200164	1.79984	0.9988577
770	0	-1814.829	-1814.423	-0.4054225	0.326323	0.0960757	0.903924	0.192151	1.80785	0.9999574
771	1	-1816.367	-1815.962	-0.4050158	0.316658	0.10385	0.89615	0.2077	1.7923	0.9995508
772	0	-1815.516	-1815.111	-0.4054225	0.320833	0.103306	0.896694	0.206612	1.79339	0.9999574
773	1	-1815.006	-1814.6	-0.4054187	0.314189	0.0989558	0.901044	0.197912	1.80209	0.9999536
774	0	-1814.888	-1814.483	-0.4053687	0.328558	0.0978066	0.902193	0.195613	1.80439	0.9999036
775	1	-1816.769	-1816.364	-0.4054187	0.312672	0.0913494	0.908651	0.182699	1.8173	0.9999536
776	0	-1815.353	-1814.947	-0.4053687	0.328189	0.101532	0.898468	0.203065	1.79694	0.9999036
777	1	-1815.09	-1814.685	-0.4054187	0.336017	0.0986688	0.901331	0.197338	1.80266	0.9999536
778	0	-1815.525	-1815.12	-0.4054168	0.329957	0.092196	0.907804	0.184392	1.81561	0.9999517
779	1	-1816.328	-1815.922	-0.4054187	0.350068	0.0993018	0.900698	0.198604	1.8014	0.9999536
780	0	-1815.377	-1814.972	-0.4054168	0.329802	0.0927308	0.907269	0.185462	1.81454	0.9999517
781	1	-1819.177	-1818.771	-0.4054187	0.373833	0.0891142	0.910886	0.178228	1.82177	0.9999536
782	0	-1816.986	-1816.581	-0.4048283	0.313961	0.104817	0.895183	0.209634	1.79037	0.9993633
783	1	-1817.649	-1817.245	-0.4041411	0.332387	0.101137	0.898863	0.202275	1.79773	0.9986769
784	0	-1817.688	-1817.283	-0.4052129	0.358535	0.0894028	0.910597	0.178806	1.82119	0.9997478
785	1	-1817.193	-1816.789	-0.4042011	0.330583	0.0945418	0.905458	0.189084	1.81092	0.9987368
786	0	-1816.391	-1815.986	-0.4051365	0.349484	0.0928767	0.907123	0.185753	1.81425	0.9996714
787	1	-1816.456	-1816.051	-0.404995	0.324174	0.092173	0.907827	0.184346	1.81565	0.99953
788	0	-1816.546	-1816.141	-0.4052344	0.337492	0.103027	0.896973	0.206053	1.79395	0.9997693
789	1	-1816.379	-1815.974	-0.4054571	0.296074	0.0980876	0.901912	0.196175	1.80382	0.999992
790	0	-1816.207	-1815.801	-0.4052617	0.319888	0.0921039	0.907896	0.184208	1.81579	0.9997966
791	1	-1818.948	-1818.542	-0.4054571	0.344176	0.10751	0.89249	0.21502	1.78498	0.999992
792	0	-1815.218	-1814.813	-0.4053471	0.329443	0.0940109	0.905989	0.188022	1.81198	0.999882
793	1	-1816.785	-1816.379	-0.4051426	0.296234	0.10209	0.89791	0.20418	1.79582	0.9996775
794	0	-1815.296	-1814.891	-0.4052213	0.331052	0.0949844	0.905016	0.189969	1.81003	0.9997562
795	1	-1819.331	-1818.926	-0.404408	0.341708	0.100717	0.899283	0.201434	1.79857	0.9989435
796	0	-1815.4	-1814.994	-0.405426	0.344188	0.0942271	0.905773	0.188454	1.81155	0.9999609
797	1	-1816.108	-1815.703	-0.404991	0.314222	0.0953687	0.904631	0.190737	1.80926	0.999526
798	0	-1816.485	-1816.08	-0.4052809	0.300604	0.0964832	0.903517	0.192966	1.80703	0.9998158
799	1	-1818.188	-1817.782	-0.4052689	0.361	0.0882351	0.911765	0.17647	1.82353	0.9998038
800	0	-1816.791	-1816.385	-0.4052809	0.348044	0.100916	0.899084	0.201831	1.79817	0.9998158
801	1	-1816.444	-1816.039	-0.405009	0.322876	0.103818	0.896182	0.207637	1.79236	0.999544
802	0	-1817.242	-1816.837	-0.4052732	0.29624	0.106232	0.893768	0.212463	1.78754	0.9998081
803	1	-1818.905	-1818.5	-0.4049778	0.293634	0.109218	0.890782	0.218437	1.78156	0.9995128
804	0	-1815.227	-1814.821	-0.4052732	0.320126	0.100408	0.899592	0.200816	1.79918	0.9998081
805	1	-1818.575	-1818.172	-0.4034481	0.326101	0.0946259	0.905374	0.189252	1.81075	0.997985
806	0	-1816.62	-1816.215	-0.4050194	0.304679	0.103669	0.896331	0.207338	1.79266	0.9995544
807	1	-1815.361	-1814.956	-0.4052144	0.336793	0.0958178	0.904182	0.191636	1.80836	0.9997493
808	0	-1818.787	-1818.383	-0.4037768	0.337718	0.101742	0.898258	0.203485	1.79652	0.9983131
809	1	-1816.147	-1815.742	-0.4053869	0.318094	0.105302	0.894698	0.210604	1.7894	0.9999218
810	0	-1818.188	-1817.784	-0.4043137	0.350503	0.0914565	0.908544	0.182913	1.81709	0.9988493
811	1	-1815.478	-1815.073	-0.4051739	0.313989	0.0979051	0.902095	0.19581	1.80419	0.9997088
812	0	-1817.094	-1816.688	-0.4054513	0.318972	0.0895554	0.910445	0.179111	1.82089	0.9999862
813	1	-1821.251	-1820.849	-0.402042	0.310924	0.099584	0.900416	0.199168	1.80083	0.9965827
814	0	-1816.879	-1816.474	-0.4048478	0.309112	0.0947308	0.905269	0.189462	1.81054	0.9993829
815	1	-1821.177	-1820.775	-0.4020677	0.315426	0.101215	0.898785	0.202429	1.79757	0.9966084
816	0	-1816.132	-1815.727	-0.4049026	0.321946	0.101873	0.898127	0.203746	1.79625	0.9994376
817	1	-1815.254	-1814.849	-0.4053308	0.334888	0.099125	0.900875	0.19825	1.80175	0.9998657
818	0	-1816.832	-1816.427	-0.4042814	0.324525	0.0978964	0.902104	0.195793	1.80421	0.998817
819	1	-1815.294	-1814.889	-0.4053308	0.340143	0.0964643	0.903536	0.192929	1.80707	0.9998657
820	0	-1819.648	-1819.245	-0.4037139	0.308666	0.106644	0.893356	0.213289	1.78671	0.9982503
821	1	-1817.918	-1817.513	-0.4053308	0.284326	0.104241	0.895759	0.208482	1.79152	0.9998657
822	0	-1820.305	-1819.902	-0.4038813	0.349978	0.087572	0.912428	0.175144	1.82486	0.9984174
823	1	-1815.127	-1814.722	-0.4053079	0.317182	0.0975629	0.902437	0.195126	1.80487	0.9998428
824	0	-1817.438	-1817.034	-0.4042134	0.324097	0.0948162	0.905184	0.189632	1.81037	0.9987491
825	1	-1819.959	-1819.554	-0.4048043	0.284019	0.0954917	0.904508	0.190983	1.80902	0.9993394
826	0	-1816.078	-1815.673	-0.4049819	0.311603	0.0965993	0.903401	0.193199	1.8068	0.9995169
827	1	-1815.278	-1814.873	-0.4052024	0.325768	0.0995938	0.900406	0.199188	1.80081	0.9997374
828	0	-1816.978	-1816.574	-0.4045892	0.311425	0.0955442	0.904456	0.191088	1.80891	0.9991244
829	1	-1815.908	-1815.503	-0.4052024	0.311623	0.103042	0.896958	0.206084	1.79392	0.9997374
830	0	-1817.649	-1817.244	-0.4047593	0.332155	0.104759	0.895241	0.209519	1.79048	0.9992944
831	1	-1818.722	-1818.318	-0.4043055	0.293968	0.0979899	0.90201	0.19598	1.80402	0.998841
832	0	-1817.593	-1817.188	-0.4054098	0.324175	0.108336	0.891664	0.216673	1.78333	0.9999447
833	1	-1815.239	-1814.834	-0.4053364	0.312566	0.099804	0.900196	0.199608	1.80039	0.9998713
834	0	-1818.158	-1817.754	-0.4040881	0.335166	0.091299	0.908701	0.182598	1.8174	0.9986239
835	1	-1816.365	-1815.96	-0.4050912	0.311962	0.104199	0.895801	0.208397	1.7916	0.9996262
836	0	-1816.579	-1816.174	-0.4051989	0.33416	0.103653	0.896347	0.207305	1.79269	0.9997338
837	1	-1815.388	-1814.982	-0.4054185	0.314814	0.0949558	0.905044	0.189912	1.81009	0.9999533
838	0	-1817.119	-1816.714	-0.4043264	0.323221	0.101533	0.898467	0.203066	1.79693	0.998862
839	1	-1815.324	-1814.919	-0.4054185	0.342651	0.0943336	0.905666	0.188667	1.81133	0.9999533
840	0	-1816.664	-1816.259	-0.4047602	0.32692	0.102589	0.897411	0.205179	1.79482	0.9992953
841	1	-1815.575	-1815.17	-0.4054185	0.341704	0.0994706	0.900529	0.198941	1.80106	0.9999533
842	0	-1818.807	-1818.404	-0.4033501	0.33898	0.0960875	0.903912	0.192175	1.80782	0.9978872
843	1	-1817.365	-1816.96	-0.4043879	0.31919	0.0935113	0.906489	0.187023	1.81298	0.9989233
844	0	-1816.581	-1816.176	-0.4050054	0.347128	0.092248	0.907752	0.184496	1.8155	0.9995404
845	1	-1816.321	-1815.916	-0.4053054	0.309268	0.0937794	0.906221	0.187559	1.81244	0.9998403
846	0	-1815.597	-1815.191	-0.4053711	0.329098	0.102408	0.897592	0.204815	1.79518	0.999906
847	1	-1816.018	-1815.612	-0.4053054	0.350006	0.0940537	0.905946	0.188107	1.81189	0.9998403
848	0	-1817.324	-1816.919	-0.4044644	0.303662	0.100202	0.899798	0.200404	1.7996	0.9989998
849	1	-1818.216	-1817.81	-0.4053054	0.364909	0.0891431	0.910857	0.178286	1.82171	0.9998403
850	0	-1816.463	-1816.058	-0.4046906	0.340532	0.0958374	0.904163	0.191675	1.80833	0.9992258
851	1	-1815.328	-1814.922	-0.4053054	0.33961	0.0952603	0.90474	0.190521	1.80948	0.9998403
852	0	-1818.455	-1818.05	-0.4044684	0.29387	0.104217	0.895783	0.208433	1.79157	0.9990038
853	1	-1817.211	-1816.806	-0.4049814	0.315977	0.106305	0.893695	0.212609	1.78739	0.9995164
854	0	-1815.974	-1815.569	-0.4050002	0.335041	0.099861	0.900139	0.199722	1.80028	0.9995352
855	1	-1817.652	-1817.247	-0.4045234	0.351743	0.0929886	0.907011	0.185977	1.81402	0.9990587
856	0	-1816.251	-1815.846	-0.4049934	0.312296	0.102954	0.897046	0.205909	1.79409	0.9995284
857	1	-1817.116	-1816.711	-0.404826	0.322245	0.0914456	0.908554	0.182891	1.81711	0.9993611
858	0	-1816.443	-1816.038	-0.4046854	0.331371	0.100241	0.899759	0.200482	1.79952	0.9992206
859	1	-1816.238	-1815.833	-0.405171	0.33563	0.0911934	0.908807	0.182387	1.81761	0.9997059
860	0	-1820.865	-1820.461	-0.4035375	0.287966	0.105155	0.894845	0.21031	1.78969	0.9980743
861	1	-1814.778	-1814.373	-0.4054338	0.322804	0.0972004	0.9028	0.194401	1.8056	0.9999687
862	0	-1816.47	-1816.065	-0.4045035	0.330091	0.0977484	0.902252	0.195497	1.8045	0.9990389
863	1	-1815.246	-1814.84	-0.4053561	0.338631	0.0978012	0.902199	0.195602	1.8044	0.999891
864	0	-1817.544	-1817.139	-0.4043636	0.30345	0.0990359	0.900964	0.198072	1.80193	0.9988991
865	1	-1815.372	-1814.967	-0.4053561	0.312189	0.101579	0.898421	0.203157	1.79684	0.999891
866	0	-1815.768	-1815.363	-0.4050108	0.313497	0.0989261	0.901074	0.197852	1.80215	0.9995458
867	1	-1817.936	-1817.532	-0.4044152	0.346673	0.0908936	0.909106	0.181787	1.81821	0.9989507
868	0	-1818.12	-1817.716	-0.4037172	0.334579	0.0988898	0.90111	0.19778	1.80222	0.9982536
869	1	-1815.753	-1815.348	-0.4052544	0.323377	0.102885	0.897115	0.205771	1.79423	0.9997893
870	0	-1819.036	-1818.631	-0.4053648	0.344144	0.107383	0.892617	0.214765	1.78523	0.9998997
871	1	-1815.259	-1814.854	-0.4052182	0.323384	0.0958457	0.904154	0.191691	1.80831	0.9997531
872	0	-1816.219	-1815.814	-0.4051958	0.332539	0.102869	0.897131	0.205739	1.79426	0.9997307
873	1	-1816.426	-1816.021	-0.4052654	0.319922	0.0915163	0.908484	0.183033	1.81697	0.9998004
874	0	-1815.307	-1814.902	-0.4051306	0.328103	0.0970827	0.902917	0.194165	1.80583	0.9996656
875	1	-1815.103	-1814.697	-0.4052654	0.326645	0.0988025	0.901198	0.197605	1.8024	0.9998004
876	0	-1818.307	-1817.902	-0.4046145	0.304101	0.107135	0.892865	0.21427	1.78573	0.9991498
877	1	-1815.288	-1814.883	-0.4052392	0.321603	0.10045	0.89955	0.200899	1.7991	0.9997741
878	0	-1815.128	-1814.722	-0.405444	0.340472	0.0950159	0.904984	0.190032	1.80997	0.9999789
879	1	-1815.858	-1815.453	-0.404887	0.322182	0.0960678	0.903932	0.192136	1.80786	0.9994221
880	0	-1815.527	-1815.121	-0.405444	0.335645	0.101333	0.898667	0.202666	1.79733	0.9999789
881	1	-1817.113	-1816.709	-0.4047227	0.345865	0.0918224	0.908178	0.183645	1.81636	0.9992578
882	0	-1815.841	-1815.435	-0.405444	0.306425	0.0955091	0.904491	0.191018	1.80898	0.9999789
883	1	-1816.535	-1816.129	-0.405444	0.321207	0.0903636	0.909636	0.180727	1.81927	0.9999789
884	0	-1815.768	-1815.363	-0.4052981	0.346432	0.0965172	0.903483	0.193034	1.80697	0.9998331
885	1	-1814.912	-1814.506	-0.405444	0.315523	0.0984746	0.901525	0.196949	1.80305	0.9999789
886	0	-1816.367	-1815.961	-0.4052981	0.320614	0.105339	0.894661	0.210677	1.78932	0.9998331
887	1	-1818.304	-1817.9	-0.4040112	0.349567	0.0956192	0.904381	0.191238	1.80876	0.9985471
888	0	-1816.429	-1816.023	-0.4051294	0.300217	0.101427	0.898573	0.202854	1.79715	0.9996643
889	1	-1815.035	-1814.63	-0.4053961	0.336717	0.0970775	0.902923	0.194155	1.80585	0.999931
890	0	-1815.323	-1814.917	-0.4051294	0.327475	0.0965573	0.903443	0.193115	1.80689	0.9996643
891	1	-1816.078	-1815.673	-0.4052554	0.302181	0.101749	0.898251	0.203497	1.7965	0.9997903
892	0	-1814.75	-1814.345	-0.4054579	0.324248	0.0989407	0.901059	0.197881	1.80212	0.9999928
893	1	-1816.89	-1816.485	-0.4043879	0.314582	0.100018	0.899982	0.200035	1.79996	0.9989233
894	0	-1815.09	-1814.684	-0.4053083	0.329404	0.0953862	0.904614	0.190772	1.80923	0.9998432
895	1	-1816.346	-1815.941	-0.4046722	0.324023	0.100609	0.899391	0.201218	1.79878	0.9992074
896	0	-1816.851	-1816.446	-0.4049507	0.334948	0.0905874	0.909413	0.181175	1.81883	0.9994857
897	1	-1816.951	-1816.546	-0.4049344	0.313698	0.0928232	0.907177	0.185646	1.81435	0.9994694
898	0	-1817.566	-1817.161	-0.4052956	0.338533	0.105574	0.894426	0.211148	1.78885	0.9998305
899	1	-1816.36	-1815.955	-0.4052876	0.30246	0.0961165	0.903883	0.192233	1.80777	0.9998225
900	0	-1815.989	-1815.584	-0.4052956	0.349461	0.0941225	0.905877	0.188245	1.81175	0.9998305
901	1	-1816.283	-1815.878	-0.4052876	0.310622	0.0936367	0.906363	0.187273	1.81273	0.9998225
902	0	-1815.59	-1815.185	-0.4053278	0.344813	0.09456	0.90544	0.18912	1.81088	0.9998627
903	1	-1815.976	-1815.571	-0.4051117	0.315841	0.0945358	0.905464	0.189072	1.81093	0.9996466
904	0	-1815.949	-1815.544	-0.4052196	0.30419	0.0988908	0.901109	0.197782	1.80222	0.9997545
905	1	-1815.198	-1814.793	-0.4053908	0.340283	0.095392	0.904608	0.190784	1.80922	0.9999257
906	0	-1816.894	-1816.489	-0.4045123	0.342528	0.0959675	0.904033	0.191935	1.80807	0.9990477
907	1	-1815.53	-1815.125	-0.4050092	0.32364	0.0972979	0.902702	0.194596	1.8054	0.9995442
908	0	-1817.986	-1817.582	-0.4040136	0.308513	0.0969396	0.90306	0.193879	1.80612	0.9985496
909	1	-1815.633	-1815.228	-0.4051554	0.310771	0.0991335	0.900867	0.198267	1.80173	0.9996904
910	0	-1817.038	-1816.633	-0.4044483	0.334895	0.100268	0.899732	0.200536	1.79946	0.9989837
911	1	-1817.285	-1816.881	-0.4040992	0.320638	0.0964009	0.903599	0.192802	1.8072	0.998635
912	0	-1815.658	-1815.253	-0.4052492	0.307794	0.0984745	0.901526	0.196949	1.80305	0.9997841
913	1	-1816.311	-1815.906	-0.4046742	0.315455	0.0993019	0.900698	0.198604	1.8014	0.9992094
914	0	-1817.348	-1816.943	-0.4050044	0.344064	0.0892546	0.910745	0.178509	1.82149	0.9995394
915	1	-1818.398	-1817.994	-0.4046742	0.289966	0.0991597	0.90084	0.198319	1.80168	0.9992094
916	0	-1817.132	-1816.727	-0.4050531	0.356348	0.0926837	0.907316	0.185367	1.81463	0.9995881
917	1	-1816.967	-1816.562	-0.4048287	0.311923	0.104677	0.895323	0.209353	1.79065	0.9993638
918	0	-1817.236	-1816.832	-0.4041861	0.333398	0.0989834	0.901017	0.197967	1.80203	0.9987218
919	1	-1817.417	-1817.013	-0.4039634	0.328468	0.0976434	0.902357	0.195287	1.80471	0.9984994
920	0	-1815.177	-1814.771	-0.4053217	0.315691	0.10005	0.89995	0.200101	1.7999	0.9998566
921	1	-1816.374	-1815.969	-0.4048836	0.320003	0.102886	0.897114	0.205773	1.79423	0.9994186
922	0	-1816.556	-1816.151	-0.4053217	0.330352	0.0898817	0.910118	0.179763	1.82024	0.9998566
923	1	-1815.869	-1815.464	-0.4052747	0.303566	0.100174	0.899826	0.200349	1.79965	0.9998096
924	0	-1816.138	-1815.733	-0.4048213	0.317463	0.100971	0.899029	0.201942	1.79806	0.9993564
925	1	-1816.23	-1815.824	-0.4051559	0.33326	0.0913292	0.908671	0.182658	1.81734	0.9996909
926	0	-1818.305	-1817.9	-0.4048213	0.34352	0.0878741	0.912126	0.175748	1.82425	0.9993564
927	1	-1817.587	-1817.182	-0.4046852	0.321654	0.0910013	0.908999	0.182003	1.818	0.9992204
928	0	-1815.785	-1815.38	-0.4051735	0.343109	0.0943763	0.905624	0.188753	1.81125	0.9997084
929	1	-1817.092	-1816.686	-0.4052262	0.350218	0.0894536	0.910546	0.178907	1.82109	0.9997611
930	0	-1815.577	-1815.172	-0.4054565	0.330893	0.102594	0.897406	0.205189	1.79481	0.9999913
931	1	-1819.062	-1818.658	-0.4046163	0.363753	0.0967796	0.90322	0.193559	1.80644	0.9991515
932	0	-1815.457	-1815.051	-0.4053125	0.342464	0.09639	0.90361	0.19278	1.80722	0.9998474
933	1	-1819.335	-1818.931	-0.4037706	0.325945	0.105409	0.894591	0.210818	1.78918	0.998307
934	0	-1815.351	-1814.946	-0.4053823	0.334987	0.0930582	0.906942	0.186116	1.81388	0.9999172
935	1	-1817.991	-1817.586	-0.405143	0.342718	0.0873643	0.912636	0.174729	1.82527	0.9996779
936	0	-1815.261	-1814.855	-0.4053731	0.311277	0.0978532	0.902147	0.195706	1.80429	0.999908
937	1	-1815.601	-1815.196	-0.4052164	0.342148	0.0957221	0.904278	0.191444	1.80856	0.9997513
938	0	-1814.858	-1814.452	-0.4053822	0.327482	0.0967918	0.903208	0.193584	1.80642	0.9999171
939	1	-1815.795	-1815.39	-0.4053609	0.310965	0.094774	0.905226	0.189548	1.81045	0.9998958
940	0	-1818.547	-1818.143	-0.4038477	0.347115	0.0975758	0.902424	0.195152	1.80485	0.9983839
941	1	-1814.959	-1814.553	-0.4053609	0.32195	0.0966168	0.903383	0.193234	1.80677	0.9998958
942	0	-1818.176	-1817.772	-0.404208	0.299584	0.0988732	0.901127	0.197746	1.80225	0.9987437
943	1	-1815.845	-1815.44	-0.404999	0.335249	0.094212	0.905788	0.188424	1.81158	0.999534
944	0	-1819.461	-1819.055	-0.4053487	0.352405	0.105931	0.894069	0.211863	1.78814	0.9998836
945	1	-1817.164	-1816.759	-0.405325	0.331853	0.0885532	0.911447	0.177106	1.82289	0.9998599
946	0	-1816.505	-1816.1	-0.4053143	0.329081	0.0901141	0.909886	0.180228	1.81977	0.9998492
947	1	-1817.212	-1816.807	-0.4050591	0.321217	0.106384	0.893616	0.212768	1.78723	0.9995941
948	0	-1823.445	-1823.042	-0.4024455	0.308578	0.110198	0.889802	0.220396	1.7796	0.9969849
949	1	-1816.094	-1815.689	-0.4049385	0.338882	0.0985326	0.901467	0.197065	1.80293	0.9994735
950	0	-1824.317	-1823.915	-0.4024021	0.33983	0.0852989	0.914701	0.170598	1.8294	0.9969417
951	1	-1815.893	-1815.488	-0.4049385	0.330103	0.099939	0.900061	0.199878	1.80012	0.9994735
952	0	-1818.941	-1818.537	-0.4035031	0.3451	0.0969958	0.903004	0.193992	1.80601	0.99804
953	1	-1817.057	-1816.652	-0.4045837	0.345605	0.093608	0.906392	0.187216	1.81278	0.999119
954	0	-1817.13	-1816.725	-0.4044774	0.306471	0.0986764	0.901324	0.197353	1.80265	0.9990128
955	1	-1817.004	-1816.599	-0.4044022	0.311644	0.100537	0.899463	0.201074	1.79893	0.9989376
956	0	-1815.826	-1815.42	-0.4051115	0.335201	0.0931354	0.906865	0.186271	1.81373	0.9996464
957	1	-1815.304	-1814.899	-0.4051533	0.321649	0.0988615	0.901139	0.197723	1.80228	0.9996882
958	0	-1814.754	-1814.348	-0.4054563	0.320696	0.0980898	0.90191	0.19618	1.80382	0.9999912
959	1	-1815.694	-1815.289	-0.405224	0.310939	0.101894	0.898106	0.203788	1.79621	0.9997589
960	0	-1815.871	-1815.465	-0.4053661	0.345738	0.0921837	0.907816	0.184367	1.81563	0.999901
961	1	-1817.322	-1816.918	-0.4047707	0.30215	0.101083	0.898917	0.202166	1.79783	0.9993059
962	0	-1815.609	-1815.204	-0.4052429	0.308746	0.0984594	0.901541	0.196919	1.80308	0.9997778
963	1	-1815.905	-1815.5	-0.4053517	0.333898	0.0912292	0.908771	0.182458	1.81754	0.9998866
964	0	-1815.395	-1814.99	-0.4052429	0.323964	0.0945533	0.905447	0.189107	1.81089	0.9997778
965	1	-1815.754	-1815.349	-0.4052543	0.307273	0.0976292	0.902371	0.195258	1.80474	0.9997892
966	0	-1815.796	-1815.391	-0.4052674	0.325623	0.0925379	0.907462	0.185076	1.81492	0.9998023
967	1	-1817.809	-1817.405	-0.403745	0.323468	0.0974597	0.90254	0.194919	1.80508	0.9982814
968	0	-1816.062	-1815.657	-0.4049322	0.333991	0.0999584	0.900042	0.199917	1.80008	0.9994672
969	1	-1815.885	-1815.48	-0.4051352	0.344424	0.0955416	0.904458	0.191083	1.80892	0.9996701
970	0	-1815.414	-1815.008	-0.4054039	0.3296	0.101844	0.898156	0.203687	1.79631	0.9999388
971	1	-1816.306	-1815.901	-0.404666	0.334258	0.0953435	0.904657	0.190687	1.80931	0.9992012
972	0	-1816.856	-1816.451	-0.4052739	0.30756	0.106651	0.893349	0.213302	1.7867	0.9998088
973	1	-1818.347	-1817.943	-0.4036316	0.339901	0.0956573	0.904343	0.191315	1.80869	0.9981682
974	0	-1815.278	-1814.873	-0.4052739	0.337061	0.0972598	0.90274	0.19452	1.80548	0.9998088
975	1	-1815.623	-1815.218	-0.4054118	0.305149	0.0977255	0.902275	0.195451	1.80455	0.9999467
976	0	-1816.241	-1815.836	-0.4052739	0.311706	0.104938	0.895062	0.209876	1.79012	0.9998088
977	1	-1816.44	-1816.034	-0.4054118	0.336644	0.0895246	0.910475	0.179049	1.82095	0.9999467
978	0	-1815.449	-1815.044	-0.4052621	0.31075	0.0986747	0.901325	0.197349	1.80265	0.999797
979	1	-1817.588	-1817.183	-0.4053686	0.313239	0.102525	0.897475	0.20505	1.79495	0.9999035
980	0	-1816.309	-1815.904	-0.4051649	0.339649	0.0911086	0.908891	0.182217	1.81778	0.9996998
981	1	-1815.386	-1814.981	-0.4052948	0.314666	0.101353	0.898647	0.202707	1.79729	0.9998297
982	0	-1816.224	-1815.819	-0.405236	0.347901	0.0921617	0.907838	0.184323	1.81568	0.9997709
983	1	-1816.242	-1815.837	-0.4054265	0.300522	0.104311	0.895689	0.208621	1.79138	0.9999614
984	0	-1815.569	-1815.164	-0.405236	0.312906	0.0963956	0.903604	0.192791	1.80721	0.9997709
985	1	-1815.225	-1814.819	-0.4054265	0.309453	0.0987075	0.901292	0.197415	1.80258	0.9999614
986	0	-1815.995	-1815.59	-0.4051563	0.305499	0.0983793	0.901621	0.196759	1.80324	0.9996912
987	1	-1816.991	-1816.586	-0.4052032	0.308006	0.106699	0.893301	0.213398	1.7866	0.9997382
988	0	-1818.001	-1817.596	-0.4045158	0.295206	0.0998326	0.900167	0.199665	1.80033	0.9990511
989	1	-1815.73	-1815.325	-0.4052032	0.325913	0.0931497	0.90685	0.186299	1.8137	0.9997382
990	0	-1815.332	-1814.927	-0.4054575	0.343612	0.0940019	0.905998	0.188004	1.812	0.9999924
991	1	-1817.588	-1817.183	-0.4048001	0.294024	0.101475	0.898525	0.202951	1.79705	0.9993352
992	0	-1817.137	-1816.732	-0.4054326	0.288103	0.10242	0.89758	0.204839	1.79516	0.9999675
993	1	-1815.326	-1814.921	-0.405361	0.332833	0.0932974	0.906703	0.186595	1.81341	0.9998959
994	0	-1815.211	-1814.806	-0.4054326	0.327636	0.101493	0.898507	0.202987	1.79701	0.9999675
995	1	-1815.648	-1815.242	-0.4051899	0.340705	0.0943364	0.905664	0.188673	1.81133	0.9997248
996	0	-1818.702	-1818.297	-0.4047843	0.353827	0.0878787	0.912121	0.175757	1.82424	0.9993194
997	1	-1815.697	-1815.292	-0.4054614	0.343521	0.0997158	0.900284	0.199432	1.80057	0.9999963
998	0	-1815.919	-1815.514	-0.4054221	0.316219	0.10484	0.89516	0.209681	1.79032	0.999957
999	1	-1814.987	-1814.582	-0.4054614	0.312968	0.0983971	0.901603	0.196794	1.80321	0.9999963
1000	0	-1817.743	-1817.338	-0.4054221	0.364049	0.0897962	0.910204	0.179592	1.82041	0.999957
1001	1	-1819.307	-1818.903	-0.4045651	0.284712	0.0993647	0.900635	0.198729	1.80127	0.9991004
1002	0	-1815.259	-1814.854	-0.4054221	0.30879	0.099524	0.900476	0.199048	1.80095	0.999957
1003	1	-1815.415	-1815.01	-0.4051054	0.322133	0.0966246	0.903375	0.193249	1.80675	0.9996404
1004	0	-1815.091	-1814.686	-0.4053513	0.316445	0.0973103	0.90269	0.194621	1.80538	0.9998862
1005	1	-1819.341	-1818.937	-0.4042834	0.29911	0.093585	0.906415	0.18717	1.81283	0.998819
1006	0	-1815.223	-1814.818	-0.4053651	0.327358	0.100991	0.899009	0.201982	1.79802	0.9999
1007	1	-1816.244	-1815.839	-0.4049057	0.320709	0.102477	0.897523	0.204954	1.79505	0.9994407
1008	0	-1818.501	-1818.096	-0.4046687	0.329142	0.0884647	0.911535	0.176929	1.82307	0.999204
1009	1	-1816.485	-1816.08	-0.4045249	0.333266	0.0965718	0.903428	0.193144	1.80686	0.9990602
1010	0	-1815.772	-1815.367	-0.4050873	0.31226	0.100855	0.899145	0.20171	1.79829	0.9996223
1011	1	-1816.112	-1815.707	-0.4049501	0.330975	0.0931132	0.906887	0.186226	1.81377	0.9994851
1012	0	-1815.841	-1815.436	-0.40509	0.339363	0.0984675	0.901533	0.196935	1.80307	0.999625
1013	1	-1816.854	-1816.45	-0.4044119	0.336528	0.0949145	0.905085	0.189829	1.81017	0.9989474
1014	0	-1816.303	-1815.898	-0.404813	0.32753	0.10139	0.89861	0.202781	1.79722	0.9993482
1015	1	-1816.033	-1815.629	-0.4047871	0.317934	0.0990998	0.9009	0.1982	1.8018	0.9993222
1016	0	-1816.753	-1816.348	-0.4050023	0.303874	0.103982	0.896018	0.207965	1.79204	0.9995373
1017	1	-1815.048	-1814.643	-0.4054274	0.328969	0.100387	0.899613	0.200774	1.79923	0.9999623
1018	0	-1817.045	-1816.64	-0.4051158	0.314316	0.106543	0.893457	0.213085	1.78691	0.9996508
1019	1	-1815.635	-1815.229	-0.4054274	0.31422	0.103833	0.896167	0.207666	1.79233	0.9999623
1020	0	-1817.823	-1817.418	-0.4046957	0.352377	0.090602	0.909398	0.181204	1.8188	0.9992309
1021	1	-1817.301	-1816.895	-0.4054274	0.29918	0.107887	0.892113	0.215774	1.78423	0.9999623
1022	0	-1817.571	-1817.167	-0.4047405	0.352807	0.0979315	0.902069	0.195863	1.80414	0.9992757
1023	1	-1814.932	-1814.527	-0.4054274	0.317838	0.0969198	0.90308	0.19384	1.80616	0.9999623
1024	0	-1816.266	-1815.862	-0.4046728	0.33452	0.0973485	0.902652	0.194697	1.8053	0.999208
1025	1	-1815.464	-1815.058	-0.4054274	0.309305	0.102412	0.897588	0.204824	1.79518	0.9999623
1026	0	-1816.033	-1815.628	-0.4053495	0.300451	0.10173	0.89827	0.203459	1.79654	0.9998844
1027	1	-1817.728	-1817.324	-0.4043352	0.308057	0.0953895	0.90461	0.190779	1.80922	0.9988707
1028	0	-1816.065	-1815.66	-0.4047491	0.328632	0.095722	0.904278	0.191444	1.80856	0.9992842
1029	1	-1816.981	-1816.576	-0.4053065	0.291198	0.101579	0.898421	0.203157	1.79684	0.9998414
1030	0	-1815.39	-1814.985	-0.4053036	0.310347	0.0989475	0.901053	0.197895	1.80211	0.9998385
1031	1	-1816.547	-1816.143	-0.4046295	0.337505	0.0983134	0.901687	0.196627	1.80337	0.9991648
1032	0	-1815.331	-1814.926	-0.4051578	0.330067	0.0957416	0.904258	0.191483	1.80852	0.9996928
1033	1	-1817.022	-1816.617	-0.4046295	0.306909	0.102528	0.897472	0.205056	1.79494	0.9991648
1034	0	-1816.777	-1816.373	-0.4047418	0.305409	0.101519	0.898481	0.203038	1.79696	0.9992769
1035	1	-1814.82	-1814.415	-0.4054605	0.325806	0.0996559	0.900344	0.199312	1.80069	0.9999954
1036	0	-1815.431	-1815.026	-0.4053455	0.337961	0.0932353	0.906765	0.186471	1.81353	0.9998804
1037	1	-1815.728	-1815.323	-0.4052642	0.305927	0.0991897	0.90081	0.198379	1.80162	0.9997991
1038	0	-1817.122	-1816.717	-0.4043516	0.341434	0.0957373	0.904263	0.191475	1.80853	0.9988871
1039	1	-1818.292	-1817.888	-0.4040883	0.300138	0.0997319	0.900268	0.199464	1.80054	0.9986241
1040	0	-1815.621	-1815.215	-0.4052862	0.344483	0.0959192	0.904081	0.191838	1.80816	0.9998211
1041	1	-1817.63	-1817.225	-0.4043554	0.317533	0.104103	0.895897	0.208206	1.79179	0.9988909
1042	0	-1815.924	-1815.519	-0.4052862	0.313695	0.103947	0.896053	0.207894	1.79211	0.9998211
1043	1	-1818.736	-1818.332	-0.404077	0.295547	0.10036	0.89964	0.200721	1.79928	0.9986128
1044	0	-1816.682	-1816.277	-0.4052862	0.302203	0.105524	0.894476	0.211048	1.78895	0.9998211
1045	1	-1817.638	-1817.234	-0.404077	0.332991	0.0933217	0.906678	0.186643	1.81336	0.9986128
1046	0	-1815.048	-1814.643	-0.4053696	0.315704	0.0992599	0.90074	0.19852	1.80148	0.9999045
1047	1	-1820.2	-1819.796	-0.4040785	0.349304	0.103767	0.896233	0.207533	1.79247	0.9986143
1048	0	-1817.353	-1816.948	-0.4052486	0.303514	0.0928644	0.907136	0.185729	1.81427	0.9997835
1049	1	-1816.769	-1816.364	-0.4051159	0.305616	0.105245	0.894755	0.210491	1.78951	0.9996509
1050	0	-1816.47	-1816.065	-0.4052486	0.351024	0.098009	0.901991	0.196018	1.80398	0.9997835
1051	1	-1816.842	-1816.437	-0.4048698	0.346984	0.0985508	0.901449	0.197102	1.8029	0.9994049
1052	0	-1815.942	-1815.537	-0.4051839	0.307089	0.0972251	0.902775	0.19445	1.80555	0.9997189
1053	1	-1816.287	-1815.882	-0.4046467	0.333314	0.0958893	0.904111	0.191779	1.80822	0.9991819
1054	0	-1819.198	-1818.795	-0.4030891	0.335762	0.0977952	0.902205	0.19559	1.80441	0.9976268
1055	1	-1815.182	-1814.776	-0.4054182	0.310858	0.100179	0.899821	0.200358	1.79964	0.9999531
1056	0	-1821.456	-1821.054	-0.4020539	0.329758	0.101794	0.898206	0.203588	1.79641	0.9965946
1057	1	-1816.447	-1816.041	-0.4054182	0.299427	0.0961242	0.903876	0.192248	1.80775	0.9999531
1058	0	-1819.945	-1819.541	-0.4035367	0.320269	0.0971362	0.902864	0.194272	1.80573	0.9980735
1059	1	-1814.875	-1814.469	-0.4054182	0.332699	0.0975734	0.902427	0.195147	1.80485	0.9999531
1060	0	-1814.881	-1814.475	-0.4054212	0.328311	0.0991861	0.900814	0.198372	1.80163	0.9999561
1061	1	-1817.517	-1817.112	-0.4045884	0.301454	0.0971744	0.902826	0.194349	1.80565	0.9991237
1062	0	-1815.315	-1814.91	-0.4052234	0.322778	0.0954412	0.904559	0.190882	1.80912	0.9997584
1063	1	-1816.221	-1815.816	-0.4048707	0.335359	0.0933411	0.906659	0.186682	1.81332	0.9994058
1064	0	-1815.147	-1814.741	-0.4052523	0.320297	0.0973515	0.902649	0.194703	1.8053	0.9997872
1065	1	-1815.296	-1814.89	-0.4052527	0.314422	0.0987164	0.901284	0.197433	1.80257	0.9997876
1066	0	-1815.268	-1814.862	-0.4053102	0.319277	0.0954604	0.90454	0.190921	1.80908	0.9998451
1067	1	-1815.66	-1815.254	-0.4052527	0.309344	0.101543	0.898457	0.203087	1.79691	0.9997876
1068	0	-1817.603	-1817.197	-0.4052631	0.351755	0.101855	0.898145	0.203709	1.79629	0.999798
1069	1	-1815.116	-1814.71	-0.4053416	0.322985	0.100507	0.899493	0.201014	1.79899	0.9998765
1070	0	-1816.864	-1816.459	-0.4047642	0.307492	0.103193	0.896807	0.206386	1.79361	0.9992994
1071	1	-1815.461	-1815.056	-0.4053416	0.342379	0.0973805	0.90262	0.194761	1.80524	0.9998765
1072	0	-1822.328	-1821.925	-0.4029696	0.282443	0.102465	0.897535	0.204929	1.79507	0.9975076
1073	1	-1816.624	-1816.22	-0.4046333	0.325953	0.101576	0.898424	0.203152	1.79685	0.9991686
1074	0	-1818.635	-1818.231	-0.4034624	0.312496	0.0979699	0.90203	0.19594	1.80406	0.9979993
1075	1	-1816.325	-1815.92	-0.4048532	0.31609	0.0949982	0.905002	0.189996	1.81	0.9993883
1076	0	-1819.669	-1819.266	-0.4030524	0.308221	0.0975449	0.902455	0.19509	1.80491	0.9975902
1077	1	-1817.216	-1816.811	-0.4045032	0.308661	0.102783	0.897217	0.205565	1.79443	0.9990386
1078	0	-1817.037	-1816.633	-0.4043794	0.337592	0.0940453	0.905955	0.188091	1.81191	0.9989149
1079	1	-1816.081	-1815.676	-0.4047353	0.320399	0.0972647	0.902735	0.194529	1.80547	0.9992705
1080	0	-1818.935	-1818.529	-0.4054002	0.277886	0.0992204	0.90078	0.198441	1.80156	0.9999351
1081	1	-1816.658	-1816.253	-0.405374	0.300254	0.105646	0.894354	0.211292	1.78871	0.9999089
1082	0	-1817.309	-1816.904	-0.405252	0.34964	0.0886935	0.911307	0.177387	1.82261	0.9997869
1083	1	-1817.195	-1816.791	-0.4041722	0.326047	0.0951011	0.904899	0.190202	1.8098	0.9987079
1084	0	-1815.244	-1814.839	-0.405252	0.331045	0.0949567	0.905043	0.189913	1.81009	0.9997869
1085	1	-1816.779	-1816.374	-0.4052608	0.32045	0.106269	0.893731	0.212538	1.78746	0.9997957
1086	0	-1817.785	-1817.38	-0.4042704	0.333133	0.0914615	0.908538	0.182923	1.81708	0.998806
1087	1	-1817.263	-1816.859	-0.4043017	0.318694	0.0946478	0.905352	0.189296	1.8107	0.9988373
1088	0	-1815.262	-1814.857	-0.4054629	0.318504	0.0942745	0.905726	0.188549	1.81145	0.9999978
1089	1	-1818.62	-1818.215	-0.4050617	0.348206	0.0866384	0.913362	0.173277	1.82672	0.9995967
1090	0	-1819.063	-1818.659	-0.4047326	0.30619	0.109656	0.890344	0.219313	1.78069	0.9992678
1091	1	-1815.467	-1815.062	-0.405235	0.340164	0.0956015	0.904399	0.191203	1.8088	0.9997699
1092	0	-1817.169	-1816.764	-0.4045969	0.321327	0.103867	0.896133	0.207733	1.79227	0.9991322
1093	1	-1818.764	-1818.36	-0.4040666	0.299887	0.10445	0.89555	0.2089	1.7911	0.9986025
1094	0	-1816.703	-1816.298	-0.4054619	0.355136	0.0986373	0.901363	0.197275	1.80273	0.9999968
1095	1	-1817.265	-1816.86	-0.4050684	0.354274	0.0906741	0.909326	0.181348	1.81865	0.9996034
1096	0	-1816.095	-1815.69	-0.404711	0.330772	0.096945	0.903055	0.19389	1.80611	0.9992462
1097	1	-1818.247	-1817.843	-0.4037112	0.328458	0.0936748	0.906325	0.18735	1.81265	0.9982476
1098	0	-1816.462	-1816.057	-0.404592	0.324826	0.100352	0.899648	0.200703	1.7993	0.9991273
1099	1	-1816.287	-1815.882	-0.4049761	0.305338	0.0992417	0.900758	0.198483	1.80152	0.9995111
1100	0	-1817.859	-1817.455	-0.4039439	0.34042	0.0946187	0.905381	0.189237	1.81076	0.9984799
1101	1	-1815.99	-1815.585	-0.4050132	0.309733	0.0979985	0.902002	0.195997	1.804	0.9995482
1102	0	-1816.472	-1816.066	-0.4052388	0.314722	0.0924226	0.907577	0.184845	1.81515	0.9997738
1103	1	-1817.689	-1817.285	-0.4046877	0.302612	0.0950793	0.904921	0.190159	1.80984	0.9992229
1104	0	-1816.348	-1815.943	-0.4049059	0.306224	0.0998251	0.900175	0.19965	1.80035	0.9994409
1105	1	-1815.444	-1815.039	-0.4051024	0.332727	0.0960973	0.903903	0.192195	1.80781	0.9996373
1106	0	-1816.375	-1815.97	-0.4049718	0.346397	0.0939085	0.906092	0.187817	1.81218	0.9995069
1107	1	-1816.122	-1815.717	-0.4051024	0.318833	0.0934147	0.906585	0.186829	1.81317	0.9996373
1108	0	-1817.155	-1816.75	-0.4041235	0.330609	0.0967486	0.903251	0.193497	1.8065	0.9986593
1109	1	-1817.563	-1817.157	-0.4051244	0.359674	0.0968795	0.90312	0.193759	1.80624	0.9996593
1110	0	-1816.73	-1816.324	-0.4052345	0.317692	0.106177	0.893823	0.212354	1.78765	0.9997694
1111	1	-1814.923	-1814.517	-0.4053845	0.322043	0.0965106	0.903489	0.193021	1.80698	0.9999194
1112	0	-1815.905	-1815.5	-0.4049424	0.313249	0.0985806	0.901419	0.197161	1.80284	0.9994774
1113	1	-1815.382	-1814.977	-0.4053845	0.313988	0.0955255	0.904474	0.191051	1.80895	0.9999194
1114	0	-1818.194	-1817.789	-0.4044356	0.295011	0.102376	0.897624	0.204752	1.79525	0.998971
1115	1	-1815.358	-1814.952	-0.4053845	0.339338	0.0988191	0.901181	0.197638	1.80236	0.9999194
1116	0	-1816.055	-1815.65	-0.4054414	0.337705	0.102629	0.897371	0.205257	1.79474	0.9999763
1117	1	-1816.174	-1815.769	-0.4052356	0.349252	0.0930577	0.906942	0.186115	1.81388	0.9997705
1118	0	-1815.991	-1815.587	-0.4048838	0.333126	0.0991785	0.900822	0.198357	1.80164	0.9994189
1119	1	-1816.194	-1815.789	-0.4052356	0.34901	0.0974021	0.902598	0.194804	1.8052	0.9997705
1120	0	-1815.99	-1815.585	-0.404809	0.324801	0.095684	0.904316	0.191368	1.80863	0.9993441
1121	1	-1815.304	-1814.898	-0.4054573	0.30699	0.0996698	0.90033	0.19934	1.80066	0.9999922
1122	0	-1821.214	-1820.812	-0.4024929	0.339269	0.101699	0.898301	0.203398	1.7966	0.9970322
1123	1	-1815.73	-1815.325	-0.4054573	0.301149	0.0999335	0.900066	0.199867	1.80013	0.9999922
1124	0	-1819.249	-1818.846	-0.4034449	0.341081	0.0918052	0.908195	0.18361	1.81639	0.9979818
1125	1	-1815.722	-1815.317	-0.4049194	0.329096	0.0962422	0.903758	0.192484	1.80752	0.9994544
1126	0	-1817.389	-1816.985	-0.403993	0.328454	0.0962739	0.903726	0.192548	1.80745	0.998529
1127	1	-1815.275	-1814.87	-0.4051822	0.31933	0.0984222	0.901578	0.196844	1.80316	0.9997172
1128	0	-1818.842	-1818.438	-0.4040597	0.339432	0.0896109	0.910389	0.179222	1.82078	0.9985956
1129	1	-1815.431	-1815.026	-0.4052655	0.323622	0.101534	0.898466	0.203068	1.79693	0.9998004
1130	0	-1816.031	-1815.626	-0.4049841	0.31802	0.102151	0.897849	0.204301	1.7957	0.9995191
1131	1	-1819.544	-1819.138	-0.4052015	0.27613	0.106358	0.893642	0.212715	1.78728	0.9997364
1132	0	-1817.566	-1817.161	-0.4049841	0.359739	0.0937183	0.906282	0.187437	1.81256	0.9995191
1133	1	-1819.365	-1818.96	-0.4052424	0.368026	0.0993187	0.900681	0.198637	1.80136	0.9997773
1134	0	-1815.483	-1815.078	-0.4053411	0.342705	0.097368	0.902632	0.194736	1.80526	0.999876
1135	1	-1815.629	-1815.224	-0.4051485	0.31177	0.100179	0.899821	0.200357	1.79964	0.9996834
1136	0	-1816.023	-1815.619	-0.4047406	0.328693	0.097849	0.902151	0.195698	1.8043	0.9992757
1137	1	-1815.832	-1815.427	-0.4052068	0.343967	0.0975305	0.902469	0.195061	1.80494	0.9997417
1138	0	-1817.322	-1816.917	-0.4045008	0.346789	0.0932183	0.906782	0.186437	1.81356	0.9990362
1139	1	-1815.073	-1814.668	-0.405397	0.330414	0.0999193	0.900081	0.199839	1.80016	0.9999319
1140	0	-1815.859	-1815.454	-0.4053732	0.302091	0.0986815	0.901318	0.197363	1.80264	0.9999081
1141	1	-1815.367	-1814.962	-0.4054246	0.315964	0.102727	0.897273	0.205454	1.79455	0.9999595
1142	0	-1816.637	-1816.232	-0.4053732	0.341797	0.089266	0.910734	0.178532	1.82147	0.9999081
1143	1	-1814.953	-1814.548	-0.4054246	0.328307	0.0948187	0.905181	0.189637	1.81036	0.9999595
1144	0	-1815.461	-1815.056	-0.4051967	0.330465	0.10008	0.89992	0.200161	1.79984	0.9997316
1145	1	-1815.897	-1815.492	-0.4052346	0.329403	0.102559	0.897441	0.205117	1.79488	0.9997696
1146	0	-1815.408	-1815.003	-0.4053249	0.341407	0.094658	0.905342	0.189316	1.81068	0.9998598
1147	1	-1815.028	-1814.622	-0.4053925	0.320662	0.100559	0.899441	0.201118	1.79888	0.9999274
1148	0	-1816.09	-1815.685	-0.4053249	0.299692	0.100441	0.899559	0.200882	1.79912	0.9998598
1149	1	-1815.346	-1814.941	-0.4053401	0.320775	0.0944368	0.905563	0.188874	1.81113	0.999875
1150	0	-1817.44	-1817.036	-0.4042323	0.324031	0.0935249	0.906475	0.18705	1.81295	0.998768
1151	1	-1816.328	-1815.923	-0.4049162	0.319732	0.093718	0.906282	0.187436	1.81256	0.9994512
1152	0	-1819.356	-1818.952	-0.4039375	0.357721	0.0920251	0.907975	0.18405	1.81595	0.9984735
1153	1	-1815.018	-1814.612	-0.4053814	0.332477	0.0987252	0.901275	0.19745	1.80255	0.9999163
1154	0	-1815.151	-1814.745	-0.4054145	0.339609	0.0949127	0.905087	0.189825	1.81017	0.9999494
1155	1	-1820.208	-1819.805	-0.4030315	0.301078	0.0983432	0.901657	0.196686	1.80331	0.9975693
1156	0	-1814.818	-1814.413	-0.4054145	0.329386	0.096541	0.903459	0.193082	1.80692	0.9999494
1157	1	-1820.26	-1819.856	-0.4032897	0.299817	0.104867	0.895133	0.209735	1.79027	0.997827
1158	0	-1817.072	-1816.666	-0.4054145	0.350058	0.101757	0.898243	0.203514	1.79649	0.9999494
1159	1	-1816.197	-1815.792	-0.4047581	0.31492	0.099775	0.900225	0.19955	1.80045	0.9992932
1160	0	-1817.396	-1816.991	-0.4052788	0.362302	0.0948309	0.905169	0.189662	1.81034	0.9998137
1161	1	-1816.487	-1816.082	-0.4048914	0.329887	0.102375	0.897625	0.20475	1.79525	0.9994265
1162	0	-1816.062	-1815.657	-0.4049516	0.309716	0.0988444	0.901156	0.197689	1.80231	0.9994866
1163	1	-1816.091	-1815.687	-0.4047866	0.325584	0.100138	0.899862	0.200275	1.79972	0.9993217
1164	0	-1821.367	-1820.964	-0.4029454	0.290398	0.100287	0.899713	0.200573	1.79943	0.9974835
1165	1	-1816.219	-1815.814	-0.4046866	0.323563	0.0998605	0.90014	0.199721	1.80028	0.9992218
1166	0	-1818.908	-1818.503	-0.405361	0.300848	0.111497	0.888503	0.222994	1.77701	0.9998959
1167	1	-1817.873	-1817.467	-0.4051715	0.286544	0.103612	0.896388	0.207224	1.79278	0.9997064
1168	0	-1815.014	-1814.609	-0.405361	0.322958	0.0999779	0.900022	0.199956	1.80004	0.9998959
1169	1	-1817.634	-1817.228	-0.4051715	0.31711	0.108106	0.891894	0.216212	1.78379	0.9997064
1170	0	-1815.202	-1814.796	-0.4054504	0.335154	0.0931964	0.906804	0.186393	1.81361	0.9999853
1171	1	-1815.674	-1815.268	-0.4054052	0.320945	0.0927377	0.907262	0.185475	1.81452	0.9999401
1172	0	-1815.471	-1815.065	-0.4054504	0.304805	0.10041	0.89959	0.20082	1.79918	0.9999853
1173	1	-1818.706	-1818.302	-0.4038378	0.343278	0.100146	0.899854	0.200292	1.79971	0.998374
1174	0	-1817.147	-1816.742	-0.4046855	0.324339	0.0917739	0.908226	0.183548	1.81645	0.9992207
1175	1	-1819.185	-1818.782	-0.4034782	0.345749	0.098208	0.901792	0.196416	1.80358	0.998015
1176	0	-1814.818	-1814.413	-0.4054632	0.322654	0.0959816	0.904018	0.191963	1.80804	0.9999981
1177	1	-1817.262	-1816.858	-0.4046393	0.302793	0.102771	0.897229	0.205543	1.79446	0.9991745
1178	0	-1817.846	-1817.441	-0.40499	0.312262	0.0908033	0.909197	0.181607	1.81839	0.999525
1179	1	-1816.499	-1816.094	-0.4050876	0.351288	0.0950103	0.90499	0.190021	1.80998	0.9996226
1180	0	-1819.22	-1818.815	-0.4046045	0.357877	0.100605	0.899395	0.201209	1.79879	0.9991398
1181	1	-1816.011	-1815.606	-0.4050821	0.3078	0.0977807	0.902219	0.195561	1.80444	0.9996171
1182	0	-1816.772	-1816.367	-0.40458	0.315077	0.102042	0.897958	0.204084	1.79592	0.9991153
1183	1	-1818.074	-1817.67	-0.403747	0.335256	0.0987024	0.901298	0.197405	1.8026	0.9982834
1184	0	-1816.521	-1816.115	-0.4054344	0.338952	0.0892342	0.910766	0.178468	1.82153	0.9999693
1185	1	-1814.979	-1814.574	-0.4053817	0.333166	0.098018	0.901982	0.196036	1.80396	0.9999166
1186	0	-1816.809	-1816.404	-0.4054344	0.359365	0.0957911	0.904209	0.191582	1.80842	0.9999693
1187	1	-1816.909	-1816.504	-0.4047239	0.302961	0.0997586	0.900241	0.199517	1.80048	0.999259
1188	0	-1815.015	-1814.61	-0.405306	0.329819	0.0966212	0.903379	0.193242	1.80676	0.9998409
1189	1	-1816.384	-1815.979	-0.4047239	0.311429	0.0986749	0.901325	0.19735	1.80265	0.999259
1190	0	-1816.137	-1815.732	-0.404777	0.336556	0.0968161	0.903184	0.193632	1.80637	0.9993121
1191	1	-1818.936	-1818.531	-0.4050381	0.280279	0.101347	0.898653	0.202694	1.79731	0.9995731
1192	0	-1815.588	-1815.182	-0.4052702	0.307869	0.0993274	0.900673	0.198655	1.80135	0.9998051
1193	1	-1817.162	-1816.758	-0.4044956	0.341841	0.0927792	0.907221	0.185558	1.81444	0.999031
1194	0	-1815.952	-1815.547	-0.4048136	0.332111	0.0961275	0.903873	0.192255	1.80775	0.9993487
1195	1	-1816.631	-1816.226	-0.4049747	0.320788	0.104374	0.895626	0.208749	1.79125	0.9995098
1196	0	-1817.358	-1816.954	-0.4045466	0.301494	0.0994096	0.90059	0.198819	1.80118	0.9990819
1197	1	-1817.805	-1817.4	-0.4053711	0.346202	0.104522	0.895478	0.209044	1.79096	0.999906
1198	0	-1816	-1815.595	-0.4053927	0.301648	0.0974759	0.902524	0.194952	1.80505	0.9999276
1199	1	-1816.119	-1815.714	-0.4048426	0.315949	0.100924	0.899076	0.201847	1.79815	0.9993776
1200	0	-1815.933	-1815.528	-0.4048213	0.321459	0.096744	0.903256	0.193488	1.80651	0.9993564
1201	1	-1818.229	-1817.824	-0.4043274	0.312833	0.0925198	0.90748	0.18504	1.81496	0.998863
1202	0	-1814.745	-1814.34	-0.4054568	0.323524	0.0968116	0.903188	0.193623	1.80638	0.9999917
1203	1	-1818.17	-1817.766	-0.4043274	0.299175	0.0974813	0.902519	0.194963	1.80504	0.998863
1204	0	-1816.182	-1815.776	-0.4054506	0.323577	0.105345	0.894655	0.210689	1.78931	0.9999855
1205	1	-1818.204	-1817.8	-0.4044776	0.354262	0.0978585	0.902141	0.195717	1.80428	0.999013
1206	0	-1815.058	-1814.653	-0.4054506	0.325873	0.094129	0.905871	0.188258	1.81174	0.9999855
1207	1	-1815.27	-1814.865	-0.4052159	0.329694	0.0990722	0.900928	0.198144	1.80186	0.9997508
1208	0	-1816.194	-1815.789	-0.4050058	0.32989	0.09245	0.90755	0.1849	1.8151	0.9995408
1209	1	-1817.037	-1816.633	-0.4046843	0.303164	0.101704	0.898296	0.203407	1.79659	0.9992195
1210	0	-1820.685	-1820.28	-0.4047931	0.35537	0.0844893	0.915511	0.168979	1.83102	0.9993283
1211	1	-1815.599	-1815.194	-0.4049865	0.321126	0.0976107	0.902389	0.195221	1.80478	0.9995215
1212	0	-1816.262	-1815.857	-0.4047123	0.327126	0.100204	0.899796	0.200409	1.79959	0.9992475
1213	1	-1816.147	-1815.742	-0.4046707	0.328706	0.0977562	0.902244	0.195512	1.80449	0.9992059
1214	0	-1817.644	-1817.239	-0.40512	0.362306	0.0940301	0.90597	0.18806	1.81194	0.999655
1215	1	-1815.128	-1814.722	-0.4052668	0.332004	0.096268	0.903732	0.192536	1.80746	0.9998017
1216	0	-1816.453	-1816.048	-0.4049616	0.334244	0.0917115	0.908288	0.183423	1.81658	0.9994966
1217	1	-1815.961	-1815.556	-0.4052668	0.319716	0.0928165	0.907183	0.185633	1.81437	0.9998017
1218	0	-1820.483	-1820.078	-0.4049886	0.320521	0.105782	0.894218	0.211564	1.78844	0.9995236
1219	1	-1817.601	-1817.197	-0.4038876	0.331803	0.096697	0.903303	0.193394	1.80661	0.9984237
1220	0	-1814.975	-1814.57	-0.4053531	0.326462	0.0958267	0.904173	0.191653	1.80835	0.999888
1221	1	-1816.064	-1815.659	-0.4047238	0.329643	0.096589	0.903411	0.193178	1.80682	0.9992589
1222	0	-1815.599	-1815.194	-0.4052566	0.33653	0.0930498	0.90695	0.1861	1.8139	0.9997915
1223	1	-1818.373	-1817.968	-0.4047238	0.302997	0.0928369	0.907163	0.185674	1.81433	0.9992589
1224	0	-1819.012	-1818.608	-0.4043127	0.342895	0.103802	0.896198	0.207604	1.7924	0.9988483
1225	1	-1816.764	-1816.36	-0.4046793	0.338596	0.0998717	0.900128	0.199743	1.80026	0.9992145
1226	0	-1820.13	-1819.726	-0.4038942	0.346379	0.103708	0.896292	0.207415	1.79258	0.9984304
1227	1	-1815.785	-1815.379	-0.4051391	0.312358	0.0963438	0.903656	0.192688	1.80731	0.999674
1228	0	-1814.863	-1814.457	-0.4054272	0.320196	0.096865	0.903135	0.19373	1.80627	0.9999621
1229	1	-1821.37	-1820.967	-0.4031048	0.291929	0.0969163	0.903084	0.193833	1.80617	0.9976425
1230	0	-1816.006	-1815.601	-0.4050551	0.340203	0.093296	0.906704	0.186592	1.81341	0.9995901
1231	1	-1818.941	-1818.536	-0.4052168	0.278288	0.104174	0.895826	0.208349	1.79165	0.9997517
1232	0	-1815.54	-1815.135	-0.4050728	0.328465	0.0951655	0.904835	0.190331	1.80967	0.9996078
1233	1	-1816.159	-1815.754	-0.4051869	0.313884	0.0938113	0.906189	0.187623	1.81238	0.9997218
1234	0	-1817.061	-1816.657	-0.4043361	0.329416	0.100566	0.899434	0.201133	1.79887	0.9988716
1235	1	-1817.943	-1817.538	-0.4050815	0.287335	0.103631	0.896369	0.207262	1.79274	0.9996164
1236	0	-1816.221	-1815.816	-0.4047134	0.324835	0.095223	0.904777	0.190446	1.80955	0.9992486
1237	1	-1815.499	-1815.094	-0.4050815	0.331297	0.0984836	0.901516	0.196967	1.80303	0.9996164
1238	0	-1816.488	-1816.082	-0.4051503	0.301595	0.0971863	0.902814	0.194373	1.80563	0.9996852
1239	1	-1816.484	-1816.079	-0.4052456	0.297232	0.0996286	0.900371	0.199257	1.80074	0.9997805
1240	0	-1815.442	-1815.037	-0.4051503	0.324998	0.10024	0.89976	0.200481	1.79952	0.9996852
1241	1	-1815.422	-1815.016	-0.4053642	0.334297	0.0953597	0.90464	0.190719	1.80928	0.9998991
1242	0	-1816.376	-1815.971	-0.4051801	0.322729	0.0916424	0.908358	0.183285	1.81672	0.9997151
1243	1	-1816.432	-1816.027	-0.4050645	0.310697	0.104173	0.895827	0.208346	1.79165	0.9995995
1244	0	-1817.989	-1817.585	-0.4042624	0.306467	0.0954241	0.904576	0.190848	1.80915	0.998798
1245	1	-1817.233	-1816.828	-0.4050645	0.32364	0.106244	0.893756	0.212488	1.78751	0.9995995
1246	0	-1815.45	-1815.044	-0.4054414	0.308692	0.0965847	0.903415	0.193169	1.80683	0.9999763
1247	1	-1816.142	-1815.736	-0.4052799	0.350866	0.0958409	0.904159	0.191682	1.80832	0.9998148
1248	0	-1815.954	-1815.549	-0.4051466	0.345236	0.0965922	0.903408	0.193184	1.80682	0.9996815
1249	1	-1816.472	-1816.067	-0.4045314	0.321141	0.0966318	0.903368	0.193264	1.80674	0.9990668
1250	0	-1815.479	-1815.074	-0.4051888	0.33563	0.0944549	0.905545	0.18891	1.81109	0.9997238
1251	1	-1816.111	-1815.706	-0.4048246	0.324477	0.0946958	0.905304	0.189392	1.81061	0.9993597
1252	0	-1818.383	-1817.979	-0.4040905	0.34124	0.090773	0.909227	0.181546	1.81845	0.9986263
1253	1	-1818.693	-1818.288	-0.4047623	0.365302	0.0936976	0.906302	0.187395	1.8126	0.9992975
1254	0	-1818.06	-1817.655	-0.4049493	0.332649	0.0881142	0.911886	0.176228	1.82377	0.9994843
1255	1	-1817.181	-1816.776	-0.4050627	0.348995	0.0898814	0.910119	0.179763	1.82024	0.9995977
1256	0	-1816.184	-1815.779	-0.4050457	0.306969	0.101898	0.898102	0.203795	1.7962	0.9995806
1257	1	-1815.265	-1814.859	-0.4053544	0.311222	0.0998342	0.900166	0.199668	1.80033	0.9998893
1258	0	-1816.274	-1815.869	-0.4052231	0.316668	0.104823	0.895177	0.209646	1.79035	0.999758
1259	1	-1817.42	-1817.015	-0.404359	0.3297	0.102303	0.897697	0.204605	1.79539	0.9988945
1260	0	-1816.617	-1816.211	-0.4051934	0.346644	0.100288	0.899712	0.200576	1.79942	0.9997283
1261	1	-1818.949	-1818.546	-0.403421	0.342793	0.0941829	0.905817	0.188366	1.81163	0.9979579
1262	0	-1818.144	-1817.739	-0.404816	0.291956	0.0975122	0.902488	0.195024	1.80498	0.9993511
1263	1	-1817.25	-1816.846	-0.4043029	0.329806	0.0993523	0.900648	0.198705	1.8013	0.9988385
1264	0	-1816.061	-1815.656	-0.404816	0.335194	0.0978468	0.902153	0.195694	1.80431	0.9993511
1265	1	-1815.535	-1815.13	-0.4050252	0.32044	0.0981717	0.901828	0.196343	1.80366	0.9995602
1266	0	-1817.536	-1817.131	-0.4048925	0.298882	0.105355	0.894645	0.210709	1.78929	0.9994276
1267	1	-1815.845	-1815.44	-0.4050252	0.338562	0.0945341	0.905466	0.189068	1.81093	0.9995602
1268	0	-1814.922	-1814.516	-0.4054088	0.320731	0.0963909	0.903609	0.192782	1.80722	0.9999437
1269	1	-1816.221	-1815.816	-0.4054206	0.297354	0.0987755	0.901224	0.197551	1.80245	0.9999555
1270	0	-1817.561	-1817.157	-0.4045194	0.35131	0.0937088	0.906291	0.187418	1.81258	0.9990548
1271	1	-1816.866	-1816.461	-0.4049941	0.305411	0.104737	0.895263	0.209473	1.79053	0.9995291
1272	0	-1815.48	-1815.075	-0.405411	0.344864	0.0940366	0.905963	0.188073	1.81193	0.9999459
1273	1	-1818.612	-1818.208	-0.4044608	0.321576	0.104441	0.895559	0.208882	1.79112	0.9989962
1274	0	-1817.086	-1816.68	-0.405411	0.353468	0.100473	0.899527	0.200947	1.79905	0.9999459
1275	1	-1816.543	-1816.138	-0.4045303	0.316867	0.0975166	0.902483	0.195033	1.80497	0.9990656
1276	0	-1815.233	-1814.828	-0.4052832	0.322222	0.100618	0.899382	0.201236	1.79876	0.9998182
1277	1	-1819.65	-1819.247	-0.4031972	0.339788	0.100447	0.899553	0.200895	1.79911	0.9977347
1278	0	-1818.64	-1818.236	-0.4045678	0.333358	0.0882706	0.911729	0.176541	1.82346	0.9991031
1279	1	-1815.803	-1815.398	-0.4049119	0.318747	0.0973335	0.902666	0.194667	1.80533	0.9994469
1280	0	-1817.193	-1816.789	-0.4046062	0.321625	0.0923997	0.9076	0.184799	1.8152	0.9991414
1281	1	-1815.458	-1815.053	-0.4052229	0.313816	0.100655	0.899345	0.201311	1.79869	0.9997578
1282	0	-1816.253	-1815.848	-0.4049155	0.343243	0.0969517	0.903048	0.193903	1.8061	0.9994506
1283	1	-1815.585	-1815.18	-0.4049899	0.328969	0.096435	0.903565	0.19287	1.80713	0.9995249
1284	0	-1815.955	-1815.55	-0.4052019	0.304174	0.0999522	0.900048	0.199904	1.8001	0.9997368
1285	1	-1816.217	-1815.811	-0.4052954	0.352314	0.094857	0.905143	0.189714	1.81029	0.9998303
1286	0	-1816.79	-1816.385	-0.4052019	0.354973	0.096658	0.903342	0.193316	1.80668	0.9997368
1287	1	-1816.256	-1815.851	-0.4051043	0.339621	0.0916644	0.908336	0.183329	1.81667	0.9996393
1288	0	-1815.52	-1815.115	-0.4050184	0.322458	0.0976297	0.90237	0.195259	1.80474	0.9995533
1289	1	-1817.437	-1817.032	-0.4051043	0.298292	0.106314	0.893686	0.212628	1.78737	0.9996393
1290	0	-1815.7	-1815.294	-0.4052983	0.323455	0.0929275	0.907072	0.185855	1.81414	0.9998332
1291	1	-1815.415	-1815.009	-0.4051082	0.328215	0.0988835	0.901117	0.197767	1.80223	0.9996432
1292	0	-1816.082	-1815.677	-0.4050207	0.344216	0.0959257	0.904074	0.191851	1.80815	0.9995557
1293	1	-1815.503	-1815.098	-0.4053603	0.306665	0.100016	0.899984	0.200031	1.79997	0.9998952
1294	0	-1815.803	-1815.398	-0.4049856	0.331304	0.0943869	0.905613	0.188774	1.81123	0.9995206
1295	1	-1815.481	-1815.076	-0.4053529	0.341959	0.093667	0.906333	0.187334	1.81267	0.9998878
1296	0	-1815.37	-1814.964	-0.4051055	0.329547	0.0967808	0.903219	0.193562	1.80644	0.9996405
1297	1	-1815.502	-1815.097	-0.4050796	0.333947	0.0967958	0.903204	0.193592	1.80641	0.9996146
1298	0	-1816.114	-1815.709	-0.4051055	0.346017	0.0938619	0.906138	0.187724	1.81228	0.9996405
1299	1	-1815.468	-1815.063	-0.4053293	0.34334	0.095512	0.904488	0.191024	1.80898	0.9998642
1300	0	-1815.775	-1815.37	-0.4054101	0.306202	0.0961886	0.903811	0.192377	1.80762	0.999945
1301	1	-1816.697	-1816.292	-0.4047297	0.31378	0.102953	0.897047	0.205907	1.79409	0.9992649
1302	0	-1815.097	-1814.691	-0.405442	0.320805	0.0947551	0.905245	0.18951	1.81049	0.9999769
1303	1	-1818.743	-1818.34	-0.403675	0.327294	0.0921436	0.907856	0.184287	1.81571	0.9982115
1304	0	-1815.86	-1815.454	-0.4053317	0.342116	0.0918606	0.908139	0.183721	1.81628	0.9998666
1305	1	-1820.51	-1820.107	-0.4035028	0.361414	0.0951707	0.904829	0.190341	1.80966	0.9980397
1306	0	-1815.44	-1815.035	-0.4053874	0.344575	0.0955499	0.90445	0.1911	1.8089	0.9999223
1307	1	-1816.373	-1815.968	-0.404829	0.341397	0.0979002	0.9021	0.1958	1.8042	0.9993641
1308	0	-1815.19	-1814.785	-0.4053874	0.328775	0.0938114	0.906189	0.187623	1.81238	0.9999223
1309	1	-1816.143	-1815.738	-0.4049037	0.329226	0.101143	0.898857	0.202287	1.79771	0.9994388
1310	0	-1815.23	-1814.825	-0.4052649	0.315899	0.0980448	0.901955	0.19609	1.80391	0.9997998
1311	1	-1817.333	-1816.928	-0.4051691	0.35051	0.0891123	0.910888	0.178225	1.82178	0.9997041
1312	0	-1816.894	-1816.49	-0.4044076	0.31752	0.0959436	0.904056	0.191887	1.80811	0.9989431
1313	1	-1818.446	-1818.043	-0.4039479	0.337074	0.0912046	0.908795	0.182409	1.81759	0.998484
1314	0	-1815.437	-1815.032	-0.4050685	0.323063	0.0986383	0.901362	0.197277	1.80272	0.9996035
1315	1	-1817.362	-1816.958	-0.4046281	0.302762	0.103291	0.896709	0.206582	1.79342	0.9991634
1316	0	-1816.085	-1815.679	-0.4052623	0.343465	0.091637	0.908363	0.183274	1.81673	0.9997972
1317	1	-1819.731	-1819.326	-0.4047892	0.372312	0.0917839	0.908216	0.183568	1.81643	0.9993243
1318	0	-1815.319	-1814.914	-0.4052623	0.322286	0.095043	0.904957	0.190086	1.80991	0.9997972
1319	1	-1819.303	-1818.898	-0.4048648	0.37038	0.0938997	0.9061	0.187799	1.8122	0.9993999
1320	0	-1816.51	-1816.105	-0.4053361	0.336565	0.103648	0.896352	0.207295	1.7927	0.999871
1321	1	-1815.151	-1814.746	-0.4054321	0.338234	0.0940869	0.905913	0.188174	1.81183	0.999967
1322	0	-1815.056	-1814.651	-0.4054239	0.32264	0.0948211	0.905179	0.189642	1.81036	0.9999587
1323	1	-1817.193	-1816.788	-0.4045242	0.347065	0.0961556	0.903844	0.192311	1.80769	0.9990595
1324	0	-1814.999	-1814.593	-0.4054231	0.325752	0.100494	0.899506	0.200989	1.79901	0.9999579
1325	1	-1815.455	-1815.05	-0.4050573	0.329674	0.0973212	0.902679	0.194642	1.80536	0.9995923
1326	0	-1815.581	-1815.176	-0.4054642	0.346418	0.0976667	0.902333	0.195333	1.80467	0.9999991
1327	1	-1815.329	-1814.924	-0.4054521	0.310971	0.0962148	0.903785	0.19243	1.80757	0.999987
1328	0	-1815.385	-1814.98	-0.4054642	0.340165	0.0995046	0.900495	0.199009	1.80099	0.9999991
1329	1	-1815.914	-1815.509	-0.4052067	0.340896	0.0995616	0.900438	0.199123	1.80088	0.9997416
1330	0	-1815.756	-1815.351	-0.4054642	0.311489	0.0940844	0.905916	0.188169	1.81183	0.9999991
1331	1	-1815.666	-1815.261	-0.4051204	0.315566	0.0961755	0.903824	0.192351	1.80765	0.9996553
1332	0	-1815.448	-1815.042	-0.4054642	0.329096	0.102478	0.897522	0.204956	1.79504	0.9999991
1333	1	-1817.532	-1817.128	-0.4045605	0.337499	0.102329	0.897671	0.204658	1.79534	0.9990958
1334	0	-1814.871	-1814.465	-0.4054642	0.321505	0.100351	0.899649	0.200702	1.7993	0.9999991
1335	1	-1817.381	-1816.976	-0.4051027	0.356694	0.0907436	0.909256	0.181487	1.81851	0.9996377
1336	0	-1816.145	-1815.739	-0.4054008	0.348408	0.0912708	0.908729	0.182542	1.81746	0.9999357
1337	1	-1816.307	-1815.903	-0.4047646	0.322975	0.101438	0.898562	0.202876	1.79712	0.9992997
1338	0	-1818.031	-1817.626	-0.4054008	0.325088	0.109046	0.890954	0.218092	1.78191	0.9999357
1339	1	-1815.554	-1815.148	-0.4054427	0.304981	0.101681	0.898319	0.203361	1.79664	0.9999776
1340	0	-1816.528	-1816.124	-0.40487	0.306841	0.0972171	0.902783	0.194434	1.80557	0.9994051
1341	1	-1815.765	-1815.36	-0.4048731	0.32485	0.0979994	0.902001	0.195999	1.804	0.9994082
1342	0	-1815.846	-1815.442	-0.40487	0.332296	0.0974137	0.902586	0.194827	1.80517	0.9994051
1343	1	-1815.815	-1815.41	-0.4048731	0.320276	0.0978668	0.902133	0.195734	1.80427	0.9994082
1344	0	-1815.608	-1815.203	-0.4050355	0.333749	0.0977845	0.902215	0.195569	1.80443	0.9995705
1345	1	-1818.503	-1818.098	-0.404628	0.340284	0.0881366	0.911863	0.176273	1.82373	0.9991633
1346	0	-1815.505	-1815.1	-0.4050957	0.32327	0.0956556	0.904344	0.191311	1.80869	0.9996307
1347	1	-1816.044	-1815.639	-0.4052234	0.333304	0.1023	0.8977	0.2046	1.7954	0.9997583
1348	0	-1818.211	-1817.806	-0.4043845	0.295873	0.0991866	0.900813	0.198373	1.80163	0.99892
1349	1	-1816.025	-1815.62	-0.404832	0.331469	0.0947848	0.905215	0.18957	1.81043	0.9993671
1350	0	-1815.375	-1814.969	-0.4053442	0.322892	0.0939299	0.90607	0.18786	1.81214	0.9998791
1351	1	-1816.868	-1816.462	-0.4053121	0.325378	0.106252	0.893748	0.212504	1.7875	0.999847
1352	0	-1815.939	-1815.534	-0.4053442	0.341198	0.100667	0.899333	0.201334	1.79867	0.9998791
1353	1	-1814.984	-1814.578	-0.4053121	0.323096	0.0975898	0.90241	0.19518	1.80482	0.999847
1354	0	-1816.489	-1816.084	-0.4049163	0.308904	0.0959668	0.904033	0.191934	1.80807	0.9994514
1355	1	-1816.823	-1816.418	-0.4051093	0.352852	0.0919543	0.908046	0.183909	1.81609	0.9996442
1356	0	-1815.242	-1814.837	-0.4051919	0.32929	0.0960741	0.903926	0.192148	1.80785	0.9997269
1357	1	-1814.837	-1814.432	-0.4054501	0.325443	0.0996814	0.900319	0.199363	1.80064	0.999985
1358	0	-1816.568	-1816.163	-0.4050331	0.347106	0.092048	0.907952	0.184096	1.8159	0.9995681
1359	1	-1815.418	-1815.013	-0.4054501	0.316543	0.09416	0.90584	0.18832	1.81168	0.999985
1360	0	-1817.155	-1816.75	-0.4046249	0.303213	0.101852	0.898148	0.203705	1.7963	0.9991602
1361	1	-1815.594	-1815.189	-0.4054501	0.312941	0.103766	0.896234	0.207532	1.79247	0.999985
1362	0	-1816.943	-1816.539	-0.4043849	0.322463	0.0947771	0.905223	0.189554	1.81045	0.9989203
1363	1	-1815.644	-1815.239	-0.4050823	0.337405	0.0952914	0.904709	0.190583	1.80942	0.9996173
1364	0	-1815.669	-1815.263	-0.4053389	0.321839	0.0930073	0.906993	0.186015	1.81399	0.9998738
1365	1	-1816.754	-1816.35	-0.4047225	0.326722	0.0925112	0.907489	0.185022	1.81498	0.9992577
1366	0	-1817.068	-1816.663	-0.404613	0.319843	0.103691	0.896309	0.207383	1.79262	0.9991483
1367	1	-1815.325	-1814.92	-0.4051597	0.323302	0.0994501	0.90055	0.1989	1.8011	0.9996947
1368	0	-1816.136	-1815.731	-0.4049232	0.314696	0.101896	0.898104	0.203792	1.79621	0.9994583
1369	1	-1815.343	-1814.938	-0.4054257	0.307299	0.0993021	0.900698	0.198604	1.8014	0.9999606
1370	0	-1816.42	-1816.015	-0.4045221	0.323292	0.0970906	0.902909	0.194181	1.80582	0.9990574
1371	1	-1816.525	-1816.121	-0.4044748	0.330964	0.0968072	0.903193	0.193614	1.80639	0.9990102
1372	0	-1815.547	-1815.142	-0.4050874	0.317103	0.0997927	0.900207	0.199585	1.80041	0.9996224
1373	1	-1817.662	-1817.258	-0.4044748	0.350186	0.0926685	0.907332	0.185337	1.81466	0.9990102
1374	0	-1815.253	-1814.847	-0.40532	0.338661	0.0968918	0.903108	0.193784	1.80622	0.9998549
1375	1	-1816.228	-1815.823	-0.4052198	0.317952	0.0925773	0.907423	0.185155	1.81485	0.9997547
1376	0	-1816.925	-1816.521	-0.4044697	0.316216	0.0954382	0.904562	0.190876	1.80912	0.9990051
1377	1	-1815.773	-1815.368	-0.4053212	0.330081	0.102565	0.897435	0.20513	1.79487	0.9998562
1378	0	-1815.593	-1815.188	-0.4049931	0.324685	0.0963959	0.903604	0.192792	1.80721	0.9995281
1379	1	-1815.826	-1815.421	-0.4050732	0.340033	0.0977033	0.902297	0.195407	1.80459	0.9996082
1380	0	-1816.906	-1816.501	-0.4049931	0.325183	0.104905	0.895095	0.20981	1.79019	0.9995281
1381	1	-1818.07	-1817.666	-0.4042133	0.346724	0.0918427	0.908157	0.183685	1.81631	0.998749
1382	0	-1815.474	-1815.069	-0.4054495	0.308849	0.102618	0.897382	0.205236	1.79476	0.9999844
1383	1	-1815.852	-1815.447	-0.4049148	0.3354	0.0971029	0.902897	0.194206	1.80579	0.9994499
1384	0	-1816.66	-1816.255	-0.4051125	0.310391	0.105302	0.894698	0.210603	1.7894	0.9996475
1385	1	-1816.349	-1815.944	-0.4050356	0.334422	0.101941	0.898059	0.203882	1.79612	0.9995705
1386	0	-1821.38	-1820.975	-0.4045173	0.371627	0.0992811	0.900719	0.198562	1.80144	0.9990526
1387	1	-1815.266	-1814.86	-0.4052937	0.326778	0.0944427	0.905557	0.188885	1.81111	0.9998286
1388	0	-1816.139	-1815.734	-0.4046859	0.329277	0.096348	0.903652	0.192696	1.8073	0.9992211
1389	1	-1815.909	-1815.504	-0.4052812	0.336988	0.0916325	0.908367	0.183265	1.81673	0.9998161
1390	0	-1815.663	-1815.258	-0.405428	0.321038	0.103861	0.896139	0.207722	1.79228	0.9999629
1391	1	-1817.457	-1817.052	-0.4047072	0.30449	0.10488	0.89512	0.209759	1.79024	0.9992424
1392	0	-1815.628	-1815.223	-0.405428	0.317116	0.103864	0.896136	0.207728	1.79227	0.9999629
1393	1	-1815.74	-1815.335	-0.4053196	0.34602	0.0970569	0.902943	0.194114	1.80589	0.9998545
1394	0	-1816.614	-1816.208	-0.405428	0.299164	0.105605	0.894395	0.21121	1.78879	0.9999629
1395	1	-1815.961	-1815.556	-0.4053222	0.321101	0.104216	0.895784	0.208431	1.79157	0.9998571
1396	0	-1816.354	-1815.949	-0.4053092	0.33774	0.102802	0.897198	0.205605	1.7944	0.9998441
1397	1	-1815.682	-1815.277	-0.4053222	0.307147	0.0972752	0.902725	0.19455	1.80545	0.9998571
1398	0	-1817.961	-1817.557	-0.4043863	0.306608	0.104912	0.895088	0.209823	1.79018	0.9989218
1399	1	-1816.236	-1815.831	-0.4049439	0.327149	0.102179	0.897821	0.204359	1.79564	0.9994789
1400	0	-1820.386	-1819.982	-0.4048333	0.374328	0.0887718	0.911228	0.177544	1.82246	0.9993684
1401	1	-1819.863	-1819.458	-0.4048353	0.370932	0.0889216	0.911078	0.177843	1.82216	0.9993704
1402	0	-1818.313	-1817.909	-0.4035416	0.327272	0.0951493	0.904851	0.190299	1.8097	0.9980783
1403	1	-1816.279	-1815.873	-0.4052448	0.299194	0.100307	0.899693	0.200614	1.79939	0.9997797
1404	0	-1816.345	-1815.94	-0.405158	0.340287	0.101212	0.898788	0.202424	1.79758	0.9996929
1405	1	-1815.454	-1815.048	-0.4053377	0.333918	0.100617	0.899383	0.201234	1.79877	0.9998726
1406	0	-1815.859	-1815.453	-0.4051044	0.311116	0.0968128	0.903187	0.193626	1.80637	0.9996393
1407	1	-1815.759	-1815.353	-0.4053423	0.347707	0.0959468	0.904053	0.191894	1.80811	0.9998772
1408	0	-1815.218	-1814.812	-0.4053827	0.325097	0.0940354	0.905965	0.188071	1.81193	0.9999176
1409	1	-1815.192	-1814.787	-0.4053423	0.313159	0.0984175	0.901583	0.196835	1.80317	0.9998772
1410	0	-1815.221	-1814.816	-0.4053827	0.337002	0.0939863	0.906014	0.187973	1.81203	0.9999176
1411	1	-1819.007	-1818.603	-0.4044623	0.314834	0.108415	0.891585	0.21683	1.78317	0.9989977
1412	0	-1815.069	-1814.664	-0.4053827	0.328657	0.100068	0.899932	0.200135	1.79986	0.9999176
1413	1	-1819.13	-1818.727	-0.4033573	0.321779	0.0934213	0.906579	0.186843	1.81316	0.9978944
1414	0	-1820.576	-1820.172	-0.4035798	0.349666	0.088128	0.911872	0.176256	1.82374	0.9981165
1415	1	-1816.87	-1816.465	-0.4051075	0.301334	0.104784	0.895216	0.209569	1.79043	0.9996425
1416	0	-1820.338	-1819.935	-0.4032465	0.3011	0.105193	0.894807	0.210386	1.78961	0.9977838
1417	1	-1816.7	-1816.294	-0.4051075	0.329632	0.104319	0.895681	0.208638	1.79136	0.9996425
1418	0	-1818.311	-1817.908	-0.4037435	0.309017	0.0982077	0.901792	0.196415	1.80358	0.9982799
1419	1	-1816.468	-1816.063	-0.4049252	0.307211	0.102486	0.897514	0.204972	1.79503	0.9994603
1420	0	-1817.516	-1817.11	-0.4051373	0.327509	0.103188	0.896812	0.206377	1.79362	0.9996723
1421	1	-1816.543	-1816.138	-0.4049252	0.303138	0.0993115	0.900689	0.198623	1.80138	0.9994603
1422	0	-1815.424	-1815.019	-0.4051045	0.327789	0.0957385	0.904261	0.191477	1.80852	0.9996395
1423	1	-1815.227	-1814.821	-0.4052758	0.323765	0.0952359	0.904764	0.190472	1.80953	0.9998107
1424	0	-1817.296	-1816.891	-0.4050031	0.351518	0.0902974	0.909703	0.180595	1.81941	0.9995381
1425	1	-1815.872	-1815.466	-0.4052169	0.346102	0.0945378	0.905462	0.189076	1.81092	0.9997518
1426	0	-1819.415	-1819.011	-0.4042144	0.287726	0.10305	0.89695	0.2061	1.7939	0.99875
1427	1	-1816.081	-1815.676	-0.4049304	0.314942	0.10166	0.89834	0.20332	1.79668	0.9994655
1428	0	-1815.783	-1815.378	-0.4049955	0.314216	0.0995973	0.900403	0.199195	1.80081	0.9995305
1429	1	-1817.768	-1817.363	-0.4049304	0.341152	0.10393	0.89607	0.20786	1.79214	0.9994655
1430	0	-1817.045	-1816.64	-0.4051299	0.298621	0.0961793	0.903821	0.192359	1.80764	0.9996648
1431	1	-1819.713	-1819.309	-0.4032646	0.347698	0.0979865	0.902014	0.195973	1.80403	0.9978019
1432	0	-1817.353	-1816.948	-0.4051299	0.331727	0.0888686	0.911131	0.177737	1.82226	0.9996648
1433	1	-1821.843	-1821.442	-0.4015976	0.318997	0.100123	0.899877	0.200246	1.79975	0.99614
1434	0	-1816.473	-1816.068	-0.4045705	0.330517	0.0949428	0.905057	0.189886	1.81011	0.9991058
1435	1	-1816.336	-1815.932	-0.4046841	0.314051	0.0986334	0.901367	0.197267	1.80273	0.9992193
1436	0	-1817.221	-1816.816	-0.404904	0.355348	0.0945561	0.905444	0.189112	1.81089	0.9994391
1437	1	-1818.816	-1818.41	-0.4053596	0.329067	0.0860901	0.91391	0.17218	1.82782	0.9998945
1438	0	-1816.342	-1815.937	-0.4053125	0.322439	0.105205	0.894795	0.21041	1.78959	0.9998474
1439	1	-1818.29	-1817.885	-0.4053596	0.365461	0.0980381	0.901962	0.196076	1.80392	0.9998945
1440	0	-1815.807	-1815.402	-0.4053125	0.34727	0.094035	0.905965	0.18807	1.81193	0.9998474
1441	1	-1816.231	-1815.826	-0.4053596	0.345422	0.100429	0.899571	0.200859	1.79914	0.9998945
1442	0	-1816.215	-1815.81	-0.404842	0.33929	0.0943898	0.90561	0.18878	1.81122	0.9993771
1443	1	-1815.547	-1815.141	-0.4054489	0.342112	0.0994428	0.900557	0.198886	1.80111	0.9999838
1444	0	-1815.784	-1815.379	-0.4050383	0.324511	0.10116	0.89884	0.20232	1.79768	0.9995732
1445	1	-1816.678	-1816.273	-0.4054489	0.352926	0.0995603	0.90044	0.199121	1.80088	0.9999838
1446	0	-1815.415	-1815.01	-0.4054198	0.344727	0.0964338	0.903566	0.192868	1.80713	0.9999547
1447	1	-1815.43	-1815.025	-0.4052015	0.320699	0.0953466	0.904653	0.190693	1.80931	0.9997364
1448	0	-1816.396	-1815.991	-0.4048541	0.343505	0.0942036	0.905796	0.188407	1.81159	0.9993892
1449	1	-1818.973	-1818.568	-0.4052534	0.304364	0.111356	0.888644	0.222713	1.77729	0.9997883
1450	0	-1815.872	-1815.467	-0.4050746	0.31426	0.0958227	0.904177	0.191645	1.80835	0.9996096
1451	1	-1818.088	-1817.683	-0.4052945	0.304712	0.0908717	0.909128	0.181743	1.81826	0.9998295
1452	0	-1817.949	-1817.544	-0.4050197	0.30002	0.107749	0.892251	0.215499	1.7845	0.9995547
1453	1	-1815.136	-1814.73	-0.4053804	0.317685	0.0959236	0.904076	0.191847	1.80815	0.9999153
1454	0	-1819.16	-1818.756	-0.4034835	0.313026	0.0942863	0.905714	0.188573	1.81143	0.9980203
1455	1	-1818.157	-1817.752	-0.4052214	0.348379	0.0869556	0.913044	0.173911	1.82609	0.9997563
1456	0	-1816.368	-1815.963	-0.4046917	0.32927	0.100293	0.899707	0.200587	1.79941	0.9992269
1457	1	-1817.528	-1817.124	-0.4041159	0.326225	0.093797	0.906203	0.187594	1.81241	0.9986517
1458	0	-1819.477	-1819.072	-0.4044953	0.306501	0.0905772	0.909423	0.181154	1.81885	0.9990306
1459	1	-1816.646	-1816.241	-0.4051064	0.351698	0.0970165	0.902984	0.194033	1.80597	0.9996414
1460	0	-1815.049	-1814.644	-0.4053562	0.331	0.0950197	0.90498	0.190039	1.80996	0.9998911
1461	1	-1815.698	-1815.293	-0.4051064	0.315724	0.101313	0.898687	0.202626	1.79737	0.9996414
1462	0	-1816.026	-1815.621	-0.4053562	0.301571	0.0978175	0.902183	0.195635	1.80437	0.9998911
1463	1	-1816.514	-1816.109	-0.4051064	0.299771	0.101574	0.898426	0.203147	1.79685	0.9996414
1464	0	-1818.091	-1817.686	-0.4053776	0.354411	0.102642	0.897358	0.205284	1.79472	0.9999125
1465	1	-1817.128	-1816.724	-0.4047961	0.2997	0.0985912	0.901409	0.197182	1.80282	0.9993313
1466	0	-1815.971	-1815.566	-0.4048144	0.323051	0.0997092	0.900291	0.199418	1.80058	0.9993495
1467	1	-1818.528	-1818.125	-0.4037359	0.307225	0.0973557	0.902644	0.194711	1.80529	0.9982723
1468	0	-1817.954	-1817.55	-0.4040449	0.345918	0.0955937	0.904406	0.191187	1.80881	0.9985808
1469	1	-1815.465	-1815.06	-0.4052689	0.341401	0.0959478	0.904052	0.191896	1.8081	0.9998038
1470	0	-1815.781	-1815.376	-0.4051306	0.342037	0.0968736	0.903126	0.193747	1.80625	0.9996656
1471	1	-1815.629	-1815.223	-0.4052689	0.340176	0.0988715	0.901128	0.197743	1.80226	0.9998038
1472	0	-1817.265	-1816.861	-0.4040944	0.327786	0.0955463	0.904454	0.191093	1.80891	0.9986302
1473	1	-1815.225	-1814.82	-0.4052917	0.325963	0.100402	0.899598	0.200804	1.7992	0.9998266
1474	0	-1817.222	-1816.818	-0.4041188	0.330648	0.0955816	0.904418	0.191163	1.80884	0.9986546
1475	1	-1815.893	-1815.488	-0.4053931	0.310652	0.10438	0.89562	0.20876	1.79124	0.999928
1476	0	-1816.962	-1816.556	-0.4053804	0.324744	0.0893289	0.910671	0.178658	1.82134	0.9999153
1477	1	-1816.367	-1815.962	-0.4048738	0.329872	0.101789	0.898211	0.203577	1.79642	0.9994089
1478	0	-1817.114	-1816.71	-0.4044664	0.336549	0.092634	0.907366	0.185268	1.81473	0.9990018
1479	1	-1818.48	-1818.075	-0.405252	0.355606	0.102593	0.897407	0.205186	1.79481	0.9997869
1480	0	-1817.213	-1816.809	-0.404757	0.333354	0.0905929	0.909407	0.181186	1.81881	0.9992921
1481	1	-1815.108	-1814.703	-0.405252	0.323818	0.0987105	0.90129	0.197421	1.80258	0.9997869
1482	0	-1816.376	-1815.971	-0.4049948	0.343029	0.0924164	0.907584	0.184833	1.81517	0.9995298
1483	1	-1816.453	-1816.048	-0.4046738	0.312244	0.0999402	0.90006	0.19988	1.80012	0.999209
1484	0	-1818.253	-1817.849	-0.4039079	0.338032	0.0921818	0.907818	0.184364	1.81564	0.998444
1485	1	-1815.649	-1815.244	-0.4050349	0.316056	0.0994548	0.900545	0.19891	1.80109	0.9995699
1486	0	-1817.116	-1816.711	-0.404849	0.299076	0.102556	0.897444	0.205112	1.79489	0.9993841
1487	1	-1816.018	-1815.613	-0.4049181	0.311709	0.0987763	0.901224	0.197553	1.80245	0.9994531
1488	0	-1820.141	-1819.737	-0.4044928	0.306203	0.110982	0.889018	0.221964	1.77804	0.9990281
1489	1	-1817.115	-1816.71	-0.4042881	0.338715	0.0955144	0.904486	0.191029	1.80897	0.9988236
1490	0	-1817.125	-1816.72	-0.4047864	0.302335	0.103427	0.896573	0.206855	1.79315	0.9993215
1491	1	-1816.155	-1815.751	-0.4047509	0.322777	0.0955242	0.904476	0.191048	1.80895	0.9992861
1492	0	-1818.915	-1818.51	-0.404947	0.3426	0.0864062	0.913594	0.172812	1.82719	0.999482
1493	1	-1818.628	-1818.224	-0.4035053	0.323131	0.101676	0.898324	0.203352	1.79665	0.9980421
1494	0	-1818.115	-1817.711	-0.4038429	0.310428	0.0973527	0.902647	0.194705	1.80529	0.9983791
1495	1	-1820.996	-1820.593	-0.4026462	0.299271	0.0993227	0.900677	0.198645	1.80135	0.997185
1496	0	-1815.781	-1815.376	-0.4052461	0.315303	0.0944714	0.905529	0.188943	1.81106	0.999781
1497	1	-1816.945	-1816.541	-0.4043308	0.315325	0.0978301	0.90217	0.19566	1.80434	0.9988664
1498	0	-1818.16	-1817.755	-0.4047693	0.319328	0.0898115	0.910189	0.179623	1.82038	0.9993044
1499	1	-1815.555	-1815.15	-0.4051735	0.323046	0.101352	0.898648	0.202703	1.7973	0.9997084
1500	0	-1816.91	-1816.505	-0.4050199	0.317326	0.0918304	0.90817	0.183661	1.81634	0.9995549
1501	1	-1815.965	-1815.56	-0.4051735	0.340473	0.099676	0.900324	0.199352	1.80065	0.9997084
1502	0	-1817.53	-1817.126	-0.4045994	0.352613	0.0956895	0.90431	0.191379	1.80862	0.9991347
1503	1	-1815.365	-1814.959	-0.4053218	0.311688	0.0974217	0.902578	0.194843	1.80516	0.9998567
1504	0	-1817.542	-1817.138	-0.4046277	0.314876	0.0924773	0.907523	0.184955	1.81505	0.999163
1505	1	-1815.701	-1815.296	-0.4051327	0.310283	0.0989637	0.901036	0.197927	1.80207	0.9996676
1506	0	-1816.267	-1815.863	-0.4046653	0.317083	0.0988457	0.901154	0.197691	1.80231	0.9992005
1507	1	-1816.865	-1816.46	-0.4051359	0.345841	0.101087	0.898913	0.202175	1.79783	0.9996708
1508	0	-1817.088	-1816.684	-0.4041712	0.322296	0.0967448	0.903255	0.19349	1.80651	0.9987069
1509	1	-1816.68	-1816.275	-0.4052287	0.345683	0.0900803	0.90992	0.180161	1.81984	0.9997636
1510	0	-1815.804	-1815.399	-0.4049991	0.314692	0.0972715	0.902728	0.194543	1.80546	0.9995341
1511	1	-1815.529	-1815.124	-0.4052287	0.311418	0.100624	0.899376	0.201247	1.79875	0.9997636
1512	0	-1815.801	-1815.396	-0.4049151	0.32091	0.09977	0.90023	0.19954	1.80046	0.9994501
1513	1	-1815.924	-1815.519	-0.4052029	0.312889	0.103257	0.896743	0.206514	1.79349	0.9997379
1514	0	-1816.037	-1815.632	-0.4049151	0.314714	0.101099	0.898901	0.202198	1.7978	0.9994501
1515	1	-1814.892	-1814.486	-0.4054428	0.317907	0.0998163	0.900184	0.199633	1.80037	0.9999777
1516	0	-1815.136	-1814.73	-0.4053064	0.319766	0.100096	0.899904	0.200191	1.79981	0.9998413
1517	1	-1818.073	-1817.668	-0.4049484	0.306529	0.108281	0.891719	0.216561	1.78344	0.9994835
1518	0	-1816.17	-1815.766	-0.4046718	0.330452	0.0976628	0.902337	0.195326	1.80467	0.999207
1519	1	-1816.32	-1815.914	-0.40511	0.349566	0.0955918	0.904408	0.191184	1.80882	0.9996449
1520	0	-1816.666	-1816.26	-0.4052512	0.337847	0.103367	0.896633	0.206734	1.79327	0.9997861
1521	1	-1816.532	-1816.127	-0.4048173	0.313325	0.0951033	0.904897	0.190207	1.80979	0.9993524
1522	0	-1820.449	-1820.046	-0.4031373	0.340472	0.0897808	0.910219	0.179562	1.82044	0.9976749
1523	1	-1816.033	-1815.628	-0.4052177	0.322856	0.103702	0.896298	0.207403	1.7926	0.9997526
1524	0	-1817.228	-1816.824	-0.4044427	0.312653	0.0952145	0.904786	0.190429	1.80957	0.9989781
1525	1	-1815.027	-1814.621	-0.4054273	0.313284	0.0988816	0.901118	0.197763	1.80224	0.9999622
1526	0	-1816.362	-1815.957	-0.4050656	0.318294	0.0929434	0.907057	0.185887	1.81411	0.9996006
1527	1	-1815.185	-1814.78	-0.4052883	0.316305	0.0994579	0.900542	0.198916	1.80108	0.9998232
1528	0	-1815.033	-1814.627	-0.4054564	0.31492	0.100898	0.899102	0.201797	1.7982	0.9999913
1529	1	-1815.769	-1815.364	-0.4050259	0.31515	0.0968962	0.903104	0.193792	1.80621	0.9995609
1530	0	-1815.729	-1815.323	-0.4054543	0.304567	0.0967855	0.903214	0.193571	1.80643	0.9999892
1531	1	-1816.767	-1816.362	-0.4053948	0.359173	0.0933733	0.906627	0.186747	1.81325	0.9999297
1532	0	-1815.265	-1814.86	-0.4054543	0.317008	0.102534	0.897466	0.205069	1.79493	0.9999892
1533	1	-1815.72	-1815.315	-0.4054396	0.336371	0.0913017	0.908698	0.182603	1.8174	0.9999744
1534	0	-1815.851	-1815.446	-0.4052451	0.345458	0.0936517	0.906348	0.187303	1.8127	0.99978
1535	1	-1815.674	-1815.268	-0.4054396	0.348555	0.0962923	0.903708	0.192585	1.80742	0.9999744
1536	0	-1815.829	-1815.424	-0.4050431	0.340405	0.0954244	0.904576	0.190849	1.80915	0.9995781
1537	1	-1815.812	-1815.406	-0.4054565	0.313503	0.0934481	0.906552	0.186896	1.8131	0.9999914
1538	0	-1816.116	-1815.712	-0.4047208	0.327312	0.0990885	0.900911	0.198177	1.80182	0.999256
1539	1	-1818.649	-1818.245	-0.4039555	0.317681	0.105074	0.894926	0.210147	1.78985	0.9984915
1540	0	-1816.361	-1815.956	-0.4050637	0.323499	0.0921697	0.90783	0.184339	1.81566	0.9995987
1541	1	-1816.548	-1816.143	-0.4045711	0.31631	0.100432	0.899568	0.200865	1.79914	0.9991064
1542	0	-1816.427	-1816.022	-0.4049918	0.348291	0.0956235	0.904377	0.191247	1.80875	0.9995268
1543	1	-1815.851	-1815.446	-0.4048676	0.321781	0.0994002	0.9006	0.1988	1.8012	0.9994027
1544	0	-1817.196	-1816.791	-0.4049918	0.344129	0.0897025	0.910297	0.179405	1.82059	0.9995268
1545	1	-1815.932	-1815.527	-0.4049123	0.332593	0.0944615	0.905538	0.188923	1.81108	0.9994473
1546	0	-1818.8	-1818.395	-0.4052617	0.27832	0.102533	0.897467	0.205067	1.79493	0.9997966
1547	1	-1818.106	-1817.701	-0.4053525	0.327244	0.0872619	0.912738	0.174524	1.82548	0.9998874
1548	0	-1815.491	-1815.086	-0.4052617	0.329706	0.101029	0.898971	0.202057	1.79794	0.9997966
1549	1	-1817.792	-1817.387	-0.4053525	0.324698	0.0879874	0.912013	0.175975	1.82403	0.9998874
1550	0	-1815.073	-1814.668	-0.4052617	0.326938	0.0980751	0.901925	0.19615	1.80385	0.9997966
1551	1	-1817.608	-1817.204	-0.4045592	0.311744	0.105204	0.894796	0.210408	1.78959	0.9990945
1552	0	-1817.204	-1816.799	-0.4049948	0.330329	0.0897564	0.910244	0.179513	1.82049	0.9995298
1553	1	-1816.801	-1816.397	-0.4045592	0.31166	0.101375	0.898625	0.202749	1.79725	0.9990945
1554	0	-1815.304	-1814.899	-0.4051921	0.327756	0.0993858	0.900614	0.198772	1.80123	0.999727
1555	1	-1816.242	-1815.837	-0.4048113	0.339858	0.0950269	0.904973	0.190054	1.80995	0.9993464
1556	0	-1819.04	-1818.635	-0.4046803	0.295242	0.0938535	0.906146	0.187707	1.81229	0.9992155
1557	1	-1818.081	-1817.676	-0.4050169	0.300631	0.108178	0.891822	0.216356	1.78364	0.9995519
1558	0	-1816.077	-1815.672	-0.4047376	0.319538	0.0977948	0.902205	0.19559	1.80441	0.9992728
1559	1	-1818.089	-1817.683	-0.4051406	0.365517	0.091959	0.908041	0.183918	1.81608	0.9996755
1560	0	-1817.154	-1816.749	-0.4052297	0.346156	0.102355	0.897645	0.20471	1.79529	0.9997646
1561	1	-1817.044	-1816.639	-0.405034	0.329612	0.10489	0.89511	0.20978	1.79022	0.999569
1562	0	-1817.166	-1816.762	-0.4043538	0.311867	0.0968138	0.903186	0.193628	1.80637	0.9988893
1563	1	-1817.134	-1816.729	-0.405257	0.352468	0.0895249	0.910475	0.17905	1.82095	0.9997919
1564	0	-1817.65	-1817.245	-0.4052015	0.312849	0.108422	0.891578	0.216843	1.78316	0.9997364
1565	1	-1816.121	-1815.716	-0.405257	0.336008	0.102178	0.897822	0.204356	1.79564	0.9997919
1566	0	-1819.883	-1819.478	-0.4042444	0.296047	0.0934466	0.906553	0.186893	1.81311	0.9987801
1567	1	-1816.171	-1815.766	-0.405257	0.349559	0.097108	0.902892	0.194216	1.80578	0.9997919
1568	0	-1815.724	-1815.319	-0.4053062	0.344522	0.0977786	0.902221	0.195557	1.80444	0.9998411
1569	1	-1815.48	-1815.075	-0.405257	0.311428	0.100657	0.899343	0.201314	1.79869	0.9997919
1570	0	-1817.705	-1817.3	-0.4053814	0.288011	0.0973909	0.902609	0.194782	1.80522	0.9999163
1571	1	-1815.391	-1814.986	-0.405257	0.317463	0.101251	0.898749	0.202503	1.7975	0.9997919
1572	0	-1817.04	-1816.634	-0.4050716	0.339056	0.103219	0.896781	0.206437	1.79356	0.9996066
1573	1	-1817.521	-1817.116	-0.4049953	0.3587	0.0958366	0.904163	0.191673	1.80833	0.9995303
1574	0	-1817.422	-1817.018	-0.4047118	0.323634	0.105088	0.894912	0.210177	1.78982	0.999247
1575	1	-1819.316	-1818.912	-0.4039343	0.292651	0.100192	0.899808	0.200385	1.79962	0.9984704
1576	0	-1816.063	-1815.658	-0.4048301	0.318087	0.0962952	0.903705	0.19259	1.80741	0.9993652
1577	1	-1815.223	-1814.818	-0.4053566	0.339555	0.096665	0.903335	0.19333	1.80667	0.9998915
1578	0	-1816.618	-1816.214	-0.404782	0.328073	0.102408	0.897592	0.204817	1.79518	0.9993171
1579	1	-1815.425	-1815.019	-0.4053566	0.309046	0.100913	0.899087	0.201825	1.79817	0.9998915
1580	0	-1815.069	-1814.664	-0.4053535	0.315675	0.0985195	0.901481	0.197039	1.80296	0.9998884
1581	1	-1815.278	-1814.873	-0.4053566	0.316007	0.0957758	0.904224	0.191552	1.80845	0.9998915
1582	0	-1814.915	-1814.51	-0.4053535	0.327389	0.0966351	0.903365	0.19327	1.80673	0.9998884
1583	1	-1818.064	-1817.66	-0.4038283	0.331473	0.100622	0.899378	0.201245	1.79876	0.9983646
1584	0	-1818.193	-1817.788	-0.4046976	0.294318	0.105252	0.894748	0.210504	1.7895	0.9992328
1585	1	-1816.782	-1816.377	-0.4049405	0.312203	0.0936352	0.906365	0.18727	1.81273	0.9994755
1586	0	-1815.963	-1815.558	-0.4050284	0.327159	0.101664	0.898336	0.203328	1.79667	0.9995634
1587	1	-1819.513	-1819.109	-0.4039236	0.358622	0.0963806	0.903619	0.192761	1.80724	0.9984597
1588	0	-1816.687	-1816.282	-0.4044754	0.325643	0.100369	0.899631	0.200738	1.79926	0.9990107
1589	1	-1815.201	-1814.796	-0.4053128	0.332804	0.0991443	0.900856	0.198289	1.80171	0.9998477
1590	0	-1815.729	-1815.324	-0.4050107	0.336301	0.0974316	0.902568	0.194863	1.80514	0.9995457
1591	1	-1816.544	-1816.139	-0.4048466	0.304973	0.100252	0.899748	0.200504	1.7995	0.9993817
1592	0	-1816.354	-1815.949	-0.4050384	0.348311	0.0958863	0.904114	0.191773	1.80823	0.9995733
1593	1	-1817.185	-1816.781	-0.4044328	0.337759	0.100025	0.899975	0.20005	1.79995	0.9989682
1594	0	-1817.511	-1817.107	-0.4043094	0.307627	0.096986	0.903014	0.193972	1.80603	0.998845
1595	1	-1816.855	-1816.451	-0.404399	0.316902	0.100516	0.899484	0.201032	1.79897	0.9989345
1596	0	-1815.217	-1814.812	-0.4051859	0.322524	0.0981892	0.901811	0.196378	1.80362	0.9997209
1597	1	-1816.149	-1815.744	-0.4046633	0.323844	0.0981437	0.901856	0.196287	1.80371	0.9991985
1598	0	-1815.053	-1814.648	-0.4053789	0.31575	0.099762	0.900238	0.199524	1.80048	0.9999138
1599	1	-1817.11	-1816.705	-0.4046633	0.346227	0.0924709	0.907529	0.184942	1.81506	0.9991985
1600	0	-1815.169	-1814.764	-0.4053818	0.311936	0.0988943	0.901106	0.197789	1.80221	0.9999167
1601	1	-1820.117	-1819.713	-0.4042009	0.319806	0.0881693	0.911831	0.176339	1.82366	0.9987366
1602	0	-1815.622	-1815.217	-0.4054059	0.308882	0.0958913	0.904109	0.191783	1.80822	0.9999408
1603	1	-1816.516	-1816.111	-0.4049495	0.306346	0.0966134	0.903387	0.193227	1.80677	0.9994845
1604	0	-1817.544	-1817.14	-0.4039308	0.332567	0.0972723	0.902728	0.194545	1.80546	0.9984669
1605	1	-1817.588	-1817.183	-0.4048283	0.346921	0.0896781	0.910322	0.179356	1.82064	0.9993634
1606	0	-1821.037	-1820.634	-0.4026748	0.350553	0.0920553	0.907945	0.184111	1.81589	0.9972136
1607	1	-1816.039	-1815.634	-0.4048432	0.335764	0.0951134	0.904887	0.190227	1.80977	0.9993783
1608	0	-1820.779	-1820.375	-0.4039453	0.336289	0.0864761	0.913524	0.172952	1.82705	0.9984813
1609	1	-1817.82	-1817.415	-0.4050693	0.292362	0.0966779	0.903322	0.193356	1.80664	0.9996042
1610	0	-1818.578	-1818.173	-0.4046983	0.330447	0.10691	0.89309	0.213819	1.78618	0.9992334
1611	1	-1816.456	-1816.051	-0.4049622	0.333229	0.102106	0.897894	0.204212	1.79579	0.9994972
1612	0	-1819.27	-1818.866	-0.4042788	0.319221	0.0894155	0.910585	0.178831	1.82117	0.9988144
1613	1	-1818.375	-1817.971	-0.4035518	0.321217	0.0954401	0.90456	0.19088	1.80912	0.9980886
1614	0	-1817.594	-1817.19	-0.403927	0.319606	0.0967538	0.903246	0.193508	1.80649	0.998463
1615	1	-1815.101	-1814.695	-0.4052933	0.333304	0.0969858	0.903014	0.193972	1.80603	0.9998282
1616	0	-1816.504	-1816.099	-0.4047691	0.343588	0.0962766	0.903723	0.192553	1.80745	0.9993043
1617	1	-1816.11	-1815.705	-0.4050533	0.306437	0.100928	0.899072	0.201856	1.79814	0.9995883
1618	0	-1814.956	-1814.551	-0.405411	0.330063	0.0949436	0.905056	0.189887	1.81011	0.9999459
1619	1	-1815.786	-1815.382	-0.4048798	0.325374	0.0987875	0.901212	0.197575	1.80242	0.9994148
1620	0	-1817.534	-1817.128	-0.405411	0.360302	0.0986758	0.901324	0.197352	1.80265	0.9999459
1621	1	-1817.797	-1817.392	-0.4048798	0.349135	0.0891032	0.910897	0.178206	1.82179	0.9994148
1622	0	-1820.195	-1819.79	-0.4046527	0.368023	0.0877171	0.912283	0.175434	1.82457	0.9991879
1623	1	-1815.735	-1815.329	-0.4054442	0.321891	0.104141	0.895859	0.208282	1.79172	0.9999791
1624	0	-1815.808	-1815.403	-0.4052927	0.310118	0.0955218	0.904478	0.191044	1.80896	0.9998276
1625	1	-1815.833	-1815.427	-0.4053607	0.302096	0.100646	0.899354	0.201293	1.79871	0.9998956
1626	0	-1818.185	-1817.78	-0.4052927	0.32802	0.108602	0.891398	0.217203	1.7828	0.9998276
1627	1	-1815.177	-1814.771	-0.4054071	0.332579	0.100159	0.899841	0.200319	1.79968	0.999942
1628	0	-1815.774	-1815.369	-0.4050244	0.334565	0.0943131	0.905687	0.188626	1.81137	0.9995594
1629	1	-1817.05	-1816.644	-0.4054225	0.289247	0.100106	0.899894	0.200212	1.79979	0.9999574
1630	0	-1815.813	-1815.408	-0.4050244	0.334634	0.0940497	0.90595	0.188099	1.8119	0.9995594
1631	1	-1815.659	-1815.254	-0.4054225	0.310738	0.0949431	0.905057	0.189886	1.81011	0.9999574
1632	0	-1816.621	-1816.216	-0.4050244	0.336755	0.102267	0.897733	0.204535	1.79547	0.9995594
1633	1	-1816.387	-1815.982	-0.4049213	0.3291	0.0923551	0.907645	0.18471	1.81529	0.9994563
1634	0	-1815.343	-1814.938	-0.4051488	0.326684	0.0958138	0.904186	0.191628	1.80837	0.9996838
1635	1	-1815.964	-1815.559	-0.4047708	0.32795	0.0966988	0.903301	0.193398	1.8066	0.999306
1636	0	-1819.028	-1818.623	-0.4052955	0.2988	0.111387	0.888613	0.222775	1.77723	0.9998304
1637	1	-1817.843	-1817.439	-0.4043505	0.324989	0.104286	0.895714	0.208572	1.79143	0.9988861
1638	0	-1815.664	-1815.258	-0.4053316	0.306164	0.101441	0.898559	0.202882	1.79712	0.9998665
1639	1	-1819.757	-1819.353	-0.4035591	0.330014	0.0898663	0.910134	0.179733	1.82027	0.9980958
1640	0	-1814.957	-1814.551	-0.4053316	0.322293	0.0981836	0.901816	0.196367	1.80363	0.9998665
1641	1	-1815.776	-1815.371	-0.405013	0.331147	0.0942405	0.90576	0.188481	1.81152	0.999548
1642	0	-1816.755	-1816.35	-0.4047691	0.330745	0.1024	0.8976	0.204801	1.7952	0.9993042
1643	1	-1815.886	-1815.481	-0.4052639	0.345247	0.0979805	0.90202	0.195961	1.80404	0.9997988
1644	0	-1815.263	-1814.858	-0.4052573	0.315129	0.0984333	0.901567	0.196867	1.80313	0.9997922
1645	1	-1816.017	-1815.612	-0.4053159	0.347639	0.0980711	0.901929	0.196142	1.80386	0.9998508
1646	0	-1815.032	-1814.627	-0.4054186	0.319813	0.0955893	0.904411	0.191179	1.80882	0.9999535
1647	1	-1815.792	-1815.387	-0.4049454	0.319423	0.100113	0.899887	0.200226	1.79977	0.9994804
1648	0	-1816.358	-1815.953	-0.4049398	0.346194	0.0955557	0.904444	0.191111	1.80889	0.9994749
1649	1	-1815.931	-1815.526	-0.4049454	0.328466	0.0941183	0.905882	0.188237	1.81176	0.9994804
1650	0	-1816.538	-1816.134	-0.4045019	0.333757	0.0967459	0.903254	0.193492	1.80651	0.9990373
1651	1	-1815.704	-1815.299	-0.4049454	0.324137	0.0961833	0.903817	0.192367	1.80763	0.9994804
1652	0	-1819.763	-1819.36	-0.4030382	0.322904	0.102963	0.897037	0.205926	1.79407	0.9975761
1653	1	-1819.928	-1819.525	-0.4028719	0.323178	0.102395	0.897605	0.20479	1.79521	0.9974102
1654	0	-1818.369	-1817.965	-0.4034989	0.334458	0.0964898	0.90351	0.19298	1.80702	0.9980357
1655	1	-1816.496	-1816.091	-0.4048681	0.311692	0.102974	0.897026	0.205949	1.79405	0.9994032
1656	0	-1819.742	-1819.338	-0.4035357	0.343929	0.0899166	0.910083	0.179833	1.82017	0.9980724
1657	1	-1822.005	-1821.601	-0.40347	0.352569	0.0859885	0.914011	0.171977	1.82802	0.9980069
1658	0	-1814.961	-1814.556	-0.4054217	0.316122	0.0996836	0.900316	0.199367	1.80063	0.9999566
1659	1	-1817.439	-1817.034	-0.4051492	0.323284	0.107115	0.892885	0.21423	1.78577	0.9996842
1660	0	-1817.1	-1816.695	-0.4052285	0.357508	0.091389	0.908611	0.182778	1.81722	0.9997634
1661	1	-1817.333	-1816.929	-0.404166	0.330741	0.0940649	0.905935	0.18813	1.81187	0.9987017
1662	0	-1817.437	-1817.033	-0.4043022	0.318038	0.0940392	0.905961	0.188078	1.81192	0.9988377
1663	1	-1817.202	-1816.798	-0.404166	0.321713	0.100276	0.899724	0.200553	1.79945	0.9987017
1664	0	-1816.847	-1816.442	-0.4043022	0.32992	0.0981204	0.90188	0.196241	1.80376	0.9988377
1665	1	-1816.763	-1816.358	-0.4050686	0.335631	0.0902502	0.90975	0.1805	1.8195	0.9996035
1666	0	-1816.942	-1816.537	-0.4052639	0.292658	0.102543	0.897457	0.205085	1.79491	0.9997988
1667	1	-1818.286	-1817.881	-0.4047208	0.347606	0.102472	0.897528	0.204943	1.79506	0.999256
1668	0	-1815.781	-1815.376	-0.4052087	0.31211	0.102492	0.897508	0.204985	1.79502	0.9997436
1669	1	-1818.018	-1817.614	-0.4039832	0.306135	0.0996198	0.90038	0.19924	1.80076	0.9985192
1670	0	-1816.629	-1816.224	-0.4049325	0.32768	0.0916466	0.908353	0.183293	1.81671	0.9994675
1671	1	-1816.507	-1816.102	-0.4053674	0.332233	0.0896991	0.910301	0.179398	1.8206	0.9999023
1672	0	-1817.874	-1817.469	-0.4042639	0.308979	0.095003	0.904997	0.190006	1.80999	0.9987995
1673	1	-1815.298	-1814.893	-0.4052934	0.33887	0.0958671	0.904133	0.191734	1.80827	0.9998283
1674	0	-1818.103	-1817.699	-0.4041244	0.302494	0.101825	0.898175	0.203649	1.79635	0.9986602
1675	1	-1815.782	-1815.377	-0.4052934	0.324389	0.0925668	0.907433	0.185134	1.81487	0.9998283
1676	0	-1816.937	-1816.532	-0.405246	0.351831	0.0996638	0.900336	0.199328	1.80067	0.9997809
1677	1	-1818.574	-1818.168	-0.4051075	0.311855	0.089207	0.910793	0.178414	1.82159	0.9996425
1678	0	-1817.378	-1816.973	-0.405246	0.288925	0.100634	0.899366	0.201267	1.79873	0.9997809
1679	1	-1822.562	-1822.16	-0.4021737	0.306887	0.0928096	0.90719	0.185619	1.81438	0.996714
1680	0	-1816.781	-1816.376	-0.405246	0.336592	0.10393	0.89607	0.207861	1.79214	0.9997809
1681	1	-1816.134	-1815.73	-0.4047964	0.333842	0.098828	0.901172	0.197656	1.80234	0.9993315
1682	0	-1815.054	-1814.649	-0.4054458	0.315965	0.101107	0.898893	0.202213	1.79779	0.9999807
1683	1	-1816.492	-1816.087	-0.4050341	0.342733	0.0915547	0.908445	0.183109	1.81689	0.9995691
1684	0	-1816.801	-1816.396	-0.4054458	0.331751	0.0888322	0.911168	0.177664	1.82234	0.9999807
1685	1	-1815.487	-1815.082	-0.4052434	0.319601	0.0948313	0.905169	0.189663	1.81034	0.9997783
1686	0	-1814.949	-1814.543	-0.405391	0.317429	0.098783	0.901217	0.197566	1.80243	0.9999259
1687	1	-1816.745	-1816.34	-0.4053744	0.292317	0.100416	0.899584	0.200832	1.79917	0.9999093
1688	0	-1816.875	-1816.469	-0.4054057	0.296122	0.0960735	0.903927	0.192147	1.80785	0.9999406
1689	1	-1815.473	-1815.068	-0.4053744	0.311699	0.102376	0.897624	0.204751	1.79525	0.9999093
1690	0	-1815.57	-1815.165	-0.4053548	0.328791	0.102245	0.897755	0.204489	1.79551	0.9998897
1691	1	-1816.258	-1815.853	-0.4053668	0.300607	0.103852	0.896148	0.207703	1.7923	0.9999016
1692	0	-1815.762	-1815.358	-0.4048995	0.328369	0.0984709	0.901529	0.196942	1.80306	0.9994345
1693	1	-1816.77	-1816.365	-0.4046502	0.341266	0.0985446	0.901455	0.197089	1.80291	0.9991854
1694	0	-1816.707	-1816.303	-0.4048164	0.34578	0.0931182	0.906882	0.186236	1.81376	0.9993515
1695	1	-1815.085	-1814.679	-0.4052897	0.331458	0.0978226	0.902177	0.195645	1.80435	0.9998246
1696	0	-1817.126	-1816.721	-0.4049189	0.314823	0.105773	0.894227	0.211545	1.78845	0.9994539
1697	1	-1816.482	-1816.078	-0.4045063	0.319888	0.0983643	0.901636	0.196729	1.80327	0.9990416
1698	0	-1816.836	-1816.43	-0.4054037	0.357538	0.0972546	0.902745	0.194509	1.80549	0.9999386
1699	1	-1815.371	-1814.965	-0.4053163	0.323379	0.101711	0.898289	0.203421	1.79658	0.9998512
1700	0	-1815.205	-1814.8	-0.4052158	0.323421	0.0964531	0.903547	0.192906	1.80709	0.9997507
1701	1	-1815.679	-1815.273	-0.4053879	0.325083	0.103332	0.896668	0.206663	1.79334	0.9999228
1702	0	-1815.637	-1815.233	-0.4049618	0.321252	0.097816	0.902184	0.195632	1.80437	0.9994968
1703	1	-1815.82	-1815.415	-0.4053879	0.315803	0.0933049	0.906695	0.18661	1.81339	0.9999228
1704	0	-1821.469	-1821.067	-0.4017912	0.320639	0.0962609	0.903739	0.192522	1.80748	0.9963329
1705	1	-1817.924	-1817.52	-0.4039064	0.316378	0.0954934	0.904507	0.190987	1.80901	0.9984425
1706	0	-1818.055	-1817.652	-0.4037336	0.313927	0.0987309	0.901269	0.197462	1.80254	0.99827
1707	1	-1815.994	-1815.589	-0.4053887	0.300773	0.102351	0.897649	0.204703	1.7953	0.9999236
1708	0	-1816.122	-1815.717	-0.4049531	0.336357	0.0998159	0.900184	0.199632	1.80037	0.9994881
1709	1	-1814.894	-1814.489	-0.4053887	0.330299	0.0981017	0.901898	0.196203	1.8038	0.9999236
1710	0	-1815.085	-1814.68	-0.4053871	0.322861	0.100861	0.899139	0.201723	1.79828	0.999922
1711	1	-1815.729	-1815.324	-0.4053787	0.309815	0.0952797	0.90472	0.190559	1.80944	0.9999136
1712	0	-1816.055	-1815.65	-0.404767	0.333501	0.0965111	0.903489	0.193022	1.80698	0.9993022
1713	1	-1815.813	-1815.408	-0.4053787	0.315745	0.0933935	0.906607	0.186787	1.81321	0.9999136
1714	0	-1817.909	-1817.503	-0.4054314	0.361943	0.0884313	0.911569	0.176863	1.82314	0.9999663
1715	1	-1817.023	-1816.619	-0.404483	0.339075	0.0931879	0.906812	0.186376	1.81362	0.9990184
1716	0	-1815.149	-1814.744	-0.4053676	0.331801	0.0997492	0.900251	0.199498	1.8005	0.9999025
1717	1	-1820.043	-1819.639	-0.4044659	0.312191	0.100325	0.899675	0.20065	1.79935	0.9990013
1718	0	-1815.793	-1815.388	-0.4049759	0.336416	0.0973673	0.902633	0.194735	1.80527	0.9995109
1719	1	-1815.669	-1815.264	-0.4049726	0.318816	0.0979118	0.902088	0.195824	1.80418	0.9995076
1720	0	-1815.765	-1815.36	-0.4049759	0.336045	0.0958671	0.904133	0.191734	1.80827	0.9995109
1721	1	-1816.657	-1816.252	-0.4046504	0.311689	0.0966952	0.903305	0.19339	1.80661	0.9991857
1722	0	-1816.124	-1815.719	-0.4049759	0.311983	0.102004	0.897996	0.204007	1.79599	0.9995109
1723	1	-1815.828	-1815.422	-0.4052407	0.316671	0.0940096	0.90599	0.188019	1.81198	0.9997756
1724	0	-1816.627	-1816.222	-0.4054461	0.29293	0.0992206	0.900779	0.198441	1.80156	0.999981
1725	1	-1814.937	-1814.532	-0.4053635	0.331767	0.0969765	0.903023	0.193953	1.80605	0.9998984
1726	0	-1815.063	-1814.657	-0.4054643	0.320636	0.101619	0.898381	0.203238	1.79676	0.9999992
1727	1	-1815.185	-1814.78	-0.4053635	0.334861	0.0990613	0.900939	0.198123	1.80188	0.9998984
1728	0	-1814.894	-1814.489	-0.4053907	0.328424	0.0986982	0.901302	0.197396	1.8026	0.9999256
1729	1	-1816.849	-1816.444	-0.4043558	0.335315	0.0966539	0.903346	0.193308	1.80669	0.9988913
1730	0	-1814.915	-1814.51	-0.4054067	0.326011	0.0996172	0.900383	0.199234	1.80077	0.9999416
1731	1	-1816.537	-1816.133	-0.4044946	0.332447	0.0960382	0.903962	0.192076	1.80792	0.99903
1732	0	-1814.977	-1814.572	-0.4054067	0.319963	0.0961241	0.903876	0.192248	1.80775	0.9999416
1733	1	-1816.853	-1816.448	-0.4050354	0.325639	0.0907737	0.909226	0.181547	1.81845	0.9995704
1734	0	-1815.384	-1814.979	-0.4053474	0.323079	0.102064	0.897936	0.204128	1.79587	0.9998823
1735	1	-1817.292	-1816.887	-0.4050334	0.315249	0.106782	0.893218	0.213563	1.78644	0.9995684
1736	0	-1815.583	-1815.178	-0.405172	0.318908	0.101574	0.898426	0.203148	1.79685	0.9997069
1737	1	-1815.458	-1815.052	-0.4054161	0.324083	0.0929497	0.90705	0.185899	1.8141	0.999951
1738	0	-1817.684	-1817.279	-0.4045051	0.348798	0.0985801	0.90142	0.19716	1.80284	0.9990404
1739	1	-1815.491	-1815.086	-0.4052963	0.342683	0.0953939	0.904606	0.190788	1.80921	0.9998312
1740	0	-1815.546	-1815.141	-0.4051517	0.32311	0.0947488	0.905251	0.189498	1.8105	0.9996866
1741	1	-1816.207	-1815.802	-0.4054196	0.352677	0.0971721	0.902828	0.194344	1.80566	0.9999545
1742	0	-1818.108	-1817.703	-0.4051517	0.313697	0.109192	0.890808	0.218385	1.78162	0.9996866
1743	1	-1815.509	-1815.104	-0.4054196	0.322295	0.0929886	0.907011	0.185977	1.81402	0.9999545
1744	0	-1818.28	-1817.875	-0.4049121	0.348716	0.102983	0.897017	0.205966	1.79403	0.9994472
1745	1	-1816.588	-1816.183	-0.4049006	0.306577	0.102786	0.897214	0.205572	1.79443	0.9994357
1746	0	-1818.756	-1818.353	-0.4033508	0.332762	0.0944281	0.905572	0.188856	1.81114	0.9978879
1747	1	-1815.846	-1815.441	-0.4052895	0.31734	0.0934889	0.906511	0.186978	1.81302	0.9998244
1748	0	-1816.466	-1816.062	-0.4047564	0.342446	0.0949654	0.905035	0.189931	1.81007	0.9992915
1749	1	-1815.576	-1815.171	-0.4050077	0.321727	0.0990525	0.900948	0.198105	1.8019	0.9995427
1750	0	-1821.631	-1821.226	-0.4050304	0.265754	0.106976	0.893024	0.213953	1.78605	0.9995654
1751	1	-1815.752	-1815.346	-0.4052592	0.307934	0.0971593	0.902841	0.194319	1.80568	0.9997941
1752	0	-1818.942	-1818.537	-0.4051634	0.282239	0.107036	0.892964	0.214072	1.78593	0.9996984
1753	1	-1815.004	-1814.598	-0.4052967	0.324003	0.0979725	0.902028	0.195945	1.80406	0.9998316
1754	0	-1816.663	-1816.258	-0.4050059	0.331767	0.0909233	0.909077	0.181847	1.81815	0.9995409
1755	1	-1815.94	-1815.535	-0.4053461	0.312886	0.104383	0.895617	0.208766	1.79123	0.999881
1756	0	-1816.781	-1816.375	-0.4051772	0.325466	0.105425	0.894575	0.210849	1.78915	0.9997121
1757	1	-1817.02	-1816.615	-0.4053711	0.334731	0.105433	0.894567	0.210867	1.78913	0.999906
1758	0	-1816.187	-1815.783	-0.4046825	0.332214	0.0962022	0.903798	0.192404	1.8076	0.9992177
1759	1	-1818.207	-1817.801	-0.4053711	0.299582	0.109969	0.890031	0.219937	1.78006	0.999906
1760	0	-1817.483	-1817.079	-0.4045393	0.306167	0.103989	0.896011	0.207978	1.79202	0.9990746
1761	1	-1816.28	-1815.875	-0.4050762	0.341497	0.0919485	0.908052	0.183897	1.8161	0.9996112
1762	0	-1818.627	-1818.222	-0.4044218	0.358015	0.0912619	0.908738	0.182524	1.81748	0.9989572
1763	1	-1816.317	-1815.912	-0.4053888	0.339261	0.102743	0.897257	0.205487	1.79451	0.9999237
1764	0	-1822.862	-1822.458	-0.4044624	0.358006	0.0825704	0.91743	0.165141	1.83486	0.9989977
1765	1	-1815.6	-1815.195	-0.4050488	0.325657	0.0999901	0.90001	0.19998	1.80002	0.9995837
1766	0	-1818.802	-1818.398	-0.4034411	0.312172	0.101371	0.898629	0.202743	1.79726	0.997978
1767	1	-1818.427	-1818.022	-0.4050488	0.333611	0.0871523	0.912848	0.174305	1.8257	0.9995837
1768	0	-1815.738	-1815.333	-0.4051914	0.340648	0.0935431	0.906457	0.187086	1.81291	0.9997264
1769	1	-1816.621	-1816.216	-0.4044528	0.333518	0.0965995	0.9034	0.193199	1.8068	0.9989883
1770	0	-1820.036	-1819.633	-0.4027794	0.341484	0.0943037	0.905696	0.188607	1.81139	0.9973179
1771	1	-1818.238	-1817.835	-0.403811	0.337684	0.0930009	0.906999	0.186002	1.814	0.9983473
1772	0	-1820.743	-1820.341	-0.4027303	0.348215	0.0923021	0.907698	0.184604	1.8154	0.9972689
1773	1	-1816.849	-1816.444	-0.4051281	0.346164	0.100874	0.899126	0.201748	1.79825	0.9996631
1774	0	-1816.988	-1816.584	-0.4046695	0.309709	0.103365	0.896635	0.206729	1.79327	0.9992047
1775	1	-1817.227	-1816.823	-0.4046553	0.315358	0.0931321	0.906868	0.186264	1.81374	0.9991905
1776	0	-1816.292	-1815.887	-0.4050484	0.320288	0.09292	0.90708	0.18584	1.81416	0.9995834
1777	1	-1817.714	-1817.309	-0.404418	0.31584	0.0928615	0.907138	0.185723	1.81428	0.9989534
1778	0	-1817.35	-1816.945	-0.4048358	0.320639	0.105747	0.894253	0.211495	1.78851	0.9993709
1779	1	-1819.033	-1818.629	-0.4041966	0.349207	0.101379	0.898621	0.202758	1.79724	0.9987323
1780	0	-1816.215	-1815.81	-0.4048213	0.311223	0.0989015	0.901098	0.197803	1.8022	0.9993564
1781	1	-1815.208	-1814.803	-0.4053024	0.322759	0.100669	0.899331	0.201338	1.79866	0.9998373
1782	0	-1818.6	-1818.196	-0.4039356	0.341706	0.0910076	0.908992	0.182015	1.81798	0.9984716
1783	1	-1815.613	-1815.208	-0.4053024	0.343214	0.0976135	0.902387	0.195227	1.80477	0.9998373
1784	0	-1816.194	-1815.789	-0.4053344	0.326994	0.104417	0.895583	0.208835	1.79117	0.9998693
1785	1	-1816.412	-1816.007	-0.405115	0.320325	0.0921994	0.907801	0.184399	1.8156	0.99965
1786	0	-1815.061	-1814.656	-0.4053344	0.320518	0.0999162	0.900084	0.199832	1.80017	0.9998693
1787	1	-1815.34	-1814.935	-0.405115	0.322876	0.0980633	0.901937	0.196127	1.80387	0.99965
1788	0	-1815.485	-1815.08	-0.4051856	0.324025	0.10101	0.89899	0.202021	1.79798	0.9997205
1789	1	-1817.505	-1817.1	-0.4049876	0.335976	0.104706	0.895294	0.209412	1.79059	0.9995226
1790	0	-1816.28	-1815.875	-0.4048501	0.313473	0.0960821	0.903918	0.192164	1.80784	0.9993852
1791	1	-1816.634	-1816.229	-0.4049494	0.30202	0.101662	0.898338	0.203325	1.79668	0.9994845
1792	0	-1817.08	-1816.676	-0.4042777	0.337527	0.0957043	0.904296	0.191409	1.80859	0.9988133
1793	1	-1816.53	-1816.125	-0.4049494	0.334301	0.0915325	0.908467	0.183065	1.81693	0.9994845
1794	0	-1818.198	-1817.794	-0.4044971	0.293747	0.0997804	0.90022	0.199561	1.80044	0.9990325
1795	1	-1816.217	-1815.812	-0.4053158	0.313612	0.0929709	0.907029	0.185942	1.81406	0.9998507
1796	0	-1817.411	-1817.007	-0.4043551	0.333974	0.0921836	0.907816	0.184367	1.81563	0.9988906
1797	1	-1815.222	-1814.817	-0.4053769	0.333385	0.0936967	0.906303	0.187393	1.81261	0.9999118
1798	0	-1816.001	-1815.597	-0.4047607	0.329347	0.0979691	0.902031	0.195938	1.80406	0.9992959
1799	1	-1815.87	-1815.466	-0.4048169	0.326084	0.0980895	0.90191	0.196179	1.80382	0.999352
1800	0	-1816.614	-1816.21	-0.4045036	0.332726	0.0949077	0.905092	0.189815	1.81018	0.9990389
1801	1	-1817.728	-1817.323	-0.4042072	0.323196	0.103223	0.896777	0.206446	1.79355	0.9987429
1802	0	-1815.049	-1814.644	-0.4053738	0.317569	0.0967992	0.903201	0.193598	1.8064	0.9999087
1803	1	-1814.969	-1814.564	-0.405374	0.319948	0.0968169	0.903183	0.193634	1.80637	0.9999089
1804	0	-1815.756	-1815.351	-0.4053738	0.348395	0.0943659	0.905634	0.188732	1.81127	0.9999087
1805	1	-1818.351	-1817.946	-0.4048031	0.296114	0.0947853	0.905215	0.189571	1.81043	0.9993382
1806	0	-1818.02	-1817.615	-0.4050426	0.350118	0.10247	0.89753	0.204941	1.79506	0.9995775
1807	1	-1814.975	-1814.57	-0.4054543	0.31434	0.0975976	0.902402	0.195195	1.8048	0.9999892
1808	0	-1818.694	-1818.288	-0.4054424	0.297822	0.111176	0.888824	0.222351	1.77765	0.9999773
1809	1	-1815.109	-1814.703	-0.4054215	0.315535	0.0962903	0.90371	0.192581	1.80742	0.9999564
1810	0	-1816.808	-1816.402	-0.4054424	0.302166	0.106904	0.893096	0.213809	1.78619	0.9999773
1811	1	-1815.333	-1814.928	-0.4053701	0.340697	0.094228	0.905772	0.188456	1.81154	0.999905
1812	0	-1814.739	-1814.334	-0.4054424	0.326067	0.097961	0.902039	0.195922	1.80408	0.9999773
1813	1	-1818.902	-1818.496	-0.4053014	0.342807	0.0854681	0.914532	0.170936	1.82906	0.9998363
1814	0	-1816.186	-1815.781	-0.4054424	0.354445	0.0954765	0.904524	0.190953	1.80905	0.9999773
1815	1	-1815.664	-1815.259	-0.405034	0.321456	0.0956446	0.904355	0.191289	1.80871	0.999569
1816	0	-1815.549	-1815.144	-0.4051562	0.336181	0.0944636	0.905536	0.188927	1.81107	0.9996912
1817	1	-1815.383	-1814.978	-0.4050838	0.326818	0.0975478	0.902452	0.195096	1.8049	0.9996187
1818	0	-1816.147	-1815.741	-0.4052709	0.316326	0.0928475	0.907152	0.185695	1.8143	0.9998058
1819	1	-1815.281	-1814.876	-0.405269	0.314131	0.0991994	0.900801	0.198399	1.8016	0.9998039
1820	0	-1816.2	-1815.795	-0.4052709	0.305297	0.103983	0.896017	0.207965	1.79203	0.9998058
1821	1	-1815.743	-1815.338	-0.405269	0.345076	0.0940969	0.905903	0.188194	1.81181	0.9998039
1822	0	-1815.2	-1814.795	-0.40534	0.33786	0.0952104	0.90479	0.190421	1.80958	0.9998749
1823	1	-1815.092	-1814.687	-0.405269	0.326164	0.0988134	0.901187	0.197627	1.80237	0.9998039
1824	0	-1816.659	-1816.254	-0.4052191	0.35512	0.0933821	0.906618	0.186764	1.81324	0.999754
1825	1	-1815.813	-1815.407	-0.405269	0.327136	0.0923287	0.907671	0.184657	1.81534	0.9998039
1826	0	-1820.852	-1820.447	-0.4049207	0.362752	0.103682	0.896318	0.207363	1.79264	0.9994558
1827	1	-1815.244	-1814.838	-0.4054007	0.341694	0.0959382	0.904062	0.191876	1.80812	0.9999356
1828	0	-1817.14	-1816.736	-0.4046748	0.325271	0.0917429	0.908257	0.183486	1.81651	0.99921
1829	1	-1815.826	-1815.421	-0.4049312	0.324244	0.100218	0.899782	0.200436	1.79956	0.9994662
1830	0	-1815.61	-1815.205	-0.4053282	0.308169	0.101838	0.898162	0.203676	1.79632	0.9998631
1831	1	-1815.656	-1815.251	-0.405155	0.33551	0.0994914	0.900509	0.198983	1.80102	0.99969
1832	0	-1815.813	-1815.408	-0.4051193	0.340051	0.0983282	0.901672	0.196656	1.80334	0.9996542
1833	1	-1817.199	-1816.795	-0.4045754	0.330873	0.102711	0.897289	0.205422	1.79458	0.9991107
1834	0	-1818.024	-1817.62	-0.4036317	0.327109	0.0965755	0.903424	0.193151	1.80685	0.9981683
1835	1	-1815.921	-1815.516	-0.4051787	0.334797	0.0922036	0.907796	0.184407	1.81559	0.9997136
1836	0	-1817.295	-1816.891	-0.4044336	0.304867	0.0994377	0.900562	0.198875	1.80112	0.9989691
1837	1	-1815.332	-1814.926	-0.4051787	0.322757	0.0998802	0.90012	0.19976	1.80024	0.9997136
1838	0	-1816.222	-1815.817	-0.4047338	0.32507	0.0949399	0.90506	0.18988	1.81012	0.999269
1839	1	-1815.49	-1815.085	-0.4052832	0.338704	0.0936744	0.906326	0.187349	1.81265	0.9998181
1840	0	-1816.401	-1815.996	-0.4046482	0.336901	0.0972866	0.902713	0.194573	1.80543	0.9991834
1841	1	-1815.807	-1815.402	-0.4049643	0.319295	0.0960406	0.903959	0.192081	1.80792	0.9994994
1842	0	-1814.702	-1814.297	-0.4054636	0.326046	0.0980125	0.901987	0.196025	1.80397	0.9999985
1843	1	-1815.653	-1815.248	-0.4053393	0.345753	0.0966933	0.903307	0.193387	1.80661	0.9998742
1844	0	-1814.867	-1814.462	-0.4054636	0.332957	0.0985348	0.901465	0.19707	1.80293	0.9999985
1845	1	-1814.955	-1814.55	-0.4053393	0.326759	0.0985687	0.901431	0.197137	1.80286	0.9998742
1846	0	-1815.194	-1814.789	-0.4054636	0.322801	0.102171	0.897829	0.204342	1.79566	0.9999985
1847	1	-1815.049	-1814.643	-0.4053393	0.331898	0.095399	0.904601	0.190798	1.8092	0.9998742
1848	0	-1816.63	-1816.224	-0.4054636	0.31742	0.0906402	0.90936	0.18128	1.81872	0.9999985
1849	1	-1816.524	-1816.119	-0.4052782	0.347944	0.100002	0.899998	0.200003	1.8	0.9998131
1850	0	-1818.264	-1817.859	-0.4046694	0.360618	0.0946889	0.905311	0.189378	1.81062	0.9992046
1851	1	-1816.689	-1816.284	-0.4052782	0.304887	0.105905	0.894095	0.211811	1.78819	0.9998131
1852	0	-1814.727	-1814.321	-0.4054519	0.326383	0.0969391	0.903061	0.193878	1.80612	0.9999868
1853	1	-1817.77	-1817.365	-0.4047625	0.293325	0.0997483	0.900252	0.199497	1.8005	0.9992976
1854	0	-1816.878	-1816.473	-0.4052389	0.357178	0.09269	0.90731	0.18538	1.81462	0.9997738
1855	1	-1815.524	-1815.119	-0.4051012	0.318716	0.100166	0.899834	0.200331	1.79967	0.9996362
1856	0	-1815.261	-1814.856	-0.4053771	0.33879	0.0982381	0.901762	0.196476	1.80352	0.999912
1857	1	-1815.578	-1815.172	-0.40525	0.31402	0.102003	0.897997	0.204005	1.79599	0.9997849
1858	0	-1815.638	-1815.233	-0.4053215	0.323089	0.102932	0.897068	0.205863	1.79414	0.9998564
1859	1	-1815.203	-1814.798	-0.40525	0.322499	0.0998858	0.900114	0.199772	1.80023	0.9997849
1860	0	-1815.669	-1815.264	-0.4049738	0.319848	0.0971796	0.90282	0.194359	1.80564	0.9995088
1861	1	-1815.838	-1815.433	-0.4051367	0.315873	0.0949412	0.905059	0.189882	1.81012	0.9996717
1862	0	-1817.546	-1817.141	-0.4045209	0.34536	0.0996532	0.900347	0.199306	1.80069	0.9990563
1863	1	-1815.665	-1815.26	-0.4051775	0.342014	0.0955943	0.904406	0.191189	1.80881	0.9997124
1864	0	-1816.143	-1815.738	-0.4049973	0.311369	0.0960953	0.903905	0.192191	1.80781	0.9995323
1865	1	-1816.498	-1816.092	-0.4053231	0.355039	0.092929	0.907071	0.185858	1.81414	0.999858
1866	0	-1817.226	-1816.822	-0.4047668	0.334842	0.103132	0.896868	0.206264	1.79374	0.9993019
1867	1	-1815.784	-1815.379	-0.4053936	0.349344	0.0946273	0.905373	0.189255	1.81075	0.9999285
1868	0	-1816.443	-1816.038	-0.4048232	0.30733	0.0987657	0.901234	0.197531	1.80247	0.9993583
1869	1	-1815.804	-1815.399	-0.4050964	0.335153	0.0998476	0.900152	0.199695	1.8003	0.9996314
1870	0	-1815.29	-1814.884	-0.4053311	0.326075	0.0940293	0.905971	0.188059	1.81194	0.999866
1871	1	-1815.762	-1815.357	-0.4048934	0.327225	0.0985365	0.901463	0.197073	1.80293	0.9994284
1872	0	-1817.23	-1816.825	-0.4051106	0.295477	0.097187	0.902813	0.194374	1.80563	0.9996455
1873	1	-1816.255	-1815.849	-0.4050585	0.329294	0.102718	0.897282	0.205436	1.79456	0.9995934
1874	0	-1815.747	-1815.342	-0.4054045	0.346949	0.0928759	0.907124	0.185752	1.81425	0.9999394
1875	1	-1815.821	-1815.415	-0.4053877	0.306968	0.0958414	0.904159	0.191683	1.80832	0.9999226
1876	0	-1818.674	-1818.27	-0.4040691	0.354371	0.0957333	0.904267	0.191467	1.80853	0.9986049
1877	1	-1816.167	-1815.762	-0.4053877	0.338457	0.0903047	0.909695	0.180609	1.81939	0.9999226
1878	0	-1815.993	-1815.588	-0.4053033	0.335282	0.0912112	0.908789	0.182422	1.81758	0.9998382
1879	1	-1815.42	-1815.014	-0.4053877	0.309204	0.10152	0.89848	0.20304	1.79696	0.9999226
1880	0	-1816.229	-1815.824	-0.4052113	0.336626	0.0910049	0.908995	0.18201	1.81799	0.9997462
1881	1	-1816.269	-1815.864	-0.4053877	0.353756	0.0928919	0.907108	0.185784	1.81422	0.9999226
1882	0	-1819.672	-1819.268	-0.4033385	0.303828	0.096475	0.903525	0.19295	1.80705	0.9978756
1883	1	-1815.828	-1815.423	-0.4053877	0.349473	0.0940469	0.905953	0.188094	1.81191	0.9999226
1884	0	-1814.984	-1814.579	-0.4053535	0.326762	0.0957021	0.904298	0.191404	1.8086	0.9998884
1885	1	-1818.841	-1818.437	-0.4041203	0.333298	0.104653	0.895347	0.209307	1.79069	0.9986561
1886	0	-1817.266	-1816.86	-0.4053323	0.302226	0.107671	0.892329	0.215343	1.78466	0.9998672
1887	1	-1819.263	-1818.859	-0.404145	0.339264	0.104562	0.895438	0.209123	1.79088	0.9986807
1888	0	-1817.499	-1817.094	-0.4051189	0.307771	0.0919834	0.908017	0.183967	1.81603	0.9996539
1889	1	-1820.563	-1820.159	-0.4034505	0.361519	0.0932004	0.9068	0.186401	1.8136	0.9979874
1890	0	-1815.479	-1815.073	-0.405419	0.344896	0.0939176	0.906082	0.187835	1.81216	0.9999539
1891	1	-1816.376	-1815.97	-0.4052202	0.337881	0.0905519	0.909448	0.181104	1.8189	0.9997551
1892	0	-1815.965	-1815.56	-0.4054445	0.301042	0.0974773	0.902523	0.194955	1.80505	0.9999794
1893	1	-1816.419	-1816.013	-0.4051593	0.299481	0.101075	0.898925	0.202151	1.79785	0.9996942
1894	0	-1815.094	-1814.688	-0.4053613	0.334267	0.0984611	0.901539	0.196922	1.80308	0.9998962
1895	1	-1818.503	-1818.099	-0.4041544	0.30217	0.104605	0.895395	0.20921	1.79079	0.9986902
1896	0	-1816.898	-1816.493	-0.404639	0.332644	0.101697	0.898303	0.203394	1.79661	0.9991743
1897	1	-1816.735	-1816.331	-0.4046659	0.320313	0.102746	0.897254	0.205492	1.79451	0.9992011
1898	0	-1814.935	-1814.53	-0.4053959	0.330482	0.0953916	0.904608	0.190783	1.80922	0.9999308
1899	1	-1816.743	-1816.339	-0.404611	0.316509	0.094981	0.905019	0.189962	1.81004	0.9991463
1900	0	-1817.015	-1816.61	-0.4053514	0.360617	0.0933488	0.906651	0.186698	1.8133	0.9998863
1901	1	-1816.94	-1816.534	-0.4053638	0.290862	0.10034	0.89966	0.200681	1.79932	0.9998987
1902	0	-1815.328	-1814.923	-0.4052785	0.317759	0.095841	0.904159	0.191682	1.80832	0.9998134
1903	1	-1815.075	-1814.67	-0.4053638	0.336397	0.0969263	0.903074	0.193853	1.80615	0.9998987
1904	0	-1815.177	-1814.771	-0.4052785	0.323535	0.095601	0.904399	0.191202	1.8088	0.9998134
1905	1	-1816.864	-1816.46	-0.4044073	0.317154	0.100769	0.899231	0.201539	1.79846	0.9989427
1906	0	-1817.421	-1817.017	-0.4041009	0.316775	0.0963878	0.903612	0.192776	1.80722	0.9986367
1907	1	-1818.258	-1817.853	-0.4049767	0.318939	0.0890216	0.910978	0.178043	1.82196	0.9995117
1908	0	-1816.496	-1816.092	-0.4045447	0.329114	0.0951211	0.904879	0.190242	1.80976	0.99908
1909	1	-1816.128	-1815.723	-0.4049767	0.316296	0.0948259	0.905174	0.189652	1.81035	0.9995117
1910	0	-1817.211	-1816.806	-0.4054332	0.298354	0.093975	0.906025	0.18795	1.81205	0.9999681
1911	1	-1817.729	-1817.324	-0.405248	0.358715	0.0991796	0.90082	0.198359	1.80164	0.9997829
1912	0	-1817.438	-1817.032	-0.4054332	0.299793	0.108372	0.891628	0.216743	1.78326	0.9999681
1913	1	-1815.95	-1815.545	-0.4050707	0.323439	0.0935147	0.906485	0.187029	1.81297	0.9996057
1914	0	-1815.006	-1814.6	-0.4054332	0.331218	0.09432	0.90568	0.18864	1.81136	0.9999681
1915	1	-1818.185	-1817.78	-0.4043425	0.354759	0.0950613	0.904939	0.190123	1.80988	0.998878
1916	0	-1817.462	-1817.057	-0.4052151	0.31835	0.0897504	0.91025	0.179501	1.8205	0.99975
1917	1	-1816.313	-1815.908	-0.4052088	0.334639	0.10282	0.89718	0.20564	1.79436	0.9997437
1918	0	-1816.149	-1815.744	-0.4048969	0.335014	0.0934497	0.90655	0.186899	1.8131	0.999432
1919	1	-1818.175	-1817.771	-0.4047778	0.360909	0.0955631	0.904437	0.191126	1.80887	0.999313
1920	0	-1815.769	-1815.364	-0.4048969	0.325105	0.0990096	0.90099	0.198019	1.80198	0.999432
1921	1	-1815.604	-1815.199	-0.4050969	0.337516	0.0969378	0.903062	0.193876	1.80612	0.9996318
1922	0	-1815.06	-1814.654	-0.4053851	0.337116	0.0966718	0.903328	0.193344	1.80666	0.99992
1923	1	-1815.182	-1814.776	-0.4054139	0.335944	0.0992973	0.900703	0.198595	1.80141	0.9999488
1924	0	-1815.087	-1814.682	-0.4053968	0.314053	0.097674	0.902326	0.195348	1.80465	0.9999317
1925	1	-1815.248	-1814.842	-0.4054139	0.326973	0.101596	0.898404	0.203192	1.79681	0.9999488
1926	0	-1815.862	-1815.457	-0.4052339	0.316634	0.10341	0.89659	0.206821	1.79318	0.9997689
1927	1	-1816.854	-1816.448	-0.4054139	0.294216	0.0971163	0.902884	0.194233	1.80577	0.9999488
1928	0	-1815.25	-1814.845	-0.4052339	0.316876	0.0981122	0.901888	0.196224	1.80378	0.9997689
1929	1	-1816.633	-1816.227	-0.4054139	0.318793	0.0906104	0.90939	0.181221	1.81878	0.9999488
1930	0	-1816.975	-1816.569	-0.405338	0.339104	0.0886317	0.911368	0.177263	1.82274	0.9998729
1931	1	-1815.132	-1814.726	-0.4054139	0.315777	0.0961377	0.903862	0.192275	1.80772	0.9999488
1932	0	-1814.835	-1814.429	-0.405414	0.330099	0.0963082	0.903692	0.192616	1.80738	0.9999489
1933	1	-1816.903	-1816.498	-0.4048114	0.329447	0.0913577	0.908642	0.182715	1.81728	0.9993465
1934	0	-1816.026	-1815.621	-0.4048807	0.313136	0.0994737	0.900526	0.198947	1.80105	0.9994157
1935	1	-1817.09	-1816.686	-0.4048063	0.299691	0.101972	0.898028	0.203944	1.79606	0.9993414
1936	0	-1816.226	-1815.821	-0.4048773	0.309615	0.0982543	0.901746	0.196509	1.80349	0.9994123
1937	1	-1815.775	-1815.37	-0.4049757	0.316834	0.100068	0.899932	0.200135	1.79986	0.9995107
1938	0	-1816.971	-1816.566	-0.4050835	0.29652	0.103183	0.896817	0.206366	1.79363	0.9996184
1939	1	-1815.787	-1815.382	-0.4050029	0.319632	0.100945	0.899055	0.20189	1.79811	0.9995379
1940	0	-1815.51	-1815.104	-0.4053256	0.338901	0.0931271	0.906873	0.186254	1.81375	0.9998605
1941	1	-1817.055	-1816.65	-0.4047095	0.31994	0.104244	0.895756	0.208488	1.79151	0.9992447
1942	0	-1815.199	-1814.794	-0.4054302	0.318457	0.102019	0.897981	0.204038	1.79596	0.9999651
1943	1	-1815.578	-1815.172	-0.4053385	0.344782	0.0944117	0.905588	0.188823	1.81118	0.9998734
1944	0	-1815.376	-1814.97	-0.4054302	0.341093	0.093203	0.906797	0.186406	1.81359	0.9999651
1945	1	-1815.795	-1815.389	-0.4053385	0.335981	0.0916468	0.908353	0.183294	1.81671	0.9998734
1946	0	-1815.134	-1814.729	-0.4053777	0.338486	0.096716	0.903284	0.193432	1.80657	0.9999126
1947	1	-1815.885	-1815.48	-0.4053527	0.317339	0.104294	0.895706	0.208589	1.79141	0.9998876
1948	0	-1815.433	-1815.028	-0.4050717	0.322437	0.0985749	0.901425	0.19715	1.80285	0.9996066
1949	1	-1815.536	-1815.131	-0.4050068	0.323061	0.0974954	0.902505	0.194991	1.80501	0.9995418
1950	0	-1814.768	-1814.362	-0.4054373	0.327944	0.0981082	0.901892	0.196216	1.80378	0.9999722
1951	1	-1814.985	-1814.58	-0.4053239	0.32726	0.0963183	0.903682	0.192637	1.80736	0.9998588
1952	0	-1815.128	-1814.723	-0.4052783	0.318397	0.0979475	0.902053	0.195895	1.80411	0.9998132
1953	1	-1816.169	-1815.764	-0.4052368	0.306083	0.0958428	0.904157	0.191686	1.80831	0.9997717
1954	0	-1816.794	-1816.389	-0.4052783	0.356654	0.096184	0.903816	0.192368	1.80763	0.9998132
1955	1	-1815.252	-1814.846	-0.4054317	0.308636	0.0992178	0.900782	0.198436	1.80156	0.9999666
1956	0	-1816.816	-1816.411	-0.4051855	0.324649	0.0903452	0.909655	0.18069	1.81931	0.9997204
1957	1	-1815.472	-1815.067	-0.4052065	0.339213	0.0957459	0.904254	0.191492	1.80851	0.9997414
1958	0	-1815.321	-1814.916	-0.4052733	0.337496	0.0950182	0.904982	0.190036	1.80996	0.9998082
1959	1	-1818.042	-1817.638	-0.4038787	0.328183	0.10154	0.89846	0.203081	1.79692	0.9984148
1960	0	-1815.608	-1815.203	-0.4052733	0.342387	0.0976244	0.902376	0.195249	1.80475	0.9998082
1961	1	-1819.348	-1818.944	-0.4033098	0.317526	0.10347	0.89653	0.20694	1.79306	0.997847
1962	0	-1816.912	-1816.507	-0.4052121	0.35275	0.0906161	0.909384	0.181232	1.81877	0.999747
1963	1	-1818.369	-1817.965	-0.4040638	0.318757	0.104774	0.895226	0.209549	1.79045	0.9985997
1964	0	-1816.288	-1815.883	-0.4052121	0.344278	0.100036	0.899964	0.200072	1.79993	0.999747
1965	1	-1815.899	-1815.494	-0.405085	0.331184	0.0929786	0.907021	0.185957	1.81404	0.99962
1966	0	-1815.671	-1815.266	-0.4052121	0.315254	0.0952627	0.904737	0.190525	1.80947	0.999747
1967	1	-1814.965	-1814.56	-0.4053207	0.328116	0.0970276	0.902972	0.194055	1.80594	0.9998556
1968	0	-1815.207	-1814.802	-0.4052851	0.334677	0.0980121	0.901988	0.196024	1.80398	0.99982
1969	1	-1816.402	-1815.997	-0.4052726	0.340991	0.0903082	0.909692	0.180616	1.81938	0.9998075
1970	0	-1818.794	-1818.389	-0.4053278	0.347282	0.106054	0.893946	0.212109	1.78789	0.9998627
1971	1	-1817.006	-1816.601	-0.4050608	0.296929	0.103398	0.896602	0.206796	1.7932	0.9995957
1972	0	-1815.133	-1814.728	-0.4053278	0.315372	0.099247	0.900753	0.198494	1.80151	0.9998627
1973	1	-1815.257	-1814.851	-0.4052736	0.318538	0.100547	0.899453	0.201093	1.79891	0.9998085
1974	0	-1815.645	-1815.24	-0.4050194	0.317148	0.0976339	0.902366	0.195268	1.80473	0.9995544
1975	1	-1815.573	-1815.168	-0.4052736	0.338698	0.0932657	0.906734	0.186531	1.81347	0.9998085
1976	0	-1815.665	-1815.26	-0.405133	0.316191	0.0958244	0.904176	0.191649	1.80835	0.9996679
1977	1	-1816.216	-1815.811	-0.4052736	0.312224	0.104874	0.895126	0.209748	1.79025	0.9998085
1978	0	-1815.957	-1815.552	-0.405133	0.313565	0.102875	0.897125	0.205751	1.79425	0.9996679
1979	1	-1815.443	-1815.038	-0.4052903	0.317608	0.0950811	0.904919	0.190162	1.80984	0.9998252
1980	0	-1816.45	-1816.045	-0.4047461	0.341157	0.0973067	0.902693	0.194613	1.80539	0.9992812
1981	1	-1816.299	-1815.894	-0.4052903	0.343364	0.0906822	0.909318	0.181364	1.81864	0.9998252
1982	0	-1815.069	-1814.664	-0.4052659	0.323328	0.0973471	0.902653	0.194694	1.80531	0.9998008
1983	1	-1817.563	-1817.159	-0.4041018	0.311579	0.100726	0.899274	0.201451	1.79855	0.9986376
1984	0	-1816.868	-1816.464	-0.404358	0.329526	0.0995491	0.900451	0.199098	1.8009	0.9988935
1985	1	-1816.391	-1815.986	-0.4048874	0.326404	0.102488	0.897512	0.204975	1.79502	0.9994225
1986	0	-1818.287	-1817.882	-0.4049875	0.350834	0.102649	0.897351	0.205299	1.7947	0.9995225
1987	1	-1817.261	-1816.856	-0.4049545	0.332246	0.104652	0.895348	0.209305	1.7907	0.9994895
1988	0	-1820.199	-1819.794	-0.4050964	0.271704	0.103169	0.896831	0.206338	1.79366	0.9996314
1989	1	-1817.16	-1816.755	-0.4052162	0.296183	0.096264	0.903736	0.192528	1.80747	0.9997511
1990	0	-1816.77	-1816.365	-0.4050964	0.336972	0.0900939	0.909906	0.180188	1.81981	0.9996314
1991	1	-1814.875	-1814.47	-0.405456	0.317125	0.0996911	0.900309	0.199382	1.80062	0.9999909
1992	0	-1815.597	-1815.192	-0.4050539	0.316637	0.097702	0.902298	0.195404	1.8046	0.9995889
1993	1	-1817.242	-1816.838	-0.4045524	0.335496	0.101776	0.898224	0.203551	1.79645	0.9990877
1994	0	-1817.913	-1817.509	-0.4044884	0.324542	0.105237	0.894763	0.210473	1.78953	0.9990238
1995	1	-1815.942	-1815.536	-0.4050836	0.312954	0.10224	0.89776	0.20448	1.79552	0.9996185
1996	0	-1819.437	-1819.033	-0.404087	0.291256	0.104545	0.895455	0.20909	1.79091	0.9986228
1997	1	-1816.94	-1816.536	-0.4042705	0.328352	0.099019	0.900981	0.198038	1.80196	0.9988061
1998	0	-1816.53	-1816.124	-0.4052849	0.32494	0.105335	0.894665	0.210671	1.78933	0.9998198
1999	1	-1815.255	-1814.849	-0.4053214	0.312835	0.0981538	0.901846	0.196308	1.80369	0.9998563
2000	0	-1816.618	-1816.214	-0.4044244	0.329087	0.0961836	0.903816	0.192367	1.80763	0.9989598
2001	1	-1818.238	-1817.832	-0.4053214	0.358509	0.0873962	0.912604	0.174792	1.82521	0.9998563
2002	0	-1817.45	-1817.045	-0.4048816	0.346627	0.101224	0.898776	0.202448	1.79755	0.9994166
2003	1	-1815.163	-1814.758	-0.4053214	0.336431	0.0971997	0.9028	0.194399	1.8056	0.9998563
2004	0	-1815.801	-1815.396	-0.4051044	0.327053	0.0934731	0.906527	0.186946	1.81305	0.9996394
2005	1	-1815.131	-1814.726	-0.4052637	0.319376	0.0986633	0.901337	0.197327	1.80267	0.9997986
2006	0	-1819.439	-1819.036	-0.4030351	0.336925	0.0986805	0.90132	0.197361	1.80264	0.9975729
2007	1	-1816.994	-1816.588	-0.4052399	0.312199	0.0916595	0.908341	0.183319	1.81668	0.9997748
2008	0	-1818.268	-1817.864	-0.4043086	0.337258	0.103228	0.896772	0.206456	1.79354	0.9988442
2009	1	-1816.199	-1815.794	-0.4048337	0.325046	0.094081	0.905919	0.188162	1.81184	0.9993688
2010	0	-1815.48	-1815.075	-0.4053237	0.308275	0.100177	0.899823	0.200353	1.79965	0.9998586
2011	1	-1818.266	-1817.861	-0.4052158	0.326844	0.108647	0.891353	0.217293	1.78271	0.9997507
2012	0	-1815.345	-1814.94	-0.4053237	0.336339	0.0991694	0.900831	0.198339	1.80166	0.9998586
2013	1	-1815.474	-1815.069	-0.4052158	0.329317	0.0939171	0.906083	0.187834	1.81217	0.9997507
2014	0	-1815.417	-1815.011	-0.4054234	0.306375	0.100359	0.899641	0.200718	1.79928	0.9999583
2015	1	-1817.149	-1816.744	-0.4041806	0.326756	0.0997166	0.900283	0.199433	1.80057	0.9987164
2016	0	-1817.857	-1817.452	-0.4053022	0.333794	0.0873214	0.912679	0.174643	1.82536	0.9998371
2017	1	-1816.315	-1815.91	-0.4050893	0.326117	0.103545	0.896455	0.20709	1.79291	0.9996243
2018	0	-1816.078	-1815.672	-0.4052633	0.302329	0.102015	0.897985	0.20403	1.79597	0.9997982
2019	1	-1816.376	-1815.972	-0.4046194	0.334431	0.0976879	0.902312	0.195376	1.80462	0.9991546
2020	0	-1815.934	-1815.529	-0.4050302	0.338015	0.0936326	0.906367	0.187265	1.81273	0.9995652
2021	1	-1816.162	-1815.757	-0.4049565	0.309128	0.0976214	0.902379	0.195243	1.80476	0.9994915
2022	0	-1815.925	-1815.52	-0.4054218	0.342276	0.0910315	0.908968	0.182063	1.81794	0.9999567
2023	1	-1816.355	-1815.951	-0.4049565	0.34651	0.0948893	0.905111	0.189779	1.81022	0.9994915
2024	0	-1816.406	-1816.001	-0.4049723	0.303668	0.099879	0.900121	0.199758	1.80024	0.9995073
2025	1	-1815.812	-1815.407	-0.4049565	0.316274	0.0972809	0.902719	0.194562	1.80544	0.9994915
2026	0	-1815.341	-1814.936	-0.4052738	0.333392	0.0940959	0.905904	0.188192	1.81181	0.9998087
2027	1	-1822.274	-1821.87	-0.4037151	0.277244	0.0983743	0.901626	0.196749	1.80325	0.9982515
2028	0	-1816.285	-1815.88	-0.4052738	0.351944	0.0932775	0.906723	0.186555	1.81345	0.9998087
2029	1	-1815.167	-1814.761	-0.405353	0.319319	0.101012	0.898988	0.202024	1.79798	0.9998879
2030	0	-1815.333	-1814.928	-0.40523	0.321314	0.100662	0.899338	0.201323	1.79868	0.9997649
2031	1	-1816.701	-1816.297	-0.40467	0.307359	0.0993736	0.900626	0.198747	1.80125	0.9992052
2032	0	-1816.321	-1815.916	-0.4047922	0.316907	0.101791	0.898209	0.203582	1.79642	0.9993273
2033	1	-1819.796	-1819.39	-0.4053666	0.358062	0.104851	0.895149	0.209702	1.7903	0.9999015
2034	0	-1816.579	-1816.174	-0.4051614	0.301977	0.0963864	0.903614	0.192773	1.80723	0.9996964
2035	1	-1816.64	-1816.234	-0.4053666	0.314098	0.10667	0.89333	0.21334	1.78666	0.9999015
2036	0	-1819.355	-1818.95	-0.4048129	0.283156	0.0979778	0.902022	0.195956	1.80404	0.999348
2037	1	-1817.915	-1817.51	-0.4054519	0.317214	0.0884274	0.911573	0.176855	1.82315	0.9999868
2038	0	-1816.134	-1815.73	-0.4048624	0.334059	0.09382	0.90618	0.18764	1.81236	0.9993975
2039	1	-1816.245	-1815.84	-0.4054107	0.309137	0.0934752	0.906525	0.18695	1.81305	0.9999456
2040	0	-1815.677	-1815.272	-0.4051357	0.332567	0.0935673	0.906433	0.187135	1.81287	0.9996707
2041	1	-1814.896	-1814.49	-0.4054107	0.333418	0.0963143	0.903686	0.192629	1.80737	0.9999456
2042	0	-1816.418	-1816.013	-0.4049128	0.321251	0.0931631	0.906837	0.186326	1.81367	0.9994479
2043	1	-1815.189	-1814.783	-0.4054107	0.320205	0.0946928	0.905307	0.189386	1.81061	0.9999456
2044	0	-1821.022	-1820.617	-0.4049259	0.332353	0.0841176	0.915882	0.168235	1.83176	0.999461
2045	1	-1815.218	-1814.813	-0.4054107	0.338271	0.098622	0.901378	0.197244	1.80276	0.9999456
2046	0	-1815.956	-1815.551	-0.4048947	0.31403	0.0988064	0.901194	0.197613	1.80239	0.9994297
2047	1	-1815.64	-1815.235	-0.40509	0.322699	0.100989	0.899011	0.201978	1.79802	0.999625
2048	0	-1816.025	-1815.62	-0.4050122	0.338579	0.0933649	0.906635	0.18673	1.81327	0.9995472
2049	1	-1817.201	-1816.796	-0.404922	0.298516	0.0972885	0.902711	0.194577	1.80542	0.999457
2050	0	-1816.634	-1816.229	-0.4054211	0.292457	0.101537	0.898463	0.203075	1.79693	0.999956
2051	1	-1816.868	-1816.463	-0.4049872	0.34093	0.101763	0.898237	0.203527	1.79647	0.9995222
2052	0	-1816.539	-1816.134	-0.4054211	0.303521	0.0941999	0.9058	0.1884	1.8116	0.999956
2053	1	-1815.691	-1815.286	-0.404959	0.331851	0.0978282	0.902172	0.195656	1.80434	0.999494
2054	0	-1817.979	-1817.575	-0.4041481	0.346073	0.0927861	0.907214	0.185572	1.81443	0.9986839
2055	1	-1817.865	-1817.46	-0.4044177	0.340693	0.0965291	0.903471	0.193058	1.80694	0.9989532
2056	0	-1815.094	-1814.689	-0.4052861	0.329152	0.0986729	0.901327	0.197346	1.80265	0.999821
2057	1	-1818.904	-1818.5	-0.4044177	0.334179	0.088244	0.911756	0.176488	1.82351	0.9989532
2058	0	-1815.71	-1815.305	-0.4053759	0.304384	0.0981064	0.901894	0.196213	1.80379	0.9999108
2059	1	-1816.597	-1816.193	-0.4045132	0.334063	0.095105	0.904895	0.19021	1.80979	0.9990485
2060	0	-1815.374	-1814.968	-0.4051665	0.326285	0.0998024	0.900198	0.199605	1.8004	0.9997014
2061	1	-1815.771	-1815.366	-0.4050388	0.338116	0.0975642	0.902436	0.195128	1.80487	0.9995738
2062	0	-1817.038	-1816.634	-0.4042347	0.333896	0.0973992	0.902601	0.194798	1.8052	0.9987703
2063	1	-1818.874	-1818.47	-0.4033544	0.340139	0.0968361	0.903164	0.193672	1.80633	0.9978915
2064	0	-1819.25	-1818.846	-0.4038827	0.35315	0.0909888	0.909011	0.181978	1.81802	0.9984188
2065	1	-1816.944	-1816.539	-0.4053634	0.291802	0.103561	0.896439	0.207123	1.79288	0.9998983
2066	0	-1815.627	-1815.222	-0.4049711	0.324464	0.0965143	0.903486	0.193029	1.80697	0.9995061
2067	1	-1816.904	-1816.499	-0.4053634	0.293306	0.104306	0.895694	0.208612	1.79139	0.9998983
2068	0	-1815.577	-1815.172	-0.4050483	0.334566	0.0964598	0.90354	0.19292	1.80708	0.9995833
2069	1	-1814.958	-1814.552	-0.4053634	0.332652	0.0969976	0.903002	0.193995	1.806	0.9998983
2070	0	-1816.91	-1816.505	-0.4048135	0.34553	0.0990779	0.900922	0.198156	1.80184	0.9993486
2071	1	-1815.868	-1815.463	-0.4053634	0.309275	0.103908	0.896092	0.207817	1.79218	0.9998983
2072	0	-1817.323	-1816.918	-0.4051024	0.359372	0.0946358	0.905364	0.189272	1.81073	0.9996374
2073	1	-1816.742	-1816.338	-0.40455	0.322201	0.10173	0.89827	0.203461	1.79654	0.9990853
2074	0	-1815.644	-1815.239	-0.4050294	0.335513	0.0961551	0.903845	0.19231	1.80769	0.9995644
2075	1	-1818.269	-1817.865	-0.4046254	0.334601	0.105236	0.894764	0.210472	1.78953	0.9991606
2076	0	-1815.826	-1815.421	-0.4053626	0.309924	0.1038	0.8962	0.2076	1.7924	0.9998975
2077	1	-1817.67	-1817.265	-0.4046716	0.341389	0.102356	0.897644	0.204712	1.79529	0.9992068
2078	0	-1818.228	-1817.823	-0.4053626	0.282171	0.0995815	0.900419	0.199163	1.80084	0.9998975
2079	1	-1816.257	-1815.852	-0.4046716	0.317559	0.0992628	0.900737	0.198526	1.80147	0.9992068
2080	0	-1817.651	-1817.246	-0.4053555	0.36417	0.0909528	0.909047	0.181906	1.81809	0.9998904
2081	1	-1815.612	-1815.207	-0.405297	0.311823	0.10239	0.89761	0.204779	1.79522	0.9998319
2082	0	-1816.805	-1816.4	-0.4046732	0.343197	0.0980948	0.901905	0.19619	1.80381	0.9992084
2083	1	-1817.043	-1816.638	-0.405036	0.346362	0.100898	0.899102	0.201795	1.7982	0.999571
2084	0	-1816.254	-1815.849	-0.4052754	0.339046	0.101975	0.898025	0.203949	1.79605	0.9998103
2085	1	-1816.874	-1816.469	-0.4053932	0.333408	0.0887857	0.911214	0.177571	1.82243	0.9999281
2086	0	-1816.344	-1815.938	-0.4052259	0.31014	0.104896	0.895104	0.209793	1.79021	0.9997608
2087	1	-1815.43	-1815.025	-0.4053932	0.312393	0.102432	0.897568	0.204864	1.79514	0.9999281
2088	0	-1816.05	-1815.645	-0.4049452	0.341356	0.0955422	0.904458	0.191084	1.80892	0.9994802
2089	1	-1816.393	-1815.988	-0.4051447	0.30168	0.097852	0.902148	0.195704	1.8043	0.9996796
2090	0	-1816.422	-1816.017	-0.4053566	0.307064	0.093812	0.906188	0.187624	1.81238	0.9998915
2091	1	-1817.883	-1817.479	-0.4038882	0.324054	0.0943152	0.905685	0.18863	1.81137	0.9984244
2092	0	-1815.24	-1814.834	-0.4054586	0.313938	0.102218	0.897782	0.204436	1.79556	0.9999935
2093	1	-1818.863	-1818.459	-0.4040789	0.31095	0.106372	0.893628	0.212744	1.78726	0.9986148
2094	0	-1816.724	-1816.318	-0.405429	0.301446	0.106454	0.893546	0.212909	1.78709	0.9999638
2095	1	-1815.68	-1815.275	-0.4049929	0.33385	0.0976461	0.902354	0.195292	1.80471	0.9995279
2096	0	-1815.49	-1815.085	-0.4050755	0.318667	0.09888	0.90112	0.19776	1.80224	0.9996104
2097	1	-1817.544	-1817.139	-0.4054055	0.359954	0.0988719	0.901128	0.197744	1.80226	0.9999404
2098	0	-1815.856	-1815.451	-0.4053442	0.325789	0.103586	0.896414	0.207171	1.79283	0.9998791
2099	1	-1816.55	-1816.145	-0.4054055	0.334737	0.0893499	0.91065	0.1787	1.8213	0.9999404
2100	0	-1815.305	-1814.9	-0.4053442	0.31098	0.10009	0.89991	0.20018	1.79982	0.9998791
2101	1	-1815.117	-1814.712	-0.4054134	0.312714	0.0977598	0.90224	0.19552	1.80448	0.9999483
2102	0	-1816.721	-1816.316	-0.4050873	0.353465	0.0954123	0.904588	0.190825	1.80918	0.9996223
2103	1	-1815.242	-1814.836	-0.4054586	0.341299	0.0938388	0.906161	0.187678	1.81232	0.9999935
2104	0	-1816.738	-1816.333	-0.4049312	0.307802	0.0951268	0.904873	0.190254	1.80975	0.9994662
2105	1	-1816.442	-1816.037	-0.4047624	0.313074	0.101758	0.898242	0.203516	1.79648	0.9992975
2106	0	-1815.56	-1815.155	-0.4054017	0.346286	0.0963633	0.903637	0.192727	1.80727	0.9999366
2107	1	-1816.135	-1815.73	-0.4047719	0.316878	0.0999869	0.900013	0.199974	1.80003	0.999307
2108	0	-1816.565	-1816.16	-0.4054114	0.330818	0.0940495	0.90595	0.188099	1.8119	0.9999463
2109	1	-1817.455	-1817.051	-0.4042778	0.333502	0.101122	0.898878	0.202244	1.79776	0.9988134
2110	0	-1816.675	-1816.27	-0.4051296	0.353959	0.0942396	0.90576	0.188479	1.81152	0.9996646
2111	1	-1817.971	-1817.567	-0.4039619	0.335188	0.100463	0.899537	0.200926	1.79907	0.998498
2112	0	-1817.325	-1816.92	-0.4051625	0.340259	0.10409	0.89591	0.20818	1.79182	0.9996975
2113	1	-1818.845	-1818.44	-0.4044052	0.357032	0.098557	0.901443	0.197114	1.80289	0.9989407
2114	0	-1816.377	-1815.973	-0.404771	0.328292	0.10127	0.89873	0.20254	1.79746	0.9993061
2115	1	-1816.243	-1815.839	-0.4046373	0.32558	0.0990419	0.900958	0.198084	1.80192	0.9991725
2116	0	-1816.199	-1815.794	-0.404821	0.311556	0.0988953	0.901105	0.197791	1.80221	0.9993561
2117	1	-1815.907	-1815.502	-0.4050498	0.31161	0.0969703	0.90303	0.193941	1.80606	0.9995847
2118	0	-1815.87	-1815.465	-0.404821	0.324016	0.098376	0.901624	0.196752	1.80325	0.9993561
2119	1	-1819.098	-1818.694	-0.4043138	0.318217	0.0897538	0.910246	0.179508	1.82049	0.9988494
2120	0	-1816.737	-1816.333	-0.4045512	0.313724	0.0965503	0.90345	0.193101	1.8069	0.9990865
2121	1	-1817.347	-1816.942	-0.4046674	0.343302	0.0964925	0.903507	0.192985	1.80701	0.9992027
2122	0	-1816.03	-1815.624	-0.4053916	0.31538	0.105024	0.894976	0.210048	1.78995	0.9999265
2123	1	-1815.581	-1815.175	-0.4054369	0.331399	0.091829	0.908171	0.183658	1.81634	0.9999718
2124	0	-1816.731	-1816.326	-0.4048187	0.348114	0.0958289	0.904171	0.191658	1.80834	0.9993538
2125	1	-1818.063	-1817.658	-0.404964	0.304224	0.0922285	0.907771	0.184457	1.81554	0.999499
2126	0	-1818.364	-1817.959	-0.4047333	0.293061	0.105856	0.894144	0.211712	1.78829	0.9992684
2127	1	-1817.583	-1817.178	-0.404964	0.320952	0.106886	0.893114	0.213772	1.78623	0.999499
2128	0	-1817.883	-1817.478	-0.4045153	0.347122	0.090521	0.909479	0.181042	1.81896	0.9990507
2129	1	-1816.719	-1816.315	-0.4044185	0.320521	0.0963305	0.90367	0.192661	1.80734	0.998954
2130	0	-1815.401	-1814.995	-0.4053695	0.316477	0.0948687	0.905131	0.189737	1.81026	0.9999044
2131	1	-1818.205	-1817.8	-0.4046397	0.305777	0.107115	0.892885	0.214231	1.78577	0.9991749
2132	0	-1815.292	-1814.886	-0.4053695	0.312671	0.101247	0.898753	0.202493	1.79751	0.9999044
2133	1	-1817.369	-1816.964	-0.404662	0.301453	0.103207	0.896793	0.206414	1.79359	0.9991972
2134	0	-1815.336	-1814.93	-0.4054601	0.336427	0.0925667	0.907433	0.185133	1.81487	0.999995
2135	1	-1817.309	-1816.904	-0.4047938	0.32058	0.105432	0.894568	0.210863	1.78914	0.9993289
2136	0	-1815.294	-1814.889	-0.4054601	0.334299	0.100809	0.899191	0.201618	1.79838	0.999995
2137	1	-1821.043	-1820.638	-0.4046184	0.284679	0.0934747	0.906525	0.186949	1.81305	0.9991537
2138	0	-1815.189	-1814.784	-0.4052395	0.323495	0.0995378	0.900462	0.199076	1.80092	0.9997744
2139	1	-1816.266	-1815.862	-0.4046184	0.326675	0.0962079	0.903792	0.192416	1.80758	0.9991537
2140	0	-1815.999	-1815.594	-0.4051597	0.325415	0.102974	0.897026	0.205948	1.79405	0.9996946
2141	1	-1821.171	-1820.768	-0.4029458	0.333169	0.105187	0.894813	0.210374	1.78963	0.9974839
2142	0	-1816.729	-1816.324	-0.4053254	0.316888	0.106636	0.893364	0.213272	1.78673	0.9998603
2143	1	-1818.492	-1818.088	-0.403665	0.34213	0.0940304	0.90597	0.188061	1.81194	0.9982015
2144	0	-1816.856	-1816.451	-0.4043094	0.329363	0.095772	0.904228	0.191544	1.80846	0.9988449
2145	1	-1816.724	-1816.319	-0.4054555	0.359278	0.0924952	0.907505	0.18499	1.81501	0.9999903
2146	0	-1826.517	-1826.112	-0.4048065	0.307277	0.0819445	0.918055	0.163889	1.83611	0.9993416
2147	1	-1818.534	-1818.129	-0.404541	0.301121	0.0938242	0.906176	0.187648	1.81235	0.9990763
2148	0	-1819.885	-1819.48	-0.4051862	0.368762	0.0863076	0.913692	0.172615	1.82738	0.9997211
2149	1	-1817.195	-1816.79	-0.4053858	0.347873	0.102672	0.897328	0.205345	1.79466	0.9999207
2150	0	-1819.416	-1819.011	-0.4051865	0.368547	0.098881	0.901119	0.197762	1.80224	0.9997214
2151	1	-1819.792	-1819.386	-0.4053025	0.297741	0.112833	0.887167	0.225666	1.77433	0.9998374
2152	0	-1815.888	-1815.483	-0.4049825	0.339172	0.0969225	0.903077	0.193845	1.80615	0.9995175
2153	1	-1815.202	-1814.797	-0.4052443	0.327482	0.0993598	0.90064	0.19872	1.80128	0.9997793
2154	0	-1816.606	-1816.201	-0.4053509	0.29757	0.10446	0.89554	0.20892	1.79108	0.9998858
2155	1	-1815.292	-1814.887	-0.4052443	0.320431	0.0958249	0.904175	0.19165	1.80835	0.9997793
2156	0	-1815.837	-1815.432	-0.4051347	0.336287	0.100063	0.899937	0.200126	1.79987	0.9996697
2157	1	-1815.779	-1815.373	-0.4052443	0.324952	0.0928086	0.907191	0.185617	1.81438	0.9997793
2158	0	-1819.456	-1819.052	-0.4041469	0.307515	0.10816	0.89184	0.216321	1.78368	0.9986827
2159	1	-1816.486	-1816.081	-0.4046329	0.319985	0.101169	0.898831	0.202339	1.79766	0.9991682
2160	0	-1815.721	-1815.317	-0.4049565	0.333872	0.0966509	0.903349	0.193302	1.8067	0.9994915
2161	1	-1818.402	-1817.997	-0.4050982	0.367517	0.0932463	0.906754	0.186493	1.81351	0.9996332
2162	0	-1815.315	-1814.91	-0.4051882	0.327305	0.0953616	0.904638	0.190723	1.80928	0.9997231
2163	1	-1817.728	-1817.323	-0.4045829	0.328666	0.104686	0.895314	0.209371	1.79063	0.9991182
2164	0	-1816.282	-1815.877	-0.4049901	0.344159	0.0979067	0.902093	0.195813	1.80419	0.9995251
2165	1	-1816.983	-1816.579	-0.4046624	0.320043	0.1037	0.8963	0.207401	1.7926	0.9991977
2166	0	-1816.401	-1815.996	-0.4049901	0.332197	0.091753	0.908247	0.183506	1.81649	0.9995251
2167	1	-1817.286	-1816.881	-0.4051312	0.296766	0.105524	0.894476	0.211048	1.78895	0.9996661
2168	0	-1816.7	-1816.295	-0.4051709	0.347481	0.0905732	0.909427	0.181146	1.81885	0.9997058
2169	1	-1817.347	-1816.942	-0.4051632	0.292317	0.104244	0.895756	0.208488	1.79151	0.9996981
2170	0	-1817.669	-1817.265	-0.4044248	0.304423	0.0964006	0.903599	0.192801	1.8072	0.9989603
2171	1	-1815.946	-1815.54	-0.4052495	0.313287	0.103747	0.896253	0.207493	1.79251	0.9997844
2172	0	-1819.452	-1819.049	-0.4035404	0.335942	0.0904289	0.909571	0.180858	1.81914	0.9980771
2173	1	-1816.493	-1816.089	-0.4048396	0.31944	0.10307	0.89693	0.20614	1.79386	0.9993747
2174	0	-1815.323	-1814.918	-0.4052343	0.315223	0.0977792	0.902221	0.195558	1.80444	0.9997692
2175	1	-1816.688	-1816.284	-0.4048309	0.324959	0.103363	0.896637	0.206727	1.79327	0.999366
2176	0	-1819.696	-1819.291	-0.4050471	0.330663	0.0855571	0.914443	0.171114	1.82889	0.999582
2177	1	-1817.222	-1816.817	-0.4048309	0.332076	0.103983	0.896017	0.207967	1.79203	0.999366
2178	0	-1817.46	-1817.055	-0.4050127	0.356195	0.0909335	0.909066	0.181867	1.81813	0.9995476
2179	1	-1816.309	-1815.904	-0.4046091	0.319521	0.0978123	0.902188	0.195625	1.80438	0.9991443
2180	0	-1816.887	-1816.482	-0.4050127	0.353868	0.0952005	0.9048	0.190401	1.8096	0.9995476
2181	1	-1815.182	-1814.776	-0.4053978	0.338659	0.0944838	0.905516	0.188968	1.81103	0.9999327
2182	0	-1817.747	-1817.343	-0.4041994	0.313252	0.0946936	0.905306	0.189387	1.81061	0.9987351
2183	1	-1816.562	-1816.157	-0.4053978	0.306784	0.106383	0.893617	0.212766	1.78723	0.9999327
2184	0	-1820.708	-1820.306	-0.4026741	0.333475	0.0913352	0.908665	0.18267	1.81733	0.9972129
2185	1	-1817.32	-1816.915	-0.4048386	0.296235	0.09964	0.90036	0.19928	1.80072	0.9993737
2186	0	-1819.427	-1819.023	-0.4037322	0.346911	0.1008	0.8992	0.201601	1.7984	0.9982686
2187	1	-1815.376	-1814.971	-0.4051625	0.328241	0.0994657	0.900534	0.198931	1.80107	0.9996974
2188	0	-1818.514	-1818.11	-0.4042891	0.354703	0.0915879	0.908412	0.183176	1.81682	0.9988247
2189	1	-1817.289	-1816.884	-0.4046887	0.303214	0.103649	0.896351	0.207297	1.7927	0.9992239
2190	0	-1815.394	-1814.988	-0.4052997	0.341082	0.0957118	0.904288	0.191424	1.80858	0.9998346
2191	1	-1816.773	-1816.369	-0.404317	0.324691	0.098211	0.901789	0.196422	1.80358	0.9988526
2192	0	-1815.207	-1814.802	-0.4052997	0.336974	0.0966082	0.903392	0.193216	1.80678	0.9998346
2193	1	-1815.453	-1815.047	-0.4054214	0.305982	0.100554	0.899446	0.201109	1.79889	0.9999563
2194	0	-1816.235	-1815.83	-0.4047151	0.328517	0.0998257	0.900174	0.199651	1.80035	0.9992502
2195	1	-1816.193	-1815.788	-0.4050376	0.328062	0.0923756	0.907624	0.184751	1.81525	0.9995726
2196	0	-1816.689	-1816.284	-0.4046907	0.342634	0.0977433	0.902257	0.195487	1.80451	0.9992259
2197	1	-1816.741	-1816.336	-0.4053043	0.337401	0.103923	0.896077	0.207846	1.79215	0.9998392
2198	0	-1816.642	-1816.237	-0.4050903	0.314518	0.105244	0.894756	0.210488	1.78951	0.9996253
2199	1	-1815.908	-1815.504	-0.4048278	0.31998	0.0976391	0.902361	0.195278	1.80472	0.9993629
2200	0	-1815.719	-1815.314	-0.4048976	0.326767	0.0976436	0.902356	0.195287	1.80471	0.9994326
2201	1	-1817.147	-1816.742	-0.4043163	0.314392	0.101274	0.898726	0.202549	1.79745	0.9988518
2202	0	-1819.277	-1818.873	-0.40406	0.308078	0.107321	0.892679	0.214642	1.78536	0.9985959
2203	1	-1816.19	-1815.785	-0.4054135	0.345208	0.0905091	0.909491	0.181018	1.81898	0.9999484
2204	0	-1817.097	-1816.692	-0.4043213	0.339342	0.0951609	0.904839	0.190322	1.80968	0.9988568
2205	1	-1815.551	-1815.146	-0.405361	0.308936	0.0967518	0.903248	0.193504	1.8065	0.9998959
2206	0	-1815.738	-1815.333	-0.4052647	0.315478	0.0944677	0.905532	0.188935	1.81106	0.9997996
2207	1	-1815.563	-1815.157	-0.405361	0.306636	0.101185	0.898815	0.202369	1.79763	0.9998959
2208	0	-1815.567	-1815.162	-0.4052647	0.33787	0.0993506	0.900649	0.198701	1.8013	0.9997996
2209	1	-1816.036	-1815.63	-0.4052387	0.307989	0.0956932	0.904307	0.191386	1.80861	0.9997736
2210	0	-1815.516	-1815.111	-0.4054096	0.346158	0.0948187	0.905181	0.189637	1.81036	0.9999444
2211	1	-1819.08	-1818.674	-0.4050942	0.297214	0.0915869	0.908413	0.183174	1.81683	0.9996292
2212	0	-1817.534	-1817.13	-0.4041335	0.311889	0.0970477	0.902952	0.194095	1.8059	0.9986693
2213	1	-1815.627	-1815.222	-0.4051171	0.312415	0.099386	0.900614	0.198772	1.80123	0.9996521
2214	0	-1815.702	-1815.297	-0.404924	0.321881	0.098503	0.901497	0.197006	1.80299	0.999459
2215	1	-1818.39	-1817.985	-0.4048279	0.362259	0.0909137	0.909086	0.181827	1.81817	0.999363
2216	0	-1815.415	-1815.01	-0.4051675	0.32312	0.0953875	0.904612	0.190775	1.80922	0.9997025
2217	1	-1816.077	-1815.672	-0.4053624	0.346478	0.0993993	0.900601	0.198799	1.8012	0.9998973
2218	0	-1816.355	-1815.949	-0.4052913	0.330026	0.0904949	0.909505	0.18099	1.81901	0.9998262
2219	1	-1815.312	-1814.907	-0.405278	0.333788	0.0942666	0.905733	0.188533	1.81147	0.9998129
2220	0	-1815.77	-1815.365	-0.4053647	0.348452	0.0957056	0.904294	0.191411	1.80859	0.9998996
2221	1	-1815.402	-1814.996	-0.4052867	0.313965	0.0965214	0.903479	0.193043	1.80696	0.9998216
2222	0	-1815.464	-1815.059	-0.4053647	0.310434	0.0965922	0.903408	0.193184	1.80682	0.9998996
2223	1	-1817.917	-1817.511	-0.4052867	0.284202	0.102996	0.897004	0.205993	1.79401	0.9998216
2224	0	-1814.79	-1814.384	-0.4054519	0.326389	0.0959074	0.904093	0.191815	1.80819	0.9999868
2225	1	-1817.795	-1817.39	-0.405107	0.36284	0.0950088	0.904991	0.190018	1.80998	0.9996419
2226	0	-1815.596	-1815.19	-0.4054519	0.319071	0.103865	0.896135	0.207731	1.79227	0.9999868
2227	1	-1815.843	-1815.438	-0.405107	0.342012	0.0944816	0.905518	0.188963	1.81104	0.9996419
2228	0	-1815.712	-1815.306	-0.4053665	0.333972	0.101892	0.898108	0.203784	1.79622	0.9999014
2229	1	-1817.693	-1817.287	-0.4053447	0.365547	0.0941203	0.90588	0.188241	1.81176	0.9998796
2230	0	-1815.342	-1814.937	-0.4051755	0.319671	0.0967238	0.903276	0.193448	1.80655	0.9997104
2231	1	-1819.438	-1819.033	-0.4046047	0.343918	0.0865608	0.913439	0.173122	1.82688	0.99914
2232	0	-1815.444	-1815.038	-0.4052456	0.311506	0.0985231	0.901477	0.197046	1.80295	0.9997806
2233	1	-1815.806	-1815.4	-0.4054279	0.308338	0.0950878	0.904912	0.190176	1.80982	0.9999628
2234	0	-1817.552	-1817.147	-0.4054303	0.356819	0.0882798	0.91172	0.17656	1.82344	0.9999652
2235	1	-1821.352	-1820.948	-0.4039348	0.29152	0.110303	0.889697	0.220606	1.77939	0.9984709
2236	0	-1817.112	-1816.707	-0.4045026	0.322949	0.10293	0.89707	0.205861	1.79414	0.999038
2237	1	-1816.612	-1816.208	-0.4048067	0.321792	0.0930692	0.906931	0.186138	1.81386	0.9993418
2238	0	-1816.089	-1815.684	-0.4051227	0.334209	0.101608	0.898392	0.203216	1.79678	0.9996577
2239	1	-1818.415	-1818.011	-0.4038867	0.303113	0.0994364	0.900564	0.198873	1.80113	0.9984228
2240	0	-1815.75	-1815.345	-0.4050343	0.312946	0.0988599	0.90114	0.19772	1.80228	0.9995693
2241	1	-1822.77	-1822.365	-0.4041467	0.364877	0.103856	0.896144	0.207712	1.79229	0.9986825
2242	0	-1815.506	-1815.1	-0.4052869	0.308765	0.0991797	0.90082	0.198359	1.80164	0.9998219
2243	1	-1816.347	-1815.942	-0.4053605	0.319812	0.105648	0.894352	0.211296	1.7887	0.9998954
2244	0	-1815.921	-1815.517	-0.4048077	0.321253	0.0985893	0.901411	0.197179	1.80282	0.9993428
2245	1	-1816.739	-1816.334	-0.4050021	0.352222	0.0944417	0.905558	0.188883	1.81112	0.9995371
2246	0	-1816.646	-1816.241	-0.4049712	0.316678	0.0929025	0.907097	0.185805	1.81419	0.9995062
2247	1	-1816.775	-1816.37	-0.4050021	0.302779	0.0964439	0.903556	0.192888	1.80711	0.9995371
2248	0	-1815.308	-1814.902	-0.4053998	0.333045	0.100663	0.899337	0.201325	1.79867	0.9999347
2249	1	-1816.956	-1816.551	-0.4048047	0.302636	0.102637	0.897363	0.205273	1.79473	0.9993398
2250	0	-1815.524	-1815.119	-0.4053998	0.336903	0.100663	0.899337	0.201325	1.79867	0.9999347
2251	1	-1815.81	-1815.404	-0.4053837	0.308512	0.100792	0.899208	0.201585	1.79842	0.9999186
2252	0	-1815.856	-1815.451	-0.4053998	0.342803	0.0914734	0.908527	0.182947	1.81705	0.9999347
2253	1	-1815.302	-1814.897	-0.4054085	0.309293	0.0980298	0.90197	0.19606	1.80394	0.9999434
2254	0	-1815.463	-1815.057	-0.4052321	0.316914	0.101383	0.898617	0.202766	1.79723	0.999767
2255	1	-1816.163	-1815.757	-0.4054329	0.297368	0.0991641	0.900836	0.198328	1.80167	0.9999678
2256	0	-1815.258	-1814.853	-0.4052321	0.324055	0.0955352	0.904465	0.19107	1.80893	0.999767
2257	1	-1814.699	-1814.294	-0.4054633	0.325966	0.0978401	0.90216	0.19568	1.80432	0.9999982
2258	0	-1815.363	-1814.958	-0.405376	0.308836	0.100338	0.899662	0.200676	1.79932	0.9999109
2259	1	-1820.653	-1820.249	-0.4040733	0.362217	0.0877183	0.912282	0.175437	1.82456	0.9986092
2260	0	-1816.815	-1816.411	-0.4043104	0.321862	0.0972987	0.902701	0.194597	1.8054	0.998846
2261	1	-1818.454	-1818.05	-0.404009	0.302043	0.097513	0.902487	0.195026	1.80497	0.998545
2262	0	-1815.387	-1814.982	-0.4053598	0.342419	0.096791	0.903209	0.193582	1.80642	0.9998947
2263	1	-1815.913	-1815.508	-0.4054283	0.305226	0.103954	0.896046	0.207908	1.79209	0.9999632
2264	0	-1815.267	-1814.861	-0.4052929	0.331954	0.0942859	0.905714	0.188572	1.81143	0.9998278
2265	1	-1817.436	-1817.03	-0.4054283	0.290907	0.0964423	0.903558	0.192885	1.80712	0.9999632
2266	0	-1816.666	-1816.261	-0.4045416	0.339184	0.0961572	0.903843	0.192314	1.80769	0.9990769
2267	1	-1815.34	-1814.935	-0.4051275	0.323062	0.098831	0.901169	0.197662	1.80234	0.9996625
2268	0	-1816.598	-1816.194	-0.4047708	0.330671	0.101832	0.898168	0.203665	1.79634	0.9993059
2269	1	-1818.286	-1817.881	-0.4043794	0.352201	0.0909926	0.909007	0.181985	1.81801	0.9989148
2270	0	-1815.59	-1815.185	-0.4051826	0.335772	0.0993012	0.900699	0.198602	1.8014	0.9997176
2271	1	-1816.294	-1815.889	-0.4048684	0.338477	0.099201	0.900799	0.198402	1.8016	0.9994035
2272	0	-1816.108	-1815.703	-0.4051826	0.314208	0.10396	0.89604	0.207921	1.79208	0.9997176
2273	1	-1815.199	-1814.794	-0.4052026	0.322761	0.0971198	0.90288	0.19424	1.80576	0.9997376
2274	0	-1815.033	-1814.628	-0.4053493	0.324393	0.0955962	0.904404	0.191192	1.80881	0.9998842
2275	1	-1815.731	-1815.326	-0.4052026	0.311603	0.0962555	0.903744	0.192511	1.80749	0.9997376
2276	0	-1815.483	-1815.078	-0.4051881	0.337929	0.0974276	0.902572	0.194855	1.80514	0.999723
2277	1	-1815.509	-1815.104	-0.4052674	0.30965	0.100164	0.899836	0.200329	1.79967	0.9998023
2278	0	-1815.817	-1815.412	-0.4051881	0.315459	0.0947221	0.905278	0.189444	1.81056	0.999723
2279	1	-1816.008	-1815.603	-0.4051879	0.333323	0.0918426	0.908157	0.183685	1.81631	0.9997228
2280	0	-1815.435	-1815.03	-0.405145	0.335252	0.0959076	0.904092	0.191815	1.80818	0.99968
2281	1	-1818.225	-1817.821	-0.4038818	0.315415	0.103048	0.896952	0.206095	1.7939	0.9984179
2282	0	-1816.562	-1816.157	-0.405145	0.342397	0.0905983	0.909402	0.181197	1.8188	0.99968
2283	1	-1815.144	-1814.739	-0.4053306	0.328528	0.0946648	0.905335	0.18933	1.81067	0.9998655
2284	0	-1815.777	-1815.371	-0.405145	0.317054	0.0948617	0.905138	0.189723	1.81028	0.99968
2285	1	-1821.468	-1821.066	-0.4023394	0.309863	0.0942985	0.905701	0.188597	1.8114	0.9968791
2286	0	-1817.409	-1817.004	-0.405145	0.357424	0.090562	0.909438	0.181124	1.81888	0.99968
2287	1	-1815.824	-1815.419	-0.4052548	0.318999	0.0934641	0.906536	0.186928	1.81307	0.9997897
2288	0	-1816.26	-1815.855	-0.405145	0.309072	0.103876	0.896124	0.207752	1.79225	0.99968
2289	1	-1817.798	-1817.393	-0.4048439	0.359294	0.092917	0.907083	0.185834	1.81417	0.999379
2290	0	-1815.924	-1815.518	-0.4054263	0.347158	0.0917487	0.908251	0.183497	1.8165	0.9999612
2291	1	-1815.349	-1814.944	-0.4053264	0.323542	0.0940936	0.905906	0.188187	1.81181	0.9998613
2292	0	-1818.247	-1817.841	-0.405358	0.293219	0.109224	0.890776	0.218448	1.78155	0.9998929
2293	1	-1815.362	-1814.956	-0.4053264	0.321581	0.101856	0.898144	0.203711	1.79629	0.9998613
2294	0	-1817.317	-1816.911	-0.405358	0.319945	0.107964	0.892036	0.215929	1.78407	0.9998929
2295	1	-1817.427	-1817.022	-0.4047097	0.347888	0.0910243	0.908976	0.182049	1.81795	0.9992449
2296	0	-1815.26	-1814.855	-0.405183	0.320012	0.0979922	0.902008	0.195984	1.80402	0.9997179
2297	1	-1816.607	-1816.201	-0.4053455	0.311778	0.106471	0.893529	0.212943	1.78706	0.9998804
2298	0	-1816.37	-1815.965	-0.4050481	0.341031	0.0917387	0.908261	0.183477	1.81652	0.999583
2299	1	-1817.92	-1817.516	-0.4041485	0.344866	0.0927599	0.90724	0.18552	1.81448	0.9986843
2300	0	-1818.371	-1817.967	-0.4036528	0.310374	0.0997207	0.900279	0.199441	1.80056	0.9981894
2301	1	-1816.593	-1816.189	-0.4047472	0.328825	0.10195	0.89805	0.203901	1.7961	0.9992823
2302	0	-1816.202	-1815.797	-0.4050883	0.342386	0.092327	0.907673	0.184654	1.81535	0.9996233
2303	1	-1816.871	-1816.466	-0.4045437	0.326646	0.093269	0.906731	0.186538	1.81346	0.999079
2304	0	-1815.535	-1815.13	-0.4054159	0.341658	0.0925742	0.907426	0.185148	1.81485	0.9999508
2305	1	-1816.829	-1816.424	-0.4044882	0.338803	0.0944688	0.905531	0.188938	1.81106	0.9990236
2306	0	-1817.37	-1816.965	-0.4052888	0.339714	0.0880227	0.911977	0.176045	1.82395	0.9998237
2307	1	-1815.656	-1815.251	-0.4049357	0.327886	0.097141	0.902859	0.194282	1.80572	0.9994708
2308	0	-1815.794	-1815.389	-0.4052884	0.313404	0.103406	0.896594	0.206812	1.79319	0.9998233
2309	1	-1818.882	-1818.479	-0.4031623	0.324791	0.0987675	0.901233	0.197535	1.80247	0.9976999
2310	0	-1816.17	-1815.765	-0.4049786	0.311275	0.0961742	0.903826	0.192348	1.80765	0.9995136
2311	1	-1817.061	-1816.656	-0.4053327	0.295372	0.105687	0.894313	0.211373	1.78863	0.9998676
2312	0	-1815.854	-1815.449	-0.4051968	0.31437	0.102997	0.897003	0.205994	1.79401	0.9997317
2313	1	-1816.197	-1815.792	-0.4053327	0.299366	0.102324	0.897676	0.204647	1.79535	0.9998676
2314	0	-1816.11	-1815.704	-0.4050965	0.312425	0.0950101	0.90499	0.19002	1.80998	0.9996315
2315	1	-1815.045	-1814.64	-0.4053647	0.328801	0.099636	0.900364	0.199272	1.80073	0.9998996
2316	0	-1820.142	-1819.737	-0.4050965	0.283795	0.0938896	0.90611	0.187779	1.81222	0.9996315
2317	1	-1817.895	-1817.49	-0.4047613	0.312298	0.107106	0.892894	0.214211	1.78579	0.9992964
2318	0	-1817.875	-1817.471	-0.404074	0.305809	0.0997426	0.900257	0.199485	1.80051	0.9986099
2319	1	-1817.12	-1816.715	-0.4052308	0.352558	0.0999023	0.900098	0.199805	1.8002	0.9997657
2320	0	-1817.469	-1817.064	-0.4049115	0.3395	0.103488	0.896512	0.206976	1.79302	0.9994465
2321	1	-1817.395	-1816.991	-0.4046509	0.311814	0.0934497	0.90655	0.186899	1.8131	0.9991861
2322	0	-1816.46	-1816.055	-0.4049954	0.332801	0.102416	0.897584	0.204833	1.79517	0.9995304
2323	1	-1816.879	-1816.474	-0.4048363	0.302236	0.0980113	0.901989	0.196023	1.80398	0.9993714
2324	0	-1815.067	-1814.661	-0.4054591	0.33078	0.0937104	0.90629	0.187421	1.81258	0.999994
2325	1	-1818.271	-1817.866	-0.4050958	0.349311	0.103559	0.896441	0.207117	1.79288	0.9996308
2326	0	-1816.268	-1815.862	-0.4054591	0.316958	0.0915305	0.908469	0.183061	1.81694	0.999994
2327	1	-1819.298	-1818.893	-0.4050958	0.355588	0.103765	0.896235	0.20753	1.79247	0.9996308
2328	0	-1815.027	-1814.621	-0.4054591	0.331932	0.0939223	0.906078	0.187845	1.81216	0.999994
2329	1	-1815.928	-1815.523	-0.4052412	0.347043	0.0939345	0.906066	0.187869	1.81213	0.9997761
2330	0	-1815.213	-1814.808	-0.4054591	0.326593	0.101855	0.898145	0.203711	1.79629	0.999994
2331	1	-1816.363	-1815.958	-0.4048797	0.339657	0.0992777	0.900722	0.198555	1.80144	0.9994148
2332	0	-1815.869	-1815.464	-0.4053443	0.310164	0.0948435	0.905157	0.189687	1.81031	0.9998792
2333	1	-1817.314	-1816.91	-0.4040307	0.323568	0.0987702	0.90123	0.19754	1.80246	0.9985666
2334	0	-1816.08	-1815.675	-0.4049288	0.311942	0.0972034	0.902797	0.194407	1.80559	0.9994638
2335	1	-1817.2	-1816.796	-0.4045118	0.341551	0.0994779	0.900522	0.198956	1.80104	0.9990471
2336	0	-1819.098	-1818.693	-0.4049154	0.352161	0.0864671	0.913533	0.172934	1.82707	0.9994505
2337	1	-1816.29	-1815.885	-0.4048497	0.322819	0.102121	0.897879	0.204242	1.79576	0.9993847
2338	0	-1815.632	-1815.227	-0.4052892	0.342299	0.098122	0.901878	0.196244	1.80376	0.9998241
2339	1	-1817.273	-1816.868	-0.4046228	0.334876	0.102459	0.897541	0.204919	1.79508	0.999158
2340	0	-1815.234	-1814.829	-0.4053702	0.311991	0.0977415	0.902259	0.195483	1.80452	0.999905
2341	1	-1816.536	-1816.131	-0.4052679	0.300312	0.104284	0.895716	0.208568	1.79143	0.9998028
2342	0	-1815.362	-1814.957	-0.4053702	0.315051	0.102125	0.897875	0.20425	1.79575	0.999905
2343	1	-1819.825	-1819.422	-0.4035561	0.317032	0.106379	0.893621	0.212757	1.78724	0.9980928
2344	0	-1817.753	-1817.348	-0.4045941	0.350999	0.0912765	0.908723	0.182553	1.81745	0.9991294
2345	1	-1818.773	-1818.369	-0.4035733	0.34417	0.0938891	0.906111	0.187778	1.81222	0.99811
2346	0	-1815.719	-1815.314	-0.4051004	0.31209	0.0976889	0.902311	0.195378	1.80462	0.9996354
2347	1	-1816.707	-1816.302	-0.4044916	0.323281	0.100884	0.899116	0.201768	1.79823	0.999027
2348	0	-1817.137	-1816.732	-0.4050393	0.332493	0.0896026	0.910397	0.179205	1.82079	0.9995743
2349	1	-1815.603	-1815.197	-0.4053223	0.308633	0.101857	0.898143	0.203715	1.79629	0.9998572
2350	0	-1816.242	-1815.838	-0.4046274	0.324865	0.0988366	0.901163	0.197673	1.80233	0.9991626
2351	1	-1820.713	-1820.309	-0.403106	0.356171	0.0966135	0.903386	0.193227	1.80677	0.9976436
2352	0	-1818.724	-1818.32	-0.4042988	0.334895	0.0889765	0.911023	0.177953	1.82205	0.9988343
2353	1	-1815.329	-1814.924	-0.4051739	0.319727	0.0969061	0.903094	0.193812	1.80619	0.9997088
2354	0	-1816.251	-1815.846	-0.4046199	0.328762	0.0980783	0.901922	0.196157	1.80384	0.9991551
2355	1	-1815.268	-1814.863	-0.4052903	0.332377	0.0943211	0.905679	0.188642	1.81136	0.9998252
2356	0	-1818.949	-1818.544	-0.4047351	0.3426	0.0869773	0.913023	0.173955	1.82605	0.9992703
2357	1	-1816.313	-1815.908	-0.4047375	0.327784	0.1007	0.8993	0.201399	1.7986	0.9992727
2358	0	-1816.012	-1815.607	-0.404972	0.319887	0.0945995	0.9054	0.189199	1.8108	0.999507
2359	1	-1816.049	-1815.643	-0.4052852	0.31115	0.104269	0.895731	0.208537	1.79146	0.9998201
2360	0	-1820.816	-1820.413	-0.402848	0.338372	0.0901397	0.90986	0.180279	1.81972	0.9973863
2361	1	-1816.283	-1815.878	-0.4052852	0.328035	0.10428	0.89572	0.20856	1.79144	0.9998201
2362	0	-1819.681	-1819.277	-0.4046637	0.314062	0.110539	0.889461	0.221079	1.77892	0.999199
2363	1	-1815.998	-1815.592	-0.405448	0.318919	0.0919198	0.90808	0.18384	1.81616	0.9999829
2364	0	-1815.541	-1815.135	-0.405044	0.329661	0.0986633	0.901337	0.197327	1.80267	0.999579
2365	1	-1817.162	-1816.757	-0.4050963	0.320157	0.0905061	0.909494	0.181012	1.81899	0.9996313
2366	0	-1816.56	-1816.155	-0.4046155	0.312418	0.100108	0.899892	0.200216	1.79978	0.9991508
2367	1	-1815.578	-1815.173	-0.4049804	0.323395	0.098024	0.901976	0.196048	1.80395	0.9995154
2368	0	-1815.527	-1815.122	-0.4052978	0.339403	0.0934007	0.906599	0.186801	1.8132	0.9998327
2369	1	-1816.573	-1816.168	-0.4048711	0.340431	0.0921482	0.907852	0.184296	1.8157	0.9994061
2370	0	-1815.228	-1814.822	-0.4053154	0.338168	0.095956	0.904044	0.191912	1.80809	0.9998503
2371	1	-1816.192	-1815.787	-0.4046493	0.326572	0.0984743	0.901526	0.196949	1.80305	0.9991845
2372	0	-1816.519	-1816.114	-0.4050708	0.322299	0.0918443	0.908156	0.183689	1.81631	0.9996058
2373	1	-1816.463	-1816.058	-0.4045998	0.317184	0.100264	0.899736	0.200527	1.79947	0.999135
2374	0	-1815.554	-1815.149	-0.4052262	0.341595	0.0956474	0.904353	0.191295	1.80871	0.9997611
2375	1	-1818.907	-1818.504	-0.4031451	0.326654	0.0964947	0.903505	0.192989	1.80701	0.9976827
2376	0	-1817.059	-1816.654	-0.4052635	0.302663	0.093797	0.906203	0.187594	1.81241	0.9997984
2377	1	-1815.42	-1815.014	-0.4052397	0.324498	0.0943823	0.905618	0.188765	1.81124	0.9997746
2378	0	-1817.071	-1816.666	-0.4053307	0.356257	0.0901743	0.909826	0.180349	1.81965	0.9998656
2379	1	-1816.259	-1815.854	-0.4046848	0.320433	0.100172	0.899828	0.200343	1.79966	0.99922
2380	0	-1817.839	-1817.434	-0.4053203	0.347396	0.104063	0.895937	0.208126	1.79187	0.9998552
2381	1	-1817.198	-1816.793	-0.4046848	0.324966	0.10416	0.89584	0.20832	1.79168	0.99922
2382	0	-1815.282	-1814.877	-0.4051767	0.332035	0.0965785	0.903422	0.193157	1.80684	0.9997116
2383	1	-1815.167	-1814.762	-0.4052063	0.3263	0.0970073	0.902993	0.194015	1.80599	0.9997413
2384	0	-1816.341	-1815.935	-0.4050312	0.303785	0.0985813	0.901419	0.197163	1.80284	0.9995662
2385	1	-1816.946	-1816.541	-0.4051889	0.300208	0.105456	0.894544	0.210912	1.78909	0.9997238
2386	0	-1818.562	-1818.158	-0.4036412	0.31322	0.0955929	0.904407	0.191186	1.80881	0.9981778
2387	1	-1817.317	-1816.912	-0.4051889	0.346579	0.0886879	0.911312	0.177376	1.82262	0.9997238
2388	0	-1819.153	-1818.75	-0.4032037	0.319428	0.0949473	0.905053	0.189895	1.81011	0.9977411
2389	1	-1816.373	-1815.968	-0.4053279	0.306573	0.0942726	0.905727	0.188545	1.81145	0.9998628
2390	0	-1817.134	-1816.729	-0.4043073	0.339919	0.0954445	0.904556	0.190889	1.80911	0.9988429
2391	1	-1816.562	-1816.157	-0.4044725	0.330297	0.0958366	0.904163	0.191673	1.80833	0.9990079
2392	0	-1816.309	-1815.904	-0.4051634	0.348617	0.0975666	0.902433	0.195133	1.80487	0.9996984
2393	1	-1816.519	-1816.114	-0.4047396	0.318964	0.102396	0.897604	0.204793	1.79521	0.9992748
2394	0	-1816.794	-1816.39	-0.404626	0.317269	0.102711	0.897289	0.205421	1.79458	0.9991613
2395	1	-1817.293	-1816.888	-0.4049745	0.357187	0.094505	0.905495	0.18901	1.81099	0.9995095
2396	0	-1817.91	-1817.506	-0.404626	0.294319	0.0996435	0.900356	0.199287	1.80071	0.9991613
2397	1	-1817.524	-1817.119	-0.4049197	0.304972	0.106524	0.893476	0.213048	1.78695	0.9994547
2398	0	-1814.889	-1814.484	-0.4053846	0.321957	0.0989488	0.901051	0.197898	1.8021	0.9999195
2399	1	-1815.34	-1814.935	-0.4051371	0.323439	0.0991263	0.900874	0.198253	1.80175	0.9996721
2400	0	-1819.472	-1819.068	-0.4036713	0.348088	0.100121	0.899879	0.200242	1.79976	0.9982078
2401	1	-1819.819	-1819.414	-0.4052078	0.272726	0.103563	0.896437	0.207125	1.79287	0.9997428
2402	0	-1816.046	-1815.641	-0.4050416	0.326518	0.0929977	0.907002	0.185995	1.814	0.9995765
2403	1	-1814.833	-1814.428	-0.405405	0.330034	0.0969512	0.903049	0.193902	1.8061	0.9999399
2404	0	-1818.065	-1817.66	-0.4052529	0.35758	0.100778	0.899222	0.201556	1.79844	0.9997878
2405	1	-1816.379	-1815.974	-0.405405	0.311933	0.0924698	0.90753	0.18494	1.81506	0.9999399
2406	0	-1815.785	-1815.38	-0.4052529	0.321244	0.103143	0.896857	0.206286	1.79371	0.9997878
2407	1	-1814.974	-1814.569	-0.405405	0.317395	0.0998771	0.900123	0.199754	1.80025	0.9999399
2408	0	-1818.939	-1818.535	-0.4039112	0.300131	0.0968192	0.903181	0.193638	1.80636	0.9984473
2409	1	-1816.981	-1816.576	-0.4050816	0.339649	0.102959	0.897041	0.205918	1.79408	0.9996165
2410	0	-1815.445	-1815.039	-0.4053847	0.307829	0.0979927	0.902007	0.195985	1.80401	0.9999196
2411	1	-1817.146	-1816.742	-0.4044879	0.306087	0.0985407	0.901459	0.197081	1.80292	0.9990233
2412	0	-1814.963	-1814.557	-0.4053847	0.324094	0.0998551	0.900145	0.19971	1.80029	0.9999196
2413	1	-1816.665	-1816.261	-0.4044879	0.335915	0.0975892	0.902411	0.195178	1.80482	0.9990233
2414	0	-1815.079	-1814.674	-0.4053847	0.316015	0.0969409	0.903059	0.193882	1.80612	0.9999196
2415	1	-1817.399	-1816.994	-0.4044879	0.305125	0.0969372	0.903063	0.193874	1.80613	0.9990233
2416	0	-1814.911	-1814.505	-0.4053847	0.321078	0.0969638	0.903036	0.193928	1.80607	0.9999196
2417	1	-1815.529	-1815.124	-0.4051383	0.332906	0.0992194	0.900781	0.198439	1.80156	0.9996733
2418	0	-1817.256	-1816.851	-0.4052076	0.31871	0.0901157	0.909884	0.180231	1.81977	0.9997425
2419	1	-1815.668	-1815.263	-0.4052734	0.339117	0.0995601	0.90044	0.19912	1.80088	0.9998083
2420	0	-1819.39	-1818.985	-0.4052982	0.274409	0.104068	0.895932	0.208136	1.79186	0.9998331
2421	1	-1817.418	-1817.014	-0.4040117	0.331433	0.095647	0.904353	0.191294	1.80871	0.9985477
2422	0	-1817.333	-1816.929	-0.4044656	0.339863	0.10031	0.89969	0.200621	1.79938	0.999001
2423	1	-1815.12	-1814.715	-0.4054024	0.317204	0.101164	0.898836	0.202327	1.79767	0.9999373
2424	0	-1816.425	-1816.021	-0.4047264	0.329917	0.100836	0.899164	0.201672	1.79833	0.9992615
2425	1	-1816.903	-1816.499	-0.4047063	0.337217	0.10111	0.89889	0.202221	1.79778	0.9992415
2426	0	-1815.187	-1814.781	-0.4054402	0.341952	0.0959152	0.904085	0.19183	1.80817	0.9999751
2427	1	-1815.24	-1814.835	-0.4053756	0.336183	0.0991446	0.900855	0.198289	1.80171	0.9999105
2428	0	-1815.07	-1814.664	-0.4054402	0.312057	0.0997203	0.90028	0.199441	1.80056	0.9999751
2429	1	-1819.945	-1819.541	-0.4042492	0.283094	0.103138	0.896862	0.206276	1.79372	0.9987849
2430	0	-1815.132	-1814.727	-0.4054402	0.315306	0.0959741	0.904026	0.191948	1.80805	0.9999751
2431	1	-1815.556	-1815.151	-0.4049993	0.322922	0.0984357	0.901564	0.196871	1.80313	0.9995343
2432	0	-1816.347	-1815.942	-0.4051945	0.318821	0.104827	0.895173	0.209654	1.79035	0.9997294
2433	1	-1815.619	-1815.213	-0.4053831	0.304493	0.0991512	0.900849	0.198302	1.8017	0.999918
2434	0	-1814.942	-1814.537	-0.4054304	0.333178	0.0986094	0.901391	0.197219	1.80278	0.9999653
2435	1	-1815.783	-1815.378	-0.4051392	0.334741	0.0930763	0.906924	0.186153	1.81385	0.9996742
2436	0	-1816.133	-1815.728	-0.4054304	0.337948	0.102744	0.897256	0.205488	1.79451	0.9999653
2437	1	-1815.915	-1815.51	-0.4049682	0.331619	0.093903	0.906097	0.187806	1.81219	0.9995033
2438	0	-1815.7	-1815.295	-0.4054304	0.304686	0.102593	0.897407	0.205186	1.79481	0.9999653
2439	1	-1818.549	-1818.144	-0.4047526	0.320033	0.089069	0.910931	0.178138	1.82186	0.9992878
2440	0	-1815.922	-1815.516	-0.405107	0.341561	0.0935677	0.906432	0.187135	1.81286	0.9996419
2441	1	-1817.638	-1817.234	-0.4047526	0.303314	0.10569	0.89431	0.21138	1.78862	0.9992878
2442	0	-1815.737	-1815.332	-0.4049519	0.333599	0.0974504	0.90255	0.194901	1.8051	0.9994869
2443	1	-1816.301	-1815.897	-0.4048382	0.34164	0.0971403	0.90286	0.194281	1.80572	0.9993733
2444	0	-1815.415	-1815.01	-0.4053483	0.325383	0.102007	0.897993	0.204013	1.79599	0.9998832
2445	1	-1819.435	-1819.03	-0.4048382	0.294754	0.092502	0.907498	0.185004	1.815	0.9993733
2446	0	-1817.334	-1816.93	-0.4044856	0.305887	0.0969652	0.903035	0.19393	1.80607	0.999021
2447	1	-1818.911	-1818.506	-0.4048382	0.304072	0.0910205	0.908979	0.182041	1.81796	0.9993733
2448	0	-1816.12	-1815.714	-0.4054437	0.353404	0.0961141	0.903886	0.192228	1.80777	0.9999786
2449	1	-1815.893	-1815.488	-0.4049155	0.318326	0.100442	0.899558	0.200884	1.79912	0.9994505
2450	0	-1817.939	-1817.535	-0.4041116	0.336779	0.09191	0.90809	0.18382	1.81618	0.9986474
2451	1	-1816.589	-1816.184	-0.4048437	0.324071	0.0926188	0.907381	0.185238	1.81476	0.9993788
2452	0	-1815.795	-1815.39	-0.404909	0.331872	0.0980616	0.901938	0.196123	1.80388	0.999444
2453	1	-1818.597	-1818.193	-0.4049519	0.283485	0.102129	0.897871	0.204257	1.79574	0.999487
2454	0	-1815.155	-1814.75	-0.4052219	0.322145	0.0980577	0.901942	0.196115	1.80388	0.9997568
2455	1	-1815.546	-1815.141	-0.4053583	0.33324	0.0923924	0.907608	0.184785	1.81522	0.9998932
2456	0	-1817.096	-1816.691	-0.4048143	0.347879	0.091611	0.908389	0.183222	1.81678	0.9993494
2457	1	-1818.223	-1817.818	-0.4050617	0.350166	0.087483	0.912517	0.174966	1.82503	0.9995967
2458	0	-1817.914	-1817.509	-0.4048143	0.296032	0.0962265	0.903774	0.192453	1.80755	0.9993494
2459	1	-1815.872	-1815.467	-0.4049444	0.315006	0.100003	0.899997	0.200006	1.79999	0.9994795
2460	0	-1816.505	-1816.1	-0.4053491	0.295609	0.0991172	0.900883	0.198234	1.80177	0.999884
2461	1	-1815.861	-1815.456	-0.4053053	0.348285	0.0946528	0.905347	0.189306	1.81069	0.9998402
2462	0	-1815.954	-1815.549	-0.4053491	0.300787	0.10008	0.89992	0.200161	1.79984	0.999884
2463	1	-1815.577	-1815.172	-0.4053053	0.31028	0.0966238	0.903376	0.193248	1.80675	0.9998402
2464	0	-1815.211	-1814.806	-0.4053845	0.313161	0.100899	0.899101	0.201798	1.7982	0.9999194
2465	1	-1817.319	-1816.914	-0.4046972	0.346277	0.091235	0.908765	0.18247	1.81753	0.9992324
2466	0	-1815.583	-1815.178	-0.4053845	0.332011	0.0921116	0.907888	0.184223	1.81578	0.9999194
2467	1	-1815.744	-1815.339	-0.4050661	0.338246	0.0977542	0.902246	0.195508	1.80449	0.9996011
2468	0	-1817.135	-1816.73	-0.4054174	0.29359	0.0962521	0.903748	0.192504	1.8075	0.9999523
2469	1	-1816.295	-1815.89	-0.4052807	0.298292	0.100665	0.899335	0.20133	1.79867	0.9998156
2470	0	-1815.042	-1814.636	-0.4054174	0.321219	0.10098	0.89902	0.201959	1.79804	0.9999523
2471	1	-1816.679	-1816.274	-0.404829	0.32123	0.0928031	0.907197	0.185606	1.81439	0.9993641
2472	0	-1820.28	-1819.876	-0.4038226	0.294295	0.0950507	0.904949	0.190101	1.8099	0.9983588
2473	1	-1817.833	-1817.428	-0.4045114	0.324999	0.105083	0.894917	0.210166	1.78983	0.9990468
2474	0	-1816.645	-1816.24	-0.4048545	0.304723	0.101837	0.898163	0.203674	1.79633	0.9993896
2475	1	-1815.556	-1815.151	-0.4053405	0.339179	0.0927812	0.907219	0.185562	1.81444	0.9998754
2476	0	-1814.906	-1814.501	-0.4053812	0.325711	0.0961005	0.9039	0.192201	1.8078	0.9999161
2477	1	-1817.817	-1817.412	-0.4051785	0.352302	0.0880946	0.911905	0.176189	1.82381	0.9997134
2478	0	-1815.001	-1814.595	-0.4053812	0.332117	0.0951318	0.904868	0.190264	1.80974	0.9999161
2479	1	-1815.401	-1814.996	-0.4051785	0.328157	0.0998996	0.9001	0.199799	1.8002	0.9997134
2480	0	-1817.145	-1816.74	-0.4046476	0.346395	0.0924839	0.907516	0.184968	1.81503	0.9991829
2481	1	-1816.143	-1815.738	-0.4049651	0.343598	0.0953317	0.904668	0.190663	1.80934	0.9995001
2482	0	-1816.67	-1816.265	-0.4049153	0.347573	0.0928536	0.907146	0.185707	1.81429	0.9994504
2483	1	-1815.289	-1814.883	-0.405233	0.315585	0.0986265	0.901374	0.197253	1.80275	0.999768
2484	0	-1817.383	-1816.978	-0.4049554	0.336426	0.104165	0.895835	0.208329	1.79167	0.9994904
2485	1	-1815.8	-1815.395	-0.4048895	0.3265	0.0990768	0.900923	0.198154	1.80185	0.9994246
2486	0	-1817.698	-1817.294	-0.4041655	0.323447	0.102807	0.897193	0.205614	1.79439	0.9987012
2487	1	-1815.327	-1814.922	-0.4052784	0.328361	0.100548	0.899452	0.201097	1.7989	0.9998133
2488	0	-1815.293	-1814.888	-0.4052306	0.333876	0.0951857	0.904814	0.190371	1.80963	0.9997655
2489	1	-1818.211	-1817.806	-0.4052301	0.348995	0.104059	0.895941	0.208118	1.79188	0.999765
2490	0	-1817.307	-1816.903	-0.4041652	0.318208	0.100933	0.899067	0.201866	1.79813	0.9987009
2491	1	-1816.711	-1816.305	-0.4052301	0.326395	0.090223	0.909777	0.180446	1.81955	0.999765
2492	0	-1815.23	-1814.825	-0.405222	0.325171	0.0995333	0.900467	0.199067	1.80093	0.9997569
2493	1	-1815.971	-1815.565	-0.4053542	0.336264	0.0910053	0.908995	0.182011	1.81799	0.9998891
2494	0	-1817.061	-1816.657	-0.4046706	0.349027	0.094717	0.905283	0.189434	1.81057	0.9992058
2495	1	-1815.008	-1814.602	-0.4054271	0.317154	0.0964337	0.903566	0.192867	1.80713	0.999962
2496	0	-1815.625	-1815.22	-0.4049642	0.323627	0.0986808	0.901319	0.197362	1.80264	0.9994992
2497	1	-1814.795	-1814.39	-0.4054271	0.330081	0.0973884	0.902612	0.194777	1.80522	0.999962
2498	0	-1817.121	-1816.716	-0.4042125	0.3328	0.095097	0.904903	0.190194	1.80981	0.9987481
2499	1	-1815.9	-1815.495	-0.4054271	0.349833	0.0928098	0.90719	0.18562	1.81438	0.999962
2500	0	-1816.616	-1816.212	-0.4047697	0.3455	0.0955812	0.904419	0.191162	1.80884	0.9993048
2501	1	-1816.39	-1815.986	-0.4045597	0.331246	0.0976905	0.902309	0.195381	1.80462	0.999095
2502	0	-1817.668	-1817.264	-0.4040692	0.311391	0.0971512	0.902849	0.194302	1.8057	0.9986051
2503	1	-1815.907	-1815.502	-0.4050529	0.316363	0.0952147	0.904785	0.190429	1.80957	0.9995879
2504	0	-1817.129	-1816.724	-0.4053521	0.31653	0.0901873	0.909813	0.180375	1.81963	0.999887
2505	1	-1816.207	-1815.802	-0.4050529	0.306777	0.0971943	0.902806	0.194389	1.80561	0.9995879
2506	0	-1816.04	-1815.634	-0.4054578	0.353543	0.09454	0.90546	0.18908	1.81092	0.9999927
2507	1	-1818.112	-1817.707	-0.4049526	0.299773	0.0934247	0.906575	0.186849	1.81315	0.9994876
2508	0	-1814.808	-1814.403	-0.4054578	0.329562	0.098847	0.901153	0.197694	1.80231	0.9999927
2509	1	-1818.202	-1817.798	-0.4041914	0.352166	0.0952233	0.904777	0.190447	1.80955	0.9987271
2510	0	-1817.908	-1817.504	-0.4037069	0.326944	0.0986757	0.901324	0.197351	1.80265	0.9982433
2511	1	-1816.6	-1816.195	-0.405003	0.312474	0.104513	0.895487	0.209027	1.79097	0.999538
2512	0	-1816.845	-1816.44	-0.4045406	0.315694	0.0953307	0.904669	0.190661	1.80934	0.9990759
2513	1	-1816.058	-1815.653	-0.4048313	0.336312	0.0953637	0.904636	0.190727	1.80927	0.9993664
2514	0	-1816.599	-1816.194	-0.4050187	0.350184	0.0933687	0.906631	0.186737	1.81326	0.9995537
2515	1	-1817.954	-1817.55	-0.4039506	0.331548	0.0929368	0.907063	0.185874	1.81413	0.9984866
2516	0	-1816.058	-1815.653	-0.4050187	0.315542	0.0949965	0.905004	0.189993	1.81001	0.9995537
2517	1	-1815.166	-1814.761	-0.4053364	0.315106	0.0974159	0.902584	0.194832	1.80517	0.9998713
2518	0	-1815.411	-1815.006	-0.4051724	0.319345	0.0962015	0.903799	0.192403	1.8076	0.9997073
2519	1	-1817.923	-1817.518	-0.4049852	0.289402	0.10397	0.89603	0.20794	1.79206	0.9995202
2520	0	-1815.551	-1815.146	-0.4050584	0.32117	0.0962917	0.903708	0.192583	1.80742	0.9995934
2521	1	-1816.093	-1815.688	-0.4049852	0.343421	0.0957245	0.904276	0.191449	1.80855	0.9995202
2522	0	-1815.364	-1814.958	-0.4051833	0.329839	0.0949658	0.905034	0.189932	1.81007	0.9997183
2523	1	-1816.377	-1815.972	-0.4051439	0.314018	0.0933264	0.906674	0.186653	1.81335	0.9996789
2524	0	-1816.346	-1815.941	-0.4050288	0.338182	0.100939	0.899061	0.201878	1.79812	0.9995637
2525	1	-1815.682	-1815.276	-0.4051439	0.334087	0.0935147	0.906485	0.187029	1.81297	0.9996789
2526	0	-1815.354	-1814.949	-0.4054333	0.307167	0.0987516	0.901248	0.197503	1.8025	0.9999682
2527	1	-1817.997	-1817.592	-0.4044193	0.345861	0.100521	0.899479	0.201041	1.79896	0.9989547
2528	0	-1820.276	-1819.871	-0.4050241	0.286865	0.0927592	0.907241	0.185518	1.81448	0.9995591
2529	1	-1816.286	-1815.881	-0.4047548	0.316707	0.0960714	0.903929	0.192143	1.80786	0.9992899
2530	0	-1815.009	-1814.604	-0.4052921	0.326727	0.0971587	0.902841	0.194317	1.80568	0.999827
2531	1	-1816.089	-1815.684	-0.4050399	0.313707	0.0951852	0.904815	0.19037	1.80963	0.9995749
2532	0	-1815.415	-1815.009	-0.4052247	0.3387	0.0958706	0.904129	0.191741	1.80826	0.9997596
2533	1	-1815.776	-1815.37	-0.4053493	0.346952	0.097172	0.902828	0.194344	1.80566	0.9998842
2534	0	-1819.237	-1818.832	-0.4051144	0.283785	0.0960692	0.903931	0.192138	1.80786	0.9996493
2535	1	-1815.879	-1815.473	-0.4053493	0.309364	0.0950244	0.904976	0.190049	1.80995	0.9998842
2536	0	-1815.104	-1814.698	-0.4052705	0.331619	0.096694	0.903306	0.193388	1.80661	0.9998054
2537	1	-1817.801	-1817.395	-0.4053549	0.307482	0.109378	0.890622	0.218756	1.78124	0.9998898
2538	0	-1818.226	-1817.821	-0.4054255	0.297117	0.0920979	0.907902	0.184196	1.8158	0.9999604
2539	1	-1815.032	-1814.627	-0.4053549	0.316804	0.0982101	0.90179	0.19642	1.80358	0.9998898
2540	0	-1816.237	-1815.833	-0.4047316	0.336646	0.0955608	0.904439	0.191122	1.80888	0.9992667
2541	1	-1816.115	-1815.709	-0.4053549	0.301499	0.0972678	0.902732	0.194536	1.80546	0.9998898
2542	0	-1814.953	-1814.548	-0.4054017	0.333411	0.0980435	0.901956	0.196087	1.80391	0.9999366
2543	1	-1815.336	-1814.931	-0.4053549	0.318235	0.102021	0.897979	0.204041	1.79596	0.9998898
2544	0	-1817.01	-1816.605	-0.4054017	0.289481	0.101209	0.898791	0.202419	1.79758	0.9999366
2545	1	-1816.544	-1816.139	-0.4052443	0.336527	0.103291	0.896709	0.206581	1.79342	0.9997792
2546	0	-1815.935	-1815.53	-0.4047937	0.329814	0.0967608	0.903239	0.193522	1.80648	0.9993288
2547	1	-1816.743	-1816.338	-0.404717	0.311386	0.0955835	0.904416	0.191167	1.80883	0.9992521
2548	0	-1815.491	-1815.086	-0.4053507	0.317798	0.0943128	0.905687	0.188626	1.81137	0.9998856
2549	1	-1815.165	-1814.759	-0.4054028	0.324398	0.0941992	0.905801	0.188398	1.8116	0.9999377
2550	0	-1815.812	-1815.407	-0.4054116	0.311473	0.0942229	0.905777	0.188446	1.81155	0.9999465
2551	1	-1815.872	-1815.467	-0.4054445	0.343071	0.100484	0.899516	0.200968	1.79903	0.9999794
2552	0	-1823.459	-1823.055	-0.4043595	0.283633	0.115121	0.884879	0.230241	1.76976	0.998895
2553	1	-1816.46	-1816.054	-0.4053074	0.353799	0.0966062	0.903394	0.193212	1.80679	0.9998423
2554	0	-1816.468	-1816.063	-0.405446	0.349641	0.100215	0.899785	0.20043	1.79957	0.9999809
2555	1	-1815.455	-1815.05	-0.4053094	0.309539	0.0981918	0.901808	0.196384	1.80362	0.9998443
2556	0	-1817.068	-1816.663	-0.4054177	0.346058	0.103048	0.896952	0.206096	1.7939	0.9999526
2557	1	-1815.641	-1815.236	-0.4053094	0.333035	0.101423	0.898577	0.202845	1.79715	0.9998443
2558	0	-1815.36	-1814.955	-0.4054177	0.344067	0.0960935	0.903907	0.192187	1.80781	0.9999526
2559	1	-1817.645	-1817.24	-0.4053094	0.295386	0.107644	0.892356	0.215288	1.78471	0.9998443
2560	0	-1816.315	-1815.909	-0.4054177	0.33744	0.10332	0.89668	0.206639	1.79336	0.9999526
2561	1	-1815.071	-1814.666	-0.4054225	0.33453	0.0991141	0.900886	0.198228	1.80177	0.9999573
2562	0	-1814.944	-1814.538	-0.4054156	0.335165	0.0959236	0.904076	0.191847	1.80815	0.9999505
2563	1	-1816.514	-1816.108	-0.4054225	0.35589	0.0967528	0.903247	0.193506	1.80649	0.9999573
2564	0	-1816.098	-1815.693	-0.4051028	0.342699	0.0987983	0.901202	0.197597	1.8024	0.9996378
2565	1	-1815.061	-1814.656	-0.4053182	0.322352	0.0996937	0.900306	0.199387	1.80061	0.9998531
2566	0	-1815.38	-1814.975	-0.4051504	0.320297	0.099748	0.900252	0.199496	1.8005	0.9996854
2567	1	-1816.333	-1815.927	-0.4054191	0.35161	0.098554	0.901446	0.197108	1.80289	0.999954
2568	0	-1815.612	-1815.207	-0.4051715	0.337968	0.094098	0.905902	0.188196	1.8118	0.9997065
2569	1	-1814.884	-1814.479	-0.4054191	0.319759	0.0995246	0.900475	0.199049	1.80095	0.999954
2570	0	-1823.765	-1823.362	-0.4026709	0.359239	0.10264	0.89736	0.20528	1.79472	0.9972097
2571	1	-1815.74	-1815.335	-0.4049009	0.323718	0.096902	0.903098	0.193804	1.8062	0.9994359
2572	0	-1818.265	-1817.861	-0.4036867	0.328273	0.0938114	0.906189	0.187623	1.81238	0.9982232
2573	1	-1817.336	-1816.931	-0.404292	0.32912	0.0930426	0.906957	0.186085	1.81391	0.9988276
2574	0	-1817.184	-1816.779	-0.4044797	0.30698	0.0975288	0.902471	0.195058	1.80494	0.9990151
2575	1	-1815.306	-1814.901	-0.4052683	0.338	0.0959399	0.90406	0.19188	1.80812	0.9998032
2576	0	-1819.14	-1818.736	-0.4036468	0.337126	0.0907595	0.909241	0.181519	1.81848	0.9981833
2577	1	-1815.216	-1814.81	-0.4053989	0.325308	0.093884	0.906116	0.187768	1.81223	0.9999338
2578	0	-1817.055	-1816.65	-0.4047957	0.351306	0.0938301	0.90617	0.18766	1.81234	0.9993308
2579	1	-1815.371	-1814.965	-0.4052663	0.320022	0.101337	0.898663	0.202675	1.79733	0.9998012
2580	0	-1816.662	-1816.256	-0.4054467	0.310017	0.107086	0.892914	0.214171	1.78583	0.9999816
2581	1	-1819.423	-1819.018	-0.4052548	0.289202	0.111014	0.888986	0.222027	1.77797	0.9997897
2582	0	-1816.338	-1815.933	-0.4052577	0.321946	0.0914821	0.908518	0.182964	1.81704	0.9997926
2583	1	-1815.604	-1815.199	-0.4053849	0.346277	0.0941345	0.905866	0.188269	1.81173	0.9999198
2584	0	-1815.678	-1815.273	-0.4051835	0.327065	0.101652	0.898348	0.203304	1.7967	0.9997184
2585	1	-1815.398	-1814.993	-0.4053849	0.307739	0.0989014	0.901099	0.197803	1.8022	0.9999198
2586	0	-1817.107	-1816.702	-0.405404	0.362113	0.0940629	0.905937	0.188126	1.81187	0.9999389
2587	1	-1817.003	-1816.598	-0.4048024	0.300197	0.101055	0.898945	0.202111	1.79789	0.9993375
2588	0	-1817.72	-1817.315	-0.4045918	0.302411	0.104687	0.895313	0.209375	1.79063	0.999127
2589	1	-1816.612	-1816.207	-0.404754	0.320142	0.0975402	0.90246	0.19508	1.80492	0.9992892
2590	0	-1815.562	-1815.157	-0.4051289	0.317166	0.096292	0.903708	0.192584	1.80742	0.9996639
2591	1	-1815.649	-1815.244	-0.405117	0.314545	0.0967581	0.903242	0.193516	1.80648	0.9996519
2592	0	-1816.215	-1815.81	-0.4046453	0.320773	0.0980004	0.902	0.196001	1.804	0.9991806
2593	1	-1817.875	-1817.471	-0.4038968	0.338233	0.0979919	0.902008	0.195984	1.80402	0.9984329
2594	0	-1815.724	-1815.319	-0.4050817	0.335663	0.0940628	0.905937	0.188126	1.81187	0.9996167
2595	1	-1816.693	-1816.287	-0.4052044	0.313298	0.0923022	0.907698	0.184604	1.8154	0.9997393
2596	0	-1815.621	-1815.216	-0.4051912	0.340185	0.0976918	0.902308	0.195384	1.80462	0.9997262
2597	1	-1815.634	-1815.229	-0.405169	0.33475	0.0997398	0.90026	0.19948	1.80052	0.9997039
2598	0	-1814.91	-1814.505	-0.4054167	0.334275	0.0971499	0.90285	0.1943	1.8057	0.9999516
2599	1	-1817.789	-1817.384	-0.4048271	0.358171	0.096118	0.903882	0.192236	1.80776	0.9993622
2600	0	-1814.981	-1814.576	-0.4054167	0.316674	0.100045	0.899955	0.20009	1.79991	0.9999516
2601	1	-1817.121	-1816.717	-0.4048152	0.320416	0.0917364	0.908264	0.183473	1.81653	0.9993503
2602	0	-1816.145	-1815.74	-0.4051413	0.303562	0.0987978	0.901202	0.197596	1.8024	0.9996762
2603	1	-1816.485	-1816.08	-0.4048152	0.343179	0.0938439	0.906156	0.187688	1.81231	0.9993503
2604	0	-1816.177	-1815.772	-0.4046726	0.3232	0.099109	0.900891	0.198218	1.80178	0.9992078
2605	1	-1818.33	-1817.925	-0.4053039	0.351938	0.0865702	0.91343	0.17314	1.82686	0.9998388
2606	0	-1817.867	-1817.463	-0.4040831	0.312771	0.102874	0.897126	0.205747	1.79425	0.9986189
2607	1	-1816.621	-1816.216	-0.4053039	0.32121	0.106009	0.893991	0.212018	1.78798	0.9998388
2608	0	-1817.505	-1817.101	-0.4039895	0.322011	0.100145	0.899855	0.200289	1.79971	0.9985255
2609	1	-1816.211	-1815.807	-0.404706	0.317792	0.0996611	0.900339	0.199322	1.80068	0.9992412
2610	0	-1816.294	-1815.889	-0.4050683	0.340708	0.0918621	0.908138	0.183724	1.81628	0.9996033
2611	1	-1815.92	-1815.515	-0.4049483	0.334723	0.0942645	0.905736	0.188529	1.81147	0.9994833
2612	0	-1816.984	-1816.579	-0.4050683	0.302868	0.0950492	0.904951	0.190098	1.8099	0.9996033
2613	1	-1816.174	-1815.769	-0.4049483	0.325355	0.0932701	0.90673	0.18654	1.81346	0.9994833
2614	0	-1815.438	-1815.033	-0.405055	0.324064	0.0978645	0.902136	0.195729	1.80427	0.99959
2615	1	-1818.513	-1818.108	-0.4049343	0.321601	0.0883863	0.911614	0.176773	1.82323	0.9994694
2616	0	-1817.174	-1816.768	-0.4053908	0.302234	0.093042	0.906958	0.186084	1.81392	0.9999257
2617	1	-1817.047	-1816.642	-0.4049343	0.308544	0.0938053	0.906195	0.187611	1.81239	0.9994694
2618	0	-1815.718	-1815.313	-0.4053908	0.305145	0.102383	0.897617	0.204767	1.79523	0.9999257
2619	1	-1817.147	-1816.742	-0.40452	0.305594	0.101284	0.898716	0.202569	1.79743	0.9990553
2620	0	-1816.721	-1816.315	-0.4053908	0.343706	0.102695	0.897305	0.205389	1.79461	0.9999257
2621	1	-1816.674	-1816.269	-0.4054361	0.358385	0.0923928	0.907607	0.184786	1.81521	0.999971
2622	0	-1816.228	-1815.823	-0.40532	0.351328	0.0970632	0.902937	0.194126	1.80587	0.9998549
2623	1	-1816.402	-1815.997	-0.4051293	0.305199	0.0960308	0.903969	0.192062	1.80794	0.9996642
2624	0	-1815.939	-1815.534	-0.4051358	0.306374	0.0988868	0.901113	0.197774	1.80223	0.9996707
2625	1	-1815.434	-1815.029	-0.4051293	0.316905	0.0983579	0.901642	0.196716	1.80328	0.9996642
2626	0	-1815.5	-1815.095	-0.4051824	0.325914	0.0943396	0.90566	0.188679	1.81132	0.9997174
2627	1	-1817.969	-1817.564	-0.4050425	0.287092	0.102537	0.897463	0.205073	1.79493	0.9995775
2628	0	-1816.516	-1816.111	-0.4050332	0.324637	0.0917512	0.908249	0.183502	1.8165	0.9995682
2629	1	-1815.586	-1815.18	-0.4053597	0.334095	0.0922324	0.907768	0.184465	1.81554	0.9998946
2630	0	-1816.236	-1815.831	-0.4051674	0.347231	0.0925855	0.907415	0.185171	1.81483	0.9997023
2631	1	-1817.679	-1817.275	-0.4040266	0.318767	0.0950324	0.904968	0.190065	1.80994	0.9985626
2632	0	-1815.512	-1815.107	-0.4053054	0.312707	0.0960335	0.903966	0.192067	1.80793	0.9998403
2633	1	-1815.272	-1814.867	-0.4051592	0.322368	0.0974216	0.902578	0.194843	1.80516	0.9996941
2634	0	-1816.084	-1815.679	-0.4054602	0.326838	0.0906636	0.909336	0.181327	1.81867	0.9999951
2635	1	-1816.564	-1816.158	-0.4051592	0.352942	0.095846	0.904154	0.191692	1.80831	0.9996941
2636	0	-1816.214	-1815.809	-0.4052962	0.324916	0.0912629	0.908737	0.182526	1.81747	0.9998311
2637	1	-1815.135	-1814.73	-0.4052705	0.320474	0.0993973	0.900603	0.198795	1.80121	0.9998054
2638	0	-1816.988	-1816.583	-0.4049607	0.343701	0.0904198	0.90958	0.18084	1.81916	0.9994957
2639	1	-1818.315	-1817.909	-0.4054475	0.363693	0.0996369	0.900363	0.199274	1.80073	0.9999824
2640	0	-1816.196	-1815.791	-0.4048183	0.313344	0.100583	0.899417	0.201166	1.79883	0.9993534
2641	1	-1816.035	-1815.629	-0.4054475	0.348937	0.0915108	0.908489	0.183022	1.81698	0.9999824
2642	0	-1816.835	-1816.43	-0.4050496	0.301431	0.0963896	0.90361	0.192779	1.80722	0.9995846
2643	1	-1815.02	-1814.614	-0.4054475	0.317817	0.0958484	0.904152	0.191697	1.8083	0.9999824
2644	0	-1816.481	-1816.076	-0.4045028	0.322866	0.096728	0.903272	0.193456	1.80654	0.9990381
2645	1	-1817.376	-1816.972	-0.4046268	0.333495	0.0907785	0.909221	0.181557	1.81844	0.9991621
2646	0	-1815.522	-1815.117	-0.4054624	0.344835	0.0929193	0.907081	0.185839	1.81416	0.9999973
2647	1	-1817.908	-1817.504	-0.4037555	0.318746	0.0996494	0.900351	0.199299	1.8007	0.9982919
2648	0	-1815.158	-1814.753	-0.4054624	0.309294	0.0992679	0.900732	0.198536	1.80146	0.9999973
2649	1	-1818.968	-1818.563	-0.4047583	0.286306	0.0979281	0.902072	0.195856	1.80414	0.9992934
2650	0	-1817.05	-1816.645	-0.4052337	0.32744	0.106096	0.893904	0.212193	1.78781	0.9997686
2651	1	-1816.505	-1816.101	-0.4045253	0.334055	0.0964851	0.903515	0.19297	1.80703	0.9990606
2652	0	-1815.993	-1815.588	-0.4052337	0.325615	0.1034	0.8966	0.206799	1.7932	0.9997686
2653	1	-1822.386	-1821.984	-0.4019267	0.319845	0.0917088	0.908291	0.183418	1.81658	0.9964678
2654	0	-1815.756	-1815.351	-0.4052211	0.313017	0.1026	0.8974	0.2052	1.7948	0.999756
2655	1	-1822.155	-1821.753	-0.4021573	0.324916	0.105276	0.894724	0.210552	1.78945	0.9966976
2656	0	-1816.275	-1815.869	-0.4053071	0.300499	0.103247	0.896753	0.206494	1.79351	0.999842
2657	1	-1814.96	-1814.555	-0.4054267	0.332164	0.0990411	0.900959	0.198082	1.80192	0.9999616
2658	0	-1820.058	-1819.653	-0.4052358	0.303282	0.0882826	0.911717	0.176565	1.82343	0.9997707
2659	1	-1816.11	-1815.705	-0.4049681	0.316903	0.0948329	0.905167	0.189666	1.81033	0.9995031
2660	0	-1816.096	-1815.69	-0.4052358	0.344994	0.0990548	0.900945	0.19811	1.80189	0.9997707
2661	1	-1817.475	-1817.07	-0.4049681	0.317361	0.10687	0.89313	0.213741	1.78626	0.9995031
2662	0	-1816.558	-1816.153	-0.4051585	0.316647	0.105344	0.894656	0.210687	1.78931	0.9996935
2663	1	-1814.914	-1814.508	-0.4053663	0.325745	0.0963492	0.903651	0.192698	1.8073	0.9999012
2664	0	-1815.005	-1814.6	-0.4054038	0.336402	0.0958574	0.904143	0.191715	1.80829	0.9999387
2665	1	-1816.053	-1815.648	-0.4047281	0.326447	0.0964636	0.903536	0.192927	1.80707	0.9992633
2666	0	-1816.17	-1815.765	-0.405354	0.34208	0.101299	0.898701	0.202599	1.7974	0.9998889
2667	1	-1816.36	-1815.955	-0.4052082	0.349135	0.0920987	0.907901	0.184197	1.8158	0.9997432
2668	0	-1817.395	-1816.991	-0.4040361	0.328925	0.0952878	0.904712	0.190576	1.80942	0.998572
2669	1	-1815.612	-1815.207	-0.4052082	0.338725	0.09864	0.90136	0.19728	1.80272	0.9997432
2670	0	-1816.459	-1816.054	-0.4050542	0.304363	0.0968424	0.903158	0.193685	1.80632	0.9995892
2671	1	-1817.105	-1816.699	-0.4052082	0.291694	0.101684	0.898316	0.203368	1.79663	0.9997432
2672	0	-1816.446	-1816.041	-0.4052423	0.339898	0.10217	0.89783	0.20434	1.79566	0.9997772
2673	1	-1816.212	-1815.807	-0.4052584	0.309905	0.0942317	0.905768	0.188463	1.81154	0.9997933
2674	0	-1815.386	-1814.981	-0.4052604	0.312528	0.0999824	0.900018	0.199965	1.80004	0.9997953
2675	1	-1815.789	-1815.383	-0.4054394	0.31701	0.104504	0.895496	0.209007	1.79099	0.9999742
2676	0	-1815.105	-1814.7	-0.4053603	0.332562	0.094596	0.905404	0.189192	1.81081	0.9998952
2677	1	-1817.945	-1817.541	-0.4044568	0.310296	0.105631	0.894369	0.211262	1.78874	0.9989922
2678	0	-1816.166	-1815.761	-0.405305	0.309449	0.104709	0.895291	0.209418	1.79058	0.9998399
2679	1	-1817.592	-1817.188	-0.4046673	0.304643	0.105155	0.894845	0.21031	1.78969	0.9992025
2680	0	-1815.984	-1815.578	-0.405304	0.30542	0.103192	0.896808	0.206384	1.79362	0.9998389
2681	1	-1815.29	-1814.885	-0.4053798	0.321918	0.0941689	0.905831	0.188338	1.81166	0.9999147
2682	0	-1815.561	-1815.155	-0.4050559	0.321934	0.0999527	0.900047	0.199905	1.80009	0.9995909
2683	1	-1816.047	-1815.641	-0.4054303	0.327746	0.104392	0.895608	0.208784	1.79122	0.9999652
2684	0	-1816.913	-1816.508	-0.4053218	0.293925	0.0978678	0.902132	0.195736	1.80426	0.9998567
2685	1	-1816.226	-1815.821	-0.405355	0.303388	0.104389	0.895611	0.208779	1.79122	0.9998899
2686	0	-1816.964	-1816.559	-0.4050846	0.300641	0.104843	0.895157	0.209686	1.79031	0.9996196
2687	1	-1816.194	-1815.789	-0.4046882	0.323649	0.0959927	0.904007	0.191985	1.80801	0.9992234
2688	0	-1819.253	-1818.848	-0.4050476	0.281631	0.107167	0.892833	0.214335	1.78567	0.9995826
2689	1	-1815.158	-1814.753	-0.4052414	0.329659	0.0982945	0.901706	0.196589	1.80341	0.9997763
2690	0	-1816.237	-1815.832	-0.404752	0.313498	0.0986393	0.901361	0.197279	1.80272	0.9992872
2691	1	-1816.661	-1816.256	-0.4047766	0.313452	0.103156	0.896844	0.206313	1.79369	0.9993117
2692	0	-1815.947	-1815.542	-0.4051706	0.322975	0.0929329	0.907067	0.185866	1.81413	0.9997056
2693	1	-1816.31	-1815.905	-0.4047766	0.340301	0.0952934	0.904707	0.190587	1.80941	0.9993117
2694	0	-1816.167	-1815.762	-0.4051836	0.302104	0.0991927	0.900807	0.198385	1.80161	0.9997185
2695	1	-1815.922	-1815.517	-0.4050509	0.338342	0.0989782	0.901022	0.197956	1.80204	0.9995859
2696	0	-1817.254	-1816.849	-0.4049504	0.336963	0.103689	0.896311	0.207379	1.79262	0.9994854
2697	1	-1818.394	-1817.989	-0.4048398	0.360028	0.0981695	0.901831	0.196339	1.80366	0.9993749
2698	0	-1815.609	-1815.204	-0.4050702	0.336645	0.0960772	0.903923	0.192154	1.80785	0.9996052
2699	1	-1815.935	-1815.53	-0.4050726	0.340379	0.0984556	0.901544	0.196911	1.80309	0.9996076
2700	0	-1815.4	-1814.994	-0.4051236	0.32147	0.0965849	0.903415	0.19317	1.80683	0.9996586
2701	1	-1815.626	-1815.22	-0.4053018	0.321345	0.102856	0.897144	0.205712	1.79429	0.9998367
2702	0	-1816.638	-1816.234	-0.4047908	0.313674	0.103189	0.896811	0.206379	1.79362	0.9993259
2703	1	-1815.362	-1814.957	-0.4051202	0.329128	0.0982272	0.901773	0.196454	1.80355	0.9996552
2704	0	-1818.644	-1818.239	-0.4047027	0.289136	0.105185	0.894815	0.21037	1.78963	0.9992379
2705	1	-1818.332	-1817.928	-0.404705	0.353297	0.100458	0.899542	0.200916	1.79908	0.9992402
2706	0	-1817.218	-1816.813	-0.4047428	0.351229	0.0929678	0.907032	0.185936	1.81406	0.999278
2707	1	-1816.274	-1815.87	-0.4047518	0.335769	0.0944177	0.905582	0.188835	1.81116	0.999287
2708	0	-1816.808	-1816.403	-0.4045311	0.332827	0.100378	0.899622	0.200756	1.79924	0.9990664
2709	1	-1814.713	-1814.308	-0.4054649	0.327081	0.0982097	0.90179	0.196419	1.80358	0.9999998
2710	0	-1815.079	-1814.673	-0.4054601	0.316594	0.101534	0.898466	0.203068	1.79693	0.999995
2711	1	-1815.738	-1815.333	-0.4051587	0.318722	0.102275	0.897725	0.204551	1.79545	0.9996937
2712	0	-1815.125	-1814.72	-0.4054601	0.336114	0.0994134	0.900587	0.198827	1.80117	0.999995
2713	1	-1817.589	-1817.184	-0.4054135	0.350117	0.103055	0.896945	0.206111	1.79389	0.9999484
2714	0	-1814.914	-1814.509	-0.4054601	0.330081	0.0996825	0.900317	0.199365	1.80063	0.999995
2715	1	-1814.864	-1814.459	-0.4054135	0.319686	0.0975092	0.902491	0.195018	1.80498	0.9999484
2716	0	-1815.182	-1814.777	-0.4052053	0.325014	0.0968154	0.903185	0.193631	1.80637	0.9997403
2717	1	-1815.723	-1815.318	-0.4050523	0.321538	0.0950342	0.904966	0.190068	1.80993	0.9995873
2718	0	-1818.228	-1817.822	-0.4052053	0.353932	0.0872755	0.912724	0.174551	1.82545	0.9997403
2719	1	-1816.48	-1816.075	-0.4051668	0.336879	0.0905213	0.909479	0.181043	1.81896	0.9997017
2720	0	-1817.128	-1816.723	-0.4047245	0.317746	0.104654	0.895346	0.209308	1.79069	0.9992596
2721	1	-1814.915	-1814.51	-0.4054156	0.329006	0.0952158	0.904784	0.190432	1.80957	0.9999505
2722	0	-1815.743	-1815.338	-0.4051082	0.328758	0.101067	0.898933	0.202134	1.79787	0.9996431
2723	1	-1817.475	-1817.07	-0.4052206	0.353981	0.100399	0.899601	0.200798	1.7992	0.9997555
2724	0	-1816.517	-1816.111	-0.4051082	0.304247	0.103851	0.896149	0.207702	1.7923	0.9996431
2725	1	-1815.406	-1815.001	-0.4052206	0.33685	0.0978777	0.902122	0.195755	1.80424	0.9997555
2726	0	-1815.892	-1815.487	-0.4051082	0.337221	0.0998099	0.90019	0.19962	1.80038	0.9996431
2727	1	-1817.199	-1816.795	-0.4041726	0.33566	0.0970586	0.902941	0.194117	1.80588	0.9987083
2728	0	-1816.312	-1815.907	-0.404644	0.333794	0.0977186	0.902281	0.195437	1.80456	0.9991792
2729	1	-1814.908	-1814.502	-0.4054611	0.333111	0.0988293	0.901171	0.197659	1.80234	0.999996
2730	0	-1815.678	-1815.273	-0.4050735	0.327856	0.10052	0.89948	0.20104	1.79896	0.9996084
2731	1	-1817.253	-1816.848	-0.4052451	0.360405	0.0922249	0.907775	0.18445	1.81555	0.99978
2732	0	-1816.53	-1816.125	-0.4051676	0.352291	0.0930135	0.906987	0.186027	1.81397	0.9997026
2733	1	-1815.869	-1815.464	-0.4050973	0.308671	0.0985982	0.901402	0.197196	1.8028	0.9996323
2734	0	-1816.313	-1815.908	-0.4048023	0.328133	0.0935338	0.906466	0.187068	1.81293	0.9993374
2735	1	-1815.631	-1815.225	-0.4050973	0.333665	0.0991951	0.900805	0.19839	1.80161	0.9996323
2736	0	-1816.947	-1816.542	-0.4050092	0.29861	0.0978285	0.902171	0.195657	1.80434	0.9995442
2737	1	-1815.582	-1815.177	-0.4050973	0.32438	0.0949281	0.905072	0.189856	1.81014	0.9996323
2738	0	-1818.733	-1818.328	-0.4053933	0.371131	0.0895821	0.910418	0.179164	1.82084	0.9999282
2739	1	-1815.678	-1815.273	-0.4049612	0.323391	0.0962949	0.903705	0.19259	1.80741	0.9994963
2740	0	-1815.403	-1814.998	-0.4053933	0.308153	0.100924	0.899076	0.201848	1.79815	0.9999282
2741	1	-1818.61	-1818.205	-0.4047886	0.286991	0.104489	0.895511	0.208977	1.79102	0.9993237
2742	0	-1815.83	-1815.426	-0.4048347	0.325798	0.0974331	0.902567	0.194866	1.80513	0.9993697
2743	1	-1815.194	-1814.789	-0.4052689	0.331165	0.098879	0.901121	0.197758	1.80224	0.9998038
2744	0	-1814.94	-1814.534	-0.4054095	0.327867	0.0996062	0.900394	0.199212	1.80079	0.9999444
2745	1	-1816.349	-1815.944	-0.4049521	0.335615	0.101082	0.898918	0.202164	1.79784	0.9994871
2746	0	-1814.877	-1814.471	-0.4054095	0.322258	0.0994613	0.900539	0.198923	1.80108	0.9999444
2747	1	-1816.538	-1816.132	-0.4053774	0.333212	0.104581	0.895419	0.209162	1.79084	0.9999123
2748	0	-1818.6	-1818.195	-0.4048382	0.358925	0.0887715	0.911228	0.177543	1.82246	0.9993733
2749	1	-1822.131	-1821.728	-0.4030029	0.357106	0.100977	0.899023	0.201954	1.79805	0.9975408
2750	0	-1817.533	-1817.129	-0.4048857	0.293113	0.100505	0.899495	0.201009	1.79899	0.9994208
2751	1	-1817.888	-1817.484	-0.4039481	0.342116	0.0956159	0.904384	0.191232	1.80877	0.9984842
2752	0	-1816.289	-1815.884	-0.4051658	0.34828	0.0976781	0.902322	0.195356	1.80464	0.9997008
2753	1	-1815.715	-1815.31	-0.4054329	0.327592	0.0916845	0.908316	0.183369	1.81663	0.9999678
2754	0	-1815.888	-1815.482	-0.4051658	0.345142	0.0948768	0.905123	0.189754	1.81025	0.9997008
2755	1	-1816.479	-1816.074	-0.4054329	0.350079	0.0901601	0.90984	0.18032	1.81968	0.9999678
2756	0	-1815.592	-1815.187	-0.4051658	0.314024	0.0967162	0.903284	0.193432	1.80657	0.9997008
2757	1	-1816.901	-1816.497	-0.4045132	0.309613	0.100679	0.899321	0.201359	1.79864	0.9990486
2758	0	-1815.321	-1814.916	-0.4052449	0.31563	0.100109	0.899891	0.200219	1.79978	0.9997798
2759	1	-1815.893	-1815.487	-0.4054482	0.300801	0.102422	0.897578	0.204843	1.79516	0.9999831
2760	0	-1816.129	-1815.724	-0.4048928	0.320066	0.101818	0.898182	0.203637	1.79636	0.9994279
2761	1	-1814.787	-1814.382	-0.4054482	0.321967	0.0968098	0.90319	0.19362	1.80638	0.9999831
2762	0	-1817.333	-1816.928	-0.4047401	0.302556	0.104169	0.895831	0.208337	1.79166	0.9992753
2763	1	-1815.12	-1814.714	-0.4054482	0.331121	0.0935384	0.906462	0.187077	1.81292	0.9999831
2764	0	-1817.396	-1816.99	-0.4054306	0.348803	0.103081	0.896919	0.206161	1.79384	0.9999655
2765	1	-1815.212	-1814.806	-0.4054482	0.330979	0.0931219	0.906878	0.186244	1.81376	0.9999831
2766	0	-1818.512	-1818.106	-0.4054306	0.371476	0.0908949	0.909105	0.18179	1.81821	0.9999655
2767	1	-1815.222	-1814.816	-0.4054482	0.308877	0.0986537	0.901346	0.197307	1.80269	0.9999831
2768	0	-1815.581	-1815.176	-0.4050936	0.316341	0.0970382	0.902962	0.194076	1.80592	0.9996286
2769	1	-1818.126	-1817.721	-0.405286	0.346308	0.0867318	0.913268	0.173464	1.82654	0.999821
2770	0	-1818.435	-1818.029	-0.4050936	0.366252	0.095848	0.904152	0.191696	1.8083	0.9996286
2771	1	-1815.514	-1815.108	-0.4051784	0.337692	0.0977603	0.90224	0.195521	1.80448	0.9997133
2772	0	-1815.237	-1814.831	-0.4052186	0.318576	0.0989582	0.901042	0.197916	1.80208	0.9997535
2773	1	-1822.869	-1822.464	-0.4053901	0.305465	0.117838	0.882162	0.235675	1.76432	0.999925
2774	0	-1819.051	-1818.647	-0.4044123	0.353604	0.0886241	0.911376	0.177248	1.82275	0.9989478
2775	1	-1817.954	-1817.55	-0.4048338	0.342548	0.0885179	0.911482	0.177036	1.82296	0.9993689
2776	0	-1815.118	-1814.712	-0.405351	0.317928	0.100481	0.899519	0.200962	1.79904	0.9998859
2777	1	-1815.342	-1814.937	-0.4051986	0.335086	0.0974375	0.902563	0.194875	1.80513	0.9997335
2778	0	-1819.464	-1819.06	-0.4042319	0.286783	0.102353	0.897647	0.204705	1.79529	0.9987675
2779	1	-1815.863	-1815.458	-0.4050044	0.317484	0.0956565	0.904343	0.191313	1.80869	0.9995394
2780	0	-1817.061	-1816.656	-0.4048544	0.30778	0.104845	0.895155	0.20969	1.79031	0.9993894
2781	1	-1815.771	-1815.366	-0.4050044	0.314656	0.0976139	0.902386	0.195228	1.80477	0.9995394
2782	0	-1816.634	-1816.229	-0.4054183	0.311997	0.091785	0.908215	0.18357	1.81643	0.9999531
2783	1	-1817.012	-1816.607	-0.4054003	0.359533	0.0966778	0.903322	0.193356	1.80664	0.9999352
2784	0	-1820.828	-1820.422	-0.4054183	0.383207	0.0939757	0.906024	0.187951	1.81205	0.9999531
2785	1	-1816.571	-1816.166	-0.4051104	0.351789	0.0963073	0.903693	0.192615	1.80739	0.9996453
2786	0	-1816.229	-1815.825	-0.4046787	0.318212	0.0975259	0.902474	0.195052	1.80495	0.9992139
2787	1	-1815.809	-1815.404	-0.4048637	0.329552	0.0966346	0.903365	0.193269	1.80673	0.9993988
2788	0	-1816.795	-1816.389	-0.4052959	0.293616	0.102624	0.897376	0.205247	1.79475	0.9998308
2789	1	-1815.864	-1815.458	-0.405245	0.346336	0.0940916	0.905908	0.188183	1.81182	0.9997799
2790	0	-1815.052	-1814.647	-0.4052959	0.320227	0.0983081	0.901692	0.196616	1.80338	0.9998308
2791	1	-1818.287	-1817.882	-0.4047013	0.289364	0.101648	0.898352	0.203296	1.7967	0.9992365
2792	0	-1815.071	-1814.665	-0.4052959	0.327399	0.09897	0.90103	0.19794	1.80206	0.9998308
2793	1	-1816.196	-1815.791	-0.4051972	0.342293	0.0915115	0.908488	0.183023	1.81698	0.9997321
2794	0	-1815.835	-1815.43	-0.4051156	0.308385	0.0994736	0.900526	0.198947	1.80105	0.9996505
2795	1	-1817.22	-1816.815	-0.4051972	0.358817	0.0918056	0.908194	0.183611	1.81639	0.9997321
2796	0	-1815.346	-1814.941	-0.405283	0.337	0.0983444	0.901656	0.196689	1.80331	0.9998179
2797	1	-1816.568	-1816.163	-0.4051972	0.324546	0.090873	0.909127	0.181746	1.81825	0.9997321
2798	0	-1815.544	-1815.139	-0.405283	0.318268	0.0945087	0.905491	0.189017	1.81098	0.9998179
2799	1	-1815.984	-1815.578	-0.4054562	0.299787	0.102701	0.897299	0.205403	1.7946	0.9999911
2800	0	-1817.639	-1817.234	-0.4050859	0.358364	0.0903873	0.909613	0.180775	1.81923	0.9996209
2801	1	-1817.068	-1816.663	-0.405086	0.296802	0.104043	0.895957	0.208085	1.79191	0.999621
2802	0	-1816.599	-1816.194	-0.4045761	0.328743	0.0940952	0.905905	0.18819	1.81181	0.9991114
2803	1	-1814.962	-1814.557	-0.4053315	0.329871	0.0971805	0.90282	0.194361	1.80564	0.9998664
2804	0	-1816.272	-1815.867	-0.4051466	0.313896	0.0936743	0.906326	0.187349	1.81265	0.9996815
2805	1	-1816.162	-1815.758	-0.4047663	0.330039	0.0946199	0.90538	0.18924	1.81076	0.9993014
2806	0	-1817.589	-1817.185	-0.4045152	0.35181	0.094129	0.905871	0.188258	1.81174	0.9990505
2807	1	-1818.549	-1818.145	-0.4042387	0.303209	0.0946968	0.905303	0.189394	1.81061	0.9987743
2808	0	-1817.624	-1817.22	-0.4038428	0.326026	0.0971242	0.902876	0.194248	1.80575	0.998379
2809	1	-1817.854	-1817.45	-0.4042387	0.328954	0.103181	0.896819	0.206362	1.79364	0.9987743
2810	0	-1816.207	-1815.802	-0.404985	0.333775	0.101179	0.898821	0.202358	1.79764	0.99952
2811	1	-1816.398	-1815.993	-0.4049505	0.334925	0.0919688	0.908031	0.183938	1.81606	0.9994855
2812	0	-1816.182	-1815.777	-0.4052348	0.311726	0.0939797	0.90602	0.187959	1.81204	0.9997697
2813	1	-1819.044	-1818.638	-0.4050469	0.299974	0.110556	0.889444	0.221112	1.77889	0.9995819
2814	0	-1815.122	-1814.716	-0.4054389	0.32918	0.10087	0.89913	0.201739	1.79826	0.9999738
2815	1	-1815.795	-1815.39	-0.4053927	0.311907	0.10409	0.89591	0.20818	1.79182	0.9999276
2816	0	-1814.895	-1814.489	-0.4054389	0.33509	0.0960828	0.903917	0.192166	1.80783	0.9999738
2817	1	-1816.299	-1815.894	-0.4050374	0.336486	0.0917909	0.908209	0.183582	1.81642	0.9995724
2818	0	-1819.299	-1818.894	-0.4053181	0.33245	0.109967	0.890033	0.219934	1.78007	0.999853
2819	1	-1816.341	-1815.935	-0.405311	0.299955	0.0973199	0.90268	0.19464	1.80536	0.9998459
2820	0	-1815.901	-1815.495	-0.4052152	0.30651	0.101886	0.898114	0.203772	1.79623	0.9997501
2821	1	-1815.891	-1815.486	-0.405151	0.306544	0.0991581	0.900842	0.198316	1.80168	0.9996859
2822	0	-1818.165	-1817.76	-0.4050994	0.365527	0.0946165	0.905384	0.189233	1.81077	0.9996344
2823	1	-1817.772	-1817.367	-0.4048211	0.324454	0.106397	0.893603	0.212795	1.78721	0.9993562
2824	0	-1815.903	-1815.498	-0.4050994	0.32905	0.101684	0.898316	0.203367	1.79663	0.9996344
2825	1	-1816.184	-1815.779	-0.4050727	0.346739	0.0943506	0.905649	0.188701	1.8113	0.9996077
2826	0	-1815.387	-1814.981	-0.4054014	0.317992	0.0943241	0.905676	0.188648	1.81135	0.9999363
2827	1	-1818.987	-1818.583	-0.4037801	0.320315	0.0917609	0.908239	0.183522	1.81648	0.9983164
2828	0	-1815.255	-1814.85	-0.4053883	0.311778	0.0972611	0.902739	0.194522	1.80548	0.9999232
2829	1	-1816.508	-1816.102	-0.405316	0.295414	0.100864	0.899136	0.201727	1.79827	0.9998509
2830	0	-1817.383	-1816.979	-0.4040733	0.333987	0.0982192	0.901781	0.196438	1.80356	0.9986092
2831	1	-1819.101	-1818.697	-0.4035772	0.342883	0.0999709	0.900029	0.199942	1.80006	0.9981138
2832	0	-1817.115	-1816.711	-0.404394	0.333433	0.100538	0.899462	0.201076	1.79892	0.9989295
2833	1	-1817.224	-1816.82	-0.4040876	0.321059	0.0975388	0.902461	0.195078	1.80492	0.9986235
2834	0	-1815.352	-1814.946	-0.405254	0.330287	0.0941818	0.905818	0.188364	1.81164	0.9997889
2835	1	-1819.099	-1818.695	-0.4040327	0.309201	0.106744	0.893256	0.213487	1.78651	0.9985686
2836	0	-1815.571	-1815.166	-0.4050644	0.319237	0.100031	0.899969	0.200062	1.79994	0.9995994
2837	1	-1815.975	-1815.57	-0.4053631	0.310218	0.104451	0.895549	0.208901	1.7911	0.999898
2838	0	-1816.797	-1816.392	-0.4054194	0.292662	0.103861	0.896139	0.207721	1.79228	0.9999543
2839	1	-1816.342	-1815.937	-0.4053004	0.314549	0.105488	0.894512	0.210975	1.78902	0.9998353
2840	0	-1814.807	-1814.402	-0.4054194	0.32368	0.0987249	0.901275	0.19745	1.80255	0.9999543
2841	1	-1815.003	-1814.598	-0.4053911	0.321242	0.100355	0.899645	0.20071	1.79929	0.999926
2842	0	-1815.808	-1815.402	-0.4054194	0.326092	0.103831	0.896169	0.207662	1.79234	0.9999543
2843	1	-1815.966	-1815.561	-0.4053911	0.300049	0.0993447	0.900655	0.198689	1.80131	0.999926
2844	0	-1815.144	-1814.739	-0.4054194	0.337793	0.0983641	0.901636	0.196728	1.80327	0.9999543
2845	1	-1815.067	-1814.661	-0.4053911	0.326906	0.094568	0.905432	0.189136	1.81086	0.999926
2846	0	-1817.726	-1817.321	-0.4054194	0.341922	0.10562	0.89438	0.21124	1.78876	0.9999543
2847	1	-1815.519	-1815.114	-0.4053911	0.343733	0.0934611	0.906539	0.186922	1.81308	0.999926
2848	0	-1815.358	-1814.953	-0.4053783	0.342991	0.0957261	0.904274	0.191452	1.80855	0.9999132
2849	1	-1815.526	-1815.121	-0.4051548	0.321395	0.101046	0.898954	0.202092	1.79791	0.9996897
2850	0	-1815.215	-1814.81	-0.4054151	0.31254	0.101257	0.898743	0.202514	1.79749	0.99995
2851	1	-1816.037	-1815.632	-0.4051548	0.304221	0.10003	0.89997	0.20006	1.79994	0.9996897
2852	0	-1816.376	-1815.971	-0.4051416	0.349021	0.0926927	0.907307	0.185385	1.81461	0.9996765
2853	1	-1815.332	-1814.927	-0.4051548	0.332483	0.0965092	0.903491	0.193018	1.80698	0.9996897
2854	0	-1814.818	-1814.412	-0.4054382	0.33153	0.0977967	0.902203	0.195593	1.80441	0.9999731
2855	1	-1817.441	-1817.036	-0.4045572	0.301211	0.102138	0.897862	0.204277	1.79572	0.9990925
2856	0	-1815.534	-1815.129	-0.4054382	0.307216	0.0968023	0.903198	0.193605	1.8064	0.9999731
2857	1	-1816.032	-1815.626	-0.4052228	0.307811	0.103233	0.896767	0.206466	1.79353	0.9997577
2858	0	-1814.809	-1814.403	-0.4054382	0.323063	0.0964737	0.903526	0.192947	1.80705	0.9999731
2859	1	-1815.424	-1815.019	-0.4052228	0.323271	0.0946914	0.905309	0.189383	1.81062	0.9997577
2860	0	-1815.343	-1814.937	-0.4054382	0.315602	0.0947899	0.90521	0.18958	1.81042	0.9999731
2861	1	-1816.051	-1815.645	-0.4052447	0.311292	0.0945018	0.905498	0.189004	1.811	0.9997796
2862	0	-1815.418	-1815.013	-0.4051081	0.330069	0.098454	0.901546	0.196908	1.80309	0.9996431
2863	1	-1815.654	-1815.249	-0.4051867	0.31203	0.101352	0.898648	0.202703	1.7973	0.9997217
2864	0	-1816.724	-1816.319	-0.405454	0.291101	0.101311	0.898689	0.202622	1.79738	0.9999889
2865	1	-1816.724	-1816.319	-0.4051867	0.31188	0.105986	0.894014	0.211972	1.78803	0.9997217
2866	0	-1815.711	-1815.306	-0.4051765	0.34219	0.096918	0.903082	0.193836	1.80616	0.9997114
2867	1	-1815.626	-1815.221	-0.4050916	0.316592	0.0965219	0.903478	0.193044	1.80696	0.9996266
2868	0	-1815.753	-1815.348	-0.4051765	0.315476	0.102391	0.897609	0.204782	1.79522	0.9997114
2869	1	-1816.074	-1815.669	-0.4049407	0.339822	0.0979194	0.902081	0.195839	1.80416	0.9994758
2870	0	-1815.85	-1815.445	-0.4051765	0.333973	0.0924838	0.907516	0.184968	1.81503	0.9997114
2871	1	-1816.351	-1815.946	-0.4047302	0.338175	0.0946808	0.905319	0.189362	1.81064	0.9992654
2872	0	-1815.904	-1815.499	-0.404998	0.339939	0.0969929	0.903007	0.193986	1.80601	0.999533
2873	1	-1816.85	-1816.445	-0.4049833	0.321475	0.105038	0.894962	0.210076	1.78992	0.9995183
2874	0	-1815.632	-1815.227	-0.404998	0.331569	0.0957652	0.904235	0.19153	1.80847	0.999533
2875	1	-1816.529	-1816.124	-0.4046735	0.312208	0.0971646	0.902835	0.194329	1.80567	0.9992088
2876	0	-1816.536	-1816.131	-0.4045946	0.336918	0.097847	0.902153	0.195694	1.80431	0.9991299
2877	1	-1821.242	-1820.84	-0.4024307	0.324298	0.0917203	0.90828	0.183441	1.81656	0.9969702
2878	0	-1817.349	-1816.944	-0.4045946	0.304944	0.103541	0.896459	0.207081	1.79292	0.9991299
2879	1	-1815.5	-1815.095	-0.405062	0.327669	0.0957516	0.904248	0.191503	1.8085	0.999597
2880	0	-1818.535	-1818.131	-0.4042341	0.33024	0.104916	0.895084	0.209832	1.79017	0.9987697
2881	1	-1816.301	-1815.896	-0.405062	0.345207	0.0983433	0.901657	0.196687	1.80331	0.999597
2882	0	-1818.634	-1818.23	-0.4041254	0.336663	0.103459	0.896541	0.206918	1.79308	0.9986612
2883	1	-1816.729	-1816.325	-0.4045169	0.317182	0.101253	0.898747	0.202505	1.79749	0.9990523
2884	0	-1818.501	-1818.097	-0.4040882	0.310045	0.0936244	0.906376	0.187249	1.81275	0.998624
2885	1	-1814.969	-1814.563	-0.4054309	0.335247	0.09803	0.90197	0.19606	1.80394	0.9999658
2886	0	-1817.191	-1816.786	-0.404671	0.309738	0.104277	0.895723	0.208553	1.79145	0.9992062
2887	1	-1815.044	-1814.638	-0.4053284	0.321703	0.0963727	0.903627	0.192745	1.80725	0.9998633
2888	0	-1814.94	-1814.535	-0.4054356	0.33634	0.0960859	0.903914	0.192172	1.80783	0.9999705
2889	1	-1815.945	-1815.54	-0.4050889	0.339601	0.0931877	0.906812	0.186375	1.81362	0.9996239
2890	0	-1814.787	-1814.381	-0.4054356	0.32897	0.0963254	0.903675	0.192651	1.80735	0.9999705
2891	1	-1818.384	-1817.979	-0.4050889	0.334533	0.107261	0.892739	0.214523	1.78548	0.9996239
2892	0	-1815.621	-1815.215	-0.4054356	0.303033	0.0997038	0.900296	0.199408	1.80059	0.9999705
2893	1	-1815.73	-1815.325	-0.4049399	0.31854	0.0984849	0.901515	0.19697	1.80303	0.9994749
2894	0	-1815.819	-1815.414	-0.4054356	0.304559	0.0964742	0.903526	0.192948	1.80705	0.9999705
2895	1	-1815.262	-1814.857	-0.4054119	0.312685	0.0964178	0.903582	0.192836	1.80716	0.9999468
2896	0	-1816.898	-1816.493	-0.4054356	0.337252	0.10492	0.89508	0.20984	1.79016	0.9999705
2897	1	-1817.141	-1816.736	-0.4048694	0.353642	0.0955645	0.904436	0.191129	1.80887	0.9994044
2898	0	-1814.993	-1814.588	-0.405421	0.325068	0.100506	0.899494	0.201012	1.79899	0.9999559
2899	1	-1815.756	-1815.351	-0.4051018	0.314883	0.0960263	0.903974	0.192053	1.80795	0.9996368
2900	0	-1816.932	-1816.526	-0.405421	0.305885	0.107501	0.892499	0.215003	1.785	0.9999559
2901	1	-1815.361	-1814.956	-0.4054412	0.308829	0.101708	0.898292	0.203416	1.79658	0.9999761
2902	0	-1817.222	-1816.817	-0.405421	0.297416	0.107337	0.892663	0.214673	1.78533	0.9999559
2903	1	-1817.264	-1816.86	-0.4041233	0.333539	0.0980528	0.901947	0.196106	1.80389	0.9986591
2904	0	-1817.125	-1816.72	-0.4044172	0.310588	0.0968674	0.903133	0.193735	1.80627	0.9989527
2905	1	-1817.004	-1816.599	-0.4052764	0.357995	0.0964949	0.903505	0.19299	1.80701	0.9998113
2906	0	-1817.342	-1816.937	-0.404784	0.352729	0.092329	0.907671	0.184658	1.81534	0.9993191
2907	1	-1815.384	-1814.978	-0.4053849	0.329445	0.0929467	0.907053	0.185893	1.81411	0.9999198
2908	0	-1816.038	-1815.633	-0.4051138	0.324643	0.102892	0.897108	0.205784	1.79422	0.9996488
2909	1	-1815.7	-1815.295	-0.4049782	0.331576	0.0985612	0.901439	0.197122	1.80288	0.9995132
2910	0	-1817.402	-1816.997	-0.4054477	0.361192	0.0897779	0.910222	0.179556	1.82044	0.9999826
2911	1	-1815.174	-1814.768	-0.40539	0.326856	0.101033	0.898967	0.202065	1.79793	0.9999249
2912	0	-1817.173	-1816.768	-0.4047187	0.335658	0.102523	0.897477	0.205046	1.79495	0.9992539
2913	1	-1815.331	-1814.926	-0.40539	0.333498	0.100584	0.899416	0.201167	1.79883	0.9999249
2914	0	-1815.872	-1815.467	-0.4049441	0.324898	0.100646	0.899354	0.201292	1.79871	0.9994791
2915	1	-1816.523	-1816.118	-0.40539	0.357014	0.0944975	0.905503	0.188995	1.81101	0.9999249
2916	0	-1815.968	-1815.563	-0.405091	0.308292	0.09771	0.90229	0.19542	1.80458	0.999626
2917	1	-1817.227	-1816.822	-0.405331	0.359347	0.0973354	0.902665	0.194671	1.80533	0.9998659
2918	0	-1817.269	-1816.865	-0.4046788	0.334913	0.0907826	0.909217	0.181565	1.81843	0.999214
2919	1	-1815.415	-1815.01	-0.405331	0.338174	0.0935114	0.906489	0.187023	1.81298	0.9998659
2920	0	-1820.012	-1819.607	-0.4053454	0.298076	0.0891653	0.910835	0.178331	1.82167	0.9998803
2921	1	-1815.154	-1814.748	-0.4052146	0.324486	0.0981704	0.90183	0.196341	1.80366	0.9997495
2922	0	-1817.469	-1817.065	-0.4046246	0.321965	0.091509	0.908491	0.183018	1.81698	0.9991599
2923	1	-1818.664	-1818.26	-0.403514	0.31283	0.101485	0.898515	0.20297	1.79703	0.9980508
2924	0	-1815.821	-1815.416	-0.4054194	0.328348	0.103579	0.896421	0.207158	1.79284	0.9999543
2925	1	-1819.368	-1818.963	-0.4045406	0.292087	0.10797	0.89203	0.215939	1.78406	0.9990759
2926	0	-1815.245	-1814.839	-0.4054194	0.341927	0.0949515	0.905048	0.189903	1.8101	0.9999543
2927	1	-1815.453	-1815.048	-0.4050612	0.325047	0.0987024	0.901298	0.197405	1.8026	0.9995961
2928	0	-1816.036	-1815.631	-0.4048281	0.336415	0.0962331	0.903767	0.192466	1.80753	0.9993632
2929	1	-1815.791	-1815.386	-0.4050554	0.320227	0.101575	0.898425	0.203151	1.79685	0.9995904
2930	0	-1815.242	-1814.837	-0.4053924	0.34037	0.0973721	0.902628	0.194744	1.80526	0.9999273
2931	1	-1815.458	-1815.052	-0.4052574	0.312523	0.0971736	0.902826	0.194347	1.80565	0.9997923
2932	0	-1818.844	-1818.438	-0.4053924	0.327867	0.11011	0.88989	0.220219	1.77978	0.9999273
2933	1	-1820.031	-1819.627	-0.404045	0.349521	0.103174	0.896826	0.206348	1.79365	0.9985809
2934	0	-1814.996	-1814.591	-0.4053924	0.324538	0.100208	0.899792	0.200415	1.79958	0.9999273
2935	1	-1816.198	-1815.793	-0.4049334	0.337578	0.0996419	0.900358	0.199284	1.80072	0.9994684
2936	0	-1819.771	-1819.366	-0.4054177	0.365661	0.102177	0.897823	0.204353	1.79565	0.9999526
2937	1	-1816.12	-1815.715	-0.4049334	0.313379	0.101716	0.898284	0.203432	1.79657	0.9994684
2938	0	-1815.079	-1814.674	-0.4054177	0.312489	0.099174	0.900826	0.198348	1.80165	0.9999526
2939	1	-1815.119	-1814.714	-0.405446	0.311011	0.10007	0.89993	0.200141	1.79986	0.9999809
2940	0	-1814.974	-1814.569	-0.4054177	0.318655	0.100358	0.899642	0.200716	1.79928	0.9999526
2941	1	-1815.979	-1815.574	-0.4049477	0.337124	0.0985309	0.901469	0.197062	1.80294	0.9994827
2942	0	-1815.59	-1815.185	-0.4054177	0.304678	0.0983469	0.901653	0.196694	1.80331	0.9999526
2943	1	-1815.362	-1814.957	-0.4051403	0.332286	0.0975112	0.902489	0.195022	1.80498	0.9996753
2944	0	-1815.655	-1815.249	-0.4054177	0.319019	0.103857	0.896143	0.207715	1.79229	0.9999526
2945	1	-1815.842	-1815.437	-0.4050517	0.317004	0.0954068	0.904593	0.190814	1.80919	0.9995867
2946	0	-1817.527	-1817.122	-0.4047249	0.321214	0.105644	0.894356	0.211287	1.78871	0.9992601
2947	1	-1817.041	-1816.635	-0.4050517	0.297357	0.0976062	0.902394	0.195212	1.80479	0.9995867
2948	0	-1815.07	-1814.665	-0.4053328	0.330497	0.0989798	0.90102	0.19796	1.80204	0.9998677
2949	1	-1815.666	-1815.26	-0.4051283	0.312851	0.100721	0.899279	0.201442	1.79856	0.9996633
2950	0	-1817.104	-1816.699	-0.4051524	0.335113	0.104625	0.895375	0.209249	1.79075	0.9996874
2951	1	-1815.054	-1814.649	-0.4053302	0.318606	0.0993911	0.900609	0.198782	1.80122	0.9998651
2952	0	-1818.676	-1818.273	-0.4035293	0.342294	0.0966741	0.903326	0.193348	1.80665	0.9980661
2953	1	-1819.062	-1818.656	-0.4051238	0.278347	0.101855	0.898145	0.20371	1.79629	0.9996587
2954	0	-1818.255	-1817.85	-0.4048392	0.315466	0.0899812	0.910019	0.179962	1.82004	0.9993743
2955	1	-1815.477	-1815.072	-0.405382	0.31284	0.102638	0.897362	0.205277	1.79472	0.9999169
2956	0	-1816.15	-1815.745	-0.4053393	0.301774	0.0970594	0.902941	0.194119	1.80588	0.9998742
2957	1	-1814.972	-1814.567	-0.4053956	0.317495	0.0996276	0.900372	0.199255	1.80074	0.9999305
2958	0	-1815.607	-1815.202	-0.4053393	0.307072	0.0977105	0.902289	0.195421	1.80458	0.9998742
2959	1	-1818.91	-1818.505	-0.404751	0.303558	0.0914433	0.908557	0.182887	1.81711	0.9992862
2960	0	-1817.384	-1816.979	-0.4048588	0.321973	0.0907086	0.909291	0.181417	1.81858	0.9993939
2961	1	-1816.436	-1816.031	-0.4046277	0.337454	0.0963341	0.903666	0.192668	1.80733	0.999163
2962	0	-1817.293	-1816.888	-0.4051817	0.290771	0.102592	0.897408	0.205183	1.79482	0.9997166
2963	1	-1817.513	-1817.107	-0.4052799	0.287205	0.10207	0.89793	0.20414	1.79586	0.9998148
2964	0	-1816.773	-1816.368	-0.4048635	0.337125	0.0912717	0.908728	0.182543	1.81746	0.9993986
2965	1	-1817.034	-1816.629	-0.4052799	0.298275	0.0953578	0.904642	0.190716	1.80928	0.9998148
2966	0	-1815.958	-1815.553	-0.4049267	0.319646	0.0953805	0.90462	0.190761	1.80924	0.9994617
2967	1	-1816.214	-1815.809	-0.4048907	0.325505	0.101877	0.898123	0.203755	1.79625	0.9994258
2968	0	-1816.445	-1816.04	-0.4045569	0.332503	0.0957001	0.9043	0.1914	1.8086	0.9990922
2969	1	-1817.345	-1816.94	-0.4054095	0.362319	0.0963966	0.903603	0.192793	1.80721	0.9999444
2970	0	-1819.023	-1818.619	-0.4034119	0.34365	0.0972785	0.902722	0.194557	1.80544	0.9979489
2971	1	-1815.401	-1814.995	-0.4054095	0.326894	0.10223	0.89777	0.204461	1.79554	0.9999444
2972	0	-1815.781	-1815.376	-0.4049271	0.326233	0.0954899	0.90451	0.19098	1.80902	0.9994621
2973	1	-1817.81	-1817.406	-0.4044934	0.309443	0.0936604	0.90634	0.187321	1.81268	0.9990288
2974	0	-1817.924	-1817.519	-0.4044078	0.302736	0.0961009	0.903899	0.192202	1.8078	0.9989432
2975	1	-1817.092	-1816.688	-0.4048328	0.303142	0.103962	0.896038	0.207924	1.79208	0.9993679
2976	0	-1817.997	-1817.593	-0.4037333	0.335031	0.0976703	0.90233	0.195341	1.80466	0.9982697
2977	1	-1817.811	-1817.406	-0.4048328	0.291722	0.102441	0.897559	0.204881	1.79512	0.9993679
2978	0	-1815.678	-1815.273	-0.4051628	0.341432	0.0967223	0.903278	0.193445	1.80656	0.9996978
2979	1	-1815.56	-1815.155	-0.4051859	0.328559	0.10088	0.89912	0.20176	1.79824	0.9997208
2980	0	-1815.989	-1815.584	-0.4051628	0.346502	0.0959802	0.90402	0.19196	1.80804	0.9996978
2981	1	-1815.002	-1814.596	-0.4053642	0.320187	0.0998179	0.900182	0.199636	1.80036	0.9998991
2982	0	-1815.59	-1815.185	-0.4051731	0.336309	0.098995	0.901005	0.19799	1.80201	0.9997081
2983	1	-1815.33	-1814.925	-0.4053642	0.310058	0.10044	0.89956	0.20088	1.79912	0.9998991
2984	0	-1815.23	-1814.824	-0.4054488	0.317798	0.0946831	0.905317	0.189366	1.81063	0.9999837
2985	1	-1815.541	-1815.136	-0.4053023	0.338774	0.0992672	0.900733	0.198534	1.80147	0.9998372
2986	0	-1815.124	-1814.719	-0.4054488	0.32185	0.0943723	0.905628	0.188745	1.81126	0.9999837
2987	1	-1815.742	-1815.337	-0.4051259	0.336371	0.0935329	0.906467	0.187066	1.81293	0.9996609
2988	0	-1816.413	-1816.009	-0.4045635	0.31839	0.0985754	0.901425	0.197151	1.80285	0.9990988
2989	1	-1816.257	-1815.852	-0.405174	0.347024	0.0949608	0.905039	0.189922	1.81008	0.9997089
2990	0	-1817.283	-1816.879	-0.4040768	0.321645	0.0994635	0.900537	0.198927	1.80107	0.9986127
2991	1	-1819.761	-1819.357	-0.4041168	0.361894	0.0971909	0.902809	0.194382	1.80562	0.9986526
2992	0	-1816.29	-1815.885	-0.405194	0.343847	0.0913681	0.908632	0.182736	1.81726	0.999729
2993	1	-1817.516	-1817.111	-0.4046437	0.340244	0.102044	0.897956	0.204089	1.79591	0.9991789
2994	0	-1818.867	-1818.463	-0.4045815	0.294402	0.0951299	0.90487	0.19026	1.80974	0.9991168
2995	1	-1817.729	-1817.324	-0.4046738	0.343465	0.101947	0.898053	0.203894	1.79611	0.999209
2996	0	-1815.197	-1814.792	-0.405238	0.323535	0.0995905	0.90041	0.199181	1.80082	0.999773
2997	1	-1816.669	-1816.264	-0.4050293	0.348799	0.0920592	0.907941	0.184118	1.81588	0.9995642
2998	0	-1816.194	-1815.789	-0.4050464	0.31629	0.103379	0.896621	0.206757	1.79324	0.9995813
2999	1	-1815.807	-1815.402	-0.4050293	0.338636	0.0949316	0.905068	0.189863	1.81014	0.9995642
3000	0	-1816.576	-1816.171	-0.4046704	0.315664	0.101903	0.898097	0.203805	1.79619	0.9992056
3001	1	-1815.311	-1814.905	-0.4054647	0.326205	0.092927	0.907073	0.185854	1.81415	0.9999996
3002	0	-1816.286	-1815.881	-0.404602	0.32747	0.0963253	0.903675	0.192651	1.80735	0.9991373
3003	1	-1816.886	-1816.48	-0.4054647	0.321493	0.107316	0.892684	0.214631	1.78537	0.9999996
3004	0	-1816.196	-1815.791	-0.4053765	0.329434	0.0905457	0.909454	0.181091	1.81891	0.9999114
3005	1	-1818.053	-1817.648	-0.4052382	0.284096	0.103568	0.896432	0.207135	1.79286	0.9997731
3006	0	-1823.674	-1823.269	-0.4053765	0.331097	0.116357	0.883643	0.232714	1.76729	0.9999114
3007	1	-1818.452	-1818.046	-0.4052382	0.289008	0.095204	0.904796	0.190408	1.80959	0.9997731
3008	0	-1817.488	-1817.083	-0.4054291	0.35221	0.102176	0.897824	0.204351	1.79565	0.999964
3009	1	-1816.083	-1815.678	-0.4052382	0.310523	0.104007	0.895993	0.208013	1.79199	0.9997731
3010	0	-1815.799	-1815.394	-0.4051148	0.315072	0.101993	0.898007	0.203985	1.79601	0.9996498
3011	1	-1816.814	-1816.409	-0.405428	0.359784	0.0951164	0.904884	0.190233	1.80977	0.9999629
3012	0	-1815.4	-1814.995	-0.4051148	0.325161	0.0992987	0.900701	0.198597	1.8014	0.9996498
3013	1	-1817.026	-1816.62	-0.405428	0.29389	0.0964452	0.903555	0.19289	1.80711	0.9999629
3014	0	-1818.344	-1817.939	-0.4051148	0.310745	0.0897609	0.910239	0.179522	1.82048	0.9996498
3015	1	-1814.817	-1814.412	-0.405428	0.325555	0.096177	0.903823	0.192354	1.80765	0.9999629
3016	0	-1816.873	-1816.468	-0.4051148	0.336798	0.0897609	0.910239	0.179522	1.82048	0.9996498
3017	1	-1815.369	-1814.963	-0.405428	0.316511	0.0945308	0.905469	0.189062	1.81094	0.9999629
3018	0	-1816.25	-1815.845	-0.4050138	0.321927	0.103232	0.896768	0.206464	1.79354	0.9995488
3019	1	-1816.335	-1815.929	-0.4054156	0.299696	0.0965066	0.903493	0.193013	1.80699	0.9999505
3020	0	-1816.614	-1816.209	-0.4049715	0.33739	0.101767	0.898233	0.203534	1.79647	0.9995066
3021	1	-1814.861	-1814.456	-0.4054161	0.332619	0.0969156	0.903084	0.193831	1.80617	0.999951
3022	0	-1816.475	-1816.07	-0.4046959	0.324571	0.0940102	0.90599	0.18802	1.81198	0.9992311
3023	1	-1816.105	-1815.7	-0.4054161	0.325272	0.0909578	0.909042	0.181916	1.81808	0.999951
3024	0	-1817	-1816.596	-0.4044268	0.338128	0.0987403	0.90126	0.197481	1.80252	0.9989622
3025	1	-1815.638	-1815.233	-0.4051119	0.337223	0.0946285	0.905372	0.189257	1.81074	0.9996469
3026	0	-1814.992	-1814.587	-0.405379	0.316774	0.0989796	0.90102	0.197959	1.80204	0.9999139
3027	1	-1815.699	-1815.295	-0.4049973	0.330483	0.0949702	0.90503	0.18994	1.81006	0.9995323
3028	0	-1819.193	-1818.788	-0.4051599	0.283403	0.0961511	0.903849	0.192302	1.8077	0.9996948
3029	1	-1817.395	-1816.991	-0.4039992	0.32834	0.0986101	0.90139	0.19722	1.80278	0.9985352
3030	0	-1816.488	-1816.083	-0.40523	0.29859	0.102748	0.897252	0.205497	1.7945	0.9997649
3031	1	-1816.162	-1815.757	-0.4050045	0.31863	0.0939532	0.906047	0.187906	1.81209	0.9995395
3032	0	-1820.69	-1820.287	-0.4030004	0.343962	0.101603	0.898397	0.203206	1.79679	0.9975383
3033	1	-1817.263	-1816.859	-0.404595	0.301644	0.0992925	0.900707	0.198585	1.80141	0.9991303
3034	0	-1816.881	-1816.477	-0.4042556	0.32745	0.0970827	0.902917	0.194165	1.80583	0.9987913
3035	1	-1815.516	-1815.111	-0.4050477	0.328404	0.0987527	0.901247	0.197505	1.80249	0.9995827
3036	0	-1817.562	-1817.156	-0.4054603	0.366049	0.0922551	0.907745	0.18451	1.81549	0.9999952
3037	1	-1817.542	-1817.137	-0.4048449	0.347955	0.100832	0.899168	0.201664	1.79834	0.99938
3038	0	-1815.104	-1814.699	-0.4054603	0.339936	0.0974958	0.902504	0.194992	1.80501	0.9999952
3039	1	-1814.821	-1814.415	-0.4054248	0.328276	0.0960487	0.903951	0.192097	1.8079	0.9999597
3040	0	-1816.589	-1816.184	-0.405076	0.334342	0.090694	0.909306	0.181388	1.81861	0.999611
3041	1	-1815.924	-1815.519	-0.4048394	0.325678	0.0995265	0.900474	0.199053	1.80095	0.9993744
3042	0	-1816.49	-1816.085	-0.4053648	0.321277	0.105948	0.894052	0.211896	1.7881	0.9998997
3043	1	-1818.103	-1817.698	-0.404627	0.329591	0.105696	0.894304	0.211392	1.78861	0.9991622
3044	0	-1818.08	-1817.674	-0.4053031	0.283131	0.103797	0.896203	0.207594	1.79241	0.999838
3045	1	-1818.115	-1817.711	-0.4042892	0.299668	0.102845	0.897155	0.205691	1.79431	0.9988247
3046	0	-1816.718	-1816.313	-0.4046194	0.342175	0.0946523	0.905348	0.189305	1.8107	0.9991547
3047	1	-1815.227	-1814.822	-0.4052469	0.328565	0.0994293	0.900571	0.198859	1.80114	0.9997818
3048	0	-1816.476	-1816.071	-0.4049747	0.312274	0.0944563	0.905544	0.188913	1.81109	0.9995097
3049	1	-1815.019	-1814.614	-0.4054405	0.338305	0.0969052	0.903095	0.19381	1.80619	0.9999753
3050	0	-1815.604	-1815.199	-0.4049747	0.322042	0.0982816	0.901718	0.196563	1.80344	0.9995097
3051	1	-1814.844	-1814.439	-0.4054405	0.31877	0.0974304	0.90257	0.194861	1.80514	0.9999753
3052	0	-1816.563	-1816.158	-0.4052054	0.32266	0.091072	0.908928	0.182144	1.81786	0.9997403
3053	1	-1815.438	-1815.033	-0.4051438	0.333771	0.0981463	0.901854	0.196293	1.80371	0.9996788
3054	0	-1815.91	-1815.505	-0.4051835	0.306293	0.0980811	0.901919	0.196162	1.80384	0.9997184
3055	1	-1817.473	-1817.069	-0.404211	0.341411	0.0940422	0.905958	0.188084	1.81192	0.9987467
3056	0	-1815.792	-1815.387	-0.4052371	0.305679	0.100206	0.899794	0.200412	1.79959	0.999772
3057	1	-1816.801	-1816.396	-0.4046866	0.343948	0.0934592	0.906541	0.186918	1.81308	0.9992218
3058	0	-1817.178	-1816.773	-0.4047801	0.341476	0.0906659	0.909334	0.181332	1.81867	0.9993152
3059	1	-1817.047	-1816.643	-0.4042974	0.337055	0.0974045	0.902596	0.194809	1.80519	0.998833
3060	0	-1816.32	-1815.915	-0.4047801	0.340192	0.0949046	0.905095	0.189809	1.81019	0.9993152
3061	1	-1816.068	-1815.663	-0.4047602	0.332739	0.0977049	0.902295	0.19541	1.80459	0.9992953
3062	0	-1816.324	-1815.919	-0.4054374	0.349029	0.0904694	0.909531	0.180939	1.81906	0.9999723
3063	1	-1817.301	-1816.897	-0.4041694	0.33786	0.0971393	0.902861	0.194279	1.80572	0.9987051
3064	0	-1819.333	-1818.928	-0.4048612	0.285128	0.107702	0.892298	0.215404	1.7846	0.9993963
3065	1	-1816.253	-1815.848	-0.4049813	0.338597	0.0924891	0.907511	0.184978	1.81502	0.9995163
3066	0	-1816.614	-1816.209	-0.4045593	0.338712	0.0959682	0.904032	0.191936	1.80806	0.9990946
3067	1	-1817.097	-1816.692	-0.40421	0.327708	0.0995816	0.900418	0.199163	1.80084	0.9987457
3068	0	-1816.188	-1815.783	-0.405055	0.346451	0.0944969	0.905503	0.188994	1.81101	0.99959
3069	1	-1821.596	-1821.191	-0.4048593	0.330699	0.112481	0.887519	0.224961	1.77504	0.9993944
3070	0	-1815.77	-1815.364	-0.4053908	0.329223	0.0916236	0.908376	0.183247	1.81675	0.9999257
3071	1	-1816.46	-1816.056	-0.4046	0.334773	0.0950462	0.904954	0.190092	1.80991	0.9991353
3072	0	-1817.176	-1816.772	-0.4044142	0.315155	0.0949692	0.905031	0.189938	1.81006	0.9989497
3073	1	-1817.859	-1817.455	-0.404275	0.328644	0.103452	0.896548	0.206905	1.7931	0.9988106
3074	0	-1817.229	-1816.823	-0.4054457	0.296106	0.0946792	0.905321	0.189358	1.81064	0.9999806
3075	1	-1817.306	-1816.902	-0.4043653	0.309987	0.102097	0.897903	0.204193	1.79581	0.9989008
3076	0	-1819.39	-1818.986	-0.4036043	0.33174	0.103911	0.896089	0.207823	1.79218	0.9981409
3077	1	-1815.836	-1815.43	-0.4050136	0.318475	0.101354	0.898646	0.202708	1.79729	0.9995486
3078	0	-1816.656	-1816.251	-0.4052602	0.329903	0.0899366	0.910063	0.179873	1.82013	0.9997952
3079	1	-1815.644	-1815.239	-0.4052721	0.307165	0.100401	0.899599	0.200802	1.7992	0.999807
3080	0	-1816.928	-1816.524	-0.4043519	0.325461	0.100513	0.899487	0.201027	1.79897	0.9988874
3081	1	-1815.574	-1815.169	-0.4051377	0.314868	0.100572	0.899428	0.201144	1.79886	0.9996727
3082	0	-1817.324	-1816.92	-0.4041797	0.330762	0.0939787	0.906021	0.187957	1.81204	0.9987154
3083	1	-1817.872	-1817.468	-0.4040023	0.308651	0.100711	0.899289	0.201422	1.79858	0.9985382
3084	0	-1815.629	-1815.224	-0.4052013	0.335735	0.093346	0.906654	0.186692	1.81331	0.9997363
3085	1	-1819.952	-1819.548	-0.4040101	0.364589	0.0930179	0.906982	0.186036	1.81396	0.998546
3086	0	-1818.922	-1818.517	-0.4044094	0.358446	0.0980798	0.90192	0.19616	1.80384	0.9989448
3087	1	-1816.061	-1815.656	-0.4049958	0.343148	0.0953074	0.904693	0.190615	1.80939	0.9995308
3088	0	-1815.022	-1814.617	-0.4053448	0.325068	0.0996748	0.900325	0.19935	1.80065	0.9998797
3089	1	-1817.845	-1817.441	-0.4040888	0.32081	0.103008	0.896992	0.206016	1.79398	0.9986247
3090	0	-1815.823	-1815.417	-0.4053448	0.319714	0.0928092	0.907191	0.185618	1.81438	0.9998797
3091	1	-1815.719	-1815.314	-0.4050017	0.317455	0.0968618	0.903138	0.193724	1.80628	0.9995367
3092	0	-1815.219	-1814.814	-0.4053409	0.314314	0.100529	0.899471	0.201059	1.79894	0.9998758
3093	1	-1817.149	-1816.744	-0.4048043	0.341561	0.101416	0.898584	0.202832	1.79717	0.9993394
3094	0	-1816.241	-1815.836	-0.4049409	0.321252	0.102713	0.897287	0.205426	1.79457	0.9994759
3095	1	-1816.15	-1815.745	-0.4046642	0.328395	0.0975054	0.902495	0.195011	1.80499	0.9991994
3096	0	-1815.592	-1815.187	-0.405345	0.31448	0.10303	0.89697	0.20606	1.79394	0.9998799
3097	1	-1817.604	-1817.2	-0.4043585	0.347125	0.0974022	0.902598	0.194804	1.8052	0.998894
3098	0	-1815.13	-1814.724	-0.4053305	0.31513	0.0988804	0.90112	0.197761	1.80224	0.9998654
3099	1	-1815.946	-1815.541	-0.4051845	0.316786	0.0939203	0.90608	0.187841	1.81216	0.9997195
3100	0	-1816.101	-1815.696	-0.4053844	0.345082	0.090968	0.909032	0.181936	1.81806	0.9999192
3101	1	-1817.956	-1817.551	-0.4041541	0.318284	0.0931073	0.906893	0.186215	1.81379	0.9986899
3102	0	-1815.411	-1815.005	-0.4053844	0.321234	0.102584	0.897416	0.205169	1.79483	0.9999192
3103	1	-1815.161	-1814.755	-0.405422	0.336305	0.0991304	0.90087	0.198261	1.80174	0.9999569
3104	0	-1816.819	-1816.413	-0.4053282	0.331974	0.089204	0.910796	0.178408	1.82159	0.9998631
3105	1	-1815.797	-1815.392	-0.4050637	0.335027	0.0994949	0.900505	0.19899	1.80101	0.9995987
3106	0	-1815.442	-1815.036	-0.4053282	0.340805	0.0939664	0.906034	0.187933	1.81207	0.9998631
3107	1	-1815.085	-1814.68	-0.4052793	0.322011	0.0990687	0.900931	0.198137	1.80186	0.9998143
3108	0	-1815.906	-1815.5	-0.4053282	0.332793	0.102574	0.897426	0.205148	1.79485	0.9998631
3109	1	-1816.597	-1816.192	-0.404596	0.325463	0.0941849	0.905815	0.18837	1.81163	0.9991313
3110	0	-1815.274	-1814.868	-0.4053282	0.339185	0.0970894	0.902911	0.194179	1.80582	0.9998631
3111	1	-1816.681	-1816.276	-0.4049006	0.347275	0.0928386	0.907161	0.185677	1.81432	0.9994357
3112	0	-1816.11	-1815.705	-0.4052195	0.301719	0.100191	0.899809	0.200383	1.79962	0.9997545
3113	1	-1815.816	-1815.411	-0.4050965	0.321728	0.094132	0.905868	0.188264	1.81174	0.9996315
3114	0	-1815.654	-1815.249	-0.4052074	0.308717	0.0997811	0.900219	0.199562	1.80044	0.9997423
3115	1	-1816.576	-1816.171	-0.4048231	0.345594	0.0941297	0.90587	0.188259	1.81174	0.9993582
3116	0	-1815.41	-1815.005	-0.4052074	0.337029	0.0974929	0.902507	0.194986	1.80501	0.9997423
3117	1	-1815.486	-1815.081	-0.4052793	0.326125	0.101681	0.898319	0.203362	1.79664	0.9998142
3118	0	-1816.024	-1815.618	-0.4052175	0.337795	0.0916621	0.908338	0.183324	1.81668	0.9997525
3119	1	-1815.449	-1815.044	-0.4053034	0.310041	0.10057	0.89943	0.20114	1.79886	0.9998383
3120	0	-1815.523	-1815.118	-0.4054107	0.34552	0.0969079	0.903092	0.193816	1.80618	0.9999456
3121	1	-1818.206	-1817.802	-0.4037418	0.331732	0.100491	0.899509	0.200982	1.79902	0.9982782
3122	0	-1815.409	-1815.003	-0.4054107	0.342874	0.0977517	0.902248	0.195503	1.8045	0.9999456
3123	1	-1816.053	-1815.648	-0.4047143	0.325374	0.0980628	0.901937	0.196126	1.80387	0.9992495
3124	0	-1824.369	-1823.964	-0.4049747	0.339392	0.114917	0.885083	0.229833	1.77017	0.9995097
3125	1	-1815.383	-1814.978	-0.4051613	0.330529	0.0951523	0.904848	0.190305	1.8097	0.9996962
3126	0	-1815.798	-1815.393	-0.4051759	0.34286	0.0974326	0.902567	0.194865	1.80513	0.9997108
3127	1	-1815.791	-1815.385	-0.4054241	0.322564	0.092059	0.907941	0.184118	1.81588	0.999959
3128	0	-1815.318	-1814.913	-0.4052486	0.327547	0.0945542	0.905446	0.189108	1.81089	0.9997836
3129	1	-1816.357	-1815.951	-0.4053935	0.35526	0.0934004	0.9066	0.186801	1.8132	0.9999284
3130	0	-1815.943	-1815.538	-0.4052486	0.336926	0.0917147	0.908285	0.183429	1.81657	0.9997836
3131	1	-1814.97	-1814.565	-0.4054094	0.329645	0.0995083	0.900492	0.199017	1.80098	0.9999443
3132	0	-1816.092	-1815.686	-0.4052486	0.340698	0.0914018	0.908598	0.182804	1.8172	0.9997836
3133	1	-1816.445	-1816.04	-0.4049266	0.305906	0.101816	0.898184	0.203631	1.79637	0.9994617
3134	0	-1815.824	-1815.419	-0.4052486	0.337296	0.0921721	0.907828	0.184344	1.81566	0.9997836
3135	1	-1815.775	-1815.37	-0.4049671	0.322645	0.100405	0.899595	0.200809	1.79919	0.9995021
3136	0	-1815.418	-1815.013	-0.405178	0.3315	0.0946574	0.905343	0.189315	1.81069	0.999713
3137	1	-1815.221	-1814.816	-0.4051941	0.324567	0.0988554	0.901145	0.197711	1.80229	0.999729
3138	0	-1815.721	-1815.316	-0.4049134	0.330103	0.0973524	0.902648	0.194705	1.8053	0.9994484
3139	1	-1815.486	-1815.081	-0.4051326	0.336066	0.0957764	0.904224	0.191553	1.80845	0.9996675
3140	0	-1816.912	-1816.507	-0.4050553	0.296164	0.101346	0.898654	0.202692	1.79731	0.9995903
3141	1	-1815.619	-1815.214	-0.4051467	0.324213	0.094259	0.905741	0.188518	1.81148	0.9996817
3142	0	-1815.559	-1815.154	-0.4050553	0.319644	0.0997614	0.900239	0.199523	1.80048	0.9995903
3143	1	-1815.564	-1815.159	-0.4054131	0.316102	0.0939573	0.906043	0.187915	1.81209	0.999948
3144	0	-1815.489	-1815.084	-0.4052393	0.329645	0.0936176	0.906382	0.187235	1.81276	0.9997742
3145	1	-1818.298	-1817.893	-0.4047461	0.353208	0.100618	0.899382	0.201236	1.79876	0.9992813
3146	0	-1815.692	-1815.287	-0.4050182	0.329953	0.0947326	0.905267	0.189465	1.81053	0.9995532
3147	1	-1817.146	-1816.741	-0.4052411	0.292834	0.0981605	0.90184	0.196321	1.80368	0.999776
3148	0	-1815.683	-1815.278	-0.4051197	0.315091	0.101285	0.898715	0.202571	1.79743	0.9996546
3149	1	-1815.321	-1814.915	-0.4052226	0.326464	0.100145	0.899855	0.200291	1.79971	0.9997576
3150	0	-1815.802	-1815.397	-0.4051197	0.339529	0.0937305	0.906269	0.187461	1.81254	0.9996546
3151	1	-1816.502	-1816.097	-0.4051571	0.337725	0.10242	0.89758	0.20484	1.79516	0.9996921
3152	0	-1815.528	-1815.123	-0.4050346	0.326202	0.0989875	0.901013	0.197975	1.80203	0.9995696
3153	1	-1815.432	-1815.027	-0.4053821	0.329587	0.10176	0.89824	0.203519	1.79648	0.9999169
3154	0	-1817.038	-1816.634	-0.4042908	0.329251	0.0945145	0.905485	0.189029	1.81097	0.9988264
3155	1	-1816.827	-1816.422	-0.40496	0.349879	0.0977467	0.902253	0.195493	1.80451	0.999495
3156	0	-1815.828	-1815.423	-0.4050299	0.318099	0.095419	0.904581	0.190838	1.80916	0.9995649
3157	1	-1815.92	-1815.515	-0.405161	0.309327	0.102259	0.897741	0.204518	1.79548	0.9996959
3158	0	-1816.859	-1816.455	-0.4043495	0.323481	0.0955544	0.904446	0.191109	1.80889	0.998885
3159	1	-1816.359	-1815.954	-0.405161	0.346421	0.0990448	0.900955	0.19809	1.80191	0.9996959
3160	0	-1816.147	-1815.742	-0.4052305	0.306695	0.103665	0.896335	0.20733	1.79267	0.9997654
3161	1	-1815.043	-1814.637	-0.4054462	0.312189	0.0987801	0.90122	0.19756	1.80244	0.9999811
3162	0	-1815.135	-1814.73	-0.4052305	0.327124	0.0966734	0.903327	0.193347	1.80665	0.9997654
3163	1	-1814.945	-1814.539	-0.4053679	0.31927	0.0979122	0.902088	0.195824	1.80418	0.9999028
3164	0	-1819.659	-1819.254	-0.4051931	0.364444	0.101558	0.898442	0.203117	1.79688	0.999728
3165	1	-1817.972	-1817.566	-0.4053679	0.361533	0.0992535	0.900746	0.198507	1.80149	0.9999028
3166	0	-1817.621	-1817.218	-0.4038994	0.317971	0.0983155	0.901684	0.196631	1.80337	0.9984355
3167	1	-1816.281	-1815.876	-0.4053679	0.340364	0.102235	0.897765	0.20447	1.79553	0.9999028
3168	0	-1817.575	-1817.17	-0.4048712	0.347021	0.101419	0.898581	0.202838	1.79716	0.9994063
3169	1	-1815.091	-1814.685	-0.4054002	0.315485	0.0967803	0.90322	0.193561	1.80644	0.9999351
3170	0	-1815.724	-1815.318	-0.4053654	0.308427	0.103086	0.896914	0.206173	1.79383	0.9999003
3171	1	-1815.897	-1815.493	-0.4048678	0.328392	0.0952729	0.904727	0.190546	1.80945	0.9994029
3172	0	-1815.187	-1814.782	-0.4053654	0.314524	0.0968965	0.903104	0.193793	1.80621	0.9999003
3173	1	-1816.846	-1816.441	-0.4053088	0.304361	0.0936396	0.90636	0.187279	1.81272	0.9998437
3174	0	-1815.724	-1815.319	-0.4054108	0.336881	0.0914634	0.908537	0.182927	1.81707	0.9999457
3175	1	-1815.928	-1815.523	-0.4049524	0.31833	0.0956054	0.904395	0.191211	1.80879	0.9994874
3176	0	-1815.017	-1814.611	-0.4054108	0.315116	0.0976401	0.90236	0.19528	1.80472	0.9999457
3177	1	-1815.658	-1815.253	-0.4052557	0.327177	0.102113	0.897887	0.204225	1.79577	0.9997906
3178	0	-1816.305	-1815.9	-0.4048119	0.323357	0.101835	0.898165	0.203669	1.79633	0.999347
3179	1	-1815.402	-1814.997	-0.4051255	0.332241	0.0959267	0.904073	0.191853	1.80815	0.9996605
3180	0	-1815.919	-1815.514	-0.4051649	0.338305	0.100117	0.899883	0.200234	1.79977	0.9996998
3181	1	-1815.827	-1815.422	-0.4053429	0.34281	0.0920102	0.90799	0.18402	1.81598	0.9998778
3182	0	-1815.235	-1814.83	-0.4051649	0.326207	0.0976452	0.902355	0.19529	1.80471	0.9996998
3183	1	-1815.571	-1815.166	-0.4052922	0.311794	0.0961687	0.903831	0.192337	1.80766	0.9998271
3184	0	-1816.762	-1816.357	-0.4052211	0.305972	0.105931	0.894069	0.211862	1.78814	0.9997561
3185	1	-1815.254	-1814.848	-0.4052922	0.31646	0.100521	0.899479	0.201043	1.79896	0.9998271
3186	0	-1817.317	-1816.911	-0.4052042	0.356726	0.0983725	0.901627	0.196745	1.80325	0.9997391
3187	1	-1819.68	-1819.275	-0.4052681	0.315681	0.112344	0.887656	0.224687	1.77531	0.999803
3188	0	-1816.74	-1816.334	-0.4052042	0.354412	0.0968014	0.903199	0.193603	1.8064	0.9997391
3189	1	-1816.02	-1815.615	-0.4049023	0.317665	0.0957764	0.904224	0.191553	1.80845	0.9994373
3190	0	-1814.96	-1814.555	-0.4053317	0.322186	0.0983398	0.90166	0.19668	1.80332	0.9998666
3191	1	-1820.722	-1820.317	-0.4046459	0.277495	0.0976765	0.902324	0.195353	1.80465	0.9991812
3192	0	-1815.673	-1815.268	-0.4053317	0.34075	0.0924997	0.9075	0.184999	1.815	0.9998666
3193	1	-1818.85	-1818.446	-0.4042303	0.340093	0.0888957	0.911104	0.177791	1.82221	0.998766
3194	0	-1816.595	-1816.189	-0.4053618	0.337165	0.0893707	0.910629	0.178741	1.82126	0.9998967
3195	1	-1815.137	-1814.731	-0.4053513	0.313941	0.0988727	0.901127	0.197745	1.80225	0.9998862
3196	0	-1815.211	-1814.806	-0.4053618	0.339239	0.0952466	0.904753	0.190493	1.80951	0.9998967
3197	1	-1817.448	-1817.043	-0.4048269	0.34154	0.0896864	0.910314	0.179373	1.82063	0.999362
3198	0	-1818.92	-1818.514	-0.4052994	0.350522	0.10531	0.89469	0.21062	1.78938	0.9998343
3199	1	-1815.761	-1815.356	-0.405103	0.32508	0.101595	0.898405	0.203189	1.79681	0.999638
3200	0	-1815.159	-1814.753	-0.4052994	0.319276	0.100147	0.899853	0.200294	1.79971	0.9998343
3201	1	-1815.46	-1815.055	-0.405385	0.317925	0.102874	0.897126	0.205748	1.79425	0.9999199
3202	0	-1815.406	-1815.001	-0.4052674	0.340187	0.0957796	0.90422	0.191559	1.80844	0.9998023
3203	1	-1816.603	-1816.198	-0.40483	0.30911	0.102745	0.897255	0.20549	1.79451	0.999365
3204	0	-1815.438	-1815.033	-0.4052674	0.317387	0.0953888	0.904611	0.190778	1.80922	0.9998023
3205	1	-1817.902	-1817.498	-0.4048512	0.329458	0.106189	0.893811	0.212379	1.78762	0.9993863
3206	0	-1816.177	-1815.771	-0.4051667	0.323232	0.0921983	0.907802	0.184397	1.8156	0.9997016
3207	1	-1816.065	-1815.66	-0.4048512	0.318688	0.100931	0.899069	0.201862	1.79814	0.9993863
3208	0	-1815.993	-1815.588	-0.4049502	0.339707	0.0972511	0.902749	0.194502	1.8055	0.9994852
3209	1	-1816.026	-1815.621	-0.4048512	0.316664	0.100333	0.899667	0.200667	1.79933	0.9993863
3210	0	-1815.776	-1815.371	-0.4049502	0.335271	0.0967609	0.903239	0.193522	1.80648	0.9994852
3211	1	-1815.644	-1815.238	-0.4054333	0.310923	0.0948694	0.905131	0.189739	1.81026	0.9999682
3212	0	-1817.373	-1816.969	-0.4040513	0.317043	0.0984734	0.901527	0.196947	1.80305	0.9985872
3213	1	-1818.821	-1818.416	-0.4049352	0.345333	0.105231	0.894769	0.210462	1.78954	0.9994702
3214	0	-1815.125	-1814.719	-0.4054011	0.322919	0.101247	0.898753	0.202494	1.79751	0.999936
3215	1	-1816.559	-1816.154	-0.4048292	0.340848	0.0926154	0.907385	0.185231	1.81477	0.9993643
3216	0	-1816.699	-1816.293	-0.4053289	0.3567	0.0960943	0.903906	0.192189	1.80781	0.9998638
3217	1	-1816.622	-1816.216	-0.405089	0.342158	0.101184	0.898816	0.202369	1.79763	0.999624
3218	0	-1815.414	-1815.009	-0.4052287	0.312629	0.0991808	0.900819	0.198362	1.80164	0.9997636
3219	1	-1816.831	-1816.427	-0.4042889	0.328394	0.0968537	0.903146	0.193707	1.80629	0.9988245
3220	0	-1815.965	-1815.56	-0.4048171	0.333463	0.0963871	0.903613	0.192774	1.80723	0.9993522
3221	1	-1816.367	-1815.962	-0.4045981	0.318245	0.0990843	0.900916	0.198169	1.80183	0.9991334
3222	0	-1816.798	-1816.393	-0.4050081	0.303939	0.104265	0.895735	0.20853	1.79147	0.9995431
3223	1	-1817.959	-1817.555	-0.4038688	0.321968	0.0944277	0.905572	0.188855	1.81114	0.9984049
3224	0	-1816.225	-1815.82	-0.4050081	0.316496	0.103225	0.896775	0.20645	1.79355	0.9995431
3225	1	-1816.126	-1815.722	-0.4046795	0.323051	0.097504	0.902496	0.195008	1.80499	0.9992147
3226	0	-1818.042	-1817.638	-0.4037769	0.314784	0.100678	0.899322	0.201355	1.79864	0.9983132
3227	1	-1817.913	-1817.51	-0.40385	0.322365	0.101225	0.898775	0.20245	1.79755	0.9983862
3228	0	-1818.489	-1818.084	-0.4046453	0.358184	0.0901026	0.909897	0.180205	1.81979	0.9991805
3229	1	-1817.8	-1817.395	-0.4042943	0.314165	0.104294	0.895706	0.208587	1.79141	0.9988299
3230	0	-1815.4	-1814.995	-0.4050818	0.327146	0.0967458	0.903254	0.193492	1.80651	0.9996167
3231	1	-1819.231	-1818.827	-0.4042943	0.300825	0.107774	0.892226	0.215548	1.78445	0.9988299
3232	0	-1816.43	-1816.025	-0.4051459	0.339486	0.0908277	0.909172	0.181655	1.81834	0.9996809
3233	1	-1815.481	-1815.076	-0.4053193	0.342871	0.0948178	0.905182	0.189636	1.81036	0.9998542
3234	0	-1815.356	-1814.951	-0.4052235	0.337315	0.0963724	0.903628	0.192745	1.80726	0.9997584
3235	1	-1815.772	-1815.366	-0.4053193	0.342756	0.0924589	0.907541	0.184918	1.81508	0.9998542
3236	0	-1818.106	-1817.702	-0.4046248	0.292656	0.0996123	0.900388	0.199225	1.80078	0.9991601
3237	1	-1815.094	-1814.689	-0.4053193	0.316883	0.0982118	0.901788	0.196424	1.80358	0.9998542
3238	0	-1817.219	-1816.815	-0.4046248	0.317963	0.0928153	0.907185	0.185631	1.81437	0.9991601
3239	1	-1815.03	-1814.624	-0.405374	0.330619	0.0992478	0.900752	0.198496	1.8015	0.9999089
3240	0	-1815.581	-1815.176	-0.4051641	0.322981	0.101407	0.898593	0.202813	1.79719	0.9996991
3241	1	-1816.201	-1815.796	-0.405374	0.315291	0.105459	0.894541	0.210919	1.78908	0.9999089
3242	0	-1817.7	-1817.295	-0.4049051	0.299001	0.106114	0.893886	0.212229	1.78777	0.9994402
3243	1	-1815.89	-1815.485	-0.4053358	0.330659	0.091476	0.908524	0.182952	1.81705	0.9998707
3244	0	-1817.307	-1816.902	-0.4049051	0.317178	0.091401	0.908599	0.182802	1.8172	0.9994402
3245	1	-1816.358	-1815.953	-0.404596	0.33327	0.0970472	0.902953	0.194094	1.80591	0.9991313
3246	0	-1818.168	-1817.762	-0.4053408	0.368871	0.0930815	0.906918	0.186163	1.81384	0.9998757
3247	1	-1815.543	-1815.138	-0.4051076	0.326085	0.0948612	0.905139	0.189722	1.81028	0.9996425
3248	0	-1816.931	-1816.526	-0.4044512	0.314411	0.096186	0.903814	0.192372	1.80763	0.9989866
3249	1	-1815.311	-1814.906	-0.405419	0.309583	0.0974952	0.902505	0.19499	1.80501	0.9999539
3250	0	-1817.108	-1816.703	-0.4049914	0.322576	0.105696	0.894304	0.211393	1.78861	0.9995264
3251	1	-1815.174	-1814.769	-0.4054475	0.309493	0.0994096	0.90059	0.198819	1.80118	0.9999824
3252	0	-1814.964	-1814.558	-0.4054584	0.320318	0.0954489	0.904551	0.190898	1.8091	0.9999933
3253	1	-1815.091	-1814.685	-0.4054441	0.335521	0.099197	0.900803	0.198394	1.80161	0.999979
3254	0	-1817.191	-1816.786	-0.4049922	0.29488	0.102222	0.897778	0.204444	1.79556	0.9995272
3255	1	-1815.384	-1814.978	-0.4054275	0.343541	0.0939887	0.906011	0.187977	1.81202	0.9999624
3256	0	-1814.952	-1814.547	-0.4054189	0.316331	0.0976693	0.902331	0.195339	1.80466	0.9999538
3257	1	-1814.987	-1814.581	-0.4053218	0.321373	0.0982815	0.901719	0.196563	1.80344	0.9998567
3258	0	-1815.564	-1815.159	-0.4054544	0.341705	0.0921216	0.907878	0.184243	1.81576	0.9999893
3259	1	-1815.463	-1815.058	-0.4052301	0.313351	0.100693	0.899307	0.201385	1.79861	0.999765
3260	0	-1815.509	-1815.104	-0.4054544	0.304338	0.100785	0.899215	0.201571	1.79843	0.9999893
3261	1	-1816.046	-1815.64	-0.4052301	0.304769	0.102511	0.897489	0.205022	1.79498	0.999765
3262	0	-1815.499	-1815.094	-0.4054544	0.344262	0.0929812	0.907019	0.185962	1.81404	0.9999893
3263	1	-1815.241	-1814.835	-0.4053179	0.326675	0.0943482	0.905652	0.188696	1.8113	0.9998528
3264	0	-1814.952	-1814.546	-0.4054544	0.330496	0.0997803	0.90022	0.199561	1.80044	0.9999893
3265	1	-1816.888	-1816.483	-0.4053179	0.316933	0.106999	0.893001	0.213998	1.786	0.9998528
3266	0	-1815.853	-1815.448	-0.4050993	0.342858	0.0957307	0.904269	0.191461	1.80854	0.9996343
3267	1	-1815.484	-1815.078	-0.4053179	0.32976	0.0930136	0.906986	0.186027	1.81397	0.9998528
3268	0	-1815.583	-1815.178	-0.4050993	0.335135	0.094881	0.905119	0.189762	1.81024	0.9996343
3269	1	-1815.001	-1814.596	-0.4053048	0.323338	0.0972794	0.902721	0.194559	1.80544	0.9998397
3270	0	-1816.029	-1815.624	-0.4048775	0.313529	0.0997788	0.900221	0.199558	1.80044	0.9994125
3271	1	-1817.92	-1817.515	-0.4050072	0.325535	0.10736	0.89264	0.21472	1.78528	0.9995422
3272	0	-1816.287	-1815.882	-0.4048775	0.341326	0.0979549	0.902045	0.19591	1.80409	0.9994125
3273	1	-1816.571	-1816.166	-0.4048834	0.304508	0.0982949	0.901705	0.19659	1.80341	0.9994185
3274	0	-1815.155	-1814.75	-0.4054423	0.314567	0.0960537	0.903946	0.192107	1.80789	0.9999772
3275	1	-1815.842	-1815.436	-0.4053103	0.312049	0.103679	0.896321	0.207359	1.79264	0.9998452
3276	0	-1815.154	-1814.748	-0.4053019	0.331445	0.0989768	0.901023	0.197954	1.80205	0.9998368
3277	1	-1815.982	-1815.577	-0.4051993	0.320595	0.0929939	0.907006	0.185988	1.81401	0.9997342
3278	0	-1817.413	-1817.008	-0.4045264	0.348957	0.0969326	0.903067	0.193865	1.80613	0.9990617
3279	1	-1816.186	-1815.78	-0.4053032	0.299916	0.102079	0.897921	0.204158	1.79584	0.9998381
3280	0	-1815.874	-1815.469	-0.4050266	0.326274	0.093842	0.906158	0.187684	1.81232	0.9995616
3281	1	-1816.153	-1815.748	-0.4053032	0.338182	0.102032	0.897968	0.204065	1.79594	0.9998381
3282	0	-1816.596	-1816.191	-0.405047	0.32326	0.104484	0.895516	0.208967	1.79103	0.9995819
3283	1	-1815.813	-1815.407	-0.4053032	0.340995	0.0921342	0.907866	0.184268	1.81573	0.9998381
3284	0	-1815.875	-1815.47	-0.4048707	0.33369	0.0970613	0.902939	0.194123	1.80588	0.9994058
3285	1	-1815.768	-1815.363	-0.4052076	0.333583	0.101062	0.898938	0.202123	1.79788	0.9997425
3286	0	-1817.899	-1817.495	-0.4040039	0.30741	0.0994655	0.900535	0.198931	1.80107	0.9985399
3287	1	-1818.533	-1818.128	-0.4052076	0.311145	0.110326	0.889674	0.220652	1.77935	0.9997425
3288	0	-1815.852	-1815.447	-0.4050036	0.332601	0.0939176	0.906082	0.187835	1.81216	0.9995386
3289	1	-1815.999	-1815.594	-0.4052076	0.32003	0.103698	0.896302	0.207395	1.7926	0.9997425
3290	0	-1817.543	-1817.139	-0.4048383	0.322234	0.0965471	0.903453	0.193094	1.80691	0.9993734
3291	1	-1816.069	-1815.664	-0.4052076	0.313173	0.0941714	0.905829	0.188343	1.81166	0.9997425
3292	0	-1816.941	-1816.537	-0.4045794	0.307453	0.0977933	0.902207	0.195587	1.80441	0.9991147
3293	1	-1815.628	-1815.222	-0.4053299	0.305889	0.100649	0.899351	0.201298	1.7987	0.9998648
3294	0	-1815.859	-1815.454	-0.4050021	0.337822	0.0979944	0.902006	0.195989	1.80401	0.9995371
3295	1	-1815.953	-1815.548	-0.4051562	0.314413	0.0946575	0.905343	0.189315	1.81069	0.9996911
3296	0	-1816.587	-1816.182	-0.4050021	0.326288	0.103892	0.896108	0.207783	1.79222	0.9995371
3297	1	-1821.197	-1820.792	-0.4050557	0.346468	0.0830947	0.916905	0.166189	1.83381	0.9995907
3298	0	-1815.851	-1815.446	-0.4051238	0.321434	0.0938252	0.906175	0.18765	1.81235	0.9996587
3299	1	-1816.145	-1815.739	-0.4050557	0.306816	0.0976409	0.902359	0.195282	1.80472	0.9995907
3300	0	-1816.288	-1815.883	-0.4052181	0.30943	0.0943579	0.905642	0.188716	1.81128	0.999753
3301	1	-1824.69	-1824.287	-0.4031989	0.268374	0.0995284	0.900472	0.199057	1.80094	0.9977363
3302	0	-1816.684	-1816.279	-0.4050684	0.298812	0.0990488	0.900951	0.198098	1.8019	0.9996034
3303	1	-1817.479	-1817.074	-0.4049417	0.355843	0.0974082	0.902592	0.194816	1.80518	0.9994768
3304	0	-1815.705	-1815.3	-0.4050684	0.312584	0.0991885	0.900811	0.198377	1.80162	0.9996034
3305	1	-1818.841	-1818.436	-0.4049417	0.32069	0.0879633	0.912037	0.175927	1.82407	0.9994768
3306	0	-1816.289	-1815.884	-0.4050104	0.345846	0.0937236	0.906276	0.187447	1.81255	0.9995454
3307	1	-1817.428	-1817.023	-0.4044756	0.348469	0.0965939	0.903406	0.193188	1.80681	0.999011
3308	0	-1817.944	-1817.54	-0.4041962	0.301884	0.0999498	0.90005	0.1999	1.8001	0.9987319
3309	1	-1815.843	-1815.438	-0.4050023	0.337746	0.0978735	0.902126	0.195747	1.80425	0.9995373
3310	0	-1816.661	-1816.256	-0.4048121	0.315694	0.0940026	0.905997	0.188005	1.81199	0.9993472
3311	1	-1817.165	-1816.76	-0.4050023	0.329572	0.105059	0.894941	0.210118	1.78988	0.9995373
3312	0	-1817.903	-1817.498	-0.4046972	0.336886	0.104205	0.895795	0.20841	1.79159	0.9992324
3313	1	-1814.874	-1814.468	-0.4054366	0.329858	0.0952517	0.904748	0.190503	1.8095	0.9999715
3314	0	-1815.732	-1815.326	-0.4053131	0.30541	0.0982242	0.901776	0.196448	1.80355	0.999848
3315	1	-1814.898	-1814.492	-0.4054366	0.31657	0.0991229	0.900877	0.198246	1.80175	0.9999715
3316	0	-1816.967	-1816.562	-0.4047834	0.302122	0.102111	0.897889	0.204221	1.79578	0.9993185
3317	1	-1816.376	-1815.97	-0.4051268	0.338914	0.0910806	0.908919	0.182161	1.81784	0.9996618
3318	0	-1815.423	-1815.018	-0.4052876	0.32954	0.0935223	0.906478	0.187045	1.81296	0.9998225
3319	1	-1815.543	-1815.138	-0.4052038	0.32829	0.101002	0.898998	0.202005	1.798	0.9997387
3320	0	-1815.419	-1815.014	-0.4051578	0.329356	0.0948919	0.905108	0.189784	1.81022	0.9996928
3321	1	-1816.482	-1816.076	-0.4054247	0.317002	0.106455	0.893545	0.212911	1.78709	0.9999596
3322	0	-1816.096	-1815.691	-0.4051578	0.313239	0.103681	0.896319	0.207361	1.79264	0.9996928
3323	1	-1818.719	-1818.313	-0.4051379	0.328062	0.109063	0.890937	0.218126	1.78187	0.9996728
3324	0	-1815.107	-1814.702	-0.4052969	0.325047	0.0956825	0.904317	0.191365	1.80863	0.9998318
3325	1	-1815.334	-1814.929	-0.4051379	0.329652	0.0962052	0.903795	0.19241	1.80759	0.9996728
3326	0	-1815.392	-1814.987	-0.4052969	0.33011	0.0935652	0.906435	0.18713	1.81287	0.9998318
3327	1	-1815.777	-1815.372	-0.4052099	0.321682	0.0934718	0.906528	0.186944	1.81306	0.9997448
3328	0	-1815.372	-1814.967	-0.4052354	0.32955	0.0942753	0.905725	0.188551	1.81145	0.9997703
3329	1	-1816.377	-1815.973	-0.4049165	0.306428	0.101209	0.898791	0.202417	1.79758	0.9994515
3330	0	-1818.378	-1817.973	-0.4052354	0.287307	0.0962571	0.903743	0.192514	1.80749	0.9997703
3331	1	-1814.92	-1814.515	-0.4054291	0.316047	0.0984678	0.901532	0.196936	1.80306	0.999964
3332	0	-1816.566	-1816.161	-0.4049356	0.321271	0.103897	0.896103	0.207795	1.79221	0.9994706
3333	1	-1815.689	-1815.285	-0.4049231	0.322585	0.097693	0.902307	0.195386	1.80461	0.9994581
3334	0	-1816.816	-1816.411	-0.4053366	0.295615	0.097134	0.902866	0.194268	1.80573	0.9998715
3335	1	-1816.143	-1815.738	-0.404756	0.332325	0.0950097	0.90499	0.190019	1.80998	0.9992912
3336	0	-1815.843	-1815.438	-0.4048714	0.332362	0.0973122	0.902688	0.194624	1.80538	0.9994064
3337	1	-1817.681	-1817.275	-0.4053233	0.320804	0.0886963	0.911304	0.177393	1.82261	0.9998582
3338	0	-1817.051	-1816.646	-0.405078	0.31531	0.091597	0.908403	0.183194	1.81681	0.9996129
3339	1	-1815.531	-1815.126	-0.4053233	0.308194	0.100974	0.899026	0.201948	1.79805	0.9998582
3340	0	-1818.102	-1817.698	-0.4038511	0.340039	0.0937802	0.90622	0.18756	1.81244	0.9983873
3341	1	-1816.074	-1815.669	-0.4050425	0.306893	0.100404	0.899596	0.200807	1.79919	0.9995775
3342	0	-1815.473	-1815.068	-0.4052375	0.315491	0.101359	0.898641	0.202718	1.79728	0.9997724
3343	1	-1816.283	-1815.878	-0.4050425	0.31312	0.0945004	0.9055	0.189001	1.811	0.9995775
3344	0	-1817.107	-1816.702	-0.404656	0.344029	0.0920356	0.907964	0.184071	1.81593	0.9991913
3345	1	-1816.224	-1815.819	-0.4050425	0.341452	0.0924641	0.907536	0.184928	1.81507	0.9995775
3346	0	-1816.589	-1816.185	-0.404656	0.3158	0.0955564	0.904444	0.191113	1.80889	0.9991913
3347	1	-1814.861	-1814.455	-0.4054472	0.332288	0.0953778	0.904622	0.190756	1.80924	0.9999821
3348	0	-1815.255	-1814.85	-0.4054114	0.309249	0.0990439	0.900956	0.198088	1.80191	0.9999463
3349	1	-1816.302	-1815.897	-0.4048547	0.338098	0.0992415	0.900758	0.198483	1.80152	0.9993897
3350	0	-1818.357	-1817.953	-0.4039729	0.342497	0.0917278	0.908272	0.183456	1.81654	0.9985089
3351	1	-1816.479	-1816.075	-0.4045167	0.33227	0.0972759	0.902724	0.194552	1.80545	0.9990521
3352	0	-1816.106	-1815.701	-0.4054304	0.331177	0.0904192	0.909581	0.180838	1.81916	0.9999653
3353	1	-1817.339	-1816.934	-0.4046258	0.328659	0.1038	0.8962	0.207601	1.7924	0.9991611
3354	0	-1817.491	-1817.086	-0.4054304	0.345761	0.0873863	0.912614	0.174773	1.82523	0.9999653
3355	1	-1816.076	-1815.67	-0.4054558	0.353832	0.094158	0.905842	0.188316	1.81168	0.9999907
3356	0	-1816.055	-1815.65	-0.4054437	0.297922	0.0996947	0.900305	0.199389	1.80061	0.9999786
3357	1	-1815.554	-1815.149	-0.4051911	0.317397	0.0955107	0.904489	0.191021	1.80898	0.999726
3358	0	-1815.715	-1815.31	-0.4051148	0.333273	0.100051	0.899949	0.200102	1.7999	0.9996498
3359	1	-1815.657	-1815.251	-0.4054616	0.307415	0.103442	0.896558	0.206883	1.79312	0.9999965
3360	0	-1819.231	-1818.826	-0.4048972	0.350875	0.0862195	0.913781	0.172439	1.82756	0.9994323
3361	1	-1816.107	-1815.702	-0.4051282	0.318011	0.0934587	0.906541	0.186917	1.81308	0.9996632
3362	0	-1818.939	-1818.534	-0.4046805	0.340963	0.0871686	0.912831	0.174337	1.82566	0.9992157
3363	1	-1820.496	-1820.091	-0.4040777	0.281613	0.100892	0.899108	0.201784	1.79822	0.9986135
3364	0	-1816.927	-1816.522	-0.4049894	0.348053	0.0994823	0.900518	0.198965	1.80104	0.9995244
3365	1	-1815.273	-1814.868	-0.4054055	0.339414	0.0984482	0.901552	0.196896	1.8031	0.9999404
3366	0	-1815.577	-1815.172	-0.4051163	0.324134	0.100805	0.899195	0.201609	1.79839	0.9996513
3367	1	-1814.82	-1814.414	-0.4054055	0.327998	0.0979558	0.902044	0.195912	1.80409	0.9999404
3368	0	-1816.846	-1816.442	-0.4045481	0.340035	0.0937608	0.906239	0.187522	1.81248	0.9990835
3369	1	-1814.944	-1814.538	-0.4053976	0.325312	0.0997967	0.900203	0.199593	1.80041	0.9999325
3370	0	-1816.361	-1815.956	-0.4047138	0.312257	0.0993763	0.900624	0.198753	1.80125	0.999249
3371	1	-1818.782	-1818.377	-0.4045501	0.35675	0.0994517	0.900548	0.198903	1.8011	0.9990854
3372	0	-1816.28	-1815.875	-0.4052016	0.300467	0.0991578	0.900842	0.198316	1.80168	0.9997365
3373	1	-1816.578	-1816.173	-0.4045501	0.317676	0.0963481	0.903652	0.192696	1.8073	0.9990854
3374	0	-1815.925	-1815.519	-0.4052016	0.327989	0.0922902	0.90771	0.18458	1.81542	0.9997365
3375	1	-1816.012	-1815.607	-0.4052935	0.329368	0.103314	0.896686	0.206629	1.79337	0.9998284
3376	0	-1814.956	-1814.551	-0.4054468	0.320515	0.100753	0.899247	0.201506	1.79849	0.9999817
3377	1	-1816.328	-1815.923	-0.4048506	0.310256	0.0971666	0.902833	0.194333	1.80567	0.9993857
3378	0	-1815.129	-1814.724	-0.4053402	0.315234	0.0978222	0.902178	0.195644	1.80436	0.9998751
3379	1	-1816.315	-1815.91	-0.4050724	0.315578	0.104025	0.895975	0.20805	1.79195	0.9996074
3380	0	-1815.248	-1814.843	-0.4053402	0.313593	0.100594	0.899406	0.201188	1.79881	0.9998751
3381	1	-1814.812	-1814.407	-0.4054236	0.324935	0.0964318	0.903568	0.192864	1.80714	0.9999585
3382	0	-1816.272	-1815.867	-0.4050284	0.304125	0.100067	0.899933	0.200135	1.79987	0.9995634
3383	1	-1818.777	-1818.372	-0.4050494	0.281315	0.101014	0.898986	0.202028	1.79797	0.9995843
3384	0	-1818.523	-1818.12	-0.4035074	0.335338	0.094327	0.905673	0.188654	1.81135	0.9980442
3385	1	-1815.813	-1815.408	-0.4053567	0.312579	0.0942773	0.905723	0.188555	1.81145	0.9998916
3386	0	-1819.937	-1819.534	-0.4029029	0.34475	0.0955832	0.904417	0.191166	1.80883	0.9974411
3387	1	-1816.403	-1815.998	-0.4046161	0.315736	0.0981356	0.901864	0.196271	1.80373	0.9991514
3388	0	-1819.738	-1819.333	-0.4042111	0.340564	0.0872569	0.912743	0.174514	1.82549	0.9987467
3389	1	-1815.116	-1814.711	-0.4052448	0.323026	0.0972077	0.902792	0.194415	1.80558	0.9997797
3390	0	-1818.636	-1818.231	-0.4051366	0.305005	0.0903417	0.909658	0.180683	1.81932	0.9996716
3391	1	-1816.674	-1816.269	-0.404806	0.322555	0.0927611	0.907239	0.185522	1.81448	0.9993411
3392	0	-1816.237	-1815.832	-0.4053984	0.321207	0.0986177	0.901382	0.197235	1.80276	0.9999333
3393	1	-1817.337	-1816.932	-0.404806	0.32709	0.104929	0.895071	0.209858	1.79014	0.9993411
3394	0	-1815.413	-1815.007	-0.4054215	0.341591	0.0986177	0.901382	0.197235	1.80276	0.9999564
3395	1	-1816.264	-1815.859	-0.4047258	0.336863	0.0973691	0.902631	0.194738	1.80526	0.999261
3396	0	-1815.039	-1814.633	-0.4054215	0.335208	0.0985928	0.901407	0.197186	1.80281	0.9999564
3397	1	-1816.38	-1815.975	-0.4047258	0.323517	0.101416	0.898584	0.202833	1.79717	0.999261
3398	0	-1815.639	-1815.234	-0.4054215	0.330492	0.0917749	0.908225	0.18355	1.81645	0.9999564
3399	1	-1816.044	-1815.639	-0.4047497	0.324039	0.0963555	0.903644	0.192711	1.80729	0.9992848
3400	0	-1817.778	-1817.373	-0.4044289	0.314329	0.0929313	0.907069	0.185863	1.81414	0.9989643
3401	1	-1815.749	-1815.344	-0.4049881	0.318414	0.10033	0.89967	0.200659	1.79934	0.9995231
3402	0	-1816.498	-1816.093	-0.4047124	0.332457	0.093287	0.906713	0.186574	1.81343	0.9992476
3403	1	-1818.021	-1817.616	-0.405383	0.291603	0.0945756	0.905424	0.189151	1.81085	0.9999179
3404	0	-1816.144	-1815.739	-0.404761	0.318726	0.100225	0.899775	0.200451	1.79955	0.9992961
3405	1	-1816.589	-1816.184	-0.4048959	0.311977	0.0946546	0.905345	0.189309	1.81069	0.999431
3406	0	-1815.482	-1815.077	-0.4053611	0.320345	0.102746	0.897254	0.205492	1.79451	0.999896
3407	1	-1815.727	-1815.321	-0.4052723	0.338279	0.0924671	0.907533	0.184934	1.81507	0.9998072
3408	0	-1816.635	-1816.23	-0.4053611	0.301455	0.0949591	0.905041	0.189918	1.81008	0.999896
3409	1	-1815.859	-1815.454	-0.4052723	0.307365	0.0965677	0.903432	0.193135	1.80686	0.9998072
3410	0	-1815.302	-1814.896	-0.4053611	0.313151	0.101321	0.898679	0.202643	1.79736	0.999896
3411	1	-1816.621	-1816.216	-0.4051597	0.30017	0.103622	0.896378	0.207243	1.79276	0.9996947
3412	0	-1815.25	-1814.845	-0.4053611	0.31252	0.10064	0.89936	0.20128	1.79872	0.999896
3413	1	-1816.943	-1816.537	-0.4054048	0.336975	0.0884848	0.911515	0.17697	1.82303	0.9999397
3414	0	-1815.769	-1815.364	-0.4054349	0.32122	0.0922526	0.907747	0.184505	1.81549	0.9999698
3415	1	-1817.151	-1816.746	-0.4051477	0.297141	0.0984597	0.90154	0.196919	1.80308	0.9996826
3416	0	-1818.3	-1817.896	-0.4046921	0.352223	0.100725	0.899275	0.201451	1.79855	0.9992273
3417	1	-1815.679	-1815.274	-0.4053036	0.314755	0.103101	0.896899	0.206202	1.7938	0.9998385
3418	0	-1815.665	-1815.26	-0.4051238	0.340169	0.095724	0.904276	0.191448	1.80855	0.9996588
3419	1	-1815.466	-1815.061	-0.4052751	0.330884	0.0933802	0.90662	0.18676	1.81324	0.99981
3420	0	-1815.383	-1814.977	-0.4054367	0.31882	0.0939142	0.906086	0.187828	1.81217	0.9999716
3421	1	-1815.497	-1815.091	-0.4052751	0.31096	0.101006	0.898994	0.202012	1.79799	0.99981
3422	0	-1817.963	-1817.558	-0.4049937	0.362834	0.0926255	0.907375	0.185251	1.81475	0.9995287
3423	1	-1818.337	-1817.933	-0.4036421	0.311684	0.0999214	0.900079	0.199843	1.80016	0.9981786
3424	0	-1815.576	-1815.171	-0.4049937	0.324614	0.0966501	0.90335	0.1933	1.8067	0.9995287
3425	1	-1819.742	-1819.338	-0.4045055	0.282281	0.099703	0.900297	0.199406	1.80059	0.9990408
3426	0	-1815.257	-1814.851	-0.4054514	0.317352	0.0946395	0.90536	0.189279	1.81072	0.9999863
3427	1	-1816.481	-1816.076	-0.4049732	0.312486	0.0943902	0.90561	0.18878	1.81122	0.9995082
3428	0	-1816.529	-1816.124	-0.4046111	0.33606	0.0944643	0.905536	0.188929	1.81107	0.9991463
3429	1	-1817.082	-1816.677	-0.4049732	0.305059	0.105376	0.894624	0.210752	1.78925	0.9995082
3430	0	-1814.879	-1814.473	-0.4053627	0.326106	0.097404	0.902596	0.194808	1.80519	0.9998976
3431	1	-1815.603	-1815.198	-0.4049654	0.324207	0.0981462	0.901854	0.196292	1.80371	0.9995005
3432	0	-1818.144	-1817.739	-0.4043955	0.307192	0.105693	0.894307	0.211385	1.78861	0.998931
3433	1	-1816.077	-1815.671	-0.4051008	0.321882	0.103173	0.896827	0.206346	1.79365	0.9996358
3434	0	-1817.433	-1817.028	-0.4045381	0.305446	0.096096	0.903904	0.192192	1.80781	0.9990735
3435	1	-1817.516	-1817.112	-0.4043479	0.347217	0.094504	0.905496	0.189008	1.81099	0.9988834
3436	0	-1816.537	-1816.132	-0.4051989	0.353564	0.0955574	0.904443	0.191115	1.80889	0.9997339
3437	1	-1816.239	-1815.834	-0.4050933	0.330151	0.102745	0.897255	0.205489	1.79451	0.9996283
3438	0	-1815.599	-1815.193	-0.4054111	0.304999	0.101564	0.898436	0.203128	1.79687	0.999946
3439	1	-1815.804	-1815.399	-0.4050933	0.338119	0.0937575	0.906243	0.187515	1.81249	0.9996283
3440	0	-1816.856	-1816.452	-0.4043525	0.334865	0.0973517	0.902648	0.194703	1.8053	0.998888
3441	1	-1818.636	-1818.231	-0.4050933	0.309532	0.0895624	0.910438	0.179125	1.82088	0.9996283
3442	0	-1815.899	-1815.495	-0.4049385	0.336718	0.0977625	0.902237	0.195525	1.80447	0.9994736
3443	1	-1814.963	-1814.558	-0.4053768	0.319734	0.099553	0.900447	0.199106	1.80089	0.9999116
3444	0	-1816.323	-1815.917	-0.4052029	0.349656	0.0974509	0.902549	0.194902	1.8051	0.9997378
3445	1	-1815.06	-1814.655	-0.4053841	0.315957	0.100087	0.899913	0.200173	1.79983	0.999919
3446	0	-1817.281	-1816.877	-0.4044293	0.305147	0.100049	0.899951	0.200097	1.7999	0.9989648
3447	1	-1815.371	-1814.966	-0.4053109	0.313693	0.0965345	0.903466	0.193069	1.80693	0.9998458
3448	0	-1816.243	-1815.837	-0.4052348	0.351389	0.0945751	0.905425	0.18915	1.81085	0.9997698
3449	1	-1819.873	-1819.469	-0.4038596	0.326856	0.0888181	0.911182	0.177636	1.82236	0.9983957
3450	0	-1818.531	-1818.125	-0.4054088	0.311048	0.0885716	0.911428	0.177143	1.82286	0.9999437
3451	1	-1816.893	-1816.489	-0.4047934	0.306354	0.103374	0.896626	0.206747	1.79325	0.9993285
3452	0	-1817.362	-1816.957	-0.4054031	0.339879	0.105259	0.894741	0.210517	1.78948	0.9999379
3453	1	-1816.748	-1816.343	-0.4047934	0.314619	0.103731	0.896269	0.207461	1.79254	0.9993285
3454	0	-1817.449	-1817.044	-0.4053508	0.345426	0.0877309	0.912269	0.175462	1.82454	0.9998857
3455	1	-1818.903	-1818.499	-0.4040008	0.295381	0.101693	0.898307	0.203387	1.79661	0.9985367
3456	0	-1815.266	-1814.86	-0.4053508	0.312959	0.0971726	0.902827	0.194345	1.80565	0.9998857
3457	1	-1820.375	-1819.971	-0.4038497	0.303667	0.0917408	0.908259	0.183482	1.81652	0.9983859
3458	0	-1815.738	-1815.333	-0.4054214	0.310543	0.103947	0.896053	0.207895	1.79211	0.9999563
3459	1	-1817.479	-1817.075	-0.4041104	0.339891	0.0962821	0.903718	0.192564	1.80744	0.9986462
3460	0	-1818.726	-1818.321	-0.4048943	0.307156	0.109577	0.890423	0.219155	1.78085	0.9994294
3461	1	-1821.967	-1821.562	-0.404853	0.266272	0.100386	0.899614	0.200772	1.79923	0.9993881
3462	0	-1815.538	-1815.133	-0.4050873	0.326936	0.0998858	0.900114	0.199772	1.80023	0.9996223
3463	1	-1816.988	-1816.583	-0.4047967	0.300368	0.100663	0.899337	0.201327	1.79867	0.9993318
3464	0	-1815.319	-1814.913	-0.4053762	0.316122	0.102032	0.897968	0.204064	1.79594	0.9999111
3465	1	-1815.363	-1814.958	-0.4051308	0.328656	0.0986566	0.901343	0.197313	1.80269	0.9996657
3466	0	-1815.318	-1814.913	-0.4053602	0.324775	0.0938003	0.9062	0.187601	1.8124	0.9998951
3467	1	-1815.918	-1815.513	-0.4053065	0.302582	0.101196	0.898804	0.202393	1.79761	0.9998414
3468	0	-1815.716	-1815.311	-0.4053602	0.312421	0.103557	0.896443	0.207114	1.79289	0.9998951
3469	1	-1816.239	-1815.834	-0.4050964	0.308502	0.103262	0.896738	0.206523	1.79348	0.9996314
3470	0	-1815.28	-1814.875	-0.405398	0.334731	0.093253	0.906747	0.186506	1.81349	0.9999329
3471	1	-1819.582	-1819.178	-0.4039247	0.316593	0.0904197	0.90958	0.180839	1.81916	0.9984608
3472	0	-1815.066	-1814.661	-0.405398	0.319547	0.100884	0.899116	0.201768	1.79823	0.9999329
3473	1	-1817.394	-1816.989	-0.4052152	0.347743	0.102431	0.897569	0.204863	1.79514	0.9997501
3474	0	-1816.151	-1815.746	-0.4050765	0.305837	0.101542	0.898458	0.203084	1.79692	0.9996114
3475	1	-1815.988	-1815.583	-0.405128	0.339767	0.0996312	0.900369	0.199262	1.80074	0.9996629
3476	0	-1816.238	-1815.833	-0.4054134	0.351196	0.0982633	0.901737	0.196527	1.80347	0.9999483
3477	1	-1818.802	-1818.396	-0.4053669	0.336871	0.108512	0.891488	0.217024	1.78298	0.9999018
3478	0	-1816.159	-1815.753	-0.4054134	0.299363	0.103221	0.896779	0.206441	1.79356	0.9999483
3479	1	-1815.02	-1814.614	-0.4053961	0.330446	0.0995253	0.900475	0.199051	1.80095	0.999931
3480	0	-1815.2	-1814.794	-0.4053858	0.326635	0.0939348	0.906065	0.18787	1.81213	0.9999207
3481	1	-1815.665	-1815.259	-0.4052935	0.326935	0.0926968	0.907303	0.185394	1.81461	0.9998284
3482	0	-1816.564	-1816.158	-0.4053858	0.322965	0.0903027	0.909697	0.180605	1.81939	0.9999207
3483	1	-1817.669	-1817.264	-0.4052632	0.32958	0.107268	0.892732	0.214536	1.78546	0.9997982
3484	0	-1815.146	-1814.74	-0.4053858	0.316661	0.0961029	0.903897	0.192206	1.80779	0.9999207
3485	1	-1815.185	-1814.779	-0.4054484	0.320812	0.0942771	0.905723	0.188554	1.81145	0.9999833
3486	0	-1816.222	-1815.817	-0.4053858	0.310218	0.0933923	0.906608	0.186785	1.81322	0.9999207
3487	1	-1816.805	-1816.4	-0.4048466	0.301954	0.101397	0.898603	0.202793	1.79721	0.9993817
3488	0	-1815.433	-1815.028	-0.4053858	0.310854	0.102085	0.897915	0.20417	1.79583	0.9999207
3489	1	-1816.55	-1816.145	-0.4051024	0.31193	0.0935143	0.906486	0.187029	1.81297	0.9996374
3490	0	-1816.04	-1815.635	-0.4053074	0.312754	0.104487	0.895513	0.208975	1.79103	0.9998423
3491	1	-1819.11	-1818.705	-0.4050673	0.287816	0.0947799	0.90522	0.18956	1.81044	0.9996023
3492	0	-1815.722	-1815.317	-0.4053074	0.346438	0.0959439	0.904056	0.191888	1.80811	0.9998423
3493	1	-1815.447	-1815.041	-0.405154	0.335612	0.097503	0.902497	0.195006	1.80499	0.9996889
3494	0	-1816.713	-1816.308	-0.4052976	0.351055	0.0903826	0.909617	0.180765	1.81923	0.9998325
3495	1	-1817.085	-1816.681	-0.404754	0.307423	0.0951463	0.904854	0.190293	1.80971	0.9992891
3496	0	-1815.786	-1815.381	-0.4051139	0.310356	0.0977913	0.902209	0.195583	1.80442	0.9996489
3497	1	-1815.261	-1814.856	-0.4053867	0.315823	0.101777	0.898223	0.203554	1.79645	0.9999216
3498	0	-1815.9	-1815.495	-0.4053297	0.349407	0.0951407	0.904859	0.190281	1.80972	0.9998646
3499	1	-1814.931	-1814.526	-0.4053357	0.325607	0.0971931	0.902807	0.194386	1.80561	0.9998706
3500	0	-1818.849	-1818.445	-0.4046704	0.304925	0.108871	0.891129	0.217742	1.78226	0.9992056
3501	1	-1818.063	-1817.659	-0.4044047	0.296351	0.100335	0.899665	0.20067	1.79933	0.9989401
3502	0	-1816.956	-1816.551	-0.4054221	0.299779	0.094236	0.905764	0.188472	1.81153	0.999957
3503	1	-1816.546	-1816.142	-0.4044558	0.324961	0.0987451	0.901255	0.19749	1.80251	0.9989912
3504	0	-1815.571	-1815.166	-0.4049935	0.322579	0.0985191	0.901481	0.197038	1.80296	0.9995285
3505	1	-1818.17	-1817.766	-0.4048969	0.295446	0.106938	0.893062	0.213876	1.78612	0.9994319
3506	0	-1815.561	-1815.156	-0.4054537	0.327906	0.0920071	0.907993	0.184014	1.81599	0.9999886
3507	1	-1820.804	-1820.4	-0.4038391	0.304865	0.109893	0.890107	0.219786	1.78021	0.9983753
3508	0	-1815.659	-1815.254	-0.4050843	0.319658	0.0954694	0.904531	0.190939	1.80906	0.9996193
3509	1	-1818.042	-1817.637	-0.4050446	0.288332	0.0985291	0.901471	0.197058	1.80294	0.9995796
3510	0	-1816.514	-1816.109	-0.4050843	0.324221	0.104348	0.895652	0.208695	1.7913	0.9996193
3511	1	-1816.649	-1816.244	-0.4053526	0.350274	0.0999958	0.900004	0.199992	1.80001	0.9998875
3512	0	-1816.821	-1816.416	-0.4047299	0.304902	0.0982468	0.901753	0.196494	1.80351	0.999265
3513	1	-1815.598	-1815.193	-0.4051635	0.330297	0.10056	0.89944	0.201121	1.79888	0.9996984
3514	0	-1815.364	-1814.959	-0.4053816	0.341631	0.0941071	0.905893	0.188214	1.81179	0.9999165
3515	1	-1815.737	-1815.332	-0.4049679	0.316802	0.0979426	0.902057	0.195885	1.80411	0.999503
3516	0	-1815.54	-1815.135	-0.4052842	0.34316	0.0960059	0.903994	0.192012	1.80799	0.9998191
3517	1	-1815.727	-1815.322	-0.4050542	0.312659	0.0991372	0.900863	0.198274	1.80173	0.9995892
3518	0	-1815.661	-1815.256	-0.4052842	0.307349	0.101169	0.898831	0.202337	1.79766	0.9998191
3519	1	-1816.873	-1816.468	-0.4051071	0.344301	0.101455	0.898545	0.20291	1.79709	0.9996421
3520	0	-1818.464	-1818.06	-0.4045359	0.317194	0.107382	0.892618	0.214764	1.78524	0.9990712
3521	1	-1818.023	-1817.619	-0.4039826	0.319702	0.102994	0.897006	0.205988	1.79401	0.9985186
3522	0	-1816.731	-1816.326	-0.4050093	0.350655	0.0971533	0.902847	0.194307	1.80569	0.9995443
3523	1	-1817.385	-1816.981	-0.4040926	0.337003	0.0961211	0.903879	0.192242	1.80776	0.9986285
3524	0	-1816.533	-1816.128	-0.4050093	0.349423	0.0936651	0.906335	0.18733	1.81267	0.9995443
3525	1	-1816.265	-1815.86	-0.4049322	0.331135	0.101576	0.898424	0.203152	1.79685	0.9994673
3526	0	-1815.43	-1815.025	-0.4052511	0.317314	0.101427	0.898573	0.202854	1.79715	0.999786
3527	1	-1815.39	-1814.985	-0.4051624	0.324131	0.10008	0.89992	0.20016	1.79984	0.9996973
3528	0	-1815.937	-1815.531	-0.4052511	0.347924	0.0958451	0.904155	0.19169	1.80831	0.999786
3529	1	-1816.316	-1815.91	-0.4052431	0.314052	0.105076	0.894924	0.210151	1.78985	0.9997781
3530	0	-1816.178	-1815.772	-0.4054538	0.322945	0.105408	0.894592	0.210815	1.78918	0.9999887
3531	1	-1817.478	-1817.073	-0.4052431	0.36277	0.0933721	0.906628	0.186744	1.81326	0.9997781
3532	0	-1816.973	-1816.568	-0.404988	0.352054	0.0920011	0.907999	0.184002	1.816	0.999523
3533	1	-1814.966	-1814.561	-0.4053451	0.320192	0.0978701	0.90213	0.19574	1.80426	0.99988
3534	0	-1817.008	-1816.603	-0.4048012	0.303007	0.103115	0.896885	0.206229	1.79377	0.9993363
3535	1	-1815.817	-1815.412	-0.40492	0.319172	0.0998509	0.900149	0.199702	1.8003	0.999455
3536	0	-1816.548	-1816.143	-0.4046597	0.336715	0.0937869	0.906213	0.187574	1.81243	0.9991949
3537	1	-1816.352	-1815.947	-0.4049222	0.3323	0.092335	0.907665	0.18467	1.81533	0.9994572
3538	0	-1816.204	-1815.799	-0.4049602	0.315151	0.102681	0.897319	0.205362	1.79464	0.9994952
3539	1	-1815.67	-1815.264	-0.4054352	0.302393	0.100352	0.899648	0.200705	1.7993	0.9999701
3540	0	-1815.782	-1815.377	-0.4048658	0.326962	0.097926	0.902074	0.195852	1.80415	0.9994009
3541	1	-1816.839	-1816.435	-0.4043204	0.31902	0.0979414	0.902059	0.195883	1.80412	0.9988559
3542	0	-1815.864	-1815.459	-0.4048255	0.324113	0.0970709	0.902929	0.194142	1.80586	0.9993606
3543	1	-1816.717	-1816.311	-0.4052426	0.352429	0.0984164	0.901584	0.196833	1.80317	0.9997775
3544	0	-1817.183	-1816.778	-0.4046091	0.302112	0.0997951	0.900205	0.19959	1.80041	0.9991443
3545	1	-1815.195	-1814.79	-0.4052426	0.321856	0.096369	0.903631	0.192738	1.80726	0.9997775
3546	0	-1817.687	-1817.282	-0.4051043	0.353527	0.100598	0.899402	0.201195	1.7988	0.9996393
3547	1	-1816.465	-1816.06	-0.4049459	0.347237	0.0940536	0.905946	0.188107	1.81189	0.9994809
3548	0	-1815.903	-1815.497	-0.4052978	0.309844	0.095153	0.904847	0.190306	1.80969	0.9998327
3549	1	-1815.865	-1815.46	-0.4048171	0.326259	0.0972115	0.902789	0.194423	1.80558	0.9993522
3550	0	-1817.605	-1817.2	-0.4053606	0.34274	0.0873516	0.912648	0.174703	1.8253	0.9998955
3551	1	-1816.8	-1816.395	-0.405027	0.298498	0.0989248	0.901075	0.19785	1.80215	0.999562
3552	0	-1816.157	-1815.752	-0.4047414	0.329474	0.0949914	0.905009	0.189983	1.81002	0.9992766
3553	1	-1816.436	-1816.031	-0.405027	0.348116	0.0969574	0.903043	0.193915	1.80609	0.999562
3554	0	-1815.844	-1815.439	-0.4052161	0.345979	0.0953542	0.904646	0.190708	1.80929	0.999751
3555	1	-1817.406	-1817.001	-0.4048118	0.345736	0.0901658	0.909834	0.180332	1.81967	0.9993469
3556	0	-1821.267	-1820.862	-0.4047019	0.380016	0.0919041	0.908096	0.183808	1.81619	0.9992371
3557	1	-1817.504	-1817.099	-0.4048173	0.346653	0.101015	0.898985	0.20203	1.79797	0.9993524
3558	0	-1816.621	-1816.216	-0.405202	0.303883	0.104999	0.895001	0.209997	1.79	0.9997369
3559	1	-1816.904	-1816.499	-0.4047095	0.34794	0.0954499	0.90455	0.1909	1.8091	0.9992447
3560	0	-1815.611	-1815.206	-0.4053637	0.32231	0.103178	0.896822	0.206355	1.79364	0.9998986
3561	1	-1816.937	-1816.532	-0.4043828	0.315058	0.100633	0.899367	0.201266	1.79873	0.9989183
3562	0	-1816.546	-1816.141	-0.4050894	0.302218	0.097131	0.902869	0.194262	1.80574	0.9996244
3563	1	-1816.147	-1815.742	-0.4051055	0.312423	0.103433	0.896567	0.206866	1.79313	0.9996404
3564	0	-1815.735	-1815.33	-0.4051506	0.335582	0.093259	0.906741	0.186518	1.81348	0.9996856
3565	1	-1817.841	-1817.437	-0.4038116	0.331121	0.0990622	0.900938	0.198124	1.80188	0.9983479
3566	0	-1816.646	-1816.241	-0.4045581	0.325208	0.101075	0.898925	0.20215	1.79785	0.9990935
3567	1	-1815.434	-1815.028	-0.4051153	0.333141	0.0975751	0.902425	0.19515	1.80485	0.9996503
3568	0	-1815.585	-1815.179	-0.4054172	0.308111	0.102756	0.897244	0.205512	1.79449	0.9999521
3569	1	-1815.508	-1815.102	-0.4052383	0.329878	0.0935281	0.906472	0.187056	1.81294	0.9997733
3570	0	-1816.488	-1816.083	-0.4051974	0.316889	0.105337	0.894663	0.210673	1.78933	0.9997323
3571	1	-1815.963	-1815.557	-0.4053147	0.301486	0.100633	0.899367	0.201266	1.79873	0.9998496
3572	0	-1817.074	-1816.669	-0.4042128	0.327295	0.0994929	0.900507	0.198986	1.80101	0.9987485
3573	1	-1816.272	-1815.866	-0.4053147	0.32049	0.105162	0.894838	0.210324	1.78968	0.9998496
3574	0	-1817.25	-1816.846	-0.4042128	0.336765	0.0982067	0.901793	0.196413	1.80359	0.9987485
3575	1	-1816.375	-1815.97	-0.4052568	0.326326	0.104618	0.895382	0.209235	1.79076	0.9997917
3576	0	-1815.082	-1814.677	-0.405372	0.321855	0.10069	0.89931	0.201379	1.79862	0.9999069
3577	1	-1815.983	-1815.578	-0.4051915	0.341424	0.0995705	0.900429	0.199141	1.80086	0.9997264
3578	0	-1815.488	-1815.082	-0.4051745	0.338358	0.0962772	0.903723	0.192554	1.80745	0.9997094
3579	1	-1816.905	-1816.5	-0.4047139	0.322002	0.0926311	0.907369	0.185262	1.81474	0.9992491
3580	0	-1816.619	-1816.214	-0.4046489	0.318547	0.102075	0.897925	0.204151	1.79585	0.9991841
3581	1	-1820.072	-1819.667	-0.404879	0.354369	0.104909	0.895091	0.209818	1.79018	0.9994141
3582	0	-1816.283	-1815.878	-0.4050443	0.314554	0.0941213	0.905879	0.188243	1.81176	0.9995793
3583	1	-1816.183	-1815.778	-0.404897	0.319598	0.102141	0.897859	0.204283	1.79572	0.999432
3584	0	-1818.124	-1817.72	-0.4043097	0.350336	0.0917496	0.90825	0.183499	1.8165	0.9988452
3585	1	-1816.879	-1816.474	-0.4046774	0.309336	0.0960108	0.903989	0.192022	1.80798	0.9992126
3586	0	-1816.161	-1815.756	-0.4050813	0.346025	0.0938384	0.906162	0.187677	1.81232	0.9996162
3587	1	-1816.501	-1816.096	-0.4045615	0.31723	0.0971044	0.902896	0.194209	1.80579	0.9990968
3588	0	-1815.824	-1815.419	-0.4050977	0.315384	0.0955052	0.904495	0.19101	1.80899	0.9996327
3589	1	-1817.513	-1817.108	-0.4045944	0.34851	0.0916797	0.90832	0.183359	1.81664	0.9991297
3590	0	-1816.051	-1815.646	-0.4049704	0.324418	0.0937121	0.906288	0.187424	1.81258	0.9995054
3591	1	-1815.024	-1814.619	-0.4053162	0.326685	0.0989667	0.901033	0.197933	1.80207	0.9998511
3592	0	-1815.608	-1815.203	-0.4051895	0.335671	0.0995255	0.900474	0.199051	1.80095	0.9997245
3593	1	-1817.639	-1817.234	-0.4049827	0.359591	0.092212	0.907788	0.184424	1.81558	0.9995178
3594	0	-1815.433	-1815.028	-0.4053869	0.320807	0.102718	0.897282	0.205437	1.79456	0.9999218
3595	1	-1816.059	-1815.654	-0.4051151	0.329896	0.0922336	0.907766	0.184467	1.81553	0.9996501
3596	0	-1818.824	-1818.419	-0.4054481	0.276352	0.104293	0.895707	0.208586	1.79141	0.999983
3597	1	-1815.345	-1814.94	-0.4051151	0.32588	0.0967017	0.903298	0.193403	1.8066	0.9996501
3598	0	-1817.771	-1817.366	-0.4049735	0.28986	0.102626	0.897374	0.205252	1.79475	0.9995085
3599	1	-1817.309	-1816.905	-0.4042095	0.337934	0.0944147	0.905585	0.188829	1.81117	0.9987451
3600	0	-1819.895	-1819.492	-0.4034097	0.312807	0.0925024	0.907498	0.185005	1.815	0.9979467
3601	1	-1816.484	-1816.079	-0.4049147	0.311078	0.103254	0.896746	0.206508	1.79349	0.9994497
3602	0	-1819.765	-1819.362	-0.4030043	0.335735	0.0925496	0.90745	0.185099	1.8149	0.9975422
3603	1	-1816.299	-1815.893	-0.405343	0.34411	0.101023	0.898977	0.202047	1.79795	0.9998779
3604	0	-1821.915	-1821.513	-0.4017684	0.341486	0.097966	0.902034	0.195932	1.80407	0.9963101
3605	1	-1817.641	-1817.236	-0.4048503	0.314721	0.0913009	0.908699	0.182602	1.8174	0.9993854
3606	0	-1816.254	-1815.849	-0.4053087	0.341075	0.0905508	0.909449	0.181102	1.8189	0.9998436
3607	1	-1818.35	-1817.945	-0.4046097	0.326571	0.0891541	0.910846	0.178308	1.82169	0.9991449
3608	0	-1815.951	-1815.546	-0.4048975	0.323296	0.0950362	0.904964	0.190072	1.80993	0.9994326
3609	1	-1816.795	-1816.391	-0.4047458	0.34462	0.0981657	0.901834	0.196331	1.80367	0.9992809
3610	0	-1817	-1816.595	-0.4048486	0.322567	0.0915975	0.908402	0.183195	1.8168	0.9993837
3611	1	-1815.113	-1814.707	-0.4054035	0.321089	0.0949883	0.905012	0.189977	1.81002	0.9999384
3612	0	-1818.674	-1818.269	-0.4041618	0.313227	0.0920721	0.907928	0.184144	1.81586	0.9986975
3613	1	-1814.829	-1814.423	-0.4054035	0.325767	0.0966457	0.903354	0.193291	1.80671	0.9999384
3614	0	-1816.283	-1815.878	-0.4050358	0.338801	0.10055	0.89945	0.2011	1.7989	0.9995708
3615	1	-1814.807	-1814.402	-0.4054035	0.325581	0.0978869	0.902113	0.195774	1.80423	0.9999384
3616	0	-1815.547	-1815.142	-0.4050108	0.323589	0.0987961	0.901204	0.197592	1.80241	0.9995458
3617	1	-1815.375	-1814.97	-0.4054035	0.307403	0.0996218	0.900378	0.199244	1.80076	0.9999384
3618	0	-1819.145	-1818.741	-0.4039272	0.315917	0.106388	0.893612	0.212776	1.78722	0.9984632
3619	1	-1816.865	-1816.46	-0.4054035	0.332549	0.105604	0.894396	0.211209	1.78879	0.9999384
3620	0	-1820.362	-1819.959	-0.4029408	0.324531	0.091579	0.908421	0.183158	1.81684	0.9974789
3621	1	-1817.013	-1816.609	-0.4045398	0.33891	0.0926889	0.907311	0.185378	1.81462	0.9990752
3622	0	-1823.102	-1822.698	-0.4035693	0.275524	0.10878	0.89122	0.21756	1.78244	0.998106
3623	1	-1816.431	-1816.026	-0.4045398	0.323048	0.0964467	0.903553	0.192893	1.80711	0.9990752
3624	0	-1820.213	-1819.809	-0.4034322	0.318867	0.106703	0.893297	0.213406	1.78659	0.9979692
3625	1	-1816.934	-1816.529	-0.4045596	0.314946	0.0949334	0.905067	0.189867	1.81013	0.9990949
3626	0	-1819.688	-1819.283	-0.4046209	0.295139	0.105453	0.894547	0.210907	1.78909	0.9991561
3627	1	-1816.651	-1816.246	-0.4051693	0.353086	0.0967815	0.903219	0.193563	1.80644	0.9997043
3628	0	-1816.333	-1815.928	-0.4048972	0.328203	0.102088	0.897912	0.204175	1.79582	0.9994323
3629	1	-1816.387	-1815.982	-0.4051617	0.303214	0.103368	0.896632	0.206736	1.79326	0.9996966
3630	0	-1816.396	-1815.991	-0.4048972	0.313452	0.0950305	0.90497	0.190061	1.80994	0.9994323
3631	1	-1815.184	-1814.779	-0.4054457	0.314252	0.101779	0.898221	0.203558	1.79644	0.9999806
3632	0	-1815.517	-1815.111	-0.4052794	0.31493	0.0955316	0.904468	0.191063	1.80894	0.9998143
3633	1	-1817.186	-1816.781	-0.4043764	0.310892	0.1016	0.8984	0.203201	1.7968	0.9989118
3634	0	-1816.154	-1815.749	-0.4049202	0.32573	0.10182	0.89818	0.203639	1.79636	0.9994552
3635	1	-1816.993	-1816.588	-0.4052692	0.353827	0.0990885	0.900912	0.198177	1.80182	0.9998041
3636	0	-1816.214	-1815.809	-0.4049202	0.342914	0.0946352	0.905365	0.18927	1.81073	0.9994552
3637	1	-1815.358	-1814.952	-0.4052692	0.31486	0.0967674	0.903233	0.193535	1.80647	0.9998041
3638	0	-1815.408	-1815.002	-0.4051392	0.334375	0.0964384	0.903562	0.192877	1.80712	0.9996742
3639	1	-1816.383	-1815.978	-0.4048029	0.321461	0.0940141	0.905986	0.188028	1.81197	0.999338
3640	0	-1815.596	-1815.191	-0.4051392	0.338408	0.0974443	0.902556	0.194889	1.80511	0.9996742
3641	1	-1817.234	-1816.829	-0.4045426	0.334323	0.101949	0.898051	0.203898	1.7961	0.999078
3642	0	-1815.568	-1815.163	-0.4052653	0.308952	0.0982318	0.901768	0.196464	1.80354	0.9998002
3643	1	-1815.132	-1814.727	-0.4052939	0.330544	0.0988821	0.901118	0.197764	1.80224	0.9998288
3644	0	-1815.244	-1814.838	-0.4054485	0.335601	0.100121	0.899879	0.200242	1.79976	0.9999834
3645	1	-1819.65	-1819.245	-0.4053689	0.280391	0.0953538	0.904646	0.190708	1.80929	0.9999038
3646	0	-1818.268	-1817.863	-0.4048296	0.331695	0.0881854	0.911815	0.176371	1.82363	0.9993647
3647	1	-1815.865	-1815.46	-0.4053379	0.327375	0.0917647	0.908235	0.183529	1.81647	0.9998728
3648	0	-1815.918	-1815.513	-0.4051742	0.306017	0.098459	0.901541	0.196918	1.80308	0.9997091
3649	1	-1824.873	-1824.468	-0.4048021	0.278771	0.0890539	0.910946	0.178108	1.82189	0.9993372
3650	0	-1815.934	-1815.529	-0.4051742	0.310085	0.095977	0.904023	0.191954	1.80805	0.9997091
3651	1	-1815.649	-1815.243	-0.4050898	0.333619	0.0942729	0.905727	0.188546	1.81145	0.9996248
3652	0	-1815.202	-1814.796	-0.4052584	0.325699	0.0953935	0.904607	0.190787	1.80921	0.9997933
3653	1	-1816.835	-1816.431	-0.404433	0.317913	0.100992	0.899008	0.201984	1.79802	0.9989684
3654	0	-1816.907	-1816.501	-0.4051273	0.310327	0.0927671	0.907233	0.185534	1.81447	0.9996622
3655	1	-1815.826	-1815.42	-0.4052842	0.347361	0.0948496	0.90515	0.189699	1.8103	0.9998191
3656	0	-1815.049	-1814.644	-0.4053762	0.336327	0.0959623	0.904038	0.191925	1.80808	0.9999111
3657	1	-1815.121	-1814.716	-0.4054185	0.339102	0.097331	0.902669	0.194662	1.80534	0.9999534
3658	0	-1815.111	-1814.706	-0.4052714	0.326031	0.0991273	0.900873	0.198255	1.80175	0.9998063
3659	1	-1817.096	-1816.692	-0.404489	0.344724	0.0945861	0.905414	0.189172	1.81083	0.9990243
3660	0	-1815.309	-1814.904	-0.4053209	0.3173	0.0956015	0.904398	0.191203	1.8088	0.9998558
3661	1	-1814.723	-1814.318	-0.4054518	0.327474	0.0975994	0.902401	0.195199	1.8048	0.9999867
3662	0	-1817.586	-1817.18	-0.4054317	0.354113	0.101746	0.898254	0.203492	1.79651	0.9999666
3663	1	-1815.621	-1815.216	-0.4054518	0.345365	0.092596	0.907404	0.185192	1.81481	0.9999867
3664	0	-1816.31	-1815.905	-0.4051728	0.309796	0.104378	0.895622	0.208757	1.79124	0.9997077
3665	1	-1816.155	-1815.75	-0.4053351	0.302407	0.103569	0.896431	0.207138	1.79286	0.99987
3666	0	-1816.504	-1816.098	-0.405061	0.310346	0.0943297	0.90567	0.188659	1.81134	0.999596
3667	1	-1815.129	-1814.723	-0.4053351	0.336339	0.0970549	0.902945	0.19411	1.80589	0.99987
3668	0	-1816.456	-1816.051	-0.4051228	0.336489	0.102374	0.897626	0.204748	1.79525	0.9996578
3669	1	-1816.178	-1815.773	-0.404755	0.329375	0.0997744	0.900226	0.199549	1.80045	0.9992902
3670	0	-1818.214	-1817.81	-0.4037775	0.314506	0.101942	0.898058	0.203884	1.79612	0.9983138
3671	1	-1815.067	-1814.661	-0.4053118	0.333212	0.0964347	0.903565	0.192869	1.80713	0.9998467
3672	0	-1815.769	-1815.363	-0.4054533	0.350054	0.0960841	0.903916	0.192168	1.80783	0.9999882
3673	1	-1819.169	-1818.764	-0.4052255	0.295527	0.111153	0.888847	0.222305	1.77769	0.9997604
3674	0	-1815.475	-1815.069	-0.4052668	0.330616	0.0934178	0.906582	0.186836	1.81316	0.9998017
3675	1	-1814.97	-1814.565	-0.4054059	0.323852	0.100246	0.899754	0.200492	1.79951	0.9999408
3676	0	-1815.288	-1814.883	-0.4053232	0.32401	0.101299	0.898701	0.202598	1.7974	0.9998581
3677	1	-1814.894	-1814.489	-0.4054059	0.327187	0.0956295	0.90437	0.191259	1.80874	0.9999408
3678	0	-1815.713	-1815.308	-0.4053032	0.335808	0.10102	0.89898	0.20204	1.79796	0.9998381
3679	1	-1815.608	-1815.203	-0.4051774	0.335524	0.0936858	0.906314	0.187372	1.81263	0.9997124
3680	0	-1815.934	-1815.528	-0.4054135	0.302265	0.103017	0.896983	0.206034	1.79397	0.9999484
3681	1	-1815.716	-1815.311	-0.4050861	0.338731	0.0975399	0.90246	0.19508	1.80492	0.9996211
3682	0	-1818.423	-1818.019	-0.4037121	0.319696	0.0940317	0.905968	0.188063	1.81194	0.9982485
3683	1	-1815.54	-1815.135	-0.4050861	0.319626	0.100157	0.899843	0.200315	1.79969	0.9996211
3684	0	-1815.952	-1815.547	-0.4051579	0.323424	0.0929348	0.907065	0.18587	1.81413	0.9996929
3685	1	-1817.352	-1816.947	-0.4050825	0.348257	0.101471	0.898529	0.202942	1.79706	0.9996175
3686	0	-1816.29	-1815.885	-0.4051579	0.301031	0.0995391	0.900461	0.199078	1.80092	0.9996929
3687	1	-1818.586	-1818.182	-0.4043293	0.314104	0.0914042	0.908596	0.182808	1.81719	0.9988649
3688	0	-1815.67	-1815.265	-0.4050332	0.328383	0.0999138	0.900086	0.199828	1.80017	0.9995682
3689	1	-1816.104	-1815.699	-0.4047581	0.320506	0.0963636	0.903636	0.192727	1.80727	0.9992932
3690	0	-1815.997	-1815.592	-0.4048892	0.313976	0.0998769	0.900123	0.199754	1.80025	0.9994242
3691	1	-1817.006	-1816.601	-0.4047581	0.34874	0.0972068	0.902793	0.194414	1.80559	0.9992932
3692	0	-1816.28	-1815.875	-0.4051717	0.343633	0.0999366	0.900063	0.199873	1.80013	0.9997067
3693	1	-1817.274	-1816.87	-0.4047581	0.30083	0.103453	0.896547	0.206906	1.79309	0.9992932
3694	0	-1817.765	-1817.361	-0.4040273	0.311945	0.101486	0.898514	0.202973	1.79703	0.9985632
3695	1	-1818.053	-1817.647	-0.405329	0.319215	0.0882862	0.911714	0.176572	1.82343	0.9998639
3696	0	-1816.531	-1816.126	-0.4047095	0.324316	0.10195	0.89805	0.2039	1.7961	0.9992447
3697	1	-1815.414	-1815.009	-0.405329	0.335949	0.09328	0.90672	0.18656	1.81344	0.9998639
3698	0	-1816.652	-1816.248	-0.4047176	0.3068	0.0999445	0.900055	0.199889	1.80011	0.9992528
3699	1	-1816.796	-1816.391	-0.4049814	0.303374	0.103879	0.896121	0.207758	1.79224	0.9995164
3700	0	-1815.933	-1815.528	-0.4049025	0.31815	0.100571	0.899429	0.201141	1.79886	0.9994375
3701	1	-1816.511	-1816.105	-0.4053984	0.311404	0.106464	0.893536	0.212928	1.78707	0.9999333
3702	0	-1816.988	-1816.582	-0.4053337	0.303032	0.10696	0.89304	0.213921	1.78608	0.9998686
3703	1	-1815.599	-1815.193	-0.4053984	0.305725	0.0977514	0.902249	0.195503	1.8045	0.9999333
3704	0	-1814.818	-1814.413	-0.4053981	0.324263	0.0977414	0.902259	0.195483	1.80452	0.9999329
3705	1	-1818.223	-1817.818	-0.4046216	0.293182	0.0981466	0.901853	0.196293	1.80371	0.9991568
3706	0	-1816.952	-1816.548	-0.4045519	0.307042	0.100449	0.899551	0.200899	1.7991	0.9990872
3707	1	-1815.642	-1815.237	-0.4050462	0.322642	0.100474	0.899526	0.200948	1.79905	0.9995811
3708	0	-1816.149	-1815.744	-0.4050103	0.342587	0.093489	0.906511	0.186978	1.81302	0.9995453
3709	1	-1816.788	-1816.383	-0.4053809	0.359055	0.0947914	0.905209	0.189583	1.81042	0.9999158
3710	0	-1817.378	-1816.974	-0.4041237	0.336657	0.0979082	0.902092	0.195816	1.80418	0.9986595
3711	1	-1816.073	-1815.668	-0.4048152	0.316194	0.0972384	0.902762	0.194477	1.80552	0.9993503
3712	0	-1817.138	-1816.734	-0.4043391	0.329304	0.101018	0.898982	0.202036	1.79796	0.9988746
3713	1	-1817.209	-1816.803	-0.4051855	0.294676	0.10488	0.89512	0.20976	1.79024	0.9997205
3714	0	-1815.206	-1814.8	-0.4052671	0.316662	0.0992668	0.900733	0.198534	1.80147	0.999802
3715	1	-1815.144	-1814.739	-0.405356	0.317369	0.0962896	0.90371	0.192579	1.80742	0.9998909
3716	0	-1815.98	-1815.575	-0.4052671	0.333693	0.0914676	0.908532	0.182935	1.81706	0.999802
3717	1	-1815.844	-1815.439	-0.4050138	0.312797	0.100366	0.899634	0.200732	1.79927	0.9995488
3718	0	-1816.748	-1816.343	-0.4047409	0.343366	0.0984542	0.901546	0.196908	1.80309	0.9992761
3719	1	-1815.743	-1815.338	-0.405419	0.349454	0.094849	0.905151	0.189698	1.8103	0.9999539
3720	0	-1815.396	-1814.991	-0.4051074	0.320445	0.0975847	0.902415	0.195169	1.80483	0.9996423
3721	1	-1815.884	-1815.479	-0.4052522	0.330438	0.102457	0.897543	0.204914	1.79509	0.9997871
3722	0	-1816.289	-1815.884	-0.4052933	0.300355	0.0975896	0.90241	0.195179	1.80482	0.9998282
3723	1	-1815.528	-1815.123	-0.4052853	0.334824	0.0930421	0.906958	0.186084	1.81392	0.9998202
3724	0	-1819.205	-1818.801	-0.4038991	0.321511	0.106108	0.893892	0.212216	1.78778	0.9984352
3725	1	-1816.603	-1816.197	-0.4051879	0.343652	0.101256	0.898744	0.202512	1.79749	0.9997229
3726	0	-1817.314	-1816.909	-0.405399	0.305519	0.0918275	0.908173	0.183655	1.81635	0.9999339
3727	1	-1815.683	-1815.277	-0.4054295	0.330804	0.102804	0.897196	0.205607	1.79439	0.9999644
3728	0	-1816.912	-1816.506	-0.405399	0.354826	0.0991804	0.90082	0.198361	1.80164	0.9999339
3729	1	-1816.27	-1815.865	-0.4051131	0.343485	0.0919936	0.908006	0.183987	1.81601	0.9996481
3730	0	-1817.624	-1817.22	-0.4038822	0.321387	0.0992977	0.900702	0.198595	1.8014	0.9984183
3731	1	-1815.259	-1814.854	-0.4053856	0.339677	0.0942911	0.905709	0.188582	1.81142	0.9999205
3732	0	-1818.577	-1818.173	-0.4033235	0.322942	0.0974123	0.902588	0.194825	1.80518	0.9978606
3733	1	-1815.963	-1815.557	-0.4053856	0.328698	0.0911499	0.90885	0.1823	1.8177	0.9999205
3734	0	-1815.935	-1815.53	-0.4048719	0.322063	0.0956784	0.904322	0.191357	1.80864	0.9994069
3735	1	-1816.914	-1816.508	-0.4053856	0.29726	0.0955455	0.904455	0.191091	1.80891	0.9999205
3736	0	-1815.57	-1815.165	-0.4053172	0.334197	0.100916	0.899084	0.201832	1.79817	0.9998521
3737	1	-1817.683	-1817.279	-0.4041748	0.341061	0.0989911	0.901009	0.197982	1.80202	0.9987106
3738	0	-1815.205	-1814.8	-0.405182	0.324917	0.0975703	0.90243	0.195141	1.80486	0.9997169
3739	1	-1816.284	-1815.879	-0.4049071	0.321918	0.102603	0.897397	0.205205	1.79479	0.9994421
3740	0	-1817.035	-1816.63	-0.405182	0.292765	0.101645	0.898355	0.20329	1.79671	0.9997169
3741	1	-1819.213	-1818.809	-0.4041349	0.35012	0.10125	0.89875	0.2025	1.7975	0.9986706
3742	0	-1816.077	-1815.672	-0.4051093	0.315249	0.103335	0.896665	0.206669	1.79333	0.9996443
3743	1	-1814.865	-1814.459	-0.4053922	0.330646	0.0969921	0.903008	0.193984	1.80602	0.9999271
3744	0	-1817.131	-1816.727	-0.4042024	0.330222	0.0992463	0.900754	0.198493	1.80151	0.9987381
3745	1	-1814.922	-1814.516	-0.4053922	0.327474	0.0955869	0.904413	0.191174	1.80883	0.9999271
3746	0	-1817.663	-1817.26	-0.4039605	0.33173	0.0943233	0.905677	0.188647	1.81135	0.9984965
3747	1	-1815.619	-1815.214	-0.4052728	0.319441	0.0940277	0.905972	0.188055	1.81194	0.9998077
3748	0	-1818.126	-1817.72	-0.4053413	0.358609	0.100941	0.899059	0.201882	1.79812	0.9998762
3749	1	-1816.112	-1815.707	-0.4052728	0.311193	0.104432	0.895568	0.208864	1.79114	0.9998077
3750	0	-1816.709	-1816.304	-0.404471	0.32005	0.100692	0.899308	0.201384	1.79862	0.9990064
3751	1	-1816.328	-1815.923	-0.4050006	0.323104	0.092669	0.907331	0.185338	1.81466	0.9995356
3752	0	-1814.829	-1814.424	-0.4054396	0.319172	0.0990267	0.900973	0.198053	1.80195	0.9999745
3753	1	-1817.016	-1816.612	-0.4045495	0.33716	0.100404	0.899596	0.200809	1.79919	0.9990848
3754	0	-1816.71	-1816.305	-0.4046186	0.313225	0.101844	0.898156	0.203688	1.79631	0.9991538
3755	1	-1816.254	-1815.849	-0.4047028	0.332142	0.0989502	0.90105	0.1979	1.8021	0.999238
3756	0	-1815.613	-1815.208	-0.4054066	0.318328	0.0933713	0.906629	0.186743	1.81326	0.9999415
3757	1	-1815.794	-1815.389	-0.4049583	0.331238	0.0992167	0.900783	0.198433	1.80157	0.9994933
3758	0	-1816.221	-1815.817	-0.4049091	0.331158	0.0929581	0.907042	0.185916	1.81408	0.9994442
3759	1	-1817.962	-1817.557	-0.40503	0.363025	0.0950377	0.904962	0.190075	1.80992	0.999565
3760	0	-1815.322	-1814.917	-0.4051731	0.332142	0.0958009	0.904199	0.191602	1.8084	0.999708
3761	1	-1817.263	-1816.858	-0.4046265	0.318963	0.104478	0.895522	0.208957	1.79104	0.9991618
3762	0	-1817.249	-1816.845	-0.4049659	0.355058	0.0920381	0.907962	0.184076	1.81592	0.9995009
3763	1	-1816.812	-1816.407	-0.4049538	0.348816	0.0920326	0.907967	0.184065	1.81593	0.9994888
3764	0	-1816.006	-1815.601	-0.4050518	0.332499	0.0927624	0.907238	0.185525	1.81448	0.9995868
3765	1	-1817.35	-1816.946	-0.4040872	0.328836	0.099633	0.900367	0.199266	1.80073	0.998623
3766	0	-1815.526	-1815.12	-0.4052173	0.335329	0.0994322	0.900568	0.198864	1.80114	0.9997522
3767	1	-1815.763	-1815.358	-0.4051518	0.33374	0.100537	0.899463	0.201074	1.79893	0.9996867
3768	0	-1817.883	-1817.479	-0.4041613	0.343651	0.0988576	0.901142	0.197715	1.80228	0.998697
3769	1	-1816.87	-1816.465	-0.4051518	0.35606	0.0934292	0.906571	0.186858	1.81314	0.9996867
3770	0	-1815.969	-1815.564	-0.4049482	0.327526	0.100936	0.899064	0.201872	1.79813	0.9994832
3771	1	-1815.813	-1815.407	-0.4054337	0.347841	0.0924536	0.907546	0.184907	1.81509	0.9999686
3772	0	-1818.155	-1817.75	-0.4043049	0.31006	0.105407	0.894593	0.210814	1.78919	0.9988405
3773	1	-1818.713	-1818.308	-0.4049886	0.298629	0.0922747	0.907725	0.184549	1.81545	0.9995236
3774	0	-1817.079	-1816.674	-0.404904	0.345743	0.100405	0.899595	0.20081	1.79919	0.999439
3775	1	-1816.271	-1815.866	-0.4048514	0.309604	0.100346	0.899654	0.200691	1.79931	0.9993864
3776	0	-1817.078	-1816.673	-0.404904	0.350736	0.0981047	0.901895	0.196209	1.80379	0.999439
3777	1	-1816.446	-1816.041	-0.4054394	0.356195	0.0961594	0.903841	0.192319	1.80768	0.9999743
3778	0	-1816.886	-1816.481	-0.4047846	0.316083	0.0933173	0.906683	0.186635	1.81337	0.9993197
3779	1	-1814.835	-1814.43	-0.4054394	0.330661	0.0984589	0.901541	0.196918	1.80308	0.9999743
3780	0	-1816.135	-1815.731	-0.4048134	0.337369	0.0974804	0.90252	0.194961	1.80504	0.9993485
3781	1	-1814.907	-1814.502	-0.4054394	0.335205	0.095797	0.904203	0.191594	1.80841	0.9999743
3782	0	-1816.67	-1816.265	-0.4048134	0.308793	0.102889	0.897111	0.205778	1.79422	0.9993485
3783	1	-1818.48	-1818.075	-0.4054394	0.279598	0.0997706	0.900229	0.199541	1.80046	0.9999743
3784	0	-1816.006	-1815.602	-0.4047596	0.325334	0.0964146	0.903585	0.192829	1.80717	0.9992948
3785	1	-1815.114	-1814.709	-0.4053057	0.317417	0.0977516	0.902248	0.195503	1.8045	0.9998406
3786	0	-1815.987	-1815.582	-0.4054606	0.29811	0.100456	0.899544	0.200911	1.79909	0.9999955
3787	1	-1820.167	-1819.762	-0.4048652	0.288905	0.0928326	0.907167	0.185665	1.81433	0.9994003
3788	0	-1816.276	-1815.871	-0.4054606	0.347243	0.100571	0.899429	0.201143	1.79886	0.9999955
3789	1	-1815.433	-1815.027	-0.4053526	0.308281	0.0986202	0.90138	0.19724	1.80276	0.9998875
3790	0	-1815.957	-1815.552	-0.4054606	0.311955	0.093347	0.906653	0.186694	1.81331	0.9999955
3791	1	-1816.629	-1816.224	-0.4046704	0.314786	0.0955002	0.9045	0.191	1.809	0.9992056
3792	0	-1817.385	-1816.98	-0.4050985	0.357944	0.0969335	0.903066	0.193867	1.80613	0.9996334
3793	1	-1815.227	-1814.822	-0.4053987	0.341302	0.0956535	0.904346	0.191307	1.80869	0.9999336
3794	0	-1815.876	-1815.47	-0.405325	0.312397	0.0943079	0.905692	0.188616	1.81138	0.9998599
3795	1	-1816.019	-1815.615	-0.4047986	0.327392	0.0994999	0.9005	0.199	1.801	0.9993337
3796	0	-1815.817	-1815.412	-0.4050796	0.329251	0.0934482	0.906552	0.186896	1.8131	0.9996145
3797	1	-1815.898	-1815.492	-0.4052878	0.345109	0.0984188	0.901581	0.196838	1.80316	0.9998227
3798	0	-1816.089	-1815.684	-0.4048944	0.334928	0.0938089	0.906191	0.187618	1.81238	0.9994295
3799	1	-1815.672	-1815.267	-0.4052878	0.336857	0.0924814	0.907519	0.184963	1.81504	0.9998227
3800	0	-1816.311	-1815.906	-0.4053943	0.336513	0.103399	0.896601	0.206798	1.7932	0.9999292
3801	1	-1817.047	-1816.642	-0.4050917	0.294667	0.0994344	0.900566	0.198869	1.80113	0.9996267
3802	0	-1816.527	-1816.122	-0.4054564	0.331844	0.10515	0.89485	0.2103	1.7897	0.9999913
3803	1	-1816.593	-1816.188	-0.4049499	0.302559	0.101633	0.898367	0.203267	1.79673	0.9994849
3804	0	-1816.186	-1815.781	-0.4052053	0.347249	0.0981042	0.901896	0.196208	1.80379	0.9997402
3805	1	-1818.729	-1818.325	-0.4043102	0.292735	0.103353	0.896647	0.206706	1.79329	0.9988458
3806	0	-1816.004	-1815.599	-0.404824	0.31632	0.098877	0.901123	0.197754	1.80225	0.9993591
3807	1	-1817.007	-1816.602	-0.4047524	0.306136	0.103533	0.896467	0.207067	1.79293	0.9992876
3808	0	-1815.981	-1815.577	-0.404824	0.33132	0.0986814	0.901319	0.197363	1.80264	0.9993591
3809	1	-1816.03	-1815.625	-0.4048154	0.318568	0.0966927	0.903307	0.193385	1.80661	0.9993505
3810	0	-1816.946	-1816.541	-0.4047314	0.343868	0.0992502	0.90075	0.1985	1.8015	0.9992666
3811	1	-1815.366	-1814.961	-0.4051793	0.333186	0.0982943	0.901706	0.196589	1.80341	0.9997143
3812	0	-1815.332	-1814.926	-0.4052114	0.33526	0.097547	0.902453	0.195094	1.80491	0.9997464
3813	1	-1815.194	-1814.789	-0.4052271	0.33042	0.0982074	0.901793	0.196415	1.80359	0.9997621
3814	0	-1817.099	-1816.695	-0.4041421	0.322377	0.0979681	0.902032	0.195936	1.80406	0.9986779
3815	1	-1817.312	-1816.908	-0.404486	0.342397	0.0994744	0.900526	0.198949	1.80105	0.9990214
3816	0	-1815.535	-1815.13	-0.4054159	0.335956	0.101086	0.898914	0.202172	1.79783	0.9999508
3817	1	-1817.132	-1816.728	-0.404486	0.343937	0.0937072	0.906293	0.187414	1.81259	0.9990214
3818	0	-1816.407	-1816.003	-0.4048403	0.309003	0.0973587	0.902641	0.194717	1.80528	0.9993754
3819	1	-1815.764	-1815.359	-0.4050504	0.313534	0.100498	0.899502	0.200996	1.799	0.9995854
3820	0	-1819.033	-1818.628	-0.404641	0.294119	0.094465	0.905535	0.18893	1.81107	0.9991762
3821	1	-1816.707	-1816.302	-0.4049743	0.350976	0.093796	0.906204	0.187592	1.81241	0.9995093
3822	0	-1815.401	-1814.996	-0.4052331	0.332094	0.099742	0.900258	0.199484	1.80052	0.999768
3823	1	-1816.326	-1815.921	-0.4049743	0.346514	0.0948221	0.905178	0.189644	1.81036	0.9995093
3824	0	-1817.919	-1817.513	-0.405402	0.356906	0.0875425	0.912458	0.175085	1.82492	0.9999369
3825	1	-1815.927	-1815.522	-0.4053389	0.327659	0.0915585	0.908441	0.183117	1.81688	0.9998738
3826	0	-1815.827	-1815.422	-0.4054433	0.347494	0.098388	0.901612	0.196776	1.80322	0.9999782
3827	1	-1816.268	-1815.863	-0.4051705	0.330836	0.0912376	0.908762	0.182475	1.81752	0.9997054
3828	0	-1816.396	-1815.991	-0.4046807	0.337396	0.0948986	0.905101	0.189797	1.8102	0.9992159
3829	1	-1818.815	-1818.411	-0.4044648	0.360707	0.0912919	0.908708	0.182584	1.81742	0.9990002
3830	0	-1815.268	-1814.863	-0.4051772	0.329644	0.098204	0.901796	0.196408	1.80359	0.9997122
3831	1	-1816.414	-1816.009	-0.404927	0.306002	0.0978733	0.902127	0.195747	1.80425	0.999462
3832	0	-1815.236	-1814.831	-0.405288	0.319884	0.0957882	0.904212	0.191576	1.80842	0.999823
3833	1	-1816.112	-1815.707	-0.404927	0.336788	0.0935125	0.906487	0.187025	1.81297	0.999462
3834	0	-1817.246	-1816.84	-0.4052151	0.360307	0.0948167	0.905183	0.189633	1.81037	0.99975
3835	1	-1816.696	-1816.291	-0.404927	0.310045	0.104171	0.895829	0.208342	1.79166	0.999462
3836	0	-1815.843	-1815.438	-0.4049228	0.318412	0.100091	0.899909	0.200182	1.79982	0.9994579
3837	1	-1816.636	-1816.23	-0.4054121	0.310147	0.0922058	0.907794	0.184412	1.81559	0.9999469
3838	0	-1820.171	-1819.766	-0.4048813	0.344431	0.107764	0.892236	0.215528	1.78447	0.9994164
3839	1	-1815.707	-1815.302	-0.4054121	0.318328	0.104029	0.895971	0.208057	1.79194	0.9999469
3840	0	-1817.955	-1817.55	-0.4053455	0.3519	0.0871295	0.91287	0.174259	1.82574	0.9998804
3841	1	-1815.555	-1815.15	-0.4054121	0.334802	0.0920044	0.907996	0.184009	1.81599	0.9999469
3842	0	-1815.124	-1814.718	-0.4053379	0.317058	0.100148	0.899852	0.200295	1.7997	0.9998728
3843	1	-1816.973	-1816.568	-0.4043984	0.311622	0.0998795	0.90012	0.199759	1.80024	0.9989338
3844	0	-1815.266	-1814.861	-0.4052608	0.316767	0.096996	0.903004	0.193992	1.80601	0.9997957
3845	1	-1816.213	-1815.808	-0.4050915	0.347814	0.095778	0.904222	0.191556	1.80844	0.9996264
3846	0	-1815.518	-1815.113	-0.4052608	0.326283	0.0935465	0.906454	0.187093	1.81291	0.9997957
3847	1	-1815.109	-1814.704	-0.40535	0.332168	0.0946832	0.905317	0.189366	1.81063	0.9998849
3848	0	-1815.679	-1815.274	-0.4051284	0.337775	0.0941381	0.905862	0.188276	1.81172	0.9996634
3849	1	-1816.975	-1816.57	-0.40535	0.332984	0.10556	0.89444	0.21112	1.78888	0.9998849
3850	0	-1815.567	-1815.162	-0.4053772	0.321453	0.0931768	0.906823	0.186354	1.81365	0.9999121
3851	1	-1816.456	-1816.051	-0.4051261	0.308165	0.0947362	0.905264	0.189472	1.81053	0.9996611
3852	0	-1815.72	-1815.314	-0.4053772	0.334546	0.101867	0.898133	0.203733	1.79627	0.9999121
3853	1	-1817.124	-1816.719	-0.404865	0.35208	0.0970309	0.902969	0.194062	1.80594	0.9994001
3854	0	-1815.181	-1814.776	-0.4053772	0.33698	0.0983958	0.901604	0.196792	1.80321	0.9999121
3855	1	-1817.749	-1817.344	-0.404865	0.31845	0.0904031	0.909597	0.180806	1.81919	0.9994001
3856	0	-1815.349	-1814.944	-0.4053145	0.340295	0.0950937	0.904906	0.190187	1.80981	0.9998494
3857	1	-1814.838	-1814.432	-0.4054469	0.325874	0.0995848	0.900415	0.19917	1.80083	0.9999818
3858	0	-1816.14	-1815.735	-0.4049934	0.321977	0.0935283	0.906472	0.187057	1.81294	0.9995284
3859	1	-1817.592	-1817.187	-0.4054469	0.327482	0.08777	0.91223	0.17554	1.82446	0.9999818
3860	0	-1817.777	-1817.372	-0.4042357	0.348027	0.0958355	0.904164	0.191671	1.80833	0.9987713
3861	1	-1817.496	-1817.091	-0.4049499	0.304749	0.0935183	0.906482	0.187037	1.81296	0.999485
3862	0	-1816.035	-1815.63	-0.4050018	0.316683	0.102293	0.897707	0.204586	1.79541	0.9995368
3863	1	-1815.246	-1814.841	-0.4052904	0.329809	0.0999171	0.900083	0.199834	1.80017	0.9998253
3864	0	-1816.242	-1815.836	-0.405441	0.341728	0.102141	0.897859	0.204281	1.79572	0.9999759
3865	1	-1815.508	-1815.102	-0.4052967	0.33125	0.101114	0.898886	0.202228	1.79777	0.9998316
3866	0	-1814.778	-1814.372	-0.405441	0.321015	0.0983454	0.901655	0.196691	1.80331	0.9999759
3867	1	-1817.267	-1816.862	-0.4051128	0.346175	0.102075	0.897925	0.20415	1.79585	0.9996477
3868	0	-1815.566	-1815.161	-0.4050198	0.329157	0.0958671	0.904133	0.191734	1.80827	0.9995548
3869	1	-1815.799	-1815.394	-0.4052753	0.310398	0.102981	0.897019	0.205962	1.79404	0.9998103
3870	0	-1814.878	-1814.473	-0.405443	0.334571	0.0959265	0.904074	0.191853	1.80815	0.9999779
3871	1	-1820.534	-1820.129	-0.4051579	0.271657	0.0992536	0.900746	0.198507	1.80149	0.9996928
3872	0	-1814.951	-1814.546	-0.4053299	0.323271	0.0981662	0.901834	0.196332	1.80367	0.9998648
3873	1	-1816.512	-1816.107	-0.4051016	0.30712	0.104344	0.895656	0.208688	1.79131	0.9996366
3874	0	-1819.436	-1819.031	-0.404239	0.286899	0.101205	0.898795	0.202409	1.79759	0.9987747
3875	1	-1815.896	-1815.49	-0.4051016	0.324878	0.0933301	0.90667	0.18666	1.81334	0.9996366
3876	0	-1814.848	-1814.443	-0.405384	0.324519	0.0972622	0.902738	0.194524	1.80548	0.9999189
3877	1	-1815.529	-1815.123	-0.4051138	0.336173	0.0956577	0.904342	0.191315	1.80868	0.9996487
3878	0	-1819.601	-1819.196	-0.4048667	0.360146	0.0865	0.9135	0.173	1.827	0.9994018
3879	1	-1819.74	-1819.337	-0.4031342	0.347814	0.0955147	0.904485	0.191029	1.80897	0.9976718
3880	0	-1817.286	-1816.881	-0.4048106	0.320834	0.105435	0.894565	0.210869	1.78913	0.9993457
3881	1	-1815.913	-1815.507	-0.4052656	0.345589	0.0979878	0.902012	0.195976	1.80402	0.9998005
3882	0	-1816.41	-1816.006	-0.4046419	0.320075	0.100764	0.899236	0.201529	1.79847	0.9991771
3883	1	-1816.402	-1815.997	-0.4051755	0.30166	0.103025	0.896975	0.20605	1.79395	0.9997104
3884	0	-1815.767	-1815.362	-0.4049038	0.326445	0.0960312	0.903969	0.192062	1.80794	0.9994389
3885	1	-1815.243	-1814.837	-0.4053575	0.340189	0.0959208	0.904079	0.191842	1.80816	0.9998924
3886	0	-1815.599	-1815.193	-0.4054289	0.333842	0.101919	0.898081	0.203838	1.79616	0.9999638
3887	1	-1815.567	-1815.162	-0.4052602	0.329958	0.0930896	0.90691	0.186179	1.81382	0.9997951
3888	0	-1817.138	-1816.732	-0.4053939	0.303239	0.107724	0.892276	0.215447	1.78455	0.9999288
3889	1	-1815.18	-1814.775	-0.4052602	0.333234	0.0958688	0.904131	0.191738	1.80826	0.9997951
3890	0	-1816.275	-1815.87	-0.4047371	0.337347	0.0951331	0.904867	0.190266	1.80973	0.9992723
3891	1	-1815.483	-1815.078	-0.405123	0.334704	0.0954556	0.904544	0.190911	1.80909	0.999658
3892	0	-1816.398	-1815.993	-0.4048701	0.342386	0.0934586	0.906541	0.186917	1.81308	0.9994051
3893	1	-1817.25	-1816.845	-0.4052561	0.305314	0.0925931	0.907407	0.185186	1.81481	0.999791
3894	0	-1817.403	-1816.998	-0.4054446	0.364843	0.0939437	0.906056	0.187887	1.81211	0.9999795
3895	1	-1816.909	-1816.503	-0.4052561	0.303542	0.0939828	0.906017	0.187966	1.81203	0.999791
3896	0	-1816.075	-1815.67	-0.4052503	0.33582	0.102024	0.897976	0.204048	1.79595	0.9997852
3897	1	-1817.001	-1816.596	-0.4052327	0.345275	0.102216	0.897784	0.204433	1.79557	0.9997676
3898	0	-1815.888	-1815.484	-0.4048072	0.32809	0.097403	0.902597	0.194806	1.80519	0.9993423
3899	1	-1815.944	-1815.539	-0.4053013	0.335912	0.0913763	0.908624	0.182753	1.81725	0.9998362
3900	0	-1816.397	-1815.992	-0.4048072	0.324582	0.102115	0.897885	0.20423	1.79577	0.9993423
3901	1	-1819.511	-1819.108	-0.4030743	0.308849	0.0985727	0.901427	0.197145	1.80285	0.9976121
3902	0	-1817.394	-1816.989	-0.4048204	0.335049	0.0898164	0.910184	0.179633	1.82037	0.9993555
3903	1	-1815.188	-1814.783	-0.4054083	0.340782	0.0964524	0.903548	0.192905	1.8071	0.9999432
3904	0	-1816.195	-1815.79	-0.4046708	0.330149	0.0982604	0.90174	0.196521	1.80348	0.999206
3905	1	-1814.975	-1814.57	-0.4054083	0.333578	0.0983879	0.901612	0.196776	1.80322	0.9999432
3906	0	-1816.299	-1815.893	-0.4052634	0.319345	0.100915	0.899085	0.201831	1.79817	0.9997983
3907	1	-1814.734	-1814.328	-0.405451	0.327905	0.0978529	0.902147	0.195706	1.80429	0.9999858
3908	0	-1815.74	-1815.335	-0.4049136	0.325698	0.0989622	0.901038	0.197924	1.80208	0.9994487
3909	1	-1816.389	-1815.984	-0.405451	0.343537	0.0896085	0.910392	0.179217	1.82078	0.9999858
3910	0	-1816.176	-1815.77	-0.4054024	0.297225	0.10044	0.89956	0.20088	1.79912	0.9999372
3911	1	-1815.398	-1814.993	-0.4053437	0.325528	0.101876	0.898124	0.203752	1.79625	0.9998786
3912	0	-1815.041	-1814.636	-0.405429	0.331946	0.0997317	0.900268	0.199463	1.80054	0.9999639
3913	1	-1815.508	-1815.103	-0.4053437	0.337376	0.0999731	0.900027	0.199946	1.80005	0.9998786
3914	0	-1818.315	-1817.91	-0.4045903	0.359773	0.0928295	0.90717	0.185659	1.81434	0.9991256
3915	1	-1817.512	-1817.108	-0.4040448	0.336502	0.0978846	0.902115	0.195769	1.80423	0.9985807
3916	0	-1816.094	-1815.689	-0.4047774	0.324148	0.100153	0.899847	0.200306	1.79969	0.9993125
3917	1	-1816.586	-1816.181	-0.40545	0.32174	0.106536	0.893464	0.213072	1.78693	0.9999849
3918	0	-1815.753	-1815.347	-0.4054108	0.324946	0.0919484	0.908052	0.183897	1.8161	0.9999457
3919	1	-1815.012	-1814.606	-0.40545	0.321485	0.0950096	0.90499	0.190019	1.80998	0.9999849
3920	0	-1815.86	-1815.454	-0.4054328	0.300135	0.100021	0.899979	0.200042	1.79996	0.9999677
3921	1	-1815.746	-1815.34	-0.40545	0.330003	0.103264	0.896736	0.206528	1.79347	0.9999849
3922	0	-1817.494	-1817.088	-0.4052325	0.356469	0.099394	0.900606	0.198788	1.80121	0.9997674
3923	1	-1815.088	-1814.683	-0.4052772	0.321009	0.0988831	0.901117	0.197766	1.80223	0.9998121
3924	0	-1818.875	-1818.471	-0.4042961	0.358911	0.0916764	0.908324	0.183353	1.81665	0.9988317
3925	1	-1816.694	-1816.29	-0.4046266	0.339448	0.0985586	0.901441	0.197117	1.80288	0.9991618
3926	0	-1815.37	-1814.965	-0.4051915	0.323008	0.100389	0.899611	0.200779	1.79922	0.9997264
3927	1	-1815.775	-1815.37	-0.4049201	0.324243	0.0958982	0.904102	0.191796	1.8082	0.9994551
3928	0	-1817.577	-1817.172	-0.4050551	0.325113	0.0892369	0.910763	0.178474	1.82153	0.99959
3929	1	-1818.877	-1818.472	-0.4042313	0.332988	0.105286	0.894714	0.210572	1.78943	0.998767
3930	0	-1818.377	-1817.973	-0.4039559	0.312552	0.104094	0.895906	0.208188	1.79181	0.998492
3931	1	-1816.62	-1816.215	-0.4046344	0.334587	0.0934396	0.90656	0.186879	1.81312	0.9991696
3932	0	-1816.875	-1816.47	-0.4048515	0.343459	0.100076	0.899924	0.200151	1.79985	0.9993866
3933	1	-1817.843	-1817.439	-0.404164	0.307797	0.0964585	0.903542	0.192917	1.80708	0.9986997
3934	0	-1814.856	-1814.451	-0.4053886	0.325932	0.0966156	0.903384	0.193231	1.80677	0.9999234
3935	1	-1820.992	-1820.59	-0.4029359	0.296359	0.104085	0.895915	0.208169	1.79183	0.997474
3936	0	-1816.613	-1816.207	-0.4053886	0.326314	0.0898301	0.91017	0.17966	1.82034	0.9999234
3937	1	-1816.091	-1815.687	-0.4048106	0.335294	0.098059	0.901941	0.196118	1.80388	0.9993457
3938	0	-1815.627	-1815.222	-0.4052814	0.344478	0.0958449	0.904155	0.19169	1.80831	0.9998163
3939	1	-1818.619	-1818.216	-0.4034667	0.33276	0.0939587	0.906041	0.187917	1.81208	0.9980035
3940	0	-1814.968	-1814.563	-0.4053149	0.326432	0.0978605	0.902139	0.195721	1.80428	0.9998498
3941	1	-1815.622	-1815.217	-0.404977	0.322724	0.0989892	0.901011	0.197978	1.80202	0.999512
3942	0	-1817.051	-1816.646	-0.4053149	0.357393	0.0907805	0.909219	0.181561	1.81844	0.9998498
3943	1	-1820.117	-1819.712	-0.4043672	0.309837	0.0892361	0.910764	0.178472	1.82153	0.9989027
3944	0	-1815.04	-1814.635	-0.4053149	0.331875	0.0962299	0.90377	0.19246	1.80754	0.9998498
3945	1	-1816.624	-1816.219	-0.4044087	0.329676	0.0970723	0.902928	0.194145	1.80586	0.9989441
3946	0	-1816.639	-1816.234	-0.4048311	0.343498	0.0926848	0.907315	0.18537	1.81463	0.9993661
3947	1	-1819.528	-1819.124	-0.4045185	0.361484	0.0883969	0.911603	0.176794	1.82321	0.9990538
3948	0	-1816.936	-1816.531	-0.4052112	0.299425	0.0956656	0.904334	0.191331	1.80867	0.9997461
3949	1	-1815.709	-1815.304	-0.4051922	0.341626	0.0976761	0.902324	0.195352	1.80465	0.9997271
3950	0	-1815.205	-1814.8	-0.4052112	0.329142	0.0983426	0.901657	0.196685	1.80331	0.9997461
3951	1	-1816.018	-1815.613	-0.4050861	0.328563	0.102134	0.897866	0.204268	1.79573	0.9996211
3952	0	-1816.448	-1816.043	-0.4045419	0.326806	0.0992615	0.900738	0.198523	1.80148	0.9990772
3953	1	-1816.719	-1816.314	-0.4052994	0.347723	0.100908	0.899092	0.201816	1.79818	0.9998343
3954	0	-1816.822	-1816.417	-0.4053245	0.338796	0.0890054	0.910995	0.178011	1.82199	0.9998595
3955	1	-1815.597	-1815.192	-0.4051857	0.337469	0.0987578	0.901242	0.197516	1.80248	0.9997207
3956	0	-1816.467	-1816.062	-0.4048045	0.30762	0.0985664	0.901434	0.197133	1.80287	0.9993396
3957	1	-1815.065	-1814.659	-0.4053325	0.333949	0.0975107	0.902489	0.195021	1.80498	0.9998674
3958	0	-1816.475	-1816.07	-0.4046046	0.330842	0.0944804	0.90552	0.188961	1.81104	0.9991399
3959	1	-1815.749	-1815.344	-0.4050597	0.316363	0.0960883	0.903912	0.192177	1.80782	0.9995947
3960	0	-1815.596	-1815.191	-0.4049783	0.32815	0.0965625	0.903438	0.193125	1.80688	0.9995133
3961	1	-1815.798	-1815.393	-0.4050597	0.31962	0.0949333	0.905067	0.189867	1.81013	0.9995947
3962	0	-1815.712	-1815.307	-0.4049783	0.320546	0.100006	0.899994	0.200011	1.79999	0.9995133
3963	1	-1816.185	-1815.78	-0.4050196	0.31099	0.102669	0.897331	0.205337	1.79466	0.9995546
3964	0	-1816.405	-1816	-0.4052553	0.303125	0.095883	0.904117	0.191766	1.80823	0.9997902
3965	1	-1815.693	-1815.288	-0.4050643	0.312997	0.0988551	0.901145	0.19771	1.80229	0.9995993
3966	0	-1816.214	-1815.809	-0.4052553	0.306892	0.104221	0.895779	0.208442	1.79156	0.9997902
3967	1	-1817.512	-1817.107	-0.4050643	0.334252	0.105382	0.894618	0.210764	1.78924	0.9995993
3968	0	-1816.2	-1815.795	-0.4048672	0.330189	0.0934078	0.906592	0.186816	1.81318	0.9994023
3969	1	-1817.992	-1817.588	-0.403865	0.3124	0.0970276	0.902972	0.194055	1.80594	0.9984011
3970	0	-1818.195	-1817.791	-0.4038104	0.338158	0.0932936	0.906706	0.186587	1.81341	0.9983467
3971	1	-1817.068	-1816.663	-0.4051665	0.334394	0.0891774	0.910823	0.178355	1.82165	0.9997014
3972	0	-1817.682	-1817.278	-0.404113	0.339918	0.0987754	0.901225	0.197551	1.80245	0.9986488
3973	1	-1815.879	-1815.474	-0.4049996	0.33856	0.0977352	0.902265	0.19547	1.80453	0.9995346
3974	0	-1815.938	-1815.533	-0.4050173	0.30978	0.0997031	0.900297	0.199406	1.80059	0.9995523
3975	1	-1815.587	-1815.182	-0.4049996	0.32117	0.0972627	0.902737	0.194525	1.80547	0.9995346
3976	0	-1815.878	-1815.473	-0.4051383	0.34352	0.0970539	0.902946	0.194108	1.80589	0.9996732
3977	1	-1815.799	-1815.393	-0.4052647	0.345273	0.0937118	0.906288	0.187424	1.81258	0.9997996
3978	0	-1815.36	-1814.955	-0.4051873	0.334596	0.0977246	0.902275	0.195449	1.80455	0.9997223
3979	1	-1816.099	-1815.694	-0.405009	0.341937	0.0936773	0.906323	0.187355	1.81265	0.999544
3980	0	-1814.817	-1814.412	-0.4054393	0.319401	0.0977282	0.902272	0.195456	1.80454	0.9999742
3981	1	-1814.749	-1814.344	-0.4054384	0.327728	0.0975561	0.902444	0.195112	1.80489	0.9999733
3982	0	-1817.008	-1816.603	-0.4045816	0.33665	0.100768	0.899232	0.201535	1.79846	0.9991169
3983	1	-1814.941	-1814.536	-0.4054384	0.335689	0.0975728	0.902427	0.195146	1.80485	0.9999733
3984	0	-1815.989	-1815.583	-0.4051704	0.304531	0.100184	0.899816	0.200369	1.79963	0.9997054
3985	1	-1815.307	-1814.901	-0.4054384	0.319775	0.102605	0.897395	0.20521	1.79479	0.9999733
3986	0	-1816.659	-1816.255	-0.4047148	0.306753	0.0998728	0.900127	0.199746	1.80025	0.99925
3987	1	-1815.981	-1815.576	-0.4053827	0.328835	0.103796	0.896204	0.207592	1.79241	0.9999175
3988	0	-1816.219	-1815.814	-0.4049147	0.340925	0.0937497	0.90625	0.187499	1.8125	0.9994497
3989	1	-1815.754	-1815.349	-0.4051612	0.341167	0.0939965	0.906004	0.187993	1.81201	0.9996961
3990	0	-1816.687	-1816.282	-0.4049147	0.301756	0.0990951	0.900905	0.19819	1.80181	0.9994497
3991	1	-1818.026	-1817.621	-0.404704	0.349275	0.0893546	0.910645	0.178709	1.82129	0.9992392
3992	0	-1815.893	-1815.487	-0.4053242	0.326251	0.0918597	0.90814	0.183719	1.81628	0.9998591
3993	1	-1815.904	-1815.499	-0.4048251	0.325829	0.0961447	0.903855	0.192289	1.80771	0.9993602
3994	0	-1816.934	-1816.529	-0.4052969	0.303411	0.106636	0.893364	0.213273	1.78673	0.9998319
3995	1	-1814.765	-1814.36	-0.4054293	0.327851	0.0972396	0.90276	0.194479	1.80552	0.9999642
3996	0	-1816.306	-1815.901	-0.4049795	0.331006	0.0921716	0.907828	0.184343	1.81566	0.9995145
3997	1	-1818.086	-1817.681	-0.4047534	0.355981	0.0986081	0.901392	0.197216	1.80278	0.9992886
3998	0	-1817.878	-1817.472	-0.4053368	0.355326	0.0876788	0.912321	0.175358	1.82464	0.9998717
3999	1	-1815.271	-1814.866	-0.4051693	0.320972	0.0985028	0.901497	0.197006	1.80299	0.9997043
4000	0	-1815.692	-1815.287	-0.4052179	0.342418	0.0941396	0.90586	0.188279	1.81172	0.9997529
4001	1	-1818.468	-1818.063	-0.4053338	0.363677	0.0994912	0.900509	0.198982	1.80102	0.9998687
4002	0	-1819.216	-1818.811	-0.4045765	0.363588	0.0973035	0.902696	0.194607	1.80539	0.9991117
4003	1	-1817.379	-1816.975	-0.4047216	0.353608	0.0949749	0.905025	0.18995	1.81005	0.9992568
4004	0	-1816.292	-1815.886	-0.4053704	0.354334	0.0937383	0.906262	0.187477	1.81252	0.9999053
4005	1	-1819.509	-1819.106	-0.403629	0.354912	0.0954608	0.904539	0.190922	1.80908	0.9981656
4006	0	-1815.417	-1815.012	-0.4052004	0.324125	0.100755	0.899245	0.20151	1.79849	0.9997354
4007	1	-1817.115	-1816.711	-0.4047287	0.309318	0.0945884	0.905412	0.189177	1.81082	0.9992639
4008	0	-1816.18	-1815.775	-0.4050648	0.320764	0.10338	0.89662	0.20676	1.79324	0.9995997
4009	1	-1816.347	-1815.942	-0.4050616	0.327454	0.0918074	0.908193	0.183615	1.81639	0.9995966
4010	0	-1815.35	-1814.944	-0.405191	0.318632	0.100013	0.899987	0.200026	1.79997	0.999726
4011	1	-1815.918	-1815.512	-0.4054382	0.301535	0.102888	0.897112	0.205777	1.79422	0.9999731
4012	0	-1816.24	-1815.835	-0.405191	0.316938	0.0928794	0.907121	0.185759	1.81424	0.999726
4013	1	-1815.123	-1814.717	-0.4054056	0.339309	0.0955404	0.90446	0.191081	1.80892	0.9999405
4014	0	-1815.064	-1814.659	-0.4054442	0.311864	0.0994858	0.900514	0.198972	1.80103	0.9999791
4015	1	-1816.831	-1816.425	-0.4051783	0.345524	0.10133	0.89867	0.202661	1.79734	0.9997132
4016	0	-1815.44	-1815.035	-0.4051514	0.319137	0.0963376	0.903662	0.192675	1.80732	0.9996864
4017	1	-1814.911	-1814.505	-0.4053611	0.325301	0.0986569	0.901343	0.197314	1.80269	0.999896
4018	0	-1815.54	-1815.134	-0.4054006	0.311309	0.102942	0.897058	0.205885	1.79412	0.9999355
4019	1	-1816.256	-1815.85	-0.4053611	0.35288	0.0965468	0.903453	0.193094	1.80691	0.999896
4020	0	-1815.304	-1814.898	-0.4052573	0.333393	0.0989793	0.901021	0.197959	1.80204	0.9997922
4021	1	-1817.901	-1817.496	-0.4049094	0.334719	0.088434	0.911566	0.176868	1.82313	0.9994445
4022	0	-1817.787	-1817.382	-0.405106	0.361333	0.0966266	0.903373	0.193253	1.80675	0.999641
4023	1	-1816.71	-1816.305	-0.4047475	0.34619	0.0958201	0.90418	0.19164	1.80836	0.9992827
4024	0	-1816.513	-1816.108	-0.405106	0.344127	0.0911671	0.908833	0.182334	1.81767	0.999641
4025	1	-1815.33	-1814.925	-0.4051782	0.334092	0.0969801	0.90302	0.19396	1.80604	0.9997132
4026	0	-1815.396	-1814.991	-0.4052615	0.33841	0.0977079	0.902292	0.195416	1.80458	0.9997965
4027	1	-1815.249	-1814.844	-0.4052325	0.318536	0.0996765	0.900324	0.199353	1.80065	0.9997674
4028	0	-1815.754	-1815.349	-0.4053394	0.331767	0.102316	0.897684	0.204631	1.79537	0.9998743
4029	1	-1818.088	-1817.684	-0.4038393	0.311281	0.0971745	0.902826	0.194349	1.80565	0.9983755
4030	0	-1815.353	-1814.948	-0.4052681	0.317279	0.101107	0.898893	0.202215	1.79779	0.999803
4031	1	-1816.285	-1815.88	-0.4048549	0.310551	0.101154	0.898846	0.202309	1.79769	0.99939
4032	0	-1816.989	-1816.583	-0.4052681	0.352546	0.0996774	0.900323	0.199355	1.80065	0.999803
4033	1	-1817.076	-1816.671	-0.4048549	0.352824	0.0954275	0.904573	0.190855	1.80915	0.99939
4034	0	-1815.355	-1814.95	-0.4051901	0.331913	0.0988342	0.901166	0.197668	1.80233	0.999725
4035	1	-1816.301	-1815.896	-0.4047346	0.337068	0.0947635	0.905236	0.189527	1.81047	0.9992698
4036	0	-1815.557	-1815.152	-0.4052184	0.317455	0.0952008	0.904799	0.190402	1.8096	0.9997533
4037	1	-1818.024	-1817.62	-0.4045059	0.319749	0.106015	0.893985	0.21203	1.78797	0.9990412
4038	0	-1816.898	-1816.493	-0.4046072	0.321445	0.10293	0.89707	0.205859	1.79414	0.9991425
4039	1	-1818.157	-1817.753	-0.4042837	0.352885	0.0960959	0.903904	0.192192	1.80781	0.9988193
4040	0	-1816.31	-1815.905	-0.404696	0.321297	0.0954251	0.904575	0.19085	1.80915	0.9992312
4041	1	-1816.852	-1816.447	-0.4047557	0.307306	0.0962483	0.903752	0.192497	1.8075	0.9992908
4042	0	-1815.058	-1814.653	-0.4054328	0.314714	0.100688	0.899312	0.201377	1.79862	0.9999677
4043	1	-1818.043	-1817.638	-0.4049088	0.354688	0.100108	0.899892	0.200216	1.79978	0.9994438
4044	0	-1815.279	-1814.873	-0.4054328	0.321269	0.102385	0.897615	0.204771	1.79523	0.9999677
4045	1	-1819.266	-1818.862	-0.4045756	0.307629	0.0904574	0.909543	0.180915	1.81909	0.9991109
4046	0	-1814.77	-1814.364	-0.4054429	0.321769	0.0985577	0.901442	0.197115	1.80288	0.9999777
4047	1	-1817.549	-1817.144	-0.4044414	0.308584	0.0951542	0.904846	0.190308	1.80969	0.9989768
4048	0	-1816.438	-1816.033	-0.4054422	0.311722	0.106488	0.893512	0.212977	1.78702	0.9999771
4049	1	-1815.936	-1815.532	-0.4047959	0.32297	0.0987913	0.901209	0.197583	1.80242	0.999331
4050	0	-1816.218	-1815.813	-0.4054422	0.337989	0.0899137	0.910086	0.179827	1.82017	0.9999771
4051	1	-1815.928	-1815.523	-0.4052012	0.312548	0.0949416	0.905058	0.189883	1.81012	0.9997362
4052	0	-1814.798	-1814.393	-0.4054422	0.326584	0.0959941	0.904006	0.191988	1.80801	0.9999771
4053	1	-1815.01	-1814.604	-0.4054289	0.317416	0.0962994	0.903701	0.192599	1.8074	0.9999638
4054	0	-1816.369	-1815.963	-0.4054422	0.354416	0.0918242	0.908176	0.183648	1.81635	0.9999771
4055	1	-1815.142	-1814.736	-0.4054289	0.331615	0.093598	0.906402	0.187196	1.8128	0.9999638
4056	0	-1814.787	-1814.382	-0.4054422	0.330095	0.0979831	0.902017	0.195966	1.80403	0.9999771
4057	1	-1815.904	-1815.499	-0.4054289	0.299674	0.100313	0.899687	0.200627	1.79937	0.9999638
4058	0	-1815.349	-1814.944	-0.405147	0.331108	0.0958923	0.904108	0.191785	1.80822	0.9996819
4059	1	-1815.265	-1814.86	-0.4054289	0.338265	0.0991701	0.90083	0.19834	1.80166	0.9999638
4060	0	-1819.742	-1819.338	-0.4045173	0.29391	0.10928	0.89072	0.21856	1.78144	0.9990527
4061	1	-1816.655	-1816.25	-0.405131	0.335845	0.103172	0.896828	0.206344	1.79366	0.999666
4062	0	-1815.082	-1814.677	-0.4054447	0.335403	0.0939499	0.90605	0.1879	1.8121	0.9999796
4063	1	-1815.395	-1814.989	-0.4054393	0.306501	0.10067	0.89933	0.201339	1.79866	0.9999742
4064	0	-1818.309	-1817.905	-0.404343	0.350884	0.0908171	0.909183	0.181634	1.81837	0.9988785
4065	1	-1816.039	-1815.634	-0.4054393	0.338919	0.102266	0.897734	0.204531	1.79547	0.9999742
4066	0	-1814.943	-1814.537	-0.4053335	0.326887	0.096851	0.903149	0.193702	1.8063	0.9998684
4067	1	-1819.26	-1818.856	-0.4040602	0.344951	0.0888114	0.911189	0.177623	1.82238	0.9985961
4068	0	-1815.187	-1814.782	-0.4053335	0.318301	0.100842	0.899158	0.201684	1.79832	0.9998684
4069	1	-1817.214	-1816.81	-0.4044361	0.329097	0.102146	0.897854	0.204292	1.79571	0.9989715
4070	0	-1815.403	-1814.998	-0.4053335	0.329222	0.101309	0.898691	0.202619	1.79738	0.9998684
4071	1	-1817.104	-1816.7	-0.4044361	0.337615	0.0996805	0.90032	0.199361	1.80064	0.9989715
4072	0	-1816.019	-1815.614	-0.4053335	0.323112	0.104313	0.895687	0.208627	1.79137	0.9998684
4073	1	-1818.986	-1818.582	-0.4035636	0.303778	0.101271	0.898729	0.202541	1.79746	0.9981003
4074	0	-1817.95	-1817.545	-0.4043166	0.301173	0.097741	0.902259	0.195482	1.80452	0.9988521
4075	1	-1817.56	-1817.155	-0.4048312	0.329527	0.0896838	0.910316	0.179368	1.82063	0.9993663
4076	0	-1817.6	-1817.196	-0.4045496	0.323407	0.104785	0.895215	0.20957	1.79043	0.9990849
4077	1	-1817.541	-1817.137	-0.4039985	0.322063	0.0954585	0.904542	0.190917	1.80908	0.9985344
4078	0	-1815.706	-1815.301	-0.4050743	0.339201	0.096019	0.903981	0.192038	1.80796	0.9996093
4079	1	-1815.558	-1815.153	-0.4054501	0.343515	0.0924966	0.907503	0.184993	1.81501	0.999985
4080	0	-1819.554	-1819.149	-0.405394	0.331123	0.110803	0.889197	0.221606	1.77839	0.9999289
4081	1	-1815.456	-1815.051	-0.405328	0.325645	0.0933686	0.906631	0.186737	1.81326	0.9998629
4082	0	-1815.57	-1815.165	-0.4053125	0.344273	0.0962767	0.903723	0.192553	1.80745	0.9998474
4083	1	-1816.54	-1816.134	-0.405328	0.304391	0.105633	0.894367	0.211266	1.78873	0.9998629
4084	0	-1818.23	-1817.825	-0.405256	0.33817	0.0866825	0.913318	0.173365	1.82664	0.9997909
4085	1	-1815.433	-1815.027	-0.405328	0.342629	0.0953207	0.904679	0.190641	1.80936	0.9998629
4086	0	-1816.688	-1816.283	-0.4050442	0.334978	0.0905707	0.909429	0.181141	1.81886	0.9995792
4087	1	-1816.963	-1816.558	-0.405328	0.30707	0.107202	0.892798	0.214404	1.7856	0.9998629
4088	0	-1821.184	-1820.78	-0.4040274	0.353509	0.104348	0.895652	0.208696	1.7913	0.9985634
4089	1	-1815.371	-1814.966	-0.405328	0.311359	0.0974329	0.902567	0.194866	1.80513	0.9998629
4090	0	-1816.088	-1815.683	-0.4049467	0.324052	0.0937865	0.906214	0.187573	1.81243	0.9994817
4091	1	-1815.919	-1815.514	-0.4050521	0.338484	0.0935571	0.906443	0.187114	1.81289	0.9995871
4092	0	-1816.85	-1816.445	-0.4050429	0.313418	0.105613	0.894387	0.211225	1.78877	0.9995779
4093	1	-1815.556	-1815.151	-0.4050521	0.323464	0.0958533	0.904147	0.191707	1.80829	0.9995871
4094	0	-1816.67	-1816.265	-0.4048735	0.302578	0.100438	0.899562	0.200875	1.79912	0.9994085
4095	1	-1816.125	-1815.72	-0.4048583	0.315985	0.101196	0.898804	0.202391	1.79761	0.9993934
4096	0	-1817.127	-1816.722	-0.4046421	0.340781	0.100486	0.899514	0.200973	1.79903	0.9991774
4097	1	-1816.345	-1815.94	-0.404933	0.314869	0.094584	0.905416	0.189168	1.81083	0.9994681
4098	0	-1815.721	-1815.316	-0.4052499	0.342025	0.0984025	0.901598	0.196805	1.8032	0.9997848
4099	1	-1815.814	-1815.409	-0.4052193	0.33291	0.101492	0.898508	0.202985	1.79702	0.9997542
4100	0	-1815.274	-1814.869	-0.4052518	0.325126	0.0950234	0.904977	0.190047	1.80995	0.9997867
4101	1	-1816.293	-1815.888	-0.4046341	0.328391	0.0955135	0.904486	0.191027	1.80897	0.9991693
4102	0	-1815.304	-1814.899	-0.4051587	0.331565	0.0971754	0.902825	0.194351	1.80565	0.9996936
4103	1	-1817.898	-1817.493	-0.4048747	0.359875	0.0958859	0.904114	0.191772	1.80823	0.9994097
4104	0	-1815.409	-1815.004	-0.4052529	0.330266	0.0938748	0.906125	0.18775	1.81225	0.9997879
4105	1	-1816.132	-1815.728	-0.4049255	0.311585	0.0969716	0.903028	0.193943	1.80606	0.9994605
4106	0	-1815.856	-1815.451	-0.4052529	0.310817	0.103131	0.896869	0.206261	1.79374	0.9997879
4107	1	-1815.73	-1815.325	-0.4049186	0.321165	0.0973448	0.902655	0.19469	1.80531	0.9994536
4108	0	-1816.721	-1816.316	-0.4046535	0.317023	0.102594	0.897406	0.205188	1.79481	0.9991888
4109	1	-1815.815	-1815.41	-0.4049111	0.322441	0.0960063	0.903994	0.192013	1.80799	0.9994462
4110	0	-1815.22	-1814.815	-0.4054122	0.338267	0.0938485	0.906152	0.187697	1.8123	0.9999471
4111	1	-1818.554	-1818.151	-0.4036571	0.33311	0.0926321	0.907368	0.185264	1.81474	0.9981936
4112	0	-1816.013	-1815.607	-0.4054122	0.298785	0.100445	0.899555	0.200891	1.79911	0.9999471
4113	1	-1815.406	-1815.001	-0.4051559	0.324237	0.100108	0.899892	0.200216	1.79978	0.9996908
4114	0	-1815.391	-1814.985	-0.4053103	0.311939	0.100948	0.899052	0.201895	1.7981	0.9998452
4115	1	-1819.424	-1819.021	-0.4031271	0.308383	0.099362	0.900638	0.198724	1.80128	0.9976647
4116	0	-1815.848	-1815.443	-0.4054148	0.350539	0.0944336	0.905566	0.188867	1.81113	0.9999497
4117	1	-1815.252	-1814.846	-0.4052089	0.320412	0.0994691	0.900531	0.198938	1.80106	0.9997438
4118	0	-1816.423	-1816.018	-0.4051058	0.307259	0.0953177	0.904682	0.190635	1.80936	0.9996408
4119	1	-1816.072	-1815.667	-0.4051131	0.30959	0.102729	0.897271	0.205458	1.79454	0.9996481
4120	0	-1815.911	-1815.506	-0.4049925	0.31768	0.101544	0.898456	0.203087	1.79691	0.9995275
4121	1	-1815.947	-1815.542	-0.4051131	0.343507	0.0973362	0.902664	0.194672	1.80533	0.9996481
4122	0	-1816.415	-1816.01	-0.4048125	0.32001	0.10251	0.89749	0.205019	1.79498	0.9993476
4123	1	-1815.763	-1815.358	-0.4051131	0.312801	0.101359	0.898641	0.202717	1.79728	0.9996481
4124	0	-1814.818	-1814.412	-0.4054049	0.327912	0.0978853	0.902115	0.195771	1.80423	0.9999398
4125	1	-1814.871	-1814.465	-0.4053989	0.331401	0.0973671	0.902633	0.194734	1.80527	0.9999338
4126	0	-1818.616	-1818.212	-0.4048434	0.304446	0.0914766	0.908523	0.182953	1.81705	0.9993784
4127	1	-1815.016	-1814.61	-0.4053989	0.326597	0.094824	0.905176	0.189648	1.81035	0.9999338
4128	0	-1816.834	-1816.429	-0.4051442	0.354477	0.0923521	0.907648	0.184704	1.8153	0.9996792
4129	1	-1816.891	-1816.486	-0.4047212	0.325584	0.0921943	0.907806	0.184389	1.81561	0.9992564
4130	0	-1815.506	-1815.101	-0.4050391	0.328563	0.0962084	0.903792	0.192417	1.80758	0.9995741
4131	1	-1816.943	-1816.538	-0.4052152	0.356155	0.0917342	0.908266	0.183468	1.81653	0.9997501
4132	0	-1816.888	-1816.483	-0.4045568	0.342483	0.0941392	0.905861	0.188278	1.81172	0.9990921
4133	1	-1816.842	-1816.438	-0.4043949	0.332368	0.0946161	0.905384	0.189232	1.81077	0.9989304
4134	0	-1819.21	-1818.805	-0.4049668	0.358612	0.08671	0.91329	0.17342	1.82658	0.9995018
4135	1	-1816.884	-1816.479	-0.4047611	0.346921	0.0930343	0.906966	0.186069	1.81393	0.9992962
4136	0	-1815.567	-1815.161	-0.4054569	0.30393	0.0985062	0.901494	0.197012	1.80299	0.9999917
4137	1	-1817.211	-1816.805	-0.4054299	0.359413	0.0899916	0.910008	0.179983	1.82002	0.9999648
4138	0	-1816.427	-1816.022	-0.4047329	0.311749	0.100822	0.899178	0.201643	1.79836	0.999268
4139	1	-1816.395	-1815.991	-0.4048438	0.315841	0.0948149	0.905185	0.18963	1.81037	0.9993789
4140	0	-1817.494	-1817.089	-0.404941	0.352064	0.0995837	0.900416	0.199167	1.80083	0.999476
4141	1	-1814.959	-1814.554	-0.4054403	0.337096	0.0960569	0.903943	0.192114	1.80789	0.9999752
4142	0	-1817.391	-1816.986	-0.4051301	0.353796	0.0896961	0.910304	0.179392	1.82061	0.9996651
4143	1	-1817.59	-1817.185	-0.4052488	0.330149	0.106966	0.893034	0.213933	1.78607	0.9997837
4144	0	-1818.634	-1818.23	-0.4043534	0.324574	0.106428	0.893572	0.212855	1.78714	0.9988889
4145	1	-1815.775	-1815.371	-0.4048788	0.32914	0.0967338	0.903266	0.193468	1.80653	0.9994139
4146	0	-1816.793	-1816.388	-0.4047278	0.34079	0.092363	0.907637	0.184726	1.81527	0.999263
4147	1	-1815.534	-1815.129	-0.4050425	0.325917	0.0992637	0.900736	0.198527	1.80147	0.9995775
4148	0	-1815.868	-1815.463	-0.4051537	0.308617	0.097368	0.902632	0.194736	1.80526	0.9996887
4149	1	-1815.576	-1815.171	-0.4050425	0.334169	0.096419	0.903581	0.192838	1.80716	0.9995775
4150	0	-1816.098	-1815.693	-0.4051	0.344835	0.0975925	0.902408	0.195185	1.80482	0.999635
4151	1	-1815.615	-1815.21	-0.4050375	0.320503	0.100103	0.899897	0.200206	1.79979	0.9995725
4152	0	-1816.832	-1816.427	-0.4051	0.323204	0.0908197	0.90918	0.181639	1.81836	0.999635
4153	1	-1818.218	-1817.812	-0.4054063	0.280657	0.101269	0.898731	0.202538	1.79746	0.9999412
4154	0	-1817.495	-1817.089	-0.4054361	0.303908	0.108881	0.891119	0.217763	1.78224	0.999971
4155	1	-1815.111	-1814.705	-0.4054063	0.33675	0.0944731	0.905527	0.188946	1.81105	0.9999412
4156	0	-1815.968	-1815.563	-0.4051452	0.317005	0.103192	0.896808	0.206384	1.79362	0.9996802
4157	1	-1815.477	-1815.072	-0.405183	0.314765	0.10037	0.89963	0.20074	1.79926	0.9997179
4158	0	-1815.797	-1815.392	-0.4049411	0.323645	0.10017	0.89983	0.200339	1.79966	0.9994761
4159	1	-1817.194	-1816.789	-0.4050057	0.294191	0.10113	0.89887	0.202261	1.79774	0.9995407
4160	0	-1818.005	-1817.601	-0.4042152	0.350246	0.0940282	0.905972	0.188056	1.81194	0.9987508
4161	1	-1816.148	-1815.743	-0.4051986	0.303384	0.102227	0.897773	0.204453	1.79555	0.9997335
4162	0	-1817.413	-1817.008	-0.4054343	0.292042	0.106787	0.893213	0.213573	1.78643	0.9999692
4163	1	-1816.463	-1816.058	-0.4049191	0.323515	0.0926544	0.907346	0.185309	1.81469	0.9994542
4164	0	-1814.752	-1814.346	-0.4054343	0.324958	0.09789	0.90211	0.19578	1.80422	0.9999692
4165	1	-1815.177	-1814.772	-0.4052479	0.332024	0.0959369	0.904063	0.191874	1.80813	0.9997828
4166	0	-1815.635	-1815.23	-0.4053441	0.346292	0.0953087	0.904691	0.190617	1.80938	0.999879
4167	1	-1814.91	-1814.504	-0.4054564	0.318896	0.0962424	0.903758	0.192485	1.80752	0.9999913
4168	0	-1817.482	-1817.076	-0.4054332	0.285455	0.102827	0.897173	0.205655	1.79435	0.9999681
4169	1	-1815.281	-1814.875	-0.405321	0.339002	0.0951472	0.904853	0.190294	1.80971	0.9998559
4170	0	-1818.366	-1817.96	-0.4053425	0.348146	0.105046	0.894954	0.210092	1.78991	0.9998774
4171	1	-1816.3	-1815.895	-0.4051746	0.304387	0.0965052	0.903495	0.19301	1.80699	0.9997095
4172	0	-1817.982	-1817.578	-0.4041497	0.347876	0.0967984	0.903202	0.193597	1.8064	0.9986855
4173	1	-1815.674	-1815.268	-0.4053424	0.307089	0.102142	0.897858	0.204284	1.79572	0.9998773
4174	0	-1816.847	-1816.443	-0.4043386	0.333457	0.0976374	0.902363	0.195275	1.80473	0.9988741
4175	1	-1815.272	-1814.866	-0.4053424	0.340057	0.0954869	0.904513	0.190974	1.80903	0.9998773
4176	0	-1819.778	-1819.374	-0.4045817	0.284005	0.106983	0.893017	0.213967	1.78603	0.999117
4177	1	-1817.316	-1816.911	-0.4047345	0.350404	0.09792	0.90208	0.19584	1.80416	0.9992697
4178	0	-1815.734	-1815.329	-0.4049326	0.325142	0.0993606	0.900639	0.198721	1.80128	0.9994677
4179	1	-1817.654	-1817.25	-0.4047345	0.353779	0.0977042	0.902296	0.195408	1.80459	0.9992697
4180	0	-1817.708	-1817.304	-0.4039569	0.326204	0.100837	0.899163	0.201675	1.79833	0.9984929
4181	1	-1815.218	-1814.813	-0.4052152	0.331636	0.0976971	0.902303	0.195394	1.80461	0.9997501
4182	0	-1817.126	-1816.721	-0.405075	0.319337	0.0907816	0.909218	0.181563	1.81844	0.9996099
4183	1	-1817.494	-1817.09	-0.4039129	0.325038	0.0976414	0.902359	0.195283	1.80472	0.998449
4184	0	-1816.542	-1816.137	-0.4049672	0.302054	0.100487	0.899513	0.200973	1.79903	0.9995022
4185	1	-1819.447	-1819.043	-0.4048356	0.32679	0.109557	0.890443	0.219114	1.78089	0.9993707
4186	0	-1815.273	-1814.868	-0.4051451	0.324879	0.0979265	0.902073	0.195853	1.80415	0.9996801
4187	1	-1815.787	-1815.382	-0.4053057	0.331629	0.102241	0.897759	0.204482	1.79552	0.9998406
4188	0	-1816.107	-1815.702	-0.4049154	0.310259	0.0985183	0.901482	0.197037	1.80296	0.9994504
4189	1	-1819.061	-1818.657	-0.4048819	0.293258	0.0936253	0.906375	0.187251	1.81275	0.9994169
4190	0	-1815.442	-1815.037	-0.4050956	0.330681	0.0958244	0.904176	0.191649	1.80835	0.9996305
4191	1	-1816.762	-1816.357	-0.4048058	0.334935	0.101822	0.898178	0.203645	1.79636	0.9993409
4192	0	-1817.36	-1816.955	-0.4050956	0.359699	0.0940434	0.905957	0.188087	1.81191	0.9996305
4193	1	-1816.885	-1816.48	-0.4044481	0.318411	0.101534	0.898466	0.203068	1.79693	0.9989835
4194	0	-1815.437	-1815.032	-0.4050576	0.326217	0.0981001	0.9019	0.1962	1.8038	0.9995926
4195	1	-1815.1	-1814.695	-0.4053693	0.317996	0.100625	0.899375	0.20125	1.79875	0.9999042
4196	0	-1816.745	-1816.34	-0.4046691	0.308529	0.0973974	0.902603	0.194795	1.80521	0.9992043
4197	1	-1815.159	-1814.753	-0.405337	0.317341	0.10054	0.89946	0.20108	1.79892	0.9998719
4198	0	-1814.995	-1814.59	-0.4054071	0.326301	0.0948872	0.905113	0.189774	1.81023	0.999942
4199	1	-1815.837	-1815.432	-0.4051181	0.32218	0.093807	0.906193	0.187614	1.81239	0.999653
4200	0	-1816.956	-1816.552	-0.4042135	0.327693	0.0974015	0.902598	0.194803	1.8052	0.9987492
4201	1	-1817.555	-1817.15	-0.4053037	0.349652	0.10264	0.89736	0.205281	1.79472	0.9998386
4202	0	-1815.849	-1815.444	-0.4049736	0.331376	0.0997859	0.900214	0.199572	1.80043	0.9995086
4203	1	-1815.195	-1814.789	-0.4053037	0.335458	0.0978754	0.902125	0.195751	1.80425	0.9998386
4204	0	-1815.297	-1814.891	-0.4051352	0.326554	0.0980144	0.901986	0.196029	1.80397	0.9996702
4205	1	-1816.412	-1816.006	-0.4053491	0.295777	0.10083	0.89917	0.201659	1.79834	0.999884
4206	0	-1815.235	-1814.83	-0.4052903	0.32382	0.100646	0.899354	0.201291	1.79871	0.9998252
4207	1	-1820.561	-1820.158	-0.4033311	0.306911	0.107172	0.892828	0.214345	1.78566	0.9978683
4208	0	-1817.549	-1817.145	-0.40452	0.334217	0.090814	0.909186	0.181628	1.81837	0.9990554
4209	1	-1816.734	-1816.329	-0.4052983	0.296528	0.104207	0.895793	0.208415	1.79159	0.9998332
4210	0	-1816.972	-1816.567	-0.4048124	0.345232	0.0916121	0.908388	0.183224	1.81678	0.9993475
4211	1	-1816.277	-1815.872	-0.4047062	0.317564	0.09656	0.90344	0.19312	1.80688	0.9992414
4212	0	-1817.508	-1817.103	-0.4049821	0.291765	0.100661	0.899339	0.201322	1.79868	0.9995171
4213	1	-1815.513	-1815.107	-0.4051228	0.314897	0.0985875	0.901413	0.197175	1.80283	0.9996577
4214	0	-1815.759	-1815.354	-0.4051593	0.342796	0.0965279	0.903472	0.193056	1.80694	0.9996943
4215	1	-1815.558	-1815.153	-0.4054534	0.332057	0.102294	0.897706	0.204588	1.79541	0.9999883
4216	0	-1822.853	-1822.447	-0.4052865	0.306555	0.117524	0.882476	0.235048	1.76495	0.9998214
4217	1	-1814.972	-1814.567	-0.405446	0.3155	0.0971507	0.902849	0.194301	1.8057	0.9999809
4218	0	-1816.584	-1816.179	-0.4053706	0.351607	0.0904932	0.909507	0.180986	1.81901	0.9999055
4219	1	-1815.059	-1814.654	-0.4053081	0.33278	0.0968361	0.903164	0.193672	1.80633	0.999843
4220	0	-1817.985	-1817.579	-0.4053508	0.30029	0.109424	0.890576	0.218849	1.78115	0.9998857
4221	1	-1815.677	-1815.272	-0.4051033	0.319793	0.101413	0.898587	0.202827	1.79717	0.9996383
4222	0	-1815.803	-1815.398	-0.4049216	0.317917	0.0974791	0.902521	0.194958	1.80504	0.9994566
4223	1	-1816.68	-1816.275	-0.4051033	0.30368	0.0956481	0.904352	0.191296	1.8087	0.9996383
4224	0	-1815.414	-1815.009	-0.4054534	0.344869	0.0971149	0.902885	0.19423	1.80577	0.9999883
4225	1	-1816.284	-1815.879	-0.4051863	0.346813	0.098707	0.901293	0.197414	1.80259	0.9997212
4226	0	-1818.08	-1817.675	-0.4054256	0.312224	0.0890149	0.910985	0.17803	1.82197	0.9999605
4227	1	-1815.505	-1815.1	-0.4051863	0.3166	0.0961267	0.903873	0.192253	1.80775	0.9997212
4228	0	-1815.008	-1814.602	-0.4054256	0.326388	0.0945941	0.905406	0.189188	1.81081	0.9999605
4229	1	-1818.254	-1817.85	-0.4039907	0.323612	0.103662	0.896338	0.207324	1.79268	0.9985266
4230	0	-1817.249	-1816.844	-0.4054256	0.290613	0.0974025	0.902598	0.194805	1.8052	0.9999605
4231	1	-1815.086	-1814.681	-0.4054125	0.328112	0.100592	0.899408	0.201184	1.79882	0.9999474
4232	0	-1815.433	-1815.027	-0.4051302	0.334671	0.0968063	0.903194	0.193613	1.80639	0.9996651
4233	1	-1820.52	-1820.114	-0.4054125	0.31239	0.0858003	0.9142	0.171601	1.8284	0.9999474
4234	0	-1816.453	-1816.048	-0.4048938	0.330119	0.0995299	0.90047	0.19906	1.80094	0.9994289
4235	1	-1814.914	-1814.508	-0.4054125	0.317238	0.0982967	0.901703	0.196593	1.80341	0.9999474
4236	0	-1816.194	-1815.789	-0.4049662	0.321352	0.0936083	0.906392	0.187217	1.81278	0.9995013
4237	1	-1815.344	-1814.939	-0.4054125	0.308143	0.0984174	0.901583	0.196835	1.80317	0.9999474
4238	0	-1815.857	-1815.452	-0.4048304	0.322514	0.0977734	0.902227	0.195547	1.80445	0.9993655
4239	1	-1815.289	-1814.884	-0.4053185	0.339472	0.0954815	0.904518	0.190963	1.80904	0.9998534
4240	0	-1819.514	-1819.109	-0.4051245	0.318574	0.111424	0.888576	0.222847	1.77715	0.9996595
4241	1	-1817.279	-1816.874	-0.404756	0.305448	0.0950824	0.904918	0.190165	1.80984	0.9992912
4242	0	-1815.383	-1814.978	-0.4053264	0.337621	0.0989813	0.901019	0.197963	1.80204	0.9998613
4243	1	-1816.38	-1815.976	-0.4047614	0.332508	0.0934259	0.906574	0.186852	1.81315	0.9992965
4244	0	-1814.927	-1814.521	-0.4054419	0.335788	0.097352	0.902648	0.194704	1.8053	0.9999768
4245	1	-1815.738	-1815.333	-0.4050065	0.326484	0.0947367	0.905263	0.189473	1.81053	0.9995415
4246	0	-1814.982	-1814.576	-0.4054419	0.330995	0.0943723	0.905628	0.188745	1.81126	0.9999768
4247	1	-1815.702	-1815.297	-0.4050065	0.330145	0.0994446	0.900555	0.198889	1.80111	0.9995415
4248	0	-1816.053	-1815.648	-0.4048241	0.314953	0.0991402	0.90086	0.19828	1.80172	0.9993592
4249	1	-1817.525	-1817.12	-0.4046305	0.322464	0.0912784	0.908722	0.182557	1.81744	0.9991657
4250	0	-1815.093	-1814.688	-0.4053843	0.33016	0.0999532	0.900047	0.199906	1.80009	0.9999192
4251	1	-1815.869	-1815.464	-0.4051885	0.310462	0.0960449	0.903955	0.19209	1.80791	0.9997234
4252	0	-1817.847	-1817.442	-0.4053843	0.286372	0.0978333	0.902167	0.195667	1.80433	0.9999192
4253	1	-1816.677	-1816.272	-0.4053047	0.311107	0.0923584	0.907642	0.184717	1.81528	0.9998397
4254	0	-1819.888	-1819.483	-0.4048942	0.345316	0.107107	0.892893	0.214214	1.78579	0.9994293
4255	1	-1815.663	-1815.257	-0.4054164	0.345347	0.0927223	0.907278	0.185445	1.81456	0.9999512
4256	0	-1816.803	-1816.398	-0.4046982	0.317449	0.103316	0.896684	0.206631	1.79337	0.9992333
4257	1	-1816.702	-1816.297	-0.4047299	0.324375	0.0928919	0.907108	0.185784	1.81422	0.999265
4258	0	-1816.329	-1815.924	-0.4049488	0.340504	0.0926347	0.907365	0.185269	1.81473	0.9994838
4259	1	-1816.744	-1816.339	-0.4046112	0.310384	0.0972315	0.902769	0.194463	1.80554	0.9991464
4260	0	-1816.566	-1816.162	-0.4046582	0.340817	0.0969872	0.903013	0.193974	1.80603	0.9991934
4261	1	-1816.382	-1815.977	-0.4051418	0.316181	0.104701	0.895299	0.209403	1.7906	0.9996767
4262	0	-1816.491	-1816.086	-0.4051686	0.312977	0.0930877	0.906912	0.186175	1.81382	0.9997035
4263	1	-1818.478	-1818.075	-0.4036748	0.341721	0.0979083	0.902092	0.195817	1.80418	0.9982113
4264	0	-1817.35	-1816.945	-0.4044225	0.341831	0.0993061	0.900694	0.198612	1.80139	0.9989579
4265	1	-1815.523	-1815.117	-0.4051488	0.32855	0.0943479	0.905652	0.188696	1.8113	0.9996837
4266	0	-1817.459	-1817.053	-0.4053489	0.287048	0.100304	0.899696	0.200608	1.79939	0.9998838
4267	1	-1815.003	-1814.598	-0.4053334	0.330459	0.0982005	0.901799	0.196401	1.8036	0.9998683
4268	0	-1815.403	-1814.998	-0.405345	0.309369	0.098165	0.901835	0.19633	1.80367	0.9998799
4269	1	-1815.168	-1814.763	-0.4053466	0.318951	0.0957625	0.904237	0.191525	1.80847	0.9998815
4270	0	-1817.386	-1816.981	-0.405116	0.293241	0.10449	0.89551	0.208979	1.79102	0.9996509
4271	1	-1817.33	-1816.925	-0.4046713	0.31489	0.105028	0.894972	0.210056	1.78994	0.9992065
4272	0	-1817.634	-1817.229	-0.4051853	0.320796	0.107909	0.892091	0.215818	1.78418	0.9997202
4273	1	-1819.215	-1818.81	-0.4044564	0.327645	0.107719	0.892281	0.215437	1.78456	0.9989918
4274	0	-1815.495	-1815.09	-0.4051749	0.321208	0.101086	0.898914	0.202172	1.79783	0.9997099
4275	1	-1815.597	-1815.192	-0.4051016	0.336791	0.0976009	0.902399	0.195202	1.8048	0.9996366
4276	0	-1815.72	-1815.315	-0.4051749	0.33263	0.100789	0.899211	0.201579	1.79842	0.9997099
4277	1	-1816.845	-1816.441	-0.4048408	0.301686	0.0988082	0.901192	0.197616	1.80238	0.9993759
4278	0	-1815.805	-1815.399	-0.4051481	0.309068	0.100976	0.899024	0.201952	1.79805	0.9996831
4279	1	-1816.12	-1815.715	-0.405064	0.332567	0.0922429	0.907757	0.184486	1.81551	0.9995989
4280	0	-1817.254	-1816.85	-0.4040895	0.31952	0.0975666	0.902433	0.195133	1.80487	0.9986253
4281	1	-1814.849	-1814.444	-0.4054143	0.325119	0.0961439	0.903856	0.192288	1.80771	0.9999492
4282	0	-1822.823	-1822.419	-0.4033942	0.274519	0.101949	0.898051	0.203898	1.7961	0.9979313
4283	1	-1815.11	-1814.705	-0.4053257	0.317443	0.0971704	0.90283	0.194341	1.80566	0.9998606
4284	0	-1816.033	-1815.628	-0.4047942	0.317944	0.0993867	0.900613	0.198773	1.80123	0.9993293
4285	1	-1817.248	-1816.843	-0.4051223	0.35464	0.0904614	0.909539	0.180923	1.81908	0.9996572
4286	0	-1816.153	-1815.748	-0.4048205	0.329125	0.100421	0.899579	0.200841	1.79916	0.9993556
4287	1	-1815.641	-1815.236	-0.4051223	0.330113	0.093896	0.906104	0.187792	1.81221	0.9996572
4288	0	-1817.71	-1817.304	-0.4052826	0.306876	0.108865	0.891135	0.217731	1.78227	0.9998175
4289	1	-1815.669	-1815.264	-0.4052163	0.309395	0.0976985	0.902301	0.195397	1.8046	0.9997512
4290	0	-1816.132	-1815.727	-0.4051635	0.304192	0.0978836	0.902116	0.195767	1.80423	0.9996984
4291	1	-1819.819	-1819.414	-0.4054246	0.34258	0.0839905	0.91601	0.167981	1.83202	0.9999594
4292	0	-1816.561	-1816.155	-0.4054643	0.358384	0.0932161	0.906784	0.186432	1.81357	0.9999992
4293	1	-1816.056	-1815.651	-0.4051269	0.328536	0.0922611	0.907739	0.184522	1.81548	0.9996618
4294	0	-1816.653	-1816.248	-0.4050603	0.304229	0.104095	0.895905	0.208189	1.79181	0.9995952
4295	1	-1815.898	-1815.493	-0.4051074	0.316236	0.102541	0.897459	0.205082	1.79492	0.9996423
4296	0	-1817.175	-1816.77	-0.4050782	0.338158	0.0892096	0.91079	0.178419	1.82158	0.9996131
4297	1	-1816.164	-1815.759	-0.4051477	0.304561	0.102183	0.897817	0.204366	1.79563	0.9996826
4298	0	-1817.342	-1816.938	-0.4041109	0.336178	0.0973342	0.902666	0.194668	1.80533	0.9986467
4299	1	-1816.542	-1816.137	-0.4047146	0.336829	0.0932549	0.906745	0.18651	1.81349	0.9992498
4300	0	-1820.199	-1819.796	-0.4027143	0.312264	0.102006	0.897994	0.204013	1.79599	0.9972529
4301	1	-1815.801	-1815.396	-0.4050446	0.319929	0.10152	0.89848	0.203041	1.79696	0.9995795
4302	0	-1818.107	-1817.702	-0.4045431	0.357496	0.0945223	0.905478	0.189045	1.81096	0.9990784
4303	1	-1818.701	-1818.297	-0.4040548	0.329012	0.104689	0.895311	0.209378	1.79062	0.9985906
4304	0	-1814.932	-1814.527	-0.4054047	0.332674	0.0955143	0.904486	0.191029	1.80897	0.9999396
4305	1	-1815.819	-1815.414	-0.4052526	0.305639	0.101236	0.898764	0.202472	1.79753	0.9997876
4306	0	-1816.382	-1815.977	-0.4054047	0.348313	0.0903545	0.909646	0.180709	1.81929	0.9999396
4307	1	-1815.32	-1814.915	-0.4051386	0.324474	0.0988464	0.901154	0.197693	1.80231	0.9996735
4308	0	-1816.656	-1816.251	-0.404465	0.33274	0.095183	0.904817	0.190366	1.80963	0.9990004
4309	1	-1814.891	-1814.485	-0.4054238	0.331258	0.0953894	0.904611	0.190779	1.80922	0.9999587
4310	0	-1817.628	-1817.224	-0.4042545	0.346666	0.095183	0.904817	0.190366	1.80963	0.9987901
4311	1	-1815.378	-1814.973	-0.4053617	0.309411	0.0980506	0.901949	0.196101	1.8039	0.9998966
4312	0	-1814.826	-1814.421	-0.4054271	0.331869	0.0966774	0.903323	0.193355	1.80665	0.999962
4313	1	-1815.587	-1815.182	-0.4051353	0.312767	0.098311	0.901689	0.196622	1.80338	0.9996702
4314	0	-1816.014	-1815.609	-0.4047658	0.331208	0.0975753	0.902425	0.195151	1.80485	0.9993009
4315	1	-1816.938	-1816.533	-0.4048392	0.349853	0.0930029	0.906997	0.186006	1.81399	0.9993743
4316	0	-1816.617	-1816.212	-0.4045976	0.32242	0.0944851	0.905515	0.18897	1.81103	0.9991329
4317	1	-1818.497	-1818.093	-0.4038489	0.328394	0.10306	0.89694	0.206119	1.79388	0.9983851
4318	0	-1816.364	-1815.959	-0.4054389	0.355069	0.0965843	0.903416	0.193169	1.80683	0.9999738
4319	1	-1815.304	-1814.899	-0.4051731	0.332822	0.0968133	0.903187	0.193627	1.80637	0.999708
4320	0	-1817.532	-1817.126	-0.4052563	0.362492	0.0955628	0.904437	0.191126	1.80887	0.9997912
4321	1	-1815.694	-1815.288	-0.4052232	0.31688	0.102588	0.897412	0.205177	1.79482	0.9997581
4322	0	-1816.069	-1815.664	-0.4052563	0.303797	0.0973301	0.90267	0.19466	1.80534	0.9997912
4323	1	-1817.568	-1817.163	-0.4052232	0.326036	0.0886138	0.911386	0.177228	1.82277	0.9997581
4324	0	-1816.554	-1816.149	-0.4052563	0.33876	0.0899176	0.910082	0.179835	1.82016	0.9997912
4325	1	-1815.994	-1815.589	-0.4051825	0.321275	0.0929471	0.907053	0.185894	1.81411	0.9997174
4326	0	-1817.131	-1816.726	-0.4049293	0.302499	0.0955779	0.904422	0.191156	1.80884	0.9994644
4327	1	-1817.206	-1816.801	-0.4050286	0.294154	0.0995912	0.900409	0.199182	1.80082	0.9995636
4328	0	-1816.064	-1815.659	-0.405019	0.339869	0.0932803	0.90672	0.186561	1.81344	0.999554
4329	1	-1816.692	-1816.286	-0.4050676	0.346883	0.0995879	0.900412	0.199176	1.80082	0.9996026
4330	0	-1818.455	-1818.052	-0.4034728	0.327574	0.0998279	0.900172	0.199656	1.80034	0.9980097
4331	1	-1816.414	-1816.008	-0.40531	0.298418	0.103208	0.896792	0.206416	1.79358	0.9998449
4332	0	-1817.046	-1816.642	-0.4044177	0.325596	0.10177	0.89823	0.20354	1.79646	0.9989531
4333	1	-1815.432	-1815.026	-0.405432	0.313797	0.10296	0.89704	0.20592	1.79408	0.9999669
4334	0	-1816.096	-1815.691	-0.4047219	0.327654	0.0988046	0.901195	0.197609	1.80239	0.9992571
4335	1	-1815.398	-1814.993	-0.405432	0.336539	0.0925233	0.907477	0.185047	1.81495	0.9999669
4336	0	-1816.145	-1815.74	-0.4048745	0.317804	0.101682	0.898318	0.203364	1.79664	0.9994095
4337	1	-1818.169	-1817.765	-0.4036028	0.318007	0.0991058	0.900894	0.198212	1.80179	0.9981394
4338	0	-1816.038	-1815.632	-0.4052697	0.347262	0.092684	0.907316	0.185368	1.81463	0.9998046
4339	1	-1817.541	-1817.136	-0.4047817	0.319165	0.09106	0.90894	0.18212	1.81788	0.9993168
4340	0	-1815.366	-1814.961	-0.4052474	0.338356	0.0968027	0.903197	0.193605	1.80639	0.9997823
4341	1	-1816.21	-1815.805	-0.404707	0.317651	0.0996183	0.900382	0.199237	1.80076	0.9992421
4342	0	-1814.958	-1814.553	-0.4053442	0.325978	0.0988579	0.901142	0.197716	1.80228	0.9998791
4343	1	-1816.244	-1815.838	-0.4052567	0.343771	0.0911151	0.908885	0.18223	1.81777	0.9997916
4344	0	-1816.876	-1816.471	-0.4050335	0.299037	0.0977015	0.902299	0.195403	1.8046	0.9995685
4345	1	-1815.106	-1814.7	-0.4052567	0.330122	0.0966853	0.903315	0.193371	1.80663	0.9997916
4346	0	-1815.071	-1814.666	-0.4054641	0.33264	0.0936419	0.906358	0.187284	1.81272	0.999999
4347	1	-1817.273	-1816.868	-0.4050815	0.319618	0.106749	0.893251	0.213497	1.7865	0.9996164
4348	0	-1816.593	-1816.188	-0.4048613	0.306028	0.0973294	0.902671	0.194659	1.80534	0.9993964
4349	1	-1815.366	-1814.961	-0.4051549	0.322342	0.0998018	0.900198	0.199604	1.8004	0.9996899
4350	0	-1815.511	-1815.105	-0.4053122	0.339369	0.0989551	0.901045	0.19791	1.80209	0.9998471
4351	1	-1815.252	-1814.846	-0.4053779	0.326739	0.101335	0.898665	0.20267	1.79733	0.9999128
4352	0	-1815.754	-1815.35	-0.4049605	0.319934	0.100064	0.899936	0.200127	1.79987	0.9994955
4353	1	-1815.964	-1815.559	-0.4054541	0.351348	0.0968663	0.903134	0.193733	1.80627	0.999989
4354	0	-1819.614	-1819.209	-0.4049605	0.326907	0.0861713	0.913829	0.172343	1.82766	0.9994955
4355	1	-1820.012	-1819.607	-0.4051473	0.326914	0.111416	0.888584	0.222832	1.77717	0.9996822
4356	0	-1817.392	-1816.988	-0.4041784	0.311621	0.0979115	0.902088	0.195823	1.80418	0.9987142
4357	1	-1817.285	-1816.88	-0.4050103	0.293286	0.100672	0.899328	0.201343	1.79866	0.9995453
4358	0	-1815.905	-1815.5	-0.4048826	0.332734	0.0985193	0.901481	0.197039	1.80296	0.9994177
4359	1	-1815.286	-1814.881	-0.4051544	0.328356	0.0981822	0.901818	0.196364	1.80364	0.9996893
4360	0	-1816.209	-1815.804	-0.405095	0.307303	0.102815	0.897185	0.20563	1.79437	0.99963
4361	1	-1818.96	-1818.556	-0.403967	0.340938	0.0897682	0.910232	0.179536	1.82046	0.998503
4362	0	-1817.95	-1817.545	-0.4049929	0.289156	0.0990095	0.900991	0.198019	1.80198	0.9995279
4363	1	-1818.685	-1818.28	-0.4051355	0.330656	0.108622	0.891378	0.217244	1.78276	0.9996705
4364	0	-1815.398	-1814.993	-0.4053107	0.341165	0.0950558	0.904944	0.190112	1.80989	0.9998456
4365	1	-1818.001	-1817.597	-0.4037268	0.329193	0.0948955	0.905105	0.189791	1.81021	0.9982632
4366	0	-1819.121	-1818.718	-0.4034931	0.304443	0.101859	0.898141	0.203718	1.79628	0.9980299
4367	1	-1815.076	-1814.671	-0.4052739	0.321368	0.0976279	0.902372	0.195256	1.80474	0.9998088
4368	0	-1817.867	-1817.463	-0.4040698	0.307316	0.0978344	0.902166	0.195669	1.80433	0.9986057
4369	1	-1820.233	-1819.829	-0.404053	0.291263	0.107714	0.892286	0.215427	1.78457	0.9985888
4370	0	-1816.531	-1816.126	-0.4047247	0.32935	0.101426	0.898574	0.202853	1.79715	0.9992599
4371	1	-1819.118	-1818.715	-0.4035316	0.33837	0.0915104	0.90849	0.183021	1.81698	0.9980683
4372	0	-1816.347	-1815.942	-0.4049003	0.339008	0.0996338	0.900366	0.199268	1.80073	0.9994353
4373	1	-1817.081	-1816.677	-0.404203	0.321444	0.0963505	0.90365	0.192701	1.8073	0.9987387
4374	0	-1818.957	-1818.552	-0.4047419	0.302308	0.109278	0.890722	0.218556	1.78144	0.9992771
4375	1	-1818.501	-1818.095	-0.4050543	0.286443	0.106269	0.893731	0.212538	1.78746	0.9995893
4376	0	-1815.94	-1815.535	-0.4049939	0.3345	0.0936028	0.906397	0.187206	1.81279	0.9995289
4377	1	-1815.456	-1815.05	-0.4050543	0.328327	0.0966761	0.903324	0.193352	1.80665	0.9995893
4378	0	-1816.44	-1816.035	-0.4046513	0.319336	0.101067	0.898933	0.202134	1.79787	0.9991866
4379	1	-1817.992	-1817.587	-0.4046603	0.294984	0.104091	0.895909	0.208182	1.79182	0.9991955
4380	0	-1817.743	-1817.338	-0.4051451	0.289773	0.104966	0.895034	0.209931	1.79007	0.99968
4381	1	-1816.252	-1815.847	-0.4046144	0.327174	0.0965487	0.903451	0.193097	1.8069	0.9991497
4382	0	-1815.497	-1815.092	-0.4051451	0.332269	0.0945459	0.905454	0.189092	1.81091	0.99968
4383	1	-1815.3	-1814.895	-0.405269	0.326098	0.0945644	0.905436	0.189129	1.81087	0.9998039
4384	0	-1815.268	-1814.862	-0.4053212	0.312654	0.0980757	0.901924	0.196151	1.80385	0.9998561
4385	1	-1817.003	-1816.598	-0.4048837	0.30015	0.0979144	0.902086	0.195829	1.80417	0.9994187
4386	0	-1817.663	-1817.259	-0.404432	0.350628	0.096062	0.903938	0.192124	1.80788	0.9989674
4387	1	-1820.342	-1819.937	-0.4049291	0.360205	0.103653	0.896347	0.207307	1.79269	0.9994642
4388	0	-1815.265	-1814.86	-0.4051507	0.327377	0.0975652	0.902435	0.19513	1.80487	0.9996856
4389	1	-1816.291	-1815.885	-0.4050447	0.346413	0.0972757	0.902724	0.194551	1.80545	0.9995797
4390	0	-1815.661	-1815.256	-0.4051507	0.332217	0.0935078	0.906492	0.187016	1.81298	0.9996856
4391	1	-1815.154	-1814.749	-0.405266	0.319064	0.0973422	0.902658	0.194684	1.80532	0.999801
4392	0	-1816.446	-1816.041	-0.4046159	0.31444	0.0991226	0.900877	0.198245	1.80175	0.9991512
4393	1	-1815.571	-1815.166	-0.405182	0.314921	0.0962883	0.903712	0.192577	1.80742	0.9997169
4394	0	-1815.969	-1815.564	-0.4049451	0.316109	0.0960837	0.903916	0.192167	1.80783	0.9994801
4395	1	-1818.007	-1817.602	-0.4052586	0.284997	0.0994003	0.9006	0.198801	1.8012	0.9997935
4396	0	-1817.799	-1817.394	-0.4049451	0.297032	0.0953366	0.904663	0.190673	1.80933	0.9994801
4397	1	-1819.1	-1818.697	-0.4030259	0.323977	0.0978617	0.902138	0.195723	1.80428	0.9975637
4398	0	-1815.786	-1815.381	-0.4049451	0.334348	0.095615	0.904385	0.19123	1.80877	0.9994801
4399	1	-1821.198	-1820.795	-0.402618	0.311581	0.0931263	0.906874	0.186253	1.81375	0.9971569
4400	0	-1816.492	-1816.087	-0.405321	0.301065	0.104749	0.895251	0.209498	1.7905	0.9998559
4401	1	-1818.118	-1817.715	-0.4037613	0.320327	0.101532	0.898468	0.203064	1.79694	0.9982976
4402	0	-1817.245	-1816.841	-0.4042759	0.332728	0.100279	0.899721	0.200558	1.79944	0.9988115
4403	1	-1815.485	-1815.08	-0.4051836	0.328592	0.100435	0.899565	0.200869	1.79913	0.9997186
4404	0	-1818.717	-1818.314	-0.4034936	0.324618	0.101884	0.898116	0.203768	1.79623	0.9980304
4405	1	-1816.925	-1816.52	-0.4050755	0.297057	0.103051	0.896949	0.206102	1.7939	0.9996105
4406	0	-1818.967	-1818.563	-0.4034936	0.305177	0.0998682	0.900132	0.199736	1.80026	0.9980304
4407	1	-1819.092	-1818.686	-0.4050755	0.291604	0.109819	0.890181	0.219637	1.78036	0.9996105
4408	0	-1816.298	-1815.894	-0.4048192	0.315444	0.0956443	0.904356	0.191289	1.80871	0.9993543
4409	1	-1815.182	-1814.776	-0.4053384	0.320067	0.100956	0.899044	0.201912	1.79809	0.9998733
4410	0	-1818.267	-1817.862	-0.405187	0.332373	0.087085	0.912915	0.17417	1.82583	0.999722
4411	1	-1816.559	-1816.155	-0.4044752	0.327826	0.0989977	0.901002	0.197995	1.802	0.9990106
4412	0	-1815.221	-1814.816	-0.4053164	0.335613	0.0983605	0.90164	0.196721	1.80328	0.9998513
4413	1	-1816.994	-1816.589	-0.4046762	0.323461	0.103598	0.896402	0.207197	1.7928	0.9992114
4414	0	-1816.048	-1815.643	-0.4050497	0.344377	0.0949336	0.905066	0.189867	1.81013	0.9995846
4415	1	-1816.598	-1816.193	-0.4047503	0.324295	0.0931412	0.906859	0.186282	1.81372	0.9992855
4416	0	-1815.387	-1814.981	-0.4053689	0.309404	0.100925	0.899075	0.201851	1.79815	0.9999038
4417	1	-1816.23	-1815.825	-0.4047503	0.33748	0.0956103	0.90439	0.191221	1.80878	0.9992855
4418	0	-1816.036	-1815.631	-0.4053689	0.299517	0.101034	0.898966	0.202068	1.79793	0.9999038
4419	1	-1817.248	-1816.844	-0.4042978	0.33939	0.0982813	0.901719	0.196563	1.80344	0.9988334
4420	0	-1816.38	-1815.975	-0.4046206	0.334884	0.0956969	0.904303	0.191394	1.80861	0.9991558
4421	1	-1816.764	-1816.359	-0.4052003	0.336609	0.103663	0.896337	0.207325	1.79267	0.9997352
4422	0	-1816.15	-1815.745	-0.4048633	0.340483	0.0957302	0.90427	0.19146	1.80854	0.9993984
4423	1	-1815.941	-1815.536	-0.4054414	0.315768	0.0926639	0.907336	0.185328	1.81467	0.9999763
4424	0	-1817.634	-1817.229	-0.4048618	0.358417	0.0937224	0.906278	0.187445	1.81256	0.9993969
4425	1	-1818.514	-1818.109	-0.4054414	0.286156	0.0952966	0.904703	0.190593	1.80941	0.9999763
4426	0	-1815.522	-1815.116	-0.4052536	0.340364	0.0977106	0.902289	0.195421	1.80458	0.9997885
4427	1	-1815.224	-1814.819	-0.4054414	0.315395	0.0953956	0.904604	0.190791	1.80921	0.9999763
4428	0	-1815.358	-1814.953	-0.4052474	0.32974	0.100153	0.899847	0.200306	1.79969	0.9997823
4429	1	-1816.245	-1815.84	-0.4048964	0.337364	0.0996049	0.900395	0.19921	1.80079	0.9994314
4430	0	-1817.719	-1817.315	-0.4038165	0.322012	0.0969799	0.90302	0.19396	1.80604	0.9983527
4431	1	-1815.915	-1815.509	-0.4054351	0.320243	0.104762	0.895238	0.209524	1.79048	0.99997
4432	0	-1818.634	-1818.229	-0.4045819	0.288661	0.100232	0.899768	0.200465	1.79954	0.9991172
4433	1	-1817.38	-1816.976	-0.4043978	0.304596	0.10031	0.89969	0.20062	1.79938	0.9989333
4434	0	-1814.888	-1814.482	-0.4053937	0.320718	0.0990097	0.90099	0.198019	1.80198	0.9999286
4435	1	-1817.296	-1816.891	-0.4043978	0.315279	0.103053	0.896947	0.206105	1.79389	0.9989333
4436	0	-1815.505	-1815.1	-0.4053937	0.344647	0.0939732	0.906027	0.187946	1.81205	0.9999286
4437	1	-1816.705	-1816.3	-0.4043601	0.324866	0.0984645	0.901536	0.196929	1.80307	0.9988956
4438	0	-1815.114	-1814.709	-0.4053937	0.337433	0.0977816	0.902218	0.195563	1.80444	0.9999286
4439	1	-1818.47	-1818.066	-0.403835	0.303515	0.100143	0.899857	0.200285	1.79971	0.9983713
4440	0	-1817.965	-1817.56	-0.4050096	0.33831	0.0878727	0.912127	0.175745	1.82425	0.9995446
4441	1	-1817.958	-1817.554	-0.4037363	0.334991	0.0963367	0.903663	0.192673	1.80733	0.9982726
4442	0	-1816.168	-1815.763	-0.4049021	0.324607	0.0937158	0.906284	0.187432	1.81257	0.9994371
4443	1	-1817.792	-1817.388	-0.4039818	0.340569	0.0946847	0.905315	0.189369	1.81063	0.9985178
4444	0	-1818.353	-1817.949	-0.4037096	0.318604	0.0945702	0.90543	0.18914	1.81086	0.998246
4445	1	-1816.636	-1816.231	-0.4049099	0.34406	0.0921013	0.907899	0.184203	1.8158	0.9994449
4446	0	-1817.195	-1816.79	-0.4046808	0.328319	0.0912836	0.908716	0.182567	1.81743	0.999216
4447	1	-1816.355	-1815.949	-0.40531	0.350578	0.0916478	0.908352	0.183296	1.8167	0.9998449
4448	0	-1815.502	-1815.097	-0.4050484	0.32526	0.0990679	0.900932	0.198136	1.80186	0.9995834
4449	1	-1815.468	-1815.063	-0.4054124	0.305722	0.0999378	0.900062	0.199876	1.80012	0.9999472
4450	0	-1817.741	-1817.336	-0.4051798	0.35553	0.100331	0.899669	0.200661	1.79934	0.9997148
4451	1	-1815.873	-1815.468	-0.4054124	0.306953	0.10397	0.89603	0.20794	1.79206	0.9999472
4452	0	-1816.543	-1816.138	-0.4051798	0.308105	0.105137	0.894863	0.210274	1.78973	0.9997148
4453	1	-1815.763	-1815.358	-0.4054124	0.322014	0.0922727	0.907727	0.184545	1.81545	0.9999472
4454	0	-1816.374	-1815.968	-0.4054423	0.303916	0.105708	0.894292	0.211415	1.78858	0.9999772
4455	1	-1818.328	-1817.924	-0.4040787	0.306297	0.104078	0.895922	0.208156	1.79184	0.9986146
4456	0	-1818.866	-1818.462	-0.4032517	0.316217	0.09954	0.90046	0.19908	1.80092	0.9977891
4457	1	-1815.784	-1815.379	-0.4049806	0.335485	0.0979496	0.90205	0.195899	1.8041	0.9995156
4458	0	-1819.431	-1819.027	-0.4037088	0.295738	0.099367	0.900633	0.198734	1.80127	0.9982452
4459	1	-1816.378	-1815.973	-0.4051627	0.33705	0.0908302	0.90917	0.18166	1.81834	0.9996976
4460	0	-1817.159	-1816.755	-0.4042496	0.337217	0.0976815	0.902319	0.195363	1.80464	0.9987852
4461	1	-1817.882	-1817.478	-0.4040053	0.335246	0.100393	0.899607	0.200785	1.79921	0.9985412
4462	0	-1816.176	-1815.771	-0.4051427	0.342228	0.0997731	0.900227	0.199546	1.80045	0.9996777
4463	1	-1814.9	-1814.494	-0.4053986	0.325877	0.095811	0.904189	0.191622	1.80838	0.9999335
4464	0	-1817.425	-1817.02	-0.4054087	0.328467	0.107465	0.892535	0.21493	1.78507	0.9999436
4465	1	-1815.791	-1815.385	-0.4053986	0.327898	0.103426	0.896574	0.206852	1.79315	0.9999335
4466	0	-1815.928	-1815.523	-0.4054087	0.348085	0.0921364	0.907864	0.184273	1.81573	0.9999436
4467	1	-1814.85	-1814.445	-0.4053986	0.329854	0.0977022	0.902298	0.195404	1.8046	0.9999335
4468	0	-1815.03	-1814.625	-0.4054087	0.314084	0.098519	0.901481	0.197038	1.80296	0.9999436
4469	1	-1814.958	-1814.553	-0.4053986	0.319231	0.0999109	0.900089	0.199822	1.80018	0.9999335
4470	0	-1815.58	-1815.174	-0.4053683	0.312633	0.103013	0.896987	0.206027	1.79397	0.9999032
4471	1	-1815.153	-1814.747	-0.40531	0.321768	0.100386	0.899614	0.200772	1.79923	0.9998449
4472	0	-1815.835	-1815.43	-0.4051904	0.344464	0.0942933	0.905707	0.188587	1.81141	0.9997253
4473	1	-1815.646	-1815.24	-0.4054334	0.309629	0.0952779	0.904722	0.190556	1.80944	0.9999683
4474	0	-1815.689	-1815.284	-0.4051904	0.308579	0.0993749	0.900625	0.19875	1.80125	0.9997253
4475	1	-1815.528	-1815.122	-0.4050619	0.331915	0.098164	0.901836	0.196328	1.80367	0.9995969
4476	0	-1815.306	-1814.9	-0.405397	0.309883	0.0977788	0.902221	0.195558	1.80444	0.9999319
4477	1	-1814.988	-1814.582	-0.4054196	0.315155	0.0995842	0.900416	0.199168	1.80083	0.9999545
4478	0	-1816.631	-1816.226	-0.4052541	0.296098	0.102539	0.897461	0.205078	1.79492	0.999789
4479	1	-1815.192	-1814.787	-0.4054196	0.336763	0.093701	0.906299	0.187402	1.8126	0.9999545
4480	0	-1817.145	-1816.739	-0.4052541	0.330435	0.105972	0.894028	0.211944	1.78806	0.999789
4481	1	-1817.252	-1816.847	-0.4054196	0.316319	0.108292	0.891708	0.216584	1.78342	0.9999545
4482	0	-1814.854	-1814.449	-0.4053968	0.327986	0.096315	0.903685	0.19263	1.80737	0.9999316
4483	1	-1816.351	-1815.945	-0.4054196	0.301099	0.104918	0.895082	0.209836	1.79016	0.9999545
4484	0	-1820.858	-1820.452	-0.4053284	0.267871	0.107803	0.892197	0.215607	1.78439	0.9998633
4485	1	-1817.108	-1816.703	-0.4051025	0.331109	0.0943757	0.905624	0.188751	1.81125	0.9996375
4486	0	-1816.54	-1816.135	-0.4053284	0.303342	0.105477	0.894523	0.210953	1.78905	0.9998633
4487	1	-1815.316	-1814.91	-0.4053184	0.311483	0.0997666	0.900233	0.199533	1.80047	0.9998533
4488	0	-1816.515	-1816.11	-0.4045675	0.322524	0.100549	0.899451	0.201098	1.7989	0.9991028
4489	1	-1815.915	-1815.51	-0.4053288	0.323519	0.10392	0.89608	0.207839	1.79216	0.9998637
4490	0	-1815.173	-1814.767	-0.4052544	0.326058	0.0994532	0.900547	0.198906	1.80109	0.9997894
4491	1	-1818.069	-1817.665	-0.4044603	0.327096	0.0902263	0.909774	0.180453	1.81955	0.9989957
4492	0	-1817.845	-1817.44	-0.4044859	0.301407	0.0964394	0.903561	0.192879	1.80712	0.9990213
4493	1	-1817.381	-1816.977	-0.4046191	0.350999	0.0933869	0.906613	0.186774	1.81323	0.9991543
4494	0	-1816.633	-1816.228	-0.4053364	0.345919	0.101475	0.898525	0.202951	1.79705	0.9998713
4495	1	-1815.467	-1815.062	-0.4051674	0.324077	0.100695	0.899305	0.20139	1.79861	0.9997023
4496	0	-1815.454	-1815.049	-0.4051855	0.32886	0.0943488	0.905651	0.188698	1.8113	0.9997204
4497	1	-1815.73	-1815.325	-0.4051674	0.324746	0.093531	0.906469	0.187062	1.81294	0.9997023
4498	0	-1816.348	-1815.943	-0.4052915	0.300595	0.103581	0.896419	0.207162	1.79284	0.9998264
4499	1	-1815.788	-1815.382	-0.4051674	0.332025	0.101169	0.898831	0.202338	1.79766	0.9997023
4500	0	-1816.641	-1816.236	-0.4046709	0.342936	0.0951259	0.904874	0.190252	1.80975	0.9992061
4501	1	-1816.229	-1815.823	-0.4051479	0.345861	0.0984969	0.901503	0.196994	1.80301	0.9996828
4502	0	-1815.263	-1814.858	-0.405384	0.315604	0.101739	0.898261	0.203477	1.79652	0.9999189
4503	1	-1816.43	-1816.025	-0.4051479	0.299522	0.100896	0.899104	0.201791	1.79821	0.9996828
4504	0	-1815.602	-1815.197	-0.4049675	0.32388	0.0982051	0.901795	0.19641	1.80359	0.9995025
4505	1	-1816.702	-1816.296	-0.4053706	0.313079	0.10686	0.89314	0.213721	1.78628	0.9999055
4506	0	-1816.033	-1815.628	-0.4052287	0.331188	0.102697	0.897303	0.205394	1.79461	0.9997636
4507	1	-1815.143	-1814.738	-0.4053706	0.316767	0.0962921	0.903708	0.192584	1.80742	0.9999055
4508	0	-1815.753	-1815.347	-0.4052287	0.328554	0.102103	0.897897	0.204205	1.79579	0.9997636
4509	1	-1815.438	-1815.033	-0.4053706	0.343519	0.0967516	0.903248	0.193503	1.8065	0.9999055
4510	0	-1817.297	-1816.892	-0.4046388	0.343796	0.0913434	0.908657	0.182687	1.81731	0.9991741
4511	1	-1818.628	-1818.223	-0.4043364	0.309005	0.0923479	0.907652	0.184696	1.8153	0.9988719
4512	0	-1817.857	-1817.454	-0.40381	0.315571	0.0989106	0.901089	0.197821	1.80218	0.9983462
4513	1	-1817.605	-1817.2	-0.4048053	0.293858	0.100259	0.899741	0.200517	1.79948	0.9993404
4514	0	-1816.314	-1815.909	-0.4045946	0.321064	0.0974074	0.902593	0.194815	1.80519	0.9991298
4515	1	-1816.549	-1816.145	-0.4044686	0.320231	0.0976927	0.902307	0.195385	1.80461	0.999004
4516	0	-1815.111	-1814.706	-0.4052726	0.3321	0.0965513	0.903449	0.193103	1.8069	0.9998075
4517	1	-1816.73	-1816.325	-0.4046822	0.344795	0.0958491	0.904151	0.191698	1.8083	0.9992174
4518	0	-1815.634	-1815.229	-0.405426	0.33165	0.102465	0.897535	0.20493	1.79507	0.9999609
4519	1	-1816.07	-1815.665	-0.4048704	0.324111	0.101099	0.898901	0.202199	1.7978	0.9994054
4520	0	-1817.534	-1817.129	-0.404567	0.325327	0.104488	0.895512	0.208977	1.79102	0.9991023
4521	1	-1818.486	-1818.081	-0.4051807	0.281423	0.102907	0.897093	0.205814	1.79419	0.9997156
4522	0	-1815.349	-1814.943	-0.4054081	0.337384	0.0997444	0.900256	0.199489	1.80051	0.999943
4523	1	-1815.891	-1815.485	-0.4053136	0.342148	0.0999047	0.900095	0.199809	1.80019	0.9998485
4524	0	-1814.988	-1814.582	-0.4054081	0.316317	0.0974027	0.902597	0.194805	1.80519	0.999943
4525	1	-1815.203	-1814.797	-0.4053136	0.337362	0.0968299	0.90317	0.19366	1.80634	0.9998485
4526	0	-1815.903	-1815.498	-0.4053093	0.317257	0.104086	0.895914	0.208171	1.79183	0.9998442
4527	1	-1815.126	-1814.721	-0.4053617	0.323261	0.0949636	0.905036	0.189927	1.81007	0.9998966
4528	0	-1815.639	-1815.234	-0.4050351	0.334839	0.0955597	0.90444	0.191119	1.80888	0.9995701
4529	1	-1815.266	-1814.86	-0.4053617	0.310999	0.0999375	0.900062	0.199875	1.80012	0.9998966
4530	0	-1817.413	-1817.009	-0.4045393	0.30081	0.100494	0.899506	0.200989	1.79901	0.9990746
4531	1	-1815.758	-1815.353	-0.4049226	0.321632	0.0994759	0.900524	0.198952	1.80105	0.9994576
4532	0	-1817.186	-1816.782	-0.4047232	0.318681	0.0922769	0.907723	0.184554	1.81545	0.9992583
4533	1	-1816.6	-1816.195	-0.4048346	0.318692	0.0934575	0.906543	0.186915	1.81309	0.9993697
4534	0	-1816.134	-1815.73	-0.4047133	0.319821	0.0972697	0.90273	0.194539	1.80546	0.9992485
4535	1	-1816.755	-1816.35	-0.4050835	0.346683	0.100047	0.899953	0.200094	1.79991	0.9996184
4536	0	-1815.288	-1814.882	-0.405449	0.31102	0.0964958	0.903504	0.192992	1.80701	0.9999839
4537	1	-1817.419	-1817.015	-0.4040361	0.320925	0.0961321	0.903868	0.192264	1.80774	0.998572
4538	0	-1815.168	-1814.762	-0.405449	0.315686	0.101881	0.898119	0.203761	1.79624	0.9999839
4539	1	-1819.623	-1819.22	-0.4028015	0.332023	0.095485	0.904515	0.19097	1.80903	0.9973399
4540	0	-1815.697	-1815.292	-0.4054461	0.332682	0.0913725	0.908627	0.182745	1.81725	0.999981
4541	1	-1815.285	-1814.88	-0.4051939	0.318129	0.0980782	0.901922	0.196156	1.80384	0.9997289
4542	0	-1814.761	-1814.355	-0.4054461	0.327389	0.0984183	0.901582	0.196837	1.80316	0.999981
4543	1	-1816.254	-1815.849	-0.4049278	0.324176	0.0932414	0.906759	0.186483	1.81352	0.9994628
4544	0	-1816.248	-1815.843	-0.4054461	0.350587	0.0989218	0.901078	0.197844	1.80216	0.999981
4545	1	-1818.234	-1817.83	-0.4039609	0.30961	0.0955957	0.904404	0.191191	1.80881	0.9984969
4546	0	-1816.662	-1816.257	-0.4049807	0.331235	0.0910753	0.908925	0.182151	1.81785	0.9995157
4547	1	-1817.248	-1816.843	-0.4049776	0.356722	0.0949431	0.905057	0.189886	1.81011	0.9995126
4548	0	-1817.07	-1816.666	-0.4045821	0.345262	0.0933601	0.90664	0.18672	1.81328	0.9991173
4549	1	-1815.95	-1815.545	-0.4049776	0.322267	0.0944178	0.905582	0.188836	1.81116	0.9995126
4550	0	-1815.147	-1814.742	-0.4054068	0.338347	0.0945624	0.905438	0.189125	1.81088	0.9999417
4551	1	-1818.022	-1817.617	-0.4047033	0.295631	0.104977	0.895023	0.209953	1.79005	0.9992384
4552	0	-1817.245	-1816.84	-0.4049305	0.347383	0.0901967	0.909803	0.180393	1.81961	0.9994655
4553	1	-1817.855	-1817.45	-0.4046465	0.310726	0.0924704	0.90753	0.184941	1.81506	0.9991817
4554	0	-1815.597	-1815.192	-0.4050406	0.31829	0.0971389	0.902861	0.194278	1.80572	0.9995756
4555	1	-1816.723	-1816.319	-0.4047186	0.327164	0.102498	0.897502	0.204996	1.795	0.9992538
4556	0	-1817.198	-1816.794	-0.4044357	0.30859	0.101817	0.898183	0.203634	1.79637	0.9989711
4557	1	-1815.917	-1815.512	-0.4052331	0.334775	0.101583	0.898417	0.203165	1.79683	0.9997681
4558	0	-1818.258	-1817.853	-0.4049309	0.364084	0.0946128	0.905387	0.189226	1.81077	0.9994659
4559	1	-1818.467	-1818.062	-0.4048018	0.287349	0.0996306	0.900369	0.199261	1.80074	0.9993369
4560	0	-1816.307	-1815.902	-0.4046845	0.316105	0.0999374	0.900063	0.199875	1.80013	0.9992197
4561	1	-1816.271	-1815.866	-0.4047243	0.317357	0.100611	0.899389	0.201222	1.79878	0.9992594
4562	0	-1816.687	-1816.283	-0.4046845	0.328256	0.101959	0.898041	0.203918	1.79608	0.9992197
4563	1	-1818.073	-1817.669	-0.4040292	0.310955	0.0953043	0.904696	0.190609	1.80939	0.9985651
4564	0	-1816.396	-1815.992	-0.4047376	0.325186	0.0939518	0.906048	0.187904	1.8121	0.9992728
4565	1	-1817.291	-1816.886	-0.4046485	0.342741	0.100531	0.899469	0.201062	1.79894	0.9991837
4566	0	-1819.468	-1819.063	-0.4051462	0.287033	0.093902	0.906098	0.187804	1.8122	0.9996811
4567	1	-1816.509	-1816.104	-0.405454	0.299428	0.105437	0.894563	0.210874	1.78913	0.9999889
4568	0	-1815.481	-1815.076	-0.4050992	0.333554	0.097686	0.902314	0.195372	1.80463	0.9996341
4569	1	-1815.831	-1815.426	-0.4052086	0.345079	0.0966015	0.903398	0.193203	1.8068	0.9997435
4570	0	-1815.908	-1815.503	-0.4051859	0.345922	0.0947181	0.905282	0.189436	1.81056	0.9997208
4571	1	-1815.656	-1815.25	-0.4051758	0.329646	0.101086	0.898914	0.202173	1.79783	0.9997108
4572	0	-1815.978	-1815.573	-0.4053095	0.347595	0.0977611	0.902239	0.195522	1.80448	0.9998444
4573	1	-1816.982	-1816.577	-0.4046371	0.306957	0.0969177	0.903082	0.193835	1.80616	0.9991724
4574	0	-1818.232	-1817.827	-0.404664	0.296464	0.105864	0.894136	0.211729	1.78827	0.9991992
4575	1	-1819.325	-1818.921	-0.4044046	0.286694	0.0992307	0.900769	0.198461	1.80154	0.99894
4576	0	-1817.557	-1817.152	-0.4051092	0.361312	0.0946348	0.905365	0.18927	1.81073	0.9996441
4577	1	-1816.38	-1815.975	-0.4046779	0.332456	0.0994973	0.900503	0.198995	1.80101	0.9992131
4578	0	-1815.981	-1815.575	-0.4053778	0.316216	0.104781	0.895219	0.209562	1.79044	0.9999127
4579	1	-1815.699	-1815.294	-0.4051113	0.323443	0.0942834	0.905717	0.188567	1.81143	0.9996463
4580	0	-1815.813	-1815.408	-0.4048773	0.330795	0.0978325	0.902168	0.195665	1.80434	0.9994124
4581	1	-1815.057	-1814.652	-0.4052756	0.32761	0.0966046	0.903395	0.193209	1.80679	0.9998105
4582	0	-1815.546	-1815.141	-0.4053106	0.334874	0.100583	0.899417	0.201166	1.79883	0.9998456
4583	1	-1815.234	-1814.829	-0.405417	0.309516	0.0998104	0.90019	0.199621	1.80038	0.9999519
4584	0	-1818.348	-1817.943	-0.4048819	0.300953	0.0928127	0.907187	0.185625	1.81437	0.9994169
4585	1	-1816.124	-1815.718	-0.4054391	0.329963	0.0904128	0.909587	0.180826	1.81917	0.999974
4586	0	-1815.113	-1814.708	-0.405356	0.337114	0.0967333	0.903267	0.193467	1.80653	0.9998909
4587	1	-1815.663	-1815.258	-0.4049948	0.317472	0.0980851	0.901915	0.19617	1.80383	0.9995298
4588	0	-1816.137	-1815.732	-0.4052628	0.300854	0.101403	0.898597	0.202806	1.79719	0.9997977
4589	1	-1819.33	-1818.926	-0.4048717	0.291179	0.109403	0.890597	0.218805	1.78119	0.9994067
4590	0	-1815.863	-1815.459	-0.4048184	0.326145	0.0971468	0.902853	0.194294	1.80571	0.9993535
4591	1	-1816.039	-1815.634	-0.4048717	0.318356	0.100989	0.899011	0.201977	1.79802	0.9994067
4592	0	-1817.283	-1816.877	-0.4053047	0.323941	0.107321	0.892679	0.214642	1.78536	0.9998396
4593	1	-1817.579	-1817.174	-0.4048717	0.295125	0.0978754	0.902125	0.195751	1.80425	0.9994067
4594	0	-1816.678	-1816.274	-0.4043688	0.326151	0.0980677	0.901932	0.196135	1.80386	0.9989043
4595	1	-1816.411	-1816.006	-0.4049701	0.315139	0.0940032	0.905997	0.188006	1.81199	0.9995051
4596	0	-1816.174	-1815.769	-0.4054441	0.309187	0.105596	0.894404	0.211192	1.78881	0.999979
4597	1	-1817.298	-1816.893	-0.4049701	0.328549	0.105396	0.894604	0.210792	1.78921	0.9995051
4598	0	-1817.962	-1817.558	-0.4037911	0.314194	0.0997145	0.900286	0.199429	1.80057	0.9983274
4599	1	-1815.477	-1815.072	-0.4051329	0.327995	0.0948467	0.905153	0.189693	1.81031	0.9996678
4600	0	-1819.178	-1818.775	-0.4029811	0.325617	0.0978862	0.902114	0.195772	1.80423	0.9975191
4601	1	-1815.095	-1814.689	-0.405259	0.321777	0.0982791	0.901721	0.196558	1.80344	0.999794
4602	0	-1818.328	-1817.925	-0.4034996	0.330922	0.0957668	0.904233	0.191534	1.80847	0.9980364
4603	1	-1815.294	-1814.889	-0.405259	0.337345	0.0964996	0.9035	0.192999	1.807	0.999794
4604	0	-1816.858	-1816.453	-0.4046187	0.344289	0.0968917	0.903108	0.193783	1.80622	0.999154
4605	1	-1815.07	-1814.665	-0.405259	0.326948	0.0971314	0.902869	0.194263	1.80574	0.999794
4606	0	-1819.648	-1819.244	-0.4045449	0.327807	0.0870894	0.912911	0.174179	1.82582	0.9990802
4607	1	-1815.222	-1814.817	-0.4053621	0.327053	0.100997	0.899003	0.201994	1.79801	0.999897
4608	0	-1816.34	-1815.935	-0.4049201	0.308538	0.0970038	0.902996	0.194008	1.80599	0.9994551
4609	1	-1815.248	-1814.842	-0.4053621	0.325646	0.101302	0.898698	0.202604	1.7974	0.999897
4610	0	-1815.027	-1814.621	-0.405413	0.336041	0.0950213	0.904979	0.190043	1.80996	0.9999479
4611	1	-1816.575	-1816.169	-0.4053621	0.354364	0.0976109	0.902389	0.195222	1.80478	0.999897
4612	0	-1815.381	-1814.975	-0.4051911	0.333538	0.0985481	0.901452	0.197096	1.8029	0.9997261
4613	1	-1818.827	-1818.423	-0.4044399	0.309869	0.0913031	0.908697	0.182606	1.81739	0.9989753
4614	0	-1818.715	-1818.311	-0.4039184	0.350092	0.0923042	0.907696	0.184608	1.81539	0.9984544
4615	1	-1820.937	-1820.534	-0.4038772	0.335306	0.107811	0.892189	0.215621	1.78438	0.9984133
4616	0	-1818.1	-1817.696	-0.4037375	0.312704	0.098971	0.901029	0.197942	1.80206	0.9982739
4617	1	-1814.897	-1814.491	-0.4054033	0.324644	0.095909	0.904091	0.191818	1.80818	0.9999382
4618	0	-1815.555	-1815.149	-0.4052483	0.337419	0.0992556	0.900744	0.198511	1.80149	0.9997832
4619	1	-1815.395	-1814.989	-0.405189	0.31484	0.0988075	0.901193	0.197615	1.80239	0.9997239
4620	0	-1818.623	-1818.219	-0.4036481	0.343843	0.0938643	0.906136	0.187729	1.81227	0.9981846
4621	1	-1815.944	-1815.539	-0.4050403	0.311928	0.101534	0.898466	0.203068	1.79693	0.9995752
4622	0	-1817.141	-1816.737	-0.4042311	0.32601	0.100419	0.899581	0.200839	1.79916	0.9987667
4623	1	-1815.665	-1815.259	-0.4050941	0.325576	0.0943466	0.905653	0.188693	1.81131	0.9996291
4624	0	-1816.738	-1816.333	-0.4048451	0.341887	0.0918276	0.908172	0.183655	1.81634	0.9993802
4625	1	-1816.249	-1815.844	-0.4052912	0.314266	0.105145	0.894855	0.210289	1.78971	0.9998261
4626	0	-1815.509	-1815.104	-0.4050282	0.324928	0.098656	0.901344	0.197312	1.80269	0.9995632
4627	1	-1816.123	-1815.717	-0.4053363	0.351521	0.0961361	0.903864	0.192272	1.80773	0.9998712
4628	0	-1817.831	-1817.426	-0.4050282	0.344097	0.103748	0.896252	0.207496	1.7925	0.9995632
4629	1	-1815.214	-1814.809	-0.4053752	0.328099	0.100928	0.899072	0.201855	1.79814	0.9999101
4630	0	-1819.064	-1818.659	-0.4047662	0.284879	0.105599	0.894401	0.211198	1.7888	0.9993013
4631	1	-1815.278	-1814.873	-0.4053752	0.318658	0.0948932	0.905107	0.189786	1.81021	0.9999101
4632	0	-1817.252	-1816.848	-0.4045987	0.346569	0.098317	0.901683	0.196634	1.80337	0.999134
4633	1	-1814.919	-1814.514	-0.4053752	0.328017	0.0959334	0.904067	0.191867	1.80813	0.9999101
4634	0	-1815.795	-1815.39	-0.4053521	0.303217	0.101254	0.898746	0.202508	1.79749	0.999887
4635	1	-1816.114	-1815.709	-0.4049189	0.310229	0.100248	0.899752	0.200495	1.7995	0.9994539
4636	0	-1816.127	-1815.722	-0.4049184	0.341569	0.0967243	0.903276	0.193449	1.80655	0.9994535
4637	1	-1815.589	-1815.184	-0.4051271	0.320993	0.101137	0.898863	0.202275	1.79773	0.9996621
4638	0	-1817.405	-1817	-0.4054113	0.348428	0.0877448	0.912255	0.17549	1.82451	0.9999462
4639	1	-1817.023	-1816.618	-0.4051271	0.306605	0.106283	0.893717	0.212566	1.78743	0.9996621
4640	0	-1815.951	-1815.546	-0.4054113	0.335751	0.10259	0.89741	0.20518	1.79482	0.9999462
4641	1	-1817.263	-1816.858	-0.4048544	0.297282	0.102673	0.897327	0.205346	1.79465	0.9993894
4642	0	-1816.941	-1816.537	-0.4042346	0.32938	0.0966737	0.903326	0.193347	1.80665	0.9987703
4643	1	-1816.427	-1816.022	-0.4046317	0.314312	0.0982917	0.901708	0.196583	1.80342	0.999167
4644	0	-1815.779	-1815.373	-0.4052911	0.346437	0.0964853	0.903515	0.192971	1.80703	0.9998261
4645	1	-1820.123	-1819.719	-0.4040745	0.331729	0.0873664	0.912634	0.174733	1.82527	0.9986104
4646	0	-1817.314	-1816.909	-0.4053413	0.360131	0.097308	0.902692	0.194616	1.80538	0.9998762
4647	1	-1816.498	-1816.094	-0.404746	0.338237	0.0991902	0.90081	0.19838	1.80162	0.9992811
4648	0	-1815.446	-1815.041	-0.4051661	0.314709	0.0983159	0.901684	0.196632	1.80337	0.999701
4649	1	-1821.057	-1820.651	-0.4051454	0.381417	0.0884586	0.911541	0.176917	1.82308	0.9996804
4650	0	-1819.529	-1819.125	-0.4045859	0.299095	0.109706	0.890294	0.219412	1.78059	0.9991211
4651	1	-1817.6	-1817.196	-0.4045646	0.298593	0.0992551	0.900745	0.19851	1.80149	0.9990999
4652	0	-1815.342	-1814.937	-0.4054003	0.309325	0.101022	0.898978	0.202045	1.79796	0.9999352
4653	1	-1815.951	-1815.547	-0.4048293	0.324707	0.0997008	0.900299	0.199402	1.8006	0.9993644
4654	0	-1814.792	-1814.387	-0.4054316	0.326648	0.0986419	0.901358	0.197284	1.80272	0.9999665
4655	1	-1818.74	-1818.335	-0.4050339	0.282416	0.104615	0.895385	0.209231	1.79077	0.9995689
4656	0	-1815.187	-1814.782	-0.4054316	0.337591	0.098948	0.901052	0.197896	1.8021	0.9999665
4657	1	-1816.952	-1816.547	-0.4052971	0.338794	0.0888336	0.911166	0.177667	1.82233	0.999832
4658	0	-1816.939	-1816.534	-0.4049063	0.30108	0.103118	0.896882	0.206235	1.79376	0.9994413
4659	1	-1816.616	-1816.21	-0.4052417	0.320845	0.105726	0.894274	0.211453	1.78855	0.9997766
4660	0	-1817.802	-1817.398	-0.4040601	0.326243	0.10218	0.89782	0.20436	1.79564	0.998596
4661	1	-1815.421	-1815.015	-0.4052417	0.328139	0.100739	0.899261	0.201477	1.79852	0.9997766
4662	0	-1819.495	-1819.092	-0.4028794	0.334539	0.0961949	0.903805	0.19239	1.80761	0.9974177
4663	1	-1815.876	-1815.47	-0.4054305	0.335456	0.0908815	0.909119	0.181763	1.81824	0.9999654
4664	0	-1816.11	-1815.705	-0.4054	0.299942	0.102995	0.897005	0.20599	1.79401	0.9999349
4665	1	-1815.595	-1815.19	-0.405201	0.310738	0.100462	0.899538	0.200925	1.79908	0.9997359
4666	0	-1817.313	-1816.908	-0.4050441	0.331316	0.0892788	0.910721	0.178558	1.82144	0.9995791
4667	1	-1816.696	-1816.291	-0.405201	0.303772	0.105268	0.894732	0.210536	1.78946	0.9997359
4668	0	-1816.844	-1816.438	-0.4052059	0.296238	0.103702	0.896298	0.207403	1.7926	0.9997408
4669	1	-1816.454	-1816.049	-0.4045905	0.336116	0.0966837	0.903316	0.193367	1.80663	0.9991258
4670	0	-1815.281	-1814.876	-0.4052059	0.33238	0.0955767	0.904423	0.191153	1.80885	0.9997408
4671	1	-1816.193	-1815.788	-0.4047838	0.320698	0.0952881	0.904712	0.190576	1.80942	0.9993189
4672	0	-1816.021	-1815.616	-0.4052059	0.348038	0.0946602	0.90534	0.18932	1.81068	0.9997408
4673	1	-1814.951	-1814.546	-0.4053374	0.328618	0.096559	0.903441	0.193118	1.80688	0.9998723
4674	0	-1816.314	-1815.909	-0.4049992	0.344811	0.0978808	0.902119	0.195762	1.80424	0.9995342
4675	1	-1817.027	-1816.623	-0.4043042	0.316283	0.100404	0.899596	0.200808	1.79919	0.9988397
4676	0	-1815.598	-1815.193	-0.4050051	0.323041	0.0993881	0.900612	0.198776	1.80122	0.9995401
4677	1	-1816.763	-1816.358	-0.405129	0.322555	0.105441	0.894559	0.210881	1.78912	0.999664
4678	0	-1815.874	-1815.469	-0.4048263	0.32986	0.096941	0.903059	0.193882	1.80612	0.9993614
4679	1	-1816.118	-1815.713	-0.405129	0.341658	0.0995928	0.900407	0.199186	1.80081	0.999664
4680	0	-1817.969	-1817.564	-0.4044991	0.349905	0.0993011	0.900699	0.198602	1.8014	0.9990345
4681	1	-1815.715	-1815.31	-0.4050255	0.320504	0.0956033	0.904397	0.191207	1.80879	0.9995605
4682	0	-1817.722	-1817.317	-0.4048582	0.291825	0.10077	0.89923	0.20154	1.79846	0.9993933
4683	1	-1815.632	-1815.227	-0.4054052	0.343074	0.0990783	0.900922	0.198157	1.80184	0.9999401
4684	0	-1814.987	-1814.581	-0.4053225	0.323023	0.0987887	0.901211	0.197577	1.80242	0.9998574
4685	1	-1815.868	-1815.463	-0.4051524	0.310994	0.0962181	0.903782	0.192436	1.80756	0.9996873
4686	0	-1815.184	-1814.779	-0.4053225	0.318748	0.0960217	0.903978	0.192043	1.80796	0.9998574
4687	1	-1816.918	-1816.514	-0.4044374	0.32301	0.101546	0.898454	0.203091	1.79691	0.9989728
4688	0	-1816.809	-1816.404	-0.4047259	0.335135	0.0919498	0.90805	0.1839	1.8161	0.9992611
4689	1	-1816.01	-1815.605	-0.4051749	0.313359	0.0945709	0.905429	0.189142	1.81086	0.9997099
4690	0	-1816.011	-1815.606	-0.405	0.311191	0.0970686	0.902931	0.194137	1.80586	0.999535
4691	1	-1815.682	-1815.277	-0.4052928	0.337808	0.100241	0.899759	0.200482	1.79952	0.9998277
4692	0	-1815.748	-1815.343	-0.4050664	0.333936	0.0995397	0.90046	0.199079	1.80092	0.9996013
4693	1	-1817.672	-1817.267	-0.4049497	0.299847	0.0946144	0.905386	0.189229	1.81077	0.9994848
4694	0	-1819.583	-1819.178	-0.4050664	0.320695	0.0866028	0.913397	0.173206	1.82679	0.9996013
4695	1	-1815.33	-1814.924	-0.4053893	0.339639	0.0936596	0.90634	0.187319	1.81268	0.9999242
4696	0	-1816.926	-1816.521	-0.4050664	0.302259	0.095512	0.904488	0.191024	1.80898	0.9996013
4697	1	-1815.787	-1815.382	-0.4054271	0.304365	0.103017	0.896983	0.206034	1.79397	0.999962
4698	0	-1819.944	-1819.539	-0.4044316	0.369675	0.0933801	0.90662	0.18676	1.81324	0.998967
4699	1	-1815.75	-1815.344	-0.4054271	0.307823	0.103672	0.896328	0.207343	1.79266	0.999962
4700	0	-1817.957	-1817.553	-0.4039431	0.311549	0.101695	0.898305	0.20339	1.79661	0.9984792
4701	1	-1817.136	-1816.731	-0.4048149	0.328281	0.0908136	0.909186	0.181627	1.81837	0.99935
4702	0	-1817.118	-1816.714	-0.4043106	0.312245	0.0979404	0.90206	0.195881	1.80412	0.9988462
4703	1	-1816.939	-1816.535	-0.4046756	0.311553	0.0949714	0.905029	0.189943	1.81006	0.9992108
4704	0	-1815.816	-1815.411	-0.404937	0.31927	0.10019	0.89981	0.20038	1.79962	0.999472
4705	1	-1820.35	-1819.947	-0.40253	0.31734	0.101485	0.898515	0.202971	1.79703	0.9970691
4706	0	-1816.582	-1816.177	-0.4052686	0.300745	0.104641	0.895359	0.209283	1.79072	0.9998035
4707	1	-1820.414	-1820.011	-0.4030439	0.340662	0.0903303	0.90967	0.180661	1.81934	0.9975817
4708	0	-1816.638	-1816.232	-0.4052686	0.350246	0.0906744	0.909326	0.181349	1.81865	0.9998035
4709	1	-1817.767	-1817.362	-0.4048696	0.337068	0.0887661	0.911234	0.177532	1.82247	0.9994046
4710	0	-1816.556	-1816.151	-0.4053225	0.329367	0.0899472	0.910053	0.179894	1.82011	0.9998574
4711	1	-1816.561	-1816.156	-0.4053215	0.303992	0.105609	0.894391	0.211219	1.78878	0.9998564
4712	0	-1815.744	-1815.338	-0.4052354	0.312713	0.0954579	0.904542	0.190916	1.80908	0.9997703
4713	1	-1816.047	-1815.642	-0.4053215	0.35046	0.0936903	0.90631	0.187381	1.81262	0.9998564
4714	0	-1816.189	-1815.784	-0.4049641	0.342627	0.093862	0.906138	0.187724	1.81228	0.9994991
4715	1	-1816.557	-1816.152	-0.4049125	0.305157	0.1022	0.8978	0.204401	1.7956	0.9994476
4716	0	-1815.703	-1815.298	-0.4051536	0.341072	0.0972118	0.902788	0.194424	1.80558	0.9996885
4717	1	-1815.15	-1814.745	-0.4054467	0.331958	0.0933978	0.906602	0.186796	1.8132	0.9999816
4718	0	-1817.142	-1816.738	-0.4044551	0.342692	0.097948	0.902052	0.195896	1.8041	0.9989905
4719	1	-1815.614	-1815.208	-0.4052523	0.308029	0.0998816	0.900118	0.199763	1.80024	0.9997872
4720	0	-1817.803	-1817.399	-0.4037759	0.321888	0.0991556	0.900844	0.198311	1.80169	0.9983122
4721	1	-1818.689	-1818.285	-0.4041269	0.355973	0.0944355	0.905564	0.188871	1.81113	0.9986626
4722	0	-1817.325	-1816.92	-0.4045408	0.308554	0.095351	0.904649	0.190702	1.8093	0.9990761
4723	1	-1816.268	-1815.863	-0.4050953	0.302809	0.0991945	0.900805	0.198389	1.80161	0.9996302
4724	0	-1816.838	-1816.433	-0.4048965	0.326779	0.104018	0.895982	0.208035	1.79196	0.9994316
4725	1	-1816.429	-1816.024	-0.4049334	0.305975	0.101808	0.898192	0.203616	1.79638	0.9994684
4726	0	-1818.919	-1818.515	-0.4043399	0.298357	0.106686	0.893314	0.213372	1.78663	0.9988754
4727	1	-1815.499	-1815.094	-0.4051525	0.335484	0.0982366	0.901763	0.196473	1.80353	0.9996875
4728	0	-1815.41	-1815.005	-0.4054064	0.330597	0.0926414	0.907359	0.185283	1.81472	0.9999413
4729	1	-1815.362	-1814.957	-0.4054169	0.34256	0.0976295	0.90237	0.195259	1.80474	0.9999518
4730	0	-1815.963	-1815.558	-0.4054064	0.351681	0.0943395	0.90566	0.188679	1.81132	0.9999413
4731	1	-1817.609	-1817.205	-0.4041086	0.334739	0.0932384	0.906762	0.186477	1.81352	0.9986444
4732	0	-1817.966	-1817.561	-0.4051307	0.286302	0.100171	0.899829	0.200343	1.79966	0.9996656
4733	1	-1815.422	-1815.017	-0.4052674	0.333603	0.099861	0.900139	0.199722	1.80028	0.9998023
4734	0	-1815.882	-1815.476	-0.4052286	0.306438	0.0974653	0.902535	0.194931	1.80507	0.9997635
4735	1	-1815.295	-1814.89	-0.4052674	0.335683	0.0948557	0.905144	0.189711	1.81029	0.9998023
4736	0	-1816.162	-1815.757	-0.4048129	0.316235	0.100878	0.899122	0.201756	1.79824	0.999348
4737	1	-1815.461	-1815.056	-0.4052674	0.319189	0.101861	0.898139	0.203722	1.79628	0.9998023
4738	0	-1816.8	-1816.395	-0.4050301	0.319642	0.105256	0.894744	0.210512	1.78949	0.9995651
4739	1	-1816.413	-1816.008	-0.4053401	0.310716	0.0929651	0.907035	0.18593	1.81407	0.999875
4740	0	-1815.003	-1814.598	-0.4054119	0.335826	0.0977081	0.902292	0.195416	1.80458	0.9999468
4741	1	-1817.302	-1816.897	-0.4047025	0.350523	0.0924809	0.907519	0.184962	1.81504	0.9992377
4742	0	-1816.364	-1815.958	-0.4054119	0.300564	0.104776	0.895224	0.209552	1.79045	0.9999468
4743	1	-1818.639	-1818.234	-0.4045295	0.346571	0.102812	0.897188	0.205624	1.79438	0.9990648
4744	0	-1815.247	-1814.842	-0.4054119	0.334475	0.0932808	0.906719	0.186562	1.81344	0.9999468
4745	1	-1824.525	-1824.124	-0.4017576	0.358118	0.0877003	0.9123	0.175401	1.8246	0.9962993
4746	0	-1815.483	-1815.078	-0.4054119	0.341927	0.0988016	0.901198	0.197603	1.8024	0.9999468
4747	1	-1817.343	-1816.939	-0.40406	0.318155	0.0976094	0.902391	0.195219	1.80478	0.9985959
4748	0	-1814.823	-1814.417	-0.4054119	0.326303	0.0964298	0.90357	0.19286	1.80714	0.9999468
4749	1	-1815.917	-1815.512	-0.4048186	0.320132	0.0978505	0.90215	0.195701	1.8043	0.9993537
4750	0	-1818.601	-1818.197	-0.4042203	0.296705	0.103811	0.896189	0.207623	1.79238	0.998756
4751	1	-1816.318	-1815.913	-0.4050504	0.339484	0.1006	0.8994	0.201201	1.7988	0.9995854
4752	0	-1815.766	-1815.361	-0.4049922	0.314428	0.0989978	0.901002	0.197996	1.802	0.9995272
4753	1	-1815.572	-1815.167	-0.4050577	0.33492	0.0963053	0.903695	0.192611	1.80739	0.9995926
4754	0	-1817.139	-1816.734	-0.4049922	0.294957	0.10077	0.89923	0.201539	1.79846	0.9995272
4755	1	-1815.871	-1815.466	-0.4052239	0.342686	0.0928329	0.907167	0.185666	1.81433	0.9997588
4756	0	-1817.313	-1816.908	-0.4049922	0.307301	0.0930963	0.906904	0.186193	1.81381	0.9995272
4757	1	-1820.581	-1820.178	-0.4034783	0.314799	0.10796	0.89204	0.215921	1.78408	0.9980152
4758	0	-1817.035	-1816.631	-0.4042878	0.337026	0.0960269	0.903973	0.192054	1.80795	0.9988234
4759	1	-1815.769	-1815.364	-0.4048993	0.322933	0.0991185	0.900881	0.198237	1.80176	0.9994343
4760	0	-1815.542	-1815.137	-0.4053427	0.335147	0.100759	0.899241	0.201519	1.79848	0.9998776
4761	1	-1816.435	-1816.03	-0.4048993	0.335319	0.101118	0.898882	0.202236	1.79776	0.9994343
4762	0	-1816.644	-1816.239	-0.40487	0.321965	0.0925731	0.907427	0.185146	1.81485	0.9994051
4763	1	-1818.67	-1818.267	-0.4036396	0.307169	0.0976732	0.902327	0.195346	1.80465	0.9981761
4764	0	-1816.689	-1816.284	-0.4053103	0.296575	0.104093	0.895907	0.208185	1.79181	0.9998452
4765	1	-1816.508	-1816.103	-0.4045227	0.317708	0.0988361	0.901164	0.197672	1.80233	0.999058
4766	0	-1817.054	-1816.649	-0.4051861	0.314092	0.0913736	0.908626	0.182747	1.81725	0.999721
4767	1	-1815.186	-1814.78	-0.4053012	0.331606	0.0991965	0.900804	0.198393	1.80161	0.9998361
4768	0	-1815.651	-1815.246	-0.4050389	0.334031	0.0950768	0.904923	0.190154	1.80985	0.9995739
4769	1	-1815.075	-1814.67	-0.4053691	0.315911	0.0973916	0.902608	0.194783	1.80522	0.999904
4770	0	-1819.319	-1818.916	-0.4033032	0.309014	0.0963738	0.903626	0.192748	1.80725	0.9978404
4771	1	-1815.286	-1814.881	-0.4051586	0.32332	0.0968113	0.903189	0.193623	1.80638	0.9996935
4772	0	-1816.611	-1816.206	-0.4045028	0.336072	0.0966986	0.903301	0.193397	1.8066	0.9990382
4773	1	-1816.891	-1816.486	-0.4051393	0.348487	0.0902817	0.909718	0.180563	1.81944	0.9996743
4774	0	-1816.211	-1815.807	-0.4046834	0.317807	0.0983556	0.901644	0.196711	1.80329	0.9992186
4775	1	-1817.973	-1817.568	-0.4053471	0.312142	0.109687	0.890313	0.219374	1.78063	0.999882
4776	0	-1816.959	-1816.554	-0.4043799	0.320697	0.101276	0.898724	0.202552	1.79745	0.9989154
4777	1	-1816.649	-1816.244	-0.4046761	0.313665	0.102176	0.897824	0.204352	1.79565	0.9992113
4778	0	-1815.062	-1814.656	-0.4053694	0.334211	0.0983017	0.901698	0.196603	1.8034	0.9999043
4779	1	-1817.718	-1817.313	-0.4045487	0.337575	0.0901989	0.909801	0.180398	1.8196	0.999084
4780	0	-1815.853	-1815.448	-0.4053694	0.349505	0.0942524	0.905748	0.188505	1.8115	0.9999043
4781	1	-1819.495	-1819.09	-0.4051128	0.331553	0.0855989	0.914401	0.171198	1.8288	0.9996478
4782	0	-1815.207	-1814.802	-0.4054591	0.342585	0.0965677	0.903432	0.193135	1.80686	0.999994
4783	1	-1815.145	-1814.74	-0.4053501	0.333986	0.0988572	0.901143	0.197714	1.80229	0.999885
4784	0	-1815.079	-1814.673	-0.4054591	0.340553	0.0957909	0.904209	0.191582	1.80842	0.999994
4785	1	-1817.21	-1816.805	-0.4050556	0.302396	0.0945428	0.905457	0.189086	1.81091	0.9995906
4786	0	-1815.651	-1815.246	-0.4054591	0.349155	0.0954629	0.904537	0.190926	1.80907	0.999994
4787	1	-1816.992	-1816.586	-0.4052562	0.325028	0.106347	0.893653	0.212693	1.78731	0.9997911
4788	0	-1819.599	-1819.196	-0.4031826	0.321817	0.0928843	0.907116	0.185769	1.81423	0.9977201
4789	1	-1815.558	-1815.152	-0.4054317	0.33255	0.102055	0.897945	0.20411	1.79589	0.9999666
4790	0	-1816.141	-1815.736	-0.4052698	0.311887	0.0938638	0.906136	0.187728	1.81227	0.9998047
4791	1	-1814.998	-1814.592	-0.4053871	0.330197	0.0949583	0.905042	0.189917	1.81008	0.999922
4792	0	-1816.428	-1816.023	-0.4049835	0.337196	0.101213	0.898787	0.202426	1.79757	0.9995185
4793	1	-1815.864	-1815.459	-0.4053871	0.316086	0.104447	0.895553	0.208893	1.79111	0.999922
4794	0	-1815.629	-1815.224	-0.4049835	0.324184	0.0992695	0.900731	0.198539	1.80146	0.9995185
4795	1	-1815.332	-1814.927	-0.4053871	0.341518	0.0942837	0.905716	0.188567	1.81143	0.999922
4796	0	-1819.995	-1819.591	-0.4034272	0.303619	0.105605	0.894395	0.211211	1.78879	0.9979641
4797	1	-1815.809	-1815.404	-0.4051702	0.321875	0.0935899	0.90641	0.18718	1.81282	0.9997051
4798	0	-1820.593	-1820.191	-0.4028118	0.326092	0.104074	0.895926	0.208147	1.79185	0.9973502
4799	1	-1816.328	-1815.922	-0.4054521	0.302718	0.0949779	0.905022	0.189956	1.81004	0.999987
4800	0	-1817.709	-1817.305	-0.4043002	0.309324	0.0952978	0.904702	0.190596	1.8094	0.9988358
4801	1	-1816.523	-1816.118	-0.4054521	0.302063	0.10601	0.89399	0.21202	1.78798	0.999987
4802	0	-1815.201	-1814.796	-0.4053697	0.338527	0.0947749	0.905225	0.18955	1.81045	0.9999046
4803	1	-1815.665	-1815.26	-0.404979	0.318454	0.0980131	0.901987	0.196026	1.80397	0.999514
4804	0	-1819.057	-1818.653	-0.4046395	0.365383	0.0954187	0.904581	0.190837	1.80916	0.9991747
4805	1	-1815.084	-1814.679	-0.4053358	0.333165	0.095269	0.904731	0.190538	1.80946	0.9998707
4806	0	-1815.023	-1814.618	-0.4053857	0.336088	0.0969038	0.903096	0.193808	1.80619	0.9999205
4807	1	-1815.385	-1814.98	-0.4051892	0.332124	0.0947946	0.905205	0.189589	1.81041	0.9997241
4808	0	-1815.803	-1815.397	-0.4054542	0.309276	0.104323	0.895677	0.208646	1.79135	0.9999891
4809	1	-1815.497	-1815.092	-0.4053808	0.334568	0.101007	0.898993	0.202013	1.79799	0.9999157
4810	0	-1815.974	-1815.569	-0.4052175	0.347566	0.0959896	0.90401	0.191979	1.80802	0.9997524
4811	1	-1814.899	-1814.493	-0.405448	0.319502	0.100248	0.899752	0.200496	1.7995	0.9999829
4812	0	-1816.171	-1815.766	-0.4049802	0.315064	0.102688	0.897312	0.205377	1.79462	0.9995152
4813	1	-1816.459	-1816.054	-0.4053366	0.34965	0.0994257	0.900574	0.198851	1.80115	0.9998715
4814	0	-1816.378	-1815.972	-0.4054417	0.328329	0.105253	0.894747	0.210505	1.78949	0.9999766
4815	1	-1816.313	-1815.907	-0.4051817	0.300978	0.101932	0.898068	0.203865	1.79614	0.9997166
4816	0	-1815.43	-1815.025	-0.4051165	0.321695	0.099728	0.900272	0.199456	1.80054	0.9996515
4817	1	-1815.231	-1814.826	-0.4051817	0.326158	0.096564	0.903436	0.193128	1.80687	0.9997166
4818	0	-1817.176	-1816.77	-0.4051165	0.357994	0.0954181	0.904582	0.190836	1.80916	0.9996515
4819	1	-1815.508	-1815.103	-0.4051817	0.312405	0.0990882	0.900912	0.198176	1.80182	0.9997166
4820	0	-1818.373	-1817.969	-0.4040339	0.349317	0.0972546	0.902745	0.194509	1.80549	0.9985698
4821	1	-1816.1	-1815.695	-0.4051548	0.340363	0.100191	0.899809	0.200382	1.79962	0.9996897
4822	0	-1815.712	-1815.307	-0.4050494	0.319117	0.100988	0.899012	0.201976	1.79802	0.9995844
4823	1	-1816.994	-1816.589	-0.4044985	0.317668	0.102574	0.897426	0.205149	1.79485	0.9990339
4824	0	-1817.414	-1817.009	-0.4045	0.30234	0.101552	0.898448	0.203103	1.7969	0.9990354
4825	1	-1814.807	-1814.401	-0.4054432	0.31966	0.0976334	0.902367	0.195267	1.80473	0.9999781
4826	0	-1816.118	-1815.713	-0.4049967	0.320599	0.0938156	0.906184	0.187631	1.81237	0.9995317
4827	1	-1816.552	-1816.147	-0.4047523	0.319631	0.0940182	0.905982	0.188036	1.81196	0.9992875
4828	0	-1815.704	-1815.299	-0.4049967	0.318292	0.0967905	0.90321	0.193581	1.80642	0.9995317
4829	1	-1819.593	-1819.189	-0.403766	0.354195	0.0907532	0.909247	0.181506	1.81849	0.9983023
4830	0	-1817.075	-1816.67	-0.4053877	0.335856	0.10541	0.89459	0.21082	1.78918	0.9999226
4831	1	-1820.997	-1820.593	-0.403766	0.285532	0.106599	0.893401	0.213197	1.7868	0.9983023
4832	0	-1814.949	-1814.544	-0.4053877	0.325685	0.099652	0.900348	0.199304	1.8007	0.9999226
4833	1	-1815.694	-1815.289	-0.4051888	0.338915	0.0988845	0.901116	0.197769	1.80223	0.9997237
4834	0	-1815.996	-1815.591	-0.4048677	0.330544	0.0945056	0.905494	0.189011	1.81099	0.9994028
4835	1	-1815.464	-1815.058	-0.4052245	0.332287	0.0999852	0.900015	0.19997	1.80003	0.9997595
4836	0	-1816.879	-1816.474	-0.4051716	0.343261	0.102152	0.897848	0.204303	1.7957	0.9997066
4837	1	-1820.631	-1820.229	-0.4025419	0.310568	0.0960932	0.903907	0.192186	1.80781	0.9970811
4838	0	-1817.169	-1816.764	-0.4047461	0.299317	0.100731	0.899269	0.201461	1.79854	0.9992813
4839	1	-1821.297	-1820.894	-0.4026818	0.327493	0.105202	0.894798	0.210404	1.7896	0.9972206
4840	0	-1819.181	-1818.777	-0.4039163	0.355807	0.0964308	0.903569	0.192862	1.80714	0.9984524
4841	1	-1816.267	-1815.861	-0.405109	0.346701	0.0978133	0.902187	0.195627	1.80437	0.9996439
4842	0	-1815.716	-1815.311	-0.4053561	0.329571	0.102667	0.897333	0.205334	1.79467	0.999891
4843	1	-1817.715	-1817.31	-0.4053242	0.349119	0.103285	0.896715	0.206571	1.79343	0.9998591
4844	0	-1825.562	-1825.159	-0.4025476	0.380443	0.0948312	0.905169	0.189662	1.81034	0.9970867
4845	1	-1815.764	-1815.359	-0.40518	0.343667	0.0951304	0.90487	0.190261	1.80974	0.9997149
4846	0	-1815.037	-1814.632	-0.4053756	0.324636	0.10028	0.89972	0.200559	1.79944	0.9999105
4847	1	-1817.881	-1817.476	-0.4047993	0.313156	0.0912706	0.908729	0.182541	1.81746	0.9993344
4848	0	-1818.467	-1818.063	-0.4036786	0.31071	0.0967433	0.903257	0.193487	1.80651	0.998215
4849	1	-1815.819	-1815.414	-0.404848	0.325075	0.0969844	0.903016	0.193969	1.80603	0.9993831
4850	0	-1814.884	-1814.478	-0.4054453	0.319312	0.100029	0.899971	0.200057	1.79994	0.9999801
4851	1	-1816.569	-1816.164	-0.4053452	0.300362	0.105098	0.894902	0.210196	1.7898	0.9998801
4852	0	-1819.638	-1819.234	-0.4044068	0.366438	0.0910137	0.908986	0.182027	1.81797	0.9989423
4853	1	-1816.947	-1816.542	-0.4053452	0.346743	0.0889067	0.911093	0.177813	1.82219	0.9998801
4854	0	-1816.588	-1816.182	-0.4051324	0.352119	0.0965387	0.903461	0.193077	1.80692	0.9996673
4855	1	-1815.33	-1814.925	-0.4053452	0.334056	0.0934545	0.906546	0.186909	1.81309	0.9998801
4856	0	-1816.483	-1816.078	-0.4051324	0.316883	0.092497	0.907503	0.184994	1.81501	0.9996673
4857	1	-1817.765	-1817.36	-0.4051817	0.364086	0.093195	0.906805	0.18639	1.81361	0.9997166
4858	0	-1820.522	-1820.117	-0.4043483	0.368859	0.0887385	0.911261	0.177477	1.82252	0.9988838
4859	1	-1817.065	-1816.66	-0.4051817	0.33031	0.0893441	0.910656	0.178688	1.82131	0.9997166
4860	0	-1818.351	-1817.948	-0.4037208	0.341007	0.0979382	0.902062	0.195876	1.80412	0.9982572
4861	1	-1816.55	-1816.144	-0.4054535	0.300878	0.105904	0.894096	0.211807	1.78819	0.9999883
4862	0	-1816.154	-1815.748	-0.4053973	0.329547	0.104267	0.895733	0.208534	1.79147	0.9999322
4863	1	-1816.955	-1816.55	-0.4046924	0.308745	0.0957206	0.904279	0.191441	1.80856	0.9992276
4864	0	-1816.237	-1815.831	-0.4053853	0.333381	0.0901977	0.909802	0.180395	1.8196	0.9999202
4865	1	-1818.818	-1818.413	-0.4050478	0.360095	0.100732	0.899268	0.201465	1.79854	0.9995828
4866	0	-1816.306	-1815.9	-0.405254	0.303341	0.103878	0.896122	0.207756	1.79224	0.999789
4867	1	-1815.536	-1815.131	-0.4050888	0.317731	0.0998631	0.900137	0.199726	1.80027	0.9996238
4868	0	-1815.947	-1815.542	-0.4049744	0.327268	0.101103	0.898897	0.202207	1.79779	0.9995094
4869	1	-1817.295	-1816.89	-0.4048583	0.298944	0.0971474	0.902853	0.194295	1.80571	0.9993934
4870	0	-1815.352	-1814.947	-0.4054042	0.310431	0.0968862	0.903114	0.193772	1.80623	0.9999391
4871	1	-1817.521	-1817.117	-0.4043696	0.347919	0.0956819	0.904318	0.191364	1.80864	0.9989051
4872	0	-1816.019	-1815.613	-0.4054042	0.309127	0.104797	0.895203	0.209593	1.79041	0.9999391
4873	1	-1815.326	-1814.921	-0.4052163	0.334434	0.0952274	0.904773	0.190455	1.80955	0.9997512
4874	0	-1815.535	-1815.13	-0.4050656	0.325655	0.0955169	0.904483	0.191034	1.80897	0.9996006
4875	1	-1814.848	-1814.442	-0.4054265	0.318759	0.0984311	0.901569	0.196862	1.80314	0.9999614
4876	0	-1815.4	-1814.995	-0.4051502	0.316782	0.0983783	0.901622	0.196757	1.80324	0.9996851
4877	1	-1815.683	-1815.277	-0.4054265	0.335742	0.0914892	0.908511	0.182978	1.81702	0.9999614
4878	0	-1818.055	-1817.65	-0.4050386	0.3436	0.10444	0.89556	0.208881	1.79112	0.9995736
4879	1	-1819.339	-1818.934	-0.4051382	0.290464	0.0929758	0.907024	0.185952	1.81405	0.9996731
4880	0	-1816.33	-1815.926	-0.4046723	0.322886	0.0952728	0.904727	0.190546	1.80945	0.9992075
4881	1	-1816.388	-1815.983	-0.4052127	0.30607	0.1045	0.8955	0.209	1.791	0.9997476
4882	0	-1816.3	-1815.896	-0.4046723	0.333503	0.0983973	0.901603	0.196795	1.80321	0.9992075
4883	1	-1816.094	-1815.689	-0.4049319	0.3278	0.0934943	0.906506	0.186989	1.81301	0.9994669
4884	0	-1815.706	-1815.301	-0.4053048	0.334953	0.0921588	0.907841	0.184318	1.81568	0.9998397
4885	1	-1815.779	-1815.374	-0.4049319	0.320825	0.09985	0.90015	0.1997	1.8003	0.9994669
4886	0	-1815.175	-1814.769	-0.4052493	0.330747	0.0957005	0.904299	0.191401	1.8086	0.9997842
4887	1	-1816.131	-1815.726	-0.4048972	0.341295	0.0956414	0.904359	0.191283	1.80872	0.9994323
4888	0	-1816.685	-1816.28	-0.4050312	0.351767	0.0959663	0.904034	0.191933	1.80807	0.9995661
4889	1	-1815.619	-1815.213	-0.4053176	0.30708	0.0979915	0.902009	0.195983	1.80402	0.9998525
4890	0	-1815.464	-1815.059	-0.4051231	0.324028	0.0954662	0.904534	0.190932	1.80907	0.9996581
4891	1	-1816.488	-1816.083	-0.4053176	0.334522	0.103921	0.896079	0.207841	1.79216	0.9998525
4892	0	-1815.62	-1815.214	-0.4052285	0.333297	0.100618	0.899382	0.201236	1.79876	0.9997634
4893	1	-1815.901	-1815.495	-0.4053176	0.306158	0.103058	0.896942	0.206117	1.79388	0.9998525
4894	0	-1818.081	-1817.676	-0.4050727	0.306954	0.10885	0.89115	0.2177	1.7823	0.9996076
4895	1	-1816.674	-1816.269	-0.4051468	0.342999	0.101455	0.898545	0.202909	1.79709	0.9996818
4896	0	-1816.188	-1815.783	-0.4050275	0.344267	0.0935715	0.906428	0.187143	1.81286	0.9995625
4897	1	-1814.869	-1814.464	-0.4054519	0.323686	0.100112	0.899888	0.200224	1.79978	0.9999868
4898	0	-1817.338	-1816.934	-0.4041406	0.319599	0.0956367	0.904363	0.191273	1.80873	0.9986764
4899	1	-1815.706	-1815.301	-0.40545	0.349628	0.0945762	0.905424	0.189152	1.81085	0.9999849
4900	0	-1817.507	-1817.103	-0.4042686	0.335959	0.100669	0.899331	0.201337	1.79866	0.9988042
4901	1	-1817.335	-1816.931	-0.4044878	0.31303	0.103795	0.896205	0.20759	1.79241	0.9990232
4902	0	-1815.773	-1815.368	-0.4054311	0.334225	0.0911903	0.90881	0.182381	1.81762	0.999966
4903	1	-1818.429	-1818.025	-0.404323	0.350766	0.0904765	0.909524	0.180953	1.81905	0.9988586
4904	0	-1818.475	-1818.07	-0.4049134	0.336475	0.0949037	0.905096	0.189807	1.81019	0.9994485
4905	1	-1815.497	-1815.092	-0.4050453	0.320561	0.0982686	0.901731	0.196537	1.80346	0.9995803
4906	0	-1817.35	-1816.945	-0.4044723	0.336404	0.0916818	0.908318	0.183364	1.81664	0.9990076
4907	1	-1815.524	-1815.119	-0.4051632	0.321781	0.101124	0.898876	0.202248	1.79775	0.9996981
4908	0	-1817.756	-1817.352	-0.4043114	0.315773	0.104277	0.895723	0.208554	1.79145	0.998847
4909	1	-1816.204	-1815.798	-0.4054482	0.325317	0.105209	0.894791	0.210419	1.78958	0.9999831
4910	0	-1819.143	-1818.738	-0.4046965	0.330493	0.108023	0.891977	0.216045	1.78395	0.9992317
4911	1	-1816.682	-1816.277	-0.4047764	0.344046	0.0980769	0.901923	0.196154	1.80385	0.9993115
4912	0	-1815.9	-1815.495	-0.405429	0.299739	0.100084	0.899916	0.200168	1.79983	0.9999639
4913	1	-1817.212	-1816.807	-0.4047764	0.330247	0.103984	0.896016	0.207967	1.79203	0.9993115
4914	0	-1815.117	-1814.712	-0.4053207	0.319887	0.100179	0.899821	0.200358	1.79964	0.9998556
4915	1	-1815.772	-1815.367	-0.4049172	0.3238	0.0995482	0.900452	0.199096	1.8009	0.9994523
4916	0	-1816.097	-1815.691	-0.4053207	0.343651	0.100285	0.899715	0.20057	1.79943	0.9998556
4917	1	-1814.878	-1814.473	-0.4053635	0.325839	0.0978189	0.902181	0.195638	1.80436	0.9998984
4918	0	-1816.371	-1815.965	-0.4051762	0.350938	0.0963348	0.903665	0.19267	1.80733	0.9997112
4919	1	-1817.262	-1816.857	-0.404322	0.340487	0.0981895	0.90181	0.196379	1.80362	0.9988576
4920	0	-1816.561	-1816.157	-0.4045304	0.332546	0.0949327	0.905067	0.189865	1.81013	0.9990657
4921	1	-1816.28	-1815.874	-0.4053038	0.34222	0.101323	0.898677	0.202646	1.79735	0.9998387
4922	0	-1816.45	-1816.045	-0.4049001	0.316946	0.0939199	0.90608	0.18784	1.81216	0.9994351
4923	1	-1815.721	-1815.316	-0.4050658	0.338571	0.0971821	0.902818	0.194364	1.80564	0.9996007
4924	0	-1817.547	-1817.142	-0.4051384	0.299085	0.094256	0.905744	0.188512	1.81149	0.9996734
4925	1	-1818.249	-1817.844	-0.4050658	0.28597	0.0991355	0.900865	0.198271	1.80173	0.9996007
4926	0	-1815.454	-1815.048	-0.4051384	0.335755	0.0967469	0.903253	0.193494	1.80651	0.9996734
4927	1	-1817.135	-1816.731	-0.4041789	0.327736	0.0953447	0.904655	0.190689	1.80931	0.9987146
4928	0	-1815.769	-1815.364	-0.4049385	0.323765	0.0957365	0.904264	0.191473	1.80853	0.9994735
4929	1	-1816.825	-1816.42	-0.4047985	0.337534	0.0914966	0.908503	0.182993	1.81701	0.9993337
4930	0	-1815.842	-1815.437	-0.4048798	0.323253	0.0961332	0.903867	0.192266	1.80773	0.9994148
4931	1	-1818.981	-1818.576	-0.4051364	0.331102	0.109086	0.890914	0.218173	1.78183	0.9996714
4932	0	-1819.281	-1818.876	-0.4049008	0.338637	0.0860524	0.913948	0.172105	1.8279	0.9994358
4933	1	-1815.88	-1815.475	-0.4049101	0.319035	0.0963301	0.90367	0.19266	1.80734	0.9994452
4934	0	-1817.027	-1816.623	-0.4045677	0.331354	0.101952	0.898048	0.203905	1.7961	0.999103
4935	1	-1816.469	-1816.064	-0.4048025	0.333206	0.0927045	0.907295	0.185409	1.81459	0.9993376
4936	0	-1816.176	-1815.771	-0.4050681	0.30445	0.0998322	0.900168	0.199664	1.80034	0.9996031
4937	1	-1817.206	-1816.801	-0.4047995	0.347119	0.0996183	0.900382	0.199237	1.80076	0.9993346
4938	0	-1817.909	-1817.504	-0.4054254	0.305747	0.0905391	0.909461	0.181078	1.81892	0.9999603
4939	1	-1815.66	-1815.255	-0.4054282	0.330988	0.091648	0.908352	0.183296	1.8167	0.9999631
4940	0	-1815.199	-1814.793	-0.4054254	0.315357	0.101774	0.898226	0.203548	1.79645	0.9999603
4941	1	-1816.032	-1815.627	-0.4052517	0.309368	0.0951144	0.904886	0.190229	1.80977	0.9997866
4942	0	-1815.369	-1814.964	-0.4053005	0.310815	0.0991638	0.900836	0.198328	1.80167	0.9998354
4943	1	-1815.572	-1815.167	-0.4052928	0.311881	0.096121	0.903879	0.192242	1.80776	0.9998277
4944	0	-1817.867	-1817.463	-0.4041739	0.305706	0.102265	0.897735	0.20453	1.79547	0.9987096
4945	1	-1816.54	-1816.134	-0.4053686	0.307144	0.106179	0.893821	0.212357	1.78764	0.9999034
4946	0	-1816.693	-1816.289	-0.4044956	0.321049	0.100911	0.899089	0.201822	1.79818	0.9990309
4947	1	-1815.813	-1815.408	-0.4050873	0.317495	0.101967	0.898033	0.203934	1.79607	0.9996223
4948	0	-1816.892	-1816.488	-0.4045057	0.342077	0.0965011	0.903499	0.193002	1.807	0.999041
4949	1	-1817.061	-1816.656	-0.4046143	0.333776	0.101908	0.898092	0.203815	1.79618	0.9991496
4950	0	-1818.567	-1818.163	-0.4035882	0.310213	0.100964	0.899036	0.201929	1.79807	0.9981249
4951	1	-1815.863	-1815.458	-0.4050056	0.33382	0.0996079	0.900392	0.199216	1.80078	0.9995406
4952	0	-1822.884	-1822.482	-0.4026225	0.293225	0.10837	0.89163	0.216741	1.78326	0.9971615
4953	1	-1818.882	-1818.478	-0.4048048	0.351176	0.10317	0.89683	0.20634	1.79366	0.99934
4954	0	-1817.979	-1817.574	-0.4051263	0.325189	0.10797	0.89203	0.21594	1.78406	0.9996612
4955	1	-1815.821	-1815.416	-0.4050351	0.32787	0.100931	0.899069	0.201861	1.79814	0.9995701
4956	0	-1817.44	-1817.035	-0.4051263	0.358091	0.0974174	0.902583	0.194835	1.80517	0.9996612
4957	1	-1817.989	-1817.586	-0.4038018	0.335408	0.0943534	0.905647	0.188707	1.81129	0.9983381
4958	0	-1818.087	-1817.683	-0.4045048	0.30664	0.106102	0.893898	0.212205	1.7878	0.9990402
4959	1	-1817.4	-1816.996	-0.4042769	0.308032	0.100573	0.899427	0.201146	1.79885	0.9988125
4960	0	-1816.329	-1815.924	-0.4051053	0.305573	0.0964503	0.90355	0.192901	1.8071	0.9996403
4961	1	-1815.778	-1815.372	-0.4052223	0.311347	0.102491	0.897509	0.204983	1.79502	0.9997573
4962	0	-1814.97	-1814.564	-0.4053373	0.330917	0.0968087	0.903191	0.193617	1.80638	0.9998722
4963	1	-1815.356	-1814.951	-0.4052223	0.324718	0.0948865	0.905114	0.189773	1.81023	0.9997573
4964	0	-1816.253	-1815.848	-0.4053373	0.308678	0.105168	0.894832	0.210336	1.78966	0.9998722
4965	1	-1818.046	-1817.641	-0.4053114	0.323467	0.0878363	0.912164	0.175673	1.82433	0.9998463
4966	0	-1818.118	-1817.712	-0.4052162	0.283846	0.10346	0.89654	0.206921	1.79308	0.9997511
4967	1	-1815.92	-1815.515	-0.4050173	0.316737	0.10181	0.89819	0.203621	1.79638	0.9995523
4968	0	-1815.772	-1815.367	-0.4051605	0.340135	0.0985381	0.901462	0.197076	1.80292	0.9996955
4969	1	-1816.646	-1816.241	-0.4047821	0.305763	0.0984367	0.901563	0.196873	1.80313	0.9993172
4970	0	-1815.901	-1815.496	-0.4051784	0.31132	0.0956544	0.904346	0.191309	1.80869	0.9997134
4971	1	-1817.86	-1817.455	-0.4046483	0.353267	0.098279	0.901721	0.196558	1.80344	0.9991835
4972	0	-1819.055	-1818.652	-0.403331	0.340629	0.0981474	0.901853	0.196295	1.80371	0.9978682
4973	1	-1815.722	-1815.317	-0.4049059	0.327379	0.0966333	0.903367	0.193267	1.80673	0.999441
4974	0	-1816.451	-1816.046	-0.4053633	0.345506	0.0900212	0.909979	0.180042	1.81996	0.9998982
4975	1	-1819.971	-1819.566	-0.4049935	0.316454	0.111953	0.888047	0.223906	1.77609	0.9995285
4976	0	-1817.153	-1816.749	-0.4045753	0.34152	0.0920808	0.907919	0.184162	1.81584	0.9991106
4977	1	-1815.748	-1815.343	-0.4049935	0.32617	0.0948554	0.905145	0.189711	1.81029	0.9995285
4978	0	-1815.515	-1815.11	-0.4053969	0.344354	0.0936668	0.906333	0.187334	1.81267	0.9999318
4979	1	-1816.008	-1815.603	-0.4050675	0.335662	0.100486	0.899514	0.200972	1.79903	0.9996025
4980	0	-1816.859	-1816.455	-0.4046486	0.305532	0.0994838	0.900516	0.198968	1.80103	0.9991838
4981	1	-1817.043	-1816.639	-0.4047978	0.347891	0.0920099	0.90799	0.18402	1.81598	0.9993329
4982	0	-1816.497	-1816.092	-0.4052846	0.296161	0.100232	0.899768	0.200465	1.79954	0.9998195
4983	1	-1816.86	-1816.455	-0.4049968	0.346751	0.0998124	0.900188	0.199625	1.80038	0.9995318
4984	0	-1815.337	-1814.932	-0.40515	0.320329	0.0991171	0.900883	0.198234	1.80177	0.9996849
4985	1	-1815.586	-1815.181	-0.4049742	0.323683	0.0978698	0.90213	0.19574	1.80426	0.9995092
4986	0	-1818.511	-1818.107	-0.4039502	0.313024	0.0936223	0.906378	0.187245	1.81276	0.9984862
4987	1	-1816.957	-1816.552	-0.4048492	0.300868	0.102315	0.897685	0.20463	1.79537	0.9993843
4988	0	-1816.407	-1816.002	-0.4050834	0.342671	0.100154	0.899846	0.200308	1.79969	0.9996184
4989	1	-1815.295	-1814.89	-0.4053794	0.311572	0.0971423	0.902858	0.194285	1.80572	0.9999143
4990	0	-1817.604	-1817.199	-0.4048149	0.357312	0.093505	0.906495	0.18701	1.81299	0.99935
4991	1	-1818.558	-1818.153	-0.4048075	0.309891	0.0905284	0.909472	0.181057	1.81894	0.9993426
4992	0	-1816.456	-1816.051	-0.4046174	0.336648	0.0974726	0.902527	0.194945	1.80505	0.9991526
4993	1	-1816.292	-1815.887	-0.4047543	0.332433	0.0998302	0.90017	0.19966	1.80034	0.9992894
4994	0	-1818.36	-1817.955	-0.4044557	0.301097	0.105981	0.894019	0.211961	1.78804	0.9989911
4995	1	-1815.219	-1814.814	-0.4054137	0.310169	0.100137	0.899863	0.200274	1.79973	0.9999486
4996	0	-1814.893	-1814.487	-0.4053715	0.323391	0.0969716	0.903028	0.193943	1.80606	0.9999064
4997	1	-1814.967	-1814.561	-0.4054137	0.33078	0.0948343	0.905166	0.189669	1.81033	0.9999486
4998	0	-1815.211	-1814.806	-0.4054047	0.311324	0.0977138	0.902286	0.195428	1.80457	0.9999396
4999	1	-1815.069	-1814.663	-0.4054137	0.319563	0.101098	0.898902	0.202196	1.7978	0.9999486
5000	0	-1817.176	-1816.771	-0.4050493	0.300027	0.0956057	0.904394	0.191211	1.80879	0.9995843
5001	1	-1817.454	-1817.049	-0.4047797	0.343106	0.101798	0.898202	0.203595	1.7964	0.9993148
5002	0	-1819.643	-1819.238	-0.4044723	0.283689	0.0992768	0.900723	0.198554	1.80145	0.9990077
5003	1	-1816.644	-1816.239	-0.4046178	0.311872	0.100969	0.899031	0.201937	1.79806	0.999153
5004	0	-1815.432	-1815.026	-0.4054294	0.321273	0.0933506	0.906649	0.186701	1.8133	0.9999643
5005	1	-1815.957	-1815.552	-0.405144	0.338763	0.0999702	0.90003	0.19994	1.80006	0.999679
5006	0	-1816.983	-1816.578	-0.4049208	0.33727	0.0903637	0.909636	0.180727	1.81927	0.9994559
5007	1	-1818.093	-1817.689	-0.4036269	0.332118	0.0976362	0.902364	0.195272	1.80473	0.9981635
5008	0	-1816.929	-1816.524	-0.4049982	0.332291	0.103968	0.896032	0.207936	1.79206	0.9995332
5009	1	-1816.238	-1815.834	-0.4046805	0.333902	0.0975068	0.902493	0.195014	1.80499	0.9992157
5010	0	-1815.726	-1815.321	-0.4049982	0.332617	0.0988493	0.901151	0.197699	1.8023	0.9995332
5011	1	-1819.289	-1818.885	-0.4040342	0.313713	0.0911106	0.908889	0.182221	1.81778	0.9985702
5012	0	-1815.773	-1815.368	-0.405146	0.331882	0.100957	0.899043	0.201914	1.79809	0.999681
5013	1	-1818.624	-1818.22	-0.4037839	0.322453	0.103746	0.896254	0.207493	1.79251	0.9983202
5014	0	-1816.918	-1816.513	-0.4052327	0.313347	0.106774	0.893226	0.213548	1.78645	0.9997676
5015	1	-1817.125	-1816.72	-0.4051472	0.303015	0.106329	0.893671	0.212659	1.78734	0.9996822
5016	0	-1821.12	-1820.714	-0.4054322	0.333747	0.112789	0.887211	0.225578	1.77442	0.9999671
5017	1	-1816.053	-1815.648	-0.4051472	0.346911	0.0945063	0.905494	0.189013	1.81099	0.9996822
5018	0	-1817.384	-1816.979	-0.4045275	0.301594	0.100941	0.899059	0.201882	1.79812	0.9990628
5019	1	-1817.794	-1817.389	-0.4052112	0.304503	0.108658	0.891342	0.217317	1.78268	0.9997461
5020	0	-1816.911	-1816.506	-0.405247	0.293992	0.103284	0.896716	0.206567	1.79343	0.9997819
5021	1	-1816.727	-1816.322	-0.4054225	0.292142	0.102784	0.897216	0.205569	1.79443	0.9999574
5022	0	-1816.378	-1815.973	-0.4046179	0.322133	0.0957837	0.904216	0.191567	1.80843	0.9991532
5023	1	-1815.425	-1815.019	-0.4054529	0.344176	0.0935022	0.906498	0.187004	1.813	0.9999878
5024	0	-1816.632	-1816.227	-0.4049869	0.326775	0.0914423	0.908558	0.182885	1.81712	0.9995219
5025	1	-1816.308	-1815.903	-0.4049059	0.323483	0.093277	0.906723	0.186554	1.81345	0.9994409
5026	0	-1815.418	-1815.013	-0.4051581	0.335329	0.095792	0.904208	0.191584	1.80842	0.999693
5027	1	-1814.852	-1814.446	-0.4054262	0.320305	0.0993262	0.900674	0.198652	1.80135	0.9999611
5028	0	-1817.849	-1817.445	-0.4046192	0.349091	0.0903157	0.909684	0.180631	1.81937	0.9991544
5029	1	-1818.119	-1817.714	-0.4052367	0.322611	0.108918	0.891082	0.217836	1.78216	0.9997716
5030	0	-1815.755	-1815.35	-0.4053102	0.347061	0.0949355	0.905064	0.189871	1.81013	0.9998451
5031	1	-1815.973	-1815.568	-0.4052475	0.313815	0.103873	0.896127	0.207746	1.79225	0.9997825
5032	0	-1819.753	-1819.348	-0.4053102	0.283582	0.110937	0.889063	0.221874	1.77813	0.9998451
5033	1	-1816.309	-1815.904	-0.4047912	0.324534	0.0939862	0.906014	0.187972	1.81203	0.9993263
5034	0	-1818.004	-1817.599	-0.4052437	0.30595	0.109349	0.890651	0.218698	1.7813	0.9997786
5035	1	-1816.186	-1815.781	-0.40517	0.313931	0.104162	0.895838	0.208323	1.79168	0.999705
5036	0	-1817.039	-1816.634	-0.4052614	0.347264	0.0890934	0.910907	0.178187	1.82181	0.9997963
5037	1	-1815.218	-1814.813	-0.4051861	0.328909	0.0976914	0.902309	0.195383	1.80462	0.9997211
5038	0	-1815.821	-1815.416	-0.4052614	0.305503	0.0981843	0.901816	0.196369	1.80363	0.9997963
5039	1	-1815.881	-1815.476	-0.4049745	0.339079	0.095994	0.904006	0.191988	1.80801	0.9995095
5040	0	-1815.461	-1815.056	-0.4054087	0.314921	0.10298	0.89702	0.20596	1.79404	0.9999436
5041	1	-1816.494	-1816.089	-0.4052186	0.33949	0.102296	0.897704	0.204591	1.79541	0.9997536
5042	0	-1818.845	-1818.44	-0.4054087	0.316237	0.0873305	0.91267	0.174661	1.82534	0.9999436
5043	1	-1819.854	-1819.451	-0.4035926	0.327677	0.0897103	0.91029	0.179421	1.82058	0.9981293
5044	0	-1818.148	-1817.744	-0.4038668	0.337948	0.0929775	0.907022	0.185955	1.81404	0.998403
5045	1	-1816.204	-1815.799	-0.405	0.310455	0.0960766	0.903923	0.192153	1.80785	0.999535
5046	0	-1818.902	-1818.497	-0.4047137	0.318842	0.0887531	0.911247	0.177506	1.82249	0.9992489
5047	1	-1817.003	-1816.597	-0.4053347	0.319934	0.0899893	0.910011	0.179979	1.82002	0.9998696
5048	0	-1817.99	-1817.586	-0.4047179	0.294655	0.104537	0.895463	0.209074	1.79093	0.9992531
5049	1	-1815.592	-1815.187	-0.4052962	0.339015	0.0994068	0.900593	0.198814	1.80119	0.9998311
5050	0	-1815.566	-1815.161	-0.4050937	0.315846	0.0997917	0.900208	0.199583	1.80042	0.9996287
5051	1	-1816.11	-1815.704	-0.4052501	0.325354	0.091714	0.908286	0.183428	1.81657	0.999785
5052	0	-1816.382	-1815.977	-0.4050937	0.342176	0.100304	0.899696	0.200608	1.79939	0.9996287
5053	1	-1816.025	-1815.619	-0.4053048	0.301732	0.0985564	0.901444	0.197113	1.80289	0.9998397
5054	0	-1816.429	-1816.024	-0.4051559	0.350492	0.092868	0.907132	0.185736	1.81426	0.9996909
5055	1	-1814.958	-1814.553	-0.4053908	0.317849	0.0975052	0.902495	0.19501	1.80499	0.9999257
5056	0	-1816.623	-1816.218	-0.4051559	0.344471	0.0905295	0.909471	0.181059	1.81894	0.9996909
5057	1	-1817.694	-1817.29	-0.403832	0.322774	0.0991104	0.90089	0.198221	1.80178	0.9983682
5058	0	-1816.323	-1815.917	-0.4054502	0.323327	0.0905295	0.909471	0.181059	1.81894	0.9999851
5059	1	-1817.429	-1817.024	-0.404665	0.342135	0.0905784	0.909422	0.181157	1.81884	0.9992002
5060	0	-1814.943	-1814.538	-0.4054502	0.325735	0.100455	0.899545	0.200911	1.79909	0.9999851
5061	1	-1815.52	-1815.115	-0.4052732	0.313352	0.101803	0.898197	0.203605	1.79639	0.9998081
5062	0	-1815.93	-1815.525	-0.4048205	0.319401	0.0978249	0.902175	0.19565	1.80435	0.9993556
5063	1	-1815.891	-1815.486	-0.4050703	0.332157	0.10081	0.89919	0.20162	1.79838	0.9996053
5064	0	-1816.016	-1815.611	-0.4049237	0.316101	0.101279	0.898721	0.202558	1.79744	0.9994587
5065	1	-1816.486	-1816.081	-0.4047666	0.32807	0.101759	0.898241	0.203518	1.79648	0.9993017
5066	0	-1817.21	-1816.805	-0.4048411	0.35065	0.0982564	0.901744	0.196513	1.80349	0.9993762
5067	1	-1817.039	-1816.634	-0.4043244	0.338747	0.0959877	0.904012	0.191975	1.80802	0.9988599
5068	0	-1822.993	-1822.589	-0.4038612	0.301488	0.088048	0.911952	0.176096	1.8239	0.9983974
5069	1	-1816.989	-1816.584	-0.4050175	0.352042	0.0979547	0.902045	0.195909	1.80409	0.9995525
5070	0	-1815.416	-1815.01	-0.4053079	0.317978	0.101985	0.898015	0.20397	1.79603	0.9998428
5071	1	-1815.844	-1815.439	-0.4050483	0.336679	0.0938018	0.906198	0.187604	1.8124	0.9995833
5072	0	-1815.003	-1814.597	-0.4053079	0.322058	0.098253	0.901747	0.196506	1.80349	0.9998428
5073	1	-1815.239	-1814.834	-0.4053312	0.315051	0.100755	0.899245	0.20151	1.79849	0.9998661
5074	0	-1815.71	-1815.304	-0.4053079	0.307318	0.0971607	0.902839	0.194321	1.80568	0.9998428
5075	1	-1816.328	-1815.922	-0.4053312	0.352943	0.0926646	0.907335	0.185329	1.81467	0.9998661
5076	0	-1814.998	-1814.592	-0.4053079	0.328899	0.0968254	0.903175	0.193651	1.80635	0.9998428
5077	1	-1815.649	-1815.243	-0.405328	0.308344	0.0967879	0.903212	0.193576	1.80642	0.9998629
5078	0	-1817.783	-1817.379	-0.404292	0.340538	0.100662	0.899338	0.201325	1.79868	0.9988276
5079	1	-1815.814	-1815.408	-0.4053981	0.33805	0.101485	0.898515	0.202969	1.79703	0.999933
5080	0	-1817.108	-1816.703	-0.4050298	0.335393	0.0895971	0.910403	0.179194	1.82081	0.9995648
5081	1	-1816.069	-1815.663	-0.4053981	0.347809	0.099054	0.900946	0.198108	1.80189	0.999933
5082	0	-1816.532	-1816.128	-0.4047059	0.329176	0.101306	0.898694	0.202612	1.79739	0.9992411
5083	1	-1818.182	-1817.777	-0.4053981	0.359478	0.100991	0.899009	0.201982	1.79802	0.999933
5084	0	-1817.86	-1817.455	-0.4051198	0.362511	0.0911036	0.908896	0.182207	1.81779	0.9996547
5085	1	-1817.155	-1816.751	-0.4047123	0.329447	0.091156	0.908844	0.182312	1.81769	0.9992474
5086	0	-1819.265	-1818.86	-0.4043624	0.289483	0.10541	0.89459	0.210819	1.78918	0.9988979
5087	1	-1818.61	-1818.207	-0.4035929	0.315746	0.10241	0.89759	0.204821	1.79518	0.9981295
5088	0	-1818.817	-1818.413	-0.4046084	0.354655	0.100835	0.899165	0.201669	1.79833	0.9991437
5089	1	-1815.652	-1815.247	-0.4049778	0.321223	0.0993446	0.900655	0.198689	1.80131	0.9995128
5090	0	-1815.704	-1815.298	-0.4052929	0.325395	0.102771	0.897229	0.205541	1.79446	0.9998278
5091	1	-1816.411	-1816.006	-0.4045732	0.327731	0.0954541	0.904546	0.190908	1.80909	0.9991085
5092	0	-1815.071	-1814.666	-0.4053323	0.321584	0.100025	0.899975	0.20005	1.79995	0.9998672
5093	1	-1818.721	-1818.317	-0.4036543	0.337796	0.100613	0.899387	0.201227	1.79877	0.9981908
5094	0	-1815.633	-1815.227	-0.4054212	0.313624	0.103752	0.896248	0.207504	1.7925	0.9999561
5095	1	-1815.121	-1814.715	-0.4054079	0.315132	0.0965405	0.903459	0.193081	1.80692	0.9999428
5096	0	-1815.827	-1815.422	-0.4054229	0.304697	0.0964874	0.903513	0.192975	1.80703	0.9999578
5097	1	-1815.217	-1814.812	-0.4053781	0.335782	0.0938965	0.906104	0.187793	1.81221	0.999913
5098	0	-1815.722	-1815.317	-0.4054229	0.302831	0.101637	0.898363	0.203275	1.79673	0.9999578
5099	1	-1815.909	-1815.504	-0.4050232	0.324943	0.0938564	0.906144	0.187713	1.81229	0.9995582
5100	0	-1815.451	-1815.046	-0.4052166	0.335211	0.0989457	0.901054	0.197891	1.80211	0.9997515
5101	1	-1818.237	-1817.833	-0.4036083	0.327768	0.09999	0.90001	0.19998	1.80002	0.9981449
5102	0	-1814.953	-1814.548	-0.4054003	0.321821	0.0959642	0.904036	0.191928	1.80807	0.9999352
5103	1	-1816.517	-1816.111	-0.4053183	0.34682	0.100672	0.899328	0.201345	1.79866	0.9998532
5104	0	-1815.388	-1814.983	-0.405215	0.333594	0.0945263	0.905474	0.189053	1.81095	0.9997499
5105	1	-1820.278	-1819.874	-0.4042014	0.328697	0.108735	0.891265	0.217471	1.78253	0.9987371
5106	0	-1816.04	-1815.634	-0.405215	0.315601	0.103958	0.896042	0.207916	1.79208	0.9997499
5107	1	-1816.481	-1816.076	-0.4048056	0.339876	0.0991013	0.900899	0.198203	1.8018	0.9993407
5108	0	-1815.433	-1815.028	-0.405215	0.338696	0.0965368	0.903463	0.193074	1.80693	0.9997499
5109	1	-1816.041	-1815.636	-0.4048811	0.333774	0.0993082	0.900692	0.198616	1.80138	0.9994162
5110	0	-1815.879	-1815.474	-0.4051419	0.338968	0.0994728	0.900527	0.198946	1.80105	0.9996768
5111	1	-1816.529	-1816.125	-0.4044903	0.328031	0.0989261	0.901074	0.197852	1.80215	0.9990257
5112	0	-1817.003	-1816.599	-0.4041999	0.329878	0.0970419	0.902958	0.194084	1.80592	0.9987356
5113	1	-1818.468	-1818.063	-0.4048322	0.307251	0.108749	0.891251	0.217497	1.7825	0.9993673
5114	0	-1816.515	-1816.11	-0.4051051	0.325954	0.104276	0.895724	0.208553	1.79145	0.99964
5115	1	-1818.738	-1818.333	-0.4047707	0.357132	0.0883501	0.91165	0.1767	1.8233	0.9993059
5116	0	-1814.756	-1814.351	-0.4054443	0.322708	0.098478	0.901522	0.196956	1.80304	0.9999792
5117	1	-1817.677	-1817.272	-0.4049084	0.358178	0.0918086	0.908191	0.183617	1.81638	0.9994435
5118	0	-1818.297	-1817.893	-0.4042286	0.299883	0.0973476	0.902652	0.194695	1.8053	0.9987642
5119	1	-1815.356	-1814.951	-0.4051852	0.335039	0.0972321	0.902768	0.194464	1.80554	0.9997202
5120	0	-1817.096	-1816.692	-0.4042286	0.315751	0.0989069	0.901093	0.197814	1.80219	0.9987642
5121	1	-1816.176	-1815.771	-0.4047012	0.326544	0.0955685	0.904431	0.191137	1.80886	0.9992364
5122	0	-1818.473	-1818.069	-0.4035394	0.330769	0.100149	0.899851	0.200298	1.7997	0.9980762
5123	1	-1816.346	-1815.941	-0.40519	0.307231	0.104334	0.895666	0.208668	1.79133	0.9997249
5124	0	-1814.934	-1814.529	-0.4053616	0.324493	0.0990801	0.90092	0.19816	1.80184	0.9998964
5125	1	-1815.61	-1815.205	-0.4052517	0.30937	0.0976621	0.902338	0.195324	1.80468	0.9997866
5126	0	-1819.874	-1819.47	-0.4038098	0.336376	0.105193	0.894807	0.210387	1.78961	0.998346
5127	1	-1817.861	-1817.457	-0.4039164	0.319402	0.101658	0.898342	0.203316	1.79668	0.9984525
5128	0	-1815.601	-1815.196	-0.4049964	0.320882	0.0989843	0.901016	0.197969	1.80203	0.9995314
5129	1	-1815.167	-1814.762	-0.4053583	0.338094	0.0971294	0.902871	0.194259	1.80574	0.9998932
5130	0	-1815.391	-1814.986	-0.4051434	0.329688	0.0953491	0.904651	0.190698	1.8093	0.9996784
5131	1	-1815.978	-1815.573	-0.4049021	0.332071	0.0942461	0.905754	0.188492	1.81151	0.9994372
5132	0	-1816.696	-1816.292	-0.4044961	0.337534	0.0971422	0.902858	0.194284	1.80572	0.9990315
5133	1	-1815.974	-1815.569	-0.4054137	0.302764	0.103465	0.896535	0.206929	1.79307	0.9999486
5134	0	-1815.486	-1815.08	-0.4054561	0.334574	0.101515	0.898485	0.20303	1.79697	0.999991
5135	1	-1815.93	-1815.525	-0.4054137	0.302926	0.0969167	0.903083	0.193833	1.80617	0.9999486
5136	0	-1819.967	-1819.562	-0.4054561	0.380155	0.090586	0.909414	0.181172	1.81883	0.999991
5137	1	-1814.79	-1814.385	-0.4054523	0.324477	0.0961243	0.903876	0.192249	1.80775	0.9999872
5138	0	-1815.176	-1814.771	-0.4052741	0.332683	0.0982691	0.901731	0.196538	1.80346	0.999809
5139	1	-1816.049	-1815.644	-0.4054523	0.331531	0.103932	0.896068	0.207864	1.79214	0.9999872
5140	0	-1815.358	-1814.953	-0.4052658	0.336896	0.0982101	0.90179	0.19642	1.80358	0.9998007
5141	1	-1815.591	-1815.186	-0.4053898	0.305719	0.101524	0.898476	0.203047	1.79695	0.9999247
5142	0	-1815.18	-1814.775	-0.4052077	0.329289	0.0974784	0.902522	0.194957	1.80504	0.9997426
5143	1	-1815.823	-1815.417	-0.4053898	0.304941	0.103011	0.896989	0.206022	1.79398	0.9999247
5144	0	-1814.731	-1814.326	-0.4054541	0.322691	0.0981322	0.901868	0.196264	1.80374	0.999989
5145	1	-1815.615	-1815.209	-0.4054151	0.317031	0.0935683	0.906432	0.187137	1.81286	0.99995
5146	0	-1815.773	-1815.368	-0.4052071	0.342622	0.0936649	0.906335	0.18733	1.81267	0.999742
5147	1	-1815.424	-1815.019	-0.4052974	0.317273	0.0951954	0.904805	0.190391	1.80961	0.9998324
5148	0	-1815.497	-1815.092	-0.4050218	0.325978	0.0971448	0.902855	0.19429	1.80571	0.9995568
5149	1	-1814.923	-1814.518	-0.4053627	0.330966	0.0969502	0.90305	0.1939	1.8061	0.9998976
5150	0	-1816.016	-1815.611	-0.4050012	0.337719	0.0934073	0.906593	0.186815	1.81319	0.9995362
5151	1	-1814.935	-1814.53	-0.4053627	0.326616	0.0989122	0.901088	0.197824	1.80218	0.9998976
5152	0	-1818.197	-1817.792	-0.404804	0.362139	0.093101	0.906899	0.186202	1.8138	0.9993392
5153	1	-1815.331	-1814.926	-0.405133	0.323869	0.0988753	0.901125	0.197751	1.80225	0.999668
5154	0	-1820.948	-1820.544	-0.4033871	0.304807	0.0920041	0.907996	0.184008	1.81599	0.9979241
5155	1	-1815.453	-1815.048	-0.4053163	0.342705	0.0958602	0.90414	0.19172	1.80828	0.9998512
5156	0	-1815.705	-1815.3	-0.4052689	0.33703	0.100381	0.899619	0.200762	1.79924	0.9998038
5157	1	-1815.557	-1815.152	-0.4053375	0.333102	0.101269	0.898731	0.202538	1.79746	0.9998724
5158	0	-1816.13	-1815.725	-0.4050963	0.335172	0.0919891	0.908011	0.183978	1.81602	0.9996312
5159	1	-1819.461	-1819.055	-0.4054543	0.32951	0.111066	0.888934	0.222132	1.77787	0.9999892
5160	0	-1820.196	-1819.792	-0.4038301	0.326015	0.0884257	0.911574	0.176851	1.82315	0.9983663
5161	1	-1816.632	-1816.227	-0.4054543	0.350273	0.089598	0.910402	0.179196	1.8208	0.9999892
5162	0	-1818.808	-1818.404	-0.403851	0.301379	0.103003	0.896997	0.206006	1.79399	0.9983872
5163	1	-1816.93	-1816.525	-0.4049328	0.342411	0.0906454	0.909355	0.181291	1.81871	0.9994678
5164	0	-1819.68	-1819.276	-0.4049515	0.340152	0.108085	0.891915	0.216169	1.78383	0.9994866
5165	1	-1817.493	-1817.089	-0.4041069	0.313979	0.100917	0.899083	0.201834	1.79817	0.9986427
5166	0	-1816.644	-1816.239	-0.4052946	0.330012	0.105009	0.894991	0.210018	1.78998	0.9998296
5167	1	-1815.916	-1815.511	-0.4051271	0.306733	0.0998075	0.900193	0.199615	1.80039	0.999662
5168	0	-1817.909	-1817.505	-0.4041949	0.319583	0.10401	0.89599	0.20802	1.79198	0.9987306
5169	1	-1817.303	-1816.898	-0.4044823	0.34478	0.0928249	0.907175	0.18565	1.81435	0.9990177
5170	0	-1815.932	-1815.527	-0.4052228	0.330292	0.102462	0.897538	0.204924	1.79508	0.9997577
5171	1	-1817.923	-1817.519	-0.4041983	0.303329	0.101913	0.898087	0.203826	1.79617	0.998734
5172	0	-1817.54	-1817.135	-0.4053894	0.349042	0.0875894	0.912411	0.175179	1.82482	0.9999243
5173	1	-1816.414	-1816.01	-0.404631	0.327822	0.0946448	0.905355	0.18929	1.81071	0.9991663
5174	0	-1815.13	-1814.725	-0.4053276	0.315395	0.0991285	0.900872	0.198257	1.80174	0.9998625
5175	1	-1817.365	-1816.96	-0.404631	0.346353	0.09931	0.90069	0.19862	1.80138	0.9991663
5176	0	-1815.878	-1815.473	-0.4053429	0.314963	0.104204	0.895796	0.208408	1.79159	0.9998778
5177	1	-1817.268	-1816.863	-0.4045152	0.313949	0.103772	0.896228	0.207545	1.79246	0.9990505
5178	0	-1815.16	-1814.755	-0.4053056	0.326918	0.0949583	0.905042	0.189917	1.81008	0.9998405
5179	1	-1817.911	-1817.506	-0.4051252	0.336642	0.106043	0.893957	0.212085	1.78791	0.9996601
5180	0	-1818.636	-1818.231	-0.4049316	0.283512	0.101646	0.898354	0.203292	1.79671	0.9994666
5181	1	-1815.832	-1815.426	-0.4050299	0.339512	0.0950503	0.90495	0.190101	1.8099	0.9995649
5182	0	-1815.11	-1814.705	-0.4052471	0.329388	0.0974623	0.902538	0.194925	1.80508	0.999782
5183	1	-1815.61	-1815.205	-0.4050834	0.316075	0.0970441	0.902956	0.194088	1.80591	0.9996183
5184	0	-1815.51	-1815.105	-0.4052436	0.313056	0.101272	0.898728	0.202544	1.79746	0.9997785
5185	1	-1815.494	-1815.089	-0.4050779	0.333348	0.0963082	0.903692	0.192616	1.80738	0.9996129
5186	0	-1816.101	-1815.696	-0.4051495	0.338237	0.0918493	0.908151	0.183699	1.8163	0.9996845
5187	1	-1815.956	-1815.55	-0.4052311	0.305979	0.102336	0.897664	0.204673	1.79533	0.999766
5188	0	-1815.293	-1814.888	-0.405379	0.316337	0.101929	0.898071	0.203858	1.79614	0.9999139
5189	1	-1815.951	-1815.546	-0.4050645	0.322013	0.102385	0.897615	0.20477	1.79523	0.9995994
5190	0	-1816.915	-1816.51	-0.405379	0.323314	0.106864	0.893136	0.213727	1.78627	0.9999139
5191	1	-1818.252	-1817.847	-0.4048301	0.287829	0.101042	0.898958	0.202084	1.79792	0.9993652
5192	0	-1815.199	-1814.793	-0.405379	0.339753	0.0953151	0.904685	0.19063	1.80937	0.9999139
5193	1	-1817.529	-1817.124	-0.4047796	0.346191	0.0900203	0.90998	0.180041	1.81996	0.9993147
5194	0	-1815.09	-1814.685	-0.405379	0.316869	0.100529	0.899471	0.201058	1.79894	0.9999139
5195	1	-1816.13	-1815.725	-0.4051639	0.305869	0.0968479	0.903152	0.193696	1.8063	0.9996988
5196	0	-1818.634	-1818.231	-0.4036354	0.325774	0.0928885	0.907111	0.185777	1.81422	0.998172
5197	1	-1815.019	-1814.613	-0.4053912	0.334332	0.098211	0.901789	0.196422	1.80358	0.9999261
5198	0	-1816.365	-1815.96	-0.4048032	0.308997	0.0996407	0.900359	0.199281	1.80072	0.9993383
5199	1	-1814.998	-1814.593	-0.4053912	0.317046	0.0997616	0.900238	0.199523	1.80048	0.9999261
5200	0	-1816.811	-1816.406	-0.4052264	0.294064	0.100646	0.899354	0.201292	1.79871	0.9997614
5201	1	-1817.78	-1817.375	-0.4047732	0.29677	0.104832	0.895168	0.209663	1.79034	0.9993083
5202	0	-1815.347	-1814.942	-0.4052264	0.336754	0.0971822	0.902818	0.194364	1.80564	0.9997614
5203	1	-1816.537	-1816.132	-0.4052784	0.334184	0.103927	0.896073	0.207855	1.79215	0.9998133
5204	0	-1817.156	-1816.75	-0.4052264	0.295293	0.105224	0.894776	0.210448	1.78955	0.9997614
5205	1	-1816.616	-1816.21	-0.4054272	0.358185	0.0950935	0.904906	0.190187	1.80981	0.9999621
5206	0	-1815.679	-1815.274	-0.4052264	0.307686	0.0992406	0.900759	0.198481	1.80152	0.9997614
5207	1	-1815.374	-1814.969	-0.4051576	0.317358	0.0989322	0.901068	0.197864	1.80214	0.9996925
5208	0	-1816.771	-1816.365	-0.4054286	0.359156	0.0955706	0.904429	0.191141	1.80886	0.9999635
5209	1	-1817.17	-1816.765	-0.4054019	0.362482	0.0943586	0.905641	0.188717	1.81128	0.9999368
5210	0	-1817.188	-1816.784	-0.404857	0.313288	0.0926444	0.907356	0.185289	1.81471	0.9993921
5211	1	-1816.026	-1815.621	-0.4053759	0.313215	0.104892	0.895108	0.209784	1.79022	0.9999108
5212	0	-1818.747	-1818.342	-0.4045201	0.307265	0.108064	0.891936	0.216128	1.78387	0.9990555
5213	1	-1816.805	-1816.4	-0.4054194	0.291934	0.103338	0.896662	0.206676	1.79332	0.9999543
5214	0	-1815.993	-1815.588	-0.4049318	0.322397	0.101402	0.898598	0.202803	1.7972	0.9994669
5215	1	-1817.221	-1816.817	-0.4040946	0.320098	0.0983759	0.901624	0.196752	1.80325	0.9986304
5216	0	-1816.694	-1816.29	-0.4048051	0.347351	0.0946619	0.905338	0.189324	1.81068	0.9993402
5217	1	-1815.482	-1815.077	-0.4050416	0.323394	0.0985845	0.901415	0.197169	1.80283	0.9995766
5218	0	-1817.791	-1817.386	-0.4049838	0.289334	0.100837	0.899163	0.201675	1.79833	0.9995189
5219	1	-1817.357	-1816.952	-0.4050303	0.299874	0.0951452	0.904855	0.19029	1.80971	0.9995653
5220	0	-1815.829	-1815.424	-0.4050026	0.317843	0.09579	0.90421	0.19158	1.80842	0.9995376
5221	1	-1817.7	-1817.296	-0.4043487	0.325152	0.103813	0.896187	0.207627	1.79237	0.9988842
5222	0	-1819.177	-1818.773	-0.4038785	0.296469	0.103394	0.896606	0.206787	1.79321	0.9984146
5223	1	-1816.116	-1815.71	-0.4051436	0.347005	0.0968078	0.903192	0.193616	1.80638	0.9996785
5224	0	-1818.083	-1817.679	-0.4045035	0.307513	0.0933401	0.90666	0.18668	1.81332	0.9990389
5225	1	-1816.755	-1816.35	-0.4054008	0.3332	0.0890046	0.910995	0.178009	1.82199	0.9999357
5226	0	-1818.986	-1818.582	-0.4034698	0.333895	0.092273	0.907727	0.184546	1.81545	0.9980067
5227	1	-1815.946	-1815.541	-0.405179	0.343521	0.0983008	0.901699	0.196602	1.8034	0.9997139
5228	0	-1816.923	-1816.519	-0.4046514	0.340889	0.0996042	0.900396	0.199208	1.80079	0.9991866
5229	1	-1818.687	-1818.283	-0.4043937	0.356977	0.0907389	0.909261	0.181478	1.81852	0.9989291
5230	0	-1815.527	-1815.122	-0.4053148	0.318991	0.102606	0.897394	0.205211	1.79479	0.9998497
5231	1	-1815.639	-1815.234	-0.405183	0.341112	0.0948181	0.905182	0.189636	1.81036	0.9997179
5232	0	-1816.494	-1816.089	-0.4045978	0.325675	0.0947056	0.905294	0.189411	1.81059	0.9991331
5233	1	-1816.433	-1816.028	-0.4050766	0.334921	0.102378	0.897622	0.204756	1.79524	0.9996115
5234	0	-1819.829	-1819.426	-0.4038496	0.333202	0.105852	0.894148	0.211705	1.7883	0.9983858
5235	1	-1815.66	-1815.255	-0.405287	0.335451	0.100758	0.899242	0.201516	1.79848	0.999822
5236	0	-1818.071	-1817.668	-0.4036944	0.315457	0.0990065	0.900994	0.198013	1.80199	0.9982308
5237	1	-1815.59	-1815.185	-0.4050018	0.328349	0.0986459	0.901354	0.197292	1.80271	0.9995368
5238	0	-1816.377	-1815.973	-0.404598	0.333964	0.0971798	0.90282	0.19436	1.80564	0.9991332
5239	1	-1821.623	-1821.22	-0.4028135	0.312061	0.107633	0.892367	0.215265	1.78473	0.9973519
5240	0	-1817.431	-1817.027	-0.4044374	0.343325	0.0992514	0.900749	0.198503	1.8015	0.9989728
5241	1	-1816.203	-1815.798	-0.4047843	0.316271	0.0964521	0.903548	0.192904	1.8071	0.9993194
5242	0	-1816.361	-1815.956	-0.4049434	0.33788	0.0922628	0.907737	0.184526	1.81547	0.9994784
5243	1	-1814.995	-1814.589	-0.4053765	0.329894	0.099159	0.900841	0.198318	1.80168	0.9999114
5244	0	-1817.007	-1816.602	-0.4045236	0.343744	0.0941867	0.905813	0.188373	1.81163	0.9990589
5245	1	-1814.991	-1814.586	-0.4053765	0.326155	0.0953295	0.904671	0.190659	1.80934	0.9999114
5246	0	-1817.518	-1817.113	-0.4051864	0.331367	0.0883937	0.911606	0.176787	1.82321	0.9997213
5247	1	-1815.199	-1814.793	-0.4053765	0.33534	0.0939862	0.906014	0.187972	1.81203	0.9999114
5248	0	-1814.875	-1814.469	-0.405414	0.323778	0.0995297	0.90047	0.199059	1.80094	0.9999489
5249	1	-1816.414	-1816.009	-0.4046354	0.314288	0.0988332	0.901167	0.197666	1.80233	0.9991706
5250	0	-1815.257	-1814.852	-0.4051644	0.322263	0.0978584	0.902142	0.195717	1.80428	0.9996993
5251	1	-1816.232	-1815.827	-0.4050038	0.335754	0.100946	0.899054	0.201893	1.79811	0.9995388
5252	0	-1816.621	-1816.216	-0.4050849	0.305808	0.0951974	0.904803	0.190395	1.80961	0.9996199
5253	1	-1815.59	-1815.185	-0.404997	0.328295	0.0960806	0.903919	0.192161	1.80784	0.999532
5254	0	-1816.182	-1815.778	-0.4047477	0.336476	0.0965736	0.903426	0.193147	1.80685	0.9992829
5255	1	-1815.596	-1815.191	-0.404997	0.331669	0.0968882	0.903112	0.193776	1.80622	0.999532
5256	0	-1816.167	-1815.762	-0.4050123	0.320596	0.0935235	0.906477	0.187047	1.81295	0.9995473
5257	1	-1815.914	-1815.509	-0.4051289	0.311195	0.10227	0.89773	0.204541	1.79546	0.9996638
5258	0	-1821.65	-1821.246	-0.4037654	0.282511	0.107905	0.892095	0.21581	1.78419	0.9983017
5259	1	-1818.755	-1818.35	-0.4043232	0.300422	0.106406	0.893594	0.212813	1.78719	0.9988588
5260	0	-1818.422	-1818.018	-0.4037206	0.307238	0.099372	0.900628	0.198744	1.80126	0.998257
5261	1	-1816.372	-1815.967	-0.4051869	0.303862	0.0962722	0.903728	0.192544	1.80746	0.9997218
5262	0	-1820.651	-1820.248	-0.4022997	0.315939	0.0969451	0.903055	0.19389	1.80611	0.9968396
5263	1	-1817.866	-1817.462	-0.4041821	0.314129	0.103772	0.896228	0.207545	1.79246	0.9987179
5264	0	-1815.475	-1815.07	-0.4050857	0.328764	0.0989847	0.901015	0.197969	1.80203	0.9996207
5265	1	-1816.675	-1816.269	-0.4051636	0.329209	0.104591	0.895409	0.209182	1.79082	0.9996985
5266	0	-1819.69	-1819.284	-0.4054294	0.353148	0.0841787	0.915821	0.168357	1.83164	0.9999643
5267	1	-1816.244	-1815.839	-0.4052923	0.337382	0.10246	0.89754	0.20492	1.79508	0.9998272
5268	0	-1815.016	-1814.61	-0.4054294	0.335811	0.0982495	0.901751	0.196499	1.8035	0.9999643
5269	1	-1816.998	-1816.594	-0.4043872	0.33151	0.0937126	0.906287	0.187425	1.81257	0.9989227
5270	0	-1816.717	-1816.311	-0.4052382	0.300183	0.104853	0.895147	0.209706	1.79029	0.9997731
5271	1	-1815.676	-1815.271	-0.4050483	0.327744	0.0945597	0.90544	0.189119	1.81088	0.9995832
5272	0	-1815.434	-1815.029	-0.4053349	0.340614	0.0981156	0.901884	0.196231	1.80377	0.9998698
5273	1	-1815.136	-1814.73	-0.4054065	0.33778	0.0980771	0.901923	0.196154	1.80385	0.9999414
5274	0	-1818.824	-1818.419	-0.4053623	0.360556	0.0863242	0.913676	0.172648	1.82735	0.9998972
5275	1	-1816.194	-1815.789	-0.4054065	0.338225	0.0901394	0.909861	0.180279	1.81972	0.9999414
5276	0	-1819.022	-1818.618	-0.4038376	0.34775	0.0996783	0.900322	0.199357	1.80064	0.9983738
5277	1	-1815.552	-1815.147	-0.4054065	0.340892	0.0924553	0.907545	0.184911	1.81509	0.9999414
5278	0	-1816.586	-1816.182	-0.4047345	0.343799	0.0948344	0.905166	0.189669	1.81033	0.9992697
5279	1	-1815.627	-1815.222	-0.4051727	0.311031	0.100361	0.899639	0.200722	1.79928	0.9997077
5280	0	-1815.118	-1814.712	-0.4052316	0.326132	0.0972049	0.902795	0.19441	1.80559	0.9997665
5281	1	-1814.897	-1814.492	-0.4054643	0.316797	0.1001	0.8999	0.2002	1.7998	0.9999992
5282	0	-1815.089	-1814.683	-0.4053312	0.31854	0.0999017	0.900098	0.199803	1.8002	0.9998661
5283	1	-1814.938	-1814.532	-0.4054413	0.329932	0.0946731	0.905327	0.189346	1.81065	0.9999762
5284	0	-1816.483	-1816.078	-0.4052377	0.309145	0.105384	0.894616	0.210767	1.78923	0.9997726
5285	1	-1815.624	-1815.219	-0.4052257	0.331964	0.0930519	0.906948	0.186104	1.8139	0.9997607
5286	0	-1816.624	-1816.22	-0.4045695	0.313506	0.0974118	0.902588	0.194824	1.80518	0.9991048
5287	1	-1815.552	-1815.146	-0.4052908	0.343442	0.0951175	0.904883	0.190235	1.80977	0.9998257
5288	0	-1816.216	-1815.811	-0.4051523	0.326649	0.103529	0.896471	0.207058	1.79294	0.9996873
5289	1	-1815.669	-1815.264	-0.4052908	0.306148	0.100341	0.899659	0.200682	1.79932	0.9998257
5290	0	-1817.169	-1816.763	-0.4052112	0.352771	0.0998535	0.900147	0.199707	1.80029	0.9997461
5291	1	-1815.502	-1815.097	-0.4052908	0.320109	0.102275	0.897725	0.20455	1.79545	0.9998257
5292	0	-1816.245	-1815.84	-0.4050337	0.304413	0.100256	0.899744	0.200512	1.79949	0.9995687
5293	1	-1815.094	-1814.688	-0.4052464	0.327654	0.0974773	0.902523	0.194955	1.80505	0.9997813
5294	0	-1818.56	-1818.156	-0.4035564	0.334549	0.093468	0.906532	0.186936	1.81306	0.9980932
5295	1	-1816.762	-1816.358	-0.40446	0.323396	0.0948838	0.905116	0.189768	1.81023	0.9989954
5296	0	-1816.941	-1816.536	-0.4045101	0.33985	0.0986385	0.901362	0.197277	1.80272	0.9990455
5297	1	-1817.528	-1817.123	-0.4045786	0.350956	0.0926891	0.907311	0.185378	1.81462	0.9991139
5298	0	-1817.298	-1816.893	-0.405329	0.336361	0.10557	0.89443	0.211141	1.78886	0.9998639
5299	1	-1815.685	-1815.28	-0.4051352	0.336869	0.0938454	0.906155	0.187691	1.81231	0.9996701
5300	0	-1817.498	-1817.093	-0.4049743	0.352467	0.0899853	0.910015	0.179971	1.82003	0.9995093
5301	1	-1815.898	-1815.493	-0.4051069	0.335434	0.100362	0.899638	0.200723	1.79928	0.9996418
5302	0	-1815.45	-1815.045	-0.4053445	0.308466	0.0983461	0.901654	0.196692	1.80331	0.9998794
5303	1	-1817.711	-1817.306	-0.4053398	0.344744	0.0872566	0.912743	0.174513	1.82549	0.9998747
5304	0	-1818.196	-1817.791	-0.4046979	0.327566	0.10649	0.89351	0.21298	1.78702	0.9992331
5305	1	-1816.866	-1816.461	-0.40431	0.332057	0.0959998	0.904	0.192	1.808	0.9988456
5306	0	-1816.679	-1816.274	-0.4048647	0.347088	0.0973327	0.902667	0.194665	1.80533	0.9993998
5307	1	-1816.351	-1815.946	-0.405117	0.311813	0.0941071	0.905893	0.188214	1.81179	0.9996519
5308	0	-1817.696	-1817.291	-0.4047711	0.350423	0.0999222	0.900078	0.199844	1.80016	0.9993062
5309	1	-1817.56	-1817.156	-0.4039286	0.329336	0.0955753	0.904425	0.191151	1.80885	0.9984646
5310	0	-1816.041	-1815.636	-0.4049687	0.338367	0.0937214	0.906279	0.187443	1.81256	0.9995037
5311	1	-1816.331	-1815.926	-0.4050646	0.347396	0.0933042	0.906696	0.186608	1.81339	0.9995996
5312	0	-1816.339	-1815.934	-0.4053275	0.339233	0.0901495	0.909851	0.180299	1.8197	0.9998624
5313	1	-1815.441	-1815.036	-0.4051372	0.316379	0.0981307	0.901869	0.196261	1.80374	0.9996721
5314	0	-1817.981	-1817.575	-0.4053275	0.361732	0.0887161	0.911284	0.177432	1.82257	0.9998624
5315	1	-1821.428	-1821.024	-0.4047152	0.320057	0.113159	0.886841	0.226317	1.77368	0.9992503
5316	0	-1815.558	-1815.153	-0.4052685	0.325968	0.101938	0.898062	0.203876	1.79612	0.9998034
5317	1	-1815.828	-1815.423	-0.4053193	0.337275	0.0916844	0.908316	0.183369	1.81663	0.9998542
5318	0	-1818.888	-1818.484	-0.4047632	0.362967	0.0895093	0.910491	0.179019	1.82098	0.9992983
5319	1	-1817.537	-1817.131	-0.4052741	0.287143	0.101154	0.898846	0.202308	1.79769	0.999809
5320	0	-1816.857	-1816.452	-0.4044519	0.324727	0.0942722	0.905728	0.188544	1.81146	0.9989873
5321	1	-1815.361	-1814.956	-0.4052774	0.314288	0.100805	0.899195	0.20161	1.79839	0.9998123
5322	0	-1816.63	-1816.226	-0.4044519	0.323979	0.0997291	0.900271	0.199458	1.80054	0.9989873
5323	1	-1815.668	-1815.263	-0.4050471	0.314515	0.0992397	0.90076	0.198479	1.80152	0.9995821
5324	0	-1814.882	-1814.477	-0.4053668	0.32761	0.0978304	0.90217	0.195661	1.80434	0.9999017
5325	1	-1816.014	-1815.609	-0.4050471	0.341418	0.0981779	0.901822	0.196356	1.80364	0.9995821
5326	0	-1816.718	-1816.313	-0.4054128	0.353082	0.0900803	0.90992	0.180161	1.81984	0.9999477
5327	1	-1815.839	-1815.434	-0.4051874	0.320619	0.0935623	0.906438	0.187125	1.81288	0.9997224
5328	0	-1815.685	-1815.28	-0.4049241	0.322827	0.0981332	0.901867	0.196266	1.80373	0.9994591
5329	1	-1816.123	-1815.718	-0.4051762	0.303625	0.0982162	0.901784	0.196432	1.80357	0.9997111
5330	0	-1816.292	-1815.887	-0.4048649	0.323685	0.102189	0.897811	0.204378	1.79562	0.9994
5331	1	-1817.842	-1817.439	-0.4037718	0.328665	0.0989798	0.90102	0.19796	1.80204	0.9983082
5332	0	-1816.006	-1815.601	-0.4051827	0.304789	0.0983332	0.901667	0.196666	1.80333	0.9997177
5333	1	-1815.338	-1814.932	-0.4051687	0.31975	0.0969124	0.903088	0.193825	1.80618	0.9997036
5334	0	-1815.824	-1815.419	-0.4048405	0.324156	0.0976574	0.902343	0.195315	1.80469	0.9993756
5335	1	-1816.725	-1816.32	-0.4051687	0.317118	0.091662	0.908338	0.183324	1.81668	0.9997036
5336	0	-1822.392	-1821.99	-0.4025873	0.3634	0.0945248	0.905475	0.18905	1.81095	0.9971263
5337	1	-1816.947	-1816.541	-0.4051687	0.305582	0.0937048	0.906295	0.18741	1.81259	0.9997036
5338	0	-1821.38	-1820.978	-0.4022403	0.321002	0.10373	0.89627	0.20746	1.79254	0.9967804
5339	1	-1820.107	-1819.703	-0.4038642	0.356674	0.0997775	0.900222	0.199555	1.80044	0.9984004
5340	0	-1815.529	-1815.124	-0.4050703	0.322358	0.099907	0.900093	0.199814	1.80019	0.9996053
5341	1	-1815.526	-1815.121	-0.4052161	0.339782	0.0947716	0.905228	0.189543	1.81046	0.999751
5342	0	-1818.518	-1818.113	-0.4047189	0.363429	0.0930026	0.906997	0.186005	1.81399	0.999254
5343	1	-1821.585	-1821.181	-0.4038153	0.300773	0.0903557	0.909644	0.180711	1.81929	0.9983516
5344	0	-1816.551	-1816.146	-0.4046711	0.324256	0.0939094	0.906091	0.187819	1.81218	0.9992063
5345	1	-1819.307	-1818.904	-0.4035822	0.299998	0.0984287	0.901571	0.196857	1.80314	0.9981188
5346	0	-1816.606	-1816.201	-0.4049956	0.336181	0.0910381	0.908962	0.182076	1.81792	0.9995306
5347	1	-1818.776	-1818.373	-0.4036715	0.338679	0.091847	0.908153	0.183694	1.81631	0.998208
5348	0	-1816.61	-1816.204	-0.4050257	0.300286	0.0992348	0.900765	0.19847	1.80153	0.9995607
5349	1	-1818.206	-1817.802	-0.4042024	0.3521	0.0958553	0.904145	0.191711	1.80829	0.9987381
5350	0	-1815.082	-1814.677	-0.4052736	0.325592	0.0988476	0.901152	0.197695	1.8023	0.9998085
5351	1	-1820.251	-1819.848	-0.4028366	0.303987	0.100634	0.899366	0.201268	1.79873	0.9973749
5352	0	-1815.77	-1815.365	-0.4052736	0.346363	0.0956767	0.904323	0.191353	1.80865	0.9998085
5353	1	-1817.825	-1817.421	-0.4040307	0.34157	0.0938734	0.906127	0.187747	1.81225	0.9985667
5354	0	-1816.404	-1815.999	-0.4045469	0.328639	0.0984874	0.901513	0.196975	1.80303	0.9990822
5355	1	-1817.447	-1817.043	-0.4039708	0.322852	0.0991567	0.900843	0.198313	1.80169	0.9985068
5356	0	-1816.756	-1816.351	-0.4054275	0.29131	0.100717	0.899283	0.201434	1.79857	0.9999624
5357	1	-1817	-1816.595	-0.4054196	0.336587	0.0883318	0.911668	0.176664	1.82334	0.9999545
5358	0	-1816.635	-1816.231	-0.4044492	0.318547	0.0974863	0.902514	0.194973	1.80503	0.9989846
5359	1	-1817.273	-1816.868	-0.4051737	0.292983	0.10429	0.89571	0.208579	1.79142	0.9997086
5360	0	-1815.75	-1815.345	-0.4054455	0.341414	0.0914135	0.908586	0.182827	1.81717	0.9999804
5361	1	-1819.163	-1818.758	-0.405027	0.317416	0.110595	0.889405	0.22119	1.77881	0.9995619
5362	0	-1816.765	-1816.36	-0.4044825	0.335516	0.0958074	0.904193	0.191615	1.80839	0.9990178
5363	1	-1815.513	-1815.108	-0.4051067	0.325644	0.10012	0.89988	0.200241	1.79976	0.9996417
5364	0	-1817.025	-1816.62	-0.4048842	0.299353	0.102494	0.897506	0.204988	1.79501	0.9994193
5365	1	-1815.395	-1814.99	-0.4054447	0.328588	0.102224	0.897776	0.204447	1.79555	0.9999796
5366	0	-1815.708	-1815.302	-0.4053918	0.303759	0.101527	0.898473	0.203055	1.79695	0.9999267
5367	1	-1815.468	-1815.063	-0.4051382	0.322638	0.0954685	0.904532	0.190937	1.80906	0.9996732
5368	0	-1815.131	-1814.725	-0.405444	0.340625	0.0950942	0.904906	0.190188	1.80981	0.9999789
5369	1	-1815.957	-1815.552	-0.4049932	0.341056	0.0965932	0.903407	0.193186	1.80681	0.9995282
5370	0	-1816.994	-1816.589	-0.4049496	0.305543	0.10495	0.89505	0.209899	1.7901	0.9994846
5371	1	-1818.714	-1818.31	-0.4042299	0.293087	0.101438	0.898562	0.202876	1.79712	0.9987656
5372	0	-1816.734	-1816.329	-0.4052141	0.295137	0.101632	0.898368	0.203263	1.79674	0.9997491
5373	1	-1821.283	-1820.879	-0.4042299	0.354258	0.105015	0.894985	0.21003	1.78997	0.9987656
5374	0	-1815.842	-1815.437	-0.4050523	0.310579	0.0999232	0.900077	0.199846	1.80015	0.9995873
5375	1	-1815.034	-1814.628	-0.4053391	0.32859	0.0953953	0.904605	0.190791	1.80921	0.999874
5376	0	-1816.607	-1816.202	-0.4049469	0.325732	0.0918146	0.908185	0.183629	1.81637	0.9994819
5377	1	-1816.632	-1816.227	-0.4051675	0.31892	0.105522	0.894478	0.211044	1.78896	0.9997025
5378	0	-1818.605	-1818.2	-0.4044841	0.353759	0.0998406	0.900159	0.199681	1.80032	0.9990195
5379	1	-1818.2	-1817.794	-0.4054643	0.282437	0.106186	0.893814	0.212372	1.78763	0.9999992
5380	0	-1815.79	-1815.385	-0.4052527	0.313001	0.10306	0.89694	0.206119	1.79388	0.9997876
5381	1	-1816.989	-1816.584	-0.4048517	0.33667	0.102472	0.897528	0.204943	1.79506	0.9993868
5382	0	-1815.616	-1815.211	-0.4051214	0.313347	0.100149	0.899851	0.200298	1.7997	0.9996564
5383	1	-1816.304	-1815.899	-0.4051991	0.30053	0.098804	0.901196	0.197608	1.80239	0.999734
5384	0	-1815.73	-1815.324	-0.4053596	0.312804	0.103639	0.896361	0.207279	1.79272	0.9998945
5385	1	-1815.228	-1814.823	-0.4053725	0.314193	0.0965749	0.903425	0.19315	1.80685	0.9999074
5386	0	-1818.781	-1818.376	-0.4047004	0.32201	0.108369	0.891631	0.216739	1.78326	0.9992356
5387	1	-1817.429	-1817.024	-0.4053725	0.349769	0.0879359	0.912064	0.175872	1.82413	0.9999074
5388	0	-1815.943	-1815.538	-0.4048997	0.32783	0.0945621	0.905438	0.189124	1.81088	0.9994348
5389	1	-1817.099	-1816.694	-0.4051016	0.342265	0.08935	0.91065	0.1787	1.8213	0.9996366
5390	0	-1818.243	-1817.837	-0.405417	0.341612	0.106696	0.893304	0.213391	1.78661	0.9999519
5391	1	-1815.535	-1815.13	-0.4051872	0.311648	0.0993945	0.900606	0.198789	1.80121	0.9997221
5392	0	-1814.837	-1814.432	-0.405417	0.32721	0.0988184	0.901182	0.197637	1.80236	0.9999519
5393	1	-1815.654	-1815.248	-0.4053483	0.312673	0.0949448	0.905055	0.18989	1.81011	0.9998832
5394	0	-1816.882	-1816.478	-0.4044872	0.327936	0.0935451	0.906455	0.18709	1.81291	0.9990226
5395	1	-1815.153	-1814.747	-0.4054198	0.335665	0.0992707	0.900729	0.198541	1.80146	0.9999547
5396	0	-1815.08	-1814.675	-0.4052953	0.33216	0.0962371	0.903763	0.192474	1.80753	0.9998302
5397	1	-1815.772	-1815.367	-0.4054198	0.301822	0.0990683	0.900932	0.198137	1.80186	0.9999547
5398	0	-1815.397	-1814.992	-0.405298	0.310382	0.0990171	0.900983	0.198034	1.80197	0.999833
5399	1	-1818.77	-1818.364	-0.4053351	0.282546	0.0969763	0.903024	0.193953	1.80605	0.99987
5400	0	-1816.003	-1815.597	-0.405207	0.30366	0.0991035	0.900897	0.198207	1.80179	0.9997419
5401	1	-1816.903	-1816.498	-0.4051589	0.325168	0.0902058	0.909794	0.180412	1.81959	0.9996939
5402	0	-1815.361	-1814.956	-0.405207	0.333918	0.09849	0.90151	0.19698	1.80302	0.9997419
5403	1	-1816.608	-1816.203	-0.4051661	0.34824	0.0993985	0.900602	0.198797	1.8012	0.999701
5404	0	-1815.99	-1815.585	-0.4052853	0.321261	0.0923875	0.907612	0.184775	1.81522	0.9998202
5405	1	-1816.962	-1816.557	-0.4047711	0.301194	0.100272	0.899728	0.200545	1.79946	0.9993062
5406	0	-1816.517	-1816.111	-0.4052334	0.344665	0.100906	0.899094	0.201812	1.79819	0.9997683
5407	1	-1815.262	-1814.857	-0.4053027	0.313721	0.0999158	0.900084	0.199832	1.80017	0.9998376
5408	0	-1815.438	-1815.033	-0.4051323	0.325285	0.0999372	0.900063	0.199874	1.80013	0.9996673
5409	1	-1815.661	-1815.256	-0.4051516	0.338032	0.098539	0.901461	0.197078	1.80292	0.9996865
5410	0	-1815.567	-1815.161	-0.4051019	0.333713	0.0947485	0.905252	0.189497	1.8105	0.9996368
5411	1	-1820.01	-1819.605	-0.4051516	0.29842	0.112768	0.887232	0.225536	1.77446	0.9996865
5412	0	-1816.666	-1816.261	-0.4048723	0.32004	0.0927831	0.907217	0.185566	1.81443	0.9994073
5413	1	-1816.158	-1815.753	-0.4050344	0.31366	0.102998	0.897002	0.205996	1.794	0.9995694
5414	0	-1815.995	-1815.59	-0.4049365	0.311511	0.0994889	0.900511	0.198978	1.80102	0.9994716
5415	1	-1815.546	-1815.141	-0.4053516	0.344753	0.0945101	0.90549	0.18902	1.81098	0.9998865
5416	0	-1815.652	-1815.247	-0.4049365	0.325547	0.098068	0.901932	0.196136	1.80386	0.9994716
5417	1	-1818.728	-1818.323	-0.4047371	0.292679	0.107175	0.892825	0.214351	1.78565	0.9992722
5418	0	-1814.911	-1814.505	-0.4053493	0.324937	0.0971511	0.902849	0.194302	1.8057	0.9998842
5419	1	-1816.752	-1816.347	-0.4050155	0.301433	0.103334	0.896666	0.206668	1.79333	0.9995505
5420	0	-1817.341	-1816.936	-0.4052144	0.325453	0.106925	0.893075	0.213851	1.78615	0.9997493
5421	1	-1815.608	-1815.203	-0.4054625	0.30528	0.0970627	0.902937	0.194125	1.80587	0.9999974
5422	0	-1815.445	-1815.04	-0.4053694	0.308023	0.100813	0.899187	0.201627	1.79837	0.9999043
5423	1	-1814.796	-1814.391	-0.4054141	0.323659	0.0981357	0.901864	0.196271	1.80373	0.999949
5424	0	-1815.053	-1814.648	-0.4053694	0.32586	0.0950008	0.904999	0.190002	1.81	0.9999043
5425	1	-1814.948	-1814.543	-0.4054141	0.320672	0.0960678	0.903932	0.192136	1.80786	0.999949
5426	0	-1815.372	-1814.967	-0.4054561	0.323097	0.10284	0.89716	0.20568	1.79432	0.999991
5427	1	-1814.882	-1814.476	-0.4054141	0.329088	0.0955587	0.904441	0.191117	1.80888	0.999949
5428	0	-1815.273	-1814.868	-0.4054561	0.336273	0.100144	0.899856	0.200289	1.79971	0.999991
5429	1	-1815.66	-1815.254	-0.4054598	0.305419	0.0966957	0.903304	0.193391	1.80661	0.9999947
5430	0	-1816.157	-1815.751	-0.4054561	0.352535	0.097382	0.902618	0.194764	1.80524	0.999991
5431	1	-1814.852	-1814.446	-0.4054598	0.323792	0.0955442	0.904456	0.191088	1.80891	0.9999947
5432	0	-1817.434	-1817.029	-0.4054561	0.286223	0.0997145	0.900286	0.199429	1.80057	0.999991
5433	1	-1817.768	-1817.362	-0.4052835	0.34856	0.0874885	0.912511	0.174977	1.82502	0.9998184
5434	0	-1816.223	-1815.818	-0.4054561	0.340097	0.102609	0.897391	0.205219	1.79478	0.999991
5435	1	-1816.912	-1816.506	-0.4051748	0.294417	0.0996102	0.90039	0.19922	1.80078	0.9997098
5436	0	-1818.994	-1818.589	-0.4047001	0.34922	0.103605	0.896395	0.20721	1.79279	0.9992353
5437	1	-1815.291	-1814.886	-0.4052146	0.330135	0.0951013	0.904899	0.190203	1.8098	0.9997495
5438	0	-1814.995	-1814.589	-0.4053225	0.321099	0.0975944	0.902406	0.195189	1.80481	0.9998574
5439	1	-1818.981	-1818.576	-0.4047041	0.335249	0.106939	0.893061	0.213878	1.78612	0.9992393
5440	0	-1815.226	-1814.821	-0.4053633	0.325425	0.0982359	0.901764	0.196472	1.80353	0.9998982
5441	1	-1817.104	-1816.7	-0.4043707	0.309876	0.0987026	0.901297	0.197405	1.80259	0.9989062
5442	0	-1816.351	-1815.946	-0.4053615	0.332943	0.104063	0.895937	0.208127	1.79187	0.9998964
5443	1	-1816.872	-1816.467	-0.405156	0.329058	0.105095	0.894905	0.21019	1.78981	0.999691
5444	0	-1816.778	-1816.374	-0.404563	0.32344	0.101943	0.898057	0.203886	1.79611	0.9990983
5445	1	-1817.132	-1816.728	-0.4041394	0.331102	0.0969263	0.903074	0.193853	1.80615	0.9986751
5446	0	-1817.178	-1816.774	-0.4046416	0.335657	0.091238	0.908762	0.182476	1.81752	0.9991768
5447	1	-1816.078	-1815.673	-0.4049746	0.341901	0.0944624	0.905538	0.188925	1.81108	0.9995096
5448	0	-1817.147	-1816.743	-0.4043652	0.317169	0.0950098	0.90499	0.19002	1.80998	0.9989007
5449	1	-1815.073	-1814.668	-0.4053822	0.329758	0.0944825	0.905517	0.188965	1.81103	0.9999171
5450	0	-1815.079	-1814.674	-0.4053615	0.333473	0.0948913	0.905109	0.189783	1.81022	0.9998964
5451	1	-1815.799	-1815.394	-0.4050146	0.336071	0.0944825	0.905517	0.188965	1.81103	0.9995496
5452	0	-1816.171	-1815.766	-0.4053615	0.35308	0.0943098	0.90569	0.18862	1.81138	0.9998964
5453	1	-1817.193	-1816.788	-0.4045133	0.304256	0.100155	0.899845	0.200311	1.79969	0.9990486
5454	0	-1815.632	-1815.227	-0.4051829	0.338915	0.0983489	0.901651	0.196698	1.8033	0.9997178
5455	1	-1817.644	-1817.24	-0.4045133	0.324229	0.0912951	0.908705	0.18259	1.81741	0.9990486
5456	0	-1818.418	-1818.013	-0.4044742	0.341866	0.103311	0.896689	0.206623	1.79338	0.9990096
5457	1	-1815.561	-1815.156	-0.4051245	0.313922	0.0995947	0.900405	0.199189	1.80081	0.9996594
5458	0	-1814.901	-1814.496	-0.4053505	0.326179	0.0976855	0.902314	0.195371	1.80463	0.9998854
5459	1	-1816.275	-1815.871	-0.4046415	0.324937	0.0958186	0.904181	0.191637	1.80836	0.9991768
5460	0	-1817.795	-1817.39	-0.4050156	0.314851	0.107936	0.892064	0.215872	1.78413	0.9995506
5461	1	-1819.745	-1819.341	-0.4042311	0.363728	0.0967305	0.90327	0.193461	1.80654	0.9987667
5462	0	-1817.067	-1816.662	-0.404776	0.333439	0.102981	0.897019	0.205962	1.79404	0.9993112
5463	1	-1816.861	-1816.457	-0.4045518	0.308267	0.0997859	0.900214	0.199572	1.80043	0.9990872
5464	0	-1815.444	-1815.039	-0.4054058	0.311242	0.0959279	0.904072	0.191856	1.80814	0.9999407
5465	1	-1819.633	-1819.227	-0.4054408	0.370488	0.0862715	0.913728	0.172543	1.82746	0.9999757
5466	0	-1817.309	-1816.904	-0.4050989	0.338139	0.0888403	0.91116	0.177681	1.82232	0.9996338
5467	1	-1816.889	-1816.484	-0.4043684	0.314982	0.097892	0.902108	0.195784	1.80422	0.9989039
5468	0	-1815.576	-1815.171	-0.4050989	0.336604	0.0955048	0.904495	0.19101	1.80899	0.9996338
5469	1	-1816.73	-1816.325	-0.4050742	0.304425	0.104596	0.895404	0.209193	1.79081	0.9996091
5470	0	-1816.711	-1816.305	-0.405408	0.342721	0.0889787	0.911021	0.177957	1.82204	0.9999429
5471	1	-1816.354	-1815.949	-0.4046695	0.33517	0.0982091	0.901791	0.196418	1.80358	0.9992047
5472	0	-1815.456	-1815.05	-0.405408	0.331124	0.0924415	0.907558	0.184883	1.81512	0.9999429
5473	1	-1816.166	-1815.761	-0.4054334	0.316581	0.0919549	0.908045	0.18391	1.81609	0.9999683
5474	0	-1817.933	-1817.529	-0.4037464	0.324726	0.0954842	0.904516	0.190968	1.80903	0.9982828
5475	1	-1815.778	-1815.373	-0.4054334	0.347259	0.0981219	0.901878	0.196244	1.80376	0.9999683
5476	0	-1815.95	-1815.545	-0.4052357	0.326536	0.0921394	0.907861	0.184279	1.81572	0.9997706
5477	1	-1816.137	-1815.732	-0.4054334	0.320413	0.0914089	0.908591	0.182818	1.81718	0.9999683
5478	0	-1816.678	-1816.272	-0.4052357	0.333858	0.0897777	0.910222	0.179555	1.82044	0.9997706
5479	1	-1814.763	-1814.358	-0.4054334	0.323471	0.09746	0.90254	0.19492	1.80508	0.9999683
5480	0	-1817.849	-1817.443	-0.4053001	0.30018	0.108857	0.891143	0.217715	1.78229	0.999835
5481	1	-1814.815	-1814.409	-0.4054334	0.322442	0.0966648	0.903335	0.19333	1.80667	0.9999683
5482	0	-1815.742	-1815.336	-0.4053001	0.304938	0.100658	0.899342	0.201316	1.79868	0.999835
5483	1	-1816.019	-1815.614	-0.4052088	0.305309	0.0973752	0.902625	0.19475	1.80525	0.9997437
5484	0	-1819.491	-1819.086	-0.4047461	0.309447	0.0892144	0.910786	0.178429	1.82157	0.9992812
5485	1	-1816.598	-1816.193	-0.4051603	0.349886	0.0915629	0.908437	0.183126	1.81687	0.9996952
5486	0	-1816.081	-1815.675	-0.4051835	0.306669	0.10283	0.89717	0.205659	1.79434	0.9997185
5487	1	-1817.291	-1816.887	-0.404728	0.30663	0.0948127	0.905187	0.189625	1.81037	0.9992632
5488	0	-1817.139	-1816.734	-0.4051835	0.356529	0.0911364	0.908864	0.182273	1.81773	0.9997185
5489	1	-1817.477	-1817.071	-0.4052707	0.310425	0.108331	0.891669	0.216661	1.78334	0.9998056
5490	0	-1816.508	-1816.103	-0.405191	0.302151	0.0963869	0.903613	0.192774	1.80723	0.9997259
5491	1	-1816.182	-1815.776	-0.4052707	0.344932	0.0997776	0.900222	0.199555	1.80044	0.9998056
5492	0	-1816.005	-1815.6	-0.4051492	0.321152	0.093132	0.906868	0.186264	1.81374	0.9996841
5493	1	-1816.831	-1816.426	-0.404613	0.316121	0.0946602	0.90534	0.18932	1.81068	0.9991482
5494	0	-1815.331	-1814.926	-0.4053424	0.312527	0.101125	0.898875	0.20225	1.79775	0.9998773
5495	1	-1815.836	-1815.431	-0.4054005	0.341711	0.100491	0.899509	0.200982	1.79902	0.9999354
5496	0	-1815.765	-1815.36	-0.4053933	0.336287	0.101729	0.898271	0.203457	1.79654	0.9999282
5497	1	-1816.973	-1816.567	-0.405464	0.337449	0.08821	0.91179	0.17642	1.82358	0.9999989
5498	0	-1816.945	-1816.54	-0.4053933	0.290354	0.102383	0.897617	0.204765	1.79523	0.9999282
5499	1	-1816.965	-1816.56	-0.4050107	0.300293	0.104095	0.895905	0.208191	1.79181	0.9995457
5500	0	-1817.367	-1816.962	-0.4050583	0.35532	0.0982467	0.901753	0.196493	1.80351	0.9995933
5501	1	-1815.42	-1815.015	-0.4050904	0.328214	0.0960925	0.903907	0.192185	1.80781	0.9996254
5502	0	-1817.335	-1816.931	-0.4041086	0.318968	0.0962669	0.903733	0.192534	1.80747	0.9986444
5503	1	-1816.667	-1816.262	-0.4044875	0.325294	0.10042	0.89958	0.200841	1.79916	0.9990228
5504	0	-1817.735	-1817.33	-0.4050936	0.36194	0.0954535	0.904546	0.190907	1.80909	0.9996285
5505	1	-1817.064	-1816.659	-0.4044008	0.313765	0.0961435	0.903857	0.192287	1.80771	0.9989363
5506	0	-1818.869	-1818.464	-0.4049055	0.30688	0.109922	0.890078	0.219843	1.78016	0.9994406
5507	1	-1816.953	-1816.548	-0.4042536	0.32756	0.0958138	0.904186	0.191628	1.80837	0.9987892
5508	0	-1815.137	-1814.731	-0.4052924	0.333793	0.0958097	0.90419	0.191619	1.80838	0.9998273
5509	1	-1817.497	-1817.093	-0.4043848	0.347783	0.0960594	0.903941	0.192119	1.80788	0.9989203
5510	0	-1817.089	-1816.684	-0.4053111	0.296502	0.105975	0.894025	0.211951	1.78805	0.999846
5511	1	-1815.246	-1814.84	-0.4053738	0.323165	0.101617	0.898383	0.203234	1.79677	0.9999087
5512	0	-1815.703	-1815.298	-0.4053593	0.332639	0.0918426	0.908157	0.183685	1.81631	0.9998942
5513	1	-1815.111	-1814.706	-0.4053028	0.33235	0.098228	0.901772	0.196456	1.80354	0.9998377
5514	0	-1815.324	-1814.919	-0.4053593	0.315576	0.101839	0.898161	0.203678	1.79632	0.9998942
5515	1	-1815.777	-1815.372	-0.4053028	0.306368	0.102114	0.897886	0.204228	1.79577	0.9998377
5516	0	-1817.008	-1816.604	-0.4049631	0.300026	0.103761	0.896239	0.207521	1.79248	0.9994981
5517	1	-1815.44	-1815.035	-0.4052893	0.339224	0.0940844	0.905916	0.188169	1.81183	0.9998242
5518	0	-1815.413	-1815.008	-0.4052923	0.330035	0.100855	0.899145	0.20171	1.79829	0.9998272
5519	1	-1816.105	-1815.7	-0.4052652	0.303518	0.0971476	0.902852	0.194295	1.8057	0.9998002
5520	0	-1816.962	-1816.557	-0.4050922	0.351287	0.0989062	0.901094	0.197812	1.80219	0.9996272
5521	1	-1815.843	-1815.438	-0.4050759	0.331684	0.100728	0.899272	0.201456	1.79854	0.9996108
5522	0	-1816.35	-1815.945	-0.4048767	0.310514	0.101998	0.898002	0.203996	1.796	0.9994118
5523	1	-1817.116	-1816.711	-0.4045776	0.337274	0.0918633	0.908137	0.183727	1.81627	0.9991129
5524	0	-1816.306	-1815.901	-0.4048909	0.336058	0.100276	0.899724	0.200553	1.79945	0.9994259
5525	1	-1816.453	-1816.048	-0.4046574	0.317353	0.101102	0.898898	0.202205	1.7978	0.9991926
5526	0	-1820.289	-1819.884	-0.4050158	0.272355	0.104881	0.895119	0.209763	1.79024	0.9995508
5527	1	-1816.36	-1815.955	-0.4049967	0.303879	0.0992106	0.900789	0.198421	1.80158	0.9995317
5528	0	-1816.031	-1815.626	-0.4049439	0.338346	0.0941195	0.90588	0.188239	1.81176	0.9994789
5529	1	-1817.089	-1816.684	-0.405049	0.3562	0.0954565	0.904543	0.190913	1.80909	0.999584
5530	0	-1817.15	-1816.746	-0.4041335	0.320717	0.0974743	0.902526	0.194949	1.80505	0.9986693
5531	1	-1816.204	-1815.799	-0.404644	0.329552	0.0976295	0.902371	0.195259	1.80474	0.9991793
5532	0	-1819.157	-1818.752	-0.4048258	0.290881	0.0945255	0.905474	0.189051	1.81095	0.9993609
5533	1	-1819.294	-1818.891	-0.4029644	0.31868	0.0986261	0.901374	0.197252	1.80275	0.9975024
5534	0	-1815.113	-1814.708	-0.4054176	0.314959	0.100998	0.899002	0.201995	1.798	0.9999525
5535	1	-1815.78	-1815.376	-0.4049123	0.318719	0.097891	0.902109	0.195782	1.80422	0.9994474
5536	0	-1815.171	-1814.765	-0.4054176	0.32094	0.101741	0.898259	0.203483	1.79652	0.9999525
5537	1	-1815.476	-1815.071	-0.4051887	0.337317	0.0949153	0.905085	0.189831	1.81017	0.9997237
5538	0	-1816.473	-1816.068	-0.4048336	0.336106	0.100563	0.899437	0.201125	1.79887	0.9993687
5539	1	-1814.77	-1814.365	-0.4054362	0.328204	0.0965831	0.903417	0.193166	1.80683	0.999971
5540	0	-1815.841	-1815.435	-0.405413	0.339791	0.0911847	0.908815	0.182369	1.81763	0.9999479
5541	1	-1815.586	-1815.181	-0.4050784	0.321391	0.100508	0.899492	0.201015	1.79898	0.9996134
5542	0	-1816.907	-1816.503	-0.4044711	0.310509	0.0982245	0.901776	0.196449	1.80355	0.9990065
5543	1	-1815.701	-1815.296	-0.4050784	0.326618	0.100879	0.899121	0.201759	1.79824	0.9996134
5544	0	-1815.302	-1814.896	-0.405359	0.334184	0.0999591	0.900041	0.199918	1.80008	0.9998939
5545	1	-1816	-1815.595	-0.4048976	0.326725	0.10071	0.89929	0.201421	1.79858	0.9994327
5546	0	-1815.362	-1814.956	-0.405359	0.309105	0.0988789	0.901121	0.197758	1.80224	0.9998939
5547	1	-1817.568	-1817.163	-0.4048868	0.33557	0.0891499	0.91085	0.1783	1.8217	0.9994219
5548	0	-1816.433	-1816.028	-0.4052082	0.352948	0.0945753	0.905425	0.189151	1.81085	0.9997431
5549	1	-1815.478	-1815.073	-0.4054204	0.305689	0.0988112	0.901189	0.197622	1.80238	0.9999553
5550	0	-1816.01	-1815.605	-0.4052082	0.340058	0.100319	0.899681	0.200639	1.79936	0.9997431
5551	1	-1815.136	-1814.731	-0.4054204	0.337731	0.0942634	0.905737	0.188527	1.81147	0.9999553
5552	0	-1815.977	-1815.572	-0.4047648	0.329316	0.0972689	0.902731	0.194538	1.80546	0.9993
5553	1	-1815.152	-1814.747	-0.4054204	0.319737	0.101682	0.898318	0.203365	1.79664	0.9999553
5554	0	-1815.957	-1815.552	-0.4047648	0.32491	0.0976658	0.902334	0.195332	1.80467	0.9993
5555	1	-1815.202	-1814.797	-0.4054204	0.328396	0.0934992	0.906501	0.186998	1.813	0.9999553
5556	0	-1817.196	-1816.791	-0.4051256	0.312381	0.106998	0.893002	0.213996	1.786	0.9996605
5557	1	-1816.242	-1815.837	-0.4051825	0.317466	0.0928193	0.907181	0.185639	1.81436	0.9997174
5558	0	-1815.242	-1814.836	-0.4052143	0.323892	0.099598	0.900402	0.199196	1.8008	0.9997493
5559	1	-1817.007	-1816.602	-0.4051825	0.309509	0.0924552	0.907545	0.18491	1.81509	0.9997174
5560	0	-1816.087	-1815.682	-0.4052143	0.313756	0.0939196	0.90608	0.187839	1.81216	0.9997493
5561	1	-1815.046	-1814.641	-0.4054262	0.314314	0.0973416	0.902658	0.194683	1.80532	0.9999611
5562	0	-1815.335	-1814.93	-0.4053936	0.343071	0.0957289	0.904271	0.191458	1.80854	0.9999285
5563	1	-1816.149	-1815.744	-0.4050882	0.313164	0.0946946	0.905305	0.189389	1.81061	0.9996232
5564	0	-1817.227	-1816.821	-0.4053936	0.36269	0.0946029	0.905397	0.189206	1.81079	0.9999285
5565	1	-1821.462	-1821.057	-0.4051467	0.267667	0.0989151	0.901085	0.19783	1.80217	0.9996817
5566	0	-1817.757	-1817.351	-0.4054411	0.286436	0.097734	0.902266	0.195468	1.80453	0.9999759
5567	1	-1815.884	-1815.479	-0.4051467	0.320699	0.0936553	0.906345	0.187311	1.81269	0.9996817
5568	0	-1818.663	-1818.258	-0.4043948	0.297346	0.105883	0.894117	0.211766	1.78823	0.9989303
5569	1	-1816.083	-1815.678	-0.4054212	0.34984	0.0982884	0.901712	0.196577	1.80342	0.9999561
5570	0	-1818.426	-1818.021	-0.4052389	0.335526	0.107676	0.892324	0.215352	1.78465	0.9997738
5571	1	-1816.133	-1815.728	-0.4051974	0.346962	0.092797	0.907203	0.185594	1.81441	0.9997323
5572	0	-1815.734	-1815.329	-0.4052389	0.312218	0.102553	0.897447	0.205106	1.79489	0.9997738
5573	1	-1816.979	-1816.574	-0.40543	0.334835	0.105562	0.894438	0.211124	1.78888	0.9999649
5574	0	-1815.189	-1814.784	-0.4052389	0.331971	0.0978109	0.902189	0.195622	1.80438	0.9997738
5575	1	-1817.399	-1816.994	-0.4048749	0.356535	0.094399	0.905601	0.188798	1.8112	0.99941
5576	0	-1815.485	-1815.08	-0.4052283	0.325064	0.101342	0.898658	0.202684	1.79732	0.9997632
5577	1	-1815.483	-1815.078	-0.4051999	0.319687	0.101288	0.898712	0.202577	1.79742	0.9997348
5578	0	-1815.442	-1815.036	-0.4052472	0.313158	0.0971718	0.902828	0.194344	1.80566	0.9997822
5579	1	-1817.176	-1816.77	-0.4051999	0.330521	0.105805	0.894195	0.21161	1.78839	0.9997348
5580	0	-1815.521	-1815.116	-0.4052864	0.310992	0.101435	0.898565	0.202869	1.79713	0.9998213
5581	1	-1816.139	-1815.734	-0.4053011	0.317412	0.0925104	0.90749	0.185021	1.81498	0.999836
5582	0	-1815.746	-1815.34	-0.4052347	0.311351	0.0959265	0.904074	0.191853	1.80815	0.9997697
5583	1	-1815.33	-1814.925	-0.4051344	0.323434	0.0988976	0.901102	0.197795	1.8022	0.9996693
5584	0	-1816.552	-1816.148	-0.4045699	0.336119	0.0949802	0.90502	0.18996	1.81004	0.9991052
5585	1	-1818.492	-1818.088	-0.4035405	0.319136	0.10137	0.89863	0.202741	1.79726	0.9980773
5586	0	-1815.755	-1815.35	-0.4051953	0.337025	0.0999797	0.90002	0.199959	1.80004	0.9997302
5587	1	-1815.373	-1814.968	-0.4050985	0.322727	0.097607	0.902393	0.195214	1.80479	0.9996335
5588	0	-1816.084	-1815.68	-0.4048495	0.324068	0.0946472	0.905353	0.189294	1.81071	0.9993845
5589	1	-1815.636	-1815.231	-0.4054232	0.304817	0.0976695	0.902331	0.195339	1.80466	0.9999581
5590	0	-1820.246	-1819.841	-0.4047723	0.276405	0.106152	0.893848	0.212303	1.7877	0.9993074
5591	1	-1816.719	-1816.313	-0.4052669	0.334004	0.0895543	0.910446	0.179109	1.82089	0.9998018
5592	0	-1817.892	-1817.488	-0.4037549	0.333928	0.0965068	0.903493	0.193014	1.80699	0.9982912
5593	1	-1815.078	-1814.672	-0.4052669	0.324476	0.098648	0.901352	0.197296	1.8027	0.9998018
5594	0	-1819.825	-1819.421	-0.4038635	0.338474	0.104863	0.895137	0.209726	1.79027	0.9983997
5595	1	-1819.208	-1818.803	-0.4043903	0.357144	0.0889513	0.911049	0.177903	1.8221	0.9989257
5596	0	-1816.373	-1815.968	-0.4046341	0.335143	0.0955084	0.904492	0.191017	1.80898	0.9991693
5597	1	-1817.757	-1817.352	-0.4051759	0.353251	0.088362	0.911638	0.176724	1.82328	0.9997108
5598	0	-1818.699	-1818.295	-0.4044419	0.356385	0.0985918	0.901408	0.197184	1.80282	0.9989773
5599	1	-1815.761	-1815.356	-0.4051759	0.314971	0.102388	0.897612	0.204776	1.79522	0.9997108
5600	0	-1816.89	-1816.485	-0.404855	0.336183	0.102284	0.897716	0.204568	1.79543	0.9993901
5601	1	-1816.577	-1816.171	-0.4051759	0.34851	0.0992139	0.900786	0.198428	1.80157	0.9997108
5602	0	-1818.46	-1818.056	-0.4041551	0.341413	0.0902145	0.909786	0.180429	1.81957	0.9986909
5603	1	-1817.84	-1817.435	-0.4054649	0.362487	0.0886071	0.911393	0.177214	1.82279	0.9999998
5604	0	-1816.502	-1816.097	-0.4050557	0.338447	0.091069	0.908931	0.182138	1.81786	0.9995907
5605	1	-1816.743	-1816.338	-0.4051491	0.351647	0.0915195	0.90848	0.183039	1.81696	0.999684
5606	0	-1816.606	-1816.201	-0.4051003	0.299786	0.098258	0.901742	0.196516	1.80348	0.9996353
5607	1	-1817.411	-1817.007	-0.4043747	0.309653	0.0959585	0.904041	0.191917	1.80808	0.9989102
5608	0	-1817.263	-1816.858	-0.4049058	0.350182	0.0992914	0.900709	0.198583	1.80142	0.9994408
5609	1	-1818.767	-1818.363	-0.4044295	0.301363	0.107202	0.892798	0.214403	1.7856	0.9989649
5610	0	-1815.297	-1814.892	-0.4052075	0.322723	0.0958116	0.904188	0.191623	1.80838	0.9997424
5611	1	-1818.389	-1817.985	-0.4043323	0.31272	0.106356	0.893644	0.212711	1.78729	0.9988678
5612	0	-1816.785	-1816.38	-0.4054292	0.291073	0.102035	0.897965	0.20407	1.79593	0.9999641
5613	1	-1815.562	-1815.156	-0.4051627	0.327804	0.0940418	0.905958	0.188084	1.81192	0.9996976
5614	0	-1816.768	-1816.364	-0.4045015	0.320501	0.101449	0.898551	0.202898	1.7971	0.9990368
5615	1	-1815.666	-1815.261	-0.4051627	0.339302	0.0941307	0.905869	0.188261	1.81174	0.9996976
5616	0	-1815.825	-1815.42	-0.4050771	0.321729	0.094251	0.905749	0.188502	1.8115	0.999612
5617	1	-1817.232	-1816.827	-0.4051627	0.345942	0.102303	0.897697	0.204607	1.79539	0.9996976
5618	0	-1819.201	-1818.796	-0.4049521	0.325548	0.109646	0.890354	0.219292	1.78071	0.9994871
5619	1	-1815.502	-1815.097	-0.4050561	0.319575	0.0978042	0.902196	0.195608	1.80439	0.9995911
5620	0	-1816.335	-1815.931	-0.4046832	0.332941	0.0990944	0.900906	0.198189	1.80181	0.9992184
5621	1	-1816.716	-1816.311	-0.4050561	0.299808	0.102803	0.897197	0.205606	1.79439	0.9995911
5622	0	-1816.56	-1816.155	-0.4052757	0.300919	0.0960381	0.903962	0.192076	1.80792	0.9998106
5623	1	-1815.343	-1814.938	-0.4052686	0.328587	0.100503	0.899497	0.201005	1.79899	0.9998035
5624	0	-1818.946	-1818.543	-0.403263	0.313186	0.0995606	0.900439	0.199121	1.80088	0.9978003
5625	1	-1816.906	-1816.501	-0.4047748	0.319398	0.104164	0.895836	0.208328	1.79167	0.99931
5626	0	-1820.473	-1820.07	-0.4026083	0.306608	0.0993481	0.900652	0.198696	1.8013	0.9971473
5627	1	-1815.955	-1815.55	-0.4050104	0.332471	0.100525	0.899475	0.20105	1.79895	0.9995454
5628	0	-1817.774	-1817.37	-0.4040571	0.341567	0.0978732	0.902127	0.195746	1.80425	0.998593
5629	1	-1816.076	-1815.672	-0.4047047	0.324412	0.0982878	0.901712	0.196576	1.80342	0.9992398
5630	0	-1815.628	-1815.223	-0.4051404	0.325837	0.09408	0.90592	0.18816	1.81184	0.9996753
5631	1	-1815.647	-1815.242	-0.4051311	0.3369	0.0941703	0.90583	0.188341	1.81166	0.9996661
5632	0	-1817.049	-1816.645	-0.4044488	0.31113	0.101623	0.898377	0.203246	1.79675	0.9989842
5633	1	-1819.341	-1818.938	-0.4034965	0.327478	0.103853	0.896147	0.207707	1.79229	0.9980333
5634	0	-1815.452	-1815.046	-0.4053087	0.316753	0.0950838	0.904916	0.190168	1.80983	0.9998436
5635	1	-1816.734	-1816.329	-0.4049297	0.340146	0.0911341	0.908866	0.182268	1.81773	0.9994647
5636	0	-1815.574	-1815.169	-0.4053335	0.321375	0.102876	0.897124	0.205752	1.79425	0.9998684
5637	1	-1816.885	-1816.48	-0.4046479	0.338357	0.100256	0.899744	0.200511	1.79949	0.9991832
5638	0	-1816.251	-1815.846	-0.4046697	0.333447	0.0958322	0.904168	0.191664	1.80834	0.9992049
5639	1	-1816.044	-1815.639	-0.4050994	0.319982	0.10313	0.89687	0.20626	1.79374	0.9996344
5640	0	-1818.712	-1818.307	-0.4046068	0.347642	0.0879993	0.912001	0.175999	1.824	0.9991421
5641	1	-1815.841	-1815.436	-0.4049833	0.337529	0.0975379	0.902462	0.195076	1.80492	0.9995183
5642	0	-1818.332	-1817.927	-0.4049089	0.289126	0.0976813	0.902319	0.195363	1.80464	0.9994439
5643	1	-1816.892	-1816.487	-0.4049593	0.31127	0.0934238	0.906576	0.186848	1.81315	0.9994943
5644	0	-1816.36	-1815.956	-0.4045429	0.327317	0.0975227	0.902477	0.195045	1.80495	0.9990782
5645	1	-1816.484	-1816.079	-0.4052834	0.347408	0.0906062	0.909394	0.181212	1.81879	0.9998183
5646	0	-1818.926	-1818.521	-0.4045429	0.350636	0.0880139	0.911986	0.176028	1.82397	0.9990782
5647	1	-1815.506	-1815.101	-0.4051603	0.335642	0.0946665	0.905333	0.189333	1.81067	0.9996952
5648	0	-1820.004	-1819.599	-0.4051835	0.276002	0.0977792	0.902221	0.195558	1.80444	0.9997184
5649	1	-1815.305	-1814.9	-0.4052406	0.329693	0.0997319	0.900268	0.199464	1.80054	0.9997756
5650	0	-1815.31	-1814.905	-0.4053829	0.309983	0.0979678	0.902032	0.195936	1.80406	0.9999178
5651	1	-1816.482	-1816.077	-0.404812	0.33367	0.0925837	0.907416	0.185167	1.81483	0.9993471
5652	0	-1817.801	-1817.396	-0.4050447	0.325457	0.0888292	0.911171	0.177658	1.82234	0.9995796
5653	1	-1817.03	-1816.625	-0.4050575	0.327486	0.105263	0.894737	0.210525	1.78947	0.9995925
5654	0	-1817.167	-1816.762	-0.4053887	0.290963	0.104853	0.895147	0.209707	1.79029	0.9999236
5655	1	-1816.037	-1815.632	-0.4050575	0.344552	0.0958866	0.904113	0.191773	1.80823	0.9995925
5656	0	-1815.113	-1814.707	-0.4053026	0.334398	0.0966954	0.903305	0.193391	1.80661	0.9998375
5657	1	-1815.745	-1815.34	-0.4050575	0.31289	0.0978272	0.902173	0.195654	1.80435	0.9995925
5658	0	-1817.514	-1817.109	-0.4052649	0.321813	0.107873	0.892127	0.215745	1.78425	0.9997998
5659	1	-1815.481	-1815.076	-0.4050575	0.320241	0.0981166	0.901883	0.196233	1.80377	0.9995925
5660	0	-1816.958	-1816.553	-0.4052649	0.333844	0.0890611	0.910939	0.178122	1.82188	0.9997998
5661	1	-1817.485	-1817.081	-0.4048534	0.294111	0.100396	0.899604	0.200793	1.79921	0.9993885
5662	0	-1817.189	-1816.783	-0.4052649	0.320529	0.0897933	0.910207	0.179587	1.82041	0.9997998
5663	1	-1816.765	-1816.361	-0.4048534	0.327684	0.0916635	0.908336	0.183327	1.81667	0.9993885
5664	0	-1819.648	-1819.244	-0.4039472	0.361006	0.0951218	0.904878	0.190244	1.80976	0.9984832
5665	1	-1816.179	-1815.774	-0.4048534	0.310783	0.0989622	0.901038	0.197924	1.80208	0.9993885
5666	0	-1816.664	-1816.259	-0.4052669	0.349891	0.0905158	0.909484	0.181032	1.81897	0.9998018
5667	1	-1817.113	-1816.709	-0.4046004	0.320192	0.103757	0.896243	0.207514	1.79249	0.9991357
5668	0	-1816.534	-1816.128	-0.4052627	0.345435	0.100882	0.899118	0.201764	1.79824	0.9997976
5669	1	-1816.298	-1815.893	-0.4047198	0.320506	0.100969	0.899031	0.201939	1.79806	0.999255
5670	0	-1816.968	-1816.563	-0.4049995	0.346107	0.090518	0.909482	0.181036	1.81896	0.9995345
5671	1	-1816.346	-1815.942	-0.4047198	0.318551	0.101234	0.898766	0.202468	1.79753	0.999255
5672	0	-1816.073	-1815.668	-0.4052043	0.302537	0.100015	0.899985	0.200029	1.79997	0.9997393
5673	1	-1816.338	-1815.933	-0.4046489	0.316052	0.097959	0.902041	0.195918	1.80408	0.9991841
5674	0	-1822.019	-1821.615	-0.403599	0.311328	0.0882105	0.911789	0.176421	1.82358	0.9981357
5675	1	-1815.937	-1815.532	-0.4051441	0.306517	0.100861	0.899139	0.201721	1.79828	0.9996791
5676	0	-1818.173	-1817.769	-0.4039247	0.345515	0.0944176	0.905582	0.188835	1.81116	0.9984608
5677	1	-1816.188	-1815.783	-0.4047058	0.330873	0.0953328	0.904667	0.190666	1.80933	0.999241
5678	0	-1815.223	-1814.817	-0.4052452	0.32647	0.0953401	0.90466	0.19068	1.80932	0.9997802
5679	1	-1815	-1814.594	-0.4053286	0.322243	0.0967744	0.903226	0.193549	1.80645	0.9998635
5680	0	-1816.82	-1816.415	-0.4048915	0.303363	0.103088	0.896912	0.206176	1.79382	0.9994265
5681	1	-1817.048	-1816.643	-0.4050555	0.294828	0.10026	0.89974	0.200521	1.79948	0.9995905
5682	0	-1819.375	-1818.97	-0.4046882	0.281789	0.103861	0.896139	0.207723	1.79228	0.9992234
5683	1	-1817.078	-1816.673	-0.4049441	0.354451	0.093611	0.906389	0.187222	1.81278	0.9994791
5684	0	-1816.154	-1815.749	-0.4049088	0.313335	0.101637	0.898363	0.203274	1.79673	0.9994439
5685	1	-1816.077	-1815.672	-0.4054629	0.30869	0.0938161	0.906184	0.187632	1.81237	0.9999978
5686	0	-1815.232	-1814.826	-0.4053393	0.326653	0.0941926	0.905807	0.188385	1.81161	0.9998742
5687	1	-1819.296	-1818.891	-0.4049385	0.284027	0.0967669	0.903233	0.193534	1.80647	0.9994736
5688	0	-1815.964	-1815.559	-0.4051864	0.306441	0.101957	0.898043	0.203913	1.79609	0.9997213
5689	1	-1817.047	-1816.643	-0.4048699	0.310205	0.105119	0.894881	0.210238	1.78976	0.999405
5690	0	-1815.81	-1815.405	-0.4049382	0.328296	0.0949609	0.905039	0.189922	1.81008	0.9994732
5691	1	-1815.924	-1815.519	-0.4048053	0.322971	0.098885	0.901115	0.19777	1.80223	0.9993404
5692	0	-1815.636	-1815.23	-0.4054511	0.348845	0.0949839	0.905016	0.189968	1.81003	0.999986
5693	1	-1815.515	-1815.11	-0.4050529	0.329857	0.0984862	0.901514	0.196972	1.80303	0.9995879
5694	0	-1817.461	-1817.056	-0.4051807	0.356454	0.0989358	0.901064	0.197872	1.80213	0.9997156
5695	1	-1815.61	-1815.205	-0.4050529	0.331717	0.0989695	0.901031	0.197939	1.80206	0.9995879
5696	0	-1815.084	-1814.678	-0.4054467	0.31129	0.0989358	0.901064	0.197872	1.80213	0.9999816
5697	1	-1815.533	-1815.128	-0.4050542	0.318856	0.0991056	0.900894	0.198211	1.80179	0.9995892
5698	0	-1815.394	-1814.989	-0.4054467	0.325746	0.102608	0.897392	0.205216	1.79478	0.9999816
5699	1	-1815.341	-1814.936	-0.4054202	0.338459	0.0994548	0.900545	0.19891	1.80109	0.9999551
5700	0	-1815.853	-1815.448	-0.4052917	0.347963	0.0951746	0.904825	0.190349	1.80965	0.9998266
5701	1	-1818.953	-1818.548	-0.4049391	0.294142	0.093334	0.906666	0.186668	1.81333	0.9994741
5702	0	-1816.762	-1816.358	-0.4043563	0.331181	0.0978447	0.902155	0.195689	1.80431	0.9988918
5703	1	-1819.848	-1819.444	-0.4049391	0.374151	0.094084	0.905916	0.188168	1.81183	0.9994741
5704	0	-1815.446	-1815.041	-0.4053989	0.344958	0.0957252	0.904275	0.19145	1.80855	0.9999338
5705	1	-1815.991	-1815.586	-0.4054593	0.301582	0.10363	0.89637	0.20726	1.79274	0.9999942
5706	0	-1815.303	-1814.898	-0.4052278	0.33468	0.0979071	0.902093	0.195814	1.80419	0.9997627
5707	1	-1816.487	-1816.082	-0.4049676	0.302774	0.0996071	0.900393	0.199214	1.80079	0.9995026
5708	0	-1818.031	-1817.626	-0.4048658	0.305784	0.107755	0.892245	0.21551	1.78449	0.9994009
5709	1	-1815.84	-1815.435	-0.405139	0.309082	0.0975799	0.90242	0.19516	1.80484	0.999674
5710	0	-1819.357	-1818.952	-0.4048658	0.327442	0.109409	0.890591	0.218818	1.78118	0.9994009
5711	1	-1819.483	-1819.079	-0.4038378	0.316474	0.106826	0.893174	0.213652	1.78635	0.998374
5712	0	-1818.903	-1818.498	-0.4052573	0.296499	0.110793	0.889207	0.221586	1.77841	0.9997922
5713	1	-1820.315	-1819.91	-0.4051998	0.291122	0.112957	0.887043	0.225915	1.77409	0.9997347
5714	0	-1815.408	-1815.003	-0.4054205	0.30647	0.0992266	0.900773	0.198453	1.80155	0.9999554
5715	1	-1816.791	-1816.386	-0.4054178	0.354547	0.0989853	0.901015	0.197971	1.80203	0.9999527
5716	0	-1815.989	-1815.584	-0.4054205	0.351919	0.0958463	0.904154	0.191693	1.80831	0.9999554
5717	1	-1815.78	-1815.375	-0.4054108	0.324283	0.0919441	0.908056	0.183888	1.81611	0.9999457
5718	0	-1817.296	-1816.891	-0.4049928	0.309667	0.09255	0.90745	0.1851	1.8149	0.9995278
5719	1	-1816.041	-1815.637	-0.4047761	0.326906	0.0955375	0.904463	0.191075	1.80893	0.9993112
5720	0	-1816.781	-1816.376	-0.4046442	0.306939	0.0990718	0.900928	0.198144	1.80186	0.9991794
5721	1	-1816.658	-1816.253	-0.4047761	0.312282	0.095187	0.904813	0.190374	1.80963	0.9993112
5722	0	-1817.028	-1816.623	-0.4048745	0.343494	0.0907621	0.909238	0.181524	1.81848	0.9994096
5723	1	-1815.569	-1815.164	-0.4052054	0.31027	0.0993782	0.900622	0.198756	1.80124	0.9997403
5724	0	-1816.344	-1815.939	-0.4052067	0.351968	0.0947793	0.905221	0.189559	1.81044	0.9997417
5725	1	-1816.274	-1815.869	-0.404605	0.327514	0.0983367	0.901663	0.196673	1.80333	0.9991403
5726	0	-1817.068	-1816.663	-0.4048394	0.348328	0.0987585	0.901242	0.197517	1.80248	0.9993745
5727	1	-1817.484	-1817.08	-0.4046374	0.298641	0.102038	0.897962	0.204075	1.79592	0.9991726
5728	0	-1816.525	-1816.12	-0.4053811	0.31967	0.0908387	0.909161	0.181677	1.81832	0.999916
5729	1	-1815.316	-1814.91	-0.4051514	0.331565	0.0968853	0.903115	0.193771	1.80623	0.9996863
5730	0	-1815.659	-1815.254	-0.4051567	0.313237	0.0966513	0.903349	0.193303	1.8067	0.9996916
5731	1	-1815.744	-1815.339	-0.4051514	0.320042	0.0943113	0.905689	0.188623	1.81138	0.9996863
5732	0	-1818.431	-1818.027	-0.4042035	0.309993	0.105707	0.894293	0.211415	1.78859	0.9987392
5733	1	-1817.527	-1817.121	-0.4052575	0.363102	0.0925105	0.907489	0.185021	1.81498	0.9997925
5734	0	-1817.8	-1817.396	-0.4047976	0.358758	0.0946849	0.905315	0.18937	1.81063	0.9993327
5735	1	-1816.674	-1816.269	-0.4045601	0.335934	0.0989738	0.901026	0.197948	1.80205	0.9990954
5736	0	-1816.214	-1815.809	-0.4050444	0.319993	0.103405	0.896595	0.206811	1.79319	0.9995794
5737	1	-1815.39	-1814.985	-0.4051054	0.32148	0.0972741	0.902726	0.194548	1.80545	0.9996403
5738	0	-1816.745	-1816.34	-0.4051717	0.297909	0.0977198	0.90228	0.19544	1.80456	0.9997067
5739	1	-1815.799	-1815.394	-0.4051971	0.342374	0.0980921	0.901908	0.196184	1.80382	0.999732
5740	0	-1816.302	-1815.898	-0.4047353	0.318626	0.101129	0.898871	0.202259	1.79774	0.9992705
5741	1	-1816.84	-1816.435	-0.4049615	0.313091	0.105111	0.894889	0.210222	1.78978	0.9994965
5742	0	-1816.106	-1815.7	-0.4054538	0.329456	0.10443	0.89557	0.208861	1.79114	0.9999887
5743	1	-1817.748	-1817.345	-0.4038422	0.331552	0.0985599	0.90144	0.19712	1.80288	0.9983785
5744	0	-1817.196	-1816.792	-0.40485	0.299367	0.103372	0.896628	0.206743	1.79326	0.9993851
5745	1	-1816.559	-1816.154	-0.4049758	0.347158	0.0926981	0.907302	0.185396	1.8146	0.9995108
5746	0	-1816.891	-1816.486	-0.4044569	0.329761	0.100758	0.899242	0.201516	1.79848	0.9989923
5747	1	-1814.945	-1814.539	-0.4053734	0.319676	0.0973324	0.902668	0.194665	1.80534	0.9999083
5748	0	-1816.848	-1816.443	-0.4053781	0.359267	0.0926692	0.907331	0.185338	1.81466	0.999913
5749	1	-1814.878	-1814.473	-0.4054324	0.330612	0.0988198	0.90118	0.19764	1.80236	0.9999673
5750	0	-1816.462	-1816.057	-0.4053854	0.299302	0.104647	0.895353	0.209294	1.79071	0.9999203
5751	1	-1816.571	-1816.166	-0.4052598	0.346898	0.100462	0.899538	0.200924	1.79908	0.9997947
5752	0	-1816.906	-1816.502	-0.4043373	0.335536	0.0973056	0.902694	0.194611	1.80539	0.9988729
5753	1	-1819.817	-1819.414	-0.4038162	0.31043	0.0914716	0.908528	0.182943	1.81706	0.9983525
5754	0	-1815.294	-1814.889	-0.4051797	0.322186	0.0994954	0.900505	0.198991	1.80101	0.9997146
5755	1	-1815.991	-1815.586	-0.4049385	0.332059	0.0937825	0.906218	0.187565	1.81244	0.9994736
5756	0	-1814.886	-1814.48	-0.4054292	0.331269	0.09534	0.90466	0.19068	1.80932	0.9999641
5757	1	-1815.817	-1815.412	-0.4049385	0.334178	0.0980677	0.901932	0.196135	1.80386	0.9994736
5758	0	-1815.549	-1815.143	-0.4054292	0.347041	0.0959412	0.904059	0.191882	1.80812	0.9999641
5759	1	-1815.419	-1815.014	-0.4051649	0.336097	0.0961175	0.903882	0.192235	1.80776	0.9996999
5760	0	-1815.171	-1814.766	-0.4053872	0.3175	0.101351	0.898649	0.202701	1.7973	0.9999221
5761	1	-1816.422	-1816.018	-0.4045807	0.329482	0.0951967	0.904803	0.190393	1.80961	0.999116
5762	0	-1815.974	-1815.568	-0.4053872	0.346735	0.0917445	0.908255	0.183489	1.81651	0.9999221
5763	1	-1817.491	-1817.087	-0.4042649	0.323899	0.0931253	0.906875	0.186251	1.81375	0.9988005
5764	0	-1815.948	-1815.544	-0.4048205	0.33267	0.096161	0.903839	0.192322	1.80768	0.9993556
5765	1	-1815.762	-1815.357	-0.4050853	0.326464	0.101286	0.898714	0.202572	1.79743	0.9996202
5766	0	-1817.042	-1816.637	-0.4049818	0.335532	0.103573	0.896427	0.207145	1.79285	0.9995169
5767	1	-1815.977	-1815.572	-0.4050551	0.32555	0.0932645	0.906735	0.186529	1.81347	0.9995901
5768	0	-1816.419	-1816.014	-0.4049622	0.347519	0.0948209	0.905179	0.189642	1.81036	0.9994972
5769	1	-1817.79	-1817.385	-0.404483	0.316554	0.105384	0.894616	0.210769	1.78923	0.9990183
5770	0	-1815.285	-1814.88	-0.40525	0.33667	0.0961441	0.903856	0.192288	1.80771	0.9997849
5771	1	-1815.66	-1815.254	-0.405305	0.310782	0.102574	0.897426	0.205147	1.79485	0.9998399
5772	0	-1817.088	-1816.683	-0.4052166	0.329298	0.105855	0.894145	0.21171	1.78829	0.9997515
5773	1	-1816.354	-1815.949	-0.404642	0.315809	0.0991627	0.900837	0.198325	1.80167	0.9991772
5774	0	-1815.885	-1815.48	-0.4052166	0.345513	0.0938497	0.90615	0.187699	1.8123	0.9997515
5775	1	-1815.7	-1815.295	-0.4049225	0.329795	0.0973172	0.902683	0.194634	1.80537	0.9994575
5776	0	-1815.683	-1815.278	-0.4052166	0.30793	0.099131	0.900869	0.198262	1.80174	0.9997515
5777	1	-1816.044	-1815.639	-0.4054102	0.346026	0.0911456	0.908854	0.182291	1.81771	0.9999451
5778	0	-1814.982	-1814.577	-0.4054222	0.329719	0.0946044	0.905396	0.189209	1.81079	0.9999571
5779	1	-1814.832	-1814.426	-0.4054102	0.321344	0.0976053	0.902395	0.195211	1.80479	0.9999451
5780	0	-1815.893	-1815.488	-0.4054222	0.343066	0.0912181	0.908782	0.182436	1.81756	0.9999571
5781	1	-1816.192	-1815.787	-0.4047739	0.337434	0.0954719	0.904528	0.190944	1.80906	0.999309
5782	0	-1820.345	-1819.94	-0.4049131	0.376709	0.0904068	0.909593	0.180814	1.81919	0.9994481
5783	1	-1815.814	-1815.409	-0.4050873	0.316731	0.101929	0.898071	0.203858	1.79614	0.9996223
5784	0	-1817.292	-1816.887	-0.404789	0.334013	0.103607	0.896393	0.207214	1.79279	0.9993241
5785	1	-1815.467	-1815.062	-0.4050873	0.319328	0.0991568	0.900843	0.198314	1.80169	0.9996223
5786	0	-1816.407	-1816.002	-0.4051642	0.346861	0.0991001	0.9009	0.1982	1.8018	0.9996991
5787	1	-1816.453	-1816.048	-0.4053339	0.298121	0.103624	0.896376	0.207247	1.79275	0.9998688
5788	0	-1815.849	-1815.444	-0.4049324	0.315685	0.0977657	0.902234	0.195531	1.80447	0.9994674
5789	1	-1820.448	-1820.043	-0.4051419	0.336091	0.0841013	0.915899	0.168203	1.8318	0.9996768
5790	0	-1815.378	-1814.972	-0.4054421	0.318137	0.0940324	0.905968	0.188065	1.81194	0.999977
5791	1	-1816.08	-1815.675	-0.4051013	0.307242	0.10198	0.89802	0.20396	1.79604	0.9996363
5792	0	-1815.713	-1815.308	-0.4052512	0.337078	0.100253	0.899747	0.200506	1.79949	0.9997862
5793	1	-1815.824	-1815.419	-0.405024	0.327825	0.0939764	0.906024	0.187953	1.81205	0.999559
5794	0	-1816.505	-1816.1	-0.4049697	0.310696	0.103761	0.896239	0.207523	1.79248	0.9995048
5795	1	-1817.834	-1817.429	-0.4051329	0.339644	0.0876861	0.912314	0.175372	1.82463	0.9996679
5796	0	-1815.803	-1815.398	-0.405437	0.350551	0.0947579	0.905242	0.189516	1.81048	0.9999719
5797	1	-1816.922	-1816.517	-0.4051329	0.334521	0.104189	0.895811	0.208378	1.79162	0.9996679
5798	0	-1814.85	-1814.444	-0.405437	0.327179	0.0993609	0.900639	0.198722	1.80128	0.9999719
5799	1	-1816.62	-1816.215	-0.4051555	0.29922	0.103117	0.896883	0.206234	1.79377	0.9996904
5800	0	-1815.552	-1815.147	-0.4051904	0.314973	0.10124	0.89876	0.202481	1.79752	0.9997253
5801	1	-1818.47	-1818.065	-0.4051555	0.365544	0.0894821	0.910518	0.178964	1.82104	0.9996904
5802	0	-1815.686	-1815.281	-0.4051904	0.334871	0.100207	0.899793	0.200414	1.79959	0.9997253
5803	1	-1815.872	-1815.466	-0.4054115	0.332476	0.0910567	0.908943	0.182113	1.81789	0.9999464
5804	0	-1815.923	-1815.518	-0.4051913	0.304914	0.099564	0.900436	0.199128	1.80087	0.9997262
5805	1	-1814.84	-1814.435	-0.4054115	0.330395	0.0977906	0.902209	0.195581	1.80442	0.9999464
5806	0	-1816.025	-1815.62	-0.4052917	0.333342	0.102643	0.897357	0.205286	1.79471	0.9998266
5807	1	-1817.175	-1816.77	-0.4052513	0.319564	0.089998	0.910002	0.179996	1.82	0.9997862
5808	0	-1815.942	-1815.537	-0.4052147	0.345946	0.097247	0.902753	0.194494	1.80551	0.9997496
5809	1	-1816.513	-1816.109	-0.4046028	0.327774	0.0943585	0.905642	0.188717	1.81128	0.999138
5810	0	-1817.99	-1817.585	-0.4051382	0.329151	0.107523	0.892477	0.215047	1.78495	0.9996731
5811	1	-1816.656	-1816.251	-0.4048802	0.322385	0.0924199	0.90758	0.18484	1.81516	0.9994153
5812	0	-1816.488	-1816.084	-0.4047892	0.322119	0.102557	0.897443	0.205114	1.79489	0.9993243
5813	1	-1815.629	-1815.224	-0.4054487	0.34865	0.0946827	0.905317	0.189365	1.81063	0.9999836
5814	0	-1816.154	-1815.749	-0.4047892	0.316183	0.100397	0.899603	0.200793	1.79921	0.9993243
5815	1	-1817.73	-1817.325	-0.4054487	0.360781	0.0885534	0.911447	0.177107	1.82289	0.9999836
5816	0	-1815.108	-1814.702	-0.405355	0.315403	0.0976009	0.902399	0.195202	1.8048	0.9998899
5817	1	-1815.03	-1814.625	-0.4054487	0.312579	0.0996592	0.900341	0.199318	1.80068	0.9999836
5818	0	-1815.393	-1814.988	-0.4052954	0.326547	0.0938009	0.906199	0.187602	1.8124	0.9998303
5819	1	-1816.186	-1815.78	-0.4053215	0.338901	0.090594	0.909406	0.181188	1.81881	0.9998564
5820	0	-1814.839	-1814.434	-0.4054137	0.330483	0.0963065	0.903693	0.192613	1.80739	0.9999486
5821	1	-1816.77	-1816.365	-0.4051114	0.320874	0.105505	0.894495	0.211011	1.78899	0.9996464
5822	0	-1818.423	-1818.019	-0.4038935	0.339231	0.100746	0.899254	0.201492	1.79851	0.9984296
5823	1	-1819.277	-1818.872	-0.4050601	0.355956	0.0859818	0.914018	0.171964	1.82804	0.9995951
5824	0	-1817.018	-1816.614	-0.4046455	0.303359	0.0999679	0.900032	0.199936	1.80006	0.9991807
5825	1	-1820.79	-1820.385	-0.4050601	0.281498	0.0935898	0.90641	0.18718	1.81282	0.9995951
5826	0	-1818.754	-1818.351	-0.4034904	0.33455	0.0930918	0.906908	0.186184	1.81382	0.9980273
5827	1	-1816.045	-1815.639	-0.4053036	0.321218	0.092143	0.907857	0.184286	1.81571	0.9998385
5828	0	-1821.918	-1821.516	-0.4023538	0.300746	0.104965	0.895035	0.209929	1.79007	0.9968935
5829	1	-1818.735	-1818.33	-0.405137	0.295374	0.0926385	0.907362	0.185277	1.81472	0.9996719
5830	0	-1819.345	-1818.941	-0.403418	0.340392	0.100643	0.899357	0.201286	1.79871	0.997955
5831	1	-1816.486	-1816.081	-0.4050592	0.349226	0.0970243	0.902976	0.194049	1.80595	0.9995942
5832	0	-1817.045	-1816.64	-0.4043517	0.311997	0.0981707	0.901829	0.196341	1.80366	0.9988872
5833	1	-1818.405	-1818	-0.404872	0.351974	0.0879815	0.912018	0.175963	1.82404	0.999407
5834	0	-1817.001	-1816.597	-0.4043517	0.317405	0.101086	0.898914	0.202172	1.79783	0.9988872
5835	1	-1815.909	-1815.504	-0.4052039	0.346539	0.0956583	0.904342	0.191317	1.80868	0.9997388
5836	0	-1817.897	-1817.493	-0.4037937	0.33401	0.098309	0.901691	0.196618	1.80338	0.9983299
5837	1	-1816.015	-1815.61	-0.4052039	0.303336	0.0997065	0.900294	0.199413	1.80059	0.9997388
5838	0	-1818.025	-1817.621	-0.4044586	0.296156	0.102083	0.897917	0.204166	1.79583	0.998994
5839	1	-1818.312	-1817.907	-0.4044497	0.349613	0.100385	0.899615	0.200771	1.79923	0.9989852
5840	0	-1815.671	-1815.266	-0.4049593	0.321368	0.099146	0.900854	0.198292	1.80171	0.9994943
5841	1	-1816.211	-1815.805	-0.4052809	0.33207	0.0907928	0.909207	0.181586	1.81841	0.9998158
5842	0	-1815.282	-1814.877	-0.4051975	0.332785	0.0977327	0.902267	0.195465	1.80453	0.9997324
5843	1	-1815.647	-1815.242	-0.4050096	0.332921	0.0980826	0.901917	0.196165	1.80383	0.9995446
5844	0	-1815.849	-1815.444	-0.4053781	0.30144	0.0999063	0.900094	0.199813	1.80019	0.999913
5845	1	-1819.643	-1819.239	-0.4043642	0.305832	0.109458	0.890542	0.218916	1.78108	0.9988997
5846	0	-1817.177	-1816.772	-0.4047046	0.347877	0.0921898	0.90781	0.18438	1.81562	0.9992398
5847	1	-1817.019	-1816.615	-0.4042805	0.334007	0.0983199	0.90168	0.19664	1.80336	0.9988161
5848	0	-1815.032	-1814.626	-0.4053901	0.328084	0.0999988	0.900001	0.199998	1.8	0.999925
5849	1	-1815.353	-1814.948	-0.4051648	0.333434	0.0975615	0.902439	0.195123	1.80488	0.9996998
5850	0	-1817.786	-1817.381	-0.4053901	0.357219	0.087948	0.912052	0.175896	1.8241	0.999925
5851	1	-1816.207	-1815.803	-0.4049204	0.342928	0.0947452	0.905255	0.18949	1.81051	0.9994554
5852	0	-1815.413	-1815.007	-0.4054575	0.344012	0.0977835	0.902216	0.195567	1.80443	0.9999924
5853	1	-1816.044	-1815.639	-0.4047191	0.324845	0.0980658	0.901934	0.196132	1.80387	0.9992543
5854	0	-1819.171	-1818.767	-0.4040805	0.330828	0.105699	0.894301	0.211398	1.7886	0.9986164
5855	1	-1816.47	-1816.065	-0.4051399	0.35197	0.0943088	0.905691	0.188618	1.81138	0.9996748
5856	0	-1816.156	-1815.751	-0.4051302	0.316617	0.103831	0.896169	0.207662	1.79234	0.9996651
5857	1	-1817.931	-1817.527	-0.4038247	0.323389	0.101005	0.898995	0.202009	1.79799	0.9983609
5858	0	-1815.803	-1815.398	-0.4051655	0.316041	0.102578	0.897422	0.205155	1.79484	0.9997004
5859	1	-1816.79	-1816.385	-0.4047397	0.304303	0.0992414	0.900759	0.198483	1.80152	0.9992749
5860	0	-1816.359	-1815.953	-0.4051655	0.35127	0.0951363	0.904864	0.190273	1.80973	0.9997004
5861	1	-1815.75	-1815.344	-0.4054193	0.315549	0.104247	0.895753	0.208494	1.79151	0.9999542
5862	0	-1815.771	-1815.366	-0.4050437	0.312982	0.100182	0.899818	0.200363	1.79964	0.9995787
5863	1	-1816.115	-1815.71	-0.4052885	0.310879	0.0941047	0.905895	0.188209	1.81179	0.9998234
5864	0	-1815.817	-1815.412	-0.4050437	0.333347	0.099878	0.900122	0.199756	1.80024	0.9995787
5865	1	-1818.679	-1818.275	-0.4040339	0.345978	0.0906089	0.909391	0.181218	1.81878	0.9985698
5866	0	-1816.791	-1816.386	-0.4052015	0.33519	0.104036	0.895964	0.208073	1.79193	0.9997364
5867	1	-1815.895	-1815.49	-0.4048395	0.319611	0.0988042	0.901196	0.197608	1.80239	0.9993745
5868	0	-1815.448	-1815.043	-0.405052	0.326179	0.0981202	0.90188	0.19624	1.80376	0.999587
5869	1	-1816.649	-1816.245	-0.4044187	0.332163	0.0968019	0.903198	0.193604	1.8064	0.9989541
5870	0	-1818.248	-1817.843	-0.4043826	0.30045	0.104868	0.895132	0.209736	1.79026	0.9989181
5871	1	-1817.935	-1817.531	-0.4043441	0.335298	0.0906103	0.90939	0.181221	1.81878	0.9988797
5872	0	-1815.667	-1815.262	-0.4049419	0.328624	0.096496	0.903504	0.192992	1.80701	0.9994769
5873	1	-1817.072	-1816.668	-0.4043441	0.315411	0.0961838	0.903816	0.192368	1.80763	0.9988797
5874	0	-1816.893	-1816.488	-0.4050675	0.326703	0.105053	0.894947	0.210107	1.78989	0.9996025
5875	1	-1816.16	-1815.756	-0.4046617	0.328573	0.0977094	0.902291	0.195419	1.80458	0.9991969
5876	0	-1817.761	-1817.357	-0.4041798	0.315354	0.103372	0.896628	0.206744	1.79326	0.9987155
5877	1	-1817.212	-1816.807	-0.4051952	0.354629	0.0950723	0.904928	0.190145	1.80986	0.9997301
5878	0	-1816.926	-1816.522	-0.4047729	0.323801	0.0920137	0.907986	0.184027	1.81597	0.999308
5879	1	-1816.084	-1815.679	-0.4046993	0.326906	0.0979725	0.902028	0.195945	1.80406	0.9992345
5880	0	-1818.114	-1817.709	-0.4048524	0.311392	0.108054	0.891946	0.216108	1.78389	0.9993875
5881	1	-1815.688	-1815.283	-0.405253	0.338619	0.0996491	0.900351	0.199298	1.8007	0.9997879
5882	0	-1819.092	-1818.689	-0.4030404	0.329125	0.0976244	0.902376	0.195249	1.80475	0.9975782
5883	1	-1817.18	-1816.776	-0.4046579	0.33838	0.101511	0.898489	0.203021	1.79698	0.9991931
5884	0	-1815.459	-1815.054	-0.4052238	0.324431	0.101222	0.898778	0.202443	1.79756	0.9997587
5885	1	-1815.809	-1815.404	-0.4052089	0.306379	0.100493	0.899507	0.200986	1.79901	0.9997438
5886	0	-1817.088	-1816.684	-0.4042257	0.317783	0.0970816	0.902918	0.194163	1.80584	0.9987614
5887	1	-1815.471	-1815.066	-0.4053456	0.320809	0.0938491	0.906151	0.187698	1.8123	0.9998805
5888	0	-1817.958	-1817.554	-0.4042257	0.336873	0.0911596	0.90884	0.182319	1.81768	0.9987614
5889	1	-1815.771	-1815.366	-0.4053121	0.304086	0.0993274	0.900673	0.198655	1.80135	0.999847
5890	0	-1816.08	-1815.674	-0.4054364	0.34745	0.0910792	0.908921	0.182158	1.81784	0.9999713
5891	1	-1817.459	-1817.054	-0.4053121	0.334374	0.106231	0.893769	0.212461	1.78754	0.999847
5892	0	-1816.033	-1815.627	-0.4054364	0.305825	0.0950187	0.904981	0.190037	1.80996	0.9999713
5893	1	-1814.961	-1814.556	-0.4053845	0.321609	0.0998767	0.900123	0.199753	1.80025	0.9999194
5894	0	-1816.9	-1816.495	-0.4054364	0.307411	0.107575	0.892425	0.215151	1.78485	0.9999713
5895	1	-1816.473	-1816.068	-0.4052262	0.329911	0.104242	0.895758	0.208483	1.79152	0.9997611
5896	0	-1819.215	-1818.812	-0.4036098	0.350783	0.0930978	0.906902	0.186196	1.8138	0.9981464
5897	1	-1815.712	-1815.307	-0.4052262	0.344098	0.0949444	0.905056	0.189889	1.81011	0.9997611
5898	0	-1816.485	-1816.08	-0.4047519	0.331006	0.101141	0.898859	0.202282	1.79772	0.999287
5899	1	-1820.837	-1820.432	-0.4049899	0.27287	0.0982573	0.901743	0.196515	1.80349	0.9995249
5900	0	-1815.789	-1815.384	-0.4049739	0.32961	0.0997673	0.900233	0.199535	1.80047	0.9995089
5901	1	-1817.621	-1817.217	-0.4042711	0.312283	0.0949553	0.905045	0.189911	1.81009	0.9988067
5902	0	-1815.745	-1815.34	-0.4053639	0.321381	0.0926814	0.907319	0.185363	1.81464	0.9998988
5903	1	-1816.344	-1815.939	-0.4052045	0.350701	0.0968163	0.903184	0.193633	1.80637	0.9997394
5904	0	-1816.019	-1815.614	-0.4053639	0.350088	0.0929107	0.907089	0.185821	1.81418	0.9998988
5905	1	-1815.335	-1814.929	-0.4052045	0.321663	0.100319	0.899681	0.200638	1.79936	0.9997394
5906	0	-1814.844	-1814.439	-0.4054432	0.326678	0.0955052	0.904495	0.19101	1.80899	0.9999781
5907	1	-1816.691	-1816.285	-0.4052045	0.354921	0.0930496	0.90695	0.186099	1.8139	0.9997394
5908	0	-1817.456	-1817.051	-0.4049969	0.304892	0.0933589	0.906641	0.186718	1.81328	0.9995319
5909	1	-1816.768	-1816.363	-0.4047206	0.341659	0.0991364	0.900864	0.198273	1.80173	0.9992557
5910	0	-1816.394	-1815.989	-0.4050245	0.318318	0.103984	0.896016	0.207968	1.79203	0.9995595
5911	1	-1820.905	-1820.5	-0.4053977	0.274659	0.0949804	0.90502	0.189961	1.81004	0.9999326
5912	0	-1815.422	-1815.016	-0.4052186	0.326386	0.100755	0.899245	0.20151	1.79849	0.9997536
5913	1	-1815.675	-1815.27	-0.4053977	0.348004	0.0945935	0.905407	0.189187	1.81081	0.9999326
5914	0	-1818.173	-1817.769	-0.4038737	0.33834	0.0997228	0.900277	0.199446	1.80055	0.9984098
5915	1	-1824.32	-1823.915	-0.4049667	0.337471	0.11519	0.88481	0.230381	1.76962	0.9995017
5916	0	-1817.036	-1816.632	-0.4042913	0.317504	0.100489	0.899511	0.200977	1.79902	0.9988268
5917	1	-1816.692	-1816.287	-0.4049667	0.346341	0.0989936	0.901006	0.197987	1.80201	0.9995017
5918	0	-1817.545	-1817.141	-0.4039484	0.328696	0.0991901	0.90081	0.19838	1.80162	0.9984845
5919	1	-1816.408	-1816.003	-0.4053792	0.34952	0.0978422	0.902158	0.195684	1.80432	0.9999141
5920	0	-1820.542	-1820.138	-0.4039369	0.362969	0.0889457	0.911054	0.177891	1.82211	0.9984729
5921	1	-1815.088	-1814.683	-0.4053792	0.335086	0.0947725	0.905228	0.189545	1.81046	0.9999141
5922	0	-1815.446	-1815.041	-0.4053267	0.320505	0.0941455	0.905854	0.188291	1.81171	0.9998616
5923	1	-1816.628	-1816.223	-0.4049724	0.337818	0.0911256	0.908874	0.182251	1.81775	0.9995075
5924	0	-1816.767	-1816.362	-0.405072	0.297262	0.1007	0.8993	0.2014	1.7986	0.999607
5925	1	-1817.392	-1816.988	-0.4041911	0.337187	0.093869	0.906131	0.187738	1.81226	0.9987268
5926	0	-1816.403	-1815.997	-0.4054623	0.331736	0.0919843	0.908016	0.183969	1.81603	0.9999972
5927	1	-1817.328	-1816.923	-0.4047814	0.299521	0.0974007	0.902599	0.194801	1.8052	0.9993165
5928	0	-1815.657	-1815.252	-0.4054123	0.303763	0.101356	0.898644	0.202712	1.79729	0.9999472
5929	1	-1817.767	-1817.363	-0.4040783	0.342169	0.0977862	0.902214	0.195572	1.80443	0.9986142
5930	0	-1817.817	-1817.413	-0.4039563	0.333429	0.0935268	0.906473	0.187054	1.81295	0.9984923
5931	1	-1818.704	-1818.3	-0.4044613	0.292164	0.0977862	0.902214	0.195572	1.80443	0.9989967
5932	0	-1819.02	-1818.616	-0.4046935	0.362133	0.0983247	0.901675	0.196649	1.80335	0.9992287
5933	1	-1817.643	-1817.238	-0.4043458	0.302812	0.0987895	0.90121	0.197579	1.80242	0.9988813
5934	0	-1817.941	-1817.537	-0.4046417	0.302863	0.105984	0.894016	0.211969	1.78803	0.9991769
5935	1	-1817.669	-1817.264	-0.4051001	0.294057	0.0961614	0.903839	0.192323	1.80768	0.9996351
5936	0	-1817.926	-1817.522	-0.404563	0.304622	0.0943392	0.905661	0.188678	1.81132	0.9990983
5937	1	-1818.39	-1817.986	-0.4044856	0.323294	0.106547	0.893453	0.213094	1.78691	0.999021
5938	0	-1816.548	-1816.144	-0.4045215	0.323433	0.095567	0.904433	0.191134	1.80887	0.9990568
5939	1	-1816.494	-1816.089	-0.4044856	0.324333	0.0966758	0.903324	0.193352	1.80665	0.999021
5940	0	-1816.501	-1816.096	-0.4052497	0.354408	0.0946112	0.905389	0.189222	1.81078	0.9997846
5941	1	-1817.035	-1816.63	-0.4051779	0.294481	0.103636	0.896364	0.207271	1.79273	0.9997128
5942	0	-1815.029	-1814.624	-0.4054017	0.335226	0.0981345	0.901866	0.196269	1.80373	0.9999366
5943	1	-1815.222	-1814.817	-0.4052821	0.317492	0.100212	0.899788	0.200423	1.79958	0.999817
5944	0	-1818.641	-1818.237	-0.404156	0.299578	0.0964121	0.903588	0.192824	1.80718	0.9986918
5945	1	-1817.823	-1817.418	-0.4053464	0.320566	0.0884255	0.911574	0.176851	1.82315	0.9998813
5946	0	-1816.512	-1816.107	-0.4046624	0.311058	0.0995326	0.900467	0.199065	1.80093	0.9991976
5947	1	-1817.488	-1817.082	-0.405351	0.288932	0.105147	0.894853	0.210294	1.78971	0.9998859
5948	0	-1816.11	-1815.705	-0.4050098	0.308503	0.0976001	0.9024	0.1952	1.8048	0.9995448
5949	1	-1819.065	-1818.66	-0.4045399	0.312815	0.0899418	0.910058	0.179884	1.82012	0.9990753
5950	0	-1816.611	-1816.206	-0.4049593	0.333026	0.102663	0.897337	0.205326	1.79467	0.9994943
5951	1	-1816.144	-1815.739	-0.4049807	0.307558	0.100327	0.899673	0.200654	1.79935	0.9995157
5952	0	-1816.128	-1815.723	-0.4054135	0.314271	0.0925894	0.907411	0.185179	1.81482	0.9999484
5953	1	-1816.207	-1815.802	-0.4049018	0.330198	0.101258	0.898742	0.202516	1.79748	0.9994369
5954	0	-1815.348	-1814.943	-0.4053387	0.333705	0.100143	0.899857	0.200286	1.79971	0.9998736
5955	1	-1815.759	-1815.354	-0.4053467	0.34636	0.0933068	0.906693	0.186614	1.81339	0.9998816
5956	0	-1818.444	-1818.041	-0.4036771	0.333528	0.0929417	0.907058	0.185883	1.81412	0.9982136
5957	1	-1815.231	-1814.826	-0.4052418	0.334245	0.0959617	0.904038	0.191923	1.80808	0.9997767
5958	0	-1817.619	-1817.215	-0.404054	0.33338	0.0936403	0.90636	0.187281	1.81272	0.9985899
5959	1	-1817.354	-1816.949	-0.4052927	0.288816	0.103199	0.896801	0.206398	1.7936	0.9998277
5960	0	-1817.061	-1816.655	-0.4053732	0.29379	0.0967622	0.903238	0.193524	1.80648	0.9999081
5961	1	-1817.132	-1816.727	-0.4047698	0.348073	0.0985721	0.901428	0.197144	1.80286	0.9993049
5962	0	-1815.667	-1815.261	-0.4053732	0.308701	0.0960385	0.903962	0.192077	1.80792	0.9999081
5963	1	-1815.94	-1815.535	-0.4048009	0.322136	0.0989493	0.901051	0.197899	1.8021	0.999336
5964	0	-1816.247	-1815.841	-0.4053732	0.327927	0.104637	0.895363	0.209275	1.79073	0.9999081
5965	1	-1817.931	-1817.526	-0.4041633	0.321152	0.103806	0.896194	0.207612	1.79239	0.998699
5966	0	-1815.69	-1815.285	-0.4049663	0.331155	0.0983137	0.901686	0.196627	1.80337	0.9995013
5967	1	-1816.104	-1815.699	-0.404857	0.316388	0.0961575	0.903843	0.192315	1.80769	0.9993921
5968	0	-1816.363	-1815.958	-0.4049663	0.322268	0.10331	0.89669	0.206619	1.79338	0.9995013
5969	1	-1816.759	-1816.354	-0.4050649	0.301467	0.103908	0.896092	0.207816	1.79218	0.9995999
5970	0	-1815.848	-1815.443	-0.4050791	0.318561	0.0947379	0.905262	0.189476	1.81052	0.999614
5971	1	-1815.796	-1815.391	-0.4053811	0.349055	0.0958413	0.904159	0.191683	1.80832	0.999916
5972	0	-1817.062	-1816.657	-0.4047854	0.299787	0.0998414	0.900159	0.199683	1.80032	0.9993206
5973	1	-1816.07	-1815.664	-0.4054375	0.353473	0.0944727	0.905527	0.188945	1.81105	0.9999724
5974	0	-1816.352	-1815.947	-0.4045545	0.328865	0.0970612	0.902939	0.194122	1.80588	0.9990898
5975	1	-1817.238	-1816.833	-0.4049472	0.294981	0.101802	0.898198	0.203604	1.7964	0.9994823
5976	0	-1815.715	-1815.31	-0.4050641	0.318339	0.0956779	0.904322	0.191356	1.80864	0.9995991
5977	1	-1817.708	-1817.303	-0.4049472	0.358928	0.0964105	0.903589	0.192821	1.80718	0.9994823
5978	0	-1816.87	-1816.466	-0.4043426	0.320428	0.100117	0.899883	0.200234	1.79977	0.9988781
5979	1	-1816.307	-1815.902	-0.4047318	0.31552	0.100739	0.899261	0.201479	1.79852	0.9992669
5980	0	-1816.439	-1816.034	-0.4051901	0.298554	0.100075	0.899925	0.20015	1.79985	0.9997251
5981	1	-1818.704	-1818.3	-0.4044804	0.290335	0.0991235	0.900876	0.198247	1.80175	0.9990158
5982	0	-1816.558	-1816.153	-0.4048002	0.307384	0.0976965	0.902303	0.195393	1.80461	0.9993353
5983	1	-1815.86	-1815.455	-0.4049068	0.32518	0.100069	0.899931	0.200139	1.79986	0.9994418
5984	0	-1817.944	-1817.539	-0.4048002	0.351995	0.100305	0.899695	0.200609	1.79939	0.9993353
5985	1	-1816.83	-1816.425	-0.4049577	0.300883	0.097676	0.902324	0.195352	1.80465	0.9994927
5986	0	-1815.643	-1815.238	-0.4053428	0.345099	0.0937549	0.906245	0.18751	1.81249	0.9998777
5987	1	-1815.866	-1815.461	-0.4052149	0.325273	0.0926566	0.907343	0.185313	1.81469	0.9997498
5988	0	-1817.241	-1816.835	-0.4053939	0.360207	0.0973614	0.902639	0.194723	1.80528	0.9999288
5989	1	-1816.322	-1815.916	-0.4053031	0.330442	0.0904966	0.909503	0.180993	1.81901	0.999838
5990	0	-1816.034	-1815.629	-0.4052889	0.337966	0.0912014	0.908799	0.182403	1.8176	0.9998238
5991	1	-1816.156	-1815.751	-0.4049874	0.343803	0.0944005	0.905599	0.188801	1.8112	0.9995224
5992	0	-1815.541	-1815.136	-0.4050406	0.331521	0.0979356	0.902064	0.195871	1.80413	0.9995756
5993	1	-1820.633	-1820.229	-0.4037978	0.310281	0.0900045	0.909996	0.180009	1.81999	0.9983341
5994	0	-1815.481	-1815.076	-0.4052857	0.312003	0.0967813	0.903219	0.193563	1.80644	0.9998207
5995	1	-1815.51	-1815.105	-0.4051636	0.336422	0.0947547	0.905245	0.189509	1.81049	0.9996985
5996	0	-1818.62	-1818.216	-0.4039808	0.323594	0.104749	0.895251	0.209499	1.7905	0.9985168
5997	1	-1816.099	-1815.694	-0.4048854	0.331773	0.0937156	0.906284	0.187431	1.81257	0.9994204
5998	0	-1818.929	-1818.524	-0.4046331	0.288608	0.105745	0.894255	0.211489	1.78851	0.9991683
5999	1	-1817.335	-1816.931	-0.4047956	0.298848	0.103393	0.896607	0.206785	1.79321	0.9993307
6000	0	-1816.693	-1816.288	-0.4052994	0.337546	0.103743	0.896257	0.207486	1.79251	0.9998343
6001	1	-1815.412	-1815.007	-0.4051317	0.319264	0.0969961	0.903004	0.193992	1.80601	0.9996666
6002	0	-1816.394	-1815.988	-0.4052022	0.352144	0.0937989	0.906201	0.187598	1.8124	0.9997371
6003	1	-1818.076	-1817.671	-0.4046703	0.299568	0.106058	0.893942	0.212116	1.78788	0.9992055
6004	0	-1815.443	-1815.037	-0.4051612	0.314932	0.0989579	0.901042	0.197916	1.80208	0.9996961
6005	1	-1817.115	-1816.71	-0.4053119	0.291893	0.104223	0.895777	0.208445	1.79155	0.9998468
6006	0	-1818.475	-1818.07	-0.4050585	0.292037	0.0947536	0.905246	0.189507	1.81049	0.9995934
6007	1	-1815.158	-1814.752	-0.4053119	0.316183	0.0996851	0.900315	0.19937	1.80063	0.9998468
6008	0	-1816.087	-1815.683	-0.404872	0.315495	0.101022	0.898978	0.202044	1.79796	0.9994071
6009	1	-1817.115	-1816.71	-0.4052952	0.348242	0.0888411	0.911159	0.177682	1.82232	0.9998301
6010	0	-1817.12	-1816.715	-0.4051008	0.298277	0.0962513	0.903749	0.192503	1.8075	0.9996358
6011	1	-1817.011	-1816.606	-0.405169	0.297205	0.104717	0.895283	0.209435	1.79057	0.9997039
6012	0	-1815.637	-1815.231	-0.4051008	0.332089	0.09414	0.90586	0.18828	1.81172	0.9996358
6013	1	-1815.976	-1815.571	-0.4050486	0.311067	0.0967052	0.903295	0.19341	1.80659	0.9995836
6014	0	-1816.452	-1816.047	-0.4051008	0.333947	0.102788	0.897212	0.205575	1.79442	0.9996358
6015	1	-1815.961	-1815.555	-0.4054432	0.301026	0.0975348	0.902465	0.19507	1.80493	0.9999781
6016	0	-1815.17	-1814.765	-0.4053798	0.314259	0.100729	0.899271	0.201459	1.79854	0.9999147
6017	1	-1815.525	-1815.119	-0.4054183	0.346507	0.0958513	0.904149	0.191703	1.8083	0.9999532
6018	0	-1815.613	-1815.208	-0.4049625	0.32828	0.0969899	0.90301	0.19398	1.80602	0.9994975
6019	1	-1817.24	-1816.835	-0.4045508	0.341689	0.099951	0.900049	0.199902	1.8001	0.9990861
6020	0	-1816.566	-1816.162	-0.4047193	0.334371	0.0929447	0.907055	0.185889	1.81411	0.9992545
6021	1	-1816.998	-1816.593	-0.4043795	0.311476	0.0991635	0.900836	0.198327	1.80167	0.998915
6022	0	-1815.791	-1815.386	-0.4048745	0.323194	0.0969817	0.903018	0.193963	1.80604	0.9994096
6023	1	-1817.285	-1816.88	-0.4044132	0.34479	0.0971201	0.90288	0.19424	1.80576	0.9989487
6024	0	-1815.598	-1815.192	-0.4052363	0.341445	0.0943153	0.905685	0.188631	1.81137	0.9997713
6025	1	-1816.301	-1815.896	-0.4047037	0.337066	0.0971392	0.902861	0.194278	1.80572	0.9992389
6026	0	-1816.59	-1816.185	-0.4050529	0.350325	0.0969036	0.903096	0.193807	1.80619	0.9995878
6027	1	-1816.223	-1815.819	-0.4047037	0.335388	0.096436	0.903564	0.192872	1.80713	0.9992389
6028	0	-1816.616	-1816.211	-0.4046932	0.331588	0.101139	0.898861	0.202278	1.79772	0.9992284
6029	1	-1815.199	-1814.793	-0.4053056	0.329183	0.0945755	0.905425	0.189151	1.81085	0.9998405
6030	0	-1816.326	-1815.921	-0.4048854	0.34424	0.0958488	0.904151	0.191698	1.8083	0.9994205
6031	1	-1815.982	-1815.577	-0.4053056	0.336404	0.0912378	0.908762	0.182476	1.81752	0.9998405
6032	0	-1816.994	-1816.59	-0.4043505	0.316039	0.0964629	0.903537	0.192926	1.80707	0.998886
6033	1	-1816.913	-1816.508	-0.4053056	0.359047	0.0933931	0.906607	0.186786	1.81321	0.9998405
6034	0	-1817.252	-1816.847	-0.40434	0.308117	0.0997489	0.900251	0.199498	1.8005	0.9988755
6035	1	-1816.03	-1815.625	-0.4051902	0.337113	0.0917886	0.908211	0.183577	1.81642	0.9997251
6036	0	-1815.453	-1815.048	-0.4054257	0.308459	0.0968638	0.903136	0.193728	1.80627	0.9999606
6037	1	-1815.146	-1814.74	-0.4052467	0.325452	0.09907	0.90093	0.19814	1.80186	0.9997816
6038	0	-1815.781	-1815.376	-0.4054257	0.336211	0.102009	0.897991	0.204018	1.79598	0.9999606
6039	1	-1816.92	-1816.515	-0.4049036	0.309692	0.104844	0.895156	0.209688	1.79031	0.9994387
6040	0	-1816.94	-1816.535	-0.4050447	0.306704	0.105532	0.894468	0.211064	1.78894	0.9995797
6041	1	-1817.116	-1816.711	-0.4051726	0.354569	0.09848	0.90152	0.19696	1.80304	0.9997076
6042	0	-1818.482	-1818.078	-0.4040492	0.344093	0.0909466	0.909053	0.181893	1.81811	0.9985851
6043	1	-1815.889	-1815.483	-0.4052935	0.345442	0.0982477	0.901752	0.196495	1.8035	0.9998284
6044	0	-1819.447	-1819.044	-0.4028765	0.322337	0.0994613	0.900539	0.198923	1.80108	0.9974148
6045	1	-1815.322	-1814.917	-0.4052803	0.3323	0.0940902	0.90591	0.18818	1.81182	0.9998152
6046	0	-1817.718	-1817.314	-0.4042664	0.316621	0.0935451	0.906455	0.18709	1.81291	0.998802
6047	1	-1818.607	-1818.202	-0.4052803	0.284837	0.107703	0.892297	0.215407	1.78459	0.9998152
6048	0	-1817.366	-1816.961	-0.4047232	0.353419	0.0939227	0.906077	0.187845	1.81215	0.9992584
6049	1	-1816.52	-1816.115	-0.4053587	0.294542	0.101055	0.898945	0.20211	1.79789	0.9998936
6050	0	-1816.32	-1815.915	-0.4047042	0.317553	0.0962256	0.903774	0.192451	1.80755	0.9992394
6051	1	-1815.283	-1814.877	-0.4053587	0.310925	0.0982348	0.901765	0.19647	1.80353	0.9998936
6052	0	-1817.35	-1816.946	-0.4043968	0.345989	0.0963644	0.903636	0.192729	1.80727	0.9989323
6053	1	-1815.835	-1815.43	-0.4052669	0.337969	0.100666	0.899334	0.201333	1.79867	0.9998018
6054	0	-1815.361	-1814.956	-0.4054417	0.306568	0.0999555	0.900044	0.199911	1.80009	0.9999766
6055	1	-1815.857	-1815.452	-0.4049739	0.32755	0.100564	0.899436	0.201128	1.79887	0.9995089
6056	0	-1816.277	-1815.872	-0.4049124	0.344276	0.0956205	0.904379	0.191241	1.80876	0.9994475
6057	1	-1817.801	-1817.395	-0.4054031	0.320435	0.109082	0.890918	0.218165	1.78184	0.999938
6058	0	-1815.473	-1815.068	-0.4052668	0.310644	0.100343	0.899657	0.200685	1.79931	0.9998017
6059	1	-1816.555	-1816.15	-0.4054031	0.303415	0.106022	0.893978	0.212044	1.78796	0.999938
6060	0	-1815.736	-1815.331	-0.4049662	0.3166	0.0985679	0.901432	0.197136	1.80286	0.9995012
6061	1	-1818.832	-1818.428	-0.4044288	0.352836	0.100652	0.899348	0.201303	1.7987	0.9989642
6062	0	-1816.773	-1816.368	-0.4054171	0.295877	0.0965216	0.903478	0.193043	1.80696	0.999952
6063	1	-1815.081	-1814.676	-0.405338	0.335422	0.0964253	0.903575	0.192851	1.80715	0.9998729
6064	0	-1818.219	-1817.813	-0.4052384	0.295433	0.108933	0.891067	0.217865	1.78213	0.9997733
6065	1	-1816.398	-1815.994	-0.4046042	0.320177	0.0962954	0.903705	0.192591	1.80741	0.9991394
6066	0	-1817.692	-1817.287	-0.4052384	0.353303	0.101404	0.898596	0.202808	1.79719	0.9997733
6067	1	-1817.438	-1817.034	-0.4044125	0.320489	0.103694	0.896306	0.207388	1.79261	0.9989479
6068	0	-1817.069	-1816.664	-0.4046558	0.310344	0.103709	0.896291	0.207418	1.79258	0.999191
6069	1	-1815.55	-1815.145	-0.4050761	0.324736	0.100068	0.899932	0.200136	1.79986	0.999611
6070	0	-1818.408	-1818.004	-0.4038238	0.310324	0.102916	0.897084	0.205833	1.79417	0.99836
6071	1	-1818.694	-1818.289	-0.4047397	0.34611	0.103992	0.896008	0.207984	1.79202	0.9992749
6072	0	-1816.351	-1815.946	-0.4048239	0.325236	0.0934698	0.90653	0.18694	1.81306	0.999359
6073	1	-1817.952	-1817.548	-0.4044607	0.351509	0.0980518	0.901948	0.196104	1.8039	0.9989961
6074	0	-1816.395	-1815.99	-0.4046453	0.321253	0.0954783	0.904522	0.190957	1.80904	0.9991805
6075	1	-1815.132	-1814.727	-0.4052728	0.320753	0.0967932	0.903207	0.193586	1.80641	0.9998077
6076	0	-1815.702	-1815.297	-0.405078	0.336443	0.0984734	0.901527	0.196947	1.80305	0.9996129
6077	1	-1816.517	-1816.113	-0.404644	0.337955	0.0980523	0.901948	0.196105	1.8039	0.9991792
6078	0	-1816.868	-1816.463	-0.4050851	0.318607	0.0914368	0.908563	0.182874	1.81713	0.9996201
6079	1	-1818.365	-1817.961	-0.4037291	0.307906	0.0995613	0.900439	0.199123	1.80088	0.9982655
6080	0	-1816.297	-1815.892	-0.4050851	0.347829	0.0968681	0.903132	0.193736	1.80626	0.9996201
6081	1	-1817.632	-1817.227	-0.4050145	0.345359	0.102834	0.897166	0.205667	1.79433	0.9995495
6082	0	-1818.187	-1817.783	-0.404188	0.309386	0.0942308	0.905769	0.188462	1.81154	0.9987238
6083	1	-1820.492	-1820.088	-0.4041557	0.287632	0.108154	0.891846	0.216308	1.78369	0.9986915
6084	0	-1815.892	-1815.487	-0.4049214	0.328745	0.0999925	0.900008	0.199985	1.80002	0.9994564
6085	1	-1816.138	-1815.733	-0.4050766	0.312203	0.09511	0.90489	0.19022	1.80978	0.9996116
6086	0	-1819.472	-1819.067	-0.404933	0.278288	0.100976	0.899024	0.201951	1.79805	0.999468
6087	1	-1815.952	-1815.547	-0.4051072	0.322249	0.0934238	0.906576	0.186848	1.81315	0.9996422
6088	0	-1817.663	-1817.259	-0.4040909	0.308737	0.0995363	0.900464	0.199073	1.80093	0.9986267
6089	1	-1817.744	-1817.34	-0.4045181	0.31816	0.0918693	0.908131	0.183739	1.81626	0.9990534
6090	0	-1816.43	-1816.025	-0.4050637	0.348344	0.0973073	0.902693	0.194615	1.80539	0.9995987
6091	1	-1817.379	-1816.975	-0.4042889	0.307505	0.0995331	0.900467	0.199066	1.80093	0.9988245
6092	0	-1817.171	-1816.766	-0.4044893	0.314051	0.103164	0.896836	0.206329	1.79367	0.9990247
6093	1	-1815.844	-1815.438	-0.4053768	0.349729	0.0952342	0.904766	0.190468	1.80953	0.9999116
6094	0	-1818.547	-1818.142	-0.4047462	0.326816	0.107531	0.892469	0.215062	1.78494	0.9992814
6095	1	-1815.286	-1814.88	-0.4054106	0.336503	0.0997068	0.900293	0.199414	1.80059	0.9999455
6096	0	-1815.551	-1815.146	-0.4051603	0.338783	0.0970029	0.902997	0.194006	1.80599	0.9996953
6097	1	-1816.184	-1815.779	-0.4049654	0.31436	0.102567	0.897433	0.205133	1.79487	0.9995004
6098	0	-1816.631	-1816.226	-0.405073	0.324855	0.104569	0.895431	0.209138	1.79086	0.999608
6099	1	-1816.52	-1816.116	-0.4049654	0.312021	0.0944236	0.905576	0.188847	1.81115	0.9995004
6100	0	-1815.575	-1815.169	-0.4052645	0.3243	0.0935064	0.906494	0.187013	1.81299	0.9997994
6101	1	-1816.519	-1816.114	-0.4049654	0.312183	0.103924	0.896076	0.207847	1.79215	0.9995004
6102	0	-1815.245	-1814.84	-0.4052645	0.31689	0.0999664	0.900034	0.199933	1.80007	0.9997994
6103	1	-1817.227	-1816.823	-0.4043171	0.321239	0.0941937	0.905806	0.188387	1.81161	0.9988527
6104	0	-1814.736	-1814.33	-0.4054503	0.324425	0.0983917	0.901608	0.196783	1.80322	0.9999852
6105	1	-1815.746	-1815.341	-0.4053704	0.348314	0.0946342	0.905366	0.189268	1.81073	0.9999053
6106	0	-1814.871	-1814.466	-0.4054503	0.331501	0.0988179	0.901182	0.197636	1.80236	0.9999852
6107	1	-1815.829	-1815.424	-0.4053704	0.302277	0.098953	0.901047	0.197906	1.80209	0.9999053
6108	0	-1816.486	-1816.081	-0.4051199	0.334706	0.102845	0.897155	0.205691	1.79431	0.9996548
6109	1	-1815.1	-1814.694	-0.405439	0.317208	0.101475	0.898525	0.202949	1.79705	0.9999739
6110	0	-1815	-1814.595	-0.405316	0.32118	0.0978495	0.90215	0.195699	1.8043	0.9998509
6111	1	-1815.751	-1815.346	-0.405439	0.346767	0.0924035	0.907597	0.184807	1.81519	0.9999739
6112	0	-1815.355	-1814.949	-0.405316	0.326298	0.101348	0.898652	0.202695	1.7973	0.9998509
6113	1	-1816.619	-1816.214	-0.4053884	0.35771	0.0949081	0.905092	0.189816	1.81018	0.9999233
6114	0	-1814.988	-1814.582	-0.405316	0.326731	0.0984061	0.901594	0.196812	1.80319	0.9998509
6115	1	-1816.374	-1815.969	-0.4048995	0.315978	0.103007	0.896993	0.206014	1.79399	0.9994346
6116	0	-1815.245	-1814.84	-0.4054121	0.312567	0.101465	0.898535	0.20293	1.79707	0.999947
6117	1	-1816.093	-1815.688	-0.4051757	0.334794	0.0916237	0.908376	0.183247	1.81675	0.9997106
6118	0	-1815.899	-1815.493	-0.4053923	0.341644	0.0912485	0.908751	0.182497	1.8175	0.9999272
6119	1	-1815.208	-1814.803	-0.4053411	0.313815	0.100209	0.899791	0.200419	1.79958	0.999876
6120	0	-1815.09	-1814.684	-0.4054101	0.315845	0.0964853	0.903515	0.192971	1.80703	0.999945
6121	1	-1816.13	-1815.724	-0.4051662	0.304835	0.102301	0.897699	0.204602	1.7954	0.9997012
6122	0	-1815.648	-1815.243	-0.4053996	0.328421	0.102881	0.897119	0.205761	1.79424	0.9999345
6123	1	-1816.224	-1815.819	-0.4052573	0.304494	0.0960884	0.903912	0.192177	1.80782	0.9997922
6124	0	-1815.365	-1814.96	-0.4053996	0.311042	0.101829	0.898171	0.203658	1.79634	0.9999345
6125	1	-1816.502	-1816.097	-0.4049553	0.337466	0.101231	0.898769	0.202463	1.79754	0.9994903
6126	0	-1816.822	-1816.416	-0.4053996	0.299002	0.0950539	0.904946	0.190108	1.80989	0.9999345
6127	1	-1816.382	-1815.976	-0.405309	0.334636	0.103561	0.896439	0.207122	1.79288	0.9998439
6128	0	-1815.416	-1815.011	-0.4053996	0.336718	0.100217	0.899783	0.200435	1.79957	0.9999345
6129	1	-1817.319	-1816.914	-0.405309	0.307827	0.108073	0.891927	0.216147	1.78385	0.9998439
6130	0	-1816.887	-1816.482	-0.4046847	0.335509	0.0919418	0.908058	0.183884	1.81612	0.9992199
6131	1	-1816.146	-1815.741	-0.4048224	0.314575	0.100524	0.899476	0.201047	1.79895	0.9993575
6132	0	-1816.64	-1816.236	-0.4046847	0.313387	0.0957438	0.904256	0.191488	1.80851	0.9992199
6133	1	-1818.776	-1818.372	-0.4048224	0.330721	0.0874258	0.912574	0.174852	1.82515	0.9993575
6134	0	-1818.607	-1818.204	-0.4036866	0.346009	0.0955995	0.904401	0.191199	1.8088	0.9982231
6135	1	-1816.821	-1816.417	-0.4044565	0.314459	0.100652	0.899348	0.201304	1.7987	0.9989919
6136	0	-1815.641	-1815.236	-0.4052156	0.312433	0.0963512	0.903649	0.192702	1.8073	0.9997505
6137	1	-1819.279	-1818.876	-0.4031276	0.311821	0.0979079	0.902092	0.195816	1.80418	0.9976652
6138	0	-1818.216	-1817.811	-0.4052123	0.299535	0.0922097	0.90779	0.184419	1.81558	0.9997472
6139	1	-1815.858	-1815.454	-0.4048505	0.325353	0.0990598	0.90094	0.19812	1.80188	0.9993856
6140	0	-1815.099	-1814.693	-0.405444	0.338398	0.0943988	0.905601	0.188798	1.8112	0.9999789
6141	1	-1816.259	-1815.854	-0.4048505	0.341797	0.096634	0.903366	0.193268	1.80673	0.9993856
6142	0	-1815.713	-1815.308	-0.40498	0.322043	0.100101	0.899899	0.200201	1.7998	0.999515
6143	1	-1817.752	-1817.348	-0.4042591	0.324545	0.0922249	0.907775	0.18445	1.81555	0.9987947
6144	0	-1817.031	-1816.627	-0.4044353	0.335384	0.099974	0.900026	0.199948	1.80005	0.9989707
6145	1	-1817.278	-1816.874	-0.4045739	0.304213	0.102641	0.897359	0.205282	1.79472	0.9991092
6146	0	-1816.928	-1816.523	-0.4052546	0.350602	0.10022	0.89978	0.200441	1.79956	0.9997896
6147	1	-1818.493	-1818.089	-0.4037794	0.342289	0.0926666	0.907333	0.185333	1.81467	0.9983157
6148	0	-1816.848	-1816.442	-0.4052546	0.297424	0.104752	0.895248	0.209503	1.7905	0.9997896
6149	1	-1817.232	-1816.826	-0.405463	0.294583	0.107017	0.892983	0.214034	1.78597	0.9999979
6150	0	-1815.402	-1814.996	-0.4052121	0.318556	0.100827	0.899173	0.201654	1.79835	0.999747
6151	1	-1814.846	-1814.441	-0.405463	0.318551	0.0998421	0.900158	0.199684	1.80032	0.9999979
6152	0	-1815.84	-1815.435	-0.4054625	0.32601	0.0913397	0.90866	0.182679	1.81732	0.9999974
6153	1	-1815.241	-1814.835	-0.4053969	0.332241	0.100483	0.899517	0.200966	1.79903	0.9999317
6154	0	-1816.397	-1815.992	-0.4054172	0.314296	0.106258	0.893742	0.212515	1.78748	0.9999521
6155	1	-1815.8	-1815.395	-0.4049639	0.320124	0.100538	0.899462	0.201077	1.79892	0.9994989
6156	0	-1816.139	-1815.734	-0.4049012	0.314094	0.101568	0.898432	0.203136	1.79686	0.9994363
6157	1	-1818.777	-1818.372	-0.4049639	0.284733	0.0982264	0.901774	0.196453	1.80355	0.9994989
6158	0	-1815.857	-1815.452	-0.4049458	0.335027	0.0948869	0.905113	0.189774	1.81023	0.9994808
6159	1	-1815.417	-1815.012	-0.4051071	0.332449	0.0965249	0.903475	0.19305	1.80695	0.9996421
6160	0	-1816.2	-1815.795	-0.4048988	0.342303	0.0950068	0.904993	0.190014	1.80999	0.9994338
6161	1	-1817.126	-1816.721	-0.4052673	0.300959	0.0941435	0.905857	0.188287	1.81171	0.9998022
6162	0	-1818.461	-1818.056	-0.4044695	0.319146	0.0903054	0.909695	0.180611	1.81939	0.9990049
6163	1	-1818.373	-1817.969	-0.4046561	0.359375	0.0910516	0.908948	0.182103	1.8179	0.9991913
6164	0	-1817.075	-1816.67	-0.4048901	0.300426	0.10353	0.89647	0.20706	1.79294	0.9994252
6165	1	-1816.741	-1816.337	-0.4048186	0.337338	0.0916511	0.908349	0.183302	1.8167	0.9993537
6166	0	-1817.668	-1817.263	-0.4053725	0.358707	0.0886257	0.911374	0.177251	1.82275	0.9999074
6167	1	-1816.293	-1815.887	-0.4054504	0.334794	0.103985	0.896015	0.207969	1.79203	0.9999853
6168	0	-1817.835	-1817.431	-0.4043225	0.339303	0.101434	0.898566	0.202868	1.79713	0.9988581
6169	1	-1815.796	-1815.39	-0.4052943	0.346855	0.0963152	0.903685	0.19263	1.80737	0.9998292
6170	0	-1817.681	-1817.277	-0.4042111	0.305276	0.100581	0.899419	0.201162	1.79884	0.9987468
6171	1	-1815.176	-1814.771	-0.4053244	0.317389	0.0964957	0.903504	0.192991	1.80701	0.9998593
6172	0	-1815.685	-1815.28	-0.4052474	0.312838	0.0956035	0.904396	0.191207	1.80879	0.9997823
6173	1	-1815.063	-1814.657	-0.4054041	0.328651	0.0943408	0.905659	0.188682	1.81132	0.999939
6174	0	-1815.783	-1815.378	-0.404892	0.322839	0.0991306	0.900869	0.198261	1.80174	0.9994271
6175	1	-1814.976	-1814.571	-0.4054041	0.320652	0.100307	0.899693	0.200615	1.79939	0.999939
6176	0	-1820.7	-1820.296	-0.4033558	0.353926	0.0999564	0.900044	0.199913	1.80009	0.9978929
6177	1	-1815.644	-1815.239	-0.4051762	0.321766	0.094254	0.905746	0.188508	1.81149	0.9997111
6178	0	-1819.748	-1819.345	-0.4027924	0.334906	0.0983858	0.901614	0.196772	1.80323	0.9973309
6179	1	-1815.874	-1815.469	-0.4049888	0.312045	0.0993334	0.900667	0.198667	1.80133	0.9995238
6180	0	-1815.742	-1815.337	-0.4051678	0.341238	0.0940201	0.90598	0.18804	1.81196	0.9997028
6181	1	-1818.32	-1817.915	-0.4047108	0.291015	0.104452	0.895548	0.208904	1.7911	0.999246
6182	0	-1816.03	-1815.625	-0.4054504	0.347138	0.0996038	0.900396	0.199208	1.80079	0.9999853
6183	1	-1815.109	-1814.704	-0.4054219	0.313385	0.0972318	0.902768	0.194464	1.80554	0.9999568
6184	0	-1814.893	-1814.487	-0.4054504	0.334444	0.0979058	0.902094	0.195812	1.80419	0.9999853
6185	1	-1816.241	-1815.836	-0.4052192	0.339481	0.101468	0.898532	0.202936	1.79706	0.9997541
6186	0	-1815.362	-1814.956	-0.4054504	0.327501	0.0927189	0.907281	0.185438	1.81456	0.9999853
6187	1	-1816.846	-1816.441	-0.405075	0.321719	0.0910807	0.908919	0.182161	1.81784	0.99961
6188	0	-1814.759	-1814.353	-0.4054504	0.324817	0.0988383	0.901162	0.197677	1.80232	0.9999853
6189	1	-1816.412	-1816.007	-0.4054063	0.356282	0.0944176	0.905582	0.188835	1.81116	0.9999412
6190	0	-1816.599	-1816.194	-0.4052242	0.308714	0.0935361	0.906464	0.187072	1.81293	0.9997591
6191	1	-1820.041	-1819.638	-0.403118	0.300254	0.0995574	0.900443	0.199115	1.80089	0.9976557
6192	0	-1815.388	-1814.982	-0.4054263	0.308858	0.0971303	0.90287	0.194261	1.80574	0.9999612
6193	1	-1815.661	-1815.256	-0.4052253	0.32981	0.101492	0.898508	0.202984	1.79702	0.9997602
6194	0	-1820.153	-1819.749	-0.4038591	0.345437	0.103877	0.896123	0.207754	1.79225	0.9983953
6195	1	-1815.535	-1815.13	-0.4052253	0.312741	0.0968823	0.903118	0.193765	1.80624	0.9997602
6196	0	-1816.377	-1815.972	-0.4048393	0.332491	0.101058	0.898942	0.202116	1.79788	0.9993743
6197	1	-1815.215	-1814.81	-0.4053628	0.338341	0.0977723	0.902228	0.195545	1.80446	0.9998977
6198	0	-1815.597	-1815.191	-0.4052794	0.313869	0.0954344	0.904566	0.190869	1.80913	0.9998143
6199	1	-1818.11	-1817.705	-0.4047563	0.359924	0.0919765	0.908023	0.183953	1.81605	0.9992914
6200	0	-1814.93	-1814.524	-0.4054529	0.334383	0.0984271	0.901573	0.196854	1.80315	0.9999878
6201	1	-1816.408	-1816.003	-0.4050865	0.301022	0.100474	0.899526	0.200949	1.79905	0.9996215
6202	0	-1814.775	-1814.369	-0.4054241	0.327841	0.0972493	0.902751	0.194499	1.8055	0.999959
6203	1	-1818.384	-1817.979	-0.4049521	0.357235	0.100282	0.899718	0.200564	1.79944	0.9994871
6204	0	-1815.547	-1815.142	-0.4052238	0.339375	0.0942271	0.905773	0.188454	1.81155	0.9997587
6205	1	-1814.791	-1814.386	-0.4054538	0.319061	0.0982619	0.901738	0.196524	1.80348	0.9999887
6206	0	-1815.198	-1814.793	-0.4053045	0.320646	0.10065	0.89935	0.201299	1.7987	0.9998394
6207	1	-1815.884	-1815.479	-0.4054538	0.323172	0.104557	0.895443	0.209114	1.79089	0.9999887
6208	0	-1815.597	-1815.192	-0.4051366	0.312252	0.0988641	0.901136	0.197728	1.80227	0.9996715
6209	1	-1817.375	-1816.97	-0.4053765	0.363368	0.094922	0.905078	0.189844	1.81016	0.9999114
6210	0	-1815.88	-1815.476	-0.4048898	0.335104	0.0968264	0.903174	0.193653	1.80635	0.9994248
6211	1	-1815.469	-1815.063	-0.4053765	0.319828	0.102822	0.897178	0.205644	1.79436	0.9999114
6212	0	-1815.538	-1815.132	-0.4054318	0.337127	0.100904	0.899096	0.201807	1.79819	0.9999667
6213	1	-1815.866	-1815.461	-0.4051005	0.341581	0.0976277	0.902372	0.195255	1.80474	0.9996355
6214	0	-1817.111	-1816.706	-0.404744	0.327763	0.103882	0.896118	0.207764	1.79224	0.9992791
6215	1	-1816.796	-1816.391	-0.4052208	0.349538	0.0902839	0.909716	0.180568	1.81943	0.9997557
6216	0	-1815.721	-1815.316	-0.4049171	0.328505	0.0962996	0.9037	0.192599	1.8074	0.9994522
6217	1	-1816.139	-1815.734	-0.4048335	0.316919	0.0960387	0.903961	0.192077	1.80792	0.9993686
6218	0	-1818.217	-1817.812	-0.4046984	0.36085	0.0936496	0.90635	0.187299	1.8127	0.9992336
6219	1	-1816.191	-1815.786	-0.4047104	0.33441	0.0960339	0.903966	0.192068	1.80793	0.9992456
6220	0	-1815.923	-1815.518	-0.4047854	0.324994	0.0973415	0.902659	0.194683	1.80532	0.9993205
6221	1	-1815.957	-1815.552	-0.4050992	0.343347	0.0972886	0.902711	0.194577	1.80542	0.9996341
6222	0	-1816.269	-1815.864	-0.4047854	0.338195	0.0945062	0.905494	0.189012	1.81099	0.9993205
6223	1	-1815.675	-1815.27	-0.4052232	0.335244	0.092898	0.907102	0.185796	1.8142	0.9997581
6224	0	-1815.221	-1814.815	-0.4052834	0.315673	0.0976907	0.902309	0.195381	1.80462	0.9998183
6225	1	-1816.684	-1816.278	-0.4053997	0.294199	0.103806	0.896194	0.207613	1.79239	0.9999345
6226	0	-1815.21	-1814.805	-0.4052834	0.335416	0.0975838	0.902416	0.195168	1.80483	0.9998183
6227	1	-1815.763	-1815.357	-0.4053997	0.337948	0.101334	0.898666	0.202669	1.79733	0.9999345
6228	0	-1816.454	-1816.05	-0.4047422	0.310128	0.0980013	0.901999	0.196003	1.804	0.9992774
6229	1	-1816.386	-1815.98	-0.4053997	0.303532	0.0948093	0.905191	0.189619	1.81038	0.9999345
6230	0	-1819.197	-1818.794	-0.403512	0.318471	0.0928199	0.90718	0.18564	1.81436	0.9980488
6231	1	-1816.098	-1815.693	-0.405282	0.325545	0.104027	0.895973	0.208053	1.79195	0.9998169
6232	0	-1816.875	-1816.47	-0.4046338	0.306394	0.0983265	0.901674	0.196653	1.80335	0.999169
6233	1	-1815.206	-1814.801	-0.405282	0.334177	0.0951843	0.904816	0.190369	1.80963	0.9998169
6234	0	-1815.293	-1814.887	-0.4053147	0.324722	0.101181	0.898819	0.202361	1.79764	0.9998496
6235	1	-1816.706	-1816.301	-0.4048283	0.310398	0.095158	0.904842	0.190316	1.80968	0.9993634
6236	0	-1815.506	-1815.101	-0.4050331	0.323449	0.09877	0.90123	0.19754	1.80246	0.9995681
6237	1	-1815.198	-1814.792	-0.405428	0.328135	0.101318	0.898682	0.202636	1.79736	0.9999629
6238	0	-1817.789	-1817.384	-0.4046916	0.353801	0.0912093	0.908791	0.182419	1.81758	0.9992268
6239	1	-1816.334	-1815.93	-0.4048759	0.312136	0.102222	0.897778	0.204443	1.79556	0.9994109
6240	0	-1816.903	-1816.497	-0.4052052	0.301188	0.0951078	0.904892	0.190216	1.80978	0.9997402
6241	1	-1815.774	-1815.369	-0.405458	0.301628	0.0983758	0.901624	0.196752	1.80325	0.9999929
6242	0	-1815.921	-1815.515	-0.405127	0.311624	0.0959335	0.904067	0.191867	1.80813	0.9996619
6243	1	-1815.949	-1815.544	-0.405107	0.33889	0.0995372	0.900463	0.199074	1.80093	0.9996419
6244	0	-1816.084	-1815.679	-0.4051105	0.345972	0.0967108	0.903289	0.193422	1.80658	0.9996455
6245	1	-1816.855	-1816.45	-0.4052922	0.349144	0.100781	0.899219	0.201562	1.79844	0.9998272
6246	0	-1817.625	-1817.22	-0.4044889	0.321624	0.0917867	0.908213	0.183573	1.81643	0.9990243
6247	1	-1818.853	-1818.448	-0.405312	0.356139	0.103465	0.896535	0.206929	1.79307	0.9998469
6248	0	-1815.061	-1814.655	-0.4053298	0.317275	0.0985664	0.901434	0.197133	1.80287	0.9998647
6249	1	-1819.78	-1819.376	-0.4040776	0.3642	0.0929479	0.907052	0.185896	1.8141	0.9986135
6250	0	-1815.532	-1815.126	-0.4054037	0.31819	0.0937011	0.906299	0.187402	1.8126	0.9999386
6251	1	-1818.204	-1817.8	-0.4042254	0.347081	0.0994712	0.900529	0.198942	1.80106	0.998761
6252	0	-1816.575	-1816.17	-0.4048344	0.30596	0.0979708	0.902029	0.195942	1.80406	0.9993695
6253	1	-1815.986	-1815.58	-0.4052087	0.304469	0.0983192	0.901681	0.196638	1.80336	0.9997437
6254	0	-1817.047	-1816.642	-0.4052952	0.324926	0.0894392	0.910561	0.178878	1.82112	0.9998301
6255	1	-1815.834	-1815.429	-0.4052788	0.307543	0.0965597	0.90344	0.193119	1.80688	0.9998137
6256	0	-1817.181	-1816.776	-0.4052952	0.295952	0.106072	0.893928	0.212144	1.78786	0.9998301
6257	1	-1816.092	-1815.686	-0.4052788	0.33588	0.0910485	0.908951	0.182097	1.8179	0.9998137
6258	0	-1819.481	-1819.077	-0.4038752	0.326904	0.0895006	0.910499	0.179001	1.821	0.9984114
6259	1	-1816.721	-1816.315	-0.4053349	0.351018	0.0998206	0.900179	0.199641	1.80036	0.9998698
6260	0	-1816.296	-1815.891	-0.4045814	0.324795	0.097153	0.902847	0.194306	1.80569	0.9991166
6261	1	-1815.16	-1814.755	-0.4053349	0.316629	0.100393	0.899607	0.200787	1.79921	0.9998698
6262	0	-1816.193	-1815.788	-0.4048153	0.336982	0.0983821	0.901618	0.196764	1.80324	0.9993504
6263	1	-1816.985	-1816.58	-0.4052438	0.318582	0.106825	0.893175	0.21365	1.78635	0.9997787
6264	0	-1815.32	-1814.915	-0.4052465	0.331921	0.0944911	0.905509	0.188982	1.81102	0.9997814
6265	1	-1815.932	-1815.527	-0.4052438	0.307769	0.0962605	0.90374	0.192521	1.80748	0.9997787
6266	0	-1816.842	-1816.436	-0.4051682	0.296453	0.103324	0.896676	0.206649	1.79335	0.9997032
6267	1	-1818.156	-1817.751	-0.4050554	0.317138	0.108773	0.891227	0.217546	1.78245	0.9995904
6268	0	-1816.288	-1815.883	-0.4049261	0.337548	0.0926907	0.907309	0.185381	1.81462	0.9994611
6269	1	-1815.593	-1815.188	-0.4050554	0.334971	0.0957922	0.904208	0.191584	1.80842	0.9995904
6270	0	-1814.914	-1814.509	-0.4053484	0.32397	0.0973587	0.902641	0.194717	1.80528	0.9998833
6271	1	-1818.333	-1817.928	-0.4050683	0.335804	0.0871409	0.912859	0.174282	1.82572	0.9996033
6272	0	-1815.151	-1814.745	-0.4054505	0.315115	0.0958047	0.904195	0.191609	1.80839	0.9999854
6273	1	-1816.573	-1816.168	-0.4050683	0.351313	0.0936817	0.906318	0.187363	1.81264	0.9996033
6274	0	-1815.566	-1815.161	-0.4050928	0.315705	0.0996943	0.900306	0.199389	1.80061	0.9996277
6275	1	-1815.609	-1815.204	-0.4050683	0.322387	0.0954096	0.90459	0.190819	1.80918	0.9996033
6276	0	-1816.58	-1816.176	-0.4044505	0.325937	0.0990073	0.900993	0.198015	1.80199	0.9989859
6277	1	-1818.636	-1818.231	-0.4053829	0.328246	0.0863427	0.913657	0.172685	1.82731	0.9999178
6278	0	-1816.409	-1816.004	-0.404805	0.312175	0.0962762	0.903724	0.192552	1.80745	0.9993401
6279	1	-1818.532	-1818.128	-0.4038294	0.303661	0.0984198	0.90158	0.19684	1.80316	0.9983656
6280	0	-1816.357	-1815.952	-0.4048434	0.312236	0.0961425	0.903858	0.192285	1.80772	0.9993785
6281	1	-1815.732	-1815.327	-0.4050823	0.328664	0.100784	0.899216	0.201568	1.79843	0.9996173
6282	0	-1816.222	-1815.817	-0.4052667	0.313045	0.0933451	0.906655	0.18669	1.81331	0.9998016
6283	1	-1815.96	-1815.555	-0.4050389	0.337218	0.0994975	0.900502	0.198995	1.801	0.9995739
6284	0	-1815.312	-1814.907	-0.4051725	0.327589	0.0991472	0.900853	0.198294	1.80171	0.9997074
6285	1	-1818.086	-1817.681	-0.404924	0.347056	0.103069	0.896931	0.206137	1.79386	0.9994591
6286	0	-1815.781	-1815.376	-0.4051725	0.340153	0.0933738	0.906626	0.186748	1.81325	0.9997074
6287	1	-1815.82	-1815.414	-0.4053497	0.346211	0.0927757	0.907224	0.185551	1.81445	0.9998846
6288	0	-1815.208	-1814.802	-0.4054493	0.310286	0.100979	0.899021	0.201958	1.79804	0.9999842
6289	1	-1819.454	-1819.049	-0.4048471	0.35481	0.0862516	0.913748	0.172503	1.8275	0.9993822
6290	0	-1817.137	-1816.731	-0.4052939	0.305598	0.0926254	0.907375	0.185251	1.81475	0.9998288
6291	1	-1816.819	-1816.414	-0.4048471	0.335503	0.102156	0.897844	0.204311	1.79569	0.9993822
6292	0	-1815.485	-1815.079	-0.4051433	0.317594	0.10036	0.89964	0.20072	1.79928	0.9996783
6293	1	-1815.471	-1815.066	-0.4051608	0.32407	0.100646	0.899354	0.201292	1.79871	0.9996957
6294	0	-1818.793	-1818.387	-0.4054162	0.373236	0.0937976	0.906202	0.187595	1.8124	0.9999511
6295	1	-1816.939	-1816.535	-0.4044995	0.309065	0.100477	0.899523	0.200955	1.79905	0.9990348
6296	0	-1815.711	-1815.306	-0.4051715	0.316909	0.102207	0.897793	0.204415	1.79559	0.9997065
6297	1	-1818.192	-1817.788	-0.4037287	0.324411	0.101412	0.898588	0.202823	1.79718	0.9982651
6298	0	-1817.124	-1816.719	-0.4051068	0.343967	0.0893452	0.910655	0.17869	1.82131	0.9996417
6299	1	-1816.171	-1815.766	-0.4046732	0.323075	0.0967092	0.903291	0.193418	1.80658	0.9992084
6300	0	-1815.822	-1815.417	-0.4049776	0.335488	0.0947606	0.905239	0.189521	1.81048	0.9995126
6301	1	-1816.514	-1816.109	-0.4046678	0.337037	0.0939686	0.906031	0.187937	1.81206	0.999203
6302	0	-1817.327	-1816.923	-0.4041453	0.332527	0.0943747	0.905625	0.188749	1.81125	0.9986811
6303	1	-1814.998	-1814.592	-0.4053815	0.323251	0.100144	0.899856	0.200288	1.79971	0.9999164
6304	0	-1817.073	-1816.669	-0.4043855	0.32538	0.0937425	0.906257	0.187485	1.81251	0.998921
6305	1	-1818.324	-1817.919	-0.4044035	0.340513	0.103071	0.896929	0.206141	1.79386	0.9989389
6306	0	-1816.703	-1816.298	-0.4049603	0.303121	0.097075	0.902925	0.19415	1.80585	0.9994954
6307	1	-1818.085	-1817.681	-0.4039779	0.308788	0.102324	0.897676	0.204647	1.79535	0.9985139
6308	0	-1817.244	-1816.84	-0.4044589	0.304887	0.0998924	0.900108	0.199785	1.80022	0.9989943
6309	1	-1816.185	-1815.781	-0.4046923	0.332714	0.0976098	0.90239	0.19522	1.80478	0.9992275
6310	0	-1816.014	-1815.609	-0.4047491	0.325969	0.0965189	0.903481	0.193038	1.80696	0.9992842
6311	1	-1817.444	-1817.039	-0.4046923	0.330133	0.0904677	0.909532	0.180935	1.81906	0.9992275
6312	0	-1817.855	-1817.451	-0.4044698	0.312274	0.0929563	0.907044	0.185913	1.81409	0.9990051
6313	1	-1816.201	-1815.796	-0.4047375	0.336182	0.0958159	0.904184	0.191632	1.80837	0.9992727
6314	0	-1815.383	-1814.978	-0.405084	0.325734	0.0972822	0.902718	0.194564	1.80544	0.999619
6315	1	-1816.497	-1816.092	-0.4052476	0.297401	0.102158	0.897842	0.204315	1.79568	0.9997825
6316	0	-1815.024	-1814.619	-0.4053883	0.331934	0.0947937	0.905206	0.189587	1.81041	0.9999232
6317	1	-1817.257	-1816.853	-0.4042463	0.320931	0.101604	0.898396	0.203207	1.79679	0.998782
6318	0	-1818.256	-1817.851	-0.4049381	0.305303	0.108625	0.891375	0.21725	1.78275	0.9994731
6319	1	-1817.836	-1817.432	-0.4037939	0.334384	0.0969469	0.903053	0.193894	1.80611	0.9983302
6320	0	-1816.401	-1815.996	-0.4053097	0.35326	0.0966505	0.903349	0.193301	1.8067	0.9998446
6321	1	-1816.36	-1815.955	-0.4048927	0.316671	0.102909	0.897091	0.205818	1.79418	0.9994278
6322	0	-1817.055	-1816.651	-0.4043548	0.31146	0.0997913	0.900209	0.199583	1.80042	0.9988903
6323	1	-1818.729	-1818.324	-0.404692	0.360712	0.0897441	0.910256	0.179488	1.82051	0.9992272
6324	0	-1818.307	-1817.903	-0.4038984	0.347159	0.0951736	0.904826	0.190347	1.80965	0.9984345
6325	1	-1815.555	-1815.15	-0.4052118	0.34081	0.096754	0.903246	0.193508	1.80649	0.9997467
6326	0	-1816.925	-1816.52	-0.4051144	0.309358	0.0930139	0.906986	0.186028	1.81397	0.9996493
6327	1	-1814.938	-1814.532	-0.4054135	0.322734	0.100142	0.899858	0.200284	1.79972	0.9999484
6328	0	-1816.397	-1815.992	-0.4053422	0.353593	0.0967921	0.903208	0.193584	1.80642	0.9998771
6329	1	-1816.322	-1815.917	-0.4054135	0.334438	0.0898373	0.910163	0.179675	1.82033	0.9999484
6330	0	-1816.162	-1815.757	-0.405141	0.304848	0.102204	0.897796	0.204408	1.79559	0.999676
6331	1	-1816.995	-1816.59	-0.4051608	0.356636	0.0924001	0.9076	0.1848	1.8152	0.9996957
6332	0	-1817.517	-1817.113	-0.4041474	0.334041	0.100163	0.899837	0.200326	1.79967	0.9986832
6333	1	-1815.623	-1815.218	-0.4053257	0.345418	0.0947112	0.905289	0.189422	1.81058	0.9998606
6334	0	-1817.302	-1816.897	-0.4046472	0.343076	0.0911835	0.908817	0.182367	1.81763	0.9991825
6335	1	-1816.837	-1816.431	-0.4053257	0.313653	0.106996	0.893004	0.213993	1.78601	0.9998606
6336	0	-1816.867	-1816.462	-0.4045276	0.30889	0.0995612	0.900439	0.199122	1.80088	0.999063
6337	1	-1816.813	-1816.408	-0.4046269	0.344452	0.0961062	0.903894	0.192212	1.80779	0.9991622
6338	0	-1817.607	-1817.203	-0.40389	0.330072	0.0958978	0.904102	0.191796	1.8082	0.9984261
6339	1	-1815.92	-1815.516	-0.4048263	0.331733	0.0961862	0.903814	0.192372	1.80763	0.9993614
6340	0	-1817.303	-1816.898	-0.4050786	0.345458	0.0891201	0.91088	0.17824	1.82176	0.9996135
6341	1	-1815.179	-1814.774	-0.4053489	0.337565	0.0974844	0.902516	0.194969	1.80503	0.9998838
6342	0	-1817.322	-1816.917	-0.4048674	0.296169	0.102531	0.897469	0.205063	1.79494	0.9994024
6343	1	-1819.447	-1819.044	-0.4033812	0.303355	0.102375	0.897625	0.20475	1.79525	0.9979183
6344	0	-1815.37	-1814.965	-0.405276	0.311984	0.0997695	0.900231	0.199539	1.80046	0.9998109
6345	1	-1819.732	-1819.33	-0.4028331	0.338656	0.0966294	0.903371	0.193259	1.80674	0.9973715
6346	0	-1816.634	-1816.229	-0.4049986	0.303451	0.103168	0.896832	0.206335	1.79366	0.9995336
6347	1	-1817.728	-1817.322	-0.40519	0.316163	0.0896786	0.910321	0.179357	1.82064	0.9997249
6348	0	-1816.458	-1816.053	-0.4050507	0.302537	0.0980717	0.901928	0.196143	1.80386	0.9995857
6349	1	-1817.019	-1816.614	-0.4047369	0.335637	0.102128	0.897872	0.204257	1.79574	0.9992721
6350	0	-1814.895	-1814.49	-0.4054503	0.334922	0.0955159	0.904484	0.191032	1.80897	0.9999852
6351	1	-1817.269	-1816.865	-0.4047701	0.308237	0.0941265	0.905874	0.188253	1.81175	0.9993052
6352	0	-1816.74	-1816.336	-0.4044479	0.315047	0.0995282	0.900472	0.199056	1.80094	0.9989834
6353	1	-1819.286	-1818.882	-0.4040447	0.323723	0.0896061	0.910394	0.179212	1.82079	0.9985806
6354	0	-1816.788	-1816.383	-0.4050516	0.32251	0.105129	0.894871	0.210257	1.78974	0.9995865
6355	1	-1817.382	-1816.977	-0.4046919	0.313421	0.105298	0.894702	0.210596	1.7894	0.9992271
6356	0	-1814.824	-1814.418	-0.4054149	0.330486	0.0967739	0.903226	0.193548	1.80645	0.9999498
6357	1	-1817.078	-1816.673	-0.4045789	0.312419	0.0948635	0.905136	0.189727	1.81027	0.9991142
6358	0	-1815.791	-1815.386	-0.4052878	0.314754	0.103465	0.896535	0.20693	1.79307	0.9998227
6359	1	-1817.075	-1816.67	-0.4045789	0.34227	0.0925315	0.907468	0.185063	1.81494	0.9991142
6360	0	-1816.19	-1815.785	-0.4052878	0.32791	0.104042	0.895958	0.208083	1.79192	0.9998227
6361	1	-1817.477	-1817.072	-0.4052148	0.325208	0.088883	0.911117	0.177766	1.82223	0.9997497
6362	0	-1815.144	-1814.739	-0.4052878	0.329299	0.0952264	0.904774	0.190453	1.80955	0.9998227
6363	1	-1816.47	-1816.066	-0.4046623	0.31967	0.101397	0.898603	0.202795	1.79721	0.9991975
6364	0	-1815.706	-1815.301	-0.4052937	0.339382	0.0924952	0.907505	0.18499	1.81501	0.9998286
6365	1	-1819.001	-1818.596	-0.4054643	0.277749	0.0984561	0.901544	0.196912	1.80309	0.9999991
6366	0	-1815.091	-1814.686	-0.4052937	0.324349	0.0994999	0.9005	0.199	1.801	0.9998286
6367	1	-1817.55	-1817.146	-0.4045283	0.30627	0.0953265	0.904674	0.190653	1.80935	0.9990637
6368	0	-1815.515	-1815.109	-0.4052797	0.327149	0.0933414	0.906659	0.186683	1.81332	0.9998146
6369	1	-1818.205	-1817.8	-0.4050841	0.346242	0.0887654	0.911235	0.177531	1.82247	0.9996191
6370	0	-1816.67	-1816.264	-0.4053145	0.32918	0.105289	0.894711	0.210577	1.78942	0.9998494
6371	1	-1817.006	-1816.601	-0.4050841	0.294707	0.101475	0.898525	0.20295	1.79705	0.9996191
6372	0	-1815.46	-1815.055	-0.405078	0.325854	0.0991487	0.900851	0.198297	1.8017	0.999613
6373	1	-1815.713	-1815.308	-0.4050841	0.335344	0.0990685	0.900932	0.198137	1.80186	0.9996191
6374	0	-1815.735	-1815.33	-0.405078	0.331568	0.0938041	0.906196	0.187608	1.81239	0.999613
6375	1	-1815.5	-1815.095	-0.405314	0.311109	0.101703	0.898297	0.203406	1.79659	0.9998489
6376	0	-1817.914	-1817.509	-0.404917	0.321493	0.089486	0.910514	0.178972	1.82103	0.9994521
6377	1	-1817.625	-1817.221	-0.4044011	0.349945	0.0953728	0.904627	0.190746	1.80925	0.9989365
6378	0	-1815.073	-1814.668	-0.4052721	0.322319	0.0985833	0.901417	0.197167	1.80283	0.999807
6379	1	-1819.312	-1818.909	-0.4030607	0.337907	0.0952586	0.904741	0.190517	1.80948	0.9975985
6380	0	-1815.217	-1814.811	-0.4052721	0.320857	0.0959196	0.90408	0.191839	1.80816	0.999807
6381	1	-1815.199	-1814.793	-0.4051897	0.326577	0.0969557	0.903044	0.193911	1.80609	0.9997246
6382	0	-1815.131	-1814.726	-0.4052364	0.322703	0.0973368	0.902663	0.194674	1.80533	0.9997713
6383	1	-1815.669	-1815.264	-0.4051897	0.309114	0.0999594	0.900041	0.199919	1.80008	0.9997246
6384	0	-1816.832	-1816.426	-0.4054398	0.350492	0.0891451	0.910855	0.17829	1.82171	0.9999746
6385	1	-1817.497	-1817.092	-0.4050301	0.291117	0.101946	0.898054	0.203893	1.79611	0.9995651
6386	0	-1815.269	-1814.864	-0.4051771	0.320293	0.0977459	0.902254	0.195492	1.80451	0.999712
6387	1	-1816.069	-1815.664	-0.4050301	0.344022	0.0947675	0.905232	0.189535	1.81046	0.9995651
6388	0	-1816.668	-1816.263	-0.4047934	0.343566	0.0984476	0.901552	0.196895	1.8031	0.9993285
6389	1	-1818.09	-1817.685	-0.4051833	0.314497	0.0893358	0.910664	0.178672	1.82133	0.9997182
6390	0	-1817.291	-1816.886	-0.4049925	0.34105	0.103015	0.896985	0.20603	1.79397	0.9995275
6391	1	-1815.364	-1814.959	-0.4052795	0.333169	0.0997551	0.900245	0.19951	1.80049	0.9998144
6392	0	-1816.326	-1815.921	-0.4052217	0.307604	0.0947612	0.905239	0.189522	1.81048	0.9997566
6393	1	-1818.329	-1817.925	-0.4039344	0.326524	0.0920456	0.907954	0.184091	1.81591	0.9984704
6394	0	-1818.963	-1818.558	-0.4052217	0.282882	0.107852	0.892148	0.215703	1.7843	0.9997566
6395	1	-1815.946	-1815.541	-0.4051174	0.332639	0.101337	0.898663	0.202674	1.79733	0.9996524
6396	0	-1815.256	-1814.851	-0.4052217	0.320224	0.0965722	0.903428	0.193144	1.80686	0.9997566
6397	1	-1815.328	-1814.922	-0.4051174	0.323888	0.0975685	0.902431	0.195137	1.80486	0.9996524
6398	0	-1816.149	-1815.745	-0.4046772	0.321805	0.0974475	0.902553	0.194895	1.80511	0.9992124
6399	1	-1814.978	-1814.573	-0.405338	0.33142	0.0967148	0.903285	0.19343	1.80657	0.9998729
6400	0	-1817.823	-1817.418	-0.4051102	0.311772	0.0905202	0.90948	0.18104	1.81896	0.9996452
6401	1	-1816.561	-1816.157	-0.4045164	0.319026	0.100019	0.899981	0.200038	1.79996	0.9990517
6402	0	-1815.661	-1815.256	-0.4052119	0.336938	0.0996607	0.900339	0.199321	1.80068	0.9997468
6403	1	-1818.181	-1817.777	-0.4036839	0.330281	0.0942048	0.905795	0.18841	1.81159	0.9982203
6404	0	-1816.333	-1815.928	-0.4052119	0.337712	0.1022	0.8978	0.204399	1.7956	0.9997468
6405	1	-1816.596	-1816.192	-0.4047071	0.342298	0.0973379	0.902662	0.194676	1.80532	0.9992423
6406	0	-1815.246	-1814.841	-0.4052119	0.318323	0.0985697	0.90143	0.197139	1.80286	0.9997468
6407	1	-1816.51	-1816.105	-0.4053458	0.296942	0.103538	0.896462	0.207077	1.79292	0.9998807
6408	0	-1816.423	-1816.017	-0.4052824	0.303818	0.0953322	0.904668	0.190664	1.80934	0.9998173
6409	1	-1816.502	-1816.097	-0.404477	0.328665	0.09794	0.90206	0.19588	1.80412	0.9990124
6410	0	-1817.041	-1816.636	-0.4052824	0.291695	0.102967	0.897033	0.205933	1.79407	0.9998173
6411	1	-1816.935	-1816.53	-0.4046839	0.307542	0.102778	0.897222	0.205557	1.79444	0.9992191
6412	0	-1816.746	-1816.341	-0.4045465	0.321621	0.0944372	0.905563	0.188874	1.81113	0.9990818
6413	1	-1818.01	-1817.606	-0.404257	0.320433	0.10466	0.89534	0.20932	1.79068	0.9987927
6414	0	-1815.378	-1814.973	-0.4052892	0.334571	0.0937765	0.906223	0.187553	1.81245	0.9998241
6415	1	-1815.275	-1814.869	-0.4053258	0.311951	0.0986017	0.901398	0.197203	1.8028	0.9998607
6416	0	-1817.287	-1816.883	-0.4043506	0.329389	0.101772	0.898228	0.203545	1.79646	0.9988862
6417	1	-1816.651	-1816.246	-0.4049023	0.302143	0.0998177	0.900182	0.199635	1.80036	0.9994374
6418	0	-1817.46	-1817.056	-0.4039412	0.328035	0.0967374	0.903263	0.193475	1.80653	0.9984772
6419	1	-1815.919	-1815.514	-0.4052791	0.31539	0.0937137	0.906286	0.187427	1.81257	0.999814
6420	0	-1815.592	-1815.186	-0.4054309	0.32097	0.0928469	0.907153	0.185694	1.81431	0.9999658
6421	1	-1818.769	-1818.364	-0.4045332	0.329551	0.103316	0.896684	0.206633	1.79337	0.9990685
6422	0	-1817.325	-1816.921	-0.4040421	0.331764	0.0973589	0.902641	0.194718	1.80528	0.998578
6423	1	-1815.814	-1815.409	-0.4049146	0.332668	0.0955295	0.904471	0.191059	1.80894	0.9994496
6424	0	-1816.678	-1816.273	-0.4048711	0.312537	0.09433	0.90567	0.18866	1.81134	0.9994062
6425	1	-1816.813	-1816.408	-0.4053504	0.358946	0.0937006	0.906299	0.187401	1.8126	0.9998853
6426	0	-1818.256	-1817.852	-0.4035292	0.3203	0.097337	0.902663	0.194674	1.80533	0.998066
6427	1	-1815.333	-1814.928	-0.4051433	0.331078	0.0963482	0.903652	0.192696	1.8073	0.9996782
6428	0	-1816.299	-1815.894	-0.4047989	0.322395	0.10175	0.89825	0.203501	1.7965	0.999334
6429	1	-1816.755	-1816.35	-0.4050643	0.303839	0.10451	0.89549	0.20902	1.79098	0.9995993
6430	0	-1815.791	-1815.386	-0.4049281	0.320281	0.0998648	0.900135	0.19973	1.80027	0.9994631
6431	1	-1815.084	-1814.678	-0.4052776	0.321633	0.0971155	0.902884	0.194231	1.80577	0.9998125
6432	0	-1815.802	-1815.396	-0.4051759	0.307139	0.0995829	0.900417	0.199166	1.80083	0.9997108
6433	1	-1817.167	-1816.762	-0.4050747	0.295834	0.104054	0.895946	0.208109	1.79189	0.9996097
6434	0	-1815.419	-1815.014	-0.4053723	0.338497	0.0993934	0.900607	0.198787	1.80121	0.9999072
6435	1	-1817.843	-1817.439	-0.4040242	0.342837	0.094409	0.905591	0.188818	1.81118	0.9985602
6436	0	-1816.446	-1816.041	-0.4049536	0.33731	0.101042	0.898958	0.202085	1.79792	0.9994886
6437	1	-1815.026	-1814.62	-0.4054093	0.335408	0.0981583	0.901842	0.196317	1.80368	0.9999441
6438	0	-1815.554	-1815.149	-0.4052275	0.318682	0.101967	0.898033	0.203934	1.79607	0.9997624
6439	1	-1817.113	-1816.708	-0.4054093	0.293099	0.105733	0.894267	0.211467	1.78853	0.9999441
6440	0	-1815.099	-1814.693	-0.4052486	0.327797	0.0968084	0.903192	0.193617	1.80638	0.9997835
6441	1	-1815.317	-1814.911	-0.4051914	0.330241	0.0952532	0.904747	0.190506	1.80949	0.9997263
6442	0	-1817.191	-1816.786	-0.4046252	0.301693	0.0996655	0.900335	0.199331	1.80067	0.9991605
6443	1	-1814.989	-1814.583	-0.4053304	0.331213	0.0972883	0.902712	0.194577	1.80542	0.9998653
6444	0	-1815.084	-1814.679	-0.4053986	0.319394	0.101012	0.898988	0.202024	1.79798	0.9999335
6445	1	-1815.385	-1814.979	-0.405422	0.324326	0.0931426	0.906857	0.186285	1.81371	0.9999569
6446	0	-1815.115	-1814.71	-0.4053986	0.315865	0.0964374	0.903563	0.192875	1.80713	0.9999335
6447	1	-1815.308	-1814.903	-0.4051867	0.325999	0.0995847	0.900415	0.199169	1.80083	0.9997216
6448	0	-1815.03	-1814.625	-0.4053008	0.322295	0.0988008	0.901199	0.197602	1.8024	0.9998357
6449	1	-1822.932	-1822.528	-0.4048245	0.323517	0.115186	0.884814	0.230373	1.76963	0.9993596
6450	0	-1817.191	-1816.786	-0.4050821	0.356861	0.0963297	0.90367	0.192659	1.80734	0.9996171
6451	1	-1819.081	-1818.677	-0.4034804	0.320229	0.0930665	0.906934	0.186133	1.81387	0.9980173
6452	0	-1820.188	-1819.786	-0.4025149	0.334828	0.0955583	0.904442	0.191117	1.80888	0.9970541
6453	1	-1816.29	-1815.886	-0.4048327	0.342087	0.0956084	0.904392	0.191217	1.80878	0.9993678
6454	0	-1821.086	-1820.683	-0.4033367	0.299878	0.0942763	0.905724	0.188553	1.81145	0.9978738
6455	1	-1815.042	-1814.637	-0.4053451	0.333533	0.0957039	0.904296	0.191408	1.80859	0.99988
6456	0	-1815.877	-1815.472	-0.4051897	0.316991	0.0941033	0.905897	0.188207	1.81179	0.9997246
6457	1	-1815.059	-1814.654	-0.4054599	0.318134	0.101513	0.898487	0.203026	1.79697	0.9999948
6458	0	-1815.683	-1815.278	-0.4053496	0.331038	0.10226	0.89774	0.204519	1.79548	0.9998845
6459	1	-1815.668	-1815.262	-0.4050928	0.324877	0.101028	0.898972	0.202055	1.79794	0.9996278
6460	0	-1818.48	-1818.075	-0.4046065	0.339427	0.104642	0.895358	0.209285	1.79072	0.9991418
6461	1	-1819.475	-1819.069	-0.4054126	0.283173	0.110597	0.889403	0.221193	1.77881	0.9999475
6462	0	-1815.501	-1815.095	-0.4052993	0.33546	0.0930834	0.906917	0.186167	1.81383	0.9998342
6463	1	-1817.568	-1817.164	-0.4039787	0.317412	0.0968397	0.90316	0.193679	1.80632	0.9985147
6464	0	-1817.242	-1816.838	-0.4049005	0.355423	0.0949004	0.9051	0.189801	1.8102	0.9994355
6465	1	-1816.569	-1816.164	-0.4047553	0.330271	0.0927139	0.907286	0.185428	1.81457	0.9992905
6466	0	-1815.987	-1815.582	-0.4049047	0.333272	0.09938	0.90062	0.19876	1.80124	0.9994398
6467	1	-1818.088	-1817.684	-0.4042696	0.310135	0.104965	0.895035	0.20993	1.79007	0.9988052
6468	0	-1816.445	-1816.039	-0.4053499	0.295687	0.0998242	0.900176	0.199648	1.80035	0.9998848
6469	1	-1817.445	-1817.04	-0.4049664	0.299986	0.0951962	0.904804	0.190392	1.80961	0.9995014
6470	0	-1817.482	-1817.077	-0.4048606	0.345097	0.101715	0.898285	0.203429	1.79657	0.9993957
6471	1	-1818.489	-1818.084	-0.4046847	0.294569	0.095673	0.904327	0.191346	1.80865	0.9992199
6472	0	-1816.013	-1815.608	-0.4050267	0.334664	0.0929505	0.907049	0.185901	1.8141	0.9995617
6473	1	-1816.609	-1816.204	-0.4050169	0.312686	0.0936272	0.906373	0.187254	1.81275	0.9995519
6474	0	-1818.578	-1818.173	-0.4047446	0.291754	0.106381	0.893619	0.212761	1.78724	0.9992797
6475	1	-1819.611	-1819.206	-0.4046974	0.36988	0.0948305	0.90517	0.189661	1.81034	0.9992326
6476	0	-1815.409	-1815.004	-0.4052061	0.314219	0.0979205	0.90208	0.195841	1.80416	0.999741
6477	1	-1819.963	-1819.56	-0.4036214	0.356787	0.0912435	0.908757	0.182487	1.81751	0.998158
6478	0	-1816.486	-1816.081	-0.4051994	0.337725	0.090351	0.909649	0.180702	1.8193	0.9997343
6479	1	-1818.467	-1818.063	-0.4037291	0.324828	0.102605	0.897395	0.20521	1.79479	0.9982655
6480	0	-1815.839	-1815.434	-0.4051994	0.317036	0.0941719	0.905828	0.188344	1.81166	0.9997343
6481	1	-1817.56	-1817.155	-0.4050407	0.291248	0.103357	0.896643	0.206715	1.79329	0.9995757
6482	0	-1815.24	-1814.835	-0.4054078	0.338882	0.0938896	0.90611	0.187779	1.81222	0.9999427
6483	1	-1816.393	-1815.988	-0.4049028	0.328239	0.102356	0.897644	0.204713	1.79529	0.9994378
6484	0	-1817.098	-1816.693	-0.4049703	0.311558	0.105928	0.894072	0.211855	1.78814	0.9995053
6485	1	-1818.682	-1818.278	-0.4044224	0.360213	0.0926312	0.907369	0.185262	1.81474	0.9989578
6486	0	-1816.428	-1816.022	-0.405397	0.352842	0.0912894	0.908711	0.182579	1.81742	0.9999319
6487	1	-1816.598	-1816.193	-0.4054367	0.355931	0.0974172	0.902583	0.194834	1.80517	0.9999716
6488	0	-1815.803	-1815.398	-0.4049006	0.332473	0.0976049	0.902395	0.19521	1.80479	0.9994356
6489	1	-1817.235	-1816.829	-0.4053919	0.315619	0.0899983	0.910002	0.179997	1.82	0.9999268
6490	0	-1815.389	-1814.984	-0.4051215	0.32522	0.0959904	0.90401	0.191981	1.80802	0.9996565
6491	1	-1815.632	-1815.227	-0.4052749	0.34432	0.0951185	0.904882	0.190237	1.80976	0.9998098
6492	0	-1815.758	-1815.353	-0.4053338	0.303947	0.0989638	0.901036	0.197928	1.80207	0.9998687
6493	1	-1815.48	-1815.074	-0.4052749	0.310658	0.0977673	0.902233	0.195535	1.80447	0.9998098
6494	0	-1815.888	-1815.482	-0.4053338	0.30756	0.0957498	0.90425	0.1915	1.8085	0.9998687
6495	1	-1815.751	-1815.346	-0.4051621	0.329131	0.0931009	0.906899	0.186202	1.8138	0.9996971
6496	0	-1816.82	-1816.414	-0.4054476	0.3547	0.0992273	0.900773	0.198455	1.80155	0.9999825
6497	1	-1815.266	-1814.86	-0.4052907	0.320736	0.0953606	0.904639	0.190721	1.80928	0.9998256
6498	0	-1819.599	-1819.194	-0.4054476	0.284313	0.0934999	0.9065	0.187	1.813	0.9999825
6499	1	-1816.758	-1816.353	-0.4048621	0.329265	0.0915198	0.90848	0.18304	1.81696	0.9993972
6500	0	-1820.904	-1820.5	-0.404368	0.304059	0.089144	0.910856	0.178288	1.82171	0.9989035
6501	1	-1816.264	-1815.859	-0.4045943	0.325207	0.0975693	0.902431	0.195139	1.80486	0.9991295
6502	0	-1816.61	-1816.205	-0.4049085	0.302682	0.100821	0.899179	0.201641	1.79836	0.9994435
6503	1	-1816.734	-1816.33	-0.4045943	0.340648	0.0977743	0.902226	0.195549	1.80445	0.9991295
6504	0	-1816.041	-1815.636	-0.4049085	0.323367	0.0944142	0.905586	0.188828	1.81117	0.9994435
6505	1	-1817.305	-1816.9	-0.4045929	0.340404	0.100955	0.899045	0.20191	1.79809	0.9991281
6506	0	-1817.163	-1816.758	-0.404851	0.338531	0.0902319	0.909768	0.180464	1.81954	0.9993861
6507	1	-1817.943	-1817.539	-0.4043143	0.336195	0.102531	0.897469	0.205061	1.79494	0.9988499
6508	0	-1815.403	-1814.997	-0.4052465	0.312176	0.09925	0.90075	0.1985	1.8015	0.9997814
6509	1	-1816.181	-1815.776	-0.404912	0.328816	0.101458	0.898542	0.202917	1.79708	0.999447
6510	0	-1815.59	-1815.185	-0.4052465	0.342391	0.0967997	0.9032	0.193599	1.8064	0.9997814
6511	1	-1816.631	-1816.226	-0.404912	0.339379	0.100886	0.899114	0.201773	1.79823	0.999447
6512	0	-1815.422	-1815.017	-0.4051366	0.334725	0.0964359	0.903564	0.192872	1.80713	0.9996716
6513	1	-1816.553	-1816.147	-0.4053995	0.305601	0.0936354	0.906365	0.187271	1.81273	0.9999344
6514	0	-1817.243	-1816.838	-0.4052616	0.361079	0.093045	0.906955	0.18609	1.81391	0.9997966
6515	1	-1815.999	-1815.594	-0.404781	0.324624	0.0992979	0.900702	0.198596	1.8014	0.9993161
6516	0	-1819.516	-1819.112	-0.4040189	0.355932	0.0990459	0.900954	0.198092	1.80191	0.9985548
6517	1	-1815.449	-1815.043	-0.4052717	0.336002	0.0993468	0.900653	0.198694	1.80131	0.9998066
6518	0	-1815.264	-1814.859	-0.4051942	0.324454	0.0994251	0.900575	0.19885	1.80115	0.9997291
6519	1	-1815.766	-1815.36	-0.4052717	0.335672	0.101036	0.898964	0.202073	1.79793	0.9998066
6520	0	-1818.846	-1818.442	-0.4033603	0.339501	0.0971621	0.902838	0.194324	1.80568	0.9978974
6521	1	-1815.486	-1815.081	-0.4051907	0.336491	0.0983312	0.901669	0.196662	1.80334	0.9997257
6522	0	-1819.55	-1819.147	-0.4031251	0.337033	0.100263	0.899737	0.200526	1.79947	0.9976627
6523	1	-1815.385	-1814.98	-0.4051907	0.316995	0.0969791	0.903021	0.193958	1.80604	0.9997257
6524	0	-1816.409	-1816.004	-0.4049585	0.342342	0.0992339	0.900766	0.198468	1.80153	0.9994935
6525	1	-1816.549	-1816.145	-0.4048043	0.314846	0.102969	0.897031	0.205939	1.79406	0.9993394
6526	0	-1816.934	-1816.53	-0.4043617	0.316797	0.0965162	0.903484	0.193032	1.80697	0.9988972
6527	1	-1816.354	-1815.949	-0.404946	0.323617	0.103035	0.896965	0.20607	1.79393	0.999481
6528	0	-1817.326	-1816.921	-0.4051276	0.298324	0.106067	0.893933	0.212134	1.78787	0.9996625
6529	1	-1816.079	-1815.673	-0.4052544	0.322206	0.104123	0.895877	0.208247	1.79175	0.9997893
6530	0	-1816.073	-1815.669	-0.4049261	0.316699	0.101743	0.898257	0.203486	1.79651	0.9994611
6531	1	-1814.948	-1814.542	-0.4054322	0.331928	0.0990909	0.900909	0.198182	1.80182	0.9999671
6532	0	-1815.234	-1814.829	-0.405194	0.327986	0.098598	0.901402	0.197196	1.8028	0.9997289
6533	1	-1816.848	-1816.443	-0.4052122	0.327985	0.105441	0.894559	0.210881	1.78912	0.9997471
6534	0	-1815.765	-1815.359	-0.405194	0.322472	0.0935071	0.906493	0.187014	1.81299	0.9997289
6535	1	-1822.207	-1821.805	-0.4018506	0.341053	0.100543	0.899457	0.201086	1.79891	0.996392
6536	0	-1815.699	-1815.294	-0.405194	0.322629	0.0937421	0.906258	0.187484	1.81252	0.9997289
6537	1	-1820.302	-1819.9	-0.4024424	0.327171	0.0951311	0.904869	0.190262	1.80974	0.9969818
6538	0	-1817.671	-1817.266	-0.4044497	0.30036	0.101831	0.898169	0.203662	1.79634	0.9989851
6539	1	-1816.771	-1816.366	-0.4043218	0.326865	0.0981641	0.901836	0.196328	1.80367	0.9988573
6540	0	-1819.739	-1819.336	-0.403549	0.320023	0.0909983	0.909002	0.181997	1.818	0.9980857
6541	1	-1817.429	-1817.024	-0.4047266	0.297374	0.0992618	0.900738	0.198524	1.80148	0.9992617
6542	0	-1815.469	-1815.064	-0.4050645	0.328471	0.0960654	0.903935	0.192131	1.80787	0.9995995
6543	1	-1819.205	-1818.8	-0.404731	0.368094	0.094333	0.905667	0.188666	1.81133	0.9992662
6544	0	-1816.431	-1816.026	-0.4052092	0.307593	0.104863	0.895137	0.209726	1.79027	0.9997442
6545	1	-1816.921	-1816.516	-0.4046878	0.334166	0.0917994	0.908201	0.183599	1.8164	0.999223
6546	0	-1814.803	-1814.397	-0.4054576	0.327162	0.0992622	0.900738	0.198524	1.80148	0.9999925
6547	1	-1816.121	-1815.717	-0.4048056	0.337615	0.0962751	0.903725	0.19255	1.80745	0.9993407
6548	0	-1817.915	-1817.509	-0.4052469	0.286639	0.0985618	0.901438	0.197124	1.80288	0.9997818
6549	1	-1817.403	-1816.998	-0.405244	0.289356	0.0995805	0.900419	0.199161	1.80084	0.9997789
6550	0	-1817.047	-1816.642	-0.4052936	0.358394	0.0915111	0.908489	0.183022	1.81698	0.9998285
6551	1	-1816.182	-1815.777	-0.4051654	0.304121	0.0974952	0.902505	0.19499	1.80501	0.9997003
6552	0	-1815.79	-1815.385	-0.4049424	0.317926	0.0997701	0.90023	0.19954	1.80046	0.9994774
6553	1	-1816.223	-1815.817	-0.4054468	0.296582	0.102331	0.897669	0.204662	1.79534	0.9999817
6554	0	-1819.882	-1819.477	-0.4054261	0.304832	0.113541	0.886459	0.227083	1.77292	0.999961
6555	1	-1815.187	-1814.781	-0.4053042	0.333404	0.0986943	0.901306	0.197389	1.80261	0.9998391
6556	0	-1818.127	-1817.723	-0.4041729	0.300271	0.100889	0.899111	0.201779	1.79822	0.9987087
6557	1	-1815.678	-1815.272	-0.4052011	0.317519	0.102332	0.897668	0.204664	1.79534	0.999736
6558	0	-1816.159	-1815.754	-0.4047066	0.320457	0.0968097	0.90319	0.193619	1.80638	0.9992418
6559	1	-1815.118	-1814.713	-0.4054549	0.315674	0.101637	0.898363	0.203274	1.79673	0.9999898
6560	0	-1816.382	-1815.977	-0.4048166	0.3301	0.10137	0.89863	0.20274	1.79726	0.9993517
6561	1	-1815.807	-1815.402	-0.4048762	0.330648	0.097703	0.902297	0.195406	1.80459	0.9994112
6562	0	-1817.943	-1817.538	-0.4046189	0.319086	0.090833	0.909167	0.181666	1.81833	0.9991541
6563	1	-1816.504	-1816.099	-0.4053744	0.354321	0.0917011	0.908299	0.183402	1.8166	0.9999093
6564	0	-1816.846	-1816.442	-0.4045034	0.324173	0.101697	0.898303	0.203394	1.79661	0.9990388
6565	1	-1819.555	-1819.15	-0.4051505	0.348757	0.106469	0.893531	0.212938	1.78706	0.9996854
6566	0	-1819.098	-1818.694	-0.4048975	0.36319	0.088126	0.911874	0.176252	1.82375	0.9994326
6567	1	-1815.368	-1814.963	-0.4054075	0.341683	0.0936903	0.90631	0.187381	1.81262	0.9999424
6568	0	-1815.135	-1814.73	-0.4053271	0.317324	0.100116	0.899884	0.200232	1.79977	0.999862
6569	1	-1816.733	-1816.328	-0.4054423	0.358885	0.0957911	0.904209	0.191582	1.80842	0.9999772
6570	0	-1816.295	-1815.891	-0.4048387	0.311044	0.0972046	0.902795	0.194409	1.80559	0.9993738
6571	1	-1816.294	-1815.889	-0.4054423	0.295277	0.10097	0.89903	0.201939	1.79806	0.9999772
6572	0	-1816.675	-1816.27	-0.4050434	0.315208	0.0927301	0.90727	0.18546	1.81454	0.9995783
6573	1	-1814.782	-1814.377	-0.4054423	0.324714	0.0989843	0.901016	0.197969	1.80203	0.9999772
6574	0	-1815.202	-1814.797	-0.4054624	0.322416	0.102221	0.897779	0.204443	1.79556	0.9999973
6575	1	-1816.898	-1816.493	-0.4054423	0.339388	0.10448	0.89552	0.20896	1.79104	0.9999772
6576	0	-1818.036	-1817.631	-0.4051917	0.340186	0.0871417	0.912858	0.174283	1.82572	0.9997267
6577	1	-1816.889	-1816.484	-0.4053838	0.310063	0.0917612	0.908239	0.183522	1.81648	0.9999187
6578	0	-1815.524	-1815.119	-0.405129	0.316748	0.100341	0.899659	0.200682	1.79932	0.999664
6579	1	-1815.703	-1815.298	-0.4051519	0.32091	0.0943338	0.905666	0.188668	1.81133	0.9996869
6580	0	-1815.047	-1814.641	-0.4054406	0.336554	0.0944495	0.90555	0.188899	1.8111	0.9999755
6581	1	-1816.235	-1815.83	-0.404957	0.330643	0.101725	0.898275	0.20345	1.79655	0.999492
6582	0	-1814.88	-1814.475	-0.4054406	0.323957	0.095566	0.904434	0.191132	1.80887	0.9999755
6583	1	-1815.619	-1815.214	-0.4050876	0.336909	0.0952782	0.904722	0.190556	1.80944	0.9996226
6584	0	-1815.031	-1814.626	-0.4054406	0.327754	0.100623	0.899377	0.201246	1.79875	0.9999755
6585	1	-1815.723	-1815.318	-0.4049267	0.321677	0.0990699	0.90093	0.19814	1.80186	0.9994617
6586	0	-1817.724	-1817.319	-0.4052973	0.360411	0.0893253	0.910675	0.178651	1.82135	0.9998323
6587	1	-1815.483	-1815.078	-0.4050453	0.330121	0.0972764	0.902724	0.194553	1.80545	0.9995802
6588	0	-1815.355	-1814.95	-0.4052767	0.32373	0.0944726	0.905527	0.188945	1.81105	0.9998116
6589	1	-1818.131	-1817.727	-0.4037795	0.319767	0.101787	0.898213	0.203575	1.79643	0.9983158
6590	0	-1815.04	-1814.634	-0.4052767	0.324136	0.0980034	0.901997	0.196007	1.80399	0.9998116
6591	1	-1814.815	-1814.41	-0.4053983	0.326098	0.0977118	0.902288	0.195424	1.80458	0.9999331
6592	0	-1814.79	-1814.385	-0.4054376	0.325798	0.0988837	0.901116	0.197767	1.80223	0.9999725
6593	1	-1815.055	-1814.65	-0.4053983	0.334617	0.0946792	0.905321	0.189358	1.81064	0.9999331
6594	0	-1815.3	-1814.895	-0.4054376	0.322376	0.102458	0.897542	0.204917	1.79508	0.9999725
6595	1	-1815.256	-1814.85	-0.4053499	0.340087	0.0964142	0.903586	0.192828	1.80717	0.9998848
6596	0	-1815.227	-1814.821	-0.4052072	0.320722	0.0990692	0.900931	0.198138	1.80186	0.9997422
6597	1	-1816.105	-1815.7	-0.4050094	0.336328	0.0927539	0.907246	0.185508	1.81449	0.9995444
6598	0	-1815.246	-1814.841	-0.4053667	0.311331	0.0982384	0.901762	0.196477	1.80352	0.9999016
6599	1	-1815.604	-1815.198	-0.4053177	0.32076	0.0935416	0.906458	0.187083	1.81292	0.9998526
6600	0	-1816.496	-1816.091	-0.4052	0.299365	0.10286	0.89714	0.205721	1.79428	0.9997349
6601	1	-1816.866	-1816.462	-0.4042629	0.324205	0.0975777	0.902422	0.195155	1.80484	0.9987985
6602	0	-1816.186	-1815.78	-0.4052	0.336154	0.0911948	0.908805	0.18239	1.81761	0.9997349
6603	1	-1817.3	-1816.896	-0.4042629	0.340976	0.0947116	0.905288	0.189423	1.81058	0.9987985
6604	0	-1816.381	-1815.976	-0.4050634	0.304507	0.102656	0.897344	0.205313	1.79469	0.9995984
6605	1	-1815.981	-1815.576	-0.4052798	0.324526	0.103752	0.896248	0.207504	1.7925	0.9998147
6606	0	-1816.868	-1816.463	-0.4045462	0.315005	0.102234	0.897766	0.204467	1.79553	0.9990815
6607	1	-1816.811	-1816.407	-0.4043329	0.328661	0.0987712	0.901229	0.197542	1.80246	0.9988684
6608	0	-1815.966	-1815.561	-0.4053388	0.326997	0.10376	0.89624	0.207519	1.79248	0.9998737
6609	1	-1816.785	-1816.381	-0.4047567	0.335792	0.0918466	0.908153	0.183693	1.81631	0.9992918
6610	0	-1814.891	-1814.486	-0.4053906	0.331793	0.0972226	0.902777	0.194445	1.80555	0.9999255
6611	1	-1816.581	-1816.177	-0.4047998	0.322799	0.102964	0.897036	0.205928	1.79407	0.9993349
6612	0	-1816.023	-1815.617	-0.4053906	0.307132	0.0949142	0.905086	0.189828	1.81017	0.9999255
6613	1	-1815.416	-1815.011	-0.4052777	0.340701	0.0955982	0.904402	0.191196	1.8088	0.9998126
6614	0	-1815.308	-1814.902	-0.4053906	0.338712	0.0988158	0.901184	0.197632	1.80237	0.9999255
6615	1	-1815.444	-1815.038	-0.4052777	0.333814	0.100033	0.899967	0.200067	1.79993	0.9998126
6616	0	-1815.185	-1814.78	-0.4052201	0.323703	0.0965649	0.903435	0.19313	1.80687	0.999755
6617	1	-1818.404	-1817.999	-0.4050186	0.345981	0.0870835	0.912916	0.174167	1.82583	0.9995536
6618	0	-1815.169	-1814.764	-0.4053851	0.320346	0.0950079	0.904992	0.190016	1.80998	0.99992
6619	1	-1815.864	-1815.458	-0.4052244	0.30957	0.102679	0.897321	0.205359	1.79464	0.9997593
6620	0	-1815.416	-1815.011	-0.4051406	0.334759	0.0964352	0.903565	0.19287	1.80713	0.9996756
6621	1	-1815.903	-1815.498	-0.4050203	0.312271	0.0971356	0.902864	0.194271	1.80573	0.9995553
6622	0	-1816.087	-1815.682	-0.4052355	0.302452	0.09854	0.90146	0.19708	1.80292	0.9997704
6623	1	-1818.839	-1818.436	-0.4035147	0.311503	0.102404	0.897596	0.204807	1.79519	0.9980514
6624	0	-1817.36	-1816.955	-0.4052355	0.320274	0.107551	0.892449	0.215101	1.7849	0.9997704
6625	1	-1815.487	-1815.082	-0.4051054	0.326161	0.0998477	0.900152	0.199695	1.8003	0.9996404
6626	0	-1816.408	-1816.003	-0.4052691	0.326868	0.0907102	0.90929	0.18142	1.81858	0.999804
6627	1	-1815.908	-1815.503	-0.4050875	0.317614	0.102464	0.897536	0.204929	1.79507	0.9996225
6628	0	-1815.293	-1814.888	-0.4052691	0.329716	0.0999943	0.900006	0.199989	1.80001	0.999804
6629	1	-1815.726	-1815.321	-0.405137	0.336808	0.0992932	0.900707	0.198586	1.80141	0.999672
6630	0	-1818.684	-1818.279	-0.4053728	0.326893	0.0864188	0.913581	0.172838	1.82716	0.9999077
6631	1	-1815.347	-1814.942	-0.405361	0.339185	0.0985118	0.901488	0.197024	1.80298	0.9998959
6632	0	-1816.676	-1816.271	-0.4052482	0.29499	0.101247	0.898753	0.202494	1.79751	0.9997831
6633	1	-1815.316	-1814.911	-0.4051453	0.329412	0.098103	0.901897	0.196206	1.80379	0.9996802
6634	0	-1816.275	-1815.871	-0.4046368	0.330083	0.0956854	0.904315	0.191371	1.80863	0.999172
6635	1	-1815.494	-1815.089	-0.405276	0.32815	0.10142	0.89858	0.202839	1.79716	0.9998109
6636	0	-1816.121	-1815.716	-0.4047804	0.326426	0.0949035	0.905097	0.189807	1.81019	0.9993156
6637	1	-1816.596	-1816.191	-0.4047041	0.309841	0.0973721	0.902628	0.194744	1.80526	0.9992392
6638	0	-1816.226	-1815.82	-0.4052837	0.313769	0.105016	0.894984	0.210032	1.78997	0.9998186
6639	1	-1816.251	-1815.845	-0.4053284	0.298237	0.101739	0.898261	0.203478	1.79652	0.9998633
6640	0	-1815.189	-1814.784	-0.4052837	0.333822	0.0981555	0.901845	0.196311	1.80369	0.9998186
6641	1	-1816.639	-1816.234	-0.4048546	0.336733	0.101251	0.898749	0.202502	1.7975	0.9993897
6642	0	-1817.059	-1816.654	-0.4054253	0.360404	0.0965018	0.903498	0.193004	1.807	0.9999602
6643	1	-1818.044	-1817.64	-0.4043422	0.297684	0.100537	0.899463	0.201074	1.79893	0.9988777
6644	0	-1816.343	-1815.938	-0.4051993	0.301748	0.0974517	0.902548	0.194903	1.8051	0.9997342
6645	1	-1815.625	-1815.22	-0.4050396	0.31996	0.0962442	0.903756	0.192488	1.80751	0.9995746
6646	0	-1815.53	-1815.125	-0.4050217	0.329977	0.0965811	0.903419	0.193162	1.80684	0.9995567
6647	1	-1816.275	-1815.871	-0.4047608	0.32362	0.0945424	0.905458	0.189085	1.81092	0.9992959
6648	0	-1815.125	-1814.72	-0.405243	0.32931	0.0965811	0.903419	0.193162	1.80684	0.9997779
6649	1	-1817.436	-1817.031	-0.4047608	0.319126	0.105706	0.894294	0.211411	1.78859	0.9992959
6650	0	-1815.282	-1814.877	-0.4052557	0.318428	0.10048	0.89952	0.200959	1.79904	0.9997906
6651	1	-1815.633	-1815.228	-0.4049498	0.325878	0.0981849	0.901815	0.19637	1.80363	0.9994848
6652	0	-1817.442	-1817.036	-0.4052557	0.291066	0.0976539	0.902346	0.195308	1.80469	0.9997906
6653	1	-1816.727	-1816.322	-0.4047109	0.321355	0.0933403	0.90666	0.186681	1.81332	0.9992461
6654	0	-1815.959	-1815.553	-0.4054527	0.34748	0.091456	0.908544	0.182912	1.81709	0.9999876
6655	1	-1816.404	-1816	-0.404647	0.337273	0.0969454	0.903055	0.193891	1.80611	0.9991822
6656	0	-1815.539	-1815.134	-0.4054527	0.304683	0.101521	0.898479	0.203043	1.79696	0.9999876
6657	1	-1815.461	-1815.056	-0.4051377	0.321362	0.100365	0.899635	0.200731	1.79927	0.9996726
6658	0	-1816.426	-1816.021	-0.4048554	0.344036	0.097056	0.902944	0.194112	1.80589	0.9993904
6659	1	-1816.571	-1816.166	-0.4051377	0.316039	0.105281	0.894719	0.210562	1.78944	0.9996726
6660	0	-1817.163	-1816.758	-0.4048507	0.343265	0.0904523	0.909548	0.180905	1.8191	0.9993858
6661	1	-1815.213	-1814.808	-0.4053501	0.321862	0.101276	0.898724	0.202553	1.79745	0.999885
6662	0	-1818.396	-1817.991	-0.4050259	0.355257	0.0877665	0.912234	0.175533	1.82447	0.9995609
6663	1	-1817.063	-1816.658	-0.4049163	0.309107	0.0937011	0.906299	0.187402	1.8126	0.9994514
6664	0	-1817.145	-1816.74	-0.404868	0.344111	0.0904876	0.909512	0.180975	1.81902	0.9994031
6665	1	-1817.06	-1816.655	-0.4048613	0.319024	0.105157	0.894843	0.210313	1.78969	0.9993964
6666	0	-1816.805	-1816.4	-0.4043571	0.333546	0.0973611	0.902639	0.194722	1.80528	0.9988926
6667	1	-1817.406	-1817.002	-0.4045407	0.317861	0.104476	0.895524	0.208952	1.79105	0.999076
6668	0	-1815.106	-1814.701	-0.4052737	0.320104	0.098867	0.901133	0.197734	1.80227	0.9998086
6669	1	-1816.26	-1815.855	-0.4046188	0.330419	0.0966807	0.903319	0.193361	1.80664	0.999154
6670	0	-1816.203	-1815.798	-0.4050586	0.324208	0.0925968	0.907403	0.185194	1.81481	0.9995936
6671	1	-1815.966	-1815.56	-0.4052419	0.303097	0.0996631	0.900337	0.199326	1.80067	0.9997768
6672	0	-1816.767	-1816.362	-0.4051718	0.30319	0.095036	0.904964	0.190072	1.80993	0.9997068
6673	1	-1816.098	-1815.693	-0.4050431	0.313602	0.0951449	0.904855	0.19029	1.80971	0.999578
6674	0	-1815.155	-1814.75	-0.4052506	0.329632	0.0958228	0.904177	0.191646	1.80835	0.9997856
6675	1	-1816.365	-1815.961	-0.404704	0.313459	0.0976595	0.90234	0.195319	1.80468	0.9992392
6676	0	-1817.6	-1817.195	-0.4046777	0.33134	0.104387	0.895613	0.208774	1.79123	0.9992129
6677	1	-1820.135	-1819.732	-0.4026703	0.318359	0.0950956	0.904904	0.190191	1.80981	0.9972091
6678	0	-1816.182	-1815.777	-0.4050225	0.341891	0.0987949	0.901205	0.19759	1.80241	0.9995574
6679	1	-1816.884	-1816.48	-0.4042703	0.330251	0.0974112	0.902589	0.194822	1.80518	0.9988059
6680	0	-1817.084	-1816.679	-0.4042876	0.313675	0.0996962	0.900304	0.199392	1.80061	0.9988231
6681	1	-1816.291	-1815.885	-0.4054265	0.295711	0.100126	0.899874	0.200253	1.79975	0.9999614
6682	0	-1815.87	-1815.464	-0.4051589	0.336507	0.100373	0.899627	0.200745	1.79925	0.9996938
6683	1	-1814.994	-1814.588	-0.4054265	0.327429	0.0945849	0.905415	0.18917	1.81083	0.9999614
6684	0	-1815.001	-1814.595	-0.4053684	0.327997	0.0994708	0.900529	0.198942	1.80106	0.9999033
6685	1	-1818.105	-1817.701	-0.4038745	0.310394	0.0969598	0.90304	0.19392	1.80608	0.9984107
6686	0	-1815.899	-1815.494	-0.4049841	0.321947	0.0946666	0.905333	0.189333	1.81067	0.9995191
6687	1	-1815.961	-1815.556	-0.4048142	0.332769	0.0961905	0.903809	0.192381	1.80762	0.9993493
6688	0	-1815.753	-1815.349	-0.4049022	0.329344	0.09812	0.90188	0.19624	1.80376	0.9994373
6689	1	-1815.31	-1814.904	-0.4054083	0.30887	0.10047	0.89953	0.200939	1.79906	0.9999432
6690	0	-1815.812	-1815.407	-0.4054032	0.312276	0.0940629	0.905937	0.188126	1.81187	0.9999381
6691	1	-1816.934	-1816.528	-0.4054083	0.322732	0.107083	0.892917	0.214165	1.78583	0.9999432
6692	0	-1815.143	-1814.738	-0.4054597	0.328807	0.101226	0.898774	0.202452	1.79755	0.9999946
6693	1	-1817.966	-1817.562	-0.4042033	0.344758	0.0991978	0.900802	0.198396	1.8016	0.998739
6694	0	-1817.272	-1816.866	-0.4053401	0.362396	0.0943887	0.905611	0.188777	1.81122	0.999875
6695	1	-1814.955	-1814.549	-0.4053757	0.324388	0.0996097	0.90039	0.199219	1.80078	0.9999106
6696	0	-1817.662	-1817.258	-0.4042657	0.318337	0.093402	0.906598	0.186804	1.8132	0.9988013
6697	1	-1816.723	-1816.318	-0.4049201	0.301774	0.101883	0.898117	0.203765	1.79623	0.9994552
6698	0	-1817.694	-1817.289	-0.4046451	0.295921	0.101812	0.898188	0.203624	1.79638	0.9991804
6699	1	-1815.87	-1815.464	-0.4052538	0.304101	0.100257	0.899743	0.200514	1.79949	0.9997888
6700	0	-1817.084	-1816.679	-0.4048696	0.313085	0.0929118	0.907088	0.185824	1.81418	0.9994047
6701	1	-1815.707	-1815.301	-0.4052538	0.310096	0.102146	0.897854	0.204292	1.79571	0.9997888
6702	0	-1815.679	-1815.274	-0.4053966	0.348113	0.0954833	0.904517	0.190967	1.80903	0.9999315
6703	1	-1817.987	-1817.583	-0.4041017	0.306327	0.0969926	0.903007	0.193985	1.80601	0.9986375
6704	0	-1817.342	-1816.936	-0.405377	0.36003	0.0978143	0.902186	0.195629	1.80437	0.9999119
6705	1	-1819.763	-1819.36	-0.4029206	0.318877	0.0945836	0.905416	0.189167	1.81083	0.9974587
6706	0	-1816.353	-1815.947	-0.4053513	0.347446	0.100053	0.899947	0.200106	1.79989	0.9998862
6707	1	-1818.374	-1817.97	-0.4044519	0.357247	0.0920707	0.907929	0.184141	1.81586	0.9989873
6708	0	-1817.512	-1817.107	-0.4051533	0.290637	0.0986576	0.901342	0.197315	1.80268	0.9996883
6709	1	-1815.48	-1815.075	-0.4053833	0.335086	0.0924898	0.90751	0.18498	1.81502	0.9999182
6710	0	-1815.497	-1815.091	-0.4053475	0.311183	0.102119	0.897881	0.204239	1.79576	0.9998824
6711	1	-1816.251	-1815.846	-0.4046532	0.321255	0.0995313	0.900469	0.199063	1.80094	0.9991884
6712	0	-1814.898	-1814.493	-0.4053597	0.322886	0.0980191	0.901981	0.196038	1.80396	0.9998946
6713	1	-1816.978	-1816.573	-0.4050312	0.340704	0.0899166	0.910083	0.179833	1.82017	0.9995661
6714	0	-1815.424	-1815.018	-0.4054293	0.332579	0.0923783	0.907622	0.184757	1.81524	0.9999642
6715	1	-1816.338	-1815.934	-0.4046861	0.328152	0.0944793	0.905521	0.188959	1.81104	0.9992213
6716	0	-1816.239	-1815.834	-0.4047796	0.318314	0.101222	0.898778	0.202445	1.79756	0.9993148
6717	1	-1819.359	-1818.955	-0.4039665	0.319199	0.0903181	0.909682	0.180636	1.81936	0.9985025
6718	0	-1818.338	-1817.933	-0.4053898	0.295471	0.0924866	0.907513	0.184973	1.81503	0.9999247
6719	1	-1816.424	-1816.019	-0.404775	0.341077	0.0942077	0.905792	0.188415	1.81158	0.9993102
6720	0	-1815.311	-1814.906	-0.4052213	0.329998	0.0994441	0.900556	0.198888	1.80111	0.9997562
6721	1	-1817.563	-1817.158	-0.404775	0.341103	0.0896182	0.910382	0.179236	1.82076	0.9993102
6722	0	-1817.896	-1817.492	-0.4040014	0.343588	0.0964387	0.903561	0.192877	1.80712	0.9985374
6723	1	-1816.186	-1815.781	-0.404775	0.329799	0.0943655	0.905634	0.188731	1.81127	0.9993102
6724	0	-1815.245	-1814.839	-0.4054108	0.311583	0.097083	0.902917	0.194166	1.80583	0.9999457
6725	1	-1816.729	-1816.324	-0.4049468	0.30059	0.101439	0.898561	0.202878	1.79712	0.9994818
6726	0	-1815.871	-1815.466	-0.4048729	0.317947	0.097982	0.902018	0.195964	1.80404	0.9994079
6727	1	-1816.195	-1815.79	-0.4052094	0.32809	0.0914273	0.908573	0.182855	1.81715	0.9997443
6728	0	-1817.896	-1817.492	-0.4038932	0.339277	0.0975222	0.902478	0.195044	1.80496	0.9984293
6729	1	-1817.281	-1816.877	-0.4046301	0.300433	0.100045	0.899955	0.20009	1.79991	0.9991653
6730	0	-1816.649	-1816.244	-0.4051975	0.297123	0.0987603	0.90124	0.197521	1.80248	0.9997324
6731	1	-1815.483	-1815.078	-0.4051548	0.332323	0.0992612	0.900739	0.198522	1.80148	0.9996898
6732	0	-1815.179	-1814.774	-0.4051975	0.327182	0.0973947	0.902605	0.194789	1.80521	0.9997324
6733	1	-1818.276	-1817.873	-0.4035933	0.321589	0.0955245	0.904476	0.191049	1.80895	0.9981299
6734	0	-1817.614	-1817.209	-0.4051975	0.288273	0.0997543	0.900246	0.199509	1.80049	0.9997324
6735	1	-1816.401	-1815.996	-0.4052092	0.352569	0.094231	0.905769	0.188462	1.81154	0.9997441
6736	0	-1816.454	-1816.049	-0.4054294	0.338951	0.0894069	0.910593	0.178814	1.82119	0.9999643
6737	1	-1816.586	-1816.181	-0.4053168	0.356383	0.0945057	0.905494	0.189011	1.81099	0.9998517
6738	0	-1816.475	-1816.071	-0.4045393	0.319652	0.0995735	0.900427	0.199147	1.80085	0.9990746
6739	1	-1818.17	-1817.765	-0.4046229	0.354824	0.0986051	0.901395	0.19721	1.80279	0.9991581
6740	0	-1817.383	-1816.979	-0.4043776	0.307044	0.0973612	0.902639	0.194722	1.80528	0.9989131
6741	1	-1818.259	-1817.854	-0.4047311	0.298203	0.0946426	0.905357	0.189285	1.81071	0.9992663
6742	0	-1816.86	-1816.456	-0.4043034	0.331323	0.0978187	0.902181	0.195637	1.80436	0.998839
6743	1	-1815.676	-1815.271	-0.405028	0.336459	0.0964959	0.903504	0.192992	1.80701	0.999563
6744	0	-1817.142	-1816.737	-0.4049246	0.299104	0.0972343	0.902766	0.194469	1.80553	0.9994596
6745	1	-1816.546	-1816.141	-0.4049014	0.339006	0.100575	0.899425	0.20115	1.79885	0.9994364
6746	0	-1815.654	-1815.249	-0.4052078	0.342701	0.0961995	0.903801	0.192399	1.8076	0.9997427
6747	1	-1816.131	-1815.726	-0.4049014	0.331759	0.100575	0.899425	0.20115	1.79885	0.9994364
6748	0	-1815.779	-1815.374	-0.4049297	0.317367	0.0985116	0.901488	0.197023	1.80298	0.9994647
6749	1	-1815.868	-1815.462	-0.4053069	0.345255	0.0983686	0.901631	0.196737	1.80326	0.9998418
6750	0	-1815.625	-1815.22	-0.40496	0.329198	0.097396	0.902604	0.194792	1.80521	0.999495
6751	1	-1815.38	-1814.975	-0.4052194	0.318022	0.0961588	0.903841	0.192318	1.80768	0.9997543
6752	0	-1816.623	-1816.218	-0.4052723	0.34309	0.10198	0.89802	0.20396	1.79604	0.9998072
6753	1	-1816.005	-1815.6	-0.4047898	0.324295	0.0959412	0.904059	0.191882	1.80812	0.9993249
6754	0	-1818.168	-1817.763	-0.4041342	0.3436	0.100016	0.899984	0.200032	1.79997	0.9986699
6755	1	-1817.187	-1816.782	-0.4048735	0.297102	0.0993321	0.900668	0.198664	1.80134	0.9994085
6756	0	-1815.144	-1814.738	-0.4054148	0.321362	0.0946609	0.905339	0.189322	1.81068	0.9999497
6757	1	-1815.751	-1815.346	-0.4053837	0.32569	0.103485	0.896515	0.20697	1.79303	0.9999186
6758	0	-1818.139	-1817.735	-0.4045428	0.319418	0.106501	0.893499	0.213002	1.787	0.9990781
6759	1	-1817.647	-1817.243	-0.4041983	0.306143	0.0988627	0.901137	0.197725	1.80227	0.998734
6760	0	-1816.922	-1816.518	-0.4044255	0.323162	0.101442	0.898558	0.202885	1.79712	0.9989609
6761	1	-1817.267	-1816.862	-0.4042264	0.31374	0.0970302	0.90297	0.19406	1.80594	0.998762
6762	0	-1816.758	-1816.353	-0.4052615	0.313934	0.106481	0.893519	0.212962	1.78704	0.9997964
6763	1	-1817.743	-1817.339	-0.4041293	0.334793	0.100901	0.899099	0.201801	1.7982	0.998665
6764	0	-1815.792	-1815.387	-0.4052266	0.319337	0.103059	0.896941	0.206119	1.79388	0.9997615
6765	1	-1815.48	-1815.075	-0.4051607	0.316586	0.10044	0.89956	0.20088	1.79912	0.9996956
6766	0	-1815.972	-1815.566	-0.4052645	0.306977	0.103127	0.896873	0.206254	1.79375	0.9997994
6767	1	-1815.775	-1815.37	-0.4054443	0.339597	0.0912028	0.908797	0.182406	1.81759	0.9999792
6768	0	-1814.805	-1814.4	-0.4054116	0.324698	0.0969946	0.903005	0.193989	1.80601	0.9999465
6769	1	-1819.232	-1818.828	-0.403991	0.294143	0.103815	0.896185	0.207629	1.79237	0.998527
6770	0	-1820.159	-1819.754	-0.4051823	0.275432	0.0976268	0.902373	0.195254	1.80475	0.9997172
6771	1	-1815.508	-1815.103	-0.4050154	0.325471	0.0972323	0.902768	0.194465	1.80554	0.9995504
6772	0	-1814.931	-1814.526	-0.4054139	0.32378	0.100054	0.899946	0.200109	1.79989	0.9999488
6773	1	-1815.639	-1815.234	-0.4049942	0.325226	0.0995097	0.90049	0.199019	1.80098	0.9995292
6774	0	-1816.299	-1815.893	-0.4054139	0.33894	0.102901	0.897099	0.205802	1.7942	0.9999488
6775	1	-1816.256	-1815.851	-0.4050959	0.345592	0.0927051	0.907295	0.18541	1.81459	0.9996308
6776	0	-1816.449	-1816.044	-0.4054139	0.346565	0.101115	0.898885	0.20223	1.79777	0.9999488
6777	1	-1815.729	-1815.324	-0.4053821	0.317386	0.0933133	0.906687	0.186627	1.81337	0.999917
6778	0	-1820.329	-1819.924	-0.4045622	0.371549	0.0894143	0.910586	0.178829	1.82117	0.9990975
6779	1	-1815.381	-1814.976	-0.4053821	0.329354	0.101582	0.898418	0.203165	1.79684	0.999917
6780	0	-1816.069	-1815.664	-0.4051031	0.345694	0.0942334	0.905767	0.188467	1.81153	0.9996381
6781	1	-1816.724	-1816.319	-0.4044292	0.317881	0.0969993	0.903001	0.193999	1.806	0.9989646
6782	0	-1815.777	-1815.371	-0.4054548	0.340616	0.100991	0.899009	0.201982	1.79802	0.9999897
6783	1	-1817.117	-1816.713	-0.4045327	0.344557	0.0933979	0.906602	0.186796	1.8132	0.9990681
6784	0	-1814.998	-1814.593	-0.4053448	0.329775	0.0986296	0.90137	0.197259	1.80274	0.9998797
6785	1	-1816.076	-1815.671	-0.4051746	0.30429	0.0981582	0.901842	0.196316	1.80368	0.9997096
6786	0	-1818.157	-1817.753	-0.4038836	0.327654	0.092821	0.907179	0.185642	1.81436	0.9984197
6787	1	-1816.415	-1816.01	-0.4048818	0.326194	0.0927404	0.90726	0.185481	1.81452	0.9994169
6788	0	-1817.081	-1816.676	-0.4049623	0.296255	0.0999	0.9001	0.1998	1.8002	0.9994973
6789	1	-1816.009	-1815.604	-0.4048818	0.333339	0.0992167	0.900783	0.198433	1.80157	0.9994169
6790	0	-1815.906	-1815.501	-0.4050895	0.307983	0.0993314	0.900669	0.198663	1.80134	0.9996245
6791	1	-1816.094	-1815.688	-0.4053019	0.309219	0.0945745	0.905425	0.189149	1.81085	0.9998368
6792	0	-1818.401	-1817.997	-0.4036292	0.326155	0.10138	0.89862	0.20276	1.79724	0.9981658
6793	1	-1817.505	-1817.1	-0.4048814	0.304375	0.0939543	0.906046	0.187909	1.81209	0.9994164
6794	0	-1817.095	-1816.69	-0.4041438	0.324769	0.0984638	0.901536	0.196928	1.80307	0.9986796
6795	1	-1818.441	-1818.036	-0.4048814	0.2886	0.0977594	0.902241	0.195519	1.80448	0.9994164
6796	0	-1817.231	-1816.826	-0.4049778	0.322635	0.0904916	0.909508	0.180983	1.81902	0.9995128
6797	1	-1819.462	-1819.058	-0.4039308	0.33805	0.0887526	0.911247	0.177505	1.82249	0.9984669
6798	0	-1815.031	-1814.626	-0.4053517	0.326236	0.095359	0.904641	0.190718	1.80928	0.9998866
6799	1	-1820.575	-1820.173	-0.4023473	0.325793	0.0945934	0.905407	0.189187	1.81081	0.9968871
6800	0	-1816.127	-1815.722	-0.405315	0.351679	0.0951746	0.904825	0.190349	1.80965	0.9998499
6801	1	-1817.31	-1816.906	-0.4042989	0.31231	0.101834	0.898166	0.203668	1.79633	0.9988345
6802	0	-1816.381	-1815.976	-0.4050155	0.322712	0.103655	0.896345	0.207311	1.79269	0.9995505
6803	1	-1819.369	-1818.965	-0.4045595	0.288478	0.107029	0.892971	0.214059	1.78594	0.9990948
6804	0	-1815.461	-1815.056	-0.4053398	0.328968	0.10166	0.89834	0.203319	1.79668	0.9998747
6805	1	-1816.954	-1816.55	-0.4045595	0.321152	0.093539	0.906461	0.187078	1.81292	0.9990948
6806	0	-1815.621	-1815.216	-0.405196	0.330391	0.10096	0.89904	0.201921	1.79808	0.9997309
6807	1	-1816.019	-1815.614	-0.4051	0.310021	0.102359	0.897641	0.204717	1.79528	0.999635
6808	0	-1816.888	-1816.484	-0.4042893	0.332402	0.0967486	0.903251	0.193497	1.8065	0.9988249
6809	1	-1816.536	-1816.131	-0.4051	0.327636	0.1041	0.8959	0.2082	1.7918	0.999635
6810	0	-1817.121	-1816.716	-0.4049411	0.33882	0.102843	0.897157	0.205686	1.79431	0.9994761
6811	1	-1816.35	-1815.946	-0.4048523	0.307712	0.0993701	0.90063	0.19874	1.80126	0.9993874
6812	0	-1816.537	-1816.132	-0.4050405	0.327853	0.103749	0.896251	0.207499	1.7925	0.9995754
6813	1	-1816.725	-1816.32	-0.4047798	0.312375	0.0948388	0.905161	0.189678	1.81032	0.9993149
6814	0	-1815.733	-1815.327	-0.4053375	0.332945	0.101993	0.898007	0.203987	1.79601	0.9998724
6815	1	-1816.009	-1815.605	-0.4047798	0.331974	0.0961608	0.903839	0.192322	1.80768	0.9993149
6816	0	-1816.515	-1816.11	-0.4048304	0.305862	0.0991805	0.900819	0.198361	1.80164	0.9993654
6817	1	-1819.506	-1819.101	-0.4052361	0.363579	0.101755	0.898245	0.20351	1.79649	0.999771
6818	0	-1816.373	-1815.968	-0.4050163	0.346639	0.0973841	0.902616	0.194768	1.80523	0.9995513
6819	1	-1817.008	-1816.602	-0.4052361	0.354941	0.0906992	0.909301	0.181398	1.8186	0.999771
6820	0	-1820.735	-1820.331	-0.4037531	0.314809	0.109356	0.890644	0.218713	1.78129	0.9982895
6821	1	-1818.626	-1818.221	-0.4052361	0.370277	0.0940447	0.905955	0.188089	1.81191	0.999771
6822	0	-1816.046	-1815.641	-0.4049204	0.337278	0.0986091	0.901391	0.197218	1.80278	0.9994555
6823	1	-1815.4	-1814.994	-0.4051741	0.32728	0.0999716	0.900028	0.199943	1.80006	0.999709
6824	0	-1815.082	-1814.677	-0.4053309	0.331837	0.0986712	0.901329	0.197342	1.80266	0.9998658
6825	1	-1817.747	-1817.342	-0.4051497	0.355116	0.0962925	0.903708	0.192585	1.80742	0.9996846
6826	0	-1815.777	-1815.372	-0.4053309	0.304391	0.098254	0.901746	0.196508	1.80349	0.9998658
6827	1	-1817.975	-1817.571	-0.4036592	0.326669	0.0983951	0.901605	0.19679	1.80321	0.9981958
6828	0	-1816.724	-1816.319	-0.4047323	0.307119	0.10174	0.89826	0.203479	1.79652	0.9992675
6829	1	-1815.537	-1815.132	-0.4050995	0.33613	0.0967024	0.903298	0.193405	1.8066	0.9996344
6830	0	-1818.34	-1817.935	-0.4049382	0.332228	0.0876943	0.912306	0.175389	1.82461	0.9994732
6831	1	-1815.188	-1814.783	-0.4052005	0.323378	0.0983648	0.901635	0.19673	1.80327	0.9997355
6832	0	-1816.346	-1815.941	-0.4052933	0.312728	0.0929179	0.907082	0.185836	1.81416	0.9998282
6833	1	-1815.539	-1815.134	-0.4052005	0.313545	0.0968525	0.903148	0.193705	1.8063	0.9997355
6834	0	-1817.113	-1816.708	-0.4054607	0.362255	0.0954172	0.904583	0.190834	1.80917	0.9999956
6835	1	-1816.181	-1815.776	-0.4052005	0.349856	0.095577	0.904423	0.191154	1.80885	0.9997355
6836	0	-1815.157	-1814.751	-0.4053668	0.314731	0.100481	0.899519	0.200962	1.79904	0.9999017
6837	1	-1815.632	-1815.227	-0.4052005	0.316096	0.102013	0.897987	0.204026	1.79597	0.9997355
6838	0	-1816.184	-1815.779	-0.4051738	0.320633	0.104095	0.895905	0.20819	1.79181	0.9997087
6839	1	-1820.259	-1819.854	-0.4051481	0.36238	0.10347	0.89653	0.206941	1.79306	0.999683
6840	0	-1815.863	-1815.458	-0.4049826	0.319044	0.0954851	0.904515	0.19097	1.80903	0.9995176
6841	1	-1816.24	-1815.834	-0.4052721	0.3515	0.0934238	0.906576	0.186848	1.81315	0.999807
6842	0	-1816.159	-1815.754	-0.4051217	0.30496	0.101929	0.898071	0.203859	1.79614	0.9996567
6843	1	-1816.622	-1816.217	-0.405126	0.331197	0.0905	0.9095	0.181	1.819	0.9996609
6844	0	-1817.868	-1817.463	-0.4049521	0.289139	0.100982	0.899018	0.201964	1.79804	0.9994871
6845	1	-1816.293	-1815.887	-0.405126	0.348717	0.0967703	0.90323	0.193541	1.80646	0.9996609
6846	0	-1815.283	-1814.878	-0.4053069	0.330482	0.100203	0.899797	0.200406	1.79959	0.9998418
6847	1	-1816.682	-1816.277	-0.4054453	0.359152	0.0931767	0.906823	0.186353	1.81365	0.9999802
6848	0	-1816.912	-1816.507	-0.4051388	0.302763	0.0948972	0.905103	0.189794	1.81021	0.9996738
6849	1	-1820.04	-1819.636	-0.4037361	0.31578	0.0903232	0.909677	0.180646	1.81935	0.9982725
6850	0	-1818.033	-1817.628	-0.4049179	0.297715	0.0944997	0.9055	0.188999	1.811	0.999453
6851	1	-1817.832	-1817.427	-0.4049308	0.289706	0.101248	0.898752	0.202496	1.7975	0.9994659
6852	0	-1815.561	-1815.155	-0.4054302	0.323444	0.103342	0.896658	0.206684	1.79332	0.9999651
6853	1	-1814.798	-1814.393	-0.4054468	0.329487	0.0984967	0.901503	0.196993	1.80301	0.9999817
6854	0	-1816.384	-1815.979	-0.4047991	0.317426	0.0948521	0.905148	0.189704	1.8103	0.9993342
6855	1	-1815.318	-1814.912	-0.4054468	0.318249	0.102737	0.897263	0.205475	1.79453	0.9999817
6856	0	-1816.695	-1816.29	-0.4049245	0.303837	0.102838	0.897162	0.205677	1.79432	0.9994596
6857	1	-1818.104	-1817.699	-0.4044555	0.299686	0.0963459	0.903654	0.192692	1.80731	0.9989909
6858	0	-1817.969	-1817.565	-0.4037176	0.332408	0.0981823	0.901818	0.196365	1.80364	0.998254
6859	1	-1822.863	-1822.46	-0.4026675	0.313091	0.0891969	0.910803	0.178394	1.82161	0.9972063
6860	0	-1815.695	-1815.29	-0.4049312	0.321606	0.0985958	0.901404	0.197192	1.80281	0.9994663
6861	1	-1816.795	-1816.391	-0.4043102	0.328251	0.0967282	0.903272	0.193456	1.80654	0.9988458
6862	0	-1818.971	-1818.568	-0.4036643	0.331378	0.103043	0.896957	0.206087	1.79391	0.9982008
6863	1	-1815.553	-1815.148	-0.4051655	0.337733	0.0946597	0.90534	0.189319	1.81068	0.9997004
6864	0	-1816.57	-1816.165	-0.4046189	0.34009	0.0958976	0.904102	0.191795	1.8082	0.9991541
6865	1	-1819.502	-1819.098	-0.4042715	0.303471	0.108622	0.891378	0.217244	1.78276	0.9988071
6866	0	-1815.449	-1815.044	-0.40505	0.327675	0.0976187	0.902381	0.195237	1.80476	0.999585
6867	1	-1819.167	-1818.763	-0.4044649	0.292491	0.106936	0.893064	0.213872	1.78613	0.9990003
6868	0	-1817.347	-1816.943	-0.4042139	0.322638	0.0942657	0.905734	0.188531	1.81147	0.9987495
6869	1	-1815.101	-1814.695	-0.4053976	0.338672	0.0959303	0.90407	0.191861	1.80814	0.9999325
6870	0	-1815.581	-1815.176	-0.4051717	0.311605	0.0982818	0.901718	0.196564	1.80344	0.9997067
6871	1	-1817.055	-1816.65	-0.4050327	0.301175	0.104965	0.895035	0.209931	1.79007	0.9995677
6872	0	-1815.433	-1815.027	-0.4051717	0.317395	0.100318	0.899682	0.200635	1.79936	0.9997067
6873	1	-1819.502	-1819.097	-0.404794	0.293204	0.109833	0.890167	0.219666	1.78033	0.9993291
6874	0	-1816.633	-1816.228	-0.4049543	0.318176	0.0927531	0.907247	0.185506	1.81449	0.9994893
6875	1	-1817.213	-1816.809	-0.4043165	0.333496	0.0932969	0.906703	0.186594	1.81341	0.9988521
6876	0	-1816.165	-1815.76	-0.4053971	0.338734	0.0902689	0.909731	0.180538	1.81946	0.999932
6877	1	-1819.208	-1818.804	-0.4043178	0.291483	0.105665	0.894335	0.21133	1.78867	0.9988534
6878	0	-1817.129	-1816.724	-0.4049794	0.297569	0.0977228	0.902277	0.195446	1.80455	0.9995144
6879	1	-1815.176	-1814.771	-0.405442	0.321203	0.0942972	0.905703	0.188594	1.81141	0.9999769
6880	0	-1815.422	-1815.017	-0.4051321	0.324561	0.0955919	0.904408	0.191184	1.80882	0.999667
6881	1	-1816.516	-1816.111	-0.405465	0.320851	0.0903709	0.909629	0.180742	1.81926	0.9999999
6882	0	-1814.823	-1814.418	-0.4054349	0.324098	0.0993609	0.900639	0.198722	1.80128	0.9999698
6883	1	-1816.296	-1815.89	-0.405465	0.346704	0.100864	0.899136	0.201728	1.79827	0.9999999
6884	0	-1815.584	-1815.178	-0.4054349	0.347805	0.0950291	0.904971	0.190058	1.80994	0.9999698
6885	1	-1816.163	-1815.758	-0.405465	0.335103	0.103642	0.896358	0.207284	1.79272	0.9999999
6886	0	-1817.199	-1816.793	-0.4053187	0.290272	0.103712	0.896288	0.207423	1.79258	0.9998536
6887	1	-1814.818	-1814.413	-0.405465	0.334239	0.096339	0.903661	0.192678	1.80732	0.9999999
6888	0	-1815.164	-1814.759	-0.4054276	0.315685	0.101618	0.898382	0.203235	1.79676	0.9999625
6889	1	-1815.427	-1815.022	-0.4050773	0.330245	0.0968813	0.903119	0.193763	1.80624	0.9996122
6890	0	-1816.92	-1816.515	-0.405214	0.339497	0.0892319	0.910768	0.178464	1.82154	0.9997489
6891	1	-1815.031	-1814.626	-0.4053732	0.320845	0.100312	0.899688	0.200623	1.79938	0.9999081
6892	0	-1815.889	-1815.484	-0.4052837	0.323302	0.0924192	0.907581	0.184838	1.81516	0.9998186
6893	1	-1815.577	-1815.171	-0.4053732	0.345667	0.0965701	0.90343	0.19314	1.80686	0.9999081
6894	0	-1818.889	-1818.486	-0.4038113	0.299521	0.101841	0.898159	0.203681	1.79632	0.9983476
6895	1	-1816.422	-1816.017	-0.404622	0.319102	0.100518	0.899482	0.201035	1.79896	0.9991573
6896	0	-1821.016	-1820.611	-0.4040766	0.291033	0.0932884	0.906712	0.186577	1.81342	0.9986125
6897	1	-1816.41	-1816.005	-0.4053665	0.296764	0.0985148	0.901485	0.19703	1.80297	0.9999014
6898	0	-1814.969	-1814.563	-0.4054164	0.326902	0.0949011	0.905099	0.189802	1.8102	0.9999513
6899	1	-1817.836	-1817.432	-0.4044504	0.320587	0.105171	0.894829	0.210341	1.78966	0.9989858
6900	0	-1816.535	-1816.13	-0.4050023	0.323322	0.0920077	0.907992	0.184015	1.81598	0.9995373
6901	1	-1817.401	-1816.996	-0.4046783	0.302642	0.0963033	0.903697	0.192607	1.80739	0.9992135
6902	0	-1816.838	-1816.433	-0.4047231	0.336661	0.0918966	0.908103	0.183793	1.81621	0.9992583
6903	1	-1816.802	-1816.397	-0.405446	0.29889	0.106373	0.893627	0.212745	1.78725	0.9999809
6904	0	-1817.496	-1817.091	-0.4047029	0.339759	0.102442	0.897558	0.204883	1.79512	0.9992381
6905	1	-1816.552	-1816.146	-0.405446	0.358007	0.0949371	0.905063	0.189874	1.81013	0.9999809
6906	0	-1816.922	-1816.517	-0.4050845	0.295677	0.101763	0.898237	0.203525	1.79647	0.9996195
6907	1	-1815.389	-1814.984	-0.405446	0.343497	0.0936172	0.906383	0.187234	1.81277	0.9999809
6908	0	-1815.651	-1815.246	-0.4050469	0.323038	0.100532	0.899468	0.201064	1.79894	0.9995818
6909	1	-1814.927	-1814.521	-0.405446	0.336195	0.0957437	0.904256	0.191487	1.80851	0.9999809
6910	0	-1814.97	-1814.565	-0.4053747	0.329735	0.0989298	0.90107	0.19786	1.80214	0.9999096
6911	1	-1816.349	-1815.943	-0.4053171	0.346759	0.100073	0.899927	0.200147	1.79985	0.999852
6912	0	-1817.031	-1816.626	-0.4051727	0.353656	0.0906766	0.909323	0.181353	1.81865	0.9997076
6913	1	-1816.641	-1816.236	-0.4053171	0.328433	0.105336	0.894664	0.210672	1.78933	0.999852
6914	0	-1817.47	-1817.065	-0.4051727	0.339668	0.0882349	0.911765	0.17647	1.82353	0.9997076
6915	1	-1816.541	-1816.136	-0.4052237	0.346269	0.100354	0.899646	0.200707	1.79929	0.9997586
6916	0	-1816.592	-1816.187	-0.4053511	0.301585	0.0951185	0.904881	0.190237	1.80976	0.999886
6917	1	-1815.368	-1814.963	-0.4052237	0.314261	0.0995288	0.900471	0.199058	1.80094	0.9997586
6918	0	-1815.213	-1814.807	-0.4053511	0.325946	0.100975	0.899025	0.20195	1.79805	0.999886
6919	1	-1816.009	-1815.604	-0.4049579	0.322522	0.101724	0.898276	0.203449	1.79655	0.9994929
6920	0	-1817.451	-1817.046	-0.404345	0.321439	0.0931052	0.906895	0.18621	1.81379	0.9988805
6921	1	-1817.027	-1816.622	-0.4052492	0.33764	0.0888683	0.911132	0.177737	1.82226	0.9997841
6922	0	-1821.111	-1820.708	-0.4030691	0.294818	0.105328	0.894672	0.210655	1.78934	0.9976069
6923	1	-1818.641	-1818.236	-0.4049622	0.302738	0.0914255	0.908574	0.182851	1.81715	0.9994972
6924	0	-1816.596	-1816.192	-0.4044503	0.32071	0.0970928	0.902907	0.194186	1.80581	0.9989857
6925	1	-1817.997	-1817.593	-0.4047869	0.334532	0.105294	0.894706	0.210589	1.78941	0.999322
6926	0	-1816.891	-1816.485	-0.4054121	0.346895	0.102302	0.897698	0.204605	1.7954	0.999947
6927	1	-1816.079	-1815.674	-0.4051585	0.337587	0.0918367	0.908163	0.183673	1.81633	0.9996934
6928	0	-1816.668	-1816.264	-0.404465	0.325763	0.100093	0.899907	0.200186	1.79981	0.9990004
6929	1	-1815.618	-1815.213	-0.4051131	0.320209	0.101158	0.898842	0.202316	1.79768	0.9996481
6930	0	-1817.712	-1817.307	-0.4043455	0.308881	0.0950943	0.904906	0.190189	1.80981	0.9988811
6931	1	-1815.482	-1815.077	-0.4052181	0.339872	0.0956693	0.904331	0.191339	1.80866	0.999753
6932	0	-1817.033	-1816.628	-0.4052928	0.294484	0.104892	0.895108	0.209785	1.79022	0.9998277
6933	1	-1816.062	-1815.657	-0.4049705	0.309058	0.0997718	0.900228	0.199544	1.80046	0.9995055
6934	0	-1818.72	-1818.316	-0.4040505	0.321004	0.105595	0.894405	0.211189	1.78881	0.9985864
6935	1	-1817.329	-1816.925	-0.4041984	0.331655	0.100221	0.899779	0.200442	1.79956	0.9987341
6936	0	-1816.162	-1815.757	-0.4049248	0.328876	0.101465	0.898535	0.20293	1.79707	0.9994598
6937	1	-1819.077	-1818.673	-0.4043739	0.310041	0.0910035	0.908996	0.182007	1.81799	0.9989094
6938	0	-1815.774	-1815.369	-0.4051214	0.338647	0.0987109	0.901289	0.197422	1.80258	0.9996563
6939	1	-1816.522	-1816.118	-0.4047455	0.308265	0.100158	0.899842	0.200316	1.79968	0.9992806
6940	0	-1815.387	-1814.982	-0.4052517	0.315134	0.100816	0.899184	0.201632	1.79837	0.9997866
6941	1	-1818.087	-1817.682	-0.4046232	0.30063	0.0948719	0.905128	0.189744	1.81026	0.9991585
6942	0	-1817.465	-1817.061	-0.4042487	0.340663	0.0933721	0.906628	0.186744	1.81326	0.9987843
6943	1	-1815.722	-1815.317	-0.4049602	0.319982	0.0997062	0.900294	0.199412	1.80059	0.9994952
6944	0	-1819.106	-1818.701	-0.4050528	0.280994	0.0988092	0.901191	0.197618	1.80238	0.9995878
6945	1	-1815.765	-1815.36	-0.404994	0.337157	0.0965655	0.903435	0.193131	1.80687	0.999529
6946	0	-1815.261	-1814.856	-0.405342	0.334934	0.0939403	0.90606	0.187881	1.81212	0.9998769
6947	1	-1816.623	-1816.218	-0.4051889	0.35141	0.0980313	0.901969	0.196063	1.80394	0.9997238
6948	0	-1816.563	-1816.158	-0.404829	0.31988	0.0934092	0.906591	0.186818	1.81318	0.9993641
6949	1	-1818.849	-1818.444	-0.4052482	0.278768	0.104588	0.895412	0.209176	1.79082	0.9997831
6950	0	-1815.571	-1815.166	-0.4053431	0.344471	0.0941452	0.905855	0.18829	1.81171	0.999878
6951	1	-1815.347	-1814.941	-0.4052843	0.330948	0.0938947	0.906105	0.187789	1.81221	0.9998192
6952	0	-1815.388	-1814.983	-0.4051382	0.32796	0.0992233	0.900777	0.198447	1.80155	0.9996731
6953	1	-1816.918	-1816.514	-0.4044512	0.312075	0.10077	0.89923	0.20154	1.79846	0.9989866
6954	0	-1816.768	-1816.364	-0.404358	0.328141	0.0989074	0.901093	0.197815	1.80219	0.9988935
6955	1	-1817.504	-1817.099	-0.4047243	0.318402	0.0915049	0.908495	0.18301	1.81699	0.9992595
6956	0	-1814.894	-1814.488	-0.4054351	0.316619	0.0982263	0.901774	0.196453	1.80355	0.9999699
6957	1	-1815.366	-1814.96	-0.405392	0.319421	0.1025	0.8975	0.205001	1.795	0.9999268
6958	0	-1815.508	-1815.102	-0.4054351	0.343146	0.0928399	0.90716	0.18568	1.81432	0.9999699
6959	1	-1814.866	-1814.46	-0.4054585	0.316079	0.0986253	0.901375	0.197251	1.80275	0.9999934
6960	0	-1815.369	-1814.964	-0.4053026	0.311036	0.0984219	0.901578	0.196844	1.80316	0.9998375
6961	1	-1816.177	-1815.772	-0.4050842	0.346156	0.0970661	0.902934	0.194132	1.80587	0.9996191
6962	0	-1816.16	-1815.754	-0.405278	0.301262	0.0981186	0.901881	0.196237	1.80376	0.9998129
6963	1	-1816.78	-1816.375	-0.4049046	0.301233	0.0986885	0.901311	0.197377	1.80262	0.9994396
6964	0	-1816.282	-1815.877	-0.4054531	0.29568	0.099457	0.900543	0.198914	1.80109	0.999988
6965	1	-1817.15	-1816.745	-0.4050959	0.348231	0.0896971	0.910303	0.179394	1.82061	0.9996308
6966	0	-1815.752	-1815.347	-0.405322	0.333695	0.101804	0.898196	0.203609	1.79639	0.9998569
6967	1	-1817.127	-1816.722	-0.4050025	0.334138	0.104184	0.895816	0.208368	1.79163	0.9995375
6968	0	-1816.415	-1816.01	-0.405322	0.34302	0.0901346	0.909865	0.180269	1.81973	0.9998569
6969	1	-1816.027	-1815.622	-0.4049573	0.322384	0.101816	0.898184	0.203631	1.79637	0.9994923
6970	0	-1816.285	-1815.88	-0.4050113	0.316014	0.10349	0.89651	0.206981	1.79302	0.9995463
6971	1	-1815.688	-1815.283	-0.4053044	0.311274	0.0955965	0.904403	0.191193	1.80881	0.9998393
6972	0	-1816.841	-1816.436	-0.4045869	0.342935	0.0942985	0.905702	0.188597	1.8114	0.9991222
6973	1	-1815.316	-1814.91	-0.4053044	0.313433	0.100571	0.899429	0.201141	1.79886	0.9998393
6974	0	-1815.594	-1815.189	-0.4052687	0.331091	0.101307	0.898693	0.202614	1.79739	0.9998036
6975	1	-1815.032	-1814.627	-0.4053044	0.320582	0.0984511	0.901549	0.196902	1.8031	0.9998393
6976	0	-1815.806	-1815.401	-0.4050457	0.339019	0.0947387	0.905261	0.189477	1.81052	0.9995807
6977	1	-1814.801	-1814.396	-0.4054567	0.332332	0.0960246	0.903975	0.192049	1.80795	0.9999916
6978	0	-1815.855	-1815.45	-0.4048214	0.325095	0.0975895	0.90241	0.195179	1.80482	0.9993565
6979	1	-1815.312	-1814.907	-0.4052818	0.320721	0.101147	0.898853	0.202295	1.79771	0.9998167
6980	0	-1816.591	-1816.187	-0.4045266	0.336298	0.0972182	0.902782	0.194436	1.80556	0.9990619
6981	1	-1815.367	-1814.962	-0.4052818	0.315595	0.0962214	0.903779	0.192443	1.80756	0.9998167
6982	0	-1816.335	-1815.93	-0.4048211	0.309934	0.100733	0.899267	0.201466	1.79853	0.9993562
6983	1	-1817.796	-1817.391	-0.4041502	0.345876	0.096514	0.903486	0.193028	1.80697	0.9986859
6984	0	-1816.13	-1815.725	-0.4054192	0.347124	0.0997896	0.90021	0.199579	1.80042	0.999954
6985	1	-1819.671	-1819.267	-0.4038662	0.339934	0.0885521	0.911448	0.177104	1.8229	0.9984024
6986	0	-1816.938	-1816.533	-0.4051818	0.352042	0.0905462	0.909454	0.181092	1.81891	0.9997167
6987	1	-1817.084	-1816.68	-0.4042812	0.31443	0.0999735	0.900027	0.199947	1.80005	0.9988168
6988	0	-1815.342	-1814.937	-0.4051152	0.328584	0.0976998	0.9023	0.1954	1.8046	0.9996501
6989	1	-1815.142	-1814.737	-0.4052478	0.320044	0.0983656	0.901634	0.196731	1.80327	0.9997827
6990	0	-1815.495	-1815.09	-0.4051638	0.316002	0.100527	0.899473	0.201054	1.79895	0.9996988
6991	1	-1815.478	-1815.072	-0.4052478	0.310993	0.0982627	0.901737	0.196525	1.80347	0.9997827
6992	0	-1817.383	-1816.977	-0.4051638	0.306001	0.107473	0.892527	0.214947	1.78505	0.9996988
6993	1	-1817.751	-1817.346	-0.4043851	0.35112	0.0948927	0.905107	0.189785	1.81021	0.9989206
6994	0	-1817.077	-1816.673	-0.4041991	0.319094	0.0973485	0.902652	0.194697	1.8053	0.9987348
6995	1	-1815.613	-1815.208	-0.4051114	0.319164	0.0955694	0.904431	0.191139	1.80886	0.9996464
6996	0	-1815.513	-1815.108	-0.4053746	0.318723	0.103018	0.896982	0.206035	1.79396	0.9999095
6997	1	-1815.53	-1815.125	-0.4051114	0.332503	0.0947846	0.905215	0.189569	1.81043	0.9996464
6998	0	-1815.997	-1815.592	-0.4050671	0.314543	0.102562	0.897438	0.205124	1.79488	0.9996021
6999	1	-1818.475	-1818.069	-0.4052389	0.322712	0.087473	0.912527	0.174946	1.82505	0.9997738
7000	0	-1815.354	-1814.949	-0.4051347	0.326425	0.0990339	0.900966	0.198068	1.80193	0.9996696
7001	1	-1816.865	-1816.46	-0.4046215	0.325692	0.102548	0.897452	0.205095	1.7949	0.9991568
7002	0	-1821.614	-1821.21	-0.4042795	0.371806	0.086935	0.913065	0.17387	1.82613	0.9988151
7003	1	-1816.133	-1815.729	-0.4047296	0.320066	0.0996555	0.900344	0.199311	1.80069	0.9992647
7004	0	-1819.737	-1819.332	-0.404905	0.329885	0.109849	0.890151	0.219697	1.7803	0.99944
7005	1	-1816.471	-1816.066	-0.405197	0.327184	0.0908445	0.909155	0.181689	1.81831	0.9997319
7006	0	-1816.807	-1816.402	-0.4051066	0.353028	0.0921726	0.907827	0.184345	1.81565	0.9996415
7007	1	-1816.727	-1816.322	-0.405197	0.295743	0.102024	0.897976	0.204047	1.79595	0.9997319
7008	0	-1815.424	-1815.019	-0.4054235	0.319648	0.0936924	0.906308	0.187385	1.81262	0.9999584
7009	1	-1818.961	-1818.556	-0.4050087	0.353727	0.103337	0.896663	0.206673	1.79333	0.9995437
7010	0	-1815.01	-1814.604	-0.4053886	0.317203	0.0971085	0.902892	0.194217	1.80578	0.9999235
7011	1	-1817.435	-1817.03	-0.4051111	0.336905	0.104878	0.895122	0.209755	1.79024	0.9996461
7012	0	-1816.426	-1816.022	-0.404692	0.311871	0.0984332	0.901567	0.196866	1.80313	0.9992272
7013	1	-1815.371	-1814.966	-0.4051111	0.329907	0.0977608	0.902239	0.195522	1.80448	0.9996461
7014	0	-1816.818	-1816.413	-0.4054394	0.352147	0.0894288	0.910571	0.178858	1.82114	0.9999743
7015	1	-1816.233	-1815.828	-0.4050112	0.344182	0.0934118	0.906588	0.186824	1.81318	0.9995462
7016	0	-1814.852	-1814.447	-0.4054394	0.318604	0.0973994	0.902601	0.194799	1.8052	0.9999743
7017	1	-1819.004	-1818.6	-0.4044723	0.36348	0.0946689	0.905331	0.189338	1.81066	0.9990076
7018	0	-1818.076	-1817.671	-0.4041012	0.302539	0.100768	0.899232	0.201535	1.79846	0.998637
7019	1	-1820.565	-1820.162	-0.4030998	0.316528	0.106171	0.893829	0.212342	1.78766	0.9976375
7020	0	-1819.764	-1819.361	-0.4028112	0.31291	0.0990314	0.900969	0.198063	1.80194	0.9973496
7021	1	-1816.628	-1816.224	-0.4044899	0.335818	0.0960891	0.903911	0.192178	1.80782	0.9990252
7022	0	-1818.577	-1818.172	-0.4051047	0.364434	0.0889665	0.911033	0.177933	1.82207	0.9996396
7023	1	-1817.317	-1816.913	-0.4040714	0.331616	0.0983233	0.901677	0.196647	1.80335	0.9986072
7024	0	-1817.691	-1817.286	-0.4051047	0.308127	0.0915461	0.908454	0.183092	1.81691	0.9996396
7025	1	-1817.267	-1816.862	-0.405244	0.289703	0.101293	0.898707	0.202587	1.79741	0.9997789
7026	0	-1817.078	-1816.673	-0.4050231	0.297931	0.0973162	0.902684	0.194632	1.80537	0.9995581
7027	1	-1815.729	-1815.323	-0.405244	0.343488	0.0975229	0.902477	0.195046	1.80495	0.9997789
7028	0	-1817.351	-1816.947	-0.4048567	0.3041	0.0946583	0.905342	0.189317	1.81068	0.9993918
7029	1	-1815.255	-1814.85	-0.405244	0.324924	0.0952726	0.904727	0.190545	1.80945	0.9997789
7030	0	-1815.11	-1814.705	-0.4052988	0.319736	0.0996418	0.900358	0.199284	1.80072	0.9998337
7031	1	-1816.117	-1815.712	-0.4051146	0.321576	0.0929014	0.907099	0.185803	1.8142	0.9996496
7032	0	-1819.282	-1818.878	-0.4048558	0.36501	0.0883407	0.911659	0.176681	1.82332	0.9993909
7033	1	-1816.036	-1815.63	-0.4051146	0.336788	0.0922673	0.907733	0.184535	1.81547	0.9996496
7034	0	-1816.9	-1816.495	-0.4047248	0.339558	0.0918147	0.908185	0.183629	1.81637	0.9992599
7035	1	-1816.859	-1816.455	-0.4047104	0.341188	0.0922581	0.907742	0.184516	1.81548	0.9992456
7036	0	-1816.111	-1815.706	-0.4047248	0.327212	0.0991232	0.900877	0.198246	1.80175	0.9992599
7037	1	-1815.279	-1814.874	-0.4052723	0.320792	0.0954766	0.904523	0.190953	1.80905	0.9998072
7038	0	-1815.756	-1815.351	-0.405096	0.323808	0.101621	0.898379	0.203242	1.79676	0.999631
7039	1	-1816.847	-1816.441	-0.4052509	0.347571	0.0896864	0.910314	0.179373	1.82063	0.9997858
7040	0	-1817.086	-1816.682	-0.404853	0.323423	0.0912505	0.90875	0.182501	1.8175	0.9993881
7041	1	-1815.173	-1814.768	-0.4052509	0.318563	0.0987746	0.901225	0.197549	1.80245	0.9997858
7042	0	-1817.16	-1816.755	-0.4046028	0.323939	0.0922112	0.907789	0.184422	1.81558	0.999138
7043	1	-1815.56	-1815.155	-0.4052509	0.315984	0.095267	0.904733	0.190534	1.80947	0.9997858
7044	0	-1819.071	-1818.666	-0.4043782	0.345902	0.103405	0.896595	0.20681	1.79319	0.9989137
7045	1	-1815.464	-1815.059	-0.4052611	0.31993	0.0947193	0.905281	0.189439	1.81056	0.999796
7046	0	-1817.159	-1816.754	-0.4041656	0.318722	0.0971829	0.902817	0.194366	1.80563	0.9987013
7047	1	-1816.437	-1816.031	-0.4052611	0.297276	0.101329	0.898671	0.202659	1.79734	0.999796
7048	0	-1815.329	-1814.924	-0.4051578	0.326907	0.0991605	0.900839	0.198321	1.80168	0.9996927
7049	1	-1815.755	-1815.35	-0.4049209	0.332644	0.0969977	0.903002	0.193995	1.806	0.9994559
7050	0	-1816.381	-1815.976	-0.405391	0.315488	0.0918133	0.908187	0.183627	1.81637	0.9999259
7051	1	-1817.093	-1816.688	-0.4052858	0.321781	0.107029	0.892971	0.214058	1.78594	0.9998207
7052	0	-1815.13	-1814.724	-0.405391	0.323089	0.0946722	0.905328	0.189344	1.81066	0.9999259
7053	1	-1816.177	-1815.772	-0.4052858	0.330798	0.0909209	0.909079	0.181842	1.81816	0.9998207
7054	0	-1815.035	-1814.63	-0.405391	0.320199	0.100581	0.899419	0.201162	1.79884	0.9999259
7055	1	-1819.572	-1819.168	-0.4037547	0.293116	0.100628	0.899372	0.201256	1.79874	0.9982911
7056	0	-1817.192	-1816.787	-0.4048117	0.349361	0.0915777	0.908422	0.183155	1.81684	0.9993468
7057	1	-1819.263	-1818.858	-0.4045375	0.302051	0.10911	0.89089	0.218221	1.78178	0.9990728
7058	0	-1815.788	-1815.382	-0.4053924	0.304037	0.102458	0.897542	0.204916	1.79508	0.9999273
7059	1	-1822.06	-1821.658	-0.4015055	0.327766	0.100143	0.899857	0.200286	1.79971	0.9960483
7060	0	-1816.778	-1816.373	-0.4051243	0.297142	0.0987772	0.901223	0.197554	1.80245	0.9996592
7061	1	-1817.671	-1817.266	-0.404582	0.300581	0.103826	0.896174	0.207652	1.79235	0.9991173
7062	0	-1816.966	-1816.562	-0.4043487	0.330276	0.0942904	0.90571	0.188581	1.81142	0.9988842
7063	1	-1816.685	-1816.281	-0.404582	0.321572	0.101762	0.898238	0.203525	1.79648	0.9991173
7064	0	-1815.596	-1815.191	-0.4049858	0.324803	0.0988483	0.901152	0.197697	1.8023	0.9995209
7065	1	-1815.12	-1814.714	-0.4053619	0.337157	0.0955194	0.904481	0.191039	1.80896	0.9998968
7066	0	-1815.271	-1814.866	-0.4052095	0.333517	0.095999	0.904001	0.191998	1.808	0.9997444
7067	1	-1818.694	-1818.289	-0.4048996	0.29327	0.108158	0.891842	0.216315	1.78368	0.9994347
7068	0	-1817.433	-1817.027	-0.4053819	0.349707	0.102669	0.897331	0.205337	1.79466	0.9999168
7069	1	-1817.22	-1816.816	-0.4041831	0.333601	0.0987301	0.90127	0.19746	1.80254	0.9987188
7070	0	-1818.608	-1818.203	-0.4054336	0.31321	0.111159	0.888841	0.222318	1.77768	0.9999684
7071	1	-1815.514	-1815.108	-0.4053377	0.310596	0.101982	0.898018	0.203964	1.79604	0.9998726
7072	0	-1815.531	-1815.125	-0.4054336	0.320316	0.103459	0.896541	0.206919	1.79308	0.9999684
7073	1	-1815.372	-1814.967	-0.4052502	0.330585	0.0940991	0.905901	0.188198	1.8118	0.9997851
7074	0	-1814.79	-1814.385	-0.4054117	0.325587	0.0975081	0.902492	0.195016	1.80498	0.9999466
7075	1	-1818.518	-1818.115	-0.4037239	0.334015	0.101274	0.898726	0.202547	1.79745	0.9982603
7076	0	-1815.48	-1815.074	-0.4054117	0.306302	0.101048	0.898952	0.202095	1.7979	0.9999466
7077	1	-1816.336	-1815.931	-0.404817	0.309754	0.100522	0.899478	0.201043	1.79896	0.9993521
7078	0	-1815.848	-1815.443	-0.4052901	0.314663	0.0940633	0.905937	0.188127	1.81187	0.999825
7079	1	-1820.224	-1819.821	-0.4032104	0.307228	0.0939874	0.906013	0.187975	1.81203	0.9977479
7080	0	-1820.903	-1820.499	-0.4042841	0.361004	0.102081	0.897919	0.204161	1.79584	0.9988197
7081	1	-1819.015	-1818.611	-0.4041225	0.308347	0.092501	0.907499	0.185002	1.815	0.9986583
7082	0	-1818.509	-1818.106	-0.4034298	0.332723	0.0983189	0.901681	0.196638	1.80336	0.9979667
7083	1	-1815.665	-1815.259	-0.4051615	0.329011	0.101113	0.898887	0.202226	1.79777	0.9996964
7084	0	-1816.473	-1816.068	-0.4050214	0.307258	0.0957665	0.904233	0.191533	1.80847	0.9995564
7085	1	-1816.672	-1816.266	-0.4053655	0.322212	0.0902447	0.909755	0.180489	1.81951	0.9999004
7086	0	-1815.928	-1815.523	-0.4051419	0.323614	0.0930946	0.906905	0.186189	1.81381	0.9996769
7087	1	-1817.592	-1817.187	-0.4053655	0.292651	0.107162	0.892838	0.214323	1.78568	0.9999004
7088	0	-1815.851	-1815.446	-0.4050215	0.334516	0.0995104	0.90049	0.199021	1.80098	0.9995565
7089	1	-1815.499	-1815.094	-0.4051077	0.316945	0.0995477	0.900452	0.199095	1.8009	0.9996426
7090	0	-1817.921	-1817.517	-0.4044515	0.354209	0.0945724	0.905428	0.189145	1.81086	0.9989869
7091	1	-1815.801	-1815.396	-0.4051077	0.309666	0.100252	0.899748	0.200504	1.7995	0.9996426
7092	0	-1818.534	-1818.128	-0.4052426	0.369653	0.0913474	0.908653	0.182695	1.81731	0.9997775
7093	1	-1816.647	-1816.243	-0.4047932	0.31504	0.0943383	0.905662	0.188677	1.81132	0.9993284
7094	0	-1815.367	-1814.961	-0.4052426	0.336505	0.0980631	0.901937	0.196126	1.80387	0.9997775
7095	1	-1816.522	-1816.117	-0.4047557	0.329005	0.101688	0.898312	0.203376	1.79662	0.9992908
7096	0	-1816.204	-1815.799	-0.4047239	0.32453	0.100232	0.899768	0.200464	1.79954	0.9992591
7097	1	-1816.356	-1815.952	-0.4047803	0.340376	0.0945174	0.905483	0.189035	1.81097	0.9993154
7098	0	-1817.378	-1816.974	-0.4044321	0.306982	0.102553	0.897447	0.205107	1.79489	0.9989675
7099	1	-1815.397	-1814.991	-0.4054124	0.323794	0.102567	0.897433	0.205135	1.79487	0.9999473
7100	0	-1815.259	-1814.854	-0.4053747	0.315069	0.101536	0.898464	0.203072	1.79693	0.9999096
7101	1	-1816.317	-1815.912	-0.4054124	0.296669	0.0986942	0.901306	0.197388	1.80261	0.9999473
7102	0	-1815.826	-1815.421	-0.4048404	0.324834	0.0972593	0.902741	0.194519	1.80548	0.9993755
7103	1	-1815.752	-1815.347	-0.4051698	0.337211	0.093126	0.906874	0.186252	1.81375	0.9997048
7104	0	-1817.168	-1816.763	-0.4051065	0.29853	0.105336	0.894664	0.210673	1.78933	0.9996414
7105	1	-1817.19	-1816.785	-0.4051901	0.296837	0.105591	0.894409	0.211182	1.78882	0.9997251
7106	0	-1815.381	-1814.976	-0.4051065	0.330621	0.0973063	0.902694	0.194613	1.80539	0.9996414
7107	1	-1816.926	-1816.521	-0.4051235	0.303024	0.105482	0.894518	0.210964	1.78904	0.9996584
7108	0	-1816.256	-1815.851	-0.4053156	0.350857	0.0975563	0.902444	0.195113	1.80489	0.9998505
7109	1	-1814.817	-1814.412	-0.4054242	0.326342	0.0961853	0.903815	0.192371	1.80763	0.9999591
7110	0	-1815.904	-1815.498	-0.4051465	0.33691	0.0925846	0.907415	0.185169	1.81483	0.9996815
7111	1	-1816.858	-1816.453	-0.404872	0.326048	0.0914617	0.908538	0.182923	1.81708	0.999407
7112	0	-1815.869	-1815.464	-0.4051062	0.308132	0.099197	0.900803	0.198394	1.80161	0.9996411
7113	1	-1815.744	-1815.339	-0.4049086	0.322554	0.0968882	0.903112	0.193776	1.80622	0.9994436
7114	0	-1818.354	-1817.95	-0.4037668	0.336745	0.100171	0.899829	0.200342	1.79966	0.9983031
7115	1	-1815.764	-1815.359	-0.4053073	0.327863	0.10278	0.89722	0.205561	1.79444	0.9998422
7116	0	-1822.425	-1822.023	-0.402324	0.321253	0.0898508	0.910149	0.179702	1.8203	0.9968638
7117	1	-1815.589	-1815.183	-0.4051104	0.31969	0.0956127	0.904387	0.191225	1.80877	0.9996454
7118	0	-1817.769	-1817.365	-0.4037634	0.324853	0.0980783	0.901922	0.196157	1.80384	0.9982997
7119	1	-1816.202	-1815.797	-0.4049929	0.306299	0.0988789	0.901121	0.197758	1.80224	0.9995279
7120	0	-1816.236	-1815.831	-0.4046744	0.334085	0.0966611	0.903339	0.193322	1.80668	0.9992096
7121	1	-1816.721	-1816.317	-0.4046156	0.319997	0.102283	0.897717	0.204566	1.79543	0.9991508
7122	0	-1815.648	-1815.243	-0.4053278	0.305701	0.100756	0.899244	0.201511	1.79849	0.9998627
7123	1	-1817.484	-1817.079	-0.4053409	0.289255	0.10521	0.89479	0.21042	1.78958	0.9998758
7124	0	-1817.35	-1816.945	-0.4050367	0.308818	0.0924229	0.907577	0.184846	1.81515	0.9995717
7125	1	-1818.593	-1818.188	-0.4051443	0.36893	0.0943369	0.905663	0.188674	1.81133	0.9996793
7126	0	-1817.472	-1817.067	-0.4050367	0.340358	0.103869	0.896131	0.207738	1.79226	0.9995717
7127	1	-1817.386	-1816.982	-0.4044383	0.347203	0.0965854	0.903415	0.193171	1.80683	0.9989737
7128	0	-1817.041	-1816.637	-0.4043449	0.316592	0.101204	0.898796	0.202408	1.79759	0.9988804
7129	1	-1815.082	-1814.677	-0.4054418	0.3115	0.0993414	0.900659	0.198683	1.80132	0.9999767
7130	0	-1815.889	-1815.484	-0.4053776	0.342034	0.100431	0.899569	0.200863	1.79914	0.9999125
7131	1	-1816.859	-1816.454	-0.4048103	0.344879	0.0990871	0.900913	0.198174	1.80183	0.9993454
7132	0	-1818.763	-1818.36	-0.4033753	0.318044	0.0957535	0.904247	0.191507	1.80849	0.9979124
7133	1	-1814.905	-1814.5	-0.4053512	0.323854	0.0977162	0.902284	0.195432	1.80457	0.9998861
7134	0	-1816.061	-1815.656	-0.405217	0.339764	0.100691	0.899309	0.201383	1.79862	0.9997519
7135	1	-1815.854	-1815.449	-0.4053512	0.347765	0.0931646	0.906835	0.186329	1.81367	0.9998861
7136	0	-1818.632	-1818.228	-0.4042384	0.298153	0.10476	0.89524	0.20952	1.79048	0.998774
7137	1	-1815.689	-1815.284	-0.4051146	0.323851	0.101447	0.898553	0.202894	1.79711	0.9996495
7138	0	-1815.835	-1815.43	-0.4050493	0.3409	0.0957867	0.904213	0.191573	1.80843	0.9995843
7139	1	-1816.8	-1816.395	-0.4051146	0.336193	0.0899444	0.910056	0.179889	1.82011	0.9996495
7140	0	-1815.05	-1814.644	-0.405273	0.327042	0.0979584	0.902042	0.195917	1.80408	0.9998079
7141	1	-1816.312	-1815.907	-0.4049911	0.304983	0.0986771	0.901323	0.197354	1.80265	0.9995261
7142	0	-1816.468	-1816.063	-0.405273	0.311303	0.105663	0.894337	0.211326	1.78867	0.9998079
7143	1	-1815.061	-1814.656	-0.4053546	0.332052	0.0988181	0.901182	0.197636	1.80236	0.9998895
7144	0	-1817.004	-1816.598	-0.4052458	0.3172	0.0907145	0.909285	0.181429	1.81857	0.9997807
7145	1	-1815.115	-1814.71	-0.4052718	0.323309	0.0993603	0.90064	0.198721	1.80128	0.9998067
7146	0	-1818.052	-1817.647	-0.4048011	0.334878	0.105413	0.894587	0.210826	1.78917	0.9993362
7147	1	-1815.552	-1815.146	-0.4054064	0.346689	0.0952111	0.904789	0.190422	1.80958	0.9999413
7148	0	-1816.191	-1815.787	-0.4046614	0.326097	0.0988729	0.901127	0.197746	1.80225	0.9991966
7149	1	-1816.097	-1815.692	-0.4052684	0.304631	0.0965677	0.903432	0.193135	1.80686	0.9998034
7150	0	-1817.041	-1816.637	-0.4046507	0.330165	0.102755	0.897245	0.205511	1.79449	0.9991859
7151	1	-1815.842	-1815.437	-0.4048768	0.323013	0.096239	0.903761	0.192478	1.80752	0.9994119
7152	0	-1820.55	-1820.146	-0.4039909	0.31993	0.109507	0.890493	0.219015	1.78099	0.9985269
7153	1	-1815.599	-1815.193	-0.4052826	0.316451	0.102631	0.897369	0.205262	1.79474	0.9998175
7154	0	-1817.515	-1817.11	-0.4047726	0.307315	0.105875	0.894125	0.21175	1.78825	0.9993077
7155	1	-1815.694	-1815.288	-0.4054052	0.347759	0.0966469	0.903353	0.193294	1.80671	0.9999401
7156	0	-1817.548	-1817.143	-0.4052607	0.334741	0.0879216	0.912078	0.175843	1.82416	0.9997956
7157	1	-1817.413	-1817.008	-0.4047375	0.317354	0.0918433	0.908157	0.183687	1.81631	0.9992727
7158	0	-1816.027	-1815.621	-0.4052607	0.301871	0.100469	0.899531	0.200938	1.79906	0.9997956
7159	1	-1815.367	-1814.962	-0.4051679	0.334789	0.0966978	0.903302	0.193396	1.8066	0.9997029
7160	0	-1815.609	-1815.204	-0.4052727	0.310884	0.101897	0.898103	0.203794	1.79621	0.9998076
7161	1	-1817.305	-1816.9	-0.4051679	0.355338	0.098824	0.901176	0.197648	1.80235	0.9997029
7162	0	-1820.815	-1820.41	-0.4052727	0.353414	0.107674	0.892326	0.215349	1.78465	0.9998076
7163	1	-1815.502	-1815.097	-0.4051679	0.322649	0.101005	0.898995	0.202011	1.79799	0.9997029
7164	0	-1814.888	-1814.483	-0.4054404	0.320135	0.100069	0.899931	0.200139	1.79986	0.9999753
7165	1	-1820.047	-1819.643	-0.4044143	0.369682	0.0912198	0.90878	0.18244	1.81756	0.9989497
7166	0	-1817.851	-1817.445	-0.4054404	0.362062	0.0885862	0.911414	0.177172	1.82283	0.9999753
7167	1	-1819.244	-1818.84	-0.4032424	0.342949	0.0967998	0.9032	0.1936	1.8064	0.9977798
7168	0	-1815.097	-1814.692	-0.4054404	0.333121	0.093745	0.906255	0.18749	1.81251	0.9999753
7169	1	-1815.782	-1815.376	-0.4054408	0.32859	0.103541	0.896459	0.207081	1.79292	0.9999757
7170	0	-1816.038	-1815.633	-0.4054404	0.332081	0.103742	0.896258	0.207485	1.79252	0.9999753
7171	1	-1816.021	-1815.616	-0.4051213	0.328677	0.102374	0.897626	0.204747	1.79525	0.9996562
7172	0	-1814.993	-1814.588	-0.4054404	0.323713	0.10084	0.89916	0.201679	1.79832	0.9999753
7173	1	-1815.323	-1814.918	-0.4051213	0.323541	0.0979916	0.902008	0.195983	1.80402	0.9996562
7174	0	-1817.433	-1817.027	-0.4054514	0.285569	0.101011	0.898989	0.202022	1.79798	0.9999863
7175	1	-1816.307	-1815.902	-0.4048904	0.308525	0.101108	0.898892	0.202215	1.79778	0.9994254
7176	0	-1814.924	-1814.519	-0.4054514	0.329027	0.0998527	0.900147	0.199705	1.80029	0.9999863
7177	1	-1815.252	-1814.847	-0.4051998	0.320293	0.0971457	0.902854	0.194291	1.80571	0.9997347
7178	0	-1816.514	-1816.109	-0.4053017	0.336182	0.0898211	0.910179	0.179642	1.82036	0.9998366
7179	1	-1816.748	-1816.343	-0.4054379	0.291407	0.102363	0.897637	0.204725	1.79527	0.9999728
7180	0	-1819.47	-1819.066	-0.4042908	0.299601	0.108269	0.891731	0.216539	1.78346	0.9988264
7181	1	-1814.857	-1814.452	-0.4054379	0.33001	0.0988728	0.901127	0.197746	1.80225	0.9999728
7182	0	-1815.993	-1815.588	-0.4050208	0.342383	0.0948304	0.90517	0.189661	1.81034	0.9995558
7183	1	-1820.561	-1820.158	-0.4033688	0.359334	0.0960062	0.903994	0.192012	1.80799	0.9979058
7184	0	-1821.98	-1821.577	-0.4031586	0.282776	0.103503	0.896497	0.207007	1.79299	0.9976961
7185	1	-1819.246	-1818.841	-0.4046321	0.365538	0.0902456	0.909754	0.180491	1.81951	0.9991674
7186	0	-1820.713	-1820.308	-0.4049225	0.349008	0.083954	0.916046	0.167908	1.83209	0.9994576
7187	1	-1816.199	-1815.794	-0.4050654	0.337721	0.0920241	0.907976	0.184048	1.81595	0.9996004
7188	0	-1815.69	-1815.285	-0.4049225	0.323044	0.0983211	0.901679	0.196642	1.80336	0.9994576
7189	1	-1816.801	-1816.396	-0.40475	0.304016	0.0990646	0.900935	0.198129	1.80187	0.9992852
7190	0	-1816.783	-1816.378	-0.4051429	0.34333	0.10168	0.89832	0.20336	1.79664	0.9996779
7191	1	-1817.471	-1817.066	-0.405	0.297118	0.0961253	0.903875	0.192251	1.80775	0.999535
7192	0	-1815.489	-1815.084	-0.4053163	0.308997	0.100772	0.899228	0.201544	1.79846	0.9998512
7193	1	-1817.466	-1817.062	-0.40444	0.336634	0.0914912	0.908509	0.182982	1.81702	0.9989754
7194	0	-1815.072	-1814.667	-0.4053062	0.324662	0.0959016	0.904098	0.191803	1.8082	0.9998411
7195	1	-1815.651	-1815.246	-0.4052082	0.308681	0.0992794	0.900721	0.198559	1.80144	0.9997432
7196	0	-1816.093	-1815.687	-0.4053062	0.332114	0.103177	0.896823	0.206355	1.79365	0.9998411
7197	1	-1818.901	-1818.497	-0.4035561	0.334628	0.101451	0.898549	0.202902	1.7971	0.9980929
7198	0	-1815.246	-1814.841	-0.4053062	0.327142	0.100552	0.899448	0.201103	1.7989	0.9998411
7199	1	-1817.573	-1817.169	-0.404586	0.307581	0.0944171	0.905583	0.188834	1.81117	0.9991213
7200	0	-1815.07	-1814.665	-0.4053062	0.326869	0.0992525	0.900748	0.198505	1.8015	0.9998411
7201	1	-1818.901	-1818.496	-0.4050874	0.282368	0.0983801	0.90162	0.19676	1.80324	0.9996224
7202	0	-1817.537	-1817.132	-0.4051381	0.291183	0.104479	0.895521	0.208959	1.79104	0.999673
7203	1	-1819.819	-1819.416	-0.4034053	0.299568	0.0973325	0.902667	0.194665	1.80533	0.9979423
7204	0	-1816.53	-1816.126	-0.4047554	0.341422	0.0937168	0.906283	0.187434	1.81257	0.9992905
7205	1	-1818.797	-1818.394	-0.4034053	0.315962	0.0958048	0.904195	0.19161	1.80839	0.9979423
7206	0	-1816.555	-1816.149	-0.4052222	0.352971	0.0945089	0.905491	0.189018	1.81098	0.9997571
7207	1	-1817.119	-1816.714	-0.4045372	0.308455	0.102515	0.897485	0.205029	1.79497	0.9990725
7208	0	-1816.782	-1816.377	-0.4052222	0.355722	0.0925416	0.907458	0.185083	1.81492	0.9997571
7209	1	-1816.972	-1816.566	-0.4051817	0.327347	0.105695	0.894305	0.211391	1.78861	0.9997166
7210	0	-1817.845	-1817.44	-0.4051982	0.289343	0.105788	0.894212	0.211576	1.78842	0.9997332
7211	1	-1816.628	-1816.224	-0.4044341	0.332126	0.0974082	0.902592	0.194816	1.80518	0.9989695
7212	0	-1816.225	-1815.82	-0.4051982	0.305123	0.0963246	0.903675	0.192649	1.80735	0.9997332
7213	1	-1819.202	-1818.798	-0.4042785	0.328132	0.10696	0.89304	0.213921	1.78608	0.9988141
7214	0	-1815.772	-1815.366	-0.4051982	0.30839	0.0976681	0.902332	0.195336	1.80466	0.9997332
7215	1	-1820.067	-1819.664	-0.4028069	0.322843	0.10251	0.89749	0.205019	1.79498	0.9973454
7216	0	-1816.335	-1815.93	-0.4054058	0.332068	0.104392	0.895608	0.208784	1.79122	0.9999407
7217	1	-1818.106	-1817.701	-0.4045255	0.339271	0.0893627	0.910637	0.178725	1.82127	0.9990608
7218	0	-1815.993	-1815.587	-0.4054465	0.35251	0.0936601	0.90634	0.18732	1.81268	0.9999814
7219	1	-1816.314	-1815.909	-0.404659	0.327235	0.0998713	0.900129	0.199743	1.80026	0.9991942
7220	0	-1817.316	-1816.911	-0.4051805	0.337711	0.088532	0.911468	0.177064	1.82294	0.9997154
7221	1	-1817.104	-1816.7	-0.404489	0.322866	0.0931991	0.906801	0.186398	1.8136	0.9990244
7222	0	-1818.316	-1817.911	-0.4053826	0.342748	0.0861133	0.913887	0.172227	1.82777	0.9999175
7223	1	-1815.367	-1814.962	-0.4051449	0.32662	0.0956432	0.904357	0.191286	1.80871	0.9996799
7224	0	-1815.355	-1814.95	-0.4052173	0.329041	0.0999107	0.900089	0.199821	1.80018	0.9997522
7225	1	-1815.629	-1815.223	-0.4053904	0.330069	0.0920066	0.907993	0.184013	1.81599	0.9999253
7226	0	-1815.987	-1815.582	-0.4052173	0.313119	0.103668	0.896332	0.207335	1.79266	0.9997522
7227	1	-1815.683	-1815.278	-0.4053904	0.306265	0.102545	0.897455	0.20509	1.79491	0.9999253
7228	0	-1815.108	-1814.703	-0.4052786	0.326814	0.0991375	0.900863	0.198275	1.80173	0.9998135
7229	1	-1818.496	-1818.091	-0.4051479	0.368624	0.0937151	0.906285	0.18743	1.81257	0.9996829
7230	0	-1815.699	-1815.294	-0.4053203	0.328003	0.0923263	0.907674	0.184653	1.81535	0.9998552
7231	1	-1815.085	-1814.679	-0.4053198	0.317495	0.0978021	0.902198	0.195604	1.8044	0.9998547
7232	0	-1815.593	-1815.188	-0.4050007	0.322008	0.0968155	0.903184	0.193631	1.80637	0.9995357
7233	1	-1817.253	-1816.849	-0.4048442	0.310643	0.105672	0.894328	0.211344	1.78866	0.9993793
7234	0	-1817.171	-1816.766	-0.4050107	0.295901	0.103319	0.896681	0.206638	1.79336	0.9995457
7235	1	-1817.955	-1817.55	-0.4048442	0.356056	0.0987008	0.901299	0.197402	1.8026	0.9993793
7236	0	-1817.157	-1816.752	-0.4045347	0.334363	0.1016	0.8984	0.203199	1.7968	0.99907
7237	1	-1817.366	-1816.961	-0.4050323	0.35877	0.0937476	0.906252	0.187495	1.8125	0.9995672
7238	0	-1816.368	-1815.964	-0.4047123	0.333445	0.0995625	0.900438	0.199125	1.80088	0.9992474
7239	1	-1814.999	-1814.594	-0.4054626	0.313929	0.100386	0.899614	0.200771	1.79923	0.9999975
7240	0	-1816.711	-1816.306	-0.4044549	0.318996	0.0962534	0.903747	0.192507	1.80749	0.9989903
7241	1	-1815.61	-1815.205	-0.4051939	0.324972	0.101668	0.898332	0.203336	1.79666	0.9997289
7242	0	-1815.941	-1815.535	-0.40533	0.307804	0.0954499	0.90455	0.1909	1.8091	0.9998649
7243	1	-1816.78	-1816.375	-0.405029	0.314325	0.0926914	0.907309	0.185383	1.81462	0.999564
7244	0	-1818.189	-1817.784	-0.4049858	0.361467	0.090083	0.909917	0.180166	1.81983	0.9995208
7245	1	-1817.367	-1816.962	-0.4043208	0.317281	0.0943506	0.905649	0.188701	1.8113	0.9988564
7246	0	-1817.031	-1816.626	-0.4052307	0.295223	0.0972519	0.902748	0.194504	1.8055	0.9997656
7247	1	-1816.512	-1816.107	-0.4050962	0.302502	0.103153	0.896847	0.206307	1.79369	0.9996312
7248	0	-1815.718	-1815.312	-0.4054071	0.317618	0.104048	0.895952	0.208095	1.7919	0.999942
7249	1	-1816.23	-1815.825	-0.4054381	0.326493	0.0904492	0.909551	0.180898	1.8191	0.999973
7250	0	-1815.045	-1814.639	-0.4053365	0.334171	0.0966909	0.903309	0.193382	1.80662	0.9998714
7251	1	-1817.464	-1817.059	-0.4048182	0.315232	0.0917425	0.908258	0.183485	1.81652	0.9993533
7252	0	-1816.195	-1815.79	-0.4048013	0.318643	0.0955589	0.904441	0.191118	1.80888	0.9993364
7253	1	-1818.567	-1818.163	-0.4036681	0.312742	0.0954748	0.904525	0.19095	1.80905	0.9982046
7254	0	-1816.13	-1815.724	-0.4052452	0.31378	0.0935848	0.906415	0.18717	1.81283	0.9997801
7255	1	-1817.276	-1816.871	-0.4049999	0.327079	0.105673	0.894327	0.211346	1.78865	0.9995349
7256	0	-1816.636	-1816.231	-0.405109	0.299058	0.102442	0.897558	0.204884	1.79512	0.999644
7257	1	-1815.213	-1814.807	-0.4054612	0.341719	0.0974971	0.902503	0.194994	1.80501	0.9999961
7258	0	-1816.206	-1815.8	-0.4051143	0.346775	0.0973635	0.902636	0.194727	1.80527	0.9996493
7259	1	-1819.09	-1818.686	-0.4033226	0.341403	0.0978776	0.902122	0.195755	1.80424	0.9978598
7260	0	-1817.411	-1817.006	-0.4051143	0.32021	0.107175	0.892825	0.214349	1.78565	0.9996493
7261	1	-1816.97	-1816.564	-0.4051361	0.313958	0.0917963	0.908204	0.183593	1.81641	0.999671
7262	0	-1817.876	-1817.472	-0.4039277	0.334128	0.0999328	0.900067	0.199866	1.80013	0.9984638
7263	1	-1816.922	-1816.517	-0.4051361	0.319575	0.106117	0.893883	0.212234	1.78777	0.999671
7264	0	-1815.726	-1815.321	-0.4052701	0.334773	0.0923186	0.907681	0.184637	1.81536	0.9998051
7265	1	-1816.694	-1816.289	-0.4048897	0.347099	0.0977868	0.902213	0.195574	1.80443	0.9994247
7266	0	-1817.266	-1816.86	-0.4052701	0.298698	0.0945192	0.905481	0.189038	1.81096	0.9998051
7267	1	-1820.704	-1820.299	-0.4048229	0.373668	0.0976671	0.902333	0.195334	1.80467	0.999358
7268	0	-1815.796	-1815.391	-0.4049691	0.335058	0.0951042	0.904896	0.190208	1.80979	0.9995041
7269	1	-1819.632	-1819.228	-0.4034825	0.310094	0.105383	0.894617	0.210765	1.78923	0.9980194
7270	0	-1816.677	-1816.272	-0.4053998	0.293947	0.103591	0.896409	0.207182	1.79282	0.9999347
7271	1	-1816.968	-1816.563	-0.4052419	0.335162	0.104676	0.895324	0.209353	1.79065	0.9997768
7272	0	-1816.031	-1815.626	-0.4049004	0.338971	0.0952657	0.904734	0.190531	1.80947	0.9994354
7273	1	-1818.274	-1817.869	-0.4052419	0.316153	0.0886116	0.911388	0.177223	1.82278	0.9997768
7274	0	-1816.359	-1815.954	-0.4051421	0.322498	0.104348	0.895652	0.208696	1.7913	0.999677
7275	1	-1817.492	-1817.087	-0.4051889	0.341575	0.0881375	0.911862	0.176275	1.82372	0.9997238
7276	0	-1815.42	-1815.015	-0.4051822	0.320356	0.0957246	0.904275	0.191449	1.80855	0.9997171
7277	1	-1816.778	-1816.373	-0.4046537	0.306847	0.100396	0.899604	0.200793	1.79921	0.999189
7278	0	-1815.59	-1815.185	-0.4052955	0.341889	0.0936044	0.906396	0.187209	1.81279	0.9998304
7279	1	-1816.818	-1816.414	-0.4043867	0.31953	0.0962334	0.903767	0.192467	1.80753	0.9989222
7280	0	-1815.018	-1814.613	-0.4052955	0.323321	0.0972835	0.902717	0.194567	1.80543	0.9998304
7281	1	-1816.12	-1815.714	-0.4054543	0.322573	0.105286	0.894714	0.210571	1.78943	0.9999892
7282	0	-1817.262	-1816.858	-0.4045957	0.323779	0.103977	0.896023	0.207953	1.79205	0.999131
7283	1	-1815.871	-1815.466	-0.4054543	0.30458	0.103826	0.896174	0.207652	1.79235	0.9999892
7284	0	-1815.456	-1815.05	-0.4053873	0.307124	0.100726	0.899274	0.201452	1.79855	0.9999222
7285	1	-1815.863	-1815.458	-0.4052095	0.326148	0.0926079	0.907392	0.185216	1.81478	0.9997445
7286	0	-1822.606	-1822.2	-0.4053873	0.39176	0.0897543	0.910246	0.179509	1.82049	0.9999222
7287	1	-1815.604	-1815.199	-0.4052095	0.336147	0.0995681	0.900432	0.199136	1.80086	0.9997445
7288	0	-1816.562	-1816.157	-0.4049829	0.335232	0.0912407	0.908759	0.182481	1.81752	0.9995179
7289	1	-1816.005	-1815.599	-0.4052095	0.30346	0.100634	0.899366	0.201269	1.79873	0.9997445
7290	0	-1815.719	-1815.314	-0.405433	0.31942	0.0926884	0.907312	0.185377	1.81462	0.9999679
7291	1	-1815.281	-1814.876	-0.4054582	0.332406	0.0927305	0.90727	0.185461	1.81454	0.9999931
7292	0	-1814.921	-1814.516	-0.405433	0.334482	0.0954321	0.904568	0.190864	1.80914	0.9999679
7293	1	-1814.752	-1814.346	-0.4054582	0.330273	0.0977319	0.902268	0.195464	1.80454	0.9999931
7294	0	-1816.023	-1815.618	-0.4051428	0.304963	0.0990053	0.900995	0.198011	1.80199	0.9996777
7295	1	-1816.893	-1816.488	-0.405008	0.353708	0.0936111	0.906389	0.187222	1.81278	0.999543
7296	0	-1816.002	-1815.597	-0.4049539	0.310728	0.0988608	0.901139	0.197722	1.80228	0.999489
7297	1	-1816.023	-1815.618	-0.4048966	0.334684	0.094189	0.905811	0.188378	1.81162	0.9994317
7298	0	-1815.669	-1815.264	-0.4049539	0.320506	0.0986103	0.90139	0.197221	1.80278	0.999489
7299	1	-1816.786	-1816.381	-0.4048966	0.304807	0.0963827	0.903617	0.192765	1.80723	0.9994317
7300	0	-1817.374	-1816.969	-0.405213	0.293247	0.10536	0.89464	0.21072	1.78928	0.9997479
7301	1	-1815.759	-1815.354	-0.4048966	0.327366	0.0985541	0.901446	0.197108	1.80289	0.9994317
7302	0	-1815.598	-1815.193	-0.405213	0.310316	0.100553	0.899447	0.201105	1.79889	0.9997479
7303	1	-1816.666	-1816.261	-0.4053577	0.343043	0.102567	0.897433	0.205134	1.79487	0.9998926
7304	0	-1815.558	-1815.153	-0.405213	0.341218	0.0961821	0.903818	0.192364	1.80764	0.9997479
7305	1	-1815.735	-1815.33	-0.4053577	0.311295	0.0949397	0.90506	0.189879	1.81012	0.9998926
7306	0	-1817.111	-1816.705	-0.405213	0.293324	0.103883	0.896117	0.207767	1.79223	0.9997479
7307	1	-1814.947	-1814.542	-0.4053849	0.323071	0.0960088	0.903991	0.192018	1.80798	0.9999198
7308	0	-1817.012	-1816.606	-0.4052268	0.293742	0.0984907	0.901509	0.196981	1.80302	0.9997617
7309	1	-1816.013	-1815.609	-0.4047561	0.329927	0.0964489	0.903551	0.192898	1.8071	0.9992913
7310	0	-1816.089	-1815.684	-0.4049248	0.340782	0.0948354	0.905165	0.189671	1.81033	0.9994598
7311	1	-1820.798	-1820.394	-0.403837	0.322123	0.109254	0.890746	0.218508	1.78149	0.9983732
7312	0	-1815.216	-1814.81	-0.4053399	0.337885	0.0949949	0.905005	0.18999	1.81001	0.9998748
7313	1	-1814.883	-1814.478	-0.4054602	0.321921	0.100395	0.899605	0.20079	1.79921	0.9999951
7314	0	-1816.775	-1816.37	-0.4045151	0.315582	0.0960484	0.903952	0.192097	1.8079	0.9990504
7315	1	-1814.777	-1814.372	-0.4054602	0.327779	0.0958044	0.904196	0.191609	1.80839	0.9999951
7316	0	-1819.108	-1818.704	-0.4046901	0.307121	0.109607	0.890393	0.219213	1.78079	0.9992253
7317	1	-1814.856	-1814.45	-0.4054602	0.316534	0.0980366	0.901963	0.196073	1.80393	0.9999951
7318	0	-1815.952	-1815.546	-0.4050807	0.343925	0.0956043	0.904396	0.191209	1.80879	0.9996157
7319	1	-1815.034	-1814.628	-0.4053721	0.327413	0.0998861	0.900114	0.199772	1.80023	0.999907
7320	0	-1818.084	-1817.68	-0.4040954	0.326968	0.0918703	0.90813	0.183741	1.81626	0.9986312
7321	1	-1815.056	-1814.651	-0.4053721	0.329297	0.0997201	0.90028	0.19944	1.80056	0.999907
7322	0	-1815.897	-1815.492	-0.4050851	0.339916	0.0985618	0.901438	0.197124	1.80288	0.9996201
7323	1	-1816.083	-1815.677	-0.4053721	0.338001	0.0906069	0.909393	0.181214	1.81879	0.999907
7324	0	-1815.49	-1815.085	-0.4050851	0.328862	0.0954075	0.904592	0.190815	1.80918	0.9996201
7325	1	-1818.298	-1817.893	-0.4053721	0.352963	0.0864777	0.913522	0.172955	1.82704	0.999907
7326	0	-1815.767	-1815.361	-0.4051978	0.34003	0.0989932	0.901007	0.197986	1.80201	0.9997327
7327	1	-1817.366	-1816.961	-0.4048253	0.314296	0.0921282	0.907872	0.184256	1.81574	0.9993604
7328	0	-1815.722	-1815.317	-0.4051386	0.320685	0.101994	0.898006	0.203988	1.79601	0.9996736
7329	1	-1815.654	-1815.249	-0.4050808	0.3142	0.0976079	0.902392	0.195216	1.80478	0.9996158
7330	0	-1816.063	-1815.657	-0.405376	0.339623	0.0906908	0.909309	0.181382	1.81862	0.9999109
7331	1	-1815.892	-1815.487	-0.4053097	0.322783	0.103793	0.896207	0.207587	1.79241	0.9998446
7332	0	-1814.9	-1814.494	-0.405376	0.324369	0.0964948	0.903505	0.19299	1.80701	0.9999109
7333	1	-1816.902	-1816.497	-0.4052436	0.356152	0.091668	0.908332	0.183336	1.81666	0.9997786
7334	0	-1815.218	-1814.813	-0.405376	0.320595	0.0947837	0.905216	0.189567	1.81043	0.9999109
7335	1	-1815.268	-1814.863	-0.4053054	0.338404	0.0969351	0.903065	0.19387	1.80613	0.9998403
7336	0	-1816.295	-1815.89	-0.4049175	0.343623	0.0971849	0.902815	0.19437	1.80563	0.9994526
7337	1	-1815.638	-1815.233	-0.4053054	0.30622	0.100324	0.899676	0.200648	1.79935	0.9998403
7338	0	-1816.393	-1815.988	-0.4049175	0.326964	0.0925228	0.907477	0.185046	1.81495	0.9994526
7339	1	-1817.388	-1816.984	-0.404056	0.316539	0.0991228	0.900877	0.198246	1.80175	0.9985919
7340	0	-1815.949	-1815.544	-0.4048288	0.317817	0.0984212	0.901579	0.196842	1.80316	0.9993639
7341	1	-1816.222	-1815.817	-0.404716	0.32759	0.0949191	0.905081	0.189838	1.81016	0.9992512
7342	0	-1815.64	-1815.235	-0.40535	0.304866	0.0995719	0.900428	0.199144	1.80086	0.9998849
7343	1	-1819.102	-1818.698	-0.4046818	0.366558	0.0948874	0.905113	0.189775	1.81023	0.999217
7344	0	-1816.617	-1816.212	-0.4044234	0.323256	0.0989653	0.901035	0.197931	1.80207	0.9989589
7345	1	-1819.646	-1819.243	-0.4030076	0.341905	0.0942643	0.905736	0.188529	1.81147	0.9975455
7346	0	-1816.866	-1816.461	-0.404963	0.342237	0.0906608	0.909339	0.181322	1.81868	0.9994981
7347	1	-1815.986	-1815.581	-0.4051618	0.345729	0.0968802	0.90312	0.19376	1.80624	0.9996967
7348	0	-1816.419	-1816.014	-0.4050272	0.344831	0.0988522	0.901148	0.197704	1.8023	0.9995622
7349	1	-1815.353	-1814.948	-0.4051618	0.317682	0.0982323	0.901768	0.196465	1.80354	0.9996967
7350	0	-1816.396	-1815.991	-0.4046511	0.322613	0.100766	0.899234	0.201532	1.79847	0.9991864
7351	1	-1816.008	-1815.603	-0.4054477	0.316348	0.0923391	0.907661	0.184678	1.81532	0.9999826
7352	0	-1816.353	-1815.948	-0.4046587	0.335125	0.0951582	0.904842	0.190316	1.80968	0.999194
7353	1	-1817.759	-1817.354	-0.4044195	0.333168	0.103184	0.896816	0.206369	1.79363	0.998955
7354	0	-1816.793	-1816.388	-0.4053577	0.313231	0.0914291	0.908571	0.182858	1.81714	0.9998926
7355	1	-1817.756	-1817.353	-0.4038512	0.328572	0.0995308	0.900469	0.199062	1.80094	0.9983874
7356	0	-1815.516	-1815.11	-0.405266	0.325258	0.0936263	0.906374	0.187253	1.81275	0.9998009
7357	1	-1815.765	-1815.36	-0.4049083	0.323714	0.0992894	0.900711	0.198579	1.80142	0.9994434
7358	0	-1815.945	-1815.54	-0.405266	0.316803	0.093406	0.906594	0.186812	1.81319	0.9998009
7359	1	-1815.389	-1814.984	-0.4051209	0.331845	0.0962409	0.903759	0.192482	1.80752	0.9996559
7360	0	-1814.836	-1814.43	-0.4053919	0.323674	0.0974917	0.902508	0.194983	1.80502	0.9999267
7361	1	-1817.206	-1816.801	-0.4047543	0.35193	0.0934621	0.906538	0.186924	1.81308	0.9992894
7362	0	-1817.531	-1817.126	-0.4051831	0.360419	0.0910316	0.908968	0.182063	1.81794	0.9997181
7363	1	-1820.887	-1820.483	-0.404016	0.29424	0.109933	0.890067	0.219865	1.78013	0.9985519
7364	0	-1816.913	-1816.508	-0.404886	0.306188	0.0953247	0.904675	0.190649	1.80935	0.9994211
7365	1	-1815.95	-1815.545	-0.405313	0.312865	0.104194	0.895806	0.208389	1.79161	0.9998479
7366	0	-1816.288	-1815.883	-0.404886	0.341373	0.0937561	0.906244	0.187512	1.81249	0.9994211
7367	1	-1816.032	-1815.627	-0.405313	0.306461	0.103783	0.896217	0.207567	1.79243	0.9998479
7368	0	-1816.424	-1816.019	-0.4054418	0.294104	0.100418	0.899582	0.200837	1.79916	0.9999767
7369	1	-1817.321	-1816.916	-0.4047674	0.306016	0.0946606	0.905339	0.189321	1.81068	0.9993026
7370	0	-1816.579	-1816.174	-0.4048837	0.315938	0.103742	0.896258	0.207484	1.79252	0.9994187
7371	1	-1815.362	-1814.957	-0.4053111	0.310949	0.0983444	0.901656	0.196689	1.80331	0.999846
7372	0	-1816.547	-1816.142	-0.4051161	0.322196	0.1048	0.8952	0.209599	1.7904	0.9996511
7373	1	-1814.96	-1814.555	-0.4053516	0.331361	0.0963838	0.903616	0.192768	1.80723	0.9998865
7374	0	-1816.479	-1816.074	-0.404638	0.313217	0.0999219	0.900078	0.199844	1.80016	0.9991732
7375	1	-1815.151	-1814.746	-0.4053516	0.333505	0.0990837	0.900916	0.198167	1.80183	0.9998865
7376	0	-1817.243	-1816.839	-0.404285	0.310008	0.0994244	0.900576	0.198849	1.80115	0.9988206
7377	1	-1814.837	-1814.431	-0.4054495	0.319681	0.0996111	0.900389	0.199222	1.80078	0.9999844
7378	0	-1818.554	-1818.149	-0.4047355	0.294684	0.107074	0.892926	0.214149	1.78585	0.9992707
7379	1	-1815.032	-1814.627	-0.4054495	0.317659	0.101184	0.898816	0.202368	1.79763	0.9999844
7380	0	-1816.25	-1815.845	-0.4050804	0.303341	0.100743	0.899257	0.201486	1.79851	0.9996154
7381	1	-1815.945	-1815.54	-0.4054495	0.324185	0.104618	0.895382	0.209235	1.79076	0.9999844
7382	0	-1815.588	-1815.183	-0.4050804	0.331566	0.0947033	0.905297	0.189407	1.81059	0.9996154
7383	1	-1815.225	-1814.82	-0.4054137	0.311207	0.100877	0.899123	0.201754	1.79825	0.9999486
7384	0	-1816.591	-1816.185	-0.4054094	0.35579	0.0915503	0.90845	0.183101	1.8169	0.9999443
7385	1	-1815.674	-1815.268	-0.4054137	0.347364	0.0935391	0.906461	0.187078	1.81292	0.9999486
7386	0	-1815.979	-1815.573	-0.4050597	0.333015	0.10094	0.89906	0.201881	1.79812	0.9995947
7387	1	-1816.823	-1816.418	-0.4052166	0.326204	0.092153	0.907847	0.184306	1.81569	0.9997515
7388	0	-1818.926	-1818.521	-0.4050328	0.286613	0.107888	0.892112	0.215775	1.78422	0.9995678
7389	1	-1817.955	-1817.551	-0.4042109	0.301932	0.101412	0.898588	0.202824	1.79718	0.9987465
7390	0	-1816.441	-1816.036	-0.4053219	0.316017	0.105873	0.894127	0.211747	1.78825	0.9998568
7391	1	-1816.82	-1816.415	-0.4048943	0.340449	0.091082	0.908918	0.182164	1.81784	0.9994294
7392	0	-1816.762	-1816.358	-0.4048563	0.301974	0.100954	0.899046	0.201909	1.79809	0.9993913
7393	1	-1818.006	-1817.6	-0.4052295	0.365863	0.0916095	0.908391	0.183219	1.81678	0.9997645
7394	0	-1816.83	-1816.425	-0.4052714	0.309531	0.0924894	0.907511	0.184979	1.81502	0.9998063
7395	1	-1820.995	-1820.59	-0.4049734	0.295947	0.113838	0.886162	0.227676	1.77232	0.9995084
7396	0	-1815.63	-1815.224	-0.4052714	0.322044	0.093553	0.906447	0.187106	1.81289	0.9998063
7397	1	-1815.793	-1815.387	-0.4053642	0.344297	0.0989993	0.901001	0.197999	1.802	0.9998991
7398	0	-1815.77	-1815.364	-0.4053799	0.348643	0.0959695	0.904031	0.191939	1.80806	0.9999148
7399	1	-1815.079	-1814.673	-0.4053642	0.336495	0.0969419	0.903058	0.193884	1.80612	0.9998991
7400	0	-1815.225	-1814.819	-0.4052907	0.33476	0.0949387	0.905061	0.189877	1.81012	0.9998256
7401	1	-1815.466	-1815.061	-0.4053642	0.307743	0.100772	0.899228	0.201544	1.79846	0.9998991
7402	0	-1817.799	-1817.394	-0.4050749	0.302516	0.10789	0.89211	0.21578	1.78422	0.9996099
7403	1	-1815.57	-1815.165	-0.4051526	0.338314	0.0949655	0.905034	0.189931	1.81007	0.9996875
7404	0	-1815.799	-1815.394	-0.405016	0.337317	0.0947799	0.90522	0.18956	1.81044	0.999551
7405	1	-1815.724	-1815.319	-0.4051998	0.332832	0.0928223	0.907178	0.185645	1.81436	0.9997347
7406	0	-1815.771	-1815.365	-0.4051665	0.343446	0.0953188	0.904681	0.190638	1.80936	0.9997014
7407	1	-1815.034	-1814.629	-0.40528	0.327149	0.0978176	0.902182	0.195635	1.80436	0.9998149
7408	0	-1819.352	-1818.948	-0.4040651	0.358894	0.0912848	0.908715	0.18257	1.81743	0.998601
7409	1	-1815.902	-1815.496	-0.40528	0.303004	0.0998445	0.900155	0.199689	1.80031	0.9998149
7410	0	-1818.027	-1817.624	-0.4036671	0.323912	0.0995427	0.900457	0.199085	1.80091	0.9982036
7411	1	-1816.564	-1816.159	-0.4048298	0.328197	0.0923781	0.907622	0.184756	1.81524	0.9993648
7412	0	-1816.528	-1816.123	-0.4049723	0.323608	0.103814	0.896186	0.207628	1.79237	0.9995073
7413	1	-1815.903	-1815.498	-0.4050517	0.317616	0.0949264	0.905074	0.189853	1.81015	0.9995867
7414	0	-1816.354	-1815.949	-0.4049723	0.346764	0.0946141	0.905386	0.189228	1.81077	0.9995073
7415	1	-1816.824	-1816.42	-0.4045918	0.340079	0.0987449	0.901255	0.19749	1.80251	0.999127
7416	0	-1815.099	-1814.694	-0.4052576	0.328277	0.096425	0.903575	0.19285	1.80715	0.9997925
7417	1	-1816.83	-1816.425	-0.4045939	0.338125	0.0930242	0.906976	0.186048	1.81395	0.9991291
7418	0	-1815.425	-1815.02	-0.4054414	0.307393	0.0974711	0.902529	0.194942	1.80506	0.9999763
7419	1	-1818.469	-1818.064	-0.4050088	0.29127	0.0953524	0.904648	0.190705	1.8093	0.9995438
7420	0	-1815.538	-1815.133	-0.4054233	0.328322	0.102655	0.897345	0.205311	1.79469	0.9999582
7421	1	-1816.567	-1816.163	-0.4049442	0.345851	0.0925605	0.907439	0.185121	1.81488	0.9994793
7422	0	-1819.344	-1818.938	-0.4052827	0.340042	0.108551	0.891449	0.217101	1.7829	0.9998177
7423	1	-1817.544	-1817.139	-0.4049442	0.298287	0.0956947	0.904305	0.191389	1.80861	0.9994793
7424	0	-1815.922	-1815.517	-0.4054558	0.299133	0.0995847	0.900415	0.199169	1.80083	0.9999907
7425	1	-1815.031	-1814.625	-0.405284	0.323643	0.0981301	0.90187	0.19626	1.80374	0.999819
7426	0	-1814.907	-1814.501	-0.4054558	0.325681	0.0949549	0.905045	0.18991	1.81009	0.9999907
7427	1	-1816.681	-1816.277	-0.4048985	0.305829	0.103114	0.896886	0.206227	1.79377	0.9994335
7428	0	-1815.823	-1815.417	-0.4053951	0.337901	0.101537	0.898463	0.203073	1.79693	0.99993
7429	1	-1816.998	-1816.593	-0.4048037	0.306228	0.0955754	0.904425	0.191151	1.80885	0.9993388
7430	0	-1817.423	-1817.018	-0.4052458	0.288834	0.100094	0.899906	0.200187	1.79981	0.9997808
7431	1	-1817.12	-1816.715	-0.4048037	0.34728	0.0914555	0.908544	0.182911	1.81709	0.9993388
7432	0	-1815.464	-1815.058	-0.4054586	0.315289	0.103406	0.896594	0.206812	1.79319	0.9999935
7433	1	-1816.178	-1815.774	-0.404697	0.323346	0.0996586	0.900341	0.199317	1.80068	0.9992322
7434	0	-1816.605	-1816.2	-0.4049687	0.340398	0.100876	0.899124	0.201752	1.79825	0.9995038
7435	1	-1818.082	-1817.677	-0.4045814	0.332699	0.0893414	0.910659	0.178683	1.82132	0.9991166
7436	0	-1816.113	-1815.708	-0.4049687	0.328967	0.0930585	0.906941	0.186117	1.81388	0.9995038
7437	1	-1816.59	-1816.185	-0.4045033	0.335429	0.0968854	0.903115	0.193771	1.80623	0.9990386
7438	0	-1815.639	-1815.234	-0.4052124	0.318731	0.102264	0.897736	0.204529	1.79547	0.9997474
7439	1	-1817.479	-1817.074	-0.4048925	0.329319	0.105387	0.894613	0.210774	1.78923	0.9994276
7440	0	-1816.197	-1815.792	-0.4048906	0.339655	0.098297	0.901703	0.196594	1.80341	0.9994257
7441	1	-1817.745	-1817.34	-0.4041648	0.306456	0.0979841	0.902016	0.195968	1.80403	0.9987005
7442	0	-1816.815	-1816.409	-0.4053181	0.316707	0.106826	0.893174	0.213652	1.78635	0.999853
7443	1	-1816.903	-1816.498	-0.4049936	0.335172	0.103317	0.896683	0.206634	1.79337	0.9995287
7444	0	-1814.874	-1814.468	-0.4054233	0.320729	0.0966351	0.903365	0.19327	1.80673	0.9999582
7445	1	-1815.489	-1815.083	-0.4053494	0.312556	0.102337	0.897663	0.204674	1.79533	0.9998843
7446	0	-1816.589	-1816.184	-0.4046519	0.336527	0.0935982	0.906402	0.187196	1.8128	0.9991871
7447	1	-1815.472	-1815.066	-0.4053494	0.340319	0.0987318	0.901268	0.197464	1.80254	0.9998843
7448	0	-1815.084	-1814.679	-0.4052635	0.322012	0.097672	0.902328	0.195344	1.80466	0.9997984
7449	1	-1815.193	-1814.788	-0.4053494	0.326954	0.100723	0.899277	0.201446	1.79855	0.9998843
7450	0	-1815.469	-1815.064	-0.4052635	0.323124	0.101743	0.898257	0.203487	1.79651	0.9997984
7451	1	-1817.365	-1816.959	-0.405261	0.362124	0.0932941	0.906706	0.186588	1.81341	0.999796
7452	0	-1817.255	-1816.85	-0.4049097	0.335245	0.0897604	0.91024	0.179521	1.82048	0.9994447
7453	1	-1815.827	-1815.422	-0.405261	0.346437	0.0943014	0.905699	0.188603	1.8114	0.999796
7454	0	-1816.602	-1816.197	-0.4045159	0.322478	0.0954192	0.904581	0.190838	1.80916	0.9990512
7455	1	-1816.619	-1816.214	-0.404748	0.342254	0.0982306	0.901769	0.196461	1.80354	0.9992832
7456	0	-1817.421	-1817.017	-0.4043166	0.312131	0.102671	0.897329	0.205341	1.79466	0.9988522
7457	1	-1816.398	-1815.993	-0.4045593	0.319925	0.0988872	0.901113	0.197774	1.80223	0.9990946
7458	0	-1815.365	-1814.96	-0.4051956	0.319359	0.10034	0.89966	0.200679	1.79932	0.9997305
7459	1	-1818.13	-1817.726	-0.4045078	0.295464	0.0983139	0.901686	0.196628	1.80337	0.9990431
7460	0	-1816.86	-1816.455	-0.4044504	0.339385	0.0952682	0.904732	0.190536	1.80946	0.9989858
7461	1	-1817.641	-1817.237	-0.4045078	0.31448	0.105078	0.894922	0.210155	1.78984	0.9990431
7462	0	-1817.283	-1816.879	-0.4043647	0.339731	0.0930321	0.906968	0.186064	1.81394	0.9989002
7463	1	-1815.583	-1815.178	-0.4049992	0.328234	0.0985026	0.901497	0.197005	1.80299	0.9995342
7464	0	-1818.369	-1817.965	-0.4042412	0.301316	0.104486	0.895514	0.208972	1.79103	0.9987768
7465	1	-1815.704	-1815.299	-0.4049571	0.324777	0.0995329	0.900467	0.199066	1.80093	0.9994921
7466	0	-1817.063	-1816.658	-0.4042412	0.335289	0.0970891	0.902911	0.194178	1.80582	0.9987768
7467	1	-1818.148	-1817.744	-0.404672	0.301449	0.0941296	0.90587	0.188259	1.81174	0.9992072
7468	0	-1816.502	-1816.097	-0.4051792	0.298176	0.0998195	0.900181	0.199639	1.80036	0.9997141
7469	1	-1815.967	-1815.562	-0.4051887	0.304333	0.0997746	0.900225	0.199549	1.80045	0.9997236
7470	0	-1815.595	-1815.19	-0.4050399	0.328526	0.0952049	0.904795	0.19041	1.80959	0.9995749
7471	1	-1815.685	-1815.279	-0.4053403	0.306648	0.102025	0.897975	0.204051	1.79595	0.9998752
7472	0	-1816.824	-1816.418	-0.40518	0.314169	0.0919138	0.908086	0.183828	1.81617	0.999715
7473	1	-1816.622	-1816.217	-0.404653	0.336474	0.0995445	0.900455	0.199089	1.80091	0.9991882
7474	0	-1815.576	-1815.171	-0.4053931	0.304897	0.10064	0.89936	0.201279	1.79872	0.999928
7475	1	-1819.242	-1818.838	-0.4040172	0.3459	0.0890974	0.910903	0.178195	1.82181	0.9985531
7476	0	-1816.092	-1815.687	-0.4053387	0.301019	0.0979593	0.902041	0.195919	1.80408	0.9998736
7477	1	-1818.232	-1817.827	-0.4053985	0.299499	0.0915295	0.908471	0.183059	1.81694	0.9999334
7478	0	-1816.601	-1816.196	-0.4045739	0.334671	0.0942217	0.905778	0.188443	1.81156	0.9991092
7479	1	-1816.234	-1815.829	-0.4051524	0.326802	0.103568	0.896432	0.207137	1.79286	0.9996873
7480	0	-1816.679	-1816.275	-0.4044389	0.329164	0.0951907	0.904809	0.190381	1.80962	0.9989743
7481	1	-1816.322	-1815.917	-0.4049641	0.311142	0.0955422	0.904458	0.191084	1.80892	0.9994992
7482	0	-1817.903	-1817.498	-0.4049126	0.352756	0.100511	0.899489	0.201023	1.79898	0.9994477
7483	1	-1816.383	-1815.978	-0.4049641	0.323694	0.103257	0.896743	0.206513	1.79349	0.9994992
7484	0	-1818.274	-1817.869	-0.404829	0.294759	0.0954372	0.904563	0.190874	1.80913	0.9993641
7485	1	-1820.014	-1819.61	-0.4044698	0.320203	0.0875486	0.912451	0.175097	1.8249	0.9990052
7486	0	-1815.398	-1814.993	-0.4053552	0.339473	0.0986775	0.901323	0.197355	1.80265	0.9998901
7487	1	-1817.019	-1816.614	-0.4054578	0.290416	0.0984724	0.901528	0.196945	1.80306	0.9999926
7488	0	-1815.492	-1815.087	-0.4052614	0.328014	0.0935118	0.906488	0.187024	1.81298	0.9997963
7489	1	-1815.334	-1814.929	-0.4051958	0.333773	0.0954354	0.904565	0.190871	1.80913	0.9997307
7490	0	-1826.389	-1825.985	-0.4038724	0.388131	0.0988144	0.901186	0.197629	1.80237	0.9984086
7491	1	-1815.655	-1815.25	-0.4050021	0.334395	0.0965036	0.903496	0.193007	1.80699	0.9995371
7492	0	-1815.462	-1815.057	-0.4053969	0.324546	0.0930003	0.907	0.186001	1.814	0.9999318
7493	1	-1815.932	-1815.527	-0.4052934	0.302823	0.0987991	0.901201	0.197598	1.8024	0.9998283
7494	0	-1814.933	-1814.527	-0.4053544	0.32373	0.096712	0.903288	0.193424	1.80658	0.9998893
7495	1	-1821.275	-1820.87	-0.4052934	0.37349	0.101358	0.898642	0.202715	1.79728	0.9998283
7496	0	-1816.575	-1816.17	-0.404751	0.307266	0.100325	0.899675	0.200649	1.79935	0.9992861
7497	1	-1816.073	-1815.668	-0.4054093	0.333174	0.0905043	0.909496	0.181009	1.81899	0.9999442
7498	0	-1815.419	-1815.014	-0.405095	0.330455	0.0979435	0.902056	0.195887	1.80411	0.9996299
7499	1	-1815.235	-1814.829	-0.4054093	0.333364	0.100303	0.899697	0.200607	1.79939	0.9999442
7500	0	-1815.085	-1814.68	-0.4052719	0.321084	0.0976456	0.902354	0.195291	1.80471	0.9998068
7501	1	-1815.516	-1815.111	-0.4052991	0.31063	0.096986	0.903014	0.193972	1.80603	0.999834
7502	0	-1815.771	-1815.366	-0.4048823	0.325288	0.0986092	0.901391	0.197218	1.80278	0.9994174
7503	1	-1822.811	-1822.407	-0.404529	0.284947	0.114668	0.885332	0.229337	1.77066	0.9990644
7504	0	-1815.92	-1815.515	-0.4049499	0.313517	0.100154	0.899846	0.200308	1.79969	0.9994849
7505	1	-1815.967	-1815.562	-0.4053401	0.33608	0.102148	0.897852	0.204297	1.7957	0.999875
7506	0	-1817.392	-1816.987	-0.4045447	0.305055	0.103311	0.896689	0.206622	1.79338	0.9990801
7507	1	-1815.158	-1814.753	-0.4053401	0.315552	0.0971824	0.902818	0.194365	1.80564	0.999875
7508	0	-1817.611	-1817.206	-0.4047805	0.355178	0.0919301	0.90807	0.18386	1.81614	0.9993156
7509	1	-1815.089	-1814.684	-0.4053401	0.33426	0.0953559	0.904644	0.190712	1.80929	0.999875
7510	0	-1815.875	-1815.47	-0.4049447	0.337297	0.0955618	0.904438	0.191124	1.80888	0.9994797
7511	1	-1816.737	-1816.331	-0.4053401	0.311362	0.106797	0.893203	0.213594	1.78641	0.999875
7512	0	-1817.14	-1816.735	-0.4049447	0.31161	0.105916	0.894084	0.211833	1.78817	0.9994797
7513	1	-1816.083	-1815.678	-0.4053401	0.299467	0.100235	0.899765	0.20047	1.79953	0.999875
7514	0	-1816.98	-1816.574	-0.4054628	0.349461	0.10195	0.89805	0.2039	1.7961	0.9999977
7515	1	-1815.384	-1814.979	-0.4051194	0.331312	0.0977226	0.902277	0.195445	1.80455	0.9996543
7516	0	-1815.972	-1815.567	-0.4050726	0.308511	0.101031	0.898969	0.202061	1.79794	0.9996076
7517	1	-1817.1	-1816.695	-0.4053666	0.295535	0.09578	0.90422	0.19156	1.80844	0.9999015
7518	0	-1817.362	-1816.957	-0.4047295	0.352519	0.0928085	0.907192	0.185617	1.81438	0.9992647
7519	1	-1816.632	-1816.227	-0.405054	0.351741	0.095836	0.904164	0.191672	1.80833	0.999589
7520	0	-1822.275	-1821.871	-0.4046629	0.348186	0.109559	0.890441	0.219117	1.78088	0.9991981
7521	1	-1816.453	-1816.048	-0.4049988	0.30671	0.103076	0.896924	0.206152	1.79385	0.9995338
7522	0	-1815.993	-1815.587	-0.4053228	0.347709	0.0925283	0.907472	0.185057	1.81494	0.9998577
7523	1	-1816.607	-1816.202	-0.4049978	0.302027	0.0980096	0.90199	0.196019	1.80398	0.9995328
7524	0	-1816.274	-1815.869	-0.4046358	0.323935	0.099479	0.900521	0.198958	1.80104	0.999171
7525	1	-1816.124	-1815.719	-0.4047145	0.319728	0.0989522	0.901048	0.197904	1.8021	0.9992497
7526	0	-1817.6	-1817.194	-0.4053133	0.302182	0.0924013	0.907599	0.184803	1.8152	0.9998482
7527	1	-1816.683	-1816.278	-0.4050018	0.338944	0.101787	0.898213	0.203574	1.79643	0.9995368
7528	0	-1817.857	-1817.454	-0.4038757	0.32743	0.100693	0.899307	0.201386	1.79861	0.9984118
7529	1	-1817.888	-1817.483	-0.4048355	0.319704	0.0900512	0.909949	0.180102	1.8199	0.9993706
7530	0	-1815.336	-1814.931	-0.4051193	0.325629	0.0984188	0.901581	0.196838	1.80316	0.9996543
7531	1	-1815.731	-1815.326	-0.4054013	0.303233	0.101606	0.898394	0.203212	1.79679	0.9999362
7532	0	-1816.526	-1816.12	-0.4050657	0.332927	0.090957	0.909043	0.181914	1.81809	0.9996007
7533	1	-1816.224	-1815.819	-0.4050743	0.305199	0.101864	0.898136	0.203729	1.79627	0.9996092
7534	0	-1815.422	-1815.017	-0.4054034	0.306655	0.0996243	0.900376	0.199249	1.80075	0.9999383
7535	1	-1816.465	-1816.06	-0.4049571	0.324622	0.103411	0.896589	0.206822	1.79318	0.9994921
7536	0	-1818.531	-1818.126	-0.4048377	0.292745	0.10714	0.89286	0.214279	1.78572	0.9993728
7537	1	-1815.903	-1815.498	-0.4048719	0.334583	0.0971579	0.902842	0.194316	1.80568	0.999407
7538	0	-1816.645	-1816.24	-0.4044796	0.329505	0.0995228	0.900477	0.199046	1.80095	0.999015
7539	1	-1815.415	-1815.01	-0.405074	0.324252	0.0984022	0.901598	0.196804	1.8032	0.999609
7540	0	-1817.162	-1816.758	-0.4042498	0.330525	0.094186	0.905814	0.188372	1.81163	0.9987854
7541	1	-1817.668	-1817.263	-0.4045624	0.353654	0.0947884	0.905212	0.189577	1.81042	0.9990977
7542	0	-1815.185	-1814.779	-0.4052935	0.318953	0.100263	0.899737	0.200526	1.79947	0.9998284
7543	1	-1816.34	-1815.936	-0.4049757	0.323084	0.10323	0.89677	0.206459	1.79354	0.9995108
7544	0	-1816.5	-1816.095	-0.405463	0.293378	0.102399	0.897601	0.204798	1.7952	0.9999978
7545	1	-1816.075	-1815.669	-0.4052326	0.313233	0.104136	0.895864	0.208271	1.79173	0.9997676
7546	0	-1815.506	-1815.1	-0.4052416	0.328603	0.0935732	0.906427	0.187146	1.81285	0.9997765
7547	1	-1817.91	-1817.505	-0.4048609	0.290254	0.10058	0.89942	0.201161	1.79884	0.999396
7548	0	-1815.528	-1815.123	-0.4052416	0.311088	0.0975979	0.902402	0.195196	1.8048	0.9997765
7549	1	-1816.529	-1816.124	-0.4048609	0.315738	0.0941577	0.905842	0.188315	1.81168	0.999396
7550	0	-1817.646	-1817.242	-0.4043237	0.32428	0.103579	0.896421	0.207157	1.79284	0.9988593
7551	1	-1817.405	-1816.999	-0.405287	0.303909	0.10798	0.89202	0.215959	1.78404	0.9998219
7552	0	-1816.114	-1815.71	-0.4047866	0.327401	0.0947957	0.905204	0.189591	1.81041	0.9993217
7553	1	-1815.523	-1815.118	-0.4052478	0.341332	0.0949866	0.905013	0.189973	1.81003	0.9997827
7554	0	-1816.013	-1815.608	-0.4049577	0.326193	0.0937835	0.906216	0.187567	1.81243	0.9994927
7555	1	-1815.446	-1815.04	-0.4051344	0.321479	0.0959315	0.904068	0.191863	1.80814	0.9996693
7556	0	-1816.568	-1816.163	-0.4049577	0.33618	0.0913673	0.908633	0.182735	1.81727	0.9994927
7557	1	-1816.246	-1815.842	-0.4046196	0.329782	0.0968826	0.903117	0.193765	1.80623	0.9991549
7558	0	-1817.764	-1817.359	-0.4054634	0.36744	0.092016	0.907984	0.184032	1.81597	0.9999983
7559	1	-1815.991	-1815.586	-0.4050278	0.308675	0.0986854	0.901315	0.197371	1.80263	0.9995628
7560	0	-1815.445	-1815.04	-0.4052873	0.338322	0.0986314	0.901369	0.197263	1.80274	0.9998222
7561	1	-1816.622	-1816.217	-0.4046306	0.326054	0.101531	0.898469	0.203062	1.79694	0.9991659
7562	0	-1815.387	-1814.982	-0.4054017	0.341918	0.0980022	0.901998	0.196004	1.804	0.9999366
7563	1	-1816.833	-1816.428	-0.4047149	0.307565	0.102493	0.897507	0.204986	1.79501	0.9992501
7564	0	-1816.547	-1816.143	-0.4046502	0.340378	0.0951666	0.904833	0.190333	1.80967	0.9991854
7565	1	-1815.466	-1815.061	-0.4050996	0.321237	0.0963897	0.90361	0.192779	1.80722	0.9996345
7566	0	-1817.837	-1817.433	-0.4041941	0.304418	0.101649	0.898351	0.203299	1.7967	0.9987298
7567	1	-1816.455	-1816.049	-0.4053465	0.354212	0.0922878	0.907712	0.184576	1.81542	0.9998814
7568	0	-1814.854	-1814.448	-0.4054624	0.321746	0.0958757	0.904124	0.191751	1.80825	0.9999973
7569	1	-1815.322	-1814.916	-0.4053465	0.319415	0.101879	0.898121	0.203757	1.79624	0.9998814
7570	0	-1815.324	-1814.918	-0.4054624	0.323461	0.102664	0.897336	0.205327	1.79467	0.9999973
7571	1	-1817.674	-1817.269	-0.4043864	0.33271	0.0911832	0.908817	0.182366	1.81763	0.9989219
7572	0	-1817.053	-1816.649	-0.4047105	0.313001	0.104265	0.895735	0.208531	1.79147	0.9992456
7573	1	-1816.087	-1815.682	-0.4052953	0.329741	0.103502	0.896498	0.207005	1.793	0.9998302
7574	0	-1817.009	-1816.605	-0.4042385	0.318904	0.0973978	0.902602	0.194796	1.8052	0.9987742
7575	1	-1816.631	-1816.226	-0.4052953	0.333952	0.104304	0.895696	0.208608	1.79139	0.9998302
7576	0	-1815.111	-1814.706	-0.4053897	0.319821	0.0954131	0.904587	0.190826	1.80917	0.9999246
7577	1	-1815.667	-1815.262	-0.4050228	0.32376	0.100299	0.899701	0.200598	1.7994	0.9995578
7578	0	-1815.871	-1815.466	-0.4048765	0.330723	0.0954131	0.904587	0.190826	1.80917	0.9994116
7579	1	-1816.164	-1815.758	-0.4053314	0.304612	0.104177	0.895823	0.208354	1.79165	0.9998663
7580	0	-1816.876	-1816.471	-0.4050816	0.306777	0.10555	0.89445	0.2111	1.7889	0.9996166
7581	1	-1815.836	-1815.431	-0.4053314	0.34122	0.100137	0.899863	0.200274	1.79973	0.9998663
7582	0	-1818.446	-1818.041	-0.4050816	0.309159	0.109717	0.890283	0.219434	1.78057	0.9996166
7583	1	-1815.296	-1814.89	-0.405326	0.337035	0.0985625	0.901437	0.197125	1.80287	0.9998609
7584	0	-1817.657	-1817.252	-0.4044295	0.302942	0.0972053	0.902795	0.194411	1.80559	0.998965
7585	1	-1818.972	-1818.569	-0.4032399	0.314363	0.0975614	0.902439	0.195123	1.80488	0.9977773
7586	0	-1816.413	-1816.008	-0.4050199	0.303489	0.0982473	0.901753	0.196495	1.80351	0.9995549
7587	1	-1815.61	-1815.205	-0.4052276	0.309711	0.0979282	0.902072	0.195856	1.80414	0.9997625
7588	0	-1815.711	-1815.306	-0.4053843	0.348251	0.0948412	0.905159	0.189682	1.81032	0.9999192
7589	1	-1815.689	-1815.284	-0.4052276	0.309338	0.0973322	0.902668	0.194664	1.80534	0.9997625
7590	0	-1815.943	-1815.538	-0.4052981	0.304797	0.0970777	0.902922	0.194155	1.80584	0.999833
7591	1	-1815.147	-1814.742	-0.4052276	0.32953	0.0968931	0.903107	0.193786	1.80621	0.9997625
7592	0	-1816.523	-1816.117	-0.405459	0.319195	0.106606	0.893394	0.213212	1.78679	0.9999939
7593	1	-1817.163	-1816.758	-0.4048373	0.309835	0.0936357	0.906364	0.187271	1.81273	0.9993724
7594	0	-1815.086	-1814.681	-0.4054306	0.330752	0.100298	0.899702	0.200597	1.7994	0.9999655
7595	1	-1815.507	-1815.101	-0.4054111	0.34514	0.0939151	0.906085	0.18783	1.81217	0.999946
7596	0	-1815.033	-1814.627	-0.4054306	0.313029	0.0991575	0.900842	0.198315	1.80168	0.9999655
7597	1	-1815.087	-1814.682	-0.4054111	0.337665	0.0976892	0.902311	0.195378	1.80462	0.999946
7598	0	-1815.588	-1815.182	-0.4054306	0.303563	0.100066	0.899934	0.200133	1.79987	0.9999655
7599	1	-1815.419	-1815.014	-0.4053891	0.307729	0.100721	0.899279	0.201442	1.79856	0.999924
7600	0	-1817.734	-1817.329	-0.4050745	0.362377	0.0932814	0.906719	0.186563	1.81344	0.9996094
7601	1	-1817.988	-1817.583	-0.4043701	0.344549	0.0907121	0.909288	0.181424	1.81858	0.9989056
7602	0	-1817.23	-1816.825	-0.4049151	0.355184	0.0956558	0.904344	0.191312	1.80869	0.9994501
7603	1	-1816.598	-1816.193	-0.4053148	0.343271	0.0896877	0.910312	0.179375	1.82062	0.9998497
7604	0	-1815.584	-1815.179	-0.4053009	0.334344	0.0926553	0.907345	0.185311	1.81469	0.9998358
7605	1	-1814.94	-1814.535	-0.4054181	0.335501	0.0967409	0.903259	0.193482	1.80652	0.999953
7606	0	-1817.084	-1816.679	-0.4047541	0.306972	0.0953115	0.904688	0.190623	1.80938	0.9992893
7607	1	-1817.05	-1816.644	-0.4054181	0.295529	0.0956335	0.904366	0.191267	1.80873	0.999953
7608	0	-1818.195	-1817.79	-0.4051777	0.346154	0.104622	0.895378	0.209245	1.79076	0.9997126
7609	1	-1814.81	-1814.405	-0.4054181	0.327631	0.096399	0.903601	0.192798	1.8072	0.999953
7610	0	-1817.846	-1817.441	-0.4049597	0.3222	0.107363	0.892637	0.214726	1.78527	0.9994947
7611	1	-1818.138	-1817.733	-0.4046319	0.341723	0.0888924	0.911108	0.177785	1.82222	0.9991671
7612	0	-1815.808	-1815.403	-0.4051201	0.34002	0.0938057	0.906194	0.187611	1.81239	0.999655
7613	1	-1819.896	-1819.491	-0.4050418	0.34541	0.107559	0.892441	0.215118	1.78488	0.9995768
7614	0	-1815.449	-1815.044	-0.4052035	0.332549	0.0941733	0.905827	0.188347	1.81165	0.9997384
7615	1	-1818.116	-1817.712	-0.4041696	0.344346	0.0997835	0.900217	0.199567	1.80043	0.9987054
7616	0	-1817.575	-1817.17	-0.4052035	0.362901	0.0941062	0.905894	0.188212	1.81179	0.9997384
7617	1	-1818.017	-1817.612	-0.4050063	0.35575	0.0888849	0.911115	0.17777	1.82223	0.9995413
7618	0	-1815.472	-1815.067	-0.4050405	0.32434	0.0971548	0.902845	0.19431	1.80569	0.9995754
7619	1	-1816.545	-1816.141	-0.4045636	0.315801	0.0972086	0.902791	0.194417	1.80558	0.9990989
7620	0	-1815.832	-1815.426	-0.4053218	0.305668	0.0970478	0.902952	0.194096	1.8059	0.9998567
7621	1	-1815.704	-1815.298	-0.4054562	0.309196	0.103912	0.896088	0.207825	1.79218	0.9999911
7622	0	-1816.427	-1816.022	-0.4048028	0.333816	0.100683	0.899317	0.201365	1.79863	0.9993379
7623	1	-1819.927	-1819.523	-0.4042292	0.367075	0.0939392	0.906061	0.187878	1.81212	0.9987649
7624	0	-1815.179	-1814.774	-0.4054554	0.336917	0.0934105	0.90659	0.186821	1.81318	0.9999903
7625	1	-1815.794	-1815.389	-0.4048941	0.3321	0.0972547	0.902745	0.194509	1.80549	0.9994292
7626	0	-1817.853	-1817.448	-0.4050216	0.29599	0.106745	0.893255	0.21349	1.78651	0.9995566
7627	1	-1815.94	-1815.535	-0.4052833	0.310769	0.10377	0.89623	0.207539	1.79246	0.9998182
7628	0	-1816.104	-1815.699	-0.404882	0.313701	0.0968624	0.903138	0.193725	1.80628	0.9994171
7629	1	-1816.368	-1815.963	-0.4046383	0.321944	0.0956155	0.904385	0.191231	1.80877	0.9991735
7630	0	-1816.044	-1815.639	-0.4049855	0.315238	0.0954505	0.90455	0.190901	1.8091	0.9995205
7631	1	-1816.447	-1816.042	-0.4050225	0.326098	0.0918466	0.908153	0.183693	1.81631	0.9995575
7632	0	-1816.17	-1815.765	-0.4054188	0.320671	0.105394	0.894606	0.210788	1.78921	0.9999537
7633	1	-1817.288	-1816.884	-0.4041393	0.332991	0.0988423	0.901158	0.197685	1.80232	0.9986751
7634	0	-1815.152	-1814.746	-0.4053005	0.33401	0.09541	0.90459	0.19082	1.80918	0.9998354
7635	1	-1815.87	-1815.465	-0.4051742	0.316234	0.0944121	0.905588	0.188824	1.81118	0.9997092
7636	0	-1816.697	-1816.291	-0.4053005	0.293928	0.100464	0.899536	0.200927	1.79907	0.9998354
7637	1	-1815.964	-1815.559	-0.4051742	0.346072	0.0942399	0.90576	0.18848	1.81152	0.9997092
7638	0	-1815.427	-1815.022	-0.4053338	0.310258	0.101091	0.898909	0.202181	1.79782	0.9998687
7639	1	-1815.716	-1815.311	-0.4049187	0.321272	0.0977341	0.902266	0.195468	1.80453	0.9994537
7640	0	-1815.358	-1814.952	-0.4053338	0.332089	0.100536	0.899464	0.201072	1.79893	0.9998687
7641	1	-1818.166	-1817.761	-0.4044889	0.354278	0.0977499	0.90225	0.1955	1.8045	0.9990243
7642	0	-1818.878	-1818.473	-0.4053338	0.310996	0.111404	0.888596	0.222809	1.77719	0.9998687
7643	1	-1814.822	-1814.417	-0.4054024	0.323094	0.0975114	0.902489	0.195023	1.80498	0.9999373
7644	0	-1815.648	-1815.243	-0.4053338	0.345676	0.0965669	0.903433	0.193134	1.80687	0.9998687
7645	1	-1815.827	-1815.422	-0.4052927	0.303991	0.100865	0.899135	0.201729	1.79827	0.9998277
7646	0	-1816.098	-1815.692	-0.4053338	0.3004	0.102122	0.897878	0.204245	1.79576	0.9998687
7647	1	-1817.35	-1816.946	-0.4044573	0.344662	0.0983684	0.901632	0.196737	1.80326	0.9989927
7648	0	-1816.864	-1816.459	-0.4045547	0.330804	0.101282	0.898718	0.202564	1.79744	0.99909
7649	1	-1815.575	-1815.17	-0.4050346	0.328057	0.0954769	0.904523	0.190954	1.80905	0.9995695
7650	0	-1817.508	-1817.104	-0.4041212	0.317897	0.0952402	0.90476	0.19048	1.80952	0.998657
7651	1	-1817.085	-1816.68	-0.4049003	0.353866	0.0950564	0.904944	0.190113	1.80989	0.9994354
7652	0	-1818.451	-1818.048	-0.4034273	0.328315	0.0989088	0.901091	0.197818	1.80218	0.9979643
7653	1	-1816.959	-1816.554	-0.4050579	0.295664	0.10018	0.89982	0.20036	1.79964	0.9995929
7654	0	-1815.703	-1815.298	-0.4052105	0.329446	0.101619	0.898381	0.203239	1.79676	0.9997454
7655	1	-1816.264	-1815.859	-0.4048542	0.30921	0.0989548	0.901045	0.19791	1.80209	0.9993893
7656	0	-1815.217	-1814.812	-0.4052105	0.326893	0.0989658	0.901034	0.197932	1.80207	0.9997454
7657	1	-1817.344	-1816.939	-0.405457	0.286019	0.102055	0.897945	0.20411	1.79589	0.9999919
7658	0	-1818.124	-1817.719	-0.4049028	0.362835	0.0944476	0.905552	0.188895	1.8111	0.9994379
7659	1	-1821.658	-1821.254	-0.4037033	0.301353	0.0904343	0.909566	0.180869	1.81913	0.9982397
7660	0	-1821.881	-1821.477	-0.4043953	0.277823	0.0954173	0.904583	0.190835	1.80917	0.9989307
7661	1	-1816.923	-1816.518	-0.4048169	0.309656	0.104247	0.895753	0.208493	1.79151	0.999352
7662	0	-1815.266	-1814.861	-0.405226	0.325051	0.0954231	0.904577	0.190846	1.80915	0.9997609
7663	1	-1816.771	-1816.366	-0.405219	0.304595	0.0942589	0.905741	0.188518	1.81148	0.999754
7664	0	-1815.599	-1815.193	-0.4052891	0.308264	0.101088	0.898912	0.202176	1.79782	0.999824
7665	1	-1816.797	-1816.392	-0.4047828	0.30403	0.10163	0.89837	0.203259	1.79674	0.999318
7666	0	-1816.894	-1816.489	-0.4050253	0.311112	0.105588	0.894412	0.211176	1.78882	0.9995603
7667	1	-1815.981	-1815.576	-0.4050344	0.322104	0.0938473	0.906153	0.187695	1.81231	0.9995694
7668	0	-1815.854	-1815.449	-0.4048953	0.318689	0.0970253	0.902975	0.194051	1.80595	0.9994304
7669	1	-1815.578	-1815.172	-0.4053166	0.322902	0.102672	0.897328	0.205345	1.79466	0.9998515
7670	0	-1818.004	-1817.599	-0.4048241	0.307333	0.10757	0.89243	0.21514	1.78486	0.9993592
7671	1	-1815.269	-1814.864	-0.4051812	0.324005	0.0992338	0.900766	0.198468	1.80153	0.9997162
7672	0	-1815.851	-1815.446	-0.4052336	0.34624	0.0962043	0.903796	0.192409	1.80759	0.9997685
7673	1	-1821.229	-1820.825	-0.4037704	0.341778	0.0861257	0.913874	0.172251	1.82775	0.9983067
7674	0	-1815.264	-1814.859	-0.4052377	0.330716	0.0991272	0.900873	0.198254	1.80175	0.9997726
7675	1	-1815.424	-1815.019	-0.4051303	0.329109	0.099203	0.900797	0.198406	1.80159	0.9996652
7676	0	-1816.133	-1815.728	-0.4049285	0.338078	0.0990211	0.900979	0.198042	1.80196	0.9994635
7677	1	-1815.887	-1815.482	-0.4054316	0.350403	0.0932029	0.906797	0.186406	1.81359	0.9999665
7678	0	-1815.871	-1815.466	-0.4053436	0.323432	0.103871	0.896129	0.207742	1.79226	0.9998785
7679	1	-1817.011	-1816.606	-0.4043062	0.314674	0.0995833	0.900417	0.199167	1.80083	0.9988417
7680	0	-1815.967	-1815.562	-0.4053436	0.344194	0.0916283	0.908372	0.183257	1.81674	0.9998785
7681	1	-1817.059	-1816.655	-0.4046832	0.301956	0.100007	0.899993	0.200013	1.79999	0.9992184
7682	0	-1815.261	-1814.856	-0.40526	0.335777	0.097485	0.902515	0.19497	1.80503	0.9997949
7683	1	-1819.467	-1819.063	-0.4045975	0.346086	0.105109	0.894891	0.210218	1.78978	0.9991327
7684	0	-1818.549	-1818.145	-0.4045819	0.361827	0.0937452	0.906255	0.18749	1.81251	0.9991172
7685	1	-1818.708	-1818.304	-0.4041766	0.355824	0.0963906	0.903609	0.192781	1.80722	0.9987123
7686	0	-1816.357	-1815.952	-0.404801	0.317301	0.102107	0.897893	0.204213	1.79579	0.9993361
7687	1	-1816.338	-1815.933	-0.4047279	0.316135	0.10105	0.89895	0.202099	1.7979	0.9992631
7688	0	-1815.621	-1815.216	-0.4052683	0.342977	0.0972312	0.902769	0.194462	1.80554	0.9998032
7689	1	-1817.582	-1817.177	-0.4044875	0.311915	0.104673	0.895327	0.209346	1.79065	0.9990228
7690	0	-1817.289	-1816.884	-0.4051579	0.295531	0.105353	0.894647	0.210706	1.78929	0.9996928
7691	1	-1818.846	-1818.441	-0.4048609	0.300518	0.109389	0.890611	0.218778	1.78122	0.999396
7692	0	-1816.701	-1816.297	-0.4044517	0.334109	0.0951986	0.904801	0.190397	1.8096	0.9989871
7693	1	-1818.489	-1818.085	-0.4042597	0.30867	0.106128	0.893872	0.212257	1.78774	0.9987953
7694	0	-1816.46	-1816.054	-0.4054605	0.298991	0.105163	0.894837	0.210326	1.78967	0.9999954
7695	1	-1814.937	-1814.532	-0.4053705	0.329322	0.095831	0.904169	0.191662	1.80834	0.9999054
7696	0	-1815.499	-1815.094	-0.405266	0.340698	0.094455	0.905545	0.18891	1.81109	0.9998009
7697	1	-1815.623	-1815.218	-0.4052898	0.344306	0.0964967	0.903503	0.192993	1.80701	0.9998247
7698	0	-1815.576	-1815.171	-0.405266	0.314445	0.102216	0.897784	0.204433	1.79557	0.9998009
7699	1	-1815.285	-1814.879	-0.4052898	0.334337	0.0943662	0.905634	0.188732	1.81127	0.9998247
7700	0	-1815.935	-1815.53	-0.405266	0.323614	0.103602	0.896398	0.207204	1.7928	0.9998009
7701	1	-1815.054	-1814.648	-0.4052898	0.321007	0.0976647	0.902335	0.195329	1.80467	0.9998247
7702	0	-1815.357	-1814.952	-0.405266	0.313383	0.100192	0.899808	0.200384	1.79962	0.9998009
7703	1	-1815.973	-1815.568	-0.4051348	0.306701	0.101262	0.898738	0.202525	1.79748	0.9996697
7704	0	-1816.248	-1815.843	-0.4051978	0.304007	0.0967515	0.903249	0.193503	1.8065	0.9997328
7705	1	-1816.11	-1815.705	-0.4052215	0.339714	0.100932	0.899068	0.201863	1.79814	0.9997564
7706	0	-1818.131	-1817.727	-0.404645	0.310983	0.107166	0.892834	0.214332	1.78567	0.9991802
7707	1	-1815.518	-1815.113	-0.4052215	0.312422	0.0972722	0.902728	0.194544	1.80546	0.9997564
7708	0	-1816.137	-1815.732	-0.4051846	0.341851	0.100075	0.899925	0.200149	1.79985	0.9997195
7709	1	-1815.665	-1815.26	-0.4050532	0.324736	0.100595	0.899405	0.20119	1.79881	0.9995882
7710	0	-1816.31	-1815.906	-0.4046375	0.317271	0.0987282	0.901272	0.197456	1.80254	0.9991727
7711	1	-1815.897	-1815.492	-0.4050532	0.310304	0.0978138	0.902186	0.195628	1.80437	0.9995882
7712	0	-1816.449	-1816.044	-0.4049899	0.343502	0.0992481	0.900752	0.198496	1.8015	0.9995249
7713	1	-1816.685	-1816.281	-0.4046538	0.308297	0.100144	0.899856	0.200288	1.79971	0.9991891
7714	0	-1815.884	-1815.479	-0.4049275	0.315035	0.0977716	0.902228	0.195543	1.80446	0.9994625
7715	1	-1818.973	-1818.569	-0.4034319	0.321358	0.0935716	0.906428	0.187143	1.81286	0.9979688
7716	0	-1815.303	-1814.898	-0.4051609	0.319996	0.0985979	0.901402	0.197196	1.8028	0.9996958
7717	1	-1822.108	-1821.704	-0.4048405	0.349059	0.0824958	0.917504	0.164992	1.83501	0.9993756
7718	0	-1816.254	-1815.848	-0.4051315	0.303004	0.10184	0.89816	0.203679	1.79632	0.9996664
7719	1	-1816.122	-1815.717	-0.4048405	0.316975	0.101061	0.898939	0.202122	1.79788	0.9993756
7720	0	-1815.052	-1814.647	-0.4053092	0.329823	0.095802	0.904198	0.191604	1.8084	0.9998441
7721	1	-1822.047	-1821.642	-0.4042389	0.315194	0.113184	0.886816	0.226367	1.77363	0.9987746
7722	0	-1815.104	-1814.699	-0.4053092	0.333891	0.0975005	0.9025	0.195001	1.805	0.9998441
7723	1	-1817.047	-1816.642	-0.4050919	0.319587	0.0936365	0.906364	0.187273	1.81273	0.9996268
7724	0	-1815.256	-1814.851	-0.4054416	0.327883	0.101731	0.898269	0.203463	1.79654	0.9999765
7725	1	-1815.014	-1814.609	-0.405452	0.323601	0.0946254	0.905375	0.189251	1.81075	0.9999869
7726	0	-1817.136	-1816.731	-0.4047025	0.346905	0.0985442	0.901456	0.197088	1.80291	0.9992377
7727	1	-1815.168	-1814.763	-0.4052842	0.321647	0.100123	0.899877	0.200246	1.79975	0.9998191
7728	0	-1815.225	-1814.82	-0.4052279	0.330402	0.0986475	0.901352	0.197295	1.8027	0.9997629
7729	1	-1815.096	-1814.69	-0.405386	0.333755	0.0944203	0.90558	0.188841	1.81116	0.9999209
7730	0	-1815.89	-1815.485	-0.4048652	0.327995	0.0953941	0.904606	0.190788	1.80921	0.9994002
7731	1	-1815.29	-1814.884	-0.4053856	0.323606	0.101905	0.898095	0.203809	1.79619	0.9999205
7732	0	-1815.156	-1814.75	-0.4054323	0.323993	0.101633	0.898367	0.203267	1.79673	0.9999672
7733	1	-1816.727	-1816.322	-0.4053856	0.311728	0.0917639	0.908236	0.183528	1.81647	0.9999205
7734	0	-1816.996	-1816.591	-0.4044166	0.310491	0.0999872	0.900013	0.199974	1.80003	0.998952
7735	1	-1816.256	-1815.851	-0.4047975	0.340044	0.0966346	0.903365	0.193269	1.80673	0.9993326
7736	0	-1816.521	-1816.116	-0.4048878	0.325016	0.103131	0.896869	0.206261	1.79374	0.9994229
7737	1	-1816.169	-1815.764	-0.4052611	0.302087	0.102649	0.897351	0.205298	1.7947	0.9997961
7738	0	-1818.994	-1818.59	-0.4043819	0.328926	0.0885261	0.911474	0.177052	1.82295	0.9989173
7739	1	-1819.496	-1819.091	-0.4052611	0.369201	0.0991417	0.900858	0.198283	1.80172	0.9997961
7740	0	-1816.053	-1815.647	-0.4054552	0.298679	0.0984784	0.901522	0.196957	1.80304	0.9999901
7741	1	-1816.502	-1816.098	-0.4045977	0.333922	0.0988809	0.901119	0.197762	1.80224	0.999133
7742	0	-1814.842	-1814.437	-0.4054279	0.324693	0.0994028	0.900597	0.198806	1.80119	0.9999628
7743	1	-1819.089	-1818.686	-0.4034158	0.306408	0.101234	0.898766	0.202468	1.79753	0.9979528
7744	0	-1815.84	-1815.435	-0.4050006	0.339213	0.0959463	0.904054	0.191893	1.80811	0.9995356
7745	1	-1820.43	-1820.027	-0.4032085	0.347648	0.0900057	0.909994	0.180011	1.81999	0.9977459
7746	0	-1816.744	-1816.339	-0.4046754	0.338935	0.0996122	0.900388	0.199224	1.80078	0.9992106
7747	1	-1816.847	-1816.442	-0.4044245	0.338291	0.0956376	0.904362	0.191275	1.80872	0.99896
7748	0	-1815.459	-1815.053	-0.4052884	0.313907	0.0961201	0.90388	0.19224	1.80776	0.9998233
7749	1	-1817.489	-1817.085	-0.4044245	0.302431	0.0998667	0.900133	0.199733	1.80027	0.99896
7750	0	-1815.866	-1815.46	-0.4052884	0.315125	0.103787	0.896213	0.207574	1.79243	0.9998233
7751	1	-1819.994	-1819.589	-0.4044245	0.282859	0.0985063	0.901494	0.197013	1.80299	0.99896
7752	0	-1815.298	-1814.892	-0.4052017	0.321288	0.0962167	0.903783	0.192433	1.80757	0.9997366
7753	1	-1816.079	-1815.674	-0.4053446	0.299426	0.100642	0.899358	0.201284	1.79872	0.9998795
7754	0	-1818.616	-1818.212	-0.4034054	0.331186	0.0946532	0.905347	0.189306	1.81069	0.9979424
7755	1	-1817.761	-1817.355	-0.4052795	0.363482	0.0906415	0.909359	0.181283	1.81872	0.9998144
7756	0	-1816.197	-1815.792	-0.4046987	0.31783	0.0991523	0.900848	0.198305	1.8017	0.9992339
7757	1	-1815.032	-1814.627	-0.4052795	0.324303	0.0977078	0.902292	0.195416	1.80458	0.9998144
7758	0	-1817.428	-1817.023	-0.4046987	0.304674	0.0951913	0.904809	0.190383	1.80962	0.9992339
7759	1	-1820.029	-1819.625	-0.4040111	0.306325	0.108903	0.891097	0.217805	1.78219	0.998547
7760	0	-1816.216	-1815.811	-0.4050605	0.310058	0.0955937	0.904406	0.191187	1.80881	0.9995955
7761	1	-1816.663	-1816.258	-0.4053951	0.339215	0.103732	0.896268	0.207463	1.79254	0.99993
7762	0	-1819.736	-1819.333	-0.4031755	0.307427	0.0960315	0.903968	0.192063	1.80794	0.997713
7763	1	-1816.119	-1815.714	-0.4053951	0.29877	0.10218	0.89782	0.204361	1.79564	0.99993
7764	0	-1818.608	-1818.205	-0.4038155	0.325008	0.0920089	0.907991	0.184018	1.81598	0.9983517
7765	1	-1817.405	-1817.001	-0.4040089	0.32108	0.0994082	0.900592	0.198816	1.80118	0.9985449
7766	0	-1817.38	-1816.976	-0.4043817	0.333599	0.101564	0.898436	0.203129	1.79687	0.9989171
7767	1	-1815.155	-1814.75	-0.4053353	0.336106	0.0977366	0.902263	0.195473	1.80453	0.9998702
7768	0	-1816.902	-1816.497	-0.4046469	0.316314	0.103328	0.896672	0.206655	1.79334	0.9991822
7769	1	-1815.606	-1815.201	-0.4053353	0.323416	0.10288	0.89712	0.205761	1.79424	0.9998702
7770	0	-1816.928	-1816.523	-0.4048028	0.34967	0.0963752	0.903625	0.19275	1.80725	0.9993379
7771	1	-1817.614	-1817.209	-0.4053353	0.291765	0.106786	0.893214	0.213572	1.78643	0.9998702
7772	0	-1816.489	-1816.084	-0.4052526	0.331804	0.104107	0.895893	0.208214	1.79179	0.9997875
7773	1	-1816.623	-1816.218	-0.4050947	0.341284	0.101491	0.898509	0.202981	1.79702	0.9996297
7774	0	-1816.722	-1816.317	-0.4050538	0.300225	0.103046	0.896954	0.206092	1.79391	0.9995888
7775	1	-1816.164	-1815.759	-0.404958	0.343107	0.0969054	0.903095	0.193811	1.80619	0.999493
7776	0	-1816.713	-1816.308	-0.4044967	0.331127	0.0998656	0.900134	0.199731	1.80027	0.9990321
7777	1	-1817.296	-1816.891	-0.4045162	0.303416	0.0986379	0.901362	0.197276	1.80272	0.9990515
7778	0	-1819.339	-1818.934	-0.4045494	0.312396	0.109529	0.890471	0.219057	1.78094	0.9990847
7779	1	-1815.661	-1815.256	-0.4052616	0.335047	0.10066	0.89934	0.20132	1.79868	0.9997965
7780	0	-1815.844	-1815.439	-0.4050433	0.319319	0.0949108	0.905089	0.189822	1.81018	0.9995782
7781	1	-1815.241	-1814.836	-0.4052616	0.336082	0.0965189	0.903481	0.193038	1.80696	0.9997965
7782	0	-1814.823	-1814.417	-0.4054129	0.33024	0.0968339	0.903166	0.193668	1.80633	0.9999478
7783	1	-1816.246	-1815.841	-0.4048743	0.342535	0.0953118	0.904688	0.190624	1.80938	0.9994094
7784	0	-1815.619	-1815.214	-0.4051774	0.320807	0.0945276	0.905472	0.189055	1.81094	0.9997123
7785	1	-1814.99	-1814.584	-0.4053685	0.333985	0.0972098	0.90279	0.19442	1.80558	0.9999034
7786	0	-1816.218	-1815.813	-0.4051849	0.350067	0.095182	0.904818	0.190364	1.80964	0.9997198
7787	1	-1816.241	-1815.836	-0.4048995	0.329396	0.101531	0.898469	0.203061	1.79694	0.9994345
7788	0	-1816.541	-1816.136	-0.4051849	0.299288	0.097955	0.902045	0.19591	1.80409	0.9997198
7789	1	-1817.012	-1816.608	-0.4045109	0.343874	0.0945045	0.905495	0.189009	1.81099	0.9990463
7790	0	-1815.23	-1814.825	-0.405348	0.338168	0.0947497	0.90525	0.189499	1.8105	0.9998829
7791	1	-1816.547	-1816.142	-0.4048102	0.339418	0.092646	0.907354	0.185292	1.81471	0.9993453
7792	0	-1817.831	-1817.426	-0.404777	0.35066	0.0897285	0.910272	0.179457	1.82054	0.9993121
7793	1	-1817.377	-1816.972	-0.4045545	0.306577	0.103693	0.896307	0.207386	1.79261	0.9990898
7794	0	-1815.686	-1815.281	-0.4052654	0.344918	0.0958639	0.904136	0.191728	1.80827	0.9998003
7795	1	-1816.108	-1815.703	-0.4049899	0.311801	0.10203	0.89797	0.204059	1.79594	0.9995249
7796	0	-1816.676	-1816.271	-0.4048185	0.304167	0.100965	0.899035	0.20193	1.79807	0.9993536
7797	1	-1815.931	-1815.526	-0.4050826	0.318127	0.102539	0.897461	0.205078	1.79492	0.9996176
7798	0	-1815.887	-1815.482	-0.4049486	0.337944	0.0968391	0.903161	0.193678	1.80632	0.9994836
7799	1	-1815.953	-1815.548	-0.4050826	0.325286	0.102266	0.897734	0.204533	1.79547	0.9996176
7800	0	-1817.314	-1816.909	-0.4046146	0.346144	0.0990188	0.900981	0.198038	1.80196	0.9991499
7801	1	-1816.343	-1815.938	-0.4046324	0.32797	0.0996027	0.900397	0.199205	1.80079	0.9991676
7802	0	-1815.929	-1815.524	-0.4052086	0.346843	0.0958844	0.904116	0.191769	1.80823	0.9997435
7803	1	-1816.226	-1815.821	-0.4046802	0.32094	0.0997895	0.900211	0.199579	1.80042	0.9992154
7804	0	-1819.755	-1819.351	-0.4041979	0.334425	0.0956715	0.904329	0.191343	1.80866	0.9987336
7805	1	-1815.244	-1814.839	-0.4051769	0.321793	0.0976119	0.902388	0.195224	1.80478	0.9997118
7806	0	-1816.452	-1816.047	-0.4050235	0.304675	0.0970621	0.902938	0.194124	1.80588	0.9995585
7807	1	-1817.764	-1817.359	-0.4044785	0.329706	0.0906569	0.909343	0.181314	1.81869	0.9990139
7808	0	-1817.698	-1817.293	-0.4049829	0.356262	0.0985593	0.901441	0.197119	1.80288	0.9995179
7809	1	-1815.351	-1814.946	-0.4054134	0.308784	0.0977306	0.902269	0.195461	1.80454	0.9999483
7810	0	-1817.791	-1817.386	-0.4049829	0.305745	0.0923721	0.907628	0.184744	1.81526	0.9995179
7811	1	-1817.155	-1816.75	-0.4050279	0.308455	0.0930447	0.906955	0.186089	1.81391	0.9995629
7812	0	-1816.219	-1815.815	-0.4046628	0.322076	0.096557	0.903443	0.193114	1.80689	0.9991981
7813	1	-1816.741	-1816.336	-0.4050279	0.299588	0.0983997	0.9016	0.196799	1.8032	0.9995629
7814	0	-1815.918	-1815.513	-0.4052997	0.317108	0.0932365	0.906764	0.186473	1.81353	0.9998346
7815	1	-1815.57	-1815.165	-0.4050953	0.32353	0.0951529	0.904847	0.190306	1.80969	0.9996303
7816	0	-1816.319	-1815.914	-0.4051633	0.35048	0.0958935	0.904107	0.191787	1.80821	0.9996983
7817	1	-1816.949	-1816.544	-0.4050953	0.349892	0.0906034	0.909397	0.181207	1.81879	0.9996303
7818	0	-1816.543	-1816.138	-0.4049637	0.347201	0.0929746	0.907025	0.185949	1.81405	0.9994987
7819	1	-1816.084	-1815.679	-0.4054632	0.32439	0.10506	0.89494	0.21012	1.78988	0.9999981
7820	0	-1816.091	-1815.686	-0.4049653	0.308906	0.100144	0.899856	0.200288	1.79971	0.9995004
7821	1	-1814.957	-1814.552	-0.405382	0.333	0.0958435	0.904157	0.191687	1.80831	0.9999169
7822	0	-1817.175	-1816.771	-0.4043095	0.335436	0.0994786	0.900521	0.198957	1.80104	0.9988451
7823	1	-1816.235	-1815.83	-0.405382	0.343436	0.0903744	0.909626	0.180749	1.81925	0.9999169
7824	0	-1817.516	-1817.111	-0.404814	0.304001	0.105751	0.894249	0.211502	1.7885	0.9993491
7825	1	-1816.095	-1815.69	-0.405382	0.35221	0.093485	0.906515	0.18697	1.81303	0.9999169
7826	0	-1820.843	-1820.437	-0.4054214	0.373887	0.0847079	0.915292	0.169416	1.83058	0.9999563
7827	1	-1815.363	-1814.958	-0.4052396	0.327523	0.0943864	0.905614	0.188773	1.81123	0.9997745
7828	0	-1816.343	-1815.938	-0.4047696	0.311396	0.0978402	0.90216	0.19568	1.80432	0.9993047
7829	1	-1817.704	-1817.299	-0.4045722	0.312858	0.0927344	0.907266	0.185469	1.81453	0.9991075
7830	0	-1815.53	-1815.124	-0.4053864	0.344836	0.0970868	0.902913	0.194174	1.80583	0.9999213
7831	1	-1815.745	-1815.34	-0.4050736	0.339092	0.0973692	0.902631	0.194738	1.80526	0.9996086
7832	0	-1815.144	-1814.738	-0.4053864	0.332845	0.0996681	0.900332	0.199336	1.80066	0.9999213
7833	1	-1816.25	-1815.845	-0.4052248	0.300836	0.0985636	0.901436	0.197127	1.80287	0.9997597
7834	0	-1818.375	-1817.972	-0.4036124	0.322494	0.094572	0.905428	0.189144	1.81086	0.998149
7835	1	-1815.188	-1814.783	-0.4052825	0.326833	0.0950599	0.90494	0.19012	1.80988	0.9998174
7836	0	-1816.578	-1816.173	-0.4051011	0.300223	0.0981173	0.901883	0.196235	1.80377	0.999636
7837	1	-1818.742	-1818.337	-0.4047314	0.365283	0.0932081	0.906792	0.186416	1.81358	0.9992665
7838	0	-1818.479	-1818.075	-0.4039478	0.332454	0.10291	0.89709	0.205821	1.79418	0.9984839
7839	1	-1817.431	-1817.026	-0.405184	0.350593	0.101406	0.898594	0.202812	1.79719	0.999719
7840	0	-1818.963	-1818.558	-0.4052195	0.305848	0.111238	0.888762	0.222477	1.77752	0.9997544
7841	1	-1815.372	-1814.967	-0.405184	0.315983	0.0980547	0.901945	0.196109	1.80389	0.999719
7842	0	-1818.048	-1817.642	-0.4054115	0.335899	0.0866156	0.913384	0.173231	1.82677	0.9999464
7843	1	-1816.642	-1816.237	-0.4044724	0.330173	0.0992395	0.900761	0.198479	1.80152	0.9990077
7844	0	-1814.87	-1814.465	-0.4054065	0.330005	0.0983357	0.901664	0.196671	1.80333	0.9999414
7845	1	-1816.334	-1815.929	-0.4049638	0.32201	0.0930197	0.90698	0.186039	1.81396	0.9994988
7846	0	-1816.969	-1816.564	-0.4052286	0.348165	0.101139	0.898861	0.202278	1.79772	0.9997635
7847	1	-1816.308	-1815.903	-0.4049463	0.336063	0.0923618	0.907638	0.184724	1.81528	0.9994813
7848	0	-1817.445	-1817.041	-0.4041376	0.33093	0.100412	0.899588	0.200824	1.79918	0.9986734
7849	1	-1816.723	-1816.318	-0.4046095	0.333207	0.09311	0.90689	0.18622	1.81378	0.9991448
7850	0	-1816.49	-1816.084	-0.4053394	0.311374	0.0926141	0.907386	0.185228	1.81477	0.9998743
7851	1	-1815.705	-1815.299	-0.4050368	0.326314	0.100491	0.899509	0.200982	1.79902	0.9995718
7852	0	-1818.948	-1818.544	-0.4038279	0.313375	0.0928966	0.907103	0.185793	1.81421	0.9983641
7853	1	-1815.744	-1815.339	-0.4051061	0.313093	0.101161	0.898839	0.202322	1.79768	0.9996411
7854	0	-1815.793	-1815.388	-0.4051178	0.329231	0.0932554	0.906745	0.186511	1.81349	0.9996527
7855	1	-1815.72	-1815.315	-0.4052248	0.323848	0.102504	0.897496	0.205008	1.79499	0.9997597
7856	0	-1817.598	-1817.193	-0.4043991	0.32739	0.0916527	0.908347	0.183305	1.81669	0.9989345
7857	1	-1815.16	-1814.755	-0.4052472	0.319338	0.0985832	0.901417	0.197166	1.80283	0.9997821
7858	0	-1821.667	-1821.263	-0.4038801	0.373015	0.0900155	0.909985	0.180031	1.81997	0.9984163
7859	1	-1817.596	-1817.191	-0.4045644	0.301922	0.103694	0.896306	0.207388	1.79261	0.9990997
7860	0	-1817.996	-1817.592	-0.40412	0.31614	0.093601	0.906399	0.187202	1.8128	0.9986558
7861	1	-1816.368	-1815.963	-0.4050436	0.310094	0.103673	0.896327	0.207347	1.79265	0.9995786
7862	0	-1815.396	-1814.991	-0.4051177	0.326835	0.0958272	0.904173	0.191654	1.80835	0.9996527
7863	1	-1820.395	-1819.991	-0.4044303	0.371249	0.0952751	0.904725	0.19055	1.80945	0.9989657
7864	0	-1815.56	-1815.154	-0.4051177	0.329454	0.0944273	0.905573	0.188855	1.81115	0.9996527
7865	1	-1816.261	-1815.856	-0.4051377	0.324097	0.10387	0.89613	0.20774	1.79226	0.9996726
7866	0	-1815.507	-1815.102	-0.4051915	0.339163	0.0954186	0.904581	0.190837	1.80916	0.9997264
7867	1	-1815.49	-1815.085	-0.4051562	0.331064	0.0996575	0.900343	0.199315	1.80069	0.9996911
7868	0	-1815.547	-1815.142	-0.4052082	0.338922	0.0979978	0.902002	0.195996	1.804	0.9997431
7869	1	-1818.797	-1818.392	-0.4050529	0.295577	0.0927649	0.907235	0.18553	1.81447	0.9995879
7870	0	-1815.162	-1814.757	-0.4054602	0.333003	0.10049	0.89951	0.20098	1.79902	0.9999951
7871	1	-1816.645	-1816.239	-0.405316	0.333785	0.0895301	0.91047	0.17906	1.82094	0.9998509
7872	0	-1818.215	-1817.811	-0.4041395	0.33788	0.0908718	0.909128	0.181744	1.81826	0.9986753
7873	1	-1815.051	-1814.646	-0.405316	0.33283	0.0963884	0.903612	0.192777	1.80722	0.9998509
7874	0	-1816.456	-1816.051	-0.4053364	0.328193	0.104985	0.895015	0.209969	1.79003	0.9998713
7875	1	-1816.115	-1815.71	-0.4049581	0.340959	0.0979373	0.902063	0.195875	1.80413	0.9994931
7876	0	-1815.246	-1814.841	-0.4053364	0.328871	0.1006	0.8994	0.2012	1.7988	0.9998713
7877	1	-1816.379	-1815.974	-0.4053337	0.353761	0.092776	0.907224	0.185552	1.81445	0.9998686
7878	0	-1815.694	-1815.289	-0.4053364	0.310933	0.095406	0.904594	0.190812	1.80919	0.9998713
7879	1	-1815.206	-1814.8	-0.4052975	0.325052	0.100439	0.899561	0.200879	1.79912	0.9998324
7880	0	-1818.314	-1817.909	-0.4047354	0.346111	0.0882643	0.911736	0.176529	1.82347	0.9992706
7881	1	-1816.348	-1815.943	-0.4052975	0.353525	0.0937291	0.906271	0.187458	1.81254	0.9998324
7882	0	-1816.249	-1815.843	-0.4054632	0.353001	0.0916511	0.908349	0.183302	1.8167	0.9999981
7883	1	-1815.516	-1815.111	-0.4054545	0.334649	0.101605	0.898395	0.203209	1.79679	0.9999894
7884	0	-1815.473	-1815.068	-0.4053402	0.321361	0.102505	0.897495	0.205009	1.79499	0.9998751
7885	1	-1816.064	-1815.659	-0.4048748	0.331799	0.094015	0.905985	0.18803	1.81197	0.9994099
7886	0	-1816.878	-1816.473	-0.4053402	0.344273	0.0889394	0.911061	0.177879	1.82212	0.9998751
7887	1	-1816.564	-1816.159	-0.4050106	0.326719	0.0915181	0.908482	0.183036	1.81696	0.9995456
7888	0	-1816.558	-1816.153	-0.4050148	0.349725	0.0964678	0.903532	0.192936	1.80706	0.9995498
7889	1	-1816.528	-1816.123	-0.40499	0.345323	0.0988476	0.901152	0.197695	1.8023	0.999525
7890	0	-1816.238	-1815.833	-0.404609	0.325498	0.0974046	0.902595	0.194809	1.80519	0.9991443
7891	1	-1815.996	-1815.59	-0.4051286	0.33576	0.0922856	0.907714	0.184571	1.81543	0.9996636
7892	0	-1815.194	-1814.789	-0.4054397	0.336423	0.0934332	0.906567	0.186866	1.81313	0.9999746
7893	1	-1815.652	-1815.247	-0.4051286	0.31253	0.100434	0.899566	0.200869	1.79913	0.9996636
7894	0	-1815.727	-1815.322	-0.4054295	0.348689	0.0966	0.9034	0.1932	1.8068	0.9999644
7895	1	-1816.543	-1816.138	-0.4049146	0.341397	0.0998703	0.90013	0.199741	1.80026	0.9994496
7896	0	-1815.48	-1815.075	-0.4054295	0.306874	0.10175	0.89825	0.2035	1.7965	0.9999644
7897	1	-1817.024	-1816.619	-0.4048627	0.343413	0.100756	0.899244	0.201513	1.79849	0.9993978
7898	0	-1814.838	-1814.432	-0.4054295	0.329115	0.0957378	0.904262	0.191476	1.80852	0.9999644
7899	1	-1816.345	-1815.94	-0.4052814	0.343993	0.100836	0.899164	0.201671	1.79833	0.9998163
7900	0	-1817.419	-1817.014	-0.4054295	0.364842	0.0933031	0.906697	0.186606	1.81339	0.9999644
7901	1	-1815.274	-1814.868	-0.4054163	0.342712	0.0955887	0.904411	0.191177	1.80882	0.9999512
7902	0	-1818.044	-1817.64	-0.4039489	0.331277	0.101568	0.898432	0.203136	1.79686	0.998485
7903	1	-1815.617	-1815.211	-0.4054163	0.305664	0.0973689	0.902631	0.194738	1.80526	0.9999512
7904	0	-1818.404	-1818	-0.4040467	0.342106	0.0910275	0.908972	0.182055	1.81794	0.9985826
7905	1	-1816.21	-1815.804	-0.4054163	0.326422	0.104943	0.895057	0.209885	1.79011	0.9999512
7906	0	-1818.187	-1817.782	-0.4047818	0.304422	0.107673	0.892327	0.215347	1.78465	0.9993169
7907	1	-1817.815	-1817.41	-0.4045579	0.342971	0.0900743	0.909926	0.180149	1.81985	0.9990932
7908	0	-1817.166	-1816.761	-0.4044377	0.333455	0.101129	0.898871	0.202258	1.79774	0.9989731
7909	1	-1816.892	-1816.487	-0.4045579	0.317913	0.102604	0.897396	0.205208	1.79479	0.9990932
7910	0	-1816.896	-1816.49	-0.4052942	0.300761	0.0947598	0.90524	0.18952	1.81048	0.9998291
7911	1	-1817.648	-1817.243	-0.4049908	0.344895	0.0886509	0.911349	0.177302	1.8227	0.9995258
7912	0	-1816.693	-1816.287	-0.4053247	0.352039	0.0991679	0.900832	0.198336	1.80166	0.9998596
7913	1	-1817.105	-1816.7	-0.4044566	0.31014	0.0967106	0.903289	0.193421	1.80658	0.998992
7914	0	-1815.144	-1814.739	-0.4053247	0.315112	0.0991054	0.900895	0.198211	1.80179	0.9998596
7915	1	-1816.068	-1815.663	-0.4047998	0.315687	0.0989136	0.901086	0.197827	1.80217	0.999335
7916	0	-1816.015	-1815.61	-0.4054271	0.299983	0.102646	0.897354	0.205292	1.79471	0.9999619
7917	1	-1816.799	-1816.394	-0.4050626	0.303354	0.104587	0.895413	0.209174	1.79083	0.9995976
7918	0	-1816.53	-1816.125	-0.4050807	0.34978	0.0972618	0.902738	0.194524	1.80548	0.9996156
7919	1	-1815.155	-1814.75	-0.4053134	0.335171	0.0954064	0.904594	0.190813	1.80919	0.9998483
7920	0	-1817.47	-1817.066	-0.4046926	0.303177	0.0956517	0.904348	0.191303	1.8087	0.9992278
7921	1	-1816.827	-1816.421	-0.405371	0.321527	0.106787	0.893213	0.213574	1.78643	0.9999059
7922	0	-1815.659	-1815.253	-0.4053015	0.322383	0.0931967	0.906803	0.186393	1.81361	0.9998364
7923	1	-1816.459	-1816.054	-0.4050302	0.327288	0.10352	0.89648	0.20704	1.79296	0.9995651
7924	0	-1815.51	-1815.105	-0.4050945	0.329096	0.0993967	0.900603	0.198793	1.80121	0.9996295
7925	1	-1817.014	-1816.61	-0.4048958	0.324787	0.104759	0.895241	0.209518	1.79048	0.9994308
7926	0	-1815.224	-1814.819	-0.4051952	0.330893	0.0970868	0.902913	0.194174	1.80583	0.9997302
7927	1	-1817.429	-1817.025	-0.4041647	0.332398	0.0935652	0.906435	0.18713	1.81287	0.9987004
7928	0	-1814.972	-1814.567	-0.4053234	0.328817	0.0967087	0.903291	0.193417	1.80658	0.9998583
7929	1	-1816.926	-1816.521	-0.4043816	0.337648	0.0974512	0.902549	0.194902	1.8051	0.998917
7930	0	-1817.022	-1816.618	-0.4045084	0.334034	0.0926174	0.907383	0.185235	1.81477	0.9990437
7931	1	-1816.235	-1815.83	-0.4050616	0.308168	0.102825	0.897175	0.20565	1.79435	0.9995966
7932	0	-1816.715	-1816.31	-0.4044981	0.321021	0.101084	0.898916	0.202167	1.79783	0.9990335
7933	1	-1815.824	-1815.419	-0.4050899	0.336813	0.0993701	0.90063	0.19874	1.80126	0.9996248
7934	0	-1816.359	-1815.954	-0.4052486	0.343486	0.100844	0.899156	0.201687	1.79831	0.9997835
7935	1	-1817.679	-1817.275	-0.4043538	0.304167	0.0972265	0.902774	0.194453	1.80555	0.9988893
7936	0	-1818.16	-1817.755	-0.4051534	0.33991	0.105981	0.894019	0.211962	1.78804	0.9996883
7937	1	-1816.459	-1816.054	-0.4051718	0.305183	0.104328	0.895672	0.208657	1.79134	0.9997068
7938	0	-1815.337	-1814.932	-0.4053864	0.342812	0.0961134	0.903887	0.192227	1.80777	0.9999213
7939	1	-1817.163	-1816.758	-0.4052842	0.355352	0.0898916	0.910108	0.179783	1.82022	0.9998191
7940	0	-1815.274	-1814.869	-0.4053459	0.324829	0.0941116	0.905888	0.188223	1.81178	0.9998808
7941	1	-1815.079	-1814.674	-0.4052842	0.324008	0.0991722	0.900828	0.198344	1.80166	0.9998191
7942	0	-1816.599	-1816.195	-0.4044118	0.325134	0.0971749	0.902825	0.19435	1.80565	0.9989473
7943	1	-1815.35	-1814.945	-0.4052842	0.31247	0.0979585	0.902042	0.195917	1.80408	0.9998191
7944	0	-1816.109	-1815.703	-0.405236	0.347877	0.0928618	0.907138	0.185724	1.81428	0.999771
7945	1	-1816.791	-1816.386	-0.4048411	0.329752	0.103135	0.896865	0.206271	1.79373	0.9993762
7946	0	-1816.044	-1815.639	-0.4051177	0.334848	0.101243	0.898757	0.202486	1.79751	0.9996526
7947	1	-1814.953	-1814.548	-0.4054382	0.323086	0.100587	0.899413	0.201173	1.79883	0.9999731
7948	0	-1816.527	-1816.121	-0.4053761	0.351159	0.090566	0.909434	0.181132	1.81887	0.999911
7949	1	-1819.302	-1818.897	-0.4049977	0.312302	0.0883228	0.911677	0.176646	1.82335	0.9995327
7950	0	-1816.032	-1815.627	-0.4049849	0.342356	0.0955606	0.904439	0.191121	1.80888	0.9995199
7951	1	-1816.563	-1816.158	-0.4050921	0.300225	0.102288	0.897712	0.204576	1.79542	0.9996271
7952	0	-1815.173	-1814.768	-0.4053179	0.322001	0.0953852	0.904615	0.19077	1.80923	0.9998528
7953	1	-1816.187	-1815.782	-0.4046935	0.320544	0.0967264	0.903274	0.193453	1.80655	0.9992287
7954	0	-1816.305	-1815.9	-0.4048886	0.328397	0.101877	0.898123	0.203753	1.79625	0.9994236
7955	1	-1816.061	-1815.656	-0.4051997	0.313319	0.0942153	0.905785	0.188431	1.81157	0.9997346
7956	0	-1817.468	-1817.063	-0.4048886	0.331457	0.0895337	0.910466	0.179067	1.82093	0.9994236
7957	1	-1815.103	-1814.698	-0.405287	0.326282	0.0957466	0.904253	0.191493	1.80851	0.999822
7958	0	-1818.185	-1817.78	-0.4049021	0.34948	0.102455	0.897545	0.20491	1.79509	0.9994372
7959	1	-1815.096	-1814.691	-0.405287	0.31948	0.0975369	0.902463	0.195074	1.80493	0.999822
7960	0	-1815.088	-1814.683	-0.4054519	0.315596	0.101386	0.898614	0.202773	1.79723	0.9999868
7961	1	-1816.271	-1815.866	-0.4053457	0.350732	0.0980554	0.901945	0.196111	1.80389	0.9998806
7962	0	-1817.322	-1816.917	-0.4052637	0.36066	0.0915977	0.908402	0.183195	1.8168	0.9997986
7963	1	-1816.015	-1815.61	-0.4048284	0.324682	0.100212	0.899788	0.200425	1.79958	0.9993635
7964	0	-1818.186	-1817.782	-0.4035825	0.322626	0.0962312	0.903769	0.192462	1.80754	0.9981192
7965	1	-1815.895	-1815.49	-0.4052622	0.326069	0.092206	0.907794	0.184412	1.81559	0.9997972
7966	0	-1817.342	-1816.937	-0.4044432	0.305605	0.101887	0.898113	0.203773	1.79623	0.9989786
7967	1	-1817.521	-1817.116	-0.4046978	0.312924	0.0926019	0.907398	0.185204	1.8148	0.999233
7968	0	-1817.911	-1817.506	-0.4050793	0.347159	0.103295	0.896705	0.206589	1.79341	0.9996142
7969	1	-1816.879	-1816.474	-0.4048258	0.347895	0.0926653	0.907335	0.185331	1.81467	0.9993609
7970	0	-1817.724	-1817.32	-0.4044559	0.326622	0.104306	0.895694	0.208613	1.79139	0.9989913
7971	1	-1815.823	-1815.418	-0.4050605	0.314874	0.10149	0.89851	0.20298	1.79702	0.9995955
7972	0	-1815.485	-1815.08	-0.4051036	0.318393	0.0996877	0.900312	0.199375	1.80062	0.9996386
7973	1	-1816.389	-1815.984	-0.4050605	0.349177	0.0959271	0.904073	0.191854	1.80815	0.9995955
7974	0	-1815.75	-1815.345	-0.4049391	0.321931	0.0962692	0.903731	0.192538	1.80746	0.9994741
7975	1	-1816.492	-1816.087	-0.4050246	0.335216	0.102195	0.897805	0.204391	1.79561	0.9995596
7976	0	-1815.98	-1815.575	-0.4051077	0.310026	0.102195	0.897805	0.20439	1.79561	0.9996426
7977	1	-1815.916	-1815.512	-0.4048931	0.32882	0.094763	0.905237	0.189526	1.81047	0.9994281
7978	0	-1818.507	-1818.102	-0.4047238	0.305835	0.0918064	0.908194	0.183613	1.81639	0.999259
7979	1	-1820.723	-1820.319	-0.4042819	0.368574	0.0977896	0.90221	0.195579	1.80442	0.9988175
7980	0	-1818.062	-1817.657	-0.4044732	0.354271	0.0921057	0.907894	0.184211	1.81579	0.9990085
7981	1	-1816.339	-1815.933	-0.4053797	0.311806	0.092721	0.907279	0.185442	1.81456	0.9999146
7982	0	-1815.682	-1815.277	-0.4053733	0.347435	0.0959727	0.904027	0.191945	1.80805	0.9999082
7983	1	-1814.913	-1814.508	-0.4054391	0.326605	0.100003	0.899997	0.200006	1.79999	0.999974
7984	0	-1815.481	-1815.076	-0.4051645	0.314955	0.100066	0.899934	0.200133	1.79987	0.9996995
7985	1	-1815.122	-1814.717	-0.4052528	0.327824	0.0985442	0.901456	0.197088	1.80291	0.9997877
7986	0	-1815.449	-1815.044	-0.405191	0.316059	0.100566	0.899434	0.201133	1.79887	0.9997259
7987	1	-1815.882	-1815.476	-0.4050989	0.326033	0.102006	0.897994	0.204012	1.79599	0.9996339
7988	0	-1815.917	-1815.512	-0.405191	0.313929	0.0946769	0.905323	0.189354	1.81065	0.9997259
7989	1	-1815.494	-1815.089	-0.4051596	0.337114	0.0953154	0.904685	0.190631	1.80937	0.9996946
7990	0	-1817.244	-1816.84	-0.4046735	0.328357	0.0911839	0.908816	0.182368	1.81763	0.9992087
7991	1	-1817.681	-1817.276	-0.4051596	0.361485	0.096432	0.903568	0.192864	1.80714	0.9996946
7992	0	-1815.675	-1815.27	-0.4053424	0.305839	0.097899	0.902101	0.195798	1.8042	0.9998773
7993	1	-1815.655	-1815.249	-0.4051596	0.311014	0.100411	0.899589	0.200821	1.79918	0.9996946
7994	0	-1817.99	-1817.586	-0.4046265	0.301746	0.094755	0.905245	0.18951	1.81049	0.9991618
7995	1	-1815.721	-1815.316	-0.4051596	0.341133	0.0943303	0.90567	0.188661	1.81134	0.9996946
7996	0	-1815.368	-1814.963	-0.4051272	0.32089	0.0971515	0.902848	0.194303	1.8057	0.9996622
7997	1	-1814.748	-1814.343	-0.4054638	0.33058	0.0977469	0.902253	0.195494	1.80451	0.9999987
7998	0	-1815.061	-1814.655	-0.405412	0.335101	0.0986791	0.901321	0.197358	1.80264	0.9999469
7999	1	-1816.564	-1816.16	-0.4045492	0.314952	0.0978826	0.902117	0.195765	1.80423	0.9990845
8000	0	-1817.468	-1817.064	-0.4040255	0.318516	0.100173	0.899827	0.200346	1.79965	0.9985615
8001	1	-1818.192	-1817.787	-0.4050959	0.364934	0.0910912	0.908909	0.182182	1.81782	0.9996308
8002	0	-1818.665	-1818.262	-0.4033164	0.322051	0.0963788	0.903621	0.192758	1.80724	0.9978536
8003	1	-1819.301	-1818.896	-0.4050053	0.341609	0.107277	0.892723	0.214553	1.78545	0.9995403
8004	0	-1818.643	-1818.239	-0.4035322	0.342067	0.0963171	0.903683	0.192634	1.80737	0.998069
8005	1	-1818.575	-1818.172	-0.4033134	0.325881	0.0976387	0.902361	0.195277	1.80472	0.9978507
8006	0	-1816.097	-1815.693	-0.4047998	0.321531	0.100577	0.899423	0.201155	1.79885	0.999335
8007	1	-1820.511	-1820.109	-0.4022553	0.323848	0.0985833	0.901417	0.197167	1.80283	0.9967953
8008	0	-1815.236	-1814.831	-0.4054349	0.341098	0.0976693	0.902331	0.195339	1.80466	0.9999698
8009	1	-1818.861	-1818.457	-0.4035446	0.345887	0.0949338	0.905066	0.189868	1.81013	0.9980813
8010	0	-1815.579	-1815.174	-0.4050048	0.320402	0.0976633	0.902337	0.195327	1.80467	0.9995398
8011	1	-1815.462	-1815.057	-0.405113	0.327858	0.0995069	0.900493	0.199014	1.80099	0.9996479
8012	0	-1814.977	-1814.572	-0.4054005	0.316082	0.0981134	0.901887	0.196227	1.80377	0.9999354
8013	1	-1815.158	-1814.753	-0.4052265	0.321857	0.0985432	0.901457	0.197086	1.80291	0.9997614
8014	0	-1819.574	-1819.169	-0.4049771	0.278222	0.105864	0.894136	0.211727	1.78827	0.9995121
8015	1	-1815.678	-1815.272	-0.4054387	0.305993	0.0965313	0.903469	0.193063	1.80694	0.9999736
8016	0	-1817.294	-1816.889	-0.4048807	0.295894	0.102171	0.897829	0.204343	1.79566	0.9994158
8017	1	-1814.844	-1814.438	-0.4053837	0.324997	0.097945	0.902055	0.19589	1.80411	0.9999186
8018	0	-1816.504	-1816.099	-0.4047466	0.308321	0.099485	0.900515	0.19897	1.80103	0.9992817
8019	1	-1815.747	-1815.342	-0.4053837	0.339329	0.10077	0.89923	0.20154	1.79846	0.9999186
8020	0	-1816.921	-1816.516	-0.4051302	0.317295	0.106203	0.893797	0.212406	1.78759	0.9996651
8021	1	-1815.203	-1814.798	-0.4053837	0.313065	0.100774	0.899226	0.201549	1.79845	0.9999186
8022	0	-1816.719	-1816.314	-0.4051302	0.323511	0.0909186	0.909081	0.181837	1.81816	0.9996651
8023	1	-1819.44	-1819.036	-0.4040952	0.298717	0.0943602	0.90564	0.18872	1.81128	0.998631
8024	0	-1816.523	-1816.119	-0.4044595	0.32271	0.0978268	0.902173	0.195654	1.80435	0.9989948
8025	1	-1814.973	-1814.568	-0.4054004	0.324256	0.095368	0.904632	0.190736	1.80926	0.9999353
8026	0	-1816.198	-1815.793	-0.4047659	0.317813	0.10069	0.89931	0.201381	1.79862	0.999301
8027	1	-1815.032	-1814.627	-0.4052977	0.326731	0.0963376	0.903662	0.192675	1.80732	0.9998327
8028	0	-1817.435	-1817.03	-0.4049992	0.297944	0.095885	0.904115	0.19177	1.80823	0.9995342
8029	1	-1818.943	-1818.54	-0.4033197	0.340303	0.0952215	0.904778	0.190443	1.80956	0.9978569
8030	0	-1818.738	-1818.333	-0.4051299	0.291643	0.0939113	0.906089	0.187823	1.81218	0.9996648
8031	1	-1818.343	-1817.938	-0.4046834	0.322119	0.0893961	0.910604	0.178792	1.82121	0.9992186
8032	0	-1819.87	-1819.467	-0.4031657	0.349328	0.0934994	0.906501	0.186999	1.813	0.9977032
8033	1	-1815.026	-1814.621	-0.4054543	0.337463	0.0980029	0.901997	0.196006	1.80399	0.9999892
8034	0	-1816.886	-1816.481	-0.4051162	0.311967	0.0924994	0.907501	0.184999	1.815	0.9996511
8035	1	-1816.845	-1816.441	-0.404321	0.329812	0.0956685	0.904331	0.191337	1.80866	0.9988566
8036	0	-1816.545	-1816.141	-0.4046976	0.315205	0.0955605	0.904439	0.191121	1.80888	0.9992328
8037	1	-1817.613	-1817.208	-0.4048745	0.319912	0.106647	0.893353	0.213295	1.78671	0.9994096
8038	0	-1816.47	-1816.065	-0.4046162	0.327309	0.100403	0.899597	0.200807	1.79919	0.9991514
8039	1	-1817.812	-1817.407	-0.4048745	0.360087	0.0933704	0.90663	0.186741	1.81326	0.9994096
8040	0	-1815.24	-1814.835	-0.4051815	0.321279	0.0978898	0.90211	0.19578	1.80422	0.9997164
8041	1	-1816.555	-1816.151	-0.4048745	0.321906	0.0928351	0.907165	0.18567	1.81433	0.9994096
8042	0	-1815.246	-1814.841	-0.4052305	0.318548	0.0995771	0.900423	0.199154	1.80085	0.9997654
8043	1	-1816.918	-1816.513	-0.4054226	0.315142	0.107594	0.892406	0.215189	1.78481	0.9999575
8044	0	-1815.219	-1814.813	-0.4053806	0.311207	0.0998415	0.900159	0.199683	1.80032	0.9999155
8045	1	-1818.664	-1818.259	-0.4046848	0.302855	0.108345	0.891655	0.21669	1.78331	0.99922
8046	0	-1815.179	-1814.773	-0.4053343	0.330273	0.0999001	0.9001	0.1998	1.8002	0.9998692
8047	1	-1815.033	-1814.628	-0.4053828	0.333905	0.0950349	0.904965	0.19007	1.80993	0.9999177
8048	0	-1816.85	-1816.445	-0.4046567	0.345004	0.0969852	0.903015	0.19397	1.80603	0.9991919
8049	1	-1815.97	-1815.565	-0.4049689	0.339046	0.0944721	0.905528	0.188944	1.81106	0.9995039
8050	0	-1815.152	-1814.747	-0.4053765	0.327635	0.0941779	0.905822	0.188356	1.81164	0.9999114
8051	1	-1816.679	-1816.274	-0.4049689	0.312129	0.104561	0.895439	0.209121	1.79088	0.9995039
8052	0	-1815.332	-1814.927	-0.4053765	0.337421	0.0934075	0.906592	0.186815	1.81318	0.9999114
8053	1	-1815.042	-1814.637	-0.4053867	0.336157	0.0973738	0.902626	0.194748	1.80525	0.9999216
8054	0	-1816.044	-1815.639	-0.4048381	0.33707	0.0966591	0.903341	0.193318	1.80668	0.9993732
8055	1	-1815.838	-1815.433	-0.4052018	0.323282	0.102857	0.897143	0.205714	1.79429	0.9997367
8056	0	-1818.548	-1818.144	-0.4046317	0.294736	0.106392	0.893608	0.212783	1.78722	0.999167
8057	1	-1818.991	-1818.588	-0.4037101	0.310867	0.0940169	0.905983	0.188034	1.81197	0.9982465
8058	0	-1816.922	-1816.517	-0.4046317	0.311487	0.0954248	0.904575	0.19085	1.80915	0.999167
8059	1	-1817.519	-1817.115	-0.4040176	0.325571	0.100421	0.899579	0.200842	1.79916	0.9985536
8060	0	-1815.602	-1815.196	-0.4053003	0.339981	0.0991329	0.900867	0.198266	1.80173	0.9998352
8061	1	-1820.167	-1819.763	-0.4037421	0.358355	0.098306	0.901694	0.196612	1.80339	0.9982784
8062	0	-1815.644	-1815.238	-0.4053003	0.332798	0.101416	0.898584	0.202832	1.79717	0.9998352
8063	1	-1816.306	-1815.902	-0.4046241	0.327947	0.0955676	0.904432	0.191135	1.80886	0.9991594
8064	0	-1816.086	-1815.68	-0.4053003	0.322094	0.104415	0.895585	0.20883	1.79117	0.9998352
8065	1	-1817.898	-1817.493	-0.4046818	0.302564	0.106039	0.893961	0.212078	1.78792	0.999217
8066	0	-1814.996	-1814.591	-0.4053945	0.317025	0.0972444	0.902756	0.194489	1.80551	0.9999294
8067	1	-1815.434	-1815.029	-0.4052227	0.331927	0.0998706	0.900129	0.199741	1.80026	0.9997577
8068	0	-1815.518	-1815.113	-0.4053945	0.305553	0.0992324	0.900768	0.198465	1.80154	0.9999294
8069	1	-1815.956	-1815.55	-0.4053383	0.300995	0.100104	0.899896	0.200209	1.79979	0.9998732
8070	0	-1817.306	-1816.901	-0.4053945	0.291175	0.0970506	0.902949	0.194101	1.8059	0.9999294
8071	1	-1815.92	-1815.515	-0.4050848	0.336014	0.100104	0.899896	0.200209	1.79979	0.9996197
8072	0	-1817.451	-1817.047	-0.4044673	0.348463	0.096696	0.903304	0.193392	1.80661	0.9990027
8073	1	-1816.019	-1815.614	-0.4050848	0.307421	0.101191	0.898809	0.202382	1.79762	0.9996197
8074	0	-1819.961	-1819.557	-0.4038266	0.317586	0.0898806	0.910119	0.179761	1.82024	0.9983628
8075	1	-1817.444	-1817.039	-0.4043556	0.34433	0.0932605	0.906739	0.186521	1.81348	0.9988911
8076	0	-1816.693	-1816.288	-0.4052985	0.29704	0.0972548	0.902745	0.19451	1.80549	0.9998334
8077	1	-1817.162	-1816.756	-0.4052775	0.301804	0.10703	0.89297	0.21406	1.78594	0.9998124
8078	0	-1815.656	-1815.251	-0.4051173	0.326594	0.101016	0.898984	0.202032	1.79797	0.9996522
8079	1	-1816.208	-1815.803	-0.4048856	0.317737	0.102139	0.897861	0.204279	1.79572	0.9994207
8080	0	-1817.36	-1816.954	-0.4053412	0.355434	0.10009	0.89991	0.200181	1.79982	0.9998761
8081	1	-1816.309	-1815.904	-0.4052873	0.340253	0.101895	0.898105	0.20379	1.79621	0.9998222
8082	0	-1817.318	-1816.914	-0.4040984	0.320037	0.100156	0.899844	0.200312	1.79969	0.9986342
8083	1	-1816.88	-1816.474	-0.4054603	0.35765	0.0979251	0.902075	0.19585	1.80415	0.9999952
8084	0	-1816.195	-1815.79	-0.4047842	0.313164	0.099319	0.900681	0.198638	1.80136	0.9993193
8085	1	-1816.366	-1815.961	-0.405331	0.329217	0.0903529	0.909647	0.180706	1.81929	0.9998659
8086	0	-1818.031	-1817.627	-0.403792	0.317901	0.101267	0.898733	0.202534	1.79747	0.9983283
8087	1	-1821.879	-1821.477	-0.4020453	0.327029	0.103646	0.896354	0.207292	1.79271	0.996586
8088	0	-1816.564	-1816.159	-0.4049645	0.301801	0.100174	0.899826	0.200348	1.79965	0.9994995
8089	1	-1816.184	-1815.779	-0.4048165	0.321541	0.0948331	0.905167	0.189666	1.81033	0.9993516
8090	0	-1815.502	-1815.096	-0.4050967	0.322456	0.100086	0.899914	0.200171	1.79983	0.9996316
8091	1	-1817.091	-1816.686	-0.4048165	0.308874	0.0942521	0.905748	0.188504	1.8115	0.9993516
8092	0	-1815.411	-1815.006	-0.4052132	0.313623	0.0981969	0.901803	0.196394	1.80361	0.9997482
8093	1	-1816.116	-1815.711	-0.4052163	0.345009	0.0989729	0.901027	0.197946	1.80205	0.9997512
8094	0	-1815.65	-1815.245	-0.4052132	0.31604	0.102233	0.897767	0.204467	1.79553	0.9997482
8095	1	-1821.993	-1821.591	-0.4020103	0.322191	0.0920105	0.907989	0.184021	1.81598	0.9965512
8096	0	-1816.425	-1816.02	-0.4053774	0.333424	0.104251	0.895749	0.208502	1.7915	0.9999123
8097	1	-1818.219	-1817.815	-0.4037802	0.33492	0.100135	0.899865	0.200269	1.79973	0.9983165
8098	0	-1816.07	-1815.665	-0.4053774	0.309803	0.094018	0.905982	0.188036	1.81196	0.9999123
8099	1	-1817.367	-1816.963	-0.4040906	0.317432	0.100159	0.899841	0.200319	1.79968	0.9986264
8100	0	-1817.564	-1817.159	-0.4054503	0.344322	0.104808	0.895192	0.209617	1.79038	0.9999852
8101	1	-1817.326	-1816.921	-0.4048959	0.325477	0.090287	0.909713	0.180574	1.81943	0.999431
8102	0	-1815.272	-1814.867	-0.4052864	0.336927	0.0951163	0.904884	0.190233	1.80977	0.9998213
8103	1	-1815.491	-1815.085	-0.4053266	0.31743	0.102523	0.897477	0.205046	1.79495	0.9998615
8104	0	-1817.496	-1817.091	-0.4051418	0.289948	0.103144	0.896856	0.206288	1.79371	0.9996767
8105	1	-1815.634	-1815.229	-0.4053266	0.314752	0.103085	0.896915	0.206171	1.79383	0.9998615
8106	0	-1816.53	-1816.125	-0.4048422	0.320519	0.0933333	0.906667	0.186667	1.81333	0.9993773
8107	1	-1815.534	-1815.129	-0.4053513	0.307229	0.0981533	0.901847	0.196307	1.80369	0.9998862
8108	0	-1815.518	-1815.113	-0.405252	0.315913	0.0955022	0.904498	0.191004	1.809	0.9997869
8109	1	-1815.657	-1815.252	-0.4053513	0.316699	0.10344	0.89656	0.206879	1.79312	0.9998862
8110	0	-1816.364	-1815.958	-0.4052787	0.309775	0.0936616	0.906338	0.187323	1.81268	0.9998136
8111	1	-1816.895	-1816.491	-0.4047668	0.348882	0.0941981	0.905802	0.188396	1.8116	0.9993019
8112	0	-1815.082	-1814.677	-0.4052787	0.321771	0.0970548	0.902945	0.19411	1.80589	0.9998136
8113	1	-1816.636	-1816.231	-0.4046061	0.313607	0.101209	0.898791	0.202418	1.79758	0.9991414
8114	0	-1816.033	-1815.628	-0.4051671	0.333555	0.0918824	0.908118	0.183765	1.81624	0.9997021
8115	1	-1816.783	-1816.378	-0.4054437	0.318886	0.090182	0.909818	0.180364	1.81964	0.9999786
8116	0	-1815.86	-1815.455	-0.4049334	0.334605	0.0950012	0.904999	0.190002	1.81	0.9994685
8117	1	-1816.763	-1816.358	-0.4050658	0.351477	0.0921704	0.90783	0.184341	1.81566	0.9996008
8118	0	-1816.086	-1815.68	-0.405313	0.301701	0.102522	0.897478	0.205045	1.79496	0.9998479
8119	1	-1815.435	-1815.029	-0.4053352	0.330951	0.101157	0.898843	0.202314	1.79769	0.9998701
8120	0	-1816.015	-1815.61	-0.4051062	0.312946	0.0951987	0.904801	0.190397	1.8096	0.9996411
8121	1	-1816.202	-1815.797	-0.4048856	0.324864	0.0936688	0.906331	0.187338	1.81266	0.9994207
8122	0	-1818.535	-1818.13	-0.4052396	0.369806	0.0916642	0.908336	0.183328	1.81667	0.9997745
8123	1	-1816.535	-1816.13	-0.4051384	0.316178	0.105172	0.894828	0.210343	1.78966	0.9996734
8124	0	-1819.053	-1818.648	-0.4051637	0.344741	0.085597	0.914403	0.171194	1.82881	0.9996987
8125	1	-1815.561	-1815.156	-0.4051384	0.324331	0.0946241	0.905376	0.189248	1.81075	0.9996734
8126	0	-1814.86	-1814.455	-0.405401	0.327518	0.0986815	0.901319	0.197363	1.80264	0.9999359
8127	1	-1815.218	-1814.812	-0.4053102	0.329332	0.0943998	0.9056	0.1888	1.8112	0.9998451
8128	0	-1816.555	-1816.15	-0.405401	0.335347	0.0893388	0.910661	0.178678	1.82132	0.9999359
8129	1	-1819.14	-1818.735	-0.4047432	0.353493	0.102735	0.897265	0.20547	1.79453	0.9992784
8130	0	-1815.935	-1815.53	-0.4048932	0.314643	0.0987508	0.901249	0.197502	1.8025	0.9994283
8131	1	-1815.592	-1815.187	-0.4051359	0.33912	0.0963618	0.903638	0.192724	1.80728	0.9996709
8132	0	-1816.138	-1815.733	-0.4051848	0.30851	0.0954754	0.904525	0.190951	1.80905	0.9997198
8133	1	-1822.114	-1821.709	-0.404525	0.366732	0.103194	0.896806	0.206388	1.79361	0.9990604
8134	0	-1815.497	-1815.092	-0.4053423	0.337173	0.092846	0.907154	0.185692	1.81431	0.9998772
8135	1	-1817.727	-1817.324	-0.4038223	0.328554	0.0987284	0.901272	0.197457	1.80254	0.9983585
8136	0	-1817.007	-1816.602	-0.4053423	0.292066	0.103964	0.896036	0.207929	1.79207	0.9998772
8137	1	-1816.73	-1816.325	-0.4045045	0.326621	0.0942345	0.905765	0.188469	1.81153	0.9990399
8138	0	-1818.54	-1818.136	-0.4038391	0.305269	0.102594	0.897406	0.205188	1.79481	0.9983753
8139	1	-1816.112	-1815.707	-0.4048451	0.336444	0.0983759	0.901624	0.196752	1.80325	0.9993802
8140	0	-1815.422	-1815.016	-0.4054106	0.340437	0.0930121	0.906988	0.186024	1.81398	0.9999455
8141	1	-1815.974	-1815.569	-0.4054563	0.350749	0.0974392	0.902561	0.194878	1.80512	0.9999912
8142	0	-1816.79	-1816.385	-0.404703	0.333354	0.101576	0.898424	0.203152	1.79685	0.9992382
8143	1	-1817.714	-1817.309	-0.4049724	0.322594	0.107082	0.892918	0.214165	1.78584	0.9995074
8144	0	-1815.944	-1815.539	-0.4048595	0.321567	0.0958895	0.904111	0.191779	1.80822	0.9993946
8145	1	-1816.307	-1815.902	-0.4049724	0.344952	0.0937243	0.906276	0.187449	1.81255	0.9995074
8146	0	-1816.523	-1816.118	-0.4049205	0.305466	0.102178	0.897822	0.204356	1.79564	0.9994555
8147	1	-1814.961	-1814.555	-0.4054274	0.325235	0.100347	0.899653	0.200694	1.79931	0.9999623
8148	0	-1816.305	-1815.899	-0.4051449	0.343289	0.0999649	0.900035	0.19993	1.80007	0.9996798
8149	1	-1815.767	-1815.362	-0.4052362	0.306164	0.0990296	0.90097	0.198059	1.80194	0.9997711
8150	0	-1816.422	-1816.017	-0.4053764	0.346813	0.09018	0.90982	0.18036	1.81964	0.9999113
8151	1	-1815.875	-1815.47	-0.4053974	0.300783	0.100861	0.899139	0.201723	1.79828	0.9999323
8152	0	-1815.254	-1814.848	-0.4053764	0.317382	0.0953206	0.904679	0.190641	1.80936	0.9999113
8153	1	-1814.903	-1814.497	-0.4053974	0.321927	0.0994984	0.900502	0.198997	1.801	0.9999323
8154	0	-1816.329	-1815.924	-0.4053241	0.353495	0.0932445	0.906755	0.186489	1.81351	0.999859
8155	1	-1815.392	-1814.986	-0.4052964	0.321465	0.0944725	0.905527	0.188945	1.81105	0.9998313
8156	0	-1817.006	-1816.6	-0.4053889	0.316132	0.090361	0.909639	0.180722	1.81928	0.9999238
8157	1	-1816.016	-1815.611	-0.4052008	0.3392	0.0918816	0.908118	0.183763	1.81624	0.9997357
8158	0	-1815.54	-1815.135	-0.4050208	0.326561	0.0962248	0.903775	0.19245	1.80755	0.9995558
8159	1	-1816.572	-1816.168	-0.4045147	0.318303	0.0967933	0.903207	0.193587	1.80641	0.9990501
8160	0	-1815.192	-1814.786	-0.4052414	0.32272	0.0962248	0.903775	0.19245	1.80755	0.9997763
8161	1	-1818.456	-1818.052	-0.4039257	0.319644	0.104211	0.895789	0.208423	1.79158	0.9984618
8162	0	-1815.141	-1814.735	-0.4052508	0.319825	0.0982681	0.901732	0.196536	1.80346	0.9997857
8163	1	-1815.122	-1814.716	-0.4052389	0.329164	0.0974111	0.902589	0.194822	1.80518	0.9997738
8164	0	-1815.852	-1815.447	-0.4049035	0.31652	0.098676	0.901324	0.197352	1.80265	0.9994385
8165	1	-1815.185	-1814.78	-0.4052389	0.320973	0.0993647	0.900635	0.198729	1.80127	0.9997738
8166	0	-1815.43	-1815.024	-0.4050852	0.329428	0.0982021	0.901798	0.196404	1.8036	0.9996202
8167	1	-1815.969	-1815.564	-0.4052389	0.306853	0.0965146	0.903485	0.193029	1.80697	0.9997738
8168	0	-1820.485	-1820.081	-0.4039541	0.360458	0.0996707	0.900329	0.199341	1.80066	0.9984901
8169	1	-1817.198	-1816.794	-0.4042689	0.332	0.0937854	0.906215	0.187571	1.81243	0.9988045
8170	0	-1815.307	-1814.902	-0.4054489	0.32939	0.101773	0.898227	0.203547	1.79645	0.9999838
8171	1	-1815.419	-1815.013	-0.405199	0.321594	0.0952621	0.904738	0.190524	1.80948	0.999734
8172	0	-1815.185	-1814.78	-0.4054489	0.320491	0.0943301	0.90567	0.18866	1.81134	0.9999838
8173	1	-1815.479	-1815.074	-0.405199	0.339	0.0956297	0.90437	0.191259	1.80874	0.999734
8174	0	-1815.727	-1815.322	-0.4050324	0.334375	0.0945386	0.905461	0.189077	1.81092	0.9995674
8175	1	-1815.566	-1815.16	-0.4051634	0.333261	0.0939311	0.906069	0.187862	1.81214	0.9996983
8176	0	-1817.015	-1816.611	-0.4044844	0.313406	0.0956645	0.904335	0.191329	1.80867	0.9990197
8177	1	-1816.986	-1816.581	-0.4046814	0.315742	0.103899	0.896101	0.207797	1.7922	0.9992166
8178	0	-1815.781	-1815.376	-0.4048892	0.326352	0.0988414	0.901159	0.197683	1.80232	0.9994242
8179	1	-1817.72	-1817.316	-0.4046814	0.352824	0.0981425	0.901858	0.196285	1.80372	0.9992166
8180	0	-1816.806	-1816.401	-0.4049254	0.305447	0.0957647	0.904235	0.191529	1.80847	0.9994604
8181	1	-1816.602	-1816.196	-0.4051388	0.303769	0.0956703	0.90433	0.191341	1.80866	0.9996738
8182	0	-1816.241	-1815.836	-0.4048506	0.309854	0.0986828	0.901317	0.197366	1.80263	0.9993856
8183	1	-1817.399	-1816.995	-0.4047731	0.300733	0.096427	0.903573	0.192854	1.80715	0.9993083
8184	0	-1816.798	-1816.393	-0.4043521	0.3328	0.0961144	0.903886	0.192229	1.80777	0.9988876
8185	1	-1815.71	-1815.305	-0.4053803	0.331492	0.102472	0.897528	0.204943	1.79506	0.9999152
8186	0	-1815.893	-1815.488	-0.4049372	0.326932	0.0945225	0.905478	0.189045	1.81096	0.9994722
8187	1	-1815.553	-1815.148	-0.4053165	0.307441	0.100502	0.899498	0.201004	1.799	0.9998514
8188	0	-1816.12	-1815.716	-0.4047071	0.325835	0.0961012	0.903899	0.192202	1.8078	0.9992423
8189	1	-1816.235	-1815.83	-0.405029	0.339831	0.0999468	0.900053	0.199894	1.80011	0.9995639
8190	0	-1817.052	-1816.647	-0.405022	0.339803	0.102819	0.897181	0.205638	1.79436	0.999557
8191	1	-1817.157	-1816.752	-0.4048263	0.343571	0.100946	0.899054	0.201892	1.79811	0.9993614
8192	0	-1815.726	-1815.321	-0.405022	0.324789	0.100619	0.899381	0.201238	1.79876	0.999557
8193	1	-1816.289	-1815.884	-0.4052983	0.298082	0.100032	0.899968	0.200064	1.79994	0.9998332
8194	0	-1815.672	-1815.267	-0.405256	0.338288	0.0928576	0.907142	0.185715	1.81428	0.9997909
8195	1	-1818.401	-1817.996	-0.405452	0.280141	0.0995434	0.900457	0.199087	1.80091	0.9999869
8196	0	-1815.739	-1815.334	-0.4053109	0.333508	0.101719	0.898281	0.203437	1.79656	0.9998458
8197	1	-1815.155	-1814.75	-0.4052959	0.333668	0.0980727	0.901927	0.196145	1.80385	0.9998308
8198	0	-1815.231	-1814.826	-0.4053348	0.317051	0.101069	0.898931	0.202138	1.79786	0.9998697
8199	1	-1816.513	-1816.108	-0.4046066	0.338369	0.0960584	0.903942	0.192117	1.80788	0.9991419
8200	0	-1816.154	-1815.748	-0.4051674	0.303742	0.101963	0.898037	0.203927	1.79607	0.9997023
8201	1	-1815.867	-1815.461	-0.4050783	0.316163	0.0952431	0.904757	0.190486	1.80951	0.9996132
8202	0	-1814.843	-1814.438	-0.4054334	0.322516	0.0962987	0.903701	0.192597	1.8074	0.9999683
8203	1	-1815.676	-1815.271	-0.4050464	0.317755	0.100543	0.899457	0.201086	1.79891	0.9995814
8204	0	-1816.02	-1815.615	-0.4054137	0.351942	0.0934266	0.906573	0.186853	1.81315	0.9999486
8205	1	-1815.922	-1815.517	-0.4054373	0.332718	0.103267	0.896733	0.206534	1.79347	0.9999721
8206	0	-1816.932	-1816.527	-0.4054137	0.298119	0.0949634	0.905037	0.189927	1.81007	0.9999486
8207	1	-1814.87	-1814.465	-0.4054373	0.317457	0.0979111	0.902089	0.195822	1.80418	0.9999721
8208	0	-1816.483	-1816.078	-0.4048094	0.32295	0.0933471	0.906653	0.186694	1.81331	0.9993445
8209	1	-1816.278	-1815.874	-0.4048459	0.321141	0.0941862	0.905814	0.188372	1.81163	0.999381
8210	0	-1816.032	-1815.627	-0.404908	0.339385	0.0953187	0.904681	0.190637	1.80936	0.9994431
8211	1	-1815.867	-1815.463	-0.4048459	0.331605	0.0970682	0.902932	0.194136	1.80586	0.999381
8212	0	-1816.858	-1816.454	-0.4043495	0.330389	0.0950516	0.904948	0.190103	1.8099	0.998885
8213	1	-1815.799	-1815.394	-0.4051129	0.339452	0.0938232	0.906177	0.187646	1.81235	0.9996479
8214	0	-1818.771	-1818.367	-0.4044154	0.360755	0.0924408	0.907559	0.184882	1.81512	0.9989509
8215	1	-1816.432	-1816.027	-0.4054464	0.357086	0.0946188	0.905381	0.189238	1.81076	0.9999813
8216	0	-1816.999	-1816.594	-0.4045118	0.307149	0.0996129	0.900387	0.199226	1.80077	0.9990471
8217	1	-1817.032	-1816.627	-0.4050325	0.300128	0.104579	0.895421	0.209158	1.79084	0.9995674
8218	0	-1814.98	-1814.574	-0.4054441	0.337846	0.0962023	0.903798	0.192405	1.8076	0.999979
8219	1	-1817.504	-1817.1	-0.4039972	0.318774	0.100049	0.899951	0.200097	1.7999	0.9985332
8220	0	-1815.033	-1814.627	-0.4054441	0.337722	0.0948632	0.905137	0.189726	1.81027	0.999979
8221	1	-1817.207	-1816.803	-0.4044996	0.314767	0.0942888	0.905711	0.188578	1.81142	0.9990349
8222	0	-1816.283	-1815.878	-0.4054441	0.314275	0.106075	0.893925	0.21215	1.78785	0.999979
8223	1	-1816.453	-1816.049	-0.4047168	0.320458	0.0945767	0.905423	0.189153	1.81085	0.999252
8224	0	-1815.988	-1815.583	-0.4050344	0.335697	0.100078	0.899922	0.200157	1.79984	0.9995694
8225	1	-1815.363	-1814.958	-0.4053149	0.336688	0.0938032	0.906197	0.187606	1.81239	0.9998499
8226	0	-1815.772	-1815.367	-0.4050344	0.315997	0.100922	0.899078	0.201845	1.79816	0.9995694
8227	1	-1815.809	-1815.404	-0.4053149	0.32316	0.0925091	0.907491	0.185018	1.81498	0.9998499
8228	0	-1816.192	-1815.787	-0.4053354	0.312245	0.0932511	0.906749	0.186502	1.8135	0.9998703
8229	1	-1816.225	-1815.82	-0.4049164	0.308708	0.098063	0.901937	0.196126	1.80387	0.9994514
8230	0	-1814.999	-1814.594	-0.4053212	0.328011	0.0961668	0.903833	0.192334	1.80767	0.9998561
8231	1	-1815.211	-1814.806	-0.4052296	0.322513	0.0962937	0.903706	0.192587	1.80741	0.9997645
8232	0	-1819.668	-1819.263	-0.4045267	0.360867	0.100124	0.899876	0.200248	1.79975	0.9990621
8233	1	-1818.854	-1818.45	-0.4037713	0.330497	0.103432	0.896568	0.206864	1.79314	0.9983076
8234	0	-1817.59	-1817.185	-0.4046983	0.306805	0.105628	0.894372	0.211256	1.78874	0.9992335
8235	1	-1818.102	-1817.697	-0.4049386	0.287577	0.100726	0.899274	0.201452	1.79855	0.9994737
8236	0	-1816.595	-1816.19	-0.4052372	0.336249	0.0899034	0.910097	0.179807	1.82019	0.9997721
8237	1	-1820.713	-1820.309	-0.4035233	0.316926	0.108339	0.891661	0.216679	1.78332	0.99806
8238	0	-1815.411	-1815.006	-0.4052372	0.317769	0.101168	0.898832	0.202336	1.79766	0.9997721
8239	1	-1817.295	-1816.891	-0.4041136	0.331008	0.0949786	0.905021	0.189957	1.81004	0.9986494
8240	0	-1816.173	-1815.768	-0.405219	0.344715	0.0917967	0.908203	0.183593	1.81641	0.9997539
8241	1	-1816.332	-1815.927	-0.4049327	0.345645	0.0954939	0.904506	0.190988	1.80901	0.9994677
8242	0	-1815.838	-1815.433	-0.4050892	0.309161	0.0993241	0.900676	0.198648	1.80135	0.9996242
8243	1	-1818.43	-1818.027	-0.4037224	0.339034	0.0929964	0.907004	0.185993	1.81401	0.9982588
8244	0	-1816.415	-1816.011	-0.4049497	0.319779	0.103528	0.896472	0.207056	1.79294	0.9994847
8245	1	-1816.722	-1816.317	-0.4050964	0.322778	0.105149	0.894851	0.210298	1.7897	0.9996314
8246	0	-1816.167	-1815.762	-0.4054063	0.307703	0.0941358	0.905864	0.188272	1.81173	0.9999412
8247	1	-1815.797	-1815.392	-0.4048779	0.330531	0.0965543	0.903446	0.193109	1.80689	0.9994129
8248	0	-1815.646	-1815.241	-0.4052029	0.310663	0.101086	0.898914	0.202173	1.79783	0.9997378
8249	1	-1817.223	-1816.818	-0.4048779	0.345905	0.100699	0.899301	0.201398	1.7986	0.9994129
8250	0	-1815.293	-1814.887	-0.4052029	0.322352	0.0999283	0.900072	0.199857	1.80014	0.9997378
8251	1	-1815.74	-1815.335	-0.4049549	0.33112	0.0986802	0.90132	0.19736	1.80264	0.99949
8252	0	-1820.304	-1819.9	-0.4046192	0.293471	0.111015	0.888985	0.222031	1.77797	0.9991544
8253	1	-1817.381	-1816.976	-0.4053702	0.361512	0.0968828	0.903117	0.193766	1.80623	0.9999051
8254	0	-1816.363	-1815.958	-0.4048579	0.341273	0.0935403	0.90646	0.187081	1.81292	0.999393
8255	1	-1815.738	-1815.333	-0.4052693	0.306523	0.0980885	0.901911	0.196177	1.80382	0.9998042
8256	0	-1816.132	-1815.727	-0.4053452	0.301171	0.097473	0.902527	0.194946	1.80505	0.9998801
8257	1	-1815.117	-1814.712	-0.405346	0.327986	0.0946836	0.905316	0.189367	1.81063	0.9998809
8258	0	-1815.122	-1814.717	-0.4054341	0.314753	0.101271	0.898729	0.202542	1.79746	0.999969
8259	1	-1815.835	-1815.43	-0.405346	0.33928	0.0915881	0.908412	0.183176	1.81682	0.9998809
8260	0	-1814.867	-1814.461	-0.4054476	0.326823	0.0997283	0.900272	0.199457	1.80054	0.9999825
8261	1	-1815.629	-1815.224	-0.4052214	0.337133	0.0995143	0.900486	0.199029	1.80097	0.9997563
8262	0	-1815.547	-1815.142	-0.405057	0.317494	0.0986585	0.901341	0.197317	1.80268	0.999592
8263	1	-1815.959	-1815.554	-0.4052214	0.337762	0.0918686	0.908131	0.183737	1.81626	0.9997563
8264	0	-1817.141	-1816.736	-0.4047778	0.328308	0.104077	0.895923	0.208154	1.79185	0.9993129
8265	1	-1815.627	-1815.222	-0.4051634	0.315018	0.101442	0.898558	0.202884	1.79712	0.9996984
8266	0	-1816.068	-1815.663	-0.4052445	0.348882	0.093691	0.906309	0.187382	1.81262	0.9997794
8267	1	-1816.932	-1816.527	-0.4046789	0.314246	0.103622	0.896378	0.207245	1.79276	0.9992141
8268	0	-1818.028	-1817.623	-0.4047536	0.296329	0.10565	0.89435	0.211299	1.7887	0.9992887
8269	1	-1815.706	-1815.301	-0.4049947	0.317577	0.0998247	0.900175	0.199649	1.80035	0.9995297
8270	0	-1816.864	-1816.459	-0.4054604	0.352715	0.0892809	0.910719	0.178562	1.82144	0.9999953
8271	1	-1816.532	-1816.127	-0.4054629	0.332919	0.0892435	0.910757	0.178487	1.82151	0.9999978
8272	0	-1815.317	-1814.911	-0.4054174	0.332147	0.0928884	0.907112	0.185777	1.81422	0.9999523
8273	1	-1816.249	-1815.844	-0.4047244	0.33374	0.0987294	0.901271	0.197459	1.80254	0.9992595
8274	0	-1817.385	-1816.98	-0.4050669	0.301454	0.0942737	0.905726	0.188547	1.81145	0.9996019
8275	1	-1815.565	-1815.159	-0.4052843	0.317946	0.0944764	0.905524	0.188953	1.81105	0.9998192
8276	0	-1815.265	-1814.859	-0.4053533	0.313967	0.101088	0.898912	0.202176	1.79782	0.9998882
8277	1	-1817.679	-1817.275	-0.4043299	0.318352	0.104099	0.895901	0.208197	1.7918	0.9988655
8278	0	-1815.635	-1815.229	-0.4053533	0.346393	0.0947863	0.905214	0.189573	1.81043	0.9998882
8279	1	-1819.256	-1818.85	-0.4054622	0.278728	0.0968659	0.903134	0.193732	1.80627	0.9999971
8280	0	-1817.049	-1816.645	-0.4047866	0.301179	0.102334	0.897666	0.204667	1.79533	0.9993217
8281	1	-1815.973	-1815.568	-0.4054561	0.347961	0.0914745	0.908526	0.182949	1.81705	0.999991
8282	0	-1815.74	-1815.334	-0.4053238	0.320576	0.103489	0.896511	0.206978	1.79302	0.9998587
8283	1	-1816.809	-1816.405	-0.4044721	0.313452	0.0973338	0.902666	0.194668	1.80533	0.9990075
8284	0	-1815.639	-1815.233	-0.4054089	0.312177	0.0946961	0.905304	0.189392	1.81061	0.9999438
8285	1	-1817.029	-1816.625	-0.4044721	0.325772	0.102111	0.897889	0.204222	1.79578	0.9990075
8286	0	-1817.969	-1817.565	-0.4047077	0.32897	0.105816	0.894184	0.211631	1.78837	0.9992429
8287	1	-1818.909	-1818.505	-0.403715	0.329971	0.103373	0.896627	0.206746	1.79325	0.9982514
8288	0	-1815.617	-1815.211	-0.405264	0.317687	0.102592	0.897408	0.205184	1.79482	0.9997989
8289	1	-1815.246	-1814.841	-0.4053055	0.338185	0.0965148	0.903485	0.19303	1.80697	0.9998404
8290	0	-1816.458	-1816.053	-0.405102	0.347142	0.0986582	0.901342	0.197316	1.80268	0.999637
8291	1	-1817.253	-1816.848	-0.4050932	0.31103	0.091915	0.908085	0.18383	1.81617	0.9996282
8292	0	-1816.143	-1815.738	-0.4052336	0.341182	0.10069	0.89931	0.20138	1.79862	0.9997685
8293	1	-1817.381	-1816.976	-0.4043849	0.306096	0.101502	0.898498	0.203004	1.797	0.9989203
8294	0	-1815.909	-1815.504	-0.4052336	0.333816	0.0918938	0.908106	0.183788	1.81621	0.9997685
8295	1	-1816.5	-1816.094	-0.4053552	0.301198	0.0955826	0.904417	0.191165	1.80883	0.9998901
8296	0	-1817.111	-1816.707	-0.4044383	0.315314	0.095028	0.904972	0.190056	1.80994	0.9989737
8297	1	-1816.652	-1816.247	-0.4046208	0.32515	0.0937564	0.906244	0.187513	1.81249	0.9991561
8298	0	-1815.111	-1814.706	-0.4053627	0.314121	0.0991226	0.900877	0.198245	1.80175	0.9998976
8299	1	-1816.557	-1816.152	-0.4049294	0.308218	0.0957763	0.904224	0.191553	1.80845	0.9994645
8300	0	-1815.855	-1815.45	-0.4049796	0.330356	0.0941316	0.905868	0.188263	1.81174	0.9995146
8301	1	-1816.973	-1816.569	-0.4045443	0.343323	0.0974699	0.90253	0.19494	1.80506	0.9990796
8302	0	-1815.403	-1814.998	-0.4050764	0.328058	0.0972356	0.902764	0.194471	1.80553	0.9996113
8303	1	-1817.204	-1816.8	-0.4045443	0.346884	0.0936098	0.90639	0.18722	1.81278	0.9990796
8304	0	-1815.138	-1814.733	-0.4053245	0.315803	0.0995579	0.900442	0.199116	1.80088	0.9998594
8305	1	-1815.916	-1815.511	-0.4048105	0.323531	0.0967155	0.903285	0.193431	1.80657	0.9993456
8306	0	-1815.493	-1815.088	-0.4051551	0.337612	0.096563	0.903437	0.193126	1.80687	0.99969
8307	1	-1815.094	-1814.688	-0.4053359	0.32801	0.0949692	0.905031	0.189938	1.81006	0.9998708
8308	0	-1815.785	-1815.38	-0.4051551	0.316785	0.0948041	0.905196	0.189608	1.81039	0.99969
8309	1	-1815.609	-1815.204	-0.4050627	0.324544	0.0951381	0.904862	0.190276	1.80972	0.9995977
8310	0	-1815.909	-1815.504	-0.4048036	0.325309	0.0967251	0.903275	0.19345	1.80655	0.9993387
8311	1	-1815.746	-1815.341	-0.4051388	0.31391	0.0960049	0.903995	0.19201	1.80799	0.9996737
8312	0	-1815.935	-1815.53	-0.4050091	0.329177	0.0934927	0.906507	0.186985	1.81301	0.9995441
8313	1	-1816.018	-1815.613	-0.4049987	0.320022	0.102224	0.897776	0.204448	1.79555	0.9995337
8314	0	-1815.167	-1814.761	-0.4053262	0.316303	0.0970025	0.902998	0.194005	1.806	0.9998611
8315	1	-1815.847	-1815.442	-0.4048851	0.318734	0.0992562	0.900744	0.198512	1.80149	0.9994202
8316	0	-1816.953	-1816.549	-0.4042585	0.331807	0.097819	0.902181	0.195638	1.80436	0.9987942
8317	1	-1817.891	-1817.486	-0.4047044	0.357907	0.0951632	0.904837	0.190326	1.80967	0.9992396
8318	0	-1816.534	-1816.129	-0.4049986	0.315495	0.104337	0.895663	0.208674	1.79133	0.9995336
8319	1	-1815.872	-1815.466	-0.4053336	0.349146	0.094953	0.905047	0.189906	1.81009	0.9998685
8320	0	-1816.095	-1815.69	-0.404815	0.333954	0.0946863	0.905314	0.189373	1.81063	0.9993501
8321	1	-1815.402	-1814.996	-0.4053336	0.341946	0.0949258	0.905074	0.189852	1.81015	0.9998685
8322	0	-1816.828	-1816.424	-0.404815	0.342184	0.0917196	0.90828	0.183439	1.81656	0.9993501
8323	1	-1814.981	-1814.576	-0.4054411	0.337258	0.0971744	0.902826	0.194349	1.80565	0.999976
8324	0	-1817.159	-1816.755	-0.4045092	0.311419	0.0953705	0.904629	0.190741	1.80926	0.9990445
8325	1	-1816.058	-1815.653	-0.4049231	0.316852	0.0955404	0.90446	0.191081	1.80892	0.9994582
8326	0	-1820.804	-1820.399	-0.4048411	0.281439	0.110925	0.889075	0.22185	1.77815	0.9993762
8327	1	-1816.242	-1815.837	-0.4049231	0.32874	0.101823	0.898177	0.203647	1.79635	0.9994582
8328	0	-1815.754	-1815.349	-0.4051562	0.338874	0.0934797	0.90652	0.186959	1.81304	0.9996912
8329	1	-1816.274	-1815.869	-0.4049231	0.344513	0.0956581	0.904342	0.191316	1.80868	0.9994582
8330	0	-1815.956	-1815.552	-0.404835	0.317834	0.099276	0.900724	0.198552	1.80145	0.9993701
8331	1	-1815.777	-1815.372	-0.4053478	0.33106	0.102578	0.897422	0.205157	1.79484	0.9998827
8332	0	-1818.025	-1817.621	-0.4036782	0.333416	0.0961737	0.903826	0.192347	1.80765	0.9982147
8333	1	-1815.736	-1815.33	-0.4053478	0.331448	0.0918446	0.908155	0.183689	1.81631	0.9998827
8334	0	-1819.186	-1818.783	-0.4031497	0.312997	0.097775	0.902225	0.19555	1.80445	0.9976872
8335	1	-1815.971	-1815.566	-0.4053478	0.327346	0.0914194	0.908581	0.182839	1.81716	0.9998827
8336	0	-1819.455	-1819.05	-0.4048621	0.357213	0.0864315	0.913568	0.172863	1.82714	0.9993972
8337	1	-1814.996	-1814.591	-0.4053417	0.319297	0.0977091	0.902291	0.195418	1.80458	0.9998766
8338	0	-1819.107	-1818.702	-0.4044462	0.286667	0.100831	0.899169	0.201661	1.79834	0.9989816
8339	1	-1815.7	-1815.294	-0.4052148	0.341009	0.0982987	0.901701	0.196597	1.8034	0.9997497
8340	0	-1817.197	-1816.792	-0.4047619	0.302352	0.0967156	0.903284	0.193431	1.80657	0.999297
8341	1	-1815.946	-1815.54	-0.4052148	0.313583	0.1035	0.8965	0.207001	1.793	0.9997497
8342	0	-1816.94	-1816.535	-0.4052252	0.318289	0.106647	0.893353	0.213295	1.78671	0.9997602
8343	1	-1817.208	-1816.804	-0.4042325	0.337908	0.0950712	0.904929	0.190142	1.80986	0.9987681
8344	0	-1815.55	-1815.145	-0.4052252	0.327755	0.0935617	0.906438	0.187123	1.81288	0.9997602
8345	1	-1816.331	-1815.927	-0.404814	0.317888	0.0948647	0.905135	0.189729	1.81027	0.9993491
8346	0	-1819.756	-1819.353	-0.4028943	0.334884	0.093489	0.906511	0.186978	1.81302	0.9974325
8347	1	-1816.016	-1815.612	-0.404814	0.333714	0.097948	0.902052	0.195896	1.8041	0.9993491
8348	0	-1815.337	-1814.932	-0.4051786	0.319172	0.0969048	0.903095	0.19381	1.80619	0.9997135
8349	1	-1816.046	-1815.641	-0.4049072	0.314696	0.096533	0.903467	0.193066	1.80693	0.9994423
8350	0	-1817.639	-1817.234	-0.4051507	0.361815	0.0917199	0.90828	0.18344	1.81656	0.9996856
8351	1	-1815.776	-1815.371	-0.4052501	0.309462	0.0963518	0.903648	0.192704	1.8073	0.999785
8352	0	-1816.068	-1815.663	-0.4051507	0.325059	0.0923983	0.907602	0.184797	1.8152	0.9996856
8353	1	-1815.338	-1814.933	-0.4051462	0.329341	0.0985124	0.901488	0.197025	1.80298	0.9996811
8354	0	-1817.094	-1816.689	-0.4046868	0.323416	0.103996	0.896004	0.207992	1.79201	0.999222
8355	1	-1816.344	-1815.939	-0.4054367	0.322378	0.105816	0.894184	0.211633	1.78837	0.9999716
8356	0	-1815.793	-1815.388	-0.4051056	0.310692	0.100786	0.899214	0.201573	1.79843	0.9996405
8357	1	-1819.053	-1818.648	-0.4054367	0.332555	0.0853481	0.914652	0.170696	1.8293	0.9999716
8358	0	-1819.211	-1818.806	-0.4047101	0.282431	0.101181	0.898819	0.202361	1.79764	0.9992453
8359	1	-1816.201	-1815.796	-0.405199	0.337173	0.101814	0.898186	0.203629	1.79637	0.999734
8360	0	-1815.656	-1815.251	-0.4052244	0.314848	0.0953433	0.904657	0.190687	1.80931	0.9997593
8361	1	-1815.969	-1815.564	-0.4047585	0.326056	0.0977649	0.902235	0.19553	1.80447	0.9992937
8362	0	-1815.288	-1814.882	-0.4052244	0.334875	0.0957603	0.90424	0.191521	1.80848	0.9997593
8363	1	-1815.407	-1815.001	-0.4053429	0.31604	0.0951887	0.904811	0.190377	1.80962	0.9998778
8364	0	-1815.737	-1815.331	-0.4051978	0.338444	0.0994278	0.900572	0.198856	1.80114	0.9997327
8365	1	-1816.619	-1816.215	-0.4046261	0.310632	0.10017	0.89983	0.20034	1.79966	0.9991614
8366	0	-1817.577	-1817.172	-0.4046496	0.321111	0.105417	0.894583	0.210835	1.78917	0.9991848
8367	1	-1821.19	-1820.787	-0.4034285	0.290034	0.106718	0.893282	0.213435	1.78656	0.9979654
8368	0	-1816.028	-1815.622	-0.4053399	0.335415	0.102497	0.897503	0.204995	1.79501	0.9998748
8369	1	-1820.07	-1819.666	-0.4048906	0.326841	0.110777	0.889223	0.221553	1.77845	0.9994256
8370	0	-1817.294	-1816.889	-0.4043231	0.321145	0.102453	0.897547	0.204906	1.79509	0.9988586
8371	1	-1816.625	-1816.22	-0.4048666	0.346744	0.0971394	0.902861	0.194279	1.80572	0.9994016
8372	0	-1816.889	-1816.485	-0.404734	0.312195	0.0945598	0.90544	0.18912	1.81088	0.9992692
8373	1	-1815.74	-1815.335	-0.4050154	0.33753	0.0962413	0.903759	0.192483	1.80752	0.9995504
8374	0	-1819.964	-1819.561	-0.4032416	0.351526	0.0967516	0.903248	0.193503	1.8065	0.9977789
8375	1	-1817.71	-1817.306	-0.4043042	0.34772	0.0970082	0.902992	0.194016	1.80598	0.9988397
8376	0	-1816.535	-1816.13	-0.4047457	0.309939	0.0971866	0.902813	0.194373	1.80563	0.9992808
8377	1	-1820.306	-1819.903	-0.4029209	0.307434	0.103757	0.896243	0.207514	1.79249	0.997459
8378	0	-1816.002	-1815.597	-0.4050307	0.343254	0.0954385	0.904561	0.190877	1.80912	0.9995657
8379	1	-1817.277	-1816.872	-0.404191	0.338596	0.0957759	0.904224	0.191552	1.80845	0.9987267
8380	0	-1815.108	-1814.703	-0.4053879	0.330948	0.0941904	0.90581	0.188381	1.81162	0.9999228
8381	1	-1819.191	-1818.788	-0.4035813	0.350466	0.0936595	0.906341	0.187319	1.81268	0.998118
8382	0	-1815.687	-1815.281	-0.4053301	0.346653	0.0954528	0.904547	0.190906	1.80909	0.999865
8383	1	-1818.533	-1818.128	-0.4042343	0.300984	0.095635	0.904365	0.19127	1.80873	0.9987699
8384	0	-1815.636	-1815.23	-0.4053925	0.328436	0.0920777	0.907922	0.184155	1.81584	0.9999274
8385	1	-1815.223	-1814.818	-0.4054002	0.324866	0.0938916	0.906108	0.187783	1.81222	0.999935
8386	0	-1815.347	-1814.942	-0.4051573	0.32255	0.0996535	0.900347	0.199307	1.80069	0.9996923
8387	1	-1815.767	-1815.362	-0.4054255	0.304783	0.0967542	0.903246	0.193508	1.80649	0.9999604
8388	0	-1815.798	-1815.392	-0.4054367	0.300765	0.100108	0.899892	0.200216	1.79978	0.9999716
8389	1	-1816.81	-1816.404	-0.4054255	0.348913	0.101468	0.898532	0.202936	1.79706	0.9999604
8390	0	-1816.252	-1815.847	-0.4054367	0.296842	0.1027	0.8973	0.205401	1.7946	0.9999716
8391	1	-1815.914	-1815.509	-0.4053655	0.302329	0.0980281	0.901972	0.196056	1.80394	0.9999004
8392	0	-1816.873	-1816.468	-0.40448	0.340436	0.0948833	0.905117	0.189767	1.81023	0.9990154
8393	1	-1815.203	-1814.797	-0.4053655	0.339012	0.095112	0.904888	0.190224	1.80978	0.9999004
8394	0	-1817.264	-1816.86	-0.4040435	0.32415	0.0980697	0.90193	0.196139	1.80386	0.9985794
8395	1	-1815.641	-1815.236	-0.4053655	0.322142	0.0928955	0.907104	0.185791	1.81421	0.9999004
8396	0	-1814.986	-1814.581	-0.4054293	0.330465	0.0997122	0.900288	0.199424	1.80058	0.9999642
8397	1	-1819.817	-1819.412	-0.4053655	0.378523	0.0929913	0.907009	0.185983	1.81402	0.9999004
8398	0	-1816.064	-1815.658	-0.4054293	0.322395	0.105018	0.894982	0.210036	1.78996	0.9999642
8399	1	-1815.22	-1814.815	-0.405389	0.310943	0.0983865	0.901614	0.196773	1.80323	0.9999239
8400	0	-1817.33	-1816.926	-0.4047567	0.331416	0.0903856	0.909614	0.180771	1.81923	0.9992919
8401	1	-1816.74	-1816.336	-0.4044418	0.314912	0.0985409	0.901459	0.197082	1.80292	0.9989772
8402	0	-1815.775	-1815.369	-0.405155	0.309497	0.101001	0.898999	0.202002	1.798	0.9996899
8403	1	-1816.846	-1816.441	-0.404847	0.349557	0.0935484	0.906452	0.187097	1.8129	0.9993821
8404	0	-1816.263	-1815.858	-0.405191	0.34958	0.0968544	0.903146	0.193709	1.80629	0.999726
8405	1	-1814.996	-1814.59	-0.4053628	0.333961	0.0963032	0.903697	0.192606	1.80739	0.9998977
8406	0	-1815.354	-1814.949	-0.4053024	0.3355	0.0992596	0.90074	0.198519	1.80148	0.9998373
8407	1	-1816.077	-1815.672	-0.405448	0.31348	0.0927257	0.907274	0.185451	1.81455	0.9999829
8408	0	-1815.971	-1815.566	-0.4048269	0.318852	0.0996091	0.900391	0.199218	1.80078	0.999362
8409	1	-1815.677	-1815.272	-0.4049572	0.323157	0.0964403	0.90356	0.192881	1.80712	0.9994922
8410	0	-1819.774	-1819.369	-0.4047598	0.329464	0.086228	0.913772	0.172456	1.82754	0.9992949
8411	1	-1816.66	-1816.255	-0.4049572	0.301086	0.0992573	0.900743	0.198515	1.80149	0.9994922
8412	0	-1816.956	-1816.552	-0.4042785	0.334073	0.0971337	0.902866	0.194267	1.80573	0.9988141
8413	1	-1816.705	-1816.3	-0.4049897	0.324315	0.104401	0.895599	0.208802	1.7912	0.9995248
8414	0	-1815.202	-1814.797	-0.4052006	0.326115	0.0964727	0.903527	0.192945	1.80705	0.9997355
8415	1	-1815.894	-1815.488	-0.4053217	0.303685	0.102102	0.897898	0.204205	1.7958	0.9998566
8416	0	-1816.261	-1815.856	-0.4048539	0.325111	0.101831	0.898169	0.203661	1.79634	0.9993889
8417	1	-1815.823	-1815.418	-0.4048942	0.318754	0.0990961	0.900904	0.198192	1.80181	0.9994293
8418	0	-1817.681	-1817.275	-0.4054648	0.287317	0.097298	0.902702	0.194596	1.8054	0.9999997
8419	1	-1815.301	-1814.896	-0.4053498	0.316174	0.101647	0.898353	0.203295	1.79671	0.9998847
8420	0	-1815.182	-1814.777	-0.4051978	0.327375	0.0970867	0.902913	0.194173	1.80583	0.9997327
8421	1	-1815.189	-1814.784	-0.4053528	0.313411	0.100023	0.899977	0.200045	1.79995	0.9998876
8422	0	-1816.635	-1816.23	-0.404725	0.312573	0.102456	0.897544	0.204912	1.79509	0.9992602
8423	1	-1816.525	-1816.12	-0.4050023	0.302916	0.0979533	0.902047	0.195907	1.80409	0.9995373
8424	0	-1819.676	-1819.272	-0.4044239	0.364261	0.0976352	0.902365	0.19527	1.80473	0.9989593
8425	1	-1815.191	-1814.785	-0.4052243	0.324539	0.0991971	0.900803	0.198394	1.80161	0.9997592
8426	0	-1820.245	-1819.841	-0.4037912	0.295771	0.0947286	0.905271	0.189457	1.81054	0.9983275
8427	1	-1818.878	-1818.474	-0.4031623	0.322681	0.0985995	0.9014	0.197199	1.8028	0.9976998
8428	0	-1816.31	-1815.904	-0.4053931	0.331342	0.0900867	0.909913	0.180173	1.81983	0.999928
8429	1	-1819.445	-1819.042	-0.4031513	0.341637	0.0936405	0.906359	0.187281	1.81272	0.9976888
8430	0	-1815.609	-1815.204	-0.4054259	0.307164	0.102754	0.897246	0.205509	1.79449	0.9999607
8431	1	-1817.68	-1817.275	-0.4045105	0.349677	0.0919545	0.908045	0.183909	1.81609	0.9990458
8432	0	-1818.624	-1818.219	-0.4047762	0.292069	0.106881	0.893119	0.213762	1.78624	0.9993113
8433	1	-1816.51	-1816.104	-0.4054311	0.296001	0.0976149	0.902385	0.19523	1.80477	0.999966
8434	0	-1816.887	-1816.483	-0.4045672	0.320743	0.0938121	0.906188	0.187624	1.81238	0.9991025
8435	1	-1815.298	-1814.893	-0.405247	0.31481	0.0982402	0.90176	0.19648	1.80352	0.9997819
8436	0	-1816.399	-1815.994	-0.4047143	0.335624	0.0939787	0.906021	0.187957	1.81204	0.9992495
8437	1	-1816.255	-1815.85	-0.4048208	0.313706	0.101281	0.898719	0.202562	1.79744	0.9993559
8438	0	-1816.93	-1816.525	-0.4045901	0.314696	0.102932	0.897068	0.205863	1.79414	0.9991253
8439	1	-1815.361	-1814.956	-0.4053196	0.337243	0.0938422	0.906158	0.187684	1.81232	0.9998545
8440	0	-1815.76	-1815.355	-0.4050959	0.313594	0.101266	0.898734	0.202533	1.79747	0.9996308
8441	1	-1816.599	-1816.194	-0.4052776	0.345035	0.101326	0.898674	0.202653	1.79735	0.9998126
8442	0	-1815.41	-1815.004	-0.4054264	0.32397	0.0930675	0.906932	0.186135	1.81386	0.9999613
8443	1	-1815.583	-1815.178	-0.4050889	0.33653	0.0971227	0.902877	0.194245	1.80575	0.9996238
8444	0	-1817.539	-1817.134	-0.4047275	0.29998	0.0965363	0.903464	0.193073	1.80693	0.9992626
8445	1	-1817.922	-1817.517	-0.4047395	0.339727	0.0889121	0.911088	0.177824	1.82218	0.9992747
8446	0	-1815.551	-1815.146	-0.4051974	0.315946	0.101459	0.898541	0.202918	1.79708	0.9997324
8447	1	-1821.526	-1821.124	-0.4025779	0.295	0.0997908	0.900209	0.199582	1.80042	0.997117
8448	0	-1816.526	-1816.121	-0.405163	0.30882	0.105035	0.894965	0.21007	1.78993	0.9996979
8449	1	-1821.888	-1821.486	-0.4020387	0.315301	0.093353	0.906647	0.186706	1.81329	0.9965794
8450	0	-1816.408	-1816.003	-0.4054641	0.352426	0.0907229	0.909277	0.181446	1.81855	0.999999
8451	1	-1818.205	-1817.8	-0.4045866	0.307425	0.106953	0.893047	0.213906	1.78609	0.9991218
8452	0	-1818.015	-1817.61	-0.4053066	0.284493	0.104837	0.895163	0.209674	1.79033	0.9998415
8453	1	-1816.537	-1816.132	-0.4051596	0.338067	0.10246	0.89754	0.204921	1.79508	0.9996945
8454	0	-1815.53	-1815.125	-0.4053521	0.31088	0.0961298	0.90387	0.19226	1.80774	0.999887
8455	1	-1816.567	-1816.162	-0.4052907	0.351518	0.0986174	0.901383	0.197235	1.80277	0.9998256
8456	0	-1816.785	-1816.38	-0.4054549	0.334165	0.0887078	0.911292	0.177416	1.82258	0.9999898
8457	1	-1817.197	-1816.792	-0.4049968	0.30625	0.106058	0.893942	0.212116	1.78788	0.9995318
8458	0	-1814.785	-1814.38	-0.4054549	0.332286	0.0971244	0.902876	0.194249	1.80575	0.9999898
8459	1	-1815.118	-1814.713	-0.4053429	0.320894	0.100571	0.899429	0.201142	1.79886	0.9998778
8460	0	-1817.512	-1817.107	-0.4054387	0.285062	0.102547	0.897453	0.205093	1.79491	0.9999736
8461	1	-1816.378	-1815.973	-0.4053429	0.323918	0.105316	0.894684	0.210632	1.78937	0.9998778
8462	0	-1817.278	-1816.874	-0.4040772	0.319136	0.0987776	0.901222	0.197555	1.80244	0.9986131
8463	1	-1815.209	-1814.804	-0.4053429	0.324663	0.101003	0.898997	0.202007	1.79799	0.9998778
8464	0	-1818.298	-1817.894	-0.4037766	0.320246	0.0939647	0.906035	0.187929	1.81207	0.9983129
8465	1	-1814.906	-1814.501	-0.4054204	0.317838	0.0993776	0.900622	0.198755	1.80124	0.9999553
8466	0	-1816.041	-1815.636	-0.4053484	0.348551	0.0980421	0.901958	0.196084	1.80392	0.9998833
8467	1	-1815.709	-1815.304	-0.4054204	0.322076	0.103901	0.896099	0.207803	1.7922	0.9999553
8468	0	-1815.536	-1815.131	-0.4053484	0.308946	0.101813	0.898187	0.203626	1.79637	0.9998833
8469	1	-1816.621	-1816.216	-0.4051825	0.311869	0.092905	0.907095	0.18581	1.81419	0.9997174
8470	0	-1815.07	-1814.665	-0.4054121	0.313205	0.0996252	0.900375	0.19925	1.80075	0.999947
8471	1	-1815.266	-1814.861	-0.4051598	0.328561	0.0978683	0.902132	0.195737	1.80426	0.9996948
8472	0	-1814.986	-1814.58	-0.4054121	0.317002	0.0969809	0.903019	0.193962	1.80604	0.999947
8473	1	-1817.081	-1816.677	-0.4041628	0.327843	0.0984279	0.901572	0.196856	1.80314	0.9986985
8474	0	-1815.666	-1815.26	-0.4054121	0.309517	0.103416	0.896584	0.206832	1.79317	0.999947
8475	1	-1814.937	-1814.532	-0.4053657	0.324587	0.0992078	0.900792	0.198416	1.80158	0.9999006
8476	0	-1817.003	-1816.598	-0.4050483	0.355353	0.0955865	0.904414	0.191173	1.80883	0.9995833
8477	1	-1814.921	-1814.515	-0.4053657	0.330514	0.0976675	0.902332	0.195335	1.80466	0.9999006
8478	0	-1816.326	-1815.921	-0.4054416	0.327167	0.105277	0.894723	0.210553	1.78945	0.9999765
8479	1	-1815.399	-1814.994	-0.4053657	0.34025	0.0936165	0.906383	0.187233	1.81277	0.9999006
8480	0	-1815.341	-1814.935	-0.4054416	0.34447	0.095137	0.904863	0.190274	1.80973	0.9999765
8481	1	-1815.015	-1814.609	-0.4053657	0.329055	0.0951326	0.904867	0.190265	1.80973	0.9999006
8482	0	-1816.794	-1816.388	-0.405102	0.354673	0.0944909	0.905509	0.188982	1.81102	0.999637
8483	1	-1815.569	-1815.164	-0.4052188	0.316246	0.101848	0.898152	0.203696	1.7963	0.9997537
8484	0	-1815.336	-1814.931	-0.4052719	0.328605	0.100491	0.899509	0.200982	1.79902	0.9998068
8485	1	-1818.17	-1817.766	-0.4040304	0.348414	0.0946977	0.905302	0.189395	1.8106	0.9985664
8486	0	-1817.445	-1817.041	-0.4043891	0.308954	0.102979	0.897021	0.205959	1.79404	0.9989245
8487	1	-1817.311	-1816.907	-0.4043503	0.317221	0.0943743	0.905626	0.188749	1.81125	0.9988858
8488	0	-1818.974	-1818.571	-0.4036164	0.306154	0.103081	0.896919	0.206162	1.79384	0.998153
8489	1	-1815.688	-1815.283	-0.4050821	0.328241	0.0941145	0.905885	0.188229	1.81177	0.9996171
8490	0	-1819.796	-1819.393	-0.4029183	0.330998	0.101144	0.898856	0.202287	1.79771	0.9974564
8491	1	-1815.795	-1815.39	-0.4050821	0.335952	0.0936418	0.906358	0.187284	1.81272	0.9996171
8492	0	-1819.493	-1819.09	-0.4034392	0.311321	0.104706	0.895294	0.209412	1.79059	0.9979761
8493	1	-1815.604	-1815.199	-0.4050821	0.333563	0.0947146	0.905285	0.189429	1.81057	0.9996171
8494	0	-1816.377	-1815.973	-0.4046471	0.336225	0.0955421	0.904458	0.191084	1.80892	0.9991823
8495	1	-1815.735	-1815.33	-0.4053247	0.341194	0.09962	0.90038	0.19924	1.80076	0.9998596
8496	0	-1819.715	-1819.311	-0.404047	0.315844	0.108282	0.891718	0.216564	1.78344	0.9985829
8497	1	-1815.474	-1815.068	-0.4053247	0.331334	0.0929457	0.907054	0.185891	1.81411	0.9998596
8498	0	-1816.299	-1815.894	-0.4051141	0.339424	0.100999	0.899001	0.201998	1.798	0.999649
8499	1	-1815.365	-1814.96	-0.4054052	0.309505	0.0972704	0.90273	0.194541	1.80546	0.9999401
8500	0	-1816.211	-1815.806	-0.4050385	0.331985	0.101959	0.898041	0.203918	1.79608	0.9995735
8501	1	-1815.041	-1814.635	-0.4054052	0.334135	0.0987583	0.901242	0.197517	1.80248	0.9999401
8502	0	-1817.748	-1817.344	-0.4049201	0.331378	0.088858	0.911142	0.177716	1.82228	0.9994551
8503	1	-1815.932	-1815.527	-0.4051654	0.331766	0.101807	0.898193	0.203614	1.79639	0.9997003
8504	0	-1815.029	-1814.623	-0.4054302	0.332273	0.0995793	0.900421	0.199159	1.80084	0.9999651
8505	1	-1817.357	-1816.953	-0.403994	0.327804	0.0977333	0.902267	0.195467	1.80453	0.99853
8506	0	-1816.199	-1815.794	-0.4049057	0.312498	0.101753	0.898247	0.203507	1.79649	0.9994408
8507	1	-1815.711	-1815.306	-0.404972	0.317211	0.0988739	0.901126	0.197748	1.80225	0.9995071
8508	0	-1815.745	-1815.34	-0.4049057	0.330144	0.0964816	0.903518	0.192963	1.80704	0.9994408
8509	1	-1816.136	-1815.731	-0.404972	0.343547	0.0962966	0.903703	0.192593	1.80741	0.9995071
8510	0	-1815.973	-1815.568	-0.4052206	0.34695	0.0968162	0.903184	0.193632	1.80637	0.9997556
8511	1	-1816.689	-1816.285	-0.4044769	0.320896	0.100646	0.899354	0.201292	1.79871	0.9990123
8512	0	-1815.846	-1815.441	-0.4049937	0.313093	0.0999994	0.900001	0.199999	1.8	0.9995287
8513	1	-1815.735	-1815.33	-0.4052095	0.344016	0.0961986	0.903801	0.192397	1.8076	0.9997444
8514	0	-1815.596	-1815.191	-0.40536	0.305352	0.099174	0.900826	0.198348	1.80165	0.9998949
8515	1	-1816.466	-1816.061	-0.4050071	0.310907	0.0946633	0.905337	0.189327	1.81067	0.9995421
8516	0	-1815.265	-1814.859	-0.40536	0.340532	0.0965475	0.903452	0.193095	1.8069	0.9998949
8517	1	-1816.101	-1815.696	-0.4054403	0.308759	0.105295	0.894705	0.210591	1.78941	0.9999752
8518	0	-1818.198	-1817.793	-0.4046552	0.30017	0.106505	0.893495	0.213011	1.78699	0.9991904
8519	1	-1816.765	-1816.36	-0.4054403	0.356648	0.097844	0.902156	0.195688	1.80431	0.9999752
8520	0	-1815.551	-1815.146	-0.4051539	0.315143	0.100705	0.899295	0.201409	1.79859	0.9996888
8521	1	-1815.806	-1815.4	-0.4054577	0.300296	0.0998004	0.9002	0.199601	1.8004	0.9999926
8522	0	-1816.363	-1815.958	-0.4048924	0.308905	0.101833	0.898167	0.203667	1.79633	0.9994275
8523	1	-1816.536	-1816.13	-0.4050593	0.318766	0.0923853	0.907615	0.184771	1.81523	0.9995942
8524	0	-1817.117	-1816.713	-0.4043418	0.330913	0.100634	0.899366	0.201267	1.79873	0.9988774
8525	1	-1816.026	-1815.621	-0.4052125	0.305171	0.102289	0.897711	0.204578	1.79542	0.9997474
8526	0	-1816.52	-1816.115	-0.4053346	0.331823	0.0898233	0.910177	0.179647	1.82035	0.9998695
8527	1	-1816.22	-1815.815	-0.4051575	0.32716	0.0916991	0.908301	0.183398	1.8166	0.9996924
8528	0	-1815.71	-1815.304	-0.4053346	0.327286	0.0922666	0.907733	0.184533	1.81547	0.9998695
8529	1	-1816.481	-1816.076	-0.4051575	0.336291	0.0905634	0.909437	0.181127	1.81887	0.9996924
8530	0	-1816.155	-1815.75	-0.4048699	0.340609	0.0953209	0.904679	0.190642	1.80936	0.9994049
8531	1	-1816.707	-1816.302	-0.4048144	0.307274	0.102754	0.897246	0.205508	1.79449	0.9993495
8532	0	-1815.542	-1815.137	-0.4052033	0.313041	0.0970241	0.902976	0.194048	1.80595	0.9997382
8533	1	-1815.9	-1815.495	-0.4048533	0.318793	0.0991967	0.900803	0.198393	1.80161	0.9993884
8534	0	-1817.921	-1817.517	-0.4041162	0.344825	0.0979742	0.902026	0.195948	1.80405	0.998652
8535	1	-1817.282	-1816.878	-0.404519	0.302904	0.100248	0.899752	0.200495	1.7995	0.9990543
8536	0	-1819.072	-1818.668	-0.4041507	0.304787	0.0931592	0.906841	0.186318	1.81368	0.9986865
8537	1	-1815.353	-1814.948	-0.4053057	0.333401	0.0936845	0.906315	0.187369	1.81263	0.9998406
8538	0	-1816.147	-1815.742	-0.404863	0.327521	0.0938415	0.906159	0.187683	1.81232	0.999398
8539	1	-1816.218	-1815.813	-0.4053057	0.300422	0.0978916	0.902108	0.195783	1.80422	0.9998406
8540	0	-1816.992	-1816.587	-0.4048558	0.351856	0.0956695	0.904331	0.191339	1.80866	0.9993909
8541	1	-1815.013	-1814.608	-0.4053057	0.329546	0.0977319	0.902268	0.195464	1.80454	0.9998406
8542	0	-1816.111	-1815.706	-0.4050389	0.330703	0.101811	0.898189	0.203621	1.79638	0.9995739
8543	1	-1818.139	-1817.733	-0.4054644	0.285156	0.0968423	0.903158	0.193685	1.80632	0.9999993
8544	0	-1814.962	-1814.557	-0.4054367	0.336535	0.0972691	0.902731	0.194538	1.80546	0.9999716
8545	1	-1817.418	-1817.012	-0.4053745	0.360866	0.0975799	0.90242	0.19516	1.80484	0.9999094
8546	0	-1816.685	-1816.279	-0.4053191	0.301448	0.105614	0.894386	0.211229	1.78877	0.999854
8547	1	-1817.305	-1816.9	-0.4053745	0.348807	0.0881216	0.911878	0.176243	1.82376	0.9999094
8548	0	-1817.768	-1817.364	-0.4038053	0.322473	0.0964411	0.903559	0.192882	1.80712	0.9983416
8549	1	-1815.358	-1814.953	-0.4053745	0.340464	0.0981578	0.901842	0.196316	1.80368	0.9999094
8550	0	-1816.394	-1815.989	-0.4047913	0.310296	0.0975299	0.90247	0.19506	1.80494	0.9993264
8551	1	-1818.406	-1818.002	-0.4041338	0.345294	0.100335	0.899665	0.20067	1.79933	0.9986696
8552	0	-1815.836	-1815.431	-0.4054005	0.349845	0.0959436	0.904056	0.191887	1.80811	0.9999354
8553	1	-1816.934	-1816.529	-0.4053173	0.336624	0.104631	0.895369	0.209262	1.79074	0.9998522
8554	0	-1815.422	-1815.017	-0.4052066	0.314179	0.0977128	0.902287	0.195426	1.80457	0.9997415
8555	1	-1816.261	-1815.855	-0.4053636	0.323651	0.0909916	0.909008	0.181983	1.81802	0.9998985
8556	0	-1816.855	-1816.45	-0.4047281	0.347761	0.0951428	0.904857	0.190286	1.80971	0.9992633
8557	1	-1817.391	-1816.987	-0.4048445	0.320352	0.090969	0.909031	0.181938	1.81806	0.9993796
8558	0	-1818.491	-1818.086	-0.4047281	0.361452	0.09665	0.90335	0.1933	1.8067	0.9992633
8559	1	-1816.012	-1815.607	-0.4053893	0.337431	0.0907112	0.909289	0.181422	1.81858	0.9999242
8560	0	-1817.096	-1816.692	-0.4041927	0.333641	0.0970821	0.902918	0.194164	1.80584	0.9987284
8561	1	-1815.655	-1815.25	-0.4053144	0.330813	0.101954	0.898046	0.203908	1.79609	0.9998493
8562	0	-1816.809	-1816.404	-0.4050714	0.353108	0.0926748	0.907325	0.18535	1.81465	0.9996063
8563	1	-1817.952	-1817.547	-0.4052342	0.364521	0.0961348	0.903865	0.19227	1.80773	0.9997691
8564	0	-1816.167	-1815.762	-0.4050714	0.341817	0.0992491	0.900751	0.198498	1.8015	0.9996063
8565	1	-1817.427	-1817.022	-0.4052705	0.349506	0.102204	0.897796	0.204409	1.79559	0.9998054
8566	0	-1816.893	-1816.488	-0.4049212	0.3465	0.0913605	0.908639	0.182721	1.81728	0.9994562
8567	1	-1816.357	-1815.952	-0.4047852	0.32014	0.0945095	0.905491	0.189019	1.81098	0.9993203
8568	0	-1815.354	-1814.948	-0.4052368	0.328398	0.0944167	0.905583	0.188833	1.81117	0.9997717
8569	1	-1817.691	-1817.286	-0.4050685	0.355709	0.0994165	0.900583	0.198833	1.80117	0.9996035
8570	0	-1815.514	-1815.109	-0.4052368	0.334945	0.0996976	0.900302	0.199395	1.8006	0.9997717
8571	1	-1815.292	-1814.886	-0.4052973	0.315175	0.1007	0.8993	0.201399	1.7986	0.9998322
8572	0	-1815.649	-1815.244	-0.4049748	0.321019	0.0991806	0.900819	0.198361	1.80164	0.9995098
8573	1	-1816.138	-1815.733	-0.4049546	0.34091	0.0981057	0.901894	0.196211	1.80379	0.9994897
8574	0	-1815.529	-1815.124	-0.4050775	0.318294	0.099624	0.900376	0.199248	1.80075	0.9996125
8575	1	-1816.226	-1815.821	-0.4048711	0.319234	0.0945805	0.90542	0.189161	1.81084	0.9994062
8576	0	-1815.54	-1815.135	-0.4050775	0.316519	0.0983103	0.90169	0.196621	1.80338	0.9996125
8577	1	-1816.773	-1816.368	-0.4045686	0.309251	0.0992092	0.900791	0.198418	1.80158	0.9991039
8578	0	-1816.337	-1815.931	-0.4050775	0.328085	0.103292	0.896708	0.206584	1.79342	0.9996125
8579	1	-1818.098	-1817.694	-0.4036273	0.323824	0.0960711	0.903929	0.192142	1.80786	0.9981638
8580	0	-1816.301	-1815.896	-0.4049578	0.313616	0.103015	0.896985	0.20603	1.79397	0.9994928
8581	1	-1818.464	-1818.059	-0.4043215	0.330203	0.0896715	0.910329	0.179343	1.82066	0.998857
8582	0	-1817.099	-1816.695	-0.4045091	0.342951	0.0932805	0.90672	0.186561	1.81344	0.9990444
8583	1	-1819.178	-1818.775	-0.4035945	0.339059	0.0909732	0.909027	0.181946	1.81805	0.9981311
8584	0	-1818.083	-1817.678	-0.4045172	0.331317	0.104893	0.895107	0.209786	1.79021	0.9990526
8585	1	-1815.586	-1815.181	-0.4052976	0.32368	0.102504	0.897496	0.205009	1.79499	0.9998325
8586	0	-1816.048	-1815.642	-0.4054625	0.32069	0.0914594	0.908541	0.182919	1.81708	0.9999974
8587	1	-1816.332	-1815.927	-0.4049609	0.306522	0.0976932	0.902307	0.195386	1.80461	0.9994959
8588	0	-1815.334	-1814.928	-0.4051922	0.316521	0.0988559	0.901144	0.197712	1.80229	0.9997272
8589	1	-1815.264	-1814.859	-0.4052337	0.335272	0.0964451	0.903555	0.19289	1.80711	0.9997686
8590	0	-1817.574	-1817.169	-0.404758	0.329252	0.0899583	0.910042	0.179917	1.82008	0.9992932
8591	1	-1815.333	-1814.927	-0.4051794	0.332004	0.0983536	0.901646	0.196707	1.80329	0.9997143
8592	0	-1819.67	-1819.267	-0.4037357	0.321491	0.0902211	0.909779	0.180442	1.81956	0.9982721
8593	1	-1818.738	-1818.332	-0.4051794	0.370563	0.0920457	0.907954	0.184091	1.81591	0.9997143
8594	0	-1817.696	-1817.29	-0.4053464	0.365587	0.0924132	0.907587	0.184826	1.81517	0.9998813
8595	1	-1815.402	-1814.997	-0.4051794	0.31973	0.100436	0.899564	0.200872	1.79913	0.9997143
8596	0	-1816.078	-1815.673	-0.4049436	0.309603	0.0995127	0.900487	0.199025	1.80097	0.9994786
8597	1	-1817.762	-1817.357	-0.4050095	0.329181	0.0886833	0.911317	0.177367	1.82263	0.9995445
8598	0	-1817.237	-1816.832	-0.4050151	0.29598	0.10389	0.89611	0.207779	1.79222	0.9995501
8599	1	-1815.915	-1815.51	-0.4049532	0.322346	0.101179	0.898821	0.202357	1.79764	0.9994882
8600	0	-1815.362	-1814.956	-0.4051826	0.320597	0.0961218	0.903878	0.192244	1.80776	0.9997175
8601	1	-1817.522	-1817.117	-0.4046382	0.352784	0.0930642	0.906936	0.186128	1.81387	0.9991734
8602	0	-1815.084	-1814.679	-0.4054215	0.337867	0.0947935	0.905206	0.189587	1.81041	0.9999564
8603	1	-1816.093	-1815.688	-0.4050309	0.317581	0.0942557	0.905744	0.188511	1.81149	0.9995659
8604	0	-1815.399	-1814.994	-0.4052018	0.337422	0.0963547	0.903645	0.192709	1.80729	0.9997368
8605	1	-1819.272	-1818.868	-0.4039637	0.322334	0.106492	0.893508	0.212983	1.78702	0.9984998
8606	0	-1815.533	-1815.127	-0.4053926	0.345375	0.096757	0.903243	0.193514	1.80649	0.9999275
8607	1	-1817.629	-1817.224	-0.4049647	0.34327	0.0887317	0.911268	0.177463	1.82254	0.9994997
8608	0	-1815.625	-1815.219	-0.4053926	0.312155	0.0948802	0.90512	0.18976	1.81024	0.9999275
8609	1	-1817.833	-1817.429	-0.4041933	0.335322	0.0917339	0.908266	0.183468	1.81653	0.998729
8610	0	-1815.564	-1815.158	-0.4052659	0.313378	0.102002	0.897998	0.204004	1.796	0.9998008
8611	1	-1815.745	-1815.34	-0.4049918	0.335269	0.0952995	0.9047	0.190599	1.8094	0.9995268
8612	0	-1818.778	-1818.373	-0.4045625	0.317188	0.0896711	0.910329	0.179342	1.82066	0.9990978
8613	1	-1818.995	-1818.589	-0.4054085	0.327396	0.110474	0.889526	0.220947	1.77905	0.9999434
8614	0	-1816.214	-1815.808	-0.4053025	0.337927	0.0905903	0.90941	0.181181	1.81882	0.9998374
8615	1	-1815.659	-1815.254	-0.4053381	0.33429	0.0921053	0.907895	0.184211	1.81579	0.999873
8616	0	-1815.25	-1814.845	-0.4052747	0.31809	0.100453	0.899547	0.200905	1.79909	0.9998096
8617	1	-1816.223	-1815.818	-0.4046507	0.331676	0.0972314	0.902769	0.194463	1.80554	0.9991859
8618	0	-1816.193	-1815.788	-0.4047297	0.326088	0.09507	0.90493	0.19014	1.80986	0.9992649
8619	1	-1816.988	-1816.584	-0.4046793	0.319927	0.103832	0.896168	0.207663	1.79234	0.9992145
8620	0	-1818.568	-1818.164	-0.4040976	0.297052	0.0997342	0.900266	0.199468	1.80053	0.9986334
8621	1	-1815.273	-1814.868	-0.4053749	0.313102	0.101282	0.898718	0.202564	1.79744	0.9999098
8622	0	-1816.42	-1816.015	-0.404768	0.311481	0.0969972	0.903003	0.193994	1.80601	0.9993031
8623	1	-1815.788	-1815.383	-0.4053749	0.3377	0.101329	0.898671	0.202658	1.79734	0.9999098
8624	0	-1816.848	-1816.444	-0.404422	0.322684	0.101013	0.898987	0.202027	1.79797	0.9989575
8625	1	-1819.639	-1819.233	-0.4053749	0.272253	0.102046	0.897954	0.204092	1.79591	0.9999098
8626	0	-1816.276	-1815.871	-0.4048234	0.323606	0.101775	0.898225	0.20355	1.79645	0.9993585
8627	1	-1815.789	-1815.384	-0.4050471	0.330627	0.100391	0.899609	0.200783	1.79922	0.9995821
8628	0	-1816.658	-1816.253	-0.4051148	0.312133	0.0930814	0.906919	0.186163	1.81384	0.9996498
8629	1	-1815.741	-1815.336	-0.4050025	0.317527	0.100373	0.899627	0.200747	1.79925	0.9995375
8630	0	-1816.02	-1815.615	-0.4049035	0.33717	0.0981617	0.901838	0.196323	1.80368	0.9994385
8631	1	-1817.07	-1816.666	-0.4041508	0.3242	0.0980239	0.901976	0.196048	1.80395	0.9986866
8632	0	-1816.004	-1815.599	-0.4049035	0.324455	0.094505	0.905495	0.18901	1.81099	0.9994385
8633	1	-1816.777	-1816.372	-0.4046048	0.309493	0.101112	0.898888	0.202223	1.79778	0.99914
8634	0	-1818.593	-1818.188	-0.4049035	0.333895	0.107128	0.892872	0.214255	1.78574	0.9994385
8635	1	-1816.085	-1815.68	-0.4052732	0.330463	0.103256	0.896744	0.206511	1.79349	0.9998081
8636	0	-1816.693	-1816.288	-0.4052589	0.294996	0.102142	0.897858	0.204284	1.79572	0.9997938
8637	1	-1816.076	-1815.671	-0.4047303	0.321531	0.0970506	0.902949	0.194101	1.8059	0.9992655
8638	0	-1814.856	-1814.451	-0.405449	0.317893	0.0994295	0.90057	0.198859	1.80114	0.9999839
8639	1	-1818.598	-1818.194	-0.403635	0.333317	0.101088	0.898912	0.202176	1.79782	0.9981716
8640	0	-1818.118	-1817.713	-0.404781	0.293205	0.105166	0.894834	0.210333	1.78967	0.9993161
8641	1	-1816.317	-1815.912	-0.4046892	0.317344	0.0965547	0.903445	0.193109	1.80689	0.9992244
8642	0	-1815.664	-1815.259	-0.4053632	0.306433	0.0972664	0.902734	0.194533	1.80547	0.9998981
8643	1	-1816.946	-1816.541	-0.4046892	0.303836	0.0986881	0.901312	0.197376	1.80262	0.9992244
8644	0	-1814.888	-1814.483	-0.4053632	0.328328	0.0972546	0.902745	0.194509	1.80549	0.9998981
8645	1	-1815.705	-1815.3	-0.4051397	0.338561	0.0984817	0.901518	0.196963	1.80304	0.9996747
8646	0	-1817.56	-1817.155	-0.4053632	0.341784	0.105091	0.894909	0.210182	1.78982	0.9998981
8647	1	-1816.866	-1816.461	-0.4053864	0.291102	0.102201	0.897799	0.204401	1.7956	0.9999213
8648	0	-1816.268	-1815.863	-0.404826	0.324447	0.101688	0.898312	0.203375	1.79662	0.9993611
8649	1	-1816.293	-1815.888	-0.4052057	0.330632	0.103495	0.896505	0.206989	1.79301	0.9997407
8650	0	-1815.179	-1814.774	-0.4052149	0.328361	0.0963816	0.903618	0.192763	1.80724	0.9997499
8651	1	-1816.286	-1815.881	-0.4051813	0.316547	0.0928693	0.907131	0.185739	1.81426	0.9997162
8652	0	-1819.747	-1819.344	-0.4032899	0.30035	0.101567	0.898433	0.203134	1.79687	0.9978271
8653	1	-1815.258	-1814.853	-0.4051813	0.324787	0.0990494	0.900951	0.198099	1.8019	0.9997162
8654	0	-1817.509	-1817.105	-0.4039754	0.323962	0.0956795	0.90432	0.191359	1.80864	0.9985114
8655	1	-1816.503	-1816.098	-0.4046195	0.332796	0.0941789	0.905821	0.188358	1.81164	0.9991547
8656	0	-1817.16	-1816.755	-0.4051905	0.317921	0.107052	0.892948	0.214104	1.7859	0.9997254
8657	1	-1818.383	-1817.979	-0.4035538	0.323723	0.0949257	0.905074	0.189851	1.81015	0.9980906
8658	0	-1815.782	-1815.377	-0.4052105	0.306723	0.0988372	0.901163	0.197674	1.80233	0.9997455
8659	1	-1818.464	-1818.061	-0.4035101	0.333372	0.0945049	0.905495	0.18901	1.81099	0.9980469
8660	0	-1820.381	-1819.976	-0.404942	0.352205	0.0844065	0.915593	0.168813	1.83119	0.999477
8661	1	-1819.316	-1818.912	-0.404231	0.293775	0.0960168	0.903983	0.192034	1.80797	0.9987666
8662	0	-1816.431	-1816.026	-0.4049124	0.329515	0.0922341	0.907766	0.184468	1.81553	0.9994474
8663	1	-1817.428	-1817.023	-0.4053156	0.328882	0.107064	0.892936	0.214129	1.78587	0.9998505
8664	0	-1817.219	-1816.814	-0.4049124	0.296899	0.102939	0.897061	0.205878	1.79412	0.9994474
8665	1	-1817.376	-1816.971	-0.4048813	0.320542	0.106037	0.893963	0.212074	1.78793	0.9994163
8666	0	-1817.488	-1817.083	-0.4049124	0.337194	0.104071	0.895929	0.208142	1.79186	0.9994474
8667	1	-1816.334	-1815.928	-0.4054371	0.31531	0.0917598	0.90824	0.18352	1.81648	0.999972
8668	0	-1816.502	-1816.097	-0.4049124	0.321871	0.103491	0.896509	0.206981	1.79302	0.9994474
8669	1	-1818.249	-1817.845	-0.4041913	0.30666	0.0948435	0.905156	0.189687	1.81031	0.998727
8670	0	-1820.59	-1820.184	-0.4053368	0.380044	0.0956137	0.904386	0.191227	1.80877	0.9998717
8671	1	-1815.345	-1814.939	-0.4054251	0.307649	0.100474	0.899526	0.200947	1.79905	0.99996
8672	0	-1815.16	-1814.755	-0.4053676	0.31808	0.101081	0.898919	0.202161	1.79784	0.9999025
8673	1	-1817.158	-1816.753	-0.4049319	0.334043	0.0899292	0.910071	0.179858	1.82014	0.9994669
8674	0	-1815.197	-1814.792	-0.4053676	0.33161	0.100095	0.899905	0.20019	1.79981	0.9999025
8675	1	-1815.592	-1815.187	-0.4052392	0.323694	0.0936988	0.906301	0.187398	1.8126	0.9997741
8676	0	-1816.408	-1816.002	-0.4051518	0.318104	0.0923895	0.907611	0.184779	1.81522	0.9996868
8677	1	-1816.752	-1816.347	-0.4054475	0.292408	0.10372	0.89628	0.20744	1.79256	0.9999824
8678	0	-1816.222	-1815.817	-0.4051314	0.328765	0.0917018	0.908298	0.183404	1.8166	0.9996664
8679	1	-1815.555	-1815.149	-0.4054218	0.34584	0.0971938	0.902806	0.194388	1.80561	0.9999567
8680	0	-1815.314	-1814.909	-0.4052021	0.316654	0.0989873	0.901013	0.197975	1.80203	0.999737
8681	1	-1818.303	-1817.898	-0.4052087	0.367757	0.09451	0.90549	0.18902	1.81098	0.9997437
8682	0	-1815.754	-1815.349	-0.4052021	0.329374	0.101783	0.898217	0.203566	1.79643	0.999737
8683	1	-1815.62	-1815.215	-0.4052087	0.310503	0.0976258	0.902374	0.195252	1.80475	0.9997437
8684	0	-1816.553	-1816.148	-0.4046851	0.340035	0.0979675	0.902033	0.195935	1.80407	0.9992203
8685	1	-1816.254	-1815.85	-0.4048824	0.342651	0.0966311	0.903369	0.193262	1.80674	0.9994174
8686	0	-1816.655	-1816.25	-0.4049244	0.342022	0.100222	0.899778	0.200444	1.79956	0.9994594
8687	1	-1814.875	-1814.47	-0.4054245	0.326132	0.0995324	0.900468	0.199065	1.80094	0.9999594
8688	0	-1816.063	-1815.657	-0.405165	0.34001	0.100222	0.899778	0.200444	1.79956	0.9996999
8689	1	-1817.402	-1816.996	-0.4054456	0.358609	0.0889954	0.911005	0.177991	1.82201	0.9999805
8690	0	-1817.859	-1817.454	-0.405165	0.320999	0.0888519	0.911148	0.177704	1.8223	0.9996999
8691	1	-1817.879	-1817.474	-0.4043135	0.333992	0.0909391	0.909061	0.181878	1.81812	0.9988491
8692	0	-1817.115	-1816.709	-0.405165	0.339761	0.103694	0.896306	0.207388	1.79261	0.9996999
8693	1	-1816.493	-1816.088	-0.4045037	0.331853	0.0965484	0.903452	0.193097	1.8069	0.9990391
8694	0	-1816.385	-1815.98	-0.404682	0.319282	0.0955588	0.904441	0.191118	1.80888	0.9992172
8695	1	-1822.354	-1821.95	-0.404017	0.275626	0.0972088	0.902791	0.194418	1.80558	0.9985529
8696	0	-1814.772	-1814.367	-0.4054398	0.32403	0.0967637	0.903236	0.193527	1.80647	0.9999747
8697	1	-1815.902	-1815.497	-0.4052126	0.329071	0.092221	0.907779	0.184442	1.81556	0.9997475
8698	0	-1816.73	-1816.325	-0.4047492	0.317091	0.0938606	0.906139	0.187721	1.81228	0.9992843
8699	1	-1817.563	-1817.157	-0.4052949	0.35137	0.102038	0.897962	0.204075	1.79592	0.9998298
8700	0	-1816.287	-1815.882	-0.4051978	0.339431	0.101508	0.898492	0.203016	1.79698	0.9997327
8701	1	-1816.488	-1816.083	-0.4052949	0.352084	0.0979257	0.902074	0.195851	1.80415	0.9998298
8702	0	-1818.566	-1818.161	-0.4041298	0.303253	0.10492	0.89508	0.20984	1.79016	0.9986656
8703	1	-1817.123	-1816.717	-0.4052949	0.33674	0.104957	0.895043	0.209914	1.79009	0.9998298
8704	0	-1815.657	-1815.252	-0.4049463	0.322518	0.0973134	0.902687	0.194627	1.80537	0.9994813
8705	1	-1816.102	-1815.696	-0.4054251	0.324558	0.1049	0.8951	0.209801	1.7902	0.99996
8706	0	-1817.582	-1817.177	-0.4049463	0.295254	0.104822	0.895178	0.209644	1.79036	0.9994813
8707	1	-1817.376	-1816.971	-0.405025	0.31381	0.106987	0.893013	0.213974	1.78603	0.9995599
8708	0	-1816.054	-1815.649	-0.4050833	0.322834	0.102899	0.897101	0.205799	1.7942	0.9996183
8709	1	-1822.262	-1821.857	-0.4041788	0.2734	0.108654	0.891346	0.217307	1.78269	0.9987145
8710	0	-1817.863	-1817.458	-0.4047898	0.291895	0.100139	0.899861	0.200278	1.79972	0.9993249
8711	1	-1817.38	-1816.975	-0.4051444	0.302529	0.0935539	0.906446	0.187108	1.81289	0.9996793
8712	0	-1817.485	-1817.08	-0.4049166	0.357999	0.0940717	0.905928	0.188143	1.81186	0.9994517
8713	1	-1815.86	-1815.455	-0.4053477	0.31186	0.0943604	0.90564	0.188721	1.81128	0.9998826
8714	0	-1819.372	-1818.968	-0.4038959	0.358383	0.0939063	0.906094	0.187813	1.81219	0.998432
8715	1	-1818.347	-1817.942	-0.4054552	0.302152	0.101879	0.898121	0.203758	1.79624	0.9999901
8716	0	-1817.655	-1817.251	-0.4041149	0.32564	0.102043	0.897957	0.204087	1.79591	0.9986507
8717	1	-1815.429	-1815.024	-0.4050851	0.321295	0.0972954	0.902705	0.194591	1.80541	0.9996201
8718	0	-1816.473	-1816.068	-0.4049751	0.312775	0.0943305	0.905669	0.188661	1.81134	0.9995101
8719	1	-1816.747	-1816.343	-0.4043587	0.321238	0.0989866	0.901013	0.197973	1.80203	0.9988942
8720	0	-1819.171	-1818.768	-0.403161	0.328403	0.100675	0.899325	0.201351	1.79865	0.9976985
8721	1	-1816.435	-1816.03	-0.4046657	0.319003	0.101195	0.898805	0.202389	1.79761	0.9992009
8722	0	-1816.849	-1816.444	-0.4052742	0.323241	0.0900948	0.909905	0.18019	1.81981	0.9998091
8723	1	-1815.703	-1815.297	-0.4053515	0.308743	0.102896	0.897104	0.205793	1.79421	0.9998863
8724	0	-1815.801	-1815.396	-0.4048653	0.326711	0.096522	0.903478	0.193044	1.80696	0.9994003
8725	1	-1815.627	-1815.221	-0.4053515	0.310121	0.095898	0.904102	0.191796	1.8082	0.9998863
8726	0	-1815.432	-1815.027	-0.4051717	0.325722	0.100369	0.899631	0.200739	1.79926	0.9997066
8727	1	-1815.211	-1814.806	-0.4053515	0.337209	0.0945716	0.905428	0.189143	1.81086	0.9998863
8728	0	-1815.294	-1814.889	-0.4051702	0.327389	0.0989402	0.90106	0.19788	1.80212	0.9997051
8729	1	-1816.052	-1815.646	-0.4053515	0.302215	0.0972693	0.902731	0.194539	1.80546	0.9998863
8730	0	-1815.921	-1815.516	-0.4051702	0.330873	0.0923187	0.907681	0.184637	1.81536	0.9997051
8731	1	-1816.857	-1816.451	-0.4051664	0.303381	0.105572	0.894428	0.211144	1.78886	0.9997013
8732	0	-1815.916	-1815.511	-0.4048115	0.323793	0.0989639	0.901036	0.197928	1.80207	0.9993466
8733	1	-1815.605	-1815.199	-0.4051664	0.324155	0.0941647	0.905835	0.188329	1.81167	0.9997013
8734	0	-1815.517	-1815.111	-0.4054292	0.335976	0.101105	0.898895	0.202209	1.79779	0.9999641
8735	1	-1816.738	-1816.332	-0.4054169	0.358552	0.0922831	0.907717	0.184566	1.81543	0.9999518
8736	0	-1816.159	-1815.754	-0.4050166	0.345314	0.0952567	0.904743	0.190513	1.80949	0.9995516
8737	1	-1815.849	-1815.444	-0.4048407	0.32168	0.0982338	0.901766	0.196468	1.80353	0.9993758
8738	0	-1815.717	-1815.312	-0.4051008	0.312018	0.0977562	0.902244	0.195512	1.80449	0.9996358
8739	1	-1816.514	-1816.109	-0.4051456	0.331279	0.103721	0.896279	0.207442	1.79256	0.9996806
8740	0	-1816.635	-1816.23	-0.4051008	0.352949	0.0951646	0.904835	0.190329	1.80967	0.9996358
8741	1	-1815.958	-1815.553	-0.4050485	0.319457	0.102376	0.897624	0.204752	1.79525	0.9995835
8742	0	-1816.746	-1816.341	-0.4044899	0.330645	0.0940848	0.905915	0.18817	1.81183	0.9990252
8743	1	-1817.396	-1816.992	-0.4044304	0.331708	0.091818	0.908182	0.183636	1.81636	0.9989658
8744	0	-1816.21	-1815.805	-0.4047552	0.320789	0.095488	0.904512	0.190976	1.80902	0.9992904
8745	1	-1816.769	-1816.364	-0.4048308	0.348535	0.0939581	0.906042	0.187916	1.81208	0.9993659
8746	0	-1815.709	-1815.304	-0.4050817	0.313207	0.0974975	0.902503	0.194995	1.80501	0.9996167
8747	1	-1817.667	-1817.262	-0.405327	0.322191	0.0885399	0.91146	0.17708	1.82292	0.9998619
8748	0	-1815.675	-1815.269	-0.4053338	0.346379	0.0946309	0.905369	0.189262	1.81074	0.9998687
8749	1	-1816.757	-1816.352	-0.405327	0.326104	0.105967	0.894033	0.211934	1.78807	0.9998619
8750	0	-1817.771	-1817.366	-0.4050318	0.319237	0.0896651	0.910335	0.17933	1.82067	0.9995668
8751	1	-1818.031	-1817.626	-0.4043418	0.338015	0.0903624	0.909638	0.180725	1.81928	0.9988774
8752	0	-1815.659	-1815.253	-0.4054474	0.302245	0.100303	0.899697	0.200605	1.79939	0.9999823
8753	1	-1816.38	-1815.975	-0.4048105	0.310166	0.0974029	0.902597	0.194806	1.80519	0.9993456
8754	0	-1815.052	-1814.647	-0.4054474	0.313779	0.100628	0.899372	0.201255	1.79874	0.9999823
8755	1	-1818.716	-1818.312	-0.4045061	0.349493	0.101966	0.898034	0.203932	1.79607	0.9990415
8756	0	-1816.625	-1816.22	-0.4052752	0.34932	0.0997908	0.900209	0.199582	1.80042	0.9998101
8757	1	-1815.73	-1815.325	-0.4050794	0.317721	0.101396	0.898604	0.202793	1.79721	0.9996144
8758	0	-1816.099	-1815.693	-0.4054064	0.337302	0.0903852	0.909615	0.18077	1.81923	0.9999413
8759	1	-1815.431	-1815.026	-0.4050794	0.327478	0.0985563	0.901444	0.197113	1.80289	0.9996144
8760	0	-1815.423	-1815.017	-0.405419	0.344735	0.0945266	0.905473	0.189053	1.81095	0.9999539
8761	1	-1816.138	-1815.733	-0.4050794	0.321474	0.103285	0.896715	0.206571	1.79343	0.9996144
8762	0	-1816.005	-1815.6	-0.405419	0.343884	0.0909382	0.909062	0.181876	1.81812	0.9999539
8763	1	-1815.338	-1814.933	-0.4051143	0.325683	0.0969092	0.903091	0.193818	1.80618	0.9996493
8764	0	-1816.211	-1815.806	-0.4048125	0.31291	0.100463	0.899537	0.200926	1.79907	0.9993476
8765	1	-1816.155	-1815.75	-0.4049624	0.318909	0.102574	0.897426	0.205149	1.79485	0.9994974
8766	0	-1816.317	-1815.911	-0.4051593	0.333951	0.102692	0.897308	0.205384	1.79462	0.9996942
8767	1	-1817.728	-1817.323	-0.4051757	0.338306	0.105505	0.894495	0.21101	1.78899	0.9997107
8768	0	-1815.197	-1814.792	-0.4054287	0.321556	0.101957	0.898043	0.203914	1.79609	0.9999636
8769	1	-1817.658	-1817.254	-0.4043788	0.340959	0.100654	0.899346	0.201309	1.79869	0.9989143
8770	0	-1814.975	-1814.569	-0.4054287	0.334127	0.0948348	0.905165	0.18967	1.81033	0.9999636
8771	1	-1819.826	-1819.423	-0.4033363	0.346987	0.0995808	0.900419	0.199162	1.80084	0.9978735
8772	0	-1814.835	-1814.43	-0.4054287	0.323644	0.0993836	0.900616	0.198767	1.80123	0.9999636
8773	1	-1815.176	-1814.77	-0.4052927	0.330214	0.0948953	0.905105	0.189791	1.81021	0.9998276
8774	0	-1816.333	-1815.927	-0.4054287	0.327704	0.105162	0.894838	0.210324	1.78968	0.9999636
8775	1	-1816.362	-1815.958	-0.404816	0.333563	0.100549	0.899451	0.201097	1.7989	0.9993511
8776	0	-1816.073	-1815.669	-0.4047122	0.324117	0.0969547	0.903045	0.193909	1.80609	0.9992474
8777	1	-1817.059	-1816.654	-0.4046853	0.309796	0.103834	0.896166	0.207667	1.79233	0.9992205
8778	0	-1816.732	-1816.327	-0.4049295	0.30142	0.101898	0.898102	0.203796	1.7962	0.9994646
8779	1	-1818.147	-1817.743	-0.4047145	0.293246	0.104705	0.895295	0.20941	1.79059	0.9992497
8780	0	-1815.664	-1815.259	-0.4051093	0.323072	0.101316	0.898684	0.202631	1.79737	0.9996443
8781	1	-1815.071	-1814.666	-0.4053899	0.335092	0.0984081	0.901592	0.196816	1.80318	0.9999248
8782	0	-1816.112	-1815.708	-0.4047334	0.320023	0.0969459	0.903054	0.193892	1.80611	0.9992686
8783	1	-1815.986	-1815.581	-0.4048122	0.317558	0.0983505	0.90165	0.196701	1.8033	0.9993473
8784	0	-1815.094	-1814.689	-0.4053504	0.318531	0.0964212	0.903579	0.192842	1.80716	0.9998853
8785	1	-1818.897	-1818.492	-0.40425	0.346973	0.102024	0.897976	0.204047	1.79595	0.9987857
8786	0	-1816.597	-1816.192	-0.4051946	0.311785	0.10564	0.89436	0.21128	1.78872	0.9997296
8787	1	-1817.365	-1816.96	-0.4053624	0.361313	0.0968773	0.903123	0.193755	1.80625	0.9998973
8788	0	-1816.26	-1815.855	-0.4052407	0.329024	0.103837	0.896163	0.207674	1.79233	0.9997756
8789	1	-1816.135	-1815.73	-0.4053624	0.32177	0.104926	0.895074	0.209852	1.79015	0.9998973
8790	0	-1816.967	-1816.563	-0.4046219	0.304708	0.100265	0.899735	0.200529	1.79947	0.9991572
8791	1	-1815.998	-1815.592	-0.4051982	0.304614	0.0982665	0.901733	0.196533	1.80347	0.9997332
8792	0	-1816.305	-1815.9	-0.4046219	0.331365	0.0981466	0.901853	0.196293	1.80371	0.9991572
8793	1	-1815.682	-1815.277	-0.4053535	0.344881	0.09789	0.90211	0.19578	1.80422	0.9998884
8794	0	-1816.646	-1816.241	-0.405094	0.345466	0.100167	0.899833	0.200334	1.79967	0.999629
8795	1	-1815.657	-1815.252	-0.4053535	0.318058	0.103454	0.896546	0.206909	1.79309	0.9998884
8796	0	-1818.141	-1817.736	-0.4051269	0.364945	0.0910671	0.908933	0.182134	1.81787	0.9996618
8797	1	-1817.337	-1816.932	-0.4048239	0.351791	0.0915348	0.908465	0.18307	1.81693	0.999359
8798	0	-1819.374	-1818.971	-0.4033264	0.345591	0.0976976	0.902302	0.195395	1.8046	0.9978635
8799	1	-1816.63	-1816.225	-0.4044004	0.325472	0.0968431	0.903157	0.193686	1.80631	0.9989358
8800	0	-1816.506	-1816.101	-0.4047346	0.31055	0.101194	0.898806	0.202387	1.79761	0.9992698
8801	1	-1816.671	-1816.266	-0.4050715	0.319429	0.105108	0.894892	0.210217	1.78978	0.9996065
8802	0	-1819.17	-1818.765	-0.4044442	0.303392	0.108567	0.891433	0.217133	1.78287	0.9989796
8803	1	-1815.535	-1815.13	-0.4054148	0.337391	0.100692	0.899308	0.201384	1.79862	0.9999497
8804	0	-1817.771	-1817.368	-0.4037941	0.328495	0.0986523	0.901348	0.197305	1.8027	0.9983304
8805	1	-1814.951	-1814.545	-0.4054148	0.32235	0.100275	0.899725	0.200549	1.79945	0.9999497
8806	0	-1816.542	-1816.136	-0.4053441	0.35545	0.0962615	0.903738	0.192523	1.80748	0.999879
8807	1	-1815.794	-1815.389	-0.4053951	0.339917	0.100861	0.899139	0.201722	1.79828	0.99993
8808	0	-1818.422	-1818.017	-0.4050078	0.358942	0.0884146	0.911585	0.176829	1.82317	0.9995428
8809	1	-1818.031	-1817.626	-0.4053951	0.367869	0.0949631	0.905037	0.189926	1.81007	0.99993
8810	0	-1815.694	-1815.289	-0.4052181	0.31055	0.096779	0.903221	0.193558	1.80644	0.999753
8811	1	-1815.128	-1814.722	-0.4053951	0.335123	0.0942171	0.905783	0.188434	1.81157	0.99993
8812	0	-1818.501	-1818.097	-0.404454	0.348287	0.0891804	0.91082	0.178361	1.82164	0.9989894
8813	1	-1816.972	-1816.567	-0.4051534	0.314477	0.106525	0.893475	0.213051	1.78695	0.9996883
8814	0	-1815.658	-1815.252	-0.405148	0.311164	0.0980876	0.901912	0.196175	1.80382	0.9996829
8815	1	-1817.626	-1817.221	-0.4052487	0.349953	0.0880086	0.911991	0.176017	1.82398	0.9997836
8816	0	-1818.465	-1818.06	-0.4052982	0.285984	0.107734	0.892266	0.215467	1.78453	0.9998332
8817	1	-1816.129	-1815.723	-0.4052414	0.301817	0.0985884	0.901412	0.197177	1.80282	0.9997763
8818	0	-1819.625	-1819.22	-0.4047909	0.311092	0.0885971	0.911403	0.177194	1.82281	0.9993261
8819	1	-1816.317	-1815.912	-0.4053321	0.328255	0.0905366	0.909463	0.181073	1.81893	0.999867
8820	0	-1816.509	-1816.104	-0.4050327	0.306164	0.103577	0.896423	0.207153	1.79285	0.9995677
8821	1	-1816.595	-1816.19	-0.4044809	0.31853	0.0995302	0.90047	0.19906	1.80094	0.9990163
8822	0	-1818.872	-1818.467	-0.4048807	0.36588	0.0965033	0.903497	0.193007	1.80699	0.9994158
8823	1	-1815.299	-1814.894	-0.4053854	0.309825	0.100386	0.899614	0.200771	1.79923	0.9999203
8824	0	-1815.289	-1814.884	-0.405444	0.30762	0.0996464	0.900354	0.199293	1.80071	0.9999788
8825	1	-1818.293	-1817.888	-0.4051005	0.328023	0.0876044	0.912396	0.175209	1.82479	0.9996355
8826	0	-1815.716	-1815.31	-0.4052561	0.319527	0.102956	0.897044	0.205913	1.79409	0.999791
8827	1	-1815.19	-1814.785	-0.4054347	0.318812	0.0947629	0.905237	0.189526	1.81047	0.9999696
8828	0	-1815.647	-1815.242	-0.405342	0.307998	0.102248	0.897752	0.204496	1.7955	0.9998769
8829	1	-1814.906	-1814.501	-0.4054347	0.316573	0.097861	0.902139	0.195722	1.80428	0.9999696
8830	0	-1817.725	-1817.321	-0.4039056	0.329317	0.0945697	0.90543	0.189139	1.81086	0.9984417
8831	1	-1814.905	-1814.499	-0.4054466	0.320561	0.095972	0.904028	0.191944	1.80806	0.9999815
8832	0	-1819.316	-1818.913	-0.4035441	0.299619	0.100885	0.899115	0.201769	1.79823	0.9980808
8833	1	-1814.797	-1814.392	-0.4054466	0.331857	0.0974546	0.902545	0.194909	1.80509	0.9999815
8834	0	-1820.532	-1820.128	-0.4044575	0.27781	0.105597	0.894403	0.211195	1.78881	0.9989929
8835	1	-1815.649	-1815.243	-0.4054466	0.302483	0.100645	0.899355	0.20129	1.79871	0.9999815
8836	0	-1814.91	-1814.505	-0.4054497	0.332606	0.0948771	0.905123	0.189754	1.81025	0.9999846
8837	1	-1820.344	-1819.941	-0.4039496	0.294979	0.0939861	0.906014	0.187972	1.81203	0.9984856
8838	0	-1816.518	-1816.113	-0.4051938	0.311339	0.0932625	0.906738	0.186525	1.81348	0.9997287
8839	1	-1817.441	-1817.036	-0.4047936	0.347143	0.0903271	0.909673	0.180654	1.81935	0.9993287
8840	0	-1817.099	-1816.694	-0.4051938	0.293285	0.0986997	0.9013	0.197399	1.8026	0.9997287
8841	1	-1817.336	-1816.932	-0.4047936	0.330569	0.104366	0.895634	0.208733	1.79127	0.9993287
8842	0	-1817.818	-1817.414	-0.4041321	0.345961	0.0962205	0.903779	0.192441	1.80756	0.9986679
8843	1	-1816.075	-1815.67	-0.4050077	0.314742	0.0952289	0.904771	0.190458	1.80954	0.9995427
8844	0	-1815.519	-1815.113	-0.4052791	0.341091	0.0976893	0.902311	0.195379	1.80462	0.999814
8845	1	-1821.69	-1821.287	-0.4035471	0.286274	0.108051	0.891949	0.216102	1.7839	0.9980839
8846	0	-1817.936	-1817.531	-0.4048061	0.291228	0.0998052	0.900195	0.19961	1.80039	0.9993412
8847	1	-1815.226	-1814.821	-0.405192	0.326242	0.0963257	0.903674	0.192651	1.80735	0.999727
8848	0	-1815.301	-1814.896	-0.4054554	0.343688	0.0968159	0.903184	0.193632	1.80637	0.9999903
8849	1	-1816.48	-1816.074	-0.405192	0.339389	0.0904372	0.909563	0.180874	1.81913	0.999727
8850	0	-1816.329	-1815.923	-0.4053249	0.300295	0.103705	0.896295	0.20741	1.79259	0.9998598
8851	1	-1816.113	-1815.708	-0.405192	0.307636	0.103334	0.896666	0.206669	1.79333	0.999727
8852	0	-1816.352	-1815.947	-0.4051032	0.319219	0.1043	0.8957	0.2086	1.7914	0.9996382
8853	1	-1815.49	-1815.085	-0.405192	0.313362	0.0976633	0.902337	0.195327	1.80467	0.999727
8854	0	-1815.203	-1814.798	-0.4052122	0.328026	0.096058	0.903942	0.192116	1.80788	0.9997471
8855	1	-1815.881	-1815.476	-0.405192	0.323562	0.0929489	0.907051	0.185898	1.8141	0.999727
8856	0	-1817.186	-1816.781	-0.4054583	0.319638	0.0892763	0.910724	0.178553	1.82145	0.9999932
8857	1	-1816.457	-1816.052	-0.404936	0.344304	0.0983651	0.901635	0.19673	1.80327	0.9994711
8858	0	-1816.556	-1816.151	-0.4053975	0.351674	0.0904324	0.909568	0.180865	1.81914	0.9999324
8859	1	-1816.119	-1815.714	-0.4049778	0.329135	0.101655	0.898345	0.203311	1.79669	0.9995128
8860	0	-1815.709	-1815.304	-0.4049876	0.329689	0.0993259	0.900674	0.198652	1.80135	0.9995226
8861	1	-1817.003	-1816.599	-0.4041903	0.328226	0.097479	0.902521	0.194958	1.80504	0.998726
8862	0	-1815.857	-1815.452	-0.4050316	0.312439	0.100754	0.899246	0.201509	1.79849	0.9995666
8863	1	-1815.958	-1815.552	-0.4052535	0.307515	0.103065	0.896935	0.20613	1.79387	0.9997884
8864	0	-1815.883	-1815.478	-0.4050637	0.310995	0.101072	0.898928	0.202144	1.79786	0.9995987
8865	1	-1816.017	-1815.612	-0.4052535	0.320796	0.0925464	0.907454	0.185093	1.81491	0.9997884
8866	0	-1818.556	-1818.151	-0.4045573	0.326905	0.106812	0.893188	0.213624	1.78638	0.9990926
8867	1	-1814.922	-1814.517	-0.4054228	0.334148	0.0977621	0.902238	0.195524	1.80448	0.9999577
8868	0	-1816.776	-1816.371	-0.4043839	0.322579	0.0999859	0.900014	0.199972	1.80003	0.9989194
8869	1	-1814.774	-1814.369	-0.4054228	0.327217	0.0976118	0.902388	0.195224	1.80478	0.9999577
8870	0	-1817.001	-1816.596	-0.4049468	0.353128	0.0929853	0.907015	0.185971	1.81403	0.9994819
8871	1	-1815.585	-1815.18	-0.4053011	0.316588	0.102729	0.897271	0.205458	1.79454	0.999836
8872	0	-1819.166	-1818.76	-0.4054062	0.280964	0.108983	0.891017	0.217965	1.78203	0.9999411
8873	1	-1815.946	-1815.541	-0.4051036	0.312088	0.102349	0.897651	0.204699	1.7953	0.9996385
8874	0	-1815.07	-1814.665	-0.4054062	0.319489	0.0955629	0.904437	0.191126	1.80887	0.9999411
8875	1	-1815.466	-1815.061	-0.4051036	0.318425	0.0973465	0.902653	0.194693	1.80531	0.9996385
8876	0	-1815.902	-1815.496	-0.4054062	0.345063	0.0915761	0.908424	0.183152	1.81685	0.9999411
8877	1	-1816.547	-1816.142	-0.4051124	0.352268	0.0951292	0.904871	0.190258	1.80974	0.9996474
8878	0	-1820.613	-1820.209	-0.4042702	0.325443	0.109977	0.890023	0.219954	1.78005	0.9988058
8879	1	-1815.911	-1815.505	-0.4052063	0.33818	0.100457	0.899543	0.200914	1.79909	0.9997412
8880	0	-1816.461	-1816.056	-0.4047744	0.308835	0.098236	0.901764	0.196472	1.80353	0.9993095
8881	1	-1816.404	-1815.998	-0.4052442	0.300633	0.10341	0.89659	0.20682	1.79318	0.9997792
8882	0	-1816.733	-1816.328	-0.4043395	0.323505	0.098001	0.901999	0.196002	1.804	0.998875
8883	1	-1816.757	-1816.352	-0.404605	0.342115	0.0971962	0.902804	0.194392	1.80561	0.9991403
8884	0	-1817.002	-1816.597	-0.4050665	0.337205	0.103522	0.896478	0.207043	1.79296	0.9996015
8885	1	-1815.401	-1814.996	-0.4051515	0.31849	0.0997442	0.900256	0.199488	1.80051	0.9996864
8886	0	-1816.147	-1815.742	-0.4052464	0.329551	0.091269	0.908731	0.182538	1.81746	0.9997813
8887	1	-1815.677	-1815.272	-0.4051289	0.323053	0.101573	0.898427	0.203145	1.79685	0.9996639
8888	0	-1817.694	-1817.289	-0.4049454	0.299686	0.106486	0.893514	0.212973	1.78703	0.9994805
8889	1	-1820.137	-1819.732	-0.4045	0.361749	0.100863	0.899137	0.201726	1.79827	0.9990354
8890	0	-1817.115	-1816.71	-0.4049454	0.344468	0.0901882	0.909812	0.180376	1.81962	0.9994805
8891	1	-1816.313	-1815.908	-0.4049838	0.344923	0.0975763	0.902424	0.195153	1.80485	0.9995188
8892	0	-1816.947	-1816.542	-0.4048959	0.344377	0.0910024	0.908998	0.182005	1.818	0.999431
8893	1	-1817.351	-1816.947	-0.4041151	0.337133	0.0966541	0.903346	0.193308	1.80669	0.9986509
8894	0	-1818.219	-1817.815	-0.4044383	0.309088	0.106312	0.893688	0.212625	1.78738	0.9989737
8895	1	-1816.21	-1815.805	-0.4051333	0.330465	0.102838	0.897162	0.205675	1.79432	0.9996682
8896	0	-1816.895	-1816.491	-0.4045102	0.311269	0.101306	0.898694	0.202611	1.79739	0.9990456
8897	1	-1818.142	-1817.738	-0.4040645	0.341743	0.100041	0.899959	0.200081	1.79992	0.9986004
8898	0	-1816.865	-1816.46	-0.4048964	0.299692	0.100116	0.899884	0.200232	1.79977	0.9994314
8899	1	-1816.3	-1815.895	-0.4046107	0.32186	0.0992051	0.900795	0.19841	1.80159	0.9991459
8900	0	-1818.309	-1817.904	-0.4046362	0.29382	0.0971108	0.902889	0.194222	1.80578	0.9991715
8901	1	-1816.567	-1816.162	-0.4044693	0.332486	0.0971005	0.9029	0.194201	1.8058	0.9990047
8902	0	-1818.13	-1817.726	-0.4043123	0.338874	0.0902531	0.909747	0.180506	1.81949	0.9988478
8903	1	-1817.376	-1816.972	-0.4044693	0.339678	0.0917656	0.908234	0.183531	1.81647	0.9990047
8904	0	-1815.375	-1814.97	-0.4052077	0.31736	0.100389	0.899611	0.200778	1.79922	0.9997426
8905	1	-1817.46	-1817.055	-0.4053673	0.289191	0.0978538	0.902146	0.195708	1.80429	0.9999022
8906	0	-1818.581	-1818.176	-0.4052077	0.318329	0.110063	0.889937	0.220125	1.77987	0.9997426
8907	1	-1818.463	-1818.058	-0.4043743	0.352248	0.0903481	0.909652	0.180696	1.8193	0.9989098
8908	0	-1815.523	-1815.118	-0.4052077	0.339737	0.0971384	0.902862	0.194277	1.80572	0.9997426
8909	1	-1816.218	-1815.813	-0.4049385	0.314178	0.102471	0.897529	0.204943	1.79506	0.9994736
8910	0	-1820.073	-1819.67	-0.4033665	0.295278	0.101981	0.898019	0.203961	1.79604	0.9979036
8911	1	-1817.297	-1816.893	-0.4041901	0.313154	0.0978183	0.902182	0.195637	1.80436	0.9987258
8912	0	-1815.464	-1815.058	-0.4054651	0.318227	0.0935423	0.906458	0.187085	1.81292	1
8913	1	-1815.277	-1814.871	-0.4053997	0.336393	0.0933732	0.906627	0.186746	1.81325	0.9999346
8914	0	-1814.944	-1814.539	-0.4054296	0.321354	0.095716	0.904284	0.191432	1.80857	0.9999645
8915	1	-1819.469	-1819.065	-0.403947	0.353747	0.0898771	0.910123	0.179754	1.82025	0.9984831
8916	0	-1816.855	-1816.45	-0.4048534	0.349608	0.093367	0.906633	0.186734	1.81327	0.9993885
8917	1	-1817.173	-1816.768	-0.4050329	0.355291	0.0918767	0.908123	0.183753	1.81625	0.9995679
8918	0	-1816.518	-1816.113	-0.4048256	0.327882	0.0925854	0.907415	0.185171	1.81483	0.9993607
8919	1	-1817.348	-1816.943	-0.4051102	0.291074	0.101103	0.898897	0.202207	1.79779	0.9996452
8920	0	-1815.523	-1815.118	-0.4050182	0.329049	0.0976794	0.902321	0.195359	1.80464	0.9995532
8921	1	-1815.467	-1815.062	-0.4052946	0.326436	0.101683	0.898317	0.203367	1.79663	0.9998295
8922	0	-1816.403	-1815.997	-0.4052617	0.326682	0.104676	0.895324	0.209351	1.79065	0.9997966
8923	1	-1815.539	-1815.134	-0.4052946	0.316229	0.102432	0.897568	0.204865	1.79514	0.9998295
8924	0	-1817.061	-1816.657	-0.4047574	0.317047	0.104645	0.895355	0.20929	1.79071	0.9992925
8925	1	-1815.17	-1814.765	-0.405289	0.320894	0.1002	0.8998	0.2004	1.7996	0.999824
8926	0	-1816.989	-1816.584	-0.4049004	0.346079	0.0999028	0.900097	0.199806	1.80019	0.9994355
8927	1	-1815.499	-1815.094	-0.4051124	0.323215	0.0954795	0.90452	0.190959	1.80904	0.9996473
8928	0	-1815.869	-1815.464	-0.4049004	0.317101	0.0995525	0.900447	0.199105	1.80089	0.9994355
8929	1	-1818.18	-1817.776	-0.4038421	0.321798	0.0937029	0.906297	0.187406	1.81259	0.9983783
8930	0	-1819.382	-1818.977	-0.4051112	0.285043	0.0950796	0.90492	0.190159	1.80984	0.9996462
8931	1	-1816.23	-1815.826	-0.4048448	0.318793	0.101894	0.898106	0.203789	1.79621	0.9993798
8932	0	-1815.148	-1814.742	-0.4052848	0.334494	0.0965645	0.903436	0.193129	1.80687	0.9998197
8933	1	-1818.176	-1817.772	-0.4038745	0.34349	0.0940691	0.905931	0.188138	1.81186	0.9984107
8934	0	-1817.848	-1817.443	-0.4048634	0.301883	0.106853	0.893147	0.213706	1.78629	0.9993985
8935	1	-1816.123	-1815.719	-0.4049005	0.31036	0.0986378	0.901362	0.197276	1.80272	0.9994356
8936	0	-1814.837	-1814.432	-0.4054594	0.333992	0.0958644	0.904136	0.191729	1.80827	0.9999943
8937	1	-1818.576	-1818.172	-0.4041204	0.353798	0.0927421	0.907258	0.185484	1.81452	0.9986562
8938	0	-1815.482	-1815.077	-0.4051013	0.320063	0.0965276	0.903472	0.193055	1.80694	0.9996362
8939	1	-1815.464	-1815.059	-0.4053917	0.314393	0.0949441	0.905056	0.189888	1.81011	0.9999266
8940	0	-1816.371	-1815.967	-0.4045785	0.332211	0.0963008	0.903699	0.192602	1.8074	0.9991137
8941	1	-1816.243	-1815.838	-0.404805	0.330979	0.0937248	0.906275	0.18745	1.81255	0.9993401
8942	0	-1815.767	-1815.362	-0.4054559	0.30239	0.0978434	0.902157	0.195687	1.80431	0.9999908
8943	1	-1818.878	-1818.475	-0.4031621	0.326813	0.0984663	0.901534	0.196933	1.80307	0.9976997
8944	0	-1815.947	-1815.542	-0.4053354	0.349337	0.0965003	0.9035	0.193001	1.807	0.9998703
8945	1	-1816.072	-1815.667	-0.404854	0.313026	0.0988107	0.901189	0.197621	1.80238	0.999389
8946	0	-1817.769	-1817.364	-0.4049888	0.354751	0.0895122	0.910488	0.179024	1.82098	0.9995238
8947	1	-1815.489	-1815.084	-0.4050426	0.325806	0.0986818	0.901318	0.197364	1.80264	0.9995776
8948	0	-1817.45	-1817.046	-0.4045567	0.350535	0.0934708	0.906529	0.186942	1.81306	0.999092
8949	1	-1815.728	-1815.323	-0.4049952	0.316358	0.0974378	0.902562	0.194876	1.80512	0.9995302
8950	0	-1815.319	-1814.913	-0.405455	0.307668	0.0981285	0.901872	0.196257	1.80374	0.9999899
8951	1	-1815.918	-1815.513	-0.4051229	0.312816	0.0955689	0.904431	0.191138	1.80886	0.9996578
8952	0	-1815.221	-1814.815	-0.405455	0.335997	0.0931126	0.906887	0.186225	1.81377	0.9999899
8953	1	-1817.276	-1816.871	-0.4050371	0.341905	0.101644	0.898356	0.203288	1.79671	0.9995721
8954	0	-1821.011	-1820.606	-0.4046454	0.324984	0.1118	0.8882	0.2236	1.7764	0.9991807
8955	1	-1815.998	-1815.593	-0.4047753	0.323995	0.0991899	0.90081	0.19838	1.80162	0.9993105
8956	0	-1816.67	-1816.265	-0.4050285	0.316214	0.104972	0.895028	0.209943	1.79006	0.9995635
8957	1	-1820.148	-1819.743	-0.4047753	0.366952	0.099718	0.900282	0.199436	1.80056	0.9993105
8958	0	-1815.498	-1815.093	-0.4051134	0.318725	0.0965751	0.903425	0.19315	1.80685	0.9996483
8959	1	-1816.859	-1816.454	-0.4048959	0.319341	0.0922124	0.907788	0.184425	1.81558	0.9994309
8960	0	-1816.175	-1815.77	-0.4047541	0.336136	0.0956826	0.904317	0.191365	1.80863	0.9992893
8961	1	-1819.364	-1818.959	-0.4046865	0.281626	0.101373	0.898627	0.202745	1.79725	0.9992217
8962	0	-1815.175	-1814.769	-0.4052123	0.32714	0.0983292	0.901671	0.196658	1.80334	0.9997472
8963	1	-1817.077	-1816.672	-0.4045499	0.308312	0.102351	0.897649	0.204702	1.7953	0.9990852
8964	0	-1815.135	-1814.73	-0.4054435	0.31557	0.1016	0.8984	0.203201	1.7968	0.9999784
8965	1	-1818.336	-1817.932	-0.4039964	0.302121	0.101528	0.898472	0.203055	1.79694	0.9985324
8966	0	-1817.272	-1816.867	-0.4048948	0.307687	0.105832	0.894168	0.211664	1.78834	0.9994299
8967	1	-1819.563	-1819.159	-0.4041169	0.28801	0.103123	0.896877	0.206247	1.79375	0.9986527
8968	0	-1815.425	-1815.02	-0.4052309	0.339103	0.0965869	0.903413	0.193174	1.80683	0.9997658
8969	1	-1815.469	-1815.064	-0.4054502	0.309901	0.0958735	0.904127	0.191747	1.80825	0.9999851
8970	0	-1817.417	-1817.013	-0.4043796	0.334732	0.0920062	0.907994	0.184012	1.81599	0.9989151
8971	1	-1815.255	-1814.85	-0.4051561	0.327421	0.0974447	0.902555	0.194889	1.80511	0.999691
8972	0	-1817.162	-1816.757	-0.4047573	0.350126	0.0973705	0.902629	0.194741	1.80526	0.9992924
8973	1	-1815.297	-1814.891	-0.4051561	0.330909	0.0967742	0.903226	0.193548	1.80645	0.999691
8974	0	-1815.476	-1815.071	-0.4050935	0.322133	0.0997894	0.900211	0.199579	1.80042	0.9996284
8975	1	-1817.765	-1817.36	-0.404482	0.35213	0.0965625	0.903437	0.193125	1.80687	0.9990174
8976	0	-1815.755	-1815.35	-0.405022	0.328097	0.10039	0.89961	0.20078	1.79922	0.999557
8977	1	-1817.235	-1816.831	-0.4044638	0.308245	0.0966563	0.903344	0.193313	1.80669	0.9989992
8978	0	-1815.628	-1815.223	-0.405386	0.34473	0.0980121	0.901988	0.196024	1.80398	0.9999209
8979	1	-1817.81	-1817.406	-0.4038437	0.334224	0.0982559	0.901744	0.196512	1.80349	0.9983799
8980	0	-1818.725	-1818.321	-0.4041029	0.311539	0.0925687	0.907431	0.185137	1.81486	0.9986387
8981	1	-1816.298	-1815.894	-0.4046969	0.334839	0.0949246	0.905075	0.189849	1.81015	0.9992321
8982	0	-1817.06	-1816.655	-0.4052647	0.299352	0.106221	0.893779	0.212442	1.78756	0.9997996
8983	1	-1817.131	-1816.726	-0.4046137	0.348566	0.0955964	0.904404	0.191193	1.80881	0.999149
8984	0	-1817.558	-1817.154	-0.4046158	0.30562	0.0949234	0.905077	0.189847	1.81015	0.9991511
8985	1	-1815.279	-1814.874	-0.4054127	0.308974	0.100095	0.899905	0.20019	1.79981	0.9999476
8986	0	-1817.611	-1817.206	-0.4052341	0.318227	0.0894357	0.910564	0.178871	1.82113	0.9997691
8987	1	-1815.607	-1815.202	-0.4054127	0.304228	0.101078	0.898922	0.202157	1.79784	0.9999476
8988	0	-1815.497	-1815.092	-0.4054168	0.329484	0.102282	0.897718	0.204564	1.79544	0.9999517
8989	1	-1816.814	-1816.409	-0.4049741	0.349592	0.0920838	0.907916	0.184168	1.81583	0.9995091
8990	0	-1816.612	-1816.207	-0.4049255	0.34912	0.0955315	0.904468	0.191063	1.80894	0.9994605
8991	1	-1815.818	-1815.413	-0.4049936	0.313639	0.0998424	0.900158	0.199685	1.80032	0.9995286
8992	0	-1815.303	-1814.898	-0.40522	0.323544	0.100243	0.899757	0.200487	1.79951	0.999755
8993	1	-1817.038	-1816.632	-0.4054114	0.334072	0.105759	0.894241	0.211518	1.78848	0.9999463
8994	0	-1816.655	-1816.251	-0.4043855	0.322889	0.097698	0.902302	0.195396	1.8046	0.9989209
8995	1	-1817.002	-1816.598	-0.4042445	0.330088	0.0987773	0.901223	0.197555	1.80245	0.9987801
8996	0	-1816.29	-1815.885	-0.4050482	0.317125	0.103778	0.896222	0.207557	1.79244	0.9995832
8997	1	-1816.417	-1816.012	-0.4049966	0.340528	0.0918715	0.908129	0.183743	1.81626	0.9995316
8998	0	-1818.067	-1817.662	-0.4044396	0.311701	0.0926622	0.907338	0.185324	1.81468	0.998975
8999	1	-1815.788	-1815.383	-0.4049966	0.333442	0.0990835	0.900917	0.198167	1.80183	0.9995316
9000	0	-1816.178	-1815.773	-0.4048122	0.312984	0.100003	0.899997	0.200005	1.79999	0.9993473
9001	1	-1815.769	-1815.364	-0.4050938	0.313561	0.101296	0.898704	0.202593	1.79741	0.9996287
9002	0	-1819.71	-1819.305	-0.4053444	0.311783	0.0870028	0.912997	0.174006	1.82599	0.9998793
9003	1	-1816.565	-1816.16	-0.4044832	0.319729	0.0994148	0.900585	0.19883	1.80117	0.9990186
9004	0	-1815.793	-1815.388	-0.4053444	0.330926	0.0917055	0.908295	0.183411	1.81659	0.9998793
9005	1	-1815.547	-1815.142	-0.4053927	0.312955	0.0949772	0.905023	0.189954	1.81005	0.9999276
9006	0	-1815.426	-1815.021	-0.4054188	0.309422	0.0966595	0.90334	0.193319	1.80668	0.9999537
9007	1	-1815.749	-1815.345	-0.404921	0.328501	0.0987915	0.901209	0.197583	1.80242	0.999456
9008	0	-1815.226	-1814.82	-0.4054188	0.317973	0.0949203	0.90508	0.189841	1.81016	0.9999537
9009	1	-1815.788	-1815.383	-0.404875	0.322916	0.0971141	0.902886	0.194228	1.80577	0.9994101
9010	0	-1815.692	-1815.287	-0.4050228	0.33465	0.0981698	0.90183	0.19634	1.80366	0.9995578
9011	1	-1815.613	-1815.208	-0.4051369	0.335305	0.099051	0.900949	0.198102	1.8019	0.9996719
9012	0	-1816.782	-1816.377	-0.4049368	0.347781	0.0920338	0.907966	0.184068	1.81593	0.9994718
9013	1	-1815.463	-1815.058	-0.4051119	0.326138	0.0997481	0.900252	0.199496	1.8005	0.9996468
9014	0	-1818.564	-1818.16	-0.4046869	0.288611	0.104109	0.895891	0.208219	1.79178	0.9992221
9015	1	-1814.983	-1814.578	-0.4054237	0.33409	0.0948306	0.905169	0.189661	1.81034	0.9999586
9016	0	-1816.034	-1815.628	-0.4051359	0.318496	0.093574	0.906426	0.187148	1.81285	0.9996709
9017	1	-1817.312	-1816.907	-0.4050003	0.357318	0.0955258	0.904474	0.191052	1.80895	0.9995353
9018	0	-1815.838	-1815.433	-0.4051359	0.328295	0.092998	0.907002	0.185996	1.814	0.9996709
9019	1	-1819.559	-1819.154	-0.4050003	0.347248	0.106382	0.893618	0.212764	1.78724	0.9995353
9020	0	-1815.83	-1815.425	-0.405144	0.307694	0.0999541	0.900046	0.199908	1.80009	0.9996789
9021	1	-1818.289	-1817.884	-0.4050396	0.285115	0.103657	0.896343	0.207315	1.79269	0.9995746
9022	0	-1816.045	-1815.64	-0.4053926	0.314407	0.105076	0.894924	0.210152	1.78985	0.9999275
9023	1	-1816.634	-1816.229	-0.4050189	0.3136	0.0933227	0.906677	0.186645	1.81335	0.9995539
9024	0	-1817.996	-1817.592	-0.4037621	0.334966	0.098348	0.901652	0.196696	1.8033	0.9982985
9025	1	-1817.514	-1817.109	-0.4048665	0.298861	0.0960932	0.903907	0.192186	1.80781	0.9994016
9026	0	-1821.591	-1821.186	-0.4047904	0.29235	0.0897177	0.910282	0.179435	1.82056	0.9993256
9027	1	-1816.457	-1816.052	-0.4051394	0.31898	0.104854	0.895146	0.209708	1.79029	0.9996743
9028	0	-1815.467	-1815.062	-0.4050385	0.325295	0.0972483	0.902752	0.194497	1.8055	0.9995735
9029	1	-1815.996	-1815.591	-0.4049785	0.340911	0.0970145	0.902985	0.194029	1.80597	0.9995136
9030	0	-1817.924	-1817.52	-0.4045771	0.308679	0.0931062	0.906894	0.186212	1.81379	0.9991124
9031	1	-1820.591	-1820.186	-0.4044857	0.339871	0.10826	0.89174	0.21652	1.78348	0.9990211
9032	0	-1816.563	-1816.158	-0.405325	0.317569	0.0913043	0.908696	0.182609	1.81739	0.9998599
9033	1	-1815.749	-1815.344	-0.404915	0.31981	0.0985616	0.901438	0.197123	1.80288	0.99945
9034	0	-1816.926	-1816.521	-0.4049222	0.301624	0.103446	0.896554	0.206892	1.79311	0.9994573
9035	1	-1821.472	-1821.067	-0.4051908	0.303469	0.115399	0.884601	0.230798	1.7692	0.9997257
9036	0	-1818.116	-1817.711	-0.4047125	0.291434	0.0993954	0.900605	0.198791	1.80121	0.9992477
9037	1	-1818.919	-1818.515	-0.4041316	0.351315	0.099786	0.900214	0.199572	1.80043	0.9986674
9038	0	-1817.013	-1816.607	-0.4054291	0.300041	0.107166	0.892834	0.214332	1.78567	0.999964
9039	1	-1818.787	-1818.383	-0.4041283	0.315994	0.106401	0.893599	0.212802	1.7872	0.9986641
9040	0	-1815.633	-1815.228	-0.4049989	0.327599	0.0955584	0.904442	0.191117	1.80888	0.9995339
9041	1	-1818.229	-1817.825	-0.4040682	0.305139	0.103204	0.896796	0.206408	1.79359	0.9986041
9042	0	-1817.45	-1817.045	-0.4052044	0.353347	0.100498	0.899502	0.200996	1.799	0.9997393
9043	1	-1816.589	-1816.185	-0.4045904	0.327119	0.100857	0.899143	0.201713	1.79829	0.9991257
9044	0	-1817.691	-1817.286	-0.4049583	0.294713	0.0967598	0.90324	0.19352	1.80648	0.9994933
9045	1	-1815.809	-1815.404	-0.4052253	0.321916	0.0932172	0.906783	0.186434	1.81357	0.9997602
9046	0	-1819.331	-1818.925	-0.405048	0.277784	0.104307	0.895693	0.208615	1.79139	0.999583
9047	1	-1818.439	-1818.035	-0.4046519	0.289063	0.102563	0.897437	0.205125	1.79487	0.9991871
9048	0	-1816.867	-1816.462	-0.4047694	0.317154	0.104051	0.895949	0.208101	1.7919	0.9993045
9049	1	-1817.823	-1817.418	-0.4045593	0.330356	0.104571	0.895429	0.209141	1.79086	0.9990946
9050	0	-1816.343	-1815.938	-0.4053727	0.352409	0.0917864	0.908214	0.183573	1.81643	0.9999076
9051	1	-1818.272	-1817.868	-0.4037971	0.309332	0.101414	0.898586	0.202827	1.79717	0.9983334
9052	0	-1817.841	-1817.436	-0.4042078	0.326991	0.0919877	0.908012	0.183975	1.81602	0.9987435
9053	1	-1817.371	-1816.966	-0.4047344	0.329895	0.104274	0.895726	0.208548	1.79145	0.9992696
9054	0	-1816.326	-1815.921	-0.4054578	0.354656	0.0969161	0.903084	0.193832	1.80617	0.9999927
9055	1	-1815.505	-1815.1	-0.4051284	0.322852	0.100547	0.899453	0.201093	1.79891	0.9996633
9056	0	-1816.062	-1815.657	-0.4050267	0.320224	0.0938873	0.906113	0.187775	1.81223	0.9995617
9057	1	-1818.214	-1817.808	-0.4051284	0.285686	0.104963	0.895037	0.209927	1.79007	0.9996633
9058	0	-1817.996	-1817.591	-0.4048727	0.344223	0.0883315	0.911668	0.176663	1.82334	0.9994078
9059	1	-1818.517	-1818.112	-0.4048299	0.361678	0.0975545	0.902446	0.195109	1.80489	0.999365
9060	0	-1815.784	-1815.379	-0.4048727	0.325724	0.0966715	0.903328	0.193343	1.80666	0.9994078
9061	1	-1816.678	-1816.273	-0.4050649	0.300407	0.0977113	0.902289	0.195423	1.80458	0.9995999
9062	0	-1815.728	-1815.322	-0.4053968	0.322539	0.0923897	0.90761	0.184779	1.81522	0.9999317
9063	1	-1816.121	-1815.716	-0.4054398	0.302706	0.104447	0.895553	0.208894	1.79111	0.9999747
9064	0	-1815.421	-1815.016	-0.4052855	0.311561	0.097605	0.902395	0.19521	1.80479	0.9998204
9065	1	-1818.079	-1817.674	-0.4041423	0.301486	0.099715	0.900285	0.19943	1.80057	0.998678
9066	0	-1815.522	-1815.117	-0.4053533	0.313385	0.0952905	0.904709	0.190581	1.80942	0.9998882
9067	1	-1816.778	-1816.374	-0.4045292	0.33597	0.0992966	0.900703	0.198593	1.80141	0.9990645
9068	0	-1817.206	-1816.801	-0.4047767	0.302845	0.103943	0.896057	0.207887	1.79211	0.9993119
9069	1	-1814.705	-1814.299	-0.4054625	0.323831	0.0978076	0.902192	0.195615	1.80438	0.9999974
9070	0	-1816.377	-1815.971	-0.4053706	0.29705	0.102911	0.897089	0.205822	1.79418	0.9999055
9071	1	-1816.951	-1816.547	-0.4044523	0.331429	0.0933655	0.906635	0.186731	1.81327	0.9989877
9072	0	-1816.246	-1815.841	-0.4052735	0.339899	0.101705	0.898295	0.203411	1.79659	0.9998084
9073	1	-1816.432	-1816.027	-0.4049034	0.331855	0.101897	0.898103	0.203794	1.79621	0.9994385
9074	0	-1819.222	-1818.816	-0.4054568	0.37441	0.0957533	0.904247	0.191507	1.80849	0.9999917
9075	1	-1816.043	-1815.638	-0.4051402	0.309315	0.102786	0.897214	0.205571	1.79443	0.9996751
9076	0	-1815.645	-1815.239	-0.4051561	0.312135	0.0973517	0.902648	0.194703	1.8053	0.999691
9077	1	-1818.401	-1817.996	-0.4048282	0.28935	0.0979037	0.902096	0.195807	1.80419	0.9993633
9078	0	-1817.637	-1817.232	-0.4052178	0.357001	0.0891443	0.910856	0.178289	1.82171	0.9997527
9079	1	-1816.422	-1816.017	-0.4048282	0.315209	0.0949908	0.905009	0.189982	1.81002	0.9993633
9080	0	-1817.292	-1816.887	-0.4045032	0.303407	0.100863	0.899137	0.201727	1.79827	0.9990385
9081	1	-1817.167	-1816.763	-0.4041669	0.317717	0.0993428	0.900657	0.198686	1.80131	0.9987027
9082	0	-1816.317	-1815.912	-0.4051862	0.309891	0.10451	0.89549	0.209019	1.79098	0.9997212
9083	1	-1815.597	-1815.192	-0.4053505	0.305586	0.0991711	0.900829	0.198342	1.80166	0.9998854
9084	0	-1815.651	-1815.246	-0.4051862	0.328261	0.101382	0.898618	0.202763	1.79724	0.9997212
9085	1	-1815.917	-1815.512	-0.4049506	0.333903	0.0992819	0.900718	0.198564	1.80144	0.9994856
9086	0	-1815.667	-1815.261	-0.4054536	0.30224	0.099249	0.900751	0.198498	1.8015	0.9999885
9087	1	-1816.488	-1816.083	-0.4053746	0.300978	0.105128	0.894872	0.210257	1.78974	0.9999095
9088	0	-1815.452	-1815.046	-0.4054536	0.306886	0.101887	0.898113	0.203775	1.79623	0.9999885
9089	1	-1815.13	-1814.725	-0.4053746	0.321751	0.101042	0.898958	0.202083	1.79792	0.9999095
9090	0	-1814.904	-1814.499	-0.4054619	0.330875	0.0994483	0.900552	0.198897	1.8011	0.9999968
9091	1	-1815.371	-1814.965	-0.4053784	0.341339	0.0978337	0.902166	0.195667	1.80433	0.9999133
9092	0	-1814.702	-1814.297	-0.4054619	0.326769	0.0977106	0.902289	0.195421	1.80458	0.9999968
9093	1	-1815.475	-1815.069	-0.4053434	0.322417	0.102477	0.897523	0.204954	1.79505	0.9998783
9094	0	-1815.414	-1815.008	-0.4054619	0.336288	0.100838	0.899162	0.201675	1.79832	0.9999968
9095	1	-1816.627	-1816.223	-0.4047331	0.326654	0.0928939	0.907106	0.185788	1.81421	0.9992683
9096	0	-1815.51	-1815.104	-0.4054619	0.336029	0.0918639	0.908136	0.183728	1.81627	0.9999968
9097	1	-1816.365	-1815.96	-0.4051047	0.338532	0.091228	0.908772	0.182456	1.81754	0.9996397
9098	0	-1815.193	-1814.788	-0.405211	0.323301	0.0989049	0.901095	0.19781	1.80219	0.999746
9099	1	-1816.262	-1815.857	-0.4051813	0.302608	0.0976899	0.90231	0.19538	1.80462	0.9997162
9100	0	-1816.833	-1816.428	-0.4043938	0.333695	0.0948427	0.905157	0.189685	1.81031	0.9989292
9101	1	-1820.122	-1819.719	-0.4030918	0.336228	0.10243	0.89757	0.204861	1.79514	0.9976295
9102	0	-1815.899	-1815.494	-0.4052744	0.305171	0.102168	0.897832	0.204337	1.79566	0.9998093
9103	1	-1818.776	-1818.372	-0.4038688	0.324675	0.091325	0.908675	0.18265	1.81735	0.998405
9104	0	-1818.4	-1817.995	-0.4052208	0.285282	0.0974486	0.902551	0.194897	1.8051	0.9997558
9105	1	-1817.407	-1817.002	-0.4048374	0.320477	0.105917	0.894083	0.211834	1.78817	0.9993725
9106	0	-1815.162	-1814.757	-0.4053882	0.328657	0.100687	0.899313	0.201373	1.79863	0.9999231
9107	1	-1816.287	-1815.882	-0.4052296	0.315824	0.0927566	0.907243	0.185513	1.81449	0.9997645
9108	0	-1815.99	-1815.585	-0.4051094	0.318405	0.103015	0.896985	0.20603	1.79397	0.9996443
9109	1	-1817.412	-1817.007	-0.4051361	0.291963	0.0983802	0.90162	0.19676	1.80324	0.9996711
9110	0	-1815.621	-1815.216	-0.4051094	0.328997	0.100376	0.899624	0.200753	1.79925	0.9996443
9111	1	-1815.85	-1815.445	-0.4051361	0.327417	0.101983	0.898017	0.203967	1.79603	0.9996711
9112	0	-1816.981	-1816.576	-0.4051094	0.299632	0.0961212	0.903879	0.192242	1.80776	0.9996443
9113	1	-1815.869	-1815.464	-0.40516	0.3428	0.0936434	0.906357	0.187287	1.81271	0.9996949
9114	0	-1816.444	-1816.039	-0.4049378	0.305302	0.101668	0.898332	0.203337	1.79666	0.9994728
9115	1	-1818.574	-1818.169	-0.4051663	0.340943	0.0863371	0.913663	0.172674	1.82733	0.9997013
9116	0	-1815.565	-1815.16	-0.405297	0.319293	0.102629	0.897371	0.205258	1.79474	0.9998319
9117	1	-1816.216	-1815.81	-0.4053328	0.335444	0.0904359	0.909564	0.180872	1.81913	0.9998677
9118	0	-1815.946	-1815.541	-0.4049641	0.31278	0.0974637	0.902536	0.194927	1.80507	0.9994991
9119	1	-1815.796	-1815.391	-0.4053314	0.332866	0.102202	0.897798	0.204404	1.7956	0.9998663
9120	0	-1817.879	-1817.475	-0.4042147	0.327346	0.103346	0.896654	0.206692	1.79331	0.9987503
9121	1	-1815.986	-1815.58	-0.4051095	0.323461	0.093117	0.906883	0.186234	1.81377	0.9996444
9122	0	-1817.316	-1816.911	-0.404825	0.296231	0.100385	0.899615	0.200771	1.79923	0.9993601
9123	1	-1816.204	-1815.798	-0.4054316	0.326464	0.104995	0.895005	0.209991	1.79001	0.9999665
9124	0	-1814.938	-1814.533	-0.4053772	0.322788	0.0963046	0.903695	0.192609	1.80739	0.9999121
9125	1	-1815.38	-1814.975	-0.405171	0.331295	0.0950619	0.904938	0.190124	1.80988	0.9997059
9126	0	-1815.173	-1814.768	-0.4053569	0.312981	0.0984468	0.901553	0.196894	1.80311	0.9998918
9127	1	-1815.815	-1815.41	-0.4051559	0.343573	0.0947917	0.905208	0.189583	1.81042	0.9996909
9128	0	-1815.312	-1814.907	-0.4053569	0.339967	0.0977184	0.902282	0.195437	1.80456	0.9998918
9129	1	-1817.712	-1817.307	-0.4053793	0.311326	0.0899213	0.910079	0.179843	1.82016	0.9999142
9130	0	-1815.601	-1815.196	-0.4053569	0.310221	0.102672	0.897328	0.205345	1.79466	0.9998918
9131	1	-1815.643	-1815.238	-0.4050917	0.313571	0.0979505	0.902049	0.195901	1.8041	0.9996267
9132	0	-1818.107	-1817.701	-0.4053569	0.283308	0.105105	0.894895	0.21021	1.78979	0.9998918
9133	1	-1815.829	-1815.424	-0.4050917	0.330585	0.0932442	0.906756	0.186488	1.81351	0.9996267
9134	0	-1815.384	-1814.979	-0.4053492	0.332262	0.0931273	0.906873	0.186255	1.81375	0.9998841
9135	1	-1817.212	-1816.808	-0.4043461	0.342018	0.097126	0.902874	0.194252	1.80575	0.9988816
9136	0	-1817.152	-1816.747	-0.4043375	0.318397	0.10192	0.89808	0.203841	1.79616	0.998873
9137	1	-1817.01	-1816.606	-0.4043768	0.318631	0.101523	0.898477	0.203047	1.79695	0.9989123
9138	0	-1815.849	-1815.444	-0.4052168	0.306315	0.0980766	0.901923	0.196153	1.80385	0.9997517
9139	1	-1815.117	-1814.712	-0.4052541	0.325647	0.0988479	0.901152	0.197696	1.8023	0.999789
9140	0	-1818.063	-1817.659	-0.404067	0.343426	0.0924325	0.907568	0.184865	1.81514	0.9986028
9141	1	-1817.105	-1816.7	-0.4050587	0.319	0.106265	0.893735	0.212529	1.78747	0.9995937
9142	0	-1816.643	-1816.238	-0.4044914	0.333763	0.0949857	0.905014	0.189971	1.81003	0.9990268
9143	1	-1815.766	-1815.361	-0.4050458	0.323222	0.101233	0.898767	0.202465	1.79753	0.9995808
9144	0	-1818.294	-1817.89	-0.4042139	0.301043	0.103757	0.896243	0.207515	1.79249	0.9987496
9145	1	-1816.263	-1815.858	-0.405232	0.306171	0.0954368	0.904563	0.190874	1.80913	0.9997669
9146	0	-1816.775	-1816.371	-0.4049212	0.304232	0.0964813	0.903519	0.192963	1.80704	0.9994563
9147	1	-1816.138	-1815.733	-0.4050531	0.345241	0.0941489	0.905851	0.188298	1.8117	0.999588
9148	0	-1816.821	-1816.415	-0.4051998	0.345707	0.101361	0.898639	0.202722	1.79728	0.9997347
9149	1	-1815.734	-1815.329	-0.4054165	0.345058	0.0922515	0.907749	0.184503	1.8155	0.9999514
9150	0	-1815.499	-1815.094	-0.4051998	0.314978	0.0965758	0.903424	0.193152	1.80685	0.9997347
9151	1	-1817.467	-1817.061	-0.4054327	0.334487	0.106679	0.893321	0.213357	1.78664	0.9999676
9152	0	-1817.357	-1816.952	-0.405164	0.290338	0.100478	0.899522	0.200955	1.79904	0.999699
9153	1	-1815.194	-1814.789	-0.4052587	0.333174	0.0979104	0.90209	0.195821	1.80418	0.9997936
9154	0	-1815.015	-1814.61	-0.4053604	0.316953	0.0984118	0.901588	0.196824	1.80318	0.9998953
9155	1	-1816.59	-1816.186	-0.4047581	0.344171	0.0943967	0.905603	0.188793	1.81121	0.9992933
9156	0	-1815.1	-1814.695	-0.4053604	0.32224	0.0953186	0.904681	0.190637	1.80936	0.9998953
9157	1	-1816.007	-1815.602	-0.4050639	0.326683	0.0929775	0.907022	0.185955	1.81404	0.9995988
9158	0	-1815.557	-1815.152	-0.4049976	0.326989	0.0966314	0.903369	0.193263	1.80674	0.9995326
9159	1	-1817.399	-1816.995	-0.4048552	0.295602	0.0990887	0.900911	0.198177	1.80182	0.9993903
9160	0	-1816.891	-1816.486	-0.405381	0.294688	0.0969401	0.90306	0.19388	1.80612	0.9999159
9161	1	-1815.728	-1815.323	-0.4052061	0.320012	0.102611	0.897389	0.205223	1.79478	0.999741
9162	0	-1816.462	-1816.057	-0.4048862	0.325811	0.102817	0.897183	0.205635	1.79437	0.9994212
9163	1	-1815.103	-1814.698	-0.4053449	0.316881	0.0970832	0.902917	0.194166	1.80583	0.9998798
9164	0	-1816.269	-1815.864	-0.40496	0.315021	0.0946605	0.90534	0.189321	1.81068	0.999495
9165	1	-1817.097	-1816.692	-0.4044632	0.307865	0.100945	0.899055	0.201889	1.79811	0.9989986
9166	0	-1815.168	-1814.763	-0.4053004	0.327341	0.0949346	0.905065	0.189869	1.81013	0.9998353
9167	1	-1819.795	-1819.39	-0.4044632	0.368003	0.0954114	0.904589	0.190823	1.80918	0.9989986
9168	0	-1816.147	-1815.742	-0.4053004	0.335251	0.0907808	0.909219	0.181562	1.81844	0.9998353
9169	1	-1817.42	-1817.016	-0.4044444	0.341548	0.0919558	0.908044	0.183912	1.81609	0.9989799
9170	0	-1815.187	-1814.781	-0.4052384	0.319404	0.0975236	0.902476	0.195047	1.80495	0.9997733
9171	1	-1817.11	-1816.705	-0.4048065	0.328217	0.0909202	0.90908	0.18184	1.81816	0.9993417
9172	0	-1815.304	-1814.899	-0.4052384	0.318658	0.0963083	0.903692	0.192617	1.80738	0.9997733
9173	1	-1815.184	-1814.778	-0.4053884	0.339932	0.0954723	0.904528	0.190945	1.80906	0.9999233
9174	0	-1819.251	-1818.846	-0.4050342	0.287066	0.0948908	0.905109	0.189782	1.81022	0.9995692
9175	1	-1815.874	-1815.469	-0.4048364	0.322949	0.0989864	0.901014	0.197973	1.80203	0.9993715
9176	0	-1815.183	-1814.777	-0.4053969	0.311095	0.0989742	0.901026	0.197948	1.80205	0.9999318
9177	1	-1817.602	-1817.196	-0.4051809	0.311378	0.0907749	0.909225	0.18155	1.81845	0.9997158
9178	0	-1815.453	-1815.048	-0.4051	0.333331	0.0971518	0.902848	0.194304	1.8057	0.999635
9179	1	-1816.437	-1816.032	-0.4051809	0.343307	0.100744	0.899256	0.201489	1.79851	0.9997158
9180	0	-1818.619	-1818.214	-0.4050302	0.333998	0.107602	0.892398	0.215204	1.7848	0.9995652
9181	1	-1815.823	-1815.418	-0.405174	0.316888	0.0944599	0.90554	0.18892	1.81108	0.9997089
9182	0	-1815.618	-1815.213	-0.4052156	0.323079	0.102048	0.897952	0.204095	1.7959	0.9997505
9183	1	-1816.32	-1815.915	-0.4050974	0.348081	0.0932695	0.90673	0.186539	1.81346	0.9996324
9184	0	-1817.53	-1817.124	-0.4050595	0.332088	0.0887531	0.911247	0.177506	1.82249	0.9995945
9185	1	-1815.594	-1815.189	-0.4049785	0.329381	0.0969539	0.903046	0.193908	1.80609	0.9995135
9186	0	-1815.915	-1815.511	-0.4048565	0.334349	0.0966134	0.903387	0.193227	1.80677	0.9993916
9187	1	-1816.881	-1816.477	-0.4043609	0.322553	0.0954053	0.904595	0.190811	1.80919	0.9988964
9188	0	-1816.562	-1816.157	-0.4048683	0.34618	0.0970065	0.902993	0.194013	1.80599	0.9994034
9189	1	-1816.263	-1815.858	-0.4048421	0.321466	0.101999	0.898001	0.203999	1.796	0.9993772
9190	0	-1821.555	-1821.149	-0.4054343	0.309951	0.115957	0.884043	0.231915	1.76809	0.9999692
9191	1	-1816.507	-1816.102	-0.404949	0.303749	0.101526	0.898474	0.203052	1.79695	0.999484
9192	0	-1815.329	-1814.924	-0.4054343	0.307847	0.100688	0.899312	0.201376	1.79862	0.9999692
9193	1	-1816.502	-1816.098	-0.4046098	0.313955	0.0998977	0.900102	0.199795	1.8002	0.9991451
9194	0	-1815.058	-1814.652	-0.4053772	0.322101	0.0954263	0.904574	0.190853	1.80915	0.9999121
9195	1	-1815.676	-1815.271	-0.4050161	0.31698	0.099764	0.900236	0.199528	1.80047	0.9995511
9196	0	-1815.49	-1815.085	-0.4053564	0.343084	0.0974531	0.902547	0.194906	1.80509	0.9998913
9197	1	-1815.365	-1814.959	-0.4052939	0.325411	0.101296	0.898704	0.202592	1.79741	0.9998288
9198	0	-1818.519	-1818.115	-0.404738	0.315902	0.0897636	0.910236	0.179527	1.82047	0.9992732
9199	1	-1816.945	-1816.54	-0.4050076	0.354481	0.0943243	0.905676	0.188649	1.81135	0.9995426
9200	0	-1817.498	-1817.093	-0.4045343	0.316524	0.104764	0.895236	0.209529	1.79047	0.9990696
9201	1	-1818.311	-1817.907	-0.4041373	0.300211	0.10252	0.89748	0.20504	1.79496	0.998673
9202	0	-1816.195	-1815.79	-0.4047646	0.330472	0.0997834	0.900217	0.199567	1.80043	0.9992998
9203	1	-1815.646	-1815.241	-0.4053881	0.335129	0.0918394	0.908161	0.183679	1.81632	0.999923
9204	0	-1816.075	-1815.67	-0.4051561	0.347356	0.0943466	0.905653	0.188693	1.81131	0.9996911
9205	1	-1815.975	-1815.57	-0.4053881	0.344001	0.100158	0.899842	0.200315	1.79968	0.999923
9206	0	-1816.168	-1815.762	-0.405348	0.304016	0.104203	0.895797	0.208405	1.79159	0.9998829
9207	1	-1815.75	-1815.345	-0.4053881	0.346787	0.0976612	0.902339	0.195322	1.80468	0.999923
9208	0	-1816.649	-1816.244	-0.4050345	0.306786	0.104362	0.895638	0.208725	1.79128	0.9995694
9209	1	-1815.252	-1814.846	-0.4053881	0.322584	0.101812	0.898188	0.203624	1.79638	0.999923
9210	0	-1818.952	-1818.549	-0.4034671	0.329877	0.101974	0.898026	0.203948	1.79605	0.998004
9211	1	-1815.675	-1815.27	-0.4053881	0.315665	0.0938192	0.906181	0.187638	1.81236	0.999923
9212	0	-1815.332	-1814.927	-0.4052899	0.330378	0.100331	0.899669	0.200661	1.79934	0.9998248
9213	1	-1817.064	-1816.66	-0.4043412	0.339755	0.0966463	0.903354	0.193293	1.80671	0.9988767
9214	0	-1814.942	-1814.537	-0.4053978	0.31715	0.0983906	0.901609	0.196781	1.80322	0.9999327
9215	1	-1818.246	-1817.841	-0.4051641	0.364412	0.0898106	0.910189	0.179621	1.82038	0.9996991
9216	0	-1816	-1815.594	-0.4052779	0.302183	0.0990249	0.900975	0.19805	1.80195	0.9998128
9217	1	-1816.89	-1816.485	-0.4047257	0.303775	0.0986141	0.901386	0.197228	1.80277	0.9992608
9218	0	-1816.905	-1816.5	-0.4050916	0.351028	0.0987772	0.901223	0.197554	1.80245	0.9996266
9219	1	-1819.748	-1819.344	-0.4040178	0.33829	0.0878906	0.912109	0.175781	1.82422	0.9985538
9220	0	-1815.771	-1815.366	-0.4050916	0.337476	0.0938879	0.906112	0.187776	1.81222	0.9996266
9221	1	-1818.998	-1818.593	-0.4052082	0.317815	0.0874042	0.912596	0.174808	1.82519	0.9997431
9222	0	-1818.909	-1818.506	-0.4033968	0.316074	0.102139	0.897861	0.204277	1.79572	0.9979338
9223	1	-1815.261	-1814.856	-0.4052082	0.31904	0.0992892	0.900711	0.198578	1.80142	0.9997431
9224	0	-1817.227	-1816.823	-0.4044323	0.309035	0.102133	0.897867	0.204266	1.79573	0.9989677
9225	1	-1817.806	-1817.402	-0.4040683	0.343285	0.0941646	0.905835	0.188329	1.81167	0.9986042
9226	0	-1818.532	-1818.127	-0.4048568	0.299736	0.108509	0.891491	0.217018	1.78298	0.9993919
9227	1	-1816.658	-1816.254	-0.4044089	0.323391	0.0991975	0.900803	0.198395	1.80161	0.9989444
9228	0	-1816.103	-1815.698	-0.4047736	0.325332	0.0952283	0.904772	0.190457	1.80954	0.9993087
9229	1	-1818.717	-1818.312	-0.4045059	0.293889	0.105896	0.894104	0.211791	1.78821	0.9990413
9230	0	-1815.389	-1814.984	-0.4051776	0.315561	0.0986475	0.901353	0.197295	1.80271	0.9997126
9231	1	-1818.438	-1818.035	-0.403408	0.32968	0.0977024	0.902298	0.195405	1.8046	0.997945
9232	0	-1816.042	-1815.637	-0.4052235	0.302572	0.100553	0.899447	0.201106	1.79889	0.9997585
9233	1	-1817.065	-1816.66	-0.40503	0.330846	0.104732	0.895268	0.209464	1.79054	0.999565
9234	0	-1816.138	-1815.733	-0.4046853	0.329192	0.0980338	0.901966	0.196068	1.80393	0.9992205
9235	1	-1815.492	-1815.087	-0.40503	0.324469	0.0970684	0.902932	0.194137	1.80586	0.999565
9236	0	-1820.494	-1820.091	-0.4025692	0.331807	0.101284	0.898716	0.202567	1.79743	0.9971083
9237	1	-1816.034	-1815.629	-0.4051688	0.325658	0.10313	0.89687	0.206259	1.79374	0.9997037
9238	0	-1819.991	-1819.588	-0.4035811	0.292631	0.0996554	0.900345	0.199311	1.80069	0.9981177
9239	1	-1818.579	-1818.175	-0.4043641	0.316232	0.0909065	0.909094	0.181813	1.81819	0.9988996
9240	0	-1815.873	-1815.468	-0.4049563	0.330575	0.0999175	0.900083	0.199835	1.80017	0.9994913
9241	1	-1817.069	-1816.665	-0.4043641	0.328958	0.100954	0.899046	0.201908	1.79809	0.9988996
9242	0	-1815.552	-1815.147	-0.4053781	0.314723	0.0945822	0.905418	0.189164	1.81084	0.999913
9243	1	-1817.085	-1816.68	-0.4052856	0.358077	0.0970572	0.902943	0.194114	1.80589	0.9998205
9244	0	-1816.48	-1816.076	-0.4045272	0.330606	0.0956437	0.904356	0.191287	1.80871	0.9990625
9245	1	-1815.935	-1815.53	-0.4051945	0.328148	0.0922863	0.907714	0.184573	1.81543	0.9997294
9246	0	-1819.523	-1819.118	-0.4047202	0.366907	0.0890659	0.910934	0.178132	1.82187	0.9992554
9247	1	-1817.2	-1816.795	-0.4051639	0.315892	0.107123	0.892877	0.214246	1.78575	0.9996989
9248	0	-1816.179	-1815.774	-0.4052146	0.30148	0.0989485	0.901052	0.197897	1.8021	0.9997496
9249	1	-1817.651	-1817.246	-0.4051639	0.322008	0.107758	0.892242	0.215515	1.78448	0.9996989
9250	0	-1816.486	-1816.081	-0.4052146	0.30059	0.103576	0.896424	0.207152	1.79285	0.9997496
9251	1	-1816.354	-1815.949	-0.4046276	0.32233	0.100143	0.899857	0.200287	1.79971	0.9991629
9252	0	-1817.089	-1816.684	-0.4052146	0.32529	0.0896035	0.910397	0.179207	1.82079	0.9997496
9253	1	-1816.9	-1816.495	-0.4046276	0.333883	0.101355	0.898645	0.202711	1.79729	0.9991629
9254	0	-1815.58	-1815.175	-0.4051735	0.314052	0.101035	0.898965	0.20207	1.79793	0.9997084
9255	1	-1815.203	-1814.798	-0.4053671	0.317255	0.101305	0.898695	0.202609	1.79739	0.999902
9256	0	-1818.568	-1818.164	-0.404053	0.312013	0.105366	0.894634	0.210733	1.78927	0.9985889
9257	1	-1815.256	-1814.85	-0.4053671	0.33729	0.09399	0.90601	0.18798	1.81202	0.999902
9258	0	-1815.236	-1814.831	-0.4052441	0.324864	0.0954276	0.904572	0.190855	1.80914	0.999779
9259	1	-1817.533	-1817.128	-0.4048922	0.346945	0.101434	0.898566	0.202868	1.79713	0.9994273
9260	0	-1818.774	-1818.369	-0.4052441	0.289764	0.094042	0.905958	0.188084	1.81192	0.999779
9261	1	-1816.512	-1816.108	-0.4045155	0.317971	0.0987196	0.90128	0.197439	1.80256	0.9990509
9262	0	-1816.933	-1816.528	-0.4050991	0.319261	0.0911263	0.908874	0.182253	1.81775	0.9996341
9263	1	-1820.498	-1820.093	-0.404863	0.334967	0.0846979	0.915302	0.169396	1.8306	0.999398
9264	0	-1816.839	-1816.434	-0.4047109	0.340491	0.0998599	0.90014	0.19972	1.80028	0.9992461
9265	1	-1817.609	-1817.204	-0.4052325	0.336917	0.105758	0.894242	0.211516	1.78848	0.9997674
9266	0	-1816.357	-1815.951	-0.4053537	0.345749	0.100725	0.899275	0.201451	1.79855	0.9998886
9267	1	-1817.952	-1817.548	-0.4045094	0.344196	0.101491	0.898509	0.202982	1.79702	0.9990447
9268	0	-1815.137	-1814.732	-0.4053537	0.335243	0.094778	0.905222	0.189556	1.81044	0.9998886
9269	1	-1817.85	-1817.446	-0.4045094	0.319413	0.105582	0.894418	0.211165	1.78884	0.9990447
9270	0	-1817.249	-1816.844	-0.4051135	0.295629	0.104812	0.895188	0.209624	1.79038	0.9996485
9271	1	-1815.602	-1815.197	-0.4050291	0.322183	0.0998882	0.900112	0.199776	1.80022	0.9995641
9272	0	-1816.17	-1815.765	-0.4051135	0.304751	0.097944	0.902056	0.195888	1.80411	0.9996485
9273	1	-1815.429	-1815.023	-0.4050808	0.321536	0.0986766	0.901323	0.197353	1.80265	0.9996158
9274	0	-1815.797	-1815.392	-0.4051135	0.323568	0.101989	0.898011	0.203977	1.79602	0.9996485
9275	1	-1816.787	-1816.382	-0.4051956	0.302132	0.105283	0.894717	0.210567	1.78943	0.9997305
9276	0	-1815.653	-1815.248	-0.4051135	0.337057	0.0944186	0.905581	0.188837	1.81116	0.9996485
9277	1	-1815.538	-1815.133	-0.405229	0.331182	0.100687	0.899313	0.201373	1.79863	0.9997639
9278	0	-1815.892	-1815.487	-0.4051135	0.338243	0.0930421	0.906958	0.186084	1.81392	0.9996485
9279	1	-1818.844	-1818.441	-0.4035849	0.321387	0.0930412	0.906959	0.186082	1.81392	0.9981215
9280	0	-1815.375	-1814.97	-0.4052442	0.330981	0.0941435	0.905856	0.188287	1.81171	0.9997791
9281	1	-1817.581	-1817.177	-0.4042717	0.317586	0.100527	0.899473	0.201054	1.79895	0.9988073
9282	0	-1817.038	-1816.633	-0.4045879	0.341349	0.0994278	0.900572	0.198856	1.80114	0.9991232
9283	1	-1815.508	-1815.103	-0.405015	0.327233	0.0973842	0.902616	0.194768	1.80523	0.99955
9284	0	-1817.78	-1817.375	-0.4041143	0.33744	0.100218	0.899782	0.200436	1.79956	0.9986501
9285	1	-1817.622	-1817.217	-0.4048133	0.357438	0.0948334	0.905167	0.189667	1.81033	0.9993484
9286	0	-1814.894	-1814.489	-0.4053867	0.326309	0.0989826	0.901017	0.197965	1.80203	0.9999216
9287	1	-1815.709	-1815.304	-0.4050121	0.315665	0.0996343	0.900366	0.199269	1.80073	0.9995471
9288	0	-1815.06	-1814.655	-0.4053867	0.335641	0.0950601	0.90494	0.19012	1.80988	0.9999216
9289	1	-1815.85	-1815.445	-0.4051083	0.308435	0.0990335	0.900966	0.198067	1.80193	0.9996433
9290	0	-1818.219	-1817.814	-0.4050094	0.328163	0.0879759	0.912024	0.175952	1.82405	0.9995444
9291	1	-1816.277	-1815.872	-0.4049099	0.310253	0.0967297	0.90327	0.193459	1.80654	0.999445
9292	0	-1815.565	-1815.16	-0.4051407	0.338631	0.0965939	0.903406	0.193188	1.80681	0.9996757
9293	1	-1815.142	-1814.736	-0.4053986	0.338754	0.0973707	0.902629	0.194741	1.80526	0.9999335
9294	0	-1817.071	-1816.666	-0.4046696	0.349109	0.0954555	0.904544	0.190911	1.80909	0.9992048
9295	1	-1817.096	-1816.691	-0.4048278	0.343073	0.1009	0.8991	0.2018	1.7982	0.9993629
9296	0	-1815.448	-1815.043	-0.405062	0.326734	0.0965012	0.903499	0.193002	1.807	0.999597
9297	1	-1816.362	-1815.957	-0.4050746	0.347691	0.0973981	0.902602	0.194796	1.8052	0.9996095
9298	0	-1816.028	-1815.623	-0.405062	0.306845	0.0999244	0.900076	0.199849	1.80015	0.999597
9299	1	-1815.643	-1815.238	-0.4050746	0.314096	0.0981245	0.901875	0.196249	1.80375	0.9996095
9300	0	-1815.431	-1815.025	-0.4051824	0.336753	0.0972756	0.902724	0.194551	1.80545	0.9997173
9301	1	-1816.226	-1815.821	-0.4050746	0.336341	0.10129	0.89871	0.202581	1.79742	0.9996095
9302	0	-1815.84	-1815.435	-0.4050366	0.339847	0.0949342	0.905066	0.189868	1.81013	0.9995716
9303	1	-1818.879	-1818.474	-0.4050746	0.292382	0.109398	0.890602	0.218796	1.7812	0.9996095
9304	0	-1815.966	-1815.561	-0.4051551	0.345837	0.0962751	0.903725	0.19255	1.80745	0.9996901
9305	1	-1815.173	-1814.768	-0.4052324	0.324674	0.096247	0.903753	0.192494	1.80751	0.9997674
9306	0	-1816.531	-1816.126	-0.4049242	0.334479	0.0916754	0.908325	0.183351	1.81665	0.9994593
9307	1	-1815.826	-1815.421	-0.4051061	0.308919	0.0997986	0.900201	0.199597	1.8004	0.9996411
9308	0	-1816.771	-1816.367	-0.4044244	0.315939	0.0974828	0.902517	0.194966	1.80503	0.9989598
9309	1	-1814.75	-1814.345	-0.4054619	0.326857	0.0987951	0.901205	0.19759	1.80241	0.9999968
9310	0	-1816.899	-1816.493	-0.4051446	0.352064	0.0909763	0.909024	0.181953	1.81805	0.9996796
9311	1	-1815.622	-1815.216	-0.4053977	0.346873	0.0941085	0.905891	0.188217	1.81178	0.9999326
9312	0	-1816.337	-1815.932	-0.404914	0.330826	0.101792	0.898208	0.203584	1.79642	0.999449
9313	1	-1817.466	-1817.061	-0.4046523	0.324347	0.104839	0.895161	0.209678	1.79032	0.9991876
9314	0	-1817.657	-1817.253	-0.4046838	0.342812	0.0898728	0.910127	0.179746	1.82025	0.999219
9315	1	-1818.15	-1817.746	-0.4046004	0.338529	0.0889617	0.911038	0.177923	1.82208	0.9991357
9316	0	-1815.106	-1814.7	-0.405426	0.329139	0.100669	0.899331	0.201338	1.79866	0.9999609
9317	1	-1816.98	-1816.575	-0.4049119	0.352164	0.0930264	0.906974	0.186053	1.81395	0.999447
9318	0	-1818.077	-1817.672	-0.4050827	0.287102	0.104564	0.895436	0.209129	1.79087	0.9996177
9319	1	-1815.423	-1815.017	-0.4053821	0.308615	0.0976907	0.902309	0.195381	1.80462	0.999917
9320	0	-1815.563	-1815.158	-0.4051998	0.337131	0.0988301	0.90117	0.19766	1.80234	0.9997347
9321	1	-1816.246	-1815.841	-0.404928	0.343858	0.0965078	0.903492	0.193016	1.80698	0.999463
9322	0	-1815.401	-1814.996	-0.4051998	0.317332	0.0965111	0.903489	0.193022	1.80698	0.9997347
9323	1	-1816.598	-1816.193	-0.4049158	0.334531	0.0915064	0.908494	0.183013	1.81699	0.9994508
9324	0	-1816.907	-1816.503	-0.4044649	0.319617	0.101856	0.898144	0.203712	1.79629	0.9990003
9325	1	-1816.536	-1816.131	-0.4049158	0.332596	0.102219	0.897781	0.204437	1.79556	0.9994508
9326	0	-1815.922	-1815.517	-0.4050509	0.341506	0.0944604	0.90554	0.188921	1.81108	0.9995859
9327	1	-1817.422	-1817.017	-0.4045587	0.327786	0.103807	0.896193	0.207614	1.79239	0.999094
9328	0	-1817.22	-1816.815	-0.4053468	0.346815	0.0882818	0.911718	0.176564	1.82344	0.9998817
9329	1	-1815.955	-1815.55	-0.4053544	0.349815	0.0934853	0.906515	0.186971	1.81303	0.9998893
9330	0	-1816.606	-1816.201	-0.4052274	0.355043	0.0946331	0.905367	0.189266	1.81073	0.9997623
9331	1	-1815.972	-1815.567	-0.4049259	0.338905	0.0968028	0.903197	0.193606	1.80639	0.9994609
9332	0	-1814.982	-1814.577	-0.4053536	0.319932	0.0992424	0.900758	0.198485	1.80152	0.9998885
9333	1	-1815.537	-1815.132	-0.4050782	0.322471	0.100101	0.899899	0.200203	1.7998	0.9996132
9334	0	-1817.053	-1816.649	-0.4043666	0.315854	0.0958919	0.904108	0.191784	1.80822	0.9989021
9335	1	-1815.805	-1815.4	-0.4049646	0.31703	0.100238	0.899762	0.200476	1.79952	0.9994996
9336	0	-1815.914	-1815.508	-0.4053173	0.310967	0.103939	0.896061	0.207878	1.79212	0.9998522
9337	1	-1815.933	-1815.527	-0.405321	0.348129	0.0971944	0.902806	0.194389	1.80561	0.9998559
9338	0	-1817.681	-1817.276	-0.4053173	0.363273	0.0965539	0.903446	0.193108	1.80689	0.9998522
9339	1	-1817.617	-1817.212	-0.4048321	0.357743	0.0935833	0.906417	0.187167	1.81283	0.9993672
9340	0	-1816.536	-1816.131	-0.4048572	0.304848	0.10037	0.89963	0.20074	1.79926	0.9993923
9341	1	-1816.659	-1816.255	-0.4045746	0.334334	0.0995805	0.90042	0.199161	1.80084	0.9991099
9342	0	-1816.733	-1816.328	-0.4046353	0.33205	0.0928673	0.907133	0.185735	1.81427	0.9991705
9343	1	-1816.699	-1816.294	-0.4047597	0.308737	0.0964402	0.90356	0.19288	1.80712	0.9992948
9344	0	-1816.701	-1816.296	-0.405318	0.300163	0.0955113	0.904489	0.191023	1.80898	0.9998529
9345	1	-1819.673	-1819.268	-0.4052774	0.372122	0.0980118	0.901988	0.196024	1.80398	0.9998123
9346	0	-1816.832	-1816.427	-0.4046751	0.342344	0.0987328	0.901267	0.197466	1.80253	0.9992103
9347	1	-1815.773	-1815.368	-0.4051331	0.342527	0.0956614	0.904339	0.191323	1.80868	0.9996681
9348	0	-1816.408	-1816.003	-0.4046632	0.333799	0.0991104	0.90089	0.198221	1.80178	0.9991985
9349	1	-1817.643	-1817.238	-0.4049438	0.297934	0.105917	0.894083	0.211835	1.78817	0.9994788
9350	0	-1815.443	-1815.038	-0.4051989	0.317343	0.0961757	0.903824	0.192351	1.80765	0.9997338
9351	1	-1815.814	-1815.409	-0.4049222	0.33375	0.0956126	0.904387	0.191225	1.80877	0.9994573
9352	0	-1815.101	-1814.696	-0.4052492	0.323774	0.0984287	0.901571	0.196857	1.80314	0.9997841
9353	1	-1815.451	-1815.046	-0.4052672	0.310782	0.098326	0.901674	0.196652	1.80335	0.9998021
9354	0	-1817.545	-1817.141	-0.4041618	0.308779	0.100099	0.899901	0.200198	1.7998	0.9986976
9355	1	-1815.119	-1814.714	-0.4052672	0.325374	0.0960512	0.903949	0.192102	1.8079	0.9998021
9356	0	-1815.696	-1815.291	-0.4049946	0.3352	0.0961947	0.903805	0.192389	1.80761	0.9995296
9357	1	-1816.47	-1816.065	-0.4052672	0.33039	0.0902994	0.909701	0.180599	1.8194	0.9998021
9358	0	-1820.18	-1819.777	-0.4030552	0.315487	0.09292	0.90708	0.18584	1.81416	0.997593
9359	1	-1817.989	-1817.585	-0.4041191	0.304239	0.098115	0.901885	0.19623	1.80377	0.9986549
9360	0	-1821.837	-1821.433	-0.403678	0.301344	0.111295	0.888705	0.22259	1.77741	0.9982145
9361	1	-1817.777	-1817.372	-0.4049909	0.361522	0.0933158	0.906684	0.186632	1.81337	0.9995259
9362	0	-1815.634	-1815.229	-0.4052594	0.342942	0.0942299	0.90577	0.18846	1.81154	0.9997943
9363	1	-1816.013	-1815.608	-0.4050411	0.33297	0.0928104	0.90719	0.185621	1.81438	0.9995761
9364	0	-1815.636	-1815.231	-0.4052594	0.310172	0.0968433	0.903157	0.193687	1.80631	0.9997943
9365	1	-1815.001	-1814.596	-0.4053119	0.325583	0.0986678	0.901332	0.197336	1.80266	0.9998468
9366	0	-1817.536	-1817.131	-0.4053088	0.303478	0.0922125	0.907787	0.184425	1.81557	0.9998437
9367	1	-1818.682	-1818.277	-0.4044542	0.332159	0.0886372	0.911363	0.177274	1.82273	0.9989896
9368	0	-1815.344	-1814.939	-0.4053088	0.340054	0.0968851	0.903115	0.19377	1.80623	0.9998437
9369	1	-1815.614	-1815.208	-0.4054092	0.346585	0.0969406	0.903059	0.193881	1.80612	0.999944
9370	0	-1818.339	-1817.934	-0.4053088	0.294105	0.0932269	0.906773	0.186454	1.81355	0.9998437
9371	1	-1815.388	-1814.982	-0.4054092	0.34409	0.0948073	0.905193	0.189615	1.81039	0.999944
9372	0	-1814.956	-1814.55	-0.4053478	0.329461	0.0961784	0.903822	0.192357	1.80764	0.9998827
9373	1	-1818.294	-1817.888	-0.4054092	0.327019	0.0868586	0.913141	0.173717	1.82628	0.999944
9374	0	-1817.68	-1817.274	-0.4053478	0.30147	0.0922883	0.907712	0.184577	1.81542	0.9998827
9375	1	-1817.25	-1816.845	-0.4050438	0.316273	0.106693	0.893307	0.213387	1.78661	0.9995788
9376	0	-1817.775	-1817.371	-0.4043017	0.340991	0.0915171	0.908483	0.183034	1.81697	0.9988372
9377	1	-1815.522	-1815.117	-0.4051146	0.316546	0.0972028	0.902797	0.194406	1.80559	0.9996495
9378	0	-1817.654	-1817.25	-0.4038296	0.3236	0.0981319	0.901868	0.196264	1.80374	0.9983658
9379	1	-1815.232	-1814.826	-0.4052589	0.316682	0.0975916	0.902408	0.195183	1.80482	0.9997938
9380	0	-1817.115	-1816.711	-0.4042081	0.317103	0.0975296	0.90247	0.195059	1.80494	0.9987438
9381	1	-1818.156	-1817.752	-0.4039933	0.328517	0.102763	0.897237	0.205526	1.79447	0.9985293
9382	0	-1817.379	-1816.975	-0.4046305	0.32316	0.0915579	0.908442	0.183116	1.81688	0.9991658
9383	1	-1820.079	-1819.676	-0.4030135	0.318931	0.104157	0.895843	0.208314	1.79169	0.9975513
9384	0	-1816.325	-1815.92	-0.4049771	0.321635	0.093026	0.906974	0.186052	1.81395	0.9995121
9385	1	-1816.586	-1816.182	-0.4046746	0.322705	0.102038	0.897962	0.204077	1.79592	0.9992098
9386	0	-1815.93	-1815.525	-0.4048132	0.331657	0.0972358	0.902764	0.194472	1.80553	0.9993483
9387	1	-1816.478	-1816.073	-0.4046746	0.32577	0.094041	0.905959	0.188082	1.81192	0.9992098
9388	0	-1816.522	-1816.117	-0.4048324	0.309544	0.0963617	0.903638	0.192723	1.80728	0.9993675
9389	1	-1815.857	-1815.451	-0.4052811	0.308878	0.0958464	0.904154	0.191693	1.80831	0.999816
9390	0	-1817.933	-1817.529	-0.404675	0.319957	0.0905113	0.909489	0.181023	1.81898	0.9992102
9391	1	-1817.704	-1817.299	-0.404765	0.296224	0.0975101	0.90249	0.19502	1.80498	0.9993001
9392	0	-1816.609	-1816.205	-0.4044513	0.331215	0.0981528	0.901847	0.196306	1.80369	0.9989867
9393	1	-1818.122	-1817.717	-0.4045293	0.342344	0.0893781	0.910622	0.178756	1.82124	0.9990646
9394	0	-1815.81	-1815.405	-0.405299	0.304003	0.0990997	0.9009	0.198199	1.8018	0.999834
9395	1	-1817.667	-1817.263	-0.404607	0.309105	0.0935654	0.906435	0.187131	1.81287	0.9991423
9396	0	-1816.764	-1816.359	-0.4052764	0.326511	0.0899182	0.910082	0.179836	1.82016	0.9998113
9397	1	-1815.977	-1815.572	-0.4049093	0.329156	0.100319	0.899681	0.200637	1.79936	0.9994443
9398	0	-1817.144	-1816.738	-0.4051736	0.298795	0.095427	0.904573	0.190854	1.80915	0.9997086
9399	1	-1817.103	-1816.699	-0.4049093	0.345087	0.100767	0.899233	0.201535	1.79847	0.9994443
9400	0	-1815.382	-1814.976	-0.4051736	0.33545	0.0961696	0.90383	0.192339	1.80766	0.9997086
9401	1	-1817.05	-1816.644	-0.4054329	0.303521	0.107701	0.892299	0.215402	1.7846	0.9999678
9402	0	-1818.513	-1818.107	-0.4053365	0.29566	0.110141	0.889859	0.220283	1.77972	0.9998714
9403	1	-1815.757	-1815.352	-0.4054329	0.345346	0.0989806	0.901019	0.197961	1.80204	0.9999678
9404	0	-1821.419	-1821.015	-0.404547	0.277358	0.109871	0.890129	0.219741	1.78026	0.9990823
9405	1	-1817.743	-1817.338	-0.4049462	0.35964	0.091924	0.908076	0.183848	1.81615	0.9994813
9406	0	-1815.024	-1814.619	-0.40537	0.326305	0.0951526	0.904847	0.190305	1.80969	0.9999049
9407	1	-1816.55	-1816.145	-0.4046699	0.333972	0.10005	0.89995	0.2001	1.7999	0.9992051
9408	0	-1816.117	-1815.712	-0.40537	0.307034	0.0947375	0.905263	0.189475	1.81053	0.9999049
9409	1	-1816.085	-1815.68	-0.4053519	0.312841	0.093342	0.906658	0.186684	1.81332	0.9998868
9410	0	-1816.612	-1816.207	-0.4046663	0.341545	0.0972238	0.902776	0.194448	1.80555	0.9992015
9411	1	-1817.386	-1816.982	-0.4046748	0.339514	0.102008	0.897992	0.204016	1.79598	0.99921
9412	0	-1815.444	-1815.038	-0.4052384	0.32809	0.0939286	0.906071	0.187857	1.81214	0.9997733
9413	1	-1817.82	-1817.416	-0.4048133	0.326553	0.106237	0.893763	0.212474	1.78753	0.9993484
9414	0	-1818.281	-1817.877	-0.4037249	0.329267	0.101188	0.898812	0.202376	1.79762	0.9982613
9415	1	-1821.01	-1820.605	-0.4048035	0.35114	0.107247	0.892753	0.214493	1.78551	0.9993386
9416	0	-1817.01	-1816.605	-0.4041839	0.324688	0.0980635	0.901937	0.196127	1.80387	0.9987196
9417	1	-1818.405	-1818.001	-0.4040371	0.328838	0.0911161	0.908884	0.182232	1.81777	0.998573
9418	0	-1816.81	-1816.405	-0.4043514	0.317825	0.0985294	0.901471	0.197059	1.80294	0.9988869
9419	1	-1815.046	-1814.641	-0.405321	0.319241	0.099128	0.900872	0.198256	1.80174	0.9998559
9420	0	-1816.356	-1815.951	-0.4046388	0.318168	0.100055	0.899945	0.200109	1.79989	0.999174
9421	1	-1815.123	-1814.718	-0.4052629	0.31961	0.0983527	0.901647	0.196705	1.80329	0.9997978
9422	0	-1816.873	-1816.468	-0.405035	0.321908	0.0911622	0.908838	0.182324	1.81768	0.99957
9423	1	-1818.552	-1818.148	-0.4044048	0.345691	0.0890559	0.910944	0.178112	1.82189	0.9989403
9424	0	-1818.514	-1818.11	-0.4037511	0.328553	0.10247	0.89753	0.204941	1.79506	0.9982874
9425	1	-1815.553	-1815.148	-0.4052442	0.313155	0.101633	0.898367	0.203266	1.79673	0.9997791
9426	0	-1816.378	-1815.973	-0.4049839	0.30504	0.097964	0.902036	0.195928	1.80407	0.9995189
9427	1	-1815.467	-1815.062	-0.4052442	0.336746	0.0939726	0.906027	0.187945	1.81205	0.9997791
9428	0	-1817.842	-1817.438	-0.4041502	0.324136	0.0953578	0.904642	0.190716	1.80928	0.998686
9429	1	-1816.22	-1815.814	-0.405437	0.353474	0.0923604	0.90764	0.184721	1.81528	0.9999719
9430	0	-1815.862	-1815.457	-0.4052397	0.305252	0.101194	0.898806	0.202389	1.79761	0.9997746
9431	1	-1818.07	-1817.665	-0.4048924	0.334076	0.0882066	0.911793	0.176413	1.82359	0.9994274
9432	0	-1815.129	-1814.724	-0.4054189	0.313713	0.100869	0.899131	0.201739	1.79826	0.9999538
9433	1	-1821.231	-1820.826	-0.4044487	0.369836	0.099529	0.900471	0.199058	1.80094	0.9989841
9434	0	-1819.911	-1819.508	-0.4034729	0.296716	0.0979366	0.902063	0.195873	1.80413	0.9980097
9435	1	-1815.133	-1814.728	-0.4053527	0.32015	0.0956304	0.90437	0.191261	1.80874	0.9998876
9436	0	-1816.685	-1816.28	-0.405228	0.324924	0.0904365	0.909564	0.180873	1.81913	0.9997629
9437	1	-1816.12	-1815.715	-0.4048643	0.322316	0.0945793	0.905421	0.189159	1.81084	0.9993994
9438	0	-1816.371	-1815.965	-0.405228	0.352157	0.0959948	0.904005	0.19199	1.80801	0.9997629
9439	1	-1814.818	-1814.412	-0.4054093	0.322756	0.0984331	0.901567	0.196866	1.80313	0.9999442
9440	0	-1817.143	-1816.738	-0.4053305	0.292715	0.105033	0.894967	0.210066	1.78993	0.9998654
9441	1	-1814.922	-1814.516	-0.4054093	0.330943	0.095311	0.904689	0.190622	1.80938	0.9999442
9442	0	-1815.559	-1815.153	-0.4053305	0.338287	0.0927575	0.907243	0.185515	1.81449	0.9998654
9443	1	-1818.036	-1817.631	-0.4052826	0.346279	0.0868978	0.913102	0.173796	1.8262	0.9998175
9444	0	-1815.666	-1815.261	-0.4053305	0.305063	0.0993169	0.900683	0.198634	1.80137	0.9998654
9445	1	-1820.649	-1820.245	-0.4041928	0.331091	0.109023	0.890977	0.218047	1.78195	0.9987285
9446	0	-1817.89	-1817.485	-0.4042293	0.321108	0.104073	0.895927	0.208147	1.79185	0.9987649
9447	1	-1815.065	-1814.659	-0.4054118	0.316682	0.100803	0.899197	0.201606	1.79839	0.9999467
9448	0	-1817.053	-1816.649	-0.4046022	0.305184	0.0979845	0.902015	0.195969	1.80403	0.9991375
9449	1	-1817.262	-1816.857	-0.4041201	0.324505	0.0999844	0.900016	0.199969	1.80003	0.9986558
9450	0	-1816.001	-1815.596	-0.4054103	0.343291	0.100667	0.899333	0.201334	1.79867	0.9999452
9451	1	-1817.094	-1816.689	-0.4047351	0.339604	0.0910765	0.908924	0.182153	1.81785	0.9992703
9452	0	-1815.048	-1814.643	-0.4054397	0.337457	0.0946866	0.905313	0.189373	1.81063	0.9999746
9453	1	-1815.248	-1814.842	-0.4052084	0.320969	0.0967267	0.903273	0.193453	1.80655	0.9997433
9454	0	-1815.673	-1815.268	-0.4053983	0.305574	0.0972462	0.902754	0.194492	1.80551	0.9999332
9455	1	-1816.049	-1815.644	-0.4053405	0.341704	0.0910583	0.908942	0.182117	1.81788	0.9998754
9456	0	-1815.088	-1814.682	-0.4053983	0.324852	0.100859	0.899141	0.201717	1.79828	0.9999332
9457	1	-1817.275	-1816.871	-0.4045398	0.315444	0.0936268	0.906373	0.187254	1.81275	0.9990751
9458	0	-1815.35	-1814.944	-0.4053248	0.31165	0.097554	0.902446	0.195108	1.80489	0.9998597
9459	1	-1817.812	-1817.406	-0.4052693	0.364729	0.0914052	0.908595	0.18281	1.81719	0.9998042
9460	0	-1816.237	-1815.832	-0.4054125	0.296442	0.100281	0.899719	0.200561	1.79944	0.9999474
9461	1	-1815.048	-1814.642	-0.4054541	0.339723	0.0957807	0.904219	0.191561	1.80844	0.999989
9462	0	-1817.154	-1816.749	-0.4054125	0.348098	0.0882492	0.911751	0.176498	1.8235	0.9999474
9463	1	-1815.117	-1814.711	-0.4054541	0.322906	0.101713	0.898287	0.203426	1.79657	0.999989
9464	0	-1816.035	-1815.63	-0.4048742	0.332015	0.094203	0.905797	0.188406	1.81159	0.9994092
9465	1	-1815.213	-1814.807	-0.4054541	0.33027	0.10125	0.89875	0.2025	1.7975	0.999989
9466	0	-1815.596	-1815.19	-0.4050846	0.337034	0.0962782	0.903722	0.192556	1.80744	0.9996195
9467	1	-1815.116	-1814.71	-0.4054541	0.314207	0.0963059	0.903694	0.192612	1.80739	0.999989
9468	0	-1814.884	-1814.479	-0.4054172	0.332582	0.0978022	0.902198	0.195604	1.8044	0.9999521
9469	1	-1815.15	-1814.745	-0.4052364	0.32201	0.0971357	0.902864	0.194271	1.80573	0.9997713
9470	0	-1815.365	-1814.96	-0.4054172	0.34009	0.0932052	0.906795	0.18641	1.81359	0.9999521
9471	1	-1816.058	-1815.653	-0.4050384	0.323227	0.102561	0.897439	0.205122	1.79488	0.9995733
9472	0	-1815.348	-1814.943	-0.4051587	0.318201	0.0980045	0.901996	0.196009	1.80399	0.9996937
9473	1	-1816.465	-1816.06	-0.4051265	0.31957	0.0921132	0.907887	0.184226	1.81577	0.9996615
9474	0	-1815.571	-1815.166	-0.4052948	0.325243	0.0931956	0.906804	0.186391	1.81361	0.9998297
9475	1	-1816.601	-1816.196	-0.4048791	0.341536	0.0997949	0.900205	0.19959	1.80041	0.9994141
9476	0	-1819.477	-1819.072	-0.4053634	0.374231	0.0963101	0.90369	0.19262	1.80738	0.9998983
9477	1	-1819.549	-1819.144	-0.4048791	0.313901	0.111018	0.888982	0.222037	1.77796	0.9994141
9478	0	-1815.832	-1815.427	-0.4050604	0.332925	0.0934785	0.906521	0.186957	1.81304	0.9995953
9479	1	-1815.721	-1815.316	-0.4054035	0.34044	0.100463	0.899537	0.200925	1.79907	0.9999384
9480	0	-1819.341	-1818.936	-0.4051966	0.294959	0.111353	0.888647	0.222706	1.77729	0.9997315
9481	1	-1816.053	-1815.648	-0.4050243	0.343108	0.0970167	0.902983	0.194033	1.80597	0.9995593
9482	0	-1815.738	-1815.333	-0.4049041	0.321459	0.0978228	0.902177	0.195646	1.80435	0.9994392
9483	1	-1816	-1815.595	-0.4050243	0.308581	0.100101	0.899899	0.200201	1.7998	0.9995593
9484	0	-1816.411	-1816.005	-0.4054619	0.340582	0.0893915	0.910608	0.178783	1.82122	0.9999968
9485	1	-1816.014	-1815.609	-0.4049132	0.311927	0.0990539	0.900946	0.198108	1.80189	0.9994483
9486	0	-1815.678	-1815.273	-0.4053843	0.306949	0.0966407	0.903359	0.193281	1.80672	0.9999192
9487	1	-1816.971	-1816.566	-0.4050326	0.300975	0.0961327	0.903867	0.192265	1.80773	0.9995676
9488	0	-1815.105	-1814.7	-0.4054563	0.335595	0.0936946	0.906305	0.187389	1.81261	0.9999912
9489	1	-1816.839	-1816.434	-0.4053658	0.335961	0.0888578	0.911142	0.177716	1.82228	0.9999007
9490	0	-1815.732	-1815.326	-0.4054563	0.312414	0.0939755	0.906025	0.187951	1.81205	0.9999912
9491	1	-1816.362	-1815.956	-0.4053658	0.354173	0.0963013	0.903699	0.192603	1.8074	0.9999007
9492	0	-1815.593	-1815.188	-0.4050348	0.334315	0.096744	0.903256	0.193488	1.80651	0.9995698
9493	1	-1816.709	-1816.304	-0.4044899	0.337727	0.096969	0.903031	0.193938	1.80606	0.9990253
9494	0	-1815.893	-1815.488	-0.4049373	0.335375	0.0983428	0.901657	0.196686	1.80331	0.9994723
9495	1	-1816.927	-1816.522	-0.4048996	0.32667	0.104312	0.895688	0.208623	1.79138	0.9994347
9496	0	-1817.63	-1817.226	-0.4047088	0.341848	0.10231	0.89769	0.204619	1.79538	0.999244
9497	1	-1817.326	-1816.921	-0.404529	0.32507	0.0919865	0.908014	0.183973	1.81603	0.9990643
9498	0	-1815.957	-1815.552	-0.4049062	0.326657	0.100551	0.899449	0.201102	1.7989	0.9994412
9499	1	-1816.15	-1815.745	-0.4054381	0.349531	0.0912291	0.908771	0.182458	1.81754	0.999973
9500	0	-1816.591	-1816.186	-0.4051549	0.304529	0.0952984	0.904702	0.190597	1.8094	0.9996899
9501	1	-1818.691	-1818.288	-0.4034347	0.316591	0.101253	0.898747	0.202507	1.79749	0.9979717
9502	0	-1816.85	-1816.445	-0.404376	0.319794	0.0960542	0.903946	0.192108	1.80789	0.9989115
9503	1	-1816.346	-1815.941	-0.4045596	0.322846	0.0983225	0.901677	0.196645	1.80335	0.9990949
9504	0	-1816.125	-1815.72	-0.4051683	0.316603	0.103971	0.896029	0.207942	1.79206	0.9997032
9505	1	-1815.184	-1814.779	-0.405292	0.33563	0.0958201	0.90418	0.19164	1.80836	0.9998269
9506	0	-1818.261	-1817.857	-0.4040577	0.344345	0.0995271	0.900473	0.199054	1.80095	0.9985936
9507	1	-1818.212	-1817.806	-0.4053019	0.363691	0.0887384	0.911262	0.177477	1.82252	0.9998368
9508	0	-1816.479	-1816.074	-0.4050172	0.337093	0.0913233	0.908677	0.182647	1.81735	0.9995522
9509	1	-1815.085	-1814.68	-0.4053019	0.321236	0.0965703	0.90343	0.193141	1.80686	0.9998368
9510	0	-1816.636	-1816.23	-0.4054421	0.346326	0.0892108	0.910789	0.178422	1.82158	0.999977
9511	1	-1816.365	-1815.96	-0.4051851	0.351688	0.0942711	0.905729	0.188542	1.81146	0.99972
9512	0	-1816.575	-1816.169	-0.4053004	0.334594	0.0897216	0.910278	0.179443	1.82056	0.9998353
9513	1	-1817.65	-1817.245	-0.4048463	0.346684	0.0893987	0.910601	0.178797	1.8212	0.9993814
9514	0	-1816.438	-1816.033	-0.4048427	0.329123	0.101971	0.898029	0.203943	1.79606	0.9993778
9515	1	-1816.443	-1816.038	-0.4045478	0.331759	0.0958188	0.904181	0.191638	1.80836	0.9990832
9516	0	-1815.931	-1815.526	-0.4050878	0.343049	0.0969729	0.903027	0.193946	1.80605	0.9996228
9517	1	-1817.429	-1817.023	-0.4054088	0.308008	0.10877	0.89123	0.21754	1.78246	0.9999437
9518	0	-1817.252	-1816.847	-0.4043673	0.333763	0.0927169	0.907283	0.185434	1.81457	0.9989028
9519	1	-1815.703	-1815.298	-0.4051369	0.340689	0.0971129	0.902887	0.194226	1.80577	0.9996719
9520	0	-1818.319	-1817.913	-0.4053016	0.316492	0.110012	0.889988	0.220024	1.77998	0.9998365
9521	1	-1816.27	-1815.865	-0.4052456	0.338008	0.102119	0.897881	0.204239	1.79576	0.9997805
9522	0	-1815.004	-1814.599	-0.4053913	0.331435	0.0990803	0.90092	0.198161	1.80184	0.9999262
9523	1	-1815.918	-1815.513	-0.4052456	0.314271	0.0941957	0.905804	0.188391	1.81161	0.9997805
9524	0	-1815.485	-1815.08	-0.4053913	0.307674	0.101527	0.898473	0.203054	1.79695	0.9999262
9525	1	-1815.853	-1815.448	-0.4052842	0.321881	0.0927212	0.907279	0.185442	1.81456	0.9998191
9526	0	-1816.332	-1815.927	-0.4053913	0.324952	0.0905634	0.909437	0.181127	1.81887	0.9999262
9527	1	-1815.517	-1815.112	-0.4052842	0.320525	0.094167	0.905833	0.188334	1.81167	0.9998191
9528	0	-1815.866	-1815.461	-0.4053913	0.306254	0.103615	0.896385	0.20723	1.79277	0.9999262
9529	1	-1815.533	-1815.128	-0.4052842	0.343043	0.0954238	0.904576	0.190848	1.80915	0.9998191
9530	0	-1818.835	-1818.432	-0.4033225	0.338098	0.0954724	0.904528	0.190945	1.80906	0.9978597
9531	1	-1817.704	-1817.301	-0.4038913	0.335558	0.095932	0.904068	0.191864	1.80814	0.9984275
9532	0	-1815.787	-1815.382	-0.4051569	0.320066	0.102475	0.897525	0.20495	1.79505	0.9996918
9533	1	-1817.93	-1817.527	-0.4036736	0.327536	0.097236	0.902764	0.194472	1.80553	0.9982101
9534	0	-1815.568	-1815.163	-0.4051569	0.317619	0.0957446	0.904255	0.191489	1.80851	0.9996918
9535	1	-1818.975	-1818.571	-0.4042663	0.360268	0.0951307	0.904869	0.190261	1.80974	0.9988019
9536	0	-1816.322	-1815.917	-0.4051356	0.350258	0.0947401	0.90526	0.18948	1.81052	0.9996706
9537	1	-1815.103	-1814.698	-0.4052543	0.328585	0.0980489	0.901951	0.196098	1.8039	0.9997892
9538	0	-1815	-1814.594	-0.4054462	0.337785	0.097244	0.902756	0.194488	1.80551	0.9999811
9539	1	-1816.346	-1815.941	-0.405183	0.351517	0.0947832	0.905217	0.189566	1.81043	0.9997179
9540	0	-1818.211	-1817.805	-0.405296	0.341284	0.0992482	0.900752	0.198496	1.8015	0.9998309
9541	1	-1815.363	-1814.958	-0.4053842	0.331888	0.101045	0.898955	0.202089	1.79791	0.9999191
9542	0	-1815.297	-1814.892	-0.4052075	0.334335	0.0959169	0.904083	0.191834	1.80817	0.9997424
9543	1	-1817.627	-1817.222	-0.4053417	0.288147	0.0979977	0.902002	0.195995	1.804	0.9998765
9544	0	-1815.708	-1815.302	-0.4052075	0.343411	0.0949168	0.905083	0.189834	1.81017	0.9997424
9545	1	-1815.555	-1815.15	-0.4052391	0.316299	0.0953193	0.904681	0.190639	1.80936	0.999774
9546	0	-1816.722	-1816.317	-0.4050152	0.298863	0.100599	0.899401	0.201199	1.7988	0.9995502
9547	1	-1815.834	-1815.429	-0.4052391	0.346143	0.0945361	0.905464	0.189072	1.81093	0.999774
9548	0	-1815.33	-1814.925	-0.4051798	0.318158	0.0974698	0.90253	0.19494	1.80506	0.9997147
9549	1	-1816.437	-1816.032	-0.4051689	0.316348	0.09254	0.90746	0.18508	1.81492	0.9997038
9550	0	-1817.969	-1817.566	-0.4036996	0.330409	0.0956787	0.904321	0.191357	1.80864	0.998236
9551	1	-1817.175	-1816.77	-0.4052771	0.308287	0.107578	0.892422	0.215156	1.78484	0.999812
9552	0	-1816.296	-1815.89	-0.405353	0.30685	0.105235	0.894765	0.210471	1.78953	0.9998879
9553	1	-1815.469	-1815.064	-0.4050428	0.324678	0.0970262	0.902974	0.194052	1.80595	0.9995778
9554	0	-1817.128	-1816.724	-0.4043487	0.338266	0.0985819	0.901418	0.197164	1.80284	0.9988842
9555	1	-1815.804	-1815.399	-0.405331	0.330807	0.0917529	0.908247	0.183506	1.81649	0.9998659
9556	0	-1815.251	-1814.845	-0.4054071	0.309461	0.0990536	0.900946	0.198107	1.80189	0.9999419
9557	1	-1815.355	-1814.95	-0.4053239	0.311351	0.0977134	0.902287	0.195427	1.80457	0.9998588
9558	0	-1815.973	-1815.568	-0.4053093	0.347865	0.0975453	0.902455	0.195091	1.80491	0.9998442
9559	1	-1816.137	-1815.732	-0.4053239	0.351817	0.0939749	0.906025	0.18795	1.81205	0.9998588
9560	0	-1819.486	-1819.081	-0.4053093	0.281869	0.0953454	0.904655	0.190691	1.80931	0.9998442
9561	1	-1815.895	-1815.489	-0.4053239	0.348764	0.0939776	0.906022	0.187955	1.81204	0.9998588
9562	0	-1815.232	-1814.826	-0.4052201	0.333065	0.0972665	0.902734	0.194533	1.80547	0.999755
9563	1	-1816.708	-1816.304	-0.4045881	0.334408	0.0934026	0.906597	0.186805	1.81319	0.9991233
9564	0	-1815.99	-1815.585	-0.4049353	0.324543	0.0942691	0.905731	0.188538	1.81146	0.9994703
9565	1	-1817.52	-1817.115	-0.4052793	0.355805	0.100078	0.899922	0.200156	1.79984	0.9998142
9566	0	-1816.665	-1816.26	-0.4051848	0.330079	0.0902115	0.909788	0.180423	1.81958	0.9997198
9567	1	-1818.246	-1817.842	-0.4041264	0.313323	0.0933839	0.906616	0.186768	1.81323	0.9986622
9568	0	-1816.276	-1815.871	-0.4050091	0.308271	0.10252	0.89748	0.205041	1.79496	0.9995441
9569	1	-1816.275	-1815.87	-0.4046027	0.325123	0.0966815	0.903319	0.193363	1.80664	0.999138
9570	0	-1815.706	-1815.301	-0.4050091	0.336156	0.0969412	0.903059	0.193882	1.80612	0.9995441
9571	1	-1815.966	-1815.56	-0.4051673	0.322298	0.0929834	0.907017	0.185967	1.81403	0.9997022
9572	0	-1815.033	-1814.628	-0.4054243	0.333874	0.099067	0.900933	0.198134	1.80187	0.9999591
9573	1	-1816.606	-1816.201	-0.4054021	0.327716	0.105726	0.894274	0.211451	1.78855	0.999937
9574	0	-1817.781	-1817.376	-0.4054243	0.326772	0.108449	0.891551	0.216898	1.7831	0.9999591
9575	1	-1819.268	-1818.863	-0.4045248	0.344448	0.104846	0.895154	0.209692	1.79031	0.9990601
9576	0	-1816.245	-1815.84	-0.4054243	0.353551	0.096802	0.903198	0.193604	1.8064	0.9999591
9577	1	-1815.1	-1814.694	-0.4053876	0.33802	0.0956287	0.904371	0.191257	1.80874	0.9999225
9578	0	-1815.37	-1814.965	-0.4053436	0.314239	0.0959319	0.904068	0.191864	1.80814	0.9998785
9579	1	-1817.743	-1817.339	-0.403798	0.320905	0.0978096	0.90219	0.195619	1.80438	0.9983343
9580	0	-1816.099	-1815.693	-0.4053436	0.301066	0.102727	0.897273	0.205454	1.79455	0.9998785
9581	1	-1815.823	-1815.418	-0.4048974	0.332594	0.0958575	0.904143	0.191715	1.80829	0.9994324
9582	0	-1815.549	-1815.144	-0.4053241	0.344381	0.0960673	0.903933	0.192135	1.80787	0.999859
9583	1	-1819.392	-1818.988	-0.403845	0.311462	0.0920902	0.90791	0.18418	1.81582	0.9983812
9584	0	-1815.189	-1814.784	-0.4053241	0.336171	0.0978843	0.902116	0.195769	1.80423	0.999859
9585	1	-1816.382	-1815.977	-0.4047834	0.309539	0.100026	0.899974	0.200052	1.79995	0.9993185
9586	0	-1816.45	-1816.045	-0.4053241	0.354464	0.0928585	0.907141	0.185717	1.81428	0.999859
9587	1	-1816.044	-1815.639	-0.4050551	0.317439	0.10282	0.89718	0.20564	1.79436	0.9995901
9588	0	-1816.733	-1816.328	-0.4052258	0.309897	0.0928585	0.907141	0.185717	1.81428	0.9997607
9589	1	-1816.3	-1815.895	-0.40468	0.320343	0.0959223	0.904078	0.191845	1.80816	0.9992152
9590	0	-1815.432	-1815.027	-0.4052258	0.338683	0.095279	0.904721	0.190558	1.80944	0.9997607
9591	1	-1816.009	-1815.603	-0.4050836	0.315392	0.102825	0.897175	0.205651	1.79435	0.9996186
9592	0	-1815.057	-1814.651	-0.4054289	0.33777	0.0949265	0.905074	0.189853	1.81015	0.9999638
9593	1	-1817.043	-1816.638	-0.4047238	0.303777	0.0972504	0.90275	0.194501	1.8055	0.999259
9594	0	-1816.086	-1815.682	-0.404898	0.311984	0.100405	0.899595	0.20081	1.79919	0.999433
9595	1	-1816.234	-1815.829	-0.4047238	0.321039	0.100569	0.899431	0.201138	1.79886	0.999259
9596	0	-1816.311	-1815.906	-0.4051271	0.339061	0.10124	0.89876	0.20248	1.79752	0.9996621
9597	1	-1816.143	-1815.738	-0.4047238	0.332798	0.095797	0.904203	0.191594	1.80841	0.999259
9598	0	-1816.117	-1815.712	-0.4053885	0.299587	0.0981681	0.901832	0.196336	1.80366	0.9999234
9599	1	-1816.039	-1815.634	-0.4047238	0.323634	0.0976281	0.902372	0.195256	1.80474	0.999259
9600	0	-1816.612	-1816.207	-0.4051121	0.344239	0.100611	0.899389	0.201221	1.79878	0.999647
9601	1	-1816.081	-1815.675	-0.4054315	0.312998	0.105392	0.894608	0.210784	1.78922	0.9999664
9602	0	-1814.782	-1814.377	-0.4054172	0.326369	0.0977579	0.902242	0.195516	1.80448	0.9999521
9603	1	-1822.906	-1822.503	-0.402634	0.284939	0.0984916	0.901508	0.196983	1.80302	0.9971729
9604	0	-1816.467	-1816.062	-0.4046825	0.337672	0.0983671	0.901633	0.196734	1.80327	0.9992177
9605	1	-1817.628	-1817.224	-0.4042997	0.303661	0.0994012	0.900599	0.198802	1.8012	0.9988352
9606	0	-1818.114	-1817.71	-0.4047913	0.354631	0.0895204	0.91048	0.179041	1.82096	0.9993264
9607	1	-1817.224	-1816.82	-0.4042997	0.318152	0.0949781	0.905022	0.189956	1.81004	0.9988352
9608	0	-1815.319	-1814.913	-0.4054031	0.342349	0.0945662	0.905434	0.189132	1.81087	0.999938
9609	1	-1818.086	-1817.68	-0.4052367	0.35557	0.0876505	0.912349	0.175301	1.8247	0.9997716
9610	0	-1816.525	-1816.12	-0.4050284	0.342517	0.0914435	0.908557	0.182887	1.81711	0.9995634
9611	1	-1815.914	-1815.509	-0.4053634	0.322113	0.0920807	0.907919	0.184161	1.81584	0.9998983
9612	0	-1817.376	-1816.971	-0.4047709	0.296583	0.100819	0.899181	0.201639	1.79836	0.999306
9613	1	-1817.091	-1816.686	-0.4053634	0.300857	0.10716	0.89284	0.21432	1.78568	0.9998983
9614	0	-1816.709	-1816.304	-0.4052752	0.351915	0.0907454	0.909255	0.181491	1.81851	0.9998102
9615	1	-1815.477	-1815.072	-0.4054312	0.318355	0.0936876	0.906312	0.187375	1.81262	0.999966
9616	0	-1816.286	-1815.881	-0.4051984	0.300758	0.101783	0.898217	0.203565	1.79643	0.9997334
9617	1	-1815.958	-1815.553	-0.4052604	0.331256	0.102625	0.897375	0.20525	1.79475	0.9997953
9618	0	-1818.574	-1818.169	-0.4050517	0.312542	0.109812	0.890188	0.219624	1.78038	0.9995867
9619	1	-1815.449	-1815.044	-0.4054336	0.340117	0.0995665	0.900433	0.199133	1.80087	0.9999685
9620	0	-1815.447	-1815.042	-0.4050686	0.325939	0.0963784	0.903622	0.192757	1.80724	0.9996036
9621	1	-1815.659	-1815.254	-0.4049536	0.324852	0.0989079	0.901092	0.197816	1.80218	0.9994886
9622	0	-1816.498	-1816.094	-0.4048301	0.345219	0.0960744	0.903926	0.192149	1.80785	0.9993652
9623	1	-1816.396	-1815.991	-0.4048917	0.337611	0.0924904	0.90751	0.184981	1.81502	0.9994268
9624	0	-1815.23	-1814.825	-0.405437	0.324971	0.101936	0.898064	0.203872	1.79613	0.9999718
9625	1	-1817.532	-1817.127	-0.4049876	0.342223	0.089395	0.910605	0.17879	1.82121	0.9995226
9626	0	-1815.376	-1814.971	-0.405437	0.306503	0.0992378	0.900762	0.198476	1.80152	0.9999718
9627	1	-1816.498	-1816.093	-0.4049912	0.313541	0.0939406	0.906059	0.187881	1.81212	0.9995262
9628	0	-1816.207	-1815.802	-0.405437	0.302835	0.104834	0.895166	0.209668	1.79033	0.9999718
9629	1	-1816.286	-1815.881	-0.4049875	0.304988	0.100146	0.899854	0.200293	1.79971	0.9995225
9630	0	-1816.135	-1815.729	-0.405437	0.311314	0.0931096	0.90689	0.186219	1.81378	0.9999718
9631	1	-1816.609	-1816.204	-0.4052252	0.343854	0.0901412	0.909859	0.180282	1.81972	0.9997601
9632	0	-1818.483	-1818.078	-0.4054143	0.280817	0.106139	0.893861	0.212279	1.78772	0.9999492
9633	1	-1815.217	-1814.812	-0.4052252	0.333075	0.0965899	0.90341	0.19318	1.80682	0.9997601
9634	0	-1816.144	-1815.739	-0.4049449	0.309162	0.100678	0.899322	0.201356	1.79864	0.9994799
9635	1	-1816.109	-1815.704	-0.4052081	0.348487	0.0966103	0.90339	0.193221	1.80678	0.999743
9636	0	-1815.434	-1815.029	-0.405355	0.317305	0.102495	0.897505	0.20499	1.79501	0.9998899
9637	1	-1815.293	-1814.888	-0.4054256	0.31182	0.101832	0.898168	0.203663	1.79634	0.9999605
9638	0	-1815.51	-1815.105	-0.40538	0.32549	0.0928317	0.907168	0.185663	1.81434	0.9999149
9639	1	-1815.077	-1814.671	-0.4053893	0.316889	0.100582	0.899418	0.201164	1.79884	0.9999242
9640	0	-1815.128	-1814.723	-0.4053204	0.335719	0.0960631	0.903937	0.192126	1.80787	0.9998553
9641	1	-1815.93	-1815.525	-0.4054451	0.301714	0.103143	0.896857	0.206286	1.79371	0.99998
9642	0	-1815.418	-1815.013	-0.4051149	0.332613	0.0961231	0.903877	0.192246	1.80775	0.9996498
9643	1	-1816.253	-1815.848	-0.4048039	0.311092	0.0994163	0.900584	0.198833	1.80117	0.9993391
9644	0	-1815.932	-1815.527	-0.4052886	0.302525	0.0994678	0.900532	0.198936	1.80106	0.9998235
9645	1	-1817.711	-1817.306	-0.4047582	0.307974	0.106452	0.893548	0.212904	1.7871	0.9992933
9646	0	-1816.004	-1815.6	-0.4048741	0.334077	0.0945655	0.905435	0.189131	1.81087	0.9994092
9647	1	-1817.07	-1816.666	-0.4045446	0.338292	0.0923353	0.907665	0.184671	1.81533	0.9990799
9648	0	-1816.508	-1816.103	-0.4052895	0.306416	0.0941123	0.905888	0.188225	1.81178	0.9998244
9649	1	-1816.042	-1815.636	-0.4051677	0.304879	0.0981531	0.901847	0.196306	1.80369	0.9997026
9650	0	-1817.552	-1817.147	-0.4047075	0.31953	0.105737	0.894263	0.211474	1.78853	0.9992426
9651	1	-1815.541	-1815.135	-0.4051677	0.312313	0.0993844	0.900616	0.198769	1.80123	0.9997026
9652	0	-1817.655	-1817.251	-0.4040809	0.31282	0.101594	0.898406	0.203189	1.79681	0.9986167
9653	1	-1816.004	-1815.599	-0.4051677	0.335995	0.0919947	0.908005	0.183989	1.81601	0.9997026
9654	0	-1816.583	-1816.178	-0.4046711	0.309365	0.0990544	0.900946	0.198109	1.80189	0.9992063
9655	1	-1814.85	-1814.445	-0.4054195	0.33133	0.0978746	0.902125	0.195749	1.80425	0.9999544
9656	0	-1818.399	-1817.995	-0.403823	0.313599	0.0947108	0.905289	0.189422	1.81058	0.9983592
9657	1	-1815.718	-1815.313	-0.4049744	0.316699	0.0985161	0.901484	0.197032	1.80297	0.9995094
9658	0	-1816.753	-1816.348	-0.4051249	0.312594	0.0926664	0.907334	0.185333	1.81467	0.9996599
9659	1	-1816.463	-1816.058	-0.4049744	0.310741	0.103617	0.896383	0.207235	1.79277	0.9995094
9660	0	-1817.641	-1817.237	-0.4043156	0.305577	0.097135	0.902865	0.19427	1.80573	0.9988511
9661	1	-1816.817	-1816.412	-0.4044966	0.313353	0.100999	0.899001	0.201998	1.798	0.999032
9662	0	-1815.705	-1815.3	-0.405029	0.332111	0.0945487	0.905451	0.189097	1.8109	0.999564
9663	1	-1816.192	-1815.787	-0.4053325	0.345629	0.091056	0.908944	0.182112	1.81789	0.9998674
9664	0	-1816.558	-1816.152	-0.4052206	0.314866	0.0922562	0.907744	0.184512	1.81549	0.9997555
9665	1	-1817.705	-1817.301	-0.4042092	0.306815	0.0973556	0.902644	0.194711	1.80529	0.9987449
9666	0	-1817.438	-1817.033	-0.405018	0.358666	0.0926113	0.907389	0.185223	1.81478	0.999553
9667	1	-1816.308	-1815.903	-0.4047339	0.33435	0.0942166	0.905783	0.188433	1.81157	0.999269
9668	0	-1816.178	-1815.773	-0.4052417	0.332406	0.103026	0.896974	0.206051	1.79395	0.9997766
9669	1	-1817.335	-1816.93	-0.4049402	0.312465	0.0920683	0.907932	0.184137	1.81586	0.9994752
9670	0	-1815.742	-1815.336	-0.4052417	0.306463	0.0988952	0.901105	0.19779	1.80221	0.9997766
9671	1	-1818.107	-1817.702	-0.4052436	0.357067	0.0877906	0.912209	0.175581	1.82442	0.9997785
9672	0	-1816.018	-1815.613	-0.4050356	0.331329	0.101279	0.898721	0.202557	1.79744	0.9995706
9673	1	-1817.785	-1817.381	-0.4047104	0.356357	0.0923685	0.907632	0.184737	1.81526	0.9992456
9674	0	-1818.364	-1817.96	-0.403782	0.329531	0.101955	0.898045	0.20391	1.79609	0.9983183
9675	1	-1815.167	-1814.761	-0.4053665	0.320764	0.0951249	0.904875	0.19025	1.80975	0.9999014
9676	0	-1816.357	-1815.952	-0.4052253	0.315525	0.105111	0.894889	0.210222	1.78978	0.9997603
9677	1	-1817.025	-1816.62	-0.4053592	0.357574	0.0906076	0.909392	0.181215	1.81878	0.9998941
9678	0	-1815.797	-1815.392	-0.4052253	0.345501	0.0957819	0.904218	0.191564	1.80844	0.9997603
9679	1	-1814.926	-1814.52	-0.4053592	0.323289	0.0989035	0.901097	0.197807	1.80219	0.9998941
9680	0	-1815.605	-1815.2	-0.4054234	0.316232	0.103742	0.896258	0.207484	1.79252	0.9999583
9681	1	-1817.475	-1817.071	-0.4043978	0.30499	0.0976381	0.902362	0.195276	1.80472	0.9989333
9682	0	-1814.799	-1814.393	-0.4054234	0.324991	0.0986817	0.901318	0.197363	1.80264	0.9999583
9683	1	-1815.548	-1815.142	-0.4053146	0.315311	0.102603	0.897397	0.205206	1.79479	0.9998495
9684	0	-1815.374	-1814.969	-0.4054234	0.306848	0.0996894	0.900311	0.199379	1.80062	0.9999583
9685	1	-1815.446	-1815.04	-0.4053598	0.307585	0.0991958	0.900804	0.198392	1.80161	0.9998947
9686	0	-1815.531	-1815.126	-0.4051981	0.335373	0.0939176	0.906082	0.187835	1.81216	0.999733
9687	1	-1818.274	-1817.87	-0.4038701	0.327239	0.0925285	0.907472	0.185057	1.81494	0.9984063
9688	0	-1816.555	-1816.15	-0.4051981	0.330226	0.104279	0.895721	0.208557	1.79144	0.999733
9689	1	-1815.668	-1815.263	-0.4049708	0.326748	0.0957644	0.904236	0.191529	1.80847	0.9995058
9690	0	-1817.478	-1817.073	-0.4049745	0.300701	0.0947649	0.905235	0.18953	1.81047	0.9995095
9691	1	-1819.751	-1819.348	-0.4027905	0.318672	0.096062	0.903938	0.192124	1.80788	0.997329
9692	0	-1824.412	-1824.008	-0.4038906	0.26118	0.104446	0.895554	0.208892	1.79111	0.9984267
9693	1	-1816.519	-1816.114	-0.4046391	0.326188	0.0941113	0.905889	0.188223	1.81178	0.9991743
9694	0	-1816.462	-1816.057	-0.4047089	0.317763	0.101789	0.898211	0.203579	1.79642	0.9992441
9695	1	-1815.153	-1814.748	-0.4054474	0.341419	0.0953239	0.904676	0.190648	1.80935	0.9999823
9696	0	-1816.105	-1815.7	-0.4048863	0.314256	0.101141	0.898859	0.202281	1.79772	0.9994213
9697	1	-1814.85	-1814.445	-0.4054474	0.328386	0.0952931	0.904707	0.190586	1.80941	0.9999823
9698	0	-1815.533	-1815.128	-0.4054382	0.346816	0.094293	0.905707	0.188586	1.81141	0.999973
9699	1	-1817.886	-1817.481	-0.4054474	0.351064	0.103577	0.896423	0.207153	1.79285	0.9999823
9700	0	-1815.489	-1815.083	-0.4053509	0.334429	0.100765	0.899235	0.20153	1.79847	0.9998858
9701	1	-1819.697	-1819.292	-0.4052397	0.324945	0.0856083	0.914392	0.171217	1.82878	0.9997747
9702	0	-1815.685	-1815.279	-0.4051503	0.321045	0.101903	0.898097	0.203807	1.79619	0.9996853
9703	1	-1818.467	-1818.063	-0.4039808	0.300508	0.101215	0.898785	0.202429	1.79757	0.9985168
9704	0	-1817.264	-1816.859	-0.4053355	0.358434	0.0901021	0.909898	0.180204	1.8198	0.9998704
9705	1	-1816.445	-1816.04	-0.4045274	0.321544	0.0969875	0.903012	0.193975	1.80602	0.9990628
9706	0	-1819.44	-1819.035	-0.4049921	0.285948	0.109107	0.890893	0.218215	1.78179	0.9995271
9707	1	-1818.511	-1818.106	-0.4050482	0.292062	0.108152	0.891848	0.216303	1.7837	0.9995831
9708	0	-1815.975	-1815.57	-0.4052722	0.308085	0.0956565	0.904343	0.191313	1.80869	0.9998071
9709	1	-1818.247	-1817.842	-0.4051241	0.36581	0.0911192	0.908881	0.182238	1.81776	0.9996591
9710	0	-1815.069	-1814.664	-0.4052722	0.328723	0.0965537	0.903446	0.193107	1.80689	0.9998071
9711	1	-1816.735	-1816.33	-0.405193	0.295511	0.101607	0.898393	0.203214	1.79679	0.999728
9712	0	-1816.218	-1815.812	-0.4053481	0.344994	0.0907807	0.909219	0.181561	1.81844	0.999883
9713	1	-1816.262	-1815.857	-0.4049591	0.314835	0.102928	0.897072	0.205856	1.79414	0.9994941
9714	0	-1817.564	-1817.159	-0.4049586	0.291656	0.100651	0.899349	0.201303	1.7987	0.9994936
9715	1	-1815.931	-1815.525	-0.4053467	0.329959	0.103267	0.896733	0.206533	1.79347	0.9998816
9716	0	-1816.261	-1815.856	-0.4051688	0.316456	0.104458	0.895542	0.208915	1.79108	0.9997037
9717	1	-1814.996	-1814.59	-0.4053467	0.331732	0.09592	0.90408	0.19184	1.80816	0.9998816
9718	0	-1816.356	-1815.952	-0.4047853	0.340548	0.0944938	0.905506	0.188988	1.81101	0.9993205
9719	1	-1815.064	-1814.659	-0.4052828	0.324238	0.0989205	0.90108	0.197841	1.80216	0.9998177
9720	0	-1819.078	-1818.674	-0.4040021	0.300821	0.0952396	0.90476	0.190479	1.80952	0.9985381
9721	1	-1819.149	-1818.745	-0.4040976	0.357347	0.0912677	0.908732	0.182535	1.81746	0.9986334
9722	0	-1815.481	-1815.075	-0.4054433	0.333589	0.0920686	0.907931	0.184137	1.81586	0.9999782
9723	1	-1815.416	-1815.011	-0.4051978	0.333377	0.0945286	0.905471	0.189057	1.81094	0.9997327
9724	0	-1815.258	-1814.853	-0.4054433	0.33018	0.101382	0.898618	0.202764	1.79724	0.9999782
9725	1	-1817.818	-1817.413	-0.4046615	0.355262	0.0920331	0.907967	0.184066	1.81593	0.9991967
9726	0	-1816.209	-1815.804	-0.4046843	0.319162	0.0971947	0.902805	0.194389	1.80561	0.9992195
9727	1	-1814.887	-1814.482	-0.4054135	0.319531	0.0993641	0.900636	0.198728	1.80127	0.9999484
9728	0	-1817.426	-1817.021	-0.4051717	0.296299	0.095528	0.904472	0.191056	1.80894	0.9997067
9729	1	-1815.914	-1815.509	-0.4053672	0.340684	0.0912737	0.908726	0.182547	1.81745	0.9999021
9730	0	-1815.809	-1815.405	-0.4049175	0.332644	0.0955184	0.904482	0.191037	1.80896	0.9994526
9731	1	-1815.299	-1814.893	-0.4052122	0.331528	0.095144	0.904856	0.190288	1.80971	0.9997471
9732	0	-1815.614	-1815.209	-0.405413	0.340503	0.0920785	0.907921	0.184157	1.81584	0.9999479
9733	1	-1819.831	-1819.428	-0.4036346	0.354992	0.0910242	0.908976	0.182048	1.81795	0.9981711
9734	0	-1815.766	-1815.361	-0.405413	0.30514	0.102982	0.897018	0.205965	1.79404	0.9999479
9735	1	-1815.919	-1815.514	-0.404805	0.329339	0.0964807	0.903519	0.192961	1.80704	0.9993401
9736	0	-1816.207	-1815.802	-0.405413	0.302766	0.104632	0.895368	0.209263	1.79074	0.9999479
9737	1	-1817.598	-1817.193	-0.404524	0.340289	0.101593	0.898407	0.203186	1.79681	0.9990594
9738	0	-1815.089	-1814.684	-0.4053473	0.319324	0.100318	0.899682	0.200636	1.79936	0.9998822
9739	1	-1816.418	-1816.013	-0.4046462	0.32103	0.100889	0.899111	0.201777	1.79822	0.9991814
9740	0	-1814.942	-1814.537	-0.4054316	0.321973	0.10045	0.89955	0.2009	1.7991	0.9999665
9741	1	-1816.238	-1815.833	-0.4046217	0.324297	0.0985875	0.901412	0.197175	1.80282	0.999157
9742	0	-1816.665	-1816.261	-0.4046411	0.340684	0.0940623	0.905938	0.188125	1.81188	0.9991763
9743	1	-1816.919	-1816.514	-0.4048598	0.303907	0.0964671	0.903533	0.192934	1.80707	0.9993949
9744	0	-1818.66	-1818.255	-0.4049669	0.340756	0.0867729	0.913227	0.173546	1.82645	0.9995019
9745	1	-1816.881	-1816.476	-0.4051756	0.295442	0.0986821	0.901318	0.197364	1.80264	0.9997106
9746	0	-1818.753	-1818.349	-0.4043567	0.31112	0.0915172	0.908483	0.183034	1.81697	0.9988922
9747	1	-1819.531	-1819.127	-0.4038575	0.298624	0.105803	0.894197	0.211606	1.78839	0.9983937
9748	0	-1816.97	-1816.565	-0.4047649	0.321768	0.092196	0.907804	0.184392	1.81561	0.9993001
9749	1	-1815.355	-1814.949	-0.4052815	0.312664	0.100187	0.899813	0.200373	1.79963	0.9998164
9750	0	-1817.409	-1817.004	-0.405297	0.316557	0.0898439	0.910156	0.179688	1.82031	0.9998319
9751	1	-1815.416	-1815.011	-0.4051114	0.326831	0.0992025	0.900798	0.198405	1.8016	0.9996464
9752	0	-1816.715	-1816.31	-0.405297	0.339222	0.0893574	0.910643	0.178715	1.82129	0.9998319
9753	1	-1814.873	-1814.467	-0.4053657	0.326091	0.097564	0.902436	0.195128	1.80487	0.9999006
9754	0	-1815.298	-1814.893	-0.4051329	0.327247	0.0971265	0.902874	0.194253	1.80575	0.9996678
9755	1	-1815.335	-1814.93	-0.4054351	0.342783	0.0975363	0.902464	0.195073	1.80493	0.99997
9756	0	-1814.898	-1814.493	-0.4053807	0.329335	0.0982542	0.901746	0.196508	1.80349	0.9999156
9757	1	-1817.857	-1817.453	-0.4039583	0.32231	0.0940977	0.905902	0.188195	1.8118	0.9984943
9758	0	-1816.25	-1815.845	-0.4046703	0.330571	0.0953327	0.904667	0.190665	1.80933	0.9992055
9759	1	-1817.898	-1817.494	-0.4045737	0.340009	0.102872	0.897128	0.205743	1.79426	0.999109
9760	0	-1818.092	-1817.688	-0.4036183	0.31972	0.0978081	0.902192	0.195616	1.80438	0.9981549
9761	1	-1815.969	-1815.564	-0.4049466	0.339629	0.0954204	0.90458	0.190841	1.80916	0.9994816
9762	0	-1816.615	-1816.211	-0.4044339	0.331855	0.0970174	0.902983	0.194035	1.80597	0.9989693
9763	1	-1816.61	-1816.205	-0.4048691	0.317147	0.103767	0.896233	0.207534	1.79247	0.9994042
9764	0	-1820.248	-1819.845	-0.4030161	0.306434	0.104105	0.895895	0.20821	1.79179	0.997554
9765	1	-1819.726	-1819.322	-0.4039553	0.289714	0.0991891	0.900811	0.198378	1.80162	0.9984913
9766	0	-1819.107	-1818.703	-0.4039105	0.333118	0.0897254	0.910275	0.179451	1.82055	0.9984466
9767	1	-1817.823	-1817.418	-0.4042996	0.346858	0.0983401	0.90166	0.19668	1.80332	0.9988351
9768	0	-1814.866	-1814.46	-0.4054159	0.318985	0.0987067	0.901293	0.197413	1.80259	0.9999508
9769	1	-1818.728	-1818.323	-0.4048293	0.365831	0.0949291	0.905071	0.189858	1.81014	0.9993643
9770	0	-1815.24	-1814.835	-0.4054159	0.310793	0.0974991	0.902501	0.194998	1.805	0.9999508
9771	1	-1818.778	-1818.374	-0.4032935	0.326949	0.099909	0.900091	0.199818	1.80018	0.9978308
9772	0	-1815.547	-1815.142	-0.4054159	0.308508	0.102609	0.897391	0.205218	1.79478	0.9999508
9773	1	-1817.271	-1816.865	-0.405031	0.354709	0.0910986	0.908901	0.182197	1.8178	0.999566
9774	0	-1815.292	-1814.887	-0.4051578	0.330521	0.0965624	0.903438	0.193125	1.80688	0.9996927
9775	1	-1815.861	-1815.456	-0.4050633	0.340045	0.0978703	0.90213	0.195741	1.80426	0.9995983
9776	0	-1815.187	-1814.782	-0.4053965	0.338361	0.0981002	0.9019	0.1962	1.8038	0.9999314
9777	1	-1814.923	-1814.517	-0.4053479	0.326531	0.0967085	0.903291	0.193417	1.80658	0.9998828
9778	0	-1817.565	-1817.16	-0.4053965	0.28594	0.0998715	0.900128	0.199743	1.80026	0.9999314
9779	1	-1817.517	-1817.113	-0.4041043	0.313138	0.100868	0.899132	0.201737	1.79826	0.9986401
9780	0	-1815.158	-1814.753	-0.4053786	0.313803	0.100428	0.899572	0.200855	1.79914	0.9999135
9781	1	-1818.361	-1817.957	-0.4045345	0.348022	0.089139	0.910861	0.178278	1.82172	0.9990698
9782	0	-1816.366	-1815.961	-0.4053786	0.332216	0.104319	0.895681	0.208638	1.79136	0.9999135
9783	1	-1819.973	-1819.569	-0.4033523	0.354584	0.0934879	0.906512	0.186976	1.81302	0.9978894
9784	0	-1816.332	-1815.927	-0.4047235	0.331025	0.100069	0.899931	0.200137	1.79986	0.9992587
9785	1	-1815.841	-1815.436	-0.4050432	0.310917	0.0998562	0.900144	0.199712	1.80029	0.9995781
9786	0	-1820.639	-1820.236	-0.4025621	0.3174	0.103227	0.896773	0.206454	1.79355	0.9971012
9787	1	-1815.555	-1815.15	-0.4052757	0.33846	0.0991772	0.900823	0.198354	1.80165	0.9998106
9788	0	-1821.485	-1821.083	-0.401998	0.343255	0.0951855	0.904815	0.190371	1.80963	0.9965389
9789	1	-1816.148	-1815.743	-0.4052757	0.305961	0.103916	0.896084	0.207832	1.79217	0.9998106
9790	0	-1815.996	-1815.591	-0.4049858	0.323672	0.0939284	0.906072	0.187857	1.81214	0.9995208
9791	1	-1816.026	-1815.621	-0.4053317	0.346865	0.0987019	0.901298	0.197404	1.8026	0.9998666
9792	0	-1817.779	-1817.375	-0.4044141	0.3324	0.0907678	0.909232	0.181536	1.81846	0.9989495
9793	1	-1815.07	-1814.665	-0.4053317	0.321515	0.100007	0.899993	0.200013	1.79999	0.9998666
9794	0	-1817.512	-1817.108	-0.4040923	0.324483	0.101281	0.898719	0.202563	1.79744	0.9986281
9795	1	-1817.193	-1816.789	-0.4046479	0.301851	0.0986225	0.901377	0.197245	1.80275	0.9991831
9796	0	-1818.184	-1817.78	-0.4035856	0.333263	0.0972018	0.902798	0.194404	1.8056	0.9981223
9797	1	-1816.501	-1816.096	-0.4046479	0.333235	0.0997245	0.900275	0.199449	1.80055	0.9991831
9798	0	-1815.995	-1815.59	-0.4054166	0.312041	0.0934504	0.90655	0.186901	1.8131	0.9999515
9799	1	-1816.681	-1816.276	-0.4048169	0.347258	0.0943431	0.905657	0.188686	1.81131	0.999352
9800	0	-1815.618	-1815.212	-0.4052169	0.33061	0.101082	0.898918	0.202164	1.79784	0.9997518
9801	1	-1816.661	-1816.256	-0.4045504	0.325383	0.0942881	0.905712	0.188576	1.81142	0.9990857
9802	0	-1816.501	-1816.096	-0.4052862	0.327304	0.104983	0.895017	0.209966	1.79003	0.9998211
9803	1	-1816.936	-1816.532	-0.4043445	0.31669	0.100298	0.899702	0.200595	1.7994	0.9988801
9804	0	-1819.71	-1819.306	-0.4047959	0.321942	0.110441	0.889559	0.220883	1.77912	0.999331
9805	1	-1816.84	-1816.435	-0.405362	0.344754	0.0889601	0.91104	0.17792	1.82208	0.9998969
9806	0	-1819.69	-1819.287	-0.4031528	0.344412	0.0928012	0.907199	0.185602	1.8144	0.9976904
9807	1	-1818.446	-1818.04	-0.40542	0.279133	0.10411	0.89589	0.208221	1.79178	0.9999549
9808	0	-1816.812	-1816.408	-0.4043434	0.333075	0.0972301	0.90277	0.19446	1.80554	0.9988789
9809	1	-1815.191	-1814.786	-0.40542	0.330468	0.0934546	0.906545	0.186909	1.81309	0.9999549
9810	0	-1815.278	-1814.873	-0.4052928	0.336503	0.094765	0.905235	0.18953	1.81047	0.9998277
9811	1	-1815.169	-1814.764	-0.4053519	0.319232	0.101013	0.898987	0.202026	1.79797	0.9998868
9812	0	-1816.641	-1816.236	-0.4049572	0.328025	0.10358	0.89642	0.207161	1.79284	0.9994923
9813	1	-1815.931	-1815.526	-0.4050734	0.329761	0.101485	0.898515	0.202969	1.79703	0.9996084
9814	0	-1816.135	-1815.73	-0.4051741	0.329467	0.102996	0.897004	0.205993	1.79401	0.9997091
9815	1	-1814.899	-1814.494	-0.4054093	0.327405	0.0955138	0.904486	0.191028	1.80897	0.9999442
9816	0	-1815.221	-1814.816	-0.4052508	0.316686	0.0984586	0.901541	0.196917	1.80308	0.9997857
9817	1	-1814.874	-1814.468	-0.4054093	0.319642	0.0974939	0.902506	0.194988	1.80501	0.9999442
9818	0	-1815.299	-1814.894	-0.4051565	0.329147	0.0961642	0.903836	0.192328	1.80767	0.9996915
9819	1	-1815.285	-1814.879	-0.4054093	0.311104	0.101345	0.898655	0.20269	1.79731	0.9999442
9820	0	-1815.521	-1815.116	-0.4050176	0.328751	0.0977147	0.902285	0.195429	1.80457	0.9995526
9821	1	-1815.401	-1814.996	-0.405096	0.330762	0.097173	0.902827	0.194346	1.80565	0.999631
9822	0	-1819.027	-1818.624	-0.4031865	0.31634	0.100222	0.899778	0.200443	1.79956	0.9977239
9823	1	-1816.005	-1815.599	-0.4052165	0.347196	0.0968599	0.90314	0.19372	1.80628	0.9997514
9824	0	-1818.773	-1818.37	-0.4034042	0.329981	0.093738	0.906262	0.187476	1.81252	0.9979412
9825	1	-1815.964	-1815.559	-0.4049111	0.337352	0.0975686	0.902431	0.195137	1.80486	0.9994462
9826	0	-1816.087	-1815.681	-0.4054051	0.311548	0.10521	0.89479	0.210419	1.78958	0.99994
9827	1	-1815.916	-1815.51	-0.4053479	0.332084	0.091272	0.908728	0.182544	1.81746	0.9998828
9828	0	-1815.985	-1815.58	-0.4051214	0.336799	0.10051	0.89949	0.20102	1.79898	0.9996564
9829	1	-1816.119	-1815.714	-0.4048715	0.336272	0.0940398	0.90596	0.18808	1.81192	0.9994066
9830	0	-1818.284	-1817.88	-0.4043604	0.29872	0.104314	0.895686	0.208629	1.79137	0.9988959
9831	1	-1816.477	-1816.072	-0.404876	0.318282	0.103288	0.896712	0.206576	1.79342	0.9994111
9832	0	-1816.951	-1816.546	-0.40536	0.323009	0.0896105	0.910389	0.179221	1.82078	0.9998949
9833	1	-1817.056	-1816.651	-0.4046052	0.347049	0.0963431	0.903657	0.192686	1.80731	0.9991405
9834	0	-1816.705	-1816.3	-0.40536	0.322127	0.0902067	0.909793	0.180413	1.81959	0.9998949
9835	1	-1815.168	-1814.762	-0.4053496	0.313398	0.0984488	0.901551	0.196898	1.8031	0.9998845
9836	0	-1815.177	-1814.772	-0.4054556	0.328442	0.0933293	0.906671	0.186659	1.81334	0.9999905
9837	1	-1818.6	-1818.196	-0.404144	0.326991	0.0903251	0.909675	0.18065	1.81935	0.9986798
9838	0	-1817.773	-1817.367	-0.4053728	0.314789	0.109282	0.890718	0.218564	1.78144	0.9999077
9839	1	-1816.477	-1816.071	-0.4051233	0.351572	0.0940076	0.905992	0.188015	1.81198	0.9996582
9840	0	-1815.312	-1814.907	-0.405283	0.333828	0.0992634	0.900737	0.198527	1.80147	0.9998179
9841	1	-1816.828	-1816.423	-0.405282	0.353646	0.0985865	0.901414	0.197173	1.80283	0.9998169
9842	0	-1816.142	-1815.737	-0.4047005	0.332164	0.0970863	0.902914	0.194173	1.80583	0.9992356
9843	1	-1816.22	-1815.814	-0.405282	0.299404	0.101441	0.898559	0.202883	1.79712	0.9998169
9844	0	-1816.538	-1816.133	-0.4047005	0.341511	0.0970863	0.902914	0.194173	1.80583	0.9992356
9845	1	-1816.118	-1815.713	-0.405282	0.350724	0.0957125	0.904288	0.191425	1.80858	0.9998169
9846	0	-1819.738	-1819.334	-0.4045961	0.292958	0.109485	0.890515	0.218969	1.78103	0.9991314
9847	1	-1824.482	-1824.082	-0.4003877	0.342981	0.093834	0.906166	0.187668	1.81233	0.9949355
9848	0	-1817.348	-1816.942	-0.405217	0.294303	0.105668	0.894332	0.211336	1.78866	0.999752
9849	1	-1822.43	-1822.028	-0.4021479	0.344902	0.0895116	0.910488	0.179023	1.82098	0.9966883
9850	0	-1815.008	-1814.603	-0.4054214	0.333736	0.0988712	0.901129	0.197742	1.80226	0.9999563
9851	1	-1817.939	-1817.535	-0.4040589	0.334884	0.101174	0.898826	0.202349	1.79765	0.9985948
9852	0	-1816.714	-1816.309	-0.4053416	0.348898	0.100704	0.899296	0.201408	1.79859	0.9998765
9853	1	-1818.609	-1818.205	-0.4046094	0.298782	0.107331	0.892669	0.214662	1.78534	0.9991447
9854	0	-1817.049	-1816.644	-0.4048133	0.312698	0.0933991	0.906601	0.186798	1.8132	0.9993485
9855	1	-1815.669	-1815.264	-0.4049902	0.333073	0.0957723	0.904228	0.191545	1.80846	0.9995252
9856	0	-1814.823	-1814.417	-0.4054619	0.317813	0.0991757	0.900824	0.198351	1.80165	0.9999968
9857	1	-1815.862	-1815.457	-0.4049902	0.332388	0.0939912	0.906009	0.187982	1.81202	0.9995252
9858	0	-1815.038	-1814.632	-0.4054619	0.321002	0.101447	0.898553	0.202894	1.79711	0.9999968
9859	1	-1817.997	-1817.593	-0.4038467	0.315285	0.101442	0.898558	0.202883	1.79712	0.9983829
9860	0	-1815.651	-1815.245	-0.4054619	0.330558	0.102934	0.897066	0.205867	1.79413	0.9999968
9861	1	-1816.987	-1816.583	-0.4043823	0.313655	0.0970562	0.902944	0.194112	1.80589	0.9989177
9862	0	-1815.124	-1814.719	-0.405375	0.324454	0.100861	0.899139	0.201723	1.79828	0.9999099
9863	1	-1816.206	-1815.801	-0.4048861	0.32015	0.102151	0.897849	0.204302	1.7957	0.9994212
9864	0	-1816.646	-1816.241	-0.4047964	0.344612	0.097741	0.902259	0.195482	1.80452	0.9993315
9865	1	-1816.621	-1816.216	-0.4048656	0.334515	0.101793	0.898207	0.203587	1.79641	0.9994007
9866	0	-1817.151	-1816.746	-0.4041958	0.334085	0.095341	0.904659	0.190682	1.80932	0.9987315
9867	1	-1817.76	-1817.355	-0.405216	0.286267	0.101074	0.898926	0.202147	1.79785	0.9997509
9868	0	-1815.305	-1814.9	-0.4053915	0.335547	0.0999163	0.900084	0.199833	1.80017	0.9999264
9869	1	-1816.916	-1816.512	-0.4043041	0.317144	0.0988069	0.901193	0.197614	1.80239	0.9988397
9870	0	-1815.125	-1814.72	-0.4053915	0.33382	0.0993252	0.900675	0.19865	1.80135	0.9999264
9871	1	-1817.977	-1817.572	-0.4052059	0.288103	0.0975268	0.902473	0.195054	1.80495	0.9997408
9872	0	-1817.849	-1817.444	-0.4048309	0.291272	0.102191	0.897809	0.204383	1.79562	0.999366
9873	1	-1815.353	-1814.948	-0.4052059	0.334926	0.0952644	0.904736	0.190529	1.80947	0.9997408
9874	0	-1816.055	-1815.65	-0.4050019	0.325446	0.0933485	0.906652	0.186697	1.8133	0.9995369
9875	1	-1815.619	-1815.213	-0.4052059	0.336512	0.0934266	0.906573	0.186853	1.81315	0.9997408
9876	0	-1814.791	-1814.386	-0.4054232	0.326906	0.0966024	0.903398	0.193205	1.8068	0.9999581
9877	1	-1817.128	-1816.724	-0.4041631	0.318935	0.0978011	0.902199	0.195602	1.8044	0.9986988
9878	0	-1815.309	-1814.904	-0.4053665	0.340225	0.0943453	0.905655	0.188691	1.81131	0.9999014
9879	1	-1816.99	-1816.585	-0.404927	0.348386	0.0991113	0.900889	0.198223	1.80178	0.999462
9880	0	-1815.524	-1815.119	-0.4051546	0.338366	0.0961769	0.903823	0.192354	1.80765	0.9996896
9881	1	-1815.747	-1815.342	-0.404927	0.332789	0.0968888	0.903111	0.193778	1.80622	0.999462
9882	0	-1816.252	-1815.847	-0.4049945	0.334062	0.101371	0.898629	0.202743	1.79726	0.9995295
9883	1	-1818.219	-1817.815	-0.4043011	0.301568	0.104358	0.895642	0.208716	1.79128	0.9988366
9884	0	-1816.722	-1816.317	-0.4052524	0.346209	0.0898863	0.910114	0.179773	1.82023	0.9997873
9885	1	-1819.532	-1819.129	-0.4028505	0.325102	0.0955901	0.90441	0.19118	1.80882	0.9973888
9886	0	-1816.052	-1815.647	-0.4053527	0.347514	0.0918579	0.908142	0.183716	1.81628	0.9998876
9887	1	-1816.886	-1816.481	-0.4051576	0.314852	0.106308	0.893692	0.212616	1.78738	0.9996925
9888	0	-1816.303	-1815.898	-0.4054232	0.311407	0.0926977	0.907302	0.185395	1.8146	0.9999581
9889	1	-1815.971	-1815.565	-0.4054241	0.340229	0.101599	0.898401	0.203198	1.7968	0.999959
9890	0	-1815.101	-1814.696	-0.4054232	0.315422	0.10107	0.89893	0.20214	1.79786	0.9999581
9891	1	-1817.692	-1817.287	-0.4045189	0.352714	0.0957891	0.904211	0.191578	1.80842	0.9990543
9892	0	-1815.258	-1814.853	-0.4052193	0.329788	0.0989969	0.901003	0.197994	1.80201	0.9997543
9893	1	-1817.268	-1816.863	-0.4049019	0.312859	0.106092	0.893908	0.212184	1.78782	0.999437
9894	0	-1816.773	-1816.368	-0.4050804	0.354078	0.0945943	0.905406	0.189189	1.81081	0.9996154
9895	1	-1816.489	-1816.084	-0.4049019	0.32939	0.102531	0.897469	0.205062	1.79494	0.999437
9896	0	-1816.178	-1815.773	-0.4048254	0.311925	0.0986016	0.901398	0.197203	1.8028	0.9993605
9897	1	-1815.312	-1814.907	-0.4051936	0.329343	0.0991751	0.900825	0.19835	1.80165	0.9997285
9898	0	-1816.878	-1816.473	-0.4050418	0.339502	0.10249	0.89751	0.204979	1.79502	0.9995768
9899	1	-1815.561	-1815.156	-0.4050702	0.334932	0.0958935	0.904106	0.191787	1.80821	0.9996052
9900	0	-1818.848	-1818.443	-0.4053136	0.367494	0.0984384	0.901562	0.196877	1.80312	0.9998485
9901	1	-1819.784	-1819.378	-0.405244	0.275654	0.0984658	0.901534	0.196932	1.80307	0.9997789
9902	0	-1816.512	-1816.107	-0.4053136	0.349422	0.0906689	0.909331	0.181338	1.81866	0.9998485
9903	1	-1818.171	-1817.767	-0.4047337	0.357318	0.0980414	0.901959	0.196083	1.80392	0.9992689
9904	0	-1815.088	-1814.683	-0.4053608	0.315485	0.0996805	0.900319	0.199361	1.80064	0.9998957
9905	1	-1816.523	-1816.118	-0.4047034	0.325914	0.0935865	0.906414	0.187173	1.81283	0.9992386
9906	0	-1816.725	-1816.32	-0.4049	0.348471	0.0972094	0.902791	0.194419	1.80558	0.999435
9907	1	-1816.34	-1815.936	-0.4046021	0.328497	0.0956138	0.904386	0.191228	1.80877	0.9991374
9908	0	-1817.413	-1817.009	-0.4044176	0.333518	0.101953	0.898047	0.203906	1.79609	0.9989531
9909	1	-1816.892	-1816.487	-0.4047228	0.308062	0.10306	0.89694	0.206119	1.79388	0.999258
9910	0	-1816.548	-1816.143	-0.4049329	0.32677	0.0919613	0.908039	0.183923	1.81608	0.9994679
9911	1	-1818.339	-1817.934	-0.4048037	0.327892	0.107174	0.892826	0.214349	1.78565	0.9993388
9912	0	-1814.965	-1814.559	-0.4054168	0.316805	0.0998652	0.900135	0.19973	1.80027	0.9999517
9913	1	-1818.298	-1817.893	-0.4048037	0.360429	0.0906087	0.909391	0.181217	1.81878	0.9993388
9914	0	-1816.663	-1816.258	-0.4051738	0.340205	0.0900526	0.909947	0.180105	1.81989	0.9997087
9915	1	-1817.226	-1816.821	-0.4047884	0.303551	0.104323	0.895677	0.208645	1.79135	0.9993235
9916	0	-1818.511	-1818.105	-0.4054162	0.371392	0.0910286	0.908971	0.182057	1.81794	0.9999511
9917	1	-1818.333	-1817.928	-0.4048269	0.309	0.108448	0.891552	0.216896	1.7831	0.999362
9918	0	-1815.415	-1815.009	-0.4054052	0.310074	0.0965968	0.903403	0.193194	1.80681	0.9999401
9919	1	-1816.009	-1815.604	-0.4048269	0.334431	0.0954874	0.904513	0.190975	1.80903	0.999362
9920	0	-1816.599	-1816.194	-0.4050983	0.352604	0.0947619	0.905238	0.189524	1.81048	0.9996332
9921	1	-1817.032	-1816.627	-0.4044919	0.342482	0.0976931	0.902307	0.195386	1.80461	0.9990273
9922	0	-1815.685	-1815.28	-0.4051889	0.312575	0.0963201	0.90368	0.19264	1.80736	0.9997238
9923	1	-1817.475	-1817.071	-0.4040403	0.333608	0.0987049	0.901295	0.19741	1.80259	0.9985762
9924	0	-1816.427	-1816.022	-0.4051889	0.329074	0.0908373	0.909163	0.181675	1.81833	0.9997238
9925	1	-1815.369	-1814.964	-0.405212	0.324249	0.10057	0.89943	0.201139	1.79886	0.9997469
9926	0	-1820.575	-1820.171	-0.4042376	0.31772	0.110548	0.889452	0.221097	1.7789	0.9987732
9927	1	-1816.286	-1815.881	-0.4051778	0.33755	0.10188	0.89812	0.20376	1.79624	0.9997127
9928	0	-1815.527	-1815.122	-0.4050572	0.326711	0.0956216	0.904378	0.191243	1.80876	0.9995921
9929	1	-1816.619	-1816.214	-0.4051647	0.326881	0.104764	0.895236	0.209528	1.79047	0.9996996
9930	0	-1815.923	-1815.517	-0.4051847	0.344149	0.0978458	0.902154	0.195692	1.80431	0.9997197
9931	1	-1815.67	-1815.265	-0.4049342	0.32825	0.0978759	0.902124	0.195752	1.80425	0.9994692
9932	0	-1819.341	-1818.936	-0.404183	0.308208	0.108058	0.891942	0.216117	1.78388	0.9987187
9933	1	-1816.022	-1815.617	-0.4053782	0.303176	0.103505	0.896495	0.207011	1.79299	0.9999131
9934	0	-1819.239	-1818.835	-0.4037243	0.299361	0.103442	0.896558	0.206884	1.79312	0.9982608
9935	1	-1815.502	-1815.096	-0.4053782	0.311892	0.0956541	0.904346	0.191308	1.80869	0.9999131
9936	0	-1816.099	-1815.694	-0.4048546	0.338811	0.0954513	0.904549	0.190903	1.8091	0.9993896
9937	1	-1816.861	-1816.456	-0.4045524	0.343059	0.0962782	0.903722	0.192556	1.80744	0.9990877
9938	0	-1816.405	-1816	-0.4048546	0.313154	0.102554	0.897446	0.205108	1.79489	0.9993896
9939	1	-1815.949	-1815.544	-0.4048471	0.322223	0.095895	0.904105	0.19179	1.80821	0.9993822
9940	0	-1818.377	-1817.972	-0.4051564	0.308131	0.109854	0.890146	0.219707	1.78029	0.9996914
9941	1	-1819.232	-1818.827	-0.4048162	0.281061	0.103695	0.896305	0.207391	1.79261	0.9993513
9942	0	-1815.597	-1815.192	-0.4051564	0.313019	0.100581	0.899419	0.201162	1.79884	0.9996914
9943	1	-1815.915	-1815.509	-0.4051745	0.343838	0.0934644	0.906536	0.186929	1.81307	0.9997095
9944	0	-1816.743	-1816.339	-0.4045324	0.31178	0.100246	0.899754	0.200491	1.79951	0.9990677
9945	1	-1815.385	-1814.979	-0.4052762	0.325731	0.0940842	0.905916	0.188168	1.81183	0.9998112
9946	0	-1816.112	-1815.707	-0.4051624	0.344219	0.0987917	0.901208	0.197583	1.80242	0.9996973
9947	1	-1818.403	-1817.998	-0.4044493	0.333527	0.0891313	0.910869	0.178263	1.82174	0.9989847
9948	0	-1815.625	-1815.219	-0.4051486	0.339094	0.0947237	0.905276	0.189447	1.81055	0.9996836
9949	1	-1817.392	-1816.988	-0.4043099	0.344703	0.0954529	0.904547	0.190906	1.80909	0.9988454
9950	0	-1817.309	-1816.904	-0.4046458	0.336772	0.0908323	0.909168	0.181665	1.81834	0.999181
9951	1	-1815.875	-1815.47	-0.4054179	0.340981	0.100999	0.899001	0.201997	1.798	0.9999528
9952	0	-1815.431	-1815.026	-0.405222	0.3153	0.100762	0.899238	0.201524	1.79848	0.9997569
9953	1	-1815.546	-1815.141	-0.4050918	0.335434	0.0973993	0.902601	0.194799	1.8052	0.9996268
9954	0	-1816.046	-1815.641	-0.4053934	0.315753	0.105087	0.894913	0.210173	1.78983	0.9999283
9955	1	-1817.498	-1817.093	-0.4051647	0.31347	0.0906439	0.909356	0.181288	1.81871	0.9996997
9956	0	-1816.74	-1816.334	-0.4053934	0.350323	0.100544	0.899456	0.201088	1.79891	0.9999283
9957	1	-1816.22	-1815.814	-0.405115	0.302733	0.0999106	0.900089	0.199821	1.80018	0.9996499
9958	0	-1817.2	-1816.795	-0.4046808	0.302077	0.0977984	0.902202	0.195597	1.8044	0.999216
9959	1	-1816.448	-1816.043	-0.4049047	0.305071	0.100692	0.899308	0.201384	1.79862	0.9994397
9960	0	-1817.44	-1817.035	-0.4048935	0.325636	0.10578	0.89422	0.21156	1.78844	0.9994285
9961	1	-1817.67	-1817.265	-0.4051157	0.311169	0.108129	0.891871	0.216257	1.78374	0.9996506
9962	0	-1816.701	-1816.296	-0.4045211	0.332411	0.0997617	0.900238	0.199523	1.80048	0.9990564
9963	1	-1816.074	-1815.669	-0.4051406	0.341598	0.0994999	0.9005	0.199	1.801	0.9996756
9964	0	-1817.236	-1816.831	-0.4044197	0.306973	0.101108	0.898892	0.202217	1.79778	0.9989552
9965	1	-1817.317	-1816.912	-0.4042017	0.318683	0.101467	0.898533	0.202934	1.79707	0.9987374
9966	0	-1818.345	-1817.94	-0.4054314	0.330638	0.108974	0.891026	0.217948	1.78205	0.9999663
9967	1	-1821.114	-1820.712	-0.4028255	0.31394	0.0918693	0.908131	0.183739	1.81626	0.9973638
9968	0	-1814.988	-1814.582	-0.4053263	0.322681	0.0989079	0.901092	0.197816	1.80218	0.9998612
9969	1	-1815.739	-1815.334	-0.4052087	0.334004	0.100843	0.899157	0.201686	1.79831	0.9997437
9970	0	-1817.438	-1817.033	-0.4041317	0.33585	0.0989385	0.901062	0.197877	1.80212	0.9986675
9971	1	-1817.078	-1816.673	-0.4052087	0.357348	0.0967379	0.903262	0.193476	1.80652	0.9997437
9972	0	-1817.057	-1816.653	-0.4043229	0.326678	0.100832	0.899168	0.201663	1.79834	0.9988584
9973	1	-1816.315	-1815.91	-0.4052087	0.308926	0.104564	0.895436	0.209129	1.79087	0.9997437
9974	0	-1816.181	-1815.776	-0.4048198	0.329048	0.0939674	0.906033	0.187935	1.81207	0.9993549
9975	1	-1815.575	-1815.17	-0.4050569	0.31948	0.099956	0.900044	0.199912	1.80009	0.9995919
9976	0	-1817.777	-1817.372	-0.4043529	0.3506	0.0942118	0.905788	0.188424	1.81158	0.9988884
9977	1	-1816.593	-1816.188	-0.4049409	0.330199	0.0915286	0.908471	0.183057	1.81694	0.9994759
9978	0	-1818.668	-1818.264	-0.403329	0.325146	0.0955837	0.904416	0.191167	1.80883	0.9978662
9979	1	-1819.179	-1818.775	-0.4046879	0.295997	0.0932368	0.906763	0.186474	1.81353	0.9992231
9980	0	-1817.727	-1817.322	-0.4049078	0.332425	0.088882	0.911118	0.177764	1.82224	0.9994428
9981	1	-1816.649	-1816.245	-0.4045652	0.313025	0.100417	0.899583	0.200833	1.79917	0.9991005
9982	0	-1816.051	-1815.646	-0.4050739	0.334047	0.0924199	0.90758	0.18484	1.81516	0.9996089
9983	1	-1818.25	-1817.845	-0.4049914	0.312795	0.0899453	0.910055	0.179891	1.82011	0.9995264
9984	0	-1814.907	-1814.502	-0.4053916	0.332191	0.096238	0.903762	0.192476	1.80752	0.9999265
9985	1	-1815.902	-1815.497	-0.4048559	0.321372	0.0963894	0.903611	0.192779	1.80722	0.9993909
9986	0	-1815.056	-1814.651	-0.4053278	0.319638	0.0995999	0.9004	0.1992	1.8008	0.9998627
9987	1	-1815.448	-1815.043	-0.4050809	0.324914	0.0961943	0.903806	0.192389	1.80761	0.9996158
9988	0	-1816.194	-1815.789	-0.4050834	0.304511	0.101251	0.898749	0.202501	1.7975	0.9996184
9989	1	-1815.64	-1815.234	-0.4052965	0.345036	0.095921	0.904079	0.191842	1.80816	0.9998314
9990	0	-1817.809	-1817.405	-0.4040744	0.324638	0.102488	0.897512	0.204977	1.79502	0.9986103
9991	1	-1817.19	-1816.785	-0.4048956	0.354537	0.0955909	0.904409	0.191182	1.80882	0.9994307
9992	0	-1820.135	-1819.731	-0.4040744	0.3171	0.0888698	0.91113	0.17774	1.82226	0.9986103
9993	1	-1816.524	-1816.12	-0.4045345	0.319677	0.09644	0.90356	0.19288	1.80712	0.9990698
9994	0	-1815.455	-1815.05	-0.4051268	0.317442	0.0995853	0.900415	0.199171	1.80083	0.9996618
9995	1	-1818.294	-1817.89	-0.4037753	0.340134	0.0986968	0.901303	0.197394	1.80261	0.9983117
9996	0	-1815.988	-1815.583	-0.4051268	0.343287	0.0933625	0.906637	0.186725	1.81327	0.9996618
9997	1	-1817.404	-1816.999	-0.4042309	0.309073	0.0986968	0.901303	0.197394	1.80261	0.9987666
9998	0	-1821.247	-1820.844	-0.4036666	0.36161	0.0879425	0.912057	0.175885	1.82411	0.9982031
9999	1	-1815.559	-1815.154	-0.4054161	0.3092	0.095998	0.904002	0.191996	1.808	0.999951
10000	0	-1818.907	-1818.504	-0.4032687	0.333977	0.0989112	0.901089	0.197822	1.80218	0.997806
10001	1	-1816.526	-1816.121	-0.4054161	0.357048	0.0929176	0.907082	0.185835	1.81416	0.999951
