Iteration	Replicate_ID	Posterior	Likelihood	Prior	correlations[1]	proportional_rates[1]	proportional_rates[2]	relative_rates[1]	relative_rates[2]	sigma2
0	0	-18.52442	-18.15164	-0.3727814	0.0408269	0.932809	0.0671905	1.86562	0.134381	0.9678446
1	1	-21.84817	-21.46588	-0.382282	0.390749	0.99212	0.00787971	1.98424	0.0157594	0.9770835
2	0	-16.96483	-16.57839	-0.3864422	0.473077	0.982345	0.0176552	1.96469	0.0353104	0.9811569
3	1	-18.19235	-17.81007	-0.382282	0.356497	0.941466	0.0585335	1.88293	0.117067	0.9770835
4	0	-18.37218	-18.00032	-0.3718505	0.0559251	0.934371	0.0656293	1.86874	0.131259	0.9669441
5	1	-20.38499	-20.05955	-0.3254434	0.355825	0.920156	0.0798445	1.84031	0.159689	0.9230963
6	0	-20.92666	-20.62501	-0.3016547	0.330321	0.913133	0.0868668	1.82627	0.173734	0.9013962
7	1	-16.85896	-16.60652	-0.2524406	0.214807	0.969333	0.0306673	1.93867	0.0613346	0.8581087
8	0	-16.90127	-16.5583	-0.3429633	0.0174778	0.961135	0.0388652	1.92227	0.0777304	0.9394114
9	1	-18.97338	-18.70652	-0.2668602	0.00603675	0.942138	0.0578624	1.88428	0.115725	0.8705719
10	0	-17.15966	-16.89979	-0.2598669	0.194108	0.962255	0.0377446	1.92451	0.0754892	0.8645049
11	1	-17.97695	-17.57634	-0.4006101	0.548757	0.973682	0.0263177	1.94736	0.0526354	0.9951568
12	0	-15.27139	-14.87097	-0.4004159	0.111519	0.973698	0.0263023	1.9474	0.0526046	0.9949635
13	1	-16.88477	-16.50744	-0.3773332	0.458656	0.982331	0.0176694	1.96466	0.0353388	0.9722601
14	0	-15.79052	-15.43658	-0.3539377	0.0904879	0.975734	0.0242656	1.95147	0.0485312	0.9497776
15	1	-17.03405	-16.71596	-0.318089	-0.0267875	0.970095	0.0299055	1.94019	0.0598109	0.9163324
16	0	-18.22054	-17.83624	-0.3843011	-0.145542	0.954811	0.0451885	1.90962	0.090377	0.9790584
17	1	-15.67862	-15.27341	-0.4052115	0.0159613	0.975566	0.0244339	1.95113	0.0488678	0.9997464
18	0	-17.04905	-16.70411	-0.3449444	0.211061	0.986975	0.0130247	1.97395	0.0260493	0.9412742
19	1	-17.69145	-17.32114	-0.370314	-0.0699997	0.954181	0.0458186	1.90836	0.0916372	0.9654595
20	0	-16.88915	-16.56188	-0.3272695	0.332631	0.961564	0.0384363	1.92313	0.0768726	0.9247836
21	1	-17.75436	-17.48919	-0.2651678	0.3342	0.959376	0.0406241	1.91875	0.0812481	0.8690998
22	0	-16.02502	-15.69165	-0.3333747	0.292295	0.981249	0.0187511	1.9625	0.0375022	0.9304467
23	1	-18.11637	-17.78503	-0.3313405	-0.110828	0.959636	0.0403639	1.91927	0.0807278	0.928556
24	0	-17.89604	-17.68764	-0.2084079	0.353969	0.973178	0.0268222	1.94636	0.0536444	0.8211437
25	1	-17.19562	-16.93788	-0.2577363	0.22102	0.982611	0.0173894	1.96522	0.0347788	0.862665
26	0	-19.41332	-19.17009	-0.2432272	-0.14979	0.967001	0.0329993	1.934	0.0659987	0.8502389
27	1	-17.62144	-17.22316	-0.3982796	0.00229596	0.987526	0.0124736	1.97505	0.0249473	0.9928402
28	0	-17.79824	-17.55308	-0.2451557	0.0317164	0.962092	0.0379079	1.92418	0.0758158	0.8518802
29	1	-15.91133	-15.56005	-0.3512794	0.264373	0.968028	0.0319723	1.93606	0.0639445	0.9472562
30	0	-15.90594	-15.55733	-0.3486088	0.250298	0.968088	0.0319118	1.93618	0.0638236	0.9447298
31	1	-16.75124	-16.41003	-0.3412061	-0.017457	0.968721	0.0312792	1.93744	0.0625585	0.9377621
32	0	-17.45881	-17.19647	-0.2623456	0.321999	0.962817	0.0371829	1.92563	0.0743657	0.8666505
33	1	-15.53883	-15.15801	-0.3808126	0.243988	0.968877	0.0311233	1.93775	0.0622466	0.9756488
34	0	-22.16026	-21.89365	-0.2666156	0.214019	0.890327	0.109673	1.78065	0.219346	0.870359
35	1	-15.34727	-14.96646	-0.3808126	0.130673	0.976125	0.0238751	1.95225	0.0477501	0.9756488
36	0	-16.06937	-15.70928	-0.3600879	0.0318675	0.973418	0.0265815	1.94684	0.053163	0.9556369
37	1	-16.93914	-16.58739	-0.3517559	0.1067	0.986075	0.0139247	1.97215	0.0278495	0.9477076
38	0	-16.98846	-16.6305	-0.3579588	-0.059729	0.979179	0.0208208	1.95836	0.0416417	0.9536044
39	1	-15.62698	-15.26857	-0.3584051	0.124466	0.974338	0.0256619	1.94868	0.0513238	0.9540301
40	0	-19.43636	-19.03189	-0.4044679	0.498292	0.943473	0.0565266	1.88695	0.113053	0.9990033
41	1	-15.52684	-15.14468	-0.3821522	0.265482	0.96944	0.0305603	1.93888	0.0611207	0.9769567
42	0	-16.29207	-15.88995	-0.4021179	-0.0511433	0.972021	0.0279788	1.94404	0.0559576	0.9966584
43	1	-15.67851	-15.32589	-0.3526233	0.277634	0.980566	0.0194339	1.96113	0.0388678	0.94853
44	0	-15.82067	-15.47997	-0.3407025	0.125281	0.977841	0.022159	1.95568	0.044318	0.9372899
45	1	-16.14769	-15.76806	-0.3796282	0.333058	0.964462	0.0355379	1.92892	0.0710758	0.974494
46	0	-16.03381	-15.63724	-0.3965668	0.196769	0.959855	0.0401448	1.91971	0.0802896	0.9911412
47	1	-16.11154	-15.77467	-0.3368613	0.104605	0.968972	0.0310279	1.93794	0.0620558	0.9336965
48	0	-16.28081	-15.89926	-0.381551	0.434122	0.975131	0.0248687	1.95026	0.0497375	0.9763696
49	1	-16.27432	-15.9115	-0.3628161	0.197011	0.960368	0.0396324	1.92074	0.0792648	0.9582476
50	0	-17.18288	-16.81063	-0.3722524	-0.109071	0.972187	0.0278133	1.94437	0.0556267	0.9673327
51	1	-18.07828	-17.74948	-0.328799	-0.10258	0.959297	0.0407033	1.91859	0.0814066	0.926199
52	0	-16.50084	-16.12641	-0.3744285	0.394211	0.965964	0.034036	1.93193	0.068072	0.9694401
53	1	-18.82276	-18.55411	-0.2686451	0.193388	0.938351	0.0616492	1.8767	0.123298	0.8721272
54	0	-18.82402	-18.5534	-0.2706127	0.0595568	0.940306	0.0596938	1.88061	0.119388	0.8738449
55	1	-16.77353	-16.45461	-0.3189191	0.173668	0.959085	0.0409149	1.91817	0.0818298	0.9170933
56	0	-17.60592	-17.33428	-0.2716398	0.413038	0.978956	0.021044	1.95791	0.0420881	0.8747428
57	1	-17.82957	-17.4595	-0.3700748	-0.129733	0.961214	0.0387856	1.92243	0.0775712	0.9652286
58	0	-16.35995	-16.02857	-0.3313823	0.0758184	0.980934	0.0190657	1.96187	0.0381314	0.9285948
59	1	-17.05771	-16.72495	-0.3327628	-0.0539142	0.974042	0.0259581	1.94808	0.0519162	0.9298776
60	0	-15.5575	-15.16322	-0.3942879	0.0872142	0.981422	0.0185785	1.96284	0.0371569	0.988885
61	1	-15.70718	-15.3381	-0.3690771	0.249534	0.983281	0.0167189	1.96656	0.0334378	0.964266
62	0	-18.46891	-18.13114	-0.3377684	0.0440175	0.937434	0.0625662	1.87487	0.125132	0.9345439
63	1	-16.29875	-15.94674	-0.3520034	0.088557	0.983094	0.0169064	1.96619	0.0338128	0.9479422
64	0	-15.8765	-15.47972	-0.3967834	0.367425	0.968618	0.0313822	1.93724	0.0627644	0.9913559
65	1	-15.23314	-14.8512	-0.3819398	0.169814	0.977628	0.0223725	1.95526	0.044745	0.9767493
66	0	-17.25006	-16.85328	-0.3967834	-0.0622282	0.956492	0.0435084	1.91298	0.0870168	0.9913559
67	1	-18.33626	-18.13818	-0.1980878	0.125107	0.982271	0.0177289	1.96454	0.0354578	0.812713
68	0	-16.21388	-15.86984	-0.3440341	0.240184	0.984217	0.0157835	1.96843	0.0315669	0.9404178
69	1	-16.01818	-15.63508	-0.3830991	0.346108	0.984322	0.0156779	1.96864	0.0313558	0.9778823
70	0	-16.88207	-16.48282	-0.399257	-0.00361181	0.955901	0.0440987	1.9118	0.0881974	0.9938112
71	1	-17.41175	-17.0887	-0.3230518	0.114306	0.950988	0.0490118	1.90198	0.0980236	0.9208912
72	0	-18.91316	-18.52958	-0.3835747	0.191238	0.923539	0.076461	1.84708	0.152922	0.9783475
73	1	-16.81047	-16.50184	-0.3086278	0.179011	0.984322	0.0156782	1.96864	0.0313564	0.9077037
74	0	-18.87976	-18.48191	-0.3978418	-0.167706	0.945947	0.054053	1.89189	0.108106	0.9924057
75	1	-16.58481	-16.24081	-0.3439947	0.251273	0.959297	0.0407027	1.91859	0.0814055	0.9403808
76	0	-15.88233	-15.47774	-0.4045865	0.0467482	0.96621	0.0337898	1.93242	0.0675796	0.9991218
77	1	-15.43796	-15.03533	-0.4026322	0.352259	0.973319	0.0266806	1.94664	0.0533612	0.9971711
78	0	-15.44125	-15.06324	-0.3780111	0.118685	0.978642	0.0213576	1.95728	0.0427153	0.9729194
79	1	-16.51904	-16.14289	-0.3761502	0.0998909	0.957411	0.0425888	1.91482	0.0851777	0.9711106
80	0	-15.94335	-15.628	-0.315355	0.226465	0.977205	0.0227949	1.95441	0.0455897	0.9138306
81	1	-16.09083	-15.74137	-0.3494624	0.224615	0.984008	0.015992	1.96802	0.031984	0.9455366
82	0	-15.63837	-15.25552	-0.3828501	0.335649	0.971613	0.0283865	1.94323	0.0567731	0.9776388
83	1	-15.70627	-15.35712	-0.3491531	0.13566	0.973652	0.0263482	1.9473	0.0526964	0.9452442
84	0	-16.50213	-16.18326	-0.318867	0.0398689	0.977032	0.0229683	1.95406	0.0459365	0.9170456
85	1	-17.81587	-17.48588	-0.3299947	0.493042	0.975766	0.0242339	1.95153	0.0484677	0.9273072
86	0	-16.52468	-16.1822	-0.3424787	0.249007	0.985358	0.0146424	1.97072	0.0292849	0.9389563
87	1	-15.83735	-15.47733	-0.3600203	0.298832	0.982595	0.0174047	1.96519	0.0348093	0.9555723
88	0	-15.86288	-15.5204	-0.3424787	0.309814	0.973519	0.0264812	1.94704	0.0529624	0.9389563
89	1	-16.1207	-15.75928	-0.3614233	0.123714	0.963901	0.0360991	1.9278	0.0721982	0.9569139
90	0	-18.3701	-17.98	-0.3900957	-0.0957219	0.944456	0.0555444	1.88891	0.111089	0.9847481
91	1	-16.33969	-15.96315	-0.3765449	0.436315	0.976559	0.0234406	1.95312	0.0468812	0.971494
92	0	-15.86829	-15.48084	-0.3874432	0.140431	0.96377	0.0362304	1.92754	0.0724607	0.9821396
93	1	-15.69912	-15.34433	-0.3547848	0.112269	0.974818	0.0251817	1.94964	0.0503635	0.9505825
94	0	-16.14277	-15.76398	-0.3787857	0.208745	0.960351	0.0396494	1.9207	0.0792988	0.9736734
95	1	-16.83834	-16.57747	-0.2608723	0.113005	0.971493	0.0285072	1.94299	0.0570143	0.8653746
96	0	-15.26354	-14.87244	-0.3910928	0.20361	0.971682	0.0283184	1.94336	0.0566367	0.9857305
97	1	-16.12248	-15.73504	-0.3874389	0.0470459	0.964675	0.0353248	1.92935	0.0706495	0.9821353
98	0	-15.68076	-15.29498	-0.3857771	0.0539513	0.973302	0.0266982	1.9466	0.0533965	0.9805045
99	1	-15.55481	-15.20565	-0.3491584	0.219367	0.975275	0.0247252	1.95055	0.0494504	0.9452491
100	0	-15.74854	-15.38778	-0.3607693	0.310481	0.971659	0.0283406	1.94332	0.0566812	0.9562884
101	1	-16.86222	-16.52193	-0.3402869	0.323714	0.959609	0.0403912	1.91922	0.0807824	0.9369005
102	0	-16.39275	-16.02947	-0.3632839	-0.0076311	0.97877	0.0212305	1.95754	0.0424609	0.9586961
103	1	-15.94715	-15.59688	-0.3502704	0.112575	0.969062	0.030938	1.93812	0.0618759	0.9463009
104	0	-15.99929	-15.65923	-0.3400621	0.126383	0.980949	0.0190508	1.9619	0.0381015	0.9366899
105	1	-17.94776	-17.7047	-0.243057	0.0972216	0.955302	0.0446978	1.9106	0.0893955	0.8500942
106	0	-16.73056	-16.33209	-0.3984615	0.464969	0.982842	0.0171581	1.96568	0.0343163	0.9930208
107	1	-18.56019	-18.22763	-0.3325554	0.377315	0.944653	0.0553474	1.88931	0.110695	0.9296847
108	0	-15.39547	-15.01247	-0.3830058	0.270547	0.971749	0.0282513	1.9435	0.0565026	0.977791
109	1	-16.5676	-16.26935	-0.2982487	0.240564	0.965578	0.0344217	1.93116	0.0688434	0.8983313
110	0	-17.27375	-16.98902	-0.2847263	0.316638	0.961371	0.0386294	1.92274	0.0772587	0.8862654
111	1	-19.38941	-19.00482	-0.384592	-0.254547	0.960389	0.0396109	1.92078	0.0792218	0.9793432
112	0	-15.44515	-15.04225	-0.4029071	0.354353	0.973363	0.0266369	1.94673	0.0532739	0.9974452
113	1	-16.29479	-15.9976	-0.2971881	0.14805	0.978181	0.0218195	1.95636	0.0436389	0.897379
114	0	-15.51287	-15.13385	-0.3790177	0.117875	0.980386	0.0196136	1.96077	0.0392273	0.9738993
115	1	-16.5216	-16.18248	-0.3391273	0.15457	0.960207	0.0397933	1.92041	0.0795865	0.9358147
116	0	-16.74767	-16.3932	-0.3544697	0.385794	0.964547	0.0354533	1.92909	0.0709066	0.9502831
117	1	-16.08955	-15.71222	-0.3773265	0.0161214	0.970287	0.0297133	1.94057	0.0594266	0.9722536
118	0	-15.79927	-15.40779	-0.3914836	0.174821	0.963598	0.0364015	1.9272	0.072803	0.9861158
119	1	-15.53432	-15.14218	-0.3921381	0.269108	0.983926	0.0160737	1.96785	0.0321474	0.9867614
120	0	-15.91119	-15.5677	-0.3434848	0.189998	0.968264	0.0317356	1.93653	0.0634713	0.9399014
121	1	-17.62586	-17.23642	-0.3894473	0.523975	0.973067	0.0269332	1.94613	0.0538664	0.9841098
122	0	-15.38271	-15.00117	-0.3815387	0.308956	0.975057	0.024943	1.95011	0.0498861	0.9763576
123	1	-19.91265	-19.6272	-0.2854535	0.0776391	0.921597	0.078403	1.84319	0.156806	0.8869102
124	0	-18.51591	-18.17019	-0.3457127	-0.179059	0.965531	0.0344691	1.93106	0.0689382	0.9419978
125	1	-16.13375	-15.78198	-0.3517739	0.0509875	0.979467	0.0205327	1.95893	0.0410653	0.9477247
126	0	-15.28872	-14.9053	-0.3834116	0.193075	0.980874	0.0191261	1.96175	0.0382523	0.9781879
127	1	-18.02073	-17.70554	-0.3151974	0.468898	0.966771	0.0332292	1.93354	0.0664584	0.9136866
128	0	-15.28976	-14.88559	-0.4041725	0.180202	0.983173	0.0168268	1.96635	0.0336535	0.9987083
129	1	-16.96466	-16.61721	-0.3474526	-0.0449384	0.96724	0.0327595	1.93448	0.065519	0.9436382
130	0	-19.21868	-18.86179	-0.3568958	0.147155	0.990314	0.00968649	1.98063	0.019373	0.9525913
131	1	-15.15197	-14.75812	-0.3938445	0.180619	0.9741	0.0259003	1.9482	0.0518005	0.9884467
132	0	-15.2554	-14.86716	-0.3882344	0.141852	0.978861	0.0211394	1.95772	0.0422789	0.9829168
133	1	-15.28892	-14.89508	-0.3938445	0.109219	0.977617	0.0223826	1.95523	0.0447652	0.9884467
134	0	-15.52778	-15.14829	-0.3794882	0.167349	0.982434	0.0175664	1.96487	0.0351328	0.9743576
135	1	-15.42727	-15.04039	-0.3868832	0.322466	0.973799	0.026201	1.9476	0.0524021	0.9815897
136	0	-17.77124	-17.40267	-0.3685709	-0.136043	0.964179	0.0358211	1.92836	0.0716422	0.9637781
137	1	-21.66366	-21.27677	-0.3868832	0.0868593	0.878827	0.121173	1.75765	0.242345	0.9815897
138	0	-16.2852	-15.97879	-0.3064086	0.174411	0.968612	0.0313881	1.93722	0.0627763	0.9056915
139	1	-15.53151	-15.16028	-0.371229	0.113033	0.97444	0.0255598	1.94888	0.0511196	0.9663433
140	0	-15.55091	-15.19711	-0.3538022	0.259516	0.97483	0.0251703	1.94966	0.0503405	0.9496489
141	1	-16.95299	-16.54844	-0.4045461	0.483347	0.983039	0.0169607	1.96608	0.0339214	0.9990814
142	0	-16.03425	-15.63266	-0.4015873	-0.0157695	0.979219	0.0207806	1.95844	0.0415612	0.9961297
143	1	-15.24739	-14.84673	-0.4006523	0.223756	0.970413	0.0295874	1.94083	0.0591749	0.9951987
144	0	-17.24088	-16.91497	-0.3259166	0.357028	0.959309	0.0406905	1.91862	0.081381	0.9235332
145	1	-15.75292	-15.37831	-0.3746157	0.351992	0.972827	0.0271732	1.94565	0.0543464	0.9696216
146	0	-16.07326	-15.72533	-0.3479319	0.353645	0.98061	0.0193899	1.96122	0.0387798	0.9440905
147	1	-15.76897	-15.39566	-0.37331	0.109345	0.982073	0.0179269	1.96415	0.0358537	0.9683563
148	0	-15.07523	-14.67625	-0.3989754	0.171579	0.975516	0.0244844	1.95103	0.0489688	0.9935313
149	1	-15.56158	-15.1624	-0.3991858	0.0948958	0.968952	0.0310483	1.9379	0.0620967	0.9937404
150	0	-16.26422	-15.91726	-0.3469648	0.0218593	0.974581	0.0254191	1.94916	0.0508383	0.943178
151	1	-15.43916	-15.04432	-0.394837	0.190818	0.983549	0.0164512	1.9671	0.0329025	0.9894281
152	0	-16.65532	-16.25073	-0.4045886	0.0306145	0.956017	0.043983	1.91203	0.0879659	0.9991239
153	1	-16.03122	-15.67063	-0.3605901	0.116581	0.983041	0.0169587	1.96608	0.0339174	0.956117
154	0	-16.57209	-16.19849	-0.3736059	0.355468	0.961505	0.0384947	1.92301	0.0769894	0.9686429
155	1	-17.24865	-16.95197	-0.2966896	0.253286	0.98534	0.0146603	1.97068	0.0293207	0.8969317
156	0	-16.23423	-15.83936	-0.3948747	0.0390189	0.962576	0.0374244	1.92515	0.0748488	0.9894654
157	1	-20.47189	-20.32327	-0.148628	0.360461	0.946951	0.0530485	1.8939	0.106097	0.7734942
158	0	-16.00947	-15.6812	-0.3282726	0.317589	0.975659	0.0243407	1.95132	0.0486813	0.9257116
159	1	-20.71294	-20.5018	-0.2111476	-0.182451	0.975744	0.0242557	1.95149	0.0485114	0.8233964
160	0	-20.86205	-20.62872	-0.2333236	0.332803	0.924502	0.0754977	1.849	0.150995	0.84186
161	1	-18.11483	-17.92164	-0.1931894	0.284523	0.980987	0.0190134	1.96197	0.0380267	0.8087417
162	0	-16.89945	-16.5492	-0.350246	0.149996	0.953897	0.0461033	1.90779	0.0922067	0.9462777
163	1	-17.29768	-17.081	-0.2166803	0.205791	0.96961	0.0303897	1.93922	0.0607793	0.8279647
164	0	-17.44484	-17.10319	-0.3416547	0.416363	0.985068	0.0149323	1.97014	0.0298646	0.9381828
165	1	-18.53436	-18.15001	-0.3843508	-0.202058	0.978355	0.0216451	1.95671	0.0432902	0.9791071
166	0	-20.09986	-19.70043	-0.3994358	0.198272	0.991884	0.008116	1.98377	0.016232	0.9939889
167	1	-16.02155	-15.683	-0.3385503	0.0893731	0.972267	0.0277327	1.94453	0.0554655	0.9352749
168	0	-16.8756	-16.61059	-0.2650079	0.320503	0.977689	0.0223111	1.95538	0.0446221	0.8689608
169	1	-16.10128	-15.73905	-0.3622317	0.281625	0.964439	0.0355608	1.92888	0.0711216	0.9576879
170	0	-16.42736	-16.13731	-0.2900468	0.303969	0.975746	0.0242539	1.95149	0.0485077	0.8909933
171	1	-16.96444	-16.55943	-0.4050055	0.46509	0.96567	0.0343299	1.93134	0.0686598	0.9995405
172	0	-15.44866	-15.06608	-0.3825733	0.224944	0.969797	0.0302031	1.93959	0.0604063	0.9773682
173	1	-15.39652	-15.03188	-0.3646421	0.187242	0.977937	0.0220631	1.95587	0.0441262	0.959999
174	0	-17.38109	-17.06643	-0.3146604	-0.0324598	0.980166	0.0198342	1.96033	0.0396684	0.913196
175	1	-17.89065	-17.6435	-0.2471548	0.268469	0.955903	0.0440973	1.91181	0.0881945	0.8535848
176	0	-15.81148	-15.45798	-0.3534952	0.219161	0.968291	0.0317095	1.93658	0.0634189	0.9493574
177	1	-15.37449	-14.97826	-0.3962276	0.0900152	0.974423	0.025577	1.94885	0.051154	0.990805
178	0	-17.37743	-16.99462	-0.3828118	-0.0567187	0.955743	0.0442574	1.91149	0.0885148	0.9776013
179	1	-16.4193	-16.13073	-0.2885697	0.2969	0.97637	0.0236301	1.95274	0.0472602	0.8896782
180	0	-15.98971	-15.65822	-0.3314901	0.180976	0.981331	0.0186693	1.96266	0.0373386	0.9286949
181	1	-15.83225	-15.48918	-0.3430746	0.312376	0.974632	0.0253679	1.94926	0.0507359	0.9395159
182	0	-15.40962	-15.00912	-0.4004972	0.360134	0.975864	0.024136	1.95173	0.048272	0.9950444
183	1	-16.72938	-16.36671	-0.3626692	0.36161	0.985565	0.0144354	1.97113	0.0288708	0.9581069
184	0	-15.49597	-15.10491	-0.3910598	0.262064	0.968543	0.0314571	1.93709	0.0629141	0.985698
185	1	-20.90015	-20.6958	-0.2043515	-0.0145863	0.942366	0.0576335	1.88473	0.115267	0.8178195
186	0	-17.15372	-16.86897	-0.2847473	0.227482	0.984398	0.015602	1.9688	0.031204	0.8862841
187	1	-18.87619	-18.57988	-0.2963061	0.0309662	0.937595	0.0624053	1.87519	0.124811	0.8965879
188	0	-16.45145	-16.07072	-0.3807262	0.44609	0.974492	0.025508	1.94898	0.0510159	0.9755646
189	1	-16.78559	-16.439	-0.3465931	0.328281	0.985619	0.014381	1.97124	0.028762	0.9428275
190	0	-16.35411	-15.94977	-0.4043407	0.456309	0.981259	0.0187412	1.96252	0.0374824	0.9988763
191	1	-15.24111	-14.84227	-0.3988406	0.26606	0.971647	0.0283525	1.94329	0.0567051	0.9933974
192	0	-16.59329	-16.21543	-0.3778675	0.356804	0.960861	0.0391392	1.92172	0.0782785	0.9727798
193	1	-17.11996	-16.76374	-0.3562174	0.325221	0.954711	0.0452885	1.90942	0.090577	0.9519453
194	0	-16.15099	-15.81612	-0.3348711	0.215014	0.965771	0.0342293	1.93154	0.0684586	0.9318401
195	1	-15.21679	-14.81805	-0.3987446	0.137009	0.973439	0.0265614	1.94688	0.0531229	0.993302
196	0	-16.98404	-16.71374	-0.270298	0.128844	0.964452	0.0355479	1.9289	0.0710957	0.8735699
197	1	-16.09596	-15.72034	-0.3756209	0.351797	0.983996	0.0160038	1.96799	0.0320076	0.9705968
198	0	-18.43544	-18.17205	-0.2633865	0.120658	0.944573	0.0554269	1.88915	0.110854	0.8675531
199	1	-16.79111	-16.49766	-0.2934534	0.0451321	0.977058	0.0229422	1.95412	0.0458845	0.8940338
200	0	-17.48723	-17.17547	-0.3117674	0.434109	0.981728	0.0182717	1.96346	0.0365433	0.910558
201	1	-17.30719	-17.05183	-0.2553587	0.31907	0.981449	0.0185513	1.9629	0.0371026	0.8606164
202	0	-16.93828	-16.67747	-0.2608101	0.259869	0.980893	0.0191074	1.96179	0.0382149	0.8653208
203	1	-18.35199	-18.14257	-0.2094136	0.100178	0.954871	0.0451291	1.90974	0.0902582	0.8219699
204	0	-15.51214	-15.14936	-0.362782	0.237566	0.980817	0.0191834	1.96163	0.0383668	0.958215
205	1	-18.62142	-18.33868	-0.2827389	0.246795	0.940654	0.059346	1.88131	0.118692	0.8845058
206	0	-18.16073	-17.85116	-0.3095741	-0.0987065	0.979502	0.020498	1.959	0.0409959	0.908563
207	1	-15.40507	-15.01708	-0.3879885	0.14921	0.981779	0.0182213	1.96356	0.0364426	0.9826752
208	0	-17.44948	-17.22714	-0.2223376	0.168504	0.964952	0.0350482	1.9299	0.0700964	0.8326619
209	1	-15.49479	-15.13389	-0.3608988	0.283725	0.977601	0.0223991	1.9552	0.0447982	0.9564121
210	0	-17.33016	-16.98194	-0.3482169	0.130533	0.948784	0.0512161	1.89757	0.102432	0.9443596
211	1	-16.4343	-16.06388	-0.3704169	0.292503	0.959679	0.0403206	1.91936	0.0806411	0.9655589
212	0	-18.01002	-17.72217	-0.2878473	-0.0905866	0.971022	0.0289777	1.94204	0.0579554	0.8890358
213	1	-16.62167	-16.34168	-0.2799812	0.118126	0.978125	0.0218752	1.95625	0.0437505	0.88207
214	0	-15.56159	-15.19806	-0.3635326	0.203365	0.970976	0.029024	1.94195	0.058048	0.9589345
215	1	-16.05785	-15.70313	-0.3547237	0.36039	0.981015	0.0189848	1.96203	0.0379695	0.9505244
216	0	-21.77823	-21.44597	-0.3322655	-0.308248	0.943701	0.0562986	1.8874	0.112597	0.9294153
217	1	-15.03039	-14.63033	-0.4000585	0.188781	0.975966	0.0240338	1.95193	0.0480676	0.9946079
218	0	-19.28854	-19.05933	-0.2292085	0.0126483	0.942895	0.0571048	1.88579	0.11421	0.8384028
219	1	-15.25933	-14.8786	-0.3807305	0.258975	0.979685	0.0203147	1.95937	0.0406293	0.9755688
220	0	-19.3992	-19.13208	-0.267116	0.174638	0.930436	0.069564	1.86087	0.139128	0.8707946
221	1	-16.2059	-15.80375	-0.4021439	0.267182	0.958244	0.0417564	1.91649	0.0835128	0.9966843
222	0	-16.24241	-15.93721	-0.3051956	0.255436	0.970472	0.0295279	1.94094	0.0590559	0.9045936
223	1	-16.76946	-16.41052	-0.3589332	0.362557	0.961433	0.0385667	1.92287	0.0771333	0.9545341
224	0	-15.87223	-15.48945	-0.3827829	0.12096	0.964924	0.0350763	1.92985	0.0701526	0.9775731
225	1	-16.87982	-16.62121	-0.2586105	0.212953	0.967352	0.0326482	1.9347	0.0652965	0.8634195
226	0	-15.52953	-15.17553	-0.3540072	0.182391	0.978241	0.0217588	1.95648	0.0435176	0.9498437
227	1	-15.16176	-14.76123	-0.4005328	0.288093	0.981159	0.0188409	1.96232	0.0376818	0.9950798
228	0	-15.82249	-15.4897	-0.3327867	0.150901	0.977301	0.0226987	1.9546	0.0453973	0.9298998
229	1	-16.04254	-15.6738	-0.3687375	0.343103	0.968085	0.0319148	1.93617	0.0638296	0.9639387
230	0	-19.18279	-18.83715	-0.3456423	-0.116398	0.940727	0.0592734	1.88145	0.118547	0.9419314
231	1	-17.67538	-17.34993	-0.3254475	0.174492	0.946375	0.0536253	1.89275	0.107251	0.9231001
232	0	-18.06648	-17.80767	-0.2588102	-0.0577215	0.974218	0.0257824	1.94844	0.0515649	0.8635919
233	1	-16.80846	-16.41887	-0.3895896	0.394353	0.986273	0.013727	1.97255	0.027454	0.9842498
234	0	-16.11934	-15.79454	-0.3247935	0.0905919	0.975113	0.0248874	1.95023	0.0497747	0.9224966
235	1	-15.52877	-15.14662	-0.3821456	0.288826	0.982689	0.0173106	1.96538	0.0346213	0.9769503
236	0	-16.64392	-16.35587	-0.2880501	0.0807095	0.976965	0.0230349	1.95393	0.0460699	0.8892161
237	1	-15.13407	-14.73422	-0.3998568	0.135582	0.976678	0.0233222	1.95336	0.0466445	0.9944074
238	0	-16.89429	-16.49511	-0.3991807	-0.0469552	0.95991	0.0400895	1.91982	0.080179	0.9937353
239	1	-15.72121	-15.3214	-0.399811	0.364894	0.970221	0.0297785	1.94044	0.059557	0.9943618
240	0	-16.04602	-15.72998	-0.3160449	0.229856	0.980019	0.0199814	1.96004	0.0399627	0.9144612
241	1	-16.77261	-16.41423	-0.3583858	0.361504	0.96137	0.0386295	1.92274	0.0772591	0.9540117
242	0	-17.66259	-17.35891	-0.3036828	-0.00660991	0.982685	0.0173149	1.96537	0.0346297	0.9032262
243	1	-15.55762	-15.20068	-0.3569442	0.276104	0.974605	0.0253955	1.94921	0.0507909	0.9526374
244	0	-16.99617	-16.67708	-0.3190943	0.390266	0.967132	0.0328679	1.93426	0.0657357	0.9172541
245	1	-16.46138	-16.09108	-0.3702935	0.274148	0.958612	0.0413884	1.91722	0.0827768	0.9654397
246	0	-18.20691	-17.81751	-0.389403	-0.200313	0.973764	0.0262364	1.94753	0.0524728	0.9840662
247	1	-16.22363	-15.85334	-0.3702935	0.283941	0.961967	0.0380335	1.92393	0.0760669	0.9654397
248	0	-16.84659	-16.44708	-0.3995101	0.412375	0.960656	0.0393445	1.92131	0.078689	0.9940627
249	1	-15.18723	-14.79403	-0.3932007	0.234537	0.972949	0.0270509	1.9459	0.0541017	0.9878105
250	0	-17.67722	-17.29108	-0.3861385	0.0571755	0.988217	0.0117831	1.97643	0.0235663	0.980859
251	1	-16.40327	-16.11402	-0.2892564	0.231205	0.970091	0.029909	1.94018	0.0598181	0.8902894
252	0	-15.73948	-15.3411	-0.3983859	0.0748144	0.982851	0.017149	1.9657	0.0342979	0.9929458
253	1	-16.56442	-16.18844	-0.3759802	0.0584746	0.958786	0.0412142	1.91757	0.0824283	0.9709455
254	0	-16.59093	-16.24294	-0.3479954	0.411007	0.981062	0.0189376	1.96212	0.0378752	0.9441505
255	1	-15.67642	-15.28576	-0.3906559	0.220735	0.965285	0.0347146	1.93057	0.0694292	0.9852999
256	0	-16.74419	-16.39493	-0.3492593	0.245885	0.956522	0.0434782	1.91304	0.0869565	0.9453446
257	1	-17.08212	-16.75699	-0.3251299	-0.0120292	0.964309	0.0356907	1.92862	0.0713814	0.9228069
258	0	-16.34969	-16.00556	-0.3441309	0.0622732	0.966333	0.0336671	1.93267	0.0673342	0.9405088
259	1	-16.93877	-16.5654	-0.3733715	0.149453	0.950929	0.049071	1.90186	0.0981419	0.968416
260	0	-16.3705	-16.03281	-0.3376915	0.212714	0.962206	0.0377941	1.92441	0.0755881	0.934472
261	1	-16.86711	-16.55402	-0.3130886	0.408159	0.976439	0.0235612	1.95288	0.0471223	0.9117618
262	0	-18.93372	-18.63544	-0.2982729	-0.165761	0.965012	0.0349877	1.93002	0.0699753	0.898353
263	1	-15.68697	-15.33002	-0.35695	0.151071	0.970981	0.0290187	1.94196	0.0580373	0.952643
264	0	-16.45135	-16.12324	-0.3281104	0.169698	0.962423	0.0375768	1.92485	0.0751536	0.9255615
265	1	-16.81761	-16.48016	-0.3374538	0.432106	0.978034	0.0219655	1.95607	0.0439311	0.9342499
266	0	-18.26231	-17.99328	-0.2690305	-0.0205739	0.955195	0.0448054	1.91039	0.0896108	0.8724634
267	1	-15.31622	-14.93671	-0.3795064	0.260911	0.973816	0.0261843	1.94763	0.0523686	0.9743753
268	0	-17.14152	-16.89163	-0.2498902	0.0819347	0.976729	0.0232715	1.95346	0.046543	0.8559229
269	1	-17.83806	-17.46433	-0.3737226	0.0590691	0.941506	0.0584942	1.88301	0.116988	0.968756
270	0	-18.60979	-18.44414	-0.1656461	0.147734	0.957786	0.0422142	1.91557	0.0844283	0.7867703
271	1	-17.32474	-16.95938	-0.3653517	0.421485	0.985767	0.0142334	1.97153	0.0284668	0.9606804
272	0	-16.71884	-16.44621	-0.2726348	0.269593	0.969156	0.0308444	1.93831	0.0616889	0.8756137
273	1	-17.15288	-16.80595	-0.3469226	0.454214	0.981209	0.0187913	1.96242	0.0375827	0.9431382
274	0	-19.18801	-18.87195	-0.3160572	0.022413	0.930938	0.069062	1.86188	0.138124	0.9144725
275	1	-16.03726	-15.65222	-0.3850454	0.152716	0.961429	0.0385715	1.92286	0.0771429	0.9797873
276	0	-15.23417	-14.84965	-0.3845253	0.254351	0.974396	0.0256037	1.94879	0.0512075	0.979278
277	1	-17.54313	-17.17748	-0.3656512	0.484531	0.982798	0.0172018	1.9656	0.0344037	0.9609683
278	0	-16.39693	-16.08236	-0.3145662	0.0728896	0.970954	0.0290457	1.94191	0.0580913	0.9131101
279	1	-15.4661	-15.08116	-0.3849383	0.330676	0.980531	0.0194687	1.96106	0.0389374	0.9796824
280	0	-15.93501	-15.61851	-0.3164978	0.239807	0.975559	0.0244415	1.95112	0.0488829	0.9148755
281	1	-16.30741	-15.91746	-0.3899499	0.443466	0.980036	0.0199644	1.96007	0.0399288	0.9846045
282	0	-15.59437	-15.21248	-0.3818863	0.248858	0.967978	0.0320219	1.93596	0.0640437	0.976697
283	1	-15.24167	-14.85172	-0.3899499	0.298102	0.975589	0.0244115	1.95118	0.048823	0.9846045
284	0	-17.12287	-16.79977	-0.323095	0.0193285	0.982646	0.0173542	1.96529	0.0347084	0.920931
285	1	-16.68558	-16.29563	-0.3899499	0.352158	0.958083	0.0419171	1.91617	0.0838341	0.9846045
286	0	-16.37389	-16.03768	-0.3362082	0.0478036	0.979805	0.0201951	1.95961	0.0403902	0.9330869
287	1	-17.08474	-16.81536	-0.2693848	0.355662	0.978801	0.0211992	1.9576	0.0423985	0.8727725
288	0	-15.27731	-14.89002	-0.3872893	0.196459	0.972195	0.0278047	1.94439	0.0556093	0.9819884
289	1	-17.43147	-17.08471	-0.3467585	0.294507	0.950203	0.0497969	1.90041	0.0995938	0.9429834
290	0	-15.40829	-15.01533	-0.3929543	0.312953	0.982105	0.0178954	1.96421	0.0357909	0.9875671
291	1	-18.56323	-18.20325	-0.359986	-0.192581	0.976237	0.0237631	1.95247	0.0475262	0.9555395
292	0	-15.59679	-15.20526	-0.3915341	0.356987	0.981531	0.0184691	1.96306	0.0369383	0.9861655
293	1	-16.61566	-16.25465	-0.3610106	0.188419	0.956125	0.0438748	1.91225	0.0877497	0.9565191
294	0	-17.07962	-16.72445	-0.3551715	-0.0635612	0.966441	0.0335589	1.93288	0.0671177	0.9509502
295	1	-17.49196	-17.29196	-0.2000083	0.200841	0.970542	0.0294584	1.94108	0.0589167	0.8142753
296	0	-16.03465	-15.714	-0.320647	0.298676	0.974867	0.0251328	1.94973	0.0502656	0.9186794
297	1	-16.78155	-16.41737	-0.3641858	0.199675	0.953706	0.0462938	1.90741	0.0925875	0.9595611
298	0	-18.20043	-17.86944	-0.3309966	0.330979	0.944967	0.0550325	1.88993	0.110065	0.9282367
299	1	-16.4127	-16.01055	-0.4021476	0.0272814	0.959932	0.0400681	1.91986	0.0801361	0.996688
300	0	-16.71864	-16.34236	-0.3762736	-0.0706377	0.974883	0.0251173	1.94977	0.0502346	0.9712305
301	1	-15.75804	-15.40263	-0.3554093	0.108551	0.972647	0.0273526	1.94529	0.0547051	0.9511763
302	0	-16.42369	-16.06985	-0.3538371	0.0744105	0.962745	0.0372549	1.92549	0.0745098	0.9496821
303	1	-16.41829	-16.04423	-0.3740623	-0.0352032	0.973368	0.0266318	1.94674	0.0532636	0.9690851
304	0	-16.68244	-16.31198	-0.3704608	-0.0487034	0.978702	0.0212981	1.9574	0.0425963	0.9656012
305	1	-15.94315	-15.54603	-0.3971122	0.366025	0.967521	0.0324792	1.93504	0.0649583	0.9916818
306	0	-19.78912	-19.39681	-0.3923095	0.156529	0.909235	0.0907647	1.81847	0.181529	0.9869305
307	1	-15.37934	-15.00762	-0.3717234	0.194122	0.980139	0.0198611	1.96028	0.0397222	0.9668212
308	0	-15.54012	-15.1438	-0.3963226	0.0683883	0.972267	0.0277326	1.94453	0.0554651	0.9908992
309	1	-18.64365	-18.24715	-0.3964988	0.339249	0.932967	0.0670332	1.86593	0.134066	0.9910738
310	0	-15.71616	-15.36122	-0.3549427	0.30624	0.980229	0.0197708	1.96046	0.0395415	0.9507327
311	1	-18.70545	-18.33531	-0.3701344	-0.0338886	0.935538	0.0644622	1.87108	0.128924	0.9652862
312	0	-16.41809	-16.04679	-0.3713032	0.433337	0.974447	0.0255525	1.94889	0.051105	0.966415
313	1	-16.22766	-15.93202	-0.2956392	0.162601	0.974591	0.0254086	1.94918	0.0508173	0.8959901
314	0	-17.14211	-16.88762	-0.254491	0.11598	0.965475	0.0345253	1.93095	0.0690506	0.8598699
315	1	-17.6501	-17.2678	-0.3822998	-0.156391	0.971692	0.0283079	1.94338	0.0566158	0.9771009
316	0	-16.86481	-16.60746	-0.2573505	0.269114	0.979277	0.0207234	1.95855	0.0414468	0.8623323
317	1	-17.64003	-17.35463	-0.2854034	0.0439084	0.956288	0.0437118	1.91258	0.0874236	0.8868657
318	0	-17.27056	-16.99519	-0.2753629	0.352124	0.966205	0.033795	1.93241	0.0675899	0.8780057
319	1	-16.41403	-16.02003	-0.3939973	0.205402	0.955357	0.0446428	1.91071	0.0892857	0.9885977
320	0	-15.74436	-15.41028	-0.334081	0.195008	0.978114	0.0218857	1.95623	0.0437714	0.9311041
321	1	-16.02964	-15.66386	-0.3657831	0.0747438	0.967389	0.0326108	1.93478	0.0652216	0.961095
322	0	-15.85789	-15.46853	-0.3893625	0.0724985	0.982793	0.0172066	1.96559	0.0344132	0.9840264
323	1	-15.97483	-15.61921	-0.3556157	0.164125	0.965752	0.0342482	1.9315	0.0684964	0.9513727
324	0	-16.32876	-15.99943	-0.3293277	0.0453672	0.973018	0.0269823	1.94604	0.0539646	0.9266889
325	1	-15.21233	-14.80997	-0.4023639	0.252357	0.982701	0.0172994	1.9654	0.0345988	0.9969036
326	0	-15.92556	-15.54144	-0.3841214	0.293183	0.985046	0.0149537	1.97009	0.0299074	0.9788824
327	1	-16.46166	-16.06943	-0.3922335	0.434743	0.983122	0.0168779	1.96624	0.0337558	0.9868555
328	0	-15.92023	-15.53095	-0.3892768	0.139813	0.962846	0.0371545	1.92569	0.0743089	0.9839421
329	1	-17.36205	-16.97612	-0.385937	0.089891	0.945503	0.0544971	1.89101	0.108994	0.9806613
330	0	-17.18536	-16.8009	-0.3844677	0.334796	0.951565	0.0484352	1.90313	0.0968704	0.9792215
331	1	-17.69021	-17.36337	-0.3268369	0.471341	0.970165	0.0298345	1.94033	0.059669	0.9243835
332	0	-16.44908	-16.05966	-0.3894286	0.265255	0.956481	0.043519	1.91296	0.087038	0.9840914
333	1	-17.22029	-16.86782	-0.3524717	0.0440927	0.953199	0.0468013	1.9064	0.0936025	0.9483862
334	0	-17.22125	-16.91379	-0.3074601	0.151253	0.954713	0.0452873	1.90943	0.0905747	0.9066443
335	1	-18.20028	-17.91092	-0.2893568	-0.0956246	0.964655	0.0353451	1.92931	0.0706901	0.8903788
336	0	-16.50522	-16.16243	-0.3427893	-0.00432133	0.974975	0.0250248	1.94995	0.0500495	0.9392479
337	1	-21.42675	-21.16925	-0.2574991	-0.273657	0.969057	0.0309425	1.93811	0.0618851	0.8624605
338	0	-17.63966	-17.29189	-0.3477662	0.30177	0.947952	0.052048	1.8959	0.104096	0.9439342
339	1	-15.63698	-15.25743	-0.379547	0.11241	0.969698	0.030302	1.9394	0.0606041	0.9744149
340	0	-17.82903	-17.46034	-0.3686972	0.0475579	0.942723	0.0572766	1.88545	0.114553	0.9638998
341	1	-16.56441	-16.19359	-0.3708243	0.444967	0.979567	0.0204332	1.95913	0.0408665	0.9659523
342	0	-16.85065	-16.48385	-0.3668042	0.386187	0.96169	0.0383099	1.92338	0.0766198	0.9620769
343	1	-16.62882	-16.26324	-0.3655788	0.386628	0.964664	0.0353361	1.92933	0.0706722	0.9608987
344	0	-16.20841	-15.889	-0.31941	0.228777	0.982149	0.0178511	1.9643	0.0357023	0.9175437
345	1	-16.5631	-16.24968	-0.3134143	0.356385	0.980519	0.0194813	1.96104	0.0389625	0.9120588
346	0	-16.04358	-15.7111	-0.3324829	0.19581	0.967829	0.0321707	1.93566	0.0643414	0.9296173
347	1	-16.22093	-15.85974	-0.3611936	0.309807	0.964354	0.0356455	1.92871	0.071291	0.9566942
348	0	-17.89108	-17.48964	-0.4014465	0.118023	0.936134	0.0638659	1.87227	0.127732	0.9959895
349	1	-18.17867	-17.83993	-0.3387394	0.422407	0.986757	0.0132428	1.97351	0.0264856	0.9354517
350	0	-19.29971	-18.99084	-0.3088682	0.374203	0.938332	0.0616678	1.87666	0.123336	0.9079219
351	1	-15.59465	-15.2502	-0.3444468	0.220899	0.976736	0.0232636	1.95347	0.0465271	0.940806
352	0	-17.1052	-16.77338	-0.3318163	0.0477827	0.957252	0.0427485	1.9145	0.085497	0.9289979
353	1	-15.7593	-15.3779	-0.3814017	0.161346	0.984029	0.0159708	1.96806	0.0319415	0.9762238
354	0	-16.49221	-16.12617	-0.366046	-0.0265607	0.970713	0.0292869	1.94143	0.0585738	0.9613477
355	1	-15.76345	-15.38204	-0.3814017	0.371691	0.973827	0.0261735	1.94765	0.0523469	0.9762238
356	0	-15.34831	-14.9792	-0.369107	0.222336	0.974998	0.0250022	1.95	0.0500044	0.9642949
357	1	-17.58274	-17.24562	-0.3371197	0.0332651	0.950648	0.0493517	1.9013	0.0987035	0.9339378
358	0	-16.50843	-16.16977	-0.3386651	0.0365594	0.966827	0.0331735	1.93365	0.066347	0.9353822
359	1	-15.60772	-15.25642	-0.3513033	0.236169	0.972932	0.027068	1.94586	0.054136	0.9472788
360	0	-17.23126	-16.8417	-0.3895613	0.415279	0.957657	0.0423425	1.91531	0.084685	0.984222
361	1	-15.27961	-14.87478	-0.4048325	0.186689	0.96941	0.0305901	1.93882	0.0611803	0.9993676
362	0	-15.97648	-15.60774	-0.3687352	0.389749	0.978262	0.0217377	1.95652	0.0434754	0.9639364
363	1	-15.96079	-15.62874	-0.3320501	0.246512	0.981396	0.0186038	1.96279	0.0372075	0.9292151
364	0	-18.92122	-18.55248	-0.3687352	0.0584058	0.926672	0.073328	1.85334	0.146656	0.9639364
365	1	-15.82517	-15.45992	-0.3652484	0.147222	0.96714	0.03286	1.93428	0.06572	0.9605813
366	0	-22.4392	-22.0845	-0.3547042	0.132381	0.869037	0.130963	1.73807	0.261926	0.9505059
367	1	-18.74788	-18.52038	-0.2275029	0.195808	0.945168	0.054832	1.89034	0.109664	0.8369741
368	0	-16.06017	-15.66555	-0.3946284	0.366501	0.966324	0.033676	1.93265	0.0673521	0.9892218
369	1	-18.99003	-18.68397	-0.3060598	0.506637	0.964292	0.0357076	1.92858	0.0714152	0.9053757
370	0	-15.92514	-15.53051	-0.3946284	0.408941	0.973677	0.0263234	1.94735	0.0526468	0.9892218
371	1	-16.34702	-15.96393	-0.3830921	0.127184	0.958084	0.0419156	1.91617	0.0838312	0.9778754
372	0	-15.5931	-15.21584	-0.3772697	0.333539	0.980835	0.0191647	1.96167	0.0383294	0.9721984
373	1	-15.26825	-14.88516	-0.3830921	0.159407	0.979023	0.0209768	1.95805	0.0419535	0.9778754
374	0	-16.00827	-15.68182	-0.3264567	0.313754	0.9765	0.0234998	1.953	0.0469996	0.9240322
375	1	-18.62404	-18.22924	-0.3948033	0.137331	0.926301	0.0736987	1.8526	0.147397	0.9893948
376	0	-16.69707	-16.34806	-0.3490099	0.348965	0.962443	0.0375568	1.92489	0.0751136	0.9451088
377	1	-15.33218	-14.94985	-0.3823287	0.135522	0.975092	0.0249081	1.95018	0.0498161	0.9771292
378	0	-16.45125	-16.17426	-0.2769966	0.255781	0.974848	0.0251524	1.9497	0.0503048	0.8794413
379	1	-15.34915	-14.9438	-0.4053508	0.161468	0.968706	0.0312941	1.93741	0.0625882	0.9998857
380	0	-16.93581	-16.54097	-0.3948354	-0.090211	0.966264	0.0337362	1.93253	0.0674724	0.9894266
381	1	-17.85539	-17.47636	-0.3790319	0.268098	0.940365	0.0596354	1.88073	0.119271	0.9739131
382	0	-17.11053	-16.76069	-0.3498379	0.396829	0.96181	0.0381902	1.92362	0.0763803	0.9458917
383	1	-18.03202	-17.70073	-0.3312864	-0.115031	0.962192	0.0378077	1.92438	0.0756153	0.9285057
384	0	-16.27073	-15.94104	-0.3296845	0.164873	0.964968	0.0350318	1.92994	0.0700636	0.9270196
385	1	-15.88187	-15.53022	-0.3516443	0.107265	0.980315	0.0196848	1.96063	0.0393696	0.9476019
386	0	-16.68596	-16.33803	-0.347925	0.0933117	0.958693	0.0413071	1.91739	0.0826141	0.9440841
387	1	-16.29303	-15.89745	-0.3955834	0.286795	0.958518	0.0414821	1.91704	0.0829641	0.9901669
388	0	-15.55387	-15.16715	-0.3867204	0.186152	0.967578	0.0324218	1.93516	0.0648435	0.9814299
389	1	-18.10253	-17.71999	-0.3825374	0.348382	0.941846	0.0581538	1.88369	0.116308	0.9773332
390	0	-16.90899	-16.65686	-0.252133	0.25064	0.979368	0.020632	1.95874	0.041264	0.8578447
391	1	-18.63124	-18.24908	-0.3821602	-0.0555107	0.937185	0.0628145	1.87437	0.125629	0.9769646
392	0	-17.12508	-16.87203	-0.2530516	0.0682155	0.974833	0.025167	1.94967	0.0503339	0.8586331
393	1	-15.57864	-15.22072	-0.3579139	0.18146	0.972134	0.0278663	1.94427	0.0557325	0.9535616
394	0	-17.51754	-17.2356	-0.2819427	0.127195	0.954549	0.0454515	1.9091	0.0909029	0.8838019
395	1	-15.29492	-14.92188	-0.3730424	0.212627	0.975569	0.0244312	1.95114	0.0488623	0.9680972
396	0	-17.59093	-17.21009	-0.3808376	-0.125597	0.962904	0.0370962	1.92581	0.0741925	0.9756733
397	1	-16.06064	-15.73741	-0.3232343	0.114143	0.977427	0.0225732	1.95485	0.0451464	0.9210594
398	0	-15.93025	-15.54465	-0.3855938	0.0117242	0.973767	0.0262334	1.94753	0.0524668	0.9803248
399	1	-15.96583	-15.57375	-0.3920863	0.0552543	0.98301	0.0169902	1.96602	0.0339804	0.9867103
400	0	-15.56194	-15.17273	-0.3892041	0.194908	0.967059	0.0329412	1.93412	0.0658825	0.9838705
401	1	-16.10856	-15.71647	-0.3920863	0.0876131	0.961818	0.0381821	1.92364	0.0763641	0.9867103
402	0	-16.8225	-16.5215	-0.3009954	0.119896	0.982873	0.0171266	1.96575	0.0342531	0.9008021
403	1	-18.4653	-18.07321	-0.3920863	0.276509	0.990353	0.00964705	1.98071	0.0192941	0.9867103
404	0	-16.85994	-16.57837	-0.2815672	0.217941	0.96339	0.0366101	1.92678	0.0732202	0.88347
405	1	-16.10404	-15.71195	-0.3920863	0.213846	0.959486	0.0405137	1.91897	0.0810274	0.9867103
406	0	-16.61069	-16.343	-0.2676958	0.248144	0.972031	0.0279693	1.94406	0.0559385	0.8712997
407	1	-21.66173	-21.49874	-0.162992	0.483605	0.952794	0.0472056	1.90559	0.0944113	0.7846849
408	0	-15.35583	-14.97291	-0.3829228	0.207062	0.98183	0.0181703	1.96366	0.0363407	0.9777099
409	1	-18.749	-18.60904	-0.1399574	0.276858	0.964723	0.0352768	1.92945	0.0705537	0.7668166
410	0	-18.06722	-17.75688	-0.3103454	-0.0741304	0.958195	0.0418053	1.91639	0.0836106	0.9092641
411	1	-18.10597	-17.90001	-0.2059529	0.156166	0.98239	0.0176096	1.96478	0.0352192	0.8191303
412	0	-15.78043	-15.4274	-0.3530279	0.0966419	0.977106	0.0228936	1.95421	0.0457872	0.9489139
413	1	-18.69544	-18.48301	-0.2124315	0.319982	0.954246	0.045754	1.90849	0.0915081	0.8244543
414	0	-16.23708	-15.86643	-0.3706431	0.358359	0.966394	0.0336057	1.93279	0.0672114	0.9657773
415	1	-20.25642	-20.03372	-0.2226959	-0.184612	0.968926	0.0310738	1.93785	0.0621475	0.8329603
416	0	-16.78211	-16.41158	-0.370533	0.168368	0.953049	0.0469508	1.9061	0.0939016	0.9656709
417	1	-18.94251	-18.81292	-0.1295852	0.315896	0.975964	0.0240362	1.95193	0.0480724	0.758904
418	0	-18.09772	-17.76929	-0.3284227	0.38321	0.951256	0.0487438	1.90251	0.0974877	0.9258506
419	1	-17.27247	-17.05871	-0.2137516	0.213743	0.972075	0.0279247	1.94415	0.0558494	0.8255433
420	0	-16.95579	-16.70322	-0.2525729	0.109343	0.971449	0.0285514	1.9429	0.0571027	0.8582222
421	1	-17.44005	-17.15741	-0.2826368	0.23783	0.955604	0.0443955	1.91121	0.0887911	0.8844155
422	0	-15.13229	-14.745	-0.3872809	0.213926	0.976506	0.0234938	1.95301	0.0469876	0.9819801
423	1	-18.41731	-18.02582	-0.3914898	0.316574	0.934658	0.0653417	1.86932	0.130683	0.9861219
424	0	-15.22316	-14.8189	-0.404262	0.178433	0.970583	0.0294169	1.94117	0.0588338	0.9987976
425	1	-16.5461	-16.17102	-0.3750817	0.0936467	0.957408	0.0425923	1.91482	0.0851845	0.9700735
426	0	-15.78948	-15.41226	-0.3772179	0.0447101	0.977026	0.0229738	1.95405	0.0459477	0.972148
427	1	-16.0973	-15.71453	-0.38277	-0.00131323	0.971853	0.0281474	1.94371	0.0562948	0.9775605
428	0	-15.30204	-14.89795	-0.4040883	0.171506	0.96941	0.0305897	1.93882	0.0611795	0.9986241
429	1	-18.00395	-17.64357	-0.3603803	-0.144422	0.9789	0.0210995	1.9578	0.0421991	0.9559164
430	0	-15.23796	-14.85836	-0.3796085	0.181395	0.976706	0.0232942	1.95341	0.0465883	0.9744748
431	1	-15.33495	-14.95887	-0.3760807	0.198194	0.980341	0.0196587	1.96068	0.0393175	0.9710431
432	0	-15.29408	-14.90546	-0.3886171	0.194823	0.971618	0.0283815	1.94324	0.0567631	0.9832931
433	1	-15.67115	-15.31455	-0.3565986	0.111714	0.976278	0.0237219	1.95256	0.0474438	0.9523082
434	0	-16.8785	-16.47553	-0.4029698	-0.0978808	0.96743	0.0325703	1.93486	0.0651407	0.9975078
435	1	-15.41238	-15.05013	-0.3622553	0.241356	0.978189	0.0218112	1.95638	0.0436223	0.9577104
436	0	-18.12147	-17.75339	-0.3680754	0.457049	0.955594	0.0444061	1.91119	0.0888123	0.9633007
437	1	-16.20561	-15.8846	-0.3210037	0.0843441	0.973606	0.0263939	1.94721	0.0527877	0.9190071
438	0	-17.70544	-17.3039	-0.4015391	0.0701018	0.940054	0.0599463	1.88011	0.119893	0.9960816
439	1	-15.10821	-14.71597	-0.3922384	0.189187	0.978859	0.0211412	1.95772	0.0422824	0.9868604
440	0	-15.14104	-14.74294	-0.3981046	0.18956	0.97309	0.0269095	1.94618	0.0538191	0.9926665
441	1	-16.28816	-15.91396	-0.3742044	0.345898	0.964239	0.0357606	1.92848	0.0715212	0.9692228
442	0	-15.47943	-15.07999	-0.3994382	0.333805	0.971341	0.0286593	1.94268	0.0573187	0.9939912
443	1	-15.42447	-15.03159	-0.3928787	0.250371	0.969079	0.0309208	1.93816	0.0618415	0.9874924
444	0	-17.46929	-17.19166	-0.2776327	0.248039	0.985051	0.0149486	1.9701	0.0298972	0.8800008
445	1	-17.17205	-16.77092	-0.401124	0.293909	0.947778	0.0522219	1.89556	0.104444	0.9956683
446	0	-18.33001	-18.17948	-0.1505329	0.26109	0.969581	0.0304187	1.93916	0.0608373	0.7749691
447	1	-18.44676	-18.13496	-0.3118046	0.402754	0.986785	0.013215	1.97357	0.0264299	0.9105919
448	0	-20.53191	-20.34072	-0.1911902	0.0887192	0.926554	0.0734462	1.85311	0.146892	0.8071265
449	1	-15.74975	-15.38375	-0.3659924	0.0999181	0.970926	0.0290738	1.94185	0.0581477	0.9612961
450	0	-15.95412	-15.60092	-0.3532018	0.348885	0.98032	0.0196803	1.96064	0.0393606	0.9490789
451	1	-15.99464	-15.60378	-0.390859	0.21505	0.961014	0.0389855	1.92203	0.077971	0.9855
452	0	-18.48322	-18.17044	-0.3127871	0.388833	0.949293	0.0507065	1.89859	0.101413	0.9114869
453	1	-17.48597	-17.11843	-0.3675345	0.478839	0.967054	0.0329462	1.93411	0.0658924	0.9627798
454	0	-15.52911	-15.12762	-0.4014833	0.269091	0.966951	0.033049	1.9339	0.0660979	0.9960261
455	1	-15.45498	-15.09353	-0.3614478	0.253625	0.974989	0.0250112	1.94998	0.0500224	0.9569374
456	0	-15.7236	-15.33454	-0.3890624	0.125252	0.983664	0.0163358	1.96733	0.0326717	0.9837311
457	1	-16.94336	-16.58329	-0.3600681	0.451541	0.970835	0.0291645	1.94167	0.0583291	0.955618
458	0	-18.7928	-18.50733	-0.2854701	-0.147314	0.967302	0.0326983	1.9346	0.0653966	0.8869249
459	1	-15.63466	-15.29117	-0.3434913	0.188916	0.975029	0.0249715	1.95006	0.0499429	0.9399075
460	0	-17.92203	-17.56529	-0.3567321	0.346706	0.946641	0.0533586	1.89328	0.106717	0.9524354
461	1	-16.38751	-15.98391	-0.4036034	0.320184	0.958162	0.0418382	1.91632	0.0836765	0.99814
462	0	-17.09751	-16.74008	-0.3574272	-0.0446756	0.962549	0.0374514	1.9251	0.0749027	0.9530976
463	1	-16.67538	-16.27961	-0.3957649	0.398142	0.961577	0.0384232	1.92315	0.0768464	0.9903467
464	0	-15.59162	-15.23196	-0.3596628	0.297763	0.974599	0.0254006	1.9492	0.0508011	0.9552308
465	1	-15.44374	-15.08362	-0.3601149	0.183393	0.976747	0.0232526	1.95349	0.0465052	0.9556627
466	0	-16.89834	-16.62259	-0.2757435	0.211988	0.963697	0.0363031	1.92739	0.0726061	0.8783399
467	1	-18.75614	-18.42877	-0.3273683	0.329071	0.9384	0.0615995	1.8768	0.123199	0.9248749
468	0	-17.1098	-16.79966	-0.3101417	-0.0266607	0.975904	0.024096	1.95181	0.0481921	0.9090789
469	1	-17.20851	-16.88788	-0.3206296	0.443594	0.974222	0.0257778	1.94844	0.0515556	0.9186634
470	0	-15.80792	-15.4546	-0.3533219	0.102728	0.972437	0.0275625	1.94487	0.0551251	0.9491929
471	1	-16.20461	-15.91128	-0.2933293	0.208229	0.974916	0.0250841	1.94983	0.0501681	0.8939229
472	0	-15.10943	-14.71881	-0.3906217	0.21986	0.975799	0.0242015	1.9516	0.0484029	0.9852662
473	1	-17.13602	-16.7885	-0.3475151	0.272426	0.95272	0.0472798	1.90544	0.0945596	0.9436971
474	0	-16.00777	-15.62148	-0.3862976	0.00401114	0.972434	0.0275659	1.94487	0.0551318	0.981015
475	1	-18.58606	-18.30443	-0.2816325	-0.0814192	0.981087	0.0189125	1.96217	0.037825	0.8835277
476	0	-16.20197	-15.88588	-0.3160906	0.101026	0.977366	0.0226342	1.95473	0.0452684	0.914503
477	1	-17.11367	-16.85458	-0.2590987	0.191891	0.98214	0.01786	1.96428	0.0357201	0.8638411
478	0	-16.17802	-15.81814	-0.3598766	0.10373	0.964087	0.035913	1.92817	0.071826	0.955435
479	1	-15.25815	-14.86859	-0.3895595	0.238141	0.972245	0.0277548	1.94449	0.0555095	0.9842202
480	0	-19.1568	-18.8418	-0.3149938	-0.100103	0.943478	0.0565218	1.88696	0.113044	0.9135005
481	1	-15.05779	-14.65439	-0.4033968	0.212713	0.981139	0.0188606	1.96228	0.0377211	0.9979339
482	0	-17.06193	-16.74867	-0.3132594	0.0469752	0.960678	0.0393223	1.92136	0.0786446	0.9119176
483	1	-20.6887	-20.33399	-0.3547023	-0.0314843	0.906211	0.0937887	1.81242	0.187577	0.9505041
484	0	-16.05406	-15.65751	-0.3965481	0.0123327	0.967725	0.032275	1.93545	0.0645499	0.9911226
485	1	-22.71756	-22.34889	-0.3686627	0.405832	0.887803	0.112197	1.77561	0.224394	0.9638666
486	0	-17.05118	-16.65157	-0.399612	-0.109656	0.979362	0.0206381	1.95872	0.0412762	0.994164
487	1	-20.82327	-20.42219	-0.4010846	0.0477396	0.893073	0.106927	1.78615	0.213854	0.995629
488	0	-15.71513	-15.34989	-0.3652387	0.142486	0.9692	0.0308001	1.9384	0.0616002	0.960572
489	1	-16.66002	-16.34659	-0.3134326	0.111484	0.963074	0.036926	1.92615	0.0738521	0.9120755
490	0	-15.79027	-15.43543	-0.3548475	0.165751	0.981987	0.0180131	1.96397	0.0360261	0.9506421
491	1	-16.69099	-16.35123	-0.3397582	0.416534	0.972667	0.0273333	1.94533	0.0546665	0.9364053
492	0	-16.25549	-15.85304	-0.4024573	0.376735	0.963823	0.0361765	1.92765	0.072353	0.9969967
493	1	-15.11597	-14.72312	-0.3928505	0.270571	0.978614	0.0213861	1.95723	0.0427722	0.9874646
494	0	-15.46015	-15.09749	-0.3626651	0.166526	0.978262	0.0217381	1.95652	0.0434763	0.9581029
495	1	-15.47391	-15.09893	-0.3749878	0.318857	0.979065	0.0209348	1.95813	0.0418695	0.9699825
496	0	-15.9006	-15.53717	-0.3634276	0.0529598	0.973856	0.0261445	1.94771	0.052289	0.9588338
497	1	-15.18109	-14.78546	-0.3956291	0.141126	0.97526	0.02474	1.95052	0.04948	0.9902123
498	0	-17.54658	-17.25061	-0.2959779	0.150784	0.951802	0.048198	1.9036	0.096396	0.8962936
499	1	-16.05243	-15.67795	-0.3744845	0.0477505	0.967805	0.0321954	1.93561	0.0643909	0.9694943
500	0	-20.00643	-19.74574	-0.260692	0.368601	0.935537	0.0644633	1.87107	0.128927	0.8652186
501	1	-15.78783	-15.39477	-0.393067	0.0873834	0.966502	0.0334977	1.933	0.0669954	0.9876785
502	0	-17.08135	-16.71673	-0.3646242	-0.0927327	0.97346	0.0265401	1.94692	0.0530802	0.9599818
503	1	-15.67302	-15.31969	-0.3533282	0.279948	0.972734	0.0272662	1.94547	0.0545325	0.949199
504	0	-15.91372	-15.55025	-0.3634792	0.210884	0.984062	0.0159384	1.96812	0.0318767	0.9588833
505	1	-19.85075	-19.5364	-0.3143531	0.568667	0.973873	0.0261271	1.94775	0.0522541	0.9129155
506	0	-17.23718	-16.93484	-0.3023361	0.250891	0.956036	0.0439643	1.91207	0.0879287	0.9020106
507	1	-17.88186	-17.57047	-0.3113928	0.291079	0.948568	0.0514318	1.89714	0.102864	0.910217
508	0	-16.47049	-16.10593	-0.3645642	0.322	0.985603	0.0143971	1.97121	0.0287942	0.9599243
509	1	-15.7933	-15.45607	-0.3372287	0.189139	0.97998	0.0200196	1.95996	0.0400392	0.9340396
510	0	-16.92403	-16.58807	-0.3359566	-0.00821787	0.964707	0.035293	1.92941	0.070586	0.9328522
511	1	-17.80104	-17.57379	-0.2272521	0.241035	0.959186	0.0408142	1.91837	0.0816284	0.8367642
512	0	-16.0171	-15.67657	-0.3405372	0.325102	0.971995	0.0280049	1.94399	0.0560099	0.937135
513	1	-18.39543	-18.20556	-0.1898743	0.145037	0.956359	0.0436412	1.91272	0.0872824	0.8060651
514	0	-16.01951	-15.67856	-0.3409467	0.088015	0.97172	0.0282799	1.94344	0.0565599	0.9375188
515	1	-17.86954	-17.55175	-0.3177823	0.305662	0.94881	0.0511897	1.89762	0.102379	0.9160514
516	0	-16.41086	-16.08164	-0.3292229	0.0999388	0.965174	0.034826	1.93035	0.0696519	0.9265917
517	1	-15.24254	-14.85087	-0.3916706	0.290297	0.980678	0.0193215	1.96136	0.038643	0.9863002
518	0	-15.71162	-15.35844	-0.3531839	0.198273	0.970069	0.0299315	1.94014	0.0598629	0.949062
519	1	-15.25531	-14.85843	-0.3968794	0.109345	0.977393	0.0226074	1.95479	0.0452148	0.9914511
520	0	-17.73821	-17.36041	-0.3778004	0.449163	0.986479	0.0135211	1.97296	0.0270422	0.9727144
521	1	-17.23448	-16.86018	-0.374305	0.181116	0.946856	0.0531444	1.89371	0.106289	0.9693203
522	0	-15.12879	-14.72672	-0.4020689	0.311694	0.978628	0.0213723	1.95726	0.0427445	0.9966096
523	1	-15.56666	-15.20265	-0.3640086	0.287378	0.973085	0.0269148	1.94617	0.0538296	0.9593911
524	0	-18.35087	-17.97101	-0.3798546	0.546372	0.980837	0.0191633	1.96167	0.0383265	0.9747146
525	1	-18.38019	-17.98947	-0.3907179	-0.121107	0.985171	0.014829	1.97034	0.0296581	0.985361
526	0	-15.97436	-15.64914	-0.3252254	0.252169	0.980435	0.0195647	1.96087	0.0391295	0.9228951
527	1	-16.03008	-15.66298	-0.3670948	0.0587498	0.98117	0.0188301	1.96234	0.0376602	0.9623565
528	0	-17.51074	-17.253	-0.2577389	0.00129918	0.973334	0.0266664	1.94667	0.0533327	0.8626673
529	1	-17.32276	-16.99735	-0.3254028	0.164354	0.986641	0.0133589	1.97328	0.0267178	0.9230588
530	0	-15.3434	-14.95751	-0.3858902	0.117165	0.975871	0.0241287	1.95174	0.0482573	0.9806155
531	1	-15.55579	-15.1719	-0.3838854	0.199118	0.983484	0.0165156	1.96697	0.0330313	0.9786515
532	0	-15.02979	-14.63141	-0.3983757	0.199887	0.978833	0.0211673	1.95767	0.0423345	0.9929357
533	1	-17.53125	-17.24081	-0.2904383	0.419746	0.969215	0.030785	1.93843	0.06157	0.8913423
534	0	-16.97212	-16.62579	-0.3463269	0.454617	0.976216	0.0237841	1.95243	0.0475682	0.9425765
535	1	-16.87402	-16.60028	-0.2737359	0.0818746	0.969344	0.0306558	1.93869	0.0613117	0.8765784
536	0	-19.39125	-19.02874	-0.3625035	0.448379	0.940452	0.0595481	1.8809	0.119096	0.9579482
537	1	-19.64294	-19.3748	-0.2681416	0.471457	0.954819	0.0451808	1.90964	0.0903617	0.8716882
538	0	-15.27176	-14.88708	-0.3846861	0.248134	0.973186	0.0268141	1.94637	0.0536282	0.9794354
539	1	-18.5237	-18.29066	-0.2330387	0.262592	0.949439	0.0505614	1.89888	0.101123	0.8416202
540	0	-18.29512	-18.0082	-0.2869157	0.0265572	0.947601	0.0523993	1.8952	0.104799	0.8882079
541	1	-16.68505	-16.39185	-0.2932009	0.0712091	0.978251	0.0217488	1.9565	0.0434977	0.8938081
542	0	-17.65897	-17.38805	-0.2709193	0.0925311	0.955372	0.0446278	1.91074	0.0892556	0.8741128
543	1	-16.74884	-16.44278	-0.3060554	0.0211133	0.974583	0.0254165	1.94917	0.0508331	0.9053717
544	0	-16.40039	-16.08663	-0.3137635	0.111693	0.967468	0.0325324	1.93494	0.0650648	0.9123774
545	1	-16.95327	-16.69231	-0.260968	0.100306	0.969206	0.0307942	1.93841	0.0615883	0.8654574
546	0	-16.49905	-16.11206	-0.3869944	0.320469	0.95854	0.0414602	1.91708	0.0829204	0.9816989
547	1	-15.38385	-14.98595	-0.3979044	0.11166	0.971471	0.0285285	1.94294	0.057057	0.9924678
548	0	-15.96956	-15.59388	-0.3756824	0.0611107	0.981757	0.0182435	1.96351	0.036487	0.9706564
549	1	-16.54381	-16.18647	-0.3573404	0.311549	0.96078	0.0392199	1.92156	0.0784399	0.9530149
550	0	-15.8486	-15.46161	-0.3869841	0.259849	0.964086	0.0359135	1.92817	0.071827	0.9816887
551	1	-17.77059	-17.47469	-0.2959022	0.234549	0.949515	0.0504847	1.89903	0.100969	0.8962257
552	0	-17.6727	-17.36221	-0.3104886	-0.0435597	0.960595	0.0394051	1.92119	0.0788102	0.9093943
553	1	-16.92933	-16.65763	-0.2717048	0.0755561	0.977875	0.022125	1.95575	0.04425	0.8747998
554	0	-16.46552	-16.13091	-0.334611	0.126397	0.983715	0.0162848	1.96743	0.0325696	0.9315978
555	1	-17.27759	-16.97746	-0.3001245	0.203433	0.954783	0.045217	1.90957	0.090434	0.9000179
556	0	-16.85683	-16.5147	-0.342137	-0.0118388	0.965285	0.0347146	1.93057	0.0694292	0.9386355
557	1	-21.10399	-20.8276	-0.2763822	-0.130687	0.923243	0.0767571	1.84649	0.153514	0.8789011
558	0	-18.8973	-18.59752	-0.2997791	-0.0425741	0.942815	0.0571848	1.88563	0.11437	0.8997071
559	1	-16.97382	-16.57807	-0.3957476	0.327952	0.952487	0.047513	1.90497	0.095026	0.9903295
560	0	-18.05208	-17.79642	-0.2556534	0.280448	0.953163	0.046837	1.90633	0.0936739	0.86087
561	1	-19.50135	-19.10662	-0.3947233	-0.231021	0.948995	0.0510053	1.89799	0.102011	0.9893157
562	0	-16.35054	-16.06854	-0.2820072	0.228703	0.97492	0.0250803	1.94984	0.0501607	0.8838589
563	1	-17.50101	-17.15769	-0.3433276	-0.0199194	0.955323	0.0446774	1.91065	0.0893549	0.9397537
564	0	-19.28631	-18.9936	-0.2927146	-0.0654402	0.940488	0.0595121	1.88098	0.119024	0.8933735
565	1	-16.53709	-16.15547	-0.3816184	-0.0398317	0.968197	0.0318032	1.93639	0.0636064	0.9764354
566	0	-17.38219	-17.1306	-0.251594	0.0427098	0.977153	0.0228467	1.95431	0.0456935	0.8573825
567	1	-16.84318	-16.43887	-0.4043089	0.445068	0.964199	0.0358007	1.9284	0.0716014	0.9988445
568	0	-15.93872	-15.5788	-0.3599164	0.371506	0.977945	0.0220548	1.95589	0.0441096	0.9554731
569	1	-18.30557	-17.91979	-0.3857859	0.0859892	0.932723	0.0672769	1.86545	0.134554	0.9805132
570	0	-15.87713	-15.53926	-0.3378712	0.310546	0.97853	0.0214698	1.95706	0.0429395	0.9346399
571	1	-16.4912	-16.1087	-0.3825087	0.230494	0.95582	0.0441804	1.91164	0.0883607	0.9773051
572	0	-17.40187	-17.00847	-0.3934019	-0.106937	0.960683	0.0393169	1.92137	0.0786338	0.9880092
573	1	-15.53184	-15.16176	-0.3700798	0.273358	0.971701	0.0282987	1.9434	0.0565974	0.9652335
574	0	-16.69974	-16.32853	-0.3712082	0.218534	0.954191	0.0458095	1.90838	0.0916189	0.9663232
575	1	-18.77253	-18.51266	-0.259865	0.313716	0.945653	0.054347	1.89131	0.108694	0.8645034
576	0	-15.48053	-15.11501	-0.3655129	0.151222	0.978835	0.0211647	1.95767	0.0423294	0.9608353
577	1	-15.31116	-14.92174	-0.3894183	0.122139	0.974733	0.0252671	1.94947	0.0505343	0.9840813
578	0	-15.56186	-15.16182	-0.4000449	0.288091	0.967351	0.0326485	1.9347	0.0652971	0.9945944
579	1	-15.00018	-14.59691	-0.4032659	0.176393	0.977252	0.0227479	1.9545	0.0454958	0.9978032
580	0	-15.32652	-14.94231	-0.3842129	0.160257	0.972774	0.0272263	1.94555	0.0544525	0.978972
581	1	-19.76442	-19.47225	-0.2921663	0.50543	0.956896	0.0431036	1.91379	0.0862071	0.8928838
582	0	-16.71268	-16.36164	-0.3510387	0.281075	0.957906	0.0420944	1.91581	0.0841888	0.9470282
583	1	-17.66401	-17.40249	-0.2615155	0.0650754	0.958351	0.0416491	1.9167	0.0832982	0.8659314
584	0	-21.61265	-21.20973	-0.4029189	0.380347	0.900409	0.0995907	1.80082	0.199181	0.997457
585	1	-16.52457	-16.1896	-0.3349713	0.231078	0.960716	0.0392838	1.92143	0.0785676	0.9319335
586	0	-16.1025	-15.72391	-0.3785871	0.180087	0.960914	0.0390855	1.92183	0.078171	0.97348
587	1	-17.02875	-16.74556	-0.2831886	0.146707	0.960935	0.039065	1.92187	0.0781301	0.8849036
588	0	-17.40747	-17.0784	-0.3290693	-0.0619019	0.964937	0.0350628	1.92987	0.0701256	0.9264494
589	1	-15.36739	-14.97077	-0.3966201	0.107195	0.972473	0.0275267	1.94495	0.0550535	0.991194
590	0	-25.36974	-25.0484	-0.3213369	-0.432845	0.936576	0.0634242	1.87315	0.126848	0.9193134
591	1	-17.77325	-17.41962	-0.3536304	0.42516	0.956871	0.0431294	1.91374	0.0862587	0.9494858
592	0	-16.2888	-15.94634	-0.3424559	0.380466	0.979705	0.0202948	1.95941	0.0405896	0.9389348
593	1	-18.51033	-18.18871	-0.3216194	0.405558	0.949838	0.0501616	1.89968	0.100323	0.9195732
594	0	-15.52247	-15.14716	-0.3753124	0.142721	0.981166	0.0188343	1.96233	0.0376685	0.9702973
595	1	-15.41112	-15.04176	-0.3693555	0.165913	0.979145	0.0208545	1.95829	0.041709	0.9645346
596	0	-15.56954	-15.18423	-0.3853156	0.143185	0.968502	0.0314977	1.937	0.0629953	0.9800522
597	1	-15.34915	-14.95081	-0.3983405	0.0982438	0.979845	0.0201551	1.95969	0.0403101	0.9929007
598	0	-15.56564	-15.16975	-0.3958839	0.358306	0.972861	0.0271386	1.94572	0.0542773	0.9904645
599	1	-15.52282	-15.1663	-0.3565248	0.268565	0.975548	0.0244518	1.9511	0.0489036	0.952238
600	0	-16.51779	-16.21531	-0.3024828	0.200801	0.965094	0.0349064	1.93019	0.0698129	0.9021429
601	1	-15.96242	-15.58368	-0.3787454	0.399337	0.975257	0.0247434	1.95051	0.0494869	0.9736342
602	0	-16.54754	-16.22571	-0.3218298	0.0902124	0.96468	0.03532	1.92936	0.0706399	0.9197666
603	1	-15.76286	-15.41977	-0.3430958	0.182985	0.97131	0.0286901	1.94262	0.0573801	0.9395359
604	0	-15.34395	-14.96048	-0.3834683	0.31505	0.977974	0.0220263	1.95595	0.0440527	0.9782433
605	1	-15.85727	-15.49804	-0.3592281	0.208623	0.966657	0.0333435	1.93331	0.0666869	0.9548156
606	0	-16.52309	-16.24317	-0.2799147	0.124499	0.974171	0.0258286	1.94834	0.0516572	0.8820113
607	1	-16.95973	-16.6066	-0.3531329	0.1369	0.953006	0.0469943	1.90601	0.0939885	0.9490136
608	0	-15.6326	-15.24319	-0.3894083	0.249902	0.966476	0.0335244	1.93295	0.0670487	0.9840715
609	1	-16.67191	-16.29817	-0.373744	-0.0514234	0.969167	0.0308334	1.93833	0.0616667	0.9687767
610	0	-17.45734	-17.12302	-0.33432	-0.0917529	0.970331	0.0296693	1.94066	0.0593387	0.9313268
611	1	-15.44161	-15.06106	-0.3805523	0.280293	0.97177	0.0282304	1.94354	0.0564609	0.975395
612	0	-16.54749	-16.24226	-0.305225	0.100906	0.967056	0.0329438	1.93411	0.0658876	0.9046202
613	1	-16.65343	-16.28014	-0.3732879	0.0201485	0.960484	0.0395165	1.92097	0.0790329	0.968335
614	0	-16.38967	-16.09462	-0.2950527	0.212558	0.980748	0.0192516	1.9615	0.0385032	0.8954648
615	1	-16.46179	-16.0652	-0.3965922	0.463488	0.975039	0.0249614	1.95008	0.0499227	0.9911664
616	0	-16.88405	-16.58198	-0.3020698	0.187562	0.959768	0.040232	1.91954	0.080464	0.9017704
617	1	-16.75261	-16.46305	-0.2895636	0.304916	0.967332	0.0326683	1.93466	0.0653366	0.8905629
618	0	-15.57373	-15.17936	-0.3943747	0.377531	0.97689	0.0231104	1.95378	0.0462208	0.9889708
619	1	-16.5489	-16.2151	-0.3338016	0.00606846	0.972404	0.0275957	1.94481	0.0551914	0.9308441
620	0	-19.11924	-18.78874	-0.330505	0.209085	0.926906	0.0730943	1.85381	0.146189	0.9277805
621	1	-15.76047	-15.38785	-0.3726126	0.140119	0.967338	0.0326617	1.93468	0.0653234	0.9676812
622	0	-17.25158	-16.8699	-0.3816883	0.180269	0.94591	0.05409	1.89182	0.10818	0.9765036
623	1	-17.44886	-17.21143	-0.2374293	0.0686528	0.967327	0.0326731	1.93465	0.0653463	0.8453236
624	0	-15.47132	-15.07684	-0.3944873	0.339276	0.972889	0.0271112	1.94578	0.0542224	0.9890822
625	1	-16.70744	-16.32428	-0.3831566	0.175135	0.952692	0.047308	1.90538	0.0946161	0.9779384
626	0	-15.97526	-15.61566	-0.3596076	0.371741	0.979273	0.0207265	1.95855	0.0414531	0.9551781
627	1	-17.24103	-16.89504	-0.3459853	-0.0521493	0.963077	0.0369232	1.92615	0.0738463	0.9422545
628	0	-15.63117	-15.27547	-0.355702	0.142235	0.979129	0.0208711	1.95826	0.0417421	0.9514548
629	1	-15.69124	-15.32975	-0.3614929	0.183015	0.982188	0.0178125	1.96438	0.0356249	0.9569805
630	0	-16.00487	-15.6133	-0.3915652	0.288033	0.962523	0.0374774	1.92505	0.0749549	0.9861963
631	1	-15.87346	-15.481	-0.3924612	0.0439684	0.968452	0.0315477	1.9369	0.0630953	0.9870802
632	0	-15.83571	-15.491	-0.3447126	0.281173	0.971265	0.0287351	1.94253	0.0574701	0.9410562
633	1	-15.57557	-15.18253	-0.3930434	0.363394	0.980928	0.0190715	1.96186	0.038143	0.9876551
634	0	-16.25774	-15.87369	-0.3840518	0.430151	0.973699	0.0263008	1.9474	0.0526016	0.9788144
635	1	-17.29326	-16.95585	-0.3374083	-0.0559985	0.979968	0.0200322	1.95994	0.0400645	0.9342074
636	0	-16.93807	-16.57472	-0.3633566	-0.0545299	0.980065	0.0199345	1.96013	0.0398691	0.9587657
637	1	-17.15203	-16.77217	-0.3798581	0.415715	0.959746	0.0402541	1.91949	0.0805082	0.974718
638	0	-15.52663	-15.12762	-0.3990114	0.0680923	0.980345	0.019655	1.96069	0.0393099	0.9935671
639	1	-15.14614	-14.74874	-0.3974032	0.140426	0.976473	0.0235271	1.95295	0.0470541	0.9919705
640	0	-15.44103	-15.05925	-0.3817733	0.2714	0.971163	0.0288372	1.94233	0.0576744	0.9765867
641	1	-16.2031	-15.86851	-0.3345838	0.331659	0.970309	0.0296906	1.94062	0.0593812	0.9315724
642	0	-15.41754	-15.02705	-0.3904842	0.102945	0.973086	0.0269137	1.94617	0.0538274	0.9851307
643	1	-15.05951	-14.66547	-0.3940398	0.23194	0.97688	0.0231198	1.95376	0.0462397	0.9886397
644	0	-15.37821	-14.97543	-0.402775	0.240773	0.968273	0.031727	1.93655	0.0634541	0.9973135
645	1	-15.8313	-15.45167	-0.3796299	0.320192	0.967895	0.032105	1.93579	0.0642101	0.9744957
646	0	-18.01899	-17.6635	-0.3554891	0.208126	0.938901	0.0610987	1.8778	0.122197	0.9512522
647	1	-16.16574	-15.85811	-0.3076302	0.154901	0.97871	0.0212898	1.95742	0.0425795	0.9067986
648	0	-16.55563	-16.22955	-0.3260771	0.0688263	0.965301	0.0346988	1.9306	0.0693977	0.9236815
649	1	-17.1358	-16.77147	-0.3643311	-0.0205288	0.958043	0.0419569	1.91609	0.0839138	0.9597005
650	0	-16.26748	-15.87427	-0.3932011	0.10168	0.958897	0.0411026	1.91779	0.0822051	0.9878109
651	1	-17.24424	-16.85646	-0.3877843	-0.0195686	0.953378	0.0466217	1.90676	0.0932433	0.9824746
652	0	-16.43268	-16.05089	-0.381786	0.0094622	0.963724	0.0362765	1.92745	0.0725529	0.9765991
653	1	-20.33349	-19.93341	-0.4000837	0.225871	0.901552	0.0984484	1.8031	0.196897	0.994633
654	0	-15.11376	-14.72434	-0.3894208	0.246674	0.977394	0.0226056	1.95479	0.0452111	0.9840837
655	1	-16.38235	-16.06568	-0.3166712	0.0906843	0.968755	0.0312446	1.93751	0.0624892	0.9150341
656	0	-17.00648	-16.67708	-0.3294018	0.0695353	0.957691	0.0423093	1.91538	0.0846186	0.9267575
657	1	-16.30983	-15.97711	-0.3327234	0.375737	0.976239	0.023761	1.95248	0.047522	0.929841
658	0	-16.48391	-16.19474	-0.2891669	0.27342	0.970201	0.0297988	1.9404	0.0595976	0.8902097
659	1	-16.10841	-15.79475	-0.3136632	0.257124	0.98007	0.0199301	1.96014	0.0398602	0.9122859
660	0	-15.92171	-15.59918	-0.3225292	0.26115	0.97412	0.0258801	1.94824	0.0517602	0.9204101
661	1	-17.28651	-16.98458	-0.3019266	0.258569	0.955719	0.0442805	1.91144	0.0885611	0.9016413
662	0	-16.0085	-15.6846	-0.3239039	0.144926	0.971791	0.0282087	1.94358	0.0564174	0.9216763
663	1	-15.2767	-14.88474	-0.3919568	0.265153	0.972163	0.0278373	1.94433	0.0556747	0.9865825
664	0	-17.75552	-17.4666	-0.2889185	0.178647	0.949767	0.0502331	1.89953	0.100466	0.8899886
665	1	-18.48896	-18.08523	-0.403728	0.395192	0.939418	0.0605815	1.87884	0.121163	0.9982644
666	0	-16.97422	-16.65705	-0.3171761	-0.00661676	0.978793	0.021207	1.95759	0.0424141	0.9154962
667	1	-15.36898	-14.98287	-0.3861078	0.108982	0.977366	0.0226336	1.95473	0.0452673	0.9808289
668	0	-17.1729	-16.82854	-0.3443643	-0.0712324	0.977292	0.0227077	1.95458	0.0454154	0.9407284
669	1	-16.15324	-15.78332	-0.3699188	0.0234631	0.980159	0.0198411	1.96032	0.0396823	0.9650781
670	0	-17.69269	-17.50933	-0.1833614	0.193049	0.973748	0.026252	1.9475	0.0525041	0.8008323
671	1	-17.49084	-17.24895	-0.2418851	0.334552	0.967575	0.0324252	1.93515	0.0648505	0.8490986
672	0	-19.18446	-19.01363	-0.1708329	-0.0343423	0.974899	0.025101	1.9498	0.050202	0.7908617
673	1	-19.77201	-19.66359	-0.108415	0.0798493	0.979779	0.0202208	1.95956	0.0404417	0.7430068
674	0	-16.80303	-16.52375	-0.2792873	0.150465	0.974465	0.0255355	1.94893	0.0510709	0.8814581
675	1	-15.97552	-15.59136	-0.3841583	0.129475	0.984713	0.0152874	1.96943	0.0305749	0.9789186
676	0	-16.01856	-15.62129	-0.3972701	0.428404	0.975555	0.024445	1.95111	0.04889	0.9918385
677	1	-15.69058	-15.32664	-0.3639397	0.102327	0.972773	0.0272266	1.94555	0.0544531	0.9593249
678	0	-15.92957	-15.54949	-0.3800786	0.326941	0.966895	0.0331052	1.93379	0.0662103	0.974933
679	1	-16.2764	-15.94806	-0.3283393	0.121317	0.9665	0.0334997	1.933	0.0669995	0.9257734
680	0	-15.76509	-15.41887	-0.346227	0.285396	0.972725	0.0272755	1.94545	0.0545509	0.9424824
681	1	-15.89607	-15.56602	-0.3300489	0.137759	0.977484	0.0225164	1.95497	0.0450327	0.9273574
682	0	-16.92135	-16.60073	-0.3206199	0.288168	0.985273	0.0147273	1.97055	0.0294545	0.9186545
683	1	-15.69088	-15.31981	-0.3710688	0.256499	0.96823	0.03177	1.93646	0.06354	0.9661885
684	0	-17.36279	-16.96152	-0.4012623	-0.0953675	0.958372	0.0416282	1.91674	0.0832564	0.995806
685	1	-17.8699	-17.64064	-0.2292626	0.387171	0.97461	0.0253896	1.94922	0.0507792	0.8384482
686	0	-15.11675	-14.72244	-0.3943111	0.257681	0.97514	0.0248596	1.95028	0.0497192	0.988908
687	1	-15.76957	-15.40686	-0.3627025	0.274164	0.968864	0.0311358	1.93773	0.0622716	0.9581388
688	0	-15.45715	-15.07139	-0.385761	0.295549	0.982291	0.0177088	1.96458	0.0354176	0.9804887
689	1	-15.33226	-14.93295	-0.3993066	0.102649	0.973175	0.0268254	1.94635	0.0536507	0.9938604
690	0	-19.44516	-19.14224	-0.3029181	-0.114411	0.942946	0.0570542	1.88589	0.114108	0.9025357
691	1	-18.20977	-17.8117	-0.3980735	-0.0955608	0.945852	0.0541483	1.8917	0.108297	0.9926356
692	0	-15.99962	-15.62522	-0.3744002	0.282104	0.984909	0.0150911	1.96982	0.0301822	0.9694127
693	1	-16.23055	-15.90976	-0.3207883	0.134165	0.968119	0.0318812	1.93624	0.0637624	0.9188092
694	0	-17.0347	-16.63446	-0.4002418	0.111068	0.94781	0.0521904	1.89562	0.104381	0.9947903
695	1	-15.72604	-15.34305	-0.3829927	0.132135	0.966705	0.0332954	1.93341	0.0665909	0.9777782
696	0	-17.79721	-17.40206	-0.3951468	0.506422	0.964568	0.0354318	1.92914	0.0708636	0.9897347
697	1	-15.70013	-15.33791	-0.3622261	0.13247	0.970534	0.029466	1.94107	0.0589321	0.9576825
698	0	-16.06635	-15.66578	-0.4005636	0.262079	0.959954	0.040046	1.91991	0.0800921	0.9951105
699	1	-17.48927	-17.23945	-0.2498207	0.180057	0.959001	0.0409989	1.918	0.0819978	0.8558634
700	0	-15.63158	-15.22725	-0.4043334	0.201479	0.964282	0.0357181	1.92856	0.0714361	0.998869
701	1	-18.77234	-18.55456	-0.2177862	0.327738	0.95307	0.0469301	1.90614	0.0938602	0.8288808
702	0	-15.27854	-14.87421	-0.4043334	0.0952906	0.974277	0.0257226	1.94855	0.0514453	0.998869
703	1	-19.5194	-19.27574	-0.2436596	0.0467991	0.934861	0.0651385	1.86972	0.130277	0.8506066
704	0	-16.87491	-16.51318	-0.3617311	0.369005	0.985806	0.0141941	1.97161	0.0283882	0.9572085
705	1	-17.71798	-17.52787	-0.1901084	0.170689	0.968158	0.031842	1.93632	0.063684	0.8062538
706	0	-17.29474	-16.97087	-0.3238655	-0.0267795	0.981016	0.0189837	1.96203	0.0379675	0.9216409
707	1	-19.67756	-19.42443	-0.2531309	0.302572	0.934242	0.0657581	1.86848	0.131516	0.8587013
708	0	-17.92334	-17.59714	-0.3262	0.0189056	0.985846	0.0141544	1.97169	0.0283087	0.9237949
709	1	-15.37399	-14.97883	-0.395163	0.319858	0.981718	0.0182819	1.96344	0.0365637	0.9897508
710	0	-18.07345	-17.7287	-0.3447489	0.286916	0.942121	0.0578788	1.88424	0.115758	0.9410903
711	1	-16.16233	-15.82157	-0.3407586	0.0513932	0.977018	0.022982	1.95404	0.0459641	0.9373425
712	0	-16.76525	-16.4594	-0.30585	0.0223673	0.971804	0.0281958	1.94361	0.0563915	0.9051857
713	1	-16.36866	-15.9974	-0.3712591	0.140745	0.958753	0.0412465	1.91751	0.0824931	0.9663724
714	0	-16.49409	-16.1849	-0.3091964	0.30077	0.967626	0.0323744	1.93525	0.0647487	0.9082199
715	1	-15.06707	-14.66975	-0.3973168	0.186563	0.975627	0.0243735	1.95125	0.048747	0.9918848
716	0	-17.88873	-17.54564	-0.343093	0.500752	0.980085	0.0199149	1.96017	0.0398299	0.9395332
717	1	-15.53459	-15.13815	-0.3964428	0.176782	0.966727	0.0332732	1.93345	0.0665464	0.9910183
718	0	-17.63157	-17.28261	-0.3489638	0.218881	0.988286	0.0117138	1.97657	0.0234275	0.9450652
719	1	-17.30352	-16.90685	-0.396668	0.413743	0.955874	0.0441258	1.91175	0.0882516	0.9912414
720	0	-15.09	-14.6907	-0.3993039	0.290229	0.978564	0.0214361	1.95713	0.0428722	0.9938577
721	1	-16.53882	-16.21031	-0.3285086	0.220224	0.961178	0.0388225	1.92236	0.077645	0.9259302
722	0	-15.49239	-15.1195	-0.3728915	0.249976	0.971076	0.0289239	1.94215	0.0578478	0.9679512
723	1	-15.06831	-14.67433	-0.3939757	0.24726	0.977105	0.0228948	1.95421	0.0457897	0.9885763
724	0	-15.21417	-14.83055	-0.3836167	0.216061	0.974501	0.0254989	1.949	0.0509978	0.9783885
725	1	-15.14959	-14.75256	-0.3970267	0.156386	0.979783	0.0202167	1.95957	0.0404334	0.9915971
726	0	-16.8222	-16.46417	-0.3580233	-0.0272038	0.965056	0.0349443	1.93011	0.0698886	0.9536659
727	1	-15.88953	-15.52697	-0.3625638	0.0534727	0.975301	0.0246986	1.9506	0.0493972	0.958006
728	0	-17.63151	-17.32547	-0.3060328	-0.00209446	0.957111	0.0428888	1.91422	0.0857777	0.9053512
729	1	-16.38378	-15.99665	-0.3871335	0.144568	0.986518	0.0134822	1.97304	0.0269644	0.9818354
730	0	-16.97372	-16.62875	-0.3449766	0.023413	0.959201	0.0407993	1.9184	0.0815987	0.9413046
731	1	-16.42506	-16.08519	-0.3398695	0.393291	0.97364	0.02636	1.94728	0.05272	0.9365095
732	0	-18.51432	-18.20561	-0.3087091	0.222198	0.938	0.0620003	1.876	0.124001	0.9077775
733	1	-15.63003	-15.27834	-0.3516866	0.235075	0.980562	0.0194383	1.96112	0.0388766	0.9476419
734	0	-21.50971	-21.18444	-0.3252708	-0.269877	0.937462	0.0625376	1.87492	0.125075	0.922937
735	1	-20.47282	-20.11	-0.3628157	-0.0112916	0.907126	0.0928745	1.81425	0.185749	0.9582473
736	0	-18.89332	-18.50572	-0.3876015	-0.213339	0.980157	0.0198428	1.96031	0.0396856	0.982295
737	1	-15.38052	-15.00511	-0.3754146	0.298948	0.978362	0.0216377	1.95672	0.0432755	0.9703965
738	0	-16.427	-16.11489	-0.3121102	0.197737	0.964956	0.035044	1.92991	0.070088	0.9108702
739	1	-17.27104	-16.92983	-0.341213	-0.0661749	0.979057	0.0209426	1.95811	0.0418852	0.9377685
740	0	-16.35115	-16.05998	-0.2911612	0.154086	0.971886	0.028114	1.94377	0.056228	0.8919868
741	1	-18.13533	-17.83861	-0.2967184	0.357142	0.952231	0.047769	1.90446	0.0955379	0.8969575
742	0	-17.2404	-16.94019	-0.3002084	0.208373	0.955318	0.0446822	1.91064	0.0893644	0.9000934
743	1	-17.80008	-17.41083	-0.3892565	-0.061707	0.94918	0.0508204	1.89836	0.101641	0.9839221
744	0	-16.2666	-15.9227	-0.3439063	0.23494	0.963135	0.0368651	1.92627	0.0737302	0.9402976
745	1	-15.92644	-15.52661	-0.3998326	0.194827	0.9609	0.0391001	1.9218	0.0782003	0.9943833
746	0	-17.00849	-16.75258	-0.2559095	0.239481	0.981118	0.0188821	1.96224	0.0377641	0.8610905
747	1	-15.59065	-15.22265	-0.3680032	0.278869	0.981836	0.0181639	1.96367	0.0363278	0.9632311
748	0	-20.35123	-20.04753	-0.303705	0.125261	0.911443	0.0885566	1.82289	0.177113	0.9032462
749	1	-15.48047	-15.08827	-0.3922003	0.35997	0.97683	0.0231702	1.95366	0.0463404	0.9868227
750	0	-18.37271	-18.17538	-0.1973355	0.0434286	0.961054	0.0389456	1.92211	0.0778912	0.8121018
751	1	-15.90075	-15.51207	-0.3886818	0.405614	0.97534	0.0246602	1.95068	0.0493204	0.9833568
752	0	-17.50793	-17.27887	-0.2290599	0.196839	0.962389	0.0376112	1.92478	0.0752225	0.8382783
753	1	-15.77973	-15.41968	-0.3600504	0.342585	0.974924	0.025076	1.94985	0.0501519	0.9556011
754	0	-15.85283	-15.46906	-0.383773	0.139758	0.964452	0.0355484	1.9289	0.0710968	0.9785415
755	1	-15.82547	-15.42631	-0.3991599	0.0874967	0.96511	0.0348901	1.93022	0.0697802	0.9937147
756	0	-15.8381	-15.5068	-0.3312941	0.1728	0.972926	0.0270741	1.94585	0.0541482	0.9285129
757	1	-16.25795	-15.85861	-0.3993404	0.020894	0.963069	0.0369313	1.92614	0.0738625	0.993894
758	0	-15.1308	-14.74259	-0.3882128	0.201643	0.976343	0.023657	1.95269	0.0473141	0.9828957
759	1	-18.03874	-17.64728	-0.3914619	0.535299	0.969356	0.0306437	1.93871	0.0612874	0.9860943
760	0	-16.23885	-15.84944	-0.3894063	0.43593	0.974188	0.025812	1.94838	0.0516239	0.9840694
761	1	-16.43923	-16.04777	-0.3914619	0.237415	0.955701	0.0442993	1.9114	0.0885986	0.9860943
762	0	-15.79923	-15.41707	-0.3821534	0.381583	0.974569	0.0254312	1.94914	0.0508624	0.9769579
763	1	-15.9654	-15.56453	-0.4008625	0.389911	0.969107	0.0308933	1.93821	0.0617867	0.995408
764	0	-18.54404	-18.26211	-0.2819303	0.00140024	0.946618	0.0533823	1.89324	0.106765	0.8837909
765	1	-17.38185	-17.02049	-0.3613547	0.151063	0.946395	0.0536053	1.89279	0.107211	0.9568483
766	0	-15.45967	-15.0961	-0.3635673	0.251373	0.979893	0.0201066	1.95979	0.0402132	0.9589678
767	1	-16.27349	-15.87694	-0.3965423	0.233289	0.95717	0.0428302	1.91434	0.0856605	0.9911169
768	0	-18.38837	-18.07784	-0.3105306	0.176422	0.988283	0.011717	1.97657	0.0234339	0.9094325
769	1	-15.60876	-15.24063	-0.3681339	0.174344	0.96965	0.0303501	1.9393	0.0607001	0.963357
770	0	-19.13934	-18.8288	-0.3105315	-0.169259	0.95737	0.0426299	1.91474	0.0852597	0.9094333
771	1	-15.32282	-14.92347	-0.3993468	0.13396	0.971096	0.028904	1.94219	0.0578079	0.9939003
772	0	-16.18673	-15.89073	-0.2959991	0.242489	0.976166	0.0238341	1.95233	0.0476682	0.8963126
773	1	-18.02277	-17.6309	-0.3918719	-0.124268	0.953397	0.0466029	1.90679	0.0932059	0.9864988
774	0	-16.22311	-15.87319	-0.3499195	0.128824	0.963744	0.0362563	1.92749	0.0725127	0.9459689
775	1	-17.09281	-16.76444	-0.3283695	0.0684413	0.956641	0.0433587	1.91328	0.0867175	0.9258013
776	0	-17.37737	-17.10545	-0.2719201	0.219686	0.984453	0.015547	1.96891	0.0310941	0.8749881
777	1	-17.88784	-17.496	-0.3918426	0.167445	0.936621	0.0633792	1.87324	0.126758	0.9864699
778	0	-16.78761	-16.44034	-0.3472645	0.100092	0.957069	0.0429308	1.91414	0.0858616	0.9434606
779	1	-16.04888	-15.66113	-0.3877443	0.119589	0.961844	0.0381564	1.92369	0.0763127	0.9824353
780	0	-16.15719	-15.77946	-0.3777305	0.138307	0.960939	0.0390606	1.92188	0.0781212	0.9726465
781	1	-16.48757	-16.09052	-0.3970502	0.273442	0.955539	0.0444613	1.91108	0.0889227	0.9916204
782	0	-15.52521	-15.14533	-0.379887	0.125278	0.971094	0.028906	1.94219	0.0578119	0.9747463
783	1	-16.84278	-16.45801	-0.38477	-0.0465969	0.962776	0.0372237	1.92555	0.0744475	0.9795175
784	0	-15.90446	-15.5596	-0.3448672	0.173217	0.968387	0.0316129	1.93677	0.0632258	0.9412016
785	1	-15.42794	-15.02633	-0.401618	0.294961	0.969377	0.0306227	1.93875	0.0612455	0.9961603
786	0	-19.90762	-19.54532	-0.3623013	0.508629	0.945663	0.0543367	1.89133	0.108673	0.9577545
787	1	-16.97053	-16.59957	-0.3709532	0.200543	0.950631	0.0493693	1.90126	0.0987386	0.9660768
788	0	-17.15966	-16.81914	-0.3405184	0.354005	0.958195	0.0418051	1.91639	0.0836103	0.9371174
789	1	-16.49118	-16.20273	-0.2884532	0.313585	0.975848	0.0241523	1.9517	0.0483046	0.8895746
790	0	-19.5631	-19.17907	-0.384031	-0.275387	0.967905	0.0320948	1.93581	0.0641897	0.978794
791	1	-16.41195	-16.05804	-0.3539135	0.238827	0.960057	0.0399434	1.92011	0.0798868	0.9497547
792	0	-15.49947	-15.1285	-0.3709631	0.122887	0.974474	0.0255261	1.94895	0.0510522	0.9660864
793	1	-17.42159	-17.17781	-0.2437831	0.315588	0.981046	0.018954	1.96209	0.037908	0.8507117
794	0	-15.57041	-15.19917	-0.3712358	0.33111	0.975868	0.0241315	1.95174	0.048263	0.9663499
795	1	-16.68005	-16.41745	-0.2625991	0.240743	0.971453	0.028547	1.94291	0.057094	0.8668702
796	0	-19.05494	-18.84377	-0.2111642	0.0973119	0.985101	0.0148989	1.9702	0.0297978	0.8234101
797	1	-16.71718	-16.40776	-0.3094124	0.132784	0.983273	0.0167267	1.96655	0.0334534	0.9084161
798	0	-17.62393	-17.42898	-0.1949432	0.264626	0.975593	0.0244072	1.95119	0.0488145	0.8101613
799	1	-15.16299	-14.77394	-0.3890493	0.276222	0.977658	0.0223421	1.95532	0.0446841	0.9837182
800	0	-18.72666	-18.58601	-0.1406516	0.32064	0.973371	0.0266295	1.94674	0.0532589	0.767349
801	1	-16.77384	-16.37108	-0.4027544	-0.0023027	0.956946	0.0430537	1.91389	0.0861075	0.9972929
802	0	-21.07652	-20.98456	-0.0919596	-0.0892116	0.971132	0.0288676	1.94226	0.0577352	0.7308804
803	1	-17.09027	-16.70437	-0.3859017	0.139768	0.947861	0.0521393	1.89572	0.104279	0.9806267
804	0	-17.89076	-17.60337	-0.2873846	0.318317	0.953226	0.0467741	1.90645	0.0935482	0.8886245
805	1	-17.56433	-17.21365	-0.3506887	0.109141	0.945895	0.0541054	1.89179	0.108211	0.9466968
806	0	-16.99297	-16.74791	-0.245059	0.293188	0.975938	0.0240617	1.95188	0.0481234	0.8517978
807	1	-16.3708	-16.04123	-0.3295679	0.137288	0.96413	0.0358701	1.92826	0.0717402	0.9269115
808	0	-17.92851	-17.67445	-0.2540602	0.0151101	0.959661	0.0403387	1.91932	0.0806773	0.8594996
809	1	-18.03689	-17.78864	-0.2482438	0.391321	0.965055	0.0349446	1.93011	0.0698892	0.8545149
810	0	-15.90787	-15.50746	-0.4004146	0.0279745	0.981869	0.0181306	1.96374	0.0362613	0.9949623
811	1	-15.83667	-15.48054	-0.3561243	0.090949	0.972127	0.0278728	1.94425	0.0557455	0.9518566
812	0	-15.1853	-14.79548	-0.3898166	0.153551	0.977432	0.0225683	1.95486	0.0451366	0.9844732
813	1	-16.78237	-16.39086	-0.3915134	0.440478	0.96597	0.0340297	1.93194	0.0680593	0.9861451
814	0	-21.5237	-21.13092	-0.3927814	0.300635	0.992536	0.00746443	1.98507	0.0149289	0.9873964
815	1	-15.94979	-15.61118	-0.3386102	0.0930314	0.975588	0.0244115	1.95118	0.0488231	0.9353309
816	0	-15.70096	-15.33066	-0.370294	0.187564	0.967565	0.0324352	1.93513	0.0648705	0.9654402
817	1	-15.52707	-15.15472	-0.3723567	0.187458	0.970178	0.0298223	1.94036	0.0596447	0.9674337
818	0	-18.02581	-17.63188	-0.39393	0.0397217	0.937731	0.0622688	1.87546	0.124538	0.9885311
819	1	-16.76022	-16.44721	-0.3130127	0.139695	0.983875	0.0161246	1.96775	0.0322492	0.9116926
820	0	-21.68837	-21.35019	-0.3381868	0.377861	0.903071	0.0969294	1.80614	0.193859	0.934935
821	1	-17.69231	-17.32336	-0.3689496	0.265852	0.943334	0.0566656	1.88667	0.113331	0.9641431
822	0	-16.66836	-16.30283	-0.3655257	0.0598838	0.984869	0.0151315	1.96974	0.030263	0.9608477
823	1	-17.89763	-17.58573	-0.3118989	0.141567	0.945232	0.0547679	1.89046	0.109536	0.9106777
824	0	-16.70001	-16.3798	-0.3202156	0.261505	0.961093	0.0389069	1.92219	0.0778137	0.9182831
825	1	-16.25017	-15.93206	-0.3181056	0.249103	0.982221	0.0177789	1.96444	0.0355579	0.9163476
826	0	-16.00637	-15.67144	-0.334934	0.277085	0.969773	0.0302265	1.93955	0.060453	0.9318988
827	1	-15.63655	-15.2535	-0.3830508	0.117155	0.968847	0.0311531	1.93769	0.0623063	0.977835
828	0	-15.31946	-14.94067	-0.3787944	0.291939	0.976783	0.0232165	1.95357	0.0464331	0.9736818
829	1	-18.96772	-18.58467	-0.3830508	0.0517254	0.924704	0.0752964	1.84941	0.150593	0.977835
830	0	-16.38968	-16.0381	-0.3515843	0.0267554	0.967758	0.0322423	1.93552	0.0644846	0.9475451
831	1	-15.63547	-15.25242	-0.3830508	0.0613266	0.977575	0.0224248	1.95515	0.0448495	0.977835
832	0	-18.69677	-18.44167	-0.2551018	-0.0544875	0.981212	0.0187883	1.96242	0.0375766	0.8603953
833	1	-15.79684	-15.44984	-0.3470083	0.163664	0.970261	0.0297394	1.94052	0.0594787	0.943219
834	0	-17.32922	-16.98847	-0.3407461	-0.0774176	0.978009	0.0219909	1.95602	0.0439817	0.9373308
835	1	-18.77583	-18.3951	-0.3807331	0.154247	0.925495	0.074505	1.85099	0.14901	0.9755713
836	0	-16.30568	-15.92627	-0.3794089	0.130922	0.958935	0.0410653	1.91787	0.0821306	0.9742803
837	1	-15.52422	-15.14482	-0.3794089	0.101586	0.973255	0.0267454	1.94651	0.0534908	0.9742803
838	0	-15.71488	-15.30951	-0.4053712	0.335519	0.984638	0.0153622	1.96928	0.0307243	0.9999061
839	1	-18.28662	-18.01326	-0.2733628	0.404224	0.959117	0.0408826	1.91823	0.0817652	0.8762514
840	0	-17.88313	-17.54537	-0.3377601	0.00728488	0.948104	0.051896	1.89621	0.103792	0.9345361
841	1	-18.22634	-17.99648	-0.229859	0.292262	0.955484	0.0445157	1.91097	0.0890315	0.8389484
842	0	-16.46368	-16.17227	-0.2914097	0.279679	0.970484	0.0295159	1.94097	0.0590319	0.8922085
843	1	-18.39271	-18.22444	-0.168261	0.337313	0.974136	0.025864	1.94827	0.0517281	0.7888302
844	0	-17.32062	-16.93907	-0.3815529	-0.105188	0.980341	0.0196589	1.96068	0.0393177	0.9763714
845	1	-16.76637	-16.4886	-0.2777764	0.323646	0.971754	0.0282465	1.94351	0.0564929	0.8801273
846	0	-16.32608	-16.02197	-0.3041065	0.299225	0.97183	0.0281703	1.94366	0.0563405	0.9036089
847	1	-16.40733	-16.10165	-0.3056731	0.144838	0.967307	0.0326935	1.93461	0.065387	0.9050256
848	0	-16.75295	-16.44042	-0.3125284	0.0315507	0.968035	0.0319649	1.93607	0.0639297	0.9112512
849	1	-19.67324	-19.58313	-0.09011117	0.130038	0.978546	0.021454	1.95709	0.0429079	0.7295306
850	0	-17.38438	-17.04711	-0.337266	0.240723	0.949699	0.0503009	1.8994	0.100602	0.9340744
851	1	-16.50161	-16.16829	-0.3333219	0.113091	0.983494	0.0165057	1.96699	0.0330114	0.9303977
852	0	-15.33446	-14.94151	-0.392952	0.208435	0.982776	0.0172235	1.96555	0.034447	0.9875649
853	1	-15.76048	-15.36526	-0.3952169	0.389113	0.973432	0.026568	1.94686	0.053136	0.9898041
854	0	-18.29105	-17.99612	-0.2949303	-0.0990095	0.978623	0.0213771	1.95725	0.0427543	0.8953551
855	1	-15.52786	-15.14654	-0.3813244	0.344943	0.975983	0.0240169	1.95197	0.0480337	0.9761483
856	0	-15.81496	-15.48207	-0.332885	0.192123	0.972488	0.0275121	1.94498	0.0550242	0.9299913
857	1	-16.83593	-16.4719	-0.364032	0.229171	0.953404	0.0465957	1.90681	0.0931913	0.9594135
858	0	-15.32248	-14.92545	-0.3970241	0.267817	0.970593	0.0294073	1.94119	0.0588145	0.9915945
859	1	-17.61165	-17.37202	-0.2396353	0.188121	0.958886	0.0411143	1.91777	0.0822286	0.8471904
860	0	-15.93053	-15.56259	-0.3679346	0.0818478	0.968294	0.0317063	1.93659	0.0634126	0.963165
861	1	-16.81725	-16.50255	-0.3146954	0.323539	0.963598	0.0364021	1.9272	0.0728041	0.913228
862	0	-16.11034	-15.76251	-0.3478275	0.210504	0.964507	0.0354931	1.92901	0.0709863	0.943992
863	1	-16.34172	-15.99883	-0.3428826	0.32498	0.966178	0.0338222	1.93236	0.0676445	0.9393355
864	0	-15.65029	-15.2577	-0.3925828	0.0621055	0.98056	0.0194402	1.96112	0.0388803	0.9872003
865	1	-19.19284	-18.86394	-0.328897	0.537586	0.966102	0.0338977	1.9322	0.0677954	0.9262898
866	0	-15.541	-15.13588	-0.4051216	0.060151	0.971249	0.0287509	1.9425	0.0575018	0.9996566
867	1	-17.1166	-16.79005	-0.3265587	-0.0394883	0.97813	0.0218705	1.95626	0.043741	0.9241264
868	0	-15.53623	-15.18646	-0.3497647	0.220717	0.976258	0.023742	1.95252	0.047484	0.9458225
869	1	-17.61403	-17.37496	-0.239063	0.055467	0.964597	0.0354027	1.92919	0.0708053	0.8467057
870	0	-16.29438	-15.9238	-0.3705766	0.373262	0.967036	0.0329643	1.93407	0.0659287	0.9657131
871	1	-18.15603	-17.80023	-0.355796	0.103713	0.937452	0.0625478	1.8749	0.125096	0.9515443
872	0	-16.23529	-15.92908	-0.3062062	0.238966	0.969808	0.0301919	1.93962	0.0603838	0.9055083
873	1	-16.16308	-15.80577	-0.3573138	0.0265203	0.972104	0.0278956	1.94421	0.0557911	0.9529896
874	0	-17.72702	-17.35624	-0.3707722	0.0168124	0.94571	0.0542902	1.89142	0.10858	0.965902
875	1	-15.69996	-15.3329	-0.3670551	0.25862	0.968746	0.0312536	1.93749	0.0625073	0.9623183
876	0	-16.97816	-16.58773	-0.3904279	-0.0846529	0.980599	0.0194007	1.9612	0.0388014	0.9850753
877	1	-18.41999	-18.05293	-0.3670551	0.268087	0.934371	0.0656295	1.86874	0.131259	0.9623183
878	0	-17.57462	-17.20954	-0.3650749	0.156566	0.988438	0.0115623	1.97688	0.0231246	0.9604146
879	1	-15.86452	-15.48012	-0.3844041	0.382243	0.9726	0.0273999	1.9452	0.0547997	0.9791592
880	0	-15.58744	-15.22237	-0.3650749	0.174239	0.981457	0.0185428	1.96291	0.0370856	0.9604146
881	1	-20.10017	-19.77583	-0.3243447	-0.0446414	0.921102	0.0788983	1.8422	0.157797	0.9220826
882	0	-15.96605	-15.61771	-0.3483382	0.339657	0.972917	0.0270827	1.94583	0.0541653	0.9444742
883	1	-16.70915	-16.31204	-0.3971083	0.23804	0.951873	0.0481273	1.90375	0.0962546	0.991678
884	0	-15.34148	-14.9554	-0.3860815	0.139543	0.980211	0.0197891	1.96042	0.0395782	0.9808031
885	1	-17.11407	-16.82197	-0.2920952	0.182674	0.957967	0.0420332	1.91593	0.0840664	0.8928203
886	0	-15.85807	-15.47755	-0.3805174	0.198886	0.963906	0.0360944	1.92781	0.0721888	0.9753609
887	1	-17.25473	-16.9814	-0.2733226	0.289454	0.983573	0.0164266	1.96715	0.0328533	0.8762161
888	0	-17.4819	-17.18426	-0.2976388	0.285969	0.985854	0.0141459	1.97171	0.0282918	0.8977835
889	1	-15.57092	-15.20741	-0.3635032	0.165535	0.980797	0.0192032	1.96159	0.0384065	0.9589063
890	0	-16.39315	-16.04026	-0.3528941	0.0179885	0.968547	0.0314532	1.93709	0.0629064	0.9487869
891	1	-16.30086	-15.96682	-0.3340439	0.0493852	0.978333	0.0216667	1.95667	0.0433334	0.9310696
892	0	-16.27526	-15.94499	-0.3302708	0.274823	0.966118	0.033882	1.93224	0.0677639	0.9275633
893	1	-15.78561	-15.38481	-0.4007976	0.0943583	0.965146	0.0348541	1.93029	0.0697083	0.9953433
894	0	-16.26187	-15.91564	-0.3462325	0.0868714	0.982285	0.0177146	1.96457	0.0354291	0.9424875
895	1	-15.69816	-15.33154	-0.3666236	0.109381	0.980425	0.0195749	1.96085	0.0391498	0.9619032
896	0	-15.49296	-15.11114	-0.3818233	0.226367	0.969194	0.0308064	1.93839	0.0616127	0.9766355
897	1	-16.83346	-16.45067	-0.3827823	-0.079493	0.96918	0.0308201	1.93836	0.0616402	0.9775725
898	0	-16.77657	-16.49695	-0.2796183	0.0798834	0.970482	0.0295178	1.94096	0.0590356	0.8817499
899	1	-15.51667	-15.12677	-0.3898961	0.191781	0.96767	0.0323303	1.93534	0.0646607	0.9845515
900	0	-16.72922	-16.40229	-0.3269293	0.304472	0.961815	0.038185	1.92363	0.0763699	0.9244689
901	1	-19.18186	-18.86985	-0.3120092	0.30392	0.932925	0.067075	1.86585	0.13415	0.9107781
902	0	-16.98528	-16.7352	-0.2500812	0.106847	0.97204	0.0279604	1.94408	0.0559208	0.8560865
903	1	-17.35953	-17.01758	-0.3419539	-0.093224	0.972038	0.0279617	1.94408	0.0559235	0.9384636
904	0	-15.43044	-15.06358	-0.3668558	0.165581	0.978852	0.0211479	1.9577	0.0422959	0.9621265
905	1	-16.32212	-16.02117	-0.3009478	0.26716	0.970376	0.0296242	1.94075	0.0592484	0.9007592
906	0	-15.6191	-15.26056	-0.3585401	0.178403	0.98099	0.0190097	1.96198	0.0380194	0.954159
907	1	-16.09728	-15.7252	-0.3720808	0.271908	0.96293	0.0370697	1.92586	0.0741395	0.9671668
908	0	-15.50969	-15.13332	-0.3763728	0.333281	0.976755	0.0232455	1.95351	0.0464909	0.9713268
909	1	-20.84238	-20.44174	-0.4006379	-0.341581	0.961253	0.0387468	1.92251	0.0774935	0.9951845
910	0	-15.34799	-14.96717	-0.3808168	0.191274	0.981235	0.0187652	1.96247	0.0375305	0.975653
911	1	-16.18906	-15.83415	-0.3549118	0.186415	0.962478	0.0375223	1.92496	0.0750446	0.9507033
912	0	-17.46072	-17.08527	-0.375449	0.0565289	0.946619	0.0533809	1.89324	0.106762	0.9704299
913	1	-17.25722	-16.88456	-0.3726615	0.390736	0.956636	0.0433645	1.91327	0.086729	0.9677286
914	0	-17.53728	-17.15741	-0.3798633	0.471553	0.963178	0.0368223	1.92636	0.0736445	0.9747232
915	1	-16.90318	-16.58137	-0.3218114	0.0326761	0.963101	0.0368991	1.9262	0.0737981	0.9197497
916	0	-16.46051	-16.11737	-0.3431427	0.190883	0.960212	0.0397882	1.92042	0.0795764	0.9395799
917	1	-15.87686	-15.49043	-0.3864301	0.169019	0.963184	0.0368159	1.92637	0.0736317	0.981145
918	0	-15.41877	-15.05637	-0.3624006	0.223077	0.974999	0.025001	1.95	0.050002	0.9578496
919	1	-17.38851	-17.07027	-0.3182465	0.450584	0.972564	0.0274359	1.94513	0.0548719	0.9164767
920	0	-15.78742	-15.42429	-0.3631254	0.352183	0.975468	0.0245323	1.95094	0.0490646	0.9585441
921	1	-16.08407	-15.69745	-0.3866227	-0.00899018	0.977649	0.022351	1.9553	0.044702	0.981334
922	0	-17.04951	-16.67051	-0.378998	0.208577	0.948915	0.0510854	1.89783	0.102171	0.97388
923	1	-16.70806	-16.34181	-0.3662418	0.184446	0.954384	0.0456158	1.90877	0.0912315	0.9615359
924	0	-15.20146	-14.80411	-0.3973507	0.123866	0.978041	0.0219592	1.95608	0.0439184	0.9919184
925	1	-16.8011	-16.41331	-0.3877983	0.0961545	0.952548	0.0474518	1.9051	0.0949036	0.9824883
926	0	-16.93942	-16.59444	-0.3449718	-0.0408753	0.96766	0.0323402	1.93532	0.0646805	0.9413001
927	1	-16.81953	-16.46044	-0.3590887	0.07924	0.956113	0.0438869	1.91223	0.0877737	0.9546826
928	0	-15.46486	-15.06455	-0.4003118	0.333502	0.971418	0.0285818	1.94284	0.0571636	0.99486
929	1	-17.91011	-17.67865	-0.2314575	0.369805	0.980192	0.0198076	1.96038	0.0396153	0.8402905
930	0	-15.65719	-15.25645	-0.4007374	0.0425294	0.97162	0.0283798	1.94324	0.0567596	0.9952834
931	1	-17.36776	-17.15584	-0.2119138	0.164839	0.970136	0.0298643	1.94027	0.0597287	0.8240275
932	0	-17.44158	-17.10401	-0.3375652	0.349111	0.98668	0.0133203	1.97336	0.0266405	0.934354
933	1	-19.61835	-19.34797	-0.2703752	0.0866674	0.92777	0.0722298	1.85554	0.14446	0.8736373
934	0	-18.56974	-18.36943	-0.2003107	0.264935	0.984048	0.0159524	1.9681	0.0319047	0.8145216
935	1	-15.67904	-15.3318	-0.3472425	0.139854	0.976139	0.023861	1.95228	0.0477219	0.94344
936	0	-18.66576	-18.42713	-0.2386263	0.31802	0.950374	0.0496264	1.90075	0.0992528	0.846336
937	1	-16.60162	-16.29848	-0.303138	0.124277	0.965172	0.0348283	1.93034	0.0696566	0.9027342
938	0	-17.07293	-16.73245	-0.3404852	-0.0408352	0.96569	0.0343103	1.93138	0.0686207	0.9370863
939	1	-15.59571	-15.21392	-0.3817861	0.206349	0.967498	0.0325018	1.935	0.0650036	0.9765992
940	0	-18.21942	-17.85114	-0.368283	-0.128915	0.954507	0.0454931	1.90901	0.0909862	0.9635007
941	1	-15.93032	-15.53335	-0.3969718	0.20027	0.986003	0.0139968	1.97201	0.0279936	0.9915426
942	0	-15.36238	-14.98805	-0.3743324	0.177538	0.973634	0.0263662	1.94727	0.0527325	0.9693469
943	1	-15.59627	-15.22623	-0.3700366	0.0954148	0.975598	0.0244024	1.9512	0.0488049	0.9651918
944	0	-16.12063	-15.71601	-0.4046231	0.39241	0.984651	0.0153486	1.9693	0.0306971	0.9991584
945	1	-15.95116	-15.59604	-0.3551196	0.111431	0.968166	0.0318339	1.93633	0.0636678	0.9509008
946	0	-17.49853	-17.10707	-0.3914614	-0.105971	0.959176	0.0408239	1.91835	0.0816477	0.9860939
947	1	-15.50549	-15.12001	-0.3854829	0.0998627	0.97231	0.0276897	1.94462	0.0553794	0.9802161
948	0	-18.88217	-18.59422	-0.2879435	0.485869	0.96393	0.0360702	1.92786	0.0721405	0.8891213
949	1	-16.30688	-15.94552	-0.3613562	0.403401	0.972513	0.0274867	1.94503	0.0549734	0.9568498
950	0	-17.77575	-17.46431	-0.3114437	0.018181	0.952338	0.0476624	1.90468	0.0953249	0.9102632
951	1	-15.93064	-15.55446	-0.3761738	0.023944	0.976492	0.0235085	1.95298	0.0470169	0.9711335
952	0	-15.23442	-14.83289	-0.4015267	0.148864	0.981632	0.0183676	1.96326	0.0367351	0.9960693
953	1	-17.09127	-16.75599	-0.3352859	0.440882	0.971328	0.0286723	1.94266	0.0573446	0.9322267
954	0	-15.97937	-15.60945	-0.3699209	0.232399	0.963756	0.0362435	1.92751	0.072487	0.9650801
955	1	-17.16021	-16.78724	-0.3729647	0.0278413	0.986024	0.0139764	1.97205	0.0279529	0.9680221
956	0	-16.35052	-15.958	-0.3925237	0.0430658	0.984613	0.0153868	1.96923	0.0307736	0.987142
957	1	-19.21097	-18.83798	-0.372995	-0.211942	0.98093	0.0190701	1.96186	0.0381402	0.9680514
958	0	-16.91121	-16.51869	-0.3925237	0.000326804	0.985361	0.0146393	1.97072	0.0292786	0.987142
959	1	-15.88209	-15.48456	-0.3975323	0.00617194	0.972446	0.0275542	1.94489	0.0551084	0.9920986
960	0	-15.35835	-14.95465	-0.4036989	0.111397	0.970943	0.0290569	1.94189	0.0581139	0.9982354
961	1	-15.64653	-15.249	-0.3975323	0.104331	0.983249	0.0167506	1.9665	0.0335013	0.9920986
962	0	-15.71146	-15.31784	-0.3936138	0.0313759	0.97783	0.0221698	1.95566	0.0443396	0.9882187
963	1	-16.56321	-16.17231	-0.3909016	-0.0643904	0.978092	0.0219078	1.95618	0.0438156	0.985542
964	0	-15.48542	-15.09524	-0.3901765	0.0767832	0.978144	0.0218564	1.95629	0.0437127	0.9848277
965	1	-16.2659	-15.87964	-0.3862609	0.0327819	0.963694	0.0363064	1.92739	0.0726127	0.980979
966	0	-16.03303	-15.7246	-0.308434	0.241528	0.97562	0.0243797	1.95124	0.0487595	0.9075278
967	1	-16.792	-16.50036	-0.2916442	0.154763	0.963027	0.0369734	1.92605	0.0739467	0.8924178
968	0	-16.91697	-16.61352	-0.3034451	0.03291	0.9664	0.0336002	1.9328	0.0672005	0.9030115
969	1	-17.21819	-16.92175	-0.2964412	0.308108	0.966918	0.0330821	1.93384	0.0661643	0.8967089
970	0	-18.07134	-17.82625	-0.2450839	0.1938	0.951656	0.0483442	1.90331	0.0966884	0.851819
971	1	-19.68903	-19.46484	-0.2241948	-0.111318	0.953751	0.0462492	1.9075	0.0924983	0.8342098
972	0	-17.48601	-17.24486	-0.2411494	0.359122	0.971994	0.0280061	1.94399	0.0560122	0.8484741
973	1	-16.82962	-16.58383	-0.2457934	0.180649	0.974721	0.0252786	1.94944	0.0505572	0.8524236
974	0	-15.43867	-15.05766	-0.3810108	0.222553	0.970195	0.0298045	1.94039	0.0596091	0.9758422
975	1	-16.91683	-16.61912	-0.2977051	0.178254	0.98289	0.0171105	1.96578	0.0342209	0.8978431
976	0	-15.58621	-15.22079	-0.3654266	0.215582	0.970158	0.0298416	1.94032	0.0596831	0.9607524
977	1	-17.62069	-17.24443	-0.3762651	-0.148102	0.970944	0.0290562	1.94189	0.0581124	0.9712222
978	0	-15.21093	-14.81569	-0.395236	0.155942	0.973271	0.0267289	1.94654	0.0534579	0.989823
979	1	-15.81901	-15.49061	-0.3284053	0.21312	0.973671	0.0263289	1.94734	0.0526579	0.9258345
980	0	-15.85218	-15.48406	-0.3681225	0.21836	0.965581	0.0344187	1.93116	0.0688373	0.963346
981	1	-16.25044	-15.94689	-0.3035486	0.120638	0.976052	0.0239482	1.9521	0.0478964	0.9031049
982	0	-16.86512	-16.49169	-0.373436	0.458215	0.981726	0.018274	1.96345	0.0365481	0.9684784
983	1	-15.58648	-15.20015	-0.3863218	0.202649	0.967039	0.0329607	1.93408	0.0659214	0.9810387
984	0	-18.55653	-18.22058	-0.3359549	-0.179288	0.972486	0.0275138	1.94497	0.0550276	0.9328506
985	1	-16.03694	-15.70991	-0.3270279	0.298098	0.980064	0.0199361	1.96013	0.0398722	0.9245601
986	0	-15.90791	-15.53834	-0.3695732	0.0380066	0.976271	0.023729	1.95254	0.047458	0.9647446
987	1	-15.44022	-15.03478	-0.4054414	0.165484	0.984035	0.0159654	1.96807	0.0319309	0.9999763
988	0	-16.53606	-16.19438	-0.3416828	0.0664081	0.982852	0.0171485	1.9657	0.0342969	0.9382092
989	1	-16.49019	-16.20916	-0.2810331	0.161919	0.970789	0.0292107	1.94158	0.0584214	0.8829983
990	0	-16.10249	-15.73129	-0.3711989	0.243691	0.96218	0.0378198	1.92436	0.0756396	0.9663143
991	1	-17.94755	-17.64548	-0.302075	0.37801	0.985771	0.0142287	1.97154	0.0284574	0.9017751
992	0	-15.70049	-15.31002	-0.3904694	0.34228	0.969894	0.0301058	1.93979	0.0602117	0.9851161
993	1	-16.63013	-16.29522	-0.3349107	0.377442	0.96824	0.0317595	1.93648	0.063519	0.931877
994	0	-15.49555	-15.09552	-0.400022	0.116441	0.982789	0.0172112	1.96558	0.0344224	0.9945717
995	1	-15.69833	-15.35239	-0.3459352	0.292179	0.975946	0.0240543	1.95189	0.0481085	0.9422074
996	0	-15.05063	-14.64975	-0.4008818	0.281643	0.978481	0.021519	1.95696	0.0430379	0.9954271
997	1	-16.81294	-16.51735	-0.2955859	0.171496	0.983354	0.0166461	1.96671	0.0332922	0.8959424
998	0	-16.36178	-15.98885	-0.3729288	0.114059	0.985351	0.014649	1.9707	0.029298	0.9679873
999	1	-16.54476	-16.18632	-0.3584486	0.328641	0.961689	0.038311	1.92338	0.076622	0.9540717
1000	0	-16.12647	-15.74527	-0.3811984	-0.0107041	0.975204	0.0247957	1.95041	0.0495914	0.9760254
1001	1	-16.19011	-15.89177	-0.2983419	0.165975	0.974478	0.0255221	1.94896	0.0510442	0.898415
1002	0	-16.9432	-16.64081	-0.3023951	0.13541	0.959601	0.0403991	1.9192	0.0807981	0.9020638
1003	1	-22.05096	-21.74795	-0.3030115	-0.105369	0.898914	0.101086	1.79783	0.202172	0.90262
1004	0	-17.48242	-17.23554	-0.2468743	0.109367	0.961335	0.0386652	1.92267	0.0773303	0.8533454
1005	1	-16.14154	-15.7633	-0.3782359	0.315335	0.985254	0.0147464	1.97051	0.0294928	0.9731382
1006	0	-17.80315	-17.56875	-0.2344001	0.0140775	0.967639	0.032361	1.93528	0.0647221	0.8427668
1007	1	-18.23593	-17.86714	-0.3687884	-0.151533	0.958351	0.0416485	1.9167	0.083297	0.9639877
1008	0	-16.64742	-16.38724	-0.2601887	0.175594	0.97455	0.0254505	1.9491	0.050901	0.8647832
1009	1	-15.23575	-14.85291	-0.382837	0.163168	0.977303	0.0226965	1.95461	0.045393	0.977626
1010	0	-17.73552	-17.3664	-0.3691224	0.508087	0.98139	0.0186098	1.96278	0.0372196	0.9643098
1011	1	-17.35434	-17.01977	-0.3345696	0.42053	0.98406	0.0159401	1.96812	0.0318801	0.9315592
1012	0	-16.93019	-16.5376	-0.3925843	0.490751	0.97455	0.0254504	1.9491	0.0509009	0.9872018
1013	1	-17.35458	-16.98823	-0.3663457	-0.072113	0.960474	0.0395265	1.92095	0.079053	0.9616359
1014	0	-15.57574	-15.17278	-0.4029626	0.384552	0.980413	0.0195866	1.96083	0.0391731	0.9975006
1015	1	-17.04962	-16.64914	-0.4004771	-0.0251137	0.955202	0.0447983	1.9104	0.0895965	0.9950244
1016	0	-15.04908	-14.65219	-0.3968905	0.186492	0.977465	0.0225347	1.95493	0.0450695	0.9914621
1017	1	-15.71519	-15.37791	-0.3372794	0.239885	0.974425	0.0255751	1.94885	0.0511503	0.934087
1018	0	-18.10874	-17.73947	-0.369272	0.298406	0.939686	0.0603137	1.87937	0.120627	0.964454
1019	1	-16.125	-15.79414	-0.3308643	0.12505	0.980963	0.0190368	1.96193	0.0380735	0.9281139
1020	0	-15.41359	-15.0372	-0.3763965	0.166926	0.980797	0.0192025	1.96159	0.0384051	0.9713499
1021	1	-19.00198	-18.7595	-0.2424791	0.140149	0.939379	0.060621	1.87876	0.121242	0.8496031
1022	0	-16.33441	-15.93637	-0.3980344	-0.00848125	0.964836	0.0351643	1.92967	0.0703286	0.9925969
1023	1	-15.96801	-15.60184	-0.3661685	0.220958	0.964224	0.035776	1.92845	0.071552	0.9614655
1024	0	-16.39984	-16.06027	-0.3395761	0.114736	0.963056	0.0369436	1.92611	0.0738872	0.9362348
1025	1	-18.84557	-18.56379	-0.2817873	0.254118	0.938178	0.0618216	1.87636	0.123643	0.8836645
1026	0	-19.05872	-18.65781	-0.4009086	0.583295	0.969776	0.0302241	1.93955	0.0604481	0.9954539
1027	1	-21.66397	-21.55121	-0.1127614	0.446985	0.954552	0.0454484	1.9091	0.0908969	0.7462432
1028	0	-15.0436	-14.64199	-0.4016124	0.247565	0.974786	0.0252139	1.94957	0.0504277	0.9961547
1029	1	-17.18067	-16.95996	-0.2207086	0.175494	0.972871	0.0271289	1.94574	0.0542578	0.8313067
1030	0	-16.53897	-16.16224	-0.376729	0.0187674	0.983559	0.0164405	1.96712	0.032881	0.9716728
1031	1	-16.35196	-16.02345	-0.3285098	0.371128	0.974629	0.025371	1.94926	0.0507421	0.9259312
1032	0	-16.64767	-16.35675	-0.2909252	0.203501	0.964982	0.0350182	1.92996	0.0700365	0.8917763
1033	1	-16.93554	-16.62082	-0.3147179	0.294643	0.984914	0.0150861	1.96983	0.0301722	0.9132485
1034	0	-20.03708	-19.86152	-0.175562	0.423386	0.982826	0.0171738	1.96565	0.0343476	0.7946106
1035	1	-19.64435	-19.33774	-0.3066119	-0.00914104	0.927572	0.0724277	1.85514	0.144855	0.9058757
1036	0	-20.00241	-19.87123	-0.1311833	0.241898	0.945763	0.0542373	1.89153	0.108475	0.7601178
1037	1	-16.35688	-16.04721	-0.3096714	0.0785371	0.974281	0.0257193	1.94856	0.0514386	0.9086514
1038	0	-19.76349	-19.56235	-0.2011486	-0.128364	0.965104	0.0348964	1.93021	0.0697927	0.8152043
1039	1	-15.92609	-15.54481	-0.3812762	0.307966	0.965652	0.0343479	1.9313	0.0686958	0.9761013
1040	0	-20.06909	-19.90542	-0.1636659	0.0649044	0.939221	0.0607789	1.87844	0.121558	0.7852138
1041	1	-15.98108	-15.63319	-0.3478947	0.221303	0.96649	0.0335103	1.93298	0.0670206	0.9440554
1042	0	-21.55814	-21.50671	-0.05143352	0.0676429	0.940153	0.0598471	1.88031	0.119694	0.7018528
1043	1	-18.14712	-17.90636	-0.2407592	0.411562	0.979684	0.020316	1.95937	0.0406319	0.8481431
1044	0	-20.29562	-20.19127	-0.1043487	0.0372499	0.949987	0.050013	1.89997	0.100026	0.7399916
1045	1	-16.13865	-15.83192	-0.3067352	0.187612	0.979217	0.0207834	1.95843	0.0415667	0.9059873
1046	0	-20.95298	-20.82993	-0.12305	0.424858	0.981878	0.0181218	1.96376	0.0362437	0.7539607
1047	1	-17.39535	-17.07201	-0.3233326	-0.00881333	0.958816	0.0411841	1.91763	0.0823683	0.9211499
1048	0	-18.34728	-18.13632	-0.2109667	0.0997003	0.954684	0.0453159	1.90937	0.0906317	0.8232475
1049	1	-16.68732	-16.3387	-0.3486232	0.0539489	0.983722	0.016278	1.96744	0.032556	0.9447434
1050	0	-18.50618	-18.22117	-0.2850126	0.184479	0.940342	0.0596577	1.88068	0.119315	0.8865192
1051	1	-16.71926	-16.3261	-0.3931539	0.247624	0.952343	0.0476568	1.90469	0.0953136	0.9877643
1052	0	-16.21947	-15.82403	-0.3954396	0.0311295	0.963331	0.0366691	1.92666	0.0733381	0.9900246
1053	1	-16.55245	-16.27308	-0.279369	0.284134	0.978544	0.0214559	1.95709	0.0429118	0.8815301
1054	0	-16.70813	-16.30515	-0.4029865	0.386016	0.986794	0.0132055	1.97359	0.026411	0.9975245
1055	1	-17.7806	-17.55254	-0.2280618	0.33825	0.966138	0.0338619	1.93228	0.0677238	0.837442
1056	0	-16.58371	-16.18881	-0.3948977	0.0857183	0.986558	0.0134424	1.97312	0.0268847	0.9894882
1057	1	-17.01583	-16.75935	-0.2564708	0.173202	0.965366	0.034634	1.93073	0.069268	0.861574
1058	0	-16.39759	-16.03001	-0.3675849	0.0261683	0.982337	0.0176629	1.96467	0.0353258	0.9628283
1059	1	-16.7918	-16.40781	-0.3839962	-0.0657227	0.980053	0.0199468	1.96011	0.0398935	0.9787599
1060	0	-16.49828	-16.20657	-0.2917089	0.138897	0.979862	0.0201381	1.95972	0.0402762	0.8924755
1061	1	-18.36111	-17.99252	-0.3685911	0.496723	0.959698	0.0403022	1.9194	0.0806045	0.9637976
1062	0	-16.53013	-16.17278	-0.35735	0.027784	0.964054	0.0359463	1.92811	0.0718925	0.9530241
1063	1	-14.9675	-14.56403	-0.4034734	0.204092	0.978497	0.0215032	1.95699	0.0430063	0.9980102
1064	0	-15.88409	-15.49311	-0.3909749	0.254182	0.963035	0.0369653	1.92607	0.0739305	0.9856143
1065	1	-19.15232	-18.94448	-0.2078361	0.0716865	0.944617	0.0553831	1.88923	0.110766	0.8206742
1066	0	-16.14761	-15.83084	-0.3167682	0.290578	0.971812	0.0281881	1.94362	0.0563762	0.9151229
1067	1	-16.42483	-16.03234	-0.3924874	0.371534	0.962447	0.037553	1.92489	0.0751059	0.9871062
1068	0	-19.65347	-19.30623	-0.347244	0.148944	0.916412	0.0835881	1.83282	0.167176	0.9434413
1069	1	-16.08035	-15.71675	-0.3635926	0.277298	0.964377	0.0356234	1.92875	0.0712467	0.9589921
1070	0	-17.89803	-17.62626	-0.2717732	0.00236699	0.95817	0.0418304	1.91634	0.0836609	0.8748595
1071	1	-18.50364	-18.16603	-0.3376146	0.351171	0.942185	0.0578154	1.88437	0.115631	0.9344002
1072	0	-17.79956	-17.52891	-0.2706491	0.151824	0.951754	0.0482465	1.90351	0.096493	0.8738767
1073	1	-15.64635	-15.29552	-0.350827	0.144783	0.978117	0.0218829	1.95623	0.0437658	0.9468277
1074	0	-17.6084	-17.36837	-0.2400267	0.132898	0.959634	0.0403663	1.91927	0.0807326	0.847522
1075	1	-16.00651	-15.62839	-0.3781265	0.0919479	0.983539	0.0164606	1.96708	0.0329212	0.9730317
1076	0	-16.96587	-16.6125	-0.3533783	0.139737	0.952844	0.0471558	1.90569	0.0943116	0.9492465
1077	1	-17.38356	-17.07137	-0.3121829	0.237105	0.952525	0.0474752	1.90505	0.0949504	0.9109364
1078	0	-15.21408	-14.82792	-0.3861618	0.220806	0.980533	0.0194667	1.96107	0.0389333	0.9808818
1079	1	-16.17818	-15.83116	-0.347023	0.15899	0.983748	0.0162515	1.9675	0.032503	0.9432328
1080	0	-17.261	-17.01073	-0.2502742	0.0696854	0.977823	0.0221771	1.95565	0.0443541	0.8562517
1081	1	-16.75803	-16.37261	-0.3854279	0.0618763	0.954847	0.0451525	1.90969	0.090305	0.9801622
1082	0	-16.34972	-16.05814	-0.2915815	0.287477	0.976782	0.0232177	1.95356	0.0464353	0.8923618
1083	1	-17.07723	-16.6918	-0.3854279	0.115392	0.948572	0.0514278	1.89714	0.102856	0.9801622
1084	0	-16.2934	-15.92213	-0.3712673	-0.0172476	0.973899	0.0261009	1.9478	0.0522018	0.9663804
1085	1	-16.98102	-16.64186	-0.339164	-0.0533805	0.972557	0.0274431	1.94511	0.0548861	0.9358491
1086	0	-16.33583	-15.96456	-0.3712673	0.285672	0.960513	0.039487	1.92103	0.0789739	0.9663804
1087	1	-16.37473	-16.00057	-0.3741634	0.0335761	0.963583	0.0364172	1.92717	0.0728344	0.9691831
1088	0	-15.38949	-15.00727	-0.3822146	0.187738	0.981842	0.0181576	1.96368	0.0363152	0.9770177
1089	1	-15.48105	-15.09205	-0.3889922	0.287648	0.970027	0.0299731	1.94005	0.0599461	0.9836621
1090	0	-15.96524	-15.57068	-0.3945626	0.0153982	0.969491	0.0305088	1.93898	0.0610177	0.9891567
1091	1	-15.93196	-15.5346	-0.397364	0.352858	0.966533	0.0334674	1.93307	0.0669348	0.9919317
1092	0	-16.39853	-16.06422	-0.3343082	0.0726475	0.96635	0.0336497	1.9327	0.0672994	0.9313158
1093	1	-17.41027	-17.1266	-0.2836683	0.107098	0.956478	0.0435221	1.91296	0.0870442	0.8853283
1094	0	-17.47971	-17.12445	-0.3552562	0.452166	0.964103	0.035897	1.92821	0.0717941	0.9510308
1095	1	-18.93557	-18.58402	-0.3515503	-0.0460518	0.935495	0.0645045	1.87099	0.129009	0.9475128
1096	0	-15.44164	-15.04761	-0.3940273	0.344172	0.980829	0.019171	1.96166	0.0383419	0.9886273
1097	1	-19.08424	-18.88928	-0.1949569	-0.017421	0.955771	0.0442285	1.91154	0.0884571	0.8101724
1098	0	-16.62384	-16.28926	-0.3345818	0.225532	0.959355	0.0406454	1.91871	0.0812909	0.9315706
1099	1	-18.44777	-18.24217	-0.2056041	0.109605	0.953714	0.0462861	1.90743	0.0925722	0.8188445
1100	0	-17.37396	-16.99122	-0.3827473	0.0362068	0.94811	0.0518905	1.89622	0.103781	0.9775383
1101	1	-17.97355	-17.71187	-0.2616786	0.395918	0.982458	0.0175418	1.96492	0.0350835	0.8660726
1102	0	-16.03554	-15.63519	-0.400355	0.0269053	0.965968	0.0340317	1.93194	0.0680633	0.9949029
1103	1	-16.32339	-15.97678	-0.3466079	0.0738051	0.965483	0.0345172	1.93097	0.0690343	0.9428414
1104	0	-16.28709	-15.91286	-0.3742376	0.0312363	0.982452	0.0175482	1.9649	0.0350964	0.969255
1105	1	-15.41557	-15.04023	-0.3753448	0.128218	0.977655	0.0223447	1.95531	0.0446893	0.9703288
1106	0	-15.63251	-15.26766	-0.3648436	0.103222	0.974541	0.0254593	1.94908	0.0509185	0.9601925
1107	1	-17.31543	-17.08397	-0.2314588	0.19904	0.980565	0.0194349	1.96113	0.0388698	0.8402916
1108	0	-15.2733	-14.87496	-0.39834	0.284115	0.971894	0.0281061	1.94379	0.0562123	0.9929002
1109	1	-16.62368	-16.28966	-0.3340173	0.369192	0.967515	0.0324855	1.93503	0.0649709	0.9310449
1110	0	-16.37598	-15.98715	-0.388828	0.0805124	0.985531	0.0144692	1.97106	0.0289385	0.9835005
1111	1	-16.21401	-15.85986	-0.3541522	0.0634108	0.966948	0.0330525	1.9339	0.066105	0.9499814
1112	0	-15.38117	-14.99729	-0.3838723	0.323815	0.976775	0.023225	1.95355	0.0464499	0.9786386
1113	1	-17.90029	-17.61315	-0.2871448	0.171021	0.94807	0.0519297	1.89614	0.103859	0.8884115
1114	0	-15.99044	-15.59197	-0.3984617	0.0516573	0.964932	0.035068	1.92986	0.0701361	0.9930211
1115	1	-16.53788	-16.22381	-0.3140706	0.051586	0.970187	0.0298133	1.94037	0.0596266	0.9126576
1116	0	-15.52762	-15.13657	-0.3910508	0.365937	0.978286	0.0217143	1.95657	0.0434286	0.9856891
1117	1	-15.50285	-15.15018	-0.3526665	0.220036	0.976425	0.0235748	1.95285	0.0471497	0.948571
1118	0	-15.79126	-15.40021	-0.3910508	0.367927	0.970827	0.0291725	1.94165	0.0583451	0.9856891
1119	1	-15.5918	-15.2029	-0.3889024	0.109188	0.982197	0.0178027	1.96439	0.0356053	0.9835737
1120	0	-16.64678	-16.32456	-0.322226	0.22771	0.960651	0.039349	1.9213	0.0786981	0.9201311
1121	1	-16.95689	-16.56131	-0.3955855	0.0310772	0.986493	0.0135072	1.97299	0.0270144	0.9901691
1122	0	-17.08846	-16.78101	-0.307454	0.384553	0.982344	0.0176557	1.96469	0.0353115	0.9066388
1123	1	-18.03588	-17.8051	-0.2307802	0.0411657	0.95989	0.0401104	1.91978	0.0802207	0.8397216
1124	0	-15.11141	-14.71508	-0.3963231	0.192485	0.980346	0.0196536	1.96069	0.0393072	0.9908997
1125	1	-16.97637	-16.6792	-0.2971715	0.206584	0.959251	0.0407493	1.9185	0.0814987	0.8973641
1126	0	-15.40522	-15.00209	-0.4031317	0.354048	0.981122	0.0188781	1.96224	0.0377562	0.9976693
1127	1	-16.36078	-15.99615	-0.3646302	0.307503	0.961998	0.0380019	1.924	0.0760039	0.9599876
1128	0	-15.40956	-15.01627	-0.3932877	0.123705	0.971021	0.0289789	1.94204	0.0579579	0.9878965
1129	1	-15.85823	-15.52489	-0.3333433	0.144842	0.973366	0.0266342	1.94673	0.0532683	0.9304176
1130	0	-16.06926	-15.73015	-0.3391139	0.117946	0.981186	0.0188143	1.96237	0.0376285	0.9358022
1131	1	-15.48924	-15.12333	-0.365911	0.179674	0.972415	0.0275852	1.94483	0.0551704	0.9612179
1132	0	-16.39071	-16.02441	-0.3663044	0.120837	0.95955	0.0404501	1.9191	0.0809002	0.9615962
1133	1	-15.79569	-15.43311	-0.3625865	0.307179	0.982289	0.0177114	1.96458	0.0354229	0.9580276
1134	0	-15.28979	-14.91635	-0.3734402	0.250262	0.977198	0.0228017	1.9544	0.0456033	0.9684824
1135	1	-17.6623	-17.25878	-0.4035164	0.392069	0.948802	0.0511983	1.8976	0.102397	0.9980532
1136	0	-17.17764	-16.93302	-0.2446134	0.277599	0.967405	0.0325946	1.93481	0.0651892	0.8514183
1137	1	-17.794	-17.56554	-0.2284642	0.212076	0.95834	0.0416603	1.91668	0.0833207	0.837779
1138	0	-16.1322	-15.81816	-0.3140422	0.189674	0.969795	0.0302049	1.93959	0.0604098	0.9126316
1139	1	-18.12071	-17.96047	-0.1602415	0.139685	0.972301	0.0276986	1.9446	0.0553971	0.7825296
1140	0	-16.72899	-16.37332	-0.3556725	0.0178218	0.982971	0.0170286	1.96594	0.0340571	0.9514267
1141	1	-17.74055	-17.5471	-0.1934514	0.285511	0.971212	0.0287882	1.94242	0.0575763	0.8089536
1142	0	-16.58165	-16.18821	-0.393441	-0.065567	0.96962	0.0303804	1.93924	0.0607608	0.9880479
1143	1	-15.78971	-15.45258	-0.3371345	0.14592	0.9745	0.0254995	1.949	0.0509991	0.9339517
1144	0	-16.79604	-16.41708	-0.3789574	0.104543	0.953241	0.0467592	1.90648	0.0935184	0.9738405
1145	1	-19.0337	-18.72013	-0.3135671	-0.0207696	0.986916	0.013084	1.97383	0.026168	0.9121981
1146	0	-17.85037	-17.56493	-0.2854358	0.182778	0.948972	0.0510276	1.89794	0.102055	0.8868945
1147	1	-17.79524	-17.45945	-0.3357831	-0.105823	0.964153	0.0358466	1.92831	0.0716931	0.9326903
1148	0	-17.29486	-16.95523	-0.3396296	0.144168	0.949972	0.0500281	1.89994	0.100056	0.9362849
1149	1	-17.13286	-16.73486	-0.397992	0.135046	0.94623	0.0537704	1.89246	0.107541	0.9925547
1150	0	-18.16795	-17.96696	-0.2009809	0.113404	0.958793	0.0412074	1.91759	0.0824149	0.8150676
1151	1	-16.61417	-16.2412	-0.3729756	0.088938	0.95691	0.0430898	1.91382	0.0861796	0.9680326
1152	0	-17.74199	-17.54101	-0.2009809	0.3045	0.970505	0.0294945	1.94101	0.058989	0.8150676
1153	1	-15.7068	-15.31377	-0.3930355	0.393233	0.978138	0.0218618	1.95628	0.0437237	0.9876474
1154	0	-17.51219	-17.27346	-0.2387239	0.0442035	0.96893	0.0310704	1.93786	0.0621408	0.8464186
1155	1	-16.31277	-15.91974	-0.3930355	0.432854	0.982243	0.0177574	1.96449	0.0355148	0.9876474
1156	0	-17.88355	-17.6188	-0.2647524	0.00247905	0.959739	0.0402606	1.91948	0.0805211	0.8687389
1157	1	-15.68802	-15.33824	-0.3497781	0.128455	0.975648	0.0243519	1.9513	0.0487038	0.9458351
1158	0	-18.45432	-18.26598	-0.1883407	0.298061	0.960018	0.0399822	1.92004	0.0799644	0.8048298
1159	1	-15.83599	-15.47424	-0.3617434	0.0760842	0.972411	0.027589	1.94482	0.055178	0.9572203
1160	0	-16.3602	-15.9798	-0.3804005	0.216968	0.986639	0.013361	1.97328	0.026722	0.9752469
1161	1	-15.9355	-15.61243	-0.3230735	0.265303	0.973704	0.0262962	1.94741	0.0525924	0.9209113
1162	0	-16.75577	-16.39974	-0.3560261	0.416699	0.968147	0.0318527	1.93629	0.0637054	0.9517632
1163	1	-17.33769	-17.03237	-0.3053158	0.347446	0.984816	0.015184	1.96963	0.030368	0.9047024
1164	0	-15.89881	-15.56197	-0.3368388	0.210639	0.969608	0.0303922	1.93922	0.0607844	0.9336755
1165	1	-15.98492	-15.63881	-0.34611	0.133064	0.968024	0.0319759	1.93605	0.0639518	0.9423721
1166	0	-17.51456	-17.16741	-0.3471527	0.350986	0.95291	0.04709	1.90582	0.0941801	0.9433552
1167	1	-16.67045	-16.36999	-0.3004592	0.321347	0.967947	0.0320531	1.93589	0.0641062	0.9003192
1168	0	-16.40522	-16.00953	-0.3956921	0.411617	0.966392	0.0336078	1.93278	0.0672156	0.9902746
1169	1	-15.92184	-15.57882	-0.3430152	0.281464	0.969993	0.0300069	1.93999	0.0600138	0.9394601
1170	0	-16.60801	-16.27965	-0.3283566	0.0427313	0.966258	0.0337417	1.93252	0.0674835	0.9257894
1171	1	-16.71351	-16.35691	-0.3565943	0.233489	0.955812	0.0441876	1.91162	0.0883753	0.9523042
1172	0	-15.88618	-15.50572	-0.3804548	0.0501832	0.980779	0.0192214	1.96156	0.0384429	0.9752999
1173	1	-16.17506	-15.80055	-0.3745073	0.219823	0.960491	0.0395094	1.92098	0.0790187	0.9695165
1174	0	-18.20312	-17.85522	-0.347897	-0.0934188	0.95249	0.04751	1.90498	0.09502	0.9440576
1175	1	-15.92349	-15.59509	-0.328393	0.271542	0.979753	0.0202471	1.95951	0.0404942	0.9258231
1176	0	-19.56217	-19.29483	-0.2673472	0.500258	0.98259	0.0174101	1.96518	0.0348202	0.870996
1177	1	-16.00744	-15.60777	-0.3996624	0.012124	0.968106	0.0318942	1.93621	0.0637884	0.9942141
1178	0	-16.95711	-16.61655	-0.3405602	0.432812	0.970745	0.0292549	1.94149	0.0585098	0.9371566
1179	1	-16.1191	-15.71575	-0.4033488	0.178634	0.958153	0.0418466	1.91631	0.0836933	0.9978859
1180	0	-17.36626	-17.1275	-0.2387661	0.0805801	0.96758	0.0324198	1.93516	0.0648396	0.8464544
1181	1	-16.28571	-15.88387	-0.4018435	0.136285	0.956754	0.0432457	1.91351	0.0864913	0.9963849
1182	0	-18.42433	-18.24976	-0.174574	0.109079	0.96035	0.0396502	1.9207	0.0793005	0.7938259
1183	1	-16.16607	-15.83704	-0.3290267	0.301215	0.969516	0.0304843	1.93903	0.0609687	0.92641
1184	0	-17.68273	-17.4662	-0.2165301	0.182162	0.961989	0.0380107	1.92398	0.0760215	0.8278403
1185	1	-18.61449	-18.32321	-0.2912859	-0.0426589	0.94842	0.0515797	1.89684	0.103159	0.8920981
1186	0	-20.55466	-20.21444	-0.3402232	-0.249803	0.9457	0.0543004	1.8914	0.108601	0.9368408
1187	1	-18.16626	-17.76618	-0.4000823	-0.11864	0.949229	0.0507706	1.89846	0.101541	0.9946317
1188	0	-16.21448	-15.91869	-0.2957851	0.204074	0.978116	0.0218843	1.95623	0.0437685	0.8961209
1189	1	-15.64908	-15.30383	-0.3452524	0.160621	0.976653	0.023347	1.95331	0.046694	0.9415642
1190	0	-20.66706	-20.40424	-0.2628158	0.27375	0.917304	0.0826965	1.83461	0.165393	0.8670581
1191	1	-15.8474	-15.51611	-0.3312941	0.168684	0.972827	0.0271727	1.94565	0.0543454	0.9285129
1192	0	-17.10092	-16.739	-0.3619199	0.352803	0.970176	0.0298236	1.94035	0.0596473	0.9573892
1193	1	-16.25416	-15.87454	-0.379623	0.424944	0.973695	0.0263048	1.94739	0.0526096	0.9744889
1194	0	-16.51447	-16.15033	-0.3641336	-0.0128199	0.967962	0.032038	1.93592	0.0640759	0.959511
1195	1	-18.57281	-18.17048	-0.402338	0.190391	0.92643	0.0735699	1.85286	0.14714	0.9968777
1196	0	-17.43765	-17.16576	-0.2718829	0.401195	0.972274	0.0277264	1.94455	0.0554528	0.8749555
1197	1	-15.8015	-15.41608	-0.3854214	0.0316756	0.973784	0.0262158	1.94757	0.0524316	0.9801558
1198	0	-15.06555	-14.67133	-0.3942147	0.198494	0.978122	0.0218778	1.95624	0.0437556	0.9888126
1199	1	-16.04281	-15.66112	-0.3816859	0.379305	0.969661	0.0303394	1.93932	0.0606787	0.9765013
1200	0	-16.62111	-16.22416	-0.3969482	0.471133	0.973496	0.0265036	1.94699	0.0530072	0.9915192
1201	1	-17.38879	-17.07683	-0.3119625	-0.0594919	0.975112	0.024888	1.95022	0.0497761	0.9107356
1202	0	-15.85158	-15.46058	-0.3910061	0.012481	0.975069	0.0249313	1.95014	0.0498627	0.9856451
1203	1	-15.49883	-15.10644	-0.3923838	0.0773077	0.97333	0.0266705	1.94666	0.0533409	0.9870039
1204	0	-16.11102	-15.71708	-0.3939402	0.196958	0.986427	0.013573	1.97285	0.0271461	0.9885412
1205	1	-15.68374	-15.28885	-0.3948909	0.27591	0.965851	0.0341486	1.9317	0.0682971	0.9894815
1206	0	-15.46718	-15.08116	-0.3860143	0.271238	0.970019	0.0299815	1.94004	0.059963	0.9807371
1207	1	-18.00516	-17.69046	-0.314698	-0.0962043	0.962491	0.0375093	1.92498	0.0750187	0.9132303
1208	0	-15.66862	-15.2924	-0.3762126	0.286023	0.968911	0.0310892	1.93782	0.0621783	0.9711712
1209	1	-15.93271	-15.61109	-0.3216239	0.16814	0.978011	0.0219893	1.95602	0.0439785	0.9195773
1210	0	-15.70785	-15.35244	-0.3554066	0.320929	0.978638	0.021362	1.95728	0.042724	0.9511738
1211	1	-16.32714	-15.94002	-0.3871216	0.215575	0.957199	0.0428013	1.9144	0.0856026	0.9818238
1212	0	-16.27329	-15.87334	-0.3999449	0.295749	0.958691	0.0413086	1.91738	0.0826172	0.994495
1213	1	-17.44392	-17.23755	-0.2063692	0.145175	0.971875	0.0281251	1.94375	0.0562501	0.8194713
1214	0	-17.78666	-17.38621	-0.4004504	0.262367	0.938927	0.061073	1.87785	0.122146	0.9949978
1215	1	-15.26998	-14.88291	-0.3870728	0.201902	0.972333	0.0276666	1.94467	0.0553332	0.9817758
1216	0	-15.89592	-15.55769	-0.3382234	0.156798	0.970287	0.0297131	1.94057	0.0594263	0.9349692
1217	1	-16.45414	-16.06834	-0.3857992	0.105163	0.957048	0.0429517	1.9141	0.0859034	0.9805262
1218	0	-17.08953	-16.75145	-0.3380855	0.24266	0.953357	0.0466426	1.90671	0.0932852	0.9348403
1219	1	-15.73337	-15.34757	-0.3857992	0.385336	0.976739	0.0232615	1.95348	0.0465229	0.9805262
1220	0	-16.98795	-16.72735	-0.2605993	0.101325	0.968315	0.0316848	1.93663	0.0633696	0.8651384
1221	1	-17.71078	-17.35818	-0.3526049	0.494892	0.970521	0.0294793	1.94104	0.0589586	0.9485126
1222	0	-17.74465	-17.36984	-0.3748081	0.156423	0.940218	0.0597816	1.88044	0.119563	0.9698082
1223	1	-15.29179	-14.91738	-0.3744085	0.201581	0.975257	0.0247427	1.95051	0.0494854	0.9694207
1224	0	-15.59159	-15.19259	-0.3990042	0.0497322	0.979517	0.0204827	1.95903	0.0409654	0.9935599
1225	1	-16.09839	-15.77138	-0.3270069	0.20097	0.982015	0.0179851	1.96403	0.0359703	0.9245407
1226	0	-15.91821	-15.51921	-0.3990042	0.356427	0.984612	0.0153878	1.96922	0.0307755	0.9935599
1227	1	-18.07992	-17.72816	-0.3517672	0.253887	0.939775	0.0602253	1.87955	0.120451	0.9477184
1228	0	-15.24408	-14.85964	-0.3844368	0.172269	0.979585	0.0204148	1.95917	0.0408295	0.9791913
1229	1	-15.89585	-15.50598	-0.3898792	0.390062	0.972048	0.0279523	1.9441	0.0559045	0.9845349
1230	0	-16.4036	-16.03521	-0.3683945	0.419026	0.971993	0.0280073	1.94399	0.0560147	0.9636081
1231	1	-15.75	-15.36012	-0.3898792	0.13391	0.984072	0.0159284	1.96814	0.0318568	0.9845349
1232	0	-16.77912	-16.37839	-0.4007278	-0.0735474	0.981167	0.0188328	1.96233	0.0376655	0.9952739
1233	1	-15.35871	-14.97438	-0.3843307	0.318166	0.97632	0.0236795	1.95264	0.047359	0.9790873
1234	0	-15.5014	-15.13893	-0.3624667	0.224989	0.980653	0.0193471	1.96131	0.0386943	0.9579129
1235	1	-15.71733	-15.32325	-0.3940842	0.208598	0.964269	0.0357308	1.92854	0.0714616	0.9886836
1236	0	-17.64587	-17.32688	-0.3189887	0.302452	0.951215	0.0487846	1.90243	0.0975693	0.9171572
1237	1	-16.49441	-16.09843	-0.3959854	0.40535	0.964502	0.0354984	1.929	0.0709969	0.990565
1238	0	-15.29712	-14.90533	-0.3917955	0.316096	0.975236	0.0247643	1.95047	0.0495285	0.9864234
1239	1	-16.43548	-16.09781	-0.3376684	0.122016	0.983686	0.0163142	1.96737	0.0326284	0.9344504
1240	0	-16.07561	-15.70659	-0.3690204	0.0172367	0.973167	0.0268331	1.94633	0.0536661	0.9642114
1241	1	-15.41777	-15.02513	-0.3926478	0.30109	0.971207	0.0287932	1.94241	0.0575863	0.9872645
1242	0	-16.47974	-16.117	-0.3627407	0.418247	0.971648	0.0283519	1.9433	0.0567038	0.9581754
1243	1	-15.69291	-15.31786	-0.3750467	0.233449	0.967154	0.0328465	1.93431	0.065693	0.9700396
1244	0	-17.07484	-16.73019	-0.3446544	0.0824732	0.95415	0.0458505	1.9083	0.0917009	0.9410014
1245	1	-15.58252	-15.20154	-0.380979	0.0757846	0.977761	0.0222391	1.95552	0.0444783	0.9758113
1246	0	-18.80929	-18.48407	-0.3252147	0.0897323	0.932194	0.0678056	1.86439	0.135611	0.9228852
1247	1	-15.96344	-15.58246	-0.380979	0.159957	0.962763	0.0372374	1.92553	0.0744749	0.9758113
1248	0	-15.46491	-15.08117	-0.3837416	0.0934308	0.975412	0.0245878	1.95082	0.0491756	0.9785108
1249	1	-15.68081	-15.33361	-0.3472041	0.186012	0.980084	0.0199161	1.96017	0.0398322	0.9434037
1250	0	-16.54233	-16.17636	-0.3659687	0.389976	0.966112	0.0338882	1.93222	0.0677764	0.9612734
1251	1	-15.66848	-15.28015	-0.3883335	0.121562	0.967307	0.0326927	1.93461	0.0653855	0.9830143
1252	0	-16.56041	-16.16815	-0.3922562	0.453379	0.971222	0.0287777	1.94244	0.0575554	0.986878
1253	1	-15.40232	-15.02956	-0.3727581	0.267961	0.980432	0.0195677	1.96086	0.0391354	0.9678221
1254	0	-16.48638	-16.097	-0.3893771	-0.0152599	0.982446	0.017554	1.96489	0.035108	0.9840407
1255	1	-16.59535	-16.24984	-0.3455091	0.235209	0.958596	0.0414039	1.91719	0.0828079	0.941806
1256	0	-16.72244	-16.32222	-0.4002265	-0.0222788	0.959797	0.0402033	1.91959	0.0804067	0.9947751
1257	1	-16.36497	-15.97689	-0.3880718	0.0899378	0.9586	0.0413998	1.9172	0.0827995	0.9827571
1258	0	-15.84272	-15.51124	-0.3314771	0.266073	0.97368	0.0263204	1.94736	0.0526407	0.9286829
1259	1	-18.00356	-17.65629	-0.347261	0.0542413	0.942359	0.0576415	1.88472	0.115283	0.9434574
1260	0	-16.03798	-15.64527	-0.392712	0.383452	0.983732	0.0162685	1.96746	0.032537	0.9873279
1261	1	-16.64556	-16.28619	-0.3593662	0.00876848	0.963647	0.0363528	1.92729	0.0727057	0.9549475
1262	0	-15.50483	-15.13372	-0.3711106	0.197078	0.981773	0.0182273	1.96355	0.0364546	0.9662289
1263	1	-15.06761	-14.66513	-0.4024756	0.166595	0.979834	0.0201655	1.95967	0.0403311	0.997015
1264	0	-15.02985	-14.62661	-0.4032344	0.249822	0.9748	0.0251995	1.9496	0.050399	0.9977717
1265	1	-16.13382	-15.73283	-0.4009892	0.0924376	0.960256	0.0397443	1.92051	0.0794885	0.9955341
1266	0	-19.45777	-19.08861	-0.3691589	-0.212932	0.950041	0.0499592	1.90008	0.0999184	0.964345
1267	1	-17.83582	-17.6256	-0.2102205	0.186381	0.960759	0.0392408	1.92152	0.0784815	0.8226334
1268	0	-15.81103	-15.43038	-0.3806511	0.316532	0.967813	0.0321865	1.93563	0.0643731	0.9754913
1269	1	-16.33294	-15.99491	-0.3380263	0.159522	0.983899	0.0161007	1.9678	0.0322015	0.9347849
1270	0	-15.91563	-15.51091	-0.4047165	0.136331	0.961316	0.0386838	1.92263	0.0773676	0.9992516
1271	1	-15.4113	-15.04197	-0.3693319	0.25719	0.973883	0.0261167	1.94777	0.0522335	0.9645118
1272	0	-17.21123	-16.86242	-0.3488065	0.0271982	0.954893	0.0451068	1.90979	0.0902136	0.9449166
1273	1	-15.35623	-14.98688	-0.3693423	0.253108	0.975598	0.0244015	1.9512	0.048803	0.9645218
1274	0	-15.60693	-15.24775	-0.3591735	0.190645	0.981183	0.0188169	1.96237	0.0376339	0.9547635
1275	1	-15.29146	-14.89308	-0.3983777	0.128987	0.972231	0.0277689	1.94446	0.0555378	0.9929376
1276	0	-17.75953	-17.39895	-0.36058	-0.0463965	0.951789	0.0482106	1.90358	0.0964212	0.9561074
1277	1	-16.91039	-16.51802	-0.3923672	-0.0869954	0.979869	0.0201314	1.95974	0.0402628	0.9869875
1278	0	-17.19102	-16.89936	-0.291661	0.251807	0.958086	0.0419136	1.91617	0.0838272	0.8924327
1279	1	-16.90194	-16.52534	-0.3765945	0.411051	0.985369	0.0146314	1.97074	0.0292629	0.9715421
1280	0	-15.59448	-15.24489	-0.3495907	0.188189	0.973927	0.026073	1.94785	0.0521459	0.9456579
1281	1	-19.84352	-19.45502	-0.3885066	0.475222	0.936476	0.0635236	1.87295	0.127047	0.9831845
1282	0	-15.85306	-15.49605	-0.3570089	0.214531	0.967065	0.032935	1.93413	0.0658701	0.952699
1283	1	-15.81423	-15.46216	-0.3520696	0.209607	0.968423	0.0315769	1.93685	0.0631538	0.948005
1284	0	-16.37976	-16.05607	-0.3236895	0.268432	0.965308	0.034692	1.93062	0.069384	0.9214787
1285	1	-15.62973	-15.28641	-0.3433175	0.230918	0.974929	0.0250712	1.94986	0.0501423	0.9397442
1286	0	-15.34485	-14.94422	-0.4006301	0.353732	0.978698	0.0213016	1.9574	0.0426032	0.9951766
1287	1	-18.24023	-17.92912	-0.3111056	0.465306	0.983365	0.016635	1.96673	0.03327	0.9099556
1288	0	-16.1949	-15.82106	-0.3738468	0.309135	0.963106	0.0368937	1.92621	0.0737875	0.9688764
1289	1	-15.94592	-15.56517	-0.3807439	0.392382	0.973439	0.0265614	1.94688	0.0531228	0.9755819
1290	0	-16.8819	-16.51256	-0.3693427	0.42805	0.966004	0.0339959	1.93201	0.0679918	0.9645222
1291	1	-17.74064	-17.34316	-0.397482	0.2815	0.94059	0.0594101	1.88118	0.11882	0.9920487
1292	0	-15.16844	-14.77569	-0.3927493	0.258161	0.980727	0.0192734	1.96145	0.0385467	0.9873647
1293	1	-16.1053	-15.75789	-0.3474167	0.37355	0.976694	0.0233056	1.95339	0.0466111	0.9436042
1294	0	-15.43119	-15.0672	-0.3639935	0.197233	0.974122	0.0258776	1.94824	0.0517553	0.9593766
1295	1	-15.41681	-15.04777	-0.3690326	0.160773	0.978854	0.0211462	1.95771	0.0422923	0.9642231
1296	0	-16.10444	-15.78833	-0.3161102	0.270749	0.97159	0.0284096	1.94318	0.0568193	0.9145209
1297	1	-15.54682	-15.18004	-0.3667789	0.207482	0.970637	0.0293632	1.94127	0.0587264	0.9620526
1298	0	-17.51915	-17.19844	-0.3207074	-0.0840818	0.973686	0.0263142	1.94737	0.0526283	0.9187349
1299	1	-15.83282	-15.4653	-0.3675194	0.353112	0.97291	0.0270898	1.94582	0.0541797	0.9627652
1300	0	-15.88277	-15.54188	-0.3408855	0.144765	0.970515	0.0294848	1.94103	0.0589695	0.9374615
1301	1	-15.91288	-15.51389	-0.3989874	0.14242	0.985495	0.0145049	1.97099	0.0290098	0.9935432
1302	0	-16.4289	-16.10041	-0.3284891	0.31444	0.966347	0.0336528	1.93269	0.0673055	0.9259121
1303	1	-16.68333	-16.32623	-0.3570985	0.260672	0.956839	0.0431615	1.91368	0.0863229	0.9527844
1304	0	-15.68141	-15.31302	-0.3683819	0.344654	0.979065	0.020935	1.95813	0.04187	0.9635959
1305	1	-17.87627	-17.51458	-0.3616869	0.0386245	0.943315	0.0566847	1.88663	0.113369	0.9571662
1306	0	-15.2994	-14.91651	-0.382891	0.144899	0.975159	0.0248409	1.95032	0.0496818	0.9776788
1307	1	-15.54585	-15.19207	-0.3537776	0.167439	0.975571	0.0244288	1.95114	0.0488577	0.9496256
1308	0	-15.26574	-14.87642	-0.3893189	0.168665	0.980894	0.0191059	1.96179	0.0382118	0.9839834
1309	1	-14.99268	-14.58812	-0.4045567	0.265871	0.979313	0.0206869	1.95863	0.0413738	0.999092
1310	0	-15.35517	-14.95611	-0.3990621	0.187539	0.968986	0.0310142	1.93797	0.0620284	0.9936174
1311	1	-16.93024	-16.59569	-0.334552	0.40538	0.982715	0.017285	1.96543	0.0345701	0.9315428
1312	0	-18.84458	-18.49599	-0.3485821	-0.124256	0.94674	0.0532597	1.89348	0.106519	0.9447045
1313	1	-16.34991	-15.95926	-0.3906554	0.241125	0.987029	0.0129712	1.97406	0.0259425	0.9852994
1314	0	-18.92807	-18.7231	-0.2049632	-0.0379575	0.959448	0.0405522	1.9189	0.0811044	0.81832
1315	1	-16.16855	-15.80942	-0.3591349	0.372853	0.970776	0.0292243	1.94155	0.0584485	0.9547267
1316	0	-20.0678	-19.77998	-0.2878223	0.229187	0.919677	0.0803229	1.83935	0.160646	0.8890135
1317	1	-20.29459	-20.00688	-0.2877129	0.458156	0.941709	0.0582911	1.88342	0.116582	0.8889163
1318	0	-17.41603	-17.12713	-0.2889042	0.36481	0.963149	0.0368514	1.9263	0.0737028	0.8899759
1319	1	-18.15846	-17.90943	-0.2490286	0.226793	0.950534	0.0494664	1.90107	0.0989329	0.8551858
1320	0	-16.61903	-16.33012	-0.2889042	0.239673	0.966363	0.0336372	1.93273	0.0672745	0.8899759
1321	1	-17.32279	-17.0546	-0.2681953	0.372532	0.969694	0.0303064	1.93939	0.0606128	0.871735
1322	0	-16.17672	-15.86514	-0.3115791	0.154414	0.970371	0.0296292	1.94074	0.0592583	0.9103865
1323	1	-17.72859	-17.46424	-0.2643501	0.0947441	0.955259	0.0447412	1.91052	0.0894824	0.8683894
1324	0	-19.01066	-18.89396	-0.1167027	0.285901	0.968017	0.0319828	1.93603	0.0639656	0.7491902
1325	1	-17.54563	-17.32064	-0.2249942	0.0795584	0.967517	0.0324826	1.93503	0.0649652	0.834877
1326	0	-17.81159	-17.59999	-0.2115996	0.0517303	0.969328	0.030672	1.93866	0.0613439	0.8237687
1327	1	-16.43189	-16.0536	-0.3782891	0.431098	0.981597	0.0184034	1.96319	0.0368068	0.9731899
1328	0	-19.00857	-18.69807	-0.3104983	0.303175	0.935292	0.0647082	1.87058	0.129416	0.9094031
1329	1	-15.3199	-14.91557	-0.4043352	0.157613	0.96943	0.0305703	1.93886	0.0611406	0.9988708
1330	0	-16.22843	-15.89068	-0.3377497	0.0463299	0.973094	0.0269057	1.94619	0.0538114	0.9345264
1331	1	-15.93525	-15.53091	-0.4043352	0.430414	0.979022	0.0209777	1.95804	0.0419554	0.9988708
1332	0	-16.28527	-15.89262	-0.3926524	0.134121	0.98634	0.0136602	1.97268	0.0273204	0.987269
1333	1	-15.76603	-15.40884	-0.3571848	0.327965	0.973935	0.0260653	1.94787	0.0521305	0.9528666
1334	0	-15.79017	-15.39772	-0.3924486	0.348784	0.968805	0.031195	1.93761	0.06239	0.9870678
1335	1	-15.73774	-15.38145	-0.3562841	0.0976085	0.975113	0.0248867	1.95023	0.0497734	0.9520088
1336	0	-15.20934	-14.81241	-0.3969321	0.219141	0.982132	0.0178683	1.96426	0.0357367	0.9915033
1337	1	-15.82414	-15.45096	-0.3731755	0.277889	0.984035	0.015965	1.96807	0.0319299	0.9682261
1338	0	-15.45668	-15.08295	-0.3737283	0.287934	0.980774	0.0192265	1.96155	0.0384529	0.9687615
1339	1	-15.71794	-15.37966	-0.3382855	0.232824	0.973687	0.0263129	1.94737	0.0526259	0.9350273
1340	0	-16.26822	-15.88201	-0.3862154	0.373122	0.965282	0.0347178	1.93056	0.0694357	0.9809344
1341	1	-17.97023	-17.68752	-0.2827038	0.241738	0.948853	0.0511471	1.89771	0.102294	0.8844748
1342	0	-16.27592	-15.94016	-0.3357549	0.0742989	0.968294	0.0317061	1.93659	0.0634121	0.9326641
1343	1	-17.71531	-17.41189	-0.3034147	0.449684	0.969667	0.0303332	1.93933	0.0606664	0.902984
1344	0	-17.67527	-17.28454	-0.3907319	-0.14358	0.96317	0.0368299	1.92634	0.0736599	0.9853748
1345	1	-15.75223	-15.4101	-0.3421269	0.290022	0.974967	0.0250332	1.94993	0.0500664	0.938626
1346	0	-15.64201	-15.25128	-0.3907319	0.181947	0.965806	0.0341943	1.93161	0.0683886	0.9853748
1347	1	-15.89469	-15.5237	-0.3709854	0.204379	0.96455	0.0354497	1.9291	0.0708994	0.966108
1348	0	-15.5421	-15.18414	-0.357956	0.285506	0.978313	0.0216873	1.95663	0.0433746	0.9536018
1349	1	-15.88865	-15.54808	-0.3405689	0.159313	0.969853	0.0301473	1.93971	0.0602945	0.9371647
1350	0	-15.36875	-14.96475	-0.4040008	0.339703	0.981845	0.0181549	1.96369	0.0363098	0.9985367
1351	1	-19.48478	-19.11655	-0.3682258	0.227314	0.917975	0.0820247	1.83595	0.164049	0.9634455
1352	0	-16.97796	-16.57396	-0.4040008	-0.0941494	0.981147	0.0188527	1.96229	0.0377054	0.9985367
1353	1	-15.46089	-15.09749	-0.3633975	0.188235	0.973606	0.0263938	1.94721	0.0527876	0.9588049
1354	0	-16.34706	-15.94759	-0.3994636	-0.0573594	0.973313	0.0266867	1.94663	0.0533735	0.9940165
1355	1	-16.68122	-16.37437	-0.3068454	0.0882176	0.965129	0.0348711	1.93026	0.0697422	0.9060873
1356	0	-15.99577	-15.59244	-0.4033301	0.364431	0.965912	0.0340879	1.93182	0.0681758	0.9978673
1357	1	-16.41731	-16.01722	-0.4000862	-0.0381632	0.966787	0.0332126	1.93357	0.0664252	0.9946356
1358	0	-15.41952	-15.01533	-0.4041826	0.181317	0.967403	0.0325969	1.93481	0.0651938	0.9987183
1359	1	-16.55244	-16.23332	-0.3191187	0.292652	0.964647	0.0353535	1.92929	0.0707069	0.9172764
1360	0	-15.97112	-15.56693	-0.4041826	0.434675	0.977844	0.0221559	1.95569	0.0443117	0.9987183
1361	1	-16.02962	-15.65855	-0.3710672	0.386653	0.980895	0.0191048	1.96179	0.0382096	0.966187
1362	0	-15.24698	-14.84279	-0.4041826	0.150615	0.970979	0.0290205	1.94196	0.0580411	0.9987183
1363	1	-15.14534	-14.74737	-0.3979702	0.179267	0.973291	0.0267094	1.94658	0.0534188	0.9925332
1364	0	-17.1391	-16.80534	-0.3337533	0.227163	0.952862	0.0471379	1.90572	0.0942757	0.9307991
1365	1	-17.984	-17.58389	-0.4001137	-0.0556364	0.94462	0.0553796	1.88924	0.110759	0.9946628
1366	0	-17.64697	-17.30561	-0.3413621	-0.0536713	0.9571	0.0428998	1.9142	0.0857995	0.9379084
1367	1	-16.39031	-16.01639	-0.3739274	0.0301968	0.963652	0.0363483	1.9273	0.0726965	0.9689544
1368	0	-16.9618	-16.59405	-0.3677487	0.190415	0.95101	0.0489899	1.90202	0.0979799	0.962986
1369	1	-15.6511	-15.25749	-0.3936115	0.156746	0.974419	0.0255806	1.94884	0.0511611	0.9882164
1370	0	-20.95913	-20.62815	-0.3309736	0.100548	0.898314	0.101686	1.79663	0.203371	0.9282154
1371	1	-15.24086	-14.84876	-0.3921042	0.248817	0.972335	0.0276654	1.94467	0.0553307	0.9867279
1372	0	-15.87561	-15.54544	-0.3301775	0.176205	0.972045	0.0279547	1.94409	0.0559094	0.9274767
1373	1	-15.67351	-15.27215	-0.4013643	0.29105	0.965808	0.0341923	1.93162	0.0683846	0.9959076
1374	0	-18.82498	-18.43701	-0.3879697	0.171462	0.924109	0.0758914	1.84822	0.151783	0.9826567
1375	1	-16.43513	-16.03377	-0.4013643	-0.0683572	0.972971	0.0270292	1.94594	0.0540584	0.9959076
1376	0	-15.58667	-15.22549	-0.3611824	0.269227	0.972234	0.0277664	1.94447	0.0555328	0.9566834
1377	1	-16.86323	-16.59546	-0.267768	0.294032	0.969164	0.0308359	1.93833	0.0616718	0.8713626
1378	0	-15.631	-15.23738	-0.393627	0.338979	0.970222	0.0297782	1.94044	0.0595563	0.9882317
1379	1	-15.33166	-14.95107	-0.3805831	0.200983	0.972345	0.0276549	1.94469	0.0553097	0.975425
1380	0	-16.7639	-16.42625	-0.3376461	0.302963	0.959911	0.0400891	1.91982	0.0801782	0.9344296
1381	1	-15.51914	-15.16689	-0.3522487	0.223513	0.978174	0.0218256	1.95635	0.0436512	0.9481748
1382	0	-15.48461	-15.08473	-0.3998879	0.108689	0.969365	0.0306352	1.93873	0.0612703	0.9944383
1383	1	-17.2786	-16.97871	-0.2998889	0.344304	0.961287	0.0387128	1.92257	0.0774256	0.8998059
1384	0	-17.0102	-16.63464	-0.3755606	0.450783	0.983661	0.0163386	1.96732	0.0326772	0.9705382
1385	1	-16.84102	-16.54529	-0.2957283	0.379766	0.974954	0.0250458	1.94991	0.0500917	0.89607
1386	0	-17.88154	-17.56001	-0.3215284	0.0257559	0.948886	0.0511138	1.89777	0.102228	0.9194894
1387	1	-16.03493	-15.64069	-0.3942421	0.260094	0.986233	0.0137669	1.97247	0.0275338	0.9888398
1388	0	-15.25135	-14.87059	-0.380761	0.190494	0.974654	0.0253463	1.94931	0.0506926	0.9755985
1389	1	-15.93016	-15.56949	-0.3606744	0.0522893	0.977198	0.0228018	1.9544	0.0456036	0.9561976
1390	0	-16.54817	-16.22249	-0.3256803	0.242987	0.984495	0.0155048	1.96899	0.0310096	0.923315
1391	1	-16.30813	-15.94863	-0.359503	0.33611	0.984363	0.0156375	1.96873	0.031275	0.9550782
1392	0	-16.67479	-16.34911	-0.3256803	0.405312	0.977581	0.0224195	1.95516	0.044839	0.923315
1393	1	-16.20378	-15.81353	-0.3902531	0.0796579	0.961073	0.0389269	1.92215	0.0778538	0.9849031
1394	0	-17.90764	-17.55768	-0.3499591	0.283824	0.943458	0.0565422	1.88692	0.113084	0.9460063
1395	1	-16.21066	-15.85659	-0.3540729	0.319469	0.966036	0.0339644	1.93207	0.0679288	0.9499061
1396	0	-16.14434	-15.75748	-0.3868649	0.129788	0.960321	0.0396791	1.92064	0.0793582	0.9815717
1397	1	-17.62504	-17.30917	-0.3158646	-0.0729866	0.965625	0.0343752	1.93125	0.0687504	0.9142964
1398	0	-15.24673	-14.84444	-0.4022929	0.195978	0.970216	0.0297842	1.94043	0.0595685	0.9968328
1399	1	-16.25576	-15.89125	-0.3645113	0.405662	0.973303	0.0266972	1.94661	0.0533943	0.9598735
1400	0	-15.82168	-15.43714	-0.384542	0.394792	0.978053	0.0219475	1.95611	0.0438949	0.9792942
1401	1	-15.64222	-15.27208	-0.3701435	0.0954888	0.973194	0.0268056	1.94639	0.0536113	0.9652949
1402	0	-16.11321	-15.75696	-0.3562476	0.279653	0.964967	0.035033	1.92993	0.070066	0.9519741
1403	1	-15.30467	-14.92238	-0.3822962	0.171391	0.973314	0.0266859	1.94663	0.0533718	0.9770975
1404	0	-17.1509	-16.80166	-0.3492363	0.147141	0.950752	0.0492476	1.9015	0.0984952	0.9453229
1405	1	-15.69381	-15.32769	-0.3661248	0.34589	0.976938	0.0230622	1.95388	0.0461243	0.9614234
1406	0	-17.03664	-16.7711	-0.2655396	0.34732	0.972876	0.0271235	1.94575	0.0542471	0.869423
1407	1	-16.63547	-16.36266	-0.2728013	0.187405	0.968898	0.0311018	1.9378	0.0622035	0.8757594
1408	0	-17.98382	-17.70079	-0.2830303	0.450444	0.970143	0.0298573	1.94029	0.0597147	0.8847636
1409	1	-16.79323	-16.40293	-0.3902918	-0.0184205	0.95961	0.0403896	1.91922	0.0807792	0.9849412
1410	0	-17.59183	-17.32953	-0.2623072	0.389444	0.980186	0.0198136	1.96037	0.0396271	0.8666172
1411	1	-16.30341	-15.9782	-0.3252113	0.0552752	0.974048	0.0259521	1.9481	0.0519043	0.9228821
1412	0	-19.0323	-18.80408	-0.2282134	0.421393	0.959893	0.0401065	1.91979	0.0802131	0.8375689
1413	1	-16.78923	-16.43602	-0.3532044	0.125045	0.955535	0.044465	1.91107	0.08893	0.9490814
1414	0	-16.33028	-16.00877	-0.3215118	0.144711	0.96581	0.0341896	1.93162	0.0683792	0.9194741
1415	1	-17.26705	-16.88703	-0.3800191	0.350964	0.987842	0.0121584	1.97568	0.0243169	0.974875
1416	0	-16.78546	-16.41803	-0.3674368	0.0101604	0.9601	0.0398997	1.9202	0.0797993	0.9626857
1417	1	-15.17404	-14.77762	-0.3964134	0.252039	0.972954	0.027046	1.94591	0.0540921	0.9909892
1418	0	-16.5574	-16.29193	-0.2654709	0.220455	0.974646	0.0253543	1.94929	0.0507085	0.8693633
1419	1	-15.85713	-15.46061	-0.3965185	0.200446	0.962139	0.0378611	1.92428	0.0757222	0.9910933
1420	0	-15.7871	-15.43406	-0.3530419	0.323494	0.974038	0.0259618	1.94808	0.0519236	0.9489272
1421	1	-16.27719	-15.89804	-0.3791488	-0.0264315	0.974911	0.025089	1.94982	0.0501779	0.9740269
1422	0	-18.44519	-18.05682	-0.3883698	0.186577	0.929521	0.0704794	1.85904	0.140959	0.98305
1423	1	-15.39168	-14.98985	-0.4018292	0.181045	0.968126	0.0318736	1.93625	0.0637472	0.9963707
1424	0	-17.01333	-16.61404	-0.3992894	0.378481	0.955422	0.0445785	1.91084	0.089157	0.9938434
1425	1	-17.80356	-17.5609	-0.2426634	0.366716	0.966234	0.0337658	1.93247	0.0675317	0.8497597
1426	0	-17.9013	-17.57307	-0.3282286	0.0833784	0.944725	0.0552746	1.88945	0.110549	0.9256709
1427	1	-18.25944	-17.96282	-0.2966167	0.353754	0.986803	0.0131966	1.97361	0.0263931	0.8968663
1428	0	-17.61413	-17.23143	-0.3826948	0.253784	0.942496	0.0575039	1.88499	0.115008	0.977487
1429	1	-16.72507	-16.44679	-0.2782801	0.0864663	0.971927	0.0280726	1.94385	0.0561453	0.8805708
1430	0	-17.02007	-16.73229	-0.2877834	0.266863	0.961515	0.0384846	1.92303	0.0769691	0.8889789
1431	1	-15.24244	-14.85356	-0.3888787	0.150981	0.974457	0.0255434	1.94891	0.0510868	0.9835504
1432	0	-18.45153	-18.13997	-0.3115587	0.139879	0.937808	0.0621919	1.87562	0.124384	0.9103679
1433	1	-17.31019	-17.04817	-0.2620132	0.310778	0.982451	0.0175491	1.9649	0.0350981	0.8663625
1434	0	-17.89614	-17.55966	-0.3364801	0.363171	0.950682	0.0493175	1.90136	0.098635	0.9333406
1435	1	-15.89311	-15.54536	-0.3477511	0.253461	0.98256	0.01744	1.96512	0.0348799	0.9439198
1436	0	-16.46641	-16.06331	-0.4031004	-0.0518203	0.967404	0.0325961	1.93481	0.0651922	0.9976381
1437	1	-15.24728	-14.85474	-0.3925452	0.302581	0.980236	0.019764	1.96047	0.039528	0.9871632
1438	0	-16.02958	-15.6722	-0.3573849	0.291284	0.966507	0.0334926	1.93301	0.0669852	0.9530573
1439	1	-19.22979	-18.84457	-0.3852191	0.152936	0.918443	0.0815568	1.83689	0.163114	0.9799576
1440	0	-18.9965	-18.67189	-0.3246132	-0.0348904	0.937068	0.0629319	1.87414	0.125864	0.9223303
1441	1	-16.74388	-16.35867	-0.3852191	0.144107	0.952332	0.0476679	1.90466	0.0953359	0.9799576
1442	0	-17.14898	-16.82056	-0.3284173	-0.0532084	0.976392	0.0236081	1.95278	0.0472162	0.9258456
1443	1	-17.80399	-17.44438	-0.3596136	0.126606	0.941332	0.0586684	1.88266	0.117337	0.9551838
1444	0	-15.23226	-14.85037	-0.3818968	0.178478	0.975608	0.0243918	1.95122	0.0487837	0.9767072
1445	1	-15.56971	-15.18771	-0.3820036	0.306407	0.970704	0.0292958	1.94141	0.0585916	0.9768116
1446	0	-15.48708	-15.12011	-0.3669663	0.29651	0.975372	0.0246279	1.95074	0.0492558	0.9622328
1447	1	-15.6279	-15.23672	-0.3911817	0.327971	0.969792	0.0302081	1.93958	0.0604162	0.9858181
1448	0	-15.83658	-15.44331	-0.3932725	0.141803	0.984857	0.0151429	1.96971	0.0302857	0.9878814
1449	1	-15.95424	-15.55591	-0.3983242	0.278044	0.962063	0.0379368	1.92413	0.0758737	0.9928845
1450	0	-17.31425	-16.919	-0.3952516	0.00487259	0.949618	0.0503822	1.89924	0.100764	0.9898385
1451	1	-15.87082	-15.52957	-0.3412492	0.272206	0.9813	0.0186998	1.9626	0.0373996	0.9378025
1452	0	-15.63861	-15.2631	-0.3755051	0.312777	0.982201	0.0177992	1.9644	0.0355985	0.9704844
1453	1	-16.5123	-16.12575	-0.3865541	0.120758	0.955713	0.0442872	1.91143	0.0885744	0.9812667
1454	0	-15.92024	-15.54837	-0.3718684	0.0525401	0.980077	0.0199227	1.96015	0.0398453	0.9669614
1455	1	-15.64189	-15.29896	-0.342932	0.17986	0.977015	0.0229849	1.95403	0.0459699	0.939382
1456	0	-16.50121	-16.17078	-0.3304275	0.0497072	0.967221	0.0327788	1.93444	0.0655575	0.9277086
1457	1	-15.25891	-14.86502	-0.3938894	0.121551	0.978703	0.0212968	1.95741	0.0425936	0.9884911
1458	0	-15.60361	-15.23647	-0.3671439	0.106424	0.978327	0.0216735	1.95665	0.0433469	0.9624038
1459	1	-16.52466	-16.13077	-0.3938894	0.0822717	0.986283	0.0137175	1.97257	0.027435	0.9884911
1460	0	-16.40476	-16.10555	-0.2992158	0.321911	0.97465	0.02535	1.9493	0.0507	0.8992004
1461	1	-18.02319	-17.71708	-0.3061156	0.112651	0.986977	0.0130232	1.97395	0.0260464	0.9054262
1462	0	-17.45072	-17.22326	-0.2274577	0.100575	0.978236	0.0217635	1.95647	0.043527	0.8369362
1463	1	-17.27221	-16.89705	-0.3751579	-0.104682	0.978976	0.0210241	1.95795	0.0420481	0.9701475
1464	0	-18.25815	-18.06502	-0.1931283	0.28644	0.961111	0.0388889	1.92222	0.0777778	0.8086923
1465	1	-16.23486	-15.9339	-0.3009552	0.133913	0.975812	0.0241876	1.95162	0.0483752	0.9007659
1466	0	-19.02443	-18.79308	-0.2313525	0.30326	0.945776	0.0542238	1.89155	0.108448	0.8402023
1467	1	-18.93112	-18.57989	-0.3512224	-0.0159592	0.988078	0.0119215	1.97616	0.0238431	0.9472022
1468	0	-17.55435	-17.31209	-0.2422547	0.368456	0.971801	0.0281986	1.9436	0.0563973	0.8494124
1469	1	-16.91478	-16.51639	-0.3983866	0.453941	0.965399	0.034601	1.9308	0.069202	0.9929464
1470	0	-16.25975	-15.93536	-0.3243871	0.297096	0.968499	0.0315005	1.937	0.063001	0.9221218
1471	1	-15.04346	-14.64455	-0.3989098	0.263428	0.976672	0.023328	1.95334	0.046656	0.9934661
1472	0	-16.93287	-16.67682	-0.2560502	0.0978936	0.973082	0.0269185	1.94616	0.0538369	0.8612117
1473	1	-15.71282	-15.31391	-0.3989098	0.137712	0.964709	0.0352908	1.92942	0.0705817	0.9934661
1474	0	-18.17779	-17.95062	-0.2271681	0.190109	0.952884	0.0471159	1.90577	0.0942319	0.8366939
1475	1	-15.54046	-15.18385	-0.3566074	0.163785	0.974528	0.0254722	1.94906	0.0509444	0.9523166
1476	0	-18.08917	-17.84057	-0.2485924	-0.0213579	0.96269	0.0373098	1.92538	0.0746197	0.8548129
1477	1	-15.57879	-15.21207	-0.3667217	0.129872	0.979858	0.0201421	1.95972	0.0402842	0.9619975
1478	0	-16.61913	-16.31739	-0.3017455	0.299984	0.966899	0.0331012	1.9338	0.0662023	0.901478
1479	1	-16.26442	-15.8977	-0.3667217	0.0314573	0.981535	0.0184651	1.96307	0.0369303	0.9619975
1480	0	-16.84514	-16.45145	-0.3936946	0.224006	0.950261	0.0497389	1.90052	0.0994777	0.9882984
1481	1	-16.41352	-16.05821	-0.3553064	0.418029	0.977955	0.0220454	1.95591	0.0440908	0.9510785
1482	0	-16.07875	-15.70318	-0.3755716	0.181313	0.985336	0.014664	1.97067	0.029328	0.9705489
1483	1	-15.73354	-15.37058	-0.3629617	0.123682	0.970199	0.0298013	1.9404	0.0596025	0.9583872
1484	0	-19.44902	-19.08533	-0.3636891	0.218903	0.918709	0.0812911	1.83742	0.162582	0.9590846
1485	1	-17.11529	-16.76945	-0.345835	0.0845285	0.953363	0.0466367	1.90673	0.0932735	0.942113
1486	0	-17.83657	-17.43452	-0.4020549	0.401161	0.947873	0.0521275	1.89575	0.104255	0.9965956
1487	1	-15.64571	-15.26991	-0.3757988	0.122777	0.981765	0.018235	1.96353	0.0364701	0.9707694
1488	0	-16.36886	-16.02286	-0.3460048	0.29486	0.963544	0.0364563	1.92709	0.0729125	0.9422729
1489	1	-18.09973	-17.77281	-0.3269259	0.173803	0.940619	0.0593811	1.88124	0.118762	0.9244658
1490	0	-16.14419	-15.78754	-0.3566429	0.392283	0.977685	0.0223148	1.95537	0.0446296	0.9523505
1491	1	-18.79889	-18.46156	-0.3373315	0.105339	0.930491	0.0695088	1.86098	0.139018	0.9341357
1492	0	-15.94097	-15.57775	-0.3632199	0.343177	0.970589	0.0294106	1.94118	0.0588212	0.9586347
1493	1	-22.08194	-21.84514	-0.2368014	-0.108798	0.910899	0.0891012	1.8218	0.178202	0.844793
1494	0	-16.50614	-16.23555	-0.2705929	0.196327	0.973484	0.0265158	1.94697	0.0530315	0.8738276
1495	1	-15.41494	-15.02384	-0.3910966	0.299056	0.982421	0.0175793	1.96484	0.0351585	0.9857342
1496	0	-17.38173	-17.11629	-0.2654438	0.392303	0.976046	0.0239537	1.95209	0.0479074	0.8693397
1497	1	-16.45919	-16.14222	-0.3169617	0.188877	0.963742	0.0362581	1.92748	0.0725163	0.9153
1498	0	-18.64575	-18.41646	-0.2292919	0.0995988	0.947264	0.0527364	1.89453	0.105473	0.8384727
1499	1	-16.88983	-16.54218	-0.3476451	0.0174513	0.960624	0.0393764	1.92125	0.0787528	0.9438198
1500	0	-17.92697	-17.74668	-0.1802875	0.121777	0.975493	0.0245068	1.95099	0.0490135	0.7983744
1501	1	-15.76834	-15.37908	-0.3892667	0.33098	0.968198	0.0318017	1.9364	0.0636034	0.9839321
1502	0	-18.94947	-18.84555	-0.1039119	0.185026	0.969733	0.0302675	1.93947	0.060535	0.7396685
1503	1	-16.44149	-16.08144	-0.3600463	0.396857	0.982551	0.0174491	1.9651	0.0348982	0.9555972
1504	0	-17.86335	-17.66171	-0.2016446	0.165224	0.962202	0.0377981	1.9244	0.0755963	0.8156088
1505	1	-15.84354	-15.46413	-0.3794085	0.318673	0.977852	0.0221483	1.9557	0.0442965	0.9742799
1506	0	-17.67364	-17.38357	-0.2900609	0.150113	0.950866	0.049134	1.90173	0.0982681	0.891006
1507	1	-18.33863	-17.97018	-0.3684504	-0.098013	0.948044	0.0519557	1.89609	0.103911	0.963662
1508	0	-17.297	-16.9848	-0.312199	0.33915	0.98526	0.0147404	1.97052	0.0294808	0.9109511
1509	1	-15.53757	-15.15393	-0.3836416	0.332113	0.973077	0.026923	1.94615	0.0538459	0.9784129
1510	0	-16.14135	-15.76108	-0.3802724	0.402835	0.981947	0.0180532	1.96389	0.0361064	0.975122
1511	1	-15.20045	-14.80895	-0.3915013	0.299709	0.978191	0.0218086	1.95638	0.0436172	0.9861332
1512	0	-16.14384	-15.81398	-0.329859	0.29424	0.981867	0.0181333	1.96373	0.0362666	0.9271814
1513	1	-17.51435	-17.25038	-0.2639734	0.400595	0.977371	0.0226291	1.95474	0.0452582	0.8680623
1514	0	-20.92062	-20.5889	-0.3317171	-0.162135	0.922052	0.0779478	1.8441	0.155896	0.9289058
1515	1	-16.47357	-16.11616	-0.3574105	0.415889	0.972557	0.0274432	1.94511	0.0548864	0.9530817
1516	0	-16.24351	-15.93632	-0.3071918	0.160214	0.969697	0.030303	1.93939	0.0606059	0.9064012
1517	1	-16.8494	-16.53466	-0.3147445	0.0612451	0.982228	0.0177723	1.96446	0.0355446	0.9132729
1518	0	-18.48891	-18.15095	-0.3379661	0.343804	0.941678	0.0583222	1.88336	0.116644	0.9347287
1519	1	-18.2772	-18.0536	-0.2235923	0.2619	0.954083	0.0459168	1.90817	0.0918336	0.8337073
1520	0	-15.84817	-15.51955	-0.3286162	0.251943	0.973671	0.0263292	1.94734	0.0526584	0.9260297
1521	1	-16.90572	-16.60947	-0.2962561	0.0158228	0.973925	0.0260747	1.94785	0.0521494	0.896543
1522	0	-16.95589	-16.61656	-0.3393337	0.416798	0.96807	0.0319299	1.93614	0.0638598	0.9360079
1523	1	-15.06794	-14.66405	-0.4038888	0.292458	0.976114	0.0238856	1.95223	0.0477713	0.998425
1524	0	-15.61785	-15.23273	-0.3851224	0.0644572	0.973847	0.0261534	1.94769	0.0523069	0.9798628
1525	1	-16.2604	-15.96613	-0.2942677	0.160614	0.973627	0.0263727	1.94725	0.0527454	0.8947621
1526	0	-17.55078	-17.14886	-0.4019212	0.0353798	0.9556	0.0444001	1.9112	0.0888002	0.9964624
1527	1	-15.78881	-15.43157	-0.3572343	0.195955	0.982687	0.0173131	1.96537	0.0346262	0.9529138
1528	0	-17.10691	-16.74105	-0.3658595	-0.0402926	0.960465	0.0395346	1.92093	0.0790692	0.9611685
1529	1	-16.30667	-16.00765	-0.2990136	0.296704	0.974039	0.0259614	1.94808	0.0519229	0.8990186
1530	0	-16.5315	-16.14537	-0.3861304	0.447533	0.971709	0.0282909	1.94342	0.0565817	0.980851
1531	1	-15.81986	-15.48321	-0.3366489	0.155393	0.972652	0.0273478	1.9453	0.0546957	0.9334983
1532	0	-16.66597	-16.29959	-0.3663781	-0.0088111	0.964092	0.0359079	1.92818	0.0718158	0.9616671
1533	1	-16.35414	-16.01749	-0.3366489	0.0267142	0.973705	0.026295	1.94741	0.05259	0.9334983
1534	0	-17.01485	-16.7774	-0.2374513	0.220974	0.970241	0.0297592	1.94048	0.0595183	0.8453422
1535	1	-17.72171	-17.3869	-0.334815	0.173846	0.944708	0.0552925	1.88942	0.110585	0.9317878
1536	0	-17.42238	-17.17465	-0.2477301	0.0309894	0.973774	0.0262259	1.94755	0.0524519	0.8540761
1537	1	-18.32552	-17.92904	-0.3964735	0.41854	0.944785	0.0552147	1.88957	0.110429	0.9910487
1538	0	-18.11139	-17.91642	-0.1949663	0.0475213	0.967443	0.0325571	1.93489	0.0651142	0.8101801
1539	1	-15.47823	-15.07825	-0.3999819	0.133966	0.98319	0.01681	1.96638	0.03362	0.9945317
1540	0	-17.10836	-16.87149	-0.2368742	0.278126	0.971288	0.0287116	1.94258	0.0574232	0.8448545
1541	1	-15.12349	-14.72351	-0.3999819	0.278529	0.97445	0.0255505	1.9489	0.051101	0.9945317
1542	0	-20.8831	-20.71195	-0.1711554	0.295767	0.930693	0.0693072	1.86139	0.138614	0.7911167
1543	1	-15.86312	-15.53359	-0.3295302	0.184934	0.972314	0.0276862	1.94463	0.0553725	0.9268765
1544	0	-16.05511	-15.72103	-0.3340808	0.231873	0.967609	0.0323913	1.93522	0.0647826	0.9311039
1545	1	-15.9047	-15.54101	-0.3636957	0.124289	0.96693	0.03307	1.93386	0.06614	0.9590909
1546	0	-17.74564	-17.37024	-0.3753994	0.35831	0.947672	0.0523283	1.89534	0.104657	0.9703817
1547	1	-17.72194	-17.33367	-0.3882634	0.417708	0.952486	0.0475143	1.90497	0.0950285	0.9829454
1548	0	-16.41087	-16.07823	-0.3326402	0.112946	0.963978	0.0360219	1.92796	0.0720438	0.9297636
1549	1	-16.91466	-16.58273	-0.3319275	0.0780158	0.958225	0.041775	1.91645	0.0835501	0.9291012
1550	0	-15.91756	-15.54458	-0.372974	0.127457	0.965279	0.0347212	1.93056	0.0694423	0.9680311
1551	1	-16.05913	-15.66262	-0.3965179	0.386962	0.983992	0.0160082	1.96798	0.0320164	0.9910927
1552	0	-18.49827	-18.16817	-0.3300966	0.233247	0.936032	0.0639685	1.87206	0.127937	0.9274017
1553	1	-15.52794	-15.1477	-0.3802441	0.186558	0.982834	0.0171656	1.96567	0.0343312	0.9750943
1554	0	-18.00274	-17.61852	-0.3842221	0.371368	0.986489	0.0135113	1.97298	0.0270225	0.978981
1555	1	-15.95108	-15.60541	-0.3456653	0.120116	0.980926	0.0190739	1.96185	0.0381477	0.9419531
1556	0	-15.65397	-15.26942	-0.3845477	0.186233	0.966361	0.0336387	1.93272	0.0672773	0.9792998
1557	1	-16.83284	-16.5241	-0.3087358	0.305895	0.963052	0.0369485	1.9261	0.0738969	0.9078018
1558	0	-15.18218	-14.78311	-0.3990723	0.272392	0.972986	0.0270144	1.94597	0.0540289	0.9936276
1559	1	-17.65355	-17.43928	-0.2142702	0.130632	0.964167	0.0358326	1.92833	0.0716651	0.8259716
1560	0	-16.30122	-15.95719	-0.344034	0.0817218	0.96573	0.0342701	1.93146	0.0685402	0.9404178
1561	1	-17.95256	-17.72957	-0.222996	0.142519	0.957106	0.0428937	1.91421	0.0857873	0.8332104
1562	0	-15.19909	-14.80926	-0.3898219	0.203355	0.973341	0.0266593	1.94668	0.0533185	0.9844785
1563	1	-19.55451	-19.20484	-0.349675	0.0840179	0.918505	0.0814949	1.83701	0.16299	0.9457376
1564	0	-19.42911	-19.03002	-0.3990947	-0.176884	0.938607	0.0613933	1.87721	0.122787	0.9936498
1565	1	-22.15735	-21.88335	-0.2739958	-0.00473319	0.891425	0.108575	1.78285	0.21715	0.8768062
1566	0	-14.97608	-14.5739	-0.402174	0.229917	0.978724	0.0212764	1.95745	0.0425528	0.9967143
1567	1	-16.20091	-15.80577	-0.3951415	0.427757	0.982016	0.017984	1.96403	0.035968	0.9897295
1568	0	-15.25088	-14.86669	-0.3841872	0.170607	0.974402	0.0255979	1.9488	0.0511959	0.9789469
1569	1	-16.99775	-16.67834	-0.3194062	0.425681	0.97443	0.02557	1.94886	0.0511399	0.9175402
1570	0	-17.24107	-16.85065	-0.3904213	0.509469	0.976391	0.0236094	1.95278	0.0472188	0.9850688
1571	1	-16.96846	-16.59158	-0.3768744	0.193712	0.950021	0.049979	1.90004	0.0999581	0.9718141
1572	0	-16.14926	-15.74531	-0.4039578	0.330927	0.961579	0.0384209	1.92316	0.0768419	0.9984938
1573	1	-17.36944	-17.0531	-0.3163375	0.202369	0.951566	0.0484339	1.90313	0.0968678	0.9147288
1574	0	-16.27537	-15.87141	-0.4039578	0.109112	0.986437	0.0135625	1.97287	0.0271251	0.9984938
1575	1	-15.7665	-15.41491	-0.35159	0.296451	0.972195	0.0278047	1.94439	0.0556095	0.9475504
1576	0	-16.9817	-16.66727	-0.3144297	0.392673	0.968569	0.0314306	1.93714	0.0628613	0.9129854
1577	1	-15.75634	-15.38511	-0.3712283	0.347905	0.980952	0.0190479	1.9619	0.0380959	0.9663427
1578	0	-17.11218	-16.78803	-0.3241432	0.417907	0.968671	0.031329	1.93734	0.0626581	0.9218969
1579	1	-16.08857	-15.7769	-0.3116741	0.282031	0.97473	0.0252702	1.94946	0.0505404	0.910473
1580	0	-15.94148	-15.62042	-0.3210631	0.176602	0.978533	0.0214674	1.95707	0.0429347	0.9190617
1581	1	-17.89472	-17.51889	-0.3758227	0.421788	0.952401	0.0475992	1.9048	0.0951983	0.9707926
1582	0	-16.28329	-15.95256	-0.3307298	0.125749	0.965781	0.0342193	1.93156	0.0684385	0.927989
1583	1	-16.22838	-15.90918	-0.3191957	0.272295	0.968589	0.0314109	1.93718	0.0628218	0.917347
1584	0	-18.05354	-17.70877	-0.3447744	-0.139382	0.977745	0.0222546	1.95549	0.0445093	0.9411143
1585	1	-16.00488	-15.62407	-0.3808101	0.307475	0.964642	0.0353577	1.92928	0.0707155	0.9756465
1586	0	-16.21027	-15.81547	-0.3947953	0.0774732	0.960575	0.0394249	1.92115	0.0788498	0.9893869
1587	1	-19.03869	-18.64359	-0.3951053	0.24494	0.922105	0.0778948	1.84421	0.15579	0.9896937
1588	0	-18.60206	-18.30228	-0.2997765	-0.137887	0.963501	0.0364993	1.927	0.0729985	0.8997048
1589	1	-16.07962	-15.6947	-0.3849179	0.0056617	0.970398	0.0296019	1.9408	0.0592038	0.9796624
1590	0	-17.35406	-16.99841	-0.355651	0.29907	0.950415	0.049585	1.90083	0.09917	0.9514063
1591	1	-17.02049	-16.72097	-0.2995163	0.306264	0.98411	0.0158899	1.96822	0.0317797	0.8994707
1592	0	-16.41403	-16.0622	-0.3518349	0.147542	0.984946	0.0150537	1.96989	0.0301074	0.9477825
1593	1	-20.58616	-20.35773	-0.2284374	-0.171658	0.978932	0.0210679	1.95786	0.0421358	0.8377566
1594	0	-16.12097	-15.80768	-0.3132815	0.300639	0.975608	0.024392	1.95122	0.0487839	0.9119377
1595	1	-16.62093	-16.32034	-0.3005906	0.296768	0.982245	0.0177548	1.96449	0.0355096	0.9004375
1596	0	-15.26676	-14.87618	-0.3905822	0.153412	0.9731	0.0268997	1.9462	0.0537994	0.9852273
1597	1	-16.39341	-16.03787	-0.355534	0.34217	0.964989	0.0350111	1.92998	0.0700222	0.951295
1598	0	-16.34595	-15.98517	-0.3607753	-0.000674537	0.970903	0.0290968	1.94181	0.0581937	0.956294
1599	1	-16.54229	-16.24634	-0.295952	0.0928112	0.970166	0.0298337	1.94033	0.0596674	0.8962704
1600	0	-15.6113	-15.21905	-0.3922522	0.277189	0.967211	0.032789	1.93442	0.0655781	0.986874
1601	1	-16.49999	-16.16327	-0.3367253	0.0958317	0.962808	0.0371915	1.92562	0.0743831	0.9335695
1602	0	-15.82256	-15.43503	-0.3875253	0.159484	0.963965	0.0360355	1.92793	0.0720709	0.9822201
1603	1	-15.63949	-15.26796	-0.3715361	0.234468	0.968479	0.0315214	1.93696	0.0630428	0.9666401
1604	0	-14.95938	-14.55504	-0.4043347	0.214759	0.976534	0.023466	1.95307	0.0469319	0.9988702
1605	1	-16.95097	-16.66433	-0.286637	0.34538	0.968407	0.0315931	1.93681	0.0631862	0.8879604
1606	0	-15.31423	-14.92202	-0.3922142	0.178942	0.97087	0.0291302	1.94174	0.0582604	0.9868365
1607	1	-18.39595	-18.17777	-0.2181778	0.33822	0.983288	0.0167116	1.96658	0.0334233	0.8292054
1608	0	-15.79435	-15.42684	-0.3675031	0.334952	0.981699	0.0183007	1.9634	0.0366015	0.9627495
1609	1	-15.90412	-15.55128	-0.3528351	0.0707476	0.976582	0.0234183	1.95316	0.0468366	0.9487309
1610	0	-16.26184	-15.85947	-0.4023666	0.111536	0.95768	0.04232	1.91536	0.0846399	0.9969063
1611	1	-16.1104	-15.778	-0.3323939	0.122586	0.968751	0.0312489	1.9375	0.0624978	0.9295346
1612	0	-15.1818	-14.7823	-0.3995002	0.127094	0.978818	0.0211823	1.95764	0.0423647	0.9940529
1613	1	-16.40699	-16.01523	-0.3917576	0.036805	0.96056	0.0394401	1.92112	0.0788803	0.986386
1614	0	-21.35896	-20.97096	-0.3880058	0.640094	0.967961	0.032039	1.93592	0.0640781	0.9826922
1615	1	-16.07331	-15.74918	-0.3241263	0.182277	0.968957	0.0310429	1.93791	0.0620858	0.9218813
1616	0	-15.48664	-15.08722	-0.39942	0.344393	0.982235	0.017765	1.96447	0.0355301	0.9939731
1617	1	-15.56304	-15.16793	-0.3951057	0.202306	0.966281	0.0337195	1.93256	0.0674389	0.9896941
1618	0	-15.94831	-15.63244	-0.3158652	0.191584	0.974676	0.0253242	1.94935	0.0506484	0.9142969
1619	1	-15.07845	-14.67938	-0.3990639	0.285295	0.977398	0.0226021	1.9548	0.0452042	0.9936192
1620	0	-17.91559	-17.63089	-0.2847003	0.303105	0.986227	0.0137726	1.97245	0.0275452	0.8862424
1621	1	-16.51656	-16.14061	-0.3759548	0.0157192	0.962619	0.0373809	1.92524	0.0747619	0.9709209
1622	0	-17.9987	-17.74382	-0.2548757	0.146108	0.985065	0.014935	1.97013	0.0298701	0.8602008
1623	1	-18.63409	-18.30432	-0.3297664	0.257501	0.935218	0.0647822	1.87044	0.129564	0.9270955
1624	0	-16.23051	-15.82618	-0.4043288	0.01117	0.963694	0.0363065	1.92739	0.0726129	0.9988643
1625	1	-16.10859	-15.76936	-0.339237	0.181375	0.96581	0.0341897	1.93162	0.0683794	0.9359174
1626	0	-15.41618	-15.01464	-0.4015465	0.0679077	0.974874	0.0251258	1.94975	0.0502516	0.9960891
1627	1	-15.71232	-15.35157	-0.3607554	0.232463	0.968925	0.0310748	1.93785	0.0621497	0.956275
1628	0	-16.41387	-16.09404	-0.3198306	0.343485	0.970794	0.0292065	1.94159	0.058413	0.9179297
1629	1	-17.14466	-16.80602	-0.3386407	0.456681	0.974086	0.0259142	1.94817	0.0518285	0.9353594
1630	0	-16.13722	-15.76515	-0.3720712	0.342046	0.966205	0.033795	1.93241	0.06759	0.9671575
1631	1	-18.02742	-17.68299	-0.3444347	0.48355	0.964675	0.035325	1.92935	0.07065	0.9407947
1632	0	-15.61612	-15.24996	-0.3661645	0.217108	0.982384	0.0176161	1.96477	0.0352323	0.9614616
1633	1	-19.83977	-19.61566	-0.2241094	-0.0214014	0.984901	0.0150991	1.9698	0.0301981	0.8341386
1634	0	-16.86208	-16.49592	-0.3661645	0.338301	0.986591	0.0134093	1.97318	0.0268187	0.9614616
1635	1	-17.29023	-17.06322	-0.2270053	0.30282	0.975582	0.0244175	1.95116	0.0488351	0.8365576
1636	0	-15.98312	-15.61915	-0.3639702	0.0641775	0.969561	0.0304388	1.93912	0.0608776	0.9593542
1637	1	-17.69526	-17.37243	-0.3228245	0.135259	0.946733	0.0532669	1.89347	0.106534	0.920682
1638	0	-16.03187	-15.69462	-0.3372459	0.337153	0.979076	0.0209245	1.95815	0.0418489	0.9340557
1639	1	-18.42286	-18.02538	-0.3974866	0.558183	0.970175	0.0298254	1.94035	0.0596509	0.9920533
1640	0	-16.09156	-15.77839	-0.3131651	0.178032	0.971155	0.0288445	1.94231	0.057689	0.9118315
1641	1	-19.05725	-18.7526	-0.3046484	-0.0197889	0.937548	0.0624521	1.8751	0.124904	0.9040987
1642	0	-16.50765	-16.17234	-0.3353114	0.0405539	0.967075	0.0329248	1.93415	0.0658496	0.9322505
1643	1	-16.4742	-16.19838	-0.2758155	0.260389	0.97514	0.0248596	1.95028	0.0497192	0.8784031
1644	0	-15.48852	-15.08547	-0.4030488	0.194829	0.984475	0.0155251	1.96895	0.0310502	0.9975866
1645	1	-16.51947	-16.18498	-0.3344859	0.161294	0.960721	0.039279	1.92144	0.0785579	0.9314812
1646	0	-15.36815	-14.99685	-0.3713034	0.246256	0.974102	0.0258978	1.9482	0.0517956	0.9664152
1647	1	-15.21598	-14.81308	-0.4028982	0.103693	0.97715	0.0228505	1.9543	0.045701	0.9974364
1648	0	-16.10315	-15.70914	-0.3940178	0.431574	0.975135	0.0248653	1.95027	0.0497306	0.988618
1649	1	-17.52405	-17.2116	-0.3124488	0.0692281	0.952559	0.0474406	1.90512	0.0948812	0.9111787
1650	0	-16.03717	-15.65547	-0.381705	0.413892	0.978439	0.0215611	1.95688	0.0431221	0.9765199
1651	1	-17.51258	-17.21763	-0.2949538	-0.0525998	0.973358	0.0266421	1.94672	0.0532841	0.8953762
1652	0	-15.41927	-15.05887	-0.3604028	0.224099	0.976286	0.0237136	1.95257	0.0474272	0.9559379
1653	1	-17.83779	-17.52773	-0.3100606	0.362385	0.95458	0.04542	1.90916	0.09084	0.9090051
1654	0	-15.80601	-15.4097	-0.3963062	0.261964	0.985527	0.0144735	1.97105	0.0289469	0.9908829
1655	1	-15.25861	-14.85616	-0.4024451	0.324053	0.981098	0.0189021	1.9622	0.0378041	0.9969845
1656	0	-17.34243	-17.06926	-0.2731668	0.0140994	0.967195	0.0328048	1.93439	0.0656096	0.8760796
1657	1	-14.96932	-14.56687	-0.4024451	0.215545	0.977311	0.0226889	1.95462	0.0453778	0.9969845
1658	0	-18.76232	-18.57082	-0.1914947	0.258722	0.952667	0.0473329	1.90533	0.0946657	0.8073723
1659	1	-15.93354	-15.55882	-0.3747219	0.152203	0.964086	0.0359137	1.92817	0.0718274	0.9697246
1660	0	-16.78471	-16.51213	-0.2725733	0.0910567	0.976688	0.0233124	1.95338	0.0466249	0.8755598
1661	1	-15.21029	-14.8136	-0.3966913	0.291944	0.973965	0.0260353	1.94793	0.0520707	0.9912646
1662	0	-15.47294	-15.07696	-0.3959821	0.0734367	0.973644	0.0263562	1.94729	0.0527124	0.9905618
1663	1	-15.09181	-14.69074	-0.4010757	0.171577	0.980287	0.0197134	1.96057	0.0394267	0.9956202
1664	0	-16.45692	-16.05493	-0.4019809	0.468486	0.979584	0.0204164	1.95917	0.0408327	0.9965219
1665	1	-17.11862	-16.76508	-0.353538	0.386987	0.960168	0.0398317	1.92034	0.0796635	0.9493981
1666	0	-15.93915	-15.56688	-0.3722754	0.116341	0.983417	0.0165829	1.96683	0.0331658	0.9673551
1667	1	-15.55195	-15.1988	-0.353148	0.268673	0.97612	0.0238796	1.95224	0.0477592	0.9490279
1668	0	-15.29064	-14.91316	-0.3774819	0.27649	0.97783	0.0221704	1.95566	0.0443409	0.9724047
1669	1	-15.4505	-15.05533	-0.395165	0.0884446	0.980191	0.0198092	1.96038	0.0396184	0.9897527
1670	0	-17.79332	-17.38994	-0.4033858	0.0292697	0.940592	0.0594083	1.88118	0.118817	0.9979229
1671	1	-16.51814	-16.1788	-0.3393419	0.294966	0.984774	0.015226	1.96955	0.030452	0.9360155
1672	0	-16.86991	-16.47671	-0.3932016	-0.103079	0.974194	0.025806	1.94839	0.051612	0.9878114
1673	1	-16.1006	-15.73019	-0.3704129	0.0993354	0.96405	0.0359499	1.9281	0.0718999	0.965555
1674	0	-15.50909	-15.13831	-0.3707753	0.143133	0.98025	0.0197503	1.9605	0.0395006	0.965905
1675	1	-16.95267	-16.56863	-0.38404	0.0679248	0.952061	0.047939	1.90412	0.0958781	0.9788028
1676	0	-15.76379	-15.41714	-0.3466404	0.131955	0.972924	0.0270761	1.94585	0.0541523	0.942872
1677	1	-15.88944	-15.48862	-0.4008223	0.241319	0.961656	0.0383436	1.92331	0.0766873	0.995368
1678	0	-16.73225	-16.34511	-0.3871419	0.025024	0.985245	0.0147546	1.97049	0.0295092	0.9818436
1679	1	-17.4594	-17.1106	-0.348802	-0.00143536	0.953515	0.0464847	1.90703	0.0929695	0.9449123
1680	0	-15.87608	-15.50886	-0.367226	0.295034	0.967531	0.0324695	1.93506	0.0649389	0.9624827
1681	1	-20.60291	-20.40435	-0.1985598	0.073651	0.924781	0.0752191	1.84956	0.150438	0.8130966
1682	0	-15.42371	-15.0566	-0.3671111	0.177324	0.973993	0.0260072	1.94799	0.0520144	0.9623722
1683	1	-16.91403	-16.58612	-0.3279099	0.208269	0.956143	0.043857	1.91229	0.087714	0.9253759
1684	0	-17.25415	-16.84886	-0.4052902	-0.117454	0.963214	0.0367862	1.92643	0.0735724	0.9998251
1685	1	-19.70469	-19.52642	-0.1782776	0.413925	0.982227	0.0177727	1.96445	0.0355454	0.7967713
1686	0	-15.31413	-14.91986	-0.3942702	0.11694	0.973597	0.0264027	1.94719	0.0528053	0.9888675
1687	1	-17.26543	-17.04685	-0.2185769	0.264722	0.974928	0.0250717	1.94986	0.0501433	0.8295365
1688	0	-16.07278	-15.67934	-0.3934338	0.31777	0.985776	0.014224	1.97155	0.028448	0.9880408
1689	1	-15.97686	-15.66041	-0.3164539	0.16754	0.974397	0.0256034	1.94879	0.0512069	0.9148353
1690	0	-18.74882	-18.43839	-0.3104325	-0.0580755	0.945175	0.0548254	1.89035	0.109651	0.9093433
1691	1	-15.43895	-15.06966	-0.3692852	0.18738	0.972627	0.0273726	1.94525	0.0547452	0.9644667
1692	0	-15.57497	-15.18884	-0.3861288	0.102409	0.970394	0.0296059	1.94079	0.0592117	0.9808495
1693	1	-16.11024	-15.74776	-0.3624777	0.330485	0.97249	0.0275103	1.94498	0.0550206	0.9579235
1694	0	-17.67371	-17.34369	-0.3300207	-0.00442583	0.953132	0.0468676	1.90626	0.0937352	0.9273313
1695	1	-17.68078	-17.36546	-0.3153145	0.14205	0.986892	0.0131082	1.97378	0.0262164	0.9137935
1696	0	-16.04788	-15.6458	-0.4020727	0.388255	0.967617	0.0323834	1.93523	0.0647667	0.9966133
1697	1	-16.0987	-15.75064	-0.3480619	0.0821758	0.96871	0.0312904	1.93742	0.0625808	0.9442133
1698	0	-15.56906	-15.19286	-0.3761981	0.267226	0.982787	0.0172128	1.96557	0.0344256	0.9711571
1699	1	-15.43448	-15.04874	-0.385747	0.110229	0.973136	0.0268637	1.94627	0.0537274	0.980475
1700	0	-15.79452	-15.42725	-0.3672643	0.292825	0.968636	0.0313641	1.93727	0.0627282	0.9625196
1701	1	-17.69153	-17.37552	-0.3160126	0.313229	0.951686	0.0483139	1.90337	0.0966278	0.9144317
1702	0	-17.29646	-16.94912	-0.3473443	-0.00696223	0.956622	0.0433785	1.91324	0.086757	0.9435359
1703	1	-16.71023	-16.37249	-0.3377423	-0.020727	0.975791	0.0242093	1.95158	0.0484187	0.9345195
1704	0	-16.43703	-16.07301	-0.3640263	0.128683	0.985408	0.0145921	1.97082	0.0291842	0.959408
1705	1	-19.10565	-18.74064	-0.3650071	-0.0652361	0.933123	0.0668771	1.86625	0.133754	0.9603495
1706	0	-15.51443	-15.15296	-0.3614746	0.214682	0.972401	0.0275989	1.9448	0.0551978	0.956963
1707	1	-15.40518	-15.03812	-0.3670622	0.162642	0.976476	0.0235237	1.95295	0.0470474	0.9623252
1708	0	-16.74304	-16.39093	-0.3521023	0.388527	0.965245	0.0347555	1.93049	0.0695109	0.948036
1709	1	-17.51813	-17.11501	-0.4031204	-0.164713	0.972051	0.0279485	1.9441	0.0558971	0.9976581
1710	0	-15.32447	-14.93772	-0.3867481	0.119231	0.977572	0.0224276	1.95514	0.0448552	0.9814571
1711	1	-15.4416	-15.03848	-0.4031204	0.212751	0.967053	0.0329475	1.93411	0.065895	0.9976581
1712	0	-15.67759	-15.3278	-0.3497934	0.300798	0.976487	0.0235132	1.95297	0.0470264	0.9458496
1713	1	-17.12761	-16.72449	-0.4031204	0.499886	0.98206	0.0179401	1.96412	0.0358802	0.9976581
1714	0	-16.42217	-16.13005	-0.2921233	0.233942	0.969087	0.0309126	1.93817	0.0618251	0.8928454
1715	1	-15.43854	-15.05027	-0.3882742	0.140963	0.977034	0.0229664	1.95407	0.0459327	0.9829561
1716	0	-21.4494	-21.05739	-0.3920022	-0.235974	0.917598	0.0824017	1.8352	0.164803	0.9866273
1717	1	-15.36479	-14.99653	-0.3682594	0.248235	0.97544	0.0245598	1.95088	0.0491196	0.9634779
1718	0	-15.45633	-15.05489	-0.4014446	0.0919614	0.970778	0.0292224	1.94156	0.0584448	0.9959875
1719	1	-19.97115	-19.64317	-0.3279832	0.373621	0.927365	0.072635	1.85473	0.14527	0.9254438
1720	0	-15.17409	-14.77115	-0.4029408	0.136222	0.973595	0.0264052	1.94719	0.0528104	0.9974789
1721	1	-16.72366	-16.36968	-0.3539765	0.145735	0.955865	0.0441346	1.91173	0.0882691	0.9498144
1722	0	-16.40676	-16.12046	-0.2863015	0.258903	0.971991	0.028009	1.94398	0.0560179	0.8876626
1723	1	-15.27142	-14.88835	-0.3830763	0.282106	0.979539	0.0204611	1.95908	0.0409222	0.97786
1724	0	-17.65269	-17.44002	-0.2126741	0.320057	0.970802	0.0291984	1.9416	0.0583969	0.8246543
1725	1	-15.14558	-14.75251	-0.3930747	0.245257	0.974196	0.0258043	1.94839	0.0516085	0.9876861
1726	0	-16.98061	-16.6792	-0.3014065	0.339662	0.964684	0.035316	1.92937	0.070632	0.9011725
1727	1	-17.37272	-17.0384	-0.3343246	0.251914	0.950511	0.0494889	1.90102	0.0989778	0.9313311
1728	0	-17.234	-16.94145	-0.2925518	-0.0193587	0.973697	0.0263031	1.94739	0.0526062	0.8932281
1729	1	-16.59168	-16.22861	-0.3630682	0.238585	0.98656	0.0134403	1.97312	0.0268806	0.9584893
1730	0	-16.21465	-15.81466	-0.3999842	0.419289	0.983376	0.0166241	1.96675	0.0332482	0.9945341
1731	1	-18.65441	-18.31965	-0.3347528	-0.163179	0.960036	0.0399636	1.92007	0.0799272	0.9317299
1732	0	-15.9475	-15.54552	-0.401979	0.241341	0.986358	0.0136418	1.97272	0.0272836	0.99652
1733	1	-15.74758	-15.40504	-0.3425397	0.24104	0.9719	0.0281	1.9438	0.0562	0.9390135
1734	0	-16.9235	-16.58165	-0.3418434	0.34639	0.960305	0.0396946	1.92061	0.0793892	0.9383599
1735	1	-15.69367	-15.34139	-0.3522793	0.310802	0.978206	0.0217939	1.95641	0.0435879	0.9482038
1736	0	-16.65874	-16.32604	-0.3326937	-0.0055972	0.976508	0.0234919	1.95302	0.0469839	0.9298134
1737	1	-15.98961	-15.67832	-0.31129	0.228568	0.975315	0.0246855	1.95063	0.0493709	0.9101234
1738	0	-15.7369	-15.34795	-0.3889411	0.0382049	0.973362	0.0266383	1.94672	0.0532766	0.9836117
1739	1	-16.48804	-16.17675	-0.31129	0.287488	0.966544	0.0334564	1.93309	0.0669127	0.9101234
1740	0	-16.45584	-16.09988	-0.3559641	0.0318551	0.965166	0.0348337	1.93033	0.0696675	0.9517042
1741	1	-16.74523	-16.40871	-0.3365246	-0.0221368	0.971907	0.0280926	1.94381	0.0561852	0.9333822
1742	0	-16.12035	-15.74754	-0.3728124	0.00498589	0.973182	0.0268179	1.94636	0.0536358	0.9678747
1743	1	-16.445	-16.0774	-0.3675964	-0.0121787	0.968653	0.0313474	1.93731	0.0626948	0.9628393
1744	0	-15.37028	-14.99139	-0.3788899	0.134462	0.975076	0.0249238	1.95015	0.0498475	0.9737748
1745	1	-17.02804	-16.6746	-0.3534418	-0.0277112	0.96221	0.0377899	1.92442	0.0755799	0.9493068
1746	0	-16.53382	-16.25717	-0.2766593	0.240538	0.979215	0.0207847	1.95843	0.0415694	0.8791447
1747	1	-15.64994	-15.26546	-0.3844828	0.273048	0.967514	0.032486	1.93503	0.0649719	0.9792363
1748	0	-17.87869	-17.62554	-0.2531467	-0.0288774	0.968492	0.0315078	1.93698	0.0630157	0.8587148
1749	1	-15.6231	-15.24675	-0.3763451	0.0750819	0.976603	0.0233967	1.95321	0.0467934	0.9712999
1750	0	-17.38943	-17.01394	-0.3754896	0.306599	0.94832	0.0516798	1.89664	0.10336	0.9704693
1751	1	-17.0598	-16.71969	-0.3401045	0.387894	0.984662	0.0153378	1.96932	0.0306755	0.9367297
1752	0	-16.05953	-15.68035	-0.3791782	0.0705021	0.965147	0.0348534	1.93029	0.0697068	0.9740556
1753	1	-15.98917	-15.60979	-0.3793792	0.395598	0.97342	0.0265802	1.94684	0.0531605	0.9742513
1754	0	-16.51458	-16.13104	-0.3835391	0.216728	0.955231	0.0447692	1.91046	0.0895384	0.9783126
1755	1	-15.97298	-15.63737	-0.3356039	0.300351	0.971788	0.0282118	1.94358	0.0564235	0.9325233
1756	0	-15.69074	-15.31863	-0.3721155	0.0864385	0.972268	0.0277316	1.94454	0.0554631	0.9672004
1757	1	-16.02506	-15.63891	-0.3861512	0.0749219	0.983676	0.0163238	1.96735	0.0326476	0.9808714
1758	0	-16.14492	-15.74749	-0.3974339	0.318406	0.9616	0.0383998	1.9232	0.0767996	0.992001
1759	1	-22.02062	-21.66534	-0.3552827	0.283681	0.884027	0.115973	1.76805	0.231946	0.951056
1760	0	-17.85606	-17.50022	-0.3558378	0.104845	0.941517	0.0584827	1.88303	0.116965	0.951584
1761	1	-15.40719	-15.0375	-0.3696901	0.272027	0.979599	0.0204005	1.9592	0.040801	0.9648574
1762	0	-16.67118	-16.40325	-0.267932	0.188409	0.979346	0.0206536	1.95869	0.0413072	0.8715055
1763	1	-15.36629	-14.97626	-0.3900366	0.183507	0.970197	0.0298034	1.94039	0.0596068	0.9846899
1764	0	-15.58748	-15.20319	-0.3842932	0.066149	0.975688	0.0243125	1.95138	0.048625	0.9790506
1765	1	-16.04069	-15.71739	-0.3232991	0.113415	0.975162	0.0248381	1.95032	0.0496763	0.921119
1766	0	-18.54311	-18.16359	-0.3795197	0.300057	0.990091	0.00990933	1.98018	0.0198187	0.9743883
1767	1	-17.17075	-16.80652	-0.3642344	0.464953	0.982283	0.0177174	1.96457	0.0354349	0.9596077
1768	0	-16.47277	-16.12995	-0.3428179	0.335756	0.965173	0.0348268	1.93035	0.0696536	0.9392748
1769	1	-15.71261	-15.30832	-0.4042968	0.0202134	0.979078	0.0209216	1.95816	0.0418432	0.9988323
1770	0	-16.95514	-16.55176	-0.4033764	-0.0736965	0.982668	0.0173317	1.96534	0.0346633	0.9979134
1771	1	-16.93991	-16.5573	-0.3826027	0.0667502	0.95244	0.04756	1.90488	0.0951201	0.977397
1772	0	-15.75238	-15.34901	-0.4033764	0.344293	0.967529	0.0324712	1.93506	0.0649423	0.9979134
1773	1	-16.55893	-16.16692	-0.3920071	-0.0296326	0.964376	0.0356237	1.92875	0.0712474	0.9866321
1774	0	-16.57744	-16.23396	-0.3434811	0.0891079	0.961036	0.0389638	1.92207	0.0779275	0.9398979
1775	1	-16.85622	-16.5082	-0.3480161	0.432671	0.981266	0.0187339	1.96253	0.0374678	0.94417
1776	0	-15.52146	-15.1636	-0.3578659	0.194728	0.973329	0.0266714	1.94666	0.0533429	0.9535159
1777	1	-15.21637	-14.81608	-0.4002912	0.273048	0.972114	0.0278855	1.94423	0.0557711	0.9948394
1778	0	-15.42347	-15.06106	-0.3624071	0.242214	0.975308	0.0246924	1.95062	0.0493849	0.9578558
1779	1	-16.22568	-15.88119	-0.3444879	0.129918	0.964431	0.0355685	1.92886	0.0711371	0.9408447
1780	0	-15.43165	-15.04962	-0.3820291	0.31172	0.98074	0.0192598	1.96148	0.0385195	0.9768365
1781	1	-16.90764	-16.51784	-0.3898011	0.0465275	0.953161	0.0468389	1.90632	0.0936777	0.984458
1782	0	-15.73833	-15.37541	-0.3629225	0.340091	0.974749	0.0252508	1.9495	0.0505016	0.9583496
1783	1	-18.56403	-18.16875	-0.3952738	-0.121152	0.94412	0.0558801	1.88824	0.11176	0.9898604
1784	0	-15.99415	-15.64933	-0.3448199	0.0733539	0.977316	0.0226839	1.95463	0.0453677	0.9411571
1785	1	-15.45881	-15.05676	-0.4020498	0.0692617	0.979873	0.0201273	1.95975	0.0402545	0.9965906
1786	0	-15.90026	-15.5255	-0.3747602	0.237729	0.964334	0.0356664	1.92867	0.0713329	0.9697617
1787	1	-15.20339	-14.80134	-0.4020498	0.294437	0.973121	0.0268786	1.94624	0.0537573	0.9965906
1788	0	-15.69845	-15.33996	-0.3584887	0.109354	0.978591	0.021409	1.95718	0.0428179	0.9541099
1789	1	-15.88203	-15.52169	-0.3603387	0.0673844	0.978493	0.0215069	1.95699	0.0430138	0.9558767
1790	0	-17.34175	-17.03081	-0.3109443	0.0661461	0.955535	0.0444652	1.91107	0.0889304	0.9098088
1791	1	-17.8499	-17.59881	-0.2510969	-0.0168163	0.966902	0.0330982	1.9338	0.0661963	0.8569564
1792	0	-18.86389	-18.6497	-0.2141898	0.0146901	0.951882	0.0481182	1.90376	0.0962365	0.8259052
1793	1	-17.95479	-17.59118	-0.3636069	-0.0239243	0.986364	0.0136364	1.97273	0.0272728	0.9590057
1794	0	-19.06768	-18.95911	-0.1085681	0.284801	0.973323	0.0266769	1.94665	0.0533537	0.7431205
1795	1	-16.01977	-15.63238	-0.3873911	0.157731	0.961316	0.0386844	1.92263	0.0773689	0.9820883
1796	0	-16.64656	-16.37867	-0.2678873	0.169269	0.970439	0.0295609	1.94088	0.0591217	0.8714665
1797	1	-20.37681	-20.10283	-0.2739745	-0.234089	0.970949	0.0290505	1.9419	0.0581011	0.8767875
1798	0	-15.98072	-15.65099	-0.329731	0.239954	0.96985	0.0301496	1.9397	0.0602993	0.9270626
1799	1	-16.81078	-16.4068	-0.4039834	-0.04501	0.960358	0.0396421	1.92072	0.0792842	0.9985194
1800	0	-15.56832	-15.19558	-0.3727374	0.335059	0.976138	0.0238616	1.95228	0.0477232	0.9678021
1801	1	-16.58236	-16.22626	-0.356106	-0.0275443	0.977104	0.0228963	1.95421	0.0457927	0.9518392
1802	0	-15.27288	-14.8687	-0.4041871	0.0877411	0.976769	0.0232309	1.95354	0.0464619	0.9987228
1803	1	-16.51257	-16.10885	-0.4037221	0.267907	0.954422	0.045578	1.90884	0.0911559	0.9982585
1804	0	-16.12212	-15.71793	-0.4041871	0.00730417	0.982631	0.017369	1.96526	0.034738	0.9987228
1805	1	-16.38929	-16.00941	-0.3798857	0.026095	0.963178	0.0368217	1.92636	0.0736435	0.9747449
1806	0	-15.55191	-15.17109	-0.3808234	0.178428	0.968541	0.0314586	1.93708	0.0629172	0.9756594
1807	1	-16.292	-15.91824	-0.3737547	0.125752	0.959894	0.0401062	1.91979	0.0802123	0.9687871
1808	0	-16.04549	-15.73484	-0.3106526	0.180373	0.973345	0.0266554	1.94669	0.0533107	0.9095435
1809	1	-17.0257	-16.6366	-0.3891019	0.495775	0.975821	0.0241791	1.95164	0.0483583	0.98377
1810	0	-16.53589	-16.21197	-0.3239163	0.385432	0.97425	0.0257503	1.9485	0.0515005	0.9216877
1811	1	-15.27824	-14.88315	-0.3950879	0.119004	0.974282	0.0257182	1.94856	0.0514363	0.9896764
1812	0	-16.95848	-16.59694	-0.3615341	0.165688	0.951738	0.0482616	1.90348	0.0965232	0.95702
1813	1	-15.38963	-15.01148	-0.3781469	0.217622	0.971575	0.0284254	1.94315	0.0568508	0.9730516
1814	0	-16.22798	-15.83849	-0.3894971	-0.0158227	0.980025	0.0199746	1.96005	0.0399492	0.9841588
1815	1	-16.7238	-16.40353	-0.3202729	0.300273	0.962548	0.0374521	1.9251	0.0749041	0.9183358
1816	0	-16.12097	-15.73404	-0.3869269	-0.0130466	0.977871	0.0221291	1.95574	0.0442582	0.9816326
1817	1	-16.48316	-16.19768	-0.2854799	0.264183	0.979736	0.0202638	1.95947	0.0405276	0.8869336
1818	0	-15.45535	-15.06487	-0.3904828	0.147946	0.9695	0.0304999	1.939	0.0609999	0.9851294
1819	1	-17.61416	-17.37672	-0.2374402	0.363722	0.970875	0.0291251	1.94175	0.0582501	0.8453327
1820	0	-18.7054	-18.33011	-0.375295	0.188959	0.927283	0.0727171	1.85457	0.145434	0.9702804
1821	1	-16.50541	-16.17566	-0.3297507	0.0964762	0.963734	0.036266	1.92747	0.072532	0.9270809
1822	0	-17.07225	-16.74135	-0.3309037	0.0851436	0.955763	0.0442366	1.91153	0.0884731	0.9281505
1823	1	-16.31745	-15.9876	-0.3298474	0.0696543	0.979824	0.020176	1.95965	0.040352	0.9271706
1824	0	-16.22718	-15.82806	-0.3991179	0.264939	0.958213	0.0417868	1.91643	0.0835736	0.9936729
1825	1	-16.13513	-15.80344	-0.3316916	0.324202	0.980758	0.0192422	1.96152	0.0384844	0.928882
1826	0	-14.98024	-14.57597	-0.4042704	0.211091	0.97971	0.0202899	1.95942	0.0405798	0.998806
1827	1	-16.4125	-16.11348	-0.2990155	0.148579	0.968444	0.0315555	1.93689	0.0631111	0.8990203
1828	0	-15.59836	-15.20248	-0.3958863	0.220727	0.984689	0.0153106	1.96938	0.0306212	0.990467
1829	1	-17.94515	-17.55443	-0.3907119	0.331874	0.941665	0.0583349	1.88333	0.11667	0.9853551
1830	0	-16.58726	-16.24198	-0.3452832	0.234174	0.958706	0.0412942	1.91741	0.0825884	0.9415932
1831	1	-15.13195	-14.73746	-0.3944866	0.261549	0.980316	0.0196839	1.96063	0.0393678	0.9890816
1832	0	-16.44442	-16.10964	-0.3347713	0.235935	0.961912	0.0380877	1.92382	0.0761755	0.9317471
1833	1	-15.32841	-14.92599	-0.4024169	0.259179	0.983547	0.0164529	1.96709	0.0329057	0.9969564
1834	0	-16.80787	-16.51541	-0.2924557	0.0401856	0.976099	0.0239011	1.9522	0.0478022	0.8931423
1835	1	-19.02064	-18.71381	-0.306834	0.385051	0.943227	0.0567731	1.88645	0.113546	0.9060769
1836	0	-15.90217	-15.52127	-0.3809042	0.0617545	0.96823	0.0317703	1.93646	0.0635405	0.9757383
1837	1	-17.61202	-17.30121	-0.310808	-0.0297987	0.959744	0.0402563	1.91949	0.0805126	0.9096848
1838	0	-15.3756	-15.00114	-0.3744549	0.250916	0.973216	0.0267836	1.94643	0.0535672	0.9694656
1839	1	-15.69499	-15.34428	-0.3507109	0.153767	0.979884	0.0201161	1.95977	0.0402322	0.9467178
1840	0	-16.56855	-16.19131	-0.377237	0.455621	0.977624	0.0223761	1.95525	0.0447521	0.9721666
1841	1	-18.18929	-17.79535	-0.393941	-0.0590819	0.942669	0.0573309	1.88534	0.114662	0.9885421
1842	0	-16.85487	-16.49402	-0.3608472	0.275702	0.95485	0.0451497	1.9097	0.0902994	0.9563629
1843	1	-16.94337	-16.55417	-0.389198	0.220427	0.949414	0.0505863	1.89883	0.101173	0.9838645
1844	0	-15.30109	-14.90189	-0.3991986	0.268647	0.970644	0.029356	1.94129	0.0587121	0.9937531
1845	1	-15.68454	-15.30253	-0.3820169	0.107339	0.968706	0.0312937	1.93741	0.0625874	0.9768246
1846	0	-16.5966	-16.23985	-0.3567433	0.270682	0.9583	0.0417002	1.9166	0.0834004	0.952446
1847	1	-16.20813	-15.83556	-0.3725686	0.109538	0.961756	0.0382443	1.92351	0.0764886	0.9676387
1848	0	-15.61412	-15.26171	-0.352413	0.262701	0.979953	0.0200469	1.95991	0.0400937	0.9483306
1849	1	-15.4279	-15.06601	-0.3618834	0.22075	0.974826	0.0251741	1.94965	0.0503483	0.9573543
1850	0	-15.34307	-14.97063	-0.3724424	0.27118	0.978488	0.0215123	1.95698	0.0430247	0.9675166
1851	1	-15.6158	-15.27306	-0.3427341	0.218905	0.976121	0.0238791	1.95224	0.0477582	0.939196
1852	0	-19.04049	-18.72208	-0.3184031	0.0984885	0.988917	0.0110832	1.97783	0.0221664	0.9166203
1853	1	-16.24241	-15.89853	-0.3438807	0.290811	0.965355	0.0346446	1.93071	0.0692892	0.9402736
1854	0	-16.59376	-16.30543	-0.2883338	0.309868	0.979736	0.0202644	1.95947	0.0405288	0.8894684
1855	1	-17.40214	-16.99922	-0.4029168	0.281762	0.944272	0.0557278	1.88854	0.111456	0.997455
1856	0	-16.19912	-15.89159	-0.3075285	0.148268	0.97125	0.0287497	1.9425	0.0574995	0.9067064
1857	1	-17.14232	-16.7394	-0.4029168	0.136956	0.945619	0.0543808	1.89124	0.108762	0.997455
1858	0	-16.57712	-16.20642	-0.3706995	0.194172	0.986755	0.0132445	1.97351	0.026489	0.9658317
1859	1	-18.61992	-18.2994	-0.3205197	-0.0149353	0.941428	0.0585716	1.88286	0.117143	0.9185625
1860	0	-16.16802	-15.79614	-0.3718781	0.216931	0.960843	0.0391566	1.92169	0.0783132	0.9669707
1861	1	-15.60595	-15.23157	-0.3743773	0.153049	0.969242	0.0307579	1.93848	0.0615158	0.9693905
1862	0	-15.49935	-15.10708	-0.3922759	0.0925774	0.980755	0.0192451	1.96151	0.0384903	0.9868974
1863	1	-15.04495	-14.64943	-0.3955183	0.234768	0.978467	0.0215327	1.95693	0.0430653	0.9901025
1864	0	-16.34636	-15.96726	-0.3790924	0.308997	0.986104	0.0138956	1.97221	0.0277913	0.973972
1865	1	-16.73168	-16.3421	-0.3895801	0.0605757	0.986268	0.0137318	1.97254	0.0274636	0.9842405
1866	0	-16.96193	-16.59486	-0.3670766	0.145206	0.951337	0.0486629	1.90267	0.0973258	0.962339
1867	1	-17.14057	-16.79039	-0.3501736	0.143585	0.950837	0.049163	1.90167	0.0983259	0.9462093
1868	0	-18.59205	-18.18844	-0.4036092	-0.0104976	0.931642	0.0683581	1.86328	0.136716	0.9981459
1869	1	-16.27748	-15.9473	-0.3301839	0.141385	0.965378	0.0346216	1.93076	0.0692431	0.9274826
1870	0	-16.34465	-16.02326	-0.3213896	0.191607	0.98308	0.0169202	1.96616	0.0338405	0.9193618
1871	1	-15.08869	-14.69767	-0.3910213	0.232642	0.977156	0.0228444	1.95431	0.0456888	0.98566
1872	0	-17.26299	-16.92557	-0.337423	0.388908	0.960689	0.039311	1.92138	0.0786221	0.9342211
1873	1	-18.04646	-17.72767	-0.3187879	0.0223503	0.947116	0.0528844	1.89423	0.105769	0.916973
1874	0	-17.85335	-17.5426	-0.310749	-0.0317573	0.982861	0.0171389	1.96572	0.0342778	0.9096312
1875	1	-16.86101	-16.52013	-0.3408819	-0.0432597	0.974497	0.0255034	1.94899	0.0510068	0.9374581
1876	0	-16.29642	-15.9119	-0.3845255	-0.00833273	0.967756	0.0322439	1.93551	0.0644879	0.9792781
1877	1	-17.06332	-16.79809	-0.2652339	0.345014	0.978671	0.0213287	1.95734	0.0426574	0.8691573
1878	0	-15.13551	-14.7437	-0.3918084	0.170373	0.978395	0.021605	1.95679	0.0432099	0.9864361
1879	1	-19.37536	-19.0351	-0.3402628	0.150589	0.921344	0.0786565	1.84269	0.157313	0.9368779
1880	0	-16.28019	-15.99297	-0.2872237	0.21202	0.974798	0.0252023	1.9496	0.0504047	0.8884815
1881	1	-15.65132	-15.31113	-0.3401907	0.228242	0.975658	0.0243422	1.95132	0.0486844	0.9368103
1882	0	-15.90148	-15.56242	-0.3390598	0.319511	0.978535	0.0214647	1.95707	0.0429293	0.9357515
1883	1	-15.30773	-14.91664	-0.3910874	0.213771	0.970827	0.0291733	1.94165	0.0583466	0.9857251
1884	0	-15.456	-15.05426	-0.4017338	0.057693	0.977484	0.0225156	1.95497	0.0450312	0.9962756
1885	1	-15.51128	-15.12045	-0.3908262	0.339345	0.972843	0.0271568	1.94569	0.0543136	0.9854677
1886	0	-16.61791	-16.21617	-0.4017338	0.35522	0.98713	0.0128697	1.97426	0.0257394	0.9962756
1887	1	-16.65481	-16.26113	-0.39368	0.445445	0.968112	0.0318883	1.93622	0.0637766	0.988284
1888	0	-17.52533	-17.18624	-0.3390895	-0.031925	0.98335	0.0166496	1.9667	0.0332993	0.9357793
1889	1	-16.44008	-16.04526	-0.3948234	0.143051	0.979668	0.0203318	1.95934	0.0406635	0.9894147
1890	0	-15.684	-15.33044	-0.3535602	0.304683	0.979306	0.0206938	1.95861	0.0413875	0.9494191
1891	1	-15.65506	-15.27415	-0.3809185	0.1792	0.966897	0.0331027	1.93379	0.0662055	0.9757522
1892	0	-17.23245	-16.89997	-0.3324853	0.453753	0.972761	0.0272389	1.94552	0.0544779	0.9296196
1893	1	-15.98029	-15.59516	-0.3851252	0.0570759	0.96656	0.0334397	1.93312	0.0668794	0.9798656
1894	0	-15.99015	-15.61802	-0.3721342	0.158385	0.96347	0.0365295	1.92694	0.0730591	0.9672184
1895	1	-17.29274	-16.92705	-0.3656868	-0.0738711	0.961934	0.0380665	1.92387	0.0761329	0.9610024
1896	0	-17.54288	-17.16175	-0.3811302	0.248461	0.989026	0.0109744	1.97805	0.0219488	0.9759588
1897	1	-17.72274	-17.39884	-0.3239003	0.32933	0.951469	0.0485309	1.90294	0.0970618	0.9216729
1898	0	-15.94709	-15.61456	-0.3325296	0.265174	0.970804	0.0291957	1.94161	0.0583913	0.9296608
1899	1	-17.76603	-17.48275	-0.2832747	0.426407	0.968188	0.0318121	1.93638	0.0636241	0.8849799
1900	0	-15.68439	-15.31157	-0.3728231	0.143046	0.968472	0.0315277	1.93694	0.0630555	0.967885
1901	1	-15.67146	-15.32253	-0.3489354	0.151189	0.973566	0.0264341	1.94713	0.0528681	0.9450384
1902	0	-16.21104	-15.88193	-0.329114	0.227095	0.965866	0.0341344	1.93173	0.0682687	0.9264909
1903	1	-15.02454	-14.62314	-0.401399	0.208604	0.980027	0.0199727	1.96005	0.0399454	0.9959422
1904	0	-16.45042	-16.06809	-0.3823254	0.410095	0.983835	0.0161651	1.96767	0.0323301	0.9771259
1905	1	-18.66357	-18.40037	-0.2632035	0.212986	0.941586	0.0584138	1.88317	0.116828	0.8673943
1906	0	-15.95869	-15.56111	-0.3975787	0.404768	0.971675	0.0283255	1.94335	0.0566509	0.9921446
1907	1	-16.21239	-15.89802	-0.3143688	0.321111	0.974637	0.0253628	1.94927	0.0507256	0.9129297
1908	0	-17.32722	-17.05756	-0.269667	0.237432	0.958951	0.0410492	1.9179	0.0820984	0.8730189
1909	1	-16.44376	-16.05921	-0.3845543	0.451702	0.975529	0.0244711	1.95106	0.0489422	0.9793063
1910	0	-16.72412	-16.45495	-0.2691676	0.106766	0.973896	0.026104	1.94779	0.052208	0.872583
1911	1	-17.52036	-17.18952	-0.3308451	0.257334	0.949247	0.0507526	1.89849	0.101505	0.9280961
1912	0	-17.53111	-17.2574	-0.2737055	0.416075	0.974034	0.0259659	1.94807	0.0519318	0.8765517
1913	1	-16.62695	-16.25156	-0.3753966	0.229855	0.954844	0.0451557	1.90969	0.0903114	0.970379
1914	0	-17.38713	-17.12931	-0.2578225	0.0522513	0.965041	0.0349588	1.93008	0.0699176	0.8627394
1915	1	-16.08416	-15.76677	-0.3173859	0.301892	0.974978	0.0250219	1.94996	0.0500438	0.9156883
1916	0	-19.20471	-19.00877	-0.1959468	-0.0508821	0.958548	0.0414515	1.9171	0.082903	0.8109748
1917	1	-18.24173	-18.03647	-0.2052647	0.151881	0.955732	0.0442684	1.91146	0.0885369	0.8185667
1918	0	-16.75649	-16.47598	-0.2805034	0.247005	0.965865	0.034135	1.93173	0.0682699	0.8825307
1919	1	-16.48072	-16.1782	-0.3025161	0.0713209	0.973942	0.0260577	1.94788	0.0521153	0.9021729
1920	0	-18.48648	-18.14655	-0.3399248	-0.178554	0.970237	0.0297633	1.94047	0.0595267	0.9365613
1921	1	-15.17191	-14.77124	-0.4006647	0.168352	0.972472	0.0275279	1.94494	0.0550557	0.9952111
1922	0	-17.16078	-16.77807	-0.3827132	0.0888485	0.94855	0.0514504	1.8971	0.102901	0.977505
1923	1	-15.57135	-15.21661	-0.3547445	0.148892	0.976263	0.0237365	1.95253	0.047473	0.9505442
1924	0	-16.30513	-15.94018	-0.3649496	-0.0100245	0.976024	0.0239755	1.95205	0.047951	0.9602943
1925	1	-16.19066	-15.80127	-0.3893833	0.107115	0.960151	0.0398489	1.9203	0.0796978	0.9840468
1926	0	-18.36816	-18.13897	-0.2291936	0.30946	0.954948	0.0450523	1.9099	0.0901045	0.8383904
1927	1	-16.62169	-16.2236	-0.3980875	0.304178	0.955108	0.0448921	1.91022	0.0897841	0.9926496
1928	0	-16.93574	-16.61394	-0.3218003	-0.0249787	0.972005	0.0279946	1.94401	0.0559892	0.9197395
1929	1	-18.82547	-18.47468	-0.3507916	0.0825259	0.929191	0.0708091	1.85838	0.141618	0.9467942
1930	0	-17.17149	-16.80329	-0.3682023	0.0667338	0.986698	0.0133018	1.9734	0.0266036	0.9634229
1931	1	-15.80043	-15.47068	-0.3297427	0.180358	0.977466	0.0225338	1.95493	0.0450676	0.9270736
1932	0	-16.81581	-16.51812	-0.2976846	0.026792	0.972866	0.0271338	1.94573	0.0542676	0.8978247
1933	1	-17.13042	-16.84072	-0.2896965	0.00800287	0.968886	0.0311143	1.93777	0.0622286	0.8906813
1934	0	-17.18264	-16.78663	-0.3960056	-0.132063	0.974699	0.0253015	1.9494	0.0506029	0.9905851
1935	1	-16.41391	-16.01885	-0.3950585	0.0955176	0.95697	0.0430295	1.91394	0.086059	0.9896473
1936	0	-16.66216	-16.30188	-0.3602792	0.13747	0.956136	0.0438637	1.91227	0.0877274	0.9558197
1937	1	-15.70676	-15.34866	-0.3581045	0.227737	0.969386	0.0306137	1.93877	0.0612274	0.9537434
1938	0	-15.73201	-15.33775	-0.3942591	0.163685	0.964372	0.0356285	1.92874	0.0712569	0.9888566
1939	1	-15.29949	-14.89524	-0.4042567	0.144717	0.970234	0.029766	1.94047	0.0595319	0.9987923
1940	0	-15.19968	-14.81306	-0.3866169	0.276111	0.976409	0.0235911	1.95282	0.0471822	0.9813284
1941	1	-16.5117	-16.18556	-0.3261418	0.145303	0.962273	0.037727	1.92455	0.075454	0.9237412
1942	0	-16.24721	-15.87546	-0.3717497	0.0315865	0.966272	0.0337282	1.93254	0.0674564	0.9668466
1943	1	-15.98622	-15.60056	-0.3856591	0.252039	0.962252	0.0377478	1.9245	0.0754957	0.9803888
1944	0	-15.64821	-15.26007	-0.3881422	0.0940767	0.981957	0.0180426	1.96391	0.0360852	0.9828263
1945	1	-21.99148	-21.6881	-0.3033856	-0.323753	0.955418	0.0445824	1.91084	0.0891648	0.9029577
1946	0	-18.78919	-18.4496	-0.3395882	-0.182595	0.961439	0.0385608	1.92288	0.0771216	0.9362461
1947	1	-17.34461	-17.08507	-0.2595358	0.377912	0.973708	0.0262923	1.94742	0.0525845	0.8642188
1948	0	-17.1957	-16.86472	-0.3309768	-0.0185837	0.961993	0.0380068	1.92399	0.0760137	0.9282183
1949	1	-17.56421	-17.23087	-0.3333471	0.274645	0.949114	0.0508859	1.89823	0.101772	0.9304211
1950	0	-15.92567	-15.56242	-0.3632429	0.178191	0.965226	0.0347744	1.93045	0.0695488	0.9586568
1951	1	-16.2078	-15.81413	-0.3936621	0.325168	0.961619	0.0383814	1.92324	0.0767629	0.9882664
1952	0	-16.91859	-16.55542	-0.363171	0.453849	0.971134	0.0288659	1.94227	0.0577318	0.9585879
1953	1	-16.7857	-16.41224	-0.3734548	0.256209	0.953707	0.0462928	1.90741	0.0925855	0.9684966
1954	0	-18.89965	-18.51746	-0.3821849	-0.234381	0.965892	0.0341077	1.93178	0.0682153	0.9769887
1955	1	-18.13156	-17.76775	-0.3638138	-0.0601446	0.947291	0.0527088	1.89458	0.105418	0.9592041
1956	0	-15.39374	-14.98956	-0.404178	0.351173	0.973793	0.0262067	1.94759	0.0524135	0.9987137
1957	1	-16.25273	-15.95574	-0.296996	0.158157	0.977698	0.0223022	1.9554	0.0446044	0.8972066
1958	0	-15.78248	-15.41668	-0.3657968	0.251443	0.983471	0.0165292	1.96694	0.0330585	0.9611082
1959	1	-16.03186	-15.70664	-0.3252207	0.273086	0.971092	0.0289076	1.94218	0.0578152	0.9228907
1960	0	-15.56552	-15.17322	-0.3922984	0.149684	0.967372	0.0326277	1.93474	0.0652553	0.9869196
1961	1	-17.33293	-16.9584	-0.3745236	0.0366034	0.949542	0.0504576	1.89908	0.100915	0.9695323
1962	0	-17.69594	-17.29463	-0.4013107	-0.124062	0.957277	0.0427234	1.91455	0.0854469	0.9958542
1963	1	-18.38467	-18.07052	-0.3141507	0.0863738	0.939628	0.0603719	1.87926	0.120744	0.9127307
1964	0	-16.32308	-15.95486	-0.3682181	-0.00425024	0.970115	0.029885	1.94023	0.0597701	0.9634382
1965	1	-16.23959	-15.89234	-0.3472547	0.177852	0.962802	0.037198	1.9256	0.0743961	0.9434515
1966	0	-18.93051	-18.66442	-0.2660894	0.442542	0.984299	0.0157015	1.9686	0.031403	0.8699011
1967	1	-15.99014	-15.64289	-0.3472547	0.0654919	0.975362	0.0246377	1.95072	0.0492754	0.9434515
1968	0	-18.96318	-18.82266	-0.1405163	0.103408	0.959241	0.0407593	1.91848	0.0815186	0.7672452
1969	1	-15.98674	-15.61751	-0.3692234	0.114707	0.965241	0.0347587	1.93048	0.0695175	0.9644072
1970	0	-17.62109	-17.42017	-0.2009209	0.178695	0.966834	0.0331657	1.93367	0.0663313	0.8150187
1971	1	-16.85288	-16.48765	-0.3652304	0.365556	0.959919	0.0400811	1.91984	0.0801623	0.960564
1972	0	-16.84342	-16.4612	-0.3822247	0.15645	0.98758	0.0124197	1.97516	0.0248393	0.9770275
1973	1	-17.43051	-17.15385	-0.2766558	0.0733335	0.982754	0.0172463	1.96551	0.0344925	0.8791416
1974	0	-16.21865	-15.82531	-0.3933473	0.226445	0.986791	0.0132094	1.97358	0.0264189	0.9879553
1975	1	-19.61338	-19.53201	-0.08136576	0.294523	0.97386	0.0261397	1.94772	0.0522794	0.7231784
1976	0	-17.09833	-16.74436	-0.3539702	-0.0425497	0.962838	0.037162	1.92568	0.0743241	0.9498085
1977	1	-17.40246	-17.10541	-0.2970536	-0.0378587	0.969016	0.030984	1.93803	0.0619681	0.8972583
1978	0	-15.53081	-15.1258	-0.4050018	0.257239	0.984883	0.015117	1.96977	0.030234	0.9995368
1979	1	-16.0315	-15.64613	-0.385371	0.282234	0.962639	0.0373614	1.92528	0.0747228	0.9801064
1980	0	-15.47834	-15.1167	-0.3616426	0.162704	0.975086	0.0249141	1.95017	0.0498282	0.9571238
1981	1	-17.54643	-17.29049	-0.2559406	0.0316951	0.96458	0.0354202	1.92916	0.0708405	0.8611173
1982	0	-15.13976	-14.73636	-0.4034035	0.203599	0.971901	0.0280992	1.9438	0.0561984	0.9979405
1983	1	-15.22387	-14.8439	-0.3799646	0.19178	0.97804	0.0219601	1.95608	0.0439202	0.9748218
1984	0	-16.52637	-16.15681	-0.3695628	0.0803035	0.985074	0.0149261	1.97015	0.0298522	0.9647345
1985	1	-17.27377	-16.97403	-0.2997331	0.390708	0.966521	0.0334792	1.93304	0.0669585	0.8996657
1986	0	-15.75172	-15.41621	-0.3355042	0.23131	0.979161	0.0208389	1.95832	0.0416777	0.9324303
1987	1	-16.72808	-16.39547	-0.3326105	0.246955	0.958701	0.0412993	1.9174	0.0825986	0.929736
1988	0	-15.86387	-15.50331	-0.3605668	0.34254	0.972529	0.027471	1.94506	0.0549419	0.9560947
1989	1	-20.46592	-20.34062	-0.1253004	0.418378	0.980094	0.019906	1.96019	0.0398121	0.7556592
1990	0	-17.76962	-17.3963	-0.37332	-0.155814	0.974707	0.0252926	1.94941	0.0505852	0.9683661
1991	1	-19.25408	-19.1121	-0.1419791	0.0370894	0.95907	0.0409302	1.91814	0.0818604	0.7683684
1992	0	-17.16638	-16.7925	-0.3738848	0.055931	0.950833	0.0491673	1.90167	0.0983346	0.9689131
1993	1	-19.5848	-19.48975	-0.09504654	0.308822	0.976929	0.0230708	1.95386	0.0461416	0.73314
1994	0	-15.67573	-15.31447	-0.3612538	0.0984347	0.975769	0.0242309	1.95154	0.0484618	0.9567517
1995	1	-16.2566	-15.96441	-0.2921888	0.256915	0.975785	0.0242147	1.95157	0.0484295	0.8929039
1996	0	-15.20851	-14.81503	-0.393483	0.294716	0.975113	0.0248869	1.95023	0.0497738	0.9880894
1997	1	-16.1737	-15.82739	-0.3463099	0.0723308	0.968404	0.0315956	1.93681	0.0631913	0.9425605
1998	0	-15.3493	-14.95855	-0.3907442	0.181661	0.970418	0.0295821	1.94084	0.0591641	0.9853869
1999	1	-16.4961	-16.12568	-0.3704207	0.288108	0.986377	0.0136227	1.97275	0.0272453	0.9655625
2000	0	-16.02551	-15.68757	-0.3379343	0.0956945	0.979052	0.0209483	1.9581	0.0418967	0.9346989
2001	1	-16.03622	-15.63682	-0.3994041	0.43519	0.97801	0.0219902	1.95602	0.0439804	0.9939573
2002	0	-18.8955	-18.6421	-0.2533961	0.332436	0.946584	0.053416	1.89317	0.106832	0.858929
2003	1	-15.98256	-15.63509	-0.3474773	0.356396	0.976897	0.0231031	1.95379	0.0462062	0.9436614
2004	0	-18.29874	-18.11975	-0.1789897	0.211707	0.959949	0.0400506	1.9199	0.0801012	0.797339
2005	1	-16.54504	-16.16659	-0.3784443	0.100594	0.956782	0.0432183	1.91356	0.0864365	0.973341
2006	0	-18.19513	-17.91973	-0.2753922	-0.0841603	0.966216	0.0337842	1.93243	0.0675685	0.8780315
2007	1	-17.44868	-17.2395	-0.2091769	0.256582	0.977451	0.0225492	1.9549	0.0450984	0.8217753
2008	0	-16.91474	-16.59663	-0.3181152	-0.0189774	0.973648	0.0263523	1.9473	0.0527047	0.9163564
2009	1	-17.08884	-16.85265	-0.2361885	0.26256	0.970702	0.0292975	1.9414	0.058595	0.8442753
2010	0	-18.17799	-17.8139	-0.3640975	0.415415	0.949726	0.0502742	1.89945	0.100548	0.9594764
2011	1	-15.53135	-15.1801	-0.3512592	0.223137	0.978213	0.0217875	1.95643	0.0435749	0.947237
2012	0	-16.58679	-16.29662	-0.2901685	0.335661	0.975879	0.024121	1.95176	0.048242	0.8911018
2013	1	-17.08533	-16.8034	-0.2819254	0.356289	0.96842	0.0315802	1.93684	0.0631605	0.8837865
2014	0	-15.96476	-15.58111	-0.3836488	0.137254	0.962944	0.0370555	1.92589	0.074111	0.97842
2015	1	-16.20065	-15.88246	-0.3181838	0.114806	0.970579	0.0294213	1.94116	0.0588425	0.9164193
2016	0	-17.20375	-16.8201	-0.3836488	0.0406785	0.950095	0.0499054	1.90019	0.0998109	0.97842
2017	1	-15.36023	-14.98206	-0.3781716	0.255308	0.981091	0.0189095	1.96218	0.0378189	0.9730755
2018	0	-17.34165	-16.94453	-0.3971198	0.470596	0.963047	0.0369531	1.92609	0.0739062	0.9916894
2019	1	-17.50156	-17.16084	-0.3407269	0.375409	0.956004	0.0439959	1.91201	0.0879919	0.9373128
2020	0	-20.7716	-20.47476	-0.2968356	0.578079	0.98056	0.0194403	1.96112	0.0388807	0.8970627
2021	1	-16.29628	-15.98984	-0.3064383	0.148715	0.980208	0.0197918	1.96042	0.0395836	0.9057184
2022	0	-15.69428	-15.29239	-0.4018816	0.295561	0.985077	0.0149233	1.97015	0.0298466	0.9964229
2023	1	-15.80454	-15.42186	-0.3826745	0.375195	0.973144	0.0268563	1.94629	0.0537125	0.9774672
2024	0	-16.75062	-16.37695	-0.3736631	0.0391081	0.957616	0.0423839	1.91523	0.0847678	0.9686983
2025	1	-16.29006	-15.90739	-0.3826745	0.0831358	0.984943	0.0150568	1.96989	0.0301137	0.9774672
2026	0	-17.85439	-17.55088	-0.3035033	0.262109	0.948468	0.0515321	1.89694	0.103064	0.9030641
2027	1	-15.91286	-15.50826	-0.4046028	0.0485047	0.965579	0.0344212	1.93116	0.0688425	0.9991381
2028	0	-17.06794	-16.79775	-0.2701854	0.236677	0.962533	0.037467	1.92507	0.074934	0.8734715
2029	1	-15.29856	-14.89395	-0.4046028	0.321304	0.972661	0.0273388	1.94532	0.0546777	0.9991381
2030	0	-16.69196	-16.3515	-0.3404609	0.231946	0.957879	0.0421209	1.91576	0.0842418	0.9370635
2031	1	-15.79978	-15.41545	-0.3843294	0.380401	0.973705	0.026295	1.94741	0.0525901	0.9790861
2032	0	-17.86654	-17.56292	-0.3036216	0.432369	0.963911	0.0360891	1.92782	0.0721782	0.9031709
2033	1	-16.71841	-16.319	-0.3994058	0.187413	0.950984	0.0490157	1.90197	0.0980315	0.993959
2034	0	-15.35067	-14.95838	-0.3922914	0.113793	0.9799	0.0201	1.9598	0.0402	0.9869127
2035	1	-15.82593	-15.43183	-0.394107	0.261608	0.963632	0.0363677	1.92726	0.0727354	0.9887062
2036	0	-16.02285	-15.63172	-0.3911346	0.0944466	0.96283	0.0371705	1.92566	0.0743409	0.9857717
2037	1	-17.02855	-16.74098	-0.2875627	0.322722	0.964816	0.0351839	1.92963	0.0703678	0.8887828
2038	0	-15.99503	-15.60465	-0.3903791	0.0978835	0.984487	0.0155128	1.96897	0.0310257	0.9850272
2039	1	-16.15902	-15.77884	-0.3801786	0.173697	0.985795	0.0142049	1.97159	0.0284098	0.9750305
2040	0	-15.42196	-15.0467	-0.3752668	0.306306	0.979093	0.020907	1.95819	0.041814	0.9702531
2041	1	-16.31498	-16.00919	-0.3057849	0.243909	0.968523	0.0314766	1.93705	0.0629532	0.9051269
2042	0	-17.14378	-16.80833	-0.3354533	0.237431	0.952839	0.0471607	1.90568	0.0943213	0.9323828
2043	1	-15.55867	-15.19442	-0.364249	0.168952	0.971523	0.0284771	1.94305	0.0569543	0.9596217
2044	0	-17.21049	-16.91925	-0.2912401	0.183549	0.95676	0.0432397	1.91352	0.0864793	0.8920572
2045	1	-16.90951	-16.51142	-0.3980977	0.0107542	0.954538	0.045462	1.90908	0.090924	0.9926597
2046	0	-17.30795	-17.03482	-0.2731325	0.171081	0.984001	0.0159987	1.968	0.0319974	0.8760495
2047	1	-17.37021	-17.02295	-0.3472598	0.162395	0.947954	0.0520458	1.89591	0.104092	0.9434563
2048	0	-16.60022	-16.2442	-0.3560191	-0.000121241	0.980999	0.0190011	1.962	0.0380021	0.9517565
2049	1	-16.0634	-15.70567	-0.3577278	0.123074	0.965311	0.0346893	1.93062	0.0693786	0.9533842
2050	0	-20.15895	-19.92943	-0.2295209	0.216015	0.926216	0.0737845	1.85243	0.147569	0.8386647
2051	1	-16.26506	-15.93644	-0.3286183	0.286083	0.967064	0.0329357	1.93413	0.0658714	0.9260317
2052	0	-20.12567	-19.91822	-0.2074491	0.0218759	0.93329	0.0667099	1.86658	0.13342	0.8203567
2053	1	-15.77237	-15.41186	-0.3605084	0.0826616	0.974216	0.0257842	1.94843	0.0515683	0.9560388
2054	0	-18.66028	-18.40976	-0.2505233	0.441294	0.981888	0.0181119	1.96378	0.0362237	0.8564651
2055	1	-15.62368	-15.27351	-0.3501609	0.252139	0.973346	0.026654	1.94669	0.0533081	0.9461973
2056	0	-16.31209	-15.98745	-0.3246421	0.315825	0.968922	0.0310777	1.93784	0.0621553	0.9223569
2057	1	-18.32798	-18.00055	-0.3274262	0.408386	0.951581	0.0484186	1.90316	0.0968373	0.9249285
2058	0	-16.81102	-16.48102	-0.3299967	0.365448	0.965081	0.0349193	1.93016	0.0698385	0.9273091
2059	1	-16.0649	-15.69126	-0.3736372	0.241025	0.962337	0.0376626	1.92467	0.0753252	0.9686733
2060	0	-15.28184	-14.89722	-0.3846263	0.145484	0.975096	0.0249041	1.95019	0.0498081	0.9793768
2061	1	-17.58766	-17.23633	-0.3513298	0.497761	0.975738	0.0242617	1.95148	0.0485234	0.947304
2062	0	-15.81243	-15.43722	-0.3752087	0.104433	0.967712	0.0322876	1.93542	0.0645752	0.9701967
2063	1	-16.72855	-16.37168	-0.3568666	0.010528	0.982699	0.0173006	1.9654	0.0346013	0.9525635
2064	0	-18.92276	-18.65044	-0.2723154	-0.0183608	0.944187	0.0558132	1.88837	0.111626	0.875334
2065	1	-16.97517	-16.57613	-0.3990403	0.0671613	0.950266	0.049734	1.90053	0.0994681	0.9935958
2066	0	-17.10222	-16.82191	-0.2803036	0.351125	0.967828	0.0321723	1.93566	0.0643445	0.8823544
2067	1	-16.16812	-15.85743	-0.3106831	0.166213	0.970332	0.0296681	1.94066	0.0593361	0.9095712
2068	0	-16.10967	-15.72355	-0.3861241	0.41335	0.972667	0.0273326	1.94533	0.0546653	0.9808448
2069	1	-18.35123	-18.05443	-0.2968037	0.49227	0.977831	0.0221688	1.95566	0.0443376	0.8970341
2070	0	-16.68201	-16.35294	-0.3290736	0.361802	0.966664	0.0333364	1.93333	0.0666728	0.9264535
2071	1	-15.66915	-15.27781	-0.3913319	0.0426286	0.974134	0.0258658	1.94827	0.0517315	0.9859662
2072	0	-16.00149	-15.64441	-0.357083	0.0528087	0.972422	0.0275783	1.94484	0.0551566	0.9527696
2073	1	-16.39597	-16.00184	-0.3941279	0.169898	0.955598	0.0444017	1.9112	0.0888034	0.9887268
2074	0	-18.23664	-17.89058	-0.3460547	-0.0929454	0.952172	0.0478281	1.90434	0.0956562	0.94232
2075	1	-15.91333	-15.56814	-0.3451925	0.117061	0.980238	0.0197616	1.96048	0.0395232	0.9415078
2076	0	-20.11841	-19.89626	-0.2221549	-0.171702	0.972265	0.0277351	1.94453	0.0554702	0.8325099
2077	1	-15.98958	-15.64438	-0.3451925	0.294989	0.982316	0.0176841	1.96463	0.0353683	0.9415078
2078	0	-17.58473	-17.36868	-0.2160565	0.282039	0.979835	0.0201648	1.95967	0.0403297	0.8274483
2079	1	-16.99749	-16.71748	-0.2800097	0.358049	0.979651	0.0203491	1.9593	0.0406983	0.8820951
2080	0	-15.64648	-15.28479	-0.3616919	0.17207	0.981587	0.0184125	1.96317	0.036825	0.957171
2081	1	-19.81323	-19.56515	-0.2480727	-0.161918	0.957553	0.0424471	1.91511	0.0848942	0.8543687
2082	0	-16.98992	-16.63644	-0.3534732	0.0947204	0.986098	0.0139015	1.9722	0.0278031	0.9493365
2083	1	-16.58721	-16.31524	-0.2719686	0.283458	0.975721	0.0242786	1.95144	0.0485573	0.8750305
2084	0	-16.9694	-16.61936	-0.350039	0.383811	0.980611	0.019389	1.96122	0.038778	0.9460819
2085	1	-16.31986	-16.03587	-0.2839896	0.207622	0.974883	0.0251172	1.94977	0.0502345	0.8856127
2086	0	-19.60259	-19.19921	-0.4033788	0.609389	0.975938	0.0240618	1.95188	0.0481237	0.9979159
2087	1	-15.37038	-14.97535	-0.3950355	0.248969	0.983266	0.0167342	1.96653	0.0334684	0.9896246
2088	0	-16.77092	-16.3831	-0.3878257	0.465515	0.981841	0.0181591	1.96368	0.0363182	0.9825152
2089	1	-17.27884	-16.92308	-0.3557581	0.361474	0.955591	0.0444093	1.91118	0.0888186	0.9515081
2090	0	-15.80603	-15.4501	-0.3559283	0.314478	0.971868	0.0281318	1.94374	0.0562635	0.9516702
2091	1	-16.72463	-16.34883	-0.3758029	0.0647247	0.95622	0.0437799	1.91244	0.0875599	0.9707734
2092	0	-15.3719	-15.00301	-0.3688905	0.213079	0.979625	0.0203752	1.95925	0.0407505	0.9640862
2093	1	-16.88733	-16.55013	-0.3372008	0.196132	0.955305	0.0446951	1.91061	0.0893902	0.9340135
2094	0	-15.47599	-15.10422	-0.3717725	0.279036	0.972797	0.0272032	1.94559	0.0544063	0.9668686
2095	1	-20.2156	-19.96342	-0.2521801	0.0201272	0.924759	0.0752406	1.84952	0.150481	0.8578852
2096	0	-15.47086	-15.08098	-0.389881	0.312036	0.97145	0.0285498	1.9429	0.0570997	0.9845367
2097	1	-19.88748	-19.75421	-0.1332765	0.0848815	0.946795	0.0532046	1.89359	0.106409	0.7617106
2098	0	-15.3807	-14.98051	-0.4001867	0.0942132	0.980447	0.0195527	1.96089	0.0391055	0.9947355
2099	1	-20.97606	-20.88004	-0.09602306	-0.0405792	0.978426	0.0215738	1.95685	0.0431477	0.7338563
2100	0	-15.02946	-14.62626	-0.4032036	0.281168	0.978911	0.0210886	1.95782	0.0421773	0.997741
2101	1	-20.54019	-20.46952	-0.07066676	-0.0127571	0.964502	0.0354982	1.929	0.0709963	0.7154823
2102	0	-18.56825	-18.20196	-0.3662851	-0.169383	0.956558	0.0434424	1.91312	0.0868848	0.9615776
2103	1	-18.42817	-18.28901	-0.1391604	0.245865	0.971178	0.0288223	1.94236	0.0576446	0.7662056
2104	0	-15.59983	-15.20359	-0.3962394	0.047873	0.973749	0.0262509	1.9475	0.0525018	0.9908167
2105	1	-15.85479	-15.50034	-0.3544502	0.346406	0.978724	0.0212759	1.95745	0.0425519	0.9502645
2106	0	-16.05368	-15.68125	-0.3724271	0.144976	0.96283	0.0371702	1.92566	0.0743403	0.9675018
2107	1	-18.30446	-17.92436	-0.3801035	0.485331	0.956684	0.0433161	1.91337	0.0866323	0.9749573
2108	0	-19.60074	-19.24676	-0.3539803	0.581424	0.978492	0.0215077	1.95698	0.0430153	0.9498181
2109	1	-15.00777	-14.60585	-0.4019214	0.264893	0.977237	0.0227631	1.95447	0.0455263	0.9964625
2110	0	-15.1856	-14.79893	-0.3866738	0.171847	0.97616	0.02384	1.95232	0.0476799	0.9813842
2111	1	-16.71973	-16.34263	-0.377103	0.307615	0.956228	0.0437721	1.91246	0.0875442	0.9720363
2112	0	-15.78025	-15.38048	-0.3997684	0.347668	0.984238	0.0157616	1.96848	0.0315232	0.9943195
2113	1	-15.33833	-14.9524	-0.3859263	0.160443	0.981081	0.0189191	1.96216	0.0378383	0.9806508
2114	0	-17.79805	-17.43354	-0.3645067	0.517671	0.974518	0.0254824	1.94904	0.0509648	0.959869
2115	1	-15.40775	-15.03177	-0.3759838	0.30373	0.975631	0.0243686	1.95126	0.0487373	0.970949
2116	0	-15.10285	-14.70892	-0.3939296	0.239409	0.975056	0.0249442	1.95011	0.0498884	0.9885308
2117	1	-18.80209	-18.49115	-0.3109421	0.418554	0.949522	0.0504779	1.89904	0.100956	0.9098068
2118	0	-16.28904	-15.97241	-0.3166294	0.163404	0.966826	0.0331738	1.93365	0.0663475	0.9149959
2119	1	-19.50932	-19.19784	-0.3114767	0.350514	0.932842	0.0671581	1.86568	0.134316	0.9102933
2120	0	-15.8072	-15.4268	-0.3803956	0.265932	0.984569	0.0154313	1.96914	0.0308625	0.9752422
2121	1	-17.84181	-17.54938	-0.2924255	0.451064	0.97052	0.0294804	1.94104	0.0589607	0.8931153
2122	0	-16.41347	-16.11122	-0.3022511	0.26392	0.968203	0.031797	1.93641	0.0635941	0.9019339
2123	1	-16.57416	-16.25037	-0.3237858	0.0183532	0.972456	0.0275444	1.94491	0.0550887	0.9215674
2124	0	-16.74355	-16.37264	-0.3709107	-0.048277	0.967465	0.0325352	1.93493	0.0650705	0.9660357
2125	1	-15.02694	-14.6215	-0.4054482	0.25804	0.980791	0.0192087	1.96158	0.0384174	0.9999831
2126	0	-15.40726	-15.01569	-0.3915689	0.125372	0.981343	0.0186566	1.96269	0.0373131	0.9861999
2127	1	-15.97444	-15.57186	-0.4025844	0.431014	0.975918	0.0240817	1.95184	0.0481633	0.9971234
2128	0	-15.3287	-14.95352	-0.3751818	0.215163	0.98027	0.0197302	1.96054	0.0394604	0.9701706
2129	1	-16.49301	-16.10893	-0.3840843	-0.0484607	0.9783	0.0217004	1.9566	0.0434008	0.9788461
2130	0	-15.75472	-15.35063	-0.4040931	0.0306232	0.970199	0.029801	1.9404	0.059602	0.9986289
2131	1	-15.84712	-15.52041	-0.3267111	0.183981	0.973918	0.0260818	1.94784	0.0521635	0.9242672
2132	0	-16.68072	-16.41239	-0.2683294	0.198661	0.97969	0.0203097	1.95938	0.0406195	0.8718519
2133	1	-16.30955	-15.91752	-0.3920353	0.342704	0.986074	0.0139263	1.97215	0.0278525	0.98666
2134	0	-18.50266	-18.09726	-0.4054024	0.0210178	0.930757	0.069243	1.86151	0.138486	0.9999373
2135	1	-16.25208	-15.87814	-0.3739403	0.199608	0.985976	0.0140238	1.97195	0.0280477	0.9689669
2136	0	-25.73225	-25.339	-0.3932541	0.671851	0.935756	0.0642443	1.87151	0.128489	0.9878632
2137	1	-15.68022	-15.28632	-0.3939038	0.357912	0.971117	0.0288832	1.94223	0.0577663	0.9885053
2138	0	-16.96014	-16.56825	-0.391888	0.450988	0.965254	0.0347455	1.93051	0.069491	0.9865146
2139	1	-17.72487	-17.34291	-0.3819583	-0.0329859	0.948335	0.0516648	1.89667	0.10333	0.9767673
2140	0	-16.10655	-15.79307	-0.3134801	0.146426	0.972163	0.027837	1.94433	0.055674	0.9121189
2141	1	-18.62838	-18.38325	-0.2451316	-0.0890951	0.974227	0.0257734	1.94845	0.0515467	0.8518596
2142	0	-16.51863	-16.21121	-0.3074202	0.285253	0.982501	0.017499	1.965	0.034998	0.9066081
2143	1	-17.17476	-16.93542	-0.2393438	0.170135	0.966214	0.0337857	1.93243	0.0675713	0.8469435
2144	0	-15.29359	-14.90549	-0.388107	0.142436	0.97372	0.0262801	1.94744	0.0525603	0.9827917
2145	1	-19.13218	-18.86233	-0.2698548	0.231997	0.935063	0.064937	1.87013	0.129874	0.8731829
2146	0	-17.75468	-17.40514	-0.3495368	0.449323	0.961082	0.0389182	1.92216	0.0778363	0.9456069
2147	1	-16.01265	-15.69688	-0.315773	0.155173	0.977176	0.0228235	1.95435	0.045647	0.9142126
2148	0	-17.42199	-17.12057	-0.3014225	-0.0413237	0.967719	0.0322809	1.93544	0.0645619	0.9011869
2149	1	-16.49984	-16.11284	-0.3869949	0.431002	0.983165	0.0168348	1.96633	0.0336697	0.9816994
2150	0	-20.3341	-20.00285	-0.3312498	-0.080718	0.92017	0.0798297	1.84034	0.159659	0.9284718
2151	1	-16.31367	-15.91826	-0.3954051	0.0521358	0.960466	0.0395345	1.92093	0.079069	0.9899905
2152	0	-18.16688	-17.77128	-0.3955988	0.534536	0.983406	0.0165937	1.96681	0.0331874	0.9901822
2153	1	-17.7305	-17.45033	-0.2801637	0.386696	0.962915	0.0370847	1.92583	0.0741695	0.8822309
2154	0	-16.69022	-16.32403	-0.3661866	0.444137	0.980746	0.0192537	1.96149	0.0385074	0.9614829
2155	1	-19.13943	-18.9921	-0.147329	0.261912	0.982404	0.0175964	1.96481	0.0351927	0.7724901
2156	0	-16.31873	-15.97872	-0.3400141	0.388102	0.977313	0.0226873	1.95463	0.0453746	0.9366449
2157	1	-16.04135	-15.67832	-0.3630332	0.0285465	0.974746	0.0252543	1.94949	0.0505087	0.9584557
2158	0	-17.0862	-16.76104	-0.3251672	0.105127	0.985228	0.0147721	1.97046	0.0295442	0.9228414
2159	1	-18.48991	-18.21329	-0.2766257	0.483619	0.976786	0.0232141	1.95357	0.0464283	0.8791151
2160	0	-18.03029	-17.78851	-0.2417828	0.344243	0.960429	0.0395715	1.92086	0.0791429	0.8490117
2161	1	-15.98483	-15.66324	-0.3215875	0.13967	0.977168	0.0228317	1.95434	0.0456633	0.9195438
2162	0	-15.896	-15.5299	-0.3660959	0.093677	0.968396	0.0316039	1.93679	0.0632078	0.9613957
2163	1	-16.6329	-16.22977	-0.4031294	-0.0659689	0.966407	0.0335933	1.93281	0.0671867	0.997667
2164	0	-17.31874	-16.99029	-0.3284595	0.420672	0.965339	0.034661	1.93068	0.0693219	0.9258846
2165	1	-21.51745	-21.11571	-0.4017424	0.375547	0.896409	0.103591	1.79282	0.207182	0.9962842
2166	0	-18.14263	-17.80464	-0.3379894	0.386453	0.949906	0.0500935	1.89981	0.100187	0.9347504
2167	1	-17.27791	-16.87617	-0.4017424	0.422615	0.956622	0.0433777	1.91324	0.0867554	0.9962842
2168	0	-15.77155	-15.41186	-0.3596853	0.258273	0.982794	0.0172064	1.96559	0.0344128	0.9552523
2169	1	-16.75212	-16.42646	-0.3256555	0.170286	0.98502	0.0149805	1.97004	0.0299609	0.9232921
2170	0	-16.2849	-15.8818	-0.4031094	0.114139	0.95722	0.0427797	1.91444	0.0855595	0.997647
2171	1	-17.13391	-16.86243	-0.2714779	0.356748	0.970078	0.0299221	1.94016	0.0598442	0.8746012
2172	0	-15.97424	-15.57515	-0.3990823	0.0897955	0.962817	0.0371827	1.92563	0.0743654	0.9936375
2173	1	-15.93319	-15.60095	-0.3322364	0.261713	0.970995	0.0290046	1.94199	0.0580092	0.9293882
2174	0	-15.93787	-15.54577	-0.3920966	0.0985393	0.98434	0.0156603	1.96868	0.0313205	0.9867205
2175	1	-16.70432	-16.36026	-0.3440569	-0.0151563	0.96871	0.0312898	1.93742	0.0625796	0.9404393
2176	0	-16.55382	-16.25362	-0.3001934	0.0629073	0.973965	0.0260352	1.94793	0.0520705	0.90008
2177	1	-16.78693	-16.49707	-0.2898599	0.0451432	0.973396	0.026604	1.94679	0.053208	0.8908268
2178	0	-16.36013	-16.02753	-0.3325984	0.138021	0.963823	0.0361772	1.92765	0.0723545	0.9297248
2179	1	-17.21889	-16.87603	-0.342861	-0.0631543	0.979102	0.0208976	1.9582	0.0417952	0.9393152
2180	0	-18.92245	-18.61946	-0.30299	0.468758	0.957303	0.0426971	1.91461	0.0853942	0.9026006
2181	1	-16.98919	-16.66654	-0.3226445	0.0135892	0.96338	0.0366197	1.92676	0.0732394	0.9205163
2182	0	-17.69911	-17.36821	-0.3309016	-0.1111	0.971698	0.0283024	1.9434	0.0566048	0.9281485
2183	1	-17.66584	-17.37517	-0.29067	0.0832284	0.952823	0.0471768	1.90565	0.0943537	0.8915488
2184	0	-16.61445	-16.33068	-0.2837666	0.114307	0.969794	0.0302058	1.93959	0.0604117	0.8854153
2185	1	-16.51179	-16.15391	-0.3578849	0.0238999	0.982105	0.0178946	1.96421	0.0357893	0.953534
2186	0	-16.35373	-16.00307	-0.3506598	0.121413	0.961978	0.0380222	1.92396	0.0760445	0.9466694
2187	1	-16.49032	-16.08949	-0.4008263	0.413509	0.985127	0.0148728	1.97025	0.0297455	0.995372
2188	0	-15.29962	-14.90099	-0.3986264	0.271459	0.970856	0.0291442	1.94171	0.0582885	0.9931846
2189	1	-15.71757	-15.31674	-0.4008263	0.401577	0.975648	0.0243522	1.9513	0.0487045	0.995372
2190	0	-16.99343	-16.61955	-0.3738827	0.0586573	0.953056	0.0469438	1.90611	0.0938875	0.9689111
2191	1	-16.24992	-15.89127	-0.3586533	0.188577	0.961185	0.0388151	1.92237	0.0776302	0.9542669
2192	0	-15.86524	-15.51077	-0.3544743	0.268102	0.968393	0.0316074	1.93679	0.0632149	0.9502874
2193	1	-15.55467	-15.20244	-0.3522326	0.191569	0.974252	0.0257476	1.9485	0.0514952	0.9481595
2194	0	-16.76088	-16.46447	-0.2964103	0.280989	0.983052	0.0169484	1.9661	0.0338968	0.8966813
2195	1	-15.41676	-15.02814	-0.3886136	0.316771	0.973095	0.026905	1.94619	0.05381	0.9832897
2196	0	-15.82158	-15.43946	-0.3821127	0.148275	0.964879	0.0351206	1.92976	0.0702412	0.9769181
2197	1	-15.2044	-14.80329	-0.4011113	0.141571	0.972893	0.0271066	1.94579	0.0542132	0.9956557
2198	0	-15.8039	-15.46562	-0.3382891	0.207124	0.971219	0.0287809	1.94244	0.0575618	0.9350306
2199	1	-15.13289	-14.73313	-0.3997612	0.249923	0.973097	0.0269029	1.94619	0.0538057	0.9943124
2200	0	-15.38924	-15.01147	-0.3777751	0.238353	0.971885	0.0281149	1.94377	0.0562298	0.9726898
2201	1	-15.38014	-14.98457	-0.3955666	0.333225	0.98105	0.0189504	1.9621	0.0379008	0.9901503
2202	0	-15.64928	-15.26873	-0.3805453	0.292042	0.98336	0.0166405	1.96672	0.0332809	0.9753881
2203	1	-15.78565	-15.42096	-0.364685	0.229483	0.983472	0.0165279	1.96694	0.0330558	0.9600402
2204	0	-15.27806	-14.90294	-0.3751213	0.190176	0.976212	0.0237881	1.95242	0.0475761	0.9701119
2205	1	-16.03379	-15.695	-0.3387872	0.0767682	0.974271	0.0257292	1.94854	0.0514584	0.9354965
2206	0	-15.49056	-15.11401	-0.3765557	0.321769	0.974982	0.025018	1.94996	0.050036	0.9715044
2207	1	-16.79778	-16.39307	-0.4047031	0.321912	0.95333	0.0466705	1.90666	0.0933409	0.9992383
2208	0	-16.02256	-15.69376	-0.3287993	0.142312	0.970297	0.0297027	1.94059	0.0594053	0.9261993
2209	1	-18.07723	-17.68992	-0.387308	0.132751	0.93472	0.0652804	1.86944	0.130561	0.9820068
2210	0	-16.48692	-16.17419	-0.3127246	0.147799	0.982545	0.0174551	1.96509	0.0349102	0.91143
2211	1	-15.62734	-15.24004	-0.387308	0.19333	0.966348	0.0336516	1.9327	0.0673032	0.9820068
2212	0	-17.78147	-17.51186	-0.2696094	0.0945465	0.9537	0.0462997	1.9074	0.0925995	0.8729686
2213	1	-16.93134	-16.62078	-0.3105635	0.0316533	0.96476	0.0352404	1.92952	0.0704809	0.9094624
2214	0	-19.41691	-19.1987	-0.2182112	0.377278	0.985462	0.0145382	1.97092	0.0290763	0.8292332
2215	1	-18.57737	-18.37262	-0.2047538	0.375756	0.963569	0.0364306	1.92714	0.0728612	0.8181486
2216	0	-16.80788	-16.48614	-0.3217419	0.332363	0.963372	0.0366277	1.92674	0.0732553	0.9196858
2217	1	-16.80527	-16.49953	-0.305734	0.391259	0.977046	0.0229536	1.95409	0.0459072	0.9050808
2218	0	-15.11536	-14.71106	-0.4042984	0.226562	0.982076	0.0179241	1.96415	0.0358482	0.998834
2219	1	-16.12843	-15.75483	-0.3735971	0.0101622	0.971279	0.0287209	1.94256	0.0574417	0.9686344
2220	0	-15.32535	-14.95441	-0.3709412	0.199081	0.97545	0.0245503	1.9509	0.0491006	0.9660652
2221	1	-15.55451	-15.18861	-0.3658959	0.253234	0.981647	0.0183533	1.96329	0.0367066	0.9612034
2222	0	-17.8688	-17.55983	-0.308969	0.398979	0.98527	0.0147296	1.97054	0.0294593	0.9080134
2223	1	-16.90037	-16.55126	-0.3491098	0.27692	0.955627	0.0443732	1.91125	0.0887465	0.9452032
2224	0	-18.92983	-18.73776	-0.192064	-0.0454558	0.974196	0.0258039	1.94839	0.0516078	0.807832
2225	1	-17.05507	-16.75383	-0.3012347	0.214759	0.957728	0.0422721	1.91546	0.0845443	0.9010177
2226	0	-18.2534	-18.05522	-0.1981747	0.199185	0.956753	0.0432469	1.91351	0.0864938	0.8127836
2227	1	-19.4011	-19.06609	-0.3350104	0.0154678	0.925758	0.0742416	1.85152	0.148483	0.93197
2228	0	-17.78112	-17.54429	-0.236831	0.092703	0.95919	0.0408105	1.91838	0.081621	0.8448179
2229	1	-16.88189	-16.60208	-0.2798149	0.0545246	0.97138	0.0286202	1.94276	0.0572403	0.8819233
2230	0	-22.40075	-22.09756	-0.3031907	-0.341467	0.955712	0.0442877	1.91142	0.0885753	0.9027818
2231	1	-15.82159	-15.44243	-0.379155	0.177329	0.964709	0.0352912	1.92942	0.0705823	0.974033
2232	0	-18.11436	-17.8036	-0.3107532	0.0446486	0.94578	0.0542203	1.89156	0.108441	0.909635
2233	1	-15.35239	-14.97915	-0.3732459	0.25325	0.980006	0.0199944	1.96001	0.0399888	0.9682943
2234	0	-17.21298	-16.86005	-0.3529359	-0.0813304	0.977985	0.022015	1.95597	0.0440301	0.9488266
2235	1	-15.76739	-15.38518	-0.3822153	0.0415833	0.974111	0.0258887	1.94822	0.0517775	0.9770184
2236	0	-20.06994	-19.69614	-0.3737945	0.208212	0.907997	0.0920027	1.81599	0.184005	0.9688257
2237	1	-17.54012	-17.17972	-0.3604047	0.316008	0.948635	0.0513652	1.89727	0.10273	0.9559398
2238	0	-15.71736	-15.32494	-0.3924202	0.253253	0.965036	0.0349642	1.93007	0.0699284	0.9870398
2239	1	-17.20726	-16.80433	-0.402933	0.510167	0.980907	0.0190933	1.96181	0.0381866	0.9974711
2240	0	-15.36751	-14.97955	-0.3879627	0.260074	0.982432	0.0175676	1.96486	0.0351351	0.9826499
2241	1	-16.36568	-16.06346	-0.302216	0.183925	0.967784	0.0322157	1.93557	0.0644314	0.9019023
2242	0	-17.47869	-17.141	-0.3376829	0.187234	0.947585	0.0524147	1.89517	0.104829	0.934464
2243	1	-17.55158	-17.28322	-0.2683611	0.358824	0.982676	0.0173242	1.96535	0.0346484	0.8718795
2244	0	-16.53785	-16.18747	-0.3503727	0.320231	0.962225	0.0377754	1.92445	0.0755507	0.9463977
2245	1	-15.51791	-15.13768	-0.3802314	0.336747	0.979769	0.0202306	1.95954	0.0404611	0.975082
2246	0	-18.27569	-17.95633	-0.3193525	0.174811	0.939156	0.0608443	1.87831	0.121689	0.9174909
2247	1	-15.4556	-15.05646	-0.399141	0.313638	0.983177	0.0168232	1.96635	0.0336464	0.9936958
2248	0	-18.29539	-18.00672	-0.2886733	0.335107	0.94938	0.0506202	1.89876	0.10124	0.8897704
2249	1	-16.24471	-15.86762	-0.3770906	-0.00416476	0.969849	0.0301505	1.9397	0.0603011	0.9720242
2250	0	-16.01258	-15.64661	-0.3659702	0.142423	0.964298	0.0357018	1.9286	0.0714036	0.9612748
2251	1	-16.27592	-15.89531	-0.380612	0.415171	0.982102	0.0178977	1.9642	0.0357954	0.9754532
2252	0	-16.92345	-16.54764	-0.3758088	0.267834	0.952165	0.0478347	1.90433	0.0956694	0.9707792
2253	1	-18.09444	-17.71346	-0.3809788	0.543137	0.97813	0.0218702	1.95626	0.0437404	0.9758111
2254	0	-18.88134	-18.58825	-0.2930919	-0.0014501	0.94025	0.0597498	1.8805	0.1195	0.8937106
2255	1	-15.70925	-15.35581	-0.3534439	0.151499	0.980509	0.0194907	1.96102	0.0389814	0.9493087
2256	0	-18.52318	-18.17293	-0.3502462	-0.111664	0.983948	0.0160519	1.9679	0.0321037	0.946278
2257	1	-16.25584	-15.85358	-0.4022572	0.218081	0.956634	0.0433661	1.91327	0.0867321	0.9967973
2258	0	-15.85517	-15.47185	-0.38332	0.0734146	0.967741	0.0322585	1.93548	0.0645171	0.9780983
2259	1	-16.60341	-16.32984	-0.2735719	0.227125	0.969604	0.030396	1.93921	0.060792	0.8764346
2260	0	-15.63327	-15.23607	-0.3971998	0.0451733	0.972796	0.0272039	1.94559	0.0544078	0.9917688
2261	1	-16.6774	-16.39391	-0.2834912	0.0886323	0.970966	0.0290339	1.94193	0.0580678	0.8851715
2262	0	-17.94349	-17.54011	-0.4033759	-0.0955348	0.985587	0.0144134	1.97117	0.0288269	0.997913
2263	1	-18.6449	-18.3902	-0.254709	0.290768	0.946362	0.0536378	1.89272	0.107276	0.8600574
2264	0	-15.6818	-15.29011	-0.3916866	0.388074	0.978266	0.021734	1.95653	0.043468	0.986316
2265	1	-15.85159	-15.50668	-0.3449137	0.101143	0.977018	0.0229822	1.95404	0.0459645	0.9412454
2266	0	-15.88884	-15.56118	-0.3276627	0.199716	0.979775	0.0202253	1.95955	0.0404506	0.9251472
2267	1	-17.76488	-17.45933	-0.3055481	0.399357	0.960136	0.0398638	1.92027	0.0797276	0.9049125
2268	0	-17.25864	-16.85983	-0.3988056	0.508777	0.972184	0.027816	1.94437	0.0556321	0.9933626
2269	1	-18.96115	-18.7366	-0.2245501	0.384006	0.955794	0.0442065	1.91159	0.0884129	0.8345063
2270	0	-17.1795	-16.85865	-0.3208465	0.156875	0.98601	0.0139905	1.97202	0.027981	0.9188626
2271	1	-19.51966	-19.15489	-0.3647776	0.195314	0.916912	0.0830877	1.83382	0.166175	0.9601291
2272	0	-15.74925	-15.35693	-0.392313	0.0250941	0.975543	0.0244565	1.95109	0.048913	0.986934
2273	1	-16.45001	-16.07936	-0.3706523	0.0121199	0.982183	0.0178172	1.96437	0.0356344	0.9657862
2274	0	-15.48116	-15.09951	-0.3816492	0.123654	0.980713	0.0192873	1.96143	0.0385746	0.9764655
2275	1	-17.80875	-17.4959	-0.312844	0.26008	0.947832	0.0521678	1.89566	0.104336	0.9115388
2276	0	-20.18419	-19.80254	-0.3816492	0.357734	0.915988	0.0840117	1.83198	0.168023	0.9764655
2277	1	-17.3385	-17.02361	-0.3148931	0.050951	0.955952	0.0440484	1.9119	0.0880969	0.9134085
2278	0	-15.85481	-15.45476	-0.4000573	0.34286	0.984769	0.0152306	1.96954	0.0304612	0.9946067
2279	1	-16.07184	-15.71513	-0.3567113	0.165597	0.983988	0.016012	1.96798	0.0320239	0.9524156
2280	0	-15.72825	-15.32965	-0.3986005	0.368154	0.970635	0.0293655	1.94127	0.058731	0.9931589
2281	1	-16.45446	-16.08829	-0.3661707	0.415063	0.970803	0.029197	1.94161	0.058394	0.9614676
2282	0	-16.36171	-15.95696	-0.4047567	0.359711	0.986485	0.0135149	1.97297	0.0270298	0.9992918
2283	1	-17.32481	-16.97211	-0.3526999	0.350921	0.954523	0.0454774	1.90905	0.0909547	0.9486027
2284	0	-15.76592	-15.3789	-0.3870232	0.0638051	0.969596	0.0304041	1.93919	0.0608082	0.9817271
2285	1	-15.56308	-15.21221	-0.3508666	0.262093	0.977631	0.0223685	1.95526	0.044737	0.9468653
2286	0	-16.39167	-15.98959	-0.4020771	0.284781	0.956618	0.0433818	1.91324	0.0867636	0.9966178
2287	1	-18.69004	-18.47957	-0.2104754	0.228763	0.949317	0.0506835	1.89863	0.101367	0.8228431
2288	0	-16.54647	-16.16846	-0.378012	0.18104	0.955232	0.044768	1.91046	0.089536	0.9729203
2289	1	-17.20559	-16.98738	-0.2182158	0.22799	0.973209	0.0267907	1.94642	0.0535814	0.829237
2290	0	-15.45476	-15.0592	-0.3955598	0.0704597	0.975325	0.0246748	1.95065	0.0493496	0.9901436
2291	1	-19.27557	-19.11902	-0.1565515	0.0365985	0.955025	0.044975	1.91005	0.08995	0.7796473
2292	0	-16.3757	-16.07156	-0.3041325	0.161752	0.981097	0.0189029	1.96219	0.0378058	0.9036324
2293	1	-17.81583	-17.56525	-0.2505786	-0.021625	0.970111	0.0298889	1.94022	0.0597778	0.8565124
2294	0	-15.75295	-15.38474	-0.3682052	0.168201	0.983066	0.0169341	1.96613	0.0338683	0.9634257
2295	1	-18.20997	-17.98393	-0.2260391	0.0424887	0.957742	0.0422579	1.91548	0.0845157	0.8357498
2296	0	-15.77258	-15.41819	-0.3543942	0.11196	0.972165	0.0278348	1.94433	0.0556697	0.9502113
2297	1	-15.74266	-15.38439	-0.3582646	0.335842	0.97848	0.0215202	1.95696	0.0430403	0.9538961
2298	0	-15.60441	-15.2501	-0.3543028	0.142524	0.975013	0.0249872	1.95003	0.0499744	0.9501245
2299	1	-17.11983	-16.74062	-0.3792065	0.0238651	0.98608	0.0139199	1.97216	0.0278399	0.9740831
2300	0	-17.31418	-17.01767	-0.2965034	-0.0158673	0.978428	0.0215719	1.95686	0.0431438	0.8967648
2301	1	-16.0572	-15.69506	-0.3621465	0.02744	0.974912	0.0250883	1.94982	0.0501766	0.9576062
2302	0	-17.32022	-16.95366	-0.3665541	0.118023	0.947223	0.0527768	1.89445	0.105554	0.9618363
2303	1	-16.80492	-16.4174	-0.3875168	0.223557	0.951338	0.0486618	1.90268	0.0973236	0.9822118
2304	0	-15.16075	-14.77407	-0.3866799	0.260049	0.977115	0.0228848	1.95423	0.0457695	0.9813901
2305	1	-16.13701	-15.75152	-0.3854891	0.23081	0.959943	0.0400572	1.91989	0.0801145	0.9802222
2306	0	-15.81719	-15.45004	-0.3671455	0.0856087	0.98055	0.0194498	1.9611	0.0388996	0.9624053
2307	1	-18.02113	-17.69594	-0.3251913	-0.0929486	0.959321	0.0406787	1.91864	0.0813573	0.9228636
2308	0	-15.80588	-15.40712	-0.3987566	0.0881004	0.965426	0.034574	1.93085	0.069148	0.993314
2309	1	-15.76267	-15.4073	-0.3553738	0.30908	0.972431	0.0275687	1.94486	0.0551374	0.9511426
2310	0	-18.82971	-18.56587	-0.2638405	0.477801	0.980403	0.0195967	1.96081	0.0391934	0.867947
2311	1	-15.72946	-15.36778	-0.3616855	0.088074	0.977504	0.0224962	1.95501	0.0449925	0.9571649
2312	0	-18.54328	-18.34587	-0.1974094	-0.0165126	0.96743	0.0325698	1.93486	0.0651395	0.8121618
2313	1	-17.45505	-17.09337	-0.3616855	-0.0459854	0.956211	0.0437891	1.91242	0.0875782	0.9571649
2314	0	-17.8378	-17.62573	-0.2120739	0.353664	0.975694	0.0243064	1.95139	0.0486127	0.8241595
2315	1	-15.68801	-15.30909	-0.3789159	0.278263	0.967903	0.0320967	1.93581	0.0641934	0.9738001
2316	0	-16.97753	-16.7379	-0.2396312	0.145606	0.974284	0.0257162	1.94857	0.0514324	0.847187
2317	1	-17.79184	-17.43452	-0.3573172	-0.114556	0.98045	0.0195504	1.9609	0.0391008	0.9529928
2318	0	-16.26768	-15.86724	-0.4004384	0.298753	0.958841	0.0411586	1.91768	0.0823172	0.9949859
2319	1	-15.26819	-14.87459	-0.3936041	0.129251	0.974004	0.0259958	1.94801	0.0519916	0.988209
2320	0	-15.34465	-14.94919	-0.3954596	0.275642	0.982815	0.0171853	1.96563	0.0343706	0.9900443
2321	1	-17.16776	-16.86633	-0.3014385	0.171154	0.985154	0.0148459	1.97031	0.0296918	0.9012013
2322	0	-15.87003	-15.49208	-0.3779535	0.260982	0.964893	0.0351069	1.92979	0.0702138	0.9728634
2323	1	-18.02175	-17.67537	-0.346376	0.480993	0.963908	0.0360923	1.92782	0.0721846	0.9426227
2324	0	-15.7244	-15.37445	-0.3499507	0.195604	0.98128	0.0187197	1.96256	0.0374394	0.9459984
2325	1	-18.0762	-17.77124	-0.3049571	0.378817	0.954047	0.0459534	1.90809	0.0919069	0.9043778
2326	0	-17.45045	-17.22217	-0.2282809	0.0922729	0.967481	0.0325191	1.93496	0.0650383	0.8376255
2327	1	-16.28127	-15.9795	-0.3017661	0.301007	0.977693	0.0223073	1.95539	0.0446146	0.9014966
2328	0	-16.85138	-16.50367	-0.3477177	0.135121	0.955089	0.044911	1.91018	0.089822	0.9438883
2329	1	-16.27089	-15.95443	-0.3164612	0.112292	0.969531	0.0304692	1.93906	0.0609383	0.914842
2330	0	-16.87811	-16.51132	-0.366786	0.0785477	0.986067	0.0139328	1.97213	0.0278656	0.9620594
2331	1	-15.29842	-14.91322	-0.385204	0.302428	0.979301	0.0206992	1.9586	0.0413985	0.9799427
2332	0	-17.27601	-17.01168	-0.2643295	0.176815	0.983306	0.0166939	1.96661	0.0333878	0.8683716
2333	1	-16.39094	-16.01974	-0.3711976	0.160073	0.958125	0.0418752	1.91625	0.0837504	0.9663129
2334	0	-19.0988	-18.81518	-0.2836162	-0.154685	0.961341	0.0386593	1.92268	0.0773187	0.8852821
2335	1	-16.27234	-15.9005	-0.3718397	0.414227	0.980843	0.0191566	1.96169	0.0383132	0.9669337
2336	0	-16.9383	-16.6805	-0.2578042	0.117986	0.978333	0.0216674	1.95667	0.0433347	0.8627236
2337	1	-16.24646	-15.86102	-0.385439	0.20445	0.986494	0.0135062	1.97299	0.0270123	0.9801731
2338	0	-16.19134	-15.83095	-0.3603935	0.0888015	0.964587	0.0354125	1.92917	0.0708251	0.955929
2339	1	-18.25704	-17.98953	-0.2675044	0.151428	0.94597	0.0540297	1.89194	0.108059	0.871133
2340	0	-18.12138	-17.72226	-0.3991282	0.0384223	0.935926	0.064074	1.87185	0.128148	0.9936832
2341	1	-15.78836	-15.4079	-0.3804562	0.139611	0.96583	0.0341701	1.93166	0.0683403	0.9753013
2342	0	-17.48078	-17.15861	-0.3221634	0.406004	0.962135	0.0378645	1.92427	0.075729	0.9200735
2343	1	-16.24071	-15.85975	-0.3809645	0.418215	0.972182	0.0278177	1.94436	0.0556354	0.9757971
2344	0	-16.51049	-16.12303	-0.387466	0.374503	0.962245	0.0377547	1.92449	0.0755094	0.9821619
2345	1	-18.80347	-18.59749	-0.2059861	0.380245	0.96069	0.0393097	1.92138	0.0786195	0.8191574
2346	0	-16.43475	-16.05294	-0.3818127	0.221364	0.956455	0.0435448	1.91291	0.0870897	0.9766252
2347	1	-17.69309	-17.34284	-0.3502472	0.321137	0.948225	0.0517752	1.89645	0.10355	0.9462789
2348	0	-17.88212	-17.48167	-0.4004452	-0.183651	0.976248	0.0237524	1.9525	0.0475047	0.9949927
2349	1	-16.26932	-15.88153	-0.3877926	0.135082	0.958417	0.0415827	1.91683	0.0831654	0.9824828
2350	0	-17.68466	-17.42295	-0.2617111	0.147964	0.95468	0.0453197	1.90936	0.0906394	0.8661008
2351	1	-16.62722	-16.26199	-0.3652237	-0.0452981	0.97186	0.02814	1.94372	0.0562799	0.9605575
2352	0	-17.0942	-16.71661	-0.3775931	-0.01393	0.984728	0.0152721	1.96946	0.0305443	0.9725129
2353	1	-16.60926	-16.28383	-0.3254266	0.0914117	0.963026	0.0369743	1.92605	0.0739486	0.9230808
2354	0	-17.06845	-16.71468	-0.3537647	0.320596	0.95531	0.0446901	1.91062	0.0893802	0.9496134
2355	1	-15.61862	-15.26311	-0.3555047	0.271696	0.972987	0.0270129	1.94597	0.0540257	0.9512671
2356	0	-15.99626	-15.6235	-0.3727627	0.0201885	0.976651	0.0233495	1.9533	0.0466989	0.9678265
2357	1	-16.49312	-16.13938	-0.3537401	0.351472	0.964667	0.035333	1.92933	0.070666	0.94959
2358	0	-17.7463	-17.36364	-0.3826591	0.327046	0.944551	0.0554485	1.8891	0.110897	0.9774521
2359	1	-15.3512	-14.96932	-0.3818812	0.216745	0.971628	0.0283719	1.94326	0.0567439	0.976692
2360	0	-16.99453	-16.59337	-0.4011557	0.00893946	0.953149	0.0468511	1.9063	0.0937023	0.9956998
2361	1	-18.22475	-17.94493	-0.2798197	0.210952	0.945116	0.0548839	1.89023	0.109768	0.8819275
2362	0	-19.29037	-18.98856	-0.3018029	0.281199	0.931253	0.0687472	1.86251	0.137494	0.9015298
2363	1	-16.99622	-16.70545	-0.2907676	0.090173	0.962492	0.037508	1.92498	0.0750161	0.8916358
2364	0	-20.57434	-20.22381	-0.3505252	-0.285454	0.954945	0.045055	1.90989	0.09011	0.9465421
2365	1	-16.83025	-16.43731	-0.3929347	0.438372	0.964875	0.0351254	1.92975	0.0702509	0.9875478
2366	0	-15.76196	-15.38022	-0.3817441	0.0412054	0.974931	0.0250686	1.94986	0.0501373	0.9765582
2367	1	-15.89457	-15.54024	-0.3543296	0.0968279	0.970501	0.0294991	1.941	0.0589981	0.9501499
2368	0	-15.48123	-15.09259	-0.3886391	0.0884525	0.973464	0.026536	1.94693	0.0530719	0.9833147
2369	1	-16.70715	-16.30701	-0.4001395	0.215605	0.988143	0.0118575	1.97629	0.0237149	0.9946885
2370	0	-15.63596	-15.25179	-0.3841656	0.364585	0.979802	0.0201975	1.9596	0.040395	0.9789257
2371	1	-15.91108	-15.54132	-0.3697602	0.29163	0.966515	0.0334853	1.93303	0.0669706	0.964925
2372	0	-15.17137	-14.7666	-0.404772	0.321528	0.980109	0.0198913	1.96022	0.0397825	0.9993071
2373	1	-15.37871	-14.99552	-0.3831947	0.209999	0.970863	0.0291373	1.94173	0.0582746	0.9779757
2374	0	-18.08031	-17.75738	-0.3229246	0.449201	0.960945	0.0390554	1.92189	0.0781108	0.9207741
2375	1	-17.30659	-16.94714	-0.3594563	0.0197899	0.952736	0.0472638	1.90547	0.0945277	0.9550336
2376	0	-15.34013	-14.95469	-0.3854411	0.318084	0.978626	0.0213743	1.95725	0.0427485	0.9801751
2377	1	-18.05069	-17.71014	-0.340542	0.214899	0.940227	0.0597725	1.88045	0.119545	0.9371395
2378	0	-16.11495	-15.73318	-0.3817752	0.402056	0.981962	0.0180382	1.96392	0.0360765	0.9765885
2379	1	-20.97753	-20.62305	-0.3544796	0.325624	0.904605	0.0953949	1.80921	0.19079	0.9502925
2380	0	-19.23122	-18.83033	-0.4008874	0.596907	0.975718	0.0242822	1.95144	0.0485643	0.9954328
2381	1	-16.18714	-15.81649	-0.3706503	-0.0012001	0.973208	0.026792	1.94642	0.053584	0.9657843
2382	0	-15.80567	-15.45298	-0.3526871	0.104344	0.972519	0.0274808	1.94504	0.0549617	0.9485906
2383	1	-16.35381	-16.00093	-0.3528812	0.40424	0.974028	0.0259721	1.94806	0.0519443	0.9487747
2384	0	-17.21887	-16.85089	-0.3679855	-0.107615	0.971847	0.0281533	1.94369	0.0563065	0.963214
2385	1	-15.61913	-15.26488	-0.3542485	0.142693	0.974248	0.025752	1.9485	0.051504	0.9500728
2386	0	-16.27992	-15.95656	-0.3233625	0.349345	0.973953	0.0260473	1.94791	0.0520945	0.9211774
2387	1	-18.65716	-18.33457	-0.3225871	0.185887	0.933735	0.0662651	1.86747	0.13253	0.9204634
2388	0	-16.62066	-16.34501	-0.2756494	0.188465	0.968505	0.0314945	1.93701	0.062989	0.8782573
2389	1	-17.28299	-16.9604	-0.3225871	-0.0319603	0.980336	0.019664	1.96067	0.0393281	0.9204634
2390	0	-17.50986	-17.27903	-0.2308265	0.0682659	0.967968	0.0320316	1.93594	0.0640633	0.8397605
2391	1	-17.9216	-17.65757	-0.2640266	0.32095	0.956293	0.0437072	1.91259	0.0874143	0.8681085
2392	0	-15.48071	-15.10539	-0.3753213	0.303955	0.973621	0.0263789	1.94724	0.0527578	0.970306
2393	1	-16.08065	-15.6957	-0.3849493	0.155991	0.985576	0.014424	1.97115	0.028848	0.9796932
2394	0	-16.03628	-15.67443	-0.3618436	0.386899	0.976343	0.0236568	1.95269	0.0473135	0.9573162
2395	1	-15.85047	-15.50909	-0.3413897	0.14869	0.970932	0.0290678	1.94186	0.0581355	0.9379342
2396	0	-15.34382	-14.96449	-0.3793294	0.181956	0.980728	0.0192716	1.96146	0.0385431	0.9742029
2397	1	-16.89454	-16.5364	-0.3581361	0.424797	0.983381	0.0166192	1.96676	0.0332384	0.9537736
2398	0	-16.01335	-15.64044	-0.3729109	0.2637	0.963664	0.0363357	1.92733	0.0726714	0.96797
2399	1	-16.34791	-15.94311	-0.4047969	0.244908	0.987538	0.0124619	1.97508	0.0249239	0.999332
2400	0	-16.09105	-15.76251	-0.3285417	0.288648	0.970133	0.0298666	1.94027	0.0597333	0.9259608
2401	1	-16.47075	-16.09135	-0.379404	0.119381	0.957051	0.0429489	1.9141	0.0858977	0.9742755
2402	0	-18.43305	-18.09053	-0.3425184	0.362311	0.943493	0.0565074	1.88699	0.113015	0.9389935
2403	1	-16.96041	-16.6943	-0.2661152	0.19969	0.964312	0.0356875	1.92862	0.071375	0.8699236
2404	0	-15.42696	-15.04278	-0.3841826	0.127702	0.980577	0.0194226	1.96115	0.0388452	0.9789424
2405	1	-15.21545	-14.81885	-0.396598	0.319426	0.978024	0.0219758	1.95605	0.0439516	0.9911721
2406	0	-15.788	-15.42654	-0.3614629	0.201567	0.967399	0.0326012	1.9348	0.0652025	0.9569518
2407	1	-16.09183	-15.71046	-0.3813691	0.0115294	0.97996	0.0200401	1.95992	0.0400803	0.976192
2408	0	-16.59621	-16.29711	-0.2991036	0.0813199	0.969115	0.0308853	1.93823	0.0617705	0.8990995
2409	1	-19.21085	-18.8367	-0.3741464	0.0237693	0.947824	0.0521763	1.89565	0.104353	0.9691666
2410	0	-16.16956	-15.81373	-0.3558306	0.289037	0.964662	0.0353378	1.92932	0.0706755	0.9515772
2411	1	-18.61696	-18.24129	-0.3756713	-0.0293902	0.935813	0.0641872	1.87163	0.128374	0.9706457
2412	0	-18.41826	-18.08608	-0.3321739	0.428669	0.986834	0.0131664	1.97367	0.0263327	0.9293301
2413	1	-15.49906	-15.14384	-0.3552226	0.254965	0.976838	0.0231619	1.95368	0.0463239	0.9509988
2414	0	-17.38858	-16.98827	-0.4003179	-0.147564	0.976851	0.0231489	1.9537	0.0462977	0.994866
2415	1	-15.84822	-15.52016	-0.3280608	0.210245	0.972841	0.0271588	1.94568	0.0543177	0.9255156
2416	0	-15.74351	-15.39783	-0.3456724	0.260389	0.971933	0.0280674	1.94387	0.0561347	0.9419597
2417	1	-16.65577	-16.26096	-0.3948029	0.0768255	0.954533	0.0454673	1.90907	0.0909346	0.9893945
2418	0	-15.36728	-14.98397	-0.3833071	0.128898	0.974067	0.0259333	1.94813	0.0518665	0.9780857
2419	1	-15.06925	-14.67444	-0.3948029	0.18828	0.977107	0.0228926	1.95421	0.0457852	0.9893945
2420	0	-15.83746	-15.49948	-0.3379793	0.27856	0.97267	0.0273304	1.94534	0.0546607	0.934741
2421	1	-15.27948	-14.9061	-0.373376	0.209007	0.976484	0.0235156	1.95297	0.0470313	0.9684203
2422	0	-16.00564	-15.62435	-0.3812905	0.383113	0.970782	0.0292176	1.94156	0.0584352	0.9761153
2423	1	-16.41855	-16.11691	-0.3016426	0.159068	0.967422	0.0325782	1.93484	0.0651565	0.9013853
2424	0	-16.98986	-16.63618	-0.3536733	-0.0224982	0.982127	0.0178734	1.96425	0.0357469	0.9495265
2425	1	-18.98639	-18.70875	-0.2776376	-0.145602	0.963209	0.0367911	1.92642	0.0735823	0.8800052
2426	0	-15.94697	-15.56781	-0.3791609	0.186937	0.96289	0.0371103	1.92578	0.0742206	0.9740387
2427	1	-15.47256	-15.10147	-0.3710982	0.150901	0.972779	0.0272212	1.94556	0.0544424	0.9662169
2428	0	-16.08769	-15.7697	-0.3179964	0.121864	0.973694	0.0263059	1.94739	0.0526118	0.9162475
2429	1	-16.51884	-16.16713	-0.3517078	0.253397	0.959298	0.0407022	1.9186	0.0814044	0.9476621
2430	0	-15.71441	-15.31405	-0.4003622	0.301527	0.965847	0.0341533	1.93169	0.0683066	0.9949101
2431	1	-17.06365	-16.74956	-0.3140876	0.0956575	0.957638	0.0423622	1.91528	0.0847243	0.9126731
2432	0	-15.2829	-14.8911	-0.391803	0.209738	0.971162	0.0288384	1.94232	0.0576768	0.9864308
2433	1	-15.2066	-14.82193	-0.3846737	0.230069	0.980053	0.0199474	1.96011	0.0398948	0.9794232
2434	0	-15.21395	-14.8126	-0.4013469	0.161042	0.971723	0.0282774	1.94345	0.0565549	0.9958903
2435	1	-15.32532	-14.9268	-0.3985226	0.272067	0.970467	0.0295328	1.94093	0.0590657	0.9930816
2436	0	-14.9914	-14.59005	-0.4013469	0.212097	0.976441	0.0235594	1.95288	0.0471187	0.9958903
2437	1	-15.76687	-15.37087	-0.395999	0.1358	0.964336	0.0356643	1.92867	0.0713287	0.9905786
2438	0	-15.53421	-15.17339	-0.3608203	0.295962	0.9779	0.0221004	1.9558	0.0442007	0.9563371
2439	1	-18.9267	-18.66489	-0.2618096	0.489563	0.978496	0.021504	1.95699	0.043008	0.8661861
2440	0	-16.08943	-15.69214	-0.3972897	0.395748	0.968531	0.0314688	1.93706	0.0629376	0.9918579
2441	1	-16.51177	-16.20968	-0.3020984	0.253703	0.966204	0.0337956	1.93241	0.0675912	0.9017962
2442	0	-15.77109	-15.3738	-0.3972897	0.0149269	0.974986	0.0250135	1.94997	0.050027	0.9918579
2443	1	-16.20714	-15.8709	-0.3362346	0.196516	0.964667	0.0353325	1.92933	0.070665	0.9331116
2444	0	-15.86878	-15.52132	-0.3474597	0.236012	0.968547	0.0314531	1.93709	0.0629062	0.9436448
2445	1	-15.17207	-14.77287	-0.3992006	0.152336	0.973517	0.026483	1.94703	0.0529659	0.9937551
2446	0	-15.1997	-14.81049	-0.3892153	0.239589	0.980845	0.0191555	1.96169	0.038311	0.9838815
2447	1	-17.05308	-16.70817	-0.3449089	0.423571	0.966777	0.0332229	1.93355	0.0664457	0.9412409
2448	0	-15.43547	-15.05871	-0.3767586	0.319018	0.977372	0.022628	1.95474	0.0452561	0.9717016
2449	1	-15.68553	-15.29991	-0.3856205	0.100653	0.968514	0.0314856	1.93703	0.0629712	0.980351
2450	0	-15.78096	-15.39875	-0.3822033	0.0466083	0.979089	0.0209108	1.95818	0.0418216	0.9770067
2451	1	-15.54768	-15.15168	-0.3959972	0.360262	0.973456	0.0265443	1.94691	0.0530886	0.9905768
2452	0	-16.07364	-15.74097	-0.3326741	0.236263	0.967622	0.0323778	1.93524	0.0647556	0.9297951
2453	1	-15.57392	-15.20092	-0.3730043	0.195376	0.96916	0.03084	1.93832	0.06168	0.9680604
2454	0	-16.28173	-15.89521	-0.386515	-0.0359295	0.97427	0.0257301	1.94854	0.0514602	0.9812283
2455	1	-16.60756	-16.34354	-0.2640197	0.238636	0.976845	0.0231554	1.95369	0.0463108	0.8681026
2456	0	-15.21082	-14.82431	-0.386515	0.218161	0.973778	0.0262224	1.94756	0.0524448	0.9812283
2457	1	-21.36966	-21.20511	-0.1645502	-0.190779	0.961007	0.0389934	1.92201	0.0779867	0.7859085
2458	0	-16.44864	-16.12014	-0.3284974	0.351862	0.981861	0.0181393	1.96372	0.0362786	0.9259198
2459	1	-17.84421	-17.58705	-0.2571559	0.139286	0.96681	0.0331901	1.93362	0.0663801	0.8621645
2460	0	-16.21169	-15.8438	-0.3678917	0.00594137	0.971371	0.0286288	1.94274	0.0572577	0.9631237
2461	1	-18.82638	-18.47424	-0.3521393	0.493546	0.956045	0.0439554	1.91209	0.0879109	0.948071
2462	0	-15.32457	-14.92973	-0.3948357	0.331406	0.979954	0.0200465	1.95991	0.040093	0.9894269
2463	1	-15.1821	-14.78591	-0.3961908	0.298949	0.975505	0.0244951	1.95101	0.0489901	0.9907685
2464	0	-16.28162	-15.88883	-0.3927983	0.178135	0.957127	0.0428735	1.91425	0.085747	0.9874131
2465	1	-15.33349	-14.96334	-0.3701414	0.210099	0.978888	0.0211124	1.95778	0.0422247	0.9652929
2466	0	-15.71317	-15.30777	-0.4054036	0.044533	0.981717	0.0182826	1.96343	0.0365651	0.9999385
2467	1	-18.45557	-18.09251	-0.363054	-0.194697	0.968584	0.0314163	1.93717	0.0628326	0.9584757
2468	0	-20.33837	-19.93628	-0.4020908	-0.28182	0.946379	0.0536211	1.89276	0.107242	0.9966314
2469	1	-15.51026	-15.13423	-0.3760304	0.225987	0.982564	0.017436	1.96513	0.034872	0.9709943
2470	0	-18.69005	-18.40208	-0.2879651	0.320966	0.943475	0.0565249	1.88695	0.11305	0.8891405
2471	1	-16.1385	-15.79675	-0.3417508	0.348431	0.97189	0.0281104	1.94378	0.0562209	0.938273
2472	0	-21.09912	-20.73189	-0.3672252	0.0833903	0.891433	0.108567	1.78287	0.217133	0.962482
2473	1	-16.03251	-15.67345	-0.3590633	0.0369124	0.976359	0.023641	1.95272	0.047282	0.9546583
2474	0	-17.41574	-17.02107	-0.3946666	0.183773	0.942576	0.0574238	1.88515	0.114848	0.9892596
2475	1	-16.70466	-16.30828	-0.3963801	0.113505	0.952417	0.0475827	1.90483	0.0951655	0.9909561
2476	0	-17.01717	-16.6951	-0.3220664	-0.00953987	0.9798	0.0202004	1.9596	0.0404008	0.9199842
2477	1	-16.00627	-15.67114	-0.3351258	0.203858	0.967995	0.0320052	1.93599	0.0640104	0.9320775
2478	0	-15.88279	-15.52643	-0.3563665	0.3509	0.979476	0.020524	1.95895	0.041048	0.9520873
2479	1	-16.68662	-16.39637	-0.2902438	0.147875	0.965155	0.0348448	1.93031	0.0696895	0.8911689
2480	0	-15.92991	-15.54008	-0.3898351	0.39197	0.971722	0.0282779	1.94344	0.0565558	0.9844915
2481	1	-16.65626	-16.35287	-0.3033887	0.146234	0.963464	0.0365358	1.92693	0.0730717	0.9029605
2482	0	-16.46075	-16.0873	-0.3734454	0.284764	0.95869	0.0413097	1.91738	0.0826194	0.9684875
2483	1	-16.46488	-16.10283	-0.3620511	0.129616	0.958773	0.0412273	1.91755	0.0824545	0.9575149
2484	0	-15.31974	-14.93018	-0.3895594	0.210505	0.970863	0.0291369	1.94173	0.0582739	0.9842201
2485	1	-16.75712	-16.42694	-0.330178	0.338972	0.963379	0.0366208	1.92676	0.0732416	0.9274772
2486	0	-17.04576	-16.78819	-0.2575705	0.337599	0.975725	0.0242747	1.95145	0.0485494	0.862522
2487	1	-15.81781	-15.44301	-0.3748044	0.122131	0.966798	0.0332016	1.9336	0.0664031	0.9698046
2488	0	-16.90513	-16.51816	-0.3869732	0.484639	0.979478	0.020522	1.95896	0.0410441	0.981678
2489	1	-18.57033	-18.21262	-0.3577073	0.411368	0.945432	0.0545683	1.89086	0.109137	0.9533647
2490	0	-15.99366	-15.59003	-0.4036373	0.00412757	0.96866	0.03134	1.93732	0.06268	0.9981739
2491	1	-15.3646	-14.97897	-0.3856276	0.112089	0.975881	0.0241186	1.95176	0.0482372	0.980358
2492	0	-16.4263	-16.04888	-0.3774141	-0.0383026	0.972374	0.0276263	1.94475	0.0552526	0.9723388
2493	1	-15.81708	-15.42095	-0.3961283	0.253378	0.963319	0.0366814	1.92664	0.0733627	0.9907066
2494	0	-17.22897	-16.99288	-0.2360892	0.317282	0.974711	0.0252886	1.94942	0.0505772	0.8441915
2495	1	-15.89281	-15.48885	-0.4039603	0.341453	0.965416	0.0345838	1.93083	0.0691675	0.9984963
2496	0	-16.63492	-16.353	-0.2819229	0.324794	0.975665	0.0243351	1.95133	0.0486701	0.8837844
2497	1	-15.82923	-15.42527	-0.4039603	0.393363	0.982776	0.0172236	1.96555	0.0344471	0.9984963
2498	0	-15.86457	-15.51154	-0.3530272	0.0773563	0.975374	0.0246263	1.95075	0.0492526	0.9489133
2499	1	-16.7839	-16.39665	-0.3872472	0.425446	0.984942	0.0150585	1.96988	0.0301169	0.981947
2500	0	-19.15237	-18.76586	-0.386513	-0.251265	0.974516	0.0254837	1.94903	0.0509675	0.9812264
2501	1	-15.35004	-14.96135	-0.3886849	0.196267	0.982344	0.0176556	1.96469	0.0353113	0.9833598
2502	0	-15.94273	-15.55622	-0.386513	0.0209476	0.979717	0.0202826	1.95943	0.0405653	0.9812264
2503	1	-16.67863	-16.28995	-0.3886849	-0.080435	0.974789	0.0252113	1.94958	0.0504227	0.9833598
2504	0	-15.50121	-15.1085	-0.3927162	0.360762	0.975749	0.0242514	1.9515	0.0485027	0.987332
2505	1	-17.09942	-16.74354	-0.3558819	0.38523	0.959928	0.040072	1.91986	0.080144	0.951626
2506	0	-15.43759	-15.0688	-0.3687867	0.199965	0.972563	0.0274371	1.94513	0.0548742	0.9639861
2507	1	-17.72183	-17.32658	-0.395252	-0.0111947	0.945082	0.0549175	1.89016	0.109835	0.9898389
2508	0	-19.18429	-18.84334	-0.340948	-0.130628	0.94351	0.0564905	1.88702	0.112981	0.9375201
2509	1	-17.3997	-17.01686	-0.3828364	0.224074	0.944384	0.0556159	1.88877	0.111232	0.9776254
2510	0	-17.8151	-17.54627	-0.268829	0.358605	0.96035	0.0396504	1.9207	0.0793008	0.8722876
2511	1	-18.31882	-17.93599	-0.3828364	0.490383	0.957081	0.0429189	1.91416	0.0858378	0.9776254
2512	0	-18.12395	-17.75028	-0.3736649	0.0990938	0.936121	0.0638788	1.87224	0.127758	0.9687001
2513	1	-17.89489	-17.51553	-0.3793589	0.516915	0.968377	0.031623	1.93675	0.063246	0.9742316
2514	0	-15.11932	-14.71612	-0.4031975	0.221528	0.981965	0.018035	1.96393	0.03607	0.997735
2515	1	-17.6933	-17.31557	-0.377736	0.0410799	0.94397	0.0560297	1.88794	0.112059	0.9726518
2516	0	-15.46559	-15.08955	-0.3760367	0.302634	0.973694	0.0263062	1.94739	0.0526124	0.9710004
2517	1	-16.86181	-16.51793	-0.3438823	0.43697	0.979894	0.020106	1.95979	0.0402121	0.9402751
2518	0	-16.40311	-15.99955	-0.4035534	0.175636	0.954572	0.0454284	1.90914	0.0908568	0.9980902
2519	1	-16.41824	-16.0668	-0.3514383	0.373528	0.9682	0.0317996	1.9364	0.0635993	0.9474067
2520	0	-15.99546	-15.64098	-0.3544805	0.0659299	0.979255	0.0207446	1.95851	0.0414892	0.9502933
2521	1	-15.37702	-15.00374	-0.3732803	0.223501	0.972903	0.0270967	1.94581	0.0541933	0.9683276
2522	0	-17.1448	-16.80491	-0.3398922	0.453372	0.972392	0.0276084	1.94478	0.0552168	0.9365308
2523	1	-15.99034	-15.61706	-0.3732803	0.395003	0.975199	0.0248015	1.9504	0.049603	0.9683276
2524	0	-17.36779	-17.07006	-0.2977312	0.203342	0.953902	0.0460985	1.9078	0.092197	0.8978665
2525	1	-16.37539	-16.00927	-0.3661212	0.378613	0.967115	0.0328851	1.93423	0.0657702	0.96142
2526	0	-16.93836	-16.68931	-0.249059	0.259355	0.978904	0.0210964	1.95781	0.0421929	0.8552118
2527	1	-16.31987	-15.99227	-0.3275983	0.079795	0.968616	0.0313842	1.93723	0.0627685	0.9250876
2528	0	-16.45963	-16.09215	-0.3674854	0.322706	0.9613	0.0386999	1.9226	0.0773998	0.9627325
2529	1	-16.68446	-16.38268	-0.3017857	0.0752405	0.98015	0.0198498	1.9603	0.0396996	0.9015142
2530	0	-15.50561	-15.1074	-0.3982112	0.0891678	0.970587	0.0294134	1.94117	0.0588269	0.9927723
2531	1	-15.67607	-15.28825	-0.387823	0.295137	0.967612	0.0323878	1.93522	0.0647756	0.9825126
2532	0	-16.317	-15.91362	-0.4033862	0.199418	0.955642	0.0443584	1.91128	0.0887168	0.9979232
2533	1	-15.75089	-15.35793	-0.3929642	0.33802	0.983856	0.0161435	1.96771	0.0322871	0.9875769
2534	0	-16.57433	-16.21276	-0.3615675	-0.0263448	0.978667	0.0213332	1.95733	0.0426664	0.957052
2535	1	-15.9252	-15.58269	-0.3425125	0.224963	0.968252	0.0317481	1.9365	0.0634961	0.938988
2536	0	-19.38385	-18.99095	-0.3928988	0.473616	0.989157	0.0108431	1.97831	0.0216862	0.9875123
2537	1	-17.01185	-16.64931	-0.3625381	0.424273	0.964759	0.0352409	1.92952	0.0704817	0.9579813
2538	0	-16.71531	-16.38794	-0.3273728	0.231068	0.985253	0.0147469	1.97051	0.0294938	0.9248791
2539	1	-19.70723	-19.58214	-0.1250886	0.229978	0.950475	0.0495253	1.90095	0.0990506	0.7554992
2540	0	-16.26037	-15.85548	-0.4048922	-0.0248762	0.981514	0.0184862	1.96303	0.0369724	0.9994272
2541	1	-19.15905	-18.88044	-0.2786096	-0.0876914	0.9477	0.0523002	1.8954	0.1046	0.8808609
2542	0	-16.21144	-15.90153	-0.309916	0.268799	0.980472	0.0195281	1.96094	0.0390563	0.9088738
2543	1	-16.5165	-16.13548	-0.3810204	0.250331	0.956078	0.0439221	1.91216	0.0878442	0.9758516
2544	0	-18.17318	-17.77273	-0.4004549	0.503258	0.986199	0.0138013	1.9724	0.0276027	0.9950023
2545	1	-18.1105	-17.89622	-0.2142819	0.112314	0.957193	0.0428073	1.91439	0.0856145	0.8259813
2546	0	-18.49955	-18.16502	-0.3345383	-0.0264516	0.942344	0.0576556	1.88469	0.115311	0.93153
2547	1	-16.45964	-16.09178	-0.3678609	0.174314	0.986186	0.0138137	1.97237	0.0276274	0.9630941
2548	0	-15.80228	-15.45438	-0.3478967	0.302094	0.972751	0.0272489	1.9455	0.0544977	0.9440574
2549	1	-24.14557	-23.76193	-0.3836348	0.695866	0.97526	0.0247401	1.95052	0.0494802	0.9784063
2550	0	-17.6497	-17.3561	-0.2935982	0.279872	0.953093	0.0469069	1.90619	0.0938139	0.8941632
2551	1	-16.46576	-16.09796	-0.3678004	-0.0234687	0.97856	0.0214396	1.95712	0.0428793	0.9630357
2552	0	-18.64697	-18.39297	-0.2540017	0.452103	0.966269	0.0337307	1.93254	0.0674614	0.8594493
2553	1	-15.03484	-14.63894	-0.3958932	0.22457	0.977436	0.0225639	1.95487	0.0451279	0.9904738
2554	0	-17.77814	-17.53927	-0.2388703	0.328103	0.962913	0.0370867	1.92583	0.0741734	0.8465426
2555	1	-17.17911	-16.82248	-0.3566294	0.385972	0.958957	0.0410433	1.91791	0.0820866	0.9523375
2556	0	-16.49884	-16.2003	-0.2985432	0.326825	0.979155	0.0208448	1.95831	0.0416896	0.8985958
2557	1	-15.53884	-15.17411	-0.3647315	0.162312	0.972119	0.0278814	1.94424	0.0557628	0.9600848
2558	0	-18.80744	-18.51663	-0.2908147	-0.0312171	0.94435	0.0556503	1.8887	0.111301	0.8916778
2559	1	-17.41344	-17.09197	-0.3214617	0.363498	0.968115	0.0318851	1.93623	0.0637703	0.9194281
2560	0	-15.2882	-14.91614	-0.3720615	0.224936	0.9774	0.0226	1.9548	0.0452001	0.9671481
2561	1	-15.86158	-15.49256	-0.3690195	0.0477876	0.97446	0.0255398	1.94892	0.0510796	0.9642106
2562	0	-15.4567	-15.05677	-0.3999272	0.330446	0.982682	0.0173182	1.96536	0.0346363	0.9944774
2563	1	-15.52244	-15.12131	-0.4011251	0.284626	0.967628	0.0323716	1.93526	0.0647433	0.9956694
2564	0	-15.88871	-15.50178	-0.3869293	0.0775576	0.966342	0.0336577	1.93268	0.0673155	0.9816349
2565	1	-15.57569	-15.19788	-0.3778033	0.0945577	0.97301	0.0269898	1.94602	0.0539795	0.9727173
2566	0	-16.68995	-16.39886	-0.2910865	0.278629	0.982152	0.0178477	1.9643	0.0356954	0.8919202
2567	1	-16.18317	-15.78969	-0.3934819	0.386579	0.966772	0.0332283	1.93354	0.0664565	0.9880883
2568	0	-17.79413	-17.59083	-0.2033053	0.093453	0.966755	0.0332451	1.93351	0.0664902	0.8169644
2569	1	-17.39605	-17.05623	-0.3398247	0.171838	0.948396	0.0516044	1.89679	0.103209	0.9364675
2570	0	-19.15796	-18.97491	-0.1830548	0.412869	0.966353	0.0336474	1.93271	0.0672947	0.8005868
2571	1	-15.85155	-15.48733	-0.3642219	0.32182	0.970056	0.0299438	1.94011	0.0598875	0.9595957
2572	0	-17.94695	-17.66045	-0.2864952	0.411942	0.962477	0.0375232	1.92495	0.0750464	0.8878345
2573	1	-16.81594	-16.50427	-0.3116782	0.161169	0.959595	0.0404047	1.91919	0.0808094	0.9104768
2574	0	-19.77588	-19.44032	-0.3355644	0.0741448	0.917167	0.0828331	1.83433	0.165666	0.9324864
2575	1	-16.32174	-15.95906	-0.3626813	-0.00658004	0.972679	0.0273212	1.94536	0.0546424	0.9581185
2576	0	-15.45504	-15.08443	-0.3706144	0.203222	0.981222	0.0187783	1.96244	0.0375567	0.9657496
2577	1	-16.9464	-16.58921	-0.3571929	0.332078	0.986527	0.013473	1.97305	0.0269459	0.9528743
2578	0	-14.9981	-14.59837	-0.3997286	0.220204	0.977043	0.0229568	1.95409	0.0459135	0.9942799
2579	1	-16.7231	-16.33765	-0.3854509	0.177144	0.952261	0.0477387	1.90452	0.0954774	0.9801847
2580	0	-17.26905	-16.9223	-0.3467524	-0.00268276	0.956724	0.0432757	1.91345	0.0865513	0.9429776
2581	1	-16.33512	-15.97277	-0.3623562	0.121983	0.960753	0.0392468	1.92151	0.0784936	0.9578071
2582	0	-15.36907	-15.00385	-0.3652172	0.227648	0.978008	0.0219921	1.95602	0.0439842	0.9605512
2583	1	-17.1168	-16.79936	-0.3174389	0.238422	0.955327	0.0446726	1.91065	0.0893453	0.9157369
2584	0	-15.9499	-15.56409	-0.3858171	0.160448	0.962387	0.0376127	1.92477	0.0752254	0.9805437
2585	1	-15.92067	-15.5836	-0.3370667	0.319799	0.978241	0.0217585	1.95648	0.043517	0.9338883
2586	0	-15.60358	-15.22641	-0.3771745	0.257913	0.968733	0.0312675	1.93747	0.0625349	0.9721058
2587	1	-16.41925	-16.02927	-0.3899778	0.350082	0.961093	0.0389065	1.92219	0.0778131	0.984632
2588	0	-17.30588	-17.04221	-0.2636759	0.228311	0.95993	0.0400702	1.91986	0.0801403	0.8678041
2589	1	-15.96525	-15.62473	-0.3405162	0.0873215	0.974227	0.0257734	1.94845	0.0515468	0.9371153
2590	0	-19.86758	-19.59483	-0.2727481	0.194636	0.923427	0.0765734	1.84685	0.153147	0.8757129
2591	1	-17.69473	-17.30916	-0.3855637	0.183194	0.939818	0.0601816	1.87964	0.120363	0.9802953
2592	0	-19.33835	-19.1754	-0.1629538	0.299559	0.95262	0.0473805	1.90524	0.0947609	0.7846549
2593	1	-19.40773	-19.14408	-0.2636411	0.219066	0.931749	0.0682511	1.8635	0.136502	0.8677739
2594	0	-18.73782	-18.5035	-0.2343166	0.029621	0.94899	0.0510095	1.89798	0.102019	0.8426964
2595	1	-15.97165	-15.62248	-0.3491732	0.0713739	0.97302	0.0269796	1.94604	0.0539593	0.9452632
2596	0	-16.33002	-16.02789	-0.3021274	0.207976	0.968367	0.0316328	1.93673	0.0632656	0.9018224
2597	1	-15.95006	-15.6036	-0.3464589	0.316324	0.971191	0.0288088	1.94238	0.0576175	0.9427009
2598	0	-17.60146	-17.33689	-0.2645731	0.306096	0.959298	0.0407023	1.9186	0.0814045	0.8685831
2599	1	-16.65139	-16.29891	-0.3524799	0.22757	0.956941	0.0430589	1.91388	0.0861178	0.948394
2600	0	-16.93831	-16.5667	-0.3716106	0.170717	0.950926	0.0490739	1.90185	0.0981477	0.9667122
2601	1	-17.09758	-16.8362	-0.2613828	0.298841	0.981304	0.0186959	1.96261	0.0373917	0.8658165
2602	0	-17.05484	-16.75599	-0.2988447	0.0135116	0.967136	0.0328642	1.93427	0.0657283	0.8988668
2603	1	-16.01711	-15.62579	-0.3913191	0.39681	0.970666	0.0293339	1.94133	0.0586678	0.9859536
2604	0	-17.96697	-17.65778	-0.3091884	0.00904682	0.950564	0.0494362	1.90113	0.0988724	0.9082127
2605	1	-15.88347	-15.53904	-0.3444354	0.332615	0.976179	0.0238207	1.95236	0.0476413	0.9407953
2606	0	-15.26857	-14.87705	-0.3915264	0.120446	0.976562	0.0234384	1.95312	0.0468768	0.986158
2607	1	-15.40928	-15.03041	-0.3788707	0.247005	0.981883	0.0181166	1.96377	0.0362333	0.9737561
2608	0	-15.77205	-15.37998	-0.3920664	0.398947	0.976762	0.0232383	1.95352	0.0464767	0.9866906
2609	1	-17.14627	-16.76974	-0.3765261	-0.0886642	0.979993	0.0200071	1.95999	0.0400142	0.9714757
2610	0	-15.29985	-14.91884	-0.3810084	0.181128	0.973417	0.0265834	1.94683	0.0531668	0.9758399
2611	1	-15.30403	-14.92115	-0.3828809	0.293204	0.979558	0.020442	1.95912	0.040884	0.9776689
2612	0	-15.18733	-14.80519	-0.3821399	0.240341	0.97703	0.02297	1.95406	0.0459399	0.9769448
2613	1	-16.34011	-15.9364	-0.4037082	0.218442	0.955463	0.0445368	1.91093	0.0890736	0.9982446
2614	0	-18.75965	-18.35609	-0.4035644	-0.0947056	0.936859	0.0631409	1.87372	0.126282	0.9981011
2615	1	-14.97503	-14.57132	-0.4037082	0.207551	0.979225	0.0207754	1.95845	0.0415508	0.9982446
2616	0	-16.97796	-16.58115	-0.3968077	0.144447	0.948201	0.0517992	1.8964	0.103598	0.9913799
2617	1	-15.75568	-15.40966	-0.3460268	0.122311	0.977122	0.0228783	1.95424	0.0457566	0.9422937
2618	0	-16.12141	-15.7991	-0.3223087	0.323316	0.978065	0.0219355	1.95613	0.0438709	0.9202072
2619	1	-15.82038	-15.47585	-0.3445284	0.311877	0.974384	0.0256158	1.94877	0.0512315	0.9408828
2620	0	-16.03048	-15.68135	-0.3491264	0.21197	0.965499	0.0345007	1.931	0.0690015	0.945219
2621	1	-16.12864	-15.76374	-0.3649052	0.385788	0.97219	0.0278102	1.94438	0.0556205	0.9602516
2622	0	-20.84954	-20.59238	-0.2571613	0.325409	0.920212	0.0797878	1.84042	0.159576	0.8621692
2623	1	-17.97757	-17.71481	-0.2627563	0.425273	0.969204	0.0307962	1.93841	0.0615925	0.8670065
2624	0	-15.59883	-15.23785	-0.3609781	0.290624	0.97332	0.0266796	1.94664	0.0533592	0.956488
2625	1	-17.28964	-16.90343	-0.3862101	-0.131259	0.971682	0.0283178	1.94336	0.0566357	0.9809292
2626	0	-15.03708	-14.639	-0.3980777	0.24703	0.976306	0.0236945	1.95261	0.0473889	0.9926398
2627	1	-16.09146	-15.78484	-0.3066224	0.261331	0.977102	0.0228984	1.9542	0.0457969	0.9058851
2628	0	-16.69432	-16.29053	-0.4037941	-0.0907248	0.978063	0.0219375	1.95613	0.043875	0.9983304
2629	1	-16.10219	-15.78656	-0.3156248	0.181431	0.970206	0.0297944	1.94041	0.0595888	0.9140771
2630	0	-17.15489	-16.79192	-0.3629716	0.108848	0.950036	0.0499635	1.90007	0.0999271	0.9583967
2631	1	-15.62329	-15.22504	-0.3982481	0.0971151	0.982894	0.017106	1.96579	0.0342121	0.9928089
2632	0	-15.74176	-15.35628	-0.385486	0.0481421	0.972427	0.0275733	1.94485	0.0551467	0.9802192
2633	1	-16.29294	-15.94504	-0.3479061	0.393412	0.978898	0.0211019	1.9578	0.0422038	0.9440661
2634	0	-16.88245	-16.48844	-0.3940111	0.242839	0.950152	0.0498477	1.9003	0.0996954	0.9886114
2635	1	-15.32532	-14.95409	-0.3712341	0.211237	0.979055	0.0209452	1.95811	0.0418905	0.9663482
2636	0	-15.40569	-15.03493	-0.3707559	0.273109	0.97452	0.0254801	1.94904	0.0509602	0.9658862
2637	1	-15.97036	-15.6451	-0.3252632	0.245221	0.971172	0.028828	1.94234	0.057656	0.92293
2638	0	-17.44023	-17.09667	-0.3435637	0.322423	0.9858	0.0142005	1.9716	0.0284009	0.9399756
2639	1	-20.55046	-20.15355	-0.396916	-0.269726	0.983172	0.0168276	1.96634	0.0336551	0.9914873
2640	0	-19.08166	-18.72275	-0.358907	0.425795	0.941187	0.0588131	1.88237	0.117626	0.9545091
2641	1	-16.47539	-16.13982	-0.3355661	0.39912	0.976408	0.0235925	1.95282	0.0471849	0.932488
2642	0	-16.69801	-16.31831	-0.3797011	0.327866	0.986877	0.0131233	1.97375	0.0262467	0.9745651
2643	1	-17.42572	-17.09016	-0.3355661	0.366375	0.956685	0.0433151	1.91337	0.0866303	0.932488
2644	0	-17.14337	-16.74836	-0.3950065	-0.0331559	0.985099	0.0149014	1.9702	0.0298028	0.9895958
2645	1	-15.62139	-15.2278	-0.3935874	0.0440575	0.977362	0.0226382	1.95472	0.0452763	0.9881925
2646	0	-15.27172	-14.87503	-0.3966878	0.186566	0.970768	0.0292323	1.94154	0.0584645	0.9912611
2647	1	-16.28373	-15.97676	-0.3069668	0.156972	0.969008	0.0309925	1.93802	0.0619849	0.9061972
2648	0	-17.48419	-17.11114	-0.3730463	-0.0278685	0.952426	0.0475743	1.90485	0.0951485	0.9681011
2649	1	-19.73432	-19.47473	-0.2595873	0.503411	0.962667	0.0373326	1.92533	0.0746652	0.8642633
2650	0	-18.43023	-18.02797	-0.4022609	-0.195505	0.980683	0.0193174	1.96137	0.0386347	0.9968009
2651	1	-18.14366	-17.94959	-0.1940701	0.0771791	0.963114	0.0368859	1.92623	0.0737718	0.8094543
2652	0	-16.56137	-16.18588	-0.3754842	0.422822	0.983083	0.0169173	1.96617	0.0338346	0.9704641
2653	1	-20.55807	-20.31532	-0.2427525	0.498617	0.954438	0.0455616	1.90888	0.0911232	0.8498353
2654	0	-16.68975	-16.37534	-0.3144118	0.332247	0.966129	0.0338709	1.93226	0.0677418	0.912969
2655	1	-16.73363	-16.42459	-0.3090396	0.0937224	0.96351	0.03649	1.92702	0.07298	0.9080775
2656	0	-16.88151	-16.59756	-0.2839556	0.344883	0.980125	0.019875	1.96025	0.03975	0.8855826
2657	1	-19.46223	-19.37024	-0.09198432	0.305041	0.971783	0.0282173	1.94357	0.0564345	0.7308984
2658	0	-18.36161	-18.08147	-0.2801461	0.355436	0.95155	0.0484504	1.9031	0.0969007	0.8822154
2659	1	-23.31393	-23.20737	-0.1065547	0.308211	0.911139	0.0888612	1.82228	0.177722	0.7416259
2660	0	-16.65622	-16.30273	-0.3534808	0.158052	0.956624	0.0433759	1.91325	0.0867518	0.9493437
2661	1	-21.63462	-21.57534	-0.05927491	0.175645	0.935183	0.0648169	1.87037	0.129634	0.7073779
2662	0	-18.97384	-18.67659	-0.2972455	0.318016	0.988506	0.0114937	1.97701	0.0229874	0.8974305
2663	1	-17.32053	-17.06396	-0.2565758	0.312076	0.96508	0.0349196	1.93016	0.0698392	0.8616644
2664	0	-15.69489	-15.31001	-0.3848895	0.378313	0.978772	0.0212284	1.95754	0.0424568	0.9796346
2665	1	-17.11333	-16.86171	-0.2516171	0.280959	0.967216	0.0327839	1.93443	0.0655678	0.8574023
2666	0	-15.19859	-14.80326	-0.3953355	0.180481	0.972589	0.0274111	1.94518	0.0548222	0.9899215
2667	1	-17.40637	-17.099	-0.3073683	0.408147	0.965766	0.034234	1.93153	0.068468	0.9065612
2668	0	-14.9912	-14.5885	-0.4027018	0.202218	0.976008	0.0239915	1.95202	0.0479831	0.9972405
2669	1	-16.6073	-16.22568	-0.3816207	0.117337	0.955068	0.0449322	1.91014	0.0898643	0.9764376
2670	0	-15.72795	-15.38699	-0.3409526	0.188066	0.979621	0.0203787	1.95924	0.0407574	0.9375244
2671	1	-16.1091	-15.73422	-0.3748851	0.369209	0.968623	0.0313769	1.93725	0.0627538	0.9698828
2672	0	-17.2007	-16.81197	-0.3887361	0.327399	0.950472	0.0495276	1.90094	0.0990553	0.9834101
2673	1	-16.48829	-16.11341	-0.3748851	-0.0436652	0.97624	0.0237597	1.95248	0.0475195	0.9698828
2674	0	-16.53358	-16.18469	-0.3488915	0.275078	0.960166	0.0398336	1.92033	0.0796672	0.9449969
2675	1	-17.13315	-16.83581	-0.2973352	0.152211	0.957252	0.0427485	1.9145	0.0854969	0.897511
2676	0	-16.00475	-15.65983	-0.3449159	0.142659	0.982128	0.0178722	1.96426	0.0357444	0.9412474
2677	1	-18.17464	-17.81389	-0.3607498	0.0395509	0.939185	0.0608148	1.87837	0.12163	0.9562697
2678	0	-16.5378	-16.2037	-0.3341053	0.107587	0.962052	0.037948	1.9241	0.0758959	0.9311268
2679	1	-17.85383	-17.48378	-0.3700554	0.253103	0.940711	0.0592891	1.88142	0.118578	0.9652099
2680	0	-15.70408	-15.36079	-0.3432925	0.275899	0.974743	0.0252566	1.94949	0.0505133	0.9397206
2681	1	-15.36475	-14.9947	-0.3700554	0.207771	0.9741	0.0259004	1.9482	0.0518007	0.9652099
2682	0	-15.72082	-15.33091	-0.3899118	0.381951	0.98047	0.0195303	1.96094	0.0390606	0.984567
2683	1	-16.18892	-15.79226	-0.3966642	0.118788	0.959001	0.0409992	1.918	0.0819983	0.9912377
2684	0	-16.10065	-15.70148	-0.3991691	0.436314	0.980041	0.0199593	1.96008	0.0399185	0.9937238
2685	1	-15.0078	-14.60302	-0.404774	0.180592	0.97963	0.0203702	1.95926	0.0407404	0.9993092
2686	0	-17.75867	-17.40385	-0.3548183	0.116055	0.988133	0.0118667	1.97627	0.0237333	0.9506144
2687	1	-16.06354	-15.7128	-0.3507332	0.344183	0.970901	0.0290993	1.9418	0.0581985	0.946739
2688	0	-17.24252	-16.9695	-0.273015	0.0195231	0.976866	0.0231336	1.95373	0.0462672	0.8759466
2689	1	-16.02699	-15.7153	-0.3116935	0.16479	0.975854	0.0241458	1.95171	0.0482915	0.9104907
2690	0	-18.53568	-18.32615	-0.2095348	0.0544331	0.954669	0.0453307	1.90934	0.0906614	0.8220695
2691	1	-17.11233	-16.85336	-0.2589693	0.299155	0.966964	0.0330363	1.93393	0.0660725	0.8637293
2692	0	-16.85014	-16.49007	-0.3600697	0.342727	0.986214	0.0137864	1.97243	0.0275728	0.9556196
2693	1	-19.33288	-19.13567	-0.1972108	0.333738	0.94984	0.0501598	1.89968	0.10032	0.8120005
2694	0	-16.07575	-15.73434	-0.3414049	0.0649229	0.973596	0.0264041	1.94719	0.0528082	0.9379485
2695	1	-17.09734	-16.82207	-0.2752687	0.0385759	0.968952	0.0310482	1.9379	0.0620964	0.877923
2696	0	-15.55206	-15.17807	-0.3739968	0.209398	0.982635	0.0173649	1.96527	0.0347297	0.9690217
2697	1	-21.44945	-21.21693	-0.2325228	-0.1118	0.98584	0.0141604	1.97168	0.0283208	0.8411862
2698	0	-17.4523	-17.07752	-0.3747773	0.0273729	0.948421	0.0515789	1.89684	0.103158	0.9697783
2699	1	-15.94212	-15.62091	-0.32121	0.156615	0.974518	0.0254822	1.94904	0.0509644	0.9191967
2700	0	-15.48318	-15.08283	-0.4003521	0.142194	0.983461	0.0165394	1.96692	0.0330787	0.9949
2701	1	-16.47694	-16.19906	-0.2778777	0.148533	0.975401	0.0245987	1.9508	0.0491974	0.8802164
2702	0	-15.86198	-15.47216	-0.3898241	0.0406157	0.969504	0.0304956	1.93901	0.0609911	0.9844807
2703	1	-18.38431	-17.9976	-0.3867126	0.37607	0.940489	0.0595107	1.88098	0.119021	0.9814222
2704	0	-15.21565	-14.82945	-0.3861926	0.2076	0.976526	0.0234736	1.95305	0.0469472	0.980912
2705	1	-15.75794	-15.40373	-0.3542083	0.32209	0.97433	0.0256696	1.94866	0.0513391	0.9500347
2706	0	-17.37555	-17.11324	-0.2623072	0.015588	0.975672	0.0243277	1.95134	0.0486554	0.8666172
2707	1	-16.7491	-16.3841	-0.3649942	0.247209	0.954784	0.0452157	1.90957	0.0904313	0.9603371
2708	0	-18.27411	-18.05488	-0.2192292	0.00513199	0.962281	0.0377187	1.92456	0.0754374	0.8300777
2709	1	-20.02658	-19.67859	-0.347991	0.290347	0.916064	0.0839357	1.83213	0.167871	0.9441463
2710	0	-17.71667	-17.43789	-0.2787837	0.352205	0.959453	0.0405474	1.91891	0.0810948	0.8810143
2711	1	-17.62459	-17.31164	-0.312955	0.0506533	0.952096	0.0479045	1.90419	0.095809	0.91164
2712	0	-16.036	-15.66947	-0.3665295	0.222106	0.984861	0.015139	1.96972	0.0302779	0.9618126
2713	1	-15.19426	-14.80384	-0.3904199	0.158306	0.975097	0.0249029	1.95019	0.0498057	0.9850674
2714	0	-15.31931	-14.92671	-0.3926031	0.113399	0.974364	0.0256358	1.94873	0.0512715	0.9872204
2715	1	-16.50964	-16.20205	-0.3075891	0.0705455	0.970236	0.0297645	1.94047	0.059529	0.9067613
2716	0	-16.51033	-16.15967	-0.3506596	-0.0151811	0.973208	0.0267924	1.94642	0.0535847	0.9466693
2717	1	-15.28617	-14.90623	-0.3799371	0.164652	0.978861	0.0211394	1.95772	0.0422788	0.9747951
2718	0	-16.02973	-15.67089	-0.3588368	0.240605	0.96459	0.0354095	1.92918	0.070819	0.9544421
2719	1	-19.24444	-18.99379	-0.2506486	0.476012	0.981849	0.018151	1.9637	0.0363019	0.8565724
2720	0	-17.1907	-16.80387	-0.3868341	-0.102941	0.965124	0.0348756	1.93025	0.0697513	0.9815414
2721	1	-16.83033	-16.55354	-0.2767894	0.123217	0.966203	0.0337966	1.93241	0.0675933	0.879259
2722	0	-16.09234	-15.78481	-0.3075246	0.256123	0.97812	0.02188	1.95624	0.0437599	0.9067029
2723	1	-16.66371	-16.30416	-0.3595565	-0.0231027	0.96734	0.0326595	1.93468	0.0653191	0.9551292
2724	0	-17.49587	-17.14718	-0.3486945	0.427121	0.96105	0.0389498	1.9221	0.0778995	0.9448108
2725	1	-17.40845	-17.11524	-0.2932098	0.242081	0.95473	0.0452696	1.90946	0.0905392	0.8938161
2726	0	-17.19885	-16.87444	-0.3244092	-0.0295865	0.980015	0.0199855	1.96003	0.039971	0.9221422
2727	1	-17.18227	-16.79092	-0.3913523	-0.0772917	0.960217	0.0397832	1.92043	0.0795665	0.9859863
2728	0	-16.45423	-16.08798	-0.3662455	0.258389	0.958623	0.0413773	1.91725	0.0827547	0.9615395
2729	1	-15.86832	-15.47697	-0.3913523	0.308167	0.965209	0.0347911	1.93042	0.0695822	0.9859863
2730	0	-15.69144	-15.30145	-0.3899816	0.386384	0.978512	0.0214877	1.95702	0.0429754	0.9846357
2731	1	-18.46757	-18.22036	-0.2472104	-0.0610319	0.962257	0.037743	1.92451	0.0754861	0.8536323
2732	0	-16.98181	-16.64577	-0.33604	0.433889	0.971609	0.0283908	1.94322	0.0567815	0.93293
2733	1	-15.17379	-14.77106	-0.4027242	0.201699	0.971388	0.0286119	1.94278	0.0572237	0.9972628
2734	0	-16.38626	-16.06745	-0.3188138	0.361997	0.975885	0.024115	1.95177	0.0482299	0.9169968
2735	1	-16.24379	-15.84107	-0.4027242	0.412364	0.967664	0.0323359	1.93533	0.0646718	0.9972628
2736	0	-16.22204	-15.86448	-0.3575667	0.35184	0.983239	0.016761	1.96648	0.033522	0.9532306
2737	1	-16.44945	-16.13819	-0.3112565	0.295713	0.982164	0.0178363	1.96433	0.0356726	0.9100929
2738	0	-15.94889	-15.57655	-0.3723318	0.204824	0.963637	0.0363632	1.92727	0.0727265	0.9674096
2739	1	-18.19233	-17.91926	-0.2730629	-0.0853141	0.974681	0.0253188	1.94936	0.0506377	0.8759886
2740	0	-15.45087	-15.08137	-0.3694959	0.16577	0.973004	0.0269961	1.94601	0.0539921	0.96467
2741	1	-15.58499	-15.22001	-0.3649759	0.286834	0.981099	0.0189009	1.9622	0.0378018	0.9603196
2742	0	-16.00667	-15.6666	-0.3400705	0.23503	0.96748	0.0325198	1.93496	0.0650395	0.9366978
2743	1	-16.98508	-16.74465	-0.2404297	0.225225	0.978333	0.0216671	1.95667	0.0433342	0.8478637
2744	0	-17.25256	-16.95736	-0.2951948	0.107987	0.957054	0.0429458	1.91411	0.0858916	0.895592
2745	1	-17.31387	-17.00612	-0.3077454	0.000450409	0.961814	0.0381858	1.92363	0.0763716	0.9069031
2746	0	-18.39941	-18.15837	-0.2410395	0.377468	0.959404	0.0405965	1.91881	0.0811929	0.8483808
2747	1	-18.75236	-18.35955	-0.392805	0.323336	0.930715	0.0692853	1.86143	0.138571	0.9874197
2748	0	-18.9836	-18.65686	-0.3267424	-0.104886	0.945042	0.0549579	1.89008	0.109916	0.9242962
2749	1	-17.91164	-17.61637	-0.2952691	-0.0901334	0.973125	0.0268753	1.94625	0.0537506	0.8956586
2750	0	-17.44395	-17.15622	-0.2877301	0.0660296	0.983406	0.0165944	1.96681	0.0331887	0.8889316
2751	1	-15.38194	-14.9811	-0.4008434	0.330576	0.972558	0.0274422	1.94512	0.0548844	0.9953889
2752	0	-17.2205	-16.84064	-0.3798666	0.200056	0.946588	0.0534125	1.89318	0.106825	0.9747263
2753	1	-17.87325	-17.54884	-0.3244045	-0.105601	0.977684	0.0223161	1.95537	0.0446322	0.9221378
2754	0	-16.33626	-15.9615	-0.3747583	0.155851	0.958518	0.041482	1.91704	0.082964	0.9697599
2755	1	-17.25271	-17.03645	-0.2162511	0.168171	0.974718	0.0252823	1.94944	0.0505647	0.8276094
2756	0	-16.38196	-16.03932	-0.3426381	0.362011	0.968954	0.0310457	1.93791	0.0620915	0.9391059
2757	1	-16.39953	-16.1087	-0.2908359	0.299742	0.975955	0.0240446	1.95191	0.0480893	0.8916968
2758	0	-16.04155	-15.68608	-0.3554764	0.103425	0.966963	0.0330365	1.93393	0.066073	0.9512402
2759	1	-19.82172	-19.55267	-0.2690513	0.0980922	0.924651	0.0753488	1.8493	0.150698	0.8724815
2760	0	-15.411	-15.01345	-0.3975495	0.253751	0.968725	0.0312747	1.93745	0.0625494	0.9921156
2761	1	-16.44905	-16.121	-0.3280411	0.364056	0.980972	0.0190282	1.96194	0.0380564	0.9254974
2762	0	-16.47997	-16.09289	-0.3870777	-0.017535	0.965049	0.0349506	1.9301	0.0699011	0.9817806
2763	1	-15.52686	-15.15395	-0.3729173	0.302914	0.973036	0.0269638	1.94607	0.0539275	0.9679762
2764	0	-15.78118	-15.44469	-0.3364833	0.265405	0.973814	0.0261857	1.94763	0.0523713	0.9333436
2765	1	-15.34778	-14.95388	-0.3938947	0.238009	0.969914	0.0300858	1.93983	0.0601715	0.9884963
2766	0	-16.62606	-16.25765	-0.3684107	0.0948827	0.957017	0.0429829	1.91403	0.0859657	0.9636237
2767	1	-18.39659	-18.0576	-0.3389883	-0.0779717	0.948747	0.0512532	1.89749	0.102506	0.9356846
2768	0	-17.54659	-17.26846	-0.2781269	0.299024	0.957559	0.0424414	1.91512	0.0848828	0.8804358
2769	1	-26.0308	-25.65912	-0.3716756	0.105742	0.793162	0.206838	1.58632	0.413676	0.966775
2770	0	-17.33526	-17.11998	-0.2152883	0.250037	0.977295	0.0227051	1.95459	0.0454103	0.826813
2771	1	-15.5502	-15.15942	-0.3907719	0.184769	0.967115	0.0328854	1.93423	0.0657708	0.9854142
2772	0	-18.08374	-17.81238	-0.2713649	0.20514	0.947968	0.0520323	1.89594	0.104065	0.8745024
2773	1	-18.18187	-17.81068	-0.3711879	0.401885	0.947285	0.0527152	1.89457	0.10543	0.9663036
2774	0	-16.20915	-15.86539	-0.3437668	0.121341	0.965131	0.0348694	1.93026	0.0697387	0.9401665
2775	1	-15.43569	-15.0738	-0.3618893	0.2159	0.974507	0.0254926	1.94901	0.0509852	0.9573599
2776	0	-15.75082	-15.3507	-0.4001155	0.168402	0.985247	0.0147529	1.97049	0.0295057	0.9946646
2777	1	-16.74316	-16.47382	-0.2693453	0.305239	0.977795	0.0222046	1.95559	0.0444093	0.8727381
2778	0	-18.0537	-17.85664	-0.1970614	0.100455	0.962336	0.0376645	1.92467	0.075329	0.8118792
2779	1	-18.86275	-18.58505	-0.2777046	-0.0594839	0.94876	0.0512396	1.89752	0.102479	0.8800641
2780	0	-19.01681	-18.84848	-0.168334	-0.0244494	0.971508	0.0284922	1.94302	0.0569843	0.7888878
2781	1	-16.48519	-16.18556	-0.2996282	0.176541	0.981775	0.0182248	1.96355	0.0364496	0.8995713
2782	0	-17.50231	-17.28002	-0.2222974	0.0841512	0.976243	0.0237566	1.95249	0.0475133	0.8326285
2783	1	-16.09135	-15.7153	-0.3760457	0.00372811	0.977221	0.0227791	1.95444	0.0455583	0.9710091
2784	0	-18.33828	-18.13893	-0.1993441	0.213787	0.983339	0.0166613	1.96668	0.0333226	0.8137346
2785	1	-15.43679	-15.03771	-0.3990766	0.145305	0.983105	0.0168953	1.96621	0.0337906	0.9936319
2786	0	-18.58391	-18.3663	-0.2176174	-0.0540263	0.972354	0.0276463	1.94471	0.0552927	0.8287409
2787	1	-16.59569	-16.25731	-0.3383774	0.0732085	0.98318	0.0168201	1.96636	0.0336402	0.9351131
2788	0	-17.36016	-17.11116	-0.2489953	0.352212	0.970945	0.0290549	1.94189	0.0581097	0.8551573
2789	1	-18.54817	-18.32873	-0.2194351	0.01702	0.95578	0.04422	1.91156	0.08844	0.8302487
2790	0	-16.35522	-16.06516	-0.2900547	0.277489	0.973884	0.0261162	1.94777	0.0522324	0.8910004
2791	1	-16.95141	-16.58525	-0.3661573	0.346805	0.957123	0.0428766	1.91425	0.0857531	0.9614547
2792	0	-18.5007	-18.16394	-0.3367663	-0.161531	0.977771	0.0222289	1.95554	0.0444577	0.9336078
2793	1	-18.14237	-17.73973	-0.4026371	0.559371	0.975995	0.0240051	1.95199	0.0480103	0.997176
2794	0	-17.87892	-17.5035	-0.3754222	-0.129159	0.959201	0.0407993	1.9184	0.0815987	0.9704039
2795	1	-18.68008	-18.36746	-0.3126183	-0.167177	0.96959	0.0304099	1.93918	0.0608198	0.9113331
2796	0	-17.38191	-17.05787	-0.3240411	-0.0235153	0.960585	0.0394152	1.92117	0.0788304	0.9218028
2797	1	-15.50676	-15.13472	-0.372039	0.112107	0.975694	0.0243056	1.95139	0.0486112	0.9671264
2798	0	-16.08862	-15.78033	-0.308281	0.243488	0.978771	0.021229	1.95754	0.042458	0.907389
2799	1	-16.607	-16.24625	-0.3607515	0.0630715	0.984434	0.0155657	1.96887	0.0311313	0.9562713
2800	0	-16.27377	-15.90002	-0.3737473	0.285164	0.960992	0.0390078	1.92198	0.0780156	0.9687799
2801	1	-18.35344	-18.03777	-0.3156605	0.0230817	0.943072	0.0569277	1.88614	0.113855	0.9141098
2802	0	-17.78604	-17.41476	-0.3712854	0.246826	0.941233	0.0587667	1.88247	0.117533	0.9663978
2803	1	-19.41729	-19.03936	-0.3779337	0.579982	0.968107	0.0318934	1.93621	0.0637867	0.9728442
2804	0	-20.18282	-19.95185	-0.23097	0.476888	0.955919	0.044081	1.91184	0.0881619	0.839881
2805	1	-16.51483	-16.15778	-0.3570493	0.40465	0.982196	0.017804	1.96439	0.035608	0.9527375
2806	0	-16.1188	-15.81837	-0.3004354	0.198113	0.975614	0.0243856	1.95123	0.0487711	0.9002978
2807	1	-15.66758	-15.29444	-0.3731391	0.0870098	0.979413	0.0205871	1.95883	0.0411742	0.9681909
2808	0	-15.71438	-15.32461	-0.3897714	0.134282	0.983876	0.016124	1.96775	0.032248	0.9844288
2809	1	-15.48995	-15.11681	-0.3731391	0.130702	0.973175	0.0268252	1.94635	0.0536505	0.9681909
2810	0	-16.74802	-16.34553	-0.4024977	0.280578	0.952162	0.0478384	1.90432	0.0956767	0.997037
2811	1	-16.3456	-16.04935	-0.2962508	0.197839	0.969325	0.0306749	1.93865	0.0613498	0.8965383
2812	0	-16.73866	-16.33617	-0.4024977	0.312848	0.953739	0.0462611	1.90748	0.0925222	0.997037
2813	1	-16.29366	-15.9115	-0.3821654	0.191987	0.986436	0.0135641	1.97287	0.0271281	0.9769696
2814	0	-16.79523	-16.40547	-0.3897565	-0.0281787	0.960652	0.0393484	1.9213	0.0786967	0.9844141
2815	1	-15.89469	-15.51946	-0.3752344	0.285279	0.965749	0.0342511	1.9315	0.0685022	0.9702217
2816	0	-17.18383	-16.84542	-0.3384078	0.0471056	0.955282	0.044718	1.91056	0.089436	0.9351416
2817	1	-15.71622	-15.3387	-0.377519	0.267099	0.967279	0.0327209	1.93456	0.0654417	0.9724408
2818	0	-16.74636	-16.40699	-0.3393687	-0.025472	0.976415	0.023585	1.95283	0.04717	0.9360406
2819	1	-17.7328	-17.41209	-0.3207068	0.295311	0.949531	0.0504689	1.89906	0.100938	0.9187343
2820	0	-16.34793	-16.023	-0.3249316	0.0991931	0.967084	0.0329164	1.93417	0.0658327	0.922624
2821	1	-18.57202	-18.22286	-0.3491646	-0.0419707	0.940817	0.0591831	1.88163	0.118366	0.945255
2822	0	-15.81905	-15.41819	-0.4008626	0.412542	0.975542	0.0244579	1.95108	0.0489158	0.995408
2823	1	-15.49912	-15.09665	-0.4024728	0.351011	0.972051	0.0279489	1.9441	0.0558978	0.9970122
2824	0	-16.75217	-16.39469	-0.3574789	0.0450897	0.959213	0.0407869	1.91843	0.0815737	0.9531469
2825	1	-15.63655	-15.26337	-0.3731792	0.227112	0.968186	0.0318138	1.93637	0.0636276	0.9682297
2826	0	-17.92724	-17.63686	-0.2903807	0.129771	0.947718	0.052282	1.89544	0.104564	0.8912909
2827	1	-16.32961	-16.02163	-0.3079854	0.258809	0.968353	0.0316472	1.93671	0.0632943	0.9071207
2828	0	-16.80095	-16.47239	-0.328556	0.410783	0.971979	0.0280212	1.94396	0.0560424	0.925974
2829	1	-16.71704	-16.38038	-0.336652	0.0838205	0.960172	0.039828	1.92034	0.0796559	0.9335011
2830	0	-15.84215	-15.45159	-0.3905619	0.0347209	0.980408	0.0195918	1.96082	0.0391835	0.9852073
2831	1	-16.41594	-16.01696	-0.3989843	0.333786	0.959082	0.0409176	1.91816	0.0818351	0.9935402
2832	0	-16.77131	-16.37583	-0.3954807	0.170122	0.987956	0.012044	1.97591	0.0240879	0.9900652
2833	1	-17.0181	-16.74163	-0.2764728	0.24429	0.962464	0.0375359	1.92493	0.0750719	0.8789807
2834	0	-16.62157	-16.23255	-0.3890143	-0.0539258	0.967292	0.0327075	1.93458	0.0654151	0.9836838
2835	1	-19.50739	-19.33778	-0.1696097	-0.0586621	0.961704	0.0382955	1.92341	0.0765911	0.7898949
2836	0	-15.96022	-15.6111	-0.3491186	0.299346	0.969273	0.0307271	1.93855	0.0614541	0.9452116
2837	1	-17.43843	-17.10696	-0.3314687	0.402188	0.960868	0.039132	1.92174	0.078264	0.928675
2838	0	-17.01812	-16.7202	-0.2979165	0.0450324	0.964265	0.0357348	1.92853	0.0714697	0.8980329
2839	1	-17.01608	-16.61814	-0.3979463	0.033406	0.951584	0.0484162	1.90317	0.0968324	0.9925094
2840	0	-16.43078	-16.04483	-0.385948	-0.0309978	0.968098	0.031902	1.9362	0.0638041	0.9806721
2841	1	-15.46714	-15.09735	-0.3697919	0.142192	0.979098	0.0209023	1.9582	0.0418046	0.9649555
2842	0	-15.69632	-15.29361	-0.4027144	0.203045	0.963594	0.0364057	1.92719	0.0728114	0.9972531
2843	1	-15.80505	-15.47712	-0.3279279	0.229447	0.974727	0.0252731	1.94945	0.0505462	0.9253925
2844	0	-17.94967	-17.58495	-0.3647268	0.20886	0.938856	0.061144	1.87771	0.122288	0.9600803
2845	1	-15.08355	-14.68043	-0.4031162	0.149314	0.979213	0.0207871	1.95843	0.0415742	0.9976539
2846	0	-17.91474	-17.58691	-0.3278328	-0.0499187	0.954465	0.0455348	1.90893	0.0910696	0.9253046
2847	1	-19.89165	-19.561	-0.330646	0.435166	0.989012	0.0109879	1.97802	0.0219758	0.9279113
2848	0	-16.45393	-16.14931	-0.3046189	0.121139	0.980581	0.0194192	1.96116	0.0388384	0.9040721
2849	1	-15.54558	-15.15438	-0.3912043	0.261633	0.96778	0.0322195	1.93556	0.0644391	0.9858404
2850	0	-15.92393	-15.55998	-0.3639547	0.160909	0.965434	0.0345662	1.93087	0.0691325	0.9593394
2851	1	-16.37321	-15.97663	-0.3965856	0.445242	0.97189	0.0281104	1.94378	0.0562207	0.9911598
2852	0	-16.80852	-16.41654	-0.3919839	-0.0960814	0.973515	0.0264846	1.94703	0.0529693	0.9866092
2853	1	-18.18758	-17.84362	-0.34396	0.483147	0.962653	0.0373475	1.92531	0.074695	0.9403482
2854	0	-15.51705	-15.11227	-0.4047742	0.224356	0.96587	0.0341298	1.93174	0.0682597	0.9993093
2855	1	-16.00002	-15.61833	-0.3816887	0.404837	0.97454	0.0254603	1.94908	0.0509206	0.976504
2856	0	-16.9383	-16.65519	-0.2831108	0.0477599	0.969346	0.0306544	1.93869	0.0613088	0.8848348
2857	1	-17.99049	-17.71883	-0.2716571	0.412665	0.964597	0.0354032	1.92919	0.0708064	0.874758
2858	0	-15.82525	-15.45566	-0.36959	0.0524562	0.974728	0.0252724	1.94946	0.0505449	0.9647608
2859	1	-15.90174	-15.54901	-0.3527265	0.0983279	0.970572	0.0294283	1.94114	0.0588565	0.9486279
2860	0	-18.84647	-18.56979	-0.2766826	0.285208	0.940488	0.0595123	1.88098	0.119025	0.8791651
2861	1	-15.54854	-15.1593	-0.38924	0.136009	0.968543	0.0314569	1.93709	0.0629137	0.9839058
2862	0	-17.70062	-17.47695	-0.2236747	0.107522	0.962345	0.0376551	1.92469	0.0753103	0.8337761
2863	1	-15.69004	-15.31206	-0.377978	0.330407	0.982248	0.0177522	1.9645	0.0355044	0.9728872
2864	0	-15.05337	-14.65309	-0.4002788	0.174827	0.975685	0.0243149	1.95137	0.0486298	0.9948271
2865	1	-15.11637	-14.71855	-0.3978123	0.194934	0.980799	0.0192012	1.9616	0.0384024	0.9923764
2866	0	-15.86069	-15.53108	-0.3296113	0.23177	0.97985	0.0201496	1.9597	0.0402992	0.9269517
2867	1	-15.97945	-15.58164	-0.3978123	0.153801	0.985828	0.0141722	1.97166	0.0283443	0.9923764
2868	0	-17.55962	-17.28478	-0.2748411	-0.0168984	0.977406	0.0225935	1.95481	0.0451871	0.8775476
2869	1	-16.01449	-15.62809	-0.3864037	0.408998	0.973762	0.0262376	1.94752	0.0524752	0.9811191
2870	0	-20.6675	-20.31192	-0.3555787	0.459161	0.927883	0.0721172	1.85577	0.144234	0.9513375
2871	1	-16.57409	-16.28957	-0.2845165	0.256147	0.968582	0.031418	1.93716	0.062836	0.8860795
2872	0	-16.97976	-16.61109	-0.3686675	-0.0661248	0.966119	0.0338806	1.93224	0.0677611	0.9638712
2873	1	-17.79303	-17.45039	-0.3426333	0.339608	0.949205	0.0507947	1.89841	0.101589	0.9391014
2874	0	-15.67821	-15.30695	-0.3712576	0.0769165	0.974771	0.0252293	1.94954	0.0504585	0.9663709
2875	1	-15.87648	-15.53978	-0.3367063	0.268941	0.980748	0.0192517	1.9615	0.0385034	0.9335518
2876	0	-15.37382	-14.99727	-0.3765539	0.294649	0.979299	0.020701	1.9586	0.041402	0.9715027
2877	1	-17.15588	-16.82673	-0.329144	0.220095	0.953047	0.0469527	1.90609	0.0939053	0.9265186
2878	0	-15.91576	-15.58028	-0.3354819	0.191051	0.981276	0.0187244	1.96255	0.0374488	0.9324095
2879	1	-15.28979	-14.90967	-0.380113	0.178687	0.979806	0.0201938	1.95961	0.0403876	0.9749665
2880	0	-16.43912	-16.10238	-0.33674	0.0256424	0.970375	0.0296248	1.94075	0.0592495	0.9335832
2881	1	-18.07231	-17.7141	-0.3582165	0.280642	0.940354	0.0596462	1.88071	0.119292	0.9538502
2882	0	-18.47385	-18.17697	-0.2968765	0.108171	0.939889	0.0601111	1.87978	0.120222	0.8970994
2883	1	-26.22083	-25.93237	-0.288459	0.0583009	0.8073	0.1927	1.6146	0.385399	0.8895798
2884	0	-21.75026	-21.46676	-0.2834982	-0.178512	0.919618	0.0803824	1.83924	0.160765	0.8851777
2885	1	-16.02315	-15.65213	-0.3710162	0.0756859	0.98244	0.0175598	1.96488	0.0351197	0.9661377
2886	0	-16.37079	-16.06001	-0.3107788	0.291155	0.968768	0.0312323	1.93754	0.0624646	0.9096583
2887	1	-15.76097	-15.375	-0.3859744	0.0594021	0.980778	0.0192225	1.96156	0.038445	0.980698
2888	0	-15.36376	-14.97656	-0.3871988	0.107018	0.976489	0.0235112	1.95298	0.0470224	0.9818995
2889	1	-15.56342	-15.16249	-0.4009371	0.198924	0.965595	0.0344055	1.93119	0.068811	0.9954822
2890	0	-15.71915	-15.32578	-0.3933764	0.338154	0.983693	0.0163067	1.96739	0.0326134	0.9879841
2891	1	-16.21426	-15.84532	-0.3689416	-0.00261529	0.97688	0.0231197	1.95376	0.0462394	0.9641354
2892	0	-15.86102	-15.49967	-0.3613479	0.0964678	0.969762	0.0302379	1.93952	0.0604758	0.9568418
2893	1	-15.56265	-15.16444	-0.3982091	0.180699	0.966054	0.0339461	1.93211	0.0678921	0.9927702
2894	0	-16.21799	-15.83348	-0.3845151	0.274651	0.960121	0.039879	1.92024	0.0797579	0.979268
2895	1	-16.38224	-15.98573	-0.396509	0.00825837	0.962611	0.0373894	1.92522	0.0747788	0.9910839
2896	0	-16.37402	-15.98186	-0.3921533	0.0306087	0.98426	0.0157401	1.96852	0.0314801	0.9867764
2897	1	-15.92535	-15.52011	-0.4052406	0.405326	0.97097	0.0290303	1.94194	0.0580606	0.9997755
2898	0	-17.22863	-16.89382	-0.3348104	0.266996	0.952787	0.0472134	1.90557	0.0944268	0.9317836
2899	1	-17.68077	-17.32751	-0.353261	0.144141	0.943392	0.0566075	1.88678	0.113215	0.9491352
2900	0	-20.80749	-20.43589	-0.3715992	0.371273	0.91016	0.0898402	1.82032	0.17968	0.9667012
2901	1	-17.51338	-17.12484	-0.3885326	0.0476385	0.944976	0.0550241	1.88995	0.110048	0.9832101
2902	0	-16.75345	-16.44494	-0.3085182	0.0541081	0.966277	0.033723	1.93255	0.067446	0.9076042
2903	1	-15.60816	-15.23955	-0.3686052	0.170473	0.982016	0.0179838	1.96403	0.0359676	0.9638111
2904	0	-16.10194	-15.79546	-0.3064765	0.211988	0.978823	0.0211772	1.95765	0.0423543	0.905753
2905	1	-16.62166	-16.3472	-0.27446	0.270994	0.970907	0.0290927	1.94181	0.0581853	0.8772133
2906	0	-17.50098	-17.26859	-0.2323911	0.105292	0.979889	0.0201112	1.95978	0.0402224	0.8410753
2907	1	-16.16386	-15.83858	-0.3252807	0.168371	0.981904	0.0180962	1.96381	0.0361925	0.9229461
2908	0	-16.86406	-16.59458	-0.269484	0.0824712	0.976502	0.0234975	1.953	0.0469951	0.8728591
2909	1	-16.42962	-16.08059	-0.3490282	0.216272	0.960042	0.0399577	1.92008	0.0799155	0.9451261
2910	0	-15.77357	-15.39789	-0.3756822	0.220137	0.965749	0.0342512	1.9315	0.0685025	0.9706562
2911	1	-16.1143	-15.79889	-0.3154067	0.30278	0.974826	0.0251739	1.94965	0.0503477	0.9138778
2912	0	-15.63783	-15.2628	-0.3750262	0.0837025	0.9734	0.0266003	1.9468	0.0532006	0.9700197
2913	1	-16.01254	-15.64913	-0.3634067	0.0778914	0.967864	0.0321359	1.93573	0.0642718	0.9588138
2914	0	-18.2305	-17.96981	-0.2606927	0.0334821	0.983765	0.0162346	1.96753	0.0324691	0.8652192
2915	1	-15.20338	-14.81081	-0.3925697	0.304029	0.97827	0.0217295	1.95654	0.043459	0.9871874
2916	0	-16.57587	-16.20889	-0.3669886	0.366678	0.963205	0.0367955	1.92641	0.0735909	0.9622543
2917	1	-15.14697	-14.75953	-0.3874419	0.196378	0.978642	0.021358	1.95728	0.0427161	0.9821383
2918	0	-17.13082	-16.76831	-0.3625128	-0.0743587	0.965794	0.0342064	1.93159	0.0684129	0.957957
2919	1	-15.70958	-15.37079	-0.3387879	0.265664	0.976099	0.0239005	1.9522	0.047801	0.9354971
2920	0	-16.32923	-15.99073	-0.338499	0.355636	0.969866	0.0301339	1.93973	0.0602678	0.9352269
2921	1	-17.45205	-17.05883	-0.3932225	0.359905	0.949404	0.050596	1.89881	0.101192	0.9878321
2922	0	-16.61876	-16.306	-0.3127535	0.340054	0.96823	0.0317696	1.93646	0.0635391	0.9114563
2923	1	-18.16881	-17.85126	-0.3175463	0.200594	0.988218	0.0117824	1.97644	0.0235647	0.9158353
2924	0	-16.25183	-15.88991	-0.3619194	0.111524	0.984207	0.0157928	1.96841	0.0315855	0.9573887
2925	1	-15.28856	-14.88812	-0.4004392	0.174357	0.970112	0.0298885	1.94022	0.0597769	0.9949867
2926	0	-17.83221	-17.51437	-0.3178449	0.444387	0.964057	0.0359432	1.92811	0.0718865	0.9161087
2927	1	-17.01207	-16.63904	-0.3730329	0.370707	0.957577	0.0424234	1.91515	0.0848469	0.9680881
2928	0	-16.17952	-15.8052	-0.3743229	0.224051	0.960503	0.0394974	1.92101	0.0789947	0.9693377
2929	1	-16.2919	-15.98679	-0.3051135	0.128304	0.97083	0.0291698	1.94166	0.0583396	0.9045193
2930	0	-15.24147	-14.85439	-0.3870882	0.223542	0.981143	0.0188575	1.96229	0.037715	0.9817909
2931	1	-18.417	-18.17416	-0.2428461	0.407212	0.982361	0.0176395	1.96472	0.035279	0.8499149
2932	0	-15.94828	-15.54345	-0.4048338	0.196951	0.986403	0.0135971	1.97281	0.0271942	0.9993689
2933	1	-17.48256	-17.17494	-0.3076236	0.427497	0.967825	0.032175	1.93565	0.0643499	0.9067926
2934	0	-15.36838	-14.98282	-0.3855589	0.283657	0.972411	0.0275889	1.94482	0.0551778	0.9802906
2935	1	-21.52231	-21.31801	-0.2043016	-0.21929	0.95247	0.0475297	1.90494	0.0950595	0.8177787
2936	0	-15.82676	-15.45535	-0.3714096	0.163142	0.965845	0.0341551	1.93169	0.0683102	0.9665178
2937	1	-17.85187	-17.66269	-0.1891769	0.300081	0.975704	0.0242964	1.95141	0.0485928	0.8055031
2938	0	-15.84578	-15.45657	-0.3892075	0.0160529	0.975035	0.0249652	1.95007	0.0499305	0.9838739
2939	1	-18.45342	-18.26425	-0.1891769	0.378948	0.976327	0.0236734	1.95265	0.0473467	0.8055031
2940	0	-16.46606	-16.13445	-0.3316122	0.37135	0.970851	0.0291492	1.9417	0.0582984	0.9288083
2941	1	-17.35638	-17.03861	-0.3177677	0.231935	0.986654	0.0133455	1.97331	0.0266911	0.916038
2942	0	-17.32555	-17.01561	-0.3099383	0.00554386	0.981984	0.0180165	1.96397	0.0360329	0.908894
2943	1	-15.53948	-15.17157	-0.3679124	0.122225	0.974184	0.0258157	1.94837	0.0516314	0.9631437
2944	0	-16.57331	-16.29183	-0.2814811	0.113155	0.976874	0.0231263	1.95375	0.0462527	0.883394
2945	1	-15.73445	-15.37284	-0.3616051	0.223401	0.98286	0.0171403	1.96572	0.0342806	0.9570879
2946	0	-17.04	-16.76413	-0.2758665	0.284475	0.963978	0.0360215	1.92796	0.0720431	0.878448
2947	1	-16.07378	-15.76129	-0.3124855	0.156311	0.972937	0.0270629	1.94587	0.0541258	0.9112121
2948	0	-16.91224	-16.60525	-0.306993	0.246035	0.959532	0.0404678	1.91906	0.0809356	0.906221
2949	1	-18.81276	-18.44976	-0.3630058	-0.217997	0.968904	0.0310959	1.93781	0.0621917	0.9584294
2950	0	-17.33732	-16.953	-0.3843268	0.348927	0.950797	0.0492025	1.90159	0.098405	0.9790835
2951	1	-19.19846	-18.79532	-0.403138	-0.0313835	0.924144	0.0758559	1.84829	0.151712	0.9976756
2952	0	-18.38558	-17.99996	-0.3856165	-0.144579	0.951737	0.0482633	1.90347	0.0965267	0.9803471
2953	1	-15.025	-14.62677	-0.3982364	0.247144	0.978566	0.0214341	1.95713	0.0428682	0.9927974
2954	0	-17.29619	-17.02007	-0.276124	0.396289	0.973341	0.0266585	1.94668	0.0533171	0.8786742
2955	1	-16.68045	-16.28509	-0.395365	0.478354	0.979254	0.020746	1.95851	0.041492	0.9899507
2956	0	-19.06636	-18.94563	-0.1207338	0.182128	0.960206	0.039794	1.92041	0.0795881	0.7522163
2957	1	-17.66069	-17.40272	-0.2579665	0.0552289	0.959755	0.0402449	1.91951	0.0804899	0.8628637
2958	0	-21.14475	-20.93824	-0.2065051	0.2252	0.916279	0.0837211	1.83256	0.167442	0.8195827
2959	1	-19.45979	-19.16874	-0.2910529	0.0797354	0.927474	0.0725261	1.85495	0.145052	0.8918902
2960	0	-17.02185	-16.71459	-0.3072644	0.200472	0.95723	0.0427696	1.91446	0.0855391	0.9064669
2961	1	-19.59387	-19.37292	-0.2209564	0.197356	0.934739	0.0652605	1.86948	0.130521	0.8315127
2962	0	-16.02068	-15.6298	-0.3908781	0.268243	0.961696	0.038304	1.92339	0.0766079	0.9855189
2963	1	-18.07882	-17.80926	-0.2695601	0.191153	0.948096	0.0519037	1.89619	0.103807	0.8729255
2964	0	-15.73402	-15.34696	-0.3870615	0.270177	0.984618	0.0153821	1.96924	0.0307643	0.9817647
2965	1	-15.89132	-15.55457	-0.3367499	0.126006	0.978634	0.0213655	1.95727	0.042731	0.9335925
2966	0	-15.89115	-15.54113	-0.3500188	0.0887832	0.972685	0.0273149	1.94537	0.0546299	0.9460628
2967	1	-15.74049	-15.40374	-0.3367499	0.205307	0.973273	0.0267266	1.94655	0.0534531	0.9335925
2968	0	-15.25339	-14.85602	-0.3973695	0.330104	0.977956	0.0220442	1.95591	0.0440884	0.991937
2969	1	-18.26299	-17.92486	-0.3381284	-0.0131526	0.944191	0.0558092	1.88838	0.111618	0.9348804
2970	0	-17.18171	-16.87527	-0.3064434	0.372745	0.964428	0.0355715	1.92886	0.0711431	0.905723
2971	1	-17.38196	-16.99918	-0.3827816	-0.134849	0.970967	0.0290335	1.94193	0.0580669	0.9775718
2972	0	-16.2155	-15.88195	-0.3335471	0.0547049	0.973779	0.0262209	1.94756	0.0524419	0.9306072
2973	1	-16.42335	-16.0794	-0.3439484	0.248464	0.961327	0.0386729	1.92265	0.0773459	0.9403373
2974	0	-17.17807	-16.83591	-0.3421543	0.229882	0.951484	0.0485164	1.90297	0.0970329	0.9386517
2975	1	-15.38854	-14.99437	-0.3941697	0.120879	0.971468	0.0285321	1.94294	0.0570641	0.9887682
2976	0	-15.80151	-15.45655	-0.3449555	0.147853	0.971268	0.0287319	1.94254	0.0574639	0.9412848
2977	1	-15.80261	-15.41407	-0.38854	0.341759	0.968607	0.0313928	1.93721	0.0627856	0.9832173
2978	0	-17.97509	-17.60989	-0.3651954	-0.00162508	0.968603	0.031397	1.93721	0.062794	0.9605303
2979	1	-15.71197	-15.31537	-0.3965919	0.343588	0.968938	0.0310623	1.93788	0.0621246	0.9911661
2980	0	-18.35517	-18.05347	-0.3016982	0.483964	0.968287	0.0317128	1.93657	0.0634255	0.9014354
2981	1	-17.24855	-16.96727	-0.2812791	0.336351	0.963875	0.036125	1.92775	0.07225	0.8832156
2982	0	-16.98761	-16.70323	-0.2843866	0.0256605	0.972645	0.0273551	1.94529	0.0547103	0.8859644
2983	1	-16.9002	-16.54437	-0.3558276	0.14162	0.953405	0.0465953	1.90681	0.0931906	0.9515743
2984	0	-16.55987	-16.23365	-0.3262205	0.389216	0.973584	0.0264164	1.94717	0.0528329	0.9238139
2985	1	-16.67686	-16.28512	-0.3917403	-0.0835371	0.97398	0.0260195	1.94796	0.052039	0.9863689
2986	0	-18.98888	-18.64005	-0.348833	-0.217468	0.968627	0.0313732	1.93725	0.0627464	0.9449417
2987	1	-15.86968	-15.49046	-0.3792169	0.258219	0.984834	0.0151664	1.96967	0.0303327	0.9740932
2988	0	-16.62494	-16.31393	-0.3110053	0.0426714	0.970103	0.0298968	1.94021	0.0597936	0.9098643
2989	1	-15.63394	-15.24656	-0.387381	0.0600392	0.973262	0.0267382	1.94652	0.0534763	0.9820784
2990	0	-15.36159	-14.98428	-0.3773151	0.254252	0.972986	0.0270138	1.94597	0.0540277	0.9722425
2991	1	-19.88014	-19.7016	-0.1785451	-0.106838	0.962763	0.037237	1.92553	0.074474	0.7969845
2992	0	-16.86601	-16.46896	-0.3970497	-0.104674	0.971899	0.0281014	1.9438	0.0562029	0.9916199
2993	1	-18.75711	-18.48773	-0.2693825	0.0756665	0.986616	0.0133836	1.97323	0.0267672	0.8727705
2994	0	-15.24689	-14.84226	-0.4046253	0.177763	0.970129	0.0298709	1.94026	0.0597418	0.9991605
2995	1	-16.81425	-16.54882	-0.2654279	0.299699	0.978693	0.0213067	1.95739	0.0426133	0.8693259
2996	0	-16.1319	-15.76843	-0.3634694	0.251565	0.962883	0.0371166	1.92577	0.0742333	0.9588739
2997	1	-16.47638	-16.13545	-0.3409246	0.0577264	0.96502	0.0349797	1.93004	0.0699595	0.9374982
2998	0	-15.52376	-15.16263	-0.3611284	0.174418	0.979923	0.0200775	1.95985	0.040155	0.9566318
2999	1	-15.55054	-15.19699	-0.3535561	0.250517	0.97441	0.0255896	1.94882	0.0511792	0.9494153
3000	0	-15.87234	-15.53631	-0.3360303	0.158762	0.971246	0.0287535	1.94249	0.057507	0.932921
3001	1	-16.9992	-16.64622	-0.3529797	0.177623	0.952074	0.0479257	1.90415	0.0958515	0.9488682
3002	0	-17.07998	-16.79654	-0.2834328	0.0432693	0.979372	0.0206281	1.95874	0.0412562	0.8851198
3003	1	-17.0553	-16.67687	-0.3784235	-0.0254079	0.957868	0.0421322	1.91574	0.0842644	0.9733207
3004	0	-16.05958	-15.71078	-0.3488	0.346522	0.971647	0.0283529	1.94329	0.0567058	0.9449104
3005	1	-19.31856	-19.00483	-0.3137276	-0.0839374	0.985681	0.0143195	1.97136	0.0286389	0.9123446
3006	0	-16.78823	-16.43568	-0.3525584	0.241755	0.955499	0.0445011	1.911	0.0890022	0.9484685
3007	1	-16.11351	-15.73212	-0.3813866	0.389721	0.969877	0.0301232	1.93975	0.0602464	0.9762091
3008	0	-17.49304	-17.10637	-0.3866681	0.306611	0.945951	0.0540492	1.8919	0.108098	0.9813786
3009	1	-16.09347	-15.71208	-0.3813866	0.122474	0.961857	0.0381427	1.92371	0.0762854	0.9762091
3010	0	-18.03374	-17.64707	-0.3866681	-0.0434299	0.944279	0.0557211	1.88856	0.111442	0.9813786
3011	1	-16.39923	-16.10089	-0.2983364	0.27311	0.969743	0.0302574	1.93949	0.0605148	0.8984101
3012	0	-15.62942	-15.25132	-0.3781016	0.14223	0.96862	0.0313796	1.93724	0.0627591	0.9730075
3013	1	-16.01129	-15.69839	-0.3129066	0.262947	0.976392	0.023608	1.95278	0.047216	0.9115959
3014	0	-17.23001	-16.89725	-0.3327529	0.107049	0.952506	0.0474939	1.90501	0.0949879	0.9298684
3015	1	-16.29588	-15.98758	-0.3082987	0.211794	0.981591	0.0184094	1.96318	0.0368189	0.907405
3016	0	-15.93494	-15.61518	-0.3197565	0.255428	0.978074	0.0219257	1.95615	0.0438514	0.9178617
3017	1	-15.25516	-14.86533	-0.3898304	0.141423	0.979365	0.0206354	1.95873	0.0412708	0.9844869
3018	0	-19.84443	-19.5988	-0.2456239	0.174117	0.927214	0.0727864	1.85443	0.145573	0.8522791
3019	1	-15.60892	-15.26367	-0.3452593	0.202759	0.978262	0.0217382	1.95652	0.0434765	0.9415708
3020	0	-18.45336	-18.2497	-0.2036542	0.0248801	0.96004	0.0399596	1.92008	0.0799193	0.8172495
3021	1	-16.2367	-15.93579	-0.300915	0.28395	0.974124	0.0258763	1.94825	0.0517526	0.9007297
3022	0	-19.27982	-19.04046	-0.2393607	-0.123748	0.961368	0.0386324	1.92274	0.0772649	0.8469578
3023	1	-17.36197	-17.03017	-0.3318036	0.316492	0.954025	0.0459754	1.90805	0.0919509	0.9289861
3024	0	-16.66963	-16.32903	-0.3406018	0.203846	0.957784	0.0422164	1.91557	0.0844328	0.9371955
3025	1	-18.95878	-18.77797	-0.1808079	0.0934175	0.951205	0.0487946	1.90241	0.0975892	0.79879
3026	0	-16.19074	-15.87144	-0.3192945	0.144234	0.968747	0.0312527	1.93749	0.0625055	0.9174377
3027	1	-16.20376	-15.90838	-0.2953768	0.199814	0.977525	0.0224748	1.95505	0.0449495	0.895755
3028	0	-18.7117	-18.41469	-0.2970091	0.507711	0.978901	0.0210993	1.9578	0.0421986	0.8972184
3029	1	-16.32944	-15.94176	-0.3876806	0.443089	0.97453	0.0254695	1.94906	0.050939	0.9823727
3030	0	-16.24553	-15.84901	-0.3965215	0.0831457	0.95962	0.0403801	1.91924	0.0807602	0.9910963
3031	1	-16.14266	-15.84155	-0.3011141	0.239347	0.977785	0.0222145	1.95557	0.0444291	0.900909
3032	0	-17.20314	-16.85687	-0.3462678	0.0150312	0.956262	0.0437383	1.91252	0.0874766	0.9425208
3033	1	-16.25486	-15.89492	-0.3599439	0.317723	0.964535	0.0354645	1.92907	0.070929	0.9554993
3034	0	-15.57527	-15.20814	-0.367124	0.272919	0.971414	0.028586	1.94283	0.057172	0.9623847
3035	1	-17.00906	-16.71922	-0.289836	0.0546755	0.965141	0.0348589	1.93028	0.0697177	0.8908056
3036	0	-17.26171	-16.87262	-0.3890945	0.00423439	0.951068	0.0489317	1.90214	0.0978635	0.9837627
3037	1	-16.07861	-15.76192	-0.316691	0.155067	0.979265	0.0207347	1.95853	0.0414695	0.9150522
3038	0	-16.07641	-15.69032	-0.386084	-0.00770602	0.973157	0.0268435	1.94631	0.0536869	0.9808055
3039	1	-16.59264	-16.31903	-0.2736041	0.130395	0.976055	0.0239454	1.95211	0.0478909	0.8764629
3040	0	-15.11287	-14.70971	-0.4031639	0.149793	0.97431	0.0256905	1.94862	0.0513809	0.9977014
3041	1	-17.60756	-17.27117	-0.3363929	0.132289	0.946389	0.053611	1.89278	0.107222	0.9332593
3042	0	-15.29234	-14.90888	-0.3834625	0.254482	0.981039	0.0189609	1.96208	0.0379218	0.9782377
3043	1	-15.67218	-15.28192	-0.3902554	0.383172	0.976297	0.023703	1.95259	0.0474059	0.9849053
3044	0	-16.89328	-16.56169	-0.331598	0.180826	0.98587	0.0141296	1.97174	0.0282591	0.9287951
3045	1	-16.79238	-16.46611	-0.3262689	0.180666	0.957854	0.042146	1.91571	0.0842921	0.9238586
3046	0	-15.5519	-15.14952	-0.402383	0.19078	0.965626	0.0343741	1.93125	0.0687482	0.9969226
3047	1	-18.38309	-18.01211	-0.3709848	-0.197636	0.970007	0.0299933	1.94001	0.0599866	0.9661074
3048	0	-19.41014	-19.02308	-0.3870517	0.108911	0.915884	0.0841165	1.83177	0.168233	0.9817551
3049	1	-15.56466	-15.19573	-0.368936	0.325799	0.976215	0.0237849	1.95243	0.0475698	0.96413
3050	0	-19.84761	-19.59146	-0.2561525	-0.0676715	0.984916	0.0150841	1.96983	0.0301682	0.8612998
3051	1	-17.14215	-16.74812	-0.3940299	0.29492	0.948858	0.051142	1.89772	0.102284	0.9886299
3052	0	-17.70305	-17.32565	-0.377398	0.2657	0.942342	0.0576581	1.88468	0.115316	0.9723231
3053	1	-16.37865	-15.97495	-0.4036963	0.0490006	0.985506	0.014494	1.97101	0.028988	0.9982328
3054	0	-15.88474	-15.48787	-0.3968733	0.000901301	0.974179	0.0258214	1.94836	0.0516427	0.991445
3055	1	-16.24182	-15.92392	-0.3178988	0.286311	0.969357	0.0306435	1.93871	0.0612869	0.9161581
3056	0	-18.5183	-18.21064	-0.3076636	0.109347	0.93789	0.0621103	1.87578	0.124221	0.9068289
3057	1	-15.24642	-14.84619	-0.4002296	0.145034	0.971939	0.028061	1.94388	0.056122	0.9947782
3058	0	-16.50867	-16.22788	-0.2807935	0.168523	0.970111	0.0298888	1.94022	0.0597775	0.8827868
3059	1	-15.39566	-15.01899	-0.3766754	0.261123	0.972622	0.0273778	1.94524	0.0547556	0.9716207
3060	0	-21.25671	-20.90239	-0.3543201	-0.296391	0.980116	0.0198842	1.96023	0.0397683	0.9501409
3061	1	-18.35548	-18.06301	-0.2924753	0.00976252	0.947175	0.0528253	1.89435	0.105651	0.8931598
3062	0	-15.32447	-14.92887	-0.3955997	0.337134	0.979344	0.0206556	1.95869	0.0413111	0.9901831
3063	1	-17.39241	-17.02189	-0.3705141	0.329359	0.950192	0.0498078	1.90038	0.0996155	0.9656527
3064	0	-16.28346	-15.90025	-0.3832155	0.382472	0.984362	0.0156379	1.96872	0.0312758	0.9779961
3065	1	-16.14441	-15.74035	-0.404055	0.0724858	0.960724	0.0392762	1.92145	0.0785524	0.9985909
3066	0	-15.71112	-15.3279	-0.3832155	0.249892	0.966144	0.0338555	1.93229	0.0677111	0.9779961
3067	1	-15.78876	-15.3892	-0.3995646	0.390546	0.972195	0.0278051	1.94439	0.0556103	0.9941169
3068	0	-15.99237	-15.60427	-0.3880961	0.405581	0.981169	0.0188311	1.96234	0.0376623	0.982781
3069	1	-15.14073	-14.75388	-0.386853	0.229778	0.97627	0.0237299	1.95254	0.0474598	0.98156
3070	0	-16.14591	-15.80577	-0.3401407	0.261536	0.966048	0.0339522	1.9321	0.0679043	0.9367635
3071	1	-15.51374	-15.12689	-0.386853	0.337556	0.981124	0.0188763	1.96225	0.0377525	0.98156
3072	0	-15.88186	-15.52797	-0.3538873	0.173636	0.982752	0.0172481	1.9655	0.0344962	0.9497297
3073	1	-16.3719	-15.97374	-0.3981622	0.300833	0.957914	0.0420863	1.91583	0.0841727	0.9927237
3074	0	-17.13387	-16.83858	-0.2952896	0.101813	0.959032	0.0409675	1.91806	0.081935	0.8956769
3075	1	-15.52104	-15.1669	-0.3541334	0.223702	0.979062	0.0209384	1.95812	0.0418767	0.9499635
3076	0	-15.45926	-15.08668	-0.3725809	0.22859	0.971346	0.0286544	1.94269	0.0573088	0.9676506
3077	1	-15.04883	-14.64952	-0.3993097	0.253491	0.979852	0.0201483	1.9597	0.0402966	0.9938635
3078	0	-16.47087	-16.08618	-0.38469	0.403205	0.966001	0.0339989	1.932	0.0679978	0.9794392
3079	1	-16.88729	-16.59681	-0.2904807	0.0998035	0.981702	0.0182983	1.9634	0.0365967	0.8913801
3080	0	-15.8913	-15.54459	-0.3467137	0.203351	0.968002	0.0319983	1.936	0.0639966	0.9429412
3081	1	-16.10684	-15.73999	-0.3668522	0.0889767	0.983154	0.0168461	1.96631	0.0336923	0.9621231
3082	0	-15.87349	-15.54267	-0.3308197	0.263915	0.979697	0.0203033	1.95939	0.0406066	0.9280725
3083	1	-17.23525	-16.90108	-0.3341682	0.211142	0.951323	0.0486774	1.90265	0.0973548	0.9311853
3084	0	-18.96518	-18.59823	-0.3669496	-0.17549	0.950775	0.0492246	1.90155	0.0984493	0.9622168
3085	1	-20.09159	-19.78189	-0.3096948	0.538164	0.98433	0.0156703	1.96866	0.0313406	0.9086727
3086	0	-16.37412	-16.00119	-0.3729275	0.26668	0.959153	0.0408473	1.91831	0.0816945	0.9679861
3087	1	-16.04565	-15.69881	-0.3468419	0.187399	0.96561	0.0343902	1.93122	0.0687804	0.9430621
3088	0	-15.82931	-15.46001	-0.3693021	0.316481	0.969196	0.030804	1.93839	0.061608	0.964483
3089	1	-19.67625	-19.48347	-0.1927765	0.0577651	0.985025	0.0149753	1.97005	0.0299507	0.8084078
3090	0	-16.31983	-15.92618	-0.393654	0.0622338	0.985123	0.0148771	1.97025	0.0297541	0.9882583
3091	1	-16.87198	-16.56955	-0.3024303	0.0225511	0.969298	0.0307016	1.9386	0.0614032	0.9020956
3092	0	-15.66375	-15.26684	-0.3969052	0.0945558	0.967562	0.0324377	1.93512	0.0648755	0.9914766
3093	1	-18.46871	-18.10745	-0.3612576	0.410231	0.988373	0.0116267	1.97675	0.0232534	0.9567554
3094	0	-18.52324	-18.24548	-0.2777628	0.177568	0.940994	0.0590056	1.88199	0.118011	0.8801153
3095	1	-17.47643	-17.23772	-0.2387136	0.359032	0.974078	0.0259222	1.94816	0.0518445	0.8464099
3096	0	-18.82596	-18.53543	-0.2905256	-0.15535	0.967846	0.0321542	1.93569	0.0643084	0.8914201
3097	1	-17.35214	-17.0162	-0.33594	0.00192753	0.956562	0.043438	1.91312	0.086876	0.9328367
3098	0	-20.62418	-20.35649	-0.2676892	-0.0564024	0.922589	0.0774115	1.84518	0.154823	0.8712939
3099	1	-18.14164	-17.7848	-0.3568465	0.235788	0.937822	0.0621782	1.87564	0.124356	0.9525444
3100	0	-17.43961	-17.16343	-0.2761801	-0.0154656	0.975346	0.024654	1.95069	0.0493081	0.8787234
3101	1	-16.32912	-15.96677	-0.3623441	0.412704	0.973822	0.0261781	1.94764	0.0523562	0.9577955
3102	0	-18.56452	-18.3217	-0.2428147	0.284291	0.948668	0.0513316	1.89734	0.102663	0.8498883
3103	1	-17.71255	-17.40781	-0.304742	0.309581	0.952586	0.0474137	1.90517	0.0948274	0.9041834
3104	0	-17.25571	-17.0377	-0.2180149	0.249572	0.972344	0.0276563	1.94469	0.0553126	0.8290704
3105	1	-17.21544	-16.93775	-0.2776877	0.368276	0.96872	0.0312804	1.93744	0.0625607	0.8800492
3106	0	-16.72984	-16.47357	-0.2562655	0.157742	0.974441	0.0255592	1.94888	0.0511184	0.8613971
3107	1	-17.00539	-16.77175	-0.233637	0.220375	0.972262	0.0277378	1.94452	0.0554757	0.8421239
3108	0	-16.48384	-16.16107	-0.3227698	0.374945	0.973548	0.0264515	1.9471	0.0529031	0.9206316
3109	1	-15.74953	-15.41501	-0.3345182	0.204702	0.973795	0.0262046	1.94759	0.0524093	0.9315114
3110	0	-17.61681	-17.34341	-0.2734024	0.224124	0.954194	0.0458059	1.90839	0.0916118	0.8762861
3111	1	-16.07578	-15.7493	-0.3264771	0.184622	0.968429	0.0315711	1.93686	0.0631423	0.924051
3112	0	-17.57732	-17.31736	-0.2599672	0.0695973	0.982	0.0180004	1.964	0.0360009	0.8645917
3113	1	-16.39944	-16.0457	-0.3537426	0.264292	0.98544	0.0145596	1.97088	0.0291192	0.9495923
3114	0	-18.71709	-18.44376	-0.2733317	-0.0626324	0.98234	0.0176596	1.96468	0.0353191	0.8762241
3115	1	-15.4366	-15.05192	-0.3846799	0.222486	0.969654	0.0303456	1.93931	0.0606912	0.9794293
3116	0	-16.5799	-16.22569	-0.3542073	0.233006	0.957755	0.0422452	1.91551	0.0844903	0.9500337
3117	1	-18.56872	-18.22435	-0.3443686	0.294121	0.936324	0.0636762	1.87265	0.127352	0.9407324
3118	0	-17.51425	-17.17872	-0.3355251	0.363328	0.986508	0.0134919	1.97302	0.0269838	0.9324498
3119	1	-15.16151	-14.75664	-0.4048703	0.312071	0.980737	0.0192626	1.96147	0.0385253	0.9994054
3120	0	-15.87659	-15.546	-0.3305954	0.141818	0.974263	0.025737	1.94853	0.0514739	0.9278644
3121	1	-15.09122	-14.68696	-0.4042557	0.140115	0.975683	0.0243168	1.95137	0.0486337	0.9987913
3122	0	-16.27842	-15.9513	-0.3271244	0.357943	0.974417	0.0255829	1.94883	0.0511659	0.9246493
3123	1	-17.50434	-17.15209	-0.3522507	-0.0360692	0.983926	0.016074	1.96785	0.0321481	0.9481767
3124	0	-16.10694	-15.80067	-0.3062719	0.192877	0.972519	0.0274808	1.94504	0.0549616	0.9055678
3125	1	-16.56519	-16.16597	-0.3992143	0.326556	0.956861	0.0431385	1.91372	0.0862771	0.9937687
3126	0	-16.01223	-15.61223	-0.4000077	0.124601	0.96084	0.0391604	1.92168	0.0783208	0.9945574
3127	1	-15.90841	-15.56058	-0.3478353	0.266631	0.98253	0.0174695	1.96506	0.0349391	0.9439993
3128	0	-15.52347	-15.14583	-0.3776388	0.0958044	0.974974	0.0250256	1.94995	0.0500511	0.9725573
3129	1	-15.92696	-15.56705	-0.3599157	0.315502	0.969083	0.0309171	1.93817	0.0618342	0.9554724
3130	0	-15.68906	-15.29219	-0.3968632	0.382032	0.981337	0.0186633	1.96267	0.0373265	0.991435
3131	1	-15.30729	-14.92429	-0.3830029	0.303001	0.978326	0.0216742	1.95665	0.0433483	0.9777882
3132	0	-16.18535	-15.78849	-0.3968632	0.0362464	0.983857	0.0161429	1.96771	0.0322859	0.991435
3133	1	-15.70676	-15.36889	-0.3378735	0.182512	0.977765	0.0222348	1.95553	0.0444696	0.9346421
3134	0	-15.68936	-15.29747	-0.3918873	0.376567	0.973704	0.0262964	1.94741	0.0525927	0.986514
3135	1	-16.82574	-16.53818	-0.2875575	0.350247	0.979597	0.020403	1.95919	0.040806	0.8887782
3136	0	-15.0005	-14.59987	-0.4006265	0.237724	0.976505	0.023495	1.95301	0.0469899	0.9951731
3137	1	-15.78905	-15.45435	-0.3346985	0.261107	0.973922	0.026078	1.94784	0.052156	0.9316793
3138	0	-15.14666	-14.75998	-0.3866821	0.232208	0.978892	0.0211079	1.95778	0.0422158	0.9813923
3139	1	-15.66063	-15.29524	-0.3653903	0.307761	0.98126	0.0187397	1.96252	0.0374794	0.9607175
3140	0	-15.11982	-14.72038	-0.3994449	0.141416	0.976876	0.0231244	1.95375	0.0462489	0.9939978
3141	1	-18.02205	-17.80189	-0.2201593	0.23594	0.957081	0.0429192	1.91416	0.0858384	0.8308502
3142	0	-15.05233	-14.65289	-0.3994449	0.269956	0.976497	0.023503	1.95299	0.0470059	0.9939978
3143	1	-16.50391	-16.19535	-0.3085647	0.133349	0.965503	0.0344968	1.93101	0.0689937	0.9076464
3144	0	-17.76206	-17.37979	-0.3822716	-0.1459	0.963712	0.0362876	1.92742	0.0725753	0.9770734
3145	1	-15.36327	-14.99548	-0.3677951	0.237909	0.975269	0.0247314	1.95054	0.0494627	0.9630306
3146	0	-17.48934	-17.24746	-0.2418818	0.0417555	0.968848	0.0311515	1.9377	0.062303	0.8490958
3147	1	-16.06935	-15.70615	-0.3631967	0.0277198	0.977528	0.0224716	1.95506	0.0449433	0.9586124
3148	0	-19.03364	-18.90941	-0.1242314	0.193261	0.959963	0.0400374	1.91993	0.0800748	0.7548519
3149	1	-16.5142	-16.12154	-0.3926638	0.333283	0.958537	0.0414631	1.91707	0.0829262	0.9872803
3150	0	-19.0824	-18.98274	-0.09966312	0.182135	0.966951	0.0330488	1.9339	0.0660975	0.7365324
3151	1	-17.77943	-17.53221	-0.2472211	0.323241	0.960986	0.0390135	1.92197	0.0780271	0.8536415
3152	0	-18.67757	-18.47122	-0.2063502	-0.0317469	0.963493	0.0365075	1.92699	0.0730149	0.8194558
3153	1	-17.37831	-17.1231	-0.2552108	0.133139	0.960559	0.0394407	1.92112	0.0788814	0.8604891
3154	0	-16.07399	-15.76805	-0.3059419	0.205043	0.9778	0.0222004	1.9556	0.0444009	0.9052689
3155	1	-17.70931	-17.34393	-0.3653798	0.302306	0.945246	0.0547539	1.89049	0.109508	0.9607074
3156	0	-17.2871	-16.9618	-0.3252987	0.123084	0.952166	0.0478342	1.90433	0.0956684	0.9229627
3157	1	-16.26625	-15.92552	-0.3407289	0.214896	0.963275	0.0367245	1.92655	0.0734491	0.9373147
3158	0	-16.41644	-16.02524	-0.3912011	0.00190524	0.963385	0.0366152	1.92677	0.0732305	0.9858373
3159	1	-17.63542	-17.33718	-0.2982412	0.452735	0.975399	0.024601	1.9508	0.049202	0.8983245
3160	0	-17.22043	-16.96443	-0.2559966	0.189582	0.982464	0.0175361	1.96493	0.0350723	0.8611655
3161	1	-15.50374	-15.12005	-0.3836885	0.245927	0.969052	0.0309482	1.9381	0.0618965	0.9784588
3162	0	-16.91374	-16.63	-0.2837365	0.318187	0.96688	0.0331197	1.93376	0.0662394	0.8853886
3163	1	-17.05759	-16.78908	-0.268509	0.222937	0.962651	0.0373489	1.9253	0.0746978	0.8720085
3164	0	-18.0131	-17.82903	-0.1840668	0.115605	0.965682	0.0343176	1.93136	0.0686353	0.8013974
3165	1	-19.24936	-18.85155	-0.397807	0.578636	0.965911	0.0340887	1.93182	0.0681774	0.9923711
3166	0	-15.94738	-15.59515	-0.352235	0.255571	0.967046	0.0329545	1.93409	0.0659089	0.9481618
3167	1	-15.58484	-15.18704	-0.397807	0.277727	0.966911	0.0330888	1.93382	0.0661775	0.9923711
3168	0	-16.17158	-15.83931	-0.332272	0.347869	0.973691	0.0263091	1.94738	0.0526182	0.9294213
3169	1	-17.97724	-17.70911	-0.2681325	-0.0485958	0.965105	0.0348952	1.93021	0.0697904	0.8716802
3170	0	-15.80871	-15.44005	-0.3686543	0.0593846	0.97397	0.0260297	1.94794	0.0520594	0.9638585
3171	1	-17.22438	-16.82159	-0.4027859	-0.133094	0.978064	0.021936	1.95613	0.043872	0.9973244
3172	0	-16.15923	-15.79459	-0.3646379	0.0343143	0.98042	0.0195797	1.96084	0.0391594	0.959995
3173	1	-15.3288	-14.92601	-0.4027859	0.107901	0.971992	0.0280083	1.94398	0.0560166	0.9973244
3174	0	-20.06247	-19.73874	-0.3237348	-0.245986	0.958625	0.041375	1.91725	0.08275	0.9215204
3175	1	-17.01919	-16.68532	-0.3338696	-0.0514161	0.973559	0.0264414	1.94712	0.0528828	0.9309074
3176	0	-16.40966	-16.02986	-0.3797942	-0.037749	0.971824	0.0281764	1.94365	0.0563527	0.9746558
3177	1	-16.46294	-16.18885	-0.2740885	0.235883	0.976431	0.0235693	1.95286	0.0471386	0.8768874
3178	0	-17.86284	-17.4697	-0.3931407	0.457191	0.955515	0.0444849	1.91103	0.0889698	0.9877512
3179	1	-19.17178	-18.86434	-0.3074428	0.0845571	0.929358	0.0706418	1.85872	0.141284	0.9066287
3180	0	-15.03846	-14.6347	-0.4037556	0.264223	0.980475	0.0195255	1.96095	0.039051	0.998292
3181	1	-15.84179	-15.50549	-0.3362976	0.262166	0.980378	0.0196215	1.96076	0.039243	0.9331703
3182	0	-18.55272	-18.17935	-0.3733698	0.131482	0.929553	0.0704471	1.85911	0.140894	0.9684143
3183	1	-23.03924	-22.74299	-0.2962471	0.295288	0.877808	0.122192	1.75562	0.244384	0.896535
3184	0	-17.24977	-16.98492	-0.2648472	0.33527	0.966761	0.033239	1.93352	0.0664781	0.8688212
3185	1	-15.12301	-14.72768	-0.3953306	0.169923	0.97942	0.0205801	1.95884	0.0411602	0.9899167
3186	0	-18.30538	-18.10818	-0.1971987	0.344224	0.965174	0.0348261	1.93035	0.0696522	0.8119907
3187	1	-19.54517	-19.1744	-0.3707643	0.265341	0.918581	0.0814191	1.83716	0.162838	0.9658943
3188	0	-19.28102	-19.103	-0.1780212	0.41502	0.979382	0.020618	1.95876	0.041236	0.7965671
3189	1	-17.04583	-16.79686	-0.2489748	0.211315	0.966336	0.0336642	1.93267	0.0673284	0.8551398
3190	0	-17.72204	-17.53896	-0.1830734	0.215376	0.975484	0.0245155	1.95097	0.049031	0.8006017
3191	1	-15.24344	-14.86709	-0.3763451	0.230185	0.977613	0.0223869	1.95523	0.0447739	0.9712999
3192	0	-18.97414	-18.76995	-0.2041813	0.267338	0.948239	0.0517608	1.89648	0.103522	0.8176803
3193	1	-17.2646	-16.87742	-0.3871772	0.454156	0.985327	0.0146727	1.97065	0.0293454	0.9818783
3194	0	-15.96188	-15.61099	-0.3508954	0.236869	0.966572	0.0334276	1.93314	0.0668552	0.9468925
3195	1	-18.56038	-18.24561	-0.3147626	0.409851	0.950686	0.0493144	1.90137	0.0986289	0.9132893
3196	0	-17.41048	-17.05714	-0.3533433	0.451216	0.983863	0.0161371	1.96773	0.0322741	0.9492133
3197	1	-16.59101	-16.20542	-0.3855917	0.0859641	0.955971	0.0440287	1.91194	0.0880574	0.9803228
3198	0	-15.6968	-15.29933	-0.3974712	0.3416	0.968881	0.0311194	1.93776	0.0622388	0.9920379
3199	1	-15.06301	-14.66882	-0.3941847	0.211986	0.976461	0.0235392	1.95292	0.0470783	0.988783
3200	0	-16.97665	-16.62764	-0.3490126	-0.058021	0.969565	0.0304347	1.93913	0.0608695	0.9451114
3201	1	-15.56253	-15.18986	-0.3726713	0.121883	0.980253	0.0197465	1.96051	0.0394931	0.9677381
3202	0	-16.53454	-16.23009	-0.3044523	0.222384	0.964702	0.0352975	1.9294	0.0705951	0.9039214
3203	1	-15.88888	-15.49148	-0.3974075	0.0249852	0.981103	0.0188967	1.96221	0.0377935	0.9919748
3204	0	-18.28504	-18.02648	-0.2585614	0.0157157	0.983199	0.0168012	1.9664	0.0336025	0.8633771
3205	1	-18.03992	-17.75427	-0.2856524	0.422067	0.983332	0.0166682	1.96666	0.0333364	0.8870865
3206	0	-17.29925	-17.07077	-0.2284805	0.110072	0.969847	0.0301527	1.93969	0.0603053	0.8377927
3207	1	-15.45498	-15.09615	-0.3588306	0.198509	0.978247	0.0217532	1.95649	0.0435064	0.9544362
3208	0	-17.68989	-17.48852	-0.2013711	0.10307	0.975554	0.0244461	1.95111	0.0488923	0.8153857
3209	1	-15.61695	-15.22529	-0.3916618	0.263379	0.984399	0.0156015	1.9688	0.031203	0.9862915
3210	0	-18.1918	-17.99984	-0.191962	0.0712465	0.963241	0.0367589	1.92648	0.0735179	0.8077497
3211	1	-16.6092	-16.34134	-0.267858	0.272979	0.975512	0.0244879	1.95102	0.0489757	0.871441
3212	0	-17.77364	-17.46399	-0.3096541	0.374081	0.985761	0.014239	1.97152	0.0284779	0.9086357
3213	1	-18.82729	-18.47104	-0.3562543	-0.180939	0.956358	0.0436419	1.91272	0.0872838	0.9519805
3214	0	-16.78681	-16.48854	-0.2982735	0.04148	0.977837	0.0221625	1.95567	0.0443251	0.8983535
3215	1	-15.37829	-15.0107	-0.3675864	0.235811	0.979387	0.0206128	1.95877	0.0412256	0.9628297
3216	0	-17.99304	-17.63561	-0.3574224	-0.0223303	0.946465	0.0535347	1.89293	0.107069	0.9530931
3217	1	-15.76687	-15.43399	-0.3328815	0.19818	0.973928	0.0260717	1.94786	0.0521435	0.929988
3218	0	-19.2107	-18.83578	-0.374922	0.222022	0.920974	0.079026	1.84195	0.158052	0.9699186
3219	1	-15.45947	-15.09479	-0.3646767	0.267852	0.974488	0.025512	1.94898	0.0510239	0.9600322
3220	0	-17.80742	-17.40684	-0.4005762	0.489016	0.960352	0.0396483	1.9207	0.0792965	0.995123
3221	1	-17.52262	-17.1803	-0.3423216	-0.0591168	0.959729	0.0402712	1.91946	0.0805425	0.9388088
3222	0	-16.34816	-16.03084	-0.3173191	0.350618	0.978226	0.021774	1.95645	0.0435481	0.9156272
3223	1	-15.70317	-15.36085	-0.3423216	0.163353	0.97409	0.0259097	1.94818	0.0518193	0.9388088
3224	0	-15.20071	-14.79626	-0.4044451	0.331277	0.979576	0.0204237	1.95915	0.0408474	0.9989805
3225	1	-15.94815	-15.61326	-0.334894	0.232118	0.969295	0.0307053	1.93859	0.0614106	0.9318614
3226	0	-15.68446	-15.28452	-0.3999357	0.0480762	0.970467	0.0295329	1.94093	0.0590658	0.9944859
3227	1	-20.47968	-20.11561	-0.3640727	0.405193	0.92026	0.0797403	1.84052	0.159481	0.9594526
3228	0	-17.43587	-17.03725	-0.3986205	0.123181	0.942412	0.0575882	1.88482	0.115176	0.9931788
3229	1	-17.67065	-17.47757	-0.1930882	0.229011	0.977755	0.0222449	1.95551	0.0444898	0.8086599
3230	0	-18.12826	-17.8299	-0.2983631	-0.0182947	0.952204	0.0477958	1.90441	0.0955916	0.898434
3231	1	-17.81692	-17.48769	-0.3292346	0.467619	0.966774	0.0332263	1.93355	0.0664526	0.9266026
3232	0	-15.73434	-15.35484	-0.3795063	0.113036	0.967917	0.0320833	1.93583	0.0641666	0.9743752
3233	1	-17.19359	-16.84016	-0.3534298	-0.060619	0.963905	0.0360949	1.92781	0.0721898	0.9492954
3234	0	-15.63848	-15.24185	-0.3966239	0.0903275	0.982587	0.017413	1.96517	0.0348259	0.9911978
3235	1	-15.82555	-15.49249	-0.3330631	0.192714	0.979728	0.0202717	1.95946	0.0405434	0.9301569
3236	0	-16.2673	-15.89046	-0.3768419	0.24055	0.959384	0.0406164	1.91877	0.0812328	0.9717826
3237	1	-15.7243	-15.35578	-0.3685104	0.351591	0.979187	0.0208134	1.95837	0.0416268	0.9637198
3238	0	-18.23363	-17.85899	-0.3746407	-0.140449	0.955239	0.044761	1.91048	0.0895219	0.9696459
3239	1	-16.0056	-15.61532	-0.3902847	-0.00670679	0.974355	0.025645	1.94871	0.0512901	0.9849343
3240	0	-18.66675	-18.2693	-0.3974475	0.241628	0.990718	0.00928184	1.98144	0.0185637	0.9920144
3241	1	-17.63156	-17.41794	-0.2136222	0.131942	0.964693	0.0353068	1.92939	0.0706136	0.8254365
3242	0	-18.00388	-17.60746	-0.3964229	-0.103703	0.950177	0.0498235	1.90035	0.099647	0.9909985
3243	1	-15.95668	-15.62018	-0.3364959	0.105468	0.973044	0.026956	1.94609	0.0539121	0.9333554
3244	0	-16.25856	-15.85642	-0.4021325	0.217541	0.956607	0.0433934	1.91321	0.0867867	0.996673
3245	1	-17.07122	-16.82187	-0.2493568	0.0925016	0.971133	0.0288672	1.94227	0.0577344	0.8554665
3246	0	-15.79414	-15.401	-0.3931379	0.224855	0.96346	0.0365396	1.92692	0.0730792	0.9877485
3247	1	-22.22545	-21.95049	-0.2749666	-0.228159	0.984102	0.0158983	1.9682	0.0317965	0.8776578
3248	0	-16.86584	-16.57404	-0.2918064	0.294592	0.964494	0.0355059	1.92899	0.0710117	0.8925625
3249	1	-18.37775	-18.16095	-0.2168057	0.300241	0.983992	0.0160078	1.96798	0.0320155	0.8280685
3250	0	-16.68902	-16.3904	-0.2986196	0.0634625	0.978745	0.021255	1.95749	0.04251	0.8986645
3251	1	-16.23863	-15.92931	-0.3093122	0.256797	0.980949	0.0190514	1.9619	0.0381027	0.9083251
3252	0	-17.77266	-17.57511	-0.197542	0.189415	0.964572	0.0354279	1.92914	0.0708557	0.8122695
3253	1	-16.74599	-16.39805	-0.3479481	0.0120795	0.963435	0.0365647	1.92687	0.0731295	0.9441059
3254	0	-17.45577	-17.24146	-0.2143039	0.270802	0.978339	0.0216613	1.95668	0.0433227	0.8259994
3255	1	-19.86122	-19.56149	-0.2997279	0.134806	0.919317	0.0806827	1.83863	0.161365	0.899661
3256	0	-16.75413	-16.48415	-0.2699843	0.316915	0.975499	0.0245009	1.951	0.0490018	0.873296
3257	1	-17.98079	-17.69766	-0.2831254	0.0642961	0.950334	0.0496659	1.90067	0.0993317	0.8848477
3258	0	-16.12178	-15.72116	-0.4006153	0.109066	0.959809	0.0401914	1.91962	0.0803829	0.9951619
3259	1	-18.58581	-18.19002	-0.3957964	-0.213549	0.961541	0.0384593	1.92308	0.0769186	0.9903779
3260	0	-15.46457	-15.10619	-0.3583818	0.255653	0.977356	0.0226443	1.95471	0.0452887	0.9540079
3261	1	-18.35725	-17.97523	-0.3820161	-0.0499949	0.940717	0.0592825	1.88143	0.118565	0.9768238
3262	0	-15.80178	-15.40389	-0.3978891	0.270216	0.985544	0.0144562	1.97109	0.0289125	0.9924527
3263	1	-15.22477	-14.84302	-0.3817535	0.25818	0.975992	0.024008	1.95198	0.048016	0.9765673
3264	0	-15.3572	-14.96406	-0.3931425	0.298382	0.982125	0.0178748	1.96425	0.0357496	0.987753
3265	1	-16.33423	-15.94113	-0.3931007	0.308151	0.959227	0.0407733	1.91845	0.0815467	0.9877117
3266	0	-15.36728	-14.99609	-0.3711932	0.263455	0.975003	0.0249968	1.95001	0.0499935	0.9663087
3267	1	-18.14323	-17.74354	-0.3996889	-0.186834	0.962401	0.0375993	1.9248	0.0751986	0.9942404
3268	0	-15.86104	-15.51836	-0.3426724	0.214404	0.981861	0.0181388	1.96372	0.0362776	0.9391381
3269	1	-15.09233	-14.68876	-0.4035753	0.304549	0.97695	0.0230497	1.9539	0.0460994	0.998112
3270	0	-16.57634	-16.17205	-0.4042922	0.290214	0.987848	0.0121524	1.9757	0.0243049	0.9988278
3271	1	-17.744	-17.37668	-0.3673247	0.12695	0.941324	0.0586758	1.88265	0.117352	0.9625778
3272	0	-17.31153	-16.95465	-0.3568853	-0.0315434	0.95752	0.0424804	1.91504	0.0849609	0.9525813
3273	1	-16.07191	-15.70426	-0.3676531	0.363622	0.98263	0.0173697	1.96526	0.0347394	0.962894
3274	0	-17.67018	-17.29753	-0.3726474	0.413867	0.954383	0.0456168	1.90877	0.0912336	0.9677149
3275	1	-15.0238	-14.61981	-0.4039917	0.175181	0.979562	0.020438	1.95912	0.040876	0.9985277
3276	0	-16.66432	-16.30699	-0.357329	0.214706	0.956057	0.0439428	1.91211	0.0878856	0.9530041
3277	1	-15.86557	-15.47174	-0.3938238	0.146085	0.962931	0.0370692	1.92586	0.0741385	0.9884262
3278	0	-17.01579	-16.66947	-0.3463244	0.446967	0.980717	0.019283	1.96143	0.0385659	0.9425741
3279	1	-16.72513	-16.33078	-0.3943488	-0.0328009	0.961641	0.038359	1.92328	0.0767181	0.9889453
3280	0	-18.70872	-18.35974	-0.3489841	0.415295	0.945352	0.0546476	1.8907	0.109295	0.9450844
3281	1	-17.2821	-16.89906	-0.3830404	0.102243	0.946466	0.0535338	1.89293	0.107068	0.9778249
3282	0	-16.51371	-16.12181	-0.3919048	0.138041	0.954748	0.045252	1.9095	0.090504	0.9865312
3283	1	-16.2521	-15.86906	-0.3830404	0.36286	0.984893	0.0151073	1.96979	0.0302147	0.9778249
3284	0	-16.28103	-15.88214	-0.3988894	0.0819244	0.958935	0.0410651	1.91787	0.0821303	0.9934459
3285	1	-17.40996	-17.03202	-0.377937	-0.0790717	0.982874	0.0171257	1.96575	0.0342513	0.9728473
3286	0	-15.98752	-15.65181	-0.3357084	0.0919914	0.975433	0.024567	1.95087	0.049134	0.9326207
3287	1	-15.5861	-15.19513	-0.3909685	0.103678	0.982139	0.0178615	1.96428	0.035723	0.985608
3288	0	-17.87692	-17.47875	-0.3981747	0.368778	0.944668	0.0553324	1.88934	0.110665	0.9927361
3289	1	-16.46822	-16.08885	-0.3793771	0.25092	0.956854	0.0431456	1.91371	0.0862912	0.9742493
3290	0	-15.91794	-15.54658	-0.3713607	0.067148	0.969155	0.0308446	1.93831	0.0616891	0.9664706
3291	1	-18.16602	-17.81933	-0.3466879	0.387202	0.948676	0.0513236	1.89735	0.102647	0.9429169
3292	0	-15.96026	-15.61353	-0.3467337	0.350371	0.977976	0.0220239	1.95595	0.0440478	0.94296
3293	1	-16.99852	-16.66567	-0.3328473	-0.0306438	0.967326	0.0326741	1.93465	0.0653481	0.9299562
3294	0	-16.37717	-16.03502	-0.3421548	0.238729	0.961935	0.0380655	1.92387	0.0761309	0.9386521
3295	1	-18.42918	-18.1017	-0.3274761	-0.0396477	0.945581	0.0544189	1.89116	0.108838	0.9249746
3296	0	-15.09462	-14.69391	-0.4007065	0.262192	0.97418	0.0258201	1.94836	0.0516402	0.9952527
3297	1	-16.09817	-15.71021	-0.387955	-0.0129406	0.973088	0.0269116	1.94618	0.0538232	0.9826423
3298	0	-17.8883	-17.55549	-0.3328091	-0.0915404	0.960043	0.0399572	1.92009	0.0799143	0.9299206
3299	1	-15.75633	-15.37043	-0.3858973	0.347775	0.982892	0.0171081	1.96578	0.0342162	0.9806224
3300	0	-16.33292	-15.97146	-0.3614647	0.251765	0.960508	0.0394922	1.92102	0.0789844	0.9569535
3301	1	-15.55794	-15.19357	-0.3643705	0.18132	0.981182	0.0188182	1.96236	0.0376364	0.9597384
3302	0	-15.35231	-14.97209	-0.3802282	0.184821	0.981069	0.0189307	1.96214	0.0378614	0.9750789
3303	1	-15.88498	-15.54336	-0.341618	0.104512	0.973947	0.0260535	1.94789	0.0521069	0.9381484
3304	0	-16.41855	-16.03184	-0.38671	0.0288472	0.961599	0.038401	1.9232	0.0768021	0.9814196
3305	1	-17.64064	-17.2912	-0.3494364	-0.122086	0.975413	0.0245867	1.95083	0.0491733	0.945512
3306	0	-16.53895	-16.16009	-0.3788631	-0.0506232	0.971469	0.0285307	1.94294	0.0570613	0.9737487
3307	1	-17.99198	-17.7356	-0.2563801	0.0255427	0.957119	0.0428805	1.91424	0.0857611	0.8614959
3308	0	-18.05146	-17.65915	-0.3923093	-0.143644	0.956045	0.0439554	1.91209	0.0879108	0.9869303
3309	1	-18.96604	-18.74367	-0.2223714	0.248553	0.944611	0.0553893	1.88922	0.110779	0.8326902
3310	0	-15.5317	-15.14986	-0.3818338	0.122753	0.970733	0.0292672	1.94147	0.0585345	0.9766457
3311	1	-17.38633	-17.15992	-0.2264115	0.237857	0.965763	0.0342373	1.93153	0.0684746	0.8360611
3312	0	-15.6749	-15.32739	-0.3475117	0.140269	0.976407	0.0235928	1.95281	0.0471856	0.9436939
3313	1	-15.28589	-14.91266	-0.3732289	0.208193	0.978227	0.021773	1.95645	0.0435459	0.9682778
3314	0	-16.18829	-15.85966	-0.3286324	0.114623	0.968438	0.0315617	1.93688	0.0631234	0.9260448
3315	1	-18.05585	-17.74	-0.3158538	0.407421	0.956175	0.0438248	1.91235	0.0876497	0.9142865
3316	0	-15.97845	-15.58112	-0.3973369	0.00863056	0.969573	0.0304268	1.93915	0.0608537	0.9919048
3317	1	-15.61453	-15.27163	-0.342899	0.206839	0.976579	0.0234206	1.95316	0.0468412	0.9393509
3318	0	-19.17812	-18.94697	-0.2311474	0.44479	0.961797	0.0382034	1.92359	0.0764068	0.84003
3319	1	-15.63273	-15.2815	-0.3512241	0.140619	0.976171	0.0238294	1.95234	0.0476589	0.9472038
3320	0	-19.57346	-19.45641	-0.1170423	0.371404	0.972387	0.0276135	1.94477	0.0552269	0.7494446
3321	1	-15.97189	-15.63527	-0.3366243	0.194714	0.968356	0.0316444	1.93671	0.0632888	0.9334753
3322	0	-19.00298	-18.87774	-0.1252422	0.073928	0.966279	0.0337214	1.93256	0.0674428	0.7556153
3323	1	-16.5851	-16.31022	-0.2748769	0.174551	0.979188	0.0208116	1.95838	0.0416231	0.8775791
3324	0	-18.45746	-18.28772	-0.1697411	0.230211	0.959876	0.040124	1.91975	0.080248	0.7899987
3325	1	-16.65786	-16.27706	-0.3807953	0.123316	0.954327	0.0456729	1.90865	0.0913458	0.975632
3326	0	-21.00188	-20.9228	-0.07908482	0.363978	0.954889	0.0451105	1.90978	0.0902211	0.7215307
3327	1	-17.78297	-17.38228	-0.4006863	-0.131096	0.957083	0.0429172	1.91417	0.0858344	0.9952326
3328	0	-20.50786	-20.46417	-0.04368635	0.0733876	0.974774	0.0252255	1.94955	0.0504511	0.6964364
3329	1	-16.16671	-15.82247	-0.3442482	0.134677	0.965218	0.0347822	1.93044	0.0695643	0.9406192
3330	0	-19.21718	-19.07436	-0.1428243	0.182672	0.952894	0.0471063	1.90579	0.0942127	0.7690181
3331	1	-16.96986	-16.69678	-0.2730827	0.311073	0.967446	0.0325535	1.93489	0.065107	0.8760059
3332	0	-19.09805	-18.95922	-0.1388276	0.0945993	0.957764	0.0422356	1.91553	0.0844713	0.7659507
3333	1	-17.47941	-17.11537	-0.3640444	-0.0350736	0.954349	0.0456507	1.9087	0.0913014	0.9594254
3334	0	-18.52713	-18.33796	-0.1891718	-0.00449982	0.969118	0.0308822	1.93824	0.0617645	0.805499
3335	1	-17.85724	-17.52275	-0.3344867	0.0699621	0.987068	0.0129325	1.97414	0.025865	0.931482
3336	0	-19.35287	-19.16182	-0.1910515	-0.0770447	0.974885	0.0251146	1.94977	0.0502292	0.8070145
3337	1	-15.94735	-15.5648	-0.3825512	0.0219148	0.9791	0.0208996	1.9582	0.0417992	0.9773466
3338	0	-19.49604	-19.39007	-0.1059709	0.125756	0.979334	0.0206663	1.95867	0.0413326	0.741193
3339	1	-15.45819	-15.09261	-0.3655842	0.262683	0.973928	0.0260724	1.94786	0.0521448	0.9609038
3340	0	-24.25754	-24.17612	-0.08142128	0.407672	0.920573	0.0794272	1.84115	0.158854	0.7232185
3341	1	-15.58579	-15.23297	-0.3528252	0.259984	0.974005	0.0259949	1.94801	0.0519898	0.9487216
3342	0	-19.25628	-19.16049	-0.0957894	0.118643	0.973641	0.0263595	1.94728	0.052719	0.7336848
3343	1	-17.30942	-16.98886	-0.3205579	0.224132	0.952167	0.0478328	1.90433	0.0956655	0.9185976
3344	0	-19.58871	-19.47048	-0.1182279	0.366482	0.97636	0.0236401	1.95272	0.0472802	0.7503337
3345	1	-16.52152	-16.20334	-0.3181855	0.37865	0.976455	0.0235447	1.95291	0.0470895	0.9164208
3346	0	-18.98612	-18.85577	-0.1303513	0.274507	0.979382	0.0206181	1.95876	0.0412362	0.7594857
3347	1	-16.53283	-16.25146	-0.281365	0.154752	0.979062	0.0209381	1.95812	0.0418761	0.8832914
3348	0	-21.8172	-21.85288	0.03567997	0.0992588	0.972185	0.027815	1.94437	0.0556301	0.6432994
3349	1	-17.53463	-17.20644	-0.3281904	0.199456	0.948025	0.051975	1.89605	0.10395	0.9256356
3350	0	-21.28307	-21.30516	0.02209164	0.155736	0.965587	0.0344132	1.93117	0.0688264	0.6521004
3351	1	-15.77825	-15.39511	-0.3831478	0.351992	0.982573	0.0174274	1.96515	0.0348548	0.9779299
3352	0	-20.54669	-20.48977	-0.05691504	0.277915	0.956426	0.0435744	1.91285	0.0871488	0.7057106
3353	1	-17.04613	-16.64117	-0.4049602	-0.00606743	0.953141	0.0468588	1.90628	0.0937177	0.9994952
3354	0	-22.25929	-22.28297	0.02367919	0.361401	0.968762	0.0312384	1.93752	0.0624767	0.651066
3355	1	-15.68538	-15.34777	-0.3376014	0.242356	0.976608	0.0233918	1.95322	0.0467836	0.9343878
3356	0	-21.72494	-21.76629	0.04135239	0.175562	0.972647	0.0273525	1.94529	0.0547051	0.6396606
3357	1	-15.75235	-15.3652	-0.3871556	0.0375906	0.973599	0.026401	1.9472	0.052802	0.9818571
3358	0	-20.65576	-20.59252	-0.06324327	0.0249274	0.95631	0.0436904	1.91262	0.0873808	0.7101906
3359	1	-18.60706	-18.29041	-0.3166473	-0.161638	0.974631	0.0253688	1.94926	0.0507376	0.9150123
3360	0	-20.40959	-20.28073	-0.1288591	0.118417	0.938768	0.0612317	1.87754	0.122463	0.7583533
3361	1	-16.05529	-15.66801	-0.3872867	0.0217276	0.981303	0.0186974	1.96261	0.0373948	0.9819859
3362	0	-19.13791	-18.98366	-0.1542491	0.00533815	0.976126	0.0238742	1.95225	0.0477485	0.7778543
3363	1	-16.52575	-16.17754	-0.3482196	-0.0108675	0.971941	0.0280592	1.94388	0.0561184	0.9443622
3364	0	-19.3694	-19.21352	-0.155886	0.385798	0.96433	0.0356699	1.92866	0.0713398	0.7791287
3365	1	-15.59779	-15.23405	-0.3637397	0.301322	0.973509	0.0264908	1.94702	0.0529817	0.9591331
3366	0	-17.94435	-17.6664	-0.2779504	0.366023	0.958076	0.0419239	1.91615	0.0838477	0.8802804
3367	1	-15.96578	-15.56541	-0.400374	0.422792	0.974344	0.0256562	1.94869	0.0513124	0.9949219
3368	0	-18.47148	-18.17575	-0.29573	0.321083	0.94519	0.0548096	1.89038	0.109619	0.8960715
3369	1	-17.68707	-17.35788	-0.329191	0.341391	0.952185	0.0478153	1.90437	0.0956305	0.9265621
3370	0	-19.55132	-19.21792	-0.3334003	0.251292	0.922129	0.0778708	1.84426	0.155742	0.9304706
3371	1	-15.77261	-15.40109	-0.3715212	0.36486	0.979181	0.0208192	1.95836	0.0416383	0.9666257
3372	0	-16.84361	-16.51796	-0.3256526	0.110767	0.958617	0.0413831	1.91723	0.0827663	0.9232894
3373	1	-16.41528	-16.03711	-0.3781667	-0.0249709	0.979571	0.0204287	1.95914	0.0408574	0.9730708
3374	0	-17.7306	-17.34994	-0.3806623	0.144938	0.93991	0.0600897	1.87982	0.120179	0.9755023
3375	1	-17.52696	-17.32962	-0.1973416	0.17535	0.971183	0.0288173	1.94237	0.0576347	0.8121067
3376	0	-17.90374	-17.50494	-0.3987945	-0.100005	0.950914	0.0490861	1.90183	0.0981723	0.9933516
3377	1	-15.98631	-15.6713	-0.3150104	0.23822	0.973588	0.026412	1.94718	0.052824	0.9135157
3378	0	-15.85776	-15.48743	-0.3703331	0.338569	0.970306	0.0296942	1.94061	0.0593884	0.965478
3379	1	-16.94098	-16.64405	-0.2969294	0.0857779	0.962611	0.0373886	1.92522	0.0747772	0.8971468
3380	0	-16.59472	-16.27313	-0.3215854	0.269676	0.962633	0.0373671	1.92527	0.0747342	0.9195419
3381	1	-17.16694	-16.7947	-0.3722424	-0.066753	0.961973	0.0380272	1.92395	0.0760544	0.9673232
3382	0	-16.14994	-15.76373	-0.3862093	0.125703	0.960434	0.0395658	1.92087	0.0791315	0.9809284
3383	1	-16.93545	-16.55583	-0.3796268	0.409571	0.982717	0.0172831	1.96543	0.0345661	0.9744927
3384	0	-16.08518	-15.69488	-0.3903026	0.284659	0.986055	0.0139448	1.97211	0.0278896	0.9849518
3385	1	-15.60986	-15.25898	-0.3508792	0.150591	0.976133	0.0238666	1.95227	0.0477333	0.9468772
3386	0	-16.32626	-15.92636	-0.3998973	0.176832	0.987145	0.0128552	1.97429	0.0257104	0.9944477
3387	1	-15.5529	-15.19137	-0.3615208	0.274214	0.980458	0.0195423	1.96092	0.0390846	0.9570073
3388	0	-17.45961	-17.16946	-0.290152	-0.011731	0.964236	0.0357644	1.92847	0.0715287	0.8910871
3389	1	-18.5018	-18.28072	-0.2210847	0.216522	0.949845	0.0501547	1.89969	0.100309	0.8316194
3390	0	-15.90616	-15.57714	-0.3290179	0.229646	0.980431	0.0195689	1.96086	0.0391378	0.9264018
3391	1	-16.3926	-16.00731	-0.3852886	0.0966879	0.958249	0.0417513	1.9165	0.0835026	0.9800257
3392	0	-15.33993	-14.94323	-0.3966988	0.342589	0.979347	0.0206533	1.95869	0.0413066	0.9912721
3393	1	-17.81413	-17.44838	-0.365753	0.514978	0.972183	0.0278172	1.94437	0.0556343	0.9610661
3394	0	-20.65178	-20.28501	-0.366771	-0.0543127	0.907255	0.0927448	1.81451	0.18549	0.962045
3395	1	-18.87924	-18.62366	-0.255578	0.0229474	0.943963	0.0560372	1.88793	0.112074	0.8608051
3396	0	-15.12	-14.71821	-0.4017896	0.225129	0.97257	0.0274296	1.94514	0.0548593	0.9963312
3397	1	-16.31963	-15.92377	-0.3958606	0.0357219	0.961423	0.0385773	1.92285	0.0771545	0.9904414
3398	0	-16.05548	-15.69381	-0.3616773	0.28088	0.965101	0.034899	1.9302	0.0697981	0.957157
3399	1	-16.0636	-15.66774	-0.3958606	0.266093	0.986368	0.0136322	1.97274	0.0272645	0.9904414
3400	0	-16.22397	-15.83964	-0.3843306	0.218805	0.958811	0.0411888	1.91762	0.0823776	0.9790872
3401	1	-16.25766	-15.89567	-0.3619849	0.00382895	0.972461	0.0275386	1.94492	0.0550772	0.9574515
3402	0	-17.30825	-16.99097	-0.3172806	0.0325249	0.957361	0.0426385	1.91472	0.085277	0.9155919
3403	1	-17.82373	-17.57595	-0.2477809	0.405985	0.972643	0.027357	1.94529	0.0547139	0.8541194
3404	0	-16.82822	-16.4274	-0.400817	0.151077	0.94966	0.0503398	1.89932	0.10068	0.9953627
3405	1	-16.96446	-16.58586	-0.3786005	-0.0771592	0.979778	0.0202221	1.95956	0.0404443	0.973493
3406	0	-20.33934	-20.04431	-0.2950333	-0.232243	0.955418	0.044582	1.91084	0.0891641	0.8954474
3407	1	-16.87687	-16.49845	-0.3784182	0.372277	0.958704	0.0412961	1.91741	0.0825922	0.9733156
3408	0	-16.97732	-16.63992	-0.3373975	-0.0313816	0.966833	0.0331671	1.93367	0.0663342	0.9341973
3409	1	-15.40424	-15.02971	-0.3745352	0.252939	0.981129	0.0188707	1.96226	0.0377414	0.9695435
3410	0	-17.27862	-16.96245	-0.31617	0.293694	0.955605	0.0443955	1.91121	0.0887909	0.9145756
3411	1	-18.52744	-18.15291	-0.3745352	0.186051	0.990081	0.0099185	1.98016	0.019837	0.9695435
3412	0	-15.66697	-15.30102	-0.3659564	0.119023	0.971327	0.0286731	1.94265	0.0573461	0.9612615
3413	1	-17.39328	-16.99343	-0.3998479	0.516316	0.971981	0.0280192	1.94396	0.0560384	0.9943986
3414	0	-21.92689	-21.64097	-0.2859164	0.151331	0.888877	0.111123	1.77775	0.222247	0.8873208
3415	1	-16.41644	-16.07188	-0.3445575	0.404803	0.977642	0.0223584	1.95528	0.0447169	0.9409102
3416	0	-15.4044	-15.01189	-0.392513	0.300155	0.971407	0.0285933	1.94281	0.0571866	0.9871314
3417	1	-17.65081	-17.36855	-0.2822655	0.392455	0.982809	0.0171912	1.96562	0.0343825	0.8840872
3418	0	-16.91078	-16.54245	-0.3683347	0.2189	0.951853	0.0481468	1.90371	0.0962935	0.9635505
3419	1	-16.78863	-16.52451	-0.2641129	0.2971	0.977957	0.0220428	1.95591	0.0440857	0.8681835
3420	0	-18.9221	-18.5631	-0.3589941	-0.194642	0.979675	0.0203253	1.95935	0.0406506	0.9545922
3421	1	-15.15817	-14.77354	-0.384627	0.237665	0.977835	0.022165	1.95567	0.0443301	0.9793775
3422	0	-16.74355	-16.34725	-0.3962911	0.0354628	0.955377	0.0446228	1.91075	0.0892456	0.990868
3423	1	-17.93351	-17.5456	-0.3879168	0.0710896	0.938219	0.0617811	1.87644	0.123562	0.9826048
3424	0	-16.16873	-15.81633	-0.3523957	0.203177	0.984508	0.0154919	1.96902	0.0309838	0.9483141
3425	1	-17.0638	-16.76148	-0.3023171	-0.0137525	0.973814	0.0261855	1.94763	0.052371	0.9019935
3426	0	-15.90812	-15.5103	-0.3978161	0.276503	0.962641	0.0373588	1.92528	0.0747176	0.9923801
3427	1	-15.47034	-15.10393	-0.3664007	0.143843	0.975192	0.0248076	1.95038	0.0496152	0.9616888
3428	0	-17.5745	-17.17833	-0.3961736	0.50104	0.966036	0.0339645	1.93207	0.0679289	0.9907515
3429	1	-16.88216	-16.54804	-0.334118	0.343335	0.98496	0.0150403	1.96992	0.0300806	0.9311386
3430	0	-19.48233	-19.1031	-0.3792294	-0.0334366	0.922668	0.0773321	1.84534	0.154664	0.9741055
3431	1	-16.12554	-15.73937	-0.3861716	0.221558	0.959896	0.0401044	1.91979	0.0802088	0.9808914
3432	0	-17.31468	-17.0227	-0.2919789	0.0752965	0.958168	0.0418317	1.91634	0.0836634	0.8927165
3433	1	-17.3295	-17.074	-0.255501	0.368129	0.973071	0.0269285	1.94614	0.0538571	0.8607389
3434	0	-16.57132	-16.25112	-0.3201983	0.23782	0.984256	0.0157442	1.96851	0.0314883	0.9182673
3435	1	-16.82715	-16.46527	-0.361873	0.459476	0.976379	0.0236212	1.95276	0.0472425	0.9573443
3436	0	-17.18226	-16.94204	-0.240214	0.194791	0.965654	0.0343461	1.93131	0.0686921	0.8476808
3437	1	-15.60408	-15.23085	-0.3732274	0.143277	0.969839	0.0301612	1.93968	0.0603223	0.9682764
3438	0	-17.2066	-16.94784	-0.2587562	0.114146	0.981125	0.0188752	1.96225	0.0377504	0.8635453
3439	1	-15.74558	-15.39551	-0.3500665	0.315371	0.975476	0.0245245	1.95095	0.049049	0.946108
3440	0	-17.00787	-16.76139	-0.2464787	0.301684	0.975836	0.0241635	1.95167	0.048327	0.8530079
3441	1	-17.91807	-17.54938	-0.3686908	0.488244	0.984539	0.0154607	1.96908	0.0309214	0.9638936
3442	0	-16.14902	-15.81964	-0.3293735	0.183549	0.966682	0.033318	1.93336	0.0666361	0.9267314
3443	1	-17.1202	-16.80054	-0.3196626	0.0172016	0.961279	0.0387212	1.92256	0.0774424	0.9177755
3444	0	-17.01735	-16.69864	-0.3187068	0.0279476	0.982069	0.017931	1.96414	0.0358619	0.9168987
3445	1	-19.5059	-19.34455	-0.1613564	0.365327	0.957752	0.0422484	1.9155	0.0844968	0.7834024
3446	0	-15.47747	-15.10983	-0.3676414	0.258121	0.98089	0.0191101	1.96178	0.0382202	0.9628826
3447	1	-17.72085	-17.53634	-0.1845094	0.184911	0.975875	0.0241249	1.95175	0.0482497	0.8017522
3448	0	-19.39856	-19.0331	-0.3654608	-0.253351	0.967769	0.0322306	1.93554	0.0644613	0.9607853
3449	1	-15.27762	-14.89102	-0.3866022	0.163374	0.980386	0.019614	1.96077	0.039228	0.9813139
3450	0	-16.93748	-16.58876	-0.3487184	0.424287	0.982804	0.0171955	1.96561	0.034391	0.9448334
3451	1	-16.04198	-15.65538	-0.3866022	-0.00729135	0.975236	0.0247638	1.95047	0.0495276	0.9813139
3452	0	-16.83386	-16.49459	-0.3392663	0.120251	0.956708	0.0432923	1.91342	0.0865846	0.9359448
3453	1	-17.3658	-17.00469	-0.361113	0.239585	0.947342	0.0526581	1.89468	0.105316	0.9566171
3454	0	-17.67321	-17.32778	-0.3454368	-0.0626158	0.957189	0.0428112	1.91438	0.0856224	0.9417379
3455	1	-17.61679	-17.25799	-0.3588016	0.11936	0.944067	0.0559334	1.88813	0.111867	0.9544085
3456	0	-18.21836	-18.0076	-0.2107696	0.0130444	0.964766	0.0352336	1.92953	0.0704672	0.8230852
3457	1	-16.45239	-16.10046	-0.3519241	0.29372	0.961651	0.0383489	1.9233	0.0766979	0.9478671
3458	0	-18.26167	-18.01047	-0.251206	0.278565	0.951005	0.0489949	1.90201	0.0979899	0.8570499
3459	1	-15.814	-15.46618	-0.3478209	0.183185	0.981722	0.0182784	1.96344	0.0365568	0.9439857
3460	0	-16.73596	-16.42861	-0.3073529	0.374302	0.979819	0.0201815	1.95964	0.040363	0.9065472
3461	1	-15.72501	-15.36857	-0.356436	0.314471	0.973591	0.026409	1.94718	0.052818	0.9521535
3462	0	-15.59816	-15.22484	-0.3733209	0.338446	0.979426	0.020574	1.95885	0.0411479	0.9683669
3463	1	-20.61996	-20.46049	-0.1594669	-0.096051	0.949509	0.0504906	1.89902	0.100981	0.7819236
3464	0	-15.22052	-14.81925	-0.4012702	0.283521	0.982156	0.0178436	1.96431	0.0356872	0.9958138
3465	1	-21.70551	-21.66809	-0.03741545	0.0622085	0.941632	0.0583679	1.88326	0.116736	0.6920828
3466	0	-16.32736	-15.99261	-0.3347532	0.349757	0.981701	0.0182986	1.9634	0.0365971	0.9317303
3467	1	-18.40433	-18.19067	-0.2136599	-0.0314665	0.971533	0.0284669	1.94307	0.0569339	0.8254677
3468	0	-16.4229	-16.10189	-0.3210091	0.307379	0.967156	0.0328441	1.93431	0.0656883	0.9190121
3469	1	-20.33182	-20.08656	-0.2452678	0.198599	0.920845	0.0791551	1.84169	0.15831	0.8519757
3470	0	-18.5188	-18.28551	-0.233291	0.265876	0.949628	0.0503721	1.89926	0.100744	0.8418326
3471	1	-16.77296	-16.45437	-0.3185812	0.258746	0.960244	0.0397556	1.92049	0.0795112	0.9167835
3472	0	-16.94492	-16.67767	-0.2672542	0.0729678	0.970963	0.0290368	1.94193	0.0580737	0.870915
3473	1	-19.09227	-18.97472	-0.1175422	0.312512	0.970064	0.0299363	1.94013	0.0598727	0.7498194
3474	0	-17.43379	-17.14486	-0.2889329	-0.0215419	0.966851	0.0331487	1.9337	0.0662974	0.8900014
3475	1	-17.1487	-16.92377	-0.2249352	0.16334	0.972316	0.0276844	1.94463	0.0553688	0.8348277
3476	0	-18.9682	-18.64832	-0.3198804	0.538582	0.977685	0.0223153	1.95537	0.0446306	0.9179754
3477	1	-16.36114	-16.05854	-0.3026005	0.308865	0.972441	0.0275592	1.94488	0.0551185	0.9022491
3478	0	-16.95421	-16.68576	-0.2684527	0.314661	0.969096	0.0309041	1.93819	0.0618082	0.8719594
3479	1	-19.90618	-19.64314	-0.2630375	0.372359	0.936901	0.0630989	1.8738	0.126198	0.8672504
3480	0	-16.5642	-16.16563	-0.3985753	0.0104875	0.95943	0.0405699	1.91886	0.0811398	0.9931338
3481	1	-16.23907	-15.87843	-0.3606366	0.174406	0.97009	0.0299098	1.94018	0.0598196	0.9561614
3482	0	-17.19517	-16.80408	-0.3910903	0.15427	0.945829	0.0541705	1.89166	0.108341	0.985728
3483	1	-15.38339	-14.98472	-0.3986719	0.297855	0.970644	0.0293562	1.94129	0.0587125	0.9932299
3484	0	-15.2292	-14.82574	-0.4034693	0.20176	0.970293	0.0297068	1.94059	0.0594135	0.9980062
3485	1	-16.07084	-15.71284	-0.3580044	0.0882455	0.982073	0.0179271	1.96415	0.0358543	0.9536479
3486	0	-15.93521	-15.53039	-0.4048207	0.395152	0.969575	0.030425	1.93915	0.06085	0.9993558
3487	1	-17.95247	-17.64342	-0.3090467	0.117723	0.945279	0.0547207	1.89056	0.109441	0.908084
3488	0	-17.42854	-17.11108	-0.3174531	-0.043855	0.963867	0.0361334	1.92773	0.0722669	0.9157499
3489	1	-15.82094	-15.42584	-0.3950962	0.196804	0.962767	0.0372325	1.92553	0.074465	0.9896847
3490	0	-16.68773	-16.40558	-0.2821481	0.239001	0.966452	0.0335478	1.9329	0.0670955	0.8839834
3491	1	-16.95968	-16.58047	-0.3792148	-0.0959288	0.972272	0.0277284	1.94454	0.0554567	0.9740913
3492	0	-15.54161	-15.16093	-0.38068	0.257155	0.983126	0.0168743	1.96625	0.0337487	0.9755196
3493	1	-16.67265	-16.33164	-0.3410122	0.244219	0.958336	0.0416641	1.91667	0.0833281	0.9375802
3494	0	-15.55604	-15.1813	-0.3747422	0.339453	0.977514	0.0224861	1.95503	0.0449723	0.9697443
3495	1	-17.69643	-17.34657	-0.3498549	0.0427359	0.946942	0.0530581	1.89388	0.106116	0.9459078
3496	0	-17.07387	-16.78233	-0.2915378	0.00649878	0.970485	0.0295154	1.94097	0.0590308	0.8923228
3497	1	-17.052	-16.79918	-0.2528235	0.241815	0.981068	0.0189317	1.96214	0.0378634	0.8584373
3498	0	-17.98284	-17.63819	-0.344648	-0.116329	0.960582	0.0394184	1.92116	0.0788369	0.9409953
3499	1	-16.27705	-15.94898	-0.328071	0.362958	0.975724	0.0242755	1.95145	0.048551	0.925525
3500	0	-16.09649	-15.70038	-0.3961083	0.145607	0.959599	0.0404015	1.9192	0.080803	0.9906868
3501	1	-17.55624	-17.18426	-0.3719769	-0.11494	0.980142	0.0198582	1.96028	0.0397164	0.9670663
3502	0	-16.09554	-15.74961	-0.3459228	0.287625	0.967022	0.0329776	1.93404	0.0659552	0.9421956
3503	1	-15.75539	-15.39671	-0.3586801	0.281971	0.982183	0.0178166	1.96437	0.0356333	0.9542925
3504	0	-18.29425	-17.96174	-0.3325108	0.0483973	0.940312	0.0596877	1.88062	0.119375	0.9296433
3505	1	-15.64824	-15.28956	-0.3586801	0.317719	0.978364	0.021636	1.95673	0.0432719	0.9542925
3506	0	-15.02611	-14.62353	-0.4025836	0.169257	0.978508	0.0214924	1.95702	0.0429849	0.9971227
3507	1	-15.26986	-14.87728	-0.3925801	0.263418	0.981976	0.0180243	1.96395	0.0360486	0.9871977
3508	0	-16.2873	-15.90245	-0.3848435	0.251619	0.958546	0.0414545	1.91709	0.082909	0.9795896
3509	1	-16.96754	-16.70591	-0.2616355	0.310674	0.970182	0.029818	1.94036	0.0596361	0.8660353
3510	0	-16.59012	-16.26611	-0.324008	0.0157918	0.976256	0.0237438	1.95251	0.0474875	0.9217723
3511	1	-17.29843	-17.07837	-0.2200621	0.241776	0.978243	0.0217575	1.95649	0.043515	0.8307694
3512	0	-17.56487	-17.29214	-0.2727356	-0.0151227	0.977274	0.0227259	1.95455	0.0454517	0.8757019
3513	1	-15.80131	-15.41353	-0.3877883	0.121572	0.965322	0.0346784	1.93064	0.0693569	0.9824786
3514	0	-17.57581	-17.26948	-0.3063275	0.444311	0.970159	0.0298407	1.94032	0.0596813	0.9056181
3515	1	-16.2957	-15.95842	-0.3372809	0.043037	0.978174	0.0218256	1.95635	0.0436512	0.9340884
3516	0	-16.34445	-16.0613	-0.2831544	0.238712	0.975124	0.0248755	1.95025	0.049751	0.8848733
3517	1	-16.48967	-16.13703	-0.352636	0.00961641	0.967662	0.0323382	1.93532	0.0646764	0.9485421
3518	0	-18.32157	-18.05182	-0.2697458	0.349713	0.952939	0.0470612	1.90588	0.0941224	0.8730876
3519	1	-15.78096	-15.42832	-0.352636	0.142021	0.980918	0.0190822	1.96184	0.0381645	0.9485421
3520	0	-15.615	-15.24057	-0.3744272	0.165596	0.968718	0.0312823	1.93744	0.0625647	0.9694388
3521	1	-15.86181	-15.46797	-0.3938385	0.0269171	0.97039	0.0296105	1.94078	0.0592209	0.9884408
3522	0	-15.13013	-14.74198	-0.388154	0.247507	0.977017	0.0229831	1.95403	0.0459662	0.9828379
3523	1	-15.74792	-15.39824	-0.3496775	0.296761	0.98021	0.0197903	1.96042	0.0395806	0.94574
3524	0	-17.47203	-17.08072	-0.3913091	0.448541	0.958913	0.0410873	1.91783	0.0821746	0.9859437
3525	1	-15.83513	-15.50562	-0.3295141	0.199859	0.97283	0.0271705	1.94566	0.054341	0.9268616
3526	0	-17.7527	-17.35527	-0.397434	0.51719	0.983401	0.0165993	1.9668	0.0331985	0.992001
3527	1	-18.50208	-18.22787	-0.2742112	-0.116165	0.970047	0.0299528	1.94009	0.0599056	0.876995
3528	0	-17.58213	-17.23217	-0.3499603	0.48612	0.9708	0.0291998	1.9416	0.0583997	0.9460074
3529	1	-17.64024	-17.44687	-0.1933675	0.187262	0.97723	0.0227705	1.95446	0.045541	0.8088857
3530	0	-16.20474	-15.82557	-0.3791739	0.426038	0.975781	0.0242194	1.95156	0.0484387	0.9740514
3531	1	-19.51294	-19.33849	-0.1744533	0.42846	0.979102	0.0208979	1.9582	0.0417958	0.7937301
3532	0	-17.80685	-17.42768	-0.3791739	-0.0653879	0.950727	0.0492725	1.90145	0.098545	0.9740514
3533	1	-18.29651	-17.96571	-0.3308035	-0.139399	0.962513	0.0374873	1.92503	0.0749746	0.9280575
3534	0	-15.59986	-15.24755	-0.3523187	0.214895	0.972594	0.0274064	1.94519	0.0548129	0.9482411
3535	1	-16.29014	-15.89712	-0.3930278	-0.0390361	0.978121	0.0218787	1.95624	0.0437573	0.9876397
3536	0	-15.46656	-15.10883	-0.3577333	0.195481	0.978048	0.0219518	1.9561	0.0439036	0.9533894
3537	1	-16.22399	-15.84362	-0.3803691	0.251666	0.959802	0.0401978	1.9196	0.0803957	0.9752163
3538	0	-15.60524	-15.22364	-0.381605	0.289224	0.969245	0.0307549	1.93849	0.0615097	0.9764223
3539	1	-16.62014	-16.26166	-0.35848	0.409555	0.982763	0.0172372	1.96553	0.0344745	0.9541016
3540	0	-16.58589	-16.23264	-0.3532512	-0.00858668	0.968126	0.0318743	1.93625	0.0637487	0.9491258
3541	1	-16.56549	-16.16386	-0.401622	0.314016	0.955925	0.0440748	1.91185	0.0881497	0.9961643
3542	0	-16.26068	-15.87491	-0.3857766	0.436875	0.975135	0.0248648	1.95027	0.0497296	0.980504
3543	1	-18.56286	-18.1868	-0.3760617	-0.213488	0.970594	0.029406	1.94119	0.0588121	0.9710247
3544	0	-16.56242	-16.18563	-0.3767926	0.183427	0.955148	0.044852	1.9103	0.089704	0.9717346
3545	1	-16.58004	-16.21341	-0.3666303	-0.0450278	0.97414	0.0258601	1.94828	0.0517201	0.9619096
3546	0	-16.99706	-16.66029	-0.336772	0.14216	0.954275	0.0457246	1.90855	0.0914492	0.9336132
3547	1	-16.50163	-16.15043	-0.3511965	0.0791724	0.961649	0.0383512	1.9233	0.0767025	0.9471776
3548	0	-15.90412	-15.57804	-0.3260837	0.282242	0.975606	0.0243942	1.95121	0.0487884	0.9236876
3549	1	-16.40034	-16.0045	-0.3958392	0.319875	0.958772	0.041228	1.91754	0.082456	0.9904203
3550	0	-20.05624	-19.78951	-0.2667351	-0.0458834	0.930528	0.0694715	1.86106	0.138943	0.870463
3551	1	-15.36256	-14.95968	-0.4028798	0.0743052	0.975375	0.0246248	1.95075	0.0492497	0.9974181
3552	0	-17.01551	-16.64147	-0.3740432	0.33791	0.954864	0.0451361	1.90973	0.0902723	0.9690666
3553	1	-15.93612	-15.55782	-0.3783012	0.295381	0.965255	0.0347451	1.93051	0.0694901	0.9732017
3554	0	-16.48563	-16.10686	-0.378768	0.441232	0.980881	0.019119	1.96176	0.038238	0.9736562
3555	1	-18.05852	-17.71681	-0.3417078	0.148043	0.939573	0.0604274	1.87915	0.120855	0.9382327
3556	0	-16.25907	-15.88026	-0.3788058	0.112403	0.985248	0.0147516	1.9705	0.0295033	0.9736929
3557	1	-15.28884	-14.90121	-0.3876261	0.141638	0.974078	0.0259218	1.94816	0.0518437	0.9823192
3558	0	-15.37799	-15.00964	-0.3683433	0.235	0.974416	0.0255839	1.94883	0.0511679	0.9635587
3559	1	-18.78295	-18.44133	-0.341614	0.0715574	0.931247	0.068753	1.86249	0.137506	0.9381446
3560	0	-15.76027	-15.42385	-0.3364159	0.214705	0.979603	0.0203974	1.95921	0.0407947	0.9332808
3561	1	-15.90754	-15.58424	-0.3232945	0.270178	0.977457	0.0225426	1.95491	0.0450852	0.9211148
3562	0	-16.50066	-16.2007	-0.2999586	0.0871383	0.970764	0.0292358	1.94153	0.0584716	0.8998686
3563	1	-17.14769	-16.79266	-0.3550258	0.0624631	0.952878	0.047122	1.90576	0.094244	0.9508116
3564	0	-17.38596	-17.14025	-0.2457119	0.0408691	0.97173	0.02827	1.94346	0.05654	0.8523542
3565	1	-17.39126	-17.06794	-0.3233288	0.124711	0.950959	0.0490406	1.90192	0.0980813	0.9211464
3566	0	-16.72986	-16.40502	-0.3248341	0.136137	0.959541	0.0404593	1.91908	0.0809187	0.922534
3567	1	-15.46217	-15.09876	-0.3634107	0.156992	0.975732	0.0242679	1.95146	0.0485358	0.9588177
3568	0	-19.80609	-19.42229	-0.383793	0.380228	0.923417	0.0765833	1.84683	0.153167	0.978561
3569	1	-15.69719	-15.35563	-0.3415592	0.180474	0.978852	0.0211479	1.9577	0.0422958	0.9380933
3570	0	-17.62756	-17.3797	-0.2478584	0.138324	0.957855	0.0421449	1.91571	0.0842899	0.8541857
3571	1	-15.87931	-15.5208	-0.3585166	0.0630157	0.975438	0.0245617	1.95088	0.0491234	0.9541365
3572	0	-17.13721	-16.90777	-0.2294448	0.262582	0.976866	0.0231339	1.95373	0.0462678	0.838601
3573	1	-16.07092	-15.72382	-0.3471023	0.356636	0.980099	0.0199009	1.9602	0.0398017	0.9433076
3574	0	-18.36243	-18.11642	-0.2460086	-0.0705042	0.972934	0.0270663	1.94587	0.0541325	0.852607
3575	1	-17.3777	-17.08996	-0.2877408	0.229086	0.955513	0.0444873	1.91103	0.0889746	0.8889411
3576	0	-17.81869	-17.57248	-0.2462128	0.0717759	0.982202	0.0177978	1.9644	0.0355956	0.8527812
3577	1	-17.33531	-16.95886	-0.3764481	-0.068084	0.958673	0.0413267	1.91735	0.0826535	0.9713999
3578	0	-19.13164	-18.90656	-0.22508	0.245213	0.941892	0.0581081	1.88378	0.116216	0.8349486
3579	1	-18.15207	-17.76609	-0.3859735	-0.0530351	0.943547	0.0564533	1.88709	0.112907	0.9806971
3580	0	-20.08656	-19.80934	-0.2772251	0.176591	0.919293	0.0807066	1.83859	0.161413	0.8796422
3581	1	-17.36754	-16.97812	-0.3894223	0.102871	0.944682	0.0553176	1.88936	0.110635	0.9840852
3582	0	-16.03649	-15.7185	-0.317991	0.215094	0.970864	0.0291364	1.94173	0.0582729	0.9162426
3583	1	-15.96579	-15.61769	-0.3481018	0.162356	0.982606	0.0173941	1.96521	0.0347883	0.9442509
3584	0	-17.77923	-17.40928	-0.3699487	0.147053	0.940317	0.0596825	1.88063	0.119365	0.9651069
3585	1	-16.52256	-16.23857	-0.2839894	0.15912	0.979593	0.0204072	1.95919	0.0408145	0.8856126
3586	0	-15.74687	-15.3429	-0.4039671	0.29686	0.964806	0.0351938	1.92961	0.0703876	0.9985031
3587	1	-18.57268	-18.29338	-0.2793027	0.141122	0.940202	0.0597979	1.8804	0.119596	0.8814717
3588	0	-15.98817	-15.63933	-0.3488318	0.32664	0.981575	0.0184251	1.96315	0.0368502	0.9449405
3589	1	-15.95184	-15.59766	-0.3541848	0.0635046	0.973314	0.0266857	1.94663	0.0533713	0.9500123
3590	0	-15.88517	-15.54376	-0.341415	0.287486	0.971363	0.0286375	1.94273	0.0572749	0.937958
3591	1	-15.89306	-15.51971	-0.3733478	0.0836913	0.967924	0.0320756	1.93585	0.0641513	0.9683929
3592	0	-16.05028	-15.74203	-0.3082472	0.176816	0.976436	0.0235643	1.95287	0.0471286	0.9073582
3593	1	-16.92937	-16.64652	-0.2828468	0.369671	0.975105	0.0248953	1.95021	0.0497906	0.8846012
3594	0	-16.02472	-15.68695	-0.3377741	0.293357	0.969831	0.0301687	1.93966	0.0603374	0.9345492
3595	1	-16.84198	-16.49614	-0.3458487	0.270032	0.956448	0.0435517	1.9129	0.0871034	0.9421259
3596	0	-16.21559	-15.84221	-0.3733844	0.415062	0.980149	0.0198512	1.9603	0.0397025	0.9684284
3597	1	-16.25634	-15.87473	-0.3816108	0.206216	0.958582	0.041418	1.91716	0.0828361	0.976428
3598	0	-16.03835	-15.71523	-0.323125	0.129689	0.972369	0.0276311	1.94474	0.0552622	0.9209587
3599	1	-17.31592	-16.99871	-0.3172144	0.0178588	0.958461	0.0415391	1.91692	0.0830782	0.9155313
3600	0	-19.59699	-19.3274	-0.2695884	-0.118288	0.947007	0.0529929	1.89401	0.105986	0.8729503
3601	1	-16.51581	-16.17803	-0.3377797	0.229508	0.960454	0.039546	1.92091	0.079092	0.9345544
3602	0	-17.16607	-16.90376	-0.262312	0.0526843	0.977205	0.0227948	1.95441	0.0455897	0.8666214
3603	1	-16.17009	-15.7817	-0.388396	0.415164	0.971411	0.0285892	1.94282	0.0571784	0.9830758
3604	0	-16.15138	-15.78966	-0.3617172	0.395097	0.979589	0.0204108	1.95918	0.0408217	0.9571952
3605	1	-17.45373	-17.17791	-0.2758236	0.393343	0.98058	0.0194198	1.96116	0.0388396	0.8784103
3606	0	-15.41847	-15.02361	-0.3948589	0.0988599	0.972376	0.0276239	1.94475	0.0552479	0.9894498
3607	1	-15.2897	-14.89806	-0.3916378	0.117008	0.978216	0.021784	1.95643	0.0435679	0.9862678
3608	0	-15.49894	-15.10408	-0.3948589	0.355368	0.980876	0.0191242	1.96175	0.0382483	0.9894498
3609	1	-15.29466	-14.91561	-0.3790495	0.201504	0.980297	0.0197027	1.96059	0.0394054	0.9739302
3610	0	-16.8703	-16.517	-0.3532994	0.369887	0.961551	0.0384493	1.9231	0.0768987	0.9491715
3611	1	-18.74722	-18.44719	-0.3000271	-0.157859	0.967226	0.032774	1.93445	0.0655481	0.8999303
3612	0	-19.03911	-18.69082	-0.3482814	0.167372	0.925311	0.0746895	1.85062	0.149379	0.9444206
3613	1	-16.49861	-16.21165	-0.2869658	0.128965	0.970725	0.0292748	1.94145	0.0585497	0.8882524
3614	0	-16.61169	-16.21084	-0.4008556	0.292662	0.954434	0.0455662	1.90887	0.0911325	0.9954011
3615	1	-18.58778	-18.39133	-0.1964471	0.372465	0.964776	0.0352236	1.92955	0.0704471	0.8113807
3616	0	-16.13356	-15.73509	-0.3984703	0.308848	0.961133	0.0388666	1.92227	0.0777332	0.9930296
3617	1	-16.68105	-16.324	-0.3570533	-0.0349873	0.978105	0.0218951	1.95621	0.0437902	0.9527414
3618	0	-19.49368	-19.18404	-0.3096328	0.0403299	0.926211	0.0737888	1.85242	0.147578	0.9086164
3619	1	-18.20775	-17.90965	-0.298092	0.480978	0.971019	0.0289809	1.94204	0.0579618	0.8981905
3620	0	-19.71687	-19.41349	-0.3033759	-0.126479	0.940399	0.0596007	1.8808	0.119201	0.902949
3621	1	-17.63356	-17.40936	-0.2242029	0.352205	0.974498	0.0255016	1.949	0.0510032	0.8342166
3622	0	-17.05763	-16.75399	-0.3036395	0.395851	0.980695	0.0193046	1.96139	0.0386092	0.903187
3623	1	-18.40475	-18.15489	-0.2498585	0.10729	0.985435	0.0145653	1.97087	0.0291306	0.8558959
3624	0	-15.5633	-15.16163	-0.401667	0.148914	0.984177	0.0158226	1.96835	0.0316451	0.9962091
3625	1	-15.96347	-15.56353	-0.3999414	0.411743	0.97226	0.0277405	1.94452	0.055481	0.9944915
3626	0	-16.12539	-15.73105	-0.394348	0.403422	0.969393	0.0306069	1.93879	0.0612138	0.9889445
3627	1	-16.74356	-16.47532	-0.2682361	0.303092	0.97312	0.0268801	1.94624	0.0537602	0.8717706
3628	0	-20.09768	-19.75345	-0.3442239	-0.26246	0.958329	0.0416706	1.91666	0.0833413	0.9405963
3629	1	-18.65001	-18.47233	-0.1776815	0.0530154	0.959649	0.0403511	1.9193	0.0807022	0.7962965
3630	0	-16.9117	-16.56948	-0.3422203	0.0823165	0.985059	0.0149414	1.97012	0.0298828	0.9387137
3631	1	-17.73665	-17.48839	-0.2482574	0.30442	0.959931	0.0400688	1.91986	0.0801376	0.8545265
3632	0	-16.49063	-16.16868	-0.3219496	0.28912	0.964917	0.035083	1.92983	0.0701661	0.9198768
3633	1	-16.36675	-16.05719	-0.3095671	0.125212	0.968205	0.0317946	1.93641	0.0635891	0.9085566
3634	0	-15.25253	-14.86755	-0.3849816	0.180711	0.980252	0.0197481	1.9605	0.0394962	0.9797248
3635	1	-17.71017	-17.35758	-0.3525914	0.221069	0.943445	0.0565551	1.88689	0.11311	0.9484998
3636	0	-16.85899	-16.47703	-0.3819673	-0.0879057	0.971515	0.0284855	1.94303	0.056971	0.9767761
3637	1	-17.10038	-16.70453	-0.3958546	0.236937	0.947161	0.0528394	1.89432	0.105679	0.9904355
3638	0	-20.28151	-19.96317	-0.318334	-0.135488	0.930321	0.0696794	1.86064	0.139359	0.9165569
3639	1	-18.39219	-18.05866	-0.3335333	-0.155402	0.97695	0.0230499	1.9539	0.0460997	0.9305943
3640	0	-16.85079	-16.51911	-0.3316739	-0.00196185	0.980137	0.0198632	1.96027	0.0397264	0.9288656
3641	1	-17.03772	-16.70287	-0.3348529	0.406538	0.966122	0.0338776	1.93224	0.0677552	0.9318232
3642	0	-15.08247	-14.67811	-0.4043654	0.213754	0.981643	0.0183569	1.96329	0.0367138	0.9989009
3643	1	-16.89554	-16.55694	-0.3386034	0.192539	0.955022	0.0449779	1.91004	0.0899558	0.9353246
3644	0	-15.09682	-14.6992	-0.3976261	0.27554	0.979697	0.0203025	1.95939	0.040605	0.9921917
3645	1	-16.244	-15.90307	-0.3409348	0.239342	0.963928	0.0360721	1.92786	0.0721441	0.9375077
3646	0	-17.27623	-16.88095	-0.3952794	-0.0697649	0.957183	0.0428175	1.91437	0.085635	0.989866
3647	1	-17.93409	-17.63527	-0.2988171	0.308505	0.986804	0.0131961	1.97361	0.0263922	0.898842
3648	0	-16.62425	-16.27921	-0.3450383	0.00516999	0.980268	0.0197316	1.96054	0.0394631	0.9413627
3649	1	-16.96019	-16.61811	-0.3420807	0.0303544	0.959258	0.0407417	1.91852	0.0814833	0.9385826
3650	0	-16.99705	-16.60431	-0.3927396	0.181793	0.948094	0.0519056	1.89619	0.103811	0.9873551
3651	1	-18.79408	-18.41695	-0.377131	-0.0102982	0.93154	0.0684605	1.86308	0.136921	0.9720635
3652	0	-15.71876	-15.3308	-0.3879581	0.0369768	0.976695	0.0233046	1.95339	0.0466091	0.9826453
3653	1	-16.4316	-16.12923	-0.302369	0.0828378	0.973314	0.0266862	1.94663	0.0533724	0.9020403
3654	0	-18.97042	-18.63504	-0.3353778	-0.130575	0.983614	0.0163863	1.96723	0.0327727	0.9323124
3655	1	-15.89725	-15.53709	-0.3601618	0.0706499	0.979203	0.0207971	1.95841	0.0415942	0.9557076
3656	0	-15.62998	-15.28269	-0.3472899	0.272516	0.977959	0.0220405	1.95592	0.0440811	0.9434846
3657	1	-16.6037	-16.26792	-0.3357862	0.0539698	0.964002	0.0359979	1.928	0.0719959	0.9326933
3658	0	-16.87519	-16.48263	-0.3925533	-0.012895	0.957582	0.0424178	1.91516	0.0848356	0.9871712
3659	1	-18.20505	-17.89425	-0.3108002	0.304516	0.945446	0.054554	1.89089	0.109108	0.9096777
3660	0	-16.18125	-15.78382	-0.3974256	0.262271	0.958863	0.0411372	1.91773	0.0822743	0.9919927
3661	1	-18.18288	-17.89778	-0.2851032	-0.0540416	0.957916	0.0420845	1.91583	0.0841689	0.8865995
3662	0	-17.80784	-17.56147	-0.2463763	0.314615	0.96003	0.0399701	1.92006	0.0799403	0.8529206
3663	1	-16.25163	-15.93461	-0.3170183	0.129352	0.968721	0.0312794	1.93744	0.0625588	0.9153518
3664	0	-16.73437	-16.35325	-0.3811149	0.147326	0.952814	0.0471859	1.90563	0.0943718	0.9759439
3665	1	-16.21676	-15.89761	-0.3191534	0.335268	0.977622	0.0223779	1.95524	0.0447559	0.9173082
3666	0	-18.57477	-18.21777	-0.3570009	-0.159499	0.981186	0.0188141	1.96237	0.0376281	0.9526914
3667	1	-18.79388	-18.40851	-0.385372	-0.0242687	0.931672	0.068328	1.86334	0.136656	0.9801074
3668	0	-15.28744	-14.89584	-0.3915982	0.303533	0.974231	0.0257687	1.94846	0.0515375	0.9862288
3669	1	-15.54808	-15.16373	-0.3843446	0.175727	0.96814	0.03186	1.93628	0.06372	0.979101
3670	0	-17.1294	-16.73449	-0.3949114	0.00671701	0.952102	0.0478983	1.9042	0.0957966	0.9895018
3671	1	-17.30734	-17.07814	-0.2291913	0.122914	0.977968	0.0220317	1.95594	0.0440634	0.8383884
3672	0	-17.12212	-16.76393	-0.3581976	0.216272	0.987622	0.0123779	1.97524	0.0247558	0.9538322
3673	1	-17.46228	-17.16355	-0.298735	0.440922	0.976283	0.0237173	1.95257	0.0474345	0.8987682
3674	0	-15.78138	-15.42317	-0.3582142	0.34119	0.978858	0.0211422	1.95772	0.0422845	0.9538481
3675	1	-17.06916	-16.76747	-0.3016901	0.204652	0.957361	0.0426385	1.91472	0.085277	0.9014281
3676	0	-15.17142	-14.77375	-0.3976641	0.301325	0.979919	0.0200806	1.95984	0.0401611	0.9922294
3677	1	-18.16351	-17.83281	-0.3306928	0.126126	0.939671	0.060329	1.87934	0.120658	0.9279548
3678	0	-15.59649	-15.24744	-0.3490578	0.180177	0.978478	0.0215215	1.95696	0.043043	0.945154
3679	1	-16.65847	-16.26788	-0.3905987	-0.0791774	0.972635	0.0273647	1.94527	0.0547294	0.9852435
3680	0	-15.60483	-15.21175	-0.393074	0.125344	0.967508	0.0324921	1.93502	0.0649842	0.9876854
3681	1	-16.17713	-15.86575	-0.3113835	0.307839	0.975292	0.024708	1.95058	0.049416	0.9102084
3682	0	-17.84328	-17.44749	-0.3957891	0.460427	0.955902	0.0440977	1.9118	0.0881954	0.9903706
3683	1	-15.2772	-14.88683	-0.3903631	0.188794	0.971723	0.028277	1.94345	0.0565541	0.9850115
3684	0	-15.91691	-15.51722	-0.3996955	0.26567	0.961995	0.0380052	1.92399	0.0760104	0.9942471
3685	1	-19.46415	-19.0626	-0.4015516	-0.216467	0.95685	0.0431496	1.9137	0.0862993	0.9960941
3686	0	-15.13096	-14.74194	-0.389018	0.256387	0.978227	0.0217728	1.95645	0.0435455	0.9836874
3687	1	-15.36836	-14.99159	-0.3767683	0.291875	0.975315	0.0246848	1.95063	0.0493696	0.971711
3688	0	-15.59621	-15.2245	-0.3717098	0.277384	0.982368	0.017632	1.96474	0.035264	0.966808
3689	1	-16.66756	-16.28185	-0.3857117	0.469969	0.97855	0.0214501	1.9571	0.0429001	0.9804404
3690	0	-15.55028	-15.16853	-0.3817443	0.26245	0.969033	0.0309671	1.93807	0.0619342	0.9765584
3691	1	-16.49111	-16.11074	-0.3803723	0.072179	0.958555	0.0414451	1.91711	0.0828903	0.9752194
3692	0	-15.68649	-15.31551	-0.3709835	0.254737	0.968261	0.0317391	1.93652	0.0634781	0.9661061
3693	1	-16.23416	-15.86402	-0.370143	0.362804	0.966908	0.0330916	1.93382	0.0661832	0.9652944
3694	0	-17.81776	-17.44943	-0.3683314	0.506097	0.968657	0.0313435	1.93731	0.062687	0.9635473
3695	1	-16.38932	-16.0248	-0.3645226	0.178709	0.958704	0.0412964	1.91741	0.0825927	0.9598844
3696	0	-17.14432	-16.75938	-0.3849329	0.495868	0.973714	0.026286	1.94743	0.052572	0.9796771
3697	1	-16.24628	-15.85762	-0.3886587	-0.0311368	0.972553	0.0274474	1.94511	0.0548948	0.9833341
3698	0	-17.51558	-17.16553	-0.3500485	0.440955	0.962624	0.0373761	1.92525	0.0747521	0.9460909
3699	1	-16.94096	-16.60774	-0.3332266	-0.0417612	0.972705	0.0272952	1.94541	0.0545903	0.930309
3700	0	-18.14168	-17.89057	-0.2511043	-0.0577279	0.971771	0.0282286	1.94354	0.0564571	0.8569628
3701	1	-15.33321	-14.9641	-0.3691115	0.195116	0.976632	0.0233684	1.95326	0.0467368	0.9642992
3702	0	-18.50986	-18.35956	-0.1502987	0.0846818	0.973595	0.0264053	1.94719	0.0528106	0.7747876
3703	1	-15.72852	-15.38178	-0.3467466	0.134151	0.973961	0.0260388	1.94792	0.0520776	0.9429722
3704	0	-23.49573	-23.3366	-0.159124	0.0779914	0.886155	0.113845	1.77231	0.227689	0.7816555
3705	1	-17.58013	-17.25451	-0.3256162	0.434975	0.964537	0.035463	1.92907	0.0709261	0.9232558
3706	0	-19.0397	-18.89328	-0.1464126	0.0106723	0.971081	0.0289185	1.94216	0.057837	0.7717825
3707	1	-16.07004	-15.70605	-0.3639934	0.35181	0.982828	0.0171724	1.96566	0.0343449	0.9593765
3708	0	-17.16401	-16.79907	-0.3649394	0.0804103	0.950704	0.049296	1.90141	0.0985921	0.9602845
3709	1	-16.21156	-15.84843	-0.3631275	0.0123837	0.971536	0.0284637	1.94307	0.0569273	0.9585461
3710	0	-21.60073	-21.23886	-0.3618765	-0.113895	0.898446	0.101554	1.79689	0.203107	0.9573477
3711	1	-15.58633	-15.21361	-0.372726	0.275895	0.982424	0.017576	1.96485	0.0351519	0.967791
3712	0	-18.4419	-18.09024	-0.351658	-0.121561	0.952293	0.0477068	1.90459	0.0954136	0.9476149
3713	1	-15.45164	-15.07995	-0.3716955	0.287938	0.980265	0.0197348	1.96053	0.0394695	0.9667942
3714	0	-17.81955	-17.50547	-0.3140826	-0.0437801	0.982266	0.0177338	1.96453	0.0354676	0.9126686
3715	1	-16.8025	-16.42275	-0.3797543	0.0655899	0.954668	0.0453317	1.90934	0.0906633	0.9746169
3716	0	-16.9558	-16.61324	-0.3425587	0.118928	0.954694	0.0453057	1.90939	0.0906114	0.9390314
3717	1	-18.68377	-18.45975	-0.2240189	-0.0271449	0.957787	0.0422135	1.91557	0.084427	0.8340631
3718	0	-20.84323	-20.58784	-0.2553817	0.299909	0.91808	0.0819199	1.83616	0.16384	0.8606362
3719	1	-17.23877	-16.90628	-0.3324837	-0.00254098	0.959254	0.0407463	1.91851	0.0814926	0.9296181
3720	0	-16.86989	-16.59397	-0.2759283	0.230032	0.982344	0.0176559	1.96469	0.0353118	0.8785022
3721	1	-18.3821	-18.21091	-0.1711829	0.250188	0.980867	0.0191332	1.96173	0.0382664	0.7911386
3722	0	-21.48396	-21.28044	-0.203525	0.401679	0.930768	0.0692321	1.86154	0.138464	0.8171439
3723	1	-16.25933	-15.88234	-0.3769865	0.0309205	0.965295	0.0347048	1.93059	0.0694097	0.9719231
3724	0	-17.20417	-16.95896	-0.2452122	0.112312	0.97916	0.0208403	1.95832	0.0416806	0.8519283
3725	1	-16.44365	-16.16192	-0.2817294	0.235623	0.971366	0.0286339	1.94273	0.0572679	0.8836133
3726	0	-17.51349	-17.15181	-0.3616821	0.500319	0.978674	0.0213262	1.95735	0.0426524	0.9571617
3727	1	-16.46209	-16.10608	-0.3560115	0.166749	0.958805	0.041195	1.91761	0.0823901	0.9517493
3728	0	-16.42922	-16.06074	-0.3684799	0.434051	0.97565	0.0243497	1.9513	0.0486994	0.9636904
3729	1	-18.20933	-17.82766	-0.3816679	0.137766	0.933411	0.0665892	1.86682	0.133178	0.9764837
3730	0	-16.98026	-16.71403	-0.2662359	0.25665	0.981906	0.0180939	1.96381	0.0361878	0.8700286
3731	1	-17.13979	-16.81085	-0.328943	0.397449	0.964455	0.0355448	1.92891	0.0710895	0.9263324
3732	0	-16.24557	-15.88951	-0.3560651	0.21823	0.961662	0.0383377	1.92332	0.0766754	0.9518004
3733	1	-15.81626	-15.42346	-0.3928012	0.244095	0.985447	0.0145532	1.97089	0.0291063	0.987416
3734	0	-17.66887	-17.38551	-0.2833603	0.243779	0.985941	0.0140595	1.97188	0.028119	0.8850556
3735	1	-16.10591	-15.78482	-0.3210842	0.320457	0.976428	0.0235719	1.95286	0.0471438	0.9190811
3736	0	-16.79831	-16.475	-0.3233151	0.0424699	0.981799	0.0182005	1.9636	0.0364011	0.9211337
3737	1	-19.71406	-19.3493	-0.3647551	0.122929	0.913551	0.0864487	1.8271	0.172897	0.9601075
3738	0	-15.54463	-15.18297	-0.3616631	0.236228	0.981076	0.0189243	1.96215	0.0378487	0.9571434
3739	1	-15.62836	-15.22681	-0.4015517	0.0423777	0.972198	0.0278021	1.9444	0.0556042	0.9960942
3740	0	-16.32501	-15.96172	-0.3632819	0.407487	0.97247	0.0275303	1.94494	0.0550605	0.9586941
3741	1	-17.6821	-17.38243	-0.299674	0.439813	0.968785	0.0312148	1.93757	0.0624296	0.8996125
3742	0	-15.51545	-15.15208	-0.3633706	0.166489	0.972877	0.0271229	1.94575	0.0542458	0.9587792
3743	1	-15.44856	-15.05191	-0.3966517	0.21158	0.967753	0.0322468	1.93551	0.0644937	0.9912253
3744	0	-16.85858	-16.54359	-0.3149867	0.38544	0.981398	0.0186022	1.9628	0.0372044	0.9134941
3745	1	-15.91783	-15.5646	-0.3532364	0.127033	0.968273	0.0317274	1.93655	0.0634548	0.9491118
3746	0	-16.81635	-16.4404	-0.37595	0.266946	0.953423	0.0465769	1.90685	0.0931538	0.9709162
3747	1	-19.08622	-18.74819	-0.3380332	0.114495	0.926107	0.0738934	1.85221	0.147787	0.9347913
3748	0	-17.79294	-17.43066	-0.3622778	0.0504739	0.943779	0.0562213	1.88756	0.112443	0.9577319
3749	1	-18.76261	-18.49141	-0.2712091	0.00703089	0.944522	0.0554777	1.88904	0.110955	0.8743662
3750	0	-15.69833	-15.3605	-0.3378302	0.181128	0.975701	0.0242988	1.9514	0.0485975	0.9346016
3751	1	-18.68057	-18.44719	-0.233379	0.239838	0.946362	0.0536376	1.89272	0.107275	0.8419067
3752	0	-16.17834	-15.86345	-0.314884	0.133506	0.970627	0.0293732	1.94125	0.0587463	0.9134002
3753	1	-15.46785	-15.11105	-0.3567951	0.240182	0.976256	0.0237443	1.95251	0.0474887	0.9524954
3754	0	-15.75676	-15.40938	-0.347382	0.184823	0.970475	0.0295249	1.94095	0.0590498	0.9435715
3755	1	-17.75082	-17.36142	-0.3893986	0.270231	0.940747	0.0592529	1.88149	0.118506	0.9840619
3756	0	-16.35169	-15.98972	-0.3619704	0.0226304	0.966985	0.033015	1.93397	0.06603	0.9574376
3757	1	-15.46486	-15.07858	-0.3862835	0.256057	0.969532	0.0304683	1.93906	0.0609366	0.9810012
3758	0	-16.33637	-15.99516	-0.3412153	0.329455	0.983303	0.0166971	1.96661	0.0333941	0.9377707
3759	1	-16.53997	-16.18756	-0.3524041	0.42319	0.974438	0.0255623	1.94888	0.0511246	0.9483222
3760	0	-15.98076	-15.61527	-0.3654946	0.0396686	0.972741	0.0272594	1.94548	0.0545188	0.9608178
3761	1	-16.118	-15.72777	-0.3902276	0.152703	0.985926	0.0140737	1.97185	0.0281474	0.984878
3762	0	-15.63669	-15.28999	-0.3467016	0.177361	0.978726	0.0212738	1.95745	0.0425476	0.9429297
3763	1	-16.3148	-15.99052	-0.3242855	0.319065	0.969209	0.0307911	1.93842	0.0615822	0.922028
3764	0	-16.25409	-15.9017	-0.3523866	0.251811	0.962617	0.0373835	1.92523	0.0747669	0.9483056
3765	1	-16.8232	-16.57384	-0.2493566	0.190856	0.977429	0.0225707	1.95486	0.0451415	0.8554663
3766	0	-15.579	-15.19272	-0.3862772	0.281179	0.968621	0.031379	1.93724	0.0627581	0.980995
3767	1	-15.79375	-15.43666	-0.3570955	0.0910808	0.978478	0.0215221	1.95696	0.0430443	0.9527816
3768	0	-16.45592	-16.15333	-0.3025946	0.138355	0.967267	0.0327333	1.93453	0.0654667	0.9022438
3769	1	-15.49155	-15.10676	-0.3847857	0.339528	0.98011	0.0198899	1.96022	0.0397799	0.9795329
3770	0	-15.14848	-14.74636	-0.4021145	0.140397	0.974239	0.025761	1.94848	0.051522	0.996655
3771	1	-17.28586	-16.9276	-0.3582597	-0.049666	0.959855	0.0401445	1.91971	0.0802891	0.9538914
3772	0	-17.57184	-17.18604	-0.3857988	0.210302	0.941667	0.0583326	1.88333	0.116665	0.9805258
3773	1	-16.54651	-16.15069	-0.3958243	0.45131	0.97037	0.0296298	1.94074	0.0592597	0.9904055
3774	0	-15.64357	-15.27109	-0.3724746	0.0943254	0.979506	0.0204943	1.95901	0.0409886	0.9675478
3775	1	-16.07944	-15.71685	-0.3625917	0.193879	0.963019	0.0369808	1.92604	0.0739615	0.9580326
3776	0	-15.37712	-15.00497	-0.3721513	0.253427	0.980239	0.0197613	1.96048	0.0395226	0.967235
3777	1	-15.85501	-15.45415	-0.400861	0.0196348	0.970066	0.029934	1.94013	0.0598681	0.9954065
3778	0	-17.32449	-16.94975	-0.3747311	-0.104903	0.9795	0.0204999	1.959	0.0409997	0.9697335
3779	1	-17.53673	-17.25888	-0.2778444	0.00146226	0.979737	0.0202635	1.95947	0.040527	0.8801872
3780	0	-16.08396	-15.73519	-0.3487673	0.206883	0.964743	0.0352569	1.92949	0.0705137	0.9448796
3781	1	-16.92746	-16.57219	-0.3552712	-0.0626888	0.976898	0.0231016	1.9538	0.0462031	0.951045
3782	0	-16.64001	-16.33267	-0.3073459	0.276368	0.964348	0.035652	1.9287	0.0713041	0.9065408
3783	1	-18.4421	-18.19009	-0.2520114	0.312871	0.985932	0.0140675	1.97186	0.028135	0.8577405
3784	0	-17.46348	-17.15933	-0.3041511	-0.0567541	0.970162	0.0298385	1.94032	0.0596769	0.9036493
3785	1	-18.71782	-18.46013	-0.2576888	0.205437	0.941447	0.0585526	1.88289	0.117105	0.8626241
3786	0	-16.94736	-16.67344	-0.2739148	0.352212	0.973323	0.026677	1.94665	0.0533539	0.8767351
3787	1	-17.62249	-17.29521	-0.3272767	0.0890966	0.948445	0.0515547	1.89689	0.103109	0.9247902
3788	0	-16.49474	-16.20664	-0.2881045	0.243648	0.980713	0.0192872	1.96143	0.0385743	0.8892644
3789	1	-19.21353	-19.09996	-0.1135695	0.310273	0.967689	0.0323112	1.93538	0.0646223	0.7468465
3790	0	-17.38217	-17.13134	-0.2508284	0.321942	0.966115	0.0338854	1.93223	0.0677708	0.8567264
3791	1	-19.62958	-19.51218	-0.1173947	0.375298	0.970639	0.0293614	1.94128	0.0587227	0.7497088
3792	0	-17.65298	-17.42482	-0.2281642	0.203727	0.960354	0.0396462	1.92071	0.0792924	0.8375277
3793	1	-18.6552	-18.53071	-0.1244916	0.172311	0.974638	0.0253616	1.94928	0.0507233	0.7550484
3794	0	-16.71303	-16.41572	-0.2973024	0.0694564	0.968102	0.0318979	1.9362	0.0637958	0.8974816
3795	1	-15.89767	-15.56631	-0.3313668	0.298824	0.977835	0.0221648	1.95567	0.0443297	0.9285804
3796	0	-16.65251	-16.35521	-0.2973024	0.0642978	0.977863	0.022137	1.95573	0.0442739	0.8974816
3797	1	-17.28361	-16.96889	-0.3147245	0.141588	0.953109	0.0468911	1.90622	0.0937823	0.9132545
3798	0	-15.95601	-15.64027	-0.3157445	0.243377	0.974885	0.0251153	1.94977	0.0502305	0.9141866
3799	1	-16.27407	-15.92304	-0.3510208	0.341306	0.967216	0.0327844	1.93443	0.0655688	0.9470112
3800	0	-18.69878	-18.46168	-0.2370942	0.0667383	0.946731	0.0532693	1.89346	0.106539	0.8450403
3801	1	-19.82795	-19.60228	-0.2256618	-0.0138241	0.937637	0.0623626	1.87527	0.124725	0.8354345
3802	0	-19.54625	-19.41529	-0.130958	0.0100991	0.959982	0.0400182	1.91996	0.0800364	0.7599466
3803	1	-20.37236	-20.05027	-0.3220897	-0.256235	0.955891	0.0441087	1.91178	0.0882173	0.9200057
3804	0	-18.4813	-18.34356	-0.1377406	0.208459	0.967553	0.0324469	1.93511	0.0648937	0.7651186
3805	1	-17.02019	-16.73795	-0.2822472	0.354592	0.98063	0.0193702	1.96126	0.0387405	0.884071
3806	0	-19.26718	-19.17281	-0.0943644	0.275669	0.971184	0.0288156	1.94237	0.0576311	0.7326401
3807	1	-16.63802	-16.32517	-0.3128577	0.351023	0.981581	0.0184192	1.96316	0.0368384	0.9115513
3808	0	-17.68046	-17.46351	-0.2169473	0.0669375	0.97626	0.0237401	1.95252	0.0474802	0.8281858
3809	1	-16.272	-15.95914	-0.3128577	0.173642	0.967598	0.0324018	1.9352	0.0648037	0.9115513
3810	0	-15.54998	-15.16986	-0.3801253	0.0944859	0.97311	0.0268897	1.94622	0.0537794	0.9749786
3811	1	-15.05191	-14.65105	-0.4008577	0.163078	0.978044	0.0219559	1.95609	0.0439118	0.9954032
3812	0	-18.70402	-18.35781	-0.3462138	0.16682	0.930239	0.069761	1.86048	0.139522	0.9424699
3813	1	-16.88812	-16.56882	-0.319296	0.412714	0.973262	0.026738	1.94652	0.053476	0.9174391
3814	0	-18.93519	-18.57334	-0.3618525	0.0624036	0.927073	0.0729273	1.85415	0.145855	0.9573247
3815	1	-15.36785	-14.99221	-0.3756381	0.247487	0.973013	0.0269869	1.94603	0.0539738	0.9706134
3816	0	-15.42003	-15.05793	-0.3621003	0.225585	0.978801	0.0211994	1.9576	0.0423989	0.957562
3817	1	-15.02993	-14.62485	-0.4050846	0.291897	0.977906	0.0220944	1.95581	0.0441889	0.9996196
3818	0	-15.81194	-15.46471	-0.3472316	0.325786	0.97735	0.0226503	1.9547	0.0453006	0.9434296
3819	1	-17.3508	-16.98246	-0.3683337	0.398916	0.956895	0.0431052	1.91379	0.0862103	0.9635495
3820	0	-17.00336	-16.66204	-0.3413254	0.418031	0.967222	0.032778	1.93444	0.065556	0.9378739
3821	1	-15.73711	-15.35919	-0.3779197	0.309887	0.98331	0.0166899	1.96662	0.0333798	0.9728305
3822	0	-18.1905	-17.94105	-0.2494511	0.412433	0.966038	0.033962	1.93208	0.067924	0.8555472
3823	1	-16.10353	-15.76453	-0.3390015	0.0938701	0.9803	0.0196996	1.9606	0.0393991	0.935697
3824	0	-16.01785	-15.65821	-0.3596413	0.380047	0.975694	0.0243057	1.95139	0.0486114	0.9552102
3825	1	-17.84325	-17.52093	-0.3223242	0.262618	0.946388	0.0536117	1.89278	0.107223	0.9202215
3826	0	-15.05149	-14.64775	-0.4037386	0.150046	0.977464	0.0225363	1.95493	0.0450725	0.998275
3827	1	-17.67749	-17.46468	-0.2128194	0.245253	0.96396	0.0360399	1.92792	0.0720798	0.8247741
3828	0	-16.64013	-16.27509	-0.3650371	0.384378	0.964354	0.0356464	1.92871	0.0712928	0.9603783
3829	1	-18.40941	-18.26125	-0.1481562	0.136219	0.976055	0.0239449	1.95211	0.0478897	0.7731293
3830	0	-16.03947	-15.72935	-0.3101156	0.258017	0.976937	0.0230635	1.95387	0.0461269	0.9090552
3831	1	-20.63037	-20.52474	-0.1056338	0.0846249	0.983309	0.0166906	1.96662	0.0333811	0.7409432
3832	0	-15.57314	-15.1727	-0.4004402	0.341858	0.970327	0.0296733	1.94065	0.0593466	0.9949877
3833	1	-18.59824	-18.47368	-0.1245618	0.190019	0.971486	0.0285143	1.94297	0.0570285	0.7551014
3834	0	-15.54062	-15.14018	-0.4004402	0.361635	0.972838	0.0271624	1.94568	0.0543248	0.9949877
3835	1	-16.35251	-16.00226	-0.3502518	0.123597	0.961973	0.0380273	1.92395	0.0760546	0.9462833
3836	0	-19.7973	-19.52072	-0.2765786	-0.204764	0.97109	0.0289104	1.94218	0.0578208	0.8790737
3837	1	-15.82769	-15.43905	-0.3886385	0.164793	0.963671	0.036329	1.92734	0.072658	0.9833142
3838	0	-16.26771	-15.93617	-0.3315336	0.312964	0.968205	0.0317952	1.93641	0.0635903	0.9287353
3839	1	-16.46544	-16.17784	-0.2875991	0.197783	0.968847	0.0311526	1.93769	0.0623053	0.8888152
3840	0	-16.86567	-16.46331	-0.4023595	0.0546989	0.951999	0.0480007	1.904	0.0960014	0.9968993
3841	1	-16.87478	-16.54506	-0.3297237	0.0823024	0.958879	0.0411213	1.91776	0.0822427	0.9270559
3842	0	-15.3952	-14.99156	-0.4036314	0.0868724	0.972139	0.0278612	1.94428	0.0557224	0.998168
3843	1	-19.75224	-19.54679	-0.2054473	0.453905	0.961206	0.0387943	1.92241	0.0775885	0.8187162
3844	0	-16.64214	-16.24284	-0.3992967	0.213165	0.952097	0.0479029	1.90419	0.0958057	0.9938505
3845	1	-16.64341	-16.3742	-0.2692084	0.142144	0.97169	0.0283099	1.94338	0.0566197	0.8726186
3846	0	-15.83768	-15.44977	-0.3879093	0.20702	0.963342	0.0366575	1.92668	0.0733151	0.9825974
3847	1	-18.5089	-18.17419	-0.3347064	-0.133519	0.981193	0.0188073	1.96239	0.0376145	0.9316867
3848	0	-17.34691	-17.04565	-0.3012655	0.240474	0.954441	0.0455588	1.90888	0.0911175	0.9010454
3849	1	-15.68246	-15.29406	-0.3884007	0.0826996	0.969358	0.0306425	1.93872	0.0612849	0.9830804
3850	0	-17.06697	-16.78186	-0.2851119	0.246739	0.960525	0.0394747	1.92105	0.0789495	0.8866072
3851	1	-15.68016	-15.32692	-0.3532416	0.186251	0.981099	0.018901	1.9622	0.037802	0.9491167
3852	0	-15.33532	-14.95946	-0.3758641	0.287309	0.977754	0.022246	1.95551	0.044492	0.9708328
3853	1	-16.32212	-16.01696	-0.3051554	0.0978868	0.974044	0.025956	1.94809	0.0519121	0.9045572
3854	0	-16.04888	-15.64567	-0.4032076	0.180043	0.959051	0.0409492	1.9181	0.0818984	0.997745
3855	1	-16.92828	-16.55409	-0.3741961	0.229376	0.951221	0.0487793	1.90244	0.0975585	0.9692148
3856	0	-17.17547	-16.87513	-0.3003336	-0.0166366	0.969407	0.030593	1.93881	0.061186	0.9002061
3857	1	-15.5959	-15.20866	-0.3872459	0.261664	0.967568	0.0324319	1.93514	0.0648637	0.9819458
3858	0	-15.3032	-14.91955	-0.3836548	0.159109	0.973591	0.0264091	1.94718	0.0528182	0.9784258
3859	1	-17.34285	-16.94601	-0.3968373	0.44165	0.958799	0.0412012	1.9176	0.0824024	0.9914093
3860	0	-17.33191	-16.97476	-0.3571494	0.0255869	0.952252	0.0477477	1.9045	0.0954955	0.9528329
3861	1	-16.94152	-16.58514	-0.3563881	0.263665	0.953822	0.0461784	1.90764	0.0923568	0.9521078
3862	0	-15.16171	-14.76751	-0.3942	0.163604	0.974539	0.0254615	1.94908	0.0509229	0.9887981
3863	1	-17.34086	-17.04682	-0.2940391	0.414654	0.970848	0.0291524	1.9417	0.0583048	0.8945576
3864	0	-15.18429	-14.8011	-0.3831995	0.239931	0.978667	0.0213335	1.95733	0.0426669	0.9779804
3865	1	-15.54977	-15.19364	-0.3561275	0.284185	0.976964	0.0230362	1.95393	0.0460724	0.9518597
3866	0	-16.83737	-16.54493	-0.2924394	0.370082	0.978291	0.0217089	1.95658	0.0434179	0.8931277
3867	1	-15.34193	-14.94666	-0.3952693	0.0924619	0.976911	0.0230886	1.95382	0.0461772	0.989856
3868	0	-17.7016	-17.46085	-0.2407508	0.244464	0.983631	0.0163692	1.96726	0.0327384	0.848136
3869	1	-17.20328	-16.89019	-0.3130882	0.140962	0.954412	0.0455882	1.90882	0.0911765	0.9117615
3870	0	-19.24069	-19.06045	-0.1802354	0.128306	0.946034	0.0539659	1.89207	0.107932	0.7983328
3871	1	-18.58688	-18.34362	-0.2432596	0.426408	0.964005	0.0359948	1.92801	0.0719897	0.8502665
3872	0	-16.07787	-15.7601	-0.3177684	0.132132	0.972807	0.0271929	1.94561	0.0543857	0.9160387
3873	1	-16.70172	-16.43434	-0.2673787	0.29195	0.977313	0.0226869	1.95463	0.0453738	0.8710234
3874	0	-17.1265	-16.82371	-0.3027895	0.414551	0.978534	0.021466	1.95707	0.042932	0.9024197
3875	1	-17.43539	-17.05767	-0.3777279	0.17465	0.943928	0.0560718	1.88786	0.112144	0.972644
3876	0	-16.31616	-15.9756	-0.3405647	0.0834767	0.981984	0.0180164	1.96397	0.0360328	0.9371608
3877	1	-16.49582	-16.1777	-0.3181217	0.182735	0.963061	0.0369385	1.92612	0.073877	0.9163623
3878	0	-15.64642	-15.28814	-0.3582763	0.286766	0.97259	0.0274101	1.94518	0.0548202	0.9539073
3879	1	-21.21915	-20.85564	-0.3635179	0.0451028	0.891126	0.108874	1.78225	0.217748	0.9589204
3880	0	-15.9271	-15.58876	-0.3383347	0.2976	0.97191	0.0280896	1.94382	0.0561793	0.9350733
3881	1	-15.95795	-15.62329	-0.3346617	0.186648	0.969036	0.0309641	1.93807	0.0619282	0.931645
3882	0	-15.23206	-14.84167	-0.3903887	0.302819	0.976541	0.0234594	1.95308	0.0469188	0.9850366
3883	1	-17.514	-17.14654	-0.3674584	0.0348919	0.986879	0.0131211	1.97376	0.0262421	0.9627065
3884	0	-16.67181	-16.41217	-0.2596436	0.251207	0.976032	0.023968	1.95206	0.047936	0.8643119
3885	1	-15.9746	-15.60407	-0.3705373	0.112438	0.983384	0.0166164	1.96677	0.0332329	0.9656751
3886	0	-15.66039	-15.27725	-0.3831421	0.110142	0.968794	0.031206	1.93759	0.0624119	0.9779243
3887	1	-19.13289	-18.73026	-0.4026301	0.310282	0.923704	0.0762958	1.84741	0.152592	0.997169
3888	0	-18.55754	-18.19157	-0.3659721	-0.204669	0.972449	0.0275512	1.9449	0.0551024	0.9612767
3889	1	-17.04301	-16.71222	-0.3307916	-0.0426761	0.969485	0.030515	1.93897	0.06103	0.9280464
3890	0	-15.67871	-15.30168	-0.3770307	0.109068	0.981653	0.0183466	1.96331	0.0366933	0.9719661
3891	1	-16.32722	-15.94365	-0.3835689	-0.0344888	0.972507	0.0274928	1.94501	0.0549856	0.9783417
3892	0	-16.03258	-15.66851	-0.3640653	0.31591	0.966913	0.0330871	1.93383	0.0661742	0.9594454
3893	1	-18.89495	-18.56352	-0.3314304	0.036564	0.988335	0.0116649	1.97667	0.0233299	0.9286394
3894	0	-16.38981	-16.02688	-0.3629328	0.0174621	0.981247	0.0187529	1.96249	0.0375058	0.9583595
3895	1	-17.20781	-16.82703	-0.3807896	0.162711	0.946597	0.0534026	1.89319	0.106805	0.9756265
3896	0	-17.60747	-17.23335	-0.374123	0.359434	0.949528	0.0504724	1.89906	0.100945	0.9691439
3897	1	-15.33742	-14.96062	-0.3767987	0.284484	0.979124	0.0208765	1.95825	0.0417529	0.9717405
3898	0	-16.40823	-16.0278	-0.3804308	-0.0405395	0.976842	0.023158	1.95368	0.046316	0.9752764
3899	1	-15.97992	-15.64146	-0.3384659	0.3371	0.976145	0.0238553	1.95229	0.0477106	0.9351959
3900	0	-16.93851	-16.59102	-0.3474839	0.288768	0.955859	0.0441408	1.91172	0.0882817	0.9436677
3901	1	-16.98262	-16.69384	-0.2887806	0.090456	0.981833	0.0181668	1.96367	0.0363335	0.8898659
3902	0	-15.80813	-15.4076	-0.4005309	0.09939	0.964598	0.0354025	1.9292	0.0708049	0.9950779
3903	1	-15.35232	-14.96612	-0.3861979	0.115322	0.978102	0.021898	1.9562	0.043796	0.9809173
3904	0	-16.54211	-16.18765	-0.3544545	0.190674	0.957803	0.0421966	1.91561	0.0843933	0.9502686
3905	1	-15.71012	-15.35383	-0.3562837	0.275116	0.971042	0.028958	1.94208	0.0579159	0.9520084
3906	0	-15.5568	-15.1724	-0.3844028	0.286922	0.983167	0.0168333	1.96633	0.0336665	0.979158
3907	1	-15.82999	-15.48225	-0.3477462	0.322851	0.979232	0.0207682	1.95846	0.0415363	0.9439152
3908	0	-16.35347	-15.95745	-0.3960247	-0.03161	0.967822	0.0321784	1.93564	0.0643567	0.990604
3909	1	-17.31314	-16.99372	-0.3194206	0.0489848	0.984383	0.0156174	1.96877	0.0312347	0.9175534
3910	0	-17.56017	-17.22803	-0.3321374	0.439853	0.964561	0.0354393	1.92912	0.0708786	0.9292963
3911	1	-17.235	-16.85539	-0.3796101	0.444967	0.962622	0.0373783	1.92524	0.0747565	0.9744764
3912	0	-15.87605	-15.48349	-0.3925582	0.00641905	0.975481	0.0245189	1.95096	0.0490378	0.987176
3913	1	-16.30677	-15.94921	-0.3575624	0.0569501	0.965282	0.0347183	1.93056	0.0694367	0.9532265
3914	0	-16.30765	-15.97918	-0.3284765	0.31065	0.982509	0.017491	1.96502	0.034982	0.9259004
3915	1	-17.4514	-17.14675	-0.30465	0.166987	0.951826	0.0481736	1.90365	0.0963471	0.9041002
3916	0	-15.85652	-15.52191	-0.3346124	0.167385	0.971642	0.0283578	1.94328	0.0567156	0.9315991
3917	1	-15.77224	-15.40289	-0.3693573	0.252301	0.967136	0.032864	1.93427	0.065728	0.9645363
3918	0	-20.1179	-19.84115	-0.2767488	-0.18037	0.949156	0.0508436	1.89831	0.101687	0.8792233
3919	1	-17.79306	-17.42133	-0.3717362	-0.131911	0.962058	0.0379416	1.92412	0.0758833	0.9668336
3920	0	-17.66394	-17.36746	-0.2964789	0.0531079	0.953658	0.0463417	1.90732	0.0926833	0.8967428
3921	1	-18.69794	-18.45915	-0.2387844	0.221305	0.944742	0.0552578	1.88948	0.110516	0.8464698
3922	0	-15.58837	-15.19724	-0.3911299	0.118157	0.968385	0.031615	1.93677	0.06323	0.9857671
3923	1	-15.48798	-15.10808	-0.379901	0.215871	0.969493	0.0305065	1.93899	0.0610131	0.9747599
3924	0	-15.10637	-14.7109	-0.3954697	0.244331	0.980399	0.0196009	1.9608	0.0392018	0.9900544
3925	1	-15.78379	-15.41875	-0.3650398	0.342272	0.973192	0.0268081	1.94638	0.0536162	0.9603809
3926	0	-16.10855	-15.74873	-0.3598198	0.385719	0.973993	0.0260065	1.94799	0.052013	0.9553808
3927	1	-16.65344	-16.35848	-0.2949552	0.0897384	0.968025	0.0319749	1.93605	0.0639499	0.8953774
3928	0	-16.21238	-15.89092	-0.3214601	0.0896947	0.972003	0.027997	1.94401	0.055994	0.9194267
3929	1	-15.46706	-15.08941	-0.377649	0.110544	0.978238	0.0217622	1.95648	0.0435243	0.9725672
3930	0	-16.3101	-15.96479	-0.34531	0.304404	0.964944	0.0350555	1.92989	0.0701111	0.9416185
3931	1	-18.58721	-18.39493	-0.1922759	0.304496	0.957893	0.0421066	1.91579	0.0842131	0.8080032
3932	0	-16.88794	-16.52705	-0.3608925	0.0564447	0.95613	0.0438696	1.91226	0.0877393	0.9564062
3933	1	-17.37474	-17.08169	-0.2930433	0.216223	0.954594	0.045406	1.90919	0.0908121	0.8936673
3934	0	-17.14748	-16.77997	-0.3675141	-0.0128499	0.956697	0.0433032	1.91339	0.0866065	0.9627602
3935	1	-15.74566	-15.35889	-0.3867714	0.116186	0.966533	0.0334665	1.93307	0.066933	0.9814799
3936	0	-16.21748	-15.81409	-0.4033904	0.0673065	0.960051	0.0399488	1.9201	0.0798975	0.9979275
3937	1	-16.68191	-16.39623	-0.2856792	0.177124	0.981756	0.0182444	1.96351	0.0364887	0.8871103
3938	0	-15.83451	-15.48511	-0.3493973	0.132664	0.980686	0.019314	1.96137	0.038628	0.9454751
3939	1	-18.73612	-18.5127	-0.2234279	0.084217	0.947516	0.0524839	1.89503	0.104968	0.8335703
3940	0	-17.3785	-17.01384	-0.3646602	0.262453	0.947536	0.0524643	1.89507	0.104929	0.9600164
3941	1	-15.93505	-15.59863	-0.3364203	0.290789	0.971675	0.0283249	1.94335	0.0566498	0.9332849
3942	0	-15.34764	-14.96741	-0.3802238	0.165256	0.972979	0.0270214	1.94596	0.0540427	0.9750746
3943	1	-15.76208	-15.41667	-0.3454137	0.230456	0.97074	0.0292603	1.94148	0.0585206	0.9417161
3944	0	-15.97092	-15.59844	-0.3724815	0.0774084	0.982264	0.0177359	1.96453	0.0354719	0.9675544
3945	1	-15.83957	-15.46698	-0.3725902	0.119321	0.982891	0.0171086	1.96578	0.0342172	0.9676596
3946	0	-19.79075	-19.44593	-0.3448239	-0.00410232	0.919852	0.0801483	1.8397	0.160297	0.9411609
3947	1	-16.90371	-16.51645	-0.3872542	0.203431	0.949889	0.050111	1.89978	0.100222	0.9819539
3948	0	-17.03163	-16.65666	-0.3749711	0.073213	0.986728	0.0132717	1.97346	0.0265435	0.9699663
3949	1	-17.19714	-16.80167	-0.3954683	-0.0169541	0.952941	0.0470589	1.90588	0.0941179	0.990053
3950	0	-16.51072	-16.10586	-0.4048654	-0.0768132	0.977603	0.0223971	1.95521	0.0447942	0.9994004
3951	1	-18.70625	-18.50801	-0.1982338	0.0882979	0.952063	0.0479372	1.90413	0.0958744	0.8128316
3952	0	-15.77143	-15.39617	-0.3752604	0.0502965	0.975442	0.0245578	1.95088	0.0491156	0.9702469
3953	1	-19.30862	-19.04407	-0.2645546	0.304998	0.93758	0.0624204	1.87516	0.124841	0.868567
3954	0	-17.93004	-17.59662	-0.3334222	-0.0189222	0.985081	0.0149189	1.97016	0.0298378	0.930491
3955	1	-16.20591	-15.87851	-0.3274062	0.348564	0.978395	0.0216053	1.95679	0.0432105	0.9249099
3956	0	-16.0324	-15.67262	-0.3597846	0.035249	0.974885	0.0251148	1.94977	0.0502296	0.9553472
3957	1	-15.32932	-14.92387	-0.4054588	0.110066	0.971305	0.0286953	1.94261	0.0573906	0.9999937
3958	0	-17.14167	-16.74331	-0.3983636	0.201934	0.945847	0.0541531	1.89169	0.108306	0.9929237
3959	1	-16.05715	-15.73301	-0.3241464	0.28644	0.980362	0.0196376	1.96072	0.0392751	0.9218998
3960	0	-17.11489	-16.75895	-0.3559454	0.0365087	0.985311	0.0146893	1.97062	0.0293785	0.9516864
3961	1	-18.56821	-18.16336	-0.4048504	0.0877726	0.927022	0.0729783	1.85404	0.145957	0.9993855
3962	0	-16.72769	-16.38744	-0.3402557	0.023437	0.981913	0.0180867	1.96383	0.0361734	0.9368712
3963	1	-16.94968	-16.60907	-0.3406172	0.229991	0.954538	0.0454623	1.90908	0.0909245	0.93721
3964	0	-21.26161	-20.8775	-0.3841151	-0.265584	0.929142	0.0708579	1.85828	0.141716	0.9788763
3965	1	-16.31491	-15.95993	-0.354979	0.308012	0.984698	0.0153022	1.9694	0.0306044	0.9507671
3966	0	-15.50556	-15.1096	-0.3959605	0.171299	0.967308	0.0326917	1.93462	0.0653835	0.9905404
3967	1	-18.62337	-18.26143	-0.3619394	0.159973	0.929622	0.0703777	1.85924	0.140755	0.9574079
3968	0	-16.89805	-16.497	-0.4010517	0.102799	0.949755	0.0502451	1.89951	0.10049	0.9955964
3969	1	-15.37343	-14.98355	-0.3898854	0.153086	0.981806	0.0181942	1.96361	0.0363883	0.984541
3970	0	-15.7261	-15.349	-0.377099	0.147933	0.966991	0.0330088	1.93398	0.0660177	0.9720325
3971	1	-17.23369	-16.9855	-0.2481917	0.105553	0.979622	0.0203781	1.95924	0.0407561	0.8544704
3972	0	-16.39204	-16.00194	-0.3900997	0.431029	0.970136	0.0298645	1.94027	0.059729	0.984752
3973	1	-18.56956	-18.43043	-0.1391236	0.230652	0.965623	0.0343773	1.93125	0.0687546	0.7661774
3974	0	-15.29033	-14.91529	-0.3750346	0.235152	0.979335	0.0206647	1.95867	0.0413294	0.9700279
3975	1	-16.05104	-15.68615	-0.3648986	0.155647	0.963558	0.0364425	1.92712	0.0728849	0.9602453
3976	0	-18.72104	-18.55674	-0.1643065	0.214208	0.956498	0.0435016	1.913	0.0870032	0.785717
3977	1	-18.29104	-17.98056	-0.3104829	0.29486	0.943814	0.0561857	1.88763	0.112371	0.9093891
3978	0	-16.86559	-16.60981	-0.2557769	0.114514	0.974577	0.025423	1.94915	0.050846	0.8609764
3979	1	-16.49448	-16.14624	-0.3482359	0.175428	0.959204	0.0407959	1.91841	0.0815917	0.9443776
3980	0	-18.34305	-18.1154	-0.2276586	0.127276	0.951002	0.0489981	1.902	0.0979961	0.8371044
3981	1	-15.62778	-15.22714	-0.4006383	0.391576	0.979593	0.0204069	1.95919	0.0408138	0.9951848
3982	0	-17.84694	-17.58113	-0.2658082	0.0926696	0.953404	0.0465959	1.90681	0.0931918	0.8696565
3983	1	-17.99733	-17.70955	-0.2877805	0.160077	0.979222	0.0207776	1.95844	0.0415551	0.8889764
3984	0	-17.45076	-17.24208	-0.2086793	0.207604	0.978227	0.0217735	1.95645	0.043547	0.8213665
3985	1	-15.88184	-15.49951	-0.3823313	0.368411	0.970875	0.0291249	1.94175	0.0582497	0.9771317
3986	0	-15.72022	-15.34912	-0.3711039	0.249426	0.967596	0.0324041	1.93519	0.0648082	0.9662225
3987	1	-18.19353	-17.90045	-0.2930737	0.276042	0.946134	0.0538656	1.89227	0.107731	0.8936944
3988	0	-19.0444	-18.76929	-0.27511	0.0332271	0.937958	0.0620421	1.87592	0.124084	0.8777837
3989	1	-21.61978	-21.25019	-0.3695881	0.534782	0.931404	0.0685957	1.86281	0.137191	0.9647589
3990	0	-15.51574	-15.13602	-0.3797277	0.0897478	0.976545	0.0234554	1.95309	0.0469107	0.974591
3991	1	-18.16684	-17.8276	-0.339246	-0.0839064	0.953073	0.0469265	1.90615	0.093853	0.9359258
3992	0	-20.75413	-20.45243	-0.301695	0.312412	0.913735	0.0862652	1.82747	0.17253	0.9014325
3993	1	-19.64341	-19.39262	-0.2507925	0.35069	0.93946	0.0605402	1.87892	0.12108	0.8566956
3994	0	-20.94692	-20.76564	-0.1812825	0.108913	0.921593	0.0784069	1.84319	0.156814	0.7991692
3995	1	-16.59614	-16.26053	-0.3356073	0.133913	0.984515	0.0154847	1.96903	0.0309694	0.9325264
3996	0	-17.0575	-16.79408	-0.2634158	0.204955	0.98229	0.0177101	1.96458	0.0354202	0.8675785
3997	1	-17.08111	-16.70023	-0.3808803	0.279261	0.950182	0.0498181	1.90036	0.0996362	0.9757149
3998	0	-16.2328	-15.87619	-0.3566095	0.384548	0.981208	0.0187918	1.96242	0.0375836	0.9523186
3999	1	-20.34414	-19.96084	-0.3832984	-0.238424	0.93833	0.0616705	1.87666	0.123341	0.9780772
4000	0	-15.25525	-14.85552	-0.3997295	0.119955	0.973522	0.0264782	1.94704	0.0529564	0.9942808
4001	1	-16.55464	-16.22313	-0.331512	0.19001	0.960389	0.0396106	1.92078	0.0792212	0.9287152
4002	0	-16.30637	-15.91271	-0.3936584	0.011707	0.983192	0.0168082	1.96638	0.0336165	0.9882627
4003	1	-15.97124	-15.64915	-0.3220938	0.24675	0.972009	0.027991	1.94402	0.0559819	0.9200094
4004	0	-15.54775	-15.16527	-0.3824786	0.0885582	0.973236	0.0267643	1.94647	0.0535286	0.9772757
4005	1	-15.58389	-15.18801	-0.3958824	0.0551935	0.979331	0.0206689	1.95866	0.0413378	0.990463
4006	0	-16.68783	-16.3299	-0.3579265	0.384662	0.964727	0.0352733	1.92945	0.0705466	0.9535736
4007	1	-16.72338	-16.34897	-0.3744085	-0.0341215	0.981383	0.0186165	1.96277	0.037233	0.9694207
4008	0	-16.20828	-15.83511	-0.3731682	0.41429	0.980106	0.0198936	1.96021	0.0397872	0.9682191
4009	1	-19.2013	-18.79905	-0.4022413	-0.0141169	0.922889	0.077111	1.84578	0.154222	0.9967814
4010	0	-16.95137	-16.56195	-0.3894232	0.208719	0.949138	0.050862	1.89828	0.101724	0.984086
4011	1	-17.85877	-17.57906	-0.2797049	0.35985	0.984781	0.0152189	1.96956	0.0304378	0.8818263
4012	0	-20.2102	-19.85787	-0.3523384	0.188918	0.907871	0.0921286	1.81574	0.184257	0.9482598
4013	1	-16.60263	-16.2535	-0.3491315	0.118299	0.958753	0.0412466	1.91751	0.0824931	0.9452237
4014	0	-16.96404	-16.6513	-0.3127393	0.332956	0.962625	0.0373751	1.92525	0.0747503	0.9114434
4015	1	-17.55465	-17.29071	-0.2639458	-0.0106023	0.975052	0.0249482	1.9501	0.0498964	0.8680384
4016	0	-15.12497	-14.7306	-0.3943686	0.284034	0.97741	0.0225896	1.95482	0.0451793	0.9889648
4017	1	-19.09437	-18.75241	-0.3419622	-0.218804	0.970098	0.0299019	1.9402	0.0598038	0.9384714
4018	0	-16.49108	-16.09671	-0.3943686	0.0640603	0.957422	0.042578	1.91484	0.0851561	0.9889648
4019	1	-16.84357	-16.48035	-0.3632229	0.234442	0.987201	0.012799	1.9744	0.025598	0.9586375
4020	0	-16.91741	-16.58529	-0.3321201	-0.0375368	0.974983	0.0250175	1.94997	0.050035	0.9292801
4021	1	-17.96451	-17.63796	-0.3265481	-0.0544789	0.95443	0.0455696	1.90886	0.0911392	0.9241167
4022	0	-15.6544	-15.27965	-0.3747516	0.347382	0.974538	0.0254623	1.94908	0.0509246	0.9697533
4023	1	-18.53203	-18.20335	-0.3286827	0.0707141	0.936385	0.0636146	1.87277	0.127229	0.9260913
4024	0	-18.86162	-18.50673	-0.3548949	0.28268	0.93067	0.0693301	1.86134	0.13866	0.9506872
4025	1	-17.51981	-17.28094	-0.2388758	0.0508538	0.977361	0.0226391	1.95472	0.0452782	0.8465472
4026	0	-17.12386	-16.73144	-0.3924189	-0.123871	0.974723	0.0252774	1.94945	0.0505548	0.9870386
4027	1	-23.20249	-23.28356	0.08107494	0.280285	0.960979	0.0390205	1.92196	0.0780411	0.6147497
4028	0	-16.46947	-16.14952	-0.3199496	0.374267	0.977466	0.0225338	1.95493	0.0450676	0.9180389
4029	1	-23.27442	-23.28518	0.01076054	-0.102609	0.969208	0.0307924	1.93842	0.0615849	0.6595314
4030	0	-15.86232	-15.52364	-0.3386854	0.258483	0.970908	0.0290925	1.94182	0.0581849	0.9354013
4031	1	-19.45786	-19.36946	-0.08840662	0.210785	0.962487	0.0375125	1.92497	0.0750251	0.7282882
4032	0	-15.34983	-14.94638	-0.4034496	0.102628	0.971807	0.0281929	1.94361	0.0563858	0.9979865
4033	1	-18.37633	-18.21047	-0.165857	0.063216	0.970065	0.0299346	1.94013	0.0598693	0.7869362
4034	0	-16.07053	-15.72307	-0.3474603	0.141989	0.966019	0.0339812	1.93204	0.0679623	0.9436454
4035	1	-20.24349	-20.12888	-0.1146139	0.369306	0.981203	0.0187974	1.96241	0.0375947	0.7476269
4036	0	-15.41256	-15.04636	-0.3661963	0.17317	0.975054	0.0249458	1.95011	0.0498916	0.9614922
4037	1	-18.25037	-18.07739	-0.1729837	0.31856	0.970028	0.0299722	1.94006	0.0599444	0.7925645
4038	0	-16.27007	-15.90613	-0.3639356	0.00743429	0.970534	0.0294662	1.94107	0.0589323	0.959321
4039	1	-17.13212	-16.85599	-0.2761288	0.0275777	0.969723	0.0302769	1.93945	0.0605538	0.8786784
4040	0	-16.1805	-15.79997	-0.3805296	0.427014	0.97751	0.0224902	1.95502	0.0449805	0.9753728
4041	1	-17.95564	-17.68308	-0.2725618	0.151196	0.985862	0.0141379	1.97172	0.0282758	0.8755497
4042	0	-15.16698	-14.77037	-0.3966118	0.159189	0.973931	0.0260694	1.94786	0.0521388	0.9911857
4043	1	-15.50597	-15.11357	-0.3924046	0.163423	0.967933	0.0320669	1.93587	0.0641338	0.9870244
4044	0	-15.03391	-14.62925	-0.4046523	0.253425	0.980849	0.0191508	1.9617	0.0383016	0.9991875
4045	1	-15.14635	-14.75193	-0.3944172	0.259307	0.974309	0.0256909	1.94862	0.0513818	0.9890128
4046	0	-16.94223	-16.60697	-0.3352604	0.328403	0.959554	0.0404462	1.91911	0.0808924	0.932203
4047	1	-15.08972	-14.68619	-0.4035265	0.290226	0.97525	0.0247498	1.9505	0.0494996	0.9980633
4048	0	-15.89783	-15.49548	-0.4023564	0.304867	0.985789	0.0142105	1.97158	0.0284211	0.9968962
4049	1	-18.59981	-18.20036	-0.3994533	0.516952	0.956968	0.0430323	1.91394	0.0860646	0.9940062
4050	0	-15.3419	-14.93925	-0.4026525	0.283676	0.970049	0.029951	1.9401	0.0599021	0.9971913
4051	1	-15.30679	-14.90551	-0.4012775	0.136655	0.970938	0.0290619	1.94188	0.0581239	0.9958211
4052	0	-16.88644	-16.49915	-0.3872875	0.255674	0.951089	0.0489113	1.90218	0.0978227	0.9819867
4053	1	-18.35721	-18.06742	-0.2897939	0.397302	0.954897	0.045103	1.90979	0.0902059	0.8907681
4054	0	-16.10251	-15.7277	-0.3748016	0.186424	0.9613	0.0386996	1.9226	0.0773992	0.9698019
4055	1	-15.87786	-15.52799	-0.349867	0.0922443	0.972689	0.0273106	1.94538	0.0546213	0.9459192
4056	0	-17.0274	-16.77873	-0.2486648	0.123291	0.96909	0.0309098	1.93818	0.0618196	0.8548748
4057	1	-16.53825	-16.18777	-0.3504787	0.213225	0.958423	0.0415767	1.91685	0.0831533	0.946498
4058	0	-17.43393	-17.17335	-0.2605788	0.0576915	0.962982	0.0370183	1.92596	0.0740366	0.8651207
4059	1	-17.09561	-16.82876	-0.2668551	0.0439032	0.975096	0.0249044	1.95019	0.0498087	0.8705675
4060	0	-18.76212	-18.56113	-0.2009997	0.0820463	0.951036	0.0489639	1.90207	0.0979278	0.8150829
4061	1	-15.7717	-15.4096	-0.3621014	0.140386	0.968795	0.0312053	1.93759	0.0624107	0.9575631
4062	0	-18.00561	-17.73966	-0.2659534	0.303293	0.953678	0.0463219	1.90736	0.0926438	0.8697829
4063	1	-16.41601	-16.10116	-0.3148542	0.15515	0.965206	0.0347937	1.93041	0.0695873	0.913373
4064	0	-17.5912	-17.31691	-0.2742919	0.192238	0.953958	0.0460419	1.90792	0.0920837	0.8770659
4065	1	-16.24994	-15.95689	-0.293042	0.258126	0.97638	0.0236199	1.95276	0.0472398	0.893666
4066	0	-20.37757	-20.09463	-0.2829383	0.220556	0.915528	0.0844718	1.83106	0.168944	0.8846822
4067	1	-17.35902	-17.10719	-0.2518326	0.329712	0.980931	0.0190688	1.96186	0.0381377	0.8575871
4068	0	-16.76306	-16.51049	-0.252571	0.208031	0.977296	0.0227042	1.95459	0.0454084	0.8582206
4069	1	-18.62403	-18.34304	-0.2809866	-0.0991613	0.958368	0.0416324	1.91674	0.0832648	0.8829572
4070	0	-16.71403	-16.34519	-0.3688408	0.447845	0.972236	0.027764	1.94447	0.0555281	0.9640382
4071	1	-17.59634	-17.35514	-0.2411997	0.376691	0.973781	0.0262192	1.94756	0.0524384	0.8485168
4072	0	-16.20098	-15.85762	-0.3433567	0.353466	0.981407	0.0185926	1.96281	0.0371852	0.939781
4073	1	-18.42533	-18.11922	-0.3061097	0.505645	0.97572	0.0242797	1.95144	0.0485593	0.9054209
4074	0	-15.2053	-14.8239	-0.3814068	0.238113	0.978784	0.0212164	1.95757	0.0424328	0.9762288
4075	1	-15.96441	-15.59069	-0.3737189	0.0869373	0.96642	0.0335796	1.93284	0.0671592	0.9687524
4076	0	-18.39022	-18.11331	-0.2769066	-0.032965	0.982768	0.0172323	1.96554	0.0344645	0.8793621
4077	1	-15.46185	-15.09126	-0.3705889	0.128174	0.976166	0.0238337	1.95233	0.0476675	0.965725
4078	0	-16.7392	-16.3413	-0.397895	0.477776	0.981087	0.0189133	1.96217	0.0378266	0.9924584
4079	1	-16.04902	-15.69485	-0.3541683	0.156863	0.964978	0.0350215	1.92996	0.0700431	0.9499966
4080	0	-17.50343	-17.21081	-0.2926145	0.0190526	0.959334	0.0406661	1.91867	0.0813322	0.8932841
4081	1	-15.61464	-15.20967	-0.4049632	0.139725	0.96535	0.0346503	1.9307	0.0693006	0.9994982
4082	0	-16.05517	-15.69737	-0.3577971	0.372654	0.973346	0.0266537	1.94669	0.0533075	0.9534503
4083	1	-15.66311	-15.28302	-0.38009	0.249739	0.967225	0.0327749	1.93445	0.0655497	0.9749442
4084	0	-16.52009	-16.22295	-0.2971402	0.168313	0.981632	0.0183683	1.96326	0.0367366	0.897336
4085	1	-15.15356	-14.7586	-0.3949623	0.271912	0.974588	0.0254121	1.94918	0.0508242	0.9895522
4086	0	-16.70372	-16.44747	-0.2562531	0.246214	0.975212	0.0247878	1.95042	0.0495756	0.8613865
4087	1	-17.59812	-17.32631	-0.2718134	0.206969	0.985171	0.0148289	1.97034	0.0296579	0.8748947
4088	0	-17.20738	-16.94753	-0.2598472	0.0392197	0.972409	0.0275907	1.94482	0.0551814	0.864488
4089	1	-15.92069	-15.59665	-0.324033	0.185172	0.972361	0.027639	1.94472	0.055278	0.9217953
4090	0	-20.17872	-19.90112	-0.2776003	-0.148232	0.941171	0.0588288	1.88234	0.117658	0.8799724
4091	1	-19.56705	-19.37995	-0.1871025	0.456758	0.970545	0.0294549	1.94109	0.0589099	0.8038339
4092	0	-17.78516	-17.49186	-0.2932988	0.430918	0.966668	0.0333318	1.93334	0.0666636	0.8938956
4093	1	-17.49144	-17.2521	-0.2393385	0.295214	0.964417	0.0355835	1.92883	0.0711669	0.846939
4094	0	-17.57066	-17.26095	-0.3097175	0.32221	0.954558	0.0454416	1.90912	0.0908833	0.9086934
4095	1	-18.22755	-17.9788	-0.2487448	0.21732	0.949425	0.0505752	1.89885	0.10115	0.8549431
4096	0	-16.71631	-16.46001	-0.2562958	0.165841	0.97529	0.0247104	1.95058	0.0494208	0.8614233
4097	1	-15.68405	-15.30768	-0.3763648	0.363966	0.977408	0.0225918	1.95482	0.0451836	0.971319
4098	0	-18.33683	-18.03324	-0.3035968	-0.124833	0.965202	0.0347978	1.9304	0.0695956	0.9031484
4099	1	-16.68495	-16.29171	-0.393242	0.458459	0.982628	0.0173723	1.96526	0.0347447	0.9878513
4100	0	-17.2051	-16.83408	-0.3710198	0.327261	0.952227	0.0477733	1.90445	0.0955467	0.9661412
4101	1	-15.32269	-14.93468	-0.3880086	0.176842	0.9715	0.0285001	1.943	0.0570002	0.9826949
4102	0	-15.32728	-14.95226	-0.375013	0.195753	0.973908	0.0260922	1.94782	0.0521844	0.9700069
4103	1	-15.52537	-15.12141	-0.403958	0.29948	0.967877	0.032123	1.93575	0.0642461	0.9984941
4104	0	-18.50825	-18.17804	-0.3302123	-0.120035	0.981939	0.0180611	1.96388	0.0361223	0.927509
4105	1	-16.76325	-16.4626	-0.3006557	0.280106	0.963783	0.036217	1.92757	0.072434	0.9004961
4106	0	-17.89718	-17.57557	-0.3216043	0.393952	0.98614	0.0138603	1.97228	0.0277205	0.9195592
4107	1	-15.85631	-15.48737	-0.3689385	0.373722	0.975867	0.0241325	1.95173	0.0482651	0.9641324
4108	0	-17.6473	-17.34045	-0.30685	0.160298	0.986642	0.0133582	1.97328	0.0267164	0.9060914
4109	1	-16.61604	-16.27701	-0.3390284	0.114949	0.959952	0.0400485	1.9199	0.0800969	0.9357221
4110	0	-16.37453	-16.0787	-0.2958308	0.115048	0.976545	0.0234552	1.95309	0.0469104	0.8961618
4111	1	-18.63537	-18.25844	-0.3769377	-0.202911	0.978139	0.0218615	1.95628	0.043723	0.9718757
4112	0	-17.219	-16.96977	-0.2492336	0.124215	0.964737	0.0352635	1.92947	0.070527	0.8553611
4113	1	-16.18886	-15.89139	-0.2974722	0.204821	0.978019	0.0219809	1.95604	0.0439617	0.897634
4114	0	-16.67687	-16.4128	-0.2640715	0.184112	0.970433	0.0295674	1.94087	0.0591348	0.8681475
4115	1	-15.80169	-15.43818	-0.363509	0.298085	0.969396	0.0306037	1.93879	0.0612073	0.9589118
4116	0	-17.76798	-17.4443	-0.3236848	0.224417	0.945965	0.0540351	1.89193	0.10807	0.9214744
4117	1	-15.20582	-14.81919	-0.3866297	0.215951	0.980452	0.0195476	1.9609	0.0390952	0.9813409
4118	0	-18.00756	-17.76668	-0.2408754	0.342555	0.960724	0.0392764	1.92145	0.0785527	0.8482417
4119	1	-17.11032	-16.78394	-0.3263771	0.245497	0.954526	0.0454736	1.90905	0.0909472	0.9239586
4120	0	-16.62931	-16.32171	-0.3076014	0.278537	0.964566	0.0354345	1.92913	0.0708689	0.9067725
4121	1	-17.86823	-17.47352	-0.3947104	-0.144186	0.958909	0.0410909	1.91782	0.0821818	0.9893029
4122	0	-15.60579	-15.20669	-0.3991027	0.351379	0.982905	0.0170947	1.96581	0.0341895	0.9936578
4123	1	-15.68079	-15.33882	-0.3419679	0.228011	0.973494	0.0265056	1.94699	0.0530113	0.9384768
4124	0	-17.25029	-16.92792	-0.3223694	-0.0367968	0.965283	0.034717	1.93057	0.0694339	0.9202631
4125	1	-15.67938	-15.29012	-0.3892577	0.16786	0.965643	0.0343575	1.93129	0.068715	0.9839232
4126	0	-16.31095	-15.94652	-0.3644244	0.413066	0.980058	0.019942	1.96012	0.039884	0.95979
4127	1	-15.46692	-15.06411	-0.4028098	0.212306	0.984455	0.0155449	1.96891	0.0310899	0.9973482
4128	0	-19.64924	-19.34286	-0.306379	-0.122458	0.940353	0.0596466	1.88071	0.119293	0.9056647
4129	1	-18.65318	-18.26384	-0.3893367	-0.18023	0.982413	0.0175865	1.96483	0.0351731	0.984001
4130	0	-15.43241	-15.02852	-0.403898	0.367279	0.980243	0.0197566	1.96049	0.0395133	0.9984341
4131	1	-16.25995	-15.88936	-0.3705951	0.283277	0.961444	0.0385557	1.92289	0.0771115	0.9657309
4132	0	-17.33687	-17.00543	-0.3314413	-0.0749358	0.976255	0.0237446	1.95251	0.0474893	0.9286495
4133	1	-17.1707	-16.89171	-0.278985	0.176965	0.959076	0.0409244	1.91815	0.0818488	0.8811917
4134	0	-18.25287	-17.97109	-0.2817746	0.419588	0.960439	0.0395607	1.92088	0.0791214	0.8836533
4135	1	-16.16768	-15.83853	-0.3291481	0.246021	0.966923	0.0330766	1.93385	0.0661533	0.9265224
4136	0	-17.37059	-17.13623	-0.2343543	0.106374	0.966337	0.0336628	1.93267	0.0673257	0.8427282
4137	1	-15.60033	-15.21466	-0.3856719	0.0939242	0.970607	0.0293928	1.94121	0.0587857	0.9804014
4138	0	-16.65792	-16.38849	-0.2694295	0.28838	0.977217	0.0227826	1.95443	0.0455653	0.8728115
4139	1	-16.22524	-15.92749	-0.297749	0.204698	0.971754	0.0282463	1.94351	0.0564925	0.8978825
4140	0	-16.55564	-16.25448	-0.3011683	0.284953	0.967085	0.0329151	1.93417	0.0658301	0.9009579
4141	1	-15.89176	-15.55409	-0.3376718	0.318378	0.976926	0.0230744	1.95385	0.0461487	0.9344536
4142	0	-18.55185	-18.25112	-0.3007315	0.0424485	0.940994	0.059006	1.88199	0.118012	0.9005644
4143	1	-16.45024	-16.06886	-0.3813773	0.441123	0.980913	0.0190875	1.96183	0.0381749	0.9762
4144	0	-17.82936	-17.44854	-0.3808185	0.191544	0.93858	0.0614203	1.87716	0.122841	0.9756546
4145	1	-16.45789	-16.07371	-0.3841768	0.0861314	0.957923	0.0420771	1.91585	0.0841542	0.9789367
4146	0	-15.33947	-14.9689	-0.3705698	0.233833	0.974934	0.0250659	1.94987	0.0501319	0.9657065
4147	1	-15.50955	-15.12949	-0.3800594	0.284898	0.97085	0.0291505	1.9417	0.058301	0.9749143
4148	0	-16.21855	-15.81953	-0.3990134	0.449576	0.976507	0.0234927	1.95301	0.0469854	0.9935691
4149	1	-15.16314	-14.76119	-0.401959	0.188035	0.971897	0.0281028	1.94379	0.0562055	0.9965
4150	0	-15.49597	-15.09592	-0.4000526	0.0730412	0.971956	0.0280438	1.94391	0.0560876	0.9946022
4151	1	-16.80725	-16.40375	-0.4035028	0.039445	0.953505	0.0464955	1.90701	0.0929909	0.9980396
4152	0	-15.10779	-14.70425	-0.4035432	0.193823	0.972636	0.0273637	1.94527	0.0547274	0.99808
4153	1	-15.73752	-15.40073	-0.3367902	0.237823	0.973726	0.0262736	1.94745	0.0525472	0.9336301
4154	0	-19.49474	-19.15741	-0.3373246	0.431633	0.939839	0.0601611	1.87968	0.120322	0.9341292
4155	1	-16.13385	-15.76459	-0.3692662	0.393592	0.972401	0.0275993	1.9448	0.0551985	0.9644485
4156	0	-17.19376	-16.87312	-0.3206338	0.0806937	0.955587	0.0444126	1.91117	0.0888251	0.9186672
4157	1	-15.32989	-14.95426	-0.3756334	0.272616	0.979343	0.0206568	1.95869	0.0413136	0.9706088
4158	0	-17.31093	-17.04605	-0.2648821	0.311634	0.963682	0.0363181	1.92736	0.0726361	0.8688515
4159	1	-17.28385	-16.94332	-0.3405271	0.301408	0.953067	0.0469328	1.90613	0.0938656	0.9371256
4160	0	-18.65768	-18.4489	-0.2087769	0.039664	0.954011	0.0459886	1.90802	0.0919773	0.8214467
4161	1	-18.31492	-18.0041	-0.310818	-0.108774	0.959708	0.0402917	1.91942	0.0805834	0.9096939
4162	0	-18.13909	-17.95991	-0.1791772	0.232865	0.963115	0.0368847	1.92623	0.0737693	0.7974885
4163	1	-16.90797	-16.57131	-0.3366554	0.111996	0.95627	0.0437298	1.91254	0.0874596	0.9335043
4164	0	-18.95145	-18.79122	-0.1602279	0.367701	0.967285	0.0327148	1.93457	0.0654296	0.7825189
4165	1	-15.73219	-15.38886	-0.3433274	0.26633	0.973105	0.0268952	1.94621	0.0537904	0.9397535
4166	0	-16.03094	-15.7077	-0.3232416	0.120678	0.973791	0.026209	1.94758	0.0524179	0.9210661
4167	1	-16.49932	-16.12523	-0.3740868	0.0517142	0.960368	0.0396315	1.92074	0.0792631	0.9691089
4168	0	-15.37161	-14.98024	-0.3913646	0.108889	0.973548	0.0264525	1.9471	0.052905	0.9859985
4169	1	-18.03741	-17.6969	-0.3405134	-0.130628	0.978364	0.0216356	1.95673	0.0432712	0.9371128
4170	0	-15.63154	-15.2463	-0.3852393	0.216117	0.984131	0.0158694	1.96826	0.0317388	0.9799774
4171	1	-16.12939	-15.79685	-0.3325397	0.331895	0.972291	0.0277086	1.94458	0.0554173	0.9296702
4172	0	-17.89363	-17.5464	-0.3472288	0.509602	0.978127	0.0218733	1.95625	0.0437467	0.943427
4173	1	-15.97473	-15.62048	-0.3542445	0.257012	0.966395	0.0336054	1.93279	0.0672109	0.9500691
4174	0	-17.97419	-17.62331	-0.3508797	-0.0122782	0.946695	0.0533053	1.89339	0.106611	0.9468776
4175	1	-15.89963	-15.57683	-0.3228083	0.164921	0.975149	0.0248509	1.9503	0.0497018	0.9206671
4176	0	-16.66292	-16.29317	-0.3697596	0.12508	0.955379	0.0446206	1.91076	0.0892413	0.9649244
4177	1	-15.55243	-15.16257	-0.38986	0.0715693	0.973256	0.0267437	1.94651	0.0534873	0.984516
4178	0	-18.1477	-17.77127	-0.3764284	-0.10563	0.984418	0.0155816	1.96884	0.0311631	0.9713808
4179	1	-15.39429	-15.02858	-0.3657137	0.180829	0.975755	0.0242452	1.95151	0.0484905	0.9610283
4180	0	-16.04206	-15.70465	-0.3374154	0.161235	0.982088	0.0179118	1.96418	0.0358235	0.934214
4181	1	-15.34345	-14.9575	-0.3859424	0.171964	0.9716	0.0284002	1.9432	0.0568004	0.9806667
4182	0	-16.32806	-16.00079	-0.3272704	0.0465696	0.975254	0.0247455	1.95051	0.0494911	0.9247843
4183	1	-18.94281	-18.64172	-0.3010889	0.0696795	0.934021	0.0659793	1.86804	0.131959	0.9008863
4184	0	-16.09076	-15.77575	-0.3150073	0.190062	0.970459	0.0295409	1.94092	0.0590818	0.9135129
4185	1	-16.67794	-16.30852	-0.3694198	0.207686	0.954528	0.0454716	1.90906	0.0909431	0.9645966
4186	0	-15.89019	-15.5413	-0.3488919	0.214706	0.967705	0.0322953	1.93541	0.0645906	0.9449973
4187	1	-16.1721	-15.7773	-0.3948044	0.135567	0.958959	0.0410409	1.91792	0.0820819	0.9893959
4188	0	-16.22743	-15.84508	-0.3823543	0.170619	0.958947	0.041053	1.91789	0.0821059	0.9771542
4189	1	-15.91048	-15.56234	-0.3481448	0.2329	0.967705	0.0322949	1.93541	0.0645898	0.9442916
4190	0	-16.02765	-15.62741	-0.4002352	0.0107243	0.967787	0.0322126	1.93557	0.0644251	0.9947837
4191	1	-16.18299	-15.79619	-0.3867989	0.125731	0.985614	0.0143859	1.97123	0.0287719	0.9815069
4192	0	-15.22676	-14.82533	-0.4014283	0.161241	0.98193	0.0180704	1.96386	0.0361408	0.9959713
4193	1	-16.25369	-15.95589	-0.2978009	0.237508	0.979408	0.0205919	1.95882	0.0411837	0.897929
4194	0	-16.00334	-15.68689	-0.3164451	0.252493	0.978972	0.0210282	1.95794	0.0420564	0.9148272
4195	1	-17.21654	-16.88996	-0.3265815	0.438595	0.970514	0.0294855	1.94103	0.0589711	0.9241475
4196	0	-16.52721	-16.17391	-0.3533039	0.10978	0.959592	0.0404081	1.91918	0.0808162	0.9491758
4197	1	-16.49245	-16.15227	-0.3401864	0.0293677	0.967674	0.0323258	1.93535	0.0646515	0.9368064
4198	0	-21.49574	-21.14731	-0.3484311	0.454953	0.917587	0.0824133	1.83517	0.164827	0.9445619
4199	1	-20.69365	-20.45365	-0.239998	-0.218204	0.959955	0.0400446	1.91991	0.0800892	0.8474977
4200	0	-15.97301	-15.61841	-0.3545971	0.244903	0.966053	0.0339469	1.93211	0.0678939	0.9504041
4201	1	-16.67073	-16.41074	-0.259992	0.202639	0.97752	0.0224797	1.95504	0.0449594	0.8646132
4202	0	-17.92841	-17.72478	-0.2036366	0.066534	0.97711	0.0228899	1.95422	0.0457797	0.817235
4203	1	-15.67717	-15.33089	-0.3462798	0.156835	0.978483	0.021517	1.95697	0.0430341	0.9425321
4204	0	-16.34705	-16.0569	-0.2901497	0.203077	0.970836	0.0291636	1.94167	0.0583272	0.891085
4205	1	-16.36375	-15.97069	-0.3930542	0.146189	0.956418	0.0435819	1.91284	0.0871638	0.9876658
4206	0	-18.34563	-18.14126	-0.204363	0.14391	0.98315	0.0168502	1.9663	0.0337003	0.8178289
4207	1	-15.15371	-14.76066	-0.3930542	0.15704	0.975967	0.0240333	1.95193	0.0480666	0.9876658
4208	0	-17.21963	-16.9961	-0.2235334	0.185419	0.969374	0.0306264	1.93875	0.0612529	0.8336583
4209	1	-16.43967	-16.05249	-0.3871843	-0.0439392	0.970098	0.0299024	1.9402	0.0598048	0.9818853
4210	0	-17.83285	-17.5244	-0.3084577	-0.085685	0.965667	0.0343326	1.93133	0.0686651	0.9075493
4211	1	-15.07671	-14.68195	-0.3947586	0.229555	0.979621	0.0203789	1.95924	0.0407578	0.9893506
4212	0	-19.77424	-19.45094	-0.323291	-0.00753752	0.923183	0.0768166	1.84637	0.153633	0.9211116
4213	1	-15.94072	-15.54551	-0.3952076	0.394689	0.970953	0.0290474	1.94191	0.0580947	0.9897949
4214	0	-17.14392	-16.8368	-0.3071179	0.406103	0.969595	0.0304053	1.93919	0.0608107	0.9063341
4215	1	-16.4084	-16.12167	-0.2867329	0.251554	0.971394	0.0286055	1.94279	0.057211	0.8880456
4216	0	-16.28236	-15.89166	-0.3907023	0.122672	0.958265	0.0417353	1.91653	0.0834705	0.9853457
4217	1	-15.98348	-15.61118	-0.3722952	0.0562184	0.968711	0.0312889	1.93742	0.0625778	0.9673742
4218	0	-16.66787	-16.26836	-0.399517	0.466778	0.970936	0.0290636	1.94187	0.0581272	0.9940695
4219	1	-15.80166	-15.45664	-0.345022	0.121167	0.978396	0.0216039	1.95679	0.0432078	0.9413474
4220	0	-18.43694	-18.09093	-0.3460087	0.280616	0.937055	0.0629454	1.87411	0.125891	0.9422766
4221	1	-15.10489	-14.70405	-0.4008438	0.141271	0.977359	0.0226411	1.95472	0.0452821	0.9953894
4222	0	-17.19772	-16.81743	-0.3802937	-0.0305157	0.955994	0.0440062	1.91199	0.0880124	0.9751427
4223	1	-16.73385	-16.45022	-0.2836287	0.32408	0.970822	0.0291783	1.94164	0.0583567	0.8852932
4224	0	-16.1534	-15.78574	-0.3676668	0.128817	0.984487	0.0155134	1.96897	0.0310269	0.9629071
4225	1	-19.12505	-18.79096	-0.3340915	-0.0514865	0.93546	0.0645404	1.87092	0.129081	0.931114
4226	0	-15.93973	-15.53769	-0.4020359	0.0244725	0.982086	0.0179139	1.96417	0.0358279	0.9965767
4227	1	-15.88805	-15.5614	-0.3266532	0.192727	0.979407	0.020593	1.95881	0.041186	0.9242138
4228	0	-17.52862	-17.14963	-0.3789937	-0.076514	0.956322	0.043678	1.91264	0.087356	0.9738759
4229	1	-21.68403	-21.54145	-0.142583	-0.190247	0.965844	0.0341559	1.93169	0.0683118	0.7688326
4230	0	-23.24103	-22.94445	-0.296575	0.321215	0.877706	0.122294	1.75541	0.244588	0.896829
4231	1	-19.0308	-18.93199	-0.09880509	0.18932	0.969795	0.0302047	1.93959	0.0604093	0.7359008
4232	0	-19.12419	-18.75695	-0.367238	0.274755	0.925337	0.0746631	1.85067	0.149326	0.9624943
4233	1	-19.65438	-19.58129	-0.07309021	0.193326	0.96315	0.0368503	1.9263	0.0737005	0.7172184
4234	0	-16.68466	-16.30474	-0.3799214	0.125934	0.954001	0.0459992	1.908	0.0919984	0.9747798
4235	1	-19.00021	-18.79004	-0.2101685	-0.0187292	0.954069	0.0459314	1.90814	0.0918629	0.8225907
4236	0	-17.05547	-16.75247	-0.302998	0.00389611	0.978535	0.0214649	1.95707	0.0429298	0.9026078
4237	1	-18.04787	-17.85396	-0.1939091	0.211363	0.960866	0.0391337	1.92173	0.0782675	0.809324
4238	0	-16.53104	-16.13804	-0.3930051	-0.046069	0.980701	0.0192991	1.9614	0.0385981	0.9876173
4239	1	-17.12004	-16.80957	-0.3104725	-0.0231235	0.969095	0.0309046	1.93819	0.0618092	0.9093796
4240	0	-16.07452	-15.71447	-0.360049	0.161803	0.984177	0.0158228	1.96835	0.0316455	0.9555997
4241	1	-16.86451	-16.58291	-0.2815998	0.105422	0.965573	0.0344272	1.93115	0.0688545	0.8834988
4242	0	-16.11872	-15.77055	-0.3481714	0.375513	0.975875	0.0241248	1.95175	0.0482497	0.9443167
4243	1	-16.87194	-16.56467	-0.3072656	0.237482	0.959809	0.0401908	1.91962	0.0803817	0.906468
4244	0	-15.57731	-15.22205	-0.3552509	0.152393	0.978233	0.0217671	1.95647	0.0435342	0.9510256
4245	1	-18.63235	-18.33325	-0.299096	0.426348	0.95424	0.04576	1.90848	0.09152	0.8990928
4246	0	-15.47975	-15.07695	-0.4027992	0.229463	0.966664	0.0333359	1.93333	0.0666718	0.9973376
4247	1	-16.36803	-15.97231	-0.3957174	0.0657477	0.958883	0.041117	1.91777	0.0822341	0.9902997
4248	0	-16.22336	-15.89506	-0.3283045	0.129539	0.967057	0.032943	1.93411	0.0658861	0.9257412
4249	1	-15.77913	-15.38342	-0.3957174	0.119218	0.964757	0.0352431	1.92951	0.0704861	0.9902997
4250	0	-16.01683	-15.70699	-0.3098416	0.200302	0.977319	0.0226811	1.95464	0.0453622	0.9088061
4251	1	-15.05343	-14.65772	-0.3957174	0.19283	0.977658	0.0223422	1.95532	0.0446845	0.9902997
4252	0	-16.94124	-16.61151	-0.3297354	0.000374412	0.980925	0.0190748	1.96185	0.0381495	0.9270667
4253	1	-15.27056	-14.87232	-0.3982419	0.107405	0.978788	0.021212	1.95758	0.042424	0.9928028
4254	0	-16.78345	-16.37919	-0.4042538	0.139405	0.950081	0.0499187	1.90016	0.0998374	0.9987895
4255	1	-15.99688	-15.62424	-0.3726321	0.391874	0.979956	0.0200441	1.95991	0.0400881	0.9677002
4256	0	-16.53212	-16.17136	-0.3607625	0.210081	0.957319	0.0426809	1.91464	0.0853619	0.9562818
4257	1	-17.88126	-17.50784	-0.3734228	-0.0727583	0.9512	0.0488004	1.9024	0.0976008	0.9684656
4258	0	-15.7574	-15.41271	-0.3446906	0.12416	0.975934	0.0240665	1.95187	0.0481329	0.9410354
4259	1	-17.35171	-16.97	-0.381706	-0.0124886	0.951942	0.0480577	1.90388	0.0961154	0.9765209
4260	0	-16.50172	-16.14684	-0.3548845	0.0708752	0.983817	0.0161831	1.96763	0.0323662	0.9506773
4261	1	-16.79783	-16.43636	-0.3614645	0.298752	0.986723	0.0132775	1.97345	0.026555	0.9569533
4262	0	-18.81839	-18.68116	-0.1372337	0.223271	0.961109	0.0388907	1.92222	0.0777814	0.7647308
4263	1	-16.72136	-16.45688	-0.2644809	0.278978	0.972297	0.0277026	1.94459	0.0554052	0.868503
4264	0	-18.35817	-18.12434	-0.2338239	0.162753	0.949335	0.0506654	1.89867	0.101331	0.8422813
4265	1	-16.47075	-16.18963	-0.2811164	0.264532	0.972351	0.0276493	1.9447	0.0552985	0.8830718
4266	0	-17.46966	-17.14911	-0.320546	0.423012	0.964935	0.0350647	1.92987	0.0701293	0.9185866
4267	1	-18.65106	-18.43722	-0.2138436	0.379167	0.982468	0.0175315	1.96494	0.0350631	0.8256193
4268	0	-18.58027	-18.23138	-0.3488909	0.182869	0.931761	0.0682392	1.86352	0.136478	0.9449964
4269	1	-16.70452	-16.36589	-0.3386302	0.242869	0.958175	0.0418247	1.91635	0.0836495	0.9353497
4270	0	-18.06259	-17.80382	-0.2587774	-0.0476467	0.965657	0.0343435	1.93131	0.0686869	0.8635637
4271	1	-16.90367	-16.61374	-0.2899326	0.2669	0.983465	0.0165345	1.96693	0.033069	0.8908916
4272	0	-16.78473	-16.52967	-0.2550612	0.191803	0.978338	0.0216622	1.95668	0.0433243	0.8603604
4273	1	-17.3688	-16.99862	-0.3701794	-0.0290592	0.954599	0.0454007	1.9092	0.0908014	0.9653296
4274	0	-17.3116	-17.01431	-0.2972864	0.0737133	0.957505	0.0424949	1.91501	0.0849899	0.8974672
4275	1	-15.88753	-15.53416	-0.3533758	0.207575	0.967036	0.0329642	1.93407	0.0659284	0.9492441
4276	0	-20.81983	-20.43276	-0.387063	-0.0664512	0.902912	0.0970883	1.80582	0.194177	0.9817662
4277	1	-17.86204	-17.60366	-0.2583767	0.333583	0.958962	0.0410382	1.91792	0.0820765	0.8632177
4278	0	-18.51836	-18.13213	-0.3862382	0.298334	0.990211	0.00978918	1.98042	0.0195784	0.9809568
4279	1	-16.25573	-15.89099	-0.3647353	0.190095	0.985482	0.0145179	1.97096	0.0290358	0.9600885
4280	0	-15.44525	-15.04719	-0.3980608	0.363292	0.976316	0.0236844	1.95263	0.0473688	0.9926231
4281	1	-17.29224	-16.91493	-0.3773079	0.120612	0.946431	0.0535688	1.89286	0.107138	0.9722355
4282	0	-15.16502	-14.76124	-0.4037808	0.151129	0.972719	0.0272807	1.94544	0.0545613	0.9983172
4283	1	-17.76669	-17.49664	-0.2700568	0.410252	0.967954	0.032046	1.93591	0.0640919	0.8733593
4284	0	-16.91747	-16.5124	-0.4050776	0.275203	0.949688	0.0503123	1.89938	0.100625	0.9996126
4285	1	-16.08663	-15.77972	-0.3069042	0.213076	0.972787	0.0272133	1.94557	0.0544266	0.9061405
4286	0	-18.13006	-17.8317	-0.2983552	0.441205	0.962826	0.0371739	1.92565	0.0743477	0.8984269
4287	1	-16.65349	-16.37964	-0.2738467	0.272833	0.970455	0.0295453	1.94091	0.0590907	0.8766755
4288	0	-17.07829	-16.76775	-0.3105382	0.0764127	0.983659	0.016341	1.96732	0.0326821	0.9094394
4289	1	-18.02452	-17.70839	-0.316127	-0.112505	0.965806	0.0341941	1.93161	0.0683881	0.9145363
4290	0	-15.16615	-14.76095	-0.4051994	0.191172	0.971239	0.0287608	1.94248	0.0575216	0.9997343
4291	1	-16.41442	-16.01312	-0.401303	0.33151	0.958725	0.0412748	1.91745	0.0825495	0.9958466
4292	0	-15.36872	-14.98509	-0.383624	0.288463	0.973087	0.0269134	1.94617	0.0538267	0.9783957
4293	1	-16.70833	-16.3775	-0.3308317	0.35593	0.965428	0.0345716	1.93086	0.0691432	0.9280837
4294	0	-16.20998	-15.85618	-0.3537914	0.176158	0.962401	0.0375989	1.9248	0.0751979	0.9496387
4295	1	-15.51865	-15.13383	-0.3848223	0.106208	0.980725	0.0192752	1.96145	0.0385503	0.9795688
4296	0	-16.86394	-16.55465	-0.3092942	0.161786	0.959238	0.0407624	1.91848	0.0815248	0.9083087
4297	1	-17.81754	-17.53311	-0.2844284	0.0599428	0.952748	0.0472522	1.9055	0.0945044	0.8860014
4298	0	-15.21835	-14.83615	-0.3822024	0.213363	0.979596	0.0204037	1.95919	0.0408075	0.9770058
4299	1	-16.44378	-16.1191	-0.3246771	0.0330908	0.974505	0.0254953	1.94901	0.0509906	0.9223892
4300	0	-16.07193	-15.69768	-0.3742428	0.0570094	0.96667	0.0333298	1.93334	0.0666596	0.9692601
4301	1	-15.28834	-14.90515	-0.3831908	0.153989	0.979253	0.0207475	1.95851	0.0414949	0.977972
4302	0	-15.6987	-15.3397	-0.3589995	0.287815	0.971411	0.0285886	1.94282	0.0571772	0.9545974
4303	1	-15.58419	-15.22081	-0.3633732	0.291561	0.980611	0.0193894	1.96122	0.0387787	0.9587816
4304	0	-18.52891	-18.1598	-0.3691176	0.169446	0.930196	0.0698035	1.86039	0.139607	0.9643051
4305	1	-17.07633	-16.77095	-0.3053779	0.043387	0.96203	0.0379697	1.92406	0.0759393	0.9047585
4306	0	-17.04066	-16.64105	-0.3996018	0.232011	0.947445	0.0525553	1.89489	0.105111	0.9941538
4307	1	-15.69151	-15.34785	-0.3436603	0.184361	0.979448	0.0205517	1.9589	0.0411033	0.9400663
4308	0	-16.81981	-16.45899	-0.3608264	0.360942	0.960447	0.0395525	1.92089	0.079105	0.956343
4309	1	-16.42977	-16.15366	-0.2761105	0.20976	0.973781	0.0262188	1.94756	0.0524377	0.8786624
4310	0	-19.61892	-19.32365	-0.2952701	0.54509	0.978627	0.021373	1.95725	0.042746	0.8956595
4311	1	-16.55209	-16.27948	-0.2726083	0.271994	0.974302	0.0256975	1.9486	0.0513951	0.8755905
4312	0	-17.0663	-16.76578	-0.3005235	0.164286	0.957583	0.0424172	1.91517	0.0848345	0.9003771
4313	1	-18.1077	-17.84568	-0.2620119	0.270843	0.985973	0.014027	1.97195	0.0280539	0.8663613
4314	0	-18.15252	-17.87633	-0.2761839	0.140921	0.946337	0.0536627	1.89267	0.107325	0.8787268
4315	1	-19.80682	-19.49875	-0.308066	-0.0623319	0.929814	0.0701857	1.85963	0.140371	0.9071939
4316	0	-15.45999	-15.08102	-0.3789694	0.295893	0.972623	0.0273773	1.94525	0.0547547	0.9738522
4317	1	-15.25279	-14.85362	-0.3991653	0.160548	0.971358	0.0286419	1.94272	0.0572839	0.99372
4318	0	-17.90896	-17.53201	-0.3769463	0.443446	0.954939	0.045061	1.90988	0.090122	0.971884
4319	1	-17.21542	-16.89275	-0.3226726	0.0517635	0.956625	0.0433751	1.91325	0.0867503	0.9205422
4320	0	-18.54236	-18.27148	-0.2708777	0.360361	0.951126	0.0488736	1.90225	0.0977473	0.8740764
4321	1	-15.74466	-15.37751	-0.3671566	0.0732323	0.974413	0.0255872	1.94883	0.0511744	0.962416
4322	0	-18.66068	-18.3212	-0.3394803	-0.164267	0.959092	0.0409077	1.91818	0.0818155	0.9361451
4323	1	-17.14567	-16.80614	-0.3395327	0.401935	0.963384	0.0366164	1.92677	0.0732328	0.9361941
4324	0	-15.98867	-15.63806	-0.350613	0.0811803	0.979797	0.0202026	1.95959	0.0404052	0.9466251
4325	1	-15.61099	-15.21432	-0.3966706	0.0755884	0.98161	0.0183899	1.96322	0.0367799	0.991244
4326	0	-15.40089	-15.00269	-0.3981931	0.080674	0.974267	0.0257332	1.94853	0.0514664	0.9927544
4327	1	-16.34761	-15.95094	-0.3966706	-0.0402026	0.969302	0.0306982	1.9386	0.0613963	0.991244
4328	0	-18.47325	-18.13596	-0.3372891	-0.0303899	0.942728	0.0572722	1.88546	0.114544	0.9340961
4329	1	-17.73084	-17.43766	-0.2931811	0.301668	0.953341	0.0466592	1.90668	0.0933184	0.8937904
4330	0	-15.81176	-15.45504	-0.3567232	0.0990029	0.979601	0.020399	1.9592	0.0407981	0.9524269
4331	1	-16.06897	-15.6969	-0.3720736	0.384888	0.981697	0.0183032	1.96339	0.0366063	0.9671598
4332	0	-16.68554	-16.30406	-0.3814797	0.395786	0.962894	0.0371056	1.92579	0.0742112	0.9762999
4333	1	-17.42078	-17.09227	-0.3285054	0.434172	0.966089	0.0339114	1.93218	0.0678227	0.9259272
4334	0	-15.14095	-14.75067	-0.3902814	0.171702	0.977409	0.0225911	1.95482	0.0451821	0.984931
4335	1	-16.27907	-15.965	-0.3140713	0.083446	0.975395	0.0246047	1.95079	0.0492095	0.9126582
4336	0	-15.79204	-15.44956	-0.3424845	0.291811	0.979633	0.0203674	1.95927	0.0407348	0.9389617
4337	1	-17.00726	-16.63631	-0.3709422	0.213276	0.950303	0.049697	1.90061	0.0993941	0.9660662
4338	0	-16.11711	-15.8138	-0.3033037	0.229696	0.978115	0.0218849	1.95623	0.0437698	0.9028838
4339	1	-15.38802	-14.99033	-0.3976848	0.327031	0.972729	0.0272705	1.94546	0.054541	0.9922499
4340	0	-15.29593	-14.91478	-0.3811501	0.210866	0.972966	0.0270337	1.94593	0.0540673	0.9759782
4341	1	-15.36027	-14.96757	-0.3926999	0.145388	0.970992	0.0290082	1.94198	0.0580164	0.9873159
4342	0	-16.74554	-16.47121	-0.2743329	0.0870568	0.974224	0.0257756	1.94845	0.0515513	0.8771018
4343	1	-16.6018	-16.27208	-0.3297116	0.0631413	0.964317	0.0356826	1.92863	0.0713652	0.9270446
4344	0	-18.72629	-18.40837	-0.3179262	0.505955	0.965403	0.0345972	1.93081	0.0691945	0.9161832
4345	1	-16.14842	-15.77864	-0.3697851	0.178657	0.961304	0.0386961	1.92261	0.0773922	0.964949
4346	0	-16.38368	-16.00984	-0.3738415	0.435995	0.975685	0.0243146	1.95137	0.0486292	0.9688711
4347	1	-18.75326	-18.42011	-0.3331505	0.404221	0.945371	0.0546285	1.89074	0.109257	0.9302382
4348	0	-15.97279	-15.58949	-0.3833017	0.258108	0.985488	0.014512	1.97098	0.029024	0.9780804
4349	1	-15.64671	-15.25938	-0.3873299	0.364866	0.980766	0.0192337	1.96153	0.0384674	0.9820283
4350	0	-15.76259	-15.37843	-0.3841584	0.0926291	0.98245	0.0175497	1.9649	0.0350995	0.9789187
4351	1	-16.00215	-15.67561	-0.3265358	0.219139	0.969724	0.0302765	1.93945	0.060553	0.9241053
4352	0	-15.76505	-15.37504	-0.3900085	0.102813	0.966429	0.0335706	1.93286	0.0671411	0.9846623
4353	1	-16.82442	-16.44267	-0.3817498	0.231399	0.951796	0.0482043	1.90359	0.0964087	0.9765636
4354	0	-15.2338	-14.83116	-0.4026359	0.144146	0.971792	0.0282078	1.94358	0.0564157	0.9971748
4355	1	-15.50934	-15.15015	-0.3591888	0.157338	0.975483	0.0245167	1.95097	0.0490335	0.9547781
4356	0	-16.21179	-15.8367	-0.3750823	-0.0129037	0.974623	0.0253773	1.94925	0.0507547	0.9700742
4357	1	-16.43403	-16.12487	-0.3091618	0.0845864	0.970063	0.0299374	1.94013	0.0598747	0.9081885
4358	0	-16.91796	-16.59684	-0.3211233	0.407686	0.980712	0.0192876	1.96142	0.0385752	0.919117
4359	1	-17.49522	-17.24201	-0.253213	0.361333	0.968375	0.0316254	1.93675	0.0632508	0.8587717
4360	0	-16.30635	-16.00864	-0.2977093	0.224875	0.980234	0.0197661	1.96047	0.0395322	0.8978468
4361	1	-16.11383	-15.74007	-0.3737524	0.107011	0.963071	0.0369286	1.92614	0.0738572	0.9687848
4362	0	-19.1971	-18.88082	-0.3162732	0.393185	0.98845	0.0115498	1.9769	0.0230996	0.91467
4363	1	-17.10108	-16.77844	-0.3226342	0.368472	0.962607	0.0373925	1.92521	0.074785	0.9205068
4364	0	-15.7426	-15.36233	-0.3802667	0.202732	0.965544	0.0344563	1.93109	0.0689126	0.9751165
4365	1	-15.34066	-14.9494	-0.3912589	0.106542	0.975112	0.024888	1.95022	0.0497759	0.9858943
4366	0	-17.26022	-16.87941	-0.3808112	0.48448	0.982523	0.0174774	1.96505	0.0349547	0.9756475
4367	1	-16.98988	-16.65618	-0.3337037	0.0332234	0.959777	0.0402228	1.91955	0.0804456	0.930753
4368	0	-15.76131	-15.3869	-0.3744129	0.0652258	0.979197	0.0208029	1.95839	0.0416058	0.9694249
4369	1	-22.82807	-22.4806	-0.3474691	0.200726	0.865147	0.134853	1.73029	0.269705	0.9436537
4370	0	-15.35118	-14.96207	-0.3891154	0.206838	0.970382	0.0296178	1.94076	0.0592356	0.9837833
4371	1	-19.14756	-18.81175	-0.335812	0.00593382	0.930084	0.0699158	1.86017	0.139832	0.9327174
4372	0	-16.41711	-16.028	-0.3891154	0.210256	0.987118	0.012882	1.97424	0.0257641	0.9837833
4373	1	-16.99899	-16.73282	-0.2661716	0.160471	0.981675	0.0183255	1.96335	0.036651	0.8699726
4374	0	-15.83309	-15.50689	-0.3261944	0.224114	0.978291	0.0217091	1.95658	0.0434182	0.9237898
4375	1	-16.93464	-16.53881	-0.3958373	-0.111308	0.973359	0.026641	1.94672	0.0532821	0.9904184
4376	0	-17.23874	-16.86408	-0.3746645	0.0888388	0.948337	0.0516634	1.89667	0.103327	0.9696689
4377	1	-17.52744	-17.18138	-0.3460674	0.489498	0.977766	0.0222336	1.95553	0.0444672	0.942332
4378	0	-16.18176	-15.84207	-0.3396932	0.347153	0.98109	0.0189104	1.96218	0.0378208	0.9363444
4379	1	-15.97024	-15.63592	-0.3343149	0.324946	0.975781	0.0242187	1.95156	0.0484374	0.931322
4380	0	-17.25651	-16.92566	-0.3308447	-0.0706434	0.971721	0.0282794	1.94344	0.0565587	0.9280957
4381	1	-16.15451	-15.79977	-0.3547392	0.207348	0.962974	0.0370255	1.92595	0.074051	0.9505391
4382	0	-20.5505	-20.19961	-0.350893	0.352301	0.914136	0.0858637	1.82827	0.171727	0.9468902
4383	1	-16.3032	-15.94315	-0.36005	0.344665	0.965787	0.0342127	1.93157	0.0684253	0.9556007
4384	0	-15.60399	-15.20533	-0.3986629	0.30487	0.967709	0.0322905	1.93542	0.064581	0.9932209
4385	1	-15.8008	-15.41838	-0.3824138	0.0542249	0.980316	0.0196838	1.96063	0.0393676	0.9772124
4386	0	-15.6025	-15.23813	-0.3643684	0.109111	0.977285	0.0227155	1.95457	0.045431	0.9597363
4387	1	-17.23287	-16.9083	-0.3245692	-0.0581194	0.970274	0.0297255	1.94055	0.059451	0.9222897
4388	0	-16.04184	-15.71913	-0.3227096	0.257608	0.980765	0.0192345	1.96153	0.0384691	0.9205762
4389	1	-15.32747	-14.92619	-0.4012806	0.158427	0.982781	0.017219	1.96556	0.034438	0.9958242
4390	0	-15.76193	-15.36034	-0.4015829	0.338925	0.967239	0.0327609	1.93448	0.0655218	0.9961253
4391	1	-16.64097	-16.28693	-0.3540389	0.397436	0.967432	0.0325679	1.93486	0.0651358	0.9498737
4392	0	-15.08017	-14.67859	-0.4015829	0.238918	0.981208	0.0187925	1.96242	0.0375849	0.9961253
4393	1	-15.26655	-14.86591	-0.4006339	0.283778	0.971611	0.0283887	1.94322	0.0567774	0.9951804
4394	0	-17.62341	-17.23632	-0.3870824	-0.155357	0.96923	0.0307704	1.93846	0.0615407	0.9817852
4395	1	-16.14856	-15.78061	-0.3679551	0.0138678	0.971656	0.0283444	1.94331	0.0566888	0.9631847
4396	0	-15.84669	-15.47167	-0.375028	0.236753	0.965017	0.0349831	1.93003	0.0699662	0.9700215
4397	1	-16.59757	-16.30253	-0.2950342	0.0679418	0.975819	0.0241814	1.95164	0.0483628	0.8954482
4398	0	-16.16627	-15.81336	-0.3529076	0.330854	0.967658	0.0323417	1.93532	0.0646835	0.9487997
4399	1	-16.16748	-15.82019	-0.3472932	0.129239	0.983118	0.0168819	1.96624	0.0337638	0.9434877
4400	0	-15.2524	-14.85026	-0.4021414	0.105082	0.979241	0.0207592	1.95848	0.0415185	0.9966818
4401	1	-16.91422	-16.61491	-0.299302	0.266045	0.961255	0.038745	1.92251	0.0774899	0.8992779
4402	0	-16.66408	-16.30246	-0.3616139	0.256391	0.956453	0.0435467	1.91291	0.0870935	0.9570964
4403	1	-17.9996	-17.66509	-0.3345088	0.14565	0.941187	0.0588128	1.88237	0.117626	0.9315026
4404	0	-17.36128	-17.00779	-0.3534877	0.141175	0.947618	0.052382	1.89524	0.104764	0.9493503
4405	1	-20.10997	-19.79341	-0.3165656	-0.224129	0.951901	0.0480989	1.9038	0.0961978	0.9149375
4406	0	-16.99496	-16.65281	-0.3421478	0.0358074	0.958312	0.0416875	1.91662	0.0833751	0.9386456
4407	1	-16.10936	-15.73894	-0.3704221	0.0870442	0.964562	0.0354383	1.92912	0.0708767	0.9655639
4408	0	-17.08711	-16.79914	-0.2879753	0.314605	0.963282	0.0367177	1.92656	0.0734354	0.8891496
4409	1	-15.33939	-14.93601	-0.403375	0.219699	0.968549	0.0314513	1.9371	0.0629025	0.997912
4410	0	-19.24237	-18.89094	-0.3514315	-0.0954426	0.936224	0.0637762	1.87245	0.127552	0.9474003
4411	1	-15.98429	-15.60407	-0.3802216	0.0238044	0.979533	0.0204669	1.95907	0.0409338	0.9750725
4412	0	-17.39316	-17.08368	-0.3094805	0.210234	0.952185	0.0478152	1.90437	0.0956305	0.908478
4413	1	-16.45571	-16.17342	-0.282289	0.203867	0.979328	0.0206724	1.95866	0.0413448	0.884108
4414	0	-18.75565	-18.58319	-0.1724536	0.367337	0.967329	0.0326706	1.93466	0.0653412	0.7921445
4415	1	-18.42638	-18.11147	-0.314916	0.0540315	0.940325	0.0596748	1.88065	0.11935	0.9134295
4416	0	-18.34128	-18.16353	-0.1777432	0.0588515	0.976405	0.023595	1.95281	0.04719	0.7963457
4417	1	-17.1759	-16.91124	-0.2646601	0.128017	0.962301	0.0376986	1.9246	0.0753972	0.8686587
4418	0	-16.13177	-15.72656	-0.4052056	0.111461	0.959119	0.0408812	1.91824	0.0817624	0.9997405
4419	1	-18.25151	-17.88958	-0.3619268	0.0318263	0.988111	0.0118886	1.97622	0.0237773	0.9573959
4420	0	-15.49135	-15.1093	-0.3820478	0.268599	0.970141	0.0298588	1.94028	0.0597177	0.9768547
4421	1	-16.54654	-16.17301	-0.3735323	0.441895	0.980596	0.019404	1.96119	0.0388079	0.9685716
4422	0	-15.89165	-15.50315	-0.3885046	0.33032	0.966547	0.0334529	1.93309	0.0669058	0.9831825
4423	1	-16.5464	-16.21427	-0.3321263	0.00644563	0.973953	0.0260467	1.94791	0.0520934	0.9292859
4424	0	-15.54521	-15.17784	-0.3673656	0.118487	0.978041	0.0219588	1.95608	0.0439176	0.9626171
4425	1	-19.56031	-19.29261	-0.2676956	-0.048383	0.985421	0.0145788	1.97084	0.0291576	0.8712995
4426	0	-15.88613	-15.50308	-0.3830519	0.379089	0.97201	0.0279903	1.94402	0.0559806	0.9778361
4427	1	-16.37838	-16.0147	-0.3636771	0.399523	0.982268	0.0177316	1.96454	0.0354631	0.959073
4428	0	-16.49923	-16.15042	-0.3488053	0.239425	0.985624	0.0143763	1.97125	0.0287526	0.9449155
4429	1	-16.14231	-15.8157	-0.3266007	0.107965	0.970382	0.0296176	1.94076	0.0592352	0.9241653
4430	0	-15.44825	-15.09079	-0.3574679	0.220549	0.977112	0.0228876	1.95422	0.0457752	0.9531364
4431	1	-16.98237	-16.71189	-0.2704748	0.30736	0.967457	0.0325426	1.93491	0.0650853	0.8737244
4432	0	-21.02501	-20.703	-0.322003	0.269141	0.903263	0.0967374	1.80653	0.193475	0.919926
4433	1	-18.33127	-18.07845	-0.252819	0.220542	0.947562	0.0524378	1.89512	0.104876	0.8584335
4434	0	-16.76933	-16.49526	-0.2740668	0.203483	0.96603	0.0339704	1.93206	0.0679409	0.8768684
4435	1	-19.69741	-19.44337	-0.2540364	-0.0443175	0.937958	0.0620421	1.87592	0.124084	0.8594791
4436	0	-17.84983	-17.50174	-0.3480934	-0.00105441	0.947927	0.0520729	1.89585	0.104146	0.944243
4437	1	-19.8412	-19.5948	-0.2463957	0.516948	0.97895	0.02105	1.9579	0.0420999	0.8529372
4438	0	-15.53191	-15.15902	-0.3728903	0.132109	0.980415	0.0195848	1.96083	0.0391696	0.9679501
4439	1	-15.3755	-15.0052	-0.3703029	0.273278	0.975939	0.0240609	1.95188	0.0481218	0.9654488
4440	0	-15.06996	-14.67243	-0.3975256	0.208934	0.980101	0.0198995	1.9602	0.039799	0.9920919
4441	1	-16.25186	-15.93197	-0.3198961	0.137382	0.981238	0.0187616	1.96248	0.0375232	0.9179898
4442	0	-15.54227	-15.1548	-0.3874731	0.119419	0.969713	0.0302875	1.93943	0.0605749	0.9821689
4443	1	-15.64795	-15.26065	-0.3873042	0.200085	0.966025	0.0339745	1.93205	0.0679491	0.982003
4444	0	-15.78788	-15.45238	-0.3355041	0.225852	0.972405	0.027595	1.94481	0.0551901	0.9324302
4445	1	-15.80837	-15.45189	-0.3564811	0.233831	0.968057	0.0319427	1.93611	0.0638854	0.9521963
4446	0	-16.02284	-15.68029	-0.3425566	0.342184	0.979778	0.0202219	1.95956	0.0404438	0.9390294
4447	1	-15.73653	-15.38528	-0.3512475	0.247299	0.970459	0.0295413	1.94092	0.0590826	0.947226
4448	0	-17.01444	-16.72871	-0.2857364	0.0681069	0.964668	0.0353323	1.92934	0.0706645	0.8871611
4449	1	-17.02119	-16.66159	-0.3596025	0.235924	0.951701	0.0482989	1.9034	0.0965979	0.9551731
4450	0	-16.34467	-16.03123	-0.3134418	0.312894	0.970356	0.0296442	1.94071	0.0592885	0.9120839
4451	1	-16.5172	-16.13878	-0.3784174	0.028118	0.961235	0.038765	1.92247	0.07753	0.9733148
4452	0	-17.9642	-17.57452	-0.3896773	0.30244	0.939645	0.0603549	1.87929	0.12071	0.9843362
4453	1	-16.26267	-15.88309	-0.3795856	0.344809	0.963826	0.0361736	1.92765	0.0723473	0.9744525
4454	0	-15.83886	-15.45756	-0.3812941	0.179685	0.964182	0.035818	1.92836	0.0716361	0.9761188
4455	1	-15.4728	-15.08445	-0.3883558	0.30074	0.982582	0.0174183	1.96516	0.0348366	0.9830362
4456	0	-15.49868	-15.10374	-0.3949393	0.17892	0.98379	0.0162105	1.96758	0.0324209	0.9895294
4457	1	-16.17109	-15.81857	-0.352522	0.358031	0.982041	0.0179593	1.96408	0.0359187	0.9484339
4458	0	-15.39513	-15.0184	-0.3767282	0.157955	0.980219	0.0197808	1.96044	0.0395616	0.9716721
4459	1	-15.195	-14.79011	-0.4048829	0.335258	0.978094	0.0219062	1.95619	0.0438123	0.999418
4460	0	-17.56759	-17.18269	-0.3848946	0.412093	0.953971	0.0460295	1.90794	0.0920589	0.9796396
4461	1	-17.68547	-17.44563	-0.2398426	0.0356709	0.965238	0.034762	1.93048	0.0695241	0.847366
4462	0	-16.79167	-16.43602	-0.355645	0.0361831	0.959499	0.0405012	1.919	0.0810024	0.9514005
4463	1	-15.3978	-15.00398	-0.3938224	0.0887995	0.974655	0.0253453	1.94931	0.0506905	0.9884248
4464	0	-16.74984	-16.37097	-0.3788692	-0.0766067	0.974827	0.025173	1.94965	0.050346	0.9737546
4465	1	-15.58023	-15.19011	-0.3901221	0.15483	0.967293	0.0327065	1.93459	0.065413	0.9847741
4466	0	-16.13734	-15.74433	-0.3930129	0.22026	0.959032	0.0409679	1.91806	0.0819359	0.987625
4467	1	-15.89528	-15.52746	-0.3678199	0.0567715	0.97932	0.0206795	1.95864	0.0413591	0.9630546
4468	0	-17.78808	-17.56177	-0.2263079	0.115092	0.981632	0.0183684	1.96326	0.0367368	0.8359745
4469	1	-16.04805	-15.7208	-0.3272467	0.268686	0.981281	0.0187191	1.96256	0.0374382	0.9247624
4470	0	-17.54221	-17.14029	-0.4019246	-0.16548	0.973831	0.0261687	1.94766	0.0523373	0.9964657
4471	1	-17.36424	-17.04366	-0.3205833	0.375058	0.985039	0.0149608	1.97008	0.0299215	0.9186209
4472	0	-15.98077	-15.6098	-0.3709646	0.0610497	0.96855	0.03145	1.9371	0.0629001	0.9660879
4473	1	-16.18801	-15.80552	-0.382495	-0.0187985	0.973769	0.0262307	1.94754	0.0524614	0.9772917
4474	0	-17.49152	-17.1352	-0.3563193	0.00792537	0.951354	0.0486465	1.90271	0.0972929	0.9520423
4475	1	-16.07564	-15.71205	-0.3635898	0.180105	0.963021	0.0369789	1.92604	0.0739577	0.9589894
4476	0	-18.95394	-18.6118	-0.3421491	0.391838	0.940396	0.0596042	1.88079	0.119208	0.9386468
4477	1	-16.55379	-16.22425	-0.3295407	0.137242	0.961398	0.0386019	1.9228	0.0772038	0.9268863
4478	0	-16.79568	-16.51424	-0.2814382	0.130942	0.965529	0.0344709	1.93106	0.0689419	0.8833561
4479	1	-15.57955	-15.23285	-0.3466967	0.203642	0.977623	0.022377	1.95525	0.0447541	0.9429251
4480	0	-19.26733	-18.90783	-0.3595025	0.252708	0.923097	0.0769031	1.84619	0.153806	0.9550777
4481	1	-15.40251	-15.03061	-0.3719047	0.282499	0.974987	0.0250127	1.94997	0.0500253	0.9669965
4482	0	-16.12475	-15.74045	-0.3843024	0.0268059	0.966888	0.0331119	1.93378	0.0662239	0.9790597
4483	1	-17.71791	-17.52165	-0.1962543	0.272304	0.969113	0.030887	1.93823	0.061774	0.8112242
4484	0	-18.02156	-17.61727	-0.4042852	0.0320976	0.937151	0.0628488	1.8743	0.125698	0.9988207
4485	1	-17.08999	-16.80323	-0.2867521	0.392161	0.977416	0.0225839	1.95483	0.0451678	0.8880626
4486	0	-15.52849	-15.13473	-0.3937648	0.299236	0.969164	0.0308359	1.93833	0.0616717	0.9883679
4487	1	-15.70174	-15.31822	-0.3835184	0.257495	0.966424	0.0335756	1.93285	0.0671513	0.9782923
4488	0	-15.9936	-15.59041	-0.4031919	0.172843	0.959816	0.0401842	1.91963	0.0803683	0.9977293
4489	1	-16.35515	-15.9602	-0.3949559	-0.0232269	0.981396	0.0186039	1.96279	0.0372079	0.9895458
4490	0	-21.85445	-21.45675	-0.3976988	0.331232	0.885861	0.114139	1.77172	0.228278	0.9922638
4491	1	-17.59924	-17.25027	-0.348969	-0.031755	0.954242	0.0457575	1.90848	0.091515	0.9450701
4492	0	-15.91302	-15.55028	-0.3627387	0.267575	0.966452	0.0335476	1.9329	0.0670952	0.9581735
4493	1	-16.3562	-15.99946	-0.3567405	0.414979	0.977104	0.0228959	1.95421	0.0457917	0.9524434
4494	0	-18.20999	-17.91467	-0.2953224	0.270008	0.945347	0.0546532	1.89069	0.109306	0.8957063
4495	1	-15.85377	-15.45304	-0.4007244	0.00846366	0.979361	0.0206389	1.95872	0.0412778	0.9952705
4496	0	-18.84806	-18.63574	-0.2123209	0.236301	0.947188	0.0528115	1.89438	0.105623	0.8243631
4497	1	-15.96911	-15.59044	-0.3786722	0.309643	0.984649	0.0153509	1.9693	0.0307019	0.9735629
4498	0	-15.41024	-15.02111	-0.3891295	0.194023	0.969449	0.0305514	1.9389	0.0611028	0.9837971
4499	1	-16.77588	-16.37909	-0.3967854	-0.0732059	0.965981	0.0340191	1.93196	0.0680381	0.9913579
4500	0	-17.93644	-17.59103	-0.3454181	0.483856	0.965771	0.0342288	1.93154	0.0684577	0.9417202
4501	1	-15.63979	-15.23637	-0.403421	0.399226	0.978766	0.0212343	1.95753	0.0424685	0.9979579
4502	0	-15.06232	-14.65731	-0.4050101	0.28551	0.975255	0.0247454	1.95051	0.0494908	0.9995451
4503	1	-15.87225	-15.4972	-0.375051	0.291458	0.984237	0.015763	1.96847	0.0315261	0.9700438
4504	0	-15.69063	-15.29853	-0.392098	0.265839	0.98477	0.0152298	1.96954	0.0304596	0.9867218
4505	1	-16.2287	-15.8643	-0.3643985	0.165287	0.960985	0.0390148	1.92197	0.0780296	0.9597652
4506	0	-18.39015	-18.08745	-0.3026954	0.298517	0.943755	0.0562447	1.88751	0.112489	0.9023347
4507	1	-15.53897	-15.17888	-0.3600881	0.220257	0.980769	0.0192312	1.96154	0.0384623	0.9556372
4508	0	-18.68298	-18.35238	-0.3305991	0.418763	0.948382	0.0516183	1.89676	0.103237	0.9278678
4509	1	-15.06652	-14.66887	-0.3976505	0.172515	0.978123	0.0218768	1.95625	0.0437535	0.9922159
4510	0	-15.36626	-14.98351	-0.3827504	0.13987	0.973303	0.0266972	1.94661	0.0533945	0.9775413
4511	1	-15.84067	-15.45009	-0.3905754	0.38922	0.972829	0.0271711	1.94566	0.0543422	0.9852206
4512	0	-15.37664	-14.98491	-0.3917272	0.282015	0.971074	0.0289258	1.94215	0.0578516	0.986356
4513	1	-16.63758	-16.24581	-0.3917713	0.443644	0.968348	0.0316521	1.9367	0.0633041	0.9863995
4514	0	-15.56981	-15.1881	-0.3817105	0.116762	0.970352	0.0296478	1.9407	0.0592956	0.9765253
4515	1	-15.88403	-15.54629	-0.3377404	0.158415	0.970588	0.029412	1.94118	0.0588241	0.9345177
4516	0	-16.98584	-16.58482	-0.4010226	-0.0361398	0.957125	0.042875	1.91425	0.0857499	0.9955673
4517	1	-21.39317	-21.07648	-0.3166852	0.227367	0.895614	0.104386	1.79123	0.208772	0.9150469
4518	0	-17.64853	-17.24853	-0.3999936	0.0509473	0.941812	0.0581878	1.88362	0.116376	0.9945435
4519	1	-20.14717	-19.78324	-0.3639236	0.159565	0.906947	0.0930528	1.81389	0.186106	0.9593095
4520	0	-18.21001	-17.91523	-0.2947824	0.417049	0.984873	0.0151273	1.96975	0.0302546	0.8952228
4521	1	-18.7978	-18.44246	-0.3553354	-0.0941467	0.942334	0.0576659	1.88467	0.115332	0.951106
4522	0	-16.2315	-15.90162	-0.3298766	0.262321	0.966338	0.033662	1.93268	0.067324	0.9271976
4523	1	-16.15687	-15.8229	-0.3339618	0.134625	0.981952	0.0180484	1.9639	0.0360967	0.9309932
4524	0	-17.04781	-16.73535	-0.3124605	0.245873	0.985545	0.0144545	1.97109	0.0289091	0.9111893
4525	1	-16.86793	-16.59761	-0.2703186	0.098178	0.978561	0.0214394	1.95712	0.0428789	0.873588
4526	0	-16.54729	-16.23028	-0.3170006	0.214148	0.98393	0.0160704	1.96786	0.0321408	0.9153356
4527	1	-19.89729	-19.62828	-0.2690124	0.314795	0.930161	0.0698393	1.86032	0.139679	0.8724476
4528	0	-15.32706	-14.9502	-0.3768552	0.166212	0.974559	0.0254408	1.94912	0.0508816	0.9717955
4529	1	-16.61964	-16.32861	-0.2910309	0.190118	0.965414	0.0345856	1.93083	0.0691711	0.8918706
4530	0	-15.76416	-15.42203	-0.3421271	0.29868	0.975969	0.0240309	1.95194	0.0480618	0.9386262
4531	1	-16.02172	-15.66897	-0.3527474	0.230652	0.983888	0.0161116	1.96778	0.0322232	0.9486478
4532	0	-15.82613	-15.49028	-0.3358494	0.13376	0.976316	0.0236843	1.95263	0.0473686	0.9327522
4533	1	-17.02463	-16.73425	-0.2903808	0.0177956	0.969854	0.0301458	1.93971	0.0602915	0.891291
4534	0	-15.6801	-15.33092	-0.3491813	0.212411	0.980813	0.0191869	1.96163	0.0383737	0.9452708
4535	1	-16.01537	-15.64401	-0.3713595	0.0961854	0.9654	0.0345998	1.9308	0.0691996	0.9664694
4536	0	-18.96827	-18.56757	-0.4006998	0.421968	0.937201	0.0627993	1.8744	0.125599	0.995246
4537	1	-18.59665	-18.28017	-0.3164828	0.142332	0.935204	0.0647963	1.87041	0.129593	0.9148618
4538	0	-18.32218	-17.93659	-0.3855954	-0.0813518	0.944051	0.0559495	1.8881	0.111899	0.9803264
4539	1	-17.26967	-16.93145	-0.3382138	0.0923532	0.98617	0.0138304	1.97234	0.0276608	0.9349602
4540	0	-16.41697	-16.12932	-0.2876457	0.285686	0.973624	0.0263763	1.94725	0.0527526	0.8888565
4541	1	-16.57414	-16.18247	-0.3916682	0.322009	0.957251	0.042749	1.9145	0.0854979	0.9862978
4542	0	-19.91944	-19.63507	-0.2843768	0.186917	0.920923	0.0790774	1.84185	0.158155	0.8859557
4543	1	-16.63836	-16.28651	-0.3518488	0.229591	0.957213	0.0427872	1.91443	0.0855744	0.9477957
4544	0	-17.65176	-17.39876	-0.2530034	0.235372	0.956954	0.0430462	1.91391	0.0860924	0.8585918
4545	1	-18.62463	-18.3004	-0.324227	0.516744	0.96877	0.0312298	1.93754	0.0624597	0.9219742
4546	0	-15.94256	-15.62164	-0.3209212	0.232893	0.979312	0.0206876	1.95862	0.0413751	0.9189313
4547	1	-15.54982	-15.18047	-0.3693513	0.146637	0.980764	0.0192358	1.96153	0.0384717	0.9645305
4548	0	-18.62377	-18.24975	-0.3740186	0.10264	0.928978	0.0710224	1.85796	0.142045	0.9690428
4549	1	-15.71309	-15.36549	-0.347596	0.166288	0.980076	0.0199238	1.96015	0.0398476	0.9437735
4550	0	-17.27192	-16.90126	-0.3706688	0.164852	0.98812	0.0118799	1.97624	0.0237598	0.9658021
4551	1	-15.6908	-15.33899	-0.3518081	0.167363	0.971382	0.0286176	1.94276	0.0572351	0.9477571
4552	0	-16.66446	-16.32961	-0.3348476	-0.0125941	0.974837	0.0251631	1.94967	0.0503262	0.9318182
4553	1	-17.61293	-17.24988	-0.3630528	-0.135723	0.973807	0.0261933	1.94761	0.0523865	0.9584745
4554	0	-15.46834	-15.09999	-0.3683466	0.192541	0.972057	0.0279433	1.94411	0.0558867	0.963562
4555	1	-17.21356	-16.85421	-0.3593546	0.309478	0.952285	0.0477146	1.90457	0.0954292	0.9549365
4556	0	-16.94529	-16.57523	-0.3700627	-0.0282953	0.961063	0.0389366	1.92213	0.0778733	0.965217
4557	1	-15.44737	-15.04687	-0.4004983	0.0646784	0.978452	0.0215484	1.9569	0.0430968	0.9950455
4558	0	-17.64172	-17.24537	-0.3963553	0.388935	0.949466	0.0505343	1.89893	0.101069	0.9909315
4559	1	-15.92404	-15.52354	-0.4004983	0.0467874	0.98305	0.01695	1.9661	0.0339	0.9950455
4560	0	-15.61457	-15.21821	-0.3963553	0.210337	0.965416	0.0345837	1.93083	0.0691674	0.9909315
4561	1	-15.17405	-14.77606	-0.3979936	0.130325	0.976155	0.023845	1.95231	0.0476899	0.9925563
4562	0	-16.91353	-16.5584	-0.35513	-0.00451307	0.961233	0.0387666	1.92247	0.0775332	0.9509107
4563	1	-15.26767	-14.87251	-0.3951566	0.141097	0.972723	0.0272766	1.94545	0.0545531	0.9897444
4564	0	-15.92509	-15.53666	-0.3884294	0.394887	0.972536	0.0274637	1.94507	0.0549274	0.9831086
4565	1	-17.55912	-17.19343	-0.3656854	0.284202	0.946114	0.0538856	1.89223	0.107771	0.9610011
4566	0	-15.17534	-14.77375	-0.4015917	0.147662	0.973136	0.0268638	1.94627	0.0537276	0.9961341
4567	1	-15.18687	-14.7851	-0.4017734	0.122408	0.979252	0.0207483	1.9585	0.0414966	0.9963151
4568	0	-15.988	-15.59548	-0.3925226	0.0846724	0.984231	0.0157693	1.96846	0.0315385	0.9871409
4569	1	-17.30147	-16.9206	-0.3808725	0.0722026	0.947501	0.0524985	1.895	0.104997	0.9757073
4570	0	-16.19418	-15.80118	-0.3929981	0.0371006	0.963571	0.0364291	1.92714	0.0728582	0.9876104
4571	1	-15.30991	-14.91518	-0.3947316	0.204637	0.970225	0.0297753	1.94045	0.0595506	0.9893239
4572	0	-16.27732	-15.89061	-0.3867042	0.440914	0.975886	0.0241137	1.95177	0.0482275	0.981414
4573	1	-17.89163	-17.51571	-0.3759121	-0.109442	0.95559	0.0444101	1.91118	0.0888202	0.9708794
4574	0	-17.23451	-16.87323	-0.3612867	-0.0421792	0.959306	0.0406944	1.91861	0.0813889	0.9567832
4575	1	-16.50679	-16.23052	-0.2762662	0.165185	0.97186	0.0281402	1.94372	0.0562804	0.8787992
4576	0	-16.91857	-16.63344	-0.2851266	0.358349	0.971222	0.0287784	1.94244	0.0575568	0.8866202
4577	1	-16.10739	-15.72318	-0.3842079	0.0458852	0.965468	0.0345323	1.93094	0.0690647	0.9789671
4578	0	-16.0455	-15.65205	-0.3934464	0.0562295	0.964407	0.0355929	1.92881	0.0711859	0.9880532
4579	1	-15.57354	-15.19513	-0.3784049	0.349729	0.976958	0.0230421	1.95392	0.0460842	0.9733027
4580	0	-16.52274	-16.12344	-0.3992993	0.257177	0.954396	0.0456036	1.90879	0.0912073	0.9938531
4581	1	-15.80012	-15.40106	-0.3990603	0.410374	0.979133	0.0208665	1.95827	0.0417331	0.9936156
4582	0	-16.17175	-15.8037	-0.3680525	0.152335	0.984971	0.0150293	1.96994	0.0300587	0.9632786
4583	1	-17.44734	-17.07366	-0.3736796	0.28374	0.946644	0.0533564	1.89329	0.106713	0.9687143
4584	0	-15.92965	-15.5355	-0.3941464	0.0617015	0.965754	0.0342458	1.93151	0.0684917	0.9887451
4585	1	-15.84006	-15.43677	-0.403287	0.297369	0.963719	0.0362813	1.92744	0.0725626	0.9978242
4586	0	-15.41098	-15.03473	-0.3762498	0.132135	0.978598	0.0214016	1.9572	0.0428032	0.9712073
4587	1	-16.366	-15.96351	-0.4024958	0.409586	0.984884	0.0151161	1.96977	0.0302322	0.9970351
4588	0	-16.1266	-15.74347	-0.3831336	0.362563	0.984335	0.0156654	1.96867	0.0313309	0.977916
4589	1	-15.26629	-14.8638	-0.4024958	0.253024	0.983154	0.0168465	1.96631	0.033693	0.9970351
4590	0	-15.9239	-15.60164	-0.3222644	0.266837	0.974698	0.0253019	1.9494	0.0506039	0.9201664
4591	1	-17.30407	-16.92486	-0.3792088	0.294604	0.974365	0.0256353	1.94873	0.0512707	0.9740854
4592	0	-17.08974	-16.74173	-0.3480093	0.459885	0.979509	0.0204909	1.95902	0.0409818	0.9441636
4593	1	-16.14708	-15.82267	-0.3244118	0.100498	0.971639	0.0283614	1.94328	0.0567228	0.9221445
4594	0	-15.87181	-15.50252	-0.3692857	0.370914	0.974397	0.0256029	1.94879	0.0512058	0.9644673
4595	1	-16.50321	-16.17518	-0.3280347	0.045597	0.968154	0.0318462	1.93631	0.0636925	0.9254915
4596	0	-17.12758	-16.7388	-0.3887872	-0.0735785	0.982521	0.0174795	1.96504	0.034959	0.9834604
4597	1	-15.51307	-15.10975	-0.4033166	0.0552419	0.979588	0.0204116	1.95918	0.0408231	0.9978538
4598	0	-15.27685	-14.90362	-0.3732308	0.221608	0.976725	0.0232747	1.95345	0.0465494	0.9682797
4599	1	-15.30352	-14.92764	-0.3758791	0.206877	0.979827	0.0201732	1.95965	0.0403464	0.9708473
4600	0	-16.11881	-15.76933	-0.3494828	0.366797	0.973092	0.0269082	1.94618	0.0538165	0.9455559
4601	1	-17.96605	-17.70553	-0.2605202	0.237112	0.985679	0.0143213	1.97136	0.0286426	0.86507
4602	0	-16.08806	-15.70075	-0.387306	0.151494	0.960524	0.0394764	1.92105	0.0789528	0.9820048
4603	1	-17.81073	-17.49348	-0.3172417	-0.068579	0.96061	0.03939	1.92122	0.07878	0.9155563
4604	0	-15.81782	-15.43012	-0.3877003	0.0220613	0.975452	0.0245477	1.9509	0.0490955	0.982392
4605	1	-16.89171	-16.62249	-0.269221	0.0963399	0.968662	0.0313377	1.93732	0.0626754	0.8726296
4606	0	-15.90087	-15.53995	-0.3609125	0.183927	0.965848	0.0341518	1.9317	0.0683035	0.9564253
4607	1	-16.37761	-15.99954	-0.3780753	0.408118	0.968858	0.0311421	1.93772	0.0622843	0.9729819
4608	0	-17.54964	-17.22262	-0.3270133	0.42776	0.963583	0.0364172	1.92717	0.0728345	0.9245466
4609	1	-15.61281	-15.2238	-0.3890076	0.224353	0.984314	0.0156857	1.96863	0.0313715	0.9836772
4610	0	-15.85197	-15.46291	-0.3890611	0.258953	0.985329	0.0146712	1.97066	0.0293425	0.9837298
4611	1	-16.51666	-16.12766	-0.3890076	0.459111	0.97991	0.0200904	1.95982	0.0401809	0.9836772
4612	0	-17.24376	-16.93245	-0.3113031	0.145509	0.985631	0.0143691	1.97126	0.0287382	0.9101353
4613	1	-16.13107	-15.81759	-0.3134766	0.22214	0.980694	0.019306	1.96139	0.0386119	0.9121156
4614	0	-15.55313	-15.15052	-0.4026115	0.0791963	0.969684	0.0303162	1.93937	0.0606324	0.9971505
4615	1	-17.35587	-16.95983	-0.3960354	0.477204	0.964144	0.0358558	1.92829	0.0717117	0.9906146
4616	0	-21.4414	-21.22303	-0.2183737	0.398491	0.928282	0.0717176	1.85656	0.143435	0.8293679
4617	1	-15.96327	-15.56498	-0.3982937	0.411691	0.972587	0.0274132	1.94517	0.0548264	0.9928543
4618	0	-17.40719	-17.14152	-0.2656698	0.219696	0.984176	0.0158244	1.96835	0.0316489	0.8695362
4619	1	-16.4506	-16.17112	-0.2794809	0.153863	0.973737	0.0262633	1.94747	0.0525266	0.8816288
4620	0	-18.3113	-18.10464	-0.2066665	0.199232	0.954446	0.0455541	1.90889	0.0911083	0.819715
4621	1	-16.62536	-16.30017	-0.3251847	0.0872742	0.963042	0.0369578	1.92608	0.0739156	0.9228575
4622	0	-17.13401	-16.88508	-0.2489232	0.0777778	0.975225	0.0247753	1.95045	0.0495506	0.8550957
4623	1	-17.58169	-17.22414	-0.3575462	0.288191	0.946883	0.0531168	1.89377	0.106234	0.9532111
4624	0	-17.18373	-16.82819	-0.3555477	-0.0877895	0.969893	0.0301069	1.93979	0.0602139	0.951308
4625	1	-16.05118	-15.67009	-0.381099	0.0334244	0.968117	0.0318829	1.93623	0.0637658	0.9759283
4626	0	-15.93385	-15.54899	-0.3848597	0.0730339	0.982947	0.0170535	1.96589	0.034107	0.9796054
4627	1	-20.04298	-19.777	-0.2659815	0.268828	0.925164	0.0748361	1.85033	0.149672	0.8698073
4628	0	-15.84998	-15.47554	-0.37444	0.0386144	0.976024	0.0239756	1.95205	0.0479512	0.9694513
4629	1	-18.32356	-17.98168	-0.3418824	0.428834	0.952473	0.0475268	1.90495	0.0950537	0.9383965
4630	0	-16.21413	-15.88135	-0.3327802	0.252271	0.965831	0.0341688	1.93166	0.0683376	0.9298938
4631	1	-15.65498	-15.30088	-0.3540959	0.185072	0.971191	0.0288091	1.94238	0.0576182	0.9499279
4632	0	-17.82268	-17.51849	-0.3041866	0.316958	0.951794	0.0482059	1.90359	0.0964117	0.9036813
4633	1	-16.8765	-16.57868	-0.2978255	0.0420924	0.979223	0.0207775	1.95845	0.0415549	0.8979512
4634	0	-17.21051	-16.85385	-0.3566572	0.476017	0.973392	0.0266083	1.94678	0.0532166	0.9523641
4635	1	-18.40245	-18.08632	-0.3161321	0.43649	0.956062	0.0439382	1.91212	0.0878764	0.914541
4636	0	-15.72915	-15.3622	-0.3669491	0.332168	0.972746	0.0272541	1.94549	0.0545082	0.9622163
4637	1	-15.70876	-15.32356	-0.385196	0.0516973	0.97895	0.0210499	1.9579	0.0420998	0.9799349
4638	0	-15.53397	-15.12894	-0.4050285	0.330424	0.983742	0.0162576	1.96748	0.0325152	0.9995635
4639	1	-16.43045	-16.11398	-0.3164674	0.097829	0.967256	0.0327439	1.93451	0.0654879	0.9148476
4640	0	-15.74846	-15.35277	-0.3956937	0.377547	0.982221	0.0177791	1.96444	0.0355583	0.9902762
4641	1	-16.45253	-16.07924	-0.3732954	0.422837	0.982019	0.0179814	1.96404	0.0359627	0.9683422
4642	0	-15.57939	-15.1862	-0.3931903	0.0704362	0.971767	0.028233	1.94353	0.0564661	0.9878002
4643	1	-15.00413	-14.60307	-0.4010568	0.252956	0.978833	0.021167	1.95767	0.042334	0.9956014
4644	0	-20.28685	-19.94261	-0.344235	0.559203	0.956642	0.0433578	1.91328	0.0867157	0.9406068
4645	1	-17.74857	-17.4896	-0.2589702	-0.028354	0.9718	0.0282	1.9436	0.0564001	0.8637302
4646	0	-16.16492	-15.82858	-0.3363402	0.191495	0.965299	0.0347008	1.9306	0.0694016	0.9332101
4647	1	-16.65834	-16.37851	-0.2798299	0.249305	0.96775	0.03225	1.9355	0.0645001	0.8819365
4648	0	-16.21457	-15.90465	-0.3099279	0.256016	0.969982	0.0300181	1.93996	0.0600363	0.9088845
4649	1	-18.54224	-18.37832	-0.1639217	0.0465299	0.967885	0.0321153	1.93577	0.0642305	0.7854147
4650	0	-16.16235	-15.84248	-0.3198776	0.124523	0.970323	0.0296767	1.94065	0.0593534	0.9179729
4651	1	-15.66211	-15.27722	-0.3848845	0.340556	0.971281	0.0287187	1.94256	0.0574374	0.9796298
4652	0	-16.81849	-16.46441	-0.3540777	0.0584591	0.957835	0.0421653	1.91567	0.0843306	0.9499106
4653	1	-15.84795	-15.47768	-0.3702653	0.361852	0.980822	0.0191782	1.96164	0.0383564	0.9654125
4654	0	-15.53988	-15.14492	-0.3949658	0.11311	0.968901	0.031099	1.9378	0.0621979	0.9895557
4655	1	-19.59402	-19.26716	-0.3268505	0.240748	0.921835	0.0781654	1.84367	0.156331	0.9243961
4656	0	-15.97667	-15.597	-0.3796638	0.0172214	0.978195	0.0218053	1.95639	0.0436106	0.9745287
4657	1	-18.47359	-18.11161	-0.3619772	0.0165073	0.936126	0.0638742	1.87225	0.127748	0.9574441
4658	0	-16.07515	-15.726	-0.349146	0.148828	0.983151	0.016849	1.9663	0.0336981	0.9452375
4659	1	-17.47159	-17.15426	-0.3173321	0.333634	0.955648	0.0443521	1.9113	0.0887043	0.915639
4660	0	-15.98382	-15.66508	-0.3187374	0.186041	0.972188	0.0278121	1.94438	0.0556242	0.9169268
4661	1	-16.75145	-16.42824	-0.323206	0.275993	0.960584	0.0394165	1.92117	0.0788329	0.9210333
4662	0	-18.40819	-18.17355	-0.234634	-0.0444949	0.976996	0.023004	1.95399	0.046008	0.8429639
4663	1	-16.62144	-16.24235	-0.3790845	0.329909	0.958481	0.0415187	1.91696	0.0830374	0.9739643
4664	0	-18.76059	-18.64291	-0.1176812	0.241036	0.971187	0.0288133	1.94237	0.0576266	0.7499236
4665	1	-15.65606	-15.28922	-0.3668478	0.0906763	0.977296	0.0227043	1.95459	0.0454086	0.9621188
4666	0	-18.49663	-18.3492	-0.1474335	0.29592	0.970695	0.0293052	1.94139	0.0586103	0.7725708
4667	1	-16.69884	-16.40603	-0.2928126	0.203926	0.963872	0.0361283	1.92774	0.0722565	0.8934611
4668	0	-19.12801	-18.99248	-0.1355284	0.112974	0.957058	0.0429421	1.91412	0.0858842	0.7634278
4669	1	-15.19941	-14.7969	-0.4025057	0.256023	0.97148	0.0285203	1.94296	0.0570406	0.997045
4670	0	-23.08517	-22.8407	-0.2444704	-0.201889	0.909449	0.0905508	1.8189	0.181102	0.8512966
4671	1	-15.49194	-15.10978	-0.382161	0.143965	0.970367	0.0296331	1.94073	0.0592662	0.9769653
4672	0	-15.72902	-15.37876	-0.3502594	0.24656	0.981463	0.0185375	1.96293	0.0370749	0.9462904
4673	1	-15.42891	-15.05399	-0.3749166	0.290805	0.97394	0.0260602	1.94788	0.0521205	0.9699134
4674	0	-17.72042	-17.43364	-0.2867886	0.212882	0.950829	0.0491711	1.90166	0.0983422	0.8880951
4675	1	-15.84823	-15.49735	-0.3508772	0.0870307	0.976994	0.0230061	1.95399	0.0460123	0.9468752
4676	0	-17.36674	-17.14443	-0.2223183	0.297185	0.977033	0.0229667	1.95407	0.0459334	0.8326459
4677	1	-15.88634	-15.51848	-0.3678654	0.351834	0.971599	0.0284015	1.9432	0.056803	0.9630983
4678	0	-16.48096	-16.20796	-0.272996	0.177593	0.975354	0.0246458	1.95071	0.0492916	0.87593
4679	1	-16.37404	-16.0028	-0.3712439	0.261399	0.95917	0.0408295	1.91834	0.081659	0.9663578
4680	0	-15.83187	-15.47989	-0.3519828	0.0975445	0.972764	0.0272359	1.94553	0.0544718	0.9479227
4681	1	-18.12218	-17.90062	-0.2215654	0.193777	0.954581	0.045419	1.90916	0.090838	0.8320192
4682	0	-18.66448	-18.33589	-0.328594	0.488681	0.960368	0.0396317	1.92074	0.0792633	0.9260092
4683	1	-16.6572	-16.33353	-0.3236792	0.14557	0.960499	0.0395011	1.921	0.0790021	0.9214692
4684	0	-16.08573	-15.68759	-0.3981319	0.371412	0.965991	0.0340092	1.93198	0.0680184	0.9926936
4685	1	-17.692	-17.33018	-0.361823	0.336373	0.948039	0.0519612	1.89608	0.103922	0.9572965
4686	0	-15.80715	-15.42147	-0.3856849	0.342867	0.96904	0.0309603	1.93808	0.0619206	0.9804141
4687	1	-16.55097	-16.24234	-0.308625	0.114033	0.965558	0.0344422	1.93112	0.0688844	0.9077012
4688	0	-17.6497	-17.32426	-0.3254339	0.473415	0.979633	0.0203667	1.95927	0.0407333	0.9230875
4689	1	-17.15202	-16.86454	-0.2874845	0.039693	0.979031	0.0209688	1.95806	0.0419377	0.8887133
4690	0	-16.69608	-16.32379	-0.3722878	0.304202	0.956844	0.0431556	1.91369	0.0863111	0.967367
4691	1	-16.94606	-16.61703	-0.3290296	0.414988	0.981395	0.0186046	1.96279	0.0372093	0.9264127
4692	0	-15.47466	-15.08219	-0.3924682	0.309534	0.98278	0.01722	1.96556	0.0344399	0.9870872
4693	1	-19.00512	-18.7375	-0.2676162	-0.0829338	0.981964	0.0180356	1.96393	0.0360712	0.8712303
4694	0	-15.24322	-14.86239	-0.380822	0.26718	0.976378	0.0236219	1.95276	0.0472438	0.975658
4695	1	-16.86892	-16.4839	-0.385027	0.16411	0.950517	0.0494833	1.90103	0.0989666	0.9797694
4696	0	-17.16524	-16.76133	-0.4039091	0.138607	0.945206	0.0547944	1.89041	0.109589	0.9984452
4697	1	-17.4544	-17.0863	-0.3680985	-0.119068	0.977597	0.0224027	1.95519	0.0448055	0.9633229
4698	0	-17.51121	-17.26	-0.2512113	0.0240779	0.976857	0.023143	1.95371	0.046286	0.8570545
4699	1	-16.57621	-16.20811	-0.3680985	0.329525	0.960223	0.0397771	1.92045	0.0795542	0.9633229
4700	0	-17.45292	-17.20674	-0.2461847	0.0448331	0.977309	0.0226913	1.95462	0.0453825	0.8527572
4701	1	-16.25093	-15.86441	-0.3865247	0.439379	0.976504	0.023496	1.95301	0.0469921	0.9812378
4702	0	-16.94683	-16.5779	-0.3689341	0.438768	0.966824	0.0331765	1.93365	0.066353	0.9641282
4703	1	-16.09731	-15.74973	-0.3475829	0.0462793	0.975479	0.024521	1.95096	0.049042	0.9437611
4704	0	-16.11901	-15.72634	-0.3926758	0.0386351	0.964673	0.0353267	1.92935	0.0706535	0.9872921
4705	1	-16.02045	-15.67223	-0.3482148	0.180164	0.965863	0.0341368	1.93173	0.0682736	0.9443576
4706	0	-15.31937	-14.93593	-0.3834372	0.308604	0.977925	0.0220754	1.95585	0.0441509	0.978213
4707	1	-16.5684	-16.22773	-0.3406723	0.140752	0.959646	0.0403541	1.91929	0.0807081	0.9372616
4708	0	-15.53064	-15.13191	-0.3987321	0.300113	0.98396	0.0160401	1.96792	0.0320802	0.9932896
4709	1	-17.30516	-17.03654	-0.2686176	0.250334	0.959818	0.0401817	1.91964	0.0803634	0.8721032
4710	0	-19.60039	-19.34573	-0.2546625	0.11834	0.929498	0.0705021	1.859	0.141004	0.8600175
4711	1	-19.00463	-18.77874	-0.225896	0.0806369	0.943407	0.0565935	1.88681	0.113187	0.8356302
4712	0	-17.87973	-17.58359	-0.2961401	-0.0323529	0.958124	0.041876	1.91625	0.083752	0.896439
4713	1	-16.94288	-16.55735	-0.3855326	-0.0920568	0.968748	0.0312521	1.9375	0.0625042	0.9802648
4714	0	-16.25107	-15.92517	-0.3259036	0.347466	0.973511	0.0264887	1.94702	0.0529773	0.9235212
4715	1	-16.87427	-16.5348	-0.3394681	0.0382848	0.96033	0.0396695	1.92066	0.0793391	0.9361336
4716	0	-15.92141	-15.57861	-0.3427942	0.150918	0.969074	0.030926	1.93815	0.061852	0.9392526
4717	1	-20.68577	-20.32778	-0.3579947	0.582707	0.957272	0.0427278	1.91454	0.0854556	0.9536387
4718	0	-16.97588	-16.73459	-0.2412962	0.246557	0.97097	0.0290301	1.94194	0.0580603	0.8485987
4719	1	-16.86888	-16.54682	-0.322066	0.0706029	0.960711	0.0392894	1.92142	0.0785787	0.9199839
4720	0	-16.57218	-16.30236	-0.2698267	0.268961	0.97543	0.02457	1.95086	0.04914	0.8731583
4721	1	-15.79016	-15.41773	-0.3724282	0.108909	0.982142	0.0178578	1.96428	0.0357156	0.9675028
4722	0	-16.71184	-16.30885	-0.4029943	-0.0441988	0.983154	0.0168456	1.96631	0.0336912	0.9975323
4723	1	-17.70487	-17.34072	-0.3641557	-0.132639	0.97197	0.0280296	1.94394	0.0560591	0.9595322
4724	0	-16.99727	-16.61377	-0.3834977	0.464828	0.968383	0.0316168	1.93677	0.0632336	0.9782721
4725	1	-16.17434	-15.85009	-0.3242458	0.326965	0.972912	0.0270883	1.94582	0.0541766	0.9219915
4726	0	-16.1364	-15.73745	-0.3989532	0.0389837	0.963547	0.0364528	1.92709	0.0729055	0.9935092
4727	1	-15.23617	-14.84874	-0.3874301	0.16716	0.974045	0.025955	1.94809	0.0519099	0.9821266
4728	0	-17.48574	-17.08048	-0.4052603	-0.00683812	0.947017	0.0529832	1.89403	0.105966	0.9997952
4729	1	-18.89519	-18.61724	-0.2779454	-0.0414303	0.946083	0.053917	1.89217	0.107834	0.8802761
4730	0	-18.54486	-18.16369	-0.3811723	0.464913	0.950455	0.0495448	1.90091	0.0990896	0.9759999
4731	1	-17.25186	-17.02154	-0.230321	0.238728	0.967412	0.0325882	1.93482	0.0651763	0.839336
4732	0	-17.75784	-17.41242	-0.3454234	0.250219	0.944409	0.0555914	1.88882	0.111183	0.9417252
4733	1	-17.23831	-16.96192	-0.2763901	0.138948	0.959062	0.0409384	1.91812	0.0818768	0.878908
4734	0	-20.80231	-20.4576	-0.3447137	-0.231367	0.983809	0.0161905	1.96762	0.0323811	0.9410571
4735	1	-16.60058	-16.24603	-0.3545478	0.0404685	0.962251	0.0377492	1.9245	0.0754983	0.9503573
4736	0	-17.79916	-17.39979	-0.3993771	-0.115171	0.954527	0.0454728	1.90905	0.0909456	0.9939305
4737	1	-16.89886	-16.62998	-0.268889	0.323844	0.97128	0.0287199	1.94256	0.0574399	0.87234
4738	0	-19.18832	-18.87169	-0.3166311	0.427391	0.945507	0.0544925	1.89101	0.108985	0.9149975
4739	1	-15.42949	-15.02654	-0.402946	0.255194	0.984239	0.0157607	1.96848	0.0315215	0.9974841
4740	0	-16.11943	-15.78896	-0.3304698	0.344506	0.976434	0.0235655	1.95287	0.047131	0.9277479
4741	1	-15.61615	-15.27215	-0.3439984	0.216364	0.974998	0.0250023	1.95	0.0500047	0.9403842
4742	0	-16.32615	-16.01964	-0.3065044	0.0927001	0.975528	0.0244716	1.95106	0.0489432	0.9057783
4743	1	-16.76395	-16.41697	-0.3469823	0.380997	0.964863	0.0351366	1.92973	0.0702731	0.9431944
4744	0	-16.27529	-15.93437	-0.3409243	0.0636909	0.968241	0.0317588	1.93648	0.0635175	0.9374979
4745	1	-16.96452	-16.66872	-0.2958024	0.268333	0.984149	0.0158507	1.9683	0.0317015	0.8961364
4746	0	-15.34907	-14.96575	-0.3833202	0.294509	0.980599	0.0194008	1.9612	0.0388017	0.9780985
4747	1	-17.49294	-17.15241	-0.3405256	0.178355	0.947059	0.0529412	1.89412	0.105882	0.9371241
4748	0	-16.8702	-16.46642	-0.40378	0.495092	0.974189	0.0258112	1.94838	0.0516224	0.9983163
4749	1	-16.05974	-15.71921	-0.3405256	0.24592	0.966822	0.0331784	1.93364	0.0663569	0.9371241
4750	0	-16.17396	-15.79819	-0.3757703	0.416602	0.97961	0.0203902	1.95922	0.0407804	0.9707417
4751	1	-18.01815	-17.80195	-0.2161924	0.266021	0.959067	0.0409334	1.91813	0.0818668	0.8275608
4752	0	-17.44401	-17.15451	-0.2895033	0.360014	0.983826	0.016174	1.96765	0.032348	0.8905093
4753	1	-17.55016	-17.32293	-0.2272261	0.130783	0.963148	0.0368524	1.9263	0.0737047	0.8367424
4754	0	-16.07689	-15.75899	-0.3178991	0.125803	0.977252	0.0227479	1.9545	0.0454959	0.9161584
4755	1	-16.73904	-16.37649	-0.3625402	0.207466	0.954476	0.0455237	1.90895	0.0910474	0.9579833
4756	0	-15.47887	-15.10989	-0.3689816	0.307611	0.977097	0.0229026	1.95419	0.0458052	0.964174
4757	1	-15.65166	-15.26866	-0.3830002	0.198337	0.966519	0.0334815	1.93304	0.066963	0.9777855
4758	0	-18.69921	-18.41081	-0.2884023	0.367215	0.947537	0.052463	1.89507	0.104926	0.8895293
4759	1	-17.48037	-17.08114	-0.3992209	0.426403	0.955053	0.0449471	1.91011	0.0898941	0.9937752
4760	0	-17.82214	-17.56138	-0.2607653	0.271691	0.954953	0.045047	1.90991	0.090094	0.865282
4761	1	-15.74375	-15.38583	-0.3579231	0.1474	0.969778	0.0302221	1.93956	0.0604441	0.9535704
4762	0	-15.5695	-15.20135	-0.3681424	0.108701	0.974971	0.025029	1.94994	0.050058	0.9633652
4763	1	-16.29235	-15.93007	-0.3622875	0.164184	0.960385	0.0396153	1.92077	0.0792307	0.9577413
4764	0	-18.15291	-17.74988	-0.403036	-0.100891	0.946744	0.0532563	1.89349	0.106513	0.9975739
4765	1	-15.70589	-15.33102	-0.3748708	0.364581	0.977363	0.0226374	1.95473	0.0452748	0.9698689
4766	0	-15.89143	-15.53725	-0.3541822	0.253985	0.983151	0.0168492	1.9663	0.0336985	0.9500099
4767	1	-19.45604	-19.07387	-0.3821667	0.0484419	0.917557	0.0824432	1.83511	0.164886	0.9769709
4768	0	-15.59327	-15.21648	-0.3767881	0.0806372	0.975571	0.0244293	1.95114	0.0488585	0.9717303
4769	1	-15.84771	-15.45795	-0.389764	0.0275179	0.971613	0.0283868	1.94323	0.0567736	0.9844216
4770	0	-16.47133	-16.09247	-0.3788593	0.073532	0.958936	0.0410642	1.91787	0.0821285	0.973745
4771	1	-16.00883	-15.69096	-0.3178756	0.276119	0.978328	0.0216717	1.95666	0.0433434	0.9161369
4772	0	-15.98102	-15.66805	-0.3129716	0.245282	0.976224	0.0237763	1.95245	0.0475527	0.9116551
4773	1	-16.25235	-15.95841	-0.2939404	0.26536	0.976054	0.023946	1.95211	0.047892	0.8944693
4774	0	-15.41235	-15.04008	-0.3722716	0.213175	0.972281	0.0277191	1.94456	0.0554382	0.9673514
4775	1	-17.85915	-17.48709	-0.3720576	-0.0990083	0.955145	0.0448548	1.91029	0.0897097	0.9671444
4776	0	-16.29271	-15.93342	-0.3592977	0.313465	0.963861	0.0361387	1.92772	0.0722775	0.9548821
4777	1	-17.08149	-16.70944	-0.3720576	-0.100528	0.973759	0.0262411	1.94752	0.0524822	0.9671444
4778	0	-15.98675	-15.5971	-0.3896466	0.208556	0.961204	0.0387962	1.92241	0.0775924	0.984306
4779	1	-15.61298	-15.24731	-0.3656725	0.123366	0.972408	0.0275917	1.94482	0.0551834	0.9609887
4780	0	-19.15331	-18.78947	-0.3638447	0.0286323	0.925218	0.074782	1.85044	0.149564	0.9592338
4781	1	-15.11108	-14.72196	-0.3891158	0.219795	0.976621	0.0233785	1.95324	0.0467571	0.9837837
4782	0	-16.9742	-16.64426	-0.3299411	0.0581754	0.958771	0.0412291	1.91754	0.0824581	0.9272575
4783	1	-16.11704	-15.77338	-0.3436585	0.172114	0.96515	0.0348504	1.9303	0.0697009	0.9400646
4784	0	-17.27344	-16.94504	-0.3284041	0.393937	0.984524	0.0154755	1.96905	0.0309511	0.9258334
4785	1	-17.08272	-16.825	-0.2577199	0.266151	0.965621	0.034379	1.93124	0.0687579	0.8626508
4786	0	-16.67565	-16.30263	-0.37302	0.0638742	0.985396	0.014604	1.97079	0.029208	0.9680756
4787	1	-18.31155	-18.14499	-0.1665557	0.22699	0.962896	0.0371042	1.92579	0.0742084	0.7874862
4788	0	-15.56494	-15.18044	-0.3844984	0.116582	0.969957	0.0300431	1.93991	0.0600863	0.9792515
4789	1	-16.18971	-15.85949	-0.3302248	0.117252	0.967942	0.0320583	1.93588	0.0641166	0.9275206
4790	0	-16.68586	-16.29463	-0.3912262	0.352771	0.95799	0.0420096	1.91598	0.0840193	0.985862
4791	1	-15.97858	-15.66309	-0.3154833	0.24482	0.973994	0.0260056	1.94799	0.0520112	0.9139478
4792	0	-18.08932	-17.75447	-0.3348467	0.191532	0.939985	0.0600155	1.87997	0.120031	0.9318174
4793	1	-16.30348	-16.00689	-0.2965885	0.270891	0.979038	0.0209616	1.95808	0.0419231	0.8968411
4794	0	-15.47034	-15.06811	-0.4022268	0.163741	0.983947	0.0160527	1.96789	0.0321054	0.996767
4795	1	-20.22877	-20.06403	-0.1647478	-0.0180616	0.943244	0.0567564	1.88649	0.113513	0.7860638
4796	0	-16.1231	-15.81698	-0.3061224	0.156943	0.97397	0.0260305	1.94794	0.0520609	0.9054323
4797	1	-20.41556	-20.25857	-0.156996	-0.12731	0.96778	0.03222	1.93556	0.0644399	0.7799939
4798	0	-15.82634	-15.46246	-0.3638723	0.064719	0.977456	0.0225443	1.95491	0.0450885	0.9592603
4799	1	-17.15187	-16.89073	-0.2611418	0.189248	0.962152	0.0378481	1.9243	0.0756963	0.8656079
4800	0	-15.8318	-15.47873	-0.353065	0.337874	0.974991	0.025009	1.94998	0.0500179	0.9489491
4801	1	-15.72175	-15.35791	-0.3638412	0.105904	0.98005	0.01995	1.9601	0.0399001	0.9592305
4802	0	-15.3905	-14.99151	-0.3989844	0.0924107	0.980237	0.0197631	1.96047	0.0395262	0.9935402
4803	1	-16.7437	-16.42767	-0.3160283	0.157038	0.960085	0.0399151	1.92017	0.0798302	0.914446
4804	0	-16.00962	-15.63302	-0.3766035	0.0343167	0.96975	0.03025	1.9395	0.0604999	0.971551
4805	1	-16.08758	-15.7603	-0.3272752	0.297651	0.9711	0.0289005	1.9422	0.057801	0.9247888
4806	0	-15.10648	-14.70441	-0.4020681	0.260777	0.981392	0.0186076	1.96278	0.0372152	0.9966088
4807	1	-17.7126	-17.49556	-0.2170441	0.138594	0.962167	0.0378334	1.92433	0.0756669	0.8282659
4808	0	-16.08122	-15.73442	-0.3468054	0.0753356	0.970003	0.0299975	1.94001	0.059995	0.9430276
4809	1	-18.77864	-18.56236	-0.2162729	-0.0572639	0.963524	0.0364763	1.92705	0.0729526	0.8276274
4810	0	-15.49005	-15.12181	-0.3682439	0.168422	0.980554	0.0194458	1.96111	0.0388916	0.963463
4811	1	-17.76343	-17.57204	-0.1913909	0.251392	0.97826	0.0217405	1.95652	0.043481	0.8072885
4812	0	-18.76782	-18.45122	-0.3166033	0.345897	0.941005	0.0589952	1.88201	0.11799	0.914972
4813	1	-18.48264	-18.32048	-0.1621653	0.278572	0.963789	0.0362115	1.92758	0.0724229	0.7840365
4814	0	-15.89225	-15.52024	-0.3720131	0.119056	0.966141	0.033859	1.93228	0.0677181	0.9671013
4815	1	-19.71078	-19.59931	-0.1114715	0.312617	0.980582	0.0194178	1.96116	0.0388357	0.7452812
4816	0	-16.71625	-16.44724	-0.2690064	0.300322	0.97334	0.0266599	1.94668	0.0533198	0.8724423
4817	1	-22.51099	-22.39951	-0.1114715	-0.0251476	0.919129	0.0808713	1.83826	0.161743	0.7452812
4818	0	-16.85846	-16.46038	-0.3980805	0.240925	0.95002	0.0499798	1.90004	0.0999595	0.9926426
4819	1	-19.20923	-18.87044	-0.3387835	0.292228	0.928511	0.071489	1.85702	0.142978	0.935493
4820	0	-16.91973	-16.51733	-0.4023915	0.266239	0.949591	0.0504087	1.89918	0.100817	0.9969311
4821	1	-18.64287	-18.2672	-0.3756638	0.350816	0.936159	0.0638406	1.87232	0.127681	0.9706383
4822	0	-15.93316	-15.55251	-0.3806501	0.0358042	0.970424	0.0295756	1.94085	0.0591513	0.9754904
4823	1	-15.53877	-15.16838	-0.3703883	0.315063	0.97465	0.0253498	1.9493	0.0506995	0.9655312
4824	0	-16.43849	-16.06756	-0.3709227	0.388831	0.96668	0.0333202	1.93336	0.0666404	0.9660474
4825	1	-19.47267	-19.19278	-0.2798845	0.37372	0.94003	0.0599704	1.88006	0.119941	0.8819847
4826	0	-15.91802	-15.52702	-0.3910033	0.308409	0.985201	0.0147986	1.9704	0.0295972	0.9856422
4827	1	-18.02821	-17.77262	-0.255582	0.0740942	0.953234	0.0467661	1.90647	0.0935322	0.8608086
4828	0	-17.49347	-17.15633	-0.3371461	-0.0792296	0.964644	0.0353558	1.92929	0.0707116	0.9339625
4829	1	-18.0725	-17.88194	-0.1905632	0.20209	0.961016	0.0389844	1.92203	0.0779688	0.8066205
4830	0	-15.81228	-15.42787	-0.384406	0.236191	0.964355	0.0356448	1.92871	0.0712896	0.9791611
4831	1	-15.58115	-15.20128	-0.3798753	0.213659	0.967996	0.0320039	1.93599	0.0640079	0.9747348
4832	0	-17.24757	-16.85973	-0.3878382	-0.0223156	0.953567	0.0464328	1.90713	0.0928657	0.9825276
4833	1	-16.56534	-16.26779	-0.2975485	0.322452	0.970614	0.0293862	1.94123	0.0587724	0.8977025
4834	0	-17.71076	-17.40129	-0.3094742	0.462986	0.972019	0.0279809	1.94404	0.0559619	0.9084723
4835	1	-18.34667	-18.15565	-0.1910181	0.351656	0.979243	0.020757	1.95849	0.041514	0.8069876
4836	0	-16.50983	-16.17747	-0.332355	0.363789	0.982129	0.0178709	1.96426	0.0357417	0.9294985
4837	1	-17.5911	-17.30107	-0.2900282	0.167733	0.951829	0.0481706	1.90366	0.0963411	0.8909768
4838	0	-15.13692	-14.73839	-0.3985305	0.269107	0.973964	0.0260362	1.94793	0.0520725	0.9930894
4839	1	-16.21443	-15.84276	-0.3716663	0.064442	0.964149	0.0358505	1.9283	0.0717011	0.966766
4840	0	-15.90969	-15.55775	-0.351938	0.236985	0.983163	0.016837	1.96633	0.0336741	0.9478803
4841	1	-15.76083	-15.3692	-0.3916326	0.373667	0.982104	0.0178956	1.96421	0.0357911	0.9862627
4842	0	-15.85132	-15.49081	-0.3605117	0.215833	0.9666	0.0334002	1.9332	0.0668005	0.956042
4843	1	-15.75299	-15.41579	-0.3371951	0.170515	0.973805	0.0261953	1.94761	0.0523906	0.9340082
4844	0	-15.38037	-14.98141	-0.3989548	0.0783184	0.97547	0.0245297	1.95094	0.0490595	0.9935108
4845	1	-15.27635	-14.89475	-0.3815959	0.154226	0.975942	0.0240585	1.95188	0.048117	0.9764134
4846	0	-15.23244	-14.84019	-0.3922498	0.129482	0.976328	0.0236718	1.95266	0.0473436	0.9868716
4847	1	-18.52686	-18.12528	-0.4015738	0.536277	0.961773	0.0382267	1.92355	0.0764534	0.9961162
4848	0	-15.83614	-15.46973	-0.3664089	0.0552886	0.975903	0.0240969	1.95181	0.0481939	0.9616967
4849	1	-16.57061	-16.19743	-0.3731762	-0.0486703	0.976887	0.0231129	1.95377	0.0462258	0.9682268
4850	0	-15.96327	-15.55795	-0.4053158	-0.0221238	0.975265	0.0247348	1.95053	0.0494697	0.9998507
4851	1	-16.85234	-16.49737	-0.3549701	-0.041437	0.979386	0.0206145	1.95877	0.041229	0.9507587
4852	0	-16.20444	-15.8707	-0.3337458	0.17368	0.965241	0.0347587	1.93048	0.0695174	0.9307921
4853	1	-15.52119	-15.16705	-0.3541449	0.261167	0.977225	0.022775	1.95445	0.0455499	0.9499744
4854	0	-16.79309	-16.3893	-0.4037843	0.22796	0.950035	0.0499651	1.90007	0.0999303	0.9983206
4855	1	-17.28848	-16.96238	-0.3260992	0.137967	0.951726	0.0482743	1.90345	0.0965486	0.9237019
4856	0	-16.19588	-15.80253	-0.3933426	0.143564	0.986214	0.0137865	1.97243	0.027573	0.9879507
4857	1	-18.55919	-18.33051	-0.2286813	0.431878	0.969296	0.030704	1.93859	0.0614079	0.8379609
4858	0	-17.66446	-17.26821	-0.3962499	-0.146745	0.980093	0.0199068	1.96019	0.0398137	0.9908271
4859	1	-16.52692	-16.16567	-0.3612475	-0.0241248	0.970583	0.0294165	1.94117	0.058833	0.9567457
4860	0	-16.40798	-16.00911	-0.3988675	0.366116	0.986218	0.0137817	1.97244	0.0275633	0.9934242
4861	1	-16.8872	-16.51999	-0.3672152	-0.0526597	0.965944	0.0340556	1.93189	0.0681111	0.9624723
4862	0	-15.74991	-15.38298	-0.3669322	0.19535	0.967224	0.0327764	1.93445	0.0655527	0.9622001
4863	1	-16.89846	-16.6159	-0.2825612	0.109797	0.964517	0.0354825	1.92903	0.0709651	0.8843486
4864	0	-16.34031	-16.00033	-0.3399717	0.302996	0.965189	0.034811	1.93038	0.069622	0.9366052
4865	1	-20.31036	-20.23362	-0.07673813	0.259567	0.953713	0.0462868	1.90743	0.0925736	0.7198395
4866	0	-18.74582	-18.51117	-0.2346411	-0.033676	0.9553	0.0447	1.9106	0.0894001	0.8429699
4867	1	-20.16949	-20.1114	-0.05808428	0.137847	0.958185	0.0418153	1.91637	0.0836306	0.7065362
4868	0	-17.34791	-17.12085	-0.2270591	0.137761	0.966835	0.0331653	1.93367	0.0663306	0.8366027
4869	1	-18.82303	-18.59959	-0.2234428	0.383941	0.957742	0.042258	1.91548	0.084516	0.8335828
4870	0	-16.51002	-16.19055	-0.3194715	0.0432227	0.970659	0.0293409	1.94132	0.0586818	0.9176001
4871	1	-17.94432	-17.61728	-0.3270432	-0.119163	0.966628	0.0333719	1.93326	0.0667438	0.9245743
4872	0	-17.81565	-17.45008	-0.3655739	0.0749916	0.942008	0.0579919	1.88402	0.115984	0.960894
4873	1	-15.36234	-14.96313	-0.399207	0.0797973	0.977237	0.022763	1.95447	0.0455261	0.9937615
4874	0	-15.02282	-14.621	-0.4018171	0.172563	0.97807	0.0219298	1.95614	0.0438597	0.9963586
4875	1	-15.18611	-14.78681	-0.3992975	0.139674	0.980071	0.019929	1.96014	0.039858	0.9938514
4876	0	-16.8249	-16.42433	-0.400564	-0.0169801	0.957726	0.042274	1.91545	0.0845479	0.9951109
4877	1	-15.04182	-14.64134	-0.4004719	0.239976	0.980275	0.0197254	1.96055	0.0394508	0.9950192
4878	0	-15.71234	-15.31221	-0.4001288	0.233906	0.963883	0.0361168	1.92777	0.0722336	0.9946779
4879	1	-15.34349	-14.9571	-0.3863856	0.289339	0.97309	0.02691	1.94618	0.0538201	0.9811014
4880	0	-16.06644	-15.73	-0.336434	0.289425	0.969119	0.0308808	1.93824	0.0617616	0.9332977
4881	1	-16.2245	-15.82746	-0.3970418	0.350255	0.962686	0.037314	1.92537	0.0746279	0.9916121
4882	0	-16.37314	-16.036	-0.3371378	0.389596	0.977665	0.0223353	1.95533	0.0446707	0.9339548
4883	1	-16.31965	-16.02092	-0.2987302	0.18164	0.969473	0.0305271	1.93895	0.0610542	0.8987639
4884	0	-16.54995	-16.20268	-0.3472708	0.294311	0.960998	0.039002	1.922	0.078004	0.9434666
4885	1	-18.59972	-18.32905	-0.2706728	0.446902	0.983048	0.0169524	1.9661	0.0339048	0.8738974
4886	0	-16.17862	-15.79162	-0.3870018	0.206082	0.959011	0.0409885	1.91802	0.0819771	0.9817061
4887	1	-16.89193	-16.59745	-0.2944711	0.0257024	0.97639	0.0236102	1.95278	0.0472203	0.8949441
4888	0	-15.79326	-15.43113	-0.362126	0.322485	0.971533	0.0284671	1.94307	0.0569342	0.9575866
4889	1	-15.40511	-15.01098	-0.3941312	0.114551	0.98114	0.0188605	1.96228	0.0377209	0.9887301
4890	0	-19.07935	-18.68918	-0.3901762	0.431646	0.93836	0.0616403	1.87672	0.123281	0.9848274
4891	1	-16.41655	-16.13572	-0.2808299	0.217197	0.972015	0.0279853	1.94403	0.0559707	0.8828189
4892	0	-15.48929	-15.11773	-0.3715541	0.303816	0.974446	0.0255539	1.94889	0.0511079	0.9666575
4893	1	-18.08865	-17.82821	-0.2604386	0.381844	0.960791	0.0392094	1.92158	0.0784187	0.8649993
4894	0	-20.68362	-20.36768	-0.3159347	-0.105571	0.919892	0.0801082	1.83978	0.160216	0.9143604
4895	1	-16.80549	-16.4834	-0.3220873	0.00119366	0.978222	0.021778	1.95644	0.0435561	0.9200035
4896	0	-17.18984	-16.86485	-0.3249876	0.210237	0.952949	0.0470508	1.9059	0.0941015	0.9226757
4897	1	-17.42185	-17.13766	-0.2841839	-0.00773904	0.965897	0.0341033	1.93179	0.0682066	0.8857848
4898	0	-17.08357	-16.7246	-0.3589739	0.333739	0.95541	0.04459	1.91082	0.08918	0.9545729
4899	1	-17.13018	-16.89044	-0.239735	0.127996	0.96891	0.03109	1.93782	0.0621799	0.8472749
4900	0	-16.56595	-16.20279	-0.3631623	-0.0268542	0.97878	0.0212201	1.95756	0.0424403	0.9585795
4901	1	-20.96047	-20.88007	-0.08039868	0.070916	0.942461	0.0575389	1.88492	0.115078	0.7224794
4902	0	-18.29428	-17.96021	-0.334066	0.257546	0.939126	0.0608744	1.87825	0.121749	0.9310902
4903	1	-20.53836	-20.23682	-0.3015364	-0.0530137	0.918281	0.081719	1.83656	0.163438	0.9012895
4904	0	-15.1311	-14.74085	-0.3902408	0.234698	0.979708	0.020292	1.95942	0.040584	0.984891
4905	1	-17.67602	-17.38122	-0.2947958	0.180415	0.950071	0.0499291	1.90014	0.0998582	0.8952347
4906	0	-15.01908	-14.61526	-0.4038228	0.171186	0.979039	0.020961	1.95808	0.041922	0.998359
4907	1	-15.36328	-14.95885	-0.4044254	0.290371	0.969758	0.0302417	1.93952	0.0604834	0.9989609
4908	0	-15.61881	-15.27293	-0.345886	0.258009	0.975701	0.0242988	1.9514	0.0485977	0.942161
4909	1	-16.60492	-16.26425	-0.3406734	-0.00266687	0.978299	0.021701	1.9566	0.043402	0.9372627
4910	0	-16.02661	-15.69557	-0.3310411	0.285657	0.981147	0.0188532	1.96229	0.0377065	0.928278
4911	1	-17.10952	-16.77541	-0.3341084	0.36396	0.985247	0.014753	1.97049	0.0295059	0.9311297
4912	0	-16.15062	-15.7837	-0.3669159	0.249414	0.962177	0.0378232	1.92435	0.0756463	0.9621843
4913	1	-15.86516	-15.48996	-0.3751996	0.0993449	0.967109	0.0328908	1.93422	0.0657817	0.9701879
4914	0	-15.74757	-15.37161	-0.3759651	0.0685306	0.979651	0.0203487	1.9593	0.0406975	0.9709309
4915	1	-16.35321	-15.98514	-0.3680678	0.209307	0.958807	0.041193	1.91761	0.0823861	0.9632933
4916	0	-16.56522	-16.27866	-0.2865648	0.235639	0.967624	0.032376	1.93525	0.064752	0.8878963
4917	1	-19.22395	-18.88919	-0.3347521	-0.0289709	0.931781	0.0682192	1.86356	0.136438	0.9317293
4918	0	-17.49231	-17.25082	-0.2414978	0.0693192	0.979148	0.0208518	1.9583	0.0417035	0.8487697
4919	1	-16.1799	-15.87523	-0.3046687	0.269104	0.978792	0.0212079	1.95758	0.0424157	0.9041171
4920	0	-16.22497	-15.93052	-0.2944462	0.225153	0.977977	0.0220235	1.95595	0.0440469	0.8949218
4921	1	-18.08781	-17.74167	-0.3461391	-0.0567969	0.949937	0.0500628	1.89987	0.100126	0.9423995
4922	0	-16.36846	-16.04431	-0.3241464	0.179841	0.964096	0.0359035	1.92819	0.071807	0.9218998
4923	1	-17.68766	-17.43227	-0.255388	0.121381	0.956237	0.0437626	1.91247	0.0875253	0.8606416
4924	0	-15.54287	-15.15535	-0.3875219	0.241209	0.967833	0.0321673	1.93567	0.0643345	0.9822168
4925	1	-15.64268	-15.25619	-0.3864897	0.223131	0.96628	0.0337201	1.93256	0.0674403	0.9812035
4926	0	-18.24126	-17.89617	-0.3450937	0.336732	0.943297	0.0567033	1.88659	0.113407	0.9414149
4927	1	-17.11852	-16.73828	-0.3802368	-0.103675	0.977796	0.0222044	1.95559	0.0444088	0.9750873
4928	0	-17.38932	-17.07189	-0.3174313	0.0566494	0.954511	0.0454886	1.90902	0.0909772	0.9157299
4929	1	-15.40107	-15.00241	-0.3986624	0.349474	0.97477	0.0252302	1.94954	0.0504603	0.9932204
4930	0	-16.74471	-16.36426	-0.3804474	0.129092	0.953089	0.0469113	1.90618	0.0938226	0.9752927
4931	1	-15.69433	-15.29858	-0.3957482	0.0971395	0.967076	0.0329236	1.93415	0.0658473	0.9903301
4932	0	-16.82172	-16.45537	-0.3663516	0.44318	0.969846	0.0301544	1.93969	0.0603089	0.9616416
4933	1	-15.89943	-15.53434	-0.3650905	0.186377	0.965287	0.0347128	1.93057	0.0694256	0.9604296
4934	0	-17.1608	-16.89188	-0.2689207	0.315039	0.965489	0.0345108	1.93098	0.0690215	0.8723676
4935	1	-15.69815	-15.30159	-0.3965576	0.154834	0.984628	0.0153724	1.96926	0.0307448	0.991132
4936	0	-16.89363	-16.55453	-0.3390972	0.376958	0.963846	0.0361538	1.92769	0.0723075	0.9357865
4937	1	-15.97944	-15.65984	-0.3195962	0.147029	0.974809	0.0251907	1.94962	0.0503815	0.9177146
4938	0	-20.3762	-20.14346	-0.2327344	0.266447	0.92532	0.07468	1.85064	0.14936	0.8413641
4939	1	-18.71922	-18.43551	-0.2837186	0.147291	0.937567	0.0624329	1.87513	0.124866	0.8853727
4940	0	-17.29277	-16.98086	-0.3119056	0.143871	0.953298	0.0467022	1.9066	0.0934043	0.9106838
4941	1	-15.95311	-15.57204	-0.3810713	0.0652634	0.967004	0.0329958	1.93401	0.0659916	0.9759013
4942	0	-17.46246	-17.11865	-0.3438079	0.0599248	0.986321	0.0136789	1.97264	0.0273578	0.9402051
4943	1	-16.75197	-16.49296	-0.259012	0.255755	0.971494	0.0285064	1.94299	0.0570129	0.8637662
4944	0	-15.33734	-14.95694	-0.3804005	0.293107	0.97518	0.0248202	1.95036	0.0496404	0.9752469
4945	1	-16.82134	-16.46508	-0.3562585	0.400477	0.965024	0.0349758	1.93005	0.0699516	0.9519844
4946	0	-16.57647	-16.21654	-0.3599209	0.265867	0.958028	0.041972	1.91606	0.083944	0.9554773
4947	1	-16.01187	-15.626	-0.38587	0.00231492	0.977969	0.0220309	1.95594	0.0440617	0.9805957
4948	0	-19.16163	-18.75755	-0.4040855	-0.268436	0.969455	0.0305454	1.93891	0.0610909	0.9986214
4949	1	-15.85763	-15.51508	-0.3425443	0.259191	0.981591	0.0184088	1.96318	0.0368176	0.9390179
4950	0	-15.52399	-15.1199	-0.4040855	0.101902	0.968444	0.0315557	1.93689	0.0631113	0.9986214
4951	1	-16.20975	-15.86968	-0.3400659	0.144999	0.983136	0.0168638	1.96627	0.0337276	0.9366935
4952	0	-16.83512	-16.46491	-0.370218	0.180984	0.952355	0.0476446	1.90471	0.0952892	0.9653669
4953	1	-16.00768	-15.69316	-0.3145224	0.208386	0.972552	0.0274485	1.9451	0.054897	0.91307
4954	0	-17.1502	-16.75477	-0.3954312	-0.0471831	0.956504	0.0434958	1.91301	0.0869916	0.9900163
4955	1	-15.60614	-15.203	-0.4031341	0.0816456	0.982579	0.0174207	1.96516	0.0348415	0.9976717
4956	0	-16.4473	-16.0845	-0.362795	0.15497	0.958384	0.0416156	1.91677	0.0832311	0.9582274
4957	1	-15.38502	-14.98242	-0.4026001	0.213827	0.967943	0.032057	1.93589	0.0641141	0.9971391
4958	0	-15.12586	-14.73704	-0.3888146	0.221601	0.979051	0.0209488	1.9581	0.0418975	0.9834873
4959	1	-15.54242	-15.13982	-0.4026001	0.349016	0.98287	0.0171296	1.96574	0.0342592	0.9971391
4960	0	-15.19318	-14.80591	-0.3872733	0.161358	0.977072	0.0229282	1.95414	0.0458564	0.9819727
4961	1	-16.5367	-16.14157	-0.3951265	0.0429642	0.957914	0.0420861	1.91583	0.0841723	0.9897147
4962	0	-17.75409	-17.3749	-0.3791888	-0.134155	0.980416	0.0195836	1.96083	0.0391672	0.9740659
4963	1	-16.32889	-15.9609	-0.3679961	0.0464616	0.964163	0.035837	1.92833	0.071674	0.9632242
4964	0	-15.41739	-15.04871	-0.3686831	0.236609	0.973231	0.0267686	1.94646	0.0535373	0.9638862
4965	1	-15.24075	-14.85985	-0.3809038	0.212398	0.979781	0.0202194	1.95956	0.0404388	0.9757378
4966	0	-16.51154	-16.1095	-0.4020432	0.0225654	0.958866	0.0411338	1.91773	0.0822675	0.9965839
4967	1	-16.89213	-16.50268	-0.3894528	-0.0685015	0.964279	0.0357213	1.92856	0.0714426	0.9841152
4968	0	-23.27345	-23.00105	-0.2723996	-0.198595	0.899418	0.100582	1.79884	0.201164	0.8754078
4969	1	-16.03049	-15.69329	-0.3371948	0.106758	0.97052	0.0294796	1.94104	0.0589591	0.934008
4970	0	-17.57019	-17.24076	-0.3294228	-0.0751948	0.963961	0.0360391	1.92792	0.0720782	0.926777
4971	1	-16.6192	-16.35823	-0.2609709	0.214757	0.976037	0.0239629	1.95207	0.0479257	0.8654599
4972	0	-15.25336	-14.85155	-0.4018092	0.313929	0.981511	0.0184892	1.96302	0.0369785	0.9963508
4973	1	-17.86747	-17.62658	-0.2408903	0.107592	0.956424	0.0435756	1.91285	0.0871511	0.8482543
4974	0	-15.22869	-14.8329	-0.3957939	0.242236	0.971755	0.0282446	1.94351	0.0564892	0.9903754
4975	1	-15.23002	-14.84646	-0.3835532	0.163384	0.976514	0.0234856	1.95303	0.0469712	0.9783264
4976	0	-16.23852	-15.84996	-0.388553	0.193145	0.958059	0.0419407	1.91612	0.0838813	0.9832301
4977	1	-16.70362	-16.39493	-0.3086986	0.177818	0.961429	0.0385706	1.92286	0.0771413	0.907768
4978	0	-15.95341	-15.60394	-0.3494718	0.299387	0.982373	0.0176269	1.96475	0.0352538	0.9455454
4979	1	-17.28821	-16.97214	-0.3160668	0.242962	0.9864	0.0136003	1.9728	0.0272005	0.9144813
4980	0	-15.09978	-14.70427	-0.3955142	0.183604	0.975156	0.0248437	1.95031	0.0496875	0.9900984
4981	1	-17.287	-16.89111	-0.3958981	0.402712	0.95496	0.0450404	1.90992	0.0900809	0.9904786
4982	0	-15.96559	-15.63207	-0.33352	0.155185	0.969894	0.0301061	1.93979	0.0602123	0.930582
4983	1	-15.4903	-15.08919	-0.4011049	0.0919477	0.970163	0.0298367	1.94033	0.0596735	0.9956493
4984	0	-16.05411	-15.73275	-0.3213658	0.14165	0.971502	0.0284979	1.943	0.0569957	0.91934
4985	1	-17.08881	-16.77899	-0.3098184	0.104212	0.98436	0.0156396	1.96872	0.0312793	0.908785
4986	0	-16.2709	-15.9627	-0.3081966	0.130929	0.970303	0.0296967	1.94061	0.0593933	0.9073124
4987	1	-15.72076	-15.38522	-0.335538	0.231257	0.974713	0.0252871	1.94943	0.0505742	0.9324618
4988	0	-15.89623	-15.52838	-0.3678493	0.166077	0.983868	0.0161322	1.96774	0.0322644	0.9630829
4989	1	-15.64198	-15.25906	-0.3829221	0.325976	0.982579	0.0174213	1.96516	0.0348425	0.9777092
4990	0	-17.45317	-17.05538	-0.397797	0.438458	0.957019	0.0429813	1.91404	0.0859626	0.9923612
4991	1	-15.73402	-15.33446	-0.3995585	0.0748221	0.982916	0.0170838	1.96583	0.0341675	0.9941108
4992	0	-17.06469	-16.75842	-0.3062629	0.328295	0.961858	0.0381417	1.92372	0.0762835	0.9055596
4993	1	-17.70503	-17.33083	-0.3741999	-0.0707232	0.95353	0.0464698	1.90706	0.0929397	0.9692185
4994	0	-16.32575	-16.03382	-0.2919297	0.193471	0.970927	0.0290725	1.94185	0.0581451	0.8926726
4995	1	-17.53575	-17.2225	-0.3132478	0.0673134	0.962556	0.0374438	1.92511	0.0748876	0.9119069
4996	0	-17.62548	-17.35525	-0.2702277	0.0440389	0.959019	0.0409807	1.91804	0.0819614	0.8735085
4997	1	-15.37097	-14.99425	-0.3767195	0.248027	0.972713	0.0272865	1.94543	0.054573	0.9716636
4998	0	-17.04867	-16.76009	-0.2885739	0.192134	0.959377	0.0406226	1.91875	0.0812453	0.889682
4999	1	-16.29984	-15.93123	-0.3686184	0.254273	0.985904	0.0140959	1.97181	0.0281918	0.9638239
5000	0	-16.458	-16.07672	-0.3812758	0.117599	0.957074	0.0429263	1.91415	0.0858525	0.9761009
5001	1	-15.95516	-15.5856	-0.3695585	0.0477701	0.979718	0.020282	1.95944	0.0405639	0.9647304
5002	0	-17.99323	-17.76758	-0.2256506	0.00737313	0.976305	0.0236947	1.95261	0.0473895	0.8354252
5003	1	-15.37377	-14.97975	-0.3940271	0.186736	0.969411	0.030589	1.93882	0.061178	0.9886272
5004	0	-17.83043	-17.53676	-0.2936733	-0.008308	0.98266	0.01734	1.96532	0.0346801	0.8942304
5005	1	-15.87297	-15.52452	-0.3484518	0.314308	0.980844	0.019156	1.96169	0.0383119	0.9445815
5006	0	-15.74352	-15.37063	-0.3728935	0.0615582	0.974515	0.0254851	1.94903	0.0509703	0.9679531
5007	1	-17.06397	-16.68223	-0.3817365	-0.00992703	0.955871	0.0441288	1.91174	0.0882577	0.9765507
5008	0	-21.5232	-21.21892	-0.3042765	0.30896	0.90184	0.0981599	1.80368	0.19632	0.9037626
5009	1	-16.29964	-15.93736	-0.3622888	0.414063	0.978863	0.0211373	1.95773	0.0422745	0.9577425
5010	0	-19.35879	-19.10996	-0.2488232	-0.09708	0.951509	0.0484913	1.90302	0.0969826	0.8550101
5011	1	-15.80267	-15.42743	-0.375237	0.0925565	0.98185	0.0181499	1.9637	0.0362997	0.9702242
5012	0	-16.05456	-15.73107	-0.3234914	0.306226	0.978885	0.0211154	1.95777	0.0422309	0.9212962
5013	1	-19.35261	-18.95892	-0.393697	-0.234192	0.981107	0.0188927	1.96221	0.0377853	0.9883008
5014	0	-15.46751	-15.07544	-0.392073	0.0965652	0.980545	0.0194555	1.96109	0.038911	0.9866971
5015	1	-15.41887	-15.01837	-0.4004939	0.338498	0.972654	0.0273455	1.94531	0.054691	0.9950411
5016	0	-15.97341	-15.57952	-0.3938884	0.401479	0.971604	0.0283962	1.94321	0.0567924	0.9884901
5017	1	-15.76484	-15.39821	-0.3666287	0.0856063	0.979677	0.0203232	1.95935	0.0406464	0.961908
5018	0	-15.69012	-15.33184	-0.358283	0.327775	0.977578	0.0224219	1.95516	0.0448438	0.9539137
5019	1	-16.8832	-16.57493	-0.3082684	0.0436266	0.964879	0.0351207	1.92976	0.0702413	0.9073775
5020	0	-16.82372	-16.4901	-0.3336246	0.0930112	0.984489	0.015511	1.96898	0.031022	0.9306794
5021	1	-15.51821	-15.13639	-0.3818167	0.089084	0.97829	0.02171	1.95658	0.0434201	0.976629
5022	0	-16.94053	-16.55172	-0.3888026	-0.0971293	0.969321	0.0306789	1.93864	0.0613577	0.9834755
5023	1	-16.88239	-16.56682	-0.3155668	0.230161	0.958417	0.0415832	1.91683	0.0831663	0.9140242
5024	0	-16.09315	-15.68829	-0.404867	0.0213619	0.964893	0.0351066	1.92979	0.0702132	0.999402
5025	1	-15.84158	-15.49337	-0.348212	0.197422	0.968612	0.031388	1.93722	0.0627759	0.944355
5026	0	-16.78917	-16.39075	-0.3984209	-0.0206405	0.958858	0.0411424	1.91772	0.0822847	0.9929805
5027	1	-17.41663	-17.11617	-0.3004568	0.392538	0.964594	0.0354063	1.92919	0.0708125	0.900317
5028	0	-18.56446	-18.20075	-0.3637093	0.442094	0.948887	0.0511134	1.89777	0.102227	0.959104
5029	1	-17.89467	-17.6118	-0.2828724	-0.0152384	0.981721	0.0182794	1.96344	0.0365589	0.8846239
5030	0	-15.4912	-15.10156	-0.3896402	0.205074	0.96803	0.0319695	1.93606	0.0639391	0.9842996
5031	1	-17.33725	-17.04516	-0.2920836	0.0330098	0.960883	0.0391172	1.92177	0.0782344	0.89281
5032	0	-15.42812	-15.02457	-0.4035479	0.0793935	0.980591	0.0194092	1.96118	0.0388183	0.9980846
5033	1	-19.50522	-19.34197	-0.1632541	0.132536	0.94516	0.0548405	1.89032	0.109681	0.7848906
5034	0	-15.49015	-15.1247	-0.3654527	0.234885	0.972253	0.0277465	1.94451	0.055493	0.9607775
5035	1	-17.468	-17.24151	-0.2264838	0.292299	0.967408	0.0325922	1.93482	0.0651843	0.8361215
5036	0	-16.37355	-16.011	-0.3625456	0.420811	0.974947	0.0250532	1.94989	0.0501065	0.9579885
5037	1	-18.87924	-18.76	-0.1192495	0.262064	0.967666	0.0323336	1.93533	0.0646671	0.7511006
5038	0	-16.58918	-16.31588	-0.2733044	0.285822	0.976896	0.0231039	1.95379	0.0462079	0.8762002
5039	1	-19.38292	-19.27978	-0.103138	0.24191	0.97921	0.0207901	1.95842	0.0415801	0.7390962
5040	0	-17.9427	-17.65048	-0.2922214	-0.0280859	0.957235	0.0427648	1.91447	0.0855296	0.892933
5041	1	-18.97503	-18.61171	-0.3633115	0.267414	0.990327	0.00967339	1.98065	0.0193468	0.9587225
5042	0	-15.69372	-15.28883	-0.4048849	0.0144694	0.975362	0.0246381	1.95072	0.0492762	0.99942
5043	1	-18.18725	-17.83187	-0.3553804	-0.136462	0.98085	0.0191495	1.9617	0.038299	0.9511488
5044	0	-16.24731	-15.87174	-0.3755719	0.194329	0.959302	0.0406979	1.9186	0.0813958	0.9705492
5045	1	-15.14135	-14.74663	-0.3947148	0.246527	0.973927	0.0260733	1.94785	0.0521465	0.9893072
5046	0	-15.9649	-15.58112	-0.3837774	0.0921698	0.964713	0.0352871	1.92943	0.0705742	0.9785458
5047	1	-17.06946	-16.70741	-0.3620481	0.248474	0.951168	0.0488322	1.90234	0.0976644	0.9575121
5048	0	-16.92513	-16.6081	-0.3170286	0.0704122	0.960609	0.0393915	1.92122	0.0787829	0.9153612
5049	1	-15.3765	-15.00028	-0.3762152	0.136709	0.97612	0.0238803	1.95224	0.0477606	0.9711737
5050	0	-16.93591	-16.5929	-0.3430028	0.0712915	0.956836	0.0431639	1.91367	0.0863278	0.9394485
5051	1	-18.91143	-18.53831	-0.3731206	-0.0975003	0.9867	0.0132997	1.9734	0.0265994	0.968173
5052	0	-16.60847	-16.20661	-0.4018578	0.187986	0.987917	0.0120831	1.97583	0.0241661	0.9963992
5053	1	-20.66251	-20.45223	-0.210279	0.418032	0.942408	0.0575916	1.88482	0.115183	0.8226815
5054	0	-17.26604	-16.97379	-0.2922411	0.170808	0.984984	0.015016	1.96997	0.0300319	0.8929506
5055	1	-16.76159	-16.46147	-0.3001152	0.305527	0.965372	0.0346281	1.93074	0.0692562	0.9000096
5056	0	-18.25723	-17.96499	-0.2922411	0.484841	0.974348	0.0256517	1.9487	0.0513033	0.8929506
5057	1	-16.65892	-16.31957	-0.3393531	0.12606	0.984849	0.0151511	1.9697	0.0303022	0.936026
5058	0	-19.2213	-19.03732	-0.1839839	0.240769	0.946939	0.0530614	1.89388	0.106123	0.801331
5059	1	-16.97349	-16.72781	-0.2456872	0.291702	0.975284	0.0247158	1.95057	0.0494316	0.852333
5060	0	-17.85168	-17.62229	-0.2293903	0.371533	0.969531	0.0304686	1.93906	0.0609371	0.8385553
5061	1	-15.23463	-14.84713	-0.3874997	0.152876	0.975122	0.0248785	1.95024	0.049757	0.982195
5062	0	-17.3049	-17.0863	-0.2185949	0.131109	0.972997	0.0270033	1.94599	0.0540066	0.8295514
5063	1	-16.90855	-16.52375	-0.3848006	0.454582	0.967532	0.0324681	1.93506	0.0649362	0.9795476
5064	0	-16.90849	-16.61432	-0.2941686	0.0398633	0.967981	0.0320188	1.93596	0.0640376	0.8946735
5065	1	-15.80483	-15.42003	-0.3848006	0.126221	0.965475	0.0345252	1.93095	0.0690504	0.9795476
5066	0	-17.42124	-17.07866	-0.342583	0.172815	0.947763	0.0522372	1.89553	0.104474	0.9390542
5067	1	-15.38991	-15.00203	-0.3878874	0.200767	0.969931	0.0300691	1.93986	0.0601382	0.9825759
5068	0	-16.48608	-16.13834	-0.347733	0.0623381	0.963439	0.0365608	1.92688	0.0731216	0.9439028
5069	1	-16.3037	-15.92778	-0.3759142	0.335239	0.96307	0.03693	1.92614	0.07386	0.9708814
5070	0	-16.1052	-15.7118	-0.3933953	0.190883	0.959269	0.0407313	1.91854	0.0814626	0.9880027
5071	1	-18.37424	-18.19926	-0.1749805	0.148187	0.959643	0.040357	1.91929	0.0807139	0.7941486
5072	0	-16.18915	-15.79792	-0.3912335	-0.0206377	0.970825	0.0291749	1.94165	0.0583499	0.9858692
5073	1	-18.67366	-18.53898	-0.1346829	0.108002	0.967637	0.0323625	1.93527	0.064725	0.7627826
5074	0	-15.98304	-15.66569	-0.3173507	0.16264	0.977502	0.0224977	1.955	0.0449954	0.9156561
5075	1	-18.18897	-17.99877	-0.1901953	0.0843827	0.962595	0.0374046	1.92519	0.0748093	0.8063238
5076	0	-16.2785	-15.94325	-0.3352453	0.20894	0.963797	0.0362034	1.92759	0.0724067	0.9321889
5077	1	-17.65889	-17.38027	-0.2786146	0.185633	0.952428	0.0475722	1.90486	0.0951444	0.8808653
5078	0	-17.16044	-16.75724	-0.403195	-0.129181	0.977926	0.022074	1.95585	0.044148	0.9977324
5079	1	-16.43262	-16.13483	-0.2977908	0.0941585	0.976119	0.0238809	1.95224	0.0477617	0.89792
5080	0	-15.19265	-14.79704	-0.3956107	0.132308	0.97607	0.02393	1.95214	0.04786	0.9901939
5081	1	-15.50322	-15.13078	-0.3724409	0.319534	0.975882	0.0241185	1.95176	0.0482369	0.9675151
5082	0	-16.49492	-16.09655	-0.3983741	-0.045637	0.96671	0.0332903	1.93342	0.0665806	0.992934
5083	1	-15.59407	-15.22162	-0.3724409	0.0943667	0.978178	0.021822	1.95636	0.0436439	0.9675151
5084	0	-15.07018	-14.66548	-0.404703	0.30311	0.978616	0.0213837	1.95723	0.0427674	0.9992382
5085	1	-18.0567	-17.66901	-0.387688	0.0212022	0.938967	0.0610335	1.87793	0.122067	0.98238
5086	0	-15.25364	-14.84894	-0.404703	0.135109	0.971465	0.0285355	1.94293	0.057071	0.9992382
5087	1	-15.42518	-15.04094	-0.3842383	0.124358	0.980361	0.0196395	1.96072	0.039279	0.9789968
5088	0	-16.02509	-15.67611	-0.3489836	0.22959	0.965783	0.0342174	1.93157	0.0684348	0.945084
5089	1	-15.29757	-14.8936	-0.4039677	0.154982	0.969945	0.0300553	1.93989	0.0601105	0.9985037
5090	0	-16.32891	-15.98371	-0.3451931	0.141383	0.96244	0.0375602	1.92488	0.0751204	0.9415084
5091	1	-17.02656	-16.63505	-0.3915069	0.245376	0.948686	0.0513145	1.89737	0.102629	0.9861387
5092	0	-16.0763	-15.71576	-0.3605389	0.363804	0.981817	0.0181829	1.96363	0.0363657	0.956068
5093	1	-17.79707	-17.48467	-0.3124061	0.46855	0.971081	0.0289193	1.94216	0.0578386	0.9111397
5094	0	-17.58719	-17.26598	-0.3212038	0.156255	0.948097	0.0519031	1.89619	0.103806	0.919191
5095	1	-15.39393	-15.00487	-0.3890529	0.10216	0.974446	0.025554	1.94889	0.051108	0.9837217
5096	0	-15.48652	-15.13026	-0.3562621	0.251037	0.977867	0.0221329	1.95573	0.0442659	0.9519879
5097	1	-16.4905	-16.09799	-0.392507	0.338411	0.959164	0.040836	1.91833	0.081672	0.9871255
5098	0	-15.39411	-14.99365	-0.4004575	0.12469	0.982269	0.0177308	1.96454	0.0354616	0.9950049
5099	1	-15.70414	-15.32312	-0.3810155	0.0867329	0.969939	0.0300606	1.93988	0.0601213	0.9758469
5100	0	-15.79271	-15.45543	-0.337283	0.291479	0.976466	0.0235339	1.95293	0.0470679	0.9340903
5101	1	-16.19623	-15.81641	-0.3798172	0.294135	0.961672	0.0383282	1.92334	0.0766565	0.9746782
5102	0	-15.56188	-15.18129	-0.380594	0.200078	0.968197	0.0318027	1.93639	0.0636053	0.9754357
5103	1	-19.00237	-18.66936	-0.3330025	-0.124741	0.946729	0.0532713	1.89346	0.106543	0.9301006
5104	0	-15.29409	-14.89329	-0.4008001	0.152506	0.982286	0.0177142	1.96457	0.0354284	0.9953459
5105	1	-17.16848	-16.86644	-0.3020373	-0.0100612	0.967547	0.0324525	1.93509	0.064905	0.9017412
5106	0	-16.24834	-15.914	-0.3343326	0.0653136	0.979272	0.0207278	1.95854	0.0414555	0.9313384
5107	1	-17.16378	-16.77223	-0.3915449	-0.115186	0.967547	0.0324525	1.93509	0.064905	0.9861762
5108	0	-18.27565	-17.89225	-0.3833989	0.166184	0.932207	0.0677929	1.86441	0.135586	0.9781755
5109	1	-15.44267	-15.04381	-0.3988587	0.323576	0.971257	0.0287425	1.94251	0.0574851	0.9934154
5110	0	-19.68201	-19.34544	-0.336577	-0.23844	0.975416	0.024584	1.95083	0.0491681	0.9334311
5111	1	-15.49259	-15.11594	-0.3766526	0.102925	0.975944	0.0240556	1.95189	0.0481112	0.9715986
5112	0	-17.03686	-16.71265	-0.3242067	0.327761	0.95973	0.0402696	1.91946	0.0805393	0.9219554
5113	1	-15.52273	-15.16076	-0.3619648	0.253238	0.972815	0.0271853	1.94563	0.0543707	0.9574323
5114	0	-17.51598	-17.26198	-0.2540011	0.184013	0.957943	0.0420569	1.91589	0.0841138	0.8594488
5115	1	-15.47057	-15.08336	-0.3872059	0.0862745	0.974848	0.025152	1.9497	0.050304	0.9819065
5116	0	-17.25102	-16.99941	-0.2516088	0.229361	0.982363	0.0176369	1.96473	0.0352739	0.8573952
5117	1	-18.60984	-18.37265	-0.2371893	-0.0147137	0.954712	0.0452885	1.90942	0.0905769	0.8451207
5118	0	-17.4369	-17.23554	-0.201361	0.184204	0.973488	0.0265125	1.94698	0.053025	0.8153775
5119	1	-19.19839	-18.81757	-0.3808245	0.499419	0.987764	0.012236	1.97553	0.0244721	0.9756605
5120	0	-21.90565	-21.66643	-0.2392167	0.120169	0.896692	0.103308	1.79338	0.206616	0.8468359
5121	1	-15.18286	-14.7862	-0.3966578	0.13404	0.975685	0.0243152	1.95137	0.0486305	0.9912314
5122	0	-18.10849	-17.829	-0.2794826	0.102052	0.947407	0.0525932	1.89481	0.105186	0.8816303
5123	1	-15.22775	-14.83109	-0.3966578	0.117936	0.977819	0.0221813	1.95564	0.0443627	0.9912314
5124	0	-17.09259	-16.81412	-0.2784655	0.312618	0.964624	0.0353762	1.92925	0.0707524	0.880734
5125	1	-16.30587	-15.99955	-0.3063274	0.140543	0.969392	0.0306081	1.93878	0.0612162	0.905618
5126	0	-15.91066	-15.58888	-0.3217806	0.166677	0.976914	0.0230865	1.95383	0.0461729	0.9197214
5127	1	-15.02084	-14.62314	-0.3977026	0.221953	0.976826	0.0231741	1.95365	0.0463481	0.9922676
5128	0	-19.56662	-19.18479	-0.3818326	-0.0977033	0.927462	0.072538	1.85492	0.145076	0.9766446
5129	1	-18.49556	-18.0934	-0.4021665	0.138638	0.927392	0.0726076	1.85478	0.145215	0.9967068
5130	0	-16.2281	-15.85585	-0.37225	-0.00890247	0.976926	0.0230738	1.95385	0.0461475	0.9673304
5131	1	-17.6355	-17.35212	-0.2833882	0.182537	0.952092	0.0479078	1.90418	0.0958156	0.8850803
5132	0	-15.29088	-14.8907	-0.4001756	0.231993	0.969842	0.0301581	1.93968	0.0603161	0.9947245
5133	1	-16.90788	-16.65197	-0.2559048	0.253888	0.968585	0.0314152	1.93717	0.0628305	0.8610865
5134	0	-15.88931	-15.48914	-0.4001756	0.0229161	0.969063	0.0309368	1.93813	0.0618736	0.9947245
5135	1	-17.54081	-17.31947	-0.2213384	0.0689103	0.973627	0.026373	1.94725	0.0527461	0.8318304
5136	0	-19.27608	-18.88399	-0.3920881	-0.0958677	0.930488	0.0695123	1.86098	0.139025	0.986712
5137	1	-16.55493	-16.22378	-0.3311493	0.106005	0.983426	0.0165738	1.96685	0.0331476	0.9283785
5138	0	-16.30303	-15.91253	-0.3905019	0.391014	0.966057	0.0339434	1.93211	0.0678868	0.9851482
5139	1	-18.80362	-18.53368	-0.269943	-0.109233	0.959534	0.0404659	1.91907	0.0809317	0.8732599
5140	0	-16.81403	-16.44707	-0.3669606	0.428284	0.967313	0.0326874	1.93463	0.0653748	0.9622273
5141	1	-17.22487	-16.90837	-0.3165037	0.441636	0.977431	0.0225694	1.95486	0.0451388	0.9148809
5142	0	-16.40586	-16.01655	-0.3893106	0.345526	0.961002	0.0389983	1.922	0.0779967	0.9839753
5143	1	-16.16952	-15.81843	-0.3510954	0.296756	0.965678	0.0343216	1.93136	0.0686431	0.9470819
5144	0	-17.28574	-16.92713	-0.3586178	0.486382	0.975866	0.0241336	1.95173	0.0482672	0.9542331
5145	1	-15.1304	-14.74261	-0.3877904	0.236726	0.978563	0.0214373	1.95713	0.0428746	0.9824806
5146	0	-16.48759	-16.19091	-0.2966745	0.307626	0.970952	0.0290483	1.9419	0.0580966	0.8969182
5147	1	-16.19664	-15.86978	-0.3268537	0.0706629	0.975825	0.0241754	1.95165	0.0483508	0.9243991
5148	0	-19.49935	-19.10845	-0.3908942	0.26105	0.916776	0.0832244	1.83355	0.166449	0.9855348
5149	1	-16.25435	-15.87478	-0.3795678	-0.0242674	0.975101	0.0248993	1.9502	0.0497986	0.9744352
5150	0	-15.99995	-15.66677	-0.3331882	0.133151	0.980217	0.0197831	1.96043	0.0395661	0.9302733
5151	1	-18.53599	-18.15647	-0.3795288	0.531504	0.96379	0.0362096	1.92758	0.0724191	0.9743972
5152	0	-15.34357	-14.96174	-0.3818286	0.136776	0.974643	0.0253569	1.94929	0.0507138	0.9766406
5153	1	-15.89462	-15.51841	-0.376209	0.385979	0.974758	0.0252423	1.94952	0.0504845	0.9711677
5154	0	-17.12845	-16.76723	-0.3612126	0.469563	0.971741	0.0282588	1.94348	0.0565177	0.9567123
5155	1	-16.0798	-15.74179	-0.3380096	0.307257	0.969761	0.0302395	1.93952	0.060479	0.9347693
5156	0	-16.74719	-16.42471	-0.3224819	0.273876	0.960645	0.0393551	1.92129	0.0787103	0.9203666
5157	1	-16.63738	-16.26602	-0.3713623	0.188142	0.95475	0.0452497	1.9095	0.0904994	0.9664721
5158	0	-15.99221	-15.63852	-0.3536974	0.0908939	0.969033	0.0309667	1.93807	0.0619334	0.9495494
5159	1	-15.66098	-15.32076	-0.3402256	0.197359	0.97518	0.0248203	1.95036	0.0496406	0.9368431
5160	0	-17.96608	-17.65596	-0.3101128	-0.0370119	0.954912	0.0450879	1.90982	0.0901758	0.9090526
5161	1	-18.72186	-18.40131	-0.3205497	-0.00386775	0.986936	0.0130635	1.97387	0.026127	0.91859
5162	0	-17.99602	-17.67883	-0.3171964	0.130995	0.969433	0.0305669	1.93887	0.0611337	0.9155148
5163	1	-17.86818	-17.63015	-0.2380323	0.367943	0.966369	0.0336315	1.93274	0.067263	0.8458334
5164	0	-18.00308	-17.63411	-0.3689635	-0.0803609	0.950862	0.0491376	1.90172	0.0982753	0.9641566
5165	1	-16.83228	-16.54122	-0.2910653	0.12384	0.963443	0.0365569	1.92689	0.0731139	0.8919013
5166	0	-15.42166	-15.05335	-0.368314	0.166731	0.97422	0.0257804	1.94844	0.0515609	0.9635306
5167	1	-17.66569	-17.41614	-0.2495467	0.217379	0.956857	0.043143	1.91371	0.0862861	0.855629
5168	0	-17.11643	-16.76709	-0.3493308	0.302099	0.954149	0.0458509	1.9083	0.0917018	0.9454122
5169	1	-17.28248	-16.99448	-0.2879927	0.221947	0.956589	0.0434108	1.91318	0.0868216	0.889165
5170	0	-19.89028	-19.49302	-0.397258	0.49211	0.938005	0.0619951	1.87601	0.12399	0.9918265
5171	1	-17.33804	-17.02995	-0.3080961	0.441664	0.976722	0.0232781	1.95344	0.0465562	0.9072212
5172	0	-17.19026	-16.79009	-0.4001722	-0.0168997	0.952506	0.0474941	1.90501	0.0949882	0.9947211
5173	1	-17.0672	-16.6858	-0.3813991	-0.0947579	0.978932	0.0210678	1.95786	0.0421357	0.9762212
5174	0	-15.091	-14.69763	-0.393365	0.253109	0.979021	0.0209785	1.95804	0.041957	0.9879728
5175	1	-16.89354	-16.55857	-0.3349732	0.065976	0.984145	0.0158549	1.96829	0.0317098	0.9319352
5176	0	-17.99369	-17.74943	-0.2442565	0.0180561	0.980499	0.019501	1.961	0.039002	0.8511145
5177	1	-20.25784	-19.87623	-0.3816037	-0.305299	0.96364	0.0363603	1.92728	0.0727207	0.976421
5178	0	-16.23912	-15.89008	-0.3490368	0.0228101	0.97609	0.02391	1.95218	0.0478201	0.9451343
5179	1	-15.15306	-14.75755	-0.3955117	0.143494	0.977403	0.0225969	1.95481	0.0451938	0.9900959
5180	0	-16.95855	-16.65492	-0.3036226	0.243157	0.959287	0.0407134	1.91857	0.0814268	0.9031718
5181	1	-15.37654	-14.98814	-0.3884036	0.181684	0.98234	0.0176598	1.96468	0.0353195	0.9830832
5182	0	-16.6315	-16.36458	-0.2669231	0.233369	0.971029	0.0289706	1.94206	0.0579412	0.8706267
5183	1	-15.98758	-15.58739	-0.4001943	0.0596435	0.983932	0.0160685	1.96786	0.0321369	0.994743
5184	0	-18.95452	-18.81247	-0.1420485	0.334764	0.967113	0.0328866	1.93423	0.0657732	0.7684217
5185	1	-15.29104	-14.91836	-0.3726817	0.207041	0.976171	0.0238294	1.95234	0.0476588	0.9677481
5186	0	-15.56431	-15.16615	-0.3981579	0.274625	0.967045	0.0329552	1.93409	0.0659105	0.9927195
5187	1	-15.47114	-15.07833	-0.3928085	0.163694	0.968425	0.0315747	1.93685	0.0631495	0.9874232
5188	0	-15.72702	-15.37325	-0.3537696	0.22742	0.98198	0.01802	1.96396	0.03604	0.949618
5189	1	-16.77242	-16.4372	-0.3352193	0.0686061	0.960403	0.0395969	1.92081	0.0791937	0.9321646
5190	0	-17.46622	-17.13528	-0.3309463	-0.0292927	0.958722	0.0412785	1.91744	0.0825569	0.92819
5191	1	-17.71251	-17.49681	-0.2157031	0.345582	0.975072	0.0249278	1.95014	0.0498556	0.827156
5192	0	-15.86182	-15.50587	-0.3559589	0.325092	0.981317	0.0186827	1.96263	0.0373653	0.9516992
5193	1	-18.00362	-17.83943	-0.164185	0.229364	0.974365	0.0256354	1.94873	0.0512709	0.7856215
5194	0	-19.75796	-19.42123	-0.3367287	-0.145591	0.93741	0.0625902	1.87482	0.12518	0.9335727
5195	1	-19.35455	-19.23731	-0.1172431	0.0520601	0.962951	0.0370491	1.9259	0.0740982	0.7495952
5196	0	-16.52541	-16.12152	-0.4038883	-0.0303583	0.982971	0.0170286	1.96594	0.0340573	0.9984245
5197	1	-17.6893	-17.38963	-0.2996735	-0.0228434	0.959543	0.040457	1.91909	0.080914	0.8996121
5198	0	-18.5869	-18.18875	-0.3981553	-0.0553054	0.935982	0.0640181	1.87196	0.128036	0.9927168
5199	1	-16.11825	-15.80283	-0.315424	0.26639	0.971204	0.0287958	1.94241	0.0575916	0.9138936
5200	0	-18.10008	-17.73557	-0.3645122	-0.167595	0.976078	0.0239222	1.95216	0.0478443	0.9598744
5201	1	-20.69952	-20.35816	-0.3413617	-0.207001	0.932616	0.0673837	1.86523	0.134767	0.937908
5202	0	-19.87843	-19.56404	-0.3143892	0.349765	0.927646	0.0723535	1.85529	0.144707	0.9129484
5203	1	-15.82048	-15.46886	-0.3516171	0.131155	0.980784	0.0192159	1.96157	0.0384318	0.9475761
5204	0	-18.57358	-18.31129	-0.2622876	0.0535668	0.945424	0.0545755	1.89085	0.109151	0.8666003
5205	1	-17.26602	-16.89699	-0.3690345	-0.0194911	0.955356	0.0446445	1.91071	0.089289	0.964225
5206	0	-14.98015	-14.57492	-0.4052308	0.192342	0.975774	0.0242258	1.95155	0.0484515	0.9997657
5207	1	-15.67519	-15.27531	-0.3998798	0.0318647	0.978974	0.0210261	1.95795	0.0420523	0.9944302
5208	0	-15.2971	-14.89779	-0.399311	0.292306	0.982459	0.017541	1.96492	0.0350819	0.9938648
5209	1	-16.74196	-16.36942	-0.3725391	0.459131	0.973901	0.0260988	1.9478	0.0521976	0.9676101
5210	0	-16.50106	-16.14244	-0.3586106	0.206919	0.95793	0.04207	1.91586	0.08414	0.9542262
5211	1	-18.39218	-18.02075	-0.3714252	0.0310573	0.935374	0.0646255	1.87075	0.129251	0.9665329
5212	0	-15.45154	-15.0541	-0.3974359	0.0677756	0.977934	0.0220664	1.95587	0.0441327	0.9920029
5213	1	-15.35307	-14.9575	-0.3955661	0.128667	0.971466	0.0285337	1.94293	0.0570673	0.9901498
5214	0	-16.62879	-16.31225	-0.3165405	0.0609366	0.980713	0.0192865	1.96143	0.038573	0.9149145
5215	1	-15.2091	-14.80419	-0.4049043	0.291735	0.972322	0.0276779	1.94464	0.0553557	0.9994393
5216	0	-18.9855	-18.58007	-0.405425	0.582375	0.981574	0.0184256	1.96315	0.0368512	0.9999599
5217	1	-15.99767	-15.67503	-0.3226413	0.154939	0.971866	0.0281336	1.94373	0.0562672	0.9205133
5218	0	-16.71761	-16.36305	-0.3545577	0.0781135	0.984921	0.0150786	1.96984	0.0301572	0.9503666
5219	1	-17.01605	-16.7469	-0.2691513	0.200126	0.962902	0.0370978	1.9258	0.0741957	0.8725688
5220	0	-15.15061	-14.74706	-0.4035541	0.248096	0.977382	0.022618	1.95476	0.0452359	0.9980908
5221	1	-15.17907	-14.79446	-0.3846041	0.232595	0.979264	0.0207365	1.95853	0.0414729	0.9793551
5222	0	-15.84936	-15.49037	-0.3589846	0.0835732	0.979374	0.0206264	1.95875	0.0412528	0.9545832
5223	1	-17.91135	-17.52418	-0.3871795	-0.131633	0.982449	0.0175507	1.9649	0.0351015	0.9818806
5224	0	-15.38928	-14.98721	-0.4020731	0.164259	0.983432	0.0165677	1.96686	0.0331355	0.9966138
5225	1	-15.3441	-14.9628	-0.3813038	0.133535	0.975319	0.0246813	1.95064	0.0493625	0.9761282
5226	0	-15.46025	-15.0621	-0.3981541	0.344365	0.972902	0.0270978	1.9458	0.0541955	0.9927157
5227	1	-15.49865	-15.14036	-0.3582837	0.166878	0.975555	0.0244448	1.95111	0.0488897	0.9539143
5228	0	-16.06757	-15.68059	-0.3869811	0.318397	0.96371	0.0362903	1.92742	0.0725807	0.9816858
5229	1	-19.33218	-19.19379	-0.1383962	-0.00874158	0.968948	0.0310521	1.9379	0.0621042	0.7656203
5230	0	-17.92246	-17.56141	-0.3610459	0.217761	0.939761	0.0602393	1.87952	0.120479	0.9565529
5231	1	-16.17828	-15.88285	-0.2954258	0.206663	0.975062	0.0249383	1.95012	0.0498766	0.8957989
5232	0	-16.66374	-16.35915	-0.3045924	0.244831	0.963258	0.0367421	1.92652	0.0734842	0.9040481
5233	1	-17.79575	-17.5495	-0.2462466	0.293016	0.983889	0.0161112	1.96778	0.0322224	0.85281
5234	0	-18.17718	-17.97203	-0.205157	0.284469	0.982553	0.0174471	1.96511	0.0348943	0.8184785
5235	1	-18.70271	-18.48311	-0.2196004	-0.066724	0.972792	0.0272075	1.94558	0.0544151	0.8303859
5236	0	-17.97277	-17.78074	-0.1920225	0.32278	0.970662	0.0293379	1.94132	0.0586758	0.8077985
5237	1	-17.67695	-17.46436	-0.2125896	0.334019	0.974058	0.0259424	1.94812	0.0518848	0.8245847
5238	0	-16.71507	-16.37288	-0.3421935	0.40608	0.981934	0.0180663	1.96387	0.0361326	0.9386885
5239	1	-17.07255	-16.84452	-0.2280259	0.219719	0.975972	0.0240278	1.95194	0.0480557	0.8374119
5240	0	-15.9201	-15.53162	-0.388483	0.248651	0.985601	0.0143991	1.9712	0.0287982	0.9831613
5241	1	-18.47679	-18.28294	-0.1938433	0.0303267	0.978649	0.0213508	1.9573	0.0427015	0.8092707
5242	0	-15.06784	-14.66521	-0.4026251	0.283511	0.979977	0.0200233	1.95995	0.0400466	0.997164
5243	1	-17.6882	-17.49171	-0.1964857	0.150638	0.96745	0.03255	1.9349	0.0651001	0.8114119
5244	0	-15.34948	-14.96432	-0.3851631	0.26855	0.972151	0.0278494	1.9443	0.0556989	0.9799027
5245	1	-17.87065	-17.49676	-0.3738872	0.18302	0.938658	0.061342	1.87732	0.122684	0.9689155
5246	0	-16.92086	-16.51568	-0.4051806	0.232893	0.94843	0.0515695	1.89686	0.103139	0.9997155
5247	1	-16.72685	-16.32876	-0.3980927	0.140103	0.951371	0.0486292	1.90274	0.0972583	0.9926547
5248	0	-19.25353	-19.09161	-0.1619256	-0.00782039	0.959626	0.0403743	1.91925	0.0807485	0.7838485
5249	1	-15.21217	-14.81116	-0.401018	0.280054	0.972369	0.0276312	1.94474	0.0552624	0.9955627
5250	0	-19.36442	-19.26466	-0.09975692	0.163324	0.960556	0.0394444	1.92111	0.0788888	0.7366015
5251	1	-19.65392	-19.26858	-0.3853389	0.366627	0.923694	0.0763057	1.84739	0.152611	0.980075
5252	0	-20.53038	-20.35866	-0.1717136	0.4933	0.974896	0.0251045	1.94979	0.050209	0.7915585
5253	1	-18.65834	-18.26771	-0.3906281	0.122266	0.99028	0.00971991	1.98056	0.0194398	0.9852725
5254	0	-17.74317	-17.53651	-0.2066659	0.32117	0.970864	0.0291357	1.94173	0.0582713	0.8197145
5255	1	-15.64058	-15.25695	-0.3836303	0.0728238	0.972243	0.0277572	1.94449	0.0555143	0.9784019
5256	0	-17.78553	-17.59223	-0.1933004	0.277922	0.977944	0.0220561	1.95589	0.0441123	0.8088315
5257	1	-15.12572	-14.73331	-0.3924095	0.25503	0.97536	0.0246403	1.95072	0.0492807	0.9870293
5258	0	-17.0108	-16.7665	-0.2443026	0.141571	0.969685	0.0303145	1.93937	0.060629	0.8511538
5259	1	-16.87405	-16.53204	-0.3420004	0.143426	0.955281	0.0447187	1.91056	0.0894375	0.9385072
5260	0	-17.26402	-16.89485	-0.369174	0.364667	0.954527	0.0454734	1.90905	0.0909467	0.9643595
5261	1	-15.90877	-15.52269	-0.3860867	0.076175	0.966226	0.0337741	1.93245	0.0675482	0.9808082
5262	0	-16.58814	-16.25926	-0.3288808	0.00769835	0.972659	0.0273409	1.94532	0.0546819	0.9262748
5263	1	-17.93896	-17.68565	-0.2533086	0.254614	0.985178	0.0148222	1.97036	0.0296444	0.8588539
5264	0	-16.76752	-16.40922	-0.3583015	-0.0403437	0.978957	0.0210427	1.95791	0.0420854	0.9539313
5265	1	-15.72703	-15.32557	-0.401457	0.192444	0.96334	0.0366603	1.92668	0.0733206	0.9959999
5266	0	-15.30637	-14.92943	-0.3769409	0.234	0.980248	0.0197517	1.9605	0.0395033	0.9718787
5267	1	-18.19371	-17.95854	-0.2351751	0.355492	0.983163	0.0168367	1.96633	0.0336735	0.8434202
5268	0	-16.08691	-15.69437	-0.392544	-0.0075755	0.970662	0.0293379	1.94132	0.0586758	0.987162
5269	1	-16.32846	-15.9838	-0.3446618	0.16101	0.962096	0.0379044	1.92419	0.0758088	0.9410083
5270	0	-16.02881	-15.67284	-0.3559704	0.364471	0.973073	0.0269273	1.94615	0.0538546	0.9517102
5271	1	-15.24795	-14.85664	-0.3913126	0.131019	0.978485	0.0215149	1.95697	0.0430297	0.9859472
5272	0	-16.99537	-16.60102	-0.3943516	0.481795	0.982429	0.017571	1.96486	0.035142	0.988948
5273	1	-20.80706	-20.42909	-0.3779657	0.222852	0.896526	0.103474	1.79305	0.206947	0.9728752
5274	0	-17.53337	-17.15169	-0.3816739	0.394469	0.987688	0.0123117	1.97538	0.0246235	0.9764896
5275	1	-19.1204	-18.76401	-0.3563945	-0.00341136	0.928608	0.0713922	1.85722	0.142784	0.9521139
5276	0	-16.43638	-16.10495	-0.3314354	0.211621	0.962105	0.0378946	1.92421	0.0757891	0.9286441
5277	1	-18.46384	-18.16491	-0.2989256	0.425299	0.985542	0.0144584	1.97108	0.0289169	0.8989395
5278	0	-17.79786	-17.52453	-0.273332	0.107133	0.952437	0.0475627	1.90487	0.0951255	0.8762244
5279	1	-16.45973	-16.09371	-0.3660159	-0.0305162	0.975387	0.0246133	1.95077	0.0492267	0.9613187
5280	0	-18.0687	-17.79273	-0.2759684	0.0544064	0.950663	0.0493371	1.90133	0.0986742	0.8785374
5281	1	-16.55198	-16.16448	-0.3875007	-0.0626801	0.977222	0.0227783	1.95444	0.0455565	0.982196
5282	0	-16.98612	-16.7522	-0.2339128	0.222045	0.97324	0.0267601	1.94648	0.0535203	0.8423562
5283	1	-16.75967	-16.40623	-0.353446	0.263008	0.986538	0.0134618	1.97308	0.0269237	0.9493108
5284	0	-19.78701	-19.53983	-0.2471818	0.490519	0.961044	0.0389562	1.92209	0.0779124	0.853608
5285	1	-21.13001	-20.78463	-0.3453817	0.31455	0.902423	0.0975768	1.80485	0.195154	0.941686
5286	0	-16.56305	-16.24938	-0.3136651	0.262895	0.983613	0.0163869	1.96723	0.0327738	0.9122875
5287	1	-16.06934	-15.70594	-0.3634019	0.366292	0.981954	0.0180459	1.96391	0.0360917	0.9588091
5288	0	-17.41811	-17.06219	-0.3559197	-0.000241009	0.953105	0.046895	1.90621	0.0937901	0.951662
5289	1	-16.43995	-16.0648	-0.3751495	0.250754	0.957638	0.042362	1.91528	0.084724	0.9701393
5290	0	-16.88903	-16.62356	-0.265473	0.1459	0.966505	0.0334953	1.93301	0.0669905	0.8693651
5291	1	-17.2488	-16.89955	-0.349247	-0.0909889	0.972103	0.027897	1.94421	0.0557941	0.945333
5292	0	-15.58496	-15.20842	-0.3765349	0.122011	0.981182	0.0188179	1.96236	0.0376358	0.9714843
5293	1	-15.88061	-15.48221	-0.3983916	0.0287791	0.968881	0.0311186	1.93776	0.0622373	0.9929514
5294	0	-16.88133	-16.59807	-0.2832573	0.167348	0.962782	0.0372176	1.92556	0.0744353	0.8849645
5295	1	-17.75778	-17.35768	-0.4001081	-0.000447809	0.943281	0.0567188	1.88656	0.113438	0.9946573
5296	0	-18.85409	-18.54758	-0.3065097	0.166894	0.932819	0.0671808	1.86564	0.134362	0.9057831
5297	1	-16.73535	-16.44358	-0.2917713	0.0785506	0.979372	0.0206283	1.95874	0.0412566	0.8925312
5298	0	-22.98437	-22.76888	-0.2154877	0.369833	0.928232	0.071768	1.85646	0.143536	0.8269778
5299	1	-16.99494	-16.64319	-0.351751	0.0553527	0.955793	0.0442067	1.91159	0.0884133	0.947703
5300	0	-19.30296	-19.09961	-0.2033431	-0.025118	0.951181	0.0488187	1.90236	0.0976374	0.8169952
5301	1	-18.61792	-18.22493	-0.3929862	0.238665	0.927887	0.0721133	1.85577	0.144227	0.9875986
5302	0	-17.31359	-17.08112	-0.2324742	0.0871926	0.971021	0.0289793	1.94204	0.0579586	0.8411453
5303	1	-16.57491	-16.18192	-0.3929862	0.421554	0.965813	0.0341867	1.93163	0.0683733	0.9875986
5304	0	-16.71752	-16.45048	-0.2670443	0.254067	0.979631	0.0203693	1.95926	0.0407387	0.8707322
5305	1	-15.32495	-14.93794	-0.3870111	0.202276	0.981974	0.0180259	1.96395	0.0360519	0.9817153
5306	0	-16.37747	-16.06945	-0.3080186	0.171293	0.981768	0.0182319	1.96354	0.0364638	0.9071508
5307	1	-17.10219	-16.81076	-0.2914267	0.0344173	0.965108	0.0348915	1.93022	0.069783	0.8922237
5308	0	-15.20629	-14.8208	-0.3854921	0.211179	0.974197	0.0258035	1.94839	0.0516069	0.9802251
5309	1	-18.99797	-18.77594	-0.2220329	0.374227	0.954492	0.0455081	1.90898	0.0910162	0.8324083
5310	0	-17.20815	-16.89842	-0.3097313	0.403807	0.967606	0.0323942	1.93521	0.0647884	0.9087059
5311	1	-16.26017	-15.95493	-0.3052377	0.249069	0.969845	0.0301553	1.93969	0.0603106	0.9046317
5312	0	-18.07649	-17.81838	-0.2581147	0.281329	0.985626	0.0143742	1.97125	0.0287484	0.8629916
5313	1	-16.50661	-16.10497	-0.4016313	0.0088076	0.960047	0.0399533	1.92009	0.0799066	0.9961736
5314	0	-18.76464	-18.51165	-0.2529831	0.4311	0.960602	0.0393981	1.9212	0.0787962	0.8585743
5315	1	-15.16768	-14.76323	-0.4044509	0.150265	0.981265	0.0187349	1.96253	0.0374698	0.9989863
5316	0	-17.81659	-17.56603	-0.2505645	0.331177	0.960612	0.0393877	1.92122	0.0787755	0.8565003
5317	1	-15.49888	-15.10622	-0.3926605	0.364072	0.978524	0.0214762	1.95705	0.0429525	0.987277
5318	0	-18.05807	-17.85206	-0.2060044	0.0884343	0.960987	0.039013	1.92197	0.078026	0.8191724
5319	1	-16.06771	-15.66297	-0.4047397	0.029987	0.964576	0.0354245	1.92915	0.070849	0.9992749
5320	0	-18.93119	-18.6558	-0.2753931	0.161769	0.935713	0.0642865	1.87143	0.128573	0.8780322
5321	1	-15.95095	-15.6098	-0.3411443	0.156177	0.968647	0.031353	1.93729	0.062706	0.9377042
5322	0	-16.57159	-16.21674	-0.3548475	0.190977	0.957376	0.0426243	1.91475	0.0852487	0.9506421
5323	1	-16.4315	-16.09015	-0.3413508	0.0721893	0.964622	0.0353782	1.92924	0.0707563	0.9378978
5324	0	-16.70351	-16.40855	-0.2949584	0.351386	0.97222	0.0277802	1.94444	0.0555605	0.8953803
5325	1	-15.61176	-15.24365	-0.3681024	0.295241	0.971747	0.0282532	1.94349	0.0565064	0.9633266
5326	0	-19.62468	-19.33744	-0.2872405	0.225822	0.92584	0.0741601	1.85168	0.14832	0.8884965
5327	1	-19.7423	-19.3406	-0.4017008	0.333531	0.917347	0.0826531	1.83469	0.165306	0.9962428
5328	0	-16.50966	-16.1786	-0.3310557	0.279952	0.962929	0.0370708	1.92586	0.0741415	0.9282915
5329	1	-16.42442	-16.06692	-0.3575031	0.349182	0.964877	0.0351227	1.92975	0.0702454	0.95317
5330	0	-17.46463	-17.13466	-0.3299742	0.336606	0.9544	0.0455998	1.9088	0.0911997	0.9272881
5331	1	-16.4359	-16.13131	-0.3045888	0.0996754	0.969724	0.0302758	1.93945	0.0605516	0.9040448
5332	0	-18.50654	-18.19706	-0.3094834	0.0804103	0.938719	0.0612807	1.87744	0.122561	0.9084806
5333	1	-16.01099	-15.60649	-0.4045004	0.437019	0.976199	0.0238014	1.9524	0.0476028	0.9990358
5334	0	-15.82607	-15.49432	-0.3317466	0.276241	0.975263	0.0247368	1.95053	0.0494737	0.9289332
5335	1	-16.15649	-15.78976	-0.3667232	0.00601489	0.975071	0.0249292	1.95014	0.0498585	0.9619989
5336	0	-16.8524	-16.54606	-0.3063428	0.0190021	0.969262	0.0307385	1.93852	0.061477	0.9056319
5337	1	-17.2049	-16.84749	-0.3574074	0.432301	0.96417	0.0358295	1.92834	0.0716591	0.9530788
5338	0	-17.99479	-17.71256	-0.2822291	0.0631226	0.985025	0.0149751	1.97005	0.0299503	0.884055
5339	1	-17.14742	-16.74228	-0.4051392	-0.0415638	0.954794	0.0452065	1.90959	0.090413	0.9996741
5340	0	-15.25707	-14.85167	-0.4054041	0.0976968	0.979431	0.0205691	1.95886	0.0411383	0.999939
5341	1	-17.35851	-17.04641	-0.3121062	-0.0535312	0.976239	0.0237606	1.95248	0.0475211	0.9108665
5342	0	-16.92064	-16.58627	-0.3343684	-0.00892984	0.980559	0.0194409	1.96112	0.0388818	0.9313718
5343	1	-16.71548	-16.33432	-0.3811646	0.0281336	0.957976	0.0420244	1.91595	0.0840488	0.9759923
5344	0	-17.32043	-16.99523	-0.3251942	-0.0466934	0.979559	0.020441	1.95912	0.0408819	0.9228663
5345	1	-15.60057	-15.20057	-0.3999992	0.296802	0.967201	0.0327994	1.9344	0.0655988	0.994549
5346	0	-19.11351	-18.83427	-0.2792418	0.398139	0.947456	0.0525443	1.89491	0.105089	0.881418
5347	1	-16.87305	-16.47305	-0.3999992	0.0433693	0.952744	0.0472556	1.90549	0.0945111	0.994549
5348	0	-16.70354	-16.35726	-0.3462773	0.349844	0.962788	0.0372125	1.92558	0.0744249	0.9425298
5349	1	-16.67084	-16.29056	-0.3802762	0.161329	0.953541	0.0464593	1.90708	0.0929186	0.9751257
5350	0	-20.03228	-19.70915	-0.3231333	-0.25618	0.967594	0.032406	1.93519	0.0648121	0.9209663
5351	1	-15.16606	-14.77035	-0.3957102	0.147084	0.9752	0.0247997	1.9504	0.0495993	0.9902925
5352	0	-17.45294	-17.17258	-0.2803522	0.183659	0.954957	0.0450431	1.90991	0.0900863	0.8823972
5353	1	-15.80669	-15.44872	-0.3579738	0.295676	0.982205	0.0177954	1.96441	0.0355909	0.9536187
5354	0	-15.62033	-15.24277	-0.377557	0.301412	0.97028	0.0297195	1.94056	0.059439	0.9724778
5355	1	-15.56278	-15.20073	-0.3620437	0.245152	0.971668	0.028332	1.94334	0.056664	0.9575078
5356	0	-17.20345	-16.86634	-0.3371089	0.171077	0.951204	0.0487958	1.90241	0.0975915	0.9339277
5357	1	-15.4482	-15.06947	-0.3787266	0.245788	0.982259	0.0177413	1.96452	0.0354826	0.9736158
5358	0	-15.05463	-14.65919	-0.3954446	0.236049	0.978998	0.0210025	1.958	0.0420049	0.9900295
5359	1	-17.07267	-16.74343	-0.3292393	-0.0415236	0.968784	0.0312164	1.93757	0.0624328	0.9266069
5360	0	-16.64942	-16.29064	-0.3587789	0.0029838	0.964294	0.0357062	1.92859	0.0714123	0.9543868
5361	1	-15.83391	-15.46197	-0.3719409	0.345117	0.971049	0.0289506	1.9421	0.0579012	0.9670315
5362	0	-15.20771	-14.82118	-0.3865343	0.264738	0.975107	0.0248931	1.95021	0.0497863	0.9812472
5363	1	-16.12758	-15.7634	-0.3641814	0.137759	0.962987	0.0370128	1.92597	0.0740256	0.9595569
5364	0	-15.60404	-15.21004	-0.394001	0.04642	0.975088	0.024912	1.95018	0.049824	0.9886014
5365	1	-16.54812	-16.19275	-0.3553674	-0.0197415	0.970786	0.0292141	1.94157	0.0584281	0.9511364
5366	0	-16.5918	-16.26513	-0.3266676	0.0187486	0.970381	0.0296193	1.94076	0.0592386	0.924227
5367	1	-16.92605	-16.56756	-0.3584886	0.114207	0.953413	0.0465869	1.90683	0.0931738	0.9541098
5368	0	-18.33311	-18.04606	-0.2870422	0.46086	0.965969	0.0340312	1.93194	0.0680623	0.8883203
5369	1	-18.35719	-17.983	-0.3741965	0.547684	0.979254	0.0207463	1.95851	0.0414927	0.9692152
5370	0	-16.54956	-16.25852	-0.2910385	0.0997641	0.970774	0.0292257	1.94155	0.0584513	0.8918774
5371	1	-16.59222	-16.23702	-0.3552062	0.0646368	0.960613	0.0393868	1.92123	0.0787735	0.9509832
5372	0	-17.09276	-16.79701	-0.2957501	0.0175231	0.979216	0.020784	1.95843	0.041568	0.8960895
5373	1	-17.20574	-16.85234	-0.3533939	-0.0608639	0.963718	0.0362824	1.92744	0.0725647	0.9492612
5374	0	-16.49404	-16.19206	-0.3019864	0.229724	0.96586	0.0341399	1.93172	0.0682798	0.9016953
5375	1	-16.58663	-16.27046	-0.316174	0.0752244	0.966053	0.0339467	1.93211	0.0678934	0.9145793
5376	0	-18.07239	-17.74097	-0.3314217	0.315615	0.94655	0.0534499	1.8931	0.1069	0.9286313
5377	1	-17.86538	-17.49654	-0.3688352	-0.0677359	0.951462	0.0485381	1.90292	0.0970762	0.9640329
5378	0	-16.83532	-16.45622	-0.3790973	0.069842	0.954086	0.0459145	1.90817	0.091829	0.9739768
5379	1	-17.50371	-17.2182	-0.2855026	-0.0393725	0.972371	0.0276289	1.94474	0.0552578	0.8869537
5380	0	-15.29838	-14.91929	-0.3790973	0.20148	0.973483	0.026517	1.94697	0.0530341	0.9739768
5381	1	-18.8703	-18.51466	-0.3556468	0.339862	0.934578	0.0654221	1.86916	0.130844	0.9514023
5382	0	-15.82468	-15.48364	-0.3410369	0.296902	0.973655	0.0263448	1.94731	0.0526896	0.9376035
5383	1	-16.29044	-15.98216	-0.3082796	0.105312	0.977698	0.0223016	1.9554	0.0446031	0.9073877
5384	0	-15.6773	-15.29248	-0.384811	0.0539773	0.973806	0.0261936	1.94761	0.0523872	0.9795577
5385	1	-15.22444	-14.82028	-0.4041643	0.115463	0.980139	0.0198607	1.96028	0.0397213	0.9987001
5386	0	-15.46025	-15.0802	-0.3800575	0.201651	0.96995	0.03005	1.9399	0.0601	0.9749124
5387	1	-15.98432	-15.58954	-0.3947833	0.418002	0.974277	0.0257234	1.94855	0.0514468	0.989375
5388	0	-15.21841	-14.8396	-0.3788094	0.211977	0.976799	0.0232014	1.9536	0.0464028	0.9736964
5389	1	-16.30784	-15.90742	-0.4004274	0.0185643	0.96236	0.0376396	1.92472	0.0752791	0.994975
5390	0	-18.60982	-18.30353	-0.3062879	0.485638	0.964099	0.0359014	1.9282	0.0718028	0.9055822
5391	1	-15.92412	-15.58611	-0.3380088	0.183837	0.98157	0.0184296	1.96314	0.0368591	0.9347685
5392	0	-16.03787	-15.72964	-0.3082277	0.183879	0.975779	0.0242205	1.95156	0.0484411	0.9073406
5393	1	-16.19206	-15.78982	-0.4022427	-0.044548	0.974205	0.025795	1.94841	0.05159	0.9967828
5394	0	-16.21337	-15.87752	-0.3358516	0.36278	0.979086	0.0209141	1.95817	0.0418282	0.9327543
5395	1	-16.06438	-15.69012	-0.3742628	0.308463	0.96471	0.0352896	1.92942	0.0705792	0.9692794
5396	0	-16.5837	-16.29383	-0.2898762	0.174587	0.966386	0.0336144	1.93277	0.0672289	0.8908413
5397	1	-17.67368	-17.41749	-0.2561901	-0.0157639	0.972953	0.0270472	1.94591	0.0540944	0.8613322
5398	0	-16.42875	-16.09671	-0.332043	0.213878	0.984399	0.0156013	1.9688	0.0312025	0.9292085
5399	1	-19.25581	-19.049	-0.20681	0.0434778	0.984269	0.0157315	1.96854	0.0314629	0.8198326
5400	0	-15.76162	-15.42439	-0.3372348	0.238612	0.97973	0.0202696	1.95946	0.0405393	0.9340453
5401	1	-16.67651	-16.35061	-0.325902	0.368577	0.968037	0.0319631	1.93607	0.0639261	0.9235197
5402	0	-15.99038	-15.60443	-0.3859558	0.200218	0.961527	0.0384733	1.92305	0.0769466	0.9806798
5403	1	-17.79745	-17.56283	-0.2346245	0.0074449	0.969637	0.0303633	1.93927	0.0607265	0.8429559
5404	0	-15.9709	-15.59077	-0.3801258	0.030876	0.970324	0.0296759	1.94065	0.0593518	0.974979
5405	1	-16.46352	-16.17594	-0.2875775	0.266961	0.979786	0.0202136	1.95957	0.0404271	0.888796
5406	0	-16.6418	-16.26287	-0.3789315	0.265052	0.98724	0.0127596	1.97448	0.0255192	0.9738153
5407	1	-15.68879	-15.30326	-0.3855249	0.201732	0.96566	0.0343401	1.93132	0.0686802	0.9802573
5408	0	-15.56308	-15.18827	-0.3748055	0.279557	0.970556	0.0294441	1.94111	0.0588881	0.9698057
5409	1	-17.4518	-17.16575	-0.2860464	0.120092	0.955096	0.0449037	1.91019	0.0898074	0.8874361
5410	0	-17.71481	-17.31918	-0.3956315	-0.0794277	0.951632	0.0483683	1.90326	0.0967366	0.9902146
5411	1	-15.85111	-15.52154	-0.329575	0.278132	0.975635	0.0243653	1.95127	0.0487306	0.9269181
5412	0	-17.5422	-17.23277	-0.3094318	0.445605	0.980462	0.0195382	1.96092	0.0390764	0.9084338
5413	1	-19.73961	-19.36416	-0.3754512	-0.0900364	0.92467	0.0753303	1.84934	0.150661	0.9704321
5414	0	-15.77137	-15.43869	-0.3326784	0.258542	0.97563	0.0243703	1.95126	0.0487406	0.9297992
5415	1	-15.44855	-15.08912	-0.3594326	0.185465	0.976928	0.023072	1.95386	0.0461441	0.9550109
5416	0	-15.42969	-15.04313	-0.3865674	0.320008	0.97357	0.0264304	1.94714	0.0528609	0.9812797
5417	1	-18.43554	-18.05457	-0.3809693	0.333627	0.989796	0.0102041	1.97959	0.0204083	0.9758018
5418	0	-15.51438	-15.12782	-0.3865674	0.352973	0.976046	0.0239544	1.95209	0.0479087	0.9812797
5419	1	-15.40804	-15.01298	-0.3950586	0.0837386	0.978581	0.0214191	1.95716	0.0428382	0.9896475
5420	0	-16.06503	-15.67595	-0.3890739	0.120254	0.961448	0.0385521	1.9229	0.0771041	0.9837424
5421	1	-15.94893	-15.56011	-0.3888174	0.41276	0.979058	0.020942	1.95812	0.0418841	0.9834901
5422	0	-16.22362	-15.88148	-0.3421372	0.161884	0.963935	0.0360651	1.92787	0.0721301	0.9386356
5423	1	-17.6315	-17.35515	-0.2763548	0.116651	0.984631	0.0153694	1.96926	0.0307387	0.8788771
5424	0	-16.29744	-15.96055	-0.336893	0.361966	0.971603	0.0283966	1.94321	0.0567931	0.9337261
5425	1	-15.65072	-15.27249	-0.3782376	0.354945	0.974846	0.0251543	1.94969	0.0503087	0.9731398
5426	0	-15.22294	-14.84392	-0.3790204	0.214976	0.976112	0.0238884	1.95222	0.0477769	0.9739019
5427	1	-19.49894	-19.16819	-0.330751	0.539616	0.962399	0.0376005	1.9248	0.075201	0.9280088
5428	0	-16.11792	-15.78979	-0.3281234	0.0895775	0.972835	0.0271647	1.94567	0.0543294	0.9255736
5429	1	-15.82197	-15.42704	-0.3949304	0.0139456	0.977936	0.0220645	1.95587	0.0441289	0.9895206
5430	0	-16.26279	-15.96535	-0.2974392	0.251738	0.971927	0.0280725	1.94385	0.056145	0.8976043
5431	1	-15.92939	-15.58535	-0.3440373	0.314067	0.97194	0.0280604	1.94388	0.0561208	0.9404208
5432	0	-16.7043	-16.36914	-0.3351601	0.407638	0.971615	0.028385	1.94323	0.05677	0.9321095
5433	1	-18.48683	-18.18977	-0.2970523	-0.0442547	0.949664	0.0503365	1.89933	0.100673	0.8972571
5434	0	-15.94451	-15.56987	-0.3746406	0.0660647	0.981695	0.0183049	1.96339	0.0366099	0.9696458
5435	1	-15.8818	-15.50919	-0.3726153	0.292754	0.984092	0.0159085	1.96818	0.031817	0.9676838
5436	0	-16.41612	-16.0151	-0.401025	-0.059767	0.970746	0.0292538	1.94149	0.0585075	0.9955697
5437	1	-15.91074	-15.55393	-0.356808	0.339748	0.981128	0.0188721	1.96226	0.0377443	0.9525077
5438	0	-16.99309	-16.69328	-0.2998029	0.0226955	0.966952	0.0330477	1.9339	0.0660955	0.8997285
5439	1	-18.8251	-18.46829	-0.356808	-0.00485332	0.98828	0.0117202	1.97656	0.0234404	0.9525077
5440	0	-16.48134	-16.17525	-0.3060872	0.23015	0.98272	0.0172804	1.96544	0.0345607	0.9054005
5441	1	-17.25941	-16.85778	-0.4016309	0.439098	0.958865	0.0411346	1.91773	0.0822691	0.9961731
5442	0	-16.83059	-16.48093	-0.3496571	0.333848	0.959554	0.0404462	1.91911	0.0808923	0.9457207
5443	1	-15.0113	-14.60658	-0.404728	0.215852	0.974442	0.0255584	1.94888	0.0511167	0.9992632
5444	0	-16.31538	-16.01115	-0.3042311	0.26826	0.969814	0.0301865	1.93963	0.060373	0.9037215
5445	1	-17.35148	-17.01916	-0.3323135	0.423972	0.983683	0.0163166	1.96737	0.0326333	0.9294599
5446	0	-15.26816	-14.87771	-0.3904462	0.262807	0.972534	0.0274663	1.94507	0.0549326	0.9850933
5447	1	-16.50218	-16.21573	-0.2864531	0.16087	0.969021	0.0309795	1.93804	0.0619589	0.8877971
5448	0	-15.10689	-14.70412	-0.4027645	0.175351	0.973274	0.0267263	1.94655	0.0534526	0.997303
5449	1	-18.78792	-18.39892	-0.3890028	0.439127	0.942949	0.0570514	1.8859	0.114103	0.9836725
5450	0	-16.27526	-15.90376	-0.3714971	0.245434	0.959965	0.0400348	1.91993	0.0800697	0.9666025
5451	1	-15.48825	-15.09697	-0.3912797	0.286841	0.969537	0.0304626	1.93907	0.0609251	0.9859147
5452	0	-17.23383	-16.90605	-0.3277765	-0.0368826	0.96445	0.0355505	1.9289	0.0711009	0.9252525
5453	1	-16.30482	-16.00844	-0.2963819	0.150064	0.978302	0.0216981	1.9566	0.0433963	0.8966558
5454	0	-16.81194	-16.47786	-0.3340805	0.0549717	0.960851	0.039149	1.9217	0.0782981	0.9311037
5455	1	-16.15844	-15.8585	-0.2999425	0.226417	0.978103	0.0218973	1.95621	0.0437946	0.8998541
5456	0	-16.26621	-15.92408	-0.3421254	0.233399	0.984345	0.0156549	1.96869	0.0313098	0.9386245
5457	1	-15.81682	-15.41652	-0.4003052	0.132601	0.963237	0.0367627	1.92647	0.0735254	0.9948534
5458	0	-15.52741	-15.15889	-0.3685247	0.295443	0.980531	0.0194685	1.96106	0.0389371	0.9637336
5459	1	-18.76636	-18.44416	-0.3221982	0.0998438	0.93288	0.0671198	1.86576	0.13424	0.9201056
5460	0	-15.26309	-14.8649	-0.3981855	0.158307	0.981829	0.0181714	1.96366	0.0363427	0.9927468
5461	1	-15.85488	-15.53145	-0.3234301	0.221341	0.977839	0.0221606	1.95568	0.0443211	0.9212397
5462	0	-15.23917	-14.84032	-0.3988475	0.229201	0.970876	0.0291243	1.94175	0.0582486	0.9934042
5463	1	-18.94734	-18.83195	-0.1153908	0.104589	0.969896	0.0301038	1.93979	0.0602075	0.748208
5464	0	-25.70882	-25.36555	-0.3432755	-0.160922	0.829234	0.170766	1.65847	0.341531	0.9397046
5465	1	-16.27722	-15.91854	-0.3586794	0.385907	0.981843	0.0181569	1.96369	0.0363138	0.9542919
5466	0	-16.90239	-16.50166	-0.4007274	0.372358	0.956027	0.0439728	1.91205	0.0879456	0.9952735
5467	1	-15.90201	-15.53278	-0.3692346	0.0642951	0.980402	0.0195982	1.9608	0.0391965	0.964418
5468	0	-16.68764	-16.34226	-0.3453847	-0.00460803	0.980086	0.0199135	1.96017	0.0398271	0.9416888
5469	1	-16.10948	-15.73577	-0.3737135	0.028058	0.980614	0.0193859	1.96123	0.0387719	0.9687472
5470	0	-15.8739	-15.46891	-0.4049839	0.18773	0.961075	0.0389255	1.92215	0.077851	0.9995189
5471	1	-16.60388	-16.32459	-0.2792841	0.204348	0.980622	0.0193779	1.96124	0.0387558	0.8814553
5472	0	-16.6287	-16.25419	-0.3745121	0.100345	0.956092	0.0439075	1.91218	0.0878151	0.9695211
5473	1	-15.69645	-15.35108	-0.3453757	0.269342	0.973672	0.0263284	1.94734	0.0526567	0.9416803
5474	0	-16.65144	-16.26065	-0.3907893	0.239056	0.953199	0.0468008	1.9064	0.0936016	0.9854313
5475	1	-15.81282	-15.40773	-0.4050838	0.12479	0.963007	0.0369931	1.92601	0.0739863	0.9996188
5476	0	-15.43707	-15.04511	-0.3919668	0.18811	0.983261	0.0167386	1.96652	0.0334773	0.9865924
5477	1	-15.77334	-15.37024	-0.4031019	0.265944	0.963457	0.0365429	1.92691	0.0730857	0.9976396
5478	0	-16.7149	-16.32033	-0.3945781	0.185668	0.987893	0.012107	1.97579	0.024214	0.9891721
5479	1	-15.56506	-15.18422	-0.3808378	0.353242	0.977139	0.0228611	1.95428	0.0457222	0.9756735
5480	0	-15.13126	-14.73573	-0.3955255	0.290218	0.977115	0.0228845	1.95423	0.045769	0.9901096
5481	1	-18.86534	-18.49622	-0.3691243	-0.162138	0.949534	0.0504664	1.89907	0.100933	0.9643116
5482	0	-16.33584	-15.94031	-0.3955255	-0.0389247	0.969609	0.030391	1.93922	0.0607819	0.9901096
5483	1	-16.74606	-16.40362	-0.3424426	0.127273	0.957323	0.0426768	1.91465	0.0853536	0.9389223
5484	0	-15.80252	-15.43517	-0.3673513	0.0813747	0.97114	0.0288596	1.94228	0.0577192	0.9626034
5485	1	-16.62816	-16.23387	-0.3942885	0.228887	0.952957	0.0470433	1.90591	0.0940867	0.9888856
5486	0	-16.209	-15.83108	-0.3779264	0.403545	0.970858	0.0291417	1.94172	0.0582833	0.972837
5487	1	-15.68926	-15.34197	-0.34729	0.24643	0.972251	0.0277494	1.9445	0.0554988	0.9434847
5488	0	-15.2784	-14.88521	-0.3931857	0.23061	0.982389	0.0176107	1.96478	0.0352214	0.9877957
5489	1	-16.07059	-15.75323	-0.3173614	0.294645	0.978299	0.0217007	1.9566	0.0434014	0.9156659
5490	0	-16.50522	-16.10232	-0.4028968	0.303569	0.955994	0.0440064	1.91199	0.0880127	0.997435
5491	1	-21.27644	-20.96673	-0.3097105	0.267953	0.901093	0.0989071	1.80219	0.197814	0.908687
5492	0	-16.3891	-16.07543	-0.3136738	0.348399	0.974095	0.0259052	1.94819	0.0518104	0.9122956
5493	1	-15.58048	-15.22883	-0.3516519	0.183455	0.979064	0.0209359	1.95813	0.0418719	0.9476091
5494	0	-15.17011	-14.77173	-0.3983734	0.206574	0.981799	0.0182012	1.9636	0.0364025	0.9929334
5495	1	-17.35189	-16.95444	-0.3974473	-0.0526103	0.953828	0.0461716	1.90766	0.0923431	0.9920143
5496	0	-18.15477	-17.84051	-0.3142595	0.357255	0.949757	0.0502433	1.89951	0.100487	0.91283
5497	1	-15.48839	-15.10371	-0.3846767	0.179282	0.969003	0.030997	1.93801	0.0619941	0.9794261
5498	0	-20.89074	-20.60421	-0.286528	-0.196155	0.937239	0.0627608	1.87448	0.125522	0.8878636
5499	1	-18.21833	-17.91814	-0.3001887	0.22623	0.943001	0.0569989	1.886	0.113998	0.9000757
5500	0	-19.15629	-18.84098	-0.3153155	0.0877256	0.928487	0.0715131	1.85697	0.143026	0.9137944
5501	1	-18.72545	-18.53912	-0.1863272	0.281765	0.955397	0.0446032	1.91079	0.0892064	0.803211
5502	0	-16.75875	-16.38166	-0.3770854	0.298914	0.955323	0.0446769	1.91065	0.0893537	0.9720193
5503	1	-17.28718	-16.90219	-0.384989	0.320323	0.949383	0.0506171	1.89877	0.101234	0.9797321
5504	0	-17.26065	-16.89794	-0.3627098	0.0536233	0.950901	0.0490989	1.9018	0.0981978	0.9581458
5505	1	-17.83492	-17.55884	-0.276083	0.263014	0.952264	0.047736	1.90453	0.0954719	0.8786381
5506	0	-15.94716	-15.57594	-0.3712199	0.0510742	0.980212	0.0197877	1.96042	0.0395755	0.9663345
5507	1	-16.89559	-16.59501	-0.3005866	0.127926	0.96079	0.0392103	1.92158	0.0784207	0.9004339
5508	0	-16.43616	-16.08024	-0.3559127	0.0271591	0.965996	0.0340036	1.93199	0.0680072	0.9516552
5509	1	-18.60375	-18.37842	-0.2253221	0.340439	0.955218	0.0447819	1.91044	0.0895639	0.8351508
5510	0	-15.70443	-15.30267	-0.40176	0.0407804	0.980866	0.019134	1.96173	0.0382679	0.9963018
5511	1	-16.28137	-15.98374	-0.2976244	0.213254	0.979887	0.0201127	1.95977	0.0402255	0.8977706
5512	0	-16.34995	-15.97595	-0.3740037	0.210282	0.958217	0.0417828	1.91643	0.0835656	0.9690284
5513	1	-17.1998	-16.83331	-0.3664934	0.435625	0.98479	0.0152097	1.96958	0.0304193	0.9617779
5514	0	-18.49226	-18.09071	-0.401551	-0.199159	0.958213	0.041787	1.91643	0.0835741	0.9960936
5515	1	-15.47915	-15.08441	-0.3947394	0.290058	0.969329	0.0306706	1.93866	0.0613412	0.9893316
5516	0	-16.58179	-16.273	-0.3087883	0.0745741	0.980024	0.0199763	1.96005	0.0399526	0.9078494
5517	1	-19.00241	-18.60491	-0.3974969	0.506086	0.950628	0.049372	1.90126	0.098744	0.9920635
5518	0	-17.75918	-17.40829	-0.3508972	0.498038	0.980648	0.0193518	1.9613	0.0387037	0.9468942
5519	1	-17.54808	-17.17792	-0.3701544	0.509678	0.975131	0.0248688	1.95026	0.0497377	0.9653054
5520	0	-16.24602	-15.92413	-0.3218904	0.250427	0.96699	0.0330098	1.93398	0.0660196	0.9198224
5521	1	-16.32005	-16.01079	-0.3092622	0.25075	0.967985	0.0320151	1.93597	0.0640302	0.9082797
5522	0	-17.89357	-17.61561	-0.2779644	0.35593	0.957683	0.042317	1.91537	0.0846339	0.8802928
5523	1	-18.22748	-18.03099	-0.1964983	0.179781	0.982472	0.0175283	1.96494	0.0350565	0.8114222
5524	0	-18.25191	-18.06247	-0.1894388	0.116398	0.95966	0.0403404	1.91932	0.0806808	0.8057141
5525	1	-16.60354	-16.27796	-0.3255851	0.0681381	0.964604	0.0353956	1.92921	0.0707912	0.9232271
5526	0	-17.2523	-17.01476	-0.2375428	0.149534	0.965674	0.0343258	1.93135	0.0686516	0.8454195
5527	1	-19.25853	-18.92586	-0.332676	0.401067	0.939025	0.0609749	1.87805	0.12195	0.9297969
5528	0	-16.55966	-16.19594	-0.3637221	0.315605	0.960072	0.0399275	1.92014	0.079855	0.9591162
5529	1	-16.05296	-15.66289	-0.3900679	0.01796	0.981327	0.0186732	1.96265	0.0373464	0.9847207
5530	0	-17.58141	-17.25775	-0.323653	0.39428	0.959241	0.0407592	1.91848	0.0815183	0.9214451
5531	1	-15.46244	-15.0797	-0.3827427	0.0988713	0.974783	0.0252171	1.94957	0.0504342	0.9775338
5532	0	-15.54809	-15.18163	-0.3664683	0.228694	0.970784	0.029216	1.94157	0.058432	0.9617538
5533	1	-18.23218	-17.93097	-0.301206	0.347939	0.94963	0.0503704	1.89926	0.100741	0.9009918
5534	0	-18.81192	-18.4524	-0.3595141	-0.0769311	0.939519	0.0604806	1.87904	0.120961	0.9550887
5535	1	-18.39678	-18.18809	-0.208689	0.13535	0.953163	0.0468365	1.90633	0.0936731	0.8213745
5536	0	-15.67374	-15.27206	-0.4016813	0.210955	0.964021	0.0359787	1.92804	0.0719573	0.9962233
5537	1	-17.44825	-17.18529	-0.2629559	0.0744475	0.960958	0.0390418	1.92192	0.0780836	0.8671795
5538	0	-18.77311	-18.38107	-0.3920397	0.443657	0.943416	0.0565841	1.88683	0.113168	0.9866643
5539	1	-19.52645	-19.30074	-0.2257105	0.297023	0.987264	0.0127358	1.97453	0.0254716	0.8354752
5540	0	-18.35717	-18.08962	-0.2675536	0.123813	0.945007	0.0549925	1.89001	0.109985	0.8711758
5541	1	-18.65448	-18.3522	-0.3022765	-0.0514681	0.984515	0.0154846	1.96903	0.0309692	0.9019568
5542	0	-17.61765	-17.30617	-0.311476	0.0395846	0.953099	0.0469009	1.9062	0.0938019	0.9102927
5543	1	-17.37977	-17.02697	-0.3527959	-0.0998017	0.968476	0.0315244	1.93695	0.0630488	0.9486938
5544	0	-15.75883	-15.38463	-0.3742043	0.25728	0.983953	0.0160466	1.96791	0.0320931	0.9692227
5545	1	-16.47618	-16.08205	-0.3941289	0.440737	0.982907	0.0170933	1.96581	0.0341866	0.9887278
5546	0	-15.55429	-15.15804	-0.3962536	0.325412	0.969993	0.0300069	1.93999	0.0600138	0.9908308
5547	1	-17.37902	-17.06345	-0.3155619	0.367186	0.959932	0.0400681	1.91986	0.0801362	0.9140197
5548	0	-15.10479	-14.7048	-0.3999917	0.150698	0.975698	0.0243025	1.9514	0.0486049	0.9945416
5549	1	-17.37425	-16.97411	-0.4001395	-0.0783523	0.956085	0.0439153	1.91217	0.0878305	0.9946886
5550	0	-16.37241	-16.01114	-0.3612653	0.0220856	0.966779	0.0332208	1.93356	0.0664416	0.9567627
5551	1	-18.51581	-18.12537	-0.3904463	0.0721851	0.929719	0.0702814	1.85944	0.140563	0.9850934
5552	0	-15.34357	-14.97261	-0.370957	0.220071	0.979569	0.0204309	1.95914	0.0408618	0.9660805
5553	1	-15.66496	-15.30509	-0.3598658	0.309066	0.973603	0.0263966	1.94721	0.0527931	0.9554248
5554	0	-16.86707	-16.53044	-0.3366271	0.423093	0.971263	0.0287374	1.94253	0.0574747	0.9334778
5555	1	-18.53477	-18.21927	-0.3154938	-0.0930885	0.952286	0.0477135	1.90457	0.0954271	0.9139574
5556	0	-15.56834	-15.17265	-0.3956942	0.365003	0.973734	0.0262662	1.94747	0.0525325	0.9902766
5557	1	-16.34651	-16.00799	-0.3385194	0.129084	0.983444	0.0165558	1.96689	0.0331116	0.935246
5558	0	-18.23695	-17.97697	-0.2599844	0.336723	0.9542	0.0457999	1.9084	0.0915999	0.8646066
5559	1	-17.09512	-16.70118	-0.3939469	0.355402	0.953134	0.0468663	1.90627	0.0937326	0.9885478
5560	0	-19.35474	-19.13852	-0.2162146	0.30655	0.944119	0.0558811	1.88824	0.111762	0.8275792
5561	1	-17.12385	-16.866	-0.2578495	0.300339	0.967096	0.0329039	1.93419	0.0658078	0.8627627
5562	0	-17.57112	-17.36917	-0.2019556	0.124065	0.974546	0.0254542	1.94909	0.0509085	0.8158625
5563	1	-16.50593	-16.18907	-0.3168625	0.0876693	0.98111	0.01889	1.96222	0.03778	0.9152092
5564	0	-15.78765	-15.42171	-0.3659346	0.066258	0.97705	0.0229495	1.9541	0.045899	0.9612406
5565	1	-15.86443	-15.46363	-0.4008023	0.419841	0.976698	0.0233017	1.9534	0.0466034	0.9953481
5566	0	-16.56254	-16.2229	-0.3396354	0.0123699	0.968587	0.0314128	1.93717	0.0628255	0.9362903
5567	1	-15.71474	-15.31394	-0.4008023	0.01726	0.975528	0.0244719	1.95106	0.0489437	0.9953481
5568	0	-16.2378	-15.89285	-0.3449493	0.224741	0.96323	0.0367695	1.92646	0.073539	0.9412789
5569	1	-15.30108	-14.92076	-0.3803246	0.188938	0.980404	0.0195958	1.96081	0.0391916	0.9751729
5570	0	-15.29925	-14.90645	-0.3928083	0.195114	0.970788	0.0292117	1.94158	0.0584235	0.987423
5571	1	-17.35538	-16.95909	-0.3962856	0.488724	0.966265	0.0337352	1.93253	0.0674703	0.9908625
5572	0	-15.34523	-14.9651	-0.3801291	0.171672	0.980586	0.019414	1.96117	0.038828	0.9749822
5573	1	-16.63887	-16.36899	-0.2698857	0.205252	0.969499	0.0305011	1.939	0.0610022	0.8732098
5574	0	-15.90826	-15.5411	-0.3671593	0.0424343	0.974887	0.0251134	1.94977	0.0502268	0.9624185
5575	1	-15.73801	-15.37324	-0.3647691	0.120291	0.981216	0.0187843	1.96243	0.0375685	0.9601209
5576	0	-17.48486	-17.28371	-0.2011498	0.216348	0.970464	0.0295355	1.94093	0.059071	0.8152053
5577	1	-16.1353	-15.81075	-0.3245456	0.103378	0.971616	0.0283835	1.94323	0.0567671	0.9222679
5578	0	-21.99654	-21.71902	-0.2775213	0.471522	0.925642	0.0743579	1.85128	0.148716	0.8799029
5579	1	-16.06905	-15.74911	-0.319944	0.210842	0.969718	0.0302821	1.93944	0.0605642	0.9180338
5580	0	-15.98451	-15.61453	-0.369984	0.0334267	0.97851	0.0214902	1.95702	0.0429803	0.965141
5581	1	-15.47122	-15.06862	-0.4026042	0.312433	0.983631	0.0163686	1.96726	0.0327372	0.9971432
5582	0	-15.76742	-15.41029	-0.357128	0.0879488	0.975712	0.0242885	1.95142	0.048577	0.9528125
5583	1	-16.56825	-16.16564	-0.4026042	0.444512	0.967821	0.0321786	1.93564	0.0643571	0.9971432
5584	0	-15.97878	-15.59111	-0.3876641	0.0151114	0.970723	0.0292774	1.94145	0.0585547	0.9823565
5585	1	-15.80566	-15.40305	-0.4026042	0.416802	0.978263	0.0217371	1.95653	0.0434741	0.9971432
5586	0	-16.71843	-16.35527	-0.3631582	0.0112158	0.961646	0.0383544	1.92329	0.0767089	0.9585756
5587	1	-15.63459	-15.25071	-0.3838737	0.351007	0.973122	0.0268781	1.94624	0.0537563	0.97864
5588	0	-15.24489	-14.8503	-0.3945856	0.293327	0.973737	0.0262631	1.94747	0.0525262	0.9891795
5589	1	-16.4098	-16.05449	-0.3553069	0.337569	0.964448	0.0355518	1.9289	0.0711037	0.951079
5590	0	-17.97788	-17.66028	-0.3176001	0.245427	0.944593	0.0554069	1.88919	0.110814	0.9158845
5591	1	-15.05862	-14.6598	-0.3988204	0.275711	0.977443	0.0225575	1.95489	0.0451149	0.9933774
5592	0	-19.8535	-19.55579	-0.297715	-0.141608	0.983752	0.016248	1.9675	0.0324959	0.8978519
5593	1	-15.44919	-15.06169	-0.3875053	0.0936118	0.974229	0.0257707	1.94846	0.0515414	0.9822005
5594	0	-19.67046	-19.44279	-0.2276772	0.25881	0.987783	0.0122173	1.97557	0.0244346	0.83712
5595	1	-16.19211	-15.86927	-0.322835	0.27365	0.968606	0.0313936	1.93721	0.0627873	0.9206916
5596	0	-20.41122	-20.28512	-0.1261013	0.346763	0.983704	0.016296	1.96741	0.032592	0.7562647
5597	1	-15.11032	-14.71733	-0.392987	0.21731	0.979966	0.0200339	1.95993	0.0400678	0.9875994
5598	0	-18.60211	-18.46177	-0.1403349	0.281068	0.976606	0.0233945	1.95321	0.046789	0.767106
5599	1	-15.69277	-15.33282	-0.359953	0.310501	0.973033	0.0269667	1.94607	0.0539334	0.955508
5600	0	-17.67036	-17.43634	-0.2340239	0.251069	0.960278	0.0397217	1.92056	0.0794434	0.8424498
5601	1	-19.5306	-19.22311	-0.3074942	-0.131508	0.943518	0.0564823	1.88704	0.112965	0.9066753
5602	0	-18.44013	-18.17826	-0.2618712	-0.0961181	0.973031	0.0269695	1.94606	0.053939	0.8662394
5603	1	-19.55579	-19.19763	-0.3581681	-0.160203	0.93975	0.06025	1.8795	0.1205	0.9538041
5604	0	-19.17704	-18.94231	-0.2347338	0.0416743	0.941571	0.0584294	1.88314	0.116859	0.8430481
5605	1	-16.19864	-15.80065	-0.3979876	0.443053	0.980104	0.0198956	1.96021	0.0397912	0.9925504
5606	0	-16.43524	-16.15045	-0.2847821	0.264985	0.978739	0.0212609	1.95748	0.0425218	0.8863148
5607	1	-18.05709	-17.73896	-0.3181212	0.065024	0.94458	0.0554202	1.88916	0.11084	0.9163619
5608	0	-19.95612	-19.67917	-0.2769522	0.336409	0.989081	0.0109189	1.97816	0.0218377	0.8794022
5609	1	-16.71546	-16.40963	-0.3058278	0.0957271	0.981894	0.0181065	1.96379	0.0362129	0.9051657
5610	0	-16.62275	-16.33599	-0.2867609	0.315282	0.971441	0.0285593	1.94288	0.0571186	0.8880705
5611	1	-17.72301	-17.36869	-0.3543274	0.505032	0.978895	0.0211052	1.95779	0.0422105	0.9501479
5612	0	-17.86074	-17.47538	-0.3853672	0.182633	0.989506	0.0104936	1.97901	0.0209873	0.9801027
5613	1	-15.86553	-15.53799	-0.3275374	0.174388	0.978529	0.0214709	1.95706	0.0429418	0.9250313
5614	0	-16.4976	-16.15547	-0.3421293	0.343411	0.96555	0.0344502	1.9311	0.0689005	0.9386282
5615	1	-15.78912	-15.40972	-0.3793993	0.157322	0.965482	0.0345176	1.93096	0.0690352	0.9742709
5616	0	-15.5951	-15.19744	-0.397659	0.0410084	0.977188	0.0228123	1.95438	0.0456246	0.9922243
5617	1	-15.77615	-15.37392	-0.4022226	0.0156781	0.972379	0.0276206	1.94476	0.0552412	0.9967628
5618	0	-17.67654	-17.33611	-0.3404253	-0.0517054	0.956526	0.0434742	1.91305	0.0869485	0.9370301
5619	1	-15.77585	-15.37074	-0.4051045	0.0246614	0.980813	0.0191872	1.96163	0.0383743	0.9996394
5620	0	-15.83517	-15.45893	-0.3762436	0.0467166	0.972603	0.0273972	1.94521	0.0547944	0.9712013
5621	1	-17.1727	-16.83112	-0.3415801	0.317745	0.95526	0.0447397	1.91052	0.0894794	0.9381129
5622	0	-15.31673	-14.92315	-0.3935836	0.278185	0.971651	0.0283489	1.9433	0.0566977	0.9881888
5623	1	-15.64897	-15.2481	-0.4008718	0.281092	0.984986	0.0150143	1.96997	0.0300286	0.9954172
5624	0	-16.50112	-16.16477	-0.3363524	0.401626	0.975334	0.024666	1.95067	0.0493321	0.9332215
5625	1	-15.83802	-15.43715	-0.4008718	0.154664	0.985472	0.014528	1.97094	0.0290561	0.9954172
5626	0	-17.65063	-17.24982	-0.4008147	0.512867	0.983622	0.0163778	1.96724	0.0327556	0.9953603
5627	1	-16.60808	-16.30741	-0.3006718	0.11343	0.966049	0.0339505	1.9321	0.0679011	0.9005106
5628	0	-14.96076	-14.55632	-0.4044427	0.248029	0.977176	0.0228237	1.95435	0.0456473	0.9989781
5629	1	-15.05444	-14.65359	-0.4008512	0.164506	0.978521	0.0214792	1.95704	0.0429585	0.9953968
5630	0	-15.61263	-15.24918	-0.3634551	0.153012	0.971125	0.0288754	1.94225	0.0577509	0.9588601
5631	1	-16.31918	-15.9546	-0.3645782	0.144825	0.960092	0.0399082	1.92018	0.0798163	0.9599377
5632	0	-16.2696	-15.97518	-0.2944191	0.176339	0.972139	0.0278613	1.94428	0.0557226	0.8948976
5633	1	-16.35369	-16.01926	-0.3344314	0.204039	0.984182	0.0158181	1.96836	0.0316362	0.9314305
5634	0	-17.63046	-17.37145	-0.2590083	0.0727065	0.958815	0.0411846	1.91763	0.0823692	0.8637631
5635	1	-16.76264	-16.38705	-0.3755907	0.0155609	0.97233	0.0276703	1.94466	0.0553405	0.9705674
5636	0	-17.79707	-17.55211	-0.2449544	0.355517	0.964408	0.0355922	1.92882	0.0711845	0.8517087
5637	1	-17.05092	-16.67533	-0.3755907	-0.0248527	0.983972	0.0160282	1.96794	0.0320564	0.9705674
5638	0	-19.10655	-18.73649	-0.3700607	0.284703	0.925845	0.0741549	1.85169	0.14831	0.965215
5639	1	-16.23182	-15.85644	-0.3753765	0.0431998	0.982784	0.017216	1.96557	0.0344319	0.9703596
5640	0	-16.04484	-15.73612	-0.3087184	0.177968	0.974817	0.025183	1.94963	0.0503661	0.9077859
5641	1	-15.50511	-15.13428	-0.3708324	0.177931	0.971057	0.0289433	1.94211	0.0578866	0.9659602
5642	0	-16.28142	-15.92549	-0.355931	0.38587	0.971221	0.0287788	1.94244	0.0575575	0.9516727
5643	1	-16.80096	-16.44093	-0.3600386	0.210205	0.986958	0.0130423	1.97392	0.0260845	0.9555898
5644	0	-17.01958	-16.63045	-0.3891302	0.387483	0.957245	0.0427547	1.91449	0.0855095	0.9837978
5645	1	-16.43384	-16.08262	-0.3512245	0.191163	0.959599	0.0404012	1.9192	0.0808023	0.9472042
5646	0	-15.8641	-15.5176	-0.3464995	0.157398	0.969241	0.0307586	1.93848	0.0615171	0.9427391
5647	1	-17.03939	-16.64156	-0.3978353	0.383356	0.955708	0.0442924	1.91142	0.0885847	0.9923992
5648	0	-20.18069	-19.83325	-0.3474421	-0.237033	0.947453	0.0525467	1.89491	0.105093	0.9436283
5649	1	-15.87541	-15.54442	-0.3309906	0.293501	0.976243	0.0237575	1.95249	0.047515	0.9282311
5650	0	-19.45927	-19.17027	-0.2889989	-0.195338	0.971593	0.0284072	1.94319	0.0568144	0.8900601
5651	1	-15.13389	-14.74076	-0.3931333	0.274749	0.976131	0.0238688	1.95226	0.0477375	0.9877439
5652	0	-18.18669	-17.90384	-0.2828451	0.160877	0.944825	0.0551752	1.88965	0.11035	0.8845998
5653	1	-17.92757	-17.60926	-0.3183061	0.416003	0.958493	0.0415075	1.91699	0.0830149	0.9165313
5654	0	-21.55589	-21.20914	-0.3467446	0.0358699	0.991388	0.00861176	1.98278	0.0172235	0.9429703
5655	1	-16.32335	-15.9958	-0.3275514	0.115987	0.981973	0.0180268	1.96395	0.0360535	0.9250442
5656	0	-17.29192	-16.90056	-0.3913668	0.0473406	0.987474	0.0125256	1.97495	0.0250511	0.9860007
5657	1	-15.23087	-14.83369	-0.3971732	0.275897	0.972524	0.0274759	1.94505	0.0549517	0.9917424
5658	0	-16.8497	-16.46663	-0.3830681	-0.0897178	0.972437	0.0275625	1.94487	0.055125	0.977852
5659	1	-15.11029	-14.72056	-0.389729	0.223665	0.976242	0.0237576	1.95248	0.0475151	0.984387
5660	0	-16.22449	-15.84496	-0.3795313	0.0155294	0.967067	0.0329329	1.93413	0.0658659	0.9743996
5661	1	-15.66233	-15.27709	-0.3852472	0.374332	0.976388	0.0236121	1.95278	0.0472241	0.9799851
5662	0	-17.1229	-16.76675	-0.3561477	0.18486	0.95015	0.0498503	1.9003	0.0997005	0.951879
5663	1	-17.89447	-17.49544	-0.3990301	0.546483	0.975516	0.0244837	1.95103	0.0489674	0.9935856
5664	0	-15.29662	-14.9046	-0.3920127	0.194986	0.982202	0.0177976	1.9644	0.0355952	0.9866377
5665	1	-15.93497	-15.5851	-0.3498779	0.156498	0.967429	0.032571	1.93486	0.0651419	0.9459295
5666	0	-15.88947	-15.49746	-0.3920127	0.0316905	0.969545	0.0304553	1.93909	0.0609107	0.9866377
5667	1	-15.46998	-15.10852	-0.3614612	0.228478	0.973654	0.0263462	1.94731	0.0526924	0.9569502
5668	0	-15.70722	-15.314	-0.3932201	0.0337912	0.978135	0.021865	1.95627	0.0437299	0.9878296
5669	1	-17.45858	-17.0634	-0.3951744	0.448863	0.958655	0.0413454	1.91731	0.0826908	0.9897621
5670	0	-15.28848	-14.90361	-0.3848765	0.304593	0.977698	0.022302	1.9554	0.0446041	0.9796219
5671	1	-15.23141	-14.83965	-0.391757	0.189988	0.972384	0.0276156	1.94477	0.0552313	0.9863854
5672	0	-15.61004	-15.20868	-0.4013659	0.356871	0.982906	0.0170937	1.96581	0.0341873	0.9959092
5673	1	-16.50669	-16.15141	-0.3552844	0.396879	0.969149	0.0308513	1.9383	0.0617025	0.9510576
5674	0	-17.06105	-16.69776	-0.3632848	0.257451	0.951415	0.0485855	1.90283	0.097171	0.9586969
5675	1	-16.0977	-15.70278	-0.3949217	-0.0185434	0.972037	0.0279629	1.94407	0.0559257	0.989512
5676	0	-16.92199	-16.56685	-0.3551408	0.148299	0.986698	0.0133025	1.9734	0.026605	0.9509209
5677	1	-15.65355	-15.26439	-0.3891591	0.297153	0.967854	0.0321461	1.93571	0.0642921	0.9838262
5678	0	-15.72114	-15.32697	-0.3941674	0.140113	0.965083	0.0349174	1.93017	0.0698348	0.9887659
5679	1	-17.13127	-16.83956	-0.2917036	0.232467	0.958326	0.0416737	1.91665	0.0833474	0.8924708
5680	0	-14.96696	-14.56437	-0.4025955	0.22815	0.978301	0.0216992	1.9566	0.0433983	0.9971345
5681	1	-19.48082	-19.16912	-0.3116986	0.51678	0.959755	0.0402446	1.91951	0.0804891	0.9104953
5682	0	-17.16161	-16.80445	-0.3571582	-0.035752	0.960352	0.0396478	1.9207	0.0792957	0.9528413
5683	1	-15.66085	-15.27337	-0.387489	0.26058	0.966583	0.0334165	1.93317	0.066833	0.9821845
5684	0	-16.98038	-16.64954	-0.3308423	0.0288794	0.982924	0.0170759	1.96585	0.0341519	0.9280935
5685	1	-17.5572	-17.24417	-0.3130298	-0.0591641	0.964958	0.035042	1.92992	0.0700841	0.9117082
5686	0	-15.80322	-15.41594	-0.3872768	0.101105	0.966286	0.0337137	1.93257	0.0674273	0.9819761
5687	1	-16.39839	-16.05914	-0.3392445	0.135152	0.962401	0.037599	1.9248	0.075198	0.9359244
5688	0	-17.25023	-16.86667	-0.3835539	0.0314759	0.950007	0.0499933	1.90001	0.0999866	0.9783271
5689	1	-16.90951	-16.67049	-0.2390123	0.206502	0.9755	0.0244996	1.951	0.0489992	0.8466628
5690	0	-15.84158	-15.4869	-0.3546718	0.228809	0.967731	0.0322691	1.93546	0.0645383	0.9504751
5691	1	-16.35081	-16.05939	-0.2914264	0.133226	0.975018	0.0249815	1.95004	0.0499631	0.8922234
5692	0	-15.95583	-15.59375	-0.3620784	0.243235	0.965259	0.0347414	1.93052	0.0694828	0.957541
5693	1	-17.40635	-17.18185	-0.2245008	0.139772	0.966162	0.0338379	1.93232	0.0676759	0.8344652
5694	0	-17.85433	-17.48787	-0.3664646	0.437744	0.956035	0.043965	1.91207	0.08793	0.9617502
5695	1	-16.05598	-15.6982	-0.3577763	0.200173	0.963943	0.0360568	1.92789	0.0721135	0.9534305
5696	0	-16.93791	-16.61496	-0.3229582	0.0787621	0.959071	0.0409294	1.91814	0.0818588	0.9208051
5697	1	-15.26262	-14.87746	-0.3851646	0.168659	0.980022	0.019978	1.96004	0.0399559	0.9799041
5698	0	-15.19939	-14.8181	-0.3812888	0.228796	0.97618	0.0238199	1.95236	0.0476399	0.9761136
5699	1	-15.86186	-15.52939	-0.3324694	0.216209	0.971309	0.0286912	1.94262	0.0573825	0.9296048
5700	0	-16.60454	-16.27675	-0.3277903	0.0544862	0.965312	0.0346885	1.93062	0.069377	0.9252653
5701	1	-15.30276	-14.91295	-0.3898087	0.162482	0.981275	0.0187245	1.96255	0.037449	0.9844655
5702	0	-17.2903	-16.92595	-0.3643554	-0.0927546	0.965703	0.0342971	1.93141	0.0685941	0.9597238
5703	1	-15.53976	-15.14995	-0.3898087	0.357055	0.97477	0.0252302	1.94954	0.0504604	0.9844655
5704	0	-17.19934	-16.91158	-0.287761	0.405607	0.975028	0.0249725	1.95006	0.0499449	0.8889591
5705	1	-16.13276	-15.76025	-0.3725106	0.12701	0.96221	0.0377905	1.92442	0.0755809	0.9675825
5706	0	-17.29347	-16.94575	-0.3477228	0.168238	0.948872	0.0511282	1.89774	0.102256	0.9438931
5707	1	-18.71643	-18.38039	-0.3360379	-0.16363	0.958582	0.0414183	1.91716	0.0828366	0.932928
5708	0	-18.54727	-18.28459	-0.2626788	0.410886	0.984288	0.0157117	1.96858	0.0314234	0.8669393
5709	1	-16.54827	-16.19288	-0.3553949	0.117213	0.958784	0.0412157	1.91757	0.0824314	0.9511626
5710	0	-16.96797	-16.71826	-0.2497046	0.303091	0.974533	0.0254665	1.94907	0.0509331	0.8557641
5711	1	-16.51442	-16.2014	-0.3130181	0.0554435	0.970607	0.0293931	1.94121	0.0587861	0.9116975
5712	0	-15.33376	-14.95486	-0.3788974	0.145623	0.975377	0.024623	1.95075	0.0492459	0.9737821
5713	1	-15.64206	-15.26245	-0.379611	0.35613	0.97487	0.0251303	1.94974	0.0502605	0.9744773
5714	0	-16.86848	-16.48092	-0.3875602	0.0251998	0.955268	0.0447318	1.91054	0.0894637	0.9822545
5715	1	-15.28436	-14.9111	-0.3732604	0.223474	0.976033	0.0239669	1.95207	0.0479338	0.9683083
5716	0	-16.58088	-16.20813	-0.3727504	0.235025	0.955784	0.0442156	1.91157	0.0884313	0.9678146
5717	1	-19.70395	-19.34884	-0.3551166	-0.191056	0.943542	0.056458	1.88708	0.112916	0.950898
5718	0	-16.33619	-15.95147	-0.3847215	0.05448	0.961262	0.0387376	1.92252	0.0774752	0.9794701
5719	1	-17.95295	-17.60399	-0.3489667	0.273013	0.942482	0.0575184	1.88496	0.115037	0.945068
5720	0	-16.10912	-15.75872	-0.3504008	0.100375	0.982098	0.0179015	1.9642	0.0358031	0.9464242
5721	1	-18.84692	-18.46682	-0.3801044	0.487069	0.950947	0.0490529	1.90189	0.0981057	0.9749581
5722	0	-16.43988	-16.08671	-0.353176	0.0847642	0.961999	0.0380008	1.924	0.0760016	0.9490544
5723	1	-15.35936	-14.97574	-0.3836202	0.15159	0.980653	0.019347	1.96131	0.0386939	0.978392
5724	0	-15.99773	-15.62597	-0.3717597	0.26125	0.969996	0.0300044	1.93999	0.0600088	0.9668563
5725	1	-20.00426	-19.60335	-0.400904	0.558815	0.951235	0.0487652	1.90247	0.0975303	0.9954493
5726	0	-18.24064	-17.876	-0.3646414	-0.167202	0.962944	0.0370555	1.92589	0.074111	0.9599983
5727	1	-16.21637	-15.90788	-0.3084897	0.208176	0.969223	0.0307766	1.93845	0.0615532	0.9075783
5728	0	-16.78819	-16.40843	-0.3797606	0.303175	0.954905	0.0450953	1.90981	0.0901906	0.974623
5729	1	-15.8329	-15.46532	-0.3675776	0.146173	0.966708	0.0332924	1.93342	0.0665847	0.9628212
5730	0	-16.67189	-16.26828	-0.4036068	0.0423611	0.955171	0.0448295	1.91034	0.0896589	0.9981434
5731	1	-15.96923	-15.58543	-0.3837988	0.0570058	0.982372	0.0176275	1.96474	0.0352551	0.9785668
5732	0	-15.84123	-15.48514	-0.3560965	0.19389	0.967383	0.0326169	1.93477	0.0652337	0.9518302
5733	1	-15.24337	-14.84998	-0.3933833	0.266595	0.981728	0.0182718	1.96346	0.0365437	0.9879909
5734	0	-15.3863	-14.98972	-0.3965845	0.173121	0.983089	0.0169108	1.96618	0.0338216	0.9911587
5735	1	-16.12106	-15.76171	-0.3593479	0.302788	0.984191	0.0158085	1.96838	0.031617	0.95493
5736	0	-17.17185	-16.88812	-0.2837228	0.374582	0.969076	0.0309241	1.93815	0.0618483	0.8853765
5737	1	-16.73251	-16.41496	-0.3175495	0.28422	0.961962	0.0380382	1.92392	0.0760764	0.9158381
5738	0	-15.45996	-15.06749	-0.3924741	0.105916	0.981108	0.018892	1.96222	0.0377841	0.987093
5739	1	-15.87494	-15.49945	-0.3754918	0.311266	0.96729	0.0327101	1.93458	0.0654202	0.9704714
5740	0	-15.45923	-15.06961	-0.3896161	0.208472	0.968526	0.0314744	1.93705	0.0629488	0.9842759
5741	1	-15.78311	-15.40762	-0.3754918	0.243042	0.965961	0.0340395	1.93192	0.068079	0.9704714
5742	0	-14.96995	-14.56657	-0.403385	0.202957	0.978549	0.0214507	1.9571	0.0429015	0.9979221
5743	1	-18.11523	-17.71083	-0.4044015	0.549303	0.970232	0.0297677	1.94046	0.0595354	0.998937
5744	0	-15.97061	-15.587	-0.383602	0.339372	0.984313	0.0156869	1.96863	0.0313739	0.9783741
5745	1	-17.58402	-17.19	-0.3940164	0.260942	0.942032	0.0579682	1.88406	0.115936	0.9886166
5746	0	-15.88385	-15.48627	-0.3975785	0.410199	0.980751	0.019249	1.9615	0.0384979	0.9921444
5747	1	-15.62462	-15.21936	-0.4052664	0.0255511	0.977773	0.0222272	1.95555	0.0444544	0.9998013
5748	0	-15.92622	-15.58117	-0.3450484	0.0837207	0.976636	0.0233643	1.95327	0.0467286	0.9413722
5749	1	-17.69188	-17.4994	-0.1924804	0.254475	0.977228	0.0227717	1.95446	0.0455435	0.8081685
5750	0	-16.83091	-16.43309	-0.3978201	0.378199	0.957654	0.0423462	1.91531	0.0846924	0.9923842
5751	1	-15.89103	-15.53736	-0.3536717	0.322315	0.971366	0.0286342	1.94273	0.0572685	0.949525
5752	0	-16.52041	-16.13989	-0.3805219	0.0317523	0.984243	0.0157574	1.96849	0.0315148	0.9753653
5753	1	-18.38216	-18.20542	-0.1767357	0.0469104	0.975273	0.0247271	1.95055	0.0494541	0.7955438
5754	0	-17.60975	-17.24968	-0.3600719	0.179689	0.943461	0.0565393	1.88692	0.113079	0.9556217
5755	1	-19.536	-19.44003	-0.095971	0.238325	0.959962	0.0400382	1.91992	0.0800764	0.7338181
5756	0	-17.22496	-16.88646	-0.3385055	0.0117935	0.957263	0.0427366	1.91453	0.0854733	0.9352329
5757	1	-21.48077	-21.42006	-0.06070237	0.0982704	0.937738	0.0622622	1.87548	0.124524	0.7083884
5758	0	-18.63897	-18.50046	-0.138509	0.253001	0.965562	0.0344376	1.93112	0.0688753	0.7657067
5759	1	-17.89393	-17.66497	-0.2289564	0.134161	0.957159	0.0428412	1.91432	0.0856824	0.8381915
5760	0	-18.21265	-18.02114	-0.1915109	0.358434	0.971981	0.0280189	1.94396	0.0560379	0.8073854
5761	1	-16.49862	-16.17206	-0.3265671	0.128317	0.983335	0.016665	1.96667	0.03333	0.9241341
5762	0	-16.80098	-16.4493	-0.3516788	0.326322	0.959165	0.0408349	1.91833	0.0816697	0.9476346
5763	1	-17.07439	-16.69885	-0.3755398	0.278244	0.950756	0.0492444	1.90151	0.0984888	0.9705181
5764	0	-15.52837	-15.141	-0.3873683	0.0809799	0.979223	0.020777	1.95845	0.0415539	0.982066
5765	1	-16.17739	-15.78126	-0.396131	0.262715	0.959051	0.0409486	1.9181	0.0818972	0.9907093
5766	0	-16.07659	-15.74379	-0.3328002	0.255461	0.968062	0.0319377	1.93612	0.0638753	0.9299124
5767	1	-15.63817	-15.24204	-0.396131	0.036778	0.977201	0.0227986	1.9544	0.0455972	0.9907093
5768	0	-17.29891	-16.9988	-0.3001129	0.0727805	0.95733	0.0426704	1.91466	0.0853408	0.9000075
5769	1	-19.48651	-19.23994	-0.2465736	0.481186	0.982192	0.0178076	1.96438	0.0356151	0.8530889
5770	0	-17.86922	-17.55095	-0.3182736	0.476703	0.9706	0.0294	1.9412	0.0587999	0.9165015
5771	1	-15.42717	-15.0391	-0.3880779	0.202586	0.982987	0.0170131	1.96597	0.0340262	0.9827631
5772	0	-15.94888	-15.62616	-0.3227175	0.14757	0.974325	0.0256746	1.94865	0.0513491	0.9205835
5773	1	-15.41291	-15.01267	-0.4002381	0.364337	0.978545	0.0214549	1.95709	0.0429097	0.9947866
5774	0	-17.6323	-17.29921	-0.3330953	-0.0977694	0.966857	0.0331429	1.93371	0.0662858	0.9301869
5775	1	-17.08397	-16.68374	-0.4002381	0.232584	0.946862	0.0531378	1.89372	0.106276	0.9947866
5776	0	-16.22402	-15.89676	-0.3272551	0.179196	0.982708	0.0172924	1.96542	0.0345849	0.9247702
5777	1	-16.19271	-15.80321	-0.3895055	0.376338	0.984599	0.0154006	1.9692	0.0308012	0.9841671
5778	0	-15.266	-14.88338	-0.3826164	0.272098	0.979848	0.0201516	1.9597	0.0403031	0.9774103
5779	1	-15.79666	-15.42922	-0.3674461	0.364519	0.977955	0.0220451	1.95591	0.0440902	0.9626947
5780	0	-15.21435	-14.82999	-0.3843608	0.244521	0.974685	0.0253145	1.94937	0.0506291	0.9791168
5781	1	-16.02072	-15.71094	-0.3097772	0.242338	0.975256	0.0247436	1.95051	0.0494872	0.9087476
5782	0	-20.07666	-19.79503	-0.2816271	0.489628	0.951422	0.0485781	1.90284	0.0971563	0.8835229
5783	1	-15.78882	-15.44516	-0.3436604	0.121094	0.977228	0.0227725	1.95446	0.0455449	0.9400665
5784	0	-15.63691	-15.24931	-0.3876024	0.0571782	0.978643	0.0213572	1.95729	0.0427143	0.9822959
5785	1	-18.436	-18.04681	-0.3891879	0.166926	0.929426	0.0705738	1.85885	0.141148	0.9838545
5786	0	-16.51553	-16.22378	-0.2917525	0.314514	0.978848	0.0211518	1.9577	0.0423037	0.8925144
5787	1	-16.00427	-15.68278	-0.3214934	0.203875	0.970718	0.0292823	1.94144	0.0585647	0.9194573
5788	0	-16.11701	-15.80657	-0.3104417	0.262185	0.979367	0.0206329	1.95873	0.0412658	0.9093517
5789	1	-19.04856	-18.83813	-0.2104321	-0.0614365	0.977668	0.0223317	1.95534	0.0446635	0.8228075
5790	0	-16.26031	-15.96595	-0.2943604	0.171072	0.97275	0.0272499	1.9455	0.0544998	0.894845
5791	1	-16.43496	-16.05786	-0.377099	-0.0397917	0.97275	0.02725	1.9455	0.0545	0.9720325
5792	0	-17.16613	-16.87929	-0.2868343	0.237569	0.958662	0.0413381	1.91732	0.0826763	0.8881356
5793	1	-17.66209	-17.33829	-0.3237998	-0.0210358	0.983445	0.0165554	1.96689	0.0331107	0.9215804
5794	0	-18.04747	-17.68031	-0.3671679	0.0952507	0.937963	0.0620371	1.87593	0.124074	0.9624268
5795	1	-15.51853	-15.13973	-0.3787961	0.322609	0.973646	0.0263537	1.94729	0.0527074	0.9736834
5796	0	-18.31073	-17.917	-0.3937281	0.278007	0.933541	0.0664589	1.86708	0.132918	0.9883316
5797	1	-15.84943	-15.47302	-0.3764077	0.0763407	0.981588	0.0184122	1.96318	0.0368243	0.9713607
5798	0	-18.8105	-18.56636	-0.2441408	0.327295	0.948523	0.051477	1.89705	0.102954	0.8510161
5799	1	-15.66303	-15.31148	-0.351546	0.25778	0.980697	0.019303	1.96139	0.0386061	0.9475087
5800	0	-16.66265	-16.38159	-0.2810589	0.142313	0.980187	0.0198126	1.96037	0.0396253	0.8830211
5801	1	-15.78448	-15.42359	-0.3608917	0.335019	0.973321	0.0266793	1.94664	0.0533585	0.9564054
5802	0	-16.22702	-15.92971	-0.2973111	0.162671	0.973298	0.0267024	1.9466	0.0534048	0.8974894
5803	1	-17.35396	-16.9904	-0.3635547	0.123124	0.946975	0.0530254	1.89395	0.106051	0.9589557
5804	0	-17.54014	-17.29433	-0.2458138	0.0378468	0.966657	0.0333427	1.93331	0.0666855	0.852441
5805	1	-17.25052	-16.95543	-0.295097	0.408462	0.979863	0.0201371	1.95973	0.0402743	0.8955044
5806	0	-16.40714	-16.05949	-0.3476447	0.250416	0.961139	0.0388607	1.92228	0.0777215	0.9438195
5807	1	-16.47285	-16.16532	-0.307526	0.282166	0.967136	0.032864	1.93427	0.065728	0.9067041
5808	0	-16.08064	-15.73179	-0.3488417	0.29968	0.967448	0.0325516	1.9349	0.0651033	0.9449498
5809	1	-15.55187	-15.19815	-0.3537209	0.213247	0.979648	0.0203519	1.9593	0.0407038	0.9495718
5810	0	-16.30665	-15.94904	-0.3576169	0.18535	0.960556	0.0394437	1.92111	0.0788875	0.9532785
5811	1	-15.91832	-15.57468	-0.3436366	0.0892357	0.976848	0.0231519	1.9537	0.0463038	0.9400441
5812	0	-15.53331	-15.13763	-0.3956851	0.195521	0.966659	0.0333411	1.93332	0.0666821	0.9902677
5813	1	-18.00317	-17.83852	-0.1646563	0.215636	0.970486	0.0295143	1.94097	0.0590285	0.7859919
5814	0	-16.00491	-15.68106	-0.3238572	0.121157	0.975547	0.0244534	1.95109	0.0489069	0.9216332
5815	1	-15.84897	-15.48893	-0.3600419	0.0707823	0.973509	0.0264914	1.94702	0.0529828	0.955593
5816	0	-15.79931	-15.46636	-0.3329476	0.263814	0.974481	0.025519	1.94896	0.051038	0.9300495
5817	1	-16.06162	-15.71075	-0.3508768	0.244175	0.965269	0.0347306	1.93054	0.0694613	0.9468749
5818	0	-16.34787	-16.03504	-0.3128349	0.292513	0.981618	0.0183824	1.96324	0.0367647	0.9115306
5819	1	-16.82217	-16.43822	-0.3839488	0.380114	0.986426	0.0135739	1.97285	0.0271479	0.9787135
5820	0	-16.15841	-15.8261	-0.3323132	0.2645	0.982818	0.0171825	1.96564	0.0343649	0.9294597
5821	1	-15.27489	-14.88082	-0.3940707	0.192268	0.982193	0.0178074	1.96439	0.0356148	0.9886702
5822	0	-16.59454	-16.27389	-0.3206562	0.32485	0.96592	0.0340804	1.93184	0.0681608	0.9186878
5823	1	-15.80611	-15.41642	-0.3896911	0.363909	0.970382	0.0296182	1.94076	0.0592363	0.9843497
5824	0	-16.73664	-16.46564	-0.2710027	0.315292	0.97641	0.0235897	1.95282	0.0471795	0.8741858
5825	1	-16.45939	-16.0673	-0.3920881	0.458234	0.974674	0.0253258	1.94935	0.0506517	0.9867121
5826	0	-15.09994	-14.70339	-0.3965476	0.222052	0.980616	0.0193838	1.96123	0.0387676	0.9911222
5827	1	-15.84539	-15.49557	-0.349821	0.33531	0.97544	0.0245599	1.95088	0.0491198	0.9458757
5828	0	-15.53051	-15.16455	-0.3659554	0.254397	0.981369	0.0186308	1.96274	0.0372616	0.9612606
5829	1	-15.62866	-15.22648	-0.4021796	0.0336896	0.97359	0.0264098	1.94718	0.0528196	0.9967199
5830	0	-16.56688	-16.24155	-0.3253289	0.030935	0.969316	0.0306837	1.93863	0.0613674	0.9229906
5831	1	-15.75985	-15.39471	-0.3651378	0.343588	0.980161	0.0198394	1.96032	0.0396788	0.960475
5832	0	-16.89396	-16.60791	-0.2860581	0.340846	0.969016	0.0309836	1.93803	0.0619672	0.8874465
5833	1	-16.70116	-16.3314	-0.3697617	0.00191377	0.961853	0.0381467	1.92371	0.0762935	0.9649264
5834	0	-16.25152	-15.91248	-0.3390459	0.37874	0.977033	0.0229675	1.95407	0.045935	0.9357386
5835	1	-18.41946	-18.15376	-0.2656965	0.312391	0.949154	0.050846	1.89831	0.101692	0.8695595
5836	0	-15.36777	-14.98313	-0.3846396	0.123071	0.974234	0.0257659	1.94847	0.0515319	0.9793898
5837	1	-15.42913	-15.05181	-0.3773195	0.265573	0.971973	0.0280271	1.94395	0.0560542	0.9722468
5838	0	-16.15198	-15.78498	-0.367002	0.290789	0.985003	0.014997	1.97001	0.029994	0.9622672
5839	1	-16.591	-16.32596	-0.2650453	0.241804	0.973882	0.0261184	1.94776	0.0522368	0.8689934
5840	0	-15.72866	-15.33348	-0.395182	0.394481	0.975386	0.0246137	1.95077	0.0492274	0.9897696
5841	1	-16.33672	-15.982	-0.3547214	0.410504	0.976953	0.0230468	1.95391	0.0460936	0.9505222
5842	0	-17.08551	-16.8289	-0.2566055	0.332064	0.971896	0.0281045	1.94379	0.056209	0.8616901
5843	1	-18.80725	-18.67774	-0.1295115	0.0982047	0.974565	0.0254346	1.94913	0.0508692	0.7588481
5844	0	-16.58202	-16.24333	-0.3386905	0.00118625	0.970385	0.0296153	1.94077	0.0592305	0.935406
5845	1	-18.03554	-17.76945	-0.2660916	-0.0652789	0.973709	0.0262907	1.94742	0.0525813	0.8699031
5846	0	-21.79141	-21.39522	-0.3961863	0.294135	0.883093	0.116907	1.76619	0.233814	0.9907641
5847	1	-15.37545	-14.98077	-0.3946818	0.147862	0.970264	0.0297361	1.94053	0.0594722	0.9892746
5848	0	-17.27304	-16.87218	-0.4008532	0.205092	0.943992	0.0560085	1.88798	0.112017	0.9953987
5849	1	-15.86281	-15.46628	-0.3965285	0.413891	0.976335	0.0236651	1.95267	0.0473303	0.9911032
5850	0	-15.25097	-14.863	-0.3879696	0.187237	0.980972	0.0190276	1.96194	0.0380552	0.9826566
5851	1	-15.80857	-15.41247	-0.3960968	0.0742168	0.966579	0.0334211	1.93316	0.0668423	0.9906754
5852	0	-16.23306	-15.84276	-0.3902952	0.432529	0.973202	0.0267976	1.9464	0.0535951	0.9849446
5853	1	-16.62786	-16.27625	-0.3516123	0.0272722	0.982497	0.0175028	1.96499	0.0350055	0.9475716
5854	0	-16.00011	-15.61462	-0.3854885	0.0360184	0.96805	0.0319498	1.9361	0.0638997	0.9802216
5855	1	-16.87899	-16.50651	-0.3724761	0.437957	0.967072	0.032928	1.93414	0.065856	0.9675492
5856	0	-16.54607	-16.20829	-0.3377762	0.0220205	0.979862	0.0201383	1.95972	0.0402767	0.9345511
5857	1	-15.53779	-15.15055	-0.3872432	0.237923	0.96789	0.0321104	1.93578	0.0642208	0.9819431
5858	0	-16.84833	-16.44904	-0.3992898	0.299883	0.988169	0.011831	1.97634	0.023662	0.9938438
5859	1	-15.27951	-14.89942	-0.3800909	0.163406	0.978547	0.0214531	1.95709	0.0429062	0.974945
5860	0	-16.65943	-16.3229	-0.3365261	0.0138188	0.966945	0.0330548	1.93389	0.0661095	0.9333836
5861	1	-16.69313	-16.34525	-0.3478796	0.277384	0.958361	0.0416392	1.91672	0.0832785	0.9440411
5862	0	-16.98133	-16.60452	-0.3768086	0.0469075	0.953541	0.0464593	1.90708	0.0929185	0.9717502
5863	1	-15.24783	-14.86581	-0.3820228	0.177767	0.97489	0.0251097	1.94978	0.0502194	0.9768303
5864	0	-17.16683	-16.81563	-0.3512077	0.146224	0.950341	0.049659	1.90068	0.099318	0.9471883
5865	1	-16.94521	-16.55947	-0.385739	0.12266	0.980404	0.0195965	1.96081	0.039193	0.9804672
5866	0	-16.38382	-16.00829	-0.3755324	0.124552	0.958486	0.0415145	1.91697	0.0830289	0.9705108
5867	1	-15.76298	-15.37724	-0.385739	0.325253	0.968367	0.0316327	1.93673	0.0632655	0.9804672
5868	0	-21.54962	-21.16101	-0.3886072	0.00253601	0.884169	0.115831	1.76834	0.231662	0.9832834
5869	1	-17.40654	-17.14182	-0.264721	0.393931	0.975537	0.0244632	1.95107	0.0489264	0.8687116
5870	0	-18.99081	-18.6022	-0.3886072	0.156859	0.921594	0.0784063	1.84319	0.156813	0.9832834
5871	1	-19.14039	-18.85114	-0.2892437	0.402898	0.964166	0.0358336	1.92833	0.0716672	0.8902781
5872	0	-16.09726	-15.71847	-0.3787966	0.165699	0.961106	0.0388939	1.92221	0.0777878	0.973684
5873	1	-16.9289	-16.53005	-0.3988468	0.37359	0.956018	0.0439819	1.91204	0.0879638	0.9934036
5874	0	-16.27598	-15.87845	-0.3975283	0.295286	0.95888	0.0411199	1.91776	0.0822397	0.9920946
5875	1	-16.10659	-15.70424	-0.4023522	0.343261	0.963053	0.0369466	1.92611	0.0738933	0.9968919
5876	0	-15.98331	-15.61349	-0.3698185	0.18802	0.963489	0.0365109	1.92698	0.0730217	0.9649813
5877	1	-17.05662	-16.65427	-0.4023522	-0.100402	0.980976	0.019024	1.96195	0.038048	0.9968919
5878	0	-18.02584	-17.69428	-0.3315622	-0.12932	0.976647	0.0233527	1.95329	0.0467055	0.9287619
5879	1	-16.13684	-15.82555	-0.3112837	0.270197	0.972102	0.0278983	1.9442	0.0557965	0.9101177
5880	0	-17.19438	-16.84486	-0.3495162	0.0989708	0.951305	0.0486945	1.90261	0.0973891	0.9455875
5881	1	-20.35578	-20.21177	-0.1440145	-0.0617262	0.952004	0.0479965	1.90401	0.095993	0.7699339
5882	0	-17.64875	-17.27898	-0.3697679	-0.145243	0.972822	0.0271779	1.94564	0.0543559	0.9649324
5883	1	-18.0564	-17.75579	-0.3006145	-0.00431055	0.951617	0.048383	1.90323	0.0967659	0.900459
5884	0	-20.84605	-20.47775	-0.3683069	0.307264	0.93068	0.0693197	1.86136	0.138639	0.9635237
5885	1	-15.16264	-14.7704	-0.3922396	0.233167	0.980849	0.0191505	1.9617	0.0383011	0.9868615
5886	0	-15.32407	-14.91987	-0.4041992	0.0875024	0.979564	0.020436	1.95913	0.0408721	0.9987349
5887	1	-19.61957	-19.27871	-0.3408508	-0.187474	0.946704	0.0532962	1.89341	0.106592	0.937429
5888	0	-16.30673	-15.90254	-0.4041992	0.134026	0.956304	0.0436964	1.91261	0.0873928	0.9987349
5889	1	-18.07085	-17.6958	-0.3750539	0.538791	0.975612	0.0243885	1.95122	0.048777	0.9700466
5890	0	-17.70237	-17.30388	-0.3984875	-0.151389	0.962846	0.0371535	1.92569	0.0743071	0.9930466
5891	1	-18.47002	-18.09246	-0.3775611	0.470467	0.952622	0.0473784	1.90524	0.0947568	0.9724817
5892	0	-17.92133	-17.53167	-0.3896607	-0.0747358	0.948758	0.0512421	1.89752	0.102484	0.9843198
5893	1	-19.37336	-19.11628	-0.2570811	0.348696	0.941701	0.0582993	1.8834	0.116599	0.8621
5894	0	-15.48373	-15.12151	-0.3622291	0.159832	0.978415	0.0215846	1.95683	0.0431691	0.9576853
5895	1	-15.78126	-15.40718	-0.3740778	0.0879501	0.981262	0.0187379	1.96252	0.0374759	0.9691001
5896	0	-15.62958	-15.26826	-0.3613185	0.143789	0.97167	0.0283298	1.94334	0.0566597	0.9568136
5897	1	-19.79502	-19.40714	-0.387883	0.19626	0.910242	0.0897577	1.82048	0.179515	0.9825715
5898	0	-16.91273	-16.57148	-0.3412537	0.0737956	0.984807	0.0151934	1.96961	0.0303868	0.9378067
5899	1	-16.24149	-15.89047	-0.3510137	0.137591	0.98398	0.0160198	1.96796	0.0320395	0.9470045
5900	0	-17.06783	-16.74365	-0.3241815	0.00221587	0.981437	0.0185634	1.96287	0.0371268	0.9219322
5901	1	-16.35394	-15.99828	-0.3556621	0.331589	0.964704	0.0352963	1.92941	0.0705927	0.9514168
5902	0	-17.95259	-17.63355	-0.3190462	-0.119806	0.971941	0.0280588	1.94388	0.0561176	0.9172099
5903	1	-15.33709	-14.96748	-0.3696051	0.186095	0.976856	0.0231441	1.95371	0.0462882	0.9647753
5904	0	-16.08979	-15.7509	-0.33889	0.35326	0.978516	0.0214839	1.95703	0.0429678	0.9355926
5905	1	-17.27387	-17.05798	-0.2158923	0.189807	0.976668	0.0233324	1.95334	0.0466647	0.8273125
5906	0	-16.04869	-15.6777	-0.3709889	0.39471	0.980068	0.0199317	1.96014	0.0398635	0.9661113
5907	1	-16.5796	-16.29523	-0.2843707	0.106952	0.97741	0.0225904	1.95482	0.0451807	0.8859503
5908	0	-16.81859	-16.53856	-0.2800298	0.304706	0.981141	0.0188593	1.96228	0.0377186	0.8821128
5909	1	-17.08237	-16.77761	-0.3047601	0.143525	0.957108	0.0428925	1.91422	0.085785	0.9041997
5910	0	-15.40135	-15.02963	-0.3717187	0.188529	0.980393	0.0196074	1.96079	0.0392149	0.9668166
5911	1	-18.44622	-18.11162	-0.3346031	0.277216	0.93804	0.0619601	1.87608	0.12392	0.9315905
5912	0	-16.04561	-15.70073	-0.3448835	0.357665	0.978663	0.0213375	1.95733	0.0426749	0.941217
5913	1	-16.29388	-15.98722	-0.3066618	0.109182	0.977695	0.0223047	1.95539	0.0446094	0.9059209
5914	0	-15.8087	-15.41557	-0.3931324	0.110484	0.964994	0.0350058	1.92999	0.0700116	0.9877431
5915	1	-16.22725	-15.89987	-0.3273787	0.242	0.966178	0.033822	1.93236	0.0676441	0.9248845
5916	0	-16.71334	-16.36582	-0.3475178	0.418544	0.97073	0.0292701	1.94146	0.0585401	0.9436997
5917	1	-18.47699	-18.26277	-0.2142126	0.0351014	0.956287	0.0437128	1.91257	0.0874256	0.825924
5918	0	-15.31029	-14.90555	-0.404742	0.0786873	0.97694	0.0230605	1.95388	0.046121	0.9992771
5919	1	-16.90281	-16.65314	-0.2496725	0.222396	0.969238	0.0307623	1.93848	0.0615246	0.8557367
5920	0	-15.11053	-14.72135	-0.3891804	0.23717	0.978105	0.0218953	1.95621	0.0437905	0.9838471
5921	1	-15.81875	-15.43557	-0.3831826	0.19973	0.964131	0.0358688	1.92826	0.0717375	0.9779639
5922	0	-17.39869	-16.99911	-0.3995832	-0.110728	0.960377	0.0396235	1.92075	0.079247	0.9941353
5923	1	-17.60621	-17.33811	-0.2680964	0.0821863	0.957114	0.0428865	1.91423	0.085773	0.8716488
5924	0	-16.79769	-16.40128	-0.3964116	0.0198395	0.955644	0.0443561	1.91129	0.0887122	0.9909874
5925	1	-16.3959	-16.11088	-0.2850115	0.274927	0.974803	0.0251972	1.94961	0.0503943	0.8865183
5926	0	-15.21105	-14.82261	-0.3884302	0.251325	0.980733	0.0192667	1.96147	0.0385334	0.9831094
5927	1	-17.16046	-16.88758	-0.2728834	0.368754	0.979218	0.0207821	1.95844	0.0415642	0.8758314
5928	0	-16.03686	-15.70411	-0.3327524	0.276874	0.981715	0.0182846	1.96343	0.0365693	0.9298679
5929	1	-22.05736	-22.00508	-0.05228297	-0.100857	0.971907	0.0280931	1.94381	0.0561862	0.7024492
5930	0	-18.39172	-18.04348	-0.3482407	0.34075	0.94143	0.0585704	1.88286	0.117141	0.9443821
5931	1	-17.54266	-17.31468	-0.2279852	0.300392	0.980552	0.0194475	1.9611	0.038895	0.8373778
5932	0	-19.32092	-19.01238	-0.308543	0.232997	0.927561	0.0724389	1.85512	0.144878	0.9076267
5933	1	-18.9387	-18.71539	-0.2233064	0.101696	0.943956	0.0560442	1.88791	0.112088	0.833469
5934	0	-16.08635	-15.68356	-0.4027998	0.0863861	0.960984	0.0390158	1.92197	0.0780316	0.9973382
5935	1	-18.23693	-18.08385	-0.1530828	0.253071	0.975001	0.0249994	1.95	0.0499988	0.7769477
5936	0	-15.83853	-15.49056	-0.3479714	0.31856	0.97354	0.02646	1.94708	0.05292	0.9441278
5937	1	-18.58594	-18.41418	-0.1717581	0.33092	0.964905	0.035095	1.92981	0.0701901	0.7915937
5938	0	-16.99803	-16.67202	-0.3260135	0.0956947	0.956976	0.0430238	1.91395	0.0860476	0.9236227
5939	1	-16.83438	-16.47074	-0.3636426	0.376036	0.961283	0.0387169	1.92257	0.0774338	0.95904
5940	0	-16.02887	-15.67089	-0.3579826	0.28159	0.965991	0.0340091	1.93198	0.0680181	0.9536271
5941	1	-15.35924	-14.98881	-0.3704319	0.267295	0.976085	0.0239147	1.95217	0.0478295	0.9655734
5942	0	-16.19374	-15.8379	-0.355837	0.0535848	0.981046	0.0189536	1.96209	0.0379072	0.9515833
5943	1	-15.23647	-14.85863	-0.3778329	0.198622	0.976797	0.0232025	1.95359	0.046405	0.9727461
5944	0	-17.3513	-17.01028	-0.3410165	0.135233	0.949216	0.0507837	1.89843	0.101567	0.9375843
5945	1	-18.68359	-18.29623	-0.3873613	0.284343	0.929634	0.0703657	1.85927	0.140731	0.9820591
5946	0	-18.60242	-18.31801	-0.2844074	-0.130377	0.966593	0.0334072	1.93319	0.0668144	0.8859828
5947	1	-15.31783	-14.9476	-0.3702282	0.221223	0.978376	0.0216242	1.95675	0.0432483	0.9653767
5948	0	-18.72285	-18.40548	-0.3173734	-0.117562	0.982173	0.0178273	1.96435	0.0356545	0.9156769
5949	1	-16.74786	-16.43582	-0.3120385	0.139277	0.960962	0.0390379	1.92192	0.0780758	0.9108048
5950	0	-17.32505	-16.92837	-0.3966729	0.403322	0.954507	0.0454934	1.90901	0.0909867	0.9912463
5951	1	-16.79301	-16.49994	-0.2930685	0.253737	0.963425	0.0365752	1.92685	0.0731503	0.8936898
5952	0	-18.4895	-18.25068	-0.2388207	-0.0620535	0.97618	0.0238202	1.95236	0.0476404	0.8465005
5953	1	-18.22376	-18.05073	-0.1730253	0.242169	0.963465	0.0365347	1.92693	0.0730693	0.7925975
5954	0	-16.66555	-16.3577	-0.3078522	0.355388	0.98085	0.0191497	1.9617	0.0382993	0.907
5955	1	-16.00455	-15.67756	-0.3269914	0.171058	0.980648	0.0193524	1.9613	0.0387048	0.9245264
5956	0	-19.21908	-18.93464	-0.2844428	-0.162319	0.976745	0.0232555	1.95349	0.0465109	0.8860142
5957	1	-18.31941	-17.94797	-0.3714399	-0.0375061	0.941368	0.0586316	1.88274	0.117263	0.9665471
5958	0	-15.16381	-14.77673	-0.3870742	0.261487	0.978604	0.0213958	1.95721	0.0427916	0.9817772
5959	1	-17.42775	-17.218	-0.209751	0.163319	0.977186	0.0228135	1.95437	0.045627	0.8222473
5960	0	-18.32579	-18.02558	-0.3002133	0.134119	0.940984	0.059016	1.88197	0.118032	0.9000978
5961	1	-18.03427	-17.78605	-0.2482128	0.242854	0.952786	0.0472144	1.90557	0.0944288	0.8544884
5962	0	-17.41331	-17.05291	-0.3603949	0.459765	0.965487	0.0345126	1.93097	0.0690253	0.9559303
5963	1	-16.05291	-15.715	-0.337906	0.144315	0.981812	0.0181882	1.96362	0.0363763	0.9346725
5964	0	-15.72066	-15.36208	-0.3585812	0.152439	0.98143	0.0185701	1.96286	0.0371402	0.9541981
5965	1	-16.0491	-15.70986	-0.3392352	0.136389	0.967936	0.0320643	1.93587	0.0641286	0.9359157
5966	0	-15.40791	-15.00821	-0.3996958	0.36304	0.977795	0.0222048	1.95559	0.0444097	0.9942473
5967	1	-16.84349	-16.48604	-0.3574483	0.181844	0.953587	0.0464128	1.90717	0.0928255	0.9531177
5968	0	-15.21772	-14.82716	-0.3905631	0.261315	0.973551	0.0264485	1.9471	0.0528971	0.9852085
5969	1	-17.95947	-17.66212	-0.2973474	0.45562	0.981152	0.0188477	1.9623	0.0376954	0.897522
5970	0	-16.25392	-15.88454	-0.369379	-0.00900246	0.976533	0.0234674	1.95307	0.0469349	0.9645573
5971	1	-16.74866	-16.41203	-0.3366266	0.202241	0.95721	0.04279	1.91442	0.08558	0.9334774
5972	0	-15.90283	-15.53714	-0.3656889	0.157743	0.965585	0.0344155	1.93117	0.068831	0.9610044
5973	1	-15.89947	-15.57142	-0.3280517	0.257319	0.979732	0.0202676	1.95946	0.0405352	0.9255071
5974	0	-17.61692	-17.32576	-0.291159	0.427487	0.969169	0.0308307	1.93834	0.0616614	0.8919849
5975	1	-15.83142	-15.45675	-0.3746707	0.0642698	0.970635	0.0293646	1.94127	0.0587291	0.9696749
5976	0	-17.68092	-17.28513	-0.3957932	0.0174919	0.987867	0.0121332	1.97573	0.0242664	0.9903747
5977	1	-17.27953	-16.90486	-0.3746707	0.304486	0.949609	0.0503905	1.89922	0.100781	0.9696749
5978	0	-16.19168	-15.86455	-0.3271297	0.259396	0.967285	0.0327151	1.93457	0.0654302	0.9246542
5979	1	-18.41811	-18.04036	-0.3777521	-0.0638031	0.941693	0.0583071	1.88339	0.116614	0.9726675
5980	0	-15.16168	-14.76498	-0.3966999	0.192893	0.972852	0.0271482	1.9457	0.0542964	0.9912731
5981	1	-16.06682	-15.72551	-0.3413004	0.28959	0.968289	0.0317105	1.93658	0.0634211	0.9378505
5982	0	-16.36953	-15.98613	-0.3833968	0.2591	0.957878	0.0421218	1.91576	0.0842437	0.9781734
5983	1	-16.43602	-16.08767	-0.3483509	0.307218	0.963016	0.036984	1.92603	0.073968	0.9444862
5984	0	-16.75335	-16.36142	-0.391929	-0.0909728	0.973769	0.0262313	1.94754	0.0524627	0.9865551
5985	1	-16.20277	-15.80462	-0.3981468	0.365015	0.963967	0.0360335	1.92793	0.072067	0.9927084
5986	0	-15.45254	-15.09341	-0.3591265	0.188917	0.977669	0.0223313	1.95534	0.0446626	0.9547186
5987	1	-15.10575	-14.70803	-0.3977182	0.287548	0.976744	0.0232564	1.95349	0.0465127	0.992283
5988	0	-15.16935	-14.7817	-0.3876428	0.185651	0.975385	0.0246145	1.95077	0.049229	0.9823356
5989	1	-15.79033	-15.40527	-0.38506	0.211485	0.964323	0.0356771	1.92865	0.0713542	0.9798017
5990	0	-15.4128	-15.03426	-0.3785362	0.149061	0.980452	0.0195481	1.9609	0.0390962	0.9734304
5991	1	-15.28895	-14.88912	-0.3998294	0.1135	0.973159	0.0268409	1.94632	0.0536818	0.9943801
5992	0	-15.05031	-14.65234	-0.397973	0.257913	0.979202	0.0207976	1.9584	0.0415953	0.9925358
5993	1	-16.00164	-15.64674	-0.3549061	0.0633616	0.971388	0.0286116	1.94278	0.0572231	0.9506978
5994	0	-15.99807	-15.65226	-0.3458123	0.0670078	0.975722	0.0242784	1.95144	0.0485568	0.9420916
5995	1	-16.57587	-16.2697	-0.3061625	0.262027	0.964863	0.035137	1.92973	0.070274	0.9054687
5996	0	-17.53955	-17.14289	-0.396665	0.108758	0.941535	0.0584653	1.88307	0.116931	0.9912385
5997	1	-16.86968	-16.50851	-0.3611678	0.396948	0.963323	0.0366768	1.92665	0.0733535	0.9566694
5998	0	-15.2979	-14.923	-0.3749034	0.266515	0.977408	0.022592	1.95482	0.0451839	0.9699006
5999	1	-15.30024	-14.91877	-0.3814771	0.15525	0.97466	0.0253403	1.94932	0.0506806	0.9762974
6000	0	-16.35199	-16.00515	-0.3468417	0.0595781	0.981763	0.0182372	1.96353	0.0364743	0.9430619
6001	1	-15.58072	-15.2085	-0.3722233	0.323051	0.973882	0.0261179	1.94776	0.0522358	0.9673047
6002	0	-15.84099	-15.48303	-0.3579566	0.321226	0.971352	0.0286479	1.9427	0.0572959	0.9536024
6003	1	-15.66157	-15.25622	-0.4053462	0.0350108	0.971502	0.0284977	1.943	0.0569955	0.9998811
6004	0	-16.50868	-16.20028	-0.3083944	0.134898	0.965393	0.0346075	1.93079	0.069215	0.9074918
6005	1	-19.01619	-18.70359	-0.3126032	0.522526	0.967233	0.0327673	1.93447	0.0655347	0.9113193
6006	0	-21.66577	-21.3049	-0.3608718	0.589379	0.948412	0.0515884	1.89682	0.103177	0.9563864
6007	1	-16.2203	-15.86055	-0.3597458	0.255939	0.962281	0.0377186	1.92456	0.0754373	0.95531
6008	0	-14.96882	-14.56349	-0.4053257	0.215957	0.975617	0.0243826	1.95123	0.0487651	0.9998606
6009	1	-16.47761	-16.15825	-0.3193663	0.273937	0.964764	0.0352362	1.92953	0.0704725	0.9175036
6010	0	-15.49189	-15.08656	-0.4053257	0.373273	0.980941	0.0190585	1.96188	0.038117	0.9998606
6011	1	-17.13149	-16.87447	-0.2570197	0.0580961	0.974815	0.0251853	1.94963	0.0503706	0.862047
6012	0	-15.63021	-15.28313	-0.347074	0.223832	0.979645	0.0203545	1.95929	0.0407091	0.9432809
6013	1	-18.30489	-18.04787	-0.2570197	-0.0636033	0.963797	0.0362025	1.92759	0.072405	0.862047
6014	0	-15.16267	-14.77719	-0.3854803	0.237763	0.976054	0.0239457	1.95211	0.0478914	0.9802136
6015	1	-16.8642	-16.57728	-0.2869212	0.224126	0.962572	0.0374279	1.92514	0.0748558	0.8882128
6016	0	-16.25665	-15.86219	-0.3944556	-0.0415259	0.976736	0.0232637	1.95347	0.0465273	0.9890509
6017	1	-16.03678	-15.64597	-0.3908116	0.412677	0.972948	0.0270523	1.9459	0.0541045	0.9854534
6018	0	-18.08764	-17.7147	-0.3729467	-0.15406	0.960922	0.0390777	1.92184	0.0781554	0.9680046
6019	1	-18.12702	-17.77635	-0.3506613	-0.159996	0.974913	0.0250872	1.94983	0.0501745	0.9466709
6020	0	-15.34529	-14.96709	-0.3782003	0.151065	0.974549	0.0254505	1.9491	0.050901	0.9731035
6021	1	-16.49302	-16.20168	-0.2913394	0.321444	0.97633	0.02367	1.95266	0.0473401	0.8921458
6022	0	-19.2864	-18.89378	-0.3926188	0.121586	0.91698	0.08302	1.83396	0.16604	0.9872358
6023	1	-15.75991	-15.42053	-0.3393798	0.277842	0.97447	0.0255296	1.94894	0.0510593	0.936051
6024	0	-17.79733	-17.4301	-0.3672322	0.398266	0.951782	0.048218	1.90356	0.0964359	0.9624887
6025	1	-15.08987	-14.68494	-0.4049311	0.277463	0.981218	0.0187824	1.96244	0.0375648	0.9994661
6026	0	-17.19822	-16.85712	-0.3411042	0.187829	0.987097	0.0129032	1.97419	0.0258063	0.9376666
6027	1	-15.20448	-14.79955	-0.4049311	0.179746	0.970784	0.0292156	1.94157	0.0584313	0.9994661
6028	0	-16.44633	-16.14014	-0.3061934	0.122451	0.967492	0.0325081	1.93498	0.0650162	0.9054967
6029	1	-16.65499	-16.34338	-0.3116081	0.374786	0.972613	0.0273874	1.94523	0.0547748	0.910413
6030	0	-16.35856	-16.04065	-0.3179109	0.300196	0.968233	0.031767	1.93647	0.063534	0.9161692
6031	1	-18.18726	-17.9025	-0.2847598	0.42851	0.962204	0.0377959	1.92441	0.0755919	0.8862951
6032	0	-15.63498	-15.26208	-0.3729028	0.081971	0.974907	0.025093	1.94981	0.050186	0.9679622
6033	1	-15.34336	-14.97171	-0.3716486	0.271164	0.97762	0.0223798	1.95524	0.0447595	0.9667489
6034	0	-17.62388	-17.27735	-0.346523	-0.0445467	0.955596	0.0444039	1.91119	0.0888077	0.9427614
6035	1	-17.40643	-17.05184	-0.3545863	0.311304	0.950586	0.0494138	1.90117	0.0988277	0.9503939
6036	0	-16.95804	-16.55575	-0.4022971	0.171848	0.947715	0.0522849	1.89543	0.10457	0.996837
6037	1	-16.41906	-16.01584	-0.40322	0.447299	0.970314	0.0296863	1.94063	0.0593726	0.9977574
6038	0	-17.9892	-17.66444	-0.3247552	0.0333193	0.986297	0.0137026	1.97259	0.0274052	0.9224613
6039	1	-16.42994	-16.02672	-0.40322	0.415899	0.965624	0.0343763	1.93125	0.0687525	0.9977574
6040	0	-15.50839	-15.14879	-0.3596021	0.208334	0.980119	0.0198809	1.96024	0.0397618	0.9551728
6041	1	-18.32342	-18.04253	-0.2808866	-0.0448139	0.955032	0.0449685	1.91006	0.089937	0.8828689
6042	0	-16.18644	-15.85097	-0.3354708	0.352064	0.972975	0.0270246	1.94595	0.0540493	0.9323992
6043	1	-16.02515	-15.64692	-0.3782258	0.0121722	0.97273	0.0272697	1.94546	0.0545395	0.9731283
6044	0	-16.9807	-16.63529	-0.3454113	0.0630913	0.956342	0.0436584	1.91268	0.0873168	0.9417139
6045	1	-16.06379	-15.71557	-0.3482207	0.286696	0.983303	0.0166973	1.96661	0.0333946	0.9443632
6046	0	-16.83636	-16.47491	-0.3614496	0.129458	0.95388	0.0461203	1.90776	0.0922405	0.9569392
6047	1	-16.47774	-16.1455	-0.3322397	0.236482	0.984627	0.0153725	1.96925	0.0307451	0.9293914
6048	0	-15.27936	-14.88947	-0.3898892	0.302432	0.980269	0.0197306	1.96054	0.0394612	0.9845448
6049	1	-15.68207	-15.2945	-0.387571	0.061991	0.980163	0.019837	1.96033	0.039674	0.982265
6050	0	-16.15312	-15.79823	-0.3548914	0.372013	0.981177	0.018823	1.96235	0.0376459	0.9506838
6051	1	-15.31081	-14.93861	-0.372201	0.192061	0.975889	0.0241109	1.95178	0.0482218	0.9672831
6052	0	-15.49422	-15.10964	-0.3845873	0.156586	0.969455	0.0305447	1.93891	0.0610893	0.9793386
6053	1	-16.83979	-16.4662	-0.3735914	0.0900403	0.953744	0.0462555	1.90749	0.092511	0.9686289
6054	0	-15.5075	-15.1242	-0.3833001	0.281866	0.970212	0.0297881	1.94042	0.0595761	0.9780788
6055	1	-15.20094	-14.79708	-0.4038558	0.310575	0.973962	0.0260383	1.94792	0.0520766	0.998392
6056	0	-15.48785	-15.12863	-0.3592194	0.164219	0.97714	0.0228601	1.95428	0.0457202	0.9548074
6057	1	-15.97593	-15.58777	-0.3881619	0.0872785	0.964241	0.0357587	1.92848	0.0715174	0.9828456
6058	0	-17.24997	-16.97017	-0.2798019	0.389897	0.971372	0.0286284	1.94274	0.0572567	0.8819118
6059	1	-18.49143	-18.19179	-0.2996454	0.190088	0.938767	0.061233	1.87753	0.122466	0.8995868
6060	0	-16.67891	-16.38155	-0.2973567	0.251865	0.964364	0.0356365	1.92873	0.071273	0.8975303
6061	1	-16.24437	-15.86328	-0.3810909	0.278268	0.960288	0.039712	1.92058	0.079424	0.9759204
6062	0	-16.26101	-15.92974	-0.3312746	0.260448	0.965622	0.0343778	1.93124	0.0687556	0.9284947
6063	1	-16.10962	-15.75978	-0.3498393	0.0781077	0.968485	0.0315152	1.93697	0.0630305	0.945893
6064	0	-15.98923	-15.60306	-0.3861674	0.00513148	0.97289	0.0271097	1.94578	0.0542194	0.9808873
6065	1	-15.97732	-15.65679	-0.3205261	0.187493	0.971796	0.0282038	1.94359	0.0564075	0.9185683
6066	0	-16.80216	-16.45758	-0.3445815	-0.0416045	0.974553	0.0254471	1.94911	0.0508943	0.9409328
6067	1	-15.33424	-14.93736	-0.39688	0.174715	0.982738	0.0172617	1.96548	0.0345234	0.9914517
6068	0	-15.35869	-14.95518	-0.4035111	0.164574	0.968728	0.0312723	1.93746	0.0625446	0.9980479
6069	1	-16.7753	-16.38393	-0.391366	0.0192013	0.956571	0.0434288	1.91314	0.0868576	0.9859998
6070	0	-16.9026	-16.50269	-0.3999082	0.390242	0.957701	0.0422987	1.9154	0.0845974	0.9944585
6071	1	-15.99057	-15.66379	-0.3267733	0.276741	0.98029	0.0197103	1.96058	0.0394206	0.9243247
6072	0	-15.35088	-14.97596	-0.374925	0.182857	0.973602	0.0263979	1.9472	0.0527959	0.9699215
6073	1	-21.39786	-21.01795	-0.3799062	0.51039	0.926413	0.0735869	1.85283	0.147174	0.974765
6074	0	-15.54173	-15.14419	-0.3975396	0.213296	0.984493	0.0155066	1.96899	0.0310131	0.9921058
6075	1	-16.12193	-15.74203	-0.3799062	0.190999	0.985783	0.0142166	1.97157	0.0284332	0.974765
6076	0	-15.24604	-14.86357	-0.3824742	0.170975	0.978906	0.0210943	1.95781	0.0421886	0.9772713
6077	1	-15.92585	-15.52659	-0.3992563	0.0760604	0.964229	0.0357707	1.92846	0.0715414	0.9938105
6078	0	-17.49458	-17.18895	-0.3056355	0.201089	0.986452	0.0135483	1.9729	0.0270967	0.9049916
6079	1	-19.96281	-19.77985	-0.1829556	-0.0678782	0.980231	0.0197692	1.96046	0.0395385	0.8005074
6080	0	-15.93416	-15.58763	-0.3465384	0.24194	0.967757	0.0322432	1.93551	0.0644864	0.9427759
6081	1	-19.98222	-19.89214	-0.09007621	0.0210922	0.973845	0.0261546	1.94769	0.0523093	0.7295051
6082	0	-17.48673	-17.13815	-0.348584	0.451403	0.964892	0.0351081	1.92978	0.0702163	0.9447064
6083	1	-17.7295	-17.5479	-0.1816019	0.224141	0.974249	0.025751	1.9485	0.051502	0.7994245
6084	0	-15.75282	-15.395	-0.3578216	0.154478	0.969359	0.0306409	1.93872	0.0612818	0.9534736
6085	1	-16.37645	-16.08747	-0.2889767	0.148838	0.972296	0.0277043	1.94459	0.0554085	0.8900404
6086	0	-16.38607	-16.01648	-0.3695863	0.388821	0.967597	0.0324031	1.93519	0.0648062	0.9647572
6087	1	-16.84298	-16.43824	-0.4047401	0.353141	0.98778	0.01222	1.97556	0.0244399	0.9992753
6088	0	-16.57139	-16.22604	-0.3453545	0.28038	0.960322	0.039678	1.92064	0.079356	0.9416604
6089	1	-15.62284	-15.2637	-0.3591402	0.164085	0.971384	0.0286156	1.94277	0.0572312	0.9547317
6090	0	-15.54168	-15.17478	-0.366899	0.209726	0.97071	0.02929	1.94142	0.05858	0.9621681
6091	1	-16.04407	-15.64098	-0.4030915	0.112851	0.985707	0.0142928	1.97141	0.0285857	0.9976292
6092	0	-17.92146	-17.55365	-0.3678076	0.105973	0.939328	0.0606717	1.87866	0.121343	0.9630428
6093	1	-16.01841	-15.621	-0.3974144	0.047297	0.964954	0.0350456	1.92991	0.0700913	0.9919816
6094	0	-15.15012	-14.7601	-0.3900197	0.261591	0.97946	0.02054	1.95892	0.04108	0.9846733
6095	1	-16.06821	-15.74029	-0.3279128	0.184263	0.968306	0.0316944	1.93661	0.0633888	0.9253786
6096	0	-15.49726	-15.11568	-0.3815814	0.250701	0.969576	0.0304236	1.93915	0.0608473	0.9763992
6097	1	-17.25943	-16.9249	-0.3345203	0.387514	0.985081	0.0149192	1.97016	0.0298385	0.9315133
6098	0	-16.7015	-16.29758	-0.4039153	0.0333737	0.955276	0.0447243	1.91055	0.0894486	0.9984514
6099	1	-16.44883	-16.1399	-0.3089278	0.282459	0.982226	0.0177742	1.96445	0.0355484	0.9079761
6100	0	-16.34164	-15.95333	-0.3883114	0.136001	0.957391	0.0426092	1.91478	0.0852183	0.9829926
6101	1	-18.97558	-18.57275	-0.4028315	-0.151529	0.985991	0.0140089	1.97198	0.0280178	0.9973699
6102	0	-15.8154	-15.45899	-0.356411	0.171958	0.968031	0.0319694	1.93606	0.0639388	0.9521296
6103	1	-16.98354	-16.63748	-0.3460663	-0.0614688	0.975178	0.0248219	1.95036	0.0496437	0.9423309
6104	0	-16.37482	-16.03907	-0.3357481	0.337274	0.967781	0.0322188	1.93556	0.0644375	0.9326577
6105	1	-16.98042	-16.57846	-0.4019596	-0.0082249	0.985766	0.0142335	1.97153	0.028467	0.9965006
6106	0	-18.3492	-17.9874	-0.3618018	-0.00123383	0.939136	0.0608638	1.87827	0.121728	0.9572762
6107	1	-15.83115	-15.47726	-0.3538905	0.343543	0.978023	0.0219771	1.95605	0.0439542	0.9497328
6108	0	-17.17112	-16.8155	-0.3556148	-0.00128093	0.956867	0.0431334	1.91373	0.0862669	0.9513718
6109	1	-15.83424	-15.45228	-0.3819578	0.384263	0.974236	0.025764	1.94847	0.0515279	0.9767669
6110	0	-15.40488	-15.0135	-0.3913811	0.249576	0.983179	0.0168208	1.96636	0.0336415	0.9860147
6111	1	-16.15612	-15.83302	-0.3230935	0.0979962	0.978152	0.0218481	1.9563	0.0436963	0.9209297
6112	0	-17.11897	-16.73502	-0.3839536	-0.0690051	0.961242	0.0387585	1.92248	0.0775169	0.9787182
6113	1	-15.33579	-14.93941	-0.3963842	0.2964	0.971746	0.028254	1.94349	0.0565079	0.9909602
6114	0	-16.76221	-16.48652	-0.2756936	0.328842	0.977409	0.0225912	1.95482	0.0451825	0.8782961
6115	1	-15.57248	-15.17091	-0.4015663	0.0618116	0.971084	0.0289163	1.94217	0.0578326	0.9961088
6116	0	-17.38628	-17.03228	-0.3540045	0.119039	0.947658	0.0523421	1.89532	0.104684	0.949841
6117	1	-16.49343	-16.21018	-0.2832576	0.124682	0.97634	0.0236602	1.95268	0.0473204	0.8849647
6118	0	-15.31662	-14.93434	-0.3822736	0.299523	0.976054	0.0239464	1.95211	0.0478928	0.9770753
6119	1	-15.86112	-15.52112	-0.339998	0.184801	0.969878	0.0301222	1.93976	0.0602444	0.9366298
6120	0	-16.16916	-15.84847	-0.3206936	0.133091	0.969435	0.0305647	1.93887	0.0611294	0.9187222
6121	1	-16.63106	-16.36019	-0.2708761	0.148787	0.970902	0.0290984	1.9418	0.0581968	0.8740751
6122	0	-18.47311	-18.117	-0.3561115	-0.0439653	0.941587	0.0584134	1.88317	0.116827	0.9518445
6123	1	-15.77819	-15.42159	-0.3566014	0.0926747	0.978054	0.0219462	1.95611	0.0438923	0.9523109
6124	0	-15.59203	-15.22681	-0.3652232	0.157542	0.971011	0.0289886	1.94202	0.0579773	0.960557
6125	1	-18.15932	-17.8135	-0.3458216	-0.119053	0.95763	0.0423698	1.91526	0.0847396	0.9421003
6126	0	-15.71146	-15.33968	-0.371778	0.103371	0.970272	0.0297282	1.94054	0.0594564	0.9668739
6127	1	-17.51534	-17.13692	-0.3784135	0.169148	0.942827	0.0571729	1.88565	0.114346	0.973311
6128	0	-15.96446	-15.63041	-0.3340489	0.197445	0.968935	0.0310649	1.93787	0.0621298	0.9310743
6129	1	-15.24073	-14.84758	-0.3931514	0.175952	0.972236	0.0277636	1.94447	0.0555273	0.9877618
6130	0	-21.17532	-20.94245	-0.2328728	-0.154331	0.934523	0.0654772	1.86905	0.130954	0.8414806
6131	1	-15.47934	-15.10214	-0.3772012	0.312853	0.974014	0.0259861	1.94803	0.0519722	0.9721318
6132	0	-17.43009	-17.16052	-0.2695652	0.157946	0.956962	0.0430379	1.91392	0.0860757	0.87293
6133	1	-15.88168	-15.52013	-0.3615451	0.0827538	0.970471	0.0295285	1.94094	0.0590571	0.9570305
6134	0	-17.10231	-16.82888	-0.2734353	0.17228	0.960958	0.0390419	1.92192	0.0780837	0.8763149
6135	1	-17.01796	-16.73911	-0.2788481	0.0309409	0.972943	0.0270571	1.94589	0.0541141	0.881071
6136	0	-18.22363	-17.92585	-0.2977808	-0.0101837	0.963299	0.0367013	1.9266	0.0734027	0.897911
6137	1	-16.27039	-15.9805	-0.2898892	0.247919	0.97557	0.0244296	1.95114	0.0488591	0.8908529
6138	0	-17.00302	-16.68741	-0.3156112	0.365812	0.964684	0.0353155	1.92937	0.0706311	0.9140647
6139	1	-16.13846	-15.77892	-0.3595343	0.395618	0.977853	0.0221469	1.95571	0.0442939	0.955108
6140	0	-18.04508	-17.76636	-0.2787287	-0.0739551	0.966331	0.0336689	1.93266	0.0673379	0.8809659
6141	1	-16.07428	-15.70622	-0.3680569	0.206053	0.985061	0.0149387	1.97012	0.0298774	0.9632829
6142	0	-16.25831	-15.95384	-0.3044692	0.307261	0.976843	0.0231569	1.95369	0.0463137	0.9039368
6143	1	-18.83548	-18.46475	-0.3707283	0.0198799	0.989065	0.0109354	1.97813	0.0218708	0.9658596
6144	0	-16.56997	-16.23549	-0.3344842	0.230863	0.96017	0.0398298	1.92034	0.0796596	0.9314797
6145	1	-18.17613	-17.85154	-0.3245895	-0.0130317	0.985568	0.0144317	1.97114	0.0288634	0.9223084
6146	0	-19.90056	-19.53495	-0.3656023	0.561025	0.985198	0.0148019	1.9704	0.0296038	0.9609212
6147	1	-15.87714	-15.5019	-0.3752447	0.0556704	0.970437	0.0295627	1.94087	0.0591255	0.9702316
6148	0	-15.4296	-15.05073	-0.3788767	0.193709	0.98193	0.0180696	1.96386	0.0361392	0.973762
6149	1	-15.81454	-15.4249	-0.3896337	0.0281316	0.972524	0.0274758	1.94505	0.0549517	0.9842932
6150	0	-17.19041	-16.78736	-0.4030498	0.17508	0.944681	0.0553189	1.88936	0.110638	0.9975876
6151	1	-15.23141	-14.84735	-0.3840594	0.200958	0.973993	0.0260067	1.94799	0.0520134	0.9788217
6152	0	-17.37885	-17.09696	-0.2818878	0.23474	0.956432	0.0435684	1.91286	0.0871367	0.8837534
6153	1	-16.51855	-16.12885	-0.389704	0.0976868	0.956047	0.0439528	1.91209	0.0879057	0.9843624
6154	0	-16.03874	-15.70735	-0.3313927	0.105694	0.978628	0.0213724	1.95726	0.0427449	0.9286044
6155	1	-19.26338	-18.98055	-0.2828246	-0.171364	0.963333	0.0366669	1.92667	0.0733338	0.8845816
6156	0	-16.41262	-16.10804	-0.3045797	0.13902	0.96766	0.0323396	1.93532	0.0646793	0.9040366
6157	1	-15.92508	-15.5229	-0.4021772	0.416798	0.981282	0.0187178	1.96256	0.0374355	0.9967175
6158	0	-16.49334	-16.18763	-0.3057145	0.101767	0.967977	0.0320226	1.93595	0.0640453	0.9050631
6159	1	-15.36667	-14.98882	-0.3778535	0.254573	0.981139	0.0188614	1.96228	0.0377227	0.9727661
6160	0	-16.05514	-15.67741	-0.377731	0.400774	0.980753	0.0192468	1.96151	0.0384937	0.972647
6161	1	-17.13285	-16.81677	-0.3160738	0.0750337	0.984213	0.0157869	1.96843	0.0315739	0.9144877
6162	0	-15.48637	-15.11223	-0.3741425	0.292197	0.981103	0.0188971	1.96221	0.0377941	0.9691629
6163	1	-16.23878	-15.85466	-0.3841197	-0.0155788	0.970338	0.0296623	1.94068	0.0593245	0.9788808
6164	0	-16.1706	-15.7889	-0.3817004	0.284202	0.961367	0.0386327	1.92273	0.0772655	0.9765154
6165	1	-16.12928	-15.73184	-0.3974373	0.0760473	0.96149	0.0385095	1.92298	0.077019	0.9920043
6166	0	-15.98841	-15.59525	-0.3931594	0.226964	0.986092	0.0139084	1.97218	0.0278167	0.9877697
6167	1	-18.71062	-18.44957	-0.2610524	0.0448968	0.944135	0.0558652	1.88827	0.11173	0.8655304
6168	0	-17.92917	-17.5423	-0.386869	-0.143258	0.981509	0.0184908	1.96302	0.0369815	0.9815757
6169	1	-19.90252	-19.6013	-0.3012205	0.30276	0.924702	0.0752975	1.8494	0.150595	0.9010049
6170	0	-15.91603	-15.57301	-0.3430189	0.214285	0.968223	0.0317772	1.93645	0.0635544	0.9394636
6171	1	-15.95744	-15.61863	-0.338809	0.293696	0.970895	0.0291054	1.94179	0.0582108	0.9355169
6172	0	-19.5906	-19.33238	-0.2582215	0.433283	0.950042	0.049958	1.90008	0.099916	0.8630837
6173	1	-15.7061	-15.36241	-0.3436845	0.220414	0.972219	0.0277811	1.94444	0.0555622	0.9400891
6174	0	-15.67046	-15.3277	-0.3427581	0.24326	0.973984	0.0260161	1.94797	0.0520322	0.9392186
6175	1	-15.50619	-15.11872	-0.3874793	0.297767	0.982847	0.0171535	1.96569	0.034307	0.982175
6176	0	-17.17504	-16.90378	-0.2712632	0.180253	0.960174	0.0398256	1.92035	0.0796512	0.8744135
6177	1	-17.28612	-17.04884	-0.2372814	0.28723	0.967805	0.0321947	1.93561	0.0643893	0.8451985
6178	0	-16.9894	-16.73587	-0.2535315	0.0997415	0.976378	0.0236219	1.95276	0.0472438	0.8590453
6179	1	-15.17348	-14.78981	-0.3836686	0.24305	0.976998	0.0230022	1.954	0.0460044	0.9784393
6180	0	-18.21434	-17.95826	-0.2560794	0.194375	0.948174	0.051826	1.89635	0.103652	0.8612368
6181	1	-17.3328	-16.93994	-0.3928598	-0.0256718	0.952053	0.0479472	1.90411	0.0958945	0.9874738
6182	0	-18.53354	-18.29729	-0.2362515	0.0966401	0.947891	0.0521087	1.89578	0.104217	0.8443285
6183	1	-18.00019	-17.61508	-0.3851064	0.513037	0.984026	0.0159742	1.96805	0.0319485	0.9798471
6184	0	-17.8082	-17.5636	-0.244594	0.0113027	0.978302	0.0216979	1.9566	0.0433958	0.8514018
6185	1	-15.5314	-15.15881	-0.3725849	0.168479	0.981704	0.0182962	1.96341	0.0365924	0.9676545
6186	0	-16.6621	-16.28614	-0.3759668	-0.0117363	0.962986	0.0370136	1.92597	0.0740273	0.9709325
6187	1	-15.35062	-14.97284	-0.3777748	0.209569	0.981049	0.0189507	1.9621	0.0379014	0.9726895
6188	0	-15.93458	-15.53762	-0.3969598	0.135238	0.985364	0.0146361	1.97073	0.0292722	0.9915307
6189	1	-17.90498	-17.58309	-0.3218887	0.336608	0.950061	0.0499388	1.90012	0.0998777	0.9198208
6190	0	-15.38057	-14.98176	-0.398803	0.301345	0.982898	0.0171015	1.9658	0.0342031	0.99336
6191	1	-16.33856	-15.98841	-0.3501434	0.102563	0.963043	0.0369573	1.92609	0.0739145	0.9461807
6192	0	-16.03717	-15.65034	-0.3868349	0.0519684	0.96576	0.03424	1.93152	0.06848	0.9815423
6193	1	-16.49257	-16.09033	-0.4022398	0.0626729	0.95664	0.0433597	1.91328	0.0867194	0.9967799
6194	0	-15.44099	-15.05116	-0.3898338	0.165899	0.982738	0.0172619	1.96548	0.0345238	0.9844903
6195	1	-19.36141	-18.95865	-0.4027634	-0.0457472	0.922865	0.077135	1.84573	0.15427	0.9973019
6196	0	-16.65356	-16.30769	-0.345863	0.251795	0.958215	0.0417854	1.91643	0.0835708	0.9421394
6197	1	-16.09253	-15.7551	-0.3374301	0.254871	0.982955	0.0170452	1.96591	0.0340904	0.9342278
6198	0	-17.06963	-16.70887	-0.3607606	0.0187345	0.984871	0.0151287	1.96974	0.0302574	0.95628
6199	1	-15.83422	-15.50232	-0.3318929	0.212936	0.972096	0.0279045	1.94419	0.055809	0.9290691
6200	0	-16.11071	-15.75381	-0.3568931	0.0296576	0.973821	0.0261791	1.94764	0.0523582	0.9525887
6201	1	-19.76207	-19.63433	-0.1277389	-0.0330365	0.971407	0.0285933	1.94281	0.0571865	0.7575042
6202	0	-17.64343	-17.34366	-0.2997641	0.0988914	0.985576	0.0144235	1.97115	0.028847	0.8996937
6203	1	-18.002	-17.82455	-0.1774488	0.100997	0.972108	0.0278919	1.94422	0.0557839	0.7961112
6204	0	-17.59747	-17.27842	-0.3190507	0.0355552	0.984979	0.0150214	1.96996	0.0300428	0.917214
6205	1	-20.27712	-20.18238	-0.09474441	0.371964	0.963366	0.0366345	1.92673	0.0732689	0.7329186
6206	0	-17.00646	-16.61359	-0.3928701	-0.014916	0.955807	0.0441933	1.91161	0.0883866	0.987484
6207	1	-18.20103	-17.96882	-0.2322123	0.0844193	0.95393	0.0460702	1.90786	0.0921404	0.840925
6208	0	-17.47835	-17.09585	-0.3825	-0.136819	0.968153	0.0318467	1.93631	0.0636933	0.9772965
6209	1	-15.84223	-15.45196	-0.3902708	0.0195495	0.978256	0.0217443	1.95651	0.0434886	0.9849205
6210	0	-16.02032	-15.62139	-0.3989331	0.282653	0.986265	0.0137349	1.97253	0.0274698	0.9934892
6211	1	-16.10903	-15.72256	-0.38647	0.323191	0.985451	0.0145487	1.9709	0.0290974	0.9811841
6212	0	-15.58507	-15.18526	-0.3998146	0.242249	0.965742	0.0342576	1.93148	0.0685152	0.9943654
6213	1	-16.55058	-16.20703	-0.3435435	0.211585	0.959057	0.0409434	1.91811	0.0818867	0.9399566
6214	0	-17.42569	-17.04433	-0.3813609	0.383842	0.953048	0.0469524	1.9061	0.0939048	0.976184
6215	1	-15.76391	-15.42904	-0.33487	0.192723	0.973378	0.0266219	1.94676	0.0532437	0.9318391
6216	0	-16.07705	-15.7021	-0.3749488	0.355129	0.967724	0.0322765	1.93545	0.064553	0.9699446
6217	1	-17.23769	-16.9552	-0.2824879	0.231058	0.958146	0.041854	1.91629	0.0837081	0.8842838
6218	0	-15.70766	-15.32858	-0.3790893	0.298951	0.968537	0.031463	1.93707	0.0629261	0.973969
6219	1	-16.1778	-15.77502	-0.4027842	0.179101	0.957462	0.0425379	1.91492	0.0850758	0.9973226
6220	0	-15.568	-15.213	-0.3550029	0.207813	0.980184	0.0198159	1.96037	0.0396317	0.9507899
6221	1	-18.36907	-18.06832	-0.3007456	0.441787	0.984626	0.0153738	1.96925	0.0307476	0.9005771
6222	0	-15.73141	-15.37123	-0.3601734	0.142991	0.969782	0.0302178	1.93956	0.0604356	0.9557187
6223	1	-17.72302	-17.32431	-0.3987147	0.0344844	0.941748	0.0582522	1.8835	0.116504	0.9932724
6224	0	-15.0487	-14.64351	-0.4051912	0.177776	0.974097	0.0259031	1.94819	0.0518063	0.9997261
6225	1	-15.3964	-15.01874	-0.3776599	0.288381	0.980546	0.0194537	1.96109	0.0389074	0.9725778
6226	0	-16.68785	-16.29037	-0.3974761	0.020159	0.985462	0.0145376	1.97092	0.0290753	0.9920428
6227	1	-15.88885	-15.54577	-0.3430807	0.317695	0.979756	0.0202445	1.95951	0.0404889	0.9395216
6228	0	-15.45441	-15.09223	-0.3621761	0.269174	0.975992	0.0240082	1.95198	0.0480165	0.9576345
6229	1	-15.74699	-15.35728	-0.3897108	0.11559	0.966145	0.0338548	1.93229	0.0677097	0.9843691
6230	0	-18.84825	-18.46452	-0.3837313	-0.029809	0.931494	0.0685065	1.86299	0.137013	0.9785006
6231	1	-15.87695	-15.5523	-0.3246473	0.227058	0.978965	0.0210351	1.95793	0.0420702	0.9223618
6232	0	-20.10037	-19.76454	-0.3358248	0.0502546	0.913026	0.0869745	1.82605	0.173949	0.9327293
6233	1	-15.41237	-15.04045	-0.3719224	0.156088	0.973992	0.026008	1.94798	0.052016	0.9670136
6234	0	-18.6112	-18.21826	-0.3929378	0.218302	0.92737	0.0726302	1.85474	0.14526	0.9875508
6235	1	-17.29337	-16.92299	-0.3703847	-0.00431703	0.953452	0.0465485	1.9069	0.0930969	0.9655278
6236	0	-16.02491	-15.64543	-0.3794794	0.0174842	0.971201	0.0287988	1.9424	0.0575976	0.974349
6237	1	-16.88826	-16.506	-0.3822547	0.392417	0.960028	0.0399723	1.92006	0.0799447	0.9770569
6238	0	-17.02237	-16.69819	-0.3241894	0.212854	0.955237	0.0447634	1.91047	0.0895269	0.9219395
6239	1	-17.63907	-17.37905	-0.2600196	0.0442858	0.981255	0.0187453	1.96251	0.0374906	0.864637
6240	0	-16.26402	-15.87266	-0.3913604	0.147166	0.986377	0.0136235	1.97275	0.027247	0.9859943
6241	1	-15.8989	-15.57626	-0.3226394	0.17113	0.977362	0.0226381	1.95472	0.0452761	0.9205116
6242	0	-15.5552	-15.20224	-0.3529535	0.248237	0.974366	0.025634	1.94873	0.0512681	0.9488433
6243	1	-17.10861	-16.82872	-0.2798803	0.0181274	0.971614	0.0283865	1.94323	0.056773	0.881981
6244	0	-17.1568	-16.78553	-0.3712691	0.0876716	0.949833	0.0501668	1.89967	0.100334	0.9663821
6245	1	-16.2875	-15.89215	-0.3953568	0.0741923	0.959601	0.0403986	1.9192	0.0807971	0.9899426
6246	0	-16.46206	-16.17889	-0.2831654	0.136442	0.976678	0.0233216	1.95336	0.0466433	0.8848831
6247	1	-17.78538	-17.39154	-0.393843	0.110006	0.938466	0.0615345	1.87693	0.123069	0.9884452
6248	0	-17.83432	-17.43142	-0.4029036	0.185278	0.936355	0.0636446	1.87271	0.127289	0.9974418
6249	1	-19.60244	-19.29097	-0.3114688	0.368593	0.933608	0.0663921	1.86722	0.132784	0.9102861
6250	0	-16.78216	-16.42349	-0.3586714	0.421465	0.968051	0.0319495	1.9361	0.063899	0.9542842
6251	1	-18.82752	-18.42691	-0.4006024	0.391985	0.935299	0.0647006	1.8706	0.129401	0.9951491
6252	0	-16.59604	-16.26	-0.3360378	0.180307	0.983376	0.0166236	1.96675	0.0332472	0.932928
6253	1	-15.2712	-14.88626	-0.3849423	0.140363	0.977153	0.0228471	1.95431	0.0456942	0.9796863
6254	0	-16.63448	-16.28773	-0.3467446	0.2311	0.95787	0.0421297	1.91574	0.0842594	0.9429703
6255	1	-16.35338	-16.03316	-0.3202206	0.204104	0.96484	0.0351602	1.92968	0.0703204	0.9182877
6256	0	-15.8686	-15.47173	-0.3968729	0.0979833	0.964217	0.0357833	1.92843	0.0715666	0.9914446
6257	1	-15.76031	-15.38078	-0.3795305	0.100212	0.968188	0.0318121	1.93638	0.0636241	0.9743988
6258	0	-16.30036	-15.90956	-0.3908012	0.146953	0.957452	0.0425478	1.9149	0.0850956	0.9854431
6259	1	-15.93433	-15.54754	-0.3867892	0.406978	0.979559	0.0204412	1.95912	0.0408825	0.9814974
6260	0	-15.99537	-15.63483	-0.3605351	0.106143	0.966793	0.0332072	1.93359	0.0664143	0.9560644
6261	1	-15.70653	-15.34873	-0.3577973	0.100883	0.976985	0.0230146	1.95397	0.0460293	0.9534504
6262	0	-16.71374	-16.35133	-0.3624134	0.0400429	0.959489	0.0405111	1.91898	0.0810221	0.9578619
6263	1	-16.07618	-15.77019	-0.305997	0.181621	0.974473	0.0255273	1.94895	0.0510546	0.9053188
6264	0	-15.09774	-14.70373	-0.3940122	0.177797	0.978348	0.021652	1.9567	0.0433039	0.9886124
6265	1	-17.32089	-17.0176	-0.3032926	0.237036	0.954426	0.0455739	1.90885	0.0911479	0.9028737
6266	0	-15.87584	-15.53699	-0.3388486	0.12471	0.972651	0.0273491	1.9453	0.0546983	0.9355539
6267	1	-20.08856	-19.91212	-0.1764367	0.302641	0.940767	0.0592326	1.88153	0.118465	0.7953059
6268	0	-17.04264	-16.72133	-0.3213078	0.170221	0.955176	0.0448238	1.91035	0.0896475	0.9192867
6269	1	-18.72297	-18.60579	-0.1171861	0.213189	0.971478	0.0285215	1.94296	0.057043	0.7495524
6270	0	-16.73342	-16.37829	-0.3551251	0.43141	0.971278	0.028722	1.94256	0.057444	0.9509061
6271	1	-21.45676	-21.26378	-0.1929846	-0.224624	0.965295	0.0347051	1.93059	0.0694103	0.8085761
6272	0	-16.27274	-15.92118	-0.3515564	0.0926292	0.964366	0.0356342	1.92873	0.0712684	0.9475186
6273	1	-17.5941	-17.29675	-0.2973479	-0.0561371	0.968003	0.0319966	1.93601	0.0639932	0.8975224
6274	0	-16.99599	-16.59769	-0.3983034	0.131344	0.94804	0.0519598	1.89608	0.10392	0.9928639
6275	1	-17.39262	-17.13555	-0.2570754	0.117126	0.96059	0.0394099	1.92118	0.0788198	0.8620951
6276	0	-24.33485	-24.09642	-0.2384325	-0.144278	0.876489	0.123511	1.75298	0.247021	0.8461721
6277	1	-18.14214	-17.86601	-0.2761257	0.270433	0.986663	0.0133369	1.97333	0.0266738	0.8786756
6278	0	-18.12686	-17.82574	-0.3011258	0.485859	0.975608	0.0243924	1.95122	0.0487849	0.9009195
6279	1	-18.21295	-17.93814	-0.2748189	-0.073176	0.963029	0.0369712	1.92606	0.0739423	0.8775282
6280	0	-16.04087	-15.6432	-0.3976718	-0.0218419	0.975152	0.0248485	1.9503	0.049697	0.9922369
6281	1	-16.65365	-16.37289	-0.2807652	0.254149	0.967828	0.0321724	1.93566	0.0643448	0.8827618
6282	0	-16.52854	-16.13737	-0.3911672	-0.0264885	0.964647	0.0353534	1.92929	0.0707068	0.9858038
6283	1	-16.91283	-16.53204	-0.3807873	0.399594	0.960649	0.0393506	1.9213	0.0787011	0.9756242
6284	0	-15.38706	-15.0032	-0.3838637	0.110203	0.97621	0.0237901	1.95242	0.0475802	0.9786302
6285	1	-16.51425	-16.19297	-0.3212794	0.285091	0.964476	0.0355243	1.92895	0.0710486	0.9192605
6286	0	-15.55117	-15.1673	-0.3838637	0.20979	0.983526	0.016474	1.96705	0.0329479	0.9786302
6287	1	-16.20118	-15.83267	-0.3685033	0.389622	0.970702	0.0292979	1.9414	0.0585959	0.963713
6288	0	-15.62143	-15.22681	-0.3946195	0.145971	0.966325	0.0336752	1.93265	0.0673503	0.989213
6289	1	-15.74805	-15.37185	-0.3762024	0.366834	0.97492	0.02508	1.94984	0.05016	0.9711613
6290	0	-16.08845	-15.71083	-0.3776213	0.00865679	0.971577	0.0284232	1.94315	0.0568465	0.9725403
6291	1	-16.88224	-16.50481	-0.3774273	0.152288	0.951212	0.0487878	1.90242	0.0975757	0.9723516
6292	0	-17.00128	-16.59907	-0.4022096	-0.120052	0.976596	0.0234035	1.95319	0.0468071	0.9967498
6293	1	-15.92827	-15.55061	-0.3776638	0.255253	0.963992	0.0360078	1.92798	0.0720157	0.9725816
6294	0	-16.66312	-16.25912	-0.4040039	-0.000613751	0.958259	0.0417405	1.91652	0.0834811	0.9985399
6295	1	-17.34465	-16.95362	-0.3910292	0.238473	0.944616	0.055384	1.88923	0.110768	0.9856678
6296	0	-15.52522	-15.14194	-0.383285	0.263495	0.969233	0.0307667	1.93847	0.0615334	0.978064
6297	1	-21.06536	-20.79274	-0.2726159	-0.233775	0.979078	0.0209221	1.95816	0.0418443	0.8755972
6298	0	-16.48531	-16.0975	-0.3878116	0.0422581	0.984877	0.0151228	1.96975	0.0302456	0.9825014
6299	1	-16.24018	-15.84103	-0.3991495	0.429306	0.98269	0.0173096	1.96538	0.0346191	0.9937043
6300	0	-15.8874	-15.52201	-0.3653878	0.0485843	0.976134	0.0238656	1.95227	0.0477313	0.9607152
6301	1	-16.80327	-16.50973	-0.2935418	0.36877	0.978068	0.0219322	1.95614	0.0438644	0.8941128
6302	0	-16.37386	-15.98187	-0.3919887	0.338911	0.960645	0.0393546	1.92129	0.0787093	0.986614
6303	1	-15.59776	-15.20623	-0.3915309	0.124198	0.967888	0.0321116	1.93578	0.0642232	0.9861624
6304	0	-15.90051	-15.5158	-0.3847052	0.230871	0.985352	0.0146481	1.9707	0.0292962	0.9794541
6305	1	-19.32315	-18.94991	-0.3732371	0.319653	0.925037	0.0749629	1.85007	0.149926	0.9682858
6306	0	-17.86708	-17.48402	-0.3830614	-0.125459	0.957466	0.0425345	1.91493	0.085069	0.9778453
6307	1	-16.56496	-16.16363	-0.4013287	-0.0292312	0.983074	0.0169257	1.96615	0.0338514	0.9958722
6308	0	-15.33544	-14.93093	-0.4045184	0.3082	0.971117	0.0288826	1.94223	0.0577653	0.9990537
6309	1	-15.50545	-15.13784	-0.367612	0.124411	0.976741	0.0232593	1.95348	0.0465185	0.9628544
6310	0	-15.54371	-15.14093	-0.4027703	0.161219	0.966094	0.0339056	1.93219	0.0678112	0.9973088
6311	1	-15.8066	-15.45198	-0.3546231	0.271547	0.982367	0.0176327	1.96473	0.0352655	0.9504288
6312	0	-15.60855	-15.25269	-0.3558596	0.29069	0.979296	0.0207037	1.95859	0.0414075	0.9516047
6313	1	-15.39244	-15.01524	-0.3772033	0.223437	0.981561	0.0184393	1.96312	0.0368786	0.9721338
6314	0	-16.14393	-15.78169	-0.3622409	0.398863	0.97852	0.0214799	1.95704	0.0429597	0.9576967
6315	1	-16.03314	-15.72305	-0.3100813	0.193392	0.973629	0.0263711	1.94726	0.0527422	0.9090239
6316	0	-17.10692	-16.78515	-0.32177	0.315908	0.985575	0.014425	1.97115	0.02885	0.9197116
6317	1	-17.24889	-16.84637	-0.40252	0.12794	0.944419	0.0555806	1.88884	0.111161	0.9970593
6318	0	-15.8975	-15.51844	-0.3790531	0.106926	0.965637	0.0343625	1.93127	0.068725	0.9739337
6319	1	-19.44652	-19.04428	-0.4022331	0.269033	0.916752	0.0832477	1.8335	0.166495	0.9967732
6320	0	-16.18027	-15.83175	-0.3485228	0.145922	0.983646	0.0163538	1.96729	0.0327076	0.9446486
6321	1	-16.12143	-15.77908	-0.3423522	0.239716	0.96549	0.03451	1.93098	0.06902	0.9388375
6322	0	-15.13681	-14.74561	-0.3911973	0.219614	0.980133	0.0198675	1.96027	0.0397349	0.9858335
6323	1	-15.96662	-15.61267	-0.3539478	0.246927	0.983633	0.0163669	1.96727	0.0327338	0.9497872
6324	0	-16.99375	-16.62232	-0.3714395	-0.0758823	0.967158	0.0328422	1.93432	0.0656844	0.9665467
6325	1	-18.26831	-18.04279	-0.2255167	0.236927	0.984733	0.0152669	1.96947	0.0305338	0.8353133
6326	0	-19.9193	-19.52804	-0.3912655	0.530842	0.946595	0.0534053	1.89319	0.106811	0.9859008
6327	1	-15.30605	-14.90071	-0.4053374	0.265196	0.969573	0.0304271	1.93915	0.0608541	0.9998723
6328	0	-16.79269	-16.4603	-0.3323919	0.00794222	0.980512	0.0194882	1.96102	0.0389764	0.9295328
6329	1	-21.50617	-21.14659	-0.3595786	-0.23777	0.922534	0.0774661	1.84507	0.154932	0.9551504
6330	0	-16.06811	-15.75688	-0.3112346	0.249286	0.972809	0.0271914	1.94562	0.0543829	0.910073
6331	1	-16.04021	-15.68803	-0.3521819	0.328838	0.982356	0.0176435	1.96471	0.0352871	0.9481115
6332	0	-17.40578	-17.10584	-0.2999411	0.429731	0.971577	0.0284226	1.94315	0.0568452	0.8998529
6333	1	-16.62997	-16.24819	-0.3817857	0.106462	0.955085	0.0449155	1.91017	0.089831	0.9765987
6334	0	-17.52776	-17.26068	-0.2670744	0.00858328	0.965361	0.0346394	1.93072	0.0692788	0.8707584
6335	1	-16.06449	-15.70962	-0.354875	0.360443	0.981117	0.0188832	1.96223	0.0377664	0.9506683
6336	0	-17.36968	-16.99208	-0.3775956	0.0662441	0.947179	0.0528213	1.89436	0.105643	0.9725152
6337	1	-17.13676	-16.82029	-0.3164676	0.426747	0.979842	0.0201584	1.95968	0.0403168	0.9148479
6338	0	-16.71951	-16.33933	-0.38018	-0.0351871	0.98186	0.0181404	1.96372	0.0362807	0.9750319
6339	1	-15.59535	-15.20872	-0.3866295	0.350038	0.981259	0.0187412	1.96252	0.0374824	0.9813407
6340	0	-20.93123	-20.6306	-0.3006251	-0.24128	0.945045	0.0549551	1.89009	0.10991	0.9004686
6341	1	-15.70916	-15.32632	-0.3828403	0.085301	0.969618	0.0303823	1.93924	0.0607646	0.9776292
6342	0	-15.33393	-14.94139	-0.3925361	0.112317	0.979449	0.0205509	1.9589	0.0411019	0.9871542
6343	1	-17.10726	-16.74726	-0.360003	0.439347	0.966131	0.0338694	1.93226	0.0677388	0.9555558
6344	0	-16.45486	-16.13973	-0.315136	0.350453	0.979931	0.0200689	1.95986	0.0401378	0.9136304
6345	1	-17.341	-16.95452	-0.3864814	0.375574	0.987823	0.0121767	1.97565	0.0243534	0.9811953
6346	0	-16.70135	-16.35031	-0.3510415	-0.0301736	0.977926	0.0220744	1.95585	0.0441489	0.9470309
6347	1	-16.65813	-16.3635	-0.2946248	0.138754	0.965149	0.034851	1.9303	0.069702	0.8950816
6348	0	-15.36494	-14.99455	-0.3703902	0.214633	0.973954	0.0260464	1.94791	0.0520928	0.9655331
6349	1	-15.68873	-15.29216	-0.3965767	0.350238	0.969836	0.0301639	1.93967	0.0603278	0.991151
6350	0	-20.4636	-20.12752	-0.3360785	0.575738	0.961274	0.0387256	1.92255	0.0774512	0.9329659
6351	1	-19.0043	-18.68969	-0.314613	-0.17917	0.976342	0.0236578	1.95268	0.0473156	0.9131527
6352	0	-16.72123	-16.39079	-0.3304399	0.271792	0.959881	0.0401194	1.91976	0.0802389	0.9277201
6353	1	-16.01115	-15.61588	-0.3952701	0.320242	0.963588	0.0364125	1.92718	0.072825	0.9898568
6354	0	-16.76098	-16.49787	-0.2631121	0.296178	0.974165	0.0258347	1.94833	0.0516695	0.8673151
6355	1	-15.45653	-15.05161	-0.4049215	0.319766	0.983536	0.0164637	1.96707	0.0329273	0.9994565
6356	0	-15.44642	-15.07896	-0.3674588	0.191537	0.980375	0.0196246	1.96075	0.0392491	0.9627069
6357	1	-18.22061	-18.02121	-0.1994087	0.025232	0.966555	0.0334449	1.93311	0.0668899	0.8137872
6358	0	-16.18251	-15.82665	-0.3558634	0.197434	0.962425	0.0375745	1.92485	0.0751491	0.9516083
6359	1	-17.69075	-17.47384	-0.2169037	0.287228	0.980733	0.019267	1.96147	0.038534	0.8281497
6360	0	-16.18599	-15.79434	-0.391649	0.0913836	0.985217	0.0147825	1.97043	0.0295651	0.9862789
6361	1	-16.55818	-16.20226	-0.3559228	0.420376	0.972136	0.0278641	1.94427	0.0557283	0.9516649
6362	0	-16.37783	-16.08716	-0.2906727	0.256699	0.971255	0.0287447	1.94251	0.0574895	0.8915512
6363	1	-17.45728	-17.08	-0.3772794	-0.0378035	0.985093	0.0149072	1.97019	0.0298144	0.9722078
6364	0	-19.5329	-19.14267	-0.3902362	0.214847	0.914428	0.0855721	1.82886	0.171144	0.9848864
6365	1	-16.02265	-15.64717	-0.3754884	0.0641061	0.982329	0.0176714	1.96466	0.0353428	0.9704682
6366	0	-16.66121	-16.27374	-0.3874673	-0.0393034	0.964553	0.0354469	1.92911	0.0708938	0.9821632
6367	1	-15.49069	-15.12091	-0.3697743	0.133001	0.974044	0.0259558	1.94809	0.0519117	0.9649386
6368	0	-15.50546	-15.15231	-0.3531475	0.226652	0.977955	0.0220448	1.95591	0.0440897	0.9490274
6369	1	-18.05858	-17.74412	-0.3144621	-0.0787085	0.958302	0.041698	1.9166	0.083396	0.913015
6370	0	-15.95701	-15.58793	-0.3690818	0.294298	0.966091	0.0339091	1.93218	0.0678183	0.9642706
6371	1	-15.6218	-15.24355	-0.3782569	0.303703	0.982661	0.0173391	1.96532	0.0346782	0.9731586
6372	0	-16.52523	-16.16818	-0.3570438	0.0529886	0.983467	0.016533	1.96693	0.033066	0.9527323
6373	1	-15.77045	-15.38021	-0.3902363	0.248284	0.985106	0.0148944	1.97021	0.0297889	0.9848866
6374	0	-18.21702	-17.84109	-0.3759262	0.227714	0.934628	0.065372	1.86926	0.130744	0.9708931
6375	1	-16.54631	-16.21578	-0.3305253	0.0559276	0.965744	0.0342561	1.93149	0.0685122	0.9277994
6376	0	-15.74327	-15.36687	-0.3763974	0.330185	0.982542	0.0174583	1.96508	0.0349166	0.9713507
6377	1	-17.1308	-16.87096	-0.2598418	0.331658	0.969681	0.0303187	1.93936	0.0606373	0.8644833
6378	0	-16.32162	-16.0269	-0.2947205	0.130317	0.974513	0.0254869	1.94903	0.0509739	0.8951674
6379	1	-15.68332	-15.32674	-0.3565806	0.10959	0.976953	0.0230468	1.95391	0.0460937	0.9522911
6380	0	-19.54927	-19.17179	-0.377482	0.405676	0.930616	0.0693836	1.86123	0.138767	0.9724048
6381	1	-15.75096	-15.38952	-0.3614371	0.259795	0.968836	0.0311639	1.93767	0.0623279	0.9569271
6382	0	-15.39907	-15.01422	-0.3848463	0.30835	0.973607	0.026393	1.94721	0.0527859	0.9795923
6383	1	-16.49354	-16.13211	-0.3614371	0.249136	0.986188	0.0138117	1.97238	0.0276233	0.9569271
6384	0	-15.65453	-15.28242	-0.3721067	0.207833	0.983198	0.0168018	1.9664	0.0336037	0.9671919
6385	1	-15.76048	-15.41333	-0.3471502	0.174896	0.980903	0.0190969	1.96181	0.0381938	0.9433528
6386	0	-16.53632	-16.1427	-0.3936148	-0.0689072	0.972151	0.0278491	1.9443	0.0556982	0.9882197
6387	1	-15.24429	-14.8511	-0.393184	0.141481	0.979995	0.0200052	1.95999	0.0400104	0.987794
6388	0	-17.14139	-16.74778	-0.3936148	0.351344	0.952324	0.0476761	1.90465	0.0953522	0.9882197
6389	1	-15.20979	-14.82725	-0.3825359	0.186122	0.978477	0.0215234	1.95695	0.0430468	0.9773317
6390	0	-18.47481	-18.11667	-0.3581329	-0.169697	0.960089	0.0399108	1.92018	0.0798217	0.9537705
6391	1	-16.51792	-16.12749	-0.3904316	-0.0475176	0.968108	0.0318918	1.93622	0.0637837	0.9850789
6392	0	-17.01506	-16.73621	-0.2788534	0.0807627	0.980543	0.0194566	1.96109	0.0389132	0.8810758
6393	1	-19.02106	-18.67876	-0.3422977	0.506691	0.95795	0.0420499	1.9159	0.0840997	0.9387863
6394	0	-18.42959	-18.08831	-0.3412744	0.148578	0.989045	0.0109551	1.97809	0.0219103	0.9378261
6395	1	-18.00785	-17.74739	-0.2604536	0.265704	0.952308	0.0476921	1.90462	0.0953842	0.8650124
6396	0	-17.02553	-16.634	-0.3915332	0.490853	0.98086	0.0191403	1.96172	0.0382805	0.9861647
6397	1	-18.30758	-17.9222	-0.3853812	-0.100777	0.946621	0.0533788	1.89324	0.106758	0.9801164
6398	0	-16.44348	-16.09711	-0.3463729	0.239195	0.960547	0.0394532	1.92109	0.0789063	0.9426198
6399	1	-19.62528	-19.35597	-0.2693068	0.481817	0.984486	0.0155139	1.96897	0.0310277	0.8727044
6400	0	-17.89014	-17.6867	-0.2034385	0.26616	0.963457	0.0365427	1.92691	0.0730854	0.8170732
6401	1	-17.03846	-16.66853	-0.3699355	0.190749	0.949817	0.0501833	1.89963	0.100367	0.9650942
6402	0	-18.29733	-18.12593	-0.1714002	0.330165	0.974851	0.0251488	1.9497	0.0502977	0.7913104
6403	1	-15.81416	-15.40874	-0.4054141	0.356633	0.967393	0.0326065	1.93479	0.065213	0.999949
6404	0	-17.69853	-17.43761	-0.2609217	-0.00546323	0.965406	0.0345939	1.93081	0.0691879	0.8654173
6405	1	-15.88423	-15.56298	-0.3212508	0.244601	0.977095	0.0229052	1.95419	0.0458103	0.9192343
6406	0	-18.14991	-17.98296	-0.1669482	0.169212	0.965406	0.0345939	1.93081	0.0691879	0.7877954
6407	1	-15.09216	-14.69853	-0.3936311	0.227251	0.979716	0.0202838	1.95943	0.0405675	0.9882357
6408	0	-16.97096	-16.72531	-0.2456493	0.176672	0.968796	0.0312039	1.93759	0.0624078	0.8523008
6409	1	-16.34568	-16.02657	-0.3191102	0.132875	0.966391	0.0336086	1.93278	0.0672173	0.9172686
6410	0	-16.66133	-16.39176	-0.2695756	0.28467	0.972808	0.0271915	1.94562	0.0543831	0.8729391
6411	1	-16.66256	-16.32862	-0.3339422	0.408243	0.97967	0.0203298	1.95934	0.0406596	0.930975
6412	0	-19.28445	-19.03617	-0.2482807	-0.124963	0.977562	0.0224379	1.95512	0.0448759	0.8545465
6413	1	-15.98466	-15.67181	-0.3128504	0.19459	0.977335	0.0226645	1.95467	0.045329	0.9115447
6414	0	-17.31155	-17.0662	-0.2453474	0.0522895	0.973552	0.026448	1.9471	0.052896	0.8520435
6415	1	-17.4571	-17.17647	-0.2806301	0.127567	0.955577	0.0444227	1.91115	0.0888454	0.8826425
6416	0	-19.27973	-18.93709	-0.3426444	-0.16542	0.947673	0.0523275	1.89535	0.104655	0.9391118
6417	1	-19.00591	-18.65995	-0.3459638	0.106302	0.926503	0.0734972	1.85301	0.146994	0.9422343
6418	0	-16.31108	-15.99769	-0.3133906	0.25245	0.967448	0.0325523	1.9349	0.0651045	0.9120372
6419	1	-17.31486	-16.9675	-0.3473571	0.28934	0.951298	0.0487019	1.9026	0.0974037	0.943548
6420	0	-16.33838	-16.03292	-0.305453	0.327049	0.975941	0.0240594	1.95188	0.0481189	0.9048265
6421	1	-15.26145	-14.88123	-0.3802252	0.171395	0.978557	0.021443	1.95711	0.042886	0.9750759
6422	0	-17.99649	-17.75474	-0.2417496	0.415309	0.974128	0.025872	1.94826	0.051744	0.8489835
6423	1	-15.25469	-14.87447	-0.3802252	0.169082	0.977839	0.0221611	1.95568	0.0443222	0.9750759
6424	0	-17.31107	-16.99889	-0.312173	0.356186	0.960201	0.0397994	1.9204	0.0795987	0.9109273
6425	1	-16.14756	-15.8366	-0.3109564	0.185486	0.970241	0.0297591	1.94048	0.0595182	0.9098198
6426	0	-16.98321	-16.62019	-0.3630262	-0.0258925	0.961227	0.0387734	1.92245	0.0775469	0.958449
6427	1	-18.16318	-17.77718	-0.3859939	0.198747	0.933737	0.0662632	1.86747	0.132526	0.9807171
6428	0	-18.13501	-17.8166	-0.3184135	0.0889026	0.987345	0.0126547	1.97469	0.0253095	0.9166298
6429	1	-15.7652	-15.38308	-0.382121	0.0524874	0.972011	0.0279892	1.94402	0.0559785	0.9769262
6430	0	-17.94628	-17.58457	-0.3617158	0.103228	0.939703	0.0602966	1.87941	0.120593	0.9571939
6431	1	-16.11179	-15.77828	-0.3335118	0.214571	0.966579	0.0334208	1.93316	0.0668416	0.9305744
6432	0	-17.26458	-16.90893	-0.3556499	-0.0366195	0.959011	0.0409894	1.91802	0.0819789	0.9514052
6433	1	-19.31287	-19.01926	-0.2936099	0.36318	0.938953	0.0610472	1.87791	0.122094	0.8941737
6434	0	-16.50764	-16.15676	-0.3508738	0.224963	0.958922	0.0410778	1.91784	0.0821555	0.946872
6435	1	-16.87134	-16.62766	-0.2436794	0.170846	0.974652	0.0253477	1.9493	0.0506954	0.8506235
6436	0	-15.30416	-14.90727	-0.3968842	0.338446	0.9787	0.0213	1.9574	0.0426	0.9914558
6437	1	-20.23249	-19.91167	-0.320826	-0.0562378	0.950452	0.049548	1.9009	0.0990961	0.9188438
6438	0	-19.76173	-19.35712	-0.4046099	-0.238701	0.944657	0.0553432	1.88931	0.110686	0.9991451
6439	1	-15.73654	-15.40114	-0.3354032	0.174745	0.976993	0.0230075	1.95399	0.046015	0.9323361
6440	0	-18.51316	-18.14229	-0.3708675	0.431177	0.947107	0.0528928	1.89421	0.105786	0.965994
6441	1	-16.47908	-16.17078	-0.308297	0.245154	0.982845	0.0171552	1.96569	0.0343104	0.9074034
6442	0	-16.23902	-15.89749	-0.3415275	0.381023	0.976497	0.0235034	1.95299	0.0470067	0.9380636
6443	1	-15.61794	-15.24004	-0.3778996	0.129801	0.969387	0.0306132	1.93877	0.0612264	0.9728109
6444	0	-15.07701	-14.67276	-0.4042531	0.261101	0.973743	0.026257	1.94749	0.0525139	0.9987887
6445	1	-15.72702	-15.3414	-0.3856167	0.05332	0.97201	0.0279899	1.94402	0.0559799	0.9803473
6446	0	-15.22509	-14.82479	-0.4002989	0.109179	0.976163	0.0238368	1.95233	0.0476737	0.9948471
6447	1	-15.35086	-14.96525	-0.3856167	0.171392	0.981519	0.0184806	1.96304	0.0369612	0.9803473
6448	0	-15.23118	-14.84621	-0.3849714	0.217647	0.980576	0.0194237	1.96115	0.0388474	0.9797148
6449	1	-15.07847	-14.67998	-0.3984867	0.165199	0.978568	0.0214325	1.95714	0.042865	0.9930459
6450	0	-17.52214	-17.1537	-0.3684491	0.0856524	0.945294	0.0547058	1.89059	0.109412	0.9636607
6451	1	-16.34776	-16.0464	-0.3013605	0.163807	0.968714	0.0312863	1.93743	0.0625726	0.901131
6452	0	-15.74678	-15.38349	-0.3632853	0.346717	0.978712	0.0212879	1.95742	0.0425757	0.9586974
6453	1	-17.33026	-17.01675	-0.3135071	0.0265023	0.958066	0.0419336	1.91613	0.0838672	0.9121434
6454	0	-16.38798	-16.07219	-0.3157845	0.352338	0.97848	0.0215203	1.95696	0.0430405	0.9142232
6455	1	-16.54948	-16.27027	-0.2792151	0.141022	0.970933	0.0290675	1.94187	0.0581349	0.8813944
6456	0	-17.62864	-17.33025	-0.2983846	0.165502	0.950266	0.0497339	1.90053	0.0994678	0.8984533
6457	1	-15.95279	-15.62263	-0.3301574	0.215582	0.98116	0.0188405	1.96232	0.0376809	0.9274581
6458	0	-17.69336	-17.38774	-0.3056213	-0.0816163	0.974222	0.0257776	1.94844	0.0515552	0.9049787
6459	1	-21.99862	-21.69367	-0.3049501	-0.2825	0.937095	0.0629055	1.87419	0.125811	0.9043715
6460	0	-15.7706	-15.40014	-0.3704585	0.34033	0.972011	0.0279894	1.94402	0.0559787	0.9655991
6461	1	-15.73444	-15.33958	-0.3948615	0.0873639	0.96712	0.0328801	1.93424	0.0657601	0.9894525
6462	0	-16.24223	-15.89367	-0.3485609	0.0225784	0.974439	0.0255609	1.94888	0.0511218	0.9446846
6463	1	-16.01479	-15.65565	-0.35914	0.326024	0.968603	0.0313966	1.93721	0.0627933	0.9547315
6464	0	-16.45244	-16.06981	-0.3826262	0.0185576	0.983516	0.0164842	1.96703	0.0329685	0.9774199
6465	1	-18.60349	-18.30968	-0.2938094	0.316787	0.943477	0.0565228	1.88695	0.113046	0.8943521
6466	0	-18.49413	-18.24212	-0.2520119	0.0498614	0.984629	0.0153708	1.96926	0.0307417	0.8577409
6467	1	-18.17678	-17.9646	-0.2121733	0.133088	0.955866	0.0441335	1.91173	0.088267	0.8242414
6468	0	-16.34577	-16.02051	-0.3252667	0.3238	0.968902	0.031098	1.9378	0.0621959	0.9229332
6469	1	-15.77868	-15.44113	-0.3375411	0.24507	0.972552	0.027448	1.9451	0.0548961	0.9343315
6470	0	-16.71828	-16.33554	-0.3827411	0.471599	0.976855	0.0231455	1.95371	0.046291	0.9775322
6471	1	-15.76063	-15.36298	-0.3976533	0.0166326	0.974612	0.0253878	1.94922	0.0507757	0.9922186
6472	0	-17.47089	-17.22909	-0.2417982	0.0647533	0.965971	0.0340291	1.93194	0.0680582	0.8490248
6473	1	-15.96256	-15.61736	-0.345198	0.279616	0.982455	0.0175455	1.96491	0.0350909	0.941513
6474	0	-17.01609	-16.68164	-0.3344574	0.356304	0.960928	0.039072	1.92186	0.078144	0.9314548
6475	1	-16.63741	-16.28988	-0.3475297	0.103519	0.984799	0.0152011	1.9696	0.0304022	0.9437109
6476	0	-17.91214	-17.59157	-0.3205688	0.441877	0.962177	0.0378233	1.92435	0.0756466	0.9186075
6477	1	-15.8604	-15.46199	-0.3984144	0.242431	0.962294	0.0377065	1.92459	0.0754129	0.9929741
6478	0	-17.02278	-16.71333	-0.3094492	0.311257	0.960759	0.0392413	1.92152	0.0784825	0.9084495
6479	1	-15.83214	-15.49518	-0.3369593	0.245234	0.971452	0.0285478	1.9429	0.0570956	0.933788
6480	0	-17.70703	-17.42171	-0.2853187	0.0322841	0.956159	0.0438415	1.91232	0.087683	0.8867906
6481	1	-16.05554	-15.66538	-0.3901562	-0.00845302	0.97254	0.0274604	1.94508	0.0549207	0.9848076
6482	0	-17.03269	-16.73977	-0.2929183	0.149857	0.95934	0.0406601	1.91868	0.0813203	0.8935555
6483	1	-16.04711	-15.6646	-0.3825088	0.354536	0.967042	0.032958	1.93408	0.065916	0.9773052
6484	0	-16.66311	-16.3702	-0.2929183	0.10557	0.967061	0.0329389	1.93412	0.0658778	0.8935555
6485	1	-15.10182	-14.70338	-0.3984385	0.257102	0.980727	0.0192726	1.96145	0.0385452	0.9929981
6486	0	-16.40845	-16.05316	-0.3552856	0.168205	0.959591	0.0404088	1.91918	0.0808176	0.9510587
6487	1	-19.32502	-18.92917	-0.3958554	-0.00712763	0.921194	0.078806	1.84239	0.157612	0.9904363
6488	0	-15.67054	-15.26883	-0.4017133	0.0225516	0.975454	0.0245461	1.95091	0.0490921	0.9962553
6489	1	-16.06994	-15.71933	-0.3506027	0.253675	0.983904	0.0160956	1.96781	0.0321912	0.9466154
6490	0	-16.06464	-15.66486	-0.3997812	0.201824	0.959151	0.0408494	1.9183	0.0816987	0.9943322
6491	1	-15.88034	-15.51061	-0.3697296	0.322416	0.968756	0.0312437	1.93751	0.0624874	0.9648955
6492	0	-16.08723	-15.70658	-0.3806527	0.0570547	0.96544	0.0345597	1.93088	0.0691195	0.9754929
6493	1	-17.49666	-17.14236	-0.354298	0.339869	0.951448	0.048552	1.9029	0.097104	0.9501199
6494	0	-17.26686	-16.92283	-0.3440339	0.380933	0.95895	0.0410504	1.9179	0.0821008	0.9404176
6495	1	-16.31202	-15.97912	-0.332899	0.376245	0.976181	0.0238191	1.95236	0.0476383	0.9300043
6496	0	-16.10337	-15.79918	-0.3041962	0.208994	0.973294	0.0267064	1.94659	0.0534127	0.90369
6497	1	-15.80851	-15.45654	-0.3519709	0.326258	0.974155	0.0258445	1.94831	0.051689	0.9479114
6498	0	-16.39097	-16.09511	-0.2958674	0.11424	0.972545	0.0274547	1.94509	0.0549094	0.8961946
6499	1	-16.76993	-16.37335	-0.3965863	0.301221	0.953353	0.0466474	1.90671	0.0932947	0.9911605
6500	0	-15.81432	-15.47049	-0.3438229	0.212075	0.969868	0.0301318	1.93974	0.0602636	0.9402193
6501	1	-17.99719	-17.61563	-0.3815577	0.30022	0.93992	0.0600804	1.87984	0.120161	0.9763761
6502	0	-15.58547	-15.18136	-0.4041138	0.116469	0.983747	0.0162527	1.96749	0.0325055	0.9986496
6503	1	-23.00119	-22.61511	-0.3860855	0.623842	0.942818	0.0571817	1.88564	0.114363	0.9808069
6504	0	-16.08037	-15.7311	-0.3492714	0.0854727	0.981012	0.0189877	1.96202	0.0379754	0.945356
6505	1	-16.24559	-15.85951	-0.3860855	0.384504	0.96671	0.0332902	1.93342	0.0665804	0.9808069
6506	0	-16.15273	-15.82636	-0.3263765	0.312864	0.971259	0.0287413	1.94252	0.0574825	0.9239581
6507	1	-19.29113	-19.00198	-0.2891476	0.13191	0.929004	0.070996	1.85801	0.141992	0.8901925
6508	0	-16.7495	-16.4403	-0.3092014	0.254661	0.98423	0.0157696	1.96846	0.0315393	0.9082245
6509	1	-15.97566	-15.63836	-0.3373003	0.19158	0.968195	0.0318053	1.93639	0.0636107	0.9341065
6510	0	-16.59742	-16.3338	-0.2636183	0.203738	0.976721	0.0232787	1.95344	0.0465574	0.8677542
6511	1	-15.63864	-15.29217	-0.3464614	0.183855	0.978992	0.0210085	1.95798	0.0420169	0.9427033
6512	0	-18.10846	-17.81382	-0.2946371	0.215663	0.944852	0.0551477	1.8897	0.110295	0.8950926
6513	1	-18.20322	-17.82773	-0.3754875	-0.187752	0.974399	0.0256007	1.9488	0.0512015	0.9704673
6514	0	-15.68167	-15.3443	-0.3373705	0.209541	0.975596	0.0244042	1.95119	0.0488084	0.9341721
6515	1	-16.80239	-16.54216	-0.2602316	0.225496	0.968696	0.0313044	1.93739	0.0626088	0.8648203
6516	0	-16.80309	-16.45567	-0.3474196	0.151067	0.95547	0.0445297	1.91094	0.0890594	0.943607
6517	1	-18.2372	-17.93259	-0.3046092	-0.0510603	0.95317	0.0468304	1.90634	0.0936607	0.9040633
6518	0	-17.33496	-17.08814	-0.2468219	0.0470124	0.97156	0.0284404	1.94312	0.0568807	0.8533008
6519	1	-15.35336	-14.96638	-0.3869803	0.123806	0.979526	0.0204735	1.95905	0.0409471	0.981685
6520	0	-17.03763	-16.6794	-0.3582367	0.19381	0.951049	0.0489507	1.9021	0.0979014	0.9538695
6521	1	-16.19168	-15.84363	-0.3480413	0.0309165	0.974547	0.0254532	1.94909	0.0509064	0.9441938
6522	0	-19.6436	-19.27	-0.3735997	0.120543	0.913643	0.0863568	1.82729	0.172714	0.9686369
6523	1	-16.19969	-15.88847	-0.3112184	0.274254	0.970906	0.0290939	1.94181	0.0581877	0.9100583
6524	0	-18.63063	-18.32686	-0.3037718	0.136781	0.936336	0.063664	1.87267	0.127328	0.9033065
6525	1	-18.7418	-18.55147	-0.1903278	0.250672	0.984103	0.0158968	1.96821	0.0317935	0.8064307
6526	0	-17.42537	-17.12329	-0.3020843	0.423811	0.981014	0.0189857	1.96203	0.0379714	0.9017835
6527	1	-16.362	-15.99775	-0.3642521	0.188441	0.959055	0.0409445	1.91811	0.081889	0.9596247
6528	0	-16.10678	-15.74781	-0.3589704	0.375144	0.972305	0.0276947	1.94461	0.0553895	0.9545696
6529	1	-15.49175	-15.11088	-0.3808656	0.150526	0.970331	0.0296693	1.94066	0.0593386	0.9757006
6530	0	-15.3466	-14.97281	-0.3737968	0.265777	0.974919	0.0250806	1.94984	0.0501613	0.9688279
6531	1	-15.90484	-15.54708	-0.3577622	0.351179	0.980253	0.0197472	1.96051	0.0394944	0.953417
6532	0	-17.28982	-16.96835	-0.3214686	0.224965	0.986644	0.013356	1.97329	0.0267119	0.9194344
6533	1	-16.31957	-15.96472	-0.3548545	0.280541	0.985076	0.0149235	1.97015	0.029847	0.9506488
6534	0	-15.86526	-15.49513	-0.3701323	0.0491703	0.978122	0.0218779	1.95624	0.0437557	0.9652841
6535	1	-15.65252	-15.29647	-0.3560467	0.309917	0.978601	0.0213987	1.9572	0.0427975	0.9517828
6536	0	-16.16819	-15.84068	-0.3275133	0.300275	0.969704	0.0302957	1.93941	0.0605914	0.925009
6537	1	-16.09374	-15.69853	-0.3952069	0.168561	0.959371	0.0406293	1.91874	0.0812586	0.9897942
6538	0	-17.46687	-17.16139	-0.3054838	0.136593	0.985894	0.0141055	1.97179	0.0282111	0.9048543
6539	1	-15.85638	-15.46608	-0.3902986	0.183683	0.962875	0.037125	1.92575	0.07425	0.9849479
6540	0	-18.86489	-18.53907	-0.325814	-0.133807	0.951698	0.0483022	1.9034	0.0966044	0.9234384
6541	1	-15.41527	-15.01141	-0.4038561	0.360267	0.974631	0.0253693	1.94926	0.0507386	0.9983923
6542	0	-15.27301	-14.88585	-0.3871649	0.194	0.981282	0.0187183	1.96256	0.0374366	0.9818662
6543	1	-15.67803	-15.33584	-0.3421947	0.169749	0.974841	0.0251593	1.94968	0.0503185	0.9386896
6544	0	-19.17495	-18.82995	-0.344998	-0.182502	0.952572	0.0474283	1.90514	0.0948566	0.9413248
6545	1	-17.16137	-16.8076	-0.3537714	0.406648	0.98516	0.0148402	1.97032	0.0296805	0.9496197
6546	0	-16.00198	-15.68698	-0.3149949	0.264919	0.974874	0.0251262	1.94975	0.0502524	0.9135016
6547	1	-16.34087	-15.97612	-0.3647461	0.254251	0.960101	0.0398994	1.9202	0.0797988	0.9600989
6548	0	-17.30555	-16.9547	-0.3508523	0.116531	0.949138	0.0508616	1.89828	0.101723	0.9468517
6549	1	-16.73023	-16.4136	-0.316627	0.0330566	0.979736	0.020264	1.95947	0.040528	0.9149937
6550	0	-15.741	-15.38711	-0.3538952	0.146248	0.970688	0.0293118	1.94138	0.0586236	0.9497372
6551	1	-18.33819	-17.97986	-0.3583305	0.307296	0.938523	0.0614775	1.87705	0.122955	0.9539589
6552	0	-18.26883	-17.95589	-0.3129425	0.237226	0.988269	0.0117313	1.97654	0.0234626	0.9116286
6553	1	-16.8366	-16.57885	-0.2577438	0.123942	0.971639	0.0283609	1.94328	0.0567218	0.8626715
6554	0	-17.38013	-17.11708	-0.2630454	0.0666814	0.962689	0.0373107	1.92538	0.0746214	0.8672572
6555	1	-15.86989	-15.51957	-0.3503193	0.230483	0.967976	0.0320244	1.93595	0.0640488	0.9463472
6556	0	-19.5398	-19.20591	-0.3338955	0.385577	0.93351	0.0664903	1.86702	0.132981	0.9309314
6557	1	-16.02724	-15.67299	-0.3542476	0.288314	0.966841	0.0331587	1.93368	0.0663173	0.950072
6558	0	-18.26553	-17.89352	-0.3720102	-0.021632	0.940725	0.0592751	1.88145	0.11855	0.9670985
6559	1	-15.26106	-14.87275	-0.3883068	0.134031	0.977953	0.0220474	1.95591	0.0440948	0.982988
6560	0	-15.83523	-15.50974	-0.3254844	0.192799	0.977451	0.0225493	1.9549	0.0450986	0.9231342
6561	1	-17.52015	-17.29445	-0.2257049	0.271833	0.965187	0.0348134	1.93037	0.0696267	0.8354705
6562	0	-16.77347	-16.39052	-0.3829565	0.44776	0.968518	0.0314821	1.93704	0.0629643	0.9777428
6563	1	-20.19701	-19.90676	-0.2902481	0.140155	0.915574	0.0844261	1.83115	0.168852	0.8911728
6564	0	-18.35111	-18.00256	-0.3485555	0.104596	0.935527	0.0644734	1.87105	0.128947	0.9446795
6565	1	-19.0686	-18.84979	-0.2188034	-0.0433641	0.95437	0.0456298	1.90874	0.0912597	0.8297244
6566	0	-17.28155	-17.05501	-0.2265436	0.120401	0.976472	0.0235284	1.95294	0.0470568	0.8361716
6567	1	-18.11484	-17.87937	-0.2354665	0.358776	0.961964	0.0380364	1.92393	0.0760727	0.843666
6568	0	-17.51486	-17.26594	-0.2489197	0.379419	0.976761	0.0232388	1.95352	0.0464777	0.8550927
6569	1	-19.9539	-19.74659	-0.2073183	-0.102112	0.979907	0.0200933	1.95981	0.0401866	0.8202494
6570	0	-17.6844	-17.41256	-0.2718496	0.182758	0.985326	0.0146741	1.97065	0.0293482	0.8749264
6571	1	-15.69134	-15.32208	-0.3692624	0.183422	0.967915	0.0320854	1.93583	0.0641708	0.9644447
6572	0	-17.0188	-16.73797	-0.2808335	0.0998053	0.981632	0.0183683	1.96326	0.0367366	0.882822
6573	1	-16.50646	-16.18485	-0.321607	0.031793	0.972631	0.0273686	1.94526	0.0547373	0.9195617
6574	0	-18.74973	-18.49424	-0.2554975	0.479214	0.973595	0.0264053	1.94719	0.0528106	0.8607358
6575	1	-18.10028	-17.70035	-0.3999267	0.157175	0.932998	0.067002	1.866	0.134004	0.9944769
6576	0	-15.38734	-15.00374	-0.3835952	0.311795	0.980269	0.0197312	1.96054	0.0394624	0.9783675
6577	1	-17.93932	-17.59025	-0.3490728	0.155641	0.940313	0.0596871	1.88063	0.119374	0.9451683
6578	0	-16.51751	-16.16718	-0.350327	0.0712074	0.961994	0.038006	1.92399	0.076012	0.9463545
6579	1	-16.40412	-16.11	-0.2941185	0.310274	0.976595	0.0234046	1.95319	0.0468093	0.8946286
6580	0	-15.7787	-15.38988	-0.3888244	0.381407	0.973249	0.0267505	1.9465	0.0535011	0.983497
6581	1	-16.36863	-15.9883	-0.380337	-0.0153205	0.968096	0.0319043	1.93619	0.0638086	0.975185
6582	0	-16.183	-15.82273	-0.3602767	0.383442	0.971776	0.0282235	1.94355	0.056447	0.9558174
6583	1	-18.5968	-18.24333	-0.3534675	0.0922401	0.931862	0.0681378	1.86372	0.136276	0.9493312
6584	0	-15.79446	-15.39738	-0.3970808	0.360891	0.969145	0.0308548	1.93829	0.0617096	0.9916508
6585	1	-16.48549	-16.18377	-0.3017179	0.327834	0.971939	0.0280614	1.94388	0.0561227	0.9014532
6586	0	-21.05061	-20.64819	-0.4024195	-0.270598	0.93085	0.0691497	1.8617	0.138299	0.996959
6587	1	-21.81657	-21.6847	-0.1318733	0.0694006	0.986849	0.0131508	1.9737	0.0263016	0.7606425
6588	0	-15.33325	-14.93083	-0.4024195	0.0876959	0.979334	0.0206658	1.95867	0.0413316	0.996959
6589	1	-16.64699	-16.37483	-0.2721542	0.171285	0.979437	0.0205629	1.95887	0.0411259	0.8751929
6590	0	-16.4366	-16.11155	-0.325057	0.260564	0.964002	0.0359979	1.928	0.0719959	0.9227397
6591	1	-17.16101	-16.88297	-0.278043	0.164201	0.959466	0.0405336	1.91893	0.0810671	0.880362
6592	0	-18.28264	-17.90961	-0.3730293	-0.13983	0.954567	0.0454331	1.90913	0.0908662	0.9680846
6593	1	-16.02648	-15.6998	-0.3266799	0.135427	0.971147	0.0288534	1.94229	0.0577069	0.9242384
6594	0	-16.48635	-16.17329	-0.3130667	0.0601917	0.970677	0.0293233	1.94135	0.0586467	0.9117419
6595	1	-15.78721	-15.45062	-0.3365885	0.286373	0.97739	0.0226096	1.95478	0.0452191	0.9334418
6596	0	-19.73562	-19.41182	-0.3237978	0.316119	0.925125	0.0748747	1.85025	0.149749	0.9215785
6597	1	-17.20197	-16.84353	-0.3584425	0.170652	0.948902	0.0510985	1.8978	0.102197	0.9540658
6598	0	-17.72556	-17.46973	-0.2558305	0.408648	0.977231	0.022769	1.95446	0.0455381	0.8610225
6599	1	-15.19098	-14.80403	-0.386945	0.273289	0.976358	0.0236423	1.95272	0.0472846	0.9816504
6600	0	-17.00463	-16.62765	-0.3769756	0.272281	0.951224	0.0487763	1.90245	0.0975525	0.9719125
6601	1	-17.73931	-17.51782	-0.2214995	0.359325	0.975796	0.0242041	1.95159	0.0484082	0.8319644
6602	0	-15.7747	-15.38969	-0.3850161	0.235374	0.964778	0.035222	1.92956	0.070444	0.9797587
6603	1	-15.77558	-15.42066	-0.3549254	0.276897	0.982033	0.0179667	1.96407	0.0359335	0.9507162
6604	0	-16.81837	-16.51725	-0.3011169	0.157155	0.961119	0.0388811	1.92224	0.0777622	0.9009116
6605	1	-15.63598	-15.23969	-0.3962876	0.118388	0.966877	0.0331226	1.93375	0.0662452	0.9908645
6606	0	-17.20442	-16.93197	-0.2724556	0.331017	0.982153	0.0178469	1.96431	0.0356939	0.8754567
6607	1	-15.8475	-15.4645	-0.3830025	0.0306675	0.973124	0.0268761	1.94625	0.0537522	0.9777878
6608	0	-16.67817	-16.40254	-0.2756322	0.31271	0.973742	0.0262582	1.94748	0.0525163	0.8782421
6609	1	-15.23951	-14.84324	-0.396266	0.127886	0.974245	0.0257547	1.94849	0.0515095	0.9908431
6610	0	-16.30024	-15.98172	-0.318514	0.32164	0.980719	0.0192815	1.96144	0.0385629	0.9167219
6611	1	-16.19579	-15.87317	-0.3226191	0.280324	0.968921	0.0310793	1.93784	0.0621586	0.9204928
6612	0	-15.8191	-15.44461	-0.3744938	0.378694	0.978447	0.0215534	1.95689	0.0431068	0.9695034
6613	1	-15.79402	-15.44289	-0.3511272	0.256921	0.969733	0.0302666	1.93947	0.0605333	0.947112
6614	0	-15.71219	-15.32704	-0.3851507	0.378639	0.979477	0.0205231	1.95895	0.0410462	0.9798905
6615	1	-15.22922	-14.84221	-0.3870115	0.156964	0.975169	0.0248311	1.95034	0.0496621	0.9817156
6616	0	-15.17278	-14.77929	-0.3934936	0.271633	0.974444	0.0255556	1.94889	0.0511112	0.9880999
6617	1	-15.14723	-14.75145	-0.3957787	0.179288	0.980514	0.0194861	1.96103	0.0389723	0.9903603
6618	0	-15.14954	-14.75948	-0.3900569	0.20932	0.980023	0.0199768	1.96005	0.0399536	0.9847099
6619	1	-16.34479	-15.9623	-0.3824897	0.400298	0.967645	0.032355	1.93529	0.0647101	0.9772866
6620	0	-16.76299	-16.39675	-0.3662381	0.357819	0.960235	0.0397649	1.92047	0.0795298	0.9615324
6621	1	-16.14566	-15.76236	-0.3833021	0.0220844	0.967167	0.0328335	1.93433	0.0656669	0.9780808
6622	0	-15.88073	-15.544	-0.3367316	0.151	0.971234	0.0287655	1.94247	0.057531	0.9335755
6623	1	-17.53341	-17.12817	-0.4052356	-0.0353487	0.948655	0.0513454	1.89731	0.102691	0.9997705
6624	0	-15.19929	-14.81151	-0.3877731	0.156382	0.977239	0.0227611	1.95448	0.0455221	0.9824636
6625	1	-16.42794	-16.12012	-0.3078259	0.345417	0.977664	0.0223356	1.95533	0.0446711	0.9069761
6626	0	-15.87509	-15.47364	-0.4014455	0.403143	0.972168	0.0278322	1.94434	0.0556644	0.9959885
6627	1	-17.05791	-16.80317	-0.2547387	0.219691	0.965061	0.0349394	1.93012	0.0698789	0.860083
6628	0	-15.7618	-15.39964	-0.3621578	0.133917	0.969251	0.0307493	1.9385	0.0614985	0.957617
6629	1	-19.8098	-19.62636	-0.1834434	-0.104058	0.974327	0.025673	1.94865	0.0513461	0.800898
6630	0	-15.59887	-15.19356	-0.4053102	0.0459794	0.971557	0.0284427	1.94311	0.0568855	0.9998451
6631	1	-17.91846	-17.74776	-0.1707008	0.226293	0.970835	0.0291649	1.94167	0.0583298	0.7907572
6632	0	-17.83715	-17.50515	-0.3320024	-0.120286	0.975172	0.0248282	1.95034	0.0496564	0.9291708
6633	1	-21.0481	-20.94803	-0.100069	0.129376	0.934981	0.0650189	1.86996	0.130038	0.7368315
6634	0	-17.6673	-17.45171	-0.2155956	0.26222	0.964332	0.0356684	1.92866	0.0713369	0.827067
6635	1	-21.3377	-21.19917	-0.1385334	0.102472	0.923694	0.0763061	1.84739	0.152612	0.7657254
6636	0	-16.39081	-16.06124	-0.3295723	0.185889	0.962953	0.0370475	1.92591	0.0740949	0.9269155
6637	1	-20.48097	-20.39446	-0.08651498	0.18923	0.982999	0.0170008	1.966	0.0340016	0.7269118
6638	0	-16.97603	-16.58438	-0.3916538	0.010106	0.954365	0.0456347	1.90873	0.0912693	0.9862836
6639	1	-18.49435	-18.32492	-0.1694225	0.0355697	0.971415	0.0285848	1.94283	0.0571696	0.789747
6640	0	-18.03367	-17.76952	-0.2641537	0.241723	0.950504	0.0494963	1.90101	0.0989926	0.8682189
6641	1	-16.21005	-15.86854	-0.3415164	0.0523145	0.971032	0.0289677	1.94206	0.0579354	0.9380531
6642	0	-17.53007	-17.31953	-0.2105374	0.257092	0.979043	0.0209572	1.95809	0.0419144	0.8228942
6643	1	-16.38837	-16.1004	-0.2879779	0.27873	0.973714	0.0262859	1.94743	0.0525717	0.8891519
6644	0	-16.07356	-15.71688	-0.3566848	0.0542979	0.970257	0.0297425	1.94051	0.0594851	0.9523903
6645	1	-15.14168	-14.75476	-0.3869197	0.244882	0.976891	0.0231087	1.95378	0.0462173	0.9816255
6646	0	-15.85146	-15.49806	-0.3533977	0.0926293	0.97231	0.0276897	1.94462	0.0553795	0.9492649
6647	1	-17.15932	-16.76	-0.3993207	0.138406	0.945709	0.0542908	1.89142	0.108582	0.9938744
6648	0	-16.43504	-16.14731	-0.2877355	0.268621	0.971409	0.0285908	1.94282	0.0571815	0.8889364
6649	1	-15.52157	-15.11757	-0.4040037	0.143824	0.966708	0.0332922	1.93342	0.0665845	0.9985397
6650	0	-16.9743	-16.69636	-0.2779383	0.300255	0.965605	0.0343946	1.93121	0.0687892	0.8802698
6651	1	-14.98528	-14.58128	-0.4040037	0.237187	0.979855	0.0201445	1.95971	0.0402891	0.9985397
6652	0	-16.14602	-15.83636	-0.3096527	0.294612	0.97718	0.0228196	1.95436	0.0456393	0.9086344
6653	1	-19.73498	-19.37381	-0.3611678	0.238267	0.91561	0.0843903	1.83122	0.168781	0.9566695
6654	0	-17.57953	-17.25393	-0.3256002	-0.0164268	0.983416	0.0165841	1.96683	0.0331682	0.923241
6655	1	-15.97642	-15.63808	-0.3383403	0.330619	0.974517	0.025483	1.94903	0.0509661	0.9350785
6656	0	-16.02988	-15.66998	-0.3598966	0.307648	0.967033	0.0329667	1.93407	0.0659333	0.9554541
6657	1	-16.55959	-16.25119	-0.3083934	0.119372	0.965187	0.0348128	1.93037	0.0696256	0.9074909
6658	0	-15.70673	-15.31967	-0.3870585	0.133762	0.966398	0.033602	1.9328	0.067204	0.9817617
6659	1	-15.27393	-14.8786	-0.3953253	0.140651	0.972563	0.0274365	1.94513	0.0548731	0.9899114
6660	0	-16.90528	-16.54273	-0.3625559	0.383841	0.961313	0.0386867	1.92263	0.0773735	0.9579984
6661	1	-18.37784	-17.99407	-0.3837676	-0.150646	0.953187	0.0468135	1.90637	0.093627	0.9785362
6662	0	-16.0352	-15.64373	-0.3914706	0.0930332	0.962679	0.0373213	1.92536	0.0746427	0.986103
6663	1	-15.61745	-15.26622	-0.3512327	0.241536	0.972841	0.027159	1.94568	0.054318	0.947212
6664	0	-17.72472	-17.35445	-0.3702689	0.188472	0.94097	0.0590296	1.88194	0.118059	0.965416
6665	1	-15.9561	-15.61899	-0.33711	0.145742	0.980815	0.0191852	1.96163	0.0383705	0.9339288
6666	0	-17.37708	-17.0005	-0.3765781	0.473252	0.965953	0.0340473	1.93191	0.0680946	0.9715263
6667	1	-16.26797	-15.90307	-0.3649047	0.366493	0.967548	0.0324521	1.9351	0.0649043	0.9602512
6668	0	-15.57095	-15.20936	-0.3615905	0.139179	0.973535	0.0264653	1.94707	0.0529306	0.957074
6669	1	-17.55101	-17.21764	-0.3333744	-0.0197113	0.955963	0.0440372	1.91193	0.0880745	0.9304465
6670	0	-15.41138	-15.01569	-0.3956904	0.347475	0.975053	0.0249474	1.95011	0.0498948	0.9902729
6671	1	-19.02998	-18.76056	-0.2694223	-0.0551242	0.946983	0.053017	1.89397	0.106034	0.8728053
6672	0	-19.85249	-19.57922	-0.2732695	0.124915	0.962709	0.0372914	1.92542	0.0745829	0.8761696
6673	1	-15.34328	-14.96894	-0.3743428	0.241653	0.980296	0.0197041	1.96059	0.0394082	0.969357
6674	0	-19.92491	-19.71205	-0.2128596	-0.0234054	0.939331	0.0606687	1.87866	0.121337	0.8248073
6675	1	-16.34839	-15.95962	-0.3887677	0.432033	0.971259	0.0287406	1.94252	0.0574813	0.9834412
6676	0	-15.84607	-15.48432	-0.3617547	0.0645485	0.977187	0.0228128	1.95437	0.0456256	0.9572311
6677	1	-19.05671	-18.69545	-0.3612634	-0.133073	0.942856	0.0571435	1.88571	0.114287	0.956761
6678	0	-15.63369	-15.28087	-0.3528211	0.22856	0.980837	0.0191633	1.96167	0.0383267	0.9487177
6679	1	-19.06601	-18.83316	-0.2328427	0.0778858	0.941561	0.0584392	1.88312	0.116878	0.8414553
6680	0	-16.75508	-16.42473	-0.3303498	0.0758791	0.960923	0.0390772	1.92185	0.0781545	0.9276365
6681	1	-16.18872	-15.8661	-0.3226113	0.330001	0.973511	0.0264894	1.94702	0.0529788	0.9204857
6682	0	-15.74527	-15.35793	-0.387331	0.284445	0.966246	0.0337537	1.93249	0.0675073	0.9820293
6683	1	-16.83675	-16.43638	-0.4003638	0.0953205	0.950865	0.0491349	1.90173	0.0982698	0.9949116
6684	0	-19.98834	-19.64429	-0.3440524	0.0715899	0.912907	0.0870931	1.82581	0.174186	0.9404351
6685	1	-18.17721	-17.81797	-0.3592416	0.484285	0.985136	0.0148644	1.97027	0.0297287	0.9548285
6686	0	-15.77586	-15.39254	-0.3833133	0.111735	0.966739	0.0332612	1.93348	0.0665225	0.9780917
6687	1	-16.10744	-15.77484	-0.3325959	0.106538	0.980095	0.0199055	1.96019	0.039811	0.9297224
6688	0	-15.49623	-15.11109	-0.3851433	0.247451	0.968992	0.0310076	1.93798	0.0620151	0.9798832
6689	1	-16.35355	-15.98876	-0.3647967	0.377953	0.967546	0.0324537	1.93509	0.0649075	0.9601475
6690	0	-16.31253	-15.94939	-0.3631334	0.247502	0.960472	0.0395283	1.92094	0.0790565	0.9585517
6691	1	-15.95107	-15.54808	-0.4029865	0.125814	0.985586	0.014414	1.97117	0.028828	0.9975245
6692	0	-15.88028	-15.4803	-0.3999766	0.4207	0.978616	0.021384	1.95723	0.0427679	0.9945265
6693	1	-18.46579	-18.13804	-0.327747	0.117196	0.936029	0.0639707	1.87206	0.127941	0.9252252
6694	0	-17.9908	-17.59366	-0.3971424	0.522984	0.965637	0.0343626	1.93127	0.0687252	0.9917119
6695	1	-15.48494	-15.09699	-0.3879453	0.0813947	0.97488	0.0251198	1.94976	0.0502397	0.9826327
6696	0	-17.4289	-17.0594	-0.3695036	0.0321995	0.949035	0.0509647	1.89807	0.101929	0.9646775
6697	1	-15.42731	-15.03936	-0.3879453	0.116605	0.980578	0.0194217	1.96116	0.0388434	0.9826327
6698	0	-16.02779	-15.66158	-0.3662097	0.389083	0.97927	0.0207304	1.95854	0.0414609	0.9615051
6699	1	-15.87275	-15.47814	-0.3946127	0.0847282	0.965121	0.0348785	1.93024	0.0697571	0.9892063
6700	0	-16.52213	-16.1487	-0.373432	0.150206	0.956312	0.0436882	1.91262	0.0873763	0.9684745
6701	1	-15.52178	-15.12856	-0.3932209	0.36687	0.976332	0.0236683	1.95266	0.0473365	0.9878304
6702	0	-15.37018	-14.99471	-0.37547	0.157514	0.979373	0.0206269	1.95875	0.0412539	0.9704503
6703	1	-16.3116	-16.01626	-0.2953453	0.145283	0.972262	0.0277385	1.94452	0.055477	0.8957268
6704	0	-16.14502	-15.81094	-0.3340757	0.187045	0.965972	0.0340279	1.93194	0.0680557	0.9310993
6705	1	-16.28125	-15.93746	-0.343793	0.0344254	0.978317	0.0216832	1.95663	0.0433664	0.9401911
6706	0	-15.2368	-14.8416	-0.3952048	0.277179	0.972844	0.0271555	1.94569	0.0543111	0.9897922
6707	1	-15.107	-14.71543	-0.3915746	0.238417	0.979366	0.0206343	1.95873	0.0412686	0.9862055
6708	0	-16.1436	-15.80037	-0.3432321	0.356792	0.972582	0.0274185	1.94516	0.0548369	0.9396639
6709	1	-19.12539	-18.74731	-0.3780822	0.3575	0.930436	0.069564	1.86087	0.139128	0.9729886
6710	0	-16.09157	-15.77719	-0.3143866	0.282545	0.973362	0.0266382	1.94672	0.0532764	0.9129461
6711	1	-15.52193	-15.14154	-0.380394	0.13073	0.970745	0.029255	1.94149	0.0585101	0.9752406
6712	0	-16.74047	-16.41948	-0.3209909	0.0173951	0.968256	0.0317444	1.93651	0.0634889	0.9189954
6713	1	-15.34301	-14.94904	-0.3939763	0.178376	0.970077	0.0299231	1.94015	0.0598462	0.9885769
6714	0	-15.31234	-14.9317	-0.3806465	0.162278	0.974017	0.0259834	1.94803	0.0519668	0.9754868
6715	1	-15.79757	-15.40137	-0.3961937	0.128908	0.964091	0.0359087	1.92818	0.0718175	0.9907714
6716	0	-15.73651	-15.34828	-0.388233	0.242435	0.965038	0.0349622	1.93008	0.0699244	0.9829155
6717	1	-15.60688	-15.20587	-0.4010158	0.219894	0.965038	0.0349618	1.93008	0.0699236	0.9955606
6718	0	-18.57212	-18.19482	-0.3773024	0.318017	0.934263	0.0657374	1.86853	0.131475	0.9722302
6719	1	-16.96593	-16.58064	-0.3852904	0.481589	0.972485	0.0275151	1.94497	0.0550302	0.9800275
6720	0	-16.52921	-16.16243	-0.3667857	0.374301	0.964533	0.0354666	1.92907	0.0709331	0.9620591
6721	1	-16.47246	-16.07883	-0.39363	0.0581015	0.958081	0.0419188	1.91616	0.0838376	0.9882347
6722	0	-17.14167	-16.76462	-0.3770504	0.189067	0.94779	0.0522103	1.89558	0.104421	0.9719852
6723	1	-16.10144	-15.73368	-0.36776	0.0649417	0.982214	0.0177858	1.96443	0.0355715	0.9629969
6724	0	-18.14137	-17.75719	-0.3841779	-0.11439	0.984372	0.0156282	1.96874	0.0312565	0.9789378
6725	1	-15.42598	-15.04773	-0.3782479	0.198878	0.970898	0.0291017	1.9418	0.0582034	0.9731498
6726	0	-18.10391	-17.75798	-0.3459346	0.0857892	0.9398	0.0602002	1.8796	0.1204	0.9422068
6727	1	-16.05871	-15.72154	-0.3371703	0.162492	0.967263	0.0327369	1.93453	0.0654737	0.9339851
6728	0	-15.484	-15.12556	-0.3584439	0.262147	0.975852	0.0241483	1.9517	0.0482966	0.9540672
6729	1	-20.46958	-20.09794	-0.3716415	0.617894	0.975113	0.0248874	1.95023	0.0497748	0.9667421
6730	0	-19.02803	-18.62529	-0.4027381	0.439164	0.938605	0.0613948	1.87721	0.12279	0.9972767
6731	1	-16.5565	-16.15863	-0.3978734	0.356844	0.959116	0.0408837	1.91823	0.0817675	0.9924371
6732	0	-15.78395	-15.41961	-0.3643387	0.29872	0.969587	0.0304133	1.93917	0.0608267	0.9597078
6733	1	-17.83066	-17.43279	-0.3978734	0.207292	0.989809	0.0101906	1.97962	0.0203812	0.9924371
6734	0	-15.93959	-15.56341	-0.3761748	0.388065	0.973978	0.0260221	1.94796	0.0520442	0.9711345
6735	1	-16.48443	-16.08189	-0.4025372	0.0477269	0.957544	0.0424565	1.91509	0.0849129	0.9970763
6736	0	-16.28458	-15.91179	-0.3727982	-0.0143605	0.977569	0.0224308	1.95514	0.0448617	0.9678609
6737	1	-15.88261	-15.49779	-0.3848125	0.167063	0.984918	0.015082	1.96984	0.0301641	0.9795592
6738	0	-17.20118	-16.8589	-0.3422823	0.12322	0.951322	0.0486784	1.90264	0.0973567	0.9387718
6739	1	-17.20636	-16.88191	-0.3244546	-0.0418631	0.96671	0.0332895	1.93342	0.0665791	0.922184
6740	0	-15.23268	-14.84327	-0.3894116	0.288965	0.97514	0.02486	1.95028	0.04972	0.9840746
6741	1	-17.9	-17.70501	-0.1949921	0.0734288	0.974141	0.0258589	1.94828	0.0517178	0.8102009
6742	0	-19.62787	-19.22898	-0.3988897	-0.21402	0.984328	0.0156724	1.96866	0.0313448	0.9934462
6743	1	-17.76016	-17.53888	-0.2212798	0.0717292	0.978882	0.0211182	1.95776	0.0422364	0.8317817
6744	0	-18.14404	-17.8032	-0.3408452	-0.0962862	0.954974	0.0450264	1.90995	0.0900528	0.9374237
6745	1	-17.99174	-17.81368	-0.1780581	0.284976	0.976662	0.023338	1.95332	0.0466759	0.7965965
6746	0	-15.76297	-15.3688	-0.3941646	0.0206616	0.975106	0.0248944	1.95021	0.0497888	0.9887631
6747	1	-16.25052	-15.90412	-0.3464051	0.304854	0.965645	0.034355	1.93129	0.06871	0.9426502
6748	0	-16.65324	-16.26505	-0.3881917	0.240122	0.98105	0.0189499	1.9621	0.0378998	0.9828749
6749	1	-16.08047	-15.69613	-0.3843354	0.352836	0.966212	0.0337875	1.93242	0.0675751	0.979092
6750	0	-16.4847	-16.12294	-0.3617594	-0.00839406	0.979775	0.0202249	1.95955	0.0404498	0.9572357
6751	1	-15.84614	-15.51076	-0.3353835	0.294913	0.97495	0.0250495	1.9499	0.050099	0.9323177
6752	0	-15.06219	-14.65962	-0.4025718	0.241598	0.973902	0.0260981	1.9478	0.0521962	0.9971109
6753	1	-16.33097	-15.97191	-0.359059	0.29273	0.9623	0.0377	1.9246	0.0753999	0.9546542
6754	0	-16.93976	-16.60448	-0.3352871	0.000313799	0.963493	0.0365074	1.92699	0.0730148	0.9322279
6755	1	-15.38673	-14.98728	-0.3994491	0.159465	0.968968	0.0310319	1.93794	0.0620638	0.994002
6756	0	-16.58644	-16.31401	-0.2724294	0.134079	0.974018	0.0259823	1.94804	0.0519646	0.8754339
6757	1	-15.2834	-14.90968	-0.3737211	0.218597	0.978604	0.0213964	1.95721	0.0427928	0.9687545
6758	0	-15.76723	-15.36361	-0.4036157	0.257955	0.98578	0.0142199	1.97156	0.0284397	0.9981523
6759	1	-15.52299	-15.14189	-0.3810981	0.123918	0.970985	0.0290151	1.94197	0.0580302	0.9759274
6760	0	-17.74839	-17.39544	-0.3529542	0.499669	0.971294	0.0287065	1.94259	0.0574129	0.948844
6761	1	-16.59476	-16.26332	-0.3314348	0.321839	0.964094	0.0359057	1.92819	0.0718113	0.9286436
6762	0	-18.26223	-17.96176	-0.3004745	0.390897	0.986179	0.0138207	1.97236	0.0276413	0.900333
6763	1	-16.56604	-16.28475	-0.2812919	0.246245	0.969067	0.0309328	1.93813	0.0618656	0.8832269
6764	0	-17.58697	-17.30586	-0.2811125	-0.0364928	0.975839	0.0241612	1.95168	0.0483225	0.8830684
6765	1	-16.37825	-15.99772	-0.380531	0.109627	0.985711	0.014289	1.97142	0.028578	0.9753741
6766	0	-16.62377	-16.32043	-0.3033383	0.129826	0.964534	0.0354664	1.92907	0.0709328	0.902915
6767	1	-16.71328	-16.30788	-0.4053987	0.331339	0.954806	0.0451938	1.90961	0.0903876	0.9999336
6768	0	-18.8563	-18.49277	-0.3635275	0.533367	0.984085	0.0159149	1.96817	0.0318298	0.9589296
6769	1	-15.94332	-15.53792	-0.4053987	-0.0129505	0.972386	0.0276139	1.94477	0.0552279	0.9999336
6770	0	-16.40026	-16.05851	-0.3417454	0.0266405	0.979023	0.0209771	1.95805	0.0419542	0.9382679
6771	1	-15.17779	-14.78555	-0.3922465	0.219849	0.973232	0.0267677	1.94646	0.0535354	0.9868684
6772	0	-16.5132	-16.15334	-0.3598659	0.018512	0.964842	0.0351577	1.92968	0.0703154	0.9554248
6773	1	-18.43918	-18.08784	-0.3513376	0.503196	0.98425	0.0157498	1.9685	0.0314995	0.9473113
6774	0	-16.33451	-15.94809	-0.386429	0.0510954	0.961296	0.0387036	1.92259	0.0774072	0.9811439
6775	1	-17.90235	-17.49883	-0.4035218	0.44937	0.952789	0.047211	1.90558	0.094422	0.9980585
6776	0	-17.56783	-17.18148	-0.3863475	-0.000633286	0.947431	0.0525686	1.89486	0.105137	0.981064
6777	1	-15.53952	-15.13599	-0.4035218	0.140793	0.984017	0.0159827	1.96803	0.0319654	0.9980585
6778	0	-17.54729	-17.1805	-0.3667984	0.229258	0.987774	0.0122258	1.97555	0.0244516	0.9620713
6779	1	-17.72076	-17.4117	-0.3090584	0.121729	0.948325	0.051675	1.89665	0.10335	0.9080946
6780	0	-17.02105	-16.63348	-0.3875612	0.223815	0.948661	0.0513388	1.89732	0.102678	0.9822554
6781	1	-17.99851	-17.70009	-0.2984196	-0.0946016	0.967021	0.0329786	1.93404	0.0659571	0.8984848
6782	0	-15.74271	-15.33743	-0.4052789	0.331671	0.96656	0.0334395	1.93312	0.066879	0.9998138
6783	1	-16.15272	-15.83454	-0.3181847	0.143875	0.969802	0.0301975	1.9396	0.0603951	0.9164201
6784	0	-15.57752	-15.18958	-0.3879341	0.218237	0.966998	0.0330016	1.934	0.0660033	0.9826217
6785	1	-15.13289	-14.72951	-0.4033791	0.182646	0.972362	0.0276379	1.94472	0.0552757	0.9979162
6786	0	-15.63702	-15.24075	-0.396265	0.253967	0.965688	0.0343125	1.93138	0.068625	0.9908421
6787	1	-15.812	-15.40862	-0.4033791	0.181877	0.985782	0.0142182	1.97156	0.0284363	0.9979162
6788	0	-15.69172	-15.34474	-0.3469825	0.190887	0.980319	0.0196808	1.96064	0.0393616	0.9431946
6789	1	-19.44872	-19.04534	-0.4033791	-0.135454	0.931387	0.0686127	1.86277	0.137225	0.9979162
6790	0	-17.71002	-17.45058	-0.259433	0.0362132	0.960276	0.0397242	1.92055	0.0794485	0.8641299
6791	1	-15.52754	-15.12416	-0.4033791	0.15258	0.966455	0.0335451	1.93291	0.0670903	0.9979162
6792	0	-16.99367	-16.65187	-0.3417916	-0.0168514	0.963452	0.0365483	1.9269	0.0730967	0.9383113
6793	1	-15.5891	-15.20825	-0.3808453	0.103952	0.980902	0.0190983	1.9618	0.0381967	0.9756808
6794	0	-16.32634	-15.96835	-0.3579891	-0.000982553	0.976816	0.0231836	1.95363	0.0463673	0.9536334
6795	1	-17.27668	-16.91801	-0.3586713	-0.095329	0.977516	0.0224839	1.95503	0.0449678	0.9542841
6796	0	-15.93755	-15.61487	-0.3226844	0.229447	0.972197	0.0278026	1.94439	0.0556051	0.920553
6797	1	-17.29086	-16.98706	-0.3038029	-0.0348721	0.97651	0.0234898	1.95302	0.0469796	0.9033346
6798	0	-17.13554	-16.85614	-0.2793941	0.0854194	0.98173	0.0182698	1.96346	0.0365395	0.8815523
6799	1	-15.37557	-14.97399	-0.4015808	0.285009	0.969733	0.0302667	1.93947	0.0605335	0.9961232
6800	0	-16.89932	-16.61465	-0.2846705	0.174323	0.962196	0.0378045	1.92439	0.0756089	0.8862159
6801	1	-18.2805	-18.02095	-0.2595493	0.359123	0.955872	0.0441277	1.91174	0.0882553	0.8642304
6802	0	-17.48251	-17.16314	-0.3193632	0.150895	0.949753	0.050247	1.89951	0.100494	0.9175007
6803	1	-18.70081	-18.33635	-0.3644631	0.54531	0.968352	0.0316478	1.9367	0.0632956	0.9598272
6804	0	-15.68394	-15.34228	-0.341658	0.251018	0.978927	0.0210734	1.95785	0.0421468	0.9381859
6805	1	-17.02176	-16.72347	-0.2982873	0.401038	0.977806	0.022194	1.95561	0.0443879	0.8983659
6806	0	-17.56592	-17.17935	-0.3865627	0.144981	0.941515	0.058485	1.88303	0.11697	0.9812752
6807	1	-15.61552	-15.26315	-0.3523711	0.237136	0.980456	0.0195436	1.96091	0.0390872	0.9482909
6808	0	-15.84507	-15.4613	-0.3837612	0.0635755	0.968653	0.0313465	1.93731	0.0626931	0.9785299
6809	1	-16.85289	-16.48442	-0.3684689	0.0399512	0.98515	0.0148501	1.9703	0.0297003	0.9636798
6810	0	-15.77053	-15.43046	-0.3400731	0.138108	0.975056	0.0249442	1.95011	0.0498884	0.9367002
6811	1	-15.1401	-14.75066	-0.389432	0.192817	0.975547	0.0244533	1.95109	0.0489066	0.9840947
6812	0	-16.23871	-15.93592	-0.3027938	0.148264	0.971634	0.0283663	1.94327	0.0567326	0.9024235
6813	1	-16.47452	-16.13732	-0.3372029	0.153601	0.984409	0.0155906	1.96882	0.0311812	0.9340155
6814	0	-15.40633	-15.02384	-0.3824847	0.152188	0.971684	0.0283165	1.94337	0.056633	0.9772817
6815	1	-16.10696	-15.76598	-0.3409826	0.139829	0.966507	0.0334933	1.93301	0.0669867	0.9375525
6816	0	-18.43864	-18.10889	-0.3297488	-0.0477845	0.945959	0.054041	1.89192	0.108082	0.9270792
6817	1	-17.03839	-16.64044	-0.3979525	-0.0885148	0.963365	0.0366351	1.92673	0.0732701	0.9925156
6818	0	-16.86366	-16.54906	-0.3146	-0.00755229	0.973336	0.0266643	1.94667	0.0533286	0.9131408
6819	1	-15.87709	-15.50807	-0.3690177	0.202031	0.965044	0.0349561	1.93009	0.0699121	0.9642088
6820	0	-16.96674	-16.61496	-0.3517785	0.191332	0.986977	0.013023	1.97395	0.026046	0.947729
6821	1	-15.77609	-15.38642	-0.3896614	0.195987	0.963972	0.0360282	1.92794	0.0720564	0.9843205
6822	0	-17.17505	-16.81273	-0.362318	0.481432	0.978624	0.0213765	1.95725	0.0427529	0.9577704
6823	1	-16.05584	-15.682	-0.3738377	0.0981926	0.96433	0.0356699	1.92866	0.0713398	0.9688675
6824	0	-19.4358	-19.11902	-0.316781	0.504169	0.956485	0.0435153	1.91297	0.0870306	0.9151346
6825	1	-17.62116	-17.32523	-0.2959235	0.449445	0.975965	0.0240354	1.95193	0.0480708	0.8962448
6826	0	-18.52073	-18.36711	-0.1536119	0.216537	0.962059	0.0379407	1.92412	0.0758813	0.7773588
6827	1	-15.56021	-15.1874	-0.3728059	0.104549	0.973891	0.0261094	1.94778	0.0522187	0.9678683
6828	0	-18.59837	-18.43136	-0.1670131	0.0547068	0.963497	0.0365032	1.92699	0.0730065	0.7878465
6829	1	-15.34602	-14.97793	-0.3680914	0.201167	0.975925	0.0240752	1.95185	0.0481504	0.963316
6830	0	-19.89954	-19.68958	-0.2099596	0.279503	0.936046	0.0639542	1.87209	0.127908	0.8224188
6831	1	-17.69646	-17.34112	-0.3553417	0.0458246	0.946138	0.0538624	1.89228	0.107725	0.951112
6832	0	-19.55295	-19.39251	-0.1604399	0.395242	0.980837	0.0191631	1.96167	0.0383262	0.7826848
6833	1	-14.9734	-14.56827	-0.4051246	0.23902	0.97573	0.0242699	1.95146	0.0485398	0.9996596
6834	0	-20.54991	-20.38229	-0.167621	0.241863	0.931932	0.0680684	1.86386	0.136137	0.7883255
6835	1	-16.56243	-16.17895	-0.3834849	-0.0611123	0.972511	0.0274893	1.94502	0.0549786	0.9782596
6836	0	-17.01185	-16.74453	-0.2673136	0.0969385	0.9664	0.0335998	1.9328	0.0671995	0.8709668
6837	1	-17.22023	-16.87744	-0.3427842	-0.00846911	0.95859	0.0414103	1.91718	0.0828207	0.9392431
6838	0	-16.02801	-15.68966	-0.3383516	0.224606	0.967247	0.0327529	1.93449	0.0655058	0.9350891
6839	1	-17.60649	-17.40362	-0.2028756	0.112596	0.97088	0.0291201	1.94176	0.0582402	0.8166134
6840	0	-15.80619	-15.43573	-0.3704667	0.116843	0.967895	0.0321047	1.93579	0.0642093	0.9656069
6841	1	-15.44932	-15.05013	-0.3991878	0.0716867	0.973688	0.0263119	1.94738	0.0526238	0.9937423
6842	0	-15.69093	-15.33739	-0.353535	0.126616	0.97351	0.0264902	1.94702	0.0529803	0.9493953
6843	1	-16.99223	-16.59233	-0.3999001	0.193206	0.947523	0.0524766	1.89505	0.104953	0.9944504
6844	0	-15.94078	-15.62318	-0.317608	0.192661	0.977889	0.0221112	1.95578	0.0442223	0.9158918
6845	1	-15.29024	-14.89421	-0.3960313	0.181368	0.97063	0.0293699	1.94126	0.0587398	0.9906106
6846	0	-15.48047	-15.10442	-0.3760523	0.304973	0.980753	0.0192472	1.96151	0.0384943	0.9710156
6847	1	-16.16963	-15.81169	-0.3579395	0.0958302	0.964895	0.0351054	1.92979	0.0702109	0.953586
6848	0	-15.0411	-14.63654	-0.4045658	0.157709	0.975849	0.0241512	1.9517	0.0483025	0.9991011
6849	1	-15.65844	-15.29555	-0.3628877	0.180299	0.969535	0.0304652	1.93907	0.0609305	0.9583163
6850	0	-17.22125	-16.88336	-0.3378846	0.0697771	0.95354	0.0464602	1.90708	0.0929204	0.9346524
6851	1	-15.54877	-15.15867	-0.3900909	0.137823	0.968344	0.0316562	1.93669	0.0633124	0.9847434
6852	0	-16.23075	-15.86344	-0.3673095	0.257716	0.961313	0.0386872	1.92263	0.0773744	0.9625632
6853	1	-15.91877	-15.5137	-0.4050721	0.370498	0.967225	0.0327746	1.93445	0.0655491	0.999607
6854	0	-16.6904	-16.37469	-0.3157119	0.393208	0.975317	0.0246832	1.95063	0.0493665	0.9141567
6855	1	-15.10013	-14.69506	-0.4050721	0.298242	0.980477	0.0195228	1.96095	0.0390456	0.999607
6856	0	-16.23705	-15.84698	-0.3900675	-0.0355676	0.975096	0.0249037	1.95019	0.0498074	0.9847204
6857	1	-16.06913	-15.69172	-0.3774099	0.0908073	0.983798	0.0162015	1.9676	0.0324031	0.9723347
6858	0	-15.8878	-15.54069	-0.3471158	0.333785	0.9791	0.0209004	1.9582	0.0418008	0.9433204
6859	1	-15.17093	-14.78197	-0.3889639	0.1889	0.979733	0.0202666	1.95947	0.0405332	0.9836342
6860	0	-16.27374	-15.95611	-0.3176343	0.169542	0.966782	0.0332176	1.93356	0.0664353	0.9159158
6861	1	-15.52148	-15.13724	-0.3842356	0.0927064	0.979601	0.020399	1.9592	0.0407981	0.9789942
6862	0	-15.54632	-15.16476	-0.381561	0.127113	0.981644	0.0183556	1.96329	0.0367112	0.9763794
6863	1	-16.15753	-15.82962	-0.3279079	0.110251	0.980183	0.0198166	1.96037	0.0396331	0.9253741
6864	0	-16.1199	-15.80074	-0.3191545	0.262717	0.981008	0.0189919	1.96202	0.0379839	0.9173093
6865	1	-16.21234	-15.88591	-0.3264288	0.326973	0.971432	0.0285682	1.94286	0.0571365	0.9240064
6866	0	-16.99919	-16.60157	-0.3976156	0.49297	0.972312	0.0276877	1.94462	0.0553754	0.9921812
6867	1	-20.35639	-20.32349	-0.03289886	0.232754	0.964245	0.0357551	1.92849	0.0715101	0.688964
6868	0	-16.27794	-15.87603	-0.4019136	0.0163436	0.962815	0.0371848	1.92563	0.0743696	0.9964548
6869	1	-19.31951	-19.23328	-0.08623009	0.222071	0.967215	0.0327855	1.93443	0.0655709	0.7267047
6870	0	-15.72284	-15.3369	-0.3859406	0.129962	0.983536	0.0164639	1.96707	0.0329279	0.9806649
6871	1	-23.29905	-23.39112	0.09206713	0.0708295	0.972845	0.0271546	1.94569	0.0543092	0.6080293
6872	0	-15.8018	-15.39935	-0.4024481	0.281353	0.963659	0.0363414	1.92732	0.0726828	0.9969876
6873	1	-20.39538	-20.3522	-0.04317993	0.063368	0.969366	0.0306341	1.93873	0.0612682	0.6960838
6874	0	-15.56177	-15.17969	-0.3820791	0.0909605	0.972627	0.0273728	1.94525	0.0547457	0.9768853
6875	1	-19.03294	-18.85096	-0.1819807	0.224783	0.949211	0.050789	1.89842	0.101578	0.7997273
6876	0	-15.07819	-14.68422	-0.3939765	0.19366	0.978545	0.0214552	1.95709	0.0429104	0.9885772
6877	1	-15.43505	-15.06457	-0.370474	0.145041	0.978609	0.0213912	1.95722	0.0427824	0.965614
6878	0	-15.49803	-15.10405	-0.3939765	0.357191	0.980466	0.0195337	1.96093	0.0390673	0.9885772
6879	1	-15.6678	-15.29732	-0.370474	0.0839959	0.973982	0.026018	1.94796	0.0520359	0.965614
6880	0	-15.4592	-15.06133	-0.397873	0.0860446	0.980622	0.0193782	1.96124	0.0387565	0.9924366
6881	1	-16.19253	-15.88768	-0.3048454	0.282443	0.978259	0.0217407	1.95652	0.0434813	0.9042769
6882	0	-15.16676	-14.77072	-0.3960381	0.159473	0.97408	0.0259202	1.94816	0.0518404	0.9906173
6883	1	-16.22995	-15.86965	-0.3603033	0.0481884	0.981571	0.018429	1.96314	0.0368581	0.9558428
6884	0	-15.57823	-15.2103	-0.3679287	0.325992	0.976133	0.0238666	1.95227	0.0477332	0.9631593
6885	1	-18.77046	-18.45288	-0.3175852	0.344024	0.940683	0.0593174	1.88137	0.118635	0.9158709
6886	0	-15.86358	-15.49619	-0.3673939	0.346289	0.971501	0.0284991	1.943	0.0569981	0.9626443
6887	1	-17.26594	-16.98529	-0.2806539	0.0907602	0.959844	0.0401557	1.91969	0.0803114	0.8826635
6888	0	-15.78103	-15.39411	-0.3869255	0.311091	0.967081	0.0329188	1.93416	0.0658376	0.9816312
6889	1	-18.24043	-18.05122	-0.1892113	0.137254	0.981208	0.0187917	1.96242	0.0375833	0.8055308
6890	0	-15.22357	-14.82391	-0.3996653	0.233767	0.982601	0.0173985	1.9652	0.0347971	0.994217
6891	1	-20.40842	-20.09355	-0.3148688	-0.256317	0.957323	0.0426771	1.91465	0.0853541	0.9133864
6892	0	-16.5127	-16.23263	-0.2800728	0.258992	0.971157	0.0288426	1.94231	0.0576852	0.8821507
6893	1	-17.15358	-16.80725	-0.3463366	-0.0164756	0.959948	0.0400522	1.9199	0.0801045	0.9425857
6894	0	-15.49485	-15.10081	-0.3940438	0.215067	0.967413	0.0325873	1.93483	0.0651746	0.9886437
6895	1	-16.17923	-15.86713	-0.312097	0.196487	0.980864	0.0191363	1.96173	0.0382726	0.9108582
6896	0	-15.21629	-14.82516	-0.3911254	0.303206	0.977344	0.0226564	1.95469	0.0453127	0.9857626
6897	1	-15.56193	-15.16448	-0.3974507	0.288492	0.984237	0.0157626	1.96847	0.0315253	0.9920177
6898	0	-17.09348	-16.72298	-0.3704931	0.0176596	0.954596	0.0454037	1.90919	0.0908074	0.9656325
6899	1	-17.48831	-17.18371	-0.3046041	-0.0315097	0.963462	0.0365385	1.92692	0.073077	0.9040587
6900	0	-16.03741	-15.69008	-0.3473313	0.0946411	0.969092	0.030908	1.93818	0.0618161	0.9435237
6901	1	-17.2158	-16.96929	-0.2465155	0.140485	0.964683	0.0353172	1.92937	0.0706344	0.8530393
6902	0	-16.87338	-16.56167	-0.3117102	0.034802	0.965294	0.0347058	1.93059	0.0694115	0.9105059
6903	1	-16.33585	-15.9706	-0.3652486	0.32197	0.96308	0.0369204	1.92616	0.0738407	0.9605814
6904	0	-17.52119	-17.12313	-0.3980598	-0.159415	0.970779	0.029221	1.94156	0.0584421	0.992622
6905	1	-17.49721	-17.12251	-0.3747028	0.292548	0.946353	0.0536467	1.89271	0.107293	0.9697061
6906	0	-16.08491	-15.70612	-0.3787902	0.414778	0.976226	0.0237736	1.95245	0.0475472	0.9736777
6907	1	-16.26926	-15.87186	-0.3974011	0.109226	0.958163	0.0418369	1.91633	0.0836738	0.9919684
6908	0	-17.14349	-16.88784	-0.2556538	0.124066	0.980605	0.0193954	1.96121	0.0387908	0.8608704
6909	1	-15.25989	-14.87474	-0.385156	0.182452	0.973368	0.0266318	1.94674	0.0532636	0.9798957
6910	0	-16.91394	-16.57014	-0.3437975	0.435646	0.971436	0.0285637	1.94287	0.0571274	0.9401953
6911	1	-15.45491	-15.09627	-0.3586343	0.243787	0.975928	0.0240718	1.95186	0.0481436	0.9542488
6912	0	-16.24196	-15.89212	-0.3498318	0.0285322	0.971644	0.028356	1.94329	0.0567119	0.9458859
6913	1	-15.829	-15.46399	-0.3650063	0.365208	0.976939	0.0230614	1.95388	0.0461228	0.9603487
6914	0	-16.94296	-16.55037	-0.3925931	0.190058	0.948809	0.0511914	1.89762	0.102383	0.9872104
6915	1	-17.43244	-17.17703	-0.2554112	0.352637	0.967757	0.0322431	1.93551	0.0644863	0.8606616
6916	0	-15.738	-15.34317	-0.3948322	0.083838	0.967287	0.0327127	1.93457	0.0654255	0.9894234
6917	1	-16.38901	-16.067	-0.322013	0.0486031	0.973201	0.0267989	1.9464	0.0535978	0.9199351
6918	0	-16.7002	-16.33118	-0.3690246	0.317686	0.957885	0.0421155	1.91577	0.084231	0.9642154
6919	1	-18.88471	-18.5803	-0.3044099	-0.172828	0.972131	0.0278692	1.94426	0.0557383	0.9038832
6920	0	-16.13989	-15.81834	-0.3215444	0.219443	0.968164	0.0318361	1.93633	0.0636723	0.9195042
6921	1	-16.31145	-15.9259	-0.3855492	0.0293685	0.963354	0.0366458	1.92671	0.0732917	0.9802811
6922	0	-15.44326	-15.051	-0.3922678	0.179454	0.968637	0.0313634	1.93727	0.0627268	0.9868894
6923	1	-16.49519	-16.17597	-0.3192199	0.162308	0.983392	0.0166079	1.96678	0.0332158	0.9173692
6924	0	-15.83102	-15.43599	-0.3950251	0.105724	0.964639	0.0353611	1.92928	0.0707221	0.9896143
6925	1	-16.22135	-15.91948	-0.3018643	0.150849	0.972359	0.0276415	1.94472	0.0552829	0.9015851
6926	0	-15.84886	-15.49371	-0.3551474	0.0995023	0.979937	0.020063	1.95987	0.0401261	0.9509273
6927	1	-16.78312	-16.40425	-0.3788765	-0.0423259	0.964202	0.0357975	1.9284	0.071595	0.9737618
6928	0	-16.70838	-16.32585	-0.3825368	0.161396	0.952833	0.0471665	1.90567	0.094333	0.9773326
6929	1	-16.15055	-15.83745	-0.3131028	0.307141	0.977186	0.0228137	1.95437	0.0456274	0.9117748
6930	0	-15.67958	-15.31139	-0.3681898	0.313908	0.971772	0.0282285	1.94354	0.0564569	0.9634108
6931	1	-15.73077	-15.326	-0.4047689	0.404922	0.974793	0.025207	1.94959	0.0504139	0.999304
6932	0	-15.08751	-14.68551	-0.4019994	0.239233	0.973392	0.0266078	1.94678	0.0532156	0.9965403
6933	1	-16.82415	-16.41938	-0.4047689	0.015602	0.954663	0.045337	1.90933	0.090674	0.999304
6934	0	-18.15566	-17.78804	-0.3676171	0.415376	0.949571	0.0504292	1.89914	0.100858	0.9628593
6935	1	-15.53035	-15.1636	-0.3667504	0.204271	0.97097	0.0290301	1.94194	0.0580601	0.9620251
6936	0	-17.18769	-16.86586	-0.3218262	0.306423	0.956754	0.0432465	1.91351	0.0864929	0.9197633
6937	1	-17.49941	-17.19968	-0.2997288	0.31531	0.968593	0.031407	1.93719	0.0628141	0.8996618
6938	0	-17.9393	-17.69164	-0.2476622	0.377324	0.964572	0.035428	1.92914	0.070856	0.8540181
6939	1	-18.5965	-18.38419	-0.2123058	-0.0400653	0.96565	0.0343502	1.9313	0.0687005	0.8243506
6940	0	-15.30277	-14.92153	-0.3812363	0.189716	0.97305	0.0269504	1.9461	0.0539008	0.9760624
6941	1	-17.36239	-17.05475	-0.3076371	0.120265	0.985474	0.0145263	1.97095	0.0290526	0.9068049
6942	0	-16.36968	-16.01966	-0.3500259	0.190455	0.9606	0.0394003	1.9212	0.0788006	0.9460696
6943	1	-16.096	-15.75842	-0.3375795	0.33202	0.980763	0.0192373	1.96153	0.0384746	0.9343673
6944	0	-18.69605	-18.46545	-0.2305999	0.353092	0.954484	0.0455158	1.90897	0.0910316	0.8395702
6945	1	-16.39598	-16.03257	-0.363408	0.0633828	0.962544	0.0374565	1.92509	0.074913	0.958815
6946	0	-15.90936	-15.51394	-0.3954121	0.174653	0.961694	0.0383062	1.92339	0.0766125	0.9899974
6947	1	-15.23123	-14.83839	-0.3928369	0.312794	0.978148	0.0218518	1.9563	0.0437036	0.9874512
6948	0	-15.71782	-15.32464	-0.3931796	0.0333922	0.973603	0.0263967	1.94721	0.0527935	0.9877896
6949	1	-18.03501	-17.74481	-0.2902001	-0.0515108	0.959174	0.0408258	1.91835	0.0816516	0.89113
6950	0	-15.09393	-14.69809	-0.3958389	0.246816	0.974949	0.0250509	1.9499	0.0501019	0.99042
6951	1	-17.29176	-17.04123	-0.2505331	0.115211	0.980862	0.0191378	1.96172	0.0382756	0.8564734
6952	0	-16.01917	-15.63744	-0.3817323	0.0807773	0.964787	0.0352134	1.92957	0.0704268	0.9765466
6953	1	-16.8878	-16.56085	-0.3269448	-0.0261001	0.975692	0.024308	1.95138	0.048616	0.9244833
6954	0	-15.66596	-15.32433	-0.3416366	0.19553	0.974214	0.0257861	1.94843	0.0515723	0.9381658
6955	1	-17.69775	-17.40846	-0.2892956	0.401216	0.963795	0.0362055	1.92759	0.0724109	0.8903243
6956	0	-15.66637	-15.32769	-0.3386852	0.234284	0.976893	0.0231069	1.95379	0.0462137	0.935401
6957	1	-15.4932	-15.08784	-0.4053593	0.362186	0.972852	0.0271484	1.9457	0.0542968	0.9998942
6958	0	-15.15806	-14.75462	-0.4034412	0.118146	0.977943	0.0220574	1.95589	0.0441149	0.9979781
6959	1	-15.51615	-15.12449	-0.3916521	0.364932	0.97702	0.0229804	1.95404	0.0459609	0.986282
6960	0	-16.24944	-15.89116	-0.3582794	0.38686	0.971472	0.0285276	1.94294	0.0570553	0.9539103
6961	1	-15.47274	-15.09757	-0.3751671	0.116229	0.974789	0.0252111	1.94958	0.0504222	0.9701564
6962	0	-19.55368	-19.18275	-0.3709224	0.364602	0.926458	0.0735423	1.85292	0.147085	0.9660471
6963	1	-18.01609	-17.68483	-0.3312549	-0.0517293	0.952583	0.0474175	1.90517	0.0948349	0.9284765
6964	0	-17.03676	-16.76631	-0.2704541	0.334931	0.980314	0.019686	1.96063	0.039372	0.8737063
6965	1	-16.81347	-16.41028	-0.4031803	0.495124	0.976847	0.0231532	1.95369	0.0463064	0.9977178
6966	0	-16.09569	-15.7721	-0.3235934	0.315521	0.973811	0.0261886	1.94762	0.0523773	0.9213901
6967	1	-15.10245	-14.69927	-0.4031803	0.144181	0.979371	0.0206288	1.95874	0.0412577	0.9977178
6968	0	-15.44595	-15.07703	-0.3689208	0.165283	0.979811	0.0201894	1.95962	0.0403787	0.9641153
6969	1	-16.25425	-15.95912	-0.295133	0.23575	0.972257	0.027743	1.94451	0.0554859	0.8955367
6970	0	-18.59467	-18.21123	-0.3834434	-0.219342	0.968063	0.0319365	1.93613	0.063873	0.978219
6971	1	-16.05456	-15.73222	-0.3223423	0.217478	0.981146	0.0188541	1.96229	0.0377082	0.9202381
6972	0	-16.02943	-15.64159	-0.3878347	0.205025	0.96083	0.0391702	1.92166	0.0783405	0.9825241
6973	1	-16.13844	-15.76459	-0.3738522	0.382359	0.969824	0.0301765	1.93965	0.0603529	0.9688816
6974	0	-16.40197	-16.0753	-0.3266652	0.360426	0.971692	0.0283081	1.94338	0.0566162	0.9242248
6975	1	-15.88743	-15.51358	-0.3738522	0.0336885	0.975667	0.0243335	1.95133	0.048667	0.9688816
6976	0	-15.81991	-15.4488	-0.3711177	0.353	0.972346	0.0276535	1.94469	0.0553071	0.9662358
6977	1	-15.95867	-15.59217	-0.3664982	0.0378342	0.973755	0.0262454	1.94751	0.0524909	0.9617825
6978	0	-15.65534	-15.31088	-0.3444535	0.197989	0.979241	0.0207592	1.95848	0.0415183	0.9408123
6979	1	-16.27267	-15.90617	-0.3664982	0.186354	0.985607	0.0143931	1.97121	0.0287862	0.9617825
6980	0	-15.24825	-14.84687	-0.4013772	0.104945	0.97509	0.0249101	1.95018	0.0498202	0.9959205
6981	1	-15.42015	-15.01495	-0.4051985	0.293805	0.968958	0.0310415	1.93792	0.062083	0.9997335
6982	0	-16.1935	-15.85252	-0.3409744	0.0557394	0.971145	0.0288546	1.94229	0.0577092	0.9375448
6983	1	-17.04896	-16.71128	-0.3376798	0.446325	0.979456	0.0205438	1.95891	0.0410876	0.934461
6984	0	-17.39449	-17.02908	-0.3654154	0.093881	0.947047	0.0529531	1.89409	0.105906	0.9607417
6985	1	-15.53436	-15.12943	-0.4049281	0.375091	0.97384	0.0261605	1.94768	0.0523209	0.9994631
6986	0	-15.52725	-15.16955	-0.3577061	0.153632	0.97686	0.0231398	1.95372	0.0462796	0.9533635
6987	1	-17.42291	-17.10894	-0.3139733	0.30804	0.95491	0.0450899	1.90982	0.0901797	0.9125688
6988	0	-16.79911	-16.45142	-0.3476898	0.189446	0.955231	0.0447694	1.91046	0.0895387	0.943862
6989	1	-17.001	-16.7054	-0.2956077	0.395442	0.974164	0.0258364	1.94833	0.0516728	0.8959619
6990	0	-16.71276	-16.33422	-0.3785377	0.214231	0.953232	0.0467679	1.90646	0.0935358	0.9734319
6991	1	-15.78638	-15.41395	-0.3724335	0.319998	0.969625	0.0303746	1.93925	0.0607492	0.967508
6992	0	-15.62088	-15.26533	-0.3555504	0.287847	0.979709	0.0202912	1.95942	0.0405824	0.9513106
6993	1	-17.11094	-16.839	-0.27194	0.255929	0.962245	0.0377552	1.92449	0.0755104	0.8750055
6994	0	-16.44042	-16.0719	-0.3685152	0.167465	0.957683	0.042317	1.91537	0.084634	0.9637244
6995	1	-19.88646	-19.77922	-0.1072394	-0.0132705	0.96989	0.0301099	1.93978	0.0602197	0.7421338
6996	0	-16.61912	-16.24491	-0.3742078	0.0862196	0.956821	0.0431787	1.91364	0.0863574	0.9692261
6997	1	-23.73568	-23.69295	-0.04272486	-0.0419334	0.917902	0.0820979	1.8358	0.164196	0.6957671
6998	0	-16.59267	-16.27432	-0.3183491	0.0655889	0.966327	0.0336727	1.93265	0.0673453	0.9165708
6999	1	-18.43167	-18.25562	-0.1760453	0.161062	0.958256	0.0417436	1.91651	0.0834872	0.7949947
7000	0	-16.06196	-15.70263	-0.3593286	0.315278	0.967124	0.0328759	1.93425	0.0657517	0.9549116
7001	1	-19.92328	-19.6018	-0.3214841	0.181911	0.915896	0.0841043	1.83179	0.168209	0.9194488
7002	0	-16.67391	-16.3925	-0.2814057	0.142552	0.967331	0.0326692	1.93466	0.0653385	0.8833273
7003	1	-15.48522	-15.10784	-0.3773787	0.122178	0.972858	0.0271424	1.94572	0.0542849	0.9723043
7004	0	-17.78152	-17.46351	-0.3180127	0.182281	0.945868	0.054132	1.89174	0.108264	0.9162625
7005	1	-25.91247	-25.52293	-0.3895354	-0.0829078	0.802723	0.197277	1.60545	0.394554	0.9841965
7006	0	-22.33693	-21.93511	-0.4018196	-0.0729204	0.87407	0.12593	1.74814	0.251859	0.9963611
7007	1	-16.70866	-16.34166	-0.3669958	0.181133	0.954302	0.0456981	1.9086	0.0913962	0.9622612
7008	0	-15.83461	-15.47862	-0.3559892	0.347436	0.978412	0.021588	1.95682	0.0431761	0.9517281
7009	1	-16.31829	-15.95219	-0.3661014	0.157624	0.959691	0.0403089	1.91938	0.0806178	0.961401
7010	0	-18.91241	-18.60031	-0.3120979	0.529994	0.972559	0.0274405	1.94512	0.054881	0.910859
7011	1	-16.91756	-16.55079	-0.3667678	0.0465991	0.985467	0.0145333	1.97093	0.0290666	0.9620418
7012	0	-15.87589	-15.54318	-0.3327125	0.179509	0.971269	0.0287306	1.94254	0.0574613	0.9298308
7013	1	-19.24509	-18.95268	-0.2924142	-0.0188618	0.9364	0.0636	1.8728	0.1272	0.8931052
7014	0	-15.97027	-15.60341	-0.3668637	0.108772	0.966113	0.0338869	1.93223	0.0677737	0.9621341
7015	1	-17.3755	-16.98294	-0.3925559	0.31588	0.947317	0.0526835	1.89463	0.105367	0.9871738
7016	0	-16.94834	-16.68365	-0.2646878	0.0731553	0.97519	0.0248097	1.95038	0.0496194	0.8686828
7017	1	-16.03016	-15.66126	-0.3688994	0.357041	0.969524	0.030476	1.93905	0.060952	0.9640948
7018	0	-15.58039	-15.22998	-0.3504072	0.233489	0.979384	0.0206159	1.95877	0.0412317	0.9464304
7019	1	-18.65466	-18.27195	-0.3827133	0.430249	0.943989	0.0560105	1.88798	0.112021	0.9775051
7020	0	-18.54434	-18.23451	-0.3098248	-0.0241845	0.944835	0.0551647	1.88967	0.110329	0.9087908
7021	1	-15.91179	-15.5847	-0.327093	0.289285	0.977377	0.0226234	1.95475	0.0452467	0.9246203
7022	0	-17.03588	-16.72637	-0.3095123	0.211878	0.956865	0.0431348	1.91373	0.0862696	0.9085069
7023	1	-15.63314	-15.27286	-0.3602806	0.185421	0.981535	0.0184649	1.96307	0.0369298	0.9558211
7024	0	-15.98638	-15.6597	-0.3266798	0.126114	0.973253	0.0267471	1.94651	0.0534941	0.9242384
7025	1	-16.42363	-16.09157	-0.3320619	0.161532	0.962401	0.037599	1.9248	0.075198	0.9292261
7026	0	-15.64673	-15.26529	-0.3814326	0.0651164	0.974044	0.0259559	1.94809	0.0519118	0.9762539
7027	1	-16.57487	-16.27775	-0.297113	0.0675872	0.972982	0.0270176	1.94596	0.0540352	0.8973116
7028	0	-15.99525	-15.62168	-0.3735659	0.217905	0.985094	0.0149056	1.97019	0.0298112	0.9686042
7029	1	-16.76088	-16.48151	-0.2793724	0.327592	0.978905	0.0210947	1.95781	0.0421895	0.8815332
7030	0	-15.27395	-14.90039	-0.3735659	0.209771	0.977341	0.0226593	1.95468	0.0453186	0.9686042
7031	1	-15.05218	-14.6526	-0.3995826	0.27616	0.978437	0.0215627	1.95687	0.0431254	0.9941347
7032	0	-15.81947	-15.4691	-0.3503741	0.112577	0.971941	0.0280593	1.94388	0.0561187	0.946399
7033	1	-18.42129	-18.03627	-0.3850224	0.43684	0.947295	0.052705	1.89459	0.10541	0.9797648
7034	0	-17.09823	-16.82151	-0.2767222	0.355971	0.969333	0.0306668	1.93867	0.0613336	0.8792
7035	1	-19.74123	-19.34791	-0.3933227	-0.287766	0.973246	0.0267536	1.94649	0.0535072	0.987931
7036	0	-17.80076	-17.58313	-0.217621	0.0920993	0.962825	0.0371746	1.92565	0.0743492	0.8287439
7037	1	-16.71861	-16.36412	-0.354489	0.39634	0.966146	0.0338544	1.93229	0.0677089	0.9503014
7038	0	-17.31193	-16.92322	-0.3887048	0.305279	0.94786	0.0521405	1.89572	0.104281	0.9833793
7039	1	-15.21305	-14.81506	-0.3979875	0.308322	0.974948	0.0250518	1.9499	0.0501036	0.9925502
7040	0	-15.27778	-14.89131	-0.3864631	0.282495	0.974192	0.0258076	1.94838	0.0516152	0.9811774
7041	1	-16.10807	-15.73824	-0.369829	0.382538	0.981971	0.0180289	1.96394	0.0360579	0.9649913
7042	0	-16.17463	-15.77988	-0.3947473	0.0102608	0.96606	0.0339396	1.93212	0.0678791	0.9893394
7043	1	-17.0121	-16.64003	-0.3720711	-0.0429587	0.982532	0.0174682	1.96506	0.0349365	0.9671574
7044	0	-16.03798	-15.65905	-0.3789291	0.0221845	0.970242	0.0297583	1.94048	0.0595166	0.9738129
7045	1	-16.67704	-16.38861	-0.2884306	0.074587	0.977101	0.0228992	1.9542	0.0457984	0.8895545
7046	0	-15.27002	-14.88893	-0.3810892	0.181578	0.97425	0.0257499	1.9485	0.0514998	0.9759188
7047	1	-16.87553	-16.55246	-0.3230625	0.108633	0.958587	0.0414128	1.91717	0.0828256	0.9209011
7048	0	-18.9736	-18.61017	-0.3634264	0.185106	0.924735	0.0752651	1.84947	0.15053	0.9588326
7049	1	-16.97588	-16.68724	-0.2886399	0.0351207	0.968577	0.0314233	1.93715	0.0628466	0.8897407
7050	0	-18.33119	-17.98409	-0.3470983	0.39109	0.947111	0.0528889	1.89422	0.105778	0.9433039
7051	1	-16.51008	-16.22121	-0.2888634	0.301035	0.979112	0.0208881	1.95822	0.0417762	0.8899396
7052	0	-17.43803	-17.1682	-0.2698259	0.00446003	0.967495	0.0325054	1.93499	0.0650108	0.8731576
7053	1	-16.19894	-15.86753	-0.3314146	0.28655	0.967662	0.0323382	1.93532	0.0646765	0.9286248
7054	0	-17.531	-17.28199	-0.2490145	0.341175	0.966075	0.0339246	1.93215	0.0678492	0.8551738
7055	1	-17.80175	-17.51179	-0.2899576	-0.0504319	0.96359	0.0364097	1.92718	0.0728194	0.8909138
7056	0	-18.80617	-18.54641	-0.2597571	0.212782	0.987475	0.0125247	1.97495	0.0250494	0.8644101
7057	1	-15.86325	-15.4692	-0.3940459	0.353457	0.984073	0.0159273	1.96815	0.0318545	0.9886458
7058	0	-15.40589	-15.02783	-0.3780592	0.267739	0.972385	0.0276145	1.94477	0.0552291	0.9729662
7059	1	-17.19492	-16.87792	-0.3169977	0.234821	0.986208	0.0137918	1.97242	0.0275836	0.9153329
7060	0	-15.92063	-15.56907	-0.3515603	0.142165	0.967862	0.032138	1.93572	0.0642759	0.9475223
7061	1	-17.32113	-17.00218	-0.3189583	-0.03997	0.979401	0.0205993	1.9588	0.0411986	0.9171293
7062	0	-17.98899	-17.64354	-0.3454503	-0.0786609	0.95424	0.0457596	1.90848	0.0915192	0.9417506
7063	1	-15.65899	-15.31783	-0.3411672	0.201194	0.974592	0.0254084	1.94918	0.0508168	0.9377256
7064	0	-16.17648	-15.7723	-0.4041855	0.021812	0.963628	0.036372	1.92726	0.072744	0.9987212
7065	1	-16.81377	-16.50015	-0.3136263	0.322291	0.983835	0.016165	1.96767	0.0323301	0.9122522
7066	0	-16.69879	-16.38742	-0.3113659	0.0233849	0.971608	0.0283917	1.94322	0.0567834	0.9101924
7067	1	-15.42394	-15.06419	-0.3597496	0.214688	0.977297	0.0227032	1.95459	0.0454065	0.9553137
7068	0	-16.03578	-15.70045	-0.3353323	0.208756	0.967477	0.0325235	1.93495	0.0650469	0.93227
7069	1	-16.06379	-15.73055	-0.3332395	0.340802	0.977211	0.0227894	1.95442	0.0455788	0.9303209
7070	0	-16.90611	-16.52238	-0.3837297	0.178936	0.950108	0.0498917	1.90022	0.0997835	0.9784991
7071	1	-17.03847	-16.67311	-0.3653562	0.221523	0.950604	0.0493962	1.90121	0.0987924	0.9606849
7072	0	-17.24046	-16.99816	-0.2422973	0.26165	0.981006	0.0189937	1.96201	0.0379873	0.8494486
7073	1	-15.74119	-15.38783	-0.3533567	0.198711	0.969488	0.0305118	1.93898	0.0610236	0.949226
7074	0	-17.48966	-17.17229	-0.3173749	-0.0500284	0.979795	0.0202046	1.95959	0.0404091	0.9156782
7075	1	-16.95348	-16.69742	-0.2560613	0.220562	0.966626	0.0333741	1.93325	0.0667482	0.8612213
7076	0	-16.07459	-15.76805	-0.3065399	0.251989	0.976995	0.0230046	1.95399	0.0460093	0.9058104
7077	1	-15.21519	-14.81342	-0.4017747	0.184164	0.971011	0.0289893	1.94202	0.0579786	0.9963164
7078	0	-16.71161	-16.40535	-0.3062672	0.0313774	0.976784	0.0232157	1.95357	0.0464314	0.9055635
7079	1	-15.45531	-15.09766	-0.3576516	0.208567	0.975827	0.0241727	1.95165	0.0483454	0.9533115
7080	0	-16.93445	-16.62193	-0.3125198	0.0452253	0.96304	0.0369605	1.92608	0.0739209	0.9112433
7081	1	-18.96065	-18.66223	-0.2984164	-0.16486	0.975475	0.0245248	1.95095	0.0490496	0.8984819
7082	0	-15.59234	-15.21136	-0.3809751	0.255493	0.968297	0.0317033	1.93659	0.0634065	0.9758074
7083	1	-15.70568	-15.30282	-0.4028641	0.0243819	0.972669	0.0273305	1.94534	0.0546611	0.9974023
7084	0	-15.26124	-14.8612	-0.4000401	0.168305	0.970809	0.0291906	1.94162	0.0583813	0.9945897
7085	1	-15.63045	-15.24775	-0.3827063	0.236848	0.967106	0.0328936	1.93421	0.0657872	0.9774983
7086	0	-16.04071	-15.65206	-0.3886546	0.0295909	0.967418	0.0325818	1.93484	0.0651636	0.98333
7087	1	-17.36627	-16.99664	-0.3696283	-0.0850942	0.961716	0.0382845	1.92343	0.0765689	0.9647978
7088	0	-16.96938	-16.58073	-0.3886546	0.427519	0.962281	0.0377188	1.92456	0.0754377	0.98333
7089	1	-16.57118	-16.26628	-0.304894	0.0635401	0.970335	0.0296647	1.94067	0.0593293	0.9043208
7090	0	-16.24424	-15.84515	-0.3990955	0.44931	0.97972	0.0202796	1.95944	0.0405592	0.9936506
7091	1	-15.39442	-15.00815	-0.3862682	0.219589	0.970101	0.0298988	1.9402	0.0597976	0.9809862
7092	0	-15.73283	-15.38083	-0.3520043	0.12826	0.979364	0.0206365	1.95873	0.041273	0.9479431
7093	1	-17.38508	-16.99881	-0.3862682	0.197605	0.943855	0.0561452	1.88771	0.11229	0.9809862
7094	0	-15.49963	-15.14522	-0.354417	0.222623	0.975201	0.0247992	1.9504	0.0495985	0.9502329
7095	1	-15.67602	-15.29052	-0.3854976	0.205912	0.965844	0.0341557	1.93169	0.0683113	0.9802305
7096	0	-15.26954	-14.88121	-0.3883305	0.12952	0.977145	0.0228554	1.95429	0.0457108	0.9830113
7097	1	-15.92235	-15.53313	-0.3892285	0.0328384	0.969258	0.0307421	1.93852	0.0614843	0.9838945
7098	0	-15.93633	-15.62039	-0.3159429	0.22253	0.974925	0.0250752	1.94985	0.0501504	0.9143679
7099	1	-17.10786	-16.733	-0.3748644	0.159792	0.94849	0.0515097	1.89698	0.103019	0.9698627
7100	0	-15.78208	-15.42939	-0.3526866	0.229575	0.98233	0.0176695	1.96466	0.0353391	0.9485901
7101	1	-15.77623	-15.44317	-0.3330657	0.253092	0.974573	0.025427	1.94915	0.0508541	0.9301593
7102	0	-16.8021	-16.43111	-0.3709947	0.279149	0.954558	0.0454418	1.90912	0.0908835	0.9661169
7103	1	-15.83424	-15.46523	-0.3690138	0.282409	0.967301	0.0326995	1.9346	0.0653989	0.9642051
7104	0	-17.08493	-16.73537	-0.3495554	0.269094	0.952995	0.0470052	1.90599	0.0940103	0.9456245
7105	1	-16.33147	-16.03432	-0.2971481	0.266361	0.979812	0.0201885	1.95962	0.0403769	0.8973431
7106	0	-18.17585	-17.86338	-0.3124744	0.00825604	0.947121	0.0528794	1.89424	0.105759	0.911202
7107	1	-16.70313	-16.39739	-0.3057396	0.136033	0.962664	0.0373363	1.92533	0.0746726	0.9050858
7108	0	-18.69673	-18.30755	-0.3891837	0.0836193	0.926857	0.0731431	1.85371	0.146286	0.9838504
7109	1	-16.25149	-15.91402	-0.3374695	0.0895677	0.967205	0.0327953	1.93441	0.0655906	0.9342646
7110	0	-15.41998	-15.01982	-0.4001657	0.254746	0.968273	0.0317272	1.93655	0.0634544	0.9947146
7111	1	-15.23666	-14.8482	-0.3884604	0.300964	0.977785	0.0222146	1.95557	0.0444293	0.9831391
7112	0	-15.13714	-14.74199	-0.3951527	0.150726	0.977175	0.0228247	1.95435	0.0456493	0.9897406
7113	1	-16.64268	-16.30698	-0.3357018	0.415064	0.975494	0.0245061	1.95099	0.0490122	0.9326145
7114	0	-16.4004	-16.02879	-0.3716111	0.422566	0.972041	0.0279588	1.94408	0.0559176	0.9667126
7115	1	-16.31247	-15.92167	-0.3907996	0.358726	0.962953	0.0370472	1.92591	0.0740943	0.9854415
7116	0	-18.60944	-18.31396	-0.2954716	-0.127619	0.961595	0.0384054	1.92319	0.0768108	0.8958399
7117	1	-16.47617	-16.13586	-0.3403068	0.227717	0.960637	0.0393629	1.92127	0.0787257	0.9369191
7118	0	-17.34568	-16.94713	-0.398549	0.406174	0.954372	0.045628	1.90874	0.0912559	0.9931077
7119	1	-16.82475	-16.48676	-0.3379929	0.0961745	0.957861	0.0421387	1.91572	0.0842773	0.9347537
7120	0	-16.60922	-16.21601	-0.3932115	-0.0224931	0.983095	0.016905	1.96619	0.0338099	0.9878211
7121	1	-15.26112	-14.86953	-0.3915855	0.292293	0.973991	0.026009	1.94798	0.0520181	0.9862163
7122	0	-15.94779	-15.60401	-0.343774	0.170119	0.982187	0.0178131	1.96437	0.0356262	0.9401733
7123	1	-19.07972	-18.80636	-0.2733621	0.450328	0.956664	0.0433361	1.91333	0.0866721	0.8762507
7124	0	-16.75088	-16.36728	-0.3836042	0.465437	0.972518	0.0274817	1.94504	0.0549634	0.9783763
7125	1	-19.01299	-18.66866	-0.3443378	-0.0846175	0.939397	0.0606031	1.87879	0.121206	0.9407035
7126	0	-16.83949	-16.49529	-0.3442017	0.165352	0.98617	0.0138295	1.97234	0.027659	0.9405755
7127	1	-15.3743	-14.98376	-0.3905351	0.103182	0.974491	0.0255092	1.94898	0.0510184	0.9851809
7128	0	-16.83178	-16.47708	-0.3546975	0.255551	0.986806	0.0131942	1.97361	0.0263884	0.9504995
7129	1	-15.20002	-14.80802	-0.3919988	0.294972	0.976022	0.0239781	1.95204	0.0479562	0.986624
7130	0	-19.4066	-19.00915	-0.397457	-0.0285665	0.921336	0.0786643	1.84267	0.157329	0.9920239
7131	1	-17.01466	-16.61669	-0.3979617	0.298351	0.950172	0.0498277	1.90034	0.0996554	0.9925247
7132	0	-21.3045	-20.99386	-0.3106397	0.102794	0.895452	0.104548	1.7909	0.209096	0.9095317
7133	1	-15.41652	-15.0215	-0.3950146	0.133439	0.970073	0.0299274	1.94015	0.0598548	0.9896039
7134	0	-17.11183	-16.76561	-0.3462248	0.183066	0.951358	0.0486424	1.90272	0.0972848	0.9424803
7135	1	-16.80845	-16.48876	-0.3196958	0.356314	0.983209	0.0167907	1.96642	0.0335814	0.9178059
7136	0	-17.33378	-17.02242	-0.3113655	0.179068	0.952515	0.0474852	1.90503	0.0949704	0.9101921
7137	1	-16.95005	-16.65352	-0.2965382	0.389466	0.973427	0.0265729	1.94685	0.0531458	0.896796
7138	0	-15.63319	-15.23247	-0.4007264	0.384531	0.974164	0.0258359	1.94833	0.0516717	0.9952725
7139	1	-20.23435	-19.84327	-0.3910837	0.0680406	0.903423	0.096577	1.80685	0.193154	0.9857215
7140	0	-15.59614	-15.25067	-0.3454634	0.215663	0.975215	0.0247853	1.95043	0.0495705	0.9417629
7141	1	-16.92492	-16.56063	-0.3642915	-0.0671086	0.97825	0.0217501	1.9565	0.0435002	0.9596625
7142	0	-15.82398	-15.4487	-0.3752842	0.263857	0.96594	0.0340603	1.93188	0.0681207	0.97027
7143	1	-20.47249	-20.13069	-0.3418004	-0.267726	0.978152	0.0218482	1.9563	0.0436964	0.9383196
7144	0	-17.48926	-17.13404	-0.3552209	-0.107045	0.96676	0.03324	1.93352	0.06648	0.9509971
7145	1	-16.2362	-15.85817	-0.3780293	0.211927	0.98616	0.0138397	1.97232	0.0276794	0.9729372
7146	0	-16.50686	-16.14343	-0.363429	0.315344	0.960745	0.039255	1.92149	0.0785099	0.9588352
7147	1	-16.8097	-16.50636	-0.3033378	0.0829519	0.981797	0.0182027	1.96359	0.0364053	0.9029146
7148	0	-15.69113	-15.34607	-0.3450581	0.203123	0.980149	0.0198515	1.9603	0.0397029	0.9413813
7149	1	-18.64067	-18.25123	-0.3894374	-0.22661	0.973788	0.0262122	1.94758	0.0524244	0.9841001
7150	0	-16.21591	-15.86914	-0.346773	0.0339886	0.977451	0.0225495	1.9549	0.0450989	0.9429971
7151	1	-16.9981	-16.59484	-0.4032626	0.257787	0.948289	0.0517108	1.89658	0.103422	0.9977999
7152	0	-16.09967	-15.72526	-0.3744048	0.236503	0.961714	0.0382864	1.92343	0.0765729	0.9694171
7153	1	-17.71298	-17.34332	-0.3696605	0.15548	0.941161	0.0588386	1.88232	0.117677	0.9648288
7154	0	-17.60875	-17.30365	-0.3050944	-0.0449179	0.96311	0.0368899	1.92622	0.0737798	0.904502
7155	1	-15.64356	-15.27989	-0.3636722	0.211114	0.982319	0.0176813	1.96464	0.0353626	0.9590684
7156	0	-15.77761	-15.38751	-0.3900981	0.309647	0.966646	0.0333537	1.93329	0.0667073	0.9847504
7157	1	-16.29114	-15.8982	-0.3929425	0.0151077	0.983216	0.0167841	1.96643	0.0335682	0.9875555
7158	0	-19.05747	-18.72067	-0.3367947	-0.122353	0.944889	0.0551113	1.88978	0.110223	0.9336344
7159	1	-16.45067	-16.05738	-0.3932949	-0.0597806	0.977037	0.0229632	1.95407	0.0459264	0.9879035
7160	0	-15.6968	-15.29505	-0.4017454	0.0617768	0.968584	0.0314164	1.93717	0.0628327	0.9962872
7161	1	-15.93143	-15.58455	-0.346881	0.160671	0.982192	0.0178084	1.96438	0.0356169	0.9430989
7162	0	-16.34261	-15.97769	-0.3649248	0.0573574	0.983225	0.0167745	1.96645	0.033549	0.9602704
7163	1	-17.40444	-17.02454	-0.379896	-0.134914	0.971753	0.0282469	1.94351	0.0564938	0.974755
7164	0	-17.57797	-17.28367	-0.2942968	0.0205387	0.957718	0.0422816	1.91544	0.0845632	0.8947881
7165	1	-16.277	-15.89277	-0.3842355	0.195166	0.958011	0.0419887	1.91602	0.0839773	0.9789941
7166	0	-15.62736	-15.23231	-0.3950535	0.0844889	0.969138	0.0308616	1.93828	0.0617233	0.9896424
7167	1	-17.90619	-17.61099	-0.2952017	0.466747	0.974345	0.0256551	1.94869	0.0513103	0.8955982
7168	0	-15.95927	-15.56892	-0.3903491	0.0036884	0.978227	0.0217732	1.95645	0.0435464	0.9849977
7169	1	-16.73572	-16.35618	-0.3795382	0.0897105	0.954517	0.0454826	1.90903	0.0909653	0.9744064
7170	0	-15.96435	-15.61077	-0.3535757	0.297216	0.968352	0.0316484	1.9367	0.0632968	0.9494339
7171	1	-15.38771	-15.01166	-0.3760498	0.299815	0.975901	0.0240993	1.9518	0.0481987	0.9710131
7172	0	-16.86366	-16.58516	-0.2785	0.34921	0.977839	0.0221607	1.95568	0.0443214	0.8807644
7173	1	-16.39701	-16.02681	-0.3702082	0.37559	0.965932	0.0340684	1.93186	0.0681367	0.9653574
7174	0	-16.71954	-16.44417	-0.2753694	0.0952027	0.972028	0.0279723	1.94406	0.0559446	0.8780114
7175	1	-17.6833	-17.48965	-0.1936549	0.235348	0.9684	0.0315998	1.9368	0.0631997	0.8091182
7176	0	-23.64174	-23.46964	-0.1721054	0.353409	0.899695	0.100305	1.79939	0.200609	0.7918687
7177	1	-22.29024	-22.12321	-0.1670358	0.552726	0.976133	0.0238669	1.95227	0.0477339	0.7878644
7178	0	-20.11474	-19.99242	-0.1223292	0.0320361	0.949214	0.0507858	1.89843	0.101572	0.7534174
7179	1	-15.29744	-14.8979	-0.3995387	0.259118	0.98306	0.0169401	1.96612	0.0338802	0.9940911
7180	0	-18.88566	-18.72698	-0.1586819	0.328268	0.962752	0.0372475	1.9255	0.074495	0.7813101
7181	1	-15.85941	-15.45987	-0.3995387	0.155976	0.962184	0.0378164	1.92437	0.0756327	0.9940911
7182	0	-20.68272	-20.614	-0.06871469	0.189372	0.947055	0.0529452	1.89411	0.10589	0.714087
7183	1	-16.05519	-15.74524	-0.3099542	0.176807	0.973458	0.0265424	1.94692	0.0530849	0.9089085
7184	0	-19.43402	-19.33307	-0.1009457	0.137397	0.95952	0.0404804	1.91904	0.0809608	0.7374777
7185	1	-16.1417	-15.80116	-0.3405391	0.197316	0.965026	0.0349743	1.93005	0.0699485	0.9371368
7186	0	-18.98329	-18.86223	-0.1210601	0.220844	0.962304	0.0376962	1.92461	0.0753924	0.7524618
7187	1	-15.92637	-15.53389	-0.3924861	0.104372	0.963613	0.0363874	1.92723	0.0727748	0.9871049
7188	0	-20.22734	-20.09825	-0.1290834	0.435632	0.97134	0.0286602	1.94268	0.0573204	0.7585234
7189	1	-16.5688	-16.28835	-0.2804546	0.299338	0.973208	0.0267916	1.94642	0.0535831	0.8824876
7190	0	-18.63087	-18.43616	-0.1947168	0.179659	0.983959	0.016041	1.96792	0.032082	0.8099779
7191	1	-16.7005	-16.34791	-0.3525885	0.193206	0.955964	0.044036	1.91193	0.0880721	0.948497
7192	0	-18.48332	-18.34163	-0.1416916	0.174392	0.965896	0.0341036	1.93179	0.0682072	0.7681475
7193	1	-17.17062	-16.83599	-0.3346361	0.453706	0.973656	0.0263442	1.94731	0.0526883	0.9316212
7194	0	-19.52664	-19.42208	-0.1045598	0.0628376	0.961984	0.0380161	1.92397	0.0760322	0.7401478
7195	1	-16.36262	-16.03993	-0.3226876	0.240514	0.983405	0.0165947	1.96681	0.0331894	0.920556
7196	0	-17.43519	-17.23377	-0.2014255	0.186008	0.973193	0.0268072	1.94639	0.0536144	0.8154301
7197	1	-18.43665	-18.04869	-0.3879541	-0.205417	0.976991	0.0230094	1.95398	0.0460188	0.9826414
7198	0	-16.75079	-16.44525	-0.3055367	0.379052	0.978901	0.0210991	1.9578	0.0421983	0.9049022
7199	1	-16.62078	-16.30172	-0.3190578	0.216944	0.984399	0.0156007	1.9688	0.0312013	0.9172206
7200	0	-15.71859	-15.35204	-0.3665503	0.285496	0.969585	0.0304148	1.93917	0.0608297	0.9618327
7201	1	-18.95888	-18.61845	-0.3404297	0.429582	0.945424	0.0545756	1.89085	0.109151	0.9370343
7202	0	-16.67181	-16.31936	-0.3524427	-0.0309865	0.977474	0.0225256	1.95495	0.0450513	0.9483588
7203	1	-16.84774	-16.45647	-0.3912657	0.0495895	0.953654	0.0463463	1.90731	0.0926927	0.985901
7204	0	-16.55845	-16.17172	-0.386731	0.197678	0.95422	0.04578	1.90844	0.09156	0.9814403
7205	1	-15.57692	-15.22668	-0.3502435	0.26636	0.976464	0.0235365	1.95293	0.047073	0.9462755
7206	0	-15.63372	-15.25514	-0.3785825	0.351329	0.980103	0.019897	1.96021	0.0397939	0.9734755
7207	1	-17.11086	-16.73496	-0.3758912	-0.0538764	0.960578	0.039422	1.92116	0.0788439	0.9708592
7208	0	-15.91607	-15.57788	-0.3381864	0.106031	0.97396	0.0260401	1.94792	0.0520802	0.9349345
7209	1	-15.80879	-15.41452	-0.3942794	0.259482	0.963778	0.0362218	1.92756	0.0724435	0.9888766
7210	0	-16.01228	-15.63871	-0.3735627	0.391398	0.980531	0.0194691	1.96106	0.0389382	0.9686011
7211	1	-17.70904	-17.44124	-0.2677999	0.411277	0.969797	0.0302033	1.93959	0.0604066	0.8713904
7212	0	-15.80475	-15.41196	-0.3927962	0.225376	0.963364	0.0366362	1.92673	0.0732724	0.987411
7213	1	-17.47258	-17.20564	-0.2669411	0.0010777	0.976742	0.0232583	1.95348	0.0465166	0.8706424
7214	0	-15.31861	-14.92581	-0.3927962	0.14224	0.97199	0.0280103	1.94398	0.0560206	0.987411
7215	1	-17.84067	-17.54163	-0.2990417	0.0302434	0.952241	0.0477592	1.90448	0.0955184	0.8990439
7216	0	-15.48016	-15.08228	-0.3978778	0.125835	0.968858	0.0311425	1.93772	0.062285	0.9924414
7217	1	-17.83648	-17.54564	-0.2908481	-0.0587843	0.96424	0.0357599	1.92848	0.0715198	0.8917076
7218	0	-16.07905	-15.69114	-0.3879108	0.154234	0.960529	0.0394714	1.92106	0.0789429	0.9825988
7219	1	-16.77923	-16.3955	-0.3837364	0.203115	0.987737	0.0122629	1.97547	0.0245257	0.9785057
7220	0	-17.11687	-16.738	-0.378867	-0.00319885	0.95488	0.0451202	1.90976	0.0902404	0.9737525
7221	1	-15.51586	-15.11482	-0.4010335	0.242442	0.966552	0.0334476	1.9331	0.0668952	0.9955782
7222	0	-17.16423	-16.85443	-0.3098064	0.42552	0.973063	0.0269374	1.94613	0.0538748	0.9087741
7223	1	-15.26302	-14.88799	-0.3750288	0.240354	0.977542	0.0224578	1.95508	0.0449157	0.9700222
7224	0	-16.56463	-16.26426	-0.3003618	0.0669328	0.971732	0.0282682	1.94346	0.0565365	0.9002315
7225	1	-15.67255	-15.32492	-0.3476387	0.210205	0.971999	0.0280014	1.944	0.0560027	0.9438137
7226	0	-20.28364	-20.08725	-0.1963919	0.295151	0.934342	0.0656584	1.86868	0.131317	0.8113358
7227	1	-16.46366	-16.13366	-0.3300088	0.0364453	0.969852	0.0301481	1.9397	0.0602962	0.9273203
7228	0	-17.66317	-17.4207	-0.2424662	0.378472	0.971173	0.0288266	1.94235	0.0576532	0.8495921
7229	1	-16.83056	-16.53843	-0.2921285	0.291343	0.964766	0.0352341	1.92953	0.0704681	0.8928501
7230	0	-16.62213	-16.3601	-0.2620256	0.201864	0.972892	0.0271083	1.94578	0.0542167	0.8663732
7231	1	-15.5202	-15.15646	-0.3637417	0.247482	0.972271	0.0277287	1.94454	0.0554574	0.9591351
7232	0	-19.70424	-19.52082	-0.1834154	0.389624	0.983858	0.0161417	1.96772	0.0322834	0.8008756
7233	1	-15.77656	-15.43346	-0.343095	0.164215	0.971566	0.028434	1.94313	0.0568679	0.9395351
7234	0	-16.12248	-15.8211	-0.3013825	0.242782	0.976612	0.0233876	1.95322	0.0467751	0.9011508
7235	1	-16.91375	-16.59445	-0.3193028	-0.00233546	0.967736	0.0322639	1.93547	0.0645278	0.9174453
7236	0	-16.32529	-16.0205	-0.3047887	0.315657	0.973712	0.0262878	1.94742	0.0525756	0.9042256
7237	1	-17.57739	-17.25289	-0.3244963	0.221482	0.94824	0.0517601	1.89648	0.10352	0.9222225
7238	0	-18.30081	-17.95166	-0.3491495	-0.0678522	0.985192	0.014808	1.97038	0.0296159	0.9452408
7239	1	-16.93082	-16.54162	-0.3891969	0.243616	0.950035	0.0499646	1.90007	0.0999293	0.9838634
7240	0	-16.31312	-15.99677	-0.3163456	0.230826	0.96636	0.0336397	1.93272	0.0672794	0.9147363
7241	1	-15.30101	-14.926	-0.3750155	0.189443	0.979008	0.020992	1.95802	0.041984	0.9700093
7242	0	-16.53857	-16.16046	-0.3781116	0.248793	0.956064	0.0439365	1.91213	0.087873	0.9730172
7243	1	-16.50831	-16.1649	-0.3434133	0.412866	0.977023	0.0229767	1.95405	0.0459533	0.9398342
7244	0	-17.54356	-17.17729	-0.3662753	-0.065398	0.956487	0.0435134	1.91297	0.0870269	0.9615682
7245	1	-16.29973	-16.01388	-0.2858462	0.196866	0.975146	0.0248537	1.95029	0.0497074	0.8872585
7246	0	-15.37861	-14.97417	-0.4044432	0.0681826	0.975321	0.0246786	1.95064	0.0493572	0.9989786
7247	1	-19.20895	-19.0889	-0.1200513	0.284218	0.962442	0.0375576	1.92488	0.0751152	0.7517032
7248	0	-16.70003	-16.31531	-0.3847249	0.0985335	0.986675	0.0133249	1.97335	0.0266497	0.9794734
7249	1	-21.52288	-21.42785	-0.09502851	-0.0778941	0.946876	0.0531245	1.89375	0.106249	0.7331268
7250	0	-16.86541	-16.49776	-0.3676587	-0.0100135	0.960727	0.0392726	1.92145	0.0785452	0.9628993
7251	1	-18.51524	-18.38336	-0.1318736	0.215443	0.96973	0.0302701	1.93946	0.0605402	0.7606427
7252	0	-15.31041	-14.93432	-0.3760993	0.270565	0.975793	0.0242072	1.95159	0.0484144	0.9710612
7253	1	-20.36024	-20.22943	-0.1308098	0.120238	0.984665	0.0153351	1.96933	0.0306702	0.759834
7254	0	-15.3859	-15.00883	-0.3770683	0.205359	0.971872	0.0281284	1.94374	0.0562567	0.9720026
7255	1	-17.24746	-17.01006	-0.237395	0.110181	0.978068	0.0219322	1.95614	0.0438644	0.8452946
7256	0	-16.80851	-16.46088	-0.3476357	-0.0371631	0.969595	0.030405	1.93919	0.0608099	0.9438109
7257	1	-16.06058	-15.68781	-0.3727749	0.371363	0.982655	0.0173446	1.96531	0.0346892	0.9678384
7258	0	-16.49223	-16.14612	-0.3461134	0.246359	0.96011	0.0398901	1.92022	0.0797803	0.9423753
7259	1	-19.41095	-19.04573	-0.3652208	0.00512838	0.922569	0.0774314	1.84514	0.154863	0.9605547
7260	0	-20.15371	-19.87196	-0.2817454	-0.216226	0.957822	0.0421777	1.91564	0.0843554	0.8836274
7261	1	-16.0817	-15.75628	-0.3254189	0.110669	0.972162	0.0278375	1.94432	0.0556751	0.9230736
7262	0	-15.82003	-15.43412	-0.3859058	0.279353	0.965214	0.0347859	1.93043	0.0695719	0.9806307
7263	1	-15.87047	-15.54894	-0.3215369	0.214092	0.977459	0.0225414	1.95492	0.0450829	0.9194973
7264	0	-16.33343	-16.00265	-0.33078	0.360585	0.98032	0.0196798	1.96064	0.0393596	0.9280357
7265	1	-18.18664	-17.98295	-0.2036878	0.128578	0.957397	0.0426031	1.91479	0.0852062	0.8172769
7266	0	-15.17922	-14.779	-0.4002162	0.250702	0.982147	0.0178531	1.96429	0.0357063	0.9947649
7267	1	-18.06057	-17.66836	-0.3922051	0.500954	0.960768	0.0392323	1.92154	0.0784647	0.9868275
7268	0	-16.68929	-16.37818	-0.3111112	0.0712436	0.965443	0.0345573	1.93089	0.0691146	0.9099606
7269	1	-17.16358	-16.90801	-0.2555634	0.239794	0.98217	0.01783	1.96434	0.03566	0.8607925
7270	0	-16.60315	-16.23189	-0.3712675	0.450398	0.978899	0.0211014	1.9578	0.0422028	0.9663805
7271	1	-16.42772	-16.13313	-0.2945882	0.14183	0.96948	0.0305205	1.93896	0.0610409	0.8950489
7272	0	-16.0421	-15.67481	-0.3672996	0.0259123	0.972925	0.0270751	1.94585	0.0541502	0.9625536
7273	1	-18.81788	-18.57573	-0.2421421	0.21757	0.986866	0.0131344	1.97373	0.0262689	0.8493168
7274	0	-16.65964	-16.39723	-0.2624071	0.181303	0.977556	0.0224445	1.95511	0.044889	0.8667038
7275	1	-16.35481	-16.04997	-0.3048386	0.230949	0.967681	0.0323188	1.93536	0.0646375	0.9042707
7276	0	-16.02006	-15.67931	-0.3407433	0.201953	0.982816	0.0171837	1.96563	0.0343673	0.9373282
7277	1	-17.64955	-17.30051	-0.3490368	-0.121116	0.975904	0.0240963	1.95181	0.0481926	0.9451342
7278	0	-16.96082	-16.65787	-0.3029458	0.108758	0.960176	0.0398241	1.92035	0.0796482	0.9025607
7279	1	-16.87419	-16.51113	-0.3630558	0.0959714	0.98621	0.0137904	1.97242	0.0275808	0.9584774
7280	0	-16.31852	-15.94472	-0.373801	0.39573	0.968763	0.0312369	1.93753	0.0624738	0.968832
7281	1	-17.12944	-16.75534	-0.374095	0.206739	0.948373	0.0516265	1.89675	0.103253	0.9691169
7282	0	-15.39977	-15.02504	-0.3747323	0.164635	0.980185	0.0198149	1.96037	0.0396297	0.9697347
7283	1	-16.7116	-16.40717	-0.3044311	0.373824	0.973386	0.0266141	1.94677	0.0532281	0.9039023
7284	0	-16.02931	-15.64122	-0.3880869	0.258786	0.961612	0.0383877	1.92322	0.0767754	0.9827719
7285	1	-17.81451	-17.52368	-0.2908345	-0.0487852	0.962813	0.0371866	1.92563	0.0743733	0.8916955
7286	0	-15.16333	-14.77263	-0.3906983	0.210165	0.980468	0.0195324	1.96094	0.0390647	0.9853417
7287	1	-15.70787	-15.30983	-0.3980356	0.110726	0.965883	0.0341175	1.93177	0.0682349	0.992598
7288	0	-16.69752	-16.29909	-0.3984341	0.0954644	0.952878	0.047122	1.90576	0.0942441	0.9929937
7289	1	-16.67167	-16.33108	-0.3405868	0.0356238	0.963632	0.0363678	1.92726	0.0727355	0.9371815
7290	0	-15.77812	-15.3771	-0.4010221	0.371148	0.969806	0.0301939	1.93961	0.0603879	0.9955669
7291	1	-19.54667	-19.22521	-0.3214565	-0.1278	0.940372	0.0596277	1.88074	0.119255	0.9194233
7292	0	-16.16645	-15.76854	-0.3979158	0.432227	0.972722	0.0272782	1.94544	0.0545564	0.9924791
7293	1	-15.19811	-14.80066	-0.3974518	0.211464	0.971781	0.0282188	1.94356	0.0564376	0.9920187
7294	0	-16.09947	-15.69466	-0.4048017	-0.0169698	0.969215	0.0307849	1.93843	0.0615698	0.9993368
7295	1	-16.00089	-15.68649	-0.3144069	0.16479	0.97676	0.0232399	1.95352	0.0464799	0.9129645
7296	0	-17.04692	-16.67185	-0.3750664	0.362053	0.956206	0.0437936	1.91241	0.0875872	0.9700587
7297	1	-15.8828	-15.49144	-0.3913646	0.109972	0.98431	0.0156899	1.96862	0.0313799	0.9859985
7298	0	-15.89116	-15.56941	-0.3217501	0.250815	0.977485	0.022515	1.95497	0.0450301	0.9196933
7299	1	-15.83971	-15.4542	-0.3855144	0.278186	0.964956	0.0350444	1.92991	0.0700888	0.980247
7300	0	-17.44185	-17.10458	-0.3372755	0.0165887	0.95383	0.0461702	1.90766	0.0923403	0.9340833
7301	1	-17.82943	-17.49374	-0.3356899	0.338051	0.987606	0.0123935	1.97521	0.024787	0.9326035
7302	0	-18.28881	-17.94022	-0.3485888	-0.0866389	0.950126	0.0498743	1.90025	0.0997486	0.9447109
7303	1	-16.46239	-16.16736	-0.29503	0.323045	0.97474	0.0252599	1.94948	0.0505199	0.8954444
7304	0	-16.82049	-16.48764	-0.3328576	0.151907	0.956944	0.0430561	1.91389	0.0861121	0.9299658
7305	1	-17.12808	-16.79347	-0.3346168	0.0276975	0.957973	0.0420269	1.91595	0.0840538	0.9316032
7306	0	-16.38469	-16.04978	-0.3349136	0.250721	0.977875	0.0221253	1.95575	0.0442506	0.9318797
7307	1	-19.92825	-19.71531	-0.2129365	-0.151911	0.96453	0.0354704	1.92906	0.0709408	0.8248707
7308	0	-17.14201	-16.73697	-0.4050378	0.2455	0.946013	0.0539865	1.89203	0.107973	0.9995728
7309	1	-20.18678	-20.14377	-0.0430043	0.273374	0.969735	0.0302647	1.93947	0.0605293	0.6959616
7310	0	-15.66581	-15.26579	-0.4000201	0.385874	0.973822	0.0261781	1.94764	0.0523561	0.9945698
7311	1	-18.12057	-17.87435	-0.2462237	0.0180033	0.957602	0.0423976	1.9152	0.0847952	0.8527905
7312	0	-18.563	-18.23327	-0.3297233	0.339728	0.941393	0.0586075	1.88279	0.117215	0.9270555
7313	1	-18.49299	-18.35257	-0.1404231	0.121947	0.969844	0.0301564	1.93969	0.0603128	0.7671737
7314	0	-17.7961	-17.57319	-0.2229095	0.299605	0.981806	0.0181944	1.96361	0.0363887	0.8331383
7315	1	-18.64756	-18.42044	-0.2271202	0.100089	0.947562	0.0524383	1.89512	0.104877	0.8366538
7316	0	-18.8214	-18.56209	-0.2593067	0.193964	0.987448	0.0125524	1.9749	0.0251048	0.8640208
7317	1	-15.09693	-14.70193	-0.3949974	0.252719	0.979878	0.0201222	1.95976	0.0402443	0.9895869
7318	0	-16.18578	-15.88373	-0.3020514	0.165437	0.978099	0.0219011	1.9562	0.0438022	0.9017538
7319	1	-16.07024	-15.71666	-0.3535851	0.156468	0.983614	0.0163863	1.96723	0.0327725	0.9494428
7320	0	-16.10074	-15.76892	-0.3318213	0.27392	0.968556	0.0314435	1.93711	0.0628871	0.9290025
7321	1	-16.90137	-16.60438	-0.2969951	0.227059	0.960602	0.0393978	1.9212	0.0787957	0.8972058
7322	0	-16.38197	-16.03071	-0.3512527	0.398778	0.972538	0.0274622	1.94508	0.0549244	0.9472309
7323	1	-19.33617	-19.17254	-0.1636234	0.0977307	0.983191	0.0168089	1.96638	0.0336179	0.7851805
7324	0	-15.36678	-14.97358	-0.3932025	0.323262	0.973778	0.026222	1.94756	0.052444	0.9878122
7325	1	-18.9541	-18.8425	-0.1115942	0.142642	0.966604	0.0333963	1.93321	0.0667926	0.7453727
7326	0	-16.09311	-15.78654	-0.3065731	0.247269	0.978178	0.0218224	1.95636	0.0436447	0.9058405
7327	1	-18.25986	-18.08972	-0.1701411	0.070931	0.971858	0.0281423	1.94372	0.0562846	0.7903148
7328	0	-18.64651	-18.49849	-0.1480237	0.269721	0.963834	0.0361657	1.92767	0.0723315	0.7730269
7329	1	-16.60784	-16.26581	-0.3420298	-0.000404096	0.968986	0.0310136	1.93797	0.0620272	0.9385348
7330	0	-17.5039	-17.23114	-0.2727565	-0.0176097	0.969854	0.0301459	1.93971	0.0602918	0.8757202
7331	1	-17.69844	-17.36352	-0.3349133	-0.109647	0.976157	0.0238433	1.95231	0.0476867	0.9318794
7332	0	-16.07167	-15.71659	-0.3550816	0.0511815	0.971155	0.0288447	1.94231	0.0576895	0.9508647
7333	1	-15.29945	-14.89715	-0.4022978	0.34978	0.978175	0.0218254	1.95635	0.0436509	0.9968377
7334	0	-16.24449	-15.94927	-0.2952169	0.15888	0.976434	0.0235655	1.95287	0.0471311	0.8956119
7335	1	-16.45206	-16.09854	-0.3535171	0.0176453	0.967215	0.0327848	1.93443	0.0655696	0.9493782
7336	0	-15.61114	-15.22638	-0.3847556	0.071847	0.97932	0.02068	1.95864	0.04136	0.9795035
7337	1	-18.79596	-18.43024	-0.3657186	0.452466	0.988073	0.0119274	1.97615	0.0238549	0.961033
7338	0	-17.89945	-17.59036	-0.3090874	-0.0441212	0.957026	0.0429741	1.91405	0.0859481	0.908121
7339	1	-16.80075	-16.43611	-0.3646445	0.0113512	0.983708	0.0162918	1.96742	0.0325837	0.9600014
7340	0	-17.99692	-17.75096	-0.2459624	0.00535131	0.961274	0.0387262	1.92255	0.0774523	0.8525677
7341	1	-19.59091	-19.20922	-0.3816806	0.0631403	0.914929	0.0850706	1.82986	0.170141	0.9764961
7342	0	-15.98177	-15.60583	-0.3759454	0.348087	0.968333	0.0316672	1.93667	0.0633344	0.9709117
7343	1	-15.81499	-15.44695	-0.3680434	0.358658	0.974047	0.0259526	1.94809	0.0519052	0.9632698
7344	0	-15.73369	-15.36333	-0.3703547	0.147801	0.967856	0.0321439	1.93571	0.0642878	0.9654988
7345	1	-16.98113	-16.61309	-0.3680434	-0.0469378	0.963122	0.0368775	1.92624	0.0737551	0.9632698
7346	0	-16.00392	-15.6893	-0.3146178	0.176341	0.973412	0.026588	1.94682	0.053176	0.9131571
7347	1	-19.59181	-19.22264	-0.3691719	0.463796	0.93981	0.0601898	1.87962	0.12038	0.9643575
7348	0	-16.18368	-15.88201	-0.3016735	0.155296	0.973659	0.0263408	1.94732	0.0526815	0.9014131
7349	1	-17.25299	-16.93252	-0.3204706	0.0902374	0.954341	0.0456587	1.90868	0.0913175	0.9185173
7350	0	-15.53437	-15.18413	-0.3502453	0.203319	0.976343	0.0236567	1.95269	0.0473134	0.9462771
7351	1	-18.72863	-18.43755	-0.2910847	0.296172	0.940812	0.0591885	1.88162	0.118377	0.8919186
7352	0	-15.53962	-15.15418	-0.38544	0.0749038	0.977811	0.0221893	1.95562	0.0443787	0.9801741
7353	1	-19.59962	-19.46749	-0.1321368	0.252998	0.951694	0.0483059	1.90339	0.0966118	0.7608429
7354	0	-15.56916	-15.18057	-0.3885927	0.346777	0.972949	0.0270505	1.9459	0.0541011	0.9832692
7355	1	-19.30261	-19.11641	-0.1862018	0.414734	0.963547	0.0364527	1.92709	0.0729054	0.8031103
7356	0	-16.41944	-16.09235	-0.3270894	0.0326093	0.975108	0.0248917	1.95022	0.0497833	0.924617
7357	1	-18.28043	-18.07626	-0.2041735	0.00965884	0.975943	0.0240573	1.95189	0.0481146	0.817674
7358	0	-15.58469	-15.20505	-0.3796425	0.122015	0.981591	0.018409	1.96318	0.0368179	0.974508
7359	1	-21.94821	-21.89271	-0.05549771	0.416414	0.957701	0.0422987	1.9154	0.0845973	0.7047111
7360	0	-17.69388	-17.44426	-0.249627	0.232587	0.956814	0.0431864	1.91363	0.0863728	0.8556977
7361	1	-20.84825	-20.72173	-0.1265179	0.0730498	0.934311	0.0656894	1.86862	0.131379	0.7565798
7362	0	-15.26928	-14.88859	-0.380692	0.225224	0.973782	0.0262181	1.94756	0.0524362	0.9755312
7363	1	-17.60828	-17.35718	-0.2511028	0.367228	0.967721	0.0322793	1.93544	0.0645587	0.8569615
7364	0	-15.2765	-14.9034	-0.3730984	0.221332	0.977185	0.0228147	1.95437	0.0456294	0.9681515
7365	1	-16.33157	-16.03079	-0.3007805	0.141472	0.979368	0.0206321	1.95874	0.0412642	0.9006086
7366	0	-16.13334	-15.74213	-0.3912197	0.162176	0.959343	0.0406575	1.91869	0.0813149	0.9858556
7367	1	-16.81605	-16.42089	-0.3951636	-0.0737265	0.965575	0.0344248	1.93115	0.0688496	0.9897514
7368	0	-16.01075	-15.60829	-0.4024551	0.348238	0.964573	0.035427	1.92915	0.0708541	0.9969945
7369	1	-18.28901	-17.88929	-0.3997201	0.215726	0.931027	0.0689728	1.86205	0.137946	0.9942715
7370	0	-16.62788	-16.31795	-0.3099258	0.14991	0.962793	0.0372072	1.92559	0.0744144	0.9088826
7371	1	-15.60838	-15.2326	-0.3757805	0.138891	0.981989	0.0180106	1.96398	0.0360212	0.9707516
7372	0	-19.11581	-18.82113	-0.2946743	0.527506	0.977148	0.0228521	1.9543	0.0457042	0.8951259
7373	1	-15.32598	-14.936	-0.3899762	0.272709	0.982068	0.0179323	1.96414	0.0358646	0.9846304
7374	0	-17.32866	-16.97609	-0.3525747	-0.0837379	0.979143	0.0208566	1.95829	0.0417131	0.9484839
7375	1	-18.00316	-17.83823	-0.1649363	0.169818	0.974401	0.0255992	1.9488	0.0511983	0.786212
7376	0	-16.09255	-15.76031	-0.3322456	0.147838	0.967959	0.0320406	1.93592	0.0640812	0.9293968
7377	1	-20.51669	-20.35787	-0.1588127	0.232978	0.933441	0.0665591	1.86688	0.133118	0.7814123
7378	0	-18.17469	-17.84888	-0.3258117	-0.143599	0.975072	0.0249275	1.95014	0.0498551	0.9234363
7379	1	-17.28197	-16.97435	-0.3076227	0.190617	0.953683	0.0463172	1.90737	0.0926344	0.9067918
7380	0	-17.70836	-17.31757	-0.3907921	0.369459	0.947461	0.0525394	1.89492	0.105079	0.9854341
7381	1	-14.95805	-14.55379	-0.4042586	0.202301	0.977303	0.0226967	1.95461	0.0453933	0.9987942
7382	0	-15.96404	-15.62241	-0.3416265	0.250254	0.968275	0.0317253	1.93655	0.0634506	0.9381564
7383	1	-18.11266	-17.72371	-0.3889508	0.502558	0.985481	0.0145194	1.97096	0.0290389	0.9836213
7384	0	-19.44187	-19.18484	-0.2570311	-0.147902	0.959143	0.0408568	1.91829	0.0817137	0.8620569
7385	1	-16.41863	-16.05477	-0.3638615	-0.0129112	0.978535	0.0214647	1.95707	0.0429294	0.9592499
7386	0	-16.85647	-16.55452	-0.3019564	0.0438126	0.966715	0.0332848	1.93343	0.0665696	0.9016682
7387	1	-20.57321	-20.17111	-0.4020992	-0.0882202	0.907463	0.0925366	1.81493	0.185073	0.9966397
7388	0	-17.80773	-17.54865	-0.2590717	0.400641	0.980623	0.0193771	1.96125	0.0387542	0.8638178
7389	1	-15.6774	-15.32127	-0.3561316	0.230732	0.981795	0.018205	1.96359	0.03641	0.9518636
7390	0	-19.63486	-19.47577	-0.159087	0.0340236	0.948785	0.0512149	1.89757	0.10243	0.7816266
7391	1	-15.7296	-15.37232	-0.3572792	0.253555	0.969679	0.0303215	1.93936	0.060643	0.9529566
7392	0	-18.52881	-18.33046	-0.1983446	0.361146	0.963593	0.0364075	1.92719	0.0728149	0.8129217
7393	1	-15.74933	-15.37261	-0.3767195	0.214775	0.984152	0.0158478	1.9683	0.0316956	0.9716637
7394	0	-15.78199	-15.44511	-0.3368864	0.158389	0.978398	0.0216024	1.9568	0.0432048	0.93372
7395	1	-16.55538	-16.25588	-0.299506	0.0778591	0.970525	0.0294747	1.94105	0.0589495	0.8994614
7396	0	-17.17005	-16.90479	-0.2652544	0.369224	0.975489	0.0245105	1.95098	0.0490211	0.8691751
7397	1	-16.08351	-15.70415	-0.3793628	0.00277188	0.972535	0.0274649	1.94507	0.0549298	0.9742354
7398	0	-16.37779	-16.07935	-0.2984394	0.285479	0.970985	0.0290148	1.94197	0.0580297	0.8985026
7399	1	-18.0147	-17.66053	-0.3541685	-0.147289	0.965277	0.0347234	1.93055	0.0694467	0.9499968
7400	0	-17.1038	-16.79666	-0.3071434	0.0106585	0.980384	0.0196156	1.96077	0.0392312	0.9063573
7401	1	-16.04097	-15.68598	-0.3549843	0.357313	0.981106	0.0188936	1.96221	0.0377872	0.9507722
7402	0	-16.06468	-15.75708	-0.3075988	0.171557	0.9752	0.0247997	1.9504	0.0495994	0.9067701
7403	1	-16.28317	-15.95996	-0.3232087	0.317121	0.981461	0.0185392	1.96292	0.0370784	0.9210357
7404	0	-17.51524	-17.13457	-0.3806712	-0.119192	0.963106	0.0368938	1.92621	0.0737876	0.9755109
7405	1	-16.98447	-16.62606	-0.3584154	0.465839	0.975041	0.0249586	1.95008	0.0499172	0.95404
7406	0	-15.59421	-15.19642	-0.3977837	0.0738182	0.981464	0.0185362	1.96293	0.0370724	0.992348
7407	1	-15.37615	-14.97219	-0.4039567	0.082659	0.980086	0.0199144	1.96017	0.0398288	0.9984928
7408	0	-16.5413	-16.23391	-0.3073933	0.168328	0.964153	0.0358468	1.92831	0.0716935	0.9065838
7409	1	-15.76673	-15.39228	-0.3744493	0.323914	0.969904	0.0300963	1.93981	0.0601925	0.9694603
7410	0	-16.25758	-15.93523	-0.3223441	0.178245	0.982462	0.0175378	1.96492	0.0350756	0.9202398
7411	1	-15.4862	-15.12104	-0.3651622	0.29643	0.976597	0.0234026	1.95319	0.0468051	0.9604984
7412	0	-16.11807	-15.78566	-0.3324083	0.158853	0.967144	0.0328561	1.93429	0.0657122	0.929548
7413	1	-15.74671	-15.38047	-0.3662442	0.159864	0.967915	0.0320848	1.93583	0.0641697	0.9615383
7414	0	-16.93003	-16.53798	-0.3920571	0.296904	0.95168	0.0483198	1.90336	0.0966396	0.9866815
7415	1	-15.20739	-14.82436	-0.383033	0.221833	0.979621	0.0203793	1.95924	0.0407585	0.9778176
7416	0	-15.91833	-15.59054	-0.3277916	0.189264	0.980074	0.0199263	1.96015	0.0398527	0.9252665
7417	1	-15.94057	-15.59776	-0.3428047	0.291399	0.970263	0.0297366	1.94053	0.0594733	0.9392623
7418	0	-17.63538	-17.33612	-0.2992619	0.193468	0.967188	0.0328121	1.93438	0.0656242	0.8992419
7419	1	-16.34708	-15.96939	-0.3776849	-0.0321309	0.975906	0.0240945	1.95181	0.0481889	0.9726021
7420	0	-17.24377	-16.90478	-0.338989	0.465336	0.974924	0.0250762	1.94985	0.0501524	0.9356852
7421	1	-15.7479	-15.39572	-0.352183	0.105411	0.975318	0.0246823	1.95064	0.0493645	0.9481125
7422	0	-18.63931	-18.36398	-0.2753353	0.446828	0.983603	0.0163971	1.96721	0.0327942	0.8779815
7423	1	-16.11565	-15.81332	-0.3023343	0.19062	0.974107	0.0258927	1.94821	0.0517854	0.902009
7424	0	-16.77679	-16.43226	-0.3445299	0.0717004	0.9589	0.0411001	1.9178	0.0822002	0.9408842
7425	1	-17.42363	-17.03641	-0.3872173	-0.141936	0.970681	0.0293188	1.94136	0.0586376	0.9819177
7426	0	-15.64463	-15.27451	-0.3701182	0.285019	0.970208	0.0297921	1.94042	0.0595841	0.9652705
7427	1	-17.36951	-16.98182	-0.387688	0.454832	0.985671	0.0143288	1.97134	0.0286576	0.9823799
7428	0	-15.71759	-15.35142	-0.3661749	0.304241	0.970743	0.029257	1.94149	0.058514	0.9614717
7429	1	-15.54998	-15.18938	-0.3606048	0.300199	0.976647	0.0233531	1.95329	0.0467062	0.956131
7430	0	-18.49324	-18.11832	-0.3749226	0.552386	0.97974	0.0202596	1.95948	0.0405191	0.9699192
7431	1	-15.62791	-15.23817	-0.3897412	0.238002	0.966274	0.0337259	1.93255	0.0674517	0.9843991
7432	0	-16.32002	-15.95581	-0.3642124	0.420147	0.976235	0.0237647	1.95247	0.0475294	0.9595866
7433	1	-19.50901	-19.27831	-0.2306931	-0.134776	0.974842	0.0251575	1.94968	0.050315	0.8396484
7434	0	-20.2616	-19.95398	-0.3076266	0.129666	0.912261	0.0877393	1.82452	0.175479	0.9067954
7435	1	-17.38999	-17.12314	-0.2668543	0.0493575	0.963256	0.0367444	1.92651	0.0734889	0.8705668
7436	0	-15.28565	-14.89742	-0.3882313	0.259832	0.981616	0.0183843	1.96323	0.0367687	0.9829138
7437	1	-16.7047	-16.41237	-0.2923359	0.236055	0.982825	0.017175	1.96565	0.0343501	0.8930353
7438	0	-19.06683	-18.70885	-0.357977	0.207076	0.924442	0.0755585	1.84888	0.151117	0.9536218
7439	1	-17.58418	-17.39232	-0.1918621	0.232268	0.973453	0.0265474	1.94691	0.0530949	0.807669
7440	0	-18.25034	-17.88448	-0.3658574	0.474478	0.957239	0.0427606	1.91448	0.0855211	0.9611664
7441	1	-15.85124	-15.46839	-0.3828539	0.389083	0.97454	0.0254602	1.94908	0.0509203	0.9776425
7442	0	-15.9794	-15.60609	-0.3733138	0.0785361	0.98246	0.0175403	1.96492	0.0350806	0.96836
7443	1	-15.34784	-14.9704	-0.3774427	0.198234	0.980807	0.0191927	1.96161	0.0383853	0.9723666
7444	0	-18.8154	-18.45863	-0.3567724	0.00430727	0.932554	0.067446	1.86511	0.134892	0.9524737
7445	1	-15.86916	-15.49223	-0.3769368	0.0584548	0.969942	0.0300576	1.93988	0.0601152	0.9718748
7446	0	-15.72166	-15.33902	-0.3826386	0.360146	0.972745	0.0272549	1.94549	0.0545098	0.9774321
7447	1	-20.58162	-20.1961	-0.3855167	-0.147597	0.917209	0.0827913	1.83442	0.165583	0.9802493
7448	0	-15.06136	-14.66018	-0.4011802	0.283431	0.976625	0.0233747	1.95325	0.0467494	0.9957243
7449	1	-15.98905	-15.59673	-0.3923174	0.10385	0.984723	0.0152771	1.96945	0.0305542	0.9869383
7450	0	-16.22019	-15.8612	-0.3589862	0.290254	0.963638	0.0363619	1.92728	0.0727238	0.9545847
7451	1	-19.7541	-19.35456	-0.3995436	-0.295722	0.969127	0.0308728	1.93825	0.0617455	0.994096
7452	0	-17.20851	-16.85374	-0.3547674	0.204427	0.94933	0.0506701	1.89866	0.10134	0.9505659
7453	1	-16.60186	-16.28191	-0.3199459	0.390547	0.976327	0.0236726	1.95265	0.0473453	0.9180355
7454	0	-15.46057	-15.06656	-0.3940119	0.176895	0.968162	0.0318376	1.93632	0.0636752	0.9886121
7455	1	-15.33985	-14.94818	-0.3916757	0.332799	0.978953	0.0210466	1.95791	0.0420931	0.9863052
7456	0	-15.74624	-15.35122	-0.3950184	0.399146	0.979065	0.0209348	1.95813	0.0418696	0.9896076
7457	1	-15.68548	-15.28641	-0.399069	0.136019	0.965135	0.0348654	1.93027	0.0697309	0.9936243
7458	0	-16.19488	-15.85871	-0.3361674	0.0518973	0.975781	0.0242194	1.95156	0.0484388	0.9330489
7459	1	-17.30888	-16.98876	-0.3201199	0.252999	0.952992	0.047008	1.90598	0.094016	0.9181952
7460	0	-15.30667	-14.92405	-0.3826203	0.214642	0.972398	0.0276021	1.9448	0.0552041	0.9774142
7461	1	-16.24428	-15.8727	-0.3715817	0.173144	0.95987	0.0401304	1.91974	0.0802608	0.9666842
7462	0	-16.02596	-15.64588	-0.3800815	0.0700399	0.965589	0.0344107	1.93118	0.0688214	0.9749358
7463	1	-15.24573	-14.8668	-0.378935	0.235051	0.975249	0.0247508	1.9505	0.0495016	0.9738187
7464	0	-15.25138	-14.8625	-0.3888793	0.154932	0.973882	0.0261179	1.94776	0.0522358	0.983551
7465	1	-15.45282	-15.08122	-0.3715978	0.305943	0.976182	0.0238184	1.95236	0.0476368	0.9666998
7466	0	-15.67053	-15.3136	-0.3569275	0.188309	0.970255	0.029745	1.94051	0.05949	0.9526215
7467	1	-16.76967	-16.46346	-0.306208	0.1505	0.961217	0.0387833	1.92243	0.0775666	0.9055099
7468	0	-15.53006	-15.16082	-0.3692352	0.11335	0.977055	0.0229448	1.95411	0.0458896	0.9644185
7469	1	-16.79034	-16.49568	-0.2946533	0.28827	0.982939	0.017061	1.96588	0.034122	0.8951072
7470	0	-16.55142	-16.22244	-0.3289734	0.152761	0.961144	0.0388565	1.92229	0.0777129	0.9263606
7471	1	-16.19675	-15.82389	-0.3728552	0.340894	0.965221	0.0347789	1.93044	0.0695579	0.9679161
7472	0	-18.05234	-17.74058	-0.3117558	0.368662	0.952395	0.0476054	1.90479	0.0952108	0.9105475
7473	1	-16.52268	-16.15793	-0.3647559	0.326224	0.961056	0.0389437	1.92211	0.0778874	0.9601083
7474	0	-17.15926	-16.84353	-0.3157292	-0.0420939	0.97189	0.0281105	1.94378	0.056221	0.9141726
7475	1	-16.41596	-16.12124	-0.2947139	0.127129	0.970714	0.0292863	1.94143	0.0585726	0.8951614
7476	0	-15.24708	-14.85393	-0.3931509	0.179064	0.981528	0.0184724	1.96306	0.0369447	0.9877613
7477	1	-16.70563	-16.36659	-0.3390359	0.399938	0.969401	0.0305995	1.9388	0.061199	0.9357292
7478	0	-17.94899	-17.55548	-0.3935126	-0.14839	0.95849	0.0415097	1.91698	0.0830195	0.9881186
7479	1	-15.8345	-15.50547	-0.3290304	0.166113	0.977477	0.0225233	1.95495	0.0450466	0.9264134
7480	0	-15.36128	-14.99325	-0.3680298	0.195753	0.975293	0.024707	1.95059	0.049414	0.9632567
7481	1	-16.40515	-16.05303	-0.3521146	0.181051	0.959906	0.0400944	1.91981	0.0801887	0.9480477
7482	0	-15.74074	-15.40063	-0.3401145	0.231649	0.980062	0.0199375	1.96012	0.039875	0.9367389
7483	1	-17.04917	-16.80101	-0.248153	0.271849	0.96867	0.03133	1.93734	0.06266	0.8544374
7484	0	-15.49112	-15.12181	-0.369312	0.278256	0.972979	0.0270208	1.94596	0.0540416	0.9644926
7485	1	-15.91514	-15.55014	-0.3650028	0.104944	0.98224	0.0177603	1.96448	0.0355206	0.9603453
7486	0	-16.35668	-16.01148	-0.3451983	0.056943	0.966476	0.0335241	1.93295	0.0670482	0.9415133
7487	1	-16.31256	-15.95384	-0.3587216	0.245144	0.960923	0.0390769	1.92185	0.0781538	0.9543321
7488	0	-15.9187	-15.562	-0.3567032	0.297894	0.96861	0.0313897	1.93722	0.0627795	0.9524079
7489	1	-15.48656	-15.08478	-0.40178	0.369409	0.980547	0.019453	1.96109	0.038906	0.9963216
7490	0	-17.01403	-16.63153	-0.382502	0.0282689	0.953596	0.0464043	1.90719	0.0928087	0.9772985
7491	1	-16.26963	-15.9539	-0.3157302	0.0819292	0.974259	0.0257407	1.94852	0.0514814	0.9141735
7492	0	-16.62911	-16.2299	-0.399213	-0.0377788	0.963099	0.0369012	1.9262	0.0738024	0.9937674
7493	1	-18.55617	-18.17936	-0.3768084	-0.103277	0.944288	0.0557123	1.88858	0.111425	0.97175
7494	0	-18.71038	-18.36432	-0.3460657	0.0683077	0.931898	0.0681025	1.8638	0.136205	0.9423303
7495	1	-15.20999	-14.81172	-0.3982781	0.14519	0.973184	0.0268164	1.94637	0.0536327	0.9928388
7496	0	-15.33578	-14.93792	-0.3978655	0.248423	0.983274	0.0167255	1.96655	0.0334511	0.9924292
7497	1	-18.84844	-18.53408	-0.3143614	0.00443716	0.93737	0.0626304	1.87474	0.125261	0.912923
7498	0	-16.18714	-15.78772	-0.3994109	0.339083	0.962113	0.0378866	1.92423	0.0757732	0.993964
7499	1	-15.83816	-15.44088	-0.3972855	0.0511881	0.967653	0.0323467	1.93531	0.0646935	0.9918538
7500	0	-15.51714	-15.11773	-0.3994109	0.155107	0.96704	0.0329603	1.93408	0.0659207	0.993964
7501	1	-18.72937	-18.4269	-0.3024696	0.215268	0.935728	0.0642725	1.87146	0.128545	0.902131
7502	0	-16.32586	-15.96089	-0.3649622	0.102083	0.984514	0.0154861	1.96903	0.0309722	0.9603063
7503	1	-18.14191	-17.91487	-0.2270372	0.192331	0.984361	0.0156388	1.96872	0.0312775	0.8365843
7504	0	-17.63119	-17.27444	-0.3567586	0.443805	0.96073	0.0392699	1.92146	0.0785398	0.9524606
7505	1	-18.23946	-17.98157	-0.2578909	0.402079	0.961992	0.0380077	1.92398	0.0760154	0.8627984
7506	0	-18.44705	-18.21407	-0.2329749	0.149518	0.948336	0.051664	1.89667	0.103328	0.8415666
7507	1	-17.15394	-16.77215	-0.3817891	0.135069	0.964407	0.0355931	1.92881	0.0711861	0.9766021
7508	0	-20.15573	-19.93946	-0.2162693	-0.0298567	0.935821	0.0641794	1.87164	0.128359	0.8276244
7509	1	-15.40988	-15.04181	-0.3680708	0.155501	0.97661	0.0233902	1.95322	0.0467805	0.9632962
7510	0	-19.47296	-19.35395	-0.1190184	0.0379253	0.961447	0.0385533	1.92289	0.0771066	0.7509271
7511	1	-16.28725	-15.9607	-0.3265477	0.055826	0.976091	0.0239092	1.95218	0.0478185	0.9241162
7512	0	-19.77081	-19.65696	-0.1138475	-0.00497832	0.964128	0.0358721	1.92826	0.0717443	0.7470541
7513	1	-17.5832	-17.28909	-0.2941172	-0.0449603	0.966485	0.033515	1.93297	0.0670299	0.8946275
7514	0	-18.57911	-18.35334	-0.2257615	0.0982816	0.948827	0.0511729	1.89765	0.102346	0.8355178
7515	1	-15.76531	-15.3731	-0.3922027	0.386124	0.981122	0.0188778	1.96224	0.0377556	0.9868252
7516	0	-18.51041	-18.28429	-0.2261205	0.435092	0.973537	0.0264629	1.94707	0.0529258	0.8358178
7517	1	-16.4034	-16.0142	-0.3892021	0.448359	0.973783	0.0262172	1.94757	0.0524344	0.9838685
7518	0	-20.84459	-20.55917	-0.2854181	0.171741	0.906685	0.0933147	1.81337	0.186629	0.8868788
7519	1	-17.28168	-16.8875	-0.3941791	-0.0787487	0.958391	0.0416086	1.91678	0.0832172	0.9887774
7520	0	-17.52036	-17.26829	-0.2520669	0.0797603	0.981291	0.0187092	1.96258	0.0374184	0.8577881
7521	1	-15.5394	-15.15654	-0.382858	0.0968975	0.972379	0.0276209	1.94476	0.0552419	0.9776465
7522	0	-15.84981	-15.44678	-0.403023	-0.00479511	0.976071	0.0239289	1.95214	0.0478578	0.9975609
7523	1	-17.3121	-16.93975	-0.3723444	0.192134	0.946104	0.0538963	1.89221	0.107793	0.9674218
7524	0	-16.10508	-15.76386	-0.3412198	0.0680269	0.978478	0.0215225	1.95696	0.0430449	0.9377749
7525	1	-15.85408	-15.48457	-0.3695069	0.0631418	0.979634	0.0203663	1.95927	0.0407327	0.9646807
7526	0	-17.29662	-16.98431	-0.3123115	0.400176	0.965322	0.0346783	1.93064	0.0693565	0.9110535
7527	1	-15.76174	-15.3713	-0.3904416	0.307595	0.984474	0.015526	1.96895	0.031052	0.9850887
7528	0	-18.55036	-18.32773	-0.2226279	0.43193	0.97207	0.0279304	1.94414	0.0558608	0.8329038
7529	1	-15.64056	-15.29641	-0.3441458	0.216339	0.973913	0.0260871	1.94783	0.0521742	0.9405229
7530	0	-16.01921	-15.64246	-0.3767559	0.0112871	0.976859	0.023141	1.95372	0.046282	0.971699
7531	1	-16.24499	-15.86027	-0.3847251	0.197622	0.958372	0.0416277	1.91674	0.0832554	0.9794736
7532	0	-15.99475	-15.61506	-0.3796866	0.0595533	0.982298	0.0177019	1.9646	0.0354038	0.9745509
7533	1	-15.41389	-15.02667	-0.3872153	0.220568	0.969634	0.0303657	1.93927	0.0607314	0.9819157
7534	0	-16.2984	-15.92425	-0.374149	0.383132	0.967509	0.0324909	1.93502	0.0649818	0.9691692
7535	1	-16.35277	-15.98653	-0.3662362	0.311639	0.962136	0.0378636	1.92427	0.0757272	0.9615306
7536	0	-16.41452	-16.08048	-0.3340482	0.388783	0.97523	0.0247703	1.95046	0.0495406	0.9310737
7537	1	-16.19373	-15.82366	-0.3700686	0.124949	0.96171	0.0382897	1.92342	0.0765793	0.9652226
7538	0	-15.22673	-14.84066	-0.3860728	0.285227	0.978816	0.0211841	1.95763	0.0423682	0.9807945
7539	1	-17.92648	-17.57776	-0.3487239	0.132514	0.940757	0.0592432	1.88151	0.118486	0.9448385
7540	0	-15.39742	-15.01908	-0.378336	0.313364	0.97822	0.0217801	1.95644	0.0435601	0.9732356
7541	1	-17.02047	-16.78568	-0.2347968	0.225387	0.977373	0.0226272	1.95475	0.0452544	0.8431012
7542	0	-16.78943	-16.50991	-0.2795182	0.263365	0.966143	0.0338566	1.93229	0.0677131	0.8816616
7543	1	-17.74517	-17.37634	-0.3688317	-0.0310166	0.949436	0.0505641	1.89887	0.101128	0.9640295
7544	0	-19.48988	-19.21074	-0.2791356	-0.122006	0.947634	0.0523657	1.89527	0.104731	0.8813244
7545	1	-19.15406	-18.91495	-0.2391122	0.043184	0.941124	0.0588758	1.88225	0.117752	0.8467473
7546	0	-16.67332	-16.36373	-0.309591	0.259706	0.983879	0.0161206	1.96776	0.0322412	0.9085783
7547	1	-17.356	-17.10347	-0.2525284	0.33742	0.98057	0.0194301	1.96114	0.0388602	0.8581841
7548	0	-18.35204	-17.95676	-0.3952811	0.38836	0.941211	0.0587886	1.88242	0.117577	0.9898677
7549	1	-16.00827	-15.60505	-0.4032168	0.17874	0.959577	0.0404231	1.91915	0.0808463	0.9977543
7550	0	-16.53957	-16.16286	-0.3767153	-0.0226119	0.966387	0.0336133	1.93277	0.0672267	0.9716596
7551	1	-15.22429	-14.83818	-0.3861044	0.161869	0.975338	0.0246617	1.95068	0.0493234	0.9808255
7552	0	-16.69079	-16.31661	-0.3741823	0.121418	0.986554	0.0134463	1.97311	0.0268927	0.9692014
7553	1	-17.33931	-17.06209	-0.2772159	0.0959272	0.98304	0.0169596	1.96608	0.0339193	0.8796341
7554	0	-16.84429	-16.46891	-0.3753808	0.471126	0.974794	0.0252065	1.94959	0.050413	0.9703638
7555	1	-18.43834	-18.19118	-0.2471557	0.405945	0.961813	0.0381874	1.92363	0.0763748	0.8535856
7556	0	-17.79761	-17.40131	-0.3962989	0.355326	0.944658	0.0553416	1.88932	0.110683	0.9908757
7557	1	-16.22323	-15.86224	-0.3609939	0.392096	0.981034	0.0189659	1.96207	0.0379318	0.9565032
7558	0	-15.37065	-14.99499	-0.3756617	0.289114	0.975368	0.024632	1.95074	0.049264	0.9706363
7559	1	-16.04215	-15.70077	-0.3413781	0.334303	0.972288	0.0277122	1.94458	0.0554245	0.9379234
7560	0	-16.37449	-15.96971	-0.4047765	0.0356523	0.959597	0.0404031	1.91919	0.0808061	0.9993117
7561	1	-17.08167	-16.78667	-0.2949963	0.362041	0.982278	0.0177219	1.96456	0.0354439	0.8954142
7562	0	-16.91162	-16.54332	-0.3682987	0.449518	0.969309	0.0306909	1.93862	0.0613818	0.9635158
7563	1	-18.56403	-18.2122	-0.351823	0.391238	0.943828	0.0561724	1.88766	0.112345	0.9477712
7564	0	-16.18024	-15.83779	-0.342452	0.364756	0.97994	0.0200596	1.95988	0.0401191	0.9389312
7565	1	-18.69015	-18.30678	-0.3833749	0.250537	0.928329	0.0716708	1.85666	0.143342	0.9781519
7566	0	-17.8177	-17.44613	-0.3715688	0.328399	0.944926	0.0550741	1.88985	0.110148	0.9666718
7567	1	-15.73219	-15.39852	-0.3336732	0.242418	0.976185	0.0238148	1.95237	0.0476295	0.9307245
7568	0	-17.29635	-17.07279	-0.2235555	0.217108	0.967654	0.0323457	1.93531	0.0646915	0.8336767
7569	1	-15.97963	-15.64596	-0.3336732	0.239575	0.969111	0.0308891	1.93822	0.0617782	0.9307245
7570	0	-18.54178	-18.33696	-0.2048252	0.389663	0.979958	0.0200424	1.95992	0.0400847	0.818207
7571	1	-16.56598	-16.26301	-0.3029746	0.219642	0.96442	0.0355799	1.92884	0.0711598	0.9025867
7572	0	-17.06416	-16.76178	-0.3023896	-0.006684	0.969753	0.0302475	1.93951	0.060495	0.9020589
7573	1	-16.74688	-16.44221	-0.3046656	0.0639724	0.980475	0.019525	1.96095	0.03905	0.9041143
7574	0	-15.76746	-15.40492	-0.3625451	0.0788977	0.974287	0.0257133	1.94857	0.0514265	0.9579881
7575	1	-15.62527	-15.27828	-0.3469908	0.173374	0.974568	0.0254315	1.94914	0.0508631	0.9432024
7576	0	-16.34552	-16.04503	-0.30049	0.243071	0.980974	0.0190257	1.96195	0.0380514	0.900347
7577	1	-16.56149	-16.17016	-0.3913271	-0.0347129	0.981802	0.0181983	1.9636	0.0363966	0.9859615
7578	0	-18.38639	-18.06087	-0.3255284	-0.0645094	0.94923	0.0507697	1.89846	0.101539	0.9231748
7579	1	-17.59842	-17.24519	-0.353229	-0.101219	0.979804	0.0201957	1.95961	0.0403914	0.9491047
7580	0	-18.47345	-18.17487	-0.298581	-0.139312	0.970503	0.0294974	1.94101	0.0589949	0.8986298
7581	1	-16.92285	-16.51995	-0.4029	0.0383078	0.964982	0.0350175	1.92996	0.0700351	0.9974381
7582	0	-17.38022	-17.12693	-0.2532904	0.0430645	0.967646	0.0323542	1.93529	0.0647084	0.8588382
7583	1	-16.33677	-15.93387	-0.4029	0.454475	0.973341	0.0266591	1.94668	0.0533182	0.9974381
7584	0	-17.51275	-17.23878	-0.2739713	0.345942	0.962298	0.037702	1.9246	0.0754041	0.8767847
7585	1	-17.79917	-17.47643	-0.3227384	-0.00824912	0.952624	0.0473763	1.90525	0.0947526	0.9206027
7586	0	-16.8612	-16.49134	-0.3698599	0.360323	0.958841	0.0411588	1.91768	0.0823177	0.9650212
7587	1	-15.43855	-15.05844	-0.3801111	0.121633	0.979523	0.0204773	1.95905	0.0409546	0.9749647
7588	0	-17.69097	-17.45936	-0.2316074	0.356421	0.969538	0.0304618	1.93908	0.0609235	0.8404164
7589	1	-16.30742	-16.01423	-0.2931939	0.157437	0.977819	0.0221812	1.95564	0.0443625	0.8938018
7590	0	-17.86971	-17.62956	-0.240151	0.0794506	0.95793	0.0420699	1.91586	0.0841399	0.8476274
7591	1	-18.67156	-18.50243	-0.1691313	0.0191658	0.967039	0.0329605	1.93408	0.0659211	0.7895171
7592	0	-20.56314	-20.3111	-0.2520447	0.280861	0.989501	0.0104986	1.979	0.0209972	0.857769
7593	1	-18.59293	-18.398	-0.1949304	0.386112	0.967569	0.0324309	1.93514	0.0648618	0.8101509
7594	0	-16.82037	-16.53921	-0.2811636	0.328268	0.970121	0.0298786	1.94024	0.0597573	0.8831136
7595	1	-18.60397	-18.45673	-0.1472434	0.114609	0.963839	0.0361614	1.92768	0.0723228	0.7724239
7596	0	-17.91658	-17.56216	-0.3544179	0.509317	0.980586	0.0194145	1.96117	0.0388289	0.9502338
7597	1	-17.7201	-17.48329	-0.2368087	0.0786189	0.96109	0.0389099	1.92218	0.0778198	0.8447992
7598	0	-16.31681	-15.9223	-0.3945081	0.179849	0.986934	0.0130658	1.97387	0.0261317	0.9891028
7599	1	-16.55311	-16.20162	-0.3514862	0.113176	0.959329	0.040671	1.91866	0.0813419	0.9474521
7600	0	-15.9256	-15.5424	-0.3832007	0.0316893	0.97059	0.0294097	1.94118	0.0588195	0.9779816
7601	1	-16.9225	-16.59501	-0.3274861	0.0748474	0.958883	0.0411166	1.91777	0.0822332	0.9249838
7602	0	-15.22996	-14.84345	-0.3865076	0.16882	0.974441	0.0255595	1.94888	0.051119	0.981221
7603	1	-18.55298	-18.25181	-0.3011791	0.391406	0.950286	0.0497145	1.90057	0.0994289	0.9009676
7604	0	-15.68423	-15.3457	-0.3385312	0.25048	0.97664	0.0233596	1.95328	0.0467193	0.935257
7605	1	-18.73376	-18.33053	-0.4032361	-0.189776	0.951587	0.048413	1.90317	0.096826	0.9977735
7606	0	-16.89167	-16.61028	-0.2813946	0.109442	0.964882	0.0351184	1.92976	0.0702368	0.8833175
7607	1	-15.3937	-15.01535	-0.3783452	0.309522	0.978921	0.0210789	1.95784	0.0421577	0.9732445
7608	0	-16.3074	-16.02017	-0.2872264	0.183412	0.973799	0.026201	1.9476	0.0524021	0.888484
7609	1	-15.50672	-15.13908	-0.3676402	0.260995	0.972178	0.0278222	1.94436	0.0556445	0.9628815
7610	0	-16.29471	-15.98458	-0.3101336	0.330221	0.976287	0.0237131	1.95257	0.0474261	0.9090715
7611	1	-16.1007	-15.70552	-0.3951774	-0.0239638	0.973596	0.026404	1.94719	0.052808	0.989765
7612	0	-16.0642	-15.71263	-0.3515656	0.118952	0.982533	0.0174673	1.96507	0.0349346	0.9475273
7613	1	-15.71393	-15.36178	-0.3521541	0.314094	0.975594	0.0244061	1.95119	0.0488122	0.9480851
7614	0	-16.47036	-16.10042	-0.3699425	0.347417	0.962571	0.0374292	1.92514	0.0748584	0.9651009
7615	1	-16.71578	-16.4564	-0.2593791	0.254454	0.972447	0.0275531	1.94489	0.0551062	0.8640834
7616	0	-16.33866	-15.97582	-0.3628394	0.279651	0.961191	0.038809	1.92238	0.077618	0.95827
7617	1	-15.65411	-15.2732	-0.3809112	0.35765	0.980311	0.0196888	1.96062	0.0393776	0.9757451
7618	0	-16.59168	-16.20497	-0.3867056	0.127734	0.95448	0.0455199	1.90896	0.0910398	0.9814153
7619	1	-16.44887	-16.13877	-0.3101003	0.0716589	0.977972	0.0220284	1.95594	0.0440567	0.9090412
7620	0	-15.79099	-15.41821	-0.3727791	0.0876371	0.969665	0.0303347	1.93933	0.0606694	0.9678424
7621	1	-15.25215	-14.85836	-0.3937933	0.183511	0.971692	0.0283076	1.94338	0.0566153	0.9883961
7622	0	-16.65018	-16.25796	-0.3922221	0.389937	0.961461	0.0385392	1.92292	0.0770783	0.9868443
7623	1	-17.65561	-17.25632	-0.3992951	0.390471	0.949153	0.050847	1.89831	0.101694	0.993849
7624	0	-19.82503	-19.57085	-0.254179	0.38214	0.940411	0.0595894	1.88082	0.119179	0.8596018
7625	1	-15.99964	-15.62128	-0.3783597	0.388157	0.98157	0.01843	1.96314	0.0368599	0.9732586
7626	0	-17.37201	-17.07659	-0.2954221	-0.0387865	0.97258	0.02742	1.94516	0.0548399	0.8957956
7627	1	-17.01184	-16.60714	-0.4047051	-0.0781253	0.961192	0.0388078	1.92238	0.0776155	0.9992402
7628	0	-15.79737	-15.46435	-0.3330164	0.157861	0.97524	0.0247601	1.95048	0.0495203	0.9301134
7629	1	-15.52486	-15.15834	-0.3665163	0.204597	0.971122	0.0288779	1.94224	0.0577559	0.9618
7630	0	-15.18872	-14.80455	-0.3841679	0.191419	0.975843	0.0241568	1.95169	0.0483136	0.978928
7631	1	-15.30322	-14.91866	-0.3845619	0.181989	0.981027	0.0189729	1.96205	0.0379459	0.9793138
7632	0	-15.45946	-15.05648	-0.4029784	0.275588	0.967953	0.0320468	1.93591	0.0640937	0.9975164
7633	1	-15.53884	-15.18047	-0.3583696	0.244905	0.973047	0.0269526	1.94609	0.0539051	0.9539963
7634	0	-15.06697	-14.67406	-0.392912	0.231628	0.977747	0.0222533	1.95549	0.0445066	0.9875254
7635	1	-16.45328	-16.11107	-0.3422147	0.402553	0.974554	0.0254464	1.94911	0.0508928	0.9387084
7636	0	-16.39476	-16.052	-0.3427531	0.0386316	0.980301	0.0196992	1.9606	0.0393984	0.9392139
7637	1	-16.69466	-16.34324	-0.3514225	0.392946	0.96652	0.0334805	1.93304	0.066961	0.9473917
7638	0	-17.74573	-17.43578	-0.3099449	0.143037	0.947482	0.052518	1.89496	0.105036	0.9089
7639	1	-17.20398	-16.93443	-0.2695526	0.361343	0.979943	0.0200572	1.95989	0.0401144	0.872919
7640	0	-15.02556	-14.62563	-0.3999278	0.198758	0.979324	0.0206756	1.95865	0.0413512	0.994478
7641	1	-17.81198	-17.50511	-0.3068771	0.293203	0.950103	0.0498974	1.90021	0.0997949	0.9061159
7642	0	-15.55893	-15.20123	-0.3576999	0.165487	0.973332	0.0266679	1.94666	0.0533358	0.9533576
7643	1	-15.65394	-15.29925	-0.3546969	0.246755	0.981256	0.0187444	1.96251	0.0374887	0.950499
7644	0	-16.12904	-15.81989	-0.3091582	0.227551	0.971128	0.0288718	1.94226	0.0577435	0.9081853
7645	1	-17.57316	-17.18491	-0.3882493	0.503341	0.983106	0.0168942	1.96621	0.0337884	0.9829315
7646	0	-16.97027	-16.57718	-0.3930889	-0.0792548	0.963927	0.0360726	1.92785	0.0721452	0.9877001
7647	1	-15.32121	-14.92988	-0.391335	0.229271	0.982574	0.0174262	1.96515	0.0348524	0.9859692
7648	0	-16.8302	-16.54581	-0.2843893	0.26629	0.964771	0.0352291	1.92954	0.0704582	0.8859668
7649	1	-16.04633	-15.66247	-0.3838592	0.0843666	0.963889	0.0361105	1.92778	0.072221	0.9786258
7650	0	-18.45805	-18.31613	-0.1419193	0.240149	0.967839	0.0321607	1.93568	0.0643214	0.7683224
7651	1	-15.9754	-15.65548	-0.3199246	0.145776	0.975247	0.0247532	1.95049	0.0495064	0.9180159
7652	0	-19.0747	-18.86839	-0.2063077	0.0473221	0.983771	0.0162293	1.96754	0.0324585	0.8194209
7653	1	-16.89741	-16.60232	-0.2950965	0.0402719	0.967941	0.0320593	1.93588	0.0641186	0.895504
7654	0	-19.09182	-18.97964	-0.1121728	0.301911	0.972887	0.027113	1.94577	0.0542259	0.7458041
7655	1	-16.46621	-16.13102	-0.3351979	0.36932	0.969822	0.0301778	1.93964	0.0603555	0.9321447
7656	0	-17.98919	-17.80864	-0.1805492	0.254795	0.966605	0.0333948	1.93321	0.0667896	0.7985833
7657	1	-18.93392	-18.53288	-0.4010365	-0.0877222	0.933738	0.066262	1.86748	0.132524	0.9955812
7658	0	-19.02382	-18.85754	-0.1662801	0.0497909	0.955935	0.044065	1.91187	0.08813	0.7872692
7659	1	-15.94793	-15.62819	-0.3197362	0.157425	0.975592	0.0244079	1.95118	0.0488158	0.917843
7660	0	-20.33955	-20.22734	-0.1122108	-0.0627177	0.970133	0.0298673	1.94027	0.0597345	0.7458324
7661	1	-15.20288	-14.8089	-0.393979	0.149987	0.974208	0.0257921	1.94842	0.0515842	0.9885796
7662	0	-20.13983	-19.97258	-0.1672473	0.101876	0.985675	0.0143246	1.97135	0.0286492	0.7880311
7663	1	-16.14322	-15.83354	-0.3096823	0.262377	0.971926	0.0280735	1.94385	0.056147	0.9086613
7664	0	-18.37443	-18.17619	-0.1982451	-0.00257779	0.969664	0.0303356	1.93933	0.0606713	0.8128408
7665	1	-16.25148	-15.93493	-0.3165523	0.2784	0.968995	0.0310052	1.93799	0.0620104	0.9149254
7666	0	-16.47485	-16.18079	-0.2940615	0.259218	0.968537	0.0314629	1.93707	0.0629259	0.8945776
7667	1	-15.47103	-15.11501	-0.356022	0.237749	0.977112	0.0228882	1.95422	0.0457764	0.9517593
7668	0	-17.7843	-17.53556	-0.2487454	0.399972	0.971343	0.0286569	1.94269	0.0573139	0.8549437
7669	1	-17.036	-16.63581	-0.4001906	0.391775	0.956285	0.0437148	1.91257	0.0874295	0.9947394
7670	0	-16.16573	-15.83101	-0.3347127	0.288614	0.967753	0.0322472	1.93551	0.0644943	0.9316925
7671	1	-18.24114	-17.93662	-0.3045243	0.113126	0.942009	0.0579905	1.88402	0.115981	0.9039865
7672	0	-17.30058	-17.01547	-0.2851046	0.37681	0.966942	0.0330576	1.93388	0.0661151	0.8866008
7673	1	-15.33579	-14.96315	-0.372635	0.240422	0.979735	0.0202651	1.95947	0.0405301	0.967703
7674	0	-15.95753	-15.58289	-0.3746403	0.32381	0.984007	0.0159933	1.96801	0.0319866	0.9696454
7675	1	-15.99636	-15.62751	-0.3688495	0.065987	0.9815	0.0184995	1.963	0.036999	0.9640466
7676	0	-16.21367	-15.89634	-0.3173331	0.192044	0.967581	0.0324191	1.93516	0.0648381	0.91564
7677	1	-15.52184	-15.15413	-0.3677153	0.156645	0.980501	0.0194991	1.961	0.0389981	0.9629539
7678	0	-15.88705	-15.5245	-0.3625589	0.121316	0.96754	0.0324604	1.93508	0.0649208	0.9580012
7679	1	-15.60082	-15.2331	-0.3677153	0.17221	0.969916	0.0300837	1.93983	0.0601674	0.9629539
7680	0	-16.58083	-16.23028	-0.3505457	0.427792	0.977658	0.0223424	1.95532	0.0446847	0.9465614
7681	1	-15.74479	-15.35071	-0.3940797	0.399275	0.977959	0.0220407	1.95592	0.0440814	0.9886792
7682	0	-15.66917	-15.27214	-0.3970268	0.23491	0.964811	0.0351895	1.92962	0.0703789	0.9915972
7683	1	-15.40808	-15.02039	-0.3876905	0.109013	0.979601	0.0203986	1.9592	0.0407972	0.9823824
7684	0	-16.48286	-16.08424	-0.3986201	-0.0285678	0.964543	0.0354566	1.92909	0.0709132	0.9931783
7685	1	-16.87636	-16.51111	-0.3652524	0.311788	0.955834	0.044166	1.91167	0.0883319	0.9605851
7686	0	-16.43652	-16.05471	-0.3818096	0.0523628	0.960292	0.0397081	1.92058	0.0794162	0.9766221
7687	1	-18.52006	-18.33173	-0.1883265	0.133585	0.955012	0.044988	1.91002	0.089976	0.8048184
7688	0	-16.39687	-16.0591	-0.3377619	0.24604	0.984606	0.0153942	1.96921	0.0307885	0.9345378
7689	1	-17.12128	-16.86776	-0.2535155	0.338598	0.97379	0.0262097	1.94758	0.0524195	0.8590315
7690	0	-17.35698	-16.95732	-0.3996561	0.210929	0.943112	0.0568877	1.88622	0.113775	0.9942079
7691	1	-16.94963	-16.65104	-0.2985904	0.361132	0.981781	0.0182185	1.96356	0.0364371	0.8986383
7692	0	-15.33587	-14.93044	-0.4054288	0.358872	0.979519	0.0204813	1.95904	0.0409626	0.9999637
7693	1	-16.46108	-16.17409	-0.2869898	0.251226	0.97007	0.0299304	1.94014	0.0598608	0.8882737
7694	0	-16.91928	-16.57863	-0.3406504	0.312195	0.958133	0.0418672	1.91627	0.0837345	0.9372411
7695	1	-16.08124	-15.76373	-0.3175174	0.234163	0.980706	0.0192942	1.96141	0.0385883	0.9158088
7696	0	-16.03151	-15.65577	-0.3757371	0.0284221	0.979963	0.0200366	1.95993	0.0400731	0.9707096
7697	1	-17.50953	-17.18414	-0.3253883	0.152453	0.948668	0.0513318	1.89734	0.102664	0.9230455
7698	0	-17.56547	-17.21872	-0.3467417	0.439474	0.962253	0.0377475	1.92451	0.0754949	0.9429675
7699	1	-17.61811	-17.30932	-0.3087955	0.288385	0.986673	0.0133271	1.97335	0.0266542	0.9078559
7700	0	-17.62004	-17.25057	-0.3694676	0.445617	0.959472	0.0405283	1.91894	0.0810566	0.9646427
7701	1	-17.46665	-17.10688	-0.3597737	0.437079	0.961314	0.0386865	1.92263	0.0773729	0.9553367
7702	0	-17.16469	-16.82702	-0.3376662	0.0207314	0.957548	0.0424516	1.9151	0.0849032	0.9344484
7703	1	-15.7504	-15.40861	-0.3417904	0.193076	0.980275	0.0197248	1.96055	0.0394496	0.9383102
7704	0	-16.79628	-16.44981	-0.3464689	0.313905	0.959063	0.0409369	1.91813	0.0818738	0.9427104
7705	1	-16.1687	-15.82366	-0.3450344	0.359748	0.980815	0.0191847	1.96163	0.0383694	0.941359
7706	0	-15.55155	-15.18492	-0.3666327	0.181103	0.981422	0.0185776	1.96284	0.0371553	0.9619119
7707	1	-16.07648	-15.71486	-0.3616228	0.0988587	0.965684	0.0343164	1.93137	0.0686328	0.9571049
7708	0	-14.99242	-14.59236	-0.400055	0.228829	0.977456	0.0225437	1.95491	0.0450873	0.9946045
7709	1	-17.29921	-16.92948	-0.3697281	-0.0867877	0.980775	0.0192254	1.96155	0.0384508	0.964894
7710	0	-16.74783	-16.34457	-0.4032576	-0.0911176	0.968961	0.0310387	1.93792	0.0620774	0.9977949
7711	1	-17.23647	-16.94622	-0.2902494	0.1331	0.957187	0.0428126	1.91437	0.0856252	0.8911739
7712	0	-17.12747	-16.76677	-0.3606999	0.206273	0.949754	0.0502456	1.89951	0.100491	0.956222
7713	1	-17.61592	-17.24939	-0.3665296	-0.131246	0.967272	0.0327284	1.93454	0.0654567	0.9618127
7714	0	-16.86536	-16.49221	-0.373151	-0.0816646	0.974308	0.0256916	1.94862	0.0513832	0.9682025
7715	1	-15.55017	-15.16889	-0.3812869	0.122192	0.970494	0.0295058	1.94099	0.0590116	0.9761117
7716	0	-15.63882	-15.24546	-0.393357	0.300866	0.967697	0.0323026	1.93539	0.0646052	0.9879649
7717	1	-15.87147	-15.50159	-0.3698887	0.0457164	0.974023	0.0259772	1.94805	0.0519545	0.965049
7718	0	-15.73256	-15.37074	-0.3618235	0.0849923	0.975344	0.0246556	1.95069	0.0493112	0.9572969
7719	1	-16.17912	-15.83148	-0.3476361	0.154916	0.963977	0.0360233	1.92795	0.0720466	0.9438113
7720	0	-15.91131	-15.5391	-0.3722083	0.371591	0.972758	0.0272422	1.94552	0.0544845	0.9672901
7721	1	-16.36662	-15.9886	-0.3780272	0.36602	0.984967	0.0150335	1.96993	0.0300669	0.9729351
7722	0	-15.99577	-15.59157	-0.4042021	-0.0109745	0.979781	0.0202186	1.95956	0.0404371	0.9987378
7723	1	-17.08098	-16.73921	-0.3417694	0.0301514	0.984202	0.0157978	1.9684	0.0315957	0.9382905
7724	0	-18.06638	-17.72311	-0.3432757	0.140673	0.939364	0.0606364	1.87873	0.121273	0.9397049
7725	1	-16.0108	-15.63837	-0.3724316	0.120714	0.964203	0.0357973	1.92841	0.0715946	0.9675061
7726	0	-19.18537	-18.80238	-0.3829963	0.108075	0.919719	0.0802808	1.83944	0.160562	0.9777818
7727	1	-15.22454	-14.83362	-0.3909164	0.266283	0.973519	0.0264806	1.94704	0.0529613	0.9855566
7728	0	-16.01326	-15.68771	-0.3255432	0.233304	0.981144	0.0188561	1.96229	0.0377121	0.9231885
7729	1	-16.35834	-16.01989	-0.3384519	0.389671	0.977794	0.0222064	1.95559	0.0444128	0.9351829
7730	0	-16.8451	-16.48126	-0.3638401	0.462458	0.976109	0.0238906	1.95222	0.0477812	0.9592294
7731	1	-20.85227	-20.50618	-0.3460955	0.365234	0.912122	0.0878782	1.82424	0.175756	0.9423584
7732	0	-16.4664	-16.15409	-0.3123048	0.166776	0.982729	0.0172711	1.96546	0.0345422	0.9110474
7733	1	-20.15743	-19.93611	-0.2213136	-0.00305661	0.932396	0.0676043	1.86479	0.135209	0.8318098
7734	0	-17.62246	-17.37601	-0.2464542	0.0684407	0.980888	0.0191124	1.96178	0.0382248	0.8529871
7735	1	-16.92969	-16.68177	-0.2479177	0.125073	0.974398	0.0256016	1.9488	0.0512031	0.8542363
7736	0	-16.39151	-16.10781	-0.2836977	0.171547	0.972499	0.0275012	1.945	0.0550024	0.8853542
7737	1	-15.89661	-15.5115	-0.3851068	0.12858	0.964003	0.035997	1.92801	0.0719939	0.9798475
7738	0	-17.08489	-16.76499	-0.3198996	0.169996	0.954789	0.0452113	1.90958	0.0904227	0.917993
7739	1	-15.89206	-15.52589	-0.3661745	0.350731	0.971706	0.028294	1.94341	0.056588	0.9614713
7740	0	-15.71241	-15.35439	-0.3580247	0.3318	0.977033	0.0229674	1.95407	0.0459349	0.9536673
7741	1	-17.76585	-17.42974	-0.3361034	0.201554	0.988101	0.0118991	1.9762	0.0237982	0.9329892
7742	0	-15.61536	-15.21739	-0.3979736	0.162914	0.9656	0.0343998	1.9312	0.0687996	0.9925364
7743	1	-17.35741	-17.09861	-0.2587984	0.0359925	0.967601	0.0323986	1.9352	0.0647973	0.8635817
7744	0	-18.13336	-17.74768	-0.3856825	0.00567862	0.939074	0.0609264	1.87815	0.121853	0.9804117
7745	1	-16.31755	-16.03115	-0.2863935	0.17436	0.97557	0.02443	1.95114	0.04886	0.8877442
7746	0	-19.11564	-18.96379	-0.1518454	0.372263	0.967619	0.0323806	1.93524	0.0647612	0.7759868
7747	1	-17.06808	-16.80023	-0.26785	0.0932249	0.980215	0.0197854	1.96043	0.0395707	0.8714341
7748	0	-19.22883	-19.07297	-0.1558553	0.206008	0.950593	0.0494072	1.90119	0.0988145	0.7791047
7749	1	-15.77855	-15.4274	-0.3511516	0.190213	0.981896	0.0181044	1.96379	0.0362088	0.9471351
7750	0	-20.19332	-19.99255	-0.2007731	0.0704764	0.930626	0.069374	1.86125	0.138748	0.8148982
7751	1	-17.37459	-17.03826	-0.3363289	0.167578	0.949078	0.0509219	1.89816	0.101844	0.9331995
7752	0	-17.04468	-16.77409	-0.2705889	0.194937	0.962205	0.0377948	1.92441	0.0755896	0.8738241
7753	1	-16.06456	-15.69295	-0.371616	0.23444	0.962454	0.0375461	1.92491	0.0750922	0.9667174
7754	0	-17.13747	-16.88354	-0.2539232	0.271986	0.965772	0.0342284	1.93154	0.0684568	0.8593819
7755	1	-16.68851	-16.40976	-0.2787574	0.276499	0.968741	0.0312594	1.93748	0.0625188	0.8809912
7756	0	-16.8592	-16.6121	-0.2471013	0.26183	0.974635	0.0253654	1.94927	0.0507308	0.8535392
7757	1	-17.74822	-17.56384	-0.1843779	0.230895	0.976537	0.023463	1.95307	0.0469261	0.8016467
7758	0	-16.35356	-16.06681	-0.2867431	0.242504	0.972537	0.027463	1.94507	0.0549259	0.8880546
7759	1	-16.18135	-15.87826	-0.3030938	0.156078	0.977727	0.0222726	1.95545	0.0445452	0.9026943
7760	0	-17.7738	-17.59348	-0.1803203	0.242444	0.974143	0.0258569	1.94829	0.0517138	0.7984006
7761	1	-16.45323	-16.15549	-0.2977332	0.310109	0.971719	0.0282815	1.94344	0.056563	0.8978682
7762	0	-16.56804	-16.24922	-0.3188162	0.25758	0.962943	0.0370568	1.92589	0.0741137	0.916999
7763	1	-15.56983	-15.21671	-0.3531183	0.277303	0.977751	0.0222494	1.9555	0.0444988	0.9489997
7764	0	-16.57757	-16.28619	-0.2913824	0.0868139	0.971541	0.0284587	1.94308	0.0569175	0.8921842
7765	1	-17.9213	-17.63894	-0.282356	-0.0656541	0.966263	0.033737	1.93253	0.0674741	0.8841672
7766	0	-16.28689	-15.99025	-0.2966406	0.133356	0.975149	0.0248514	1.9503	0.0497028	0.8968878
7767	1	-17.53914	-17.30229	-0.2368552	0.322355	0.966516	0.0334838	1.93303	0.0669677	0.8448384
7768	0	-16.46834	-16.13763	-0.3307041	0.217889	0.961824	0.0381755	1.92365	0.0763511	0.9279652
7769	1	-16.93006	-16.65734	-0.2727249	0.314169	0.968508	0.0314922	1.93702	0.0629843	0.8756925
7770	0	-15.56198	-15.21364	-0.3483347	0.19454	0.976374	0.0236257	1.95275	0.0472514	0.9444709
7771	1	-18.92416	-18.71364	-0.2105122	0.329623	0.952475	0.047525	1.90495	0.09505	0.8228734
7772	0	-17.36381	-17.00888	-0.3549227	0.303366	0.950609	0.0493913	1.90122	0.0987825	0.9507136
7773	1	-19.48592	-19.29161	-0.1943033	0.0716318	0.942031	0.0579689	1.88406	0.115938	0.809643
7774	0	-15.56043	-15.16058	-0.3998419	0.0424094	0.976014	0.0239857	1.95203	0.0479714	0.9943926
7775	1	-21.03148	-20.79446	-0.2370232	0.245658	0.914142	0.0858585	1.82828	0.171717	0.8449803
7776	0	-15.42933	-15.0325	-0.3968264	0.300489	0.970323	0.029677	1.94065	0.0593539	0.9913985
7777	1	-16.34117	-15.99601	-0.3451517	0.0817	0.964882	0.0351185	1.92976	0.0702369	0.9414694
7778	0	-17.07623	-16.73005	-0.3461807	0.150039	0.952029	0.0479707	1.90406	0.0959415	0.9424387
7779	1	-15.76342	-15.37968	-0.38374	0.116174	0.96667	0.03333	1.93334	0.06666	0.9785092
7780	0	-15.66164	-15.3194	-0.342241	0.262546	0.976383	0.0236172	1.95277	0.0472344	0.9387331
7781	1	-16.72433	-16.32014	-0.4041922	0.32993	0.954708	0.0452918	1.90942	0.0905835	0.9987279
7782	0	-15.90182	-15.53479	-0.3670237	0.32139	0.968769	0.0312307	1.93754	0.0624613	0.9622881
7783	1	-15.87368	-15.50457	-0.3691121	0.369499	0.974116	0.025884	1.94823	0.051768	0.9642999
7784	0	-16.18711	-15.80733	-0.3797874	-0.0124439	0.977544	0.0224557	1.95509	0.0449115	0.9746492
7785	1	-16.24076	-15.93078	-0.3099793	0.11463	0.972066	0.0279344	1.94413	0.0558687	0.9089313
7786	0	-16.00211	-15.69004	-0.3120698	0.244757	0.974819	0.0251814	1.94964	0.0503628	0.9108333
7787	1	-16.45088	-16.10381	-0.3470657	0.00902159	0.970033	0.0299672	1.94007	0.0599343	0.9432731
7788	0	-19.94959	-19.57779	-0.3718001	-0.136991	0.927872	0.0721284	1.85574	0.144257	0.9668954
7789	1	-16.43144	-16.05862	-0.3728182	0.137664	0.985947	0.0140527	1.97189	0.0281055	0.9678802
7790	0	-15.943	-15.60613	-0.3368707	0.296944	0.971862	0.0281384	1.94372	0.0562767	0.9337053
7791	1	-17.07037	-16.7848	-0.2855645	0.017115	0.970449	0.0295508	1.9409	0.0591016	0.8870086
7792	0	-16.41624	-16.12924	-0.2870026	0.274137	0.978498	0.0215019	1.957	0.0430037	0.8882851
7793	1	-16.46728	-16.0769	-0.3903787	0.286006	0.956906	0.0430943	1.91381	0.0861886	0.9850269
7794	0	-17.1535	-16.87699	-0.2765079	0.378677	0.972349	0.0276512	1.9447	0.0553024	0.8790116
7795	1	-15.90172	-15.54018	-0.3615333	0.367508	0.975714	0.0242863	1.95143	0.0485726	0.9570192
7796	0	-17.49344	-17.18303	-0.3104126	-0.0400062	0.963454	0.0365463	1.92691	0.0730926	0.9093252
7797	1	-16.23926	-15.89333	-0.3459326	0.147117	0.983788	0.0162117	1.96758	0.0324233	0.9422049
7798	0	-15.26128	-14.87738	-0.383894	0.192369	0.980511	0.0194892	1.96102	0.0389783	0.9786599
7799	1	-15.56247	-15.21432	-0.3481502	0.240698	0.976746	0.0232545	1.95349	0.0465089	0.9442967
7800	0	-15.70027	-15.35907	-0.3411984	0.158137	0.975926	0.024074	1.95185	0.0481481	0.9377549
7801	1	-19.75259	-19.60512	-0.147468	0.0812507	0.983164	0.0168364	1.96633	0.0336728	0.7725974
7802	0	-16.18021	-15.79408	-0.38613	-0.0238311	0.975574	0.0244262	1.95115	0.0488524	0.9808506
7803	1	-24.46357	-24.34636	-0.1172095	-0.118826	0.898388	0.101612	1.79678	0.203224	0.74957
7804	0	-17.23844	-16.85252	-0.385916	-0.118812	0.977858	0.0221423	1.95572	0.0442846	0.9806408
7805	1	-15.8847	-15.51026	-0.3744402	0.113395	0.983172	0.0168284	1.96634	0.0336568	0.9694514
7806	0	-17.19874	-16.93178	-0.2669599	0.0575362	0.96621	0.0337897	1.93242	0.0675794	0.8706587
7807	1	-15.86202	-15.47172	-0.3902974	0.0453338	0.968912	0.0310882	1.93782	0.0621764	0.9849467
7808	0	-16.24782	-15.93634	-0.3114887	0.0974941	0.975975	0.0240251	1.95195	0.0480502	0.9103043
7809	1	-15.11522	-14.71719	-0.3980379	0.152586	0.978659	0.0213413	1.95732	0.0426826	0.9926003
7810	0	-19.07103	-18.70056	-0.3704639	-0.221984	0.959689	0.0403112	1.91938	0.0806224	0.9656043
7811	1	-16.11624	-15.81353	-0.3027118	0.176441	0.976186	0.0238138	1.95237	0.0476275	0.9023495
7812	0	-16.37592	-15.97301	-0.4029179	0.342715	0.986756	0.0132438	1.97351	0.0264875	0.997456
7813	1	-17.58319	-17.26803	-0.3151595	0.439898	0.982247	0.017753	1.96449	0.0355059	0.9136519
7814	0	-15.38491	-14.982	-0.4029179	0.0933515	0.971917	0.028083	1.94383	0.0561661	0.997456
7815	1	-16.21464	-15.83716	-0.3774764	0.41648	0.97318	0.0268204	1.94636	0.0536408	0.9723993
7816	0	-16.86481	-16.5456	-0.319207	0.022434	0.965339	0.0346614	1.93068	0.0693228	0.9173574
7817	1	-17.60161	-17.23947	-0.3621432	0.056421	0.987285	0.0127149	1.97457	0.0254298	0.957603
7818	0	-16.45493	-16.16363	-0.2913013	0.238222	0.968744	0.0312555	1.93749	0.0625111	0.8921118
7819	1	-15.35222	-14.96197	-0.3902549	0.10608	0.9784	0.0215995	1.9568	0.043199	0.9849049
7820	0	-15.5333	-15.16134	-0.3719564	0.294615	0.972494	0.0275056	1.94499	0.0550111	0.9670464
7821	1	-15.84405	-15.49764	-0.3464057	0.10096	0.974134	0.0258663	1.94827	0.0517325	0.9426507
7822	0	-15.74284	-15.39853	-0.3443119	0.301436	0.977124	0.0228756	1.95425	0.0457511	0.9406791
7823	1	-15.90238	-15.56093	-0.341451	0.144204	0.980777	0.0192232	1.96155	0.0384464	0.9379917
7824	0	-15.34883	-14.97918	-0.36965	0.189733	0.975352	0.0246478	1.9507	0.0492955	0.9648187
7825	1	-16.95985	-16.59603	-0.3638162	0.267947	0.952959	0.0470413	1.90592	0.0940826	0.9592064
7826	0	-18.20926	-17.83016	-0.3790974	0.433051	0.949878	0.0501217	1.89976	0.100243	0.9739769
7827	1	-15.59574	-15.19343	-0.4023076	0.133755	0.966131	0.0338688	1.93226	0.0677375	0.9968474
7828	0	-15.94646	-15.54102	-0.4054423	0.0715016	0.963443	0.0365575	1.92689	0.0731149	0.9999772
7829	1	-15.4292	-15.02689	-0.4023076	0.137916	0.968569	0.0314314	1.93714	0.0628628	0.9968474
7830	0	-16.9204	-16.52148	-0.3989284	0.479916	0.969991	0.0300092	1.93998	0.0600185	0.9934846
7831	1	-15.25711	-14.86818	-0.3889357	0.280683	0.980793	0.0192068	1.96159	0.0384137	0.9836065
7832	0	-18.6806	-18.37087	-0.3097255	-0.153181	0.9633	0.0367001	1.9266	0.0734002	0.9087006
7833	1	-16.06211	-15.7239	-0.3382157	0.175478	0.966782	0.0332175	1.93356	0.0664351	0.934962
7834	0	-20.22635	-20.0316	-0.1947521	-0.145006	0.960054	0.039946	1.92011	0.079892	0.8100065
7835	1	-17.34366	-17.00954	-0.3341208	0.468378	0.976746	0.0232542	1.95349	0.0465085	0.9311412
7836	0	-17.50008	-17.28285	-0.2172239	0.295157	0.969661	0.0303392	1.93932	0.0606785	0.8284149
7837	1	-15.57112	-15.18314	-0.3879803	0.353494	0.973904	0.026096	1.94781	0.052192	0.9826672
7838	0	-17.12257	-16.88694	-0.2356334	0.221761	0.968208	0.0317916	1.93642	0.0635832	0.8438068
7839	1	-15.40851	-15.02813	-0.3803783	0.113888	0.977076	0.0229238	1.95415	0.0458475	0.9752252
7840	0	-17.3721	-17.10401	-0.268096	0.363434	0.967437	0.0325629	1.93487	0.0651259	0.8716484
7841	1	-16.41988	-16.12065	-0.299234	0.32359	0.977779	0.022221	1.95556	0.0444419	0.8992168
7842	0	-17.13367	-16.90862	-0.2250462	0.165359	0.973234	0.0267663	1.94647	0.0535326	0.8349204
7843	1	-19.23466	-18.95749	-0.2771657	0.228167	0.932581	0.0674193	1.86516	0.134839	0.87959
7844	0	-17.38916	-17.16553	-0.2236344	0.225177	0.965971	0.0340294	1.93194	0.0680587	0.8337425
7845	1	-16.73805	-16.42303	-0.3150226	0.0330051	0.967565	0.0324345	1.93513	0.0648691	0.9135269
7846	0	-17.33031	-17.02516	-0.3051484	0.281695	0.955732	0.0442681	1.91146	0.0885361	0.9045509
7847	1	-16.14228	-15.82253	-0.3197497	0.112981	0.971934	0.0280663	1.94387	0.0561325	0.9178554
7848	0	-15.82707	-15.43157	-0.3954986	0.0994626	0.96493	0.0350701	1.92986	0.0701402	0.9900829
7849	1	-15.32721	-14.94066	-0.3865454	0.209343	0.971243	0.0287573	1.94249	0.0575146	0.9812581
7850	0	-16.08989	-15.71292	-0.3769693	0.171279	0.961342	0.0386582	1.92268	0.0773164	0.9719064
7851	1	-16.51731	-16.12659	-0.3907168	0.304676	0.957103	0.0428967	1.91421	0.0857933	0.9853599
7852	0	-15.34936	-14.96808	-0.3812781	0.230323	0.971882	0.028118	1.94376	0.056236	0.9761031
7853	1	-16.82654	-16.52463	-0.3019039	0.0200209	0.975925	0.0240747	1.95185	0.0481494	0.9016209
7854	0	-17.60658	-17.31817	-0.2884119	0.08563	0.953877	0.0461234	1.90775	0.0922469	0.8895379
7855	1	-16.27444	-15.91434	-0.3601006	0.0626435	0.964994	0.0350059	1.92999	0.0700119	0.9556491
7856	0	-16.97064	-16.63203	-0.3386098	0.062813	0.957372	0.0426277	1.91474	0.0852554	0.9353305
7857	1	-17.0241	-16.67442	-0.3496862	0.230156	0.952599	0.0474013	1.9052	0.0948026	0.9457482
7858	0	-17.99305	-17.70062	-0.2924215	0.352787	0.986011	0.0139892	1.97202	0.0279785	0.8931117
7859	1	-19.44485	-19.1066	-0.3382506	0.4312	0.940245	0.0597546	1.88049	0.119509	0.9349946
7860	0	-16.48862	-16.08678	-0.4018386	0.439498	0.968236	0.0317637	1.93647	0.0635274	0.99638
7861	1	-17.63705	-17.24215	-0.3949001	0.402895	0.95109	0.0489101	1.90218	0.0978202	0.9894906
7862	0	-16.35157	-15.99775	-0.3538205	0.25536	0.961258	0.038742	1.92252	0.0774841	0.9496663
7863	1	-15.71596	-15.36889	-0.3470644	0.288029	0.979475	0.0205253	1.95895	0.0410507	0.9432719
7864	0	-18.64098	-18.27988	-0.3611082	0.0593215	0.989062	0.0109375	1.97812	0.021875	0.9566125
7865	1	-15.86114	-15.50189	-0.3592515	0.0647542	0.975809	0.024191	1.95162	0.0483819	0.954838
7866	0	-15.21314	-14.82254	-0.3905995	0.233213	0.972905	0.0270947	1.94581	0.0541893	0.9852444
7867	1	-15.22249	-14.83399	-0.3884944	0.296206	0.978154	0.0218463	1.95631	0.0436926	0.9831725
7868	0	-15.34116	-14.94677	-0.3943923	0.305857	0.98185	0.01815	1.9637	0.0362999	0.9889882
7869	1	-16.43011	-16.08091	-0.3492032	0.125488	0.960933	0.0390674	1.92187	0.0781348	0.9452916
7870	0	-17.0742	-16.77612	-0.2980817	0.00317778	0.977652	0.0223477	1.9553	0.0446954	0.8981813
7871	1	-15.98188	-15.63949	-0.3423935	0.216057	0.96726	0.0327399	1.93452	0.0654797	0.9388762
7872	0	-19.32049	-19.0234	-0.2970881	0.447812	0.949842	0.0501575	1.89968	0.100315	0.8972893
7873	1	-16.42327	-16.12581	-0.2974575	0.163514	0.968063	0.0319373	1.93613	0.0638746	0.8976207
7874	0	-17.50926	-17.19873	-0.3105382	0.403332	0.963165	0.0368348	1.92633	0.0736696	0.9094394
7875	1	-19.8994	-19.61086	-0.2885465	0.31794	0.927721	0.072279	1.85544	0.144558	0.8896576
7876	0	-18.75991	-18.53564	-0.2242752	0.396559	0.960222	0.0397781	1.92044	0.0795561	0.8342769
7877	1	-16.45243	-16.10348	-0.3489571	0.354761	0.983733	0.0162669	1.96747	0.0325338	0.9450589
7878	0	-17.26222	-16.87615	-0.3860685	0.484797	0.983042	0.0169581	1.96608	0.0339162	0.9807903
7879	1	-15.89906	-15.5501	-0.3489571	0.103586	0.971074	0.0289257	1.94215	0.0578513	0.9450589
7880	0	-15.53953	-15.14953	-0.3899986	0.360842	0.979784	0.0202158	1.95957	0.0404316	0.9846525
7881	1	-16.21015	-15.8867	-0.3234461	0.313309	0.980916	0.0190839	1.96183	0.0381678	0.9212544
7882	0	-16.64783	-16.32533	-0.3225061	0.337185	0.965864	0.0341358	1.93173	0.0682717	0.9203888
7883	1	-15.18006	-14.78177	-0.3982904	0.280642	0.9736	0.0263997	1.9472	0.0527994	0.992851
7884	0	-15.79276	-15.46407	-0.3286934	0.242637	0.975809	0.0241906	1.95162	0.0483811	0.9261012
7885	1	-15.82596	-15.42503	-0.4009252	0.0259737	0.969863	0.0301367	1.93973	0.0602734	0.9954703
7886	0	-17.78452	-17.44379	-0.3407289	0.0678458	0.987104	0.0128963	1.97421	0.0257925	0.9373147
7887	1	-15.1704	-14.77612	-0.3942832	0.19611	0.973115	0.0268851	1.94623	0.0537703	0.9888804
7888	0	-17.64714	-17.26773	-0.3794106	0.226558	0.941635	0.0583652	1.88327	0.11673	0.974282
7889	1	-15.5366	-15.15237	-0.3842339	0.280078	0.983127	0.0168729	1.96625	0.0337458	0.9789926
7890	0	-16.24484	-15.94632	-0.2985199	0.283003	0.976718	0.0232819	1.95344	0.0465638	0.8985749
7891	1	-18.20427	-17.83621	-0.3680579	-0.183789	0.971759	0.0282413	1.94352	0.0564827	0.9632838
7892	0	-17.55597	-17.22902	-0.3269506	0.138817	0.948049	0.0519508	1.8961	0.103902	0.9244887
7893	1	-16.7227	-16.44658	-0.2761186	0.120415	0.979086	0.020914	1.95817	0.041828	0.8786694
7894	0	-18.16488	-17.76978	-0.3951053	0.352737	0.940157	0.0598432	1.88031	0.119686	0.9896937
7895	1	-15.54931	-15.17261	-0.3767067	0.163829	0.96954	0.0304599	1.93908	0.0609197	0.9716512
7896	0	-15.71759	-15.36327	-0.3543172	0.193747	0.969785	0.0302148	1.93957	0.0604297	0.9501382
7897	1	-15.30275	-14.91683	-0.3859272	0.254096	0.972426	0.0275744	1.94485	0.0551487	0.9806518
7898	0	-15.89364	-15.52628	-0.3673665	0.350549	0.981788	0.0182121	1.96358	0.0364242	0.962618
7899	1	-16.42955	-16.08772	-0.3418361	0.10518	0.962703	0.0372974	1.92541	0.0745949	0.938353
7900	0	-15.71753	-15.37953	-0.3379958	0.211777	0.973549	0.0264515	1.9471	0.0529029	0.9347564
7901	1	-15.96204	-15.62082	-0.3412218	0.111941	0.97074	0.0292601	1.94148	0.0585202	0.9377768
7902	0	-17.35016	-16.95756	-0.3925938	0.267658	0.945312	0.0546877	1.89062	0.109375	0.9872111
7903	1	-15.8171	-15.45353	-0.3635634	0.214218	0.966678	0.0333217	1.93336	0.0666434	0.9589641
7904	0	-15.11742	-14.72417	-0.3932576	0.249015	0.975094	0.0249059	1.95019	0.0498117	0.9878667
7905	1	-21.99181	-21.66137	-0.3304386	0.521544	0.929461	0.0705393	1.85892	0.141079	0.9277189
7906	0	-16.96743	-16.57567	-0.391755	0.100021	0.94983	0.0501702	1.89966	0.10034	0.9863834
7907	1	-16.14724	-15.82978	-0.3174585	0.150803	0.980245	0.0197552	1.96049	0.0395104	0.9157548
7908	0	-15.84827	-15.4435	-0.4047667	0.187062	0.96143	0.0385696	1.92286	0.0771392	0.9993018
7909	1	-15.96423	-15.61327	-0.3509597	0.0887913	0.970404	0.0295957	1.94081	0.0591915	0.9469534
7910	0	-15.27398	-14.89405	-0.3799293	0.208277	0.97385	0.0261496	1.9477	0.0522992	0.9747875
7911	1	-15.30972	-14.92588	-0.3838405	0.188755	0.972326	0.0276744	1.94465	0.0553488	0.9786076
7912	0	-20.86668	-20.63333	-0.2333517	0.436757	0.939439	0.0605613	1.87888	0.121123	0.8418837
7913	1	-16.46543	-16.13046	-0.3349721	0.104867	0.963153	0.0368474	1.92631	0.0736948	0.9319342
7914	0	-17.26478	-16.96536	-0.2994193	0.137531	0.95542	0.0445802	1.91084	0.0891603	0.8993834
7915	1	-15.22319	-14.83021	-0.392984	0.239714	0.972325	0.027675	1.94465	0.05535	0.9875965
7916	0	-16.70989	-16.39758	-0.3123102	0.134975	0.961605	0.0383955	1.92321	0.0767909	0.9110524
7917	1	-15.37164	-15.00075	-0.370888	0.161059	0.977722	0.0222783	1.95544	0.0445566	0.9660139
7918	0	-17.57491	-17.2488	-0.3261163	0.129398	0.948063	0.0519372	1.89613	0.103874	0.9237177
7919	1	-16.29567	-15.91828	-0.3773855	0.106629	0.960073	0.0399266	1.92015	0.0798532	0.9723109
7920	0	-17.45849	-17.05421	-0.4042825	-0.117177	0.959681	0.0403186	1.91936	0.0806372	0.9988181
7921	1	-18.27405	-18.02025	-0.2538049	0.365085	0.984469	0.0155312	1.96894	0.0310625	0.8592802
7922	0	-18.1101	-17.83417	-0.2759268	0.0647716	0.949484	0.0505157	1.89897	0.101031	0.8785009
7923	1	-18.00371	-17.78253	-0.2211849	0.209967	0.956526	0.0434745	1.91305	0.0869489	0.8317027
7924	0	-17.30365	-16.9261	-0.3775511	-0.111279	0.978702	0.0212975	1.9574	0.042595	0.972472
7925	1	-17.04691	-16.77448	-0.2724316	0.18115	0.982841	0.0171592	1.96568	0.0343184	0.8754358
7926	0	-17.21377	-16.84172	-0.3720498	0.200896	0.947452	0.0525477	1.8949	0.105095	0.9671368
7927	1	-18.91672	-18.66623	-0.2504984	-0.12264	0.970851	0.0291494	1.9417	0.0582987	0.8564437
7928	0	-19.50336	-19.23079	-0.2725679	0.34605	0.937647	0.0623532	1.87529	0.124706	0.8755551
7929	1	-16.75713	-16.44111	-0.3160143	0.340436	0.983202	0.0167982	1.9664	0.0335964	0.9144332
7930	0	-16.27769	-15.95712	-0.320573	0.312106	0.981268	0.0187321	1.96254	0.0374642	0.9186114
7931	1	-19.45731	-19.2508	-0.2065073	-0.113679	0.971077	0.0289227	1.94215	0.0578454	0.8195845
7932	0	-15.31981	-14.94859	-0.37122	0.187696	0.977623	0.0223767	1.95525	0.0447534	0.9663347
7933	1	-19.98745	-19.84543	-0.1420239	0.435378	0.974781	0.0252194	1.94956	0.0504389	0.7684028
7934	0	-16.56299	-16.22388	-0.3391108	0.398547	0.971729	0.028271	1.94346	0.056542	0.9357992
7935	1	-19.77517	-19.67534	-0.09982966	0.0219741	0.964334	0.0356656	1.92867	0.0713312	0.7366551
7936	0	-18.26287	-17.98253	-0.2803427	0.0500071	0.985407	0.0145927	1.97081	0.0291854	0.8823889
7937	1	-22.53866	-22.51254	-0.02612122	0.418353	0.957871	0.0421291	1.91574	0.0842581	0.6843102
7938	0	-17.76341	-17.40529	-0.3581261	0.296941	0.945051	0.0549492	1.8901	0.109898	0.953764
7939	1	-20.9559	-20.92517	-0.03073421	0.323919	0.963064	0.0369358	1.92613	0.0738716	0.6874743
7940	0	-16.19521	-15.82037	-0.374842	0.408247	0.981157	0.0188433	1.96231	0.0376867	0.9698411
7941	1	-21.0672	-21.07561	0.008409682	0.125578	0.96709	0.0329098	1.93418	0.0658197	0.6610837
7942	0	-15.55402	-15.19793	-0.3560923	0.246817	0.980069	0.0199307	1.96014	0.0398613	0.9518262
7943	1	-17.77751	-17.59123	-0.1862835	0.1282	0.971418	0.0285817	1.94284	0.0571633	0.8031758
7944	0	-18.57112	-18.25815	-0.3129697	0.133772	0.936066	0.0639341	1.87213	0.127868	0.9116534
7945	1	-15.48967	-15.09309	-0.3965735	0.369937	0.978187	0.0218131	1.95637	0.0436262	0.9911478
7946	0	-16.64032	-16.33645	-0.3038697	0.0701359	0.968051	0.0319489	1.9361	0.0638977	0.903395
7947	1	-15.802	-15.45474	-0.3472625	0.139286	0.971177	0.0288234	1.94235	0.0576468	0.9434588
7948	0	-16.53679	-16.26724	-0.2695514	0.240734	0.973599	0.0264015	1.9472	0.052803	0.872918
7949	1	-16.97739	-16.73964	-0.2377537	0.164113	0.972379	0.0276206	1.94476	0.0552411	0.8455978
7950	0	-16.48702	-16.17749	-0.3095315	0.18623	0.980921	0.0190785	1.96184	0.038157	0.9085243
7951	1	-17.81825	-17.47928	-0.3389744	0.038089	0.986563	0.0134371	1.97313	0.0268743	0.9356717
7952	0	-16.0294	-15.65068	-0.3787237	0.0145813	0.978746	0.0212536	1.95749	0.0425072	0.973613
7953	1	-17.32441	-16.93135	-0.3930617	-0.141267	0.972988	0.027012	1.94598	0.0540241	0.9876732
7954	0	-15.40351	-15.02456	-0.3789507	0.305096	0.97995	0.0200505	1.9599	0.040101	0.973834
7955	1	-16.49955	-16.12988	-0.3696736	0.289316	0.958815	0.0411851	1.91763	0.0823703	0.9648415
7956	0	-15.91552	-15.57691	-0.3386086	0.286556	0.971299	0.0287014	1.9426	0.0574027	0.9353294
7957	1	-16.56416	-16.17537	-0.3887835	0.0638627	0.957035	0.0429653	1.91407	0.0859306	0.9834568
7958	0	-15.7805	-15.41541	-0.3650921	0.189811	0.967047	0.0329527	1.93409	0.0659054	0.9604311
7959	1	-16.30943	-16.00748	-0.3019415	0.145558	0.970153	0.029847	1.94031	0.0596939	0.9016547
7960	0	-17.0393	-16.74458	-0.2947176	0.31788	0.963135	0.0368646	1.92627	0.0737291	0.8951648
7961	1	-18.08792	-17.79438	-0.2935369	0.0494096	0.948183	0.0518173	1.89637	0.103635	0.8941084
7962	0	-18.19102	-17.88227	-0.3087502	0.332857	0.958781	0.0412187	1.91756	0.0824374	0.9078148
7963	1	-17.79585	-17.53133	-0.2645183	0.0622495	0.955987	0.0440129	1.91197	0.0880258	0.8685355
7964	0	-18.59576	-18.2643	-0.3314629	0.426983	0.950401	0.0495992	1.9008	0.0991984	0.9286696
7965	1	-16.13112	-15.79422	-0.3368968	0.187894	0.965755	0.0342451	1.93151	0.0684903	0.9337297
7966	0	-16.51066	-16.15266	-0.3579942	0.110451	0.985038	0.0149618	1.97008	0.0299237	0.9536382
7967	1	-15.45274	-15.05144	-0.4013012	0.0889972	0.971123	0.0288769	1.94225	0.0577538	0.9958447
7968	0	-16.14189	-15.82315	-0.3187399	0.11374	0.972229	0.0277714	1.94446	0.0555428	0.9169291
7969	1	-17.06929	-16.66928	-0.4000057	0.505688	0.975057	0.0249433	1.95011	0.0498865	0.9945554
7970	0	-15.62028	-15.23674	-0.3835363	0.14391	0.967899	0.0321007	1.9358	0.0642015	0.9783099
7971	1	-16.24414	-15.85077	-0.3933693	0.225896	0.957732	0.0422682	1.91546	0.0845364	0.9879771
7972	0	-16.69594	-16.36169	-0.3342484	0.413492	0.973499	0.0265008	1.947	0.0530015	0.9312601
7973	1	-16.2577	-15.9033	-0.3543944	0.35281	0.967966	0.0320343	1.93593	0.0640685	0.9502115
7974	0	-15.48526	-15.10294	-0.3823149	0.252363	0.969702	0.0302982	1.9394	0.0605965	0.9771157
7975	1	-16.14069	-15.79349	-0.347199	0.0487107	0.978236	0.0217639	1.95647	0.0435278	0.9433989
7976	0	-15.62111	-15.252	-0.3691055	0.261739	0.982544	0.0174564	1.96509	0.0349127	0.9642935
7977	1	-16.99569	-16.72466	-0.2710316	0.242038	0.963626	0.0363744	1.92725	0.0727488	0.874211
7978	0	-16.01574	-15.62881	-0.3869298	0.347346	0.966307	0.0336931	1.93261	0.0673862	0.9816354
7979	1	-17.07403	-16.83081	-0.2432123	0.114777	0.970614	0.029386	1.94123	0.058772	0.8502262
7980	0	-15.50049	-15.12181	-0.3786814	0.124797	0.971938	0.0280619	1.94388	0.0561238	0.9735718
7981	1	-20.31549	-20.11554	-0.19995	0.311673	0.934794	0.0652055	1.86959	0.130411	0.8142278
7982	0	-16.14931	-15.78543	-0.3638717	0.0683568	0.966088	0.0339124	1.93218	0.0678247	0.9592598
7983	1	-17.10094	-16.8085	-0.2924368	0.0271657	0.97966	0.02034	1.95932	0.0406799	0.8931254
7984	0	-15.93718	-15.57331	-0.3638717	0.312729	0.983299	0.0167007	1.9666	0.0334015	0.9592598
7985	1	-15.64257	-15.24078	-0.4017876	0.0307059	0.973913	0.026087	1.94783	0.052174	0.9963292
7986	0	-15.4366	-15.05856	-0.3780396	0.24058	0.9821	0.0179001	1.9642	0.0358001	0.9729472
7987	1	-16.43216	-16.14695	-0.285208	0.189321	0.970249	0.0297511	1.9405	0.0595022	0.8866924
7988	0	-15.88827	-15.49193	-0.3963338	0.198694	0.961752	0.0382476	1.9235	0.0764952	0.9909102
7989	1	-15.43995	-15.06941	-0.3705382	0.285997	0.979841	0.0201589	1.95968	0.0403179	0.965676
7990	0	-17.18232	-16.83615	-0.3461723	0.465165	0.973538	0.0264618	1.94708	0.0529236	0.9424308
7991	1	-17.82499	-17.43209	-0.392902	0.363288	0.945339	0.0546613	1.89068	0.109323	0.9875155
7992	0	-15.81452	-15.47281	-0.3417095	0.118489	0.976733	0.0232667	1.95347	0.0465334	0.9382343
7993	1	-16.03847	-15.66406	-0.374404	0.195131	0.962176	0.037824	1.92435	0.0756481	0.9694163
7994	0	-15.65103	-15.27862	-0.3724109	0.313046	0.981924	0.0180761	1.96385	0.0361522	0.9674861
7995	1	-17.55906	-17.21204	-0.3470209	-0.113127	0.97543	0.0245696	1.95086	0.0491392	0.9432309
7996	0	-16.89297	-16.52113	-0.3718389	-0.0534646	0.980821	0.0191787	1.96164	0.0383574	0.9669328
7997	1	-17.3299	-17.05996	-0.269942	0.119505	0.959309	0.0406915	1.91862	0.081383	0.873259
7998	0	-15.92996	-15.5948	-0.335156	0.110348	0.977251	0.0227486	1.9545	0.0454972	0.9321056
7999	1	-18.57371	-18.26796	-0.305755	0.0275087	0.940918	0.059082	1.88184	0.118164	0.9050998
8000	0	-16.07071	-15.72919	-0.3415161	0.263087	0.967021	0.0329789	1.93404	0.0659577	0.9380528
8001	1	-18.25061	-17.86827	-0.3823354	0.215943	0.933248	0.0667524	1.8665	0.133505	0.9771358
8002	0	-16.60348	-16.24737	-0.3561069	0.286488	0.958919	0.0410809	1.91784	0.0821618	0.9518401
8003	1	-16.44347	-16.14432	-0.2991447	0.22308	0.967075	0.0329248	1.93415	0.0658496	0.8991365
8004	0	-15.47219	-15.07455	-0.3976338	0.0853829	0.98072	0.0192796	1.96144	0.0385591	0.9921993
8005	1	-19.10059	-18.93444	-0.1661449	0.231387	0.951268	0.0487317	1.90254	0.0974633	0.7871628
8006	0	-15.01681	-14.61145	-0.4053634	0.165802	0.975839	0.0241614	1.95168	0.0483227	0.9998983
8007	1	-16.16617	-15.77242	-0.3937502	0.437222	0.975225	0.0247746	1.95045	0.0495491	0.9883534
8008	0	-16.1413	-15.73667	-0.4046316	0.442152	0.973962	0.0260382	1.94792	0.0520765	0.9991669
8009	1	-16.35615	-16.03361	-0.3225348	0.0509589	0.975054	0.0249458	1.95011	0.0498917	0.9204153
8010	0	-15.07088	-14.66624	-0.4046316	0.263637	0.981246	0.0187543	1.96249	0.0375086	0.9991669
8011	1	-16.36233	-15.99239	-0.3699426	-0.0244812	0.975155	0.0248452	1.95031	0.0496904	0.965101
8012	0	-16.2206	-15.90627	-0.3143225	0.108508	0.978219	0.0217813	1.95644	0.0435626	0.9128875
8013	1	-17.54178	-17.19419	-0.3475884	-0.0740446	0.960689	0.0393107	1.92138	0.0786214	0.9437663
8014	0	-16.29759	-15.94841	-0.3491782	0.207063	0.96171	0.0382901	1.92342	0.0765803	0.9452679
8015	1	-17.99901	-17.65819	-0.3408166	-0.0365828	0.949854	0.0501457	1.89971	0.100291	0.9373969
8016	0	-16.1809	-15.78727	-0.3936285	0.12561	0.985935	0.0140648	1.97187	0.0281296	0.9882332
8017	1	-18.74051	-18.47626	-0.2642507	0.0703009	0.941889	0.0581112	1.88378	0.116222	0.8683031
8018	0	-16.61475	-16.27233	-0.342413	0.296157	0.9853	0.0146996	1.9706	0.0293993	0.9388945
8019	1	-15.55786	-15.19643	-0.361436	0.171275	0.972099	0.0279005	1.9442	0.055801	0.9569261
8020	0	-15.39025	-15.00843	-0.3818174	0.31845	0.976157	0.023843	1.95231	0.0476859	0.9766297
8021	1	-17.45168	-17.14198	-0.3096994	-0.0204182	0.98114	0.0188596	1.96228	0.0377192	0.9086769
8022	0	-16.23365	-15.88377	-0.3498789	0.0693176	0.96685	0.0331504	1.9337	0.0663009	0.9459304
8023	1	-15.54395	-15.1739	-0.3700492	0.166542	0.970735	0.0292649	1.94147	0.0585297	0.9652039
8024	0	-18.06465	-17.77853	-0.2861191	0.39178	0.958314	0.0416857	1.91663	0.0833713	0.8875006
8025	1	-16.02309	-15.65128	-0.3718062	0.041979	0.969522	0.030478	1.93904	0.060956	0.9669012
8026	0	-16.43058	-16.08116	-0.34942	0.0705541	0.983019	0.0169807	1.96604	0.0339614	0.9454965
8027	1	-17.38376	-17.14211	-0.2416527	0.0625541	0.968543	0.0314565	1.93709	0.0629131	0.8489013
8028	0	-15.52416	-15.12198	-0.4021824	0.376728	0.975113	0.0248872	1.95023	0.0497744	0.9967226
8029	1	-17.55583	-17.32339	-0.2324431	0.0740663	0.965628	0.0343716	1.93126	0.0687433	0.8411191
8030	0	-15.19855	-14.80787	-0.3906848	0.151753	0.975458	0.0245422	1.95092	0.0490845	0.9853283
8031	1	-15.71364	-15.31431	-0.3993242	0.234446	0.963961	0.0360389	1.92792	0.0720778	0.9938779
8032	0	-16.02011	-15.64024	-0.3798753	0.178319	0.985317	0.0146831	1.97063	0.0293662	0.9747348
8033	1	-15.55128	-15.17692	-0.3743522	0.28243	0.970979	0.0290211	1.94196	0.0580422	0.9693661
8034	0	-16.18403	-15.85243	-0.3316083	0.34091	0.972453	0.0275474	1.94491	0.0550947	0.9288047
8035	1	-15.28207	-14.90771	-0.3743522	0.242494	0.978525	0.0214752	1.95705	0.0429504	0.9693661
8036	0	-18.47052	-18.21075	-0.2597786	0.0889598	0.945567	0.0544327	1.89113	0.108865	0.8644287
8037	1	-20.74257	-20.41185	-0.3307277	-0.236817	0.982309	0.017691	1.96462	0.035382	0.9279871
8038	0	-15.94767	-15.55998	-0.3876857	0.0899163	0.964587	0.0354125	1.92917	0.070825	0.9823777
8039	1	-15.33299	-14.95759	-0.3753982	0.193402	0.980052	0.0199484	1.9601	0.0398969	0.9703806
8040	0	-16.87214	-16.4879	-0.3842398	0.092042	0.952117	0.0478833	1.90423	0.0957666	0.9789984
8041	1	-18.44467	-18.18354	-0.2611275	0.421513	0.96173	0.0382705	1.92346	0.076541	0.8655955
8042	0	-16.45309	-16.06189	-0.3911925	0.394075	0.964388	0.0356118	1.92878	0.0712236	0.9858287
8043	1	-19.69672	-19.44762	-0.2491058	-0.0276143	0.937046	0.0629538	1.87409	0.125908	0.8552518
8044	0	-18.26182	-17.91843	-0.3433938	0.491658	0.963589	0.0364112	1.92718	0.0728224	0.9398159
8045	1	-17.8901	-17.57733	-0.312768	0.45421	0.965977	0.0340226	1.93195	0.0680453	0.9114696
8046	0	-16.55072	-16.15073	-0.3999911	0.440508	0.967817	0.0321831	1.93563	0.0643662	0.994541
8047	1	-17.02737	-16.76936	-0.2580084	0.245182	0.965597	0.0344035	1.93119	0.068807	0.8628998
8048	0	-16.20275	-15.82166	-0.3810876	0.429608	0.977759	0.022241	1.95552	0.0444821	0.9759172
8049	1	-16.94952	-16.65334	-0.2961854	0.290514	0.962391	0.037609	1.92478	0.0752181	0.8964796
8050	0	-16.15171	-15.77988	-0.3718226	0.394063	0.971584	0.0284162	1.94317	0.0568325	0.9669171
8051	1	-15.30664	-14.91434	-0.3923026	0.151212	0.971906	0.0280937	1.94381	0.0561874	0.9869237
8052	0	-18.77053	-18.38668	-0.3838489	-0.0342761	0.933009	0.0669913	1.86602	0.133983	0.9786157
8053	1	-17.16951	-16.85135	-0.3181642	-0.0361497	0.977702	0.0222976	1.9554	0.0445953	0.9164013
8054	0	-18.13929	-17.75217	-0.387121	-0.180675	0.963667	0.0363327	1.92733	0.0726655	0.9818231
8055	1	-16.00183	-15.62266	-0.379171	0.0138895	0.978044	0.021956	1.95609	0.0439121	0.9740485
8056	0	-16.59358	-16.26555	-0.3280293	0.00641649	0.974665	0.0253354	1.94933	0.0506709	0.9254864
8057	1	-16.93457	-16.57999	-0.3545769	0.236491	0.953327	0.0466729	1.90665	0.0933458	0.9503849
8058	0	-16.92594	-16.54427	-0.3816737	0.325507	0.954316	0.0456844	1.90863	0.0913687	0.9764894
8059	1	-15.52052	-15.12478	-0.39574	0.211234	0.984251	0.0157491	1.9685	0.0314983	0.9903221
8060	0	-19.39267	-19.15716	-0.2355134	0.2284	0.936233	0.0637666	1.87247	0.127533	0.8437055
8061	1	-15.53938	-15.15366	-0.3857139	0.207597	0.983589	0.0164107	1.96718	0.0328214	0.9804426
8062	0	-19.27633	-19.01902	-0.2573025	0.159826	0.933402	0.0665985	1.8668	0.133197	0.8622908
8063	1	-16.72059	-16.33123	-0.3893644	0.460978	0.982176	0.0178244	1.96435	0.0356488	0.9840282
8064	0	-15.28223	-14.8992	-0.3830357	0.206608	0.972882	0.0271183	1.94576	0.0542366	0.9778203
8065	1	-15.45261	-15.04952	-0.4030891	0.125336	0.96859	0.0314103	1.93718	0.0628205	0.9976268
8066	0	-17.12839	-16.79128	-0.3371162	-0.0159489	0.961785	0.0382145	1.92357	0.076429	0.9339346
8067	1	-16.37026	-15.9865	-0.3837566	0.0488036	0.961251	0.0387486	1.9225	0.0774972	0.9785254
8068	0	-15.96461	-15.62232	-0.3422901	0.28776	0.969717	0.0302832	1.93943	0.0605664	0.9387791
8069	1	-18.70299	-18.37775	-0.3252492	0.508451	0.964996	0.0350037	1.92999	0.0700073	0.9229171
8070	0	-17.33603	-16.9931	-0.3429345	0.47234	0.973461	0.0265389	1.94692	0.0530779	0.9393843
8071	1	-15.4508	-15.06176	-0.3890332	0.246791	0.969134	0.0308664	1.93827	0.0617329	0.9837024
8072	0	-17.91236	-17.5806	-0.3317623	0.208387	0.988234	0.0117658	1.97647	0.0235316	0.9289478
8073	1	-16.27236	-15.93835	-0.3340098	0.113729	0.982169	0.0178306	1.96434	0.0356612	0.9310379
8074	0	-16.60962	-16.23826	-0.3713574	0.258042	0.956139	0.0438606	1.91228	0.0877212	0.9664674
8075	1	-15.83782	-15.45141	-0.3864036	0.379374	0.972282	0.0277181	1.94456	0.0554361	0.981119
8076	0	-15.13209	-14.73279	-0.3993012	0.23331	0.97288	0.0271197	1.94576	0.0542393	0.993855
8077	1	-15.78066	-15.38321	-0.3974527	0.2566	0.963722	0.0362781	1.92744	0.0725561	0.9920196
8078	0	-17.63376	-17.34064	-0.2931157	-0.0620575	0.973439	0.0265609	1.94688	0.0531217	0.8937319
8079	1	-18.531	-18.12634	-0.4046655	-0.0816662	0.938716	0.0612837	1.87743	0.122567	0.9992008
8080	0	-17.29437	-17.01246	-0.2819067	0.0660998	0.9607	0.0393002	1.9214	0.0786005	0.88377
8081	1	-19.94851	-19.58823	-0.3602744	0.244891	0.912909	0.0870906	1.82582	0.174181	0.9558152
8082	0	-15.65978	-15.31892	-0.340859	0.206972	0.974603	0.0253972	1.94921	0.0507943	0.9374367
8083	1	-17.6748	-17.36353	-0.3112741	0.441902	0.982247	0.0177533	1.96449	0.0355066	0.9101089
8084	0	-15.06278	-14.66388	-0.3988908	0.189966	0.979802	0.0201983	1.9596	0.0403967	0.9934473
8085	1	-18.67511	-18.32465	-0.3504607	-0.190001	0.976571	0.0234292	1.95314	0.0468585	0.946481
8086	0	-15.88683	-15.5321	-0.3547229	0.152404	0.982455	0.0175448	1.96491	0.0350896	0.9505237
8087	1	-15.54009	-15.15705	-0.3830466	0.339259	0.980663	0.0193373	1.96133	0.0386745	0.9778309
8088	0	-16.36694	-16.01525	-0.3516877	0.133094	0.961284	0.0387162	1.92257	0.0774325	0.9476431
8089	1	-17.51994	-17.13754	-0.3824019	0.245554	0.943446	0.0565544	1.88689	0.113109	0.9772008
8090	0	-17.38684	-17.02991	-0.3569223	0.428486	0.961453	0.0385466	1.92291	0.0770932	0.9526165
8091	1	-15.14621	-14.74396	-0.402252	0.167971	0.981272	0.0187277	1.96254	0.0374554	0.996792
8092	0	-17.73625	-17.4258	-0.3104492	0.369294	0.956433	0.0435672	1.91287	0.0871344	0.9093584
8093	1	-19.62382	-19.33651	-0.2873124	0.0531488	0.988383	0.0116174	1.97677	0.0232349	0.8885604
8094	0	-16.29011	-15.95526	-0.3348583	0.0419986	0.972879	0.027121	1.94576	0.054242	0.9318282
8095	1	-19.67354	-19.49069	-0.1828499	-0.0985778	0.972781	0.027219	1.94556	0.0544381	0.8004228
8096	0	-16.972	-16.72503	-0.2469717	0.283107	0.971962	0.0280384	1.94392	0.0560767	0.8534286
8097	1	-19.76184	-19.67357	-0.08826634	0.221813	0.980022	0.019978	1.96004	0.0399559	0.728186
8098	0	-19.47349	-19.24615	-0.2273408	0.457331	0.961241	0.0387586	1.92248	0.0775171	0.8368384
8099	1	-16.02023	-15.68147	-0.3387583	0.274275	0.968712	0.0312885	1.93742	0.0625769	0.9354694
8100	0	-16.4503	-16.0822	-0.3681009	0.159732	0.957687	0.0423127	1.91537	0.0846254	0.9633252
8101	1	-16.68459	-16.4043	-0.2802844	0.15816	0.980772	0.0192283	1.96154	0.0384566	0.8823374
8102	0	-15.53879	-15.188	-0.3507889	0.208018	0.978154	0.0218459	1.95631	0.0436918	0.9467916
8103	1	-19.82419	-19.58473	-0.2394589	0.361132	0.940043	0.0599567	1.88009	0.119913	0.847041
8104	0	-16.22844	-15.85704	-0.3714009	0.251805	0.960723	0.0392767	1.92145	0.0785533	0.9665095
8105	1	-17.03412	-16.65825	-0.3758706	0.170668	0.949273	0.0507269	1.89855	0.101454	0.9708392
8106	0	-15.3993	-15.01955	-0.3797523	0.166011	0.981111	0.0188888	1.96222	0.0377775	0.974615
8107	1	-20.12053	-19.83548	-0.2850508	-0.181144	0.947491	0.0525089	1.89498	0.105018	0.8865531
8108	0	-15.80385	-15.40191	-0.4019307	0.0742534	0.983546	0.0164539	1.96709	0.0329077	0.9964719
8109	1	-18.91783	-18.56207	-0.355759	0.559131	0.978421	0.0215789	1.95684	0.0431578	0.951509
8110	0	-16.68612	-16.30506	-0.3810558	-0.0729262	0.974277	0.0257227	1.94855	0.0514454	0.9758862
8111	1	-18.59579	-18.24096	-0.3548309	0.2392	0.932184	0.0678165	1.86437	0.135633	0.9506263
8112	0	-18.71908	-18.36717	-0.3519095	0.42726	0.946462	0.0535379	1.89292	0.107076	0.9478533
8113	1	-20.1767	-20.0651	-0.1115979	0.397666	0.97773	0.0222695	1.95546	0.0445391	0.7453755
8114	0	-15.79	-15.39333	-0.3966768	0.283575	0.964523	0.0354771	1.92905	0.0709542	0.9912502
8115	1	-17.66435	-17.46956	-0.1947952	0.154909	0.968501	0.0314986	1.937	0.0629973	0.8100414
8116	0	-16.556	-16.26612	-0.2898812	0.276439	0.980962	0.0190379	1.96192	0.0380759	0.8908458
8117	1	-16.01294	-15.67918	-0.3337548	0.159641	0.96876	0.0312404	1.93752	0.0624807	0.9308005
8118	0	-17.82189	-17.54855	-0.2733458	0.297878	0.954628	0.0453716	1.90926	0.0907431	0.8762364
8119	1	-15.23158	-14.83704	-0.3945459	0.142971	0.98014	0.0198601	1.96028	0.0397203	0.9891402
8120	0	-17.15976	-16.87873	-0.2810273	0.373689	0.969812	0.0301881	1.93962	0.0603761	0.8829932
8121	1	-17.04998	-16.65173	-0.3982484	0.287221	0.949214	0.0507863	1.89843	0.101573	0.9928092
8122	0	-19.29058	-19.05565	-0.2349265	0.174235	0.936468	0.0635322	1.87294	0.127064	0.8432106
8123	1	-15.03643	-14.63969	-0.3967417	0.210881	0.976543	0.0234574	1.95309	0.0469149	0.9913145
8124	0	-19.04924	-18.84652	-0.2027186	-0.0727558	0.965932	0.0340675	1.93186	0.0681351	0.8164852
8125	1	-16.92117	-16.52443	-0.3967417	0.00103929	0.955258	0.0447419	1.91052	0.0894838	0.9913145
8126	0	-16.7856	-16.52001	-0.2655972	0.309168	0.974152	0.0258477	1.9483	0.0516953	0.8694731
8127	1	-15.42484	-15.03717	-0.3876661	0.338368	0.979394	0.0206055	1.95879	0.0412111	0.9823584
8128	0	-17.43841	-17.2357	-0.2027097	0.178823	0.971769	0.0282311	1.94354	0.0564622	0.8164779
8129	1	-16.19907	-15.85334	-0.3457332	0.348985	0.969987	0.0300129	1.93997	0.0600259	0.9420171
8130	0	-15.90889	-15.52434	-0.3845516	0.227715	0.962935	0.0370651	1.92587	0.0741303	0.9793037
8131	1	-15.69324	-15.32989	-0.3633573	0.179148	0.973021	0.0269793	1.94604	0.0539587	0.9587664
8132	0	-18.86722	-18.51011	-0.3571144	-0.18855	0.979857	0.0201435	1.95971	0.040287	0.9527996
8133	1	-16.15376	-15.75746	-0.3962927	0.334467	0.98592	0.0140796	1.97184	0.0281592	0.9908695
8134	0	-26.05207	-25.73181	-0.3202622	0.697736	0.965568	0.0344325	1.93114	0.068865	0.9183259
8135	1	-15.10199	-14.7057	-0.3962927	0.283575	0.977795	0.0222054	1.95559	0.0444109	0.9908695
8136	0	-17.38748	-17.07076	-0.3167222	-0.0663049	0.971243	0.0287574	1.94249	0.0575148	0.9150808
8137	1	-15.55523	-15.20624	-0.3489897	0.243145	0.976761	0.0232388	1.95352	0.0464776	0.9450897
8138	0	-17.70162	-17.31705	-0.3845776	-0.0855406	0.954018	0.0459822	1.90804	0.0919644	0.9793292
8139	1	-17.89429	-17.59322	-0.3010711	0.472287	0.975731	0.0242688	1.95146	0.0485375	0.9008703
8140	0	-15.98922	-15.59789	-0.3913303	0.294497	0.985678	0.0143216	1.97136	0.0286431	0.9859647
8141	1	-17.38382	-17.14973	-0.2340895	0.167397	0.981025	0.0189746	1.96205	0.0379491	0.842505
8142	0	-17.37157	-16.96644	-0.4051252	0.45863	0.959866	0.0401341	1.91973	0.0802681	0.9996601
8143	1	-18.00512	-17.82628	-0.1788449	0.248675	0.966412	0.0335876	1.93282	0.0671753	0.7972235
8144	0	-15.78635	-15.45665	-0.3297055	0.196002	0.974737	0.0252635	1.94947	0.0505269	0.927039
8145	1	-15.56654	-15.19221	-0.3743343	0.0964224	0.974342	0.0256578	1.94868	0.0513156	0.9693488
8146	0	-16.95735	-16.59424	-0.3631069	0.0660989	0.954384	0.0456161	1.90877	0.0912323	0.9585263
8147	1	-15.54039	-15.16605	-0.3743343	0.327125	0.974938	0.0250621	1.94988	0.0501241	0.9693488
8148	0	-15.18668	-14.79013	-0.3965546	0.152973	0.980276	0.0197239	1.96055	0.0394478	0.9911291
8149	1	-15.06143	-14.65953	-0.4018948	0.154847	0.978134	0.0218659	1.95627	0.0437318	0.996436
8150	0	-15.88442	-15.54021	-0.3442047	0.110387	0.972121	0.0278788	1.94424	0.0557576	0.9405783
8151	1	-15.32833	-14.93795	-0.3903849	0.111357	0.975263	0.0247369	1.95053	0.0494738	0.9850329
8152	0	-15.55513	-15.20446	-0.3506651	0.241771	0.978564	0.0214359	1.95713	0.0428718	0.9466744
8153	1	-16.60092	-16.24457	-0.3563525	0.260899	0.986231	0.0137686	1.97246	0.0275372	0.9520739
8154	0	-16.24566	-15.88072	-0.3649443	0.0988289	0.962625	0.0373746	1.92525	0.0747492	0.9602892
8155	1	-16.24485	-15.86104	-0.3838082	-0.0185892	0.97883	0.0211705	1.95766	0.042341	0.9785759
8156	0	-15.79952	-15.44163	-0.3578918	0.133856	0.969312	0.0306884	1.93862	0.0613767	0.9535405
8157	1	-15.86063	-15.53328	-0.3273477	0.251436	0.973704	0.0262957	1.94741	0.0525914	0.9248559
8158	0	-19.54744	-19.17307	-0.3743705	0.544672	0.956284	0.0437161	1.91257	0.0874321	0.9693839
8159	1	-17.32787	-16.92994	-0.3979343	0.435821	0.958086	0.0419143	1.91617	0.0838286	0.9924974
8160	0	-16.88755	-16.56318	-0.3243721	-0.0226552	0.975629	0.0243705	1.95126	0.0487411	0.9221079
8161	1	-15.75254	-15.36413	-0.3884044	0.259194	0.984868	0.0151315	1.96974	0.0302631	0.983084
8162	0	-21.27657	-21.05554	-0.2210302	0.171696	0.910042	0.0899576	1.82008	0.179915	0.831574
8163	1	-15.64875	-15.30372	-0.3450299	0.17286	0.9782	0.0218002	1.9564	0.0436004	0.9413548
8164	0	-17.44962	-17.1102	-0.3394196	-0.0892004	0.96752	0.0324798	1.93504	0.0649596	0.9360882
8165	1	-15.6409	-15.25355	-0.3873508	0.219926	0.966172	0.0338276	1.93234	0.0676551	0.9820488
8166	0	-16.18383	-15.8584	-0.3254274	0.344703	0.976464	0.0235363	1.95293	0.0470726	0.9230815
8167	1	-15.9017	-15.5787	-0.3229982	0.230723	0.979027	0.0209734	1.95805	0.0419468	0.920842
8168	0	-15.34027	-14.96019	-0.3800816	0.135175	0.976201	0.0237988	1.9524	0.0475975	0.9749359
8169	1	-15.75732	-15.39683	-0.360493	0.307424	0.981655	0.018345	1.96331	0.03669	0.9560242
8170	0	-15.50918	-15.15681	-0.3523628	0.206517	0.976358	0.0236415	1.95272	0.047283	0.9482829
8171	1	-16.88145	-16.63104	-0.250408	0.154472	0.970476	0.0295239	1.94095	0.0590478	0.8563663
8172	0	-17.3455	-16.99698	-0.3485235	0.467363	0.970161	0.0298389	1.94032	0.0596779	0.9446492
8173	1	-18.32374	-18.17054	-0.1532037	0.21474	0.965966	0.0340339	1.93193	0.0680677	0.7770416
8174	0	-16.63353	-16.29921	-0.334313	0.387656	0.981767	0.0182332	1.96353	0.0364664	0.9313202
8175	1	-17.65219	-17.42909	-0.2231079	0.167049	0.961315	0.0386845	1.92263	0.077369	0.8333037
8176	0	-15.87965	-15.52084	-0.3588121	0.100847	0.981001	0.0189994	1.962	0.0379988	0.9544185
8177	1	-16.20107	-15.87954	-0.3215257	0.0839948	0.976663	0.0233368	1.95333	0.0466737	0.919487
8178	0	-15.57951	-15.22644	-0.3530714	0.153293	0.976054	0.0239458	1.95211	0.0478917	0.9489551
8179	1	-16.65644	-16.29414	-0.3622987	0.36466	0.962603	0.0373972	1.92521	0.0747944	0.957752
8180	0	-18.83609	-18.55272	-0.2833705	-0.123435	0.978858	0.0211421	1.95772	0.0422842	0.8850646
8181	1	-15.46307	-15.0732	-0.3898746	0.209014	0.983446	0.0165535	1.96689	0.0331071	0.9845304
8182	0	-16.73137	-16.47406	-0.2573128	0.221403	0.978125	0.021875	1.95625	0.0437501	0.8622998
8183	1	-18.61696	-18.2774	-0.3395503	-0.0986391	0.947963	0.0520369	1.89593	0.104074	0.9362106
8184	0	-16.21777	-15.91136	-0.30641	0.13491	0.972065	0.0279354	1.94413	0.0558707	0.9056928
8185	1	-15.39087	-15.01078	-0.3800836	0.239559	0.971441	0.0285592	1.94288	0.0571185	0.9749379
8186	0	-17.30917	-16.98653	-0.3226417	0.0405701	0.955998	0.0440016	1.912	0.0880032	0.9205137
8187	1	-18.90098	-18.75931	-0.1416634	0.0385254	0.971217	0.0287835	1.94243	0.0575669	0.7681259
8188	0	-16.29648	-15.94227	-0.3542023	0.071012	0.964932	0.0350677	1.92986	0.0701353	0.950029
8189	1	-17.64536	-17.43369	-0.2116733	0.277131	0.966544	0.0334563	1.93309	0.0669127	0.8238294
8190	0	-15.85156	-15.44928	-0.4022826	0.0877739	0.964322	0.0356784	1.92864	0.0713568	0.9968225
8191	1	-18.29459	-18.01491	-0.2796779	0.057398	0.946707	0.0532926	1.89341	0.106585	0.8818025
8192	0	-17.56962	-17.24642	-0.3231993	-0.0536128	0.961533	0.0384672	1.92307	0.0769343	0.9210272
8193	1	-15.82707	-15.42853	-0.3985356	0.0172122	0.979638	0.0203615	1.95928	0.040723	0.9930945
8194	0	-16.5999	-16.26772	-0.3321787	0.304346	0.962811	0.0371886	1.92562	0.0743771	0.9293346
8195	1	-15.30147	-14.90424	-0.397225	0.322215	0.974252	0.0257476	1.9485	0.0514951	0.9917937
8196	0	-16.4945	-16.10187	-0.3926303	0.215063	0.954572	0.0454281	1.90914	0.0908562	0.9872472
8197	1	-15.99096	-15.62744	-0.3635178	0.383752	0.976293	0.0237072	1.95259	0.0474145	0.9589203
8198	0	-21.91501	-21.51932	-0.3956888	-0.12495	0.889248	0.110752	1.7785	0.221504	0.9902714
8199	1	-15.36687	-14.99017	-0.376705	0.300379	0.978001	0.0219988	1.956	0.0439976	0.9716495
8200	0	-18.9853	-18.73034	-0.2549609	0.287019	0.96022	0.0397802	1.92044	0.0795604	0.8602741
8201	1	-15.93182	-15.54806	-0.3837619	0.358173	0.968816	0.0311836	1.93763	0.0623672	0.9785306
8202	0	-15.89985	-15.54173	-0.3581265	0.10577	0.968938	0.0310618	1.93788	0.0621236	0.9537644
8203	1	-16.9026	-16.552	-0.3506069	0.0751701	0.956166	0.0438341	1.91233	0.0876682	0.9466193
8204	0	-18.15235	-17.80022	-0.3521354	0.410959	0.95089	0.0491102	1.90178	0.0982205	0.9480674
8205	1	-16.01318	-15.65612	-0.3570507	0.0790987	0.980967	0.0190329	1.96193	0.0380658	0.9527389
8206	0	-15.45549	-15.08151	-0.3739783	0.197205	0.981625	0.0183754	1.96325	0.0367507	0.9690037
8207	1	-15.31458	-14.91442	-0.400155	0.343635	0.976031	0.0239689	1.95206	0.0479378	0.994704
8208	0	-16.32059	-16.0004	-0.3201877	0.22894	0.965598	0.0344022	1.9312	0.0688043	0.9182575
8209	1	-16.378	-16.03762	-0.3403857	0.0728609	0.96564	0.0343597	1.93128	0.0687193	0.9369931
8210	0	-16.26365	-15.9082	-0.3554474	0.061258	0.96602	0.0339805	1.93204	0.067961	0.9512126
8211	1	-17.55405	-17.18462	-0.3694232	0.139964	0.943433	0.0565669	1.88687	0.113134	0.9645998
8212	0	-16.15868	-15.75556	-0.4031145	0.162844	0.957815	0.0421846	1.91563	0.0843691	0.9976522
8213	1	-17.93525	-17.68952	-0.245721	0.0203904	0.96068	0.03932	1.92136	0.0786399	0.8523619
8214	0	-17.70527	-17.34612	-0.3591535	0.0260336	0.946741	0.0532595	1.89348	0.106519	0.9547444
8215	1	-15.68091	-15.29439	-0.3865197	0.244705	0.966048	0.0339517	1.9321	0.0679035	0.981233
8216	0	-18.81996	-18.5065	-0.3134649	0.501425	0.963823	0.0361767	1.92765	0.0723535	0.9121049
8217	1	-19.86583	-19.54244	-0.3233878	-0.213676	0.952064	0.047936	1.90413	0.0958719	0.9212007
8218	0	-18.19561	-17.9557	-0.2399091	0.170982	0.950631	0.0493687	1.90126	0.0987374	0.8474224
8219	1	-16.35843	-16.05435	-0.3040855	0.110446	0.978555	0.0214446	1.95711	0.0428892	0.90359
8220	0	-16.04544	-15.66916	-0.3762811	0.0723123	0.965665	0.034335	1.93133	0.0686701	0.9712377
8221	1	-16.04202	-15.64025	-0.4017712	0.30312	0.961634	0.0383665	1.92327	0.0767329	0.9963129
8222	0	-16.19229	-15.79447	-0.3978288	0.406294	0.983858	0.0161416	1.96772	0.0322831	0.9923928
8223	1	-16.20785	-15.81951	-0.3883391	0.142634	0.986013	0.013987	1.97203	0.027974	0.9830198
8224	0	-15.97184	-15.64138	-0.3304524	0.182382	0.981034	0.0189662	1.96207	0.0379324	0.9277317
8225	1	-15.89712	-15.49357	-0.4035482	0.105353	0.962712	0.0372878	1.92542	0.0745755	0.9980849
8226	0	-15.59501	-15.22759	-0.3674231	0.328542	0.976201	0.0237991	1.9524	0.0475982	0.9626725
8227	1	-17.30766	-16.92837	-0.3792935	0.125002	0.945936	0.0540641	1.89187	0.108128	0.9741679
8228	0	-15.32258	-14.91899	-0.4035893	0.296172	0.983043	0.0169568	1.96609	0.0339135	0.998126
8229	1	-15.50246	-15.13341	-0.3690542	0.286575	0.973306	0.0266938	1.94661	0.0533876	0.964244
8230	0	-15.61236	-15.20722	-0.4051344	0.226058	0.964564	0.0354361	1.92913	0.0708723	0.9996694
8231	1	-16.85223	-16.58663	-0.2655953	0.1049	0.970026	0.0299742	1.94005	0.0599484	0.8694714
8232	0	-16.5906	-16.29526	-0.2953359	0.0959338	0.979338	0.0206615	1.95868	0.041323	0.8957184
8233	1	-15.41428	-15.02407	-0.3902067	0.0881144	0.976941	0.0230592	1.95388	0.0461183	0.9848574
8234	0	-15.34794	-14.95078	-0.3971576	0.248827	0.983296	0.0167037	1.96659	0.0334075	0.9917269
8235	1	-15.84593	-15.50312	-0.3428061	0.243252	0.969918	0.0300824	1.93984	0.0601648	0.9392637
8236	0	-17.3946	-17.02132	-0.3732794	0.50037	0.979833	0.0201672	1.95967	0.0403345	0.9683268
8237	1	-16.4698	-16.10643	-0.3633652	0.313614	0.961115	0.0388852	1.92223	0.0777704	0.958774
8238	0	-16.38569	-16.04702	-0.3386644	0.338818	0.96728	0.0327196	1.93456	0.0654393	0.9353816
8239	1	-18.06232	-17.82013	-0.2421856	0.0533166	0.956258	0.0437421	1.91252	0.0874841	0.8493537
8240	0	-16.92942	-16.662	-0.2674234	0.171539	0.964732	0.0352684	1.92946	0.0705368	0.8710624
8241	1	-16.27216	-15.87564	-0.3965192	0.2682	0.986977	0.013023	1.97395	0.026046	0.991094
8242	0	-16.92054	-16.61824	-0.3022981	0.150348	0.984039	0.015961	1.96808	0.0319221	0.9019763
8243	1	-16.5331	-16.19865	-0.3344579	0.392155	0.972326	0.0276738	1.94465	0.0553475	0.9314552
8244	0	-20.12104	-19.799	-0.3220432	-0.2188	0.948969	0.0510313	1.89794	0.102063	0.9199629
8245	1	-16.63862	-16.36767	-0.2709535	0.14139	0.977425	0.0225754	1.95485	0.0451507	0.8741427
8246	0	-16.2597	-15.95754	-0.3021514	0.247955	0.980198	0.0198017	1.9604	0.0396033	0.901844
8247	1	-16.21644	-15.89061	-0.3258329	0.16356	0.966476	0.0335245	1.93295	0.0670489	0.9234559
8248	0	-14.99083	-14.587	-0.4038368	0.183718	0.976477	0.0235231	1.95295	0.0470463	0.998373
8249	1	-16.15511	-15.82169	-0.3334226	0.0816744	0.979087	0.0209129	1.95817	0.0418258	0.9304914
8250	0	-15.76809	-15.37172	-0.396368	0.245592	0.985447	0.014553	1.97089	0.029106	0.9909441
8251	1	-17.12859	-16.82062	-0.3079664	0.423273	0.97427	0.0257298	1.94854	0.0514597	0.9071035
8252	0	-15.34998	-14.94782	-0.4021596	0.100086	0.980751	0.0192487	1.9615	0.0384973	0.9966999
8253	1	-19.80341	-19.46427	-0.3391401	0.0837493	0.990155	0.00984503	1.98031	0.0196901	0.9358267
8254	0	-15.52438	-15.17271	-0.3516703	0.23108	0.975706	0.0242941	1.95141	0.0485882	0.9476266
8255	1	-16.10586	-15.7085	-0.3973625	-0.0272463	0.977161	0.0228392	1.95432	0.0456784	0.9919301
8256	0	-16.08551	-15.7481	-0.3374067	0.140894	0.967427	0.0325727	1.93485	0.0651453	0.934206
8257	1	-16.85903	-16.48114	-0.3778859	0.275569	0.953022	0.0469775	1.90604	0.093955	0.9727977
8258	0	-16.72457	-16.40455	-0.3200247	0.10874	0.961211	0.0387892	1.92242	0.0775783	0.9181078
8259	1	-15.15312	-14.76848	-0.3846457	0.226462	0.97762	0.0223802	1.95524	0.0447604	0.9793958
8260	0	-16.26955	-15.9806	-0.2889507	0.193376	0.974387	0.0256135	1.94877	0.0512269	0.8900172
8261	1	-16.97309	-16.60892	-0.3641733	0.149787	0.951431	0.0485688	1.90286	0.0971375	0.9595491
8262	0	-16.99151	-16.74104	-0.2504714	0.108544	0.971166	0.0288338	1.94233	0.0576676	0.8564206
8263	1	-15.53638	-15.16001	-0.3763739	0.167074	0.96974	0.0302599	1.93948	0.0605198	0.9713279
8264	0	-17.99861	-17.80472	-0.1938913	0.0847228	0.965651	0.0343487	1.9313	0.0686975	0.8093096
8265	1	-19.63999	-19.3301	-0.3098887	0.413171	0.939019	0.0609814	1.87804	0.121963	0.9088489
8266	0	-17.28248	-16.99609	-0.2863903	0.411647	0.976303	0.0236968	1.95261	0.0473935	0.8877414
8267	1	-19.75293	-19.55181	-0.2011296	0.482893	0.974834	0.0251656	1.94967	0.0503311	0.8151888
8268	0	-16.80841	-16.52086	-0.2875563	0.0926357	0.966266	0.0337336	1.93253	0.0674673	0.8887771
8269	1	-17.07215	-16.75927	-0.3128843	0.148449	0.985204	0.0147959	1.97041	0.0295917	0.9115755
8270	0	-16.26433	-15.93672	-0.3276174	0.201202	0.9832	0.0167998	1.9664	0.0335997	0.9251053
8271	1	-17.34159	-16.98036	-0.3612237	0.406192	0.986129	0.0138706	1.97226	0.0277412	0.956723
8272	0	-17.2582	-16.85983	-0.3983717	0.512194	0.973617	0.0263832	1.94723	0.0527663	0.9929317
8273	1	-15.1928	-14.79683	-0.3959719	0.285533	0.980905	0.0190946	1.96181	0.0381893	0.9905518
8274	0	-15.65992	-15.29839	-0.3615305	0.105802	0.974381	0.0256186	1.94876	0.0512372	0.9570165
8275	1	-18.43371	-18.14747	-0.286233	0.104766	0.941914	0.0580863	1.88383	0.116173	0.8876018
8276	0	-16.13226	-15.81789	-0.3143694	0.125703	0.97769	0.0223097	1.95538	0.0446195	0.9129303
8277	1	-15.91084	-15.52533	-0.385508	0.230608	0.962841	0.0371588	1.92568	0.0743176	0.9802407
8278	0	-16.6107	-16.23693	-0.37377	0.448413	0.980359	0.0196411	1.96072	0.0392822	0.9688019
8279	1	-18.34242	-17.98184	-0.3605821	0.422803	0.949174	0.0508261	1.89835	0.101652	0.9561093
8280	0	-15.86376	-15.48726	-0.3764996	0.292499	0.966331	0.0336689	1.93266	0.0673379	0.97145
8281	1	-15.67958	-15.33986	-0.3397239	0.218543	0.978661	0.0213391	1.95732	0.0426782	0.9363732
8282	0	-16.31609	-15.95149	-0.3646	-0.0113666	0.974236	0.0257638	1.94847	0.0515276	0.9599586
8283	1	-16.1469	-15.74667	-0.4002288	0.417026	0.983102	0.0168982	1.9662	0.0337964	0.9947774
8284	0	-17.54813	-17.22205	-0.3260889	-0.0246704	0.982895	0.0171052	1.96579	0.0342104	0.9236923
8285	1	-18.32304	-17.9249	-0.3981416	0.301562	0.934232	0.0657678	1.86846	0.131536	0.9927033
8286	0	-16.3358	-15.93478	-0.4010267	0.378975	0.985762	0.0142382	1.97152	0.0284763	0.9955714
8287	1	-15.87036	-15.52529	-0.3450685	0.186377	0.968743	0.0312568	1.93749	0.0625136	0.9413911
8288	0	-16.9511	-16.58978	-0.3613219	-0.0767681	0.973236	0.0267639	1.94647	0.0535278	0.956817
8289	1	-19.8102	-19.56444	-0.2457571	-0.153712	0.955913	0.0440867	1.91183	0.0881734	0.8523927
8290	0	-15.64037	-15.27978	-0.3605886	0.115732	0.974038	0.0259619	1.94808	0.0519239	0.9561155
8291	1	-19.02994	-18.6631	-0.3668436	-0.151576	0.945387	0.0546134	1.89077	0.109227	0.9621148
8292	0	-18.36979	-18.06102	-0.3087711	-0.118492	0.978817	0.0211834	1.95763	0.0423668	0.9078338
8293	1	-17.41196	-17.09231	-0.3196527	-0.0376035	0.96275	0.0372499	1.9255	0.0744997	0.9177664
8294	0	-17.33876	-17.05642	-0.2823363	0.113523	0.98383	0.0161699	1.96766	0.0323398	0.8841498
8295	1	-17.41481	-17.06251	-0.3523078	0.154185	0.94689	0.0531104	1.89378	0.106221	0.9482308
8296	0	-17.20032	-16.97743	-0.2228899	0.218394	0.97027	0.0297304	1.94054	0.0594609	0.833122
8297	1	-15.70875	-15.33851	-0.3702388	0.261364	0.968221	0.0317793	1.93644	0.0635587	0.9653869
8298	0	-19.08088	-18.861	-0.2198775	0.439207	0.981186	0.0188141	1.96237	0.0376281	0.8306161
8299	1	-15.8793	-15.5437	-0.3355988	0.197821	0.970259	0.0297409	1.94052	0.0594819	0.9325185
8300	0	-18.45672	-18.29131	-0.1654134	0.0951249	0.978198	0.0218017	1.9564	0.0436034	0.7865872
8301	1	-16.31493	-15.99265	-0.3222766	0.325099	0.981263	0.018737	1.96253	0.0374741	0.9201776
8302	0	-16.57726	-16.29578	-0.2814793	0.194417	0.980577	0.0194231	1.96115	0.0388462	0.8833924
8303	1	-15.48351	-15.1079	-0.3756094	0.211742	0.970251	0.0297492	1.9405	0.0594984	0.9705856
8304	0	-16.69876	-16.30044	-0.3983236	-0.073837	0.967414	0.0325861	1.93483	0.0651721	0.9928839
8305	1	-15.59955	-15.22489	-0.3746594	0.272992	0.982786	0.0172142	1.96557	0.0344283	0.9696639
8306	0	-17.54637	-17.18728	-0.3590807	-0.0606727	0.983306	0.0166943	1.96661	0.0333887	0.9546749
8307	1	-15.9821	-15.65095	-0.3311475	0.109311	0.977277	0.0227226	1.95455	0.0454452	0.9283768
8308	0	-17.39891	-17.06155	-0.3373576	0.34777	0.955178	0.044822	1.91036	0.089644	0.93416
8309	1	-16.85607	-16.52067	-0.3354014	0.166136	0.955986	0.0440142	1.91197	0.0880284	0.9323344
8310	0	-17.20877	-16.81115	-0.397623	0.137431	0.94524	0.0547605	1.89048	0.109521	0.9921885
8311	1	-17.29845	-16.99895	-0.2994951	0.180005	0.954479	0.0455212	1.90896	0.0910423	0.8994516
8312	0	-16.57937	-16.27919	-0.3001831	0.300858	0.967892	0.0321076	1.93578	0.0642151	0.9000707
8313	1	-18.01624	-17.71296	-0.3032807	0.183086	0.944551	0.0554493	1.8891	0.110899	0.902863
8314	0	-16.95256	-16.62204	-0.330521	0.391308	0.965985	0.0340147	1.93197	0.0680294	0.9277953
8315	1	-16.82426	-16.54856	-0.2757069	0.0690165	0.974836	0.025164	1.94967	0.050328	0.8783078
8316	0	-15.35192	-14.96839	-0.3835244	0.296364	0.974079	0.0259206	1.94816	0.0518412	0.9782982
8317	1	-15.36704	-14.9903	-0.3767453	0.244447	0.972699	0.0273007	1.9454	0.0546014	0.9716886
8318	0	-15.10592	-14.71527	-0.3906477	0.252033	0.977588	0.0224118	1.95518	0.0448236	0.9852919
8319	1	-16.09771	-15.73359	-0.3641193	0.371944	0.970941	0.029059	1.94188	0.058118	0.9594973
8320	0	-15.15403	-14.76551	-0.3885118	0.190204	0.979132	0.0208681	1.95826	0.0417362	0.9831896
8321	1	-15.48622	-15.08891	-0.3973061	0.180326	0.967287	0.0327129	1.93457	0.0654259	0.9918742
8322	0	-16.7837	-16.46545	-0.3182483	0.209353	0.959074	0.0409264	1.91815	0.0818528	0.9164784
8323	1	-16.25893	-15.91092	-0.3480095	0.0225745	0.976513	0.0234868	1.95303	0.0469737	0.9441638
8324	0	-15.77537	-15.44399	-0.3313733	0.199187	0.978199	0.0218007	1.9564	0.0436014	0.9285864
8325	1	-17.47929	-17.22189	-0.2574057	0.389787	0.97425	0.0257498	1.9485	0.0514996	0.8623799
8326	0	-17.44271	-17.20341	-0.2393003	0.167445	0.981963	0.0180372	1.96393	0.0360745	0.8469066
8327	1	-19.74782	-19.50441	-0.2434119	0.230385	0.975033	0.0249672	1.95007	0.0499343	0.850396
8328	0	-16.04913	-15.74195	-0.307181	0.185323	0.976033	0.0239672	1.95207	0.0479345	0.9063913
8329	1	-16.66726	-16.26426	-0.4029931	0.172713	0.95132	0.0486803	1.90264	0.0973607	0.9975311
8330	0	-15.94583	-15.62749	-0.3183468	0.1665	0.976217	0.0237833	1.95243	0.0475667	0.9165687
8331	1	-15.25219	-14.85484	-0.3973467	0.120527	0.974258	0.0257416	1.94852	0.0514832	0.9919144
8332	0	-18.55769	-18.28515	-0.2725469	0.237465	0.942454	0.0575464	1.88491	0.115093	0.8755367
8333	1	-16.38259	-16.09815	-0.2844389	0.267638	0.974912	0.0250885	1.94982	0.050177	0.8860108
8334	0	-16.18587	-15.78901	-0.3968584	0.0525928	0.962114	0.0378858	1.92423	0.0757716	0.9914302
8335	1	-16.35635	-16.00985	-0.3464932	0.26193	0.984887	0.0151126	1.96977	0.0302253	0.9427332
8336	0	-19.52199	-19.12788	-0.3941152	0.0401428	0.915588	0.0844117	1.83118	0.168823	0.9887143
8337	1	-16.39828	-16.02744	-0.3708415	-0.0251992	0.971887	0.0281125	1.94377	0.056225	0.9659689
8338	0	-15.30667	-14.91109	-0.3955844	0.337064	0.977863	0.0221369	1.95573	0.0442739	0.990168
8339	1	-15.79768	-15.43437	-0.3633064	0.248502	0.967512	0.0324885	1.93502	0.0649769	0.9587176
8340	0	-15.31079	-14.91391	-0.3968895	0.269572	0.982775	0.017225	1.96555	0.0344501	0.9914611
8341	1	-21.0921	-20.71043	-0.3816663	-0.311028	0.946171	0.0538286	1.89234	0.107657	0.9764821
8342	0	-16.0454	-15.68701	-0.3583938	0.299187	0.966546	0.0334542	1.93309	0.0669084	0.9540193
8343	1	-16.47856	-16.09928	-0.3792756	0.437283	0.971927	0.0280726	1.94385	0.0561451	0.9741505
8344	0	-17.22156	-16.87426	-0.3472977	0.462771	0.9715	0.0285001	1.943	0.0570002	0.943492
8345	1	-15.51193	-15.13149	-0.3804354	0.328333	0.980566	0.0194345	1.96113	0.038869	0.9752809
8346	0	-15.40636	-15.01913	-0.3872299	0.270871	0.970833	0.0291674	1.94167	0.0583348	0.9819301
8347	1	-15.28136	-14.90748	-0.3738792	0.233705	0.976045	0.0239552	1.95209	0.0479105	0.9689077
8348	0	-16.27855	-15.92771	-0.3508387	0.0703967	0.96581	0.0341897	1.93162	0.0683793	0.9468388
8349	1	-15.67689	-15.30301	-0.3738792	0.150028	0.968196	0.0318042	1.93639	0.0636084	0.9689077
8350	0	-17.98551	-17.6935	-0.2920102	0.0178404	0.98426	0.0157398	1.96852	0.0314797	0.8927444
8351	1	-16.13992	-15.81426	-0.3256555	0.0978747	0.971765	0.0282351	1.94353	0.0564703	0.9232921
8352	0	-15.68534	-15.32824	-0.3570954	0.11041	0.974578	0.0254222	1.94916	0.0508444	0.9527815
8353	1	-15.44361	-15.08345	-0.3601673	0.230981	0.978797	0.0212026	1.95759	0.0424051	0.9557128
8354	0	-15.75585	-15.37025	-0.3856025	0.388456	0.977252	0.0227476	1.9545	0.0454953	0.9803333
8355	1	-17.68195	-17.37144	-0.3105099	0.255266	0.949522	0.0504775	1.89904	0.100955	0.9094136
8356	0	-15.80352	-15.41493	-0.3885894	0.270245	0.964803	0.0351967	1.92961	0.0703934	0.9832659
8357	1	-15.88978	-15.54485	-0.3449287	0.302695	0.971587	0.0284126	1.94317	0.0568252	0.9412595
8358	0	-17.8682	-17.60107	-0.2671263	0.199378	0.951307	0.0486926	1.90261	0.0973852	0.8708036
8359	1	-15.82974	-15.43074	-0.3990011	0.382521	0.97057	0.0294297	1.94114	0.0588594	0.9935568
8360	0	-16.13642	-15.74408	-0.3923413	0.157329	0.959256	0.0407441	1.91851	0.0814882	0.9869619
8361	1	-18.48057	-18.16789	-0.3126849	0.418491	0.953041	0.0469593	1.90608	0.0939186	0.9113938
8362	0	-15.43009	-15.04906	-0.3810334	0.327905	0.976882	0.0231182	1.95376	0.0462364	0.9758644
8363	1	-16.06031	-15.72403	-0.3362779	0.113509	0.969542	0.0304583	1.93908	0.0609166	0.933152
8364	0	-17.65102	-17.26997	-0.3810441	0.370527	0.949241	0.0507595	1.89848	0.101519	0.9758748
8365	1	-15.92836	-15.5916	-0.336763	0.15345	0.970048	0.0299523	1.9401	0.0599047	0.9336048
8366	0	-16.41554	-16.07934	-0.3362047	0.209725	0.961755	0.038245	1.92351	0.07649	0.9330837
8367	1	-15.76258	-15.40467	-0.3579161	0.15798	0.969049	0.0309506	1.9381	0.0619013	0.9535638
8368	0	-16.55887	-16.23645	-0.3224142	0.0650564	0.966225	0.0337747	1.93245	0.0675495	0.9203043
8369	1	-16.99882	-16.69593	-0.3028888	0.216716	0.95829	0.0417104	1.91658	0.0834208	0.9025093
8370	0	-17.33314	-17.00761	-0.3255284	0.438705	0.968768	0.0312321	1.93754	0.0624642	0.9231748
8371	1	-17.72544	-17.46741	-0.2580225	0.404306	0.979012	0.020988	1.95802	0.0419759	0.862912
8372	0	-17.71362	-17.49366	-0.2199533	0.225559	0.982069	0.0179315	1.96414	0.035863	0.830679
8373	1	-19.8227	-19.47056	-0.3521476	0.0915851	0.913906	0.0860942	1.82781	0.172188	0.9480789
8374	0	-16.62809	-16.3381	-0.2899835	0.201201	0.965453	0.0345471	1.93091	0.0690942	0.890937
8375	1	-18.17999	-17.90541	-0.2745718	0.163065	0.945992	0.0540078	1.89198	0.108016	0.8773113
8376	0	-22.13327	-21.86971	-0.2635585	-0.30762	0.969263	0.0307368	1.93853	0.0614736	0.8677023
8377	1	-16.80084	-16.50076	-0.3000801	0.0285951	0.971345	0.0286545	1.94269	0.057309	0.8999779
8378	0	-17.25525	-16.9934	-0.2618442	0.249853	0.983158	0.0168421	1.96632	0.0336842	0.866216
8379	1	-17.86471	-17.67429	-0.1904139	0.200368	0.964638	0.0353623	1.92928	0.0707245	0.8065001
8380	0	-20.45539	-20.28593	-0.1694602	0.253798	0.933571	0.0664286	1.86714	0.132857	0.7897768
8381	1	-15.66552	-15.26551	-0.4000103	0.397027	0.976645	0.023355	1.95329	0.04671	0.99456
8382	0	-18.43717	-18.29445	-0.1427249	0.181399	0.976789	0.0232107	1.95358	0.0464214	0.7689417
8383	1	-15.87097	-15.52386	-0.3471094	0.291183	0.970696	0.029304	1.94139	0.0586079	0.9433143
8384	0	-18.33968	-18.17501	-0.1646638	0.122223	0.963826	0.0361739	1.92765	0.0723479	0.7859978
8385	1	-15.06259	-14.65742	-0.4051647	0.143953	0.978549	0.0214511	1.9571	0.0429023	0.9996996
8386	0	-16.67674	-16.3468	-0.3299324	0.0543092	0.982189	0.017811	1.96438	0.0356219	0.9272494
8387	1	-17.63659	-17.26049	-0.3760918	0.302276	0.945027	0.0549729	1.89005	0.109946	0.9710539
8388	0	-18.28804	-18.08009	-0.2079557	0.146739	0.954658	0.0453424	1.90932	0.0906849	0.8207724
8389	1	-17.17514	-16.91092	-0.2642159	0.311073	0.965826	0.0341737	1.93165	0.0683474	0.8682729
8390	0	-17.67109	-17.39488	-0.2762134	0.0271418	0.958679	0.041321	1.91736	0.0826419	0.8787528
8391	1	-15.3068	-14.91939	-0.3874119	0.1222	0.977589	0.0224109	1.95518	0.0448218	0.9821088
8392	0	-17.26307	-16.95775	-0.305317	0.421581	0.971003	0.028997	1.94201	0.057994	0.9047034
8393	1	-16.44041	-16.09338	-0.3470314	0.36153	0.983237	0.0167632	1.96647	0.0335263	0.9432407
8394	0	-16.88539	-16.53978	-0.345612	0.146312	0.986179	0.0138207	1.97236	0.0276415	0.9419029
8395	1	-15.97571	-15.66022	-0.315492	0.235678	0.973679	0.0263209	1.94736	0.0526419	0.9139557
8396	0	-15.83931	-15.51144	-0.3278665	0.172226	0.974436	0.0255637	1.94887	0.0511274	0.9253358
8397	1	-15.86758	-15.50493	-0.3626495	0.131771	0.982544	0.0174564	1.96509	0.0349127	0.958088
8398	0	-15.89611	-15.5613	-0.3348088	0.268833	0.971533	0.0284672	1.94307	0.0569344	0.9317821
8399	1	-19.47601	-19.14646	-0.3295562	-0.231009	0.969935	0.030065	1.93987	0.0601299	0.9269006
8400	0	-15.67895	-15.30167	-0.3772815	0.255567	0.967513	0.0324866	1.93503	0.0649732	0.9722099
8401	1	-17.135	-16.84123	-0.2937707	0.331411	0.983633	0.0163665	1.96727	0.032733	0.8943175
8402	0	-15.74497	-15.36769	-0.3772815	0.0624407	0.972476	0.0275237	1.94495	0.0550475	0.9722099
8403	1	-17.09904	-16.84461	-0.2544226	0.338456	0.976095	0.0239049	1.95219	0.0478098	0.8598112
8404	0	-19.15976	-18.91825	-0.2415145	0.25787	0.939736	0.0602643	1.87947	0.120529	0.8487839
8405	1	-18.90175	-18.70626	-0.1954886	0.420133	0.9778	0.0222001	1.9556	0.0444002	0.8106033
8406	0	-19.62238	-19.261	-0.361386	0.580527	0.969116	0.0308842	1.93823	0.0617684	0.9568782
8407	1	-19.48187	-19.22274	-0.2591327	-0.07854	0.944661	0.0553389	1.88932	0.110678	0.8638705
8408	0	-15.43988	-15.04875	-0.3911262	0.180861	0.968831	0.0311687	1.93766	0.0623375	0.9857634
8409	1	-19.04473	-18.82933	-0.2153953	0.273707	0.945941	0.0540593	1.89188	0.108119	0.8269014
8410	0	-16.63131	-16.28151	-0.3498033	0.15808	0.957375	0.0426252	1.91475	0.0852503	0.945859
8411	1	-18.90275	-18.6012	-0.3015552	0.303562	0.937783	0.0622166	1.87557	0.124433	0.9013065
8412	0	-16.48014	-16.08578	-0.3943618	0.106096	0.955784	0.0442159	1.91157	0.0884318	0.9889581
8413	1	-20.35716	-19.97519	-0.3819774	0.552235	0.948326	0.0516736	1.89665	0.103347	0.976786
8414	0	-17.13249	-16.80265	-0.3298423	0.31594	0.957035	0.0429651	1.91407	0.0859303	0.9271659
8415	1	-15.26096	-14.87504	-0.3859196	0.198137	0.972822	0.0271785	1.94564	0.054357	0.9806442
8416	0	-15.47004	-15.07374	-0.3962959	0.256689	0.983971	0.0160292	1.96794	0.0320584	0.9908727
8417	1	-16.1927	-15.83792	-0.3547791	0.121452	0.963803	0.0361967	1.92761	0.0723934	0.9505771
8418	0	-16.25413	-15.90355	-0.3505816	0.343758	0.967787	0.032213	1.93557	0.0644259	0.9465954
8419	1	-17.83298	-17.504	-0.3289782	-0.0353357	0.98384	0.0161598	1.96768	0.0323197	0.926365
8420	0	-16.40541	-16.08386	-0.3215554	0.326223	0.968806	0.0311943	1.93761	0.0623887	0.9195143
8421	1	-16.1731	-15.85087	-0.3222259	0.216095	0.967445	0.0325548	1.93489	0.0651096	0.920131
8422	0	-16.59182	-16.2419	-0.3499189	0.00910241	0.966209	0.0337912	1.93242	0.0675824	0.9459683
8423	1	-16.79334	-16.43426	-0.3590794	0.387266	0.984819	0.0151812	1.96964	0.0303623	0.9546736
8424	0	-15.47128	-15.1033	-0.3679767	0.205163	0.981044	0.0189556	1.96209	0.0379111	0.9632056
8425	1	-16.94258	-16.57398	-0.3685932	-0.0832795	0.972457	0.0275427	1.94491	0.0550855	0.9637996
8426	0	-15.55083	-15.19684	-0.3539891	0.163095	0.977394	0.0226056	1.95479	0.0452112	0.9498265
8427	1	-15.03861	-14.63491	-0.403702	0.286032	0.979095	0.0209051	1.95819	0.0418102	0.9982385
8428	0	-15.01895	-14.61936	-0.3995959	0.199886	0.978942	0.0210578	1.95788	0.0421155	0.994148
8429	1	-16.0941	-15.75815	-0.3359585	0.201806	0.980271	0.0197294	1.96054	0.0394588	0.9328539
8430	0	-16.57685	-16.20101	-0.3758417	0.213049	0.987019	0.0129815	1.97404	0.0259629	0.970811
8431	1	-15.11004	-14.71891	-0.3911303	0.18889	0.976595	0.0234049	1.95319	0.0468097	0.9857674
8432	0	-19.82554	-19.43871	-0.3868348	0.0108362	0.913199	0.0868012	1.8264	0.173602	0.9815422
8433	1	-16.02048	-15.63254	-0.3879389	0.0208007	0.968924	0.0310765	1.93785	0.062153	0.9826265
8434	0	-16.83588	-16.49383	-0.3420543	0.266204	0.956819	0.0431814	1.91364	0.0863629	0.9385578
8435	1	-16.53232	-16.16	-0.3723226	0.282524	0.957841	0.0421587	1.91568	0.0843174	0.9674007
8436	0	-16.27361	-15.97045	-0.303158	0.306612	0.975358	0.0246422	1.95072	0.0492843	0.9027523
8437	1	-16.82628	-16.44528	-0.3809989	0.280313	0.953291	0.0467089	1.90658	0.0934179	0.9758307
8438	0	-15.92541	-15.58259	-0.3428162	0.130969	0.969907	0.0300926	1.93981	0.0601851	0.9392732
8439	1	-16.72895	-16.36023	-0.3687182	0.459208	0.977117	0.0228832	1.95423	0.0457663	0.9639201
8440	0	-18.41605	-18.10073	-0.3153195	0.192389	0.937911	0.0620887	1.87582	0.124177	0.9137981
8441	1	-17.03038	-16.68222	-0.3481525	-0.036496	0.980811	0.0191892	1.96162	0.0383785	0.9442988
8442	0	-15.41401	-15.02237	-0.3916349	0.305181	0.971699	0.0283014	1.9434	0.0566027	0.986265
8443	1	-15.58257	-15.23123	-0.3513411	0.207214	0.973349	0.0266513	1.9467	0.0533027	0.9473146
8444	0	-17.31419	-16.9622	-0.3519904	0.0449407	0.984726	0.0152741	1.96945	0.0305483	0.9479299
8445	1	-15.6709	-15.26569	-0.4052127	0.0369995	0.971039	0.028961	1.94208	0.0579221	0.9997476
8446	0	-17.44557	-17.13125	-0.3143214	0.43024	0.982093	0.0179072	1.96419	0.0358145	0.9128865
8447	1	-15.13691	-14.732	-0.4049147	0.27238	0.97278	0.0272196	1.94556	0.0544393	0.9994497
8448	0	-16.42199	-16.06776	-0.3542322	0.370589	0.96738	0.0326196	1.93476	0.0652391	0.9500573
8449	1	-15.04366	-14.64122	-0.4024377	0.230141	0.974215	0.0257849	1.94843	0.0515698	0.9969772
8450	0	-15.43832	-15.04581	-0.3925073	0.0793213	0.975593	0.0244068	1.95119	0.0488135	0.9871258
8451	1	-15.31075	-14.9229	-0.3878553	0.212016	0.97132	0.0286801	1.94264	0.0573601	0.9825444
8452	0	-17.8709	-17.60631	-0.2645905	0.300618	0.955414	0.0445861	1.91083	0.0891722	0.8685982
8453	1	-15.90205	-15.52772	-0.3743321	0.0747811	0.968268	0.0317318	1.93654	0.0634636	0.9693466
8454	0	-17.85128	-17.62413	-0.2271556	0.171877	0.957494	0.042506	1.91499	0.0850121	0.8366834
8455	1	-18.27974	-17.87861	-0.4011317	-0.193172	0.979679	0.0203207	1.95936	0.0406413	0.995676
8456	0	-17.19425	-16.94988	-0.2443628	0.080542	0.9709	0.0290998	1.9418	0.0581996	0.851205
8457	1	-15.60626	-15.20413	-0.4021365	0.391453	0.979515	0.0204852	1.95903	0.0409705	0.9966769
8458	0	-19.17659	-19.05171	-0.1248761	0.0394988	0.972173	0.0278268	1.94435	0.0556536	0.7553387
8459	1	-16.17535	-15.77321	-0.4021365	-0.00339241	0.966402	0.033598	1.9328	0.067196	0.9966769
8460	0	-21.61516	-21.5798	-0.0353622	0.118884	0.947337	0.0526634	1.89467	0.105327	0.6906633
8461	1	-16.04448	-15.71564	-0.32884	0.303206	0.972124	0.0278757	1.94425	0.0557514	0.926237
8462	0	-19.48887	-19.35007	-0.1388067	0.104971	0.950868	0.0491324	1.90174	0.0982647	0.7659347
8463	1	-17.72953	-17.39309	-0.3364394	0.200023	0.944594	0.0554057	1.88919	0.110811	0.9333027
8464	0	-17.57547	-17.31573	-0.2597407	0.32144	0.96157	0.0384299	1.92314	0.0768598	0.8643959
8465	1	-17.13318	-16.74258	-0.3906091	-0.116435	0.977531	0.022469	1.95506	0.044938	0.9852538
8466	0	-16.29572	-15.96306	-0.3326557	0.367116	0.973756	0.0262441	1.94751	0.0524883	0.929778
8467	1	-15.52309	-15.12387	-0.3992254	0.10992	0.968723	0.0312772	1.93745	0.0625545	0.9937797
8468	0	-15.74021	-15.34191	-0.398296	0.231107	0.963679	0.0363208	1.92736	0.0726417	0.9928565
8469	1	-15.60152	-15.22588	-0.375645	0.305932	0.971219	0.0287805	1.94244	0.0575611	0.9706201
8470	0	-16.90309	-16.59963	-0.3034542	0.0172078	0.96908	0.0309196	1.93816	0.0618392	0.9030197
8471	1	-15.82373	-15.45475	-0.3689771	0.318023	0.969442	0.0305576	1.93888	0.0611152	0.9641696
8472	0	-18.25384	-17.96574	-0.2880949	0.343894	0.950719	0.0492813	1.90144	0.0985625	0.8892559
8473	1	-17.03033	-16.64705	-0.3832806	0.147307	0.948785	0.0512147	1.89757	0.102429	0.9780597
8474	0	-17.20671	-16.86308	-0.3436303	-0.0778787	0.970299	0.0297009	1.9406	0.0594019	0.9400382
8475	1	-17.78825	-17.45191	-0.3363381	0.0226932	0.948532	0.0514684	1.89706	0.102937	0.9332081
8476	0	-15.20625	-14.80508	-0.4011672	0.30488	0.973984	0.0260156	1.94797	0.0520312	0.9957113
8477	1	-18.42035	-18.13713	-0.2832122	0.364463	0.951319	0.0486808	1.90264	0.0973616	0.8849245
8478	0	-15.54919	-15.1832	-0.365989	0.206801	0.970739	0.0292612	1.94148	0.0585223	0.961293
8479	1	-17.99713	-17.73015	-0.2669798	-0.058322	0.96763	0.0323703	1.93526	0.0647405	0.870676
8480	0	-15.58413	-15.18461	-0.3995146	0.0394616	0.977067	0.0229331	1.95413	0.0458663	0.9940672
8481	1	-17.44909	-17.07651	-0.3725755	0.507194	0.976969	0.0230313	1.95394	0.0460626	0.9676454
8482	0	-17.40035	-17.1421	-0.2582534	0.132017	0.959735	0.0402654	1.91947	0.0805308	0.8631112
8483	1	-16.49619	-16.12361	-0.3725755	-0.0334802	0.970234	0.0297659	1.94047	0.0595319	0.9676454
8484	0	-17.41166	-17.19668	-0.2149738	0.120229	0.975254	0.0247462	1.95051	0.0494923	0.8265529
8485	1	-15.38747	-15.01344	-0.3740356	0.192094	0.972645	0.0273547	1.94529	0.0547094	0.9690593
8486	0	-22.3168	-22.04273	-0.2740726	-0.324611	0.966204	0.0337962	1.93241	0.0675923	0.8768735
8487	1	-17.73686	-17.36829	-0.3685743	-0.0264367	0.949171	0.0508288	1.89834	0.101658	0.9637814
8488	0	-15.47182	-15.08445	-0.3873739	0.092613	0.979267	0.0207327	1.95853	0.0414655	0.9820714
8489	1	-16.43825	-16.10651	-0.3317401	0.38944	0.976105	0.0238949	1.95221	0.0477898	0.9289271
8490	0	-15.97057	-15.57007	-0.4005014	0.132749	0.961116	0.0388843	1.92223	0.0777687	0.9950486
8491	1	-18.56777	-18.2607	-0.3070781	-0.136967	0.977814	0.0221862	1.95563	0.0443723	0.9062981
8492	0	-15.69187	-15.29137	-0.4005014	0.131406	0.965019	0.0349808	1.93004	0.0699616	0.9950486
8493	1	-17.46344	-17.09103	-0.3724182	0.173	0.98855	0.0114503	1.9771	0.0229007	0.9674932
8494	0	-15.82646	-15.43541	-0.3910527	0.323149	0.966646	0.033354	1.93329	0.066708	0.985691
8495	1	-15.065	-14.66964	-0.3953653	0.218218	0.97943	0.0205697	1.95886	0.0411395	0.989951
8496	0	-15.96815	-15.60987	-0.3582783	0.238465	0.983998	0.0160022	1.968	0.0320043	0.9539092
8497	1	-15.25543	-14.86809	-0.3873437	0.183813	0.980848	0.0191517	1.9617	0.0383034	0.9820418
8498	0	-18.65403	-18.27665	-0.3773768	0.163912	0.927575	0.0724252	1.85515	0.14485	0.9723025
8499	1	-15.45789	-15.0656	-0.3922889	0.168592	0.968601	0.031399	1.9372	0.0627981	0.9869103
8500	0	-15.23634	-14.84325	-0.3930918	0.184222	0.981504	0.0184963	1.96301	0.0369927	0.9877029
8501	1	-15.52271	-15.13042	-0.3922889	0.12326	0.96909	0.0309102	1.93818	0.0618203	0.9869103
8502	0	-16.09695	-15.69336	-0.4035902	0.0959649	0.960334	0.0396665	1.92067	0.0793329	0.9981268
8503	1	-15.69838	-15.30029	-0.3980904	0.346554	0.983667	0.016333	1.96733	0.032666	0.9926524
8504	0	-15.10357	-14.71093	-0.3926393	0.183139	0.978344	0.0216562	1.95669	0.0433125	0.9872561
8505	1	-15.76288	-15.36686	-0.3960255	0.0892877	0.966386	0.0336139	1.93277	0.0672278	0.9906048
8506	0	-15.30312	-14.90931	-0.3938083	0.16486	0.971177	0.0288234	1.94235	0.0576468	0.9884109
8507	1	-17.29676	-16.97367	-0.3230946	0.169915	0.95161	0.0483901	1.90322	0.0967802	0.9209307
8508	0	-16.21567	-15.83328	-0.3823859	0.31405	0.96213	0.0378699	1.92426	0.0757398	0.9771851
8509	1	-15.60304	-15.23137	-0.3716719	0.132336	0.970676	0.0293239	1.94135	0.0586479	0.9667714
8510	0	-16.71786	-16.36187	-0.3559953	0.126277	0.956142	0.0438583	1.91228	0.0877165	0.9517339
8511	1	-17.19471	-16.88244	-0.3122655	0.029842	0.960112	0.0398883	1.92022	0.0797765	0.9110116
8512	0	-16.31613	-16.03056	-0.2855692	0.236696	0.976566	0.0234338	1.95313	0.0468676	0.8870128
8513	1	-15.53816	-15.15922	-0.3789393	0.0892025	0.977784	0.0222157	1.95557	0.0444314	0.9738229
8514	0	-18.56025	-18.21595	-0.3442974	0.532246	0.98032	0.0196795	1.96064	0.0393591	0.9406654
8515	1	-15.55454	-15.19046	-0.3640791	0.310615	0.97618	0.0238202	1.95236	0.0476405	0.9594587
8516	0	-15.58043	-15.21241	-0.3680188	0.18575	0.981975	0.018025	1.96395	0.0360499	0.9632461
8517	1	-20.17382	-19.81062	-0.3632002	0.493101	0.988867	0.0111325	1.97773	0.0222651	0.9586158
8518	0	-15.41862	-15.04732	-0.3713017	0.159644	0.979525	0.0204749	1.95905	0.0409497	0.9664136
8519	1	-17.34686	-17.01654	-0.3303179	-0.0737268	0.969117	0.0308833	1.93823	0.0617665	0.927607
8520	0	-15.4172	-15.03299	-0.3842048	0.282304	0.971656	0.0283439	1.94331	0.0566878	0.9789641
8521	1	-17.05747	-16.70923	-0.3482382	0.341628	0.957521	0.0424788	1.91504	0.0849577	0.9443798
8522	0	-18.73904	-18.34237	-0.3966705	-0.0191801	0.930844	0.0691558	1.86169	0.138312	0.9912439
8523	1	-15.70106	-15.36184	-0.3392294	0.187651	0.974118	0.0258821	1.94824	0.0517642	0.9359103
8524	0	-15.04683	-14.64181	-0.4050162	0.147937	0.976811	0.023189	1.95362	0.046378	0.9995512
8525	1	-16.30854	-16.0155	-0.2930446	0.145711	0.973589	0.0264109	1.94718	0.0528217	0.8936684
8526	0	-16.17759	-15.82816	-0.3494273	0.106101	0.965492	0.0345076	1.93098	0.0690152	0.9455034
8527	1	-16.09679	-15.70557	-0.3912155	0.199292	0.959598	0.0404016	1.9192	0.0808031	0.9858514
8528	0	-17.32856	-16.94458	-0.3839813	-0.0695919	0.95789	0.0421097	1.91578	0.0842193	0.9787453
8529	1	-15.16302	-14.776	-0.3870138	0.216412	0.975088	0.0249122	1.95018	0.0498245	0.9817179
8530	0	-15.35032	-14.97041	-0.3799045	0.220782	0.981442	0.0185581	1.96288	0.0371162	0.9747633
8531	1	-16.69272	-16.4355	-0.2572193	0.24463	0.975947	0.0240532	1.95189	0.0481064	0.8622191
8532	0	-15.65861	-15.2738	-0.3848039	0.361739	0.973845	0.0261546	1.94769	0.0523092	0.9795508
8533	1	-18.78673	-18.59715	-0.1895787	0.331523	0.982901	0.017099	1.9658	0.034198	0.8058268
8534	0	-17.29314	-16.93331	-0.3598273	0.191605	0.947616	0.0523838	1.89523	0.104768	0.955388
8535	1	-17.44176	-17.23779	-0.2039726	0.156759	0.97294	0.0270598	1.94588	0.0541195	0.8175097
8536	0	-16.87212	-16.53855	-0.3335704	-0.00622872	0.965934	0.0340655	1.93187	0.068131	0.9306289
8537	1	-17.63937	-17.41253	-0.2268409	0.169126	0.960789	0.039211	1.92158	0.0784219	0.8364201
8538	0	-16.21231	-15.906	-0.3063115	0.273581	0.979634	0.0203664	1.95927	0.0407328	0.9056036
8539	1	-16.28323	-15.89869	-0.384543	0.186469	0.957906	0.0420942	1.91581	0.0841884	0.9792952
8540	0	-16.14399	-15.78793	-0.3560662	0.339784	0.96823	0.0317697	1.93646	0.0635394	0.9518013
8541	1	-19.073	-18.89906	-0.1739387	0.114921	0.94994	0.0500605	1.89988	0.100121	0.7933217
8542	0	-16.56162	-16.16958	-0.3920408	-0.0707202	0.97258	0.0274203	1.94516	0.0548406	0.9866654
8543	1	-18.31927	-17.98959	-0.3296873	0.458525	0.985321	0.0146791	1.97064	0.0293582	0.9270221
8544	0	-19.87593	-19.50161	-0.3743225	0.272593	0.991302	0.00869753	1.9826	0.0173951	0.9693374
8545	1	-16.51317	-16.14014	-0.3730289	-0.0404298	0.971414	0.028586	1.94283	0.0571721	0.9680842
8546	0	-19.29508	-19.10528	-0.1897954	-0.0793692	0.96662	0.0333803	1.93324	0.0667605	0.8060015
8547	1	-15.4909	-15.12829	-0.3626053	0.159998	0.974296	0.0257042	1.94859	0.0514083	0.9580457
8548	0	-19.22951	-19.06547	-0.1640401	0.0195216	0.955847	0.0441526	1.91169	0.0883051	0.7855077
8549	1	-16.85224	-16.50754	-0.344695	-0.0436887	0.971186	0.0288144	1.94237	0.0576288	0.9410395
8550	0	-17.82597	-17.62705	-0.1989181	0.181264	0.963296	0.0367039	1.92659	0.0734078	0.8133881
8551	1	-15.47172	-15.08153	-0.3901953	0.281697	0.969731	0.0302691	1.93946	0.0605383	0.9848462
8552	0	-18.51822	-18.3693	-0.1489187	0.189269	0.962885	0.0371145	1.92577	0.0742291	0.7737191
8553	1	-18.55796	-18.18574	-0.3722246	0.486604	0.955079	0.0449212	1.91016	0.0898424	0.9673059
8554	0	-17.99597	-17.81117	-0.1847985	0.266363	0.979316	0.0206842	1.95863	0.0413684	0.801984
8555	1	-16.29387	-15.89154	-0.4023322	0.0889851	0.95809	0.0419098	1.91618	0.0838195	0.996872
8556	0	-16.78335	-16.51443	-0.2689176	0.138545	0.968188	0.0318116	1.93638	0.0636232	0.8723648
8557	1	-16.491	-16.11626	-0.3747495	0.114992	0.985897	0.0141034	1.97179	0.0282068	0.9697514
8558	0	-16.84932	-16.53277	-0.3165484	0.329041	0.963306	0.0366937	1.92661	0.0733873	0.9149218
8559	1	-16.45885	-16.16941	-0.2894336	0.197679	0.968568	0.0314325	1.93714	0.062865	0.8904471
8560	0	-16.42723	-16.03267	-0.3945601	0.136526	0.955634	0.0443656	1.91127	0.0887313	0.9891542
8561	1	-19.62562	-19.30174	-0.3238888	0.393414	0.934696	0.0653041	1.86939	0.130608	0.9216624
8562	0	-15.23414	-14.82984	-0.4043026	0.118419	0.980562	0.0194377	1.96112	0.0388754	0.9988381
8563	1	-16.99891	-16.61415	-0.3847552	0.280464	0.950842	0.0491576	1.90168	0.0983151	0.9795031
8564	0	-16.56168	-16.20154	-0.3601364	-0.0306331	0.97709	0.0229099	1.95418	0.0458197	0.9556833
8565	1	-18.5449	-18.21043	-0.3344667	0.180914	0.933835	0.0661647	1.86767	0.132329	0.9314633
8566	0	-16.86031	-16.465	-0.3953105	-0.0446731	0.960709	0.0392911	1.92142	0.0785822	0.9898968
8567	1	-20.50739	-20.10943	-0.3979603	0.284034	0.902505	0.0974954	1.80501	0.194991	0.9925233
8568	0	-17.12174	-16.83926	-0.2824863	0.103696	0.961145	0.038855	1.92229	0.0777099	0.8842824
8569	1	-19.63953	-19.24083	-0.3986996	0.0178233	0.914396	0.0856043	1.82879	0.171209	0.9932573
8570	0	-20.83288	-20.53054	-0.3023397	-0.0792569	0.916279	0.083721	1.83256	0.167442	0.9020138
8571	1	-15.81484	-15.44049	-0.3743476	0.294926	0.967422	0.0325775	1.93484	0.065155	0.9693617
8572	0	-18.95292	-18.62642	-0.3265034	0.25338	0.931209	0.0687913	1.86242	0.137583	0.9240753
8573	1	-17.17664	-16.82534	-0.3513015	0.470389	0.97396	0.0260405	1.94792	0.052081	0.9472771
8574	0	-15.30539	-14.92063	-0.3847653	0.299701	0.979653	0.020347	1.95931	0.040694	0.979513
8575	1	-18.54471	-18.1581	-0.3866077	0.449733	0.94752	0.0524805	1.89504	0.104961	0.9813193
8576	0	-16.40055	-16.01829	-0.3822527	0.374854	0.985084	0.0149158	1.97017	0.0298316	0.9770549
8577	1	-15.83338	-15.47139	-0.3619909	0.0844948	0.971353	0.0286474	1.94271	0.0572949	0.9574573
8578	0	-18.03921	-17.69434	-0.3448651	0.508341	0.980441	0.0195589	1.96088	0.0391178	0.9411997
8579	1	-15.96209	-15.63869	-0.3234083	0.264132	0.972702	0.0272981	1.9454	0.0545962	0.9212196
8580	0	-17.89239	-17.56692	-0.3254686	-0.0104797	0.984839	0.0151605	1.96968	0.030321	0.9231196
8581	1	-17.62628	-17.2954	-0.330879	-0.104395	0.971125	0.0288755	1.94225	0.057751	0.9281275
8582	0	-16.04397	-15.70098	-0.3429931	0.309271	0.969608	0.030392	1.93922	0.060784	0.9394394
8583	1	-15.86444	-15.46374	-0.4007013	-0.00012929	0.97362	0.0263795	1.94724	0.0527591	0.9952475
8584	0	-16.04596	-15.65672	-0.3892373	0.336595	0.964853	0.0351471	1.92971	0.0702941	0.9839031
8585	1	-17.62589	-17.29268	-0.3332156	0.423025	0.961032	0.0389681	1.92206	0.0779362	0.9302987
8586	0	-15.12325	-14.73401	-0.3892373	0.236355	0.976053	0.0239471	1.95211	0.0478942	0.9839031
8587	1	-17.48631	-17.13184	-0.3544714	-0.0535893	0.957666	0.0423336	1.91533	0.0846672	0.9502846
8588	0	-15.98026	-15.61102	-0.3692418	0.0271645	0.975373	0.0246265	1.95075	0.0492531	0.9644249
8589	1	-15.58579	-15.217	-0.3687974	0.229007	0.969709	0.030291	1.93942	0.0605821	0.9639964
8590	0	-17.38375	-17.04659	-0.3371572	0.110703	0.949798	0.0502019	1.8996	0.100404	0.9339728
8591	1	-16.93147	-16.62899	-0.3024802	0.305316	0.962586	0.0374141	1.92517	0.0748282	0.9021406
8592	0	-15.95606	-15.58243	-0.3736258	0.196724	0.96338	0.0366202	1.92676	0.0732404	0.9686623
8593	1	-18.93154	-18.77848	-0.1530555	0.129977	0.955738	0.0442616	1.91148	0.0885233	0.7769264
8594	0	-15.13573	-14.74761	-0.3881191	0.246504	0.978696	0.0213042	1.95739	0.0426084	0.9828036
8595	1	-17.42405	-17.15876	-0.265286	0.309112	0.961812	0.0381876	1.92362	0.0763752	0.8692026
8596	0	-15.3546	-14.9757	-0.3789077	0.304476	0.977621	0.0223792	1.95524	0.0447584	0.9737922
8597	1	-18.65564	-18.26854	-0.3871056	0.0820996	0.927713	0.0722867	1.85543	0.144573	0.981808
8598	0	-16.18284	-15.84373	-0.3391055	0.0617244	0.978783	0.0212171	1.95757	0.0424343	0.9357943
8599	1	-18.71894	-18.37005	-0.3488906	0.462911	0.952188	0.0478124	1.90438	0.0956249	0.944996
8600	0	-16.62818	-16.30515	-0.3230256	0.0453533	0.966658	0.0333422	1.93332	0.0666844	0.9208672
8601	1	-18.62718	-18.39833	-0.2288486	0.095194	0.947764	0.0522365	1.89553	0.104473	0.8381011
8602	0	-16.08033	-15.75981	-0.320522	0.258241	0.97043	0.0295695	1.94086	0.059139	0.9185645
8603	1	-15.55804	-15.17783	-0.3802112	0.147913	0.982298	0.0177021	1.9646	0.0354043	0.9750623
8604	0	-16.58608	-16.26149	-0.3245881	0.287401	0.963124	0.0368761	1.92625	0.0737521	0.9223071
8605	1	-16.05219	-15.67845	-0.3737386	0.0148248	0.977899	0.0221012	1.9558	0.0442024	0.9687715
8606	0	-15.93013	-15.57935	-0.3507851	0.151711	0.982377	0.0176232	1.96475	0.0352463	0.9467881
8607	1	-15.28864	-14.90185	-0.386782	0.130198	0.976024	0.0239757	1.95205	0.0479514	0.9814904
8608	0	-15.36431	-14.96491	-0.3994061	0.105974	0.972038	0.0279621	1.94408	0.0559242	0.9939594
8609	1	-16.699	-16.30512	-0.3938838	0.0267215	0.956836	0.0431643	1.91367	0.0863286	0.9884855
8610	0	-16.15413	-15.8178	-0.3363279	0.36085	0.976186	0.0238135	1.95237	0.0476271	0.9331986
8611	1	-17.2045	-16.83677	-0.3677312	0.457333	0.966673	0.0333268	1.93335	0.0666537	0.9629692
8612	0	-16.62306	-16.3129	-0.3101514	0.0897215	0.965454	0.0345456	1.93091	0.0690913	0.9090877
8613	1	-15.64806	-15.27499	-0.3730701	0.149172	0.968844	0.0311562	1.93769	0.0623124	0.9681241
8614	0	-15.22605	-14.84791	-0.3781385	0.207487	0.977456	0.0225436	1.95491	0.0450872	0.9730434
8615	1	-15.36165	-14.96414	-0.3975013	0.282164	0.983043	0.0169569	1.96609	0.0339138	0.9920678
8616	0	-15.78748	-15.42601	-0.3614707	0.115477	0.981088	0.0189119	1.96218	0.0378238	0.9569593
8617	1	-17.49983	-17.12692	-0.3729044	0.26457	0.988704	0.0112956	1.97741	0.0225913	0.9679637
8618	0	-17.07766	-16.67621	-0.4014495	0.396806	0.956165	0.0438352	1.91233	0.0876704	0.9959925
8619	1	-16.94601	-16.66186	-0.2841414	0.232986	0.961999	0.0380005	1.924	0.076001	0.8857472
8620	0	-18.16786	-17.85664	-0.3112165	0.457865	0.963218	0.0367821	1.92644	0.0735642	0.9100565
8621	1	-15.07036	-14.66993	-0.4004249	0.192322	0.97427	0.0257301	1.94854	0.0514602	0.9949725
8622	0	-18.45258	-18.19395	-0.2586343	0.0441786	0.948302	0.0516977	1.8966	0.103395	0.8634401
8623	1	-16.79092	-16.47525	-0.3156766	-2.66402e-06	0.973415	0.0265849	1.94683	0.0531698	0.9141245
8624	0	-16.7776	-16.51634	-0.2612548	0.135178	0.977364	0.0226364	1.95473	0.0452728	0.8657057
8625	1	-16.73197	-16.38807	-0.3438947	-0.0330294	0.974474	0.0255264	1.94895	0.0510528	0.9402868
8626	0	-15.74974	-15.35785	-0.3918943	0.341772	0.968904	0.031096	1.93781	0.062192	0.9865209
8627	1	-15.3837	-14.98003	-0.4036695	0.172365	0.96815	0.03185	1.9363	0.0637	0.998206
8628	0	-16.40822	-16.00915	-0.3990664	0.364208	0.96131	0.0386897	1.92262	0.0773793	0.9936217
8629	1	-16.09068	-15.71558	-0.3750941	0.144341	0.984926	0.0150737	1.96985	0.0301475	0.9700856
8630	0	-17.33553	-16.96438	-0.3711491	0.266127	0.947538	0.0524619	1.89508	0.104924	0.9662661
8631	1	-16.17101	-15.79794	-0.373074	0.023247	0.968396	0.0316044	1.93679	0.0632087	0.9681279
8632	0	-16.87885	-16.56837	-0.3104809	0.0202047	0.967251	0.0327489	1.9345	0.0654978	0.9093873
8633	1	-16.28641	-15.92551	-0.3608967	0.194646	0.960427	0.0395733	1.92085	0.0791467	0.9564102
8634	0	-16.21299	-15.86903	-0.3439597	0.183258	0.963571	0.0364288	1.92714	0.0728575	0.9403479
8635	1	-15.27096	-14.87677	-0.3941865	0.134962	0.980312	0.0196875	1.96062	0.039375	0.9887847
8636	0	-16.76527	-16.41359	-0.3516714	-0.043867	0.976319	0.0236808	1.95264	0.0473615	0.9476276
8637	1	-16.45469	-16.14128	-0.3134007	0.0565845	0.972451	0.0275489	1.9449	0.0550979	0.9120464
8638	0	-17.71028	-17.40865	-0.3016255	0.0356953	0.953398	0.0466023	1.9068	0.0932045	0.9013699
8639	1	-16.67907	-16.33377	-0.3452969	0.413052	0.981353	0.0186472	1.96271	0.0372943	0.9416061
8640	0	-15.11863	-14.72706	-0.391569	0.1805	0.978312	0.021688	1.95662	0.043376	0.9862
8641	1	-15.51118	-15.15072	-0.3604606	0.280362	0.975354	0.024646	1.95071	0.0492919	0.9559931
8642	0	-19.30086	-18.92222	-0.3786376	0.407	0.933728	0.0662718	1.86746	0.132544	0.9735291
8643	1	-16.59821	-16.30149	-0.2967139	0.160756	0.982022	0.0179784	1.96404	0.0359568	0.8969536
8644	0	-16.72452	-16.38209	-0.342425	0.114869	0.957999	0.042001	1.916	0.0840019	0.9389058
8645	1	-16.90758	-16.61636	-0.2912245	0.0256946	0.972324	0.0276756	1.94465	0.0553512	0.8920433
8646	0	-16.11908	-15.75863	-0.3604548	0.0508514	0.968806	0.0311942	1.93761	0.0623884	0.9559876
8647	1	-16.29621	-15.93654	-0.3596668	0.148102	0.960918	0.0390825	1.92184	0.0781649	0.9552346
8648	0	-16.48426	-16.10676	-0.3774937	0.392407	0.965566	0.0344343	1.93113	0.0688686	0.9724161
8649	1	-16.97468	-16.72892	-0.2457668	0.143446	0.977562	0.0224376	1.95512	0.0448752	0.8524009
8650	0	-15.10645	-14.70119	-0.4052551	0.220695	0.982085	0.0179153	1.96417	0.0358305	0.99979
8651	1	-16.75137	-16.36088	-0.3904948	-0.0224455	0.983662	0.0163375	1.96732	0.0326751	0.9851412
8652	0	-15.66761	-15.28025	-0.3873631	0.279185	0.984208	0.0157917	1.96842	0.0315834	0.9820608
8653	1	-15.83798	-15.46189	-0.3760897	0.211744	0.98454	0.0154596	1.96908	0.0309193	0.9710518
8654	0	-16.48374	-16.21018	-0.2735687	0.172187	0.974294	0.0257061	1.94859	0.0514122	0.8764318
8655	1	-18.04953	-17.71211	-0.3374254	0.330213	0.988148	0.0118517	1.9763	0.0237035	0.9342234
8656	0	-19.81552	-19.53602	-0.2795001	0.198778	0.923344	0.0766564	1.84669	0.153313	0.8816457
8657	1	-17.51596	-17.14535	-0.3706049	0.169545	0.988569	0.0114312	1.97714	0.0228625	0.9657404
8658	0	-17.70838	-17.42114	-0.2872472	0.0476423	0.954713	0.0452872	1.90943	0.0905744	0.8885024
8659	1	-16.23364	-15.82964	-0.4040057	0.276027	0.958012	0.0419883	1.91602	0.0839766	0.9985417
8660	0	-17.92669	-17.52183	-0.404857	0.269403	0.937015	0.0629852	1.87403	0.12597	0.9993921
8661	1	-17.91241	-17.58194	-0.3304701	-0.0291211	0.951832	0.0481677	1.90366	0.0963354	0.9277481
8662	0	-15.62496	-15.23553	-0.3894335	0.0678986	0.97181	0.0281904	1.94362	0.0563808	0.9840962
8663	1	-16.13398	-15.7678	-0.3661744	0.0168467	0.972099	0.0279008	1.9442	0.0558016	0.9614712
8664	0	-15.87513	-15.51531	-0.3598158	0.131514	0.982315	0.0176853	1.96463	0.0353706	0.9553769
8665	1	-15.55329	-15.18558	-0.367713	0.200814	0.981879	0.0181205	1.96376	0.036241	0.9629516
8666	0	-17.4051	-17.05098	-0.3541196	-0.0773848	0.962537	0.0374632	1.92507	0.0749264	0.9499504
8667	1	-16.92132	-16.56175	-0.3595654	-0.0368022	0.964267	0.0357329	1.92853	0.0714659	0.9551378
8668	0	-16.29847	-15.96941	-0.3290629	0.054927	0.977631	0.0223695	1.95526	0.044739	0.9264435
8669	1	-15.12924	-14.73366	-0.3955826	0.204855	0.973696	0.0263037	1.94739	0.0526075	0.9901662
8670	0	-16.79015	-16.45423	-0.3359191	0.0368915	0.982621	0.0173795	1.96524	0.0347589	0.9328172
8671	1	-15.43541	-15.05504	-0.380371	0.113743	0.974492	0.025508	1.94898	0.051016	0.9752181
8672	0	-15.58713	-15.21345	-0.3736736	0.228056	0.968909	0.0310912	1.93782	0.0621824	0.9687086
8673	1	-16.01282	-15.64601	-0.366808	0.179591	0.963506	0.0364935	1.92701	0.072987	0.9620805
8674	0	-15.27188	-14.87218	-0.3996988	0.235824	0.983009	0.0169908	1.96602	0.0339815	0.9942503
8675	1	-17.90895	-17.54576	-0.3631912	-0.0814461	0.953249	0.0467507	1.9065	0.0935014	0.9586072
8676	0	-16.47439	-16.12474	-0.3496534	0.0673664	0.962999	0.037001	1.926	0.074002	0.9457172
8677	1	-15.31027	-14.9153	-0.3949686	0.176007	0.982353	0.0176473	1.96471	0.0352945	0.9895584
8678	0	-15.85577	-15.47765	-0.3781165	0.181443	0.96431	0.0356898	1.92862	0.0713796	0.973022
8679	1	-15.33062	-14.94617	-0.3844469	0.125269	0.97583	0.0241704	1.95166	0.0483408	0.9792012
8680	0	-17.40898	-17.12757	-0.2814159	0.414281	0.977589	0.0224107	1.95518	0.0448213	0.8833364
8681	1	-16.32462	-15.94118	-0.383444	-0.0347918	0.976985	0.0230147	1.95397	0.0460294	0.9782196
8682	0	-16.18076	-15.87683	-0.3039322	0.154671	0.972683	0.0273173	1.94537	0.0546347	0.9034514
8683	1	-15.52603	-15.15247	-0.3735656	0.104612	0.977703	0.0222967	1.95541	0.0445933	0.9686039
8684	0	-15.53121	-15.14439	-0.3868206	0.164131	0.968294	0.0317063	1.93659	0.0634126	0.9815283
8685	1	-18.43363	-18.09286	-0.3407768	-0.0949697	0.950144	0.0498559	1.90029	0.0997119	0.9373595
8686	0	-17.33205	-16.93557	-0.3964866	0.110237	0.944275	0.0557245	1.88855	0.111449	0.9910617
8687	1	-15.87822	-15.52253	-0.3556915	0.116315	0.96915	0.0308504	1.9383	0.0617008	0.9514448
8688	0	-17.26275	-16.87682	-0.3859306	0.485664	0.968517	0.0314826	1.93703	0.0629653	0.9806551
8689	1	-16.34993	-15.9752	-0.3747356	0.315238	0.96139	0.0386098	1.92278	0.0772195	0.9697378
8690	0	-18.4522	-18.06956	-0.3826354	0.505333	0.958461	0.0415392	1.91692	0.0830784	0.9774289
8691	1	-16.96158	-16.66777	-0.2938123	0.343642	0.966641	0.0333587	1.93328	0.0667173	0.8943547
8692	0	-18.26188	-17.86055	-0.4013291	0.218335	0.931297	0.0687026	1.86259	0.137405	0.9958725
8693	1	-16.16925	-15.77627	-0.3929802	-0.00571318	0.980884	0.0191163	1.96177	0.0382326	0.9875927
8694	0	-15.53931	-15.14592	-0.3933849	0.329271	0.970965	0.0290354	1.94193	0.0580709	0.9879925
8695	1	-16.43015	-16.11147	-0.3186776	0.316121	0.968083	0.0319175	1.93617	0.063835	0.9168719
8696	0	-15.99405	-15.62058	-0.3734736	0.370828	0.970846	0.029154	1.94169	0.058308	0.9685148
8697	1	-16.25134	-15.93409	-0.3172526	0.0861992	0.972947	0.0270526	1.94589	0.0541052	0.9155663
8698	0	-16.4158	-16.03448	-0.3813249	0.138598	0.957088	0.0429119	1.91418	0.0858237	0.9761489
8699	1	-17.5836	-17.38409	-0.199512	0.127298	0.9734	0.0266004	1.9468	0.0532008	0.8138712
8700	0	-15.61156	-15.24143	-0.3701326	0.167504	0.982155	0.0178448	1.96431	0.0356896	0.9652844
8701	1	-15.58411	-15.1797	-0.4044151	0.0422388	0.972715	0.0272853	1.94543	0.0545706	0.9989505
8702	0	-17.69847	-17.33318	-0.3652875	0.13532	0.942008	0.0579919	1.88402	0.115984	0.9606188
8703	1	-15.25114	-14.85455	-0.3965897	0.314166	0.980444	0.019556	1.96089	0.039112	0.9911639
8704	0	-15.51752	-15.12455	-0.3929702	0.349118	0.981352	0.0186475	1.9627	0.037295	0.9875828
8705	1	-17.85528	-17.45159	-0.403689	0.226859	0.936647	0.0633526	1.87329	0.126705	0.9982255
8706	0	-16.13062	-15.76716	-0.3634603	0.0499689	0.981139	0.018861	1.96228	0.037722	0.9588652
8707	1	-15.69964	-15.31956	-0.380078	0.372561	0.977427	0.0225735	1.95485	0.0451469	0.9749324
8708	0	-17.22683	-16.91078	-0.3160583	-0.00512739	0.962486	0.0375144	1.92497	0.0750288	0.9144735
8709	1	-18.0024	-17.60317	-0.3992312	0.0315781	0.988755	0.0112446	1.97751	0.0224891	0.9937855
8710	0	-16.80436	-16.53123	-0.273133	0.0994793	0.978257	0.0217427	1.95651	0.0434855	0.87605
8711	1	-15.09239	-14.69937	-0.3930198	0.204204	0.975689	0.0243108	1.95138	0.0486217	0.9876318
8712	0	-15.11579	-14.72753	-0.3882684	0.229661	0.977289	0.0227111	1.95458	0.0454221	0.9829503
8713	1	-17.69689	-17.30123	-0.3956556	-0.0653472	0.950313	0.0496868	1.90063	0.0993736	0.9902385
8714	0	-16.24518	-15.88473	-0.3604496	0.394801	0.980911	0.0190893	1.96182	0.0381786	0.9559827
8715	1	-16.1765	-15.79411	-0.3823957	0.405623	0.970897	0.0291028	1.94179	0.0582057	0.9771947
8716	0	-16.14187	-15.81176	-0.3301034	0.130957	0.968151	0.0318494	1.9363	0.0636989	0.927408
8717	1	-18.56775	-18.16589	-0.4018575	-0.150906	0.947548	0.0524521	1.8951	0.104904	0.9963989
8718	0	-15.56975	-15.17859	-0.3911567	0.329926	0.970874	0.0291263	1.94175	0.0582525	0.9857935
8719	1	-18.30117	-17.91452	-0.3866486	0.49427	0.957504	0.0424962	1.91501	0.0849923	0.9813594
8720	0	-15.43384	-15.03501	-0.398824	0.0993759	0.981314	0.0186857	1.96263	0.0373714	0.9933809
8721	1	-16.61825	-16.21814	-0.4001035	0.385152	0.960508	0.039492	1.92102	0.078984	0.9946528
8722	0	-15.06489	-14.66733	-0.3975625	0.249836	0.975462	0.0245384	1.95092	0.0490768	0.9921285
8723	1	-17.01984	-16.69655	-0.3232863	0.297033	0.958142	0.0418578	1.91628	0.0837156	0.9211073
8724	0	-20.83526	-20.48446	-0.3508016	-0.183307	0.924127	0.0758732	1.84825	0.151746	0.9468037
8725	1	-15.9793	-15.65508	-0.3242173	0.282481	0.979246	0.0207537	1.95849	0.0415074	0.9219651
8726	0	-18.61533	-18.2108	-0.404534	-0.121823	0.942257	0.057743	1.88451	0.115486	0.9990693
8727	1	-15.19981	-14.81302	-0.3867883	0.264128	0.979741	0.020259	1.95948	0.040518	0.9814965
8728	0	-17.56727	-17.26917	-0.2980938	-0.0374883	0.964305	0.0356954	1.92861	0.0713909	0.8981921
8729	1	-17.16659	-16.80655	-0.3600372	0.479983	0.975558	0.0244419	1.95112	0.0488837	0.9555885
8730	0	-16.34586	-15.96896	-0.3768933	0.431047	0.980215	0.0197852	1.96043	0.0395704	0.9718325
8731	1	-15.96393	-15.57526	-0.3886746	0.374041	0.969185	0.0308153	1.93837	0.0616305	0.9833496
8732	0	-16.99405	-16.59293	-0.4011226	0.50381	0.978176	0.0218237	1.95635	0.0436475	0.9956669
8733	1	-20.5326	-20.19864	-0.3339563	0.111024	0.904684	0.0953159	1.80937	0.190632	0.9309881
8734	0	-15.68786	-15.31667	-0.3711849	0.302681	0.970284	0.029716	1.94057	0.059432	0.9663007
8735	1	-16.01483	-15.69008	-0.3247509	0.224228	0.969902	0.0300982	1.9398	0.0601964	0.9224573
8736	0	-16.25625	-15.88371	-0.3725398	-0.0124147	0.972959	0.0270412	1.94592	0.0540824	0.9676109
8737	1	-18.82496	-18.54701	-0.2779543	-0.142066	0.973163	0.0268371	1.94633	0.0536743	0.8802839
8738	0	-15.6179	-15.22405	-0.3938504	0.249119	0.984631	0.0153691	1.96926	0.0307383	0.9884525
8739	1	-18.54174	-18.32306	-0.2186863	0.174871	0.985024	0.0149763	1.97005	0.0299525	0.8296272
8740	0	-19.22951	-18.85771	-0.3717972	-0.198933	0.982221	0.017779	1.96444	0.035558	0.9668926
8741	1	-17.96254	-17.59759	-0.3649472	-0.163623	0.973451	0.0265487	1.9469	0.0530974	0.960292
8742	0	-16.71856	-16.43167	-0.2868885	0.348829	0.975133	0.0248668	1.95027	0.0497336	0.8881838
8743	1	-15.61452	-15.21734	-0.3971773	0.299766	0.967497	0.0325029	1.93499	0.0650057	0.9917464
8744	0	-17.04524	-16.77718	-0.2680564	0.090399	0.979868	0.0201317	1.95974	0.0402634	0.8716139
8745	1	-15.11099	-14.70734	-0.4036575	0.293603	0.980647	0.0193526	1.96129	0.0387051	0.9981941
8746	0	-17.46577	-17.09507	-0.3707013	0.336399	0.949786	0.0502139	1.89957	0.100428	0.9658335
8747	1	-15.80453	-15.47451	-0.3300239	0.197907	0.973694	0.0263058	1.94739	0.0526116	0.9273343
8748	0	-16.54762	-16.14611	-0.4015095	0.242677	0.953529	0.0464707	1.90706	0.0929415	0.9960522
8749	1	-16.23438	-15.84923	-0.385152	0.36137	0.964812	0.0351879	1.92962	0.0703758	0.9798918
8750	0	-15.41153	-15.02988	-0.3816494	0.144133	0.972146	0.0278541	1.94429	0.0557083	0.9764656
8751	1	-15.36943	-14.99086	-0.3785636	0.147243	0.973886	0.0261135	1.94777	0.0522271	0.9734572
8752	0	-16.3703	-16.00685	-0.3634563	-0.0116939	0.97189	0.0281104	1.94378	0.0562207	0.9588614
8753	1	-15.9296	-15.53341	-0.3961849	0.283748	0.962804	0.0371963	1.92561	0.0743926	0.9907628
8754	0	-16.53625	-16.17279	-0.3634563	0.313047	0.960246	0.0397542	1.92049	0.0795083	0.9588614
8755	1	-18.15506	-17.80172	-0.3533377	-0.149241	0.962686	0.0373145	1.92537	0.0746289	0.949208
8756	0	-16.60561	-16.27062	-0.3349904	0.122116	0.960381	0.0396192	1.92076	0.0792384	0.9319513
8757	1	-16.32101	-15.9983	-0.3227053	0.180877	0.982939	0.0170615	1.96588	0.034123	0.9205722
8758	0	-15.64457	-15.28834	-0.3562277	0.265043	0.971895	0.0281054	1.94379	0.0562109	0.9519551
8759	1	-16.5307	-16.18281	-0.347888	0.185008	0.985541	0.0144591	1.97108	0.0289182	0.9440491
8760	0	-15.66021	-15.295	-0.3652073	0.187204	0.969013	0.0309866	1.93803	0.0619732	0.9605417
8761	1	-15.52881	-15.16498	-0.3638323	0.169149	0.980368	0.0196323	1.96074	0.0392646	0.9592219
8762	0	-16.6083	-16.25304	-0.3552551	-0.000673772	0.980937	0.0190631	1.96187	0.0381261	0.9510296
8763	1	-15.85254	-15.47338	-0.3791531	0.0410569	0.972152	0.0278483	1.9443	0.0556965	0.9740312
8764	0	-17.10833	-16.83626	-0.2720649	0.313233	0.965574	0.0344261	1.93115	0.0688522	0.8751148
8765	1	-15.29243	-14.91328	-0.3791531	0.237806	0.973766	0.0262344	1.94753	0.0524687	0.9740312
8766	0	-15.94382	-15.61022	-0.3336018	0.203427	0.981452	0.0185485	1.9629	0.037097	0.9306581
8767	1	-16.28823	-15.89715	-0.3910773	0.028314	0.963065	0.0369354	1.92613	0.0738708	0.9857152
8768	0	-18.20241	-17.89028	-0.3121332	-0.121119	0.964893	0.035107	1.92979	0.070214	0.9108911
8769	1	-16.94777	-16.61141	-0.3363651	0.346584	0.960715	0.0392851	1.92143	0.0785703	0.9332333
8770	0	-15.99666	-15.63456	-0.3620925	0.131744	0.965401	0.0345992	1.9308	0.0691984	0.9575545
8771	1	-18.97149	-18.72838	-0.2431049	0.0438582	0.94313	0.0568697	1.88626	0.113739	0.850135
8772	0	-16.18874	-15.86563	-0.3231036	0.296816	0.969968	0.0300324	1.93994	0.0600648	0.920939
8773	1	-16.52058	-16.1674	-0.3531811	-0.0126103	0.970652	0.0293479	1.9413	0.0586958	0.9490593
8774	0	-17.24163	-16.90603	-0.3356044	0.363793	0.958668	0.0413325	1.91734	0.0826649	0.9325237
8775	1	-15.54364	-15.17921	-0.3644223	0.279521	0.973009	0.0269907	1.94602	0.0539814	0.959788
8776	0	-15.20636	-14.82403	-0.3823324	0.204486	0.979104	0.0208962	1.95821	0.0417924	0.9771328
8777	1	-20.91342	-20.6265	-0.2869216	-0.184874	0.934341	0.0656586	1.86868	0.131317	0.8882131
8778	0	-16.76729	-16.44275	-0.324547	0.412554	0.975224	0.0247763	1.95045	0.0495525	0.9222692
8779	1	-17.40566	-17.166	-0.2396537	0.0561008	0.975846	0.0241536	1.95169	0.0483073	0.847206
8780	0	-15.91234	-15.56739	-0.3449481	0.257435	0.968795	0.0312047	1.93759	0.0624093	0.9412778
8781	1	-15.85669	-15.45265	-0.4040355	0.135922	0.962192	0.0378085	1.92438	0.0756169	0.9985714
8782	0	-19.19989	-18.9967	-0.2031931	0.189601	0.942679	0.0573215	1.88536	0.114643	0.8168727
8783	1	-16.3146	-15.9529	-0.3616978	0.0186442	0.96827	0.0317295	1.93654	0.0634591	0.9571766
8784	0	-21.50097	-21.24173	-0.2592426	-0.235781	0.942679	0.0573215	1.88536	0.114643	0.8639655
8785	1	-17.38955	-17.07388	-0.3156693	0.163915	0.986404	0.0135962	1.97281	0.0271924	0.9141178
8786	0	-16.00649	-15.61695	-0.3895362	0.403757	0.972215	0.0277848	1.94443	0.0555697	0.9841973
8787	1	-16.56219	-16.17846	-0.3837284	0.362235	0.961005	0.0389945	1.92201	0.077989	0.9784978
8788	0	-16.45312	-16.11881	-0.3343068	0.34955	0.967968	0.0320315	1.93594	0.0640631	0.9313145
8789	1	-18.10305	-17.8949	-0.2081537	0.108878	0.958628	0.0413723	1.91726	0.0827446	0.820935
8790	0	-15.53012	-15.17367	-0.3564563	0.277252	0.976541	0.0234594	1.95308	0.0469188	0.9521727
8791	1	-17.65942	-17.43758	-0.2218464	0.0596784	0.968284	0.0317161	1.93657	0.0634323	0.8322531
8792	0	-15.86211	-15.53692	-0.3251874	0.229516	0.973625	0.0263752	1.94725	0.0527504	0.9228601
8793	1	-15.8598	-15.48943	-0.3703684	0.369833	0.980113	0.019887	1.96023	0.0397739	0.9655121
8794	0	-18.81379	-18.53487	-0.2789186	0.348525	0.945542	0.0544581	1.89108	0.108916	0.8811332
8795	1	-17.00965	-16.77193	-0.2377241	0.198902	0.97005	0.02995	1.9401	0.0598999	0.8455728
8796	0	-16.20261	-15.90625	-0.296359	0.179702	0.977084	0.0229163	1.95417	0.0458326	0.8966353
8797	1	-21.38979	-21.20799	-0.1817952	0.034573	0.917659	0.0823408	1.83532	0.164682	0.799579
8798	0	-16.80147	-16.52679	-0.2746724	0.107834	0.968294	0.0317058	1.93659	0.0634116	0.8773997
8799	1	-16.61344	-16.35007	-0.2633727	0.197946	0.972565	0.027435	1.94513	0.0548701	0.8675411
8800	0	-16.85512	-16.56901	-0.2861079	0.125141	0.981872	0.0181279	1.96374	0.0362558	0.8874907
8801	1	-15.50548	-15.12822	-0.3772629	0.319482	0.980467	0.0195326	1.96093	0.0390651	0.9721918
8802	0	-16.70813	-16.38827	-0.3198529	0.106862	0.961565	0.0384353	1.92313	0.0768706	0.9179501
8803	1	-15.8992	-15.55205	-0.3471506	0.143118	0.981475	0.0185251	1.96295	0.0370503	0.9433532
8804	0	-17.27596	-16.89296	-0.3829973	-0.128019	0.973427	0.0265725	1.94685	0.053145	0.9777827
8805	1	-18.09892	-17.74702	-0.3518989	-0.00744427	0.986681	0.0133189	1.97336	0.0266377	0.9478432
8806	0	-15.23238	-14.85276	-0.3796189	0.240265	0.979034	0.0209661	1.95807	0.0419322	0.9744849
8807	1	-16.11041	-15.71497	-0.3954361	0.0269284	0.965425	0.0345746	1.93085	0.0691491	0.9900211
8808	0	-15.39209	-15.01075	-0.3813413	0.307474	0.980142	0.0198584	1.96028	0.0397169	0.9761648
8809	1	-15.55935	-15.19903	-0.360317	0.146582	0.979006	0.0209939	1.95801	0.0419878	0.9558559
8810	0	-17.16477	-16.82814	-0.3366292	0.413224	0.965044	0.0349557	1.93009	0.0699114	0.9334798
8811	1	-15.66704	-15.30805	-0.3589925	0.120669	0.973048	0.0269522	1.9461	0.0539043	0.9545907
8812	0	-16.50478	-16.16653	-0.3382511	0.277133	0.961931	0.0380688	1.92386	0.0761375	0.9349951
8813	1	-15.29436	-14.89819	-0.3961686	0.304051	0.97307	0.0269304	1.94614	0.0538609	0.9907466
8814	0	-15.35302	-14.96429	-0.388726	0.262427	0.97122	0.0287798	1.94244	0.0575596	0.9834002
8815	1	-16.08755	-15.7616	-0.3259436	0.144419	0.980621	0.019379	1.96124	0.038758	0.9235582
8816	0	-15.09258	-14.69609	-0.3964886	0.254615	0.975082	0.024918	1.95016	0.049836	0.9910636
8817	1	-15.72695	-15.32287	-0.404081	0.409789	0.976901	0.0230993	1.9538	0.0461986	0.9986169
8818	0	-16.38677	-16.04002	-0.346748	0.0352502	0.967797	0.0322028	1.93559	0.0644055	0.9429735
8819	1	-15.42041	-15.03805	-0.3823581	0.325209	0.97584	0.0241603	1.95168	0.0483207	0.9771579
8820	0	-16.67316	-16.27878	-0.3943802	-0.00898017	0.984174	0.015826	1.96835	0.031652	0.9889763
8821	1	-15.90243	-15.51397	-0.3884561	0.089332	0.983632	0.0163679	1.96726	0.0327358	0.9831348
8822	0	-15.83375	-15.46199	-0.3717539	0.0602909	0.971795	0.0282049	1.94359	0.0564099	0.9668507
8823	1	-17.61187	-17.21028	-0.4015911	0.450748	0.956445	0.0435548	1.91289	0.0871096	0.9961335
8824	0	-18.79392	-18.43908	-0.3548393	0.136811	0.928087	0.0719129	1.85617	0.143826	0.9506343
8825	1	-19.75194	-19.42118	-0.3307607	-0.247191	0.968489	0.0315105	1.93698	0.063021	0.9280178
8826	0	-20.03236	-19.6353	-0.3970592	-0.0834328	0.916531	0.0834692	1.83306	0.166938	0.9916293
8827	1	-16.53328	-16.24737	-0.2859166	0.27606	0.980101	0.0198994	1.9602	0.0397989	0.887321
8828	0	-18.14593	-17.76288	-0.3830516	0.397237	0.945882	0.054118	1.89176	0.108236	0.9778358
8829	1	-15.80346	-15.42042	-0.383043	0.133008	0.965481	0.0345189	1.93096	0.0690378	0.9778274
8830	0	-17.23623	-16.86669	-0.3695325	0.46988	0.982781	0.0172193	1.96556	0.0344385	0.9647053
8831	1	-15.56379	-15.18944	-0.3743491	0.102754	0.979083	0.020917	1.95817	0.041834	0.9693631
8832	0	-16.56706	-16.17373	-0.3933329	-0.0725689	0.976521	0.0234787	1.95304	0.0469573	0.9879411
8833	1	-17.38577	-17.1132	-0.2725623	0.194569	0.984446	0.0155537	1.96889	0.0311073	0.8755502
8834	0	-15.65045	-15.24539	-0.4050624	0.189342	0.96399	0.0360104	1.92798	0.0720208	0.9995973
8835	1	-15.57508	-15.1753	-0.3997866	0.13538	0.983833	0.0161668	1.96767	0.0323335	0.9943376
8836	0	-17.78269	-17.41749	-0.365196	0.514348	0.972786	0.0272142	1.94557	0.0544284	0.9605309
8837	1	-16.05437	-15.69701	-0.3573602	0.103076	0.966465	0.0335351	1.93293	0.0670701	0.9530338
8838	0	-15.94149	-15.54592	-0.3955717	0.391029	0.982928	0.0170718	1.96586	0.0341436	0.9901553
8839	1	-16.73278	-16.34517	-0.3876078	-0.0116399	0.960224	0.0397758	1.92045	0.0795516	0.9823012
8840	0	-15.73287	-15.39318	-0.3396968	0.281053	0.977049	0.0229506	1.9541	0.0459013	0.9363478
8841	1	-15.65613	-15.25997	-0.396157	0.380046	0.980954	0.0190464	1.96191	0.0380929	0.990735
8842	0	-15.40005	-15.03034	-0.3697083	0.153593	0.977508	0.022492	1.95502	0.044984	0.9648749
8843	1	-15.6132	-15.25613	-0.3570733	0.260678	0.972194	0.0278065	1.94439	0.0556129	0.9527604
8844	0	-16.36432	-15.98259	-0.3817311	-0.0391702	0.97388	0.0261197	1.94776	0.0522394	0.9765455
8845	1	-16.09731	-15.72988	-0.3674316	0.0178113	0.977728	0.0222719	1.95546	0.0445437	0.9626807
8846	0	-17.93306	-17.57662	-0.3564372	0.427628	0.954998	0.0450016	1.91	0.0900032	0.9521546
8847	1	-15.79882	-15.45359	-0.3452302	0.237002	0.981584	0.0184164	1.96317	0.0368329	0.9415433
8848	0	-15.45754	-15.07643	-0.3811138	0.112809	0.979411	0.0205893	1.95882	0.0411785	0.9759427
8849	1	-18.4323	-18.03954	-0.3927628	0.47335	0.951686	0.0483137	1.90337	0.0966274	0.987378
8850	0	-16.96464	-16.64417	-0.3204755	0.373009	0.983418	0.0165824	1.96684	0.0331647	0.9185218
8851	1	-15.93303	-15.57466	-0.3583711	0.199035	0.983726	0.0162738	1.96745	0.0325477	0.9539977
8852	0	-16.89648	-16.49705	-0.3994342	0.297809	0.951415	0.0485853	1.90283	0.0971707	0.9939873
8853	1	-17.14693	-16.76503	-0.3819068	0.218237	0.947543	0.0524568	1.89509	0.104914	0.976717
8854	0	-15.85866	-15.47323	-0.3854305	0.156602	0.963761	0.0362392	1.92752	0.0724784	0.9801648
8855	1	-15.81652	-15.42217	-0.3943487	0.0980256	0.983845	0.0161552	1.96769	0.0323105	0.9889451
8856	0	-15.72396	-15.38012	-0.3438435	0.144006	0.974372	0.0256285	1.94874	0.0512569	0.9402386
8857	1	-15.35569	-14.97087	-0.3848241	0.293056	0.981064	0.0189357	1.96213	0.0378714	0.9795705
8858	0	-16.4014	-16.0394	-0.3619995	0.251624	0.985923	0.0140775	1.97185	0.0281549	0.9574655
8859	1	-15.75029	-15.39525	-0.3550402	0.101542	0.974105	0.0258953	1.94821	0.0517905	0.9508253
8860	0	-20.18589	-19.86953	-0.3163616	-0.131323	0.931531	0.068469	1.86306	0.136938	0.9147508
8861	1	-18.17236	-17.79185	-0.3805034	0.290589	0.937291	0.0627092	1.87458	0.125418	0.9753472
8862	0	-16.86221	-16.46597	-0.3962467	0.0788592	0.987209	0.0127913	1.97442	0.0255827	0.9908239
8863	1	-16.30656	-15.91202	-0.3945356	0.271471	0.957904	0.042096	1.91581	0.0841921	0.98913
8864	0	-16.12421	-15.72068	-0.4035331	0.105455	0.959601	0.0403985	1.9192	0.0807971	0.9980699
8865	1	-19.00169	-18.65687	-0.3448185	0.0990416	0.926862	0.0731383	1.85372	0.146277	0.9411558
8866	0	-17.0532	-16.70793	-0.3452726	0.0644679	0.955259	0.0447411	1.91052	0.0894822	0.9415833
8867	1	-15.22957	-14.84699	-0.3825737	0.175114	0.978595	0.0214045	1.95719	0.042809	0.9773687
8868	0	-15.40683	-15.04139	-0.3654427	0.21591	0.974227	0.0257728	1.94845	0.0515456	0.9607679
8869	1	-15.86965	-15.49956	-0.3700844	0.0588124	0.97147	0.0285302	1.94294	0.0570605	0.9652379
8870	0	-16.58726	-16.26681	-0.3204489	0.307046	0.964805	0.0351952	1.92961	0.0703905	0.9184974
8871	1	-16.6816	-16.40391	-0.2776879	0.275875	0.96908	0.0309197	1.93816	0.0618394	0.8800494
8872	0	-20.28991	-20.13033	-0.1595768	-0.051999	0.947732	0.0522678	1.89546	0.104536	0.7820096
8873	1	-17.3504	-17.0232	-0.3271994	0.394799	0.984711	0.0152887	1.96942	0.0305774	0.9247186
8874	0	-18.91347	-18.7575	-0.1559766	0.321361	0.980598	0.0194017	1.9612	0.0388034	0.7791992
8875	1	-17.5991	-17.22886	-0.3702432	0.0379664	0.946255	0.0537448	1.89251	0.10749	0.9653912
8876	0	-17.99427	-17.79365	-0.2006214	0.306358	0.980299	0.0197013	1.9606	0.0394026	0.8147746
8877	1	-14.98582	-14.58392	-0.4019016	0.221552	0.979118	0.0208816	1.95824	0.0417633	0.9964428
8878	0	-19.69642	-19.51757	-0.1788595	0.367482	0.952211	0.0477889	1.90442	0.0955779	0.7972351
8879	1	-15.14566	-14.74554	-0.4001186	0.300167	0.980078	0.0199218	1.96016	0.0398437	0.9946677
8880	0	-17.50572	-17.22598	-0.2797415	-0.0312315	0.971716	0.0282841	1.94343	0.0565682	0.8818586
8881	1	-16.0404	-15.64373	-0.3966758	0.0108323	0.981437	0.0185625	1.96287	0.037125	0.9912492
8882	0	-16.52591	-16.16794	-0.3579653	0.212321	0.957728	0.0422722	1.91546	0.0845444	0.9536106
8883	1	-17.84806	-17.57737	-0.2706816	0.155114	0.951051	0.0489491	1.9021	0.0978981	0.8739051
8884	0	-16.82328	-16.5123	-0.3109794	0.0163174	0.978155	0.0218446	1.95631	0.0436892	0.9098407
8885	1	-16.90785	-16.62854	-0.2793057	0.162654	0.963102	0.0368985	1.9262	0.0737969	0.8814743
8886	0	-20.42223	-20.10753	-0.3147024	-0.265605	0.972428	0.0275716	1.94486	0.0551432	0.9132344
8887	1	-16.62811	-16.27559	-0.3525297	-0.00553199	0.966903	0.0330971	1.93381	0.0661942	0.9484413
8888	0	-17.81349	-17.59899	-0.214498	0.354846	0.973047	0.0269532	1.94609	0.0539064	0.8261597
8889	1	-16.22682	-15.8586	-0.3682105	0.38184	0.982805	0.0171953	1.96561	0.0343906	0.9634308
8890	0	-24.74571	-24.67589	-0.06982463	0.556141	0.96461	0.0353901	1.92922	0.0707802	0.7148801
8891	1	-16.80347	-16.40442	-0.3990471	0.32469	0.987859	0.0121414	1.97572	0.0242829	0.9936026
8892	0	-21.26677	-21.21237	-0.05440486	-0.0228011	0.954261	0.0457394	1.90852	0.0914788	0.7039413
8893	1	-16.09467	-15.77233	-0.3223392	0.32125	0.976231	0.023769	1.95246	0.0475379	0.9202352
8894	0	-20.21599	-20.18151	-0.03448303	0.210303	0.966265	0.0337346	1.93253	0.0674692	0.6900563
8895	1	-16.45353	-16.09001	-0.3635207	0.374474	0.965987	0.0340134	1.93197	0.0680268	0.9589231
8896	0	-20.17294	-20.08385	-0.08909517	0.117604	0.950626	0.0493735	1.90125	0.0987471	0.7287898
8897	1	-17.59374	-17.23022	-0.3635207	0.0892107	0.944724	0.0552756	1.88945	0.110551	0.9589231
8898	0	-18.62638	-18.50038	-0.1260055	0.231842	0.97446	0.0255396	1.94892	0.0510791	0.7561923
8899	1	-18.17367	-17.89995	-0.2737151	0.451244	0.969261	0.030739	1.93852	0.061478	0.8765601
8900	0	-21.64691	-21.58444	-0.06246542	0.217401	0.971288	0.0287118	1.94258	0.0574237	0.7096384
8901	1	-16.75422	-16.44678	-0.3074355	0.169184	0.960962	0.0390379	1.92192	0.0780759	0.9066221
8902	0	-22.211	-22.16991	-0.04109693	0.337661	0.943506	0.0564943	1.88701	0.112989	0.6946354
8903	1	-16.05988	-15.71951	-0.3403693	0.0963386	0.969974	0.0300265	1.93995	0.060053	0.9369777
8904	0	-20.85043	-20.80491	-0.0455174	0.220725	0.950937	0.0490625	1.90187	0.098125	0.6977128
8905	1	-15.76369	-15.38254	-0.3811467	0.33964	0.970136	0.0298638	1.94027	0.0597275	0.9759749
8906	0	-21.86466	-21.82339	-0.04127374	0.140907	0.935608	0.0643916	1.87122	0.128783	0.6947582
8907	1	-16.64001	-16.3492	-0.2908088	0.288969	0.967871	0.0321294	1.93574	0.0642589	0.8916726
8908	0	-22.66368	-22.73757	0.07389363	0.282235	0.97127	0.0287305	1.94254	0.0574609	0.6191803
8909	1	-20.34664	-20.13613	-0.2105092	0.421396	0.985933	0.0140672	1.97187	0.0281345	0.8228709
8910	0	-21.06621	-21.04346	-0.02274961	0.334798	0.966569	0.0334309	1.93314	0.0668617	0.6820069
8911	1	-17.38905	-17.18443	-0.2046231	0.196279	0.972606	0.027394	1.94521	0.0547879	0.8180417
8912	0	-19.46904	-19.36314	-0.1059062	0.112328	0.958573	0.0414269	1.91715	0.0828537	0.741145
8913	1	-20.07671	-19.97471	-0.1020022	0.281854	0.9531	0.0469004	1.9062	0.0938007	0.7382573
8914	0	-17.9573	-17.72628	-0.2310168	0.307425	0.983184	0.016816	1.96637	0.0336321	0.8399202
8915	1	-17.20873	-16.92788	-0.2808549	0.120244	0.95938	0.0406204	1.91876	0.0812409	0.8828409
8916	0	-20.30138	-20.09997	-0.2014097	0.298732	0.933604	0.0663959	1.86721	0.132792	0.8154172
8917	1	-18.39134	-18.17207	-0.2192758	0.0923804	0.952894	0.0471056	1.90579	0.0942113	0.8301164
8918	0	-15.95836	-15.61702	-0.3413434	0.183442	0.982234	0.0177656	1.96447	0.0355312	0.9378909
8919	1	-15.72563	-15.3639	-0.3617211	0.186041	0.968474	0.0315258	1.93695	0.0630516	0.9571989
8920	0	-15.64278	-15.30096	-0.3418166	0.243797	0.975875	0.0241247	1.95175	0.0482493	0.9383347
8921	1	-16.9323	-16.69161	-0.2406896	0.217232	0.971424	0.0285761	1.94285	0.0571522	0.8480841
8922	0	-15.46889	-15.09837	-0.3705214	0.222503	0.97149	0.0285097	1.94298	0.0570193	0.9656598
8923	1	-15.90524	-15.54044	-0.3648003	0.280771	0.966786	0.0332143	1.93357	0.0664285	0.9601509
8924	0	-17.25036	-16.84986	-0.4005014	0.0855266	0.945723	0.0542774	1.89145	0.108555	0.9950486
8925	1	-16.41203	-16.07384	-0.3381957	0.396046	0.976516	0.0234836	1.95303	0.0469672	0.9349433
8926	0	-16.21598	-15.82448	-0.3914969	0.410222	0.969409	0.0305907	1.93882	0.0611813	0.9861289
8927	1	-15.24154	-14.83807	-0.4034733	0.130095	0.972241	0.0277595	1.94448	0.055519	0.9980102
8928	0	-15.33469	-14.9441	-0.390593	0.272461	0.9716	0.0284002	1.9432	0.0568004	0.9852379
8929	1	-17.26262	-16.92782	-0.3347975	0.438964	0.982297	0.0177028	1.96459	0.0354057	0.9317716
8930	0	-16.85111	-16.54445	-0.3066666	0.387426	0.979668	0.0203317	1.95934	0.0406635	0.9059252
8931	1	-19.29448	-19.12104	-0.1734404	-0.0187958	0.978665	0.0213349	1.95733	0.0426698	0.7929266
8932	0	-17.31627	-17.0815	-0.2347737	0.182289	0.964462	0.0355379	1.92892	0.0710759	0.8430817
8933	1	-18.72459	-18.52241	-0.20218	0.000452786	0.958299	0.041701	1.9166	0.0834021	0.8160455
8934	0	-17.65443	-17.36913	-0.2852942	0.0552126	0.955312	0.0446878	1.91062	0.0893756	0.8867688
8935	1	-18.30548	-18.04082	-0.2646569	-0.00299235	0.953383	0.0466175	1.90677	0.0932349	0.8686559
8936	0	-15.82546	-15.45182	-0.3736327	0.374476	0.975115	0.0248854	1.95023	0.0497709	0.9686689
8937	1	-16.59642	-16.30803	-0.2883919	0.0843344	0.975993	0.0240074	1.95199	0.0480148	0.8895201
8938	0	-15.76698	-15.39499	-0.371993	0.35932	0.980116	0.0198841	1.96023	0.0397682	0.9670819
8939	1	-16.56739	-16.25712	-0.3102757	0.30184	0.966361	0.033639	1.93272	0.067278	0.9092007
8940	0	-15.49932	-15.13418	-0.3651327	0.234002	0.981054	0.0189457	1.96211	0.0378915	0.9604701
8941	1	-16.62739	-16.28419	-0.3432014	0.0234441	0.981462	0.0185381	1.96292	0.0370761	0.9396351
8942	0	-17.07005	-16.81355	-0.2564998	0.25489	0.965554	0.0344463	1.93111	0.0688925	0.861599
8943	1	-15.89834	-15.5686	-0.3297433	0.158693	0.972313	0.0276867	1.94463	0.0553735	0.9270741
8944	0	-19.08622	-18.78795	-0.2982707	0.233812	0.93206	0.06794	1.86412	0.13588	0.898351
8945	1	-15.56482	-15.1938	-0.3710192	0.17236	0.981932	0.0180685	1.96386	0.0361369	0.9661406
8946	0	-17.24245	-16.84471	-0.3977337	0.0487406	0.949364	0.0506363	1.89873	0.101273	0.9922984
8947	1	-20.0201	-19.70374	-0.3163573	-0.236012	0.957886	0.0421141	1.91577	0.0842281	0.914747
8948	0	-20.48143	-20.18732	-0.2941025	0.108261	0.910954	0.0890459	1.82191	0.178092	0.8946143
8949	1	-17.77616	-17.52741	-0.2487447	0.168389	0.955118	0.0448821	1.91024	0.0897642	0.854943
8950	0	-20.00956	-19.75479	-0.2547658	0.291671	0.928807	0.0711926	1.85761	0.142385	0.8601063
8951	1	-16.98565	-16.71434	-0.2713115	0.135093	0.963985	0.0360148	1.92797	0.0720297	0.8744557
8952	0	-17.12583	-16.88211	-0.2437184	0.148818	0.966749	0.0332515	1.9335	0.0665029	0.8506567
8953	1	-17.24696	-16.95814	-0.288819	0.0483016	0.961643	0.0383567	1.92329	0.0767134	0.8899
8954	0	-18.04891	-17.81038	-0.2385206	0.0170281	0.96053	0.0394698	1.92106	0.0789395	0.8462466
8955	1	-15.78355	-15.43371	-0.3498312	0.111489	0.978395	0.0216054	1.95679	0.0432109	0.9458853
8956	0	-16.86648	-16.54323	-0.3232465	0.416393	0.978941	0.0210587	1.95788	0.0421174	0.9210705
8957	1	-16.43179	-16.04644	-0.3853483	0.453351	0.977239	0.0227615	1.95448	0.045523	0.9800842
8958	0	-16.54813	-16.14589	-0.4022366	0.207523	0.952933	0.047067	1.90587	0.094134	0.9967767
8959	1	-15.20781	-14.81795	-0.3898669	0.284555	0.975426	0.0245736	1.95085	0.0491471	0.9845228
8960	0	-16.93963	-16.57775	-0.3618839	-0.0587944	0.979334	0.0206659	1.95867	0.0413318	0.9573548
8961	1	-15.50373	-15.10556	-0.3981688	0.369395	0.979951	0.0200489	1.9599	0.0400979	0.9927303
8962	0	-16.02187	-15.62301	-0.3988673	0.112235	0.961238	0.0387625	1.92248	0.0775249	0.9934239
8963	1	-17.67098	-17.39751	-0.273469	-0.0278683	0.977169	0.0228307	1.95434	0.0456614	0.8763444
8964	0	-16.32224	-15.95172	-0.3705202	-0.0156632	0.977569	0.0224307	1.95514	0.0448614	0.9656586
8965	1	-16.46025	-16.07038	-0.3898753	0.26403	0.987216	0.0127841	1.97443	0.0255683	0.9845311
8966	0	-16.10657	-15.73932	-0.367251	0.0215878	0.97864	0.0213603	1.95728	0.0427205	0.9625068
8967	1	-16.38249	-16.01745	-0.3650363	0.320601	0.962428	0.0375724	1.92486	0.0751449	0.9603775
8968	0	-17.05286	-16.67502	-0.3778429	0.458546	0.967351	0.0326486	1.9347	0.0652973	0.9727558
8969	1	-15.37459	-14.97274	-0.4018456	0.323779	0.971951	0.0280494	1.9439	0.0560987	0.9963871
8970	0	-17.32546	-16.94402	-0.3814439	0.416795	0.957674	0.0423258	1.91535	0.0846515	0.9762651
8971	1	-17.06836	-16.67758	-0.3907796	0.0357097	0.9867	0.0133	1.9734	0.0266	0.9854218
8972	0	-16.19534	-15.79673	-0.398611	0.415018	0.969274	0.030726	1.93855	0.0614521	0.9931694
8973	1	-15.09712	-14.70634	-0.3907796	0.242799	0.977185	0.0228146	1.95437	0.0456291	0.9854218
8974	0	-15.32875	-14.95591	-0.3728379	0.174804	0.975745	0.0242549	1.95149	0.0485098	0.9678993
8975	1	-17.01541	-16.70611	-0.3093066	0.266172	0.958551	0.0414488	1.9171	0.0828977	0.90832
8976	0	-17.3552	-17.05691	-0.2982854	0.330439	0.984852	0.0151481	1.9697	0.0302962	0.8983642
8977	1	-15.7253	-15.34698	-0.3783214	0.0552849	0.977721	0.0222793	1.95544	0.0445586	0.9732213
8978	0	-18.37336	-18.0126	-0.3607648	0.37979	0.943836	0.0561641	1.88767	0.112328	0.956284
8979	1	-16.11461	-15.75258	-0.362035	0.102573	0.983255	0.016745	1.96651	0.03349	0.9574994
8980	0	-16.94783	-16.54899	-0.3988377	0.49795	0.979169	0.0208311	1.95834	0.0416621	0.9933945
8981	1	-15.79395	-15.43484	-0.359117	0.0785216	0.976665	0.0233355	1.95333	0.0466709	0.9547095
8982	0	-15.84906	-15.48309	-0.3659696	0.18396	0.965934	0.0340656	1.93187	0.0681313	0.9612742
8983	1	-18.44505	-18.06774	-0.3773176	0.219411	0.931232	0.0687676	1.86246	0.137535	0.9722449
8984	0	-17.21332	-16.84484	-0.3684857	0.331262	0.952661	0.0473388	1.90532	0.0946775	0.963696
8985	1	-16.55655	-16.21792	-0.3386316	0.129333	0.960376	0.039624	1.92075	0.079248	0.9353509
8986	0	-16.75539	-16.40744	-0.3479478	0.204827	0.955837	0.0441635	1.91167	0.0883269	0.9441056
8987	1	-16.92991	-16.56851	-0.3614031	0.45325	0.971181	0.028819	1.94236	0.0576381	0.9568946
8988	0	-16.36092	-16.07476	-0.2861608	0.237763	0.972315	0.0276852	1.94463	0.0553704	0.8875377
8989	1	-20.92487	-20.67423	-0.2506432	0.392098	0.928646	0.0713536	1.85729	0.142707	0.8565677
8990	0	-17.04049	-16.80073	-0.2397596	0.286111	0.97385	0.0261504	1.9477	0.0523008	0.8472957
8991	1	-20.57022	-20.31871	-0.2515061	-0.183582	0.979995	0.020005	1.95999	0.04001	0.8573072
8992	0	-17.08545	-16.85833	-0.2271197	0.206277	0.972294	0.0277065	1.94459	0.0554129	0.8366534
8993	1	-17.0186	-16.78429	-0.2343003	0.228118	0.977083	0.0229168	1.95417	0.0458337	0.8426827
8994	0	-16.26518	-15.97037	-0.29481	0.191792	0.978757	0.0212426	1.95751	0.0424851	0.8952474
8995	1	-16.7945	-16.5363	-0.2582071	0.195332	0.97925	0.0207498	1.9585	0.0414995	0.8630713
8996	0	-17.75757	-17.46543	-0.2921437	0.229244	0.950014	0.0499863	1.90003	0.0999726	0.8928637
8997	1	-15.68056	-15.29397	-0.3865968	0.348534	0.971426	0.0285744	1.94285	0.0571487	0.9813086
8998	0	-16.00372	-15.66795	-0.3357728	0.331652	0.978556	0.021444	1.95711	0.042888	0.9326807
8999	1	-15.84126	-15.46311	-0.3781432	0.261018	0.965261	0.0347387	1.93052	0.0694774	0.973048
9000	0	-16.3089	-16.02121	-0.2876897	0.246536	0.977104	0.0228964	1.95421	0.0457928	0.8888957
9001	1	-16.33913	-15.96889	-0.3702351	0.0287095	0.965186	0.0348139	1.93037	0.0696277	0.9653833
9002	0	-16.35153	-15.95778	-0.3937498	-0.0493085	0.972392	0.0276082	1.94478	0.0552165	0.988353
9003	1	-16.95026	-16.60525	-0.3450145	-0.0516353	0.969981	0.0300191	1.93996	0.0600383	0.9413402
9004	0	-16.86061	-16.46611	-0.3945013	0.487448	0.979836	0.0201638	1.95967	0.0403276	0.9890961
9005	1	-14.96003	-14.55659	-0.4034373	0.235291	0.978291	0.021709	1.95658	0.043418	0.9979743
9006	0	-15.7614	-15.41091	-0.3504842	0.124758	0.97243	0.0275703	1.94486	0.0551406	0.9465032
9007	1	-15.71122	-15.34467	-0.3665518	0.131159	0.981613	0.018387	1.96323	0.036774	0.961834
9008	0	-16.03914	-15.68061	-0.3585352	0.23319	0.964362	0.0356379	1.92872	0.0712758	0.9541543
9009	1	-17.3846	-17.04782	-0.3367857	0.0317361	0.95362	0.0463799	1.90724	0.0927598	0.933626
9010	0	-16.91198	-16.51408	-0.3979037	0.20054	0.988428	0.0115725	1.97686	0.0231449	0.9924671
9011	1	-15.36113	-14.99349	-0.3676453	0.185995	0.977616	0.0223841	1.95523	0.0447682	0.9628864
9012	0	-16.31178	-15.91251	-0.3992677	0.0256517	0.98423	0.0157704	1.96846	0.0315408	0.9938217
9013	1	-15.65277	-15.27008	-0.3826845	0.140887	0.967598	0.0324019	1.9352	0.0648037	0.9774769
9014	0	-17.26444	-16.93479	-0.3296574	0.165287	0.95129	0.0487102	1.90258	0.0974203	0.9269945
9015	1	-16.99716	-16.6343	-0.3628578	-0.0757263	0.977482	0.0225176	1.95496	0.0450352	0.9582876
9016	0	-16.64182	-16.35451	-0.2873031	0.31909	0.979577	0.0204235	1.95915	0.040847	0.8885521
9017	1	-18.10157	-17.75959	-0.3419852	0.269673	0.941223	0.0587773	1.88245	0.117555	0.938493
9018	0	-16.11471	-15.76863	-0.346081	0.0951013	0.967789	0.0322111	1.93558	0.0644222	0.9423447
9019	1	-16.46729	-16.09984	-0.3674514	-0.00043274	0.981119	0.0188815	1.96224	0.037763	0.9626997
9020	0	-15.74692	-15.36849	-0.3784365	0.0515477	0.974192	0.025808	1.94838	0.0516161	0.9733333
9021	1	-15.58754	-15.21133	-0.3762009	0.0824844	0.976106	0.0238941	1.95221	0.0477883	0.9711599
9022	0	-15.52873	-15.17787	-0.3508609	0.203969	0.977352	0.0226477	1.9547	0.0452954	0.9468598
9023	1	-18.68153	-18.4845	-0.1970313	0.0920383	0.982923	0.017077	1.96585	0.034154	0.8118548
9024	0	-15.31019	-14.90493	-0.4052543	0.281066	0.983403	0.0165969	1.96681	0.0331938	0.9997892
9025	1	-18.93197	-18.76651	-0.1654552	0.388988	0.972182	0.0278176	1.94436	0.0556352	0.7866201
9026	0	-18.0034	-17.62734	-0.3760614	0.121622	0.937023	0.0629767	1.87405	0.125953	0.9710244
9027	1	-18.15307	-17.89632	-0.2567576	-0.0661024	0.971834	0.0281656	1.94367	0.0563311	0.8618211
9028	0	-16.72948	-16.34707	-0.382404	0.327348	0.956681	0.043319	1.91336	0.086638	0.9772028
9029	1	-17.98901	-17.76725	-0.2217638	0.387433	0.975	0.0250005	1.95	0.050001	0.8321844
9030	0	-15.62369	-15.26954	-0.3541519	0.230712	0.980917	0.0190828	1.96183	0.0381656	0.9499811
9031	1	-15.0214	-14.62205	-0.3993561	0.188291	0.977629	0.0223712	1.95526	0.0447424	0.9939096
9032	0	-15.38651	-15.00685	-0.379662	0.305281	0.975145	0.0248551	1.95029	0.0497103	0.974527
9033	1	-15.96455	-15.59154	-0.3730125	0.338654	0.968233	0.0317666	1.93647	0.0635332	0.9680683
9034	0	-19.5681	-19.22074	-0.3473516	0.236146	0.919534	0.0804659	1.83907	0.160932	0.9435429
9035	1	-16.76883	-16.4857	-0.283129	0.325353	0.970347	0.0296532	1.94069	0.0593064	0.884851
9036	0	-17.79566	-17.40012	-0.3955393	0.345996	0.989216	0.0107842	1.97843	0.0215684	0.9901233
9037	1	-20.78794	-20.50536	-0.2825833	0.148768	0.90767	0.0923296	1.81534	0.184659	0.8843682
9038	0	-17.49239	-17.11838	-0.374013	-0.00118673	0.949929	0.0500713	1.89986	0.100143	0.9690374
9039	1	-16.01136	-15.67213	-0.3392347	0.299647	0.970205	0.0297952	1.94041	0.0595903	0.9359152
9040	0	-16.05537	-15.74925	-0.3061208	0.225533	0.974781	0.0252187	1.94956	0.0504374	0.9054309
9041	1	-19.46844	-19.15137	-0.3170732	-0.0185547	0.929562	0.0704378	1.85912	0.140876	0.9154021
9042	0	-20.29211	-20.14789	-0.1442125	0.120302	0.937539	0.0624615	1.87508	0.124923	0.7700864
9043	1	-18.80049	-18.42739	-0.3731075	-0.171614	0.951755	0.0482446	1.90351	0.0964893	0.9681603
9044	0	-20.48429	-20.42093	-0.06336548	0.0112583	0.972111	0.0278887	1.94422	0.0557773	0.7102774
9045	1	-21.66196	-21.27816	-0.3838004	0.255781	0.883681	0.116319	1.76736	0.232639	0.9785682
9046	0	-19.53742	-19.40346	-0.1339652	0.012007	0.977388	0.0226117	1.95478	0.0452233	0.7622354
9047	1	-16.37046	-16.0748	-0.2956651	0.303862	0.977561	0.0224393	1.95512	0.0448787	0.8960133
9048	0	-16.95049	-16.6238	-0.3266874	-0.0324858	0.971564	0.0284363	1.94313	0.0568726	0.9242454
9049	1	-18.46392	-18.08057	-0.3833553	-0.173287	0.956158	0.0438423	1.91232	0.0876847	0.9781328
9050	0	-16.48702	-16.14091	-0.3461056	0.397842	0.971453	0.0285474	1.94291	0.0570949	0.9423679
9051	1	-17.68772	-17.42002	-0.2676979	0.358594	0.962238	0.037762	1.92448	0.075524	0.8713015
9052	0	-15.76945	-15.42802	-0.3414329	0.182704	0.971559	0.0284405	1.94312	0.056881	0.9379748
9053	1	-16.99462	-16.62596	-0.368654	0.305833	0.953723	0.0462767	1.90745	0.0925534	0.9638582
9054	0	-16.71634	-16.33835	-0.3779904	0.236322	0.9536	0.0463996	1.9072	0.0927992	0.9728993
9055	1	-18.43242	-18.1521	-0.2803267	0.0907632	0.943168	0.0568319	1.88634	0.113664	0.8823747
9056	0	-18.27702	-17.87295	-0.4040747	-0.00233215	0.935617	0.0643832	1.87123	0.128766	0.9986106
9057	1	-17.3901	-17.01043	-0.3796727	0.0982599	0.945487	0.0545131	1.89097	0.109026	0.9745374
9058	0	-17.11888	-16.80448	-0.3144006	-0.0342997	0.971036	0.0289638	1.94207	0.0579275	0.9129588
9059	1	-15.34895	-14.95479	-0.394159	0.338177	0.9761	0.0238996	1.9522	0.0477992	0.9887576
9060	0	-16.64454	-16.30163	-0.3429109	0.185365	0.957795	0.0422049	1.91559	0.0844098	0.9393621
9061	1	-15.97051	-15.65677	-0.3137388	0.213863	0.974295	0.0257054	1.94859	0.0514109	0.9123549
9062	0	-15.23646	-14.85734	-0.3791163	0.198158	0.975721	0.0242792	1.95144	0.0485585	0.9739953
9063	1	-16.97497	-16.68063	-0.2943432	0.0826564	0.962689	0.0373111	1.92538	0.0746222	0.8948297
9064	0	-18.57337	-18.21566	-0.357713	0.0124663	0.935434	0.0645657	1.87087	0.129131	0.9533701
9065	1	-16.03945	-15.73071	-0.3087389	0.206008	0.977839	0.0221608	1.95568	0.0443216	0.9078046
9066	0	-16.29748	-15.93446	-0.3630178	0.398144	0.981563	0.0184367	1.96313	0.0368734	0.958441
9067	1	-17.75949	-17.37561	-0.3838879	0.522525	0.971311	0.0286891	1.94262	0.0573781	0.9786539
9068	0	-15.59278	-15.24052	-0.3522557	0.243043	0.97325	0.0267499	1.9465	0.0534998	0.9481814
9069	1	-16.88773	-16.48336	-0.4043656	-0.105525	0.978582	0.0214182	1.95716	0.0428364	0.9989011
9070	0	-15.23376	-14.83793	-0.3958375	0.202293	0.98212	0.0178803	1.96424	0.0357605	0.9904186
9071	1	-16.42431	-16.05363	-0.3706779	0.00334999	0.981397	0.0186027	1.96279	0.0372053	0.9658109
9072	0	-16.02547	-15.66187	-0.3636089	0.2308	0.963875	0.0361251	1.92775	0.0722502	0.9590077
9073	1	-16.46737	-16.15009	-0.3172818	0.223553	0.983571	0.0164289	1.96714	0.0328578	0.915593
9074	0	-16.91905	-16.51635	-0.4027011	0.0711109	0.950482	0.0495182	1.90096	0.0990363	0.9972398
9075	1	-16.39866	-16.07343	-0.3252317	0.254915	0.983713	0.0162866	1.96743	0.0325732	0.922901
9076	0	-17.64968	-17.34038	-0.3092951	-0.0677114	0.965616	0.034384	1.93123	0.0687679	0.9083096
9077	1	-16.27644	-15.96747	-0.3089647	0.319211	0.974308	0.0256923	1.94862	0.0513846	0.9080095
9078	0	-18.44247	-18.1517	-0.2907693	0.148976	0.940426	0.0595744	1.88085	0.119149	0.8916374
9079	1	-20.35226	-20.12454	-0.2277203	0.0527879	0.924662	0.0753379	1.84932	0.150676	0.8371561
9080	0	-16.28787	-15.9639	-0.3239683	0.321659	0.9814	0.0185998	1.9628	0.0371996	0.9217357
9081	1	-17.59239	-17.27281	-0.3195786	0.00294644	0.955178	0.0448217	1.91036	0.0896434	0.9176984
9082	0	-19.9522	-19.67249	-0.2797102	0.224202	0.989607	0.0103928	1.97921	0.0207856	0.881831
9083	1	-16.39986	-16.00677	-0.393091	0.456082	0.975297	0.0247031	1.95059	0.0494061	0.9877021
9084	0	-16.78691	-16.494	-0.2929157	0.361732	0.978812	0.0211877	1.95762	0.0423754	0.8935532
9085	1	-15.03241	-14.63216	-0.4002489	0.179409	0.976488	0.0235118	1.95298	0.0470235	0.9947973
9086	0	-17.62885	-17.33786	-0.2909847	0.1914	0.951228	0.0487715	1.90246	0.097543	0.8918294
9087	1	-16.12656	-15.72328	-0.4032767	0.445611	0.976097	0.0239025	1.95219	0.0478051	0.997814
9088	0	-17.05428	-16.65931	-0.3949706	0.213652	0.947392	0.0526083	1.89478	0.105217	0.9895603
9089	1	-15.33266	-14.93486	-0.3978019	0.200129	0.983158	0.0168424	1.96632	0.0336847	0.9923661
9090	0	-17.9973	-17.78161	-0.2156909	0.332679	0.981109	0.018891	1.96222	0.0377821	0.8271459
9091	1	-16.87125	-16.5331	-0.3381581	-0.0405101	0.974908	0.0250921	1.94982	0.0501842	0.9349081
9092	0	-19.60083	-19.39929	-0.2015356	0.210286	0.937955	0.0620451	1.87591	0.12409	0.8155198
9093	1	-16.37687	-16.08698	-0.2898927	0.137322	0.976836	0.0231642	1.95367	0.0463283	0.890856
9094	0	-18.22081	-17.85197	-0.3688355	-0.102837	0.950452	0.0495476	1.9009	0.0990952	0.9640331
9095	1	-15.65623	-15.31204	-0.3441946	0.166715	0.975191	0.0248095	1.95038	0.0496189	0.9405688
9096	0	-16.20688	-15.86562	-0.3412616	0.1305	0.965181	0.0348195	1.93036	0.069639	0.9378141
9097	1	-15.5922	-15.20222	-0.3899836	0.360043	0.973848	0.0261519	1.9477	0.0523038	0.9846377
9098	0	-17.3181	-17.02761	-0.2904875	0.12241	0.984433	0.0155673	1.96887	0.0311346	0.8913861
9099	1	-16.43107	-16.05662	-0.3744549	0.430455	0.972455	0.027545	1.94491	0.0550901	0.9694656
9100	0	-16.47979	-16.19465	-0.2851443	0.220924	0.96926	0.0307397	1.93852	0.0614793	0.8866359
9101	1	-15.06012	-14.6547	-0.4054159	0.156622	0.974834	0.025166	1.94967	0.0503319	0.9999508
9102	0	-17.92688	-17.68426	-0.2426234	0.181096	0.953924	0.0460757	1.90785	0.0921514	0.8497257
9103	1	-15.95246	-15.54958	-0.4028894	-0.0142343	0.973346	0.026654	1.94669	0.053308	0.9974276
9104	0	-17.35122	-17.09719	-0.254029	0.36932	0.973486	0.0265142	1.94697	0.0530284	0.8594728
9105	1	-15.89377	-15.51472	-0.3790431	0.149202	0.964193	0.0358066	1.92839	0.0716132	0.973924
9106	0	-18.48086	-18.34754	-0.1333204	0.222561	0.970859	0.0291405	1.94172	0.0582811	0.761744
9107	1	-16.02558	-15.66413	-0.3614507	0.21302	0.963949	0.036051	1.9279	0.072102	0.9569402
9108	0	-17.99058	-17.82069	-0.1698861	0.141538	0.970391	0.0296086	1.94078	0.0592173	0.7901133
9109	1	-16.02597	-15.66452	-0.3614507	0.0383775	0.972913	0.0270866	1.94583	0.0541731	0.9569402
9110	0	-20.57649	-20.43258	-0.1439179	0.322623	0.942038	0.0579618	1.88408	0.115924	0.7698595
9111	1	-15.94782	-15.62241	-0.3254046	0.149926	0.97281	0.02719	1.94562	0.0543801	0.9230605
9112	0	-19.17501	-19.04483	-0.1301784	0.337571	0.966917	0.0330835	1.93383	0.0661669	0.7593544
9113	1	-18.84584	-18.54293	-0.3029072	-0.13226	0.956128	0.0438718	1.91226	0.0877436	0.9025259
9114	0	-19.45256	-19.23951	-0.2130518	0.018946	0.984505	0.0154951	1.96901	0.0309902	0.8249658
9115	1	-16.55232	-16.1717	-0.3806151	0.127022	0.955637	0.0443626	1.91127	0.0887252	0.9754563
9116	0	-16.98836	-16.69166	-0.2966987	0.157132	0.959303	0.0406974	1.91861	0.0813947	0.8969399
9117	1	-15.97735	-15.65125	-0.3260979	0.161864	0.971097	0.0289026	1.94219	0.0578053	0.9237007
9118	0	-16.17432	-15.85871	-0.3156055	0.16904	0.968995	0.0310054	1.93799	0.0620109	0.9140595
9119	1	-17.40425	-17.13436	-0.2698956	0.0373322	0.96356	0.0364401	1.92712	0.0728803	0.8732185
9120	0	-17.81587	-17.46756	-0.3483046	0.140299	0.942176	0.0578236	1.88435	0.115647	0.9444425
9121	1	-19.25066	-18.9142	-0.3364578	-0.130088	0.943068	0.0569322	1.88614	0.113864	0.9333198
9122	0	-15.39599	-15.01159	-0.3844006	0.168182	0.970946	0.0290544	1.94189	0.0581088	0.9791558
9123	1	-15.5234	-15.11834	-0.4050546	0.121688	0.967343	0.0326573	1.93469	0.0653145	0.9995896
9124	0	-16.6349	-16.23379	-0.4011157	-0.055328	0.96504	0.0349599	1.93008	0.0699199	0.99566
9125	1	-15.95028	-15.62511	-0.3251652	0.136026	0.974461	0.0255385	1.94892	0.0510771	0.9228395
9126	0	-15.2206	-14.84165	-0.3789419	0.203047	0.976969	0.0230313	1.95394	0.0460625	0.9738254
9127	1	-16.94251	-16.67301	-0.2694977	0.23997	0.964655	0.0353445	1.92931	0.070689	0.8728711
9128	0	-16.34387	-15.95734	-0.3865271	0.405136	0.967672	0.0323279	1.93534	0.0646558	0.9812401
9129	1	-18.89925	-18.63808	-0.2611692	0.0748458	0.939866	0.0601343	1.87973	0.120269	0.8656316
9130	0	-15.95975	-15.60977	-0.3499855	0.346977	0.979883	0.0201171	1.95977	0.0402342	0.9460313
9131	1	-16.40759	-16.07704	-0.3305548	0.0859446	0.965875	0.0341245	1.93175	0.0682491	0.9278267
9132	0	-16.17672	-15.81971	-0.3570196	0.22354	0.984886	0.0151141	1.96977	0.0302282	0.9527093
9133	1	-16.83451	-16.54872	-0.2857848	0.338537	0.980374	0.0196262	1.96075	0.0392523	0.887204
9134	0	-16.75407	-16.39466	-0.3594095	0.277087	0.956297	0.0437031	1.91259	0.0874062	0.9549889
9135	1	-16.59917	-16.31862	-0.2805494	0.20745	0.967797	0.0322027	1.93559	0.0644055	0.8825713
9136	0	-19.09801	-18.80261	-0.2953996	-0.12156	0.951106	0.0488935	1.90221	0.0977871	0.8957754
9137	1	-16.36316	-16.07402	-0.2891378	0.258787	0.972265	0.0277352	1.94453	0.0554704	0.8901838
9138	0	-18.74437	-18.44402	-0.3003541	0.430784	0.953401	0.0465993	1.9068	0.0931987	0.9002246
9139	1	-15.4165	-15.04393	-0.3725718	0.167427	0.98015	0.0198501	1.9603	0.0397002	0.9676417
9140	0	-15.48162	-15.11962	-0.3620001	0.171826	0.979105	0.0208954	1.95821	0.0417908	0.957466
9141	1	-18.30234	-18.02895	-0.273391	-0.0587249	0.980255	0.0197446	1.96051	0.0394892	0.876276
9142	0	-16.99412	-16.59187	-0.402247	0.372445	0.954823	0.0451767	1.90965	0.0903535	0.9967871
9143	1	-19.53954	-19.41073	-0.1288084	0.0339875	0.978348	0.0216523	1.9567	0.0433046	0.7583148
9144	0	-16.71634	-16.35946	-0.3568887	0.444625	0.978561	0.021439	1.95712	0.042878	0.9525846
9145	1	-18.10436	-17.93637	-0.1679828	0.287835	0.972992	0.0270075	1.94598	0.054015	0.7886109
9146	0	-18.00829	-17.60504	-0.4032431	-0.126663	0.984287	0.0157135	1.96857	0.031427	0.9977805
9147	1	-18.62747	-18.43609	-0.1913847	0.0795799	0.955041	0.044959	1.91008	0.089918	0.8072835
9148	0	-15.73806	-15.34038	-0.3976811	0.302502	0.984917	0.0150829	1.96983	0.0301658	0.9922462
9149	1	-17.69887	-17.47566	-0.223213	0.0428563	0.969867	0.030133	1.93973	0.060266	0.8333912
9150	0	-15.93947	-15.55274	-0.3867274	0.0537092	0.982256	0.0177443	1.96451	0.0354886	0.9814368
9151	1	-16.5986	-16.19868	-0.3999253	-0.0760668	0.978476	0.0215243	1.95695	0.0430486	0.9944755
9152	0	-16.43686	-16.12855	-0.3083121	0.138201	0.966523	0.0334768	1.93305	0.0669535	0.9074172
9153	1	-15.14516	-14.74996	-0.3952003	0.260468	0.980761	0.0192393	1.96152	0.0384787	0.9897877
9154	0	-18.19045	-17.85852	-0.3319321	0.113563	0.939411	0.0605887	1.87882	0.121177	0.9291055
9155	1	-15.35685	-14.95921	-0.3976478	0.302988	0.971546	0.0284543	1.94309	0.0569085	0.9922132
9156	0	-16.25775	-15.89724	-0.3605104	0.405802	0.979357	0.0206427	1.95871	0.0412854	0.9560408
9157	1	-17.80933	-17.44221	-0.3671208	0.480287	0.96326	0.0367398	1.92652	0.0734797	0.9623815
9158	0	-15.53903	-15.18736	-0.351661	0.222194	0.974744	0.0252556	1.94949	0.0505111	0.9476177
9159	1	-15.11692	-14.72383	-0.3930925	0.245605	0.975045	0.024955	1.95009	0.0499101	0.9877037
9160	0	-16.47759	-16.10258	-0.3750139	0.0470568	0.96088	0.0391198	1.92176	0.0782396	0.9700077
9161	1	-15.15917	-14.76608	-0.3930925	0.150397	0.977356	0.0226445	1.95471	0.045289	0.9877037
9162	0	-15.7524	-15.39419	-0.3582175	0.0996784	0.978806	0.0211942	1.95761	0.0423885	0.9538512
9163	1	-17.26386	-16.94339	-0.3204638	-0.00576718	0.961132	0.0388684	1.92226	0.0777368	0.9185111
9164	0	-16.11712	-15.8118	-0.3053249	0.267076	0.976855	0.0231452	1.95371	0.0462904	0.9047106
9165	1	-18.76111	-18.39137	-0.3697418	0.0186061	0.930936	0.0690638	1.86187	0.138128	0.9649073
9166	0	-17.44663	-17.19084	-0.2557917	0.214149	0.958893	0.0411066	1.91779	0.0822132	0.8609891
9167	1	-16.20876	-15.83441	-0.3743544	0.401898	0.971287	0.0287126	1.94257	0.0574252	0.9693683
9168	0	-17.46763	-17.24478	-0.222854	0.153707	0.979979	0.0200213	1.95996	0.0400425	0.8330921
9169	1	-16.70082	-16.36435	-0.3364665	-0.00226198	0.979052	0.0209478	1.9581	0.0418956	0.933328
9170	0	-17.90687	-17.617	-0.2898669	0.0455896	0.951543	0.0484574	1.90309	0.0969148	0.8908331
9171	1	-18.22173	-17.89571	-0.3260175	0.0479102	0.942152	0.0578483	1.8843	0.115697	0.9236264
9172	0	-17.48822	-17.27832	-0.2098999	0.120063	0.970703	0.029297	1.94141	0.058594	0.8223697
9173	1	-16.17278	-15.80282	-0.369959	0.408585	0.979675	0.0203254	1.95935	0.0406509	0.9651168
9174	0	-18.07001	-17.81018	-0.2598266	0.144818	0.949659	0.0503409	1.89932	0.100682	0.8644701
9175	1	-16.64366	-16.2907	-0.3529668	-0.0298168	0.977182	0.0228178	1.95436	0.0456356	0.9488559
9176	0	-18.03288	-17.77793	-0.2549531	0.0103495	0.958197	0.0418033	1.91639	0.0836066	0.8602674
9177	1	-16.86692	-16.5084	-0.358523	-0.0420815	0.966368	0.0336318	1.93274	0.0672637	0.9541426
9178	0	-17.23734	-16.86504	-0.3723002	-0.112276	0.975582	0.0244181	1.95116	0.0488363	0.967379
9179	1	-17.82445	-17.51105	-0.313403	0.218897	0.946317	0.0536831	1.89263	0.107366	0.9120485
9180	0	-16.30918	-16.01572	-0.2934573	0.157075	0.977934	0.0220657	1.95587	0.0441314	0.8940373
9181	1	-18.02735	-17.82197	-0.2053887	0.116977	0.981039	0.0189612	1.96208	0.0379224	0.8186682
9182	0	-17.2846	-17.01821	-0.2663919	0.14139	0.95989	0.0401096	1.91978	0.0802191	0.8701643
9183	1	-16.85206	-16.57821	-0.2738489	0.136316	0.965799	0.0342009	1.9316	0.0684017	0.8766774
9184	0	-18.20833	-17.96577	-0.2425631	0.101712	0.951381	0.0486191	1.90276	0.0972382	0.8496744
9185	1	-15.27707	-14.8996	-0.3774653	0.27012	0.97775	0.0222502	1.9555	0.0445004	0.9723886
9186	0	-15.29404	-14.90196	-0.3920807	0.290558	0.981515	0.0184845	1.96303	0.0369691	0.9867048
9187	1	-19.51139	-19.14359	-0.367796	-0.24227	0.957507	0.0424935	1.91501	0.0849869	0.9630315
9188	0	-15.45889	-15.1004	-0.3584834	0.221654	0.978698	0.0213018	1.9574	0.0426035	0.9541049
9189	1	-16.6822	-16.28608	-0.3961207	-0.0327279	0.962077	0.0379235	1.92415	0.0758469	0.9906991
9190	0	-16.05732	-15.68962	-0.3677031	0.39196	0.974305	0.0256947	1.94861	0.0513895	0.9629421
9191	1	-16.76123	-16.37162	-0.3896093	0.286432	0.953471	0.0465292	1.90694	0.0930583	0.9842692
9192	0	-18.52122	-18.19535	-0.3258653	0.0897269	0.936187	0.0638127	1.87237	0.127625	0.9234858
9193	1	-15.76792	-15.3644	-0.4035208	0.0205772	0.971408	0.0285915	1.94282	0.057183	0.9980575
9194	0	-16.76773	-16.49203	-0.2756968	0.0965943	0.977966	0.0220345	1.95593	0.0440689	0.8782989
9195	1	-15.98564	-15.5853	-0.4003453	0.0378347	0.983018	0.0169822	1.96604	0.0339645	0.9948932
9196	0	-16.31023	-15.91564	-0.394591	0.450686	0.975409	0.0245909	1.95082	0.0491817	0.9891848
9197	1	-15.92916	-15.5322	-0.3969581	0.313458	0.964061	0.0359391	1.92812	0.0718781	0.991529
9198	0	-16.07459	-15.72092	-0.3536622	0.346649	0.981975	0.0180248	1.96395	0.0360496	0.949516
9199	1	-16.52611	-16.18983	-0.3362833	0.272603	0.984873	0.015127	1.96975	0.0302539	0.933157
9200	0	-15.33511	-14.93251	-0.402599	0.356025	0.978625	0.0213749	1.95725	0.0427497	0.997138
9201	1	-15.73945	-15.38446	-0.3549889	0.324807	0.975137	0.024863	1.95027	0.049726	0.9507766
9202	0	-15.28026	-14.90743	-0.3728283	0.22452	0.976951	0.0230487	1.9539	0.0460974	0.96789
9203	1	-16.19047	-15.85976	-0.3307041	0.328529	0.97856	0.0214401	1.95712	0.0428803	0.9279652
9204	0	-17.99553	-17.66481	-0.3307239	0.181418	0.941598	0.0584018	1.8832	0.116804	0.9279836
9205	1	-16.05096	-15.68478	-0.3661794	0.0815892	0.966464	0.0335364	1.93293	0.0670727	0.961476
9206	0	-15.38729	-15.01139	-0.3759034	0.230625	0.98131	0.01869	1.96262	0.03738	0.970871
9207	1	-17.13899	-16.78007	-0.358918	0.0208894	0.966566	0.0334341	1.93313	0.0668682	0.9545196
9208	0	-15.85642	-15.48051	-0.3759034	0.386599	0.97736	0.0226401	1.95472	0.0452802	0.970871
9209	1	-19.06078	-18.67101	-0.3897673	0.473562	0.945037	0.0549633	1.89007	0.109927	0.9844248
9210	0	-14.94223	-14.53705	-0.4051857	0.237418	0.978184	0.0218159	1.95637	0.0436318	0.9997207
9211	1	-16.59334	-16.27828	-0.3150616	0.073487	0.980933	0.0190672	1.96187	0.0381343	0.9135625
9212	0	-17.1051	-16.79989	-0.3052127	0.416327	0.978386	0.0216138	1.95677	0.0432276	0.9046091
9213	1	-16.16447	-15.85884	-0.3056326	0.23417	0.971378	0.0286218	1.94276	0.0572435	0.904989
9214	0	-16.03867	-15.6525	-0.3861631	0.209907	0.985893	0.014107	1.97179	0.028214	0.9808831
9215	1	-18.26242	-17.89766	-0.3647625	-0.142723	0.95684	0.0431595	1.91368	0.0863191	0.9601146
9216	0	-15.95281	-15.54913	-0.4036795	0.244058	0.960626	0.0393741	1.92125	0.0787482	0.998216
9217	1	-16.38286	-16.09206	-0.2907956	0.148703	0.971371	0.0286293	1.94274	0.0572586	0.8916608
9218	0	-16.83685	-16.46716	-0.3696846	0.104739	0.986527	0.0134733	1.97305	0.0269466	0.9648521
9219	1	-15.08377	-14.68194	-0.4018275	0.268223	0.974453	0.0255473	1.94891	0.0510945	0.996369
9220	0	-18.75931	-18.43198	-0.3273347	-0.172056	0.962206	0.0377939	1.92441	0.0755878	0.9248438
9221	1	-15.52942	-15.1366	-0.3928223	0.343675	0.981849	0.0181507	1.9637	0.0363014	0.9874368
9222	0	-15.17185	-14.76829	-0.4035579	0.122829	0.974745	0.0252547	1.94949	0.0505093	0.9980946
9223	1	-17.88389	-17.49107	-0.3928223	0.0683498	0.988888	0.0111121	1.97778	0.0222242	0.9874368
9224	0	-15.21891	-14.81935	-0.3995646	0.117559	0.975116	0.0248843	1.95023	0.0497686	0.9941168
9225	1	-16.73247	-16.38889	-0.3435811	0.354425	0.963161	0.0368386	1.92632	0.0736772	0.9399919
9226	0	-17.00654	-16.61162	-0.3949203	0.495558	0.973792	0.0262078	1.94758	0.0524156	0.9895106
9227	1	-17.70462	-17.31657	-0.3880478	0.178068	0.939427	0.0605725	1.87885	0.121145	0.9827335
9228	0	-15.15361	-14.74992	-0.4036941	0.257187	0.972148	0.0278522	1.9443	0.0557044	0.9982306
9229	1	-17.53367	-17.1627	-0.3709689	-0.014451	0.950769	0.049231	1.90154	0.0984619	0.966092
9230	0	-15.16736	-14.77995	-0.3874073	0.237151	0.975018	0.0249825	1.95004	0.0499649	0.9821043
9231	1	-16.65947	-16.31781	-0.341661	0.21369	0.957879	0.042121	1.91576	0.0842419	0.9381887
9232	0	-17.60633	-17.25412	-0.3522013	0.0812057	0.946083	0.0539174	1.89217	0.107835	0.9481298
9233	1	-19.13101	-18.84209	-0.2889206	0.38329	0.944068	0.0559319	1.88814	0.111864	0.8899905
9234	0	-15.14527	-14.7514	-0.393869	0.174197	0.979827	0.0201731	1.95965	0.0403463	0.9884709
9235	1	-17.01973	-16.66685	-0.3528869	0.329391	0.956567	0.0434326	1.91313	0.0868651	0.9487801
9236	0	-16.91665	-16.58925	-0.3273966	0.0413788	0.961223	0.038777	1.92245	0.0775541	0.9249011
9237	1	-16.72842	-16.41598	-0.3124458	0.243198	0.961193	0.0388074	1.92239	0.0776148	0.9111759
9238	0	-17.4985	-17.20343	-0.2950733	0.157746	0.985726	0.0142743	1.97145	0.0285486	0.8954832
9239	1	-16.58228	-16.27714	-0.3051337	0.0748145	0.968566	0.0314344	1.93713	0.0628688	0.9045376
9240	0	-18.9863	-18.643	-0.3432997	0.34812	0.935287	0.0647131	1.87057	0.129426	0.9397275
9241	1	-17.87541	-17.50627	-0.3691403	0.448596	0.957	0.0429997	1.914	0.0859994	0.964327
9242	0	-16.57405	-16.29064	-0.2834169	0.099809	0.974804	0.0251964	1.94961	0.0503927	0.8851057
9243	1	-16.60898	-16.2582	-0.3507819	0.0201926	0.981901	0.0180991	1.9638	0.0361982	0.946785
9244	0	-17.23693	-16.91998	-0.316945	0.401506	0.96557	0.0344303	1.93114	0.0688607	0.9152847
9245	1	-16.63457	-16.31105	-0.3235179	0.236579	0.960823	0.0391771	1.92165	0.0783542	0.9213206
9246	0	-16.23651	-15.87641	-0.3601015	0.178564	0.985073	0.0149267	1.97015	0.0298533	0.9556499
9247	1	-17.13702	-16.85512	-0.2819041	0.00958971	0.974425	0.0255748	1.94885	0.0511497	0.8837678
9248	0	-16.00832	-15.683	-0.3253227	0.295196	0.973317	0.0266833	1.94663	0.0533667	0.9229849
9249	1	-20.98167	-20.6145	-0.3671767	-0.329446	0.969944	0.0300557	1.93989	0.0601114	0.9624353
9250	0	-18.76593	-18.45546	-0.3104783	0.441155	0.953316	0.0466842	1.90663	0.0933683	0.909385
9251	1	-14.97336	-14.56909	-0.4042692	0.207408	0.979393	0.0206073	1.95879	0.0412146	0.9988048
9252	0	-19.06048	-18.77034	-0.2901348	0.0344004	0.987278	0.0127215	1.97456	0.0254431	0.8910717
9253	1	-15.4932	-15.10224	-0.3909689	0.345089	0.980974	0.0190256	1.96195	0.0380511	0.9856083
9254	0	-17.63782	-17.31097	-0.3268492	0.359341	0.954577	0.0454235	1.90915	0.0908469	0.9243949
9255	1	-15.47128	-15.11378	-0.3575019	0.187902	0.975913	0.0240873	1.95183	0.0481746	0.9531689
9256	0	-15.37353	-14.99407	-0.37946	0.273936	0.981069	0.0189306	1.96214	0.0378612	0.9743301
9257	1	-16.52011	-16.15259	-0.3675278	0.358861	0.963159	0.0368411	1.92632	0.0736822	0.9627732
9258	0	-16.7274	-16.39211	-0.3352953	0.411783	0.980392	0.019608	1.96078	0.0392159	0.9322355
9259	1	-16.5118	-16.13892	-0.3728868	0.271191	0.957607	0.0423935	1.91521	0.084787	0.9679467
9260	0	-16.09684	-15.79056	-0.3062841	0.196291	0.972786	0.027214	1.94557	0.054428	0.9055788
9261	1	-15.82485	-15.49912	-0.3257308	0.200285	0.974978	0.0250224	1.94996	0.0500449	0.9233617
9262	0	-16.47027	-16.17682	-0.2934477	0.0997652	0.976587	0.023413	1.95317	0.0468259	0.8940287
9263	1	-15.94357	-15.61465	-0.3289192	0.246121	0.980753	0.0192466	1.96151	0.0384932	0.9263104
9264	0	-16.02719	-15.66502	-0.3621716	0.115628	0.983121	0.0168795	1.96624	0.033759	0.9576303
9265	1	-18.12578	-17.73511	-0.3906716	0.268909	0.989972	0.0100285	1.97994	0.0200569	0.9853154
9266	0	-16.2719	-15.94282	-0.3290842	0.058967	0.972215	0.0277849	1.94443	0.0555698	0.9264632
9267	1	-15.44247	-15.08063	-0.3618327	0.207692	0.974329	0.0256714	1.94866	0.0513427	0.9573058
9268	0	-16.05579	-15.69983	-0.3559595	0.176771	0.964306	0.0356944	1.92861	0.0713887	0.9516998
9269	1	-15.94225	-15.59407	-0.3481855	0.272994	0.968361	0.0316393	1.93672	0.0632786	0.94433
9270	0	-15.60693	-15.22666	-0.3802671	0.127436	0.969308	0.0306925	1.93862	0.0613849	0.9751168
9271	1	-15.79057	-15.40125	-0.3893209	0.333216	0.968033	0.0319673	1.93607	0.0639346	0.9839854
9272	0	-16.83448	-16.45272	-0.3817647	0.366258	0.958317	0.0416827	1.91663	0.0833654	0.9765783
9273	1	-18.62674	-18.3891	-0.2376388	0.455579	0.974485	0.0255152	1.94897	0.0510303	0.8455007
9274	0	-15.89747	-15.55836	-0.339112	0.149006	0.970387	0.0296132	1.94077	0.0592265	0.9358003
9275	1	-16.77337	-16.49919	-0.2741816	0.222098	0.966141	0.0338593	1.93228	0.0677186	0.8769692
9276	0	-20.74368	-20.4649	-0.2787779	-0.179821	0.937726	0.0622744	1.87545	0.124549	0.8810092
9277	1	-16.41515	-16.03548	-0.3796701	0.436248	0.980918	0.0190818	1.96184	0.0381635	0.9745349
9278	0	-21.47255	-21.2571	-0.2154531	0.350827	0.921427	0.0785728	1.84285	0.157146	0.8269492
9279	1	-16.50406	-16.14795	-0.3561105	0.146362	0.985488	0.0145118	1.97098	0.0290236	0.9518435
9280	0	-17.33724	-17.06586	-0.2713776	0.0792302	0.960955	0.0390445	1.92191	0.0780891	0.8745135
9281	1	-15.31661	-14.92299	-0.3936211	0.119901	0.973418	0.0265819	1.94684	0.0531639	0.9882258
9282	0	-17.50858	-17.30891	-0.1996639	0.175386	0.970563	0.0294371	1.94113	0.0588742	0.8139949
9283	1	-16.19252	-15.83961	-0.3529136	0.391211	0.978344	0.0216562	1.95669	0.0433125	0.9488054
9284	0	-15.89063	-15.49552	-0.3951074	0.19742	0.961851	0.0381491	1.9237	0.0762981	0.9896958
9285	1	-16.2323	-15.88358	-0.348712	0.338137	0.96792	0.0320804	1.93584	0.0641607	0.9448273
9286	0	-16.55653	-16.16728	-0.3892524	-0.0469527	0.967412	0.032588	1.93482	0.0651759	0.983918
9287	1	-16.09623	-15.72909	-0.3671356	0.222433	0.962386	0.0376136	1.92477	0.0752271	0.9623958
9288	0	-15.36394	-14.98056	-0.3833788	0.117701	0.976228	0.023772	1.95246	0.0475441	0.9781558
9289	1	-18.16381	-17.77604	-0.3877778	0.201526	0.933595	0.066405	1.86719	0.13281	0.9824682
9290	0	-18.59259	-18.25	-0.3425858	-0.0813909	0.945654	0.0543459	1.89131	0.108692	0.9390568
9291	1	-15.26922	-14.88144	-0.3877778	0.14603	0.979508	0.0204922	1.95902	0.0409843	0.9824682
9292	0	-18.57523	-18.33752	-0.2377042	0.136977	0.946018	0.053982	1.89204	0.107964	0.845556
9293	1	-15.60276	-15.23247	-0.3702954	0.243325	0.969424	0.030576	1.93885	0.061152	0.9654416
9294	0	-17.27733	-16.98374	-0.2935829	0.333624	0.961319	0.0386809	1.92264	0.0773618	0.8941496
9295	1	-17.82725	-17.5728	-0.2544563	0.2622	0.955363	0.0446368	1.91073	0.0892736	0.8598402
9296	0	-17.04356	-16.73215	-0.311417	0.277255	0.958377	0.041623	1.91675	0.083246	0.910239
9297	1	-17.83692	-17.65689	-0.1800316	0.171244	0.976575	0.0234246	1.95315	0.0468492	0.7981701
9298	0	-18.11575	-17.82477	-0.2909862	0.0127417	0.984483	0.0155166	1.96897	0.0310332	0.8918308
9299	1	-16.22584	-15.83619	-0.3896458	0.439915	0.976067	0.023933	1.95213	0.0478659	0.9843052
9300	0	-16.00955	-15.65143	-0.3581151	0.343859	0.982087	0.0179125	1.96417	0.0358251	0.9537535
9301	1	-15.14928	-14.75132	-0.397959	0.267491	0.981174	0.0188258	1.96235	0.0376516	0.992522
9302	0	-15.88735	-15.51849	-0.3688569	0.0451078	0.973935	0.0260654	1.94787	0.0521307	0.9640538
9303	1	-17.99193	-17.66702	-0.3249157	0.335081	0.987583	0.0124171	1.97517	0.0248342	0.9226093
9304	0	-16.38745	-16.00511	-0.382342	0.446264	0.978263	0.0217368	1.95653	0.0434735	0.9771422
9305	1	-17.09223	-16.69312	-0.3991058	0.000645299	0.952614	0.0473858	1.90523	0.0947716	0.9936609
9306	0	-18.49541	-18.11931	-0.3761026	-0.191019	0.961373	0.0386267	1.92275	0.0772534	0.9710644
9307	1	-18.28685	-17.94905	-0.3377999	-0.127242	0.958391	0.0416093	1.91678	0.0832185	0.9345733
9308	0	-16.74836	-16.3652	-0.3831613	0.0425581	0.956321	0.0436793	1.91264	0.0873586	0.9779431
9309	1	-19.79582	-19.49028	-0.3055325	-0.118065	0.937492	0.0625077	1.87498	0.125015	0.9048984
9310	0	-16.90763	-16.54907	-0.3585596	-0.0540156	0.967693	0.0323073	1.93539	0.0646145	0.9541775
9311	1	-15.34677	-14.9532	-0.3935636	0.225392	0.969828	0.0301715	1.93966	0.0603431	0.9881691
9312	0	-16.25961	-15.88815	-0.3714572	0.3136	0.96281	0.0371899	1.92562	0.0743797	0.9665638
9313	1	-15.44679	-15.0618	-0.3849914	0.121203	0.972051	0.0279487	1.9441	0.0558974	0.9797345
9314	0	-16.01873	-15.65951	-0.3592129	0.35484	0.971224	0.0287758	1.94245	0.0575517	0.9548011
9315	1	-16.19833	-15.79385	-0.4044802	0.415596	0.983898	0.0161021	1.9678	0.0322042	0.9990156
9316	0	-17.0828	-16.83832	-0.2444861	0.31223	0.974964	0.0250365	1.94993	0.0500729	0.8513099
9317	1	-15.72596	-15.34721	-0.3787516	0.332533	0.970545	0.0294551	1.94109	0.0589103	0.9736401
9318	0	-17.95296	-17.67864	-0.2743197	0.366083	0.958516	0.041484	1.91703	0.0829681	0.8770903
9319	1	-17.48193	-17.08913	-0.3928064	-0.0564431	0.952877	0.0471232	1.90575	0.0942464	0.9874211
9320	0	-15.68086	-15.30741	-0.3734544	0.100251	0.970831	0.0291694	1.94166	0.0583388	0.9684962
9321	1	-16.67984	-16.39186	-0.2879847	0.0712445	0.972066	0.0279339	1.94413	0.0558679	0.8891579
9322	0	-16.46689	-16.10873	-0.3581556	0.236649	0.958822	0.0411783	1.91764	0.0823566	0.9537921
9323	1	-16.06463	-15.7263	-0.3383239	0.228819	0.966736	0.0332644	1.93347	0.0665287	0.9350631
9324	0	-15.22287	-14.82133	-0.4015397	0.323577	0.975369	0.0246306	1.95074	0.0492613	0.9960823
9325	1	-15.803	-15.4018	-0.4011982	0.38276	0.982968	0.017032	1.96594	0.0340639	0.9957422
9326	0	-15.69224	-15.33472	-0.3575187	0.12174	0.972627	0.0273726	1.94525	0.0547452	0.9531849
9327	1	-16.87164	-16.51034	-0.361299	0.380601	0.961558	0.038442	1.92312	0.0768841	0.956795
9328	0	-15.58447	-15.22429	-0.3601806	0.205984	0.971167	0.0288327	1.94233	0.0576653	0.9557255
9329	1	-16.25096	-15.85154	-0.3994101	-0.0358679	0.970202	0.0297983	1.9404	0.0595966	0.9939633
9330	0	-15.60912	-15.24554	-0.3635811	0.289271	0.981096	0.0189041	1.96219	0.0378082	0.958981
9331	1	-16.61519	-16.23189	-0.3832949	0.260123	0.986906	0.0130942	1.97381	0.0261884	0.9780737
9332	0	-16.89898	-16.59258	-0.306403	0.401682	0.975185	0.0248148	1.95037	0.0496296	0.9056865
9333	1	-15.97242	-15.60613	-0.3662875	0.314347	0.983676	0.0163242	1.96735	0.0326483	0.9615799
9334	0	-16.02373	-15.69931	-0.3244218	0.176777	0.969987	0.0300128	1.93997	0.0600256	0.9221537
9335	1	-16.21915	-15.89365	-0.3255003	0.201735	0.966092	0.0339083	1.93218	0.0678167	0.9231488
9336	0	-16.10024	-15.73874	-0.3615005	0.137944	0.963722	0.0362777	1.92744	0.0725555	0.9569879
9337	1	-15.13549	-14.73337	-0.4021284	0.313195	0.978785	0.021215	1.95757	0.0424301	0.9966689
9338	0	-16.44854	-16.10219	-0.3463486	0.1418	0.960579	0.0394207	1.92116	0.0788414	0.9425969
9339	1	-20.09709	-19.69786	-0.3992287	0.379093	0.991327	0.00867313	1.98265	0.0173463	0.993783
9340	0	-19.08358	-18.69045	-0.3931238	0.0130186	0.923885	0.0761149	1.84777	0.15223	0.9877346
9341	1	-18.08938	-17.76757	-0.3218029	0.478551	0.966726	0.0332741	1.93345	0.0665481	0.9197419
9342	0	-17.33071	-16.96771	-0.3629971	0.236811	0.947514	0.0524856	1.89503	0.104971	0.9584212
9343	1	-18.69346	-18.42905	-0.2644079	0.146438	0.940493	0.0595075	1.88099	0.119015	0.8684396
9344	0	-16.05039	-15.64927	-0.4011188	0.407924	0.970056	0.0299439	1.94011	0.0598878	0.9956631
9345	1	-17.06199	-16.7337	-0.3282967	0.0297562	0.959737	0.0402632	1.91947	0.0805264	0.9257339
9346	0	-16.78396	-16.46438	-0.3195776	0.0891931	0.961311	0.0386892	1.92262	0.0773784	0.9176975
9347	1	-15.88856	-15.5107	-0.3778629	0.0303695	0.977688	0.0223124	1.95538	0.0446247	0.9727752
9348	0	-16.79911	-16.4895	-0.3096078	0.394382	0.974371	0.0256294	1.94874	0.0512587	0.9085937
9349	1	-16.72442	-16.40779	-0.3166244	0.292385	0.962612	0.0373876	1.92522	0.0747752	0.9149913
9350	0	-23.95046	-23.72054	-0.2299195	-0.246172	0.908726	0.0912737	1.81745	0.182547	0.8389991
9351	1	-15.96913	-15.64026	-0.3288694	0.115154	0.975538	0.0244617	1.95108	0.0489233	0.9262643
9352	0	-20.0469	-19.77342	-0.2734824	0.0658079	0.921711	0.0782891	1.84342	0.156578	0.8763561
9353	1	-15.59113	-15.21961	-0.3715171	0.105477	0.979252	0.0207477	1.9585	0.0414954	0.9666217
9354	0	-19.2103	-18.80803	-0.4022687	-0.0995093	0.930691	0.0693089	1.86138	0.138618	0.9968087
9355	1	-17.03723	-16.67548	-0.3617442	0.185855	0.950658	0.0493417	1.90132	0.0986833	0.9572211
9356	0	-17.21075	-16.86964	-0.3411135	0.0515005	0.954285	0.0457146	1.90857	0.0914292	0.9376753
9357	1	-16.36057	-16.01445	-0.3461206	0.274991	0.972719	0.0272806	1.94544	0.0545612	0.942382
9358	0	-18.01941	-17.68244	-0.3369687	0.33266	0.988057	0.0119432	1.97611	0.0238863	0.9337968
9359	1	-15.58888	-15.20436	-0.38452	0.0905983	0.971385	0.0286148	1.94277	0.0572295	0.9792727
9360	0	-16.02396	-15.69952	-0.3244363	0.162125	0.97041	0.0295895	1.94082	0.059179	0.9221671
9361	1	-15.60567	-15.24009	-0.3655821	0.130784	0.972049	0.0279508	1.9441	0.0559016	0.9609019
9362	0	-16.80752	-16.43638	-0.3711353	0.250258	0.953507	0.046493	1.90701	0.0929861	0.9662528
9363	1	-15.67496	-15.27063	-0.4043307	0.366574	0.970414	0.0295862	1.94083	0.0591724	0.9988662
9364	0	-16.42554	-16.09769	-0.3278481	0.21153	0.984101	0.0158992	1.9682	0.0317984	0.9253188
9365	1	-16.68087	-16.28935	-0.3915199	-0.0388677	0.982374	0.017626	1.96475	0.0352521	0.9861515
9366	0	-16.04227	-15.65929	-0.3829792	0.141147	0.961845	0.0381549	1.92369	0.0763097	0.977765
9367	1	-17.64195	-17.25043	-0.3915199	0.476836	0.961296	0.0387045	1.92259	0.0774089	0.9861515
9368	0	-15.73879	-15.35136	-0.3874272	0.349237	0.97038	0.0296199	1.94076	0.0592397	0.9821238
9369	1	-18.63479	-18.37087	-0.2639201	-0.0910537	0.96057	0.0394299	1.92114	0.0788598	0.8680161
9370	0	-16.28648	-15.91281	-0.3736705	0.427201	0.975707	0.0242929	1.95141	0.0485858	0.9687055
9371	1	-16.66544	-16.36526	-0.3001761	0.114748	0.965056	0.0349439	1.93011	0.0698877	0.9000644
9372	0	-15.69926	-15.31306	-0.3862	0.128005	0.966844	0.0331558	1.93369	0.0663116	0.9809192
9373	1	-16.44938	-16.14475	-0.3046342	0.314958	0.970496	0.0295044	1.94099	0.0590088	0.9040859
9374	0	-15.67396	-15.30479	-0.3691614	0.0811535	0.977076	0.022924	1.95415	0.045848	0.9643474
9375	1	-15.99533	-15.63748	-0.3578527	0.0724812	0.96975	0.0302499	1.9395	0.0604998	0.9535033
9376	0	-17.44122	-17.08992	-0.351295	0.412095	0.959417	0.0405829	1.91883	0.0811659	0.9472709
9377	1	-17.97916	-17.5895	-0.3896549	0.543829	0.975073	0.0249275	1.95015	0.0498549	0.9843142
9378	0	-15.72611	-15.37421	-0.3518969	0.110914	0.975931	0.0240692	1.95186	0.0481385	0.9478413
9379	1	-16.74895	-16.34673	-0.402224	-0.0867578	0.968132	0.0318675	1.93626	0.063735	0.9967641
9380	0	-15.90616	-15.54926	-0.3569	0.342011	0.97242	0.0275801	1.94484	0.0551602	0.9525953
9381	1	-15.20352	-14.80952	-0.3940022	0.194279	0.972461	0.0275391	1.94492	0.0550781	0.9886026
9382	0	-17.78422	-17.50944	-0.2747856	-0.0505867	0.974812	0.0251877	1.94962	0.0503754	0.8774989
9383	1	-15.90163	-15.51885	-0.3827797	0.0596531	0.968106	0.0318938	1.93621	0.0637875	0.9775699
9384	0	-16.73789	-16.41308	-0.3248018	0.192412	0.958758	0.0412416	1.91752	0.0824832	0.9225042
9385	1	-16.40819	-16.08924	-0.318953	0.261081	0.965329	0.0346714	1.93066	0.0693427	0.9171245
9386	0	-16.71651	-16.44274	-0.2737724	0.10436	0.971382	0.0286176	1.94276	0.0572353	0.8766103
9387	1	-15.29428	-14.92228	-0.3720053	0.203598	0.977348	0.0226516	1.9547	0.0453032	0.9670938
9388	0	-19.43498	-19.23463	-0.2003497	0.0710702	0.941775	0.0582246	1.88355	0.116449	0.8145533
9389	1	-15.9282	-15.58036	-0.3478335	0.129143	0.981352	0.0186479	1.9627	0.0372959	0.9439976
9390	0	-17.18767	-16.91789	-0.2697737	0.27081	0.962127	0.0378726	1.92425	0.0757452	0.873112
9391	1	-15.17179	-14.78273	-0.3890562	0.208073	0.97421	0.02579	1.94842	0.0515799	0.983725
9392	0	-16.62461	-16.28806	-0.3365574	0.0502693	0.982264	0.017736	1.96453	0.035472	0.9334129
9393	1	-15.736	-15.34563	-0.3903687	0.198723	0.971287	0.0287132	1.94257	0.0574265	0.985017
9394	0	-16.45533	-16.13161	-0.3237171	0.226299	0.98398	0.0160198	1.96796	0.0320396	0.9215041
9395	1	-15.58351	-15.23789	-0.3456289	0.212815	0.976133	0.0238666	1.95227	0.0477333	0.9419188
9396	0	-19.72914	-19.40519	-0.3239453	-0.0100049	0.923977	0.0760231	1.84795	0.152046	0.9217144
9397	1	-16.85224	-16.59883	-0.2534074	0.285254	0.976393	0.0236072	1.95279	0.0472144	0.8589387
9398	0	-15.78154	-15.43235	-0.3491923	0.23672	0.969766	0.0302343	1.93953	0.0604687	0.9452812
9399	1	-15.41367	-15.02784	-0.3858312	0.106428	0.978932	0.0210681	1.95786	0.0421361	0.9805576
9400	0	-17.4611	-17.08828	-0.3728151	-0.102619	0.962431	0.0375686	1.92486	0.0751372	0.9678772
9401	1	-17.88528	-17.61139	-0.2738895	0.00946823	0.982231	0.0177686	1.96446	0.0355372	0.876713
9402	0	-15.14407	-14.73962	-0.4044475	0.15675	0.972791	0.027209	1.94558	0.054418	0.9989829
9403	1	-16.4088	-16.0303	-0.3784979	-0.0164979	0.967796	0.0322041	1.93559	0.0644082	0.9733932
9404	0	-16.30687	-15.9387	-0.3681718	-0.000636848	0.969889	0.0301111	1.93978	0.0602221	0.9633935
9405	1	-16.04321	-15.68915	-0.3540585	0.194812	0.964615	0.0353848	1.92923	0.0707696	0.9498924
9406	0	-16.67299	-16.33943	-0.3335599	0.303564	0.961625	0.0383745	1.92325	0.076749	0.9306191
9407	1	-16.74204	-16.35146	-0.3905803	0.265746	0.952837	0.0471633	1.90567	0.0943266	0.9852254
9408	0	-16.92087	-16.67248	-0.2483896	0.206624	0.979146	0.0208542	1.95829	0.0417085	0.8546395
9409	1	-17.64724	-17.35822	-0.2890183	0.102611	0.952516	0.0474841	1.90503	0.0949682	0.8900774
9410	0	-18.99615	-18.83251	-0.1636411	0.069471	0.955441	0.0445593	1.91088	0.0891186	0.7851944
9411	1	-15.74778	-15.40023	-0.3475485	0.179999	0.97072	0.0292801	1.94144	0.0585602	0.9437286
9412	0	-19.11445	-18.92014	-0.194303	0.148262	0.945156	0.0548439	1.89031	0.109688	0.8096428
9413	1	-17.22158	-16.82399	-0.3975917	0.306271	0.948135	0.0518646	1.89627	0.103729	0.9921575
9414	0	-19.32703	-19.15046	-0.176569	0.204169	0.945552	0.0544479	1.8911	0.108896	0.7954112
9415	1	-17.44986	-17.14058	-0.3092779	0.149581	0.951431	0.0485693	1.90286	0.0971386	0.9082939
9416	0	-17.41766	-17.16508	-0.2525832	0.368887	0.97168	0.0283195	1.94336	0.056639	0.8582311
9417	1	-15.5898	-15.21915	-0.370656	0.135105	0.971006	0.0289937	1.94201	0.0579874	0.9657898
9418	0	-16.74188	-16.43287	-0.309017	0.35139	0.968124	0.0318762	1.93625	0.0637523	0.908057
9419	1	-16.64225	-16.29	-0.352247	0.197105	0.956766	0.043234	1.91353	0.086468	0.9481732
9420	0	-20.40392	-20.04691	-0.3570169	-0.0759023	0.914875	0.0851248	1.82975	0.17025	0.9527067
9421	1	-15.63828	-15.23758	-0.4006996	0.0590137	0.981347	0.0186533	1.96269	0.0373066	0.9952458
9422	0	-18.2784	-17.8896	-0.388794	-0.116777	0.948742	0.0512575	1.89748	0.102515	0.9834671
9423	1	-17.06551	-16.81973	-0.2457815	0.100727	0.971992	0.0280082	1.94398	0.0560165	0.8524135
9424	0	-16.97506	-16.57687	-0.3981896	-0.0976171	0.966247	0.0337529	1.93249	0.0675059	0.9927509
9425	1	-16.00906	-15.69828	-0.3107767	0.246245	0.976015	0.0239853	1.95203	0.0479706	0.9096563
9426	0	-15.67402	-15.30714	-0.3668823	0.341733	0.978693	0.0213066	1.95739	0.0426132	0.962152
9427	1	-16.05797	-15.66652	-0.3914455	0.037609	0.982734	0.0172664	1.96547	0.0345328	0.9860782
9428	0	-18.7407	-18.37623	-0.3644705	-0.11868	0.945218	0.0547825	1.89044	0.109565	0.9598343
9429	1	-15.55502	-15.17451	-0.3805108	0.142492	0.982146	0.0178538	1.96429	0.0357075	0.9753545
9430	0	-19.23674	-18.90108	-0.3356651	-0.0201025	0.930723	0.0692775	1.86145	0.138555	0.9325803
9431	1	-17.23688	-16.87561	-0.3612674	-0.0641296	0.96221	0.0377902	1.92442	0.0755804	0.9567647
9432	0	-19.76291	-19.43132	-0.3315855	0.31611	0.923781	0.076219	1.84756	0.152438	0.9287835
9433	1	-16.26392	-15.86175	-0.4021716	0.454427	0.975444	0.0245562	1.95089	0.0491124	0.9967119
9434	0	-15.5269	-15.12831	-0.3985944	0.143783	0.967316	0.0326837	1.93463	0.0653673	0.9931529
9435	1	-15.85913	-15.49374	-0.3653855	0.0850271	0.969933	0.0300665	1.93987	0.0601331	0.960713
9436	0	-16.56889	-16.23228	-0.3366065	0.000400262	0.971919	0.0280807	1.94384	0.0561614	0.9334587
9437	1	-19.69591	-19.50578	-0.1901319	0.0954011	0.938705	0.0612947	1.87741	0.122589	0.8062727
9438	0	-16.61748	-16.27105	-0.3464291	0.306066	0.960857	0.0391431	1.92171	0.0782862	0.9426728
9439	1	-17.55503	-17.30604	-0.248995	0.0371063	0.96549	0.0345098	1.93098	0.0690196	0.8551571
9440	0	-15.3953	-15.00302	-0.3922805	0.339664	0.979942	0.0200582	1.95988	0.0401165	0.986902
9441	1	-16.02618	-15.64261	-0.3835704	0.407877	0.980454	0.0195462	1.96091	0.0390925	0.9783432
9442	0	-15.88276	-15.55894	-0.3238223	0.23028	0.978825	0.0211751	1.95765	0.0423502	0.9216011
9443	1	-16.13298	-15.75735	-0.3756321	0.0260851	0.980969	0.0190306	1.96194	0.0380612	0.9706076
9444	0	-17.78963	-17.4758	-0.3138293	0.0237772	0.951383	0.0486174	1.90277	0.0972348	0.9124374
9445	1	-16.2073	-15.88828	-0.3190234	0.244176	0.98203	0.0179698	1.96406	0.0359397	0.917189
9446	0	-18.00847	-17.76847	-0.2400004	0.414395	0.975215	0.024785	1.95043	0.0495701	0.8474998
9447	1	-15.76866	-15.39706	-0.3716016	0.140274	0.967348	0.0326517	1.9347	0.0653034	0.9667035
9448	0	-20.69783	-20.60941	-0.08841841	0.0409318	0.980914	0.0190862	1.96183	0.0381724	0.7282967
9449	1	-16.37239	-16.03098	-0.3414095	0.201036	0.961635	0.0383646	1.92327	0.0767293	0.9379529
9450	0	-21.13908	-21.13727	-0.001805859	0.179635	0.957331	0.042669	1.91466	0.085338	0.6678717
9451	1	-15.73531	-15.36015	-0.3751617	0.308983	0.983068	0.016932	1.96614	0.0338641	0.9701511
9452	0	-18.34451	-18.18516	-0.1593456	0.0909148	0.973999	0.0260014	1.948	0.0520028	0.7818288
9453	1	-17.11973	-16.71638	-0.4033485	0.406662	0.956486	0.0435141	1.91297	0.0870281	0.9978856
9454	0	-16.95573	-16.6881	-0.2676251	0.316631	0.980082	0.0199181	1.96016	0.0398361	0.8712381
9455	1	-17.16404	-16.9046	-0.2594375	0.135028	0.963201	0.036799	1.9264	0.073598	0.8641339
9456	0	-17.80406	-17.58872	-0.2153436	0.356731	0.974248	0.0257521	1.9485	0.0515042	0.8268586
9457	1	-19.04485	-18.77722	-0.267628	0.116962	0.935591	0.0644091	1.87118	0.128818	0.8712406
9458	0	-16.70211	-16.43937	-0.2627393	0.25569	0.978326	0.0216737	1.95665	0.0433473	0.8669918
9459	1	-16.92615	-16.63562	-0.290527	0.156438	0.96113	0.03887	1.92226	0.07774	0.8914213
9460	0	-17.21873	-16.92046	-0.2982683	0.392229	0.967876	0.032124	1.93575	0.0642479	0.8983488
9461	1	-19.59237	-19.35959	-0.2327878	0.151069	0.987653	0.0123467	1.97531	0.0246935	0.8414091
9462	0	-17.24505	-16.86376	-0.3812834	0.395819	0.956323	0.0436773	1.91265	0.0873547	0.9761083
9463	1	-19.6065	-19.48294	-0.1235595	0.082793	0.953439	0.0465614	1.90688	0.0931227	0.7543449
9464	0	-15.27709	-14.89152	-0.3855772	0.153517	0.979622	0.0203778	1.95924	0.0407556	0.9803085
9465	1	-19.48451	-19.3622	-0.1223107	0.349162	0.965192	0.0348082	1.93038	0.0696163	0.7534035
9466	0	-15.83122	-15.44455	-0.3866679	0.35634	0.969716	0.0302841	1.93943	0.0605683	0.9813783
9467	1	-18.02094	-17.8151	-0.2058357	0.0316271	0.969135	0.0308648	1.93827	0.0617296	0.8190342
9468	0	-16.59396	-16.20729	-0.3866679	0.406729	0.964585	0.0354146	1.92917	0.0708291	0.9813783
9469	1	-17.08196	-16.82254	-0.2594232	0.310122	0.968355	0.0316446	1.93671	0.0632891	0.8641214
9470	0	-21.64909	-21.26242	-0.3866679	0.229678	0.881816	0.118184	1.76363	0.236369	0.9813783
9471	1	-19.02829	-18.74349	-0.2847936	0.460025	0.957236	0.042764	1.91447	0.085528	0.8863251
9472	0	-16.01471	-15.61822	-0.3964868	0.300175	0.96239	0.0376097	1.92478	0.0752194	0.9910619
9473	1	-17.42027	-17.15823	-0.2620324	0.368046	0.980422	0.0195783	1.96084	0.0391566	0.8663791
9474	0	-15.28644	-14.91163	-0.3748104	0.19641	0.975494	0.0245063	1.95099	0.0490126	0.9698104
9475	1	-15.389	-14.99108	-0.3979184	0.290622	0.970303	0.0296971	1.94061	0.0593943	0.9924817
9476	0	-15.33541	-14.93289	-0.4025223	0.292657	0.970576	0.0294238	1.94115	0.0588476	0.9970615
9477	1	-15.93452	-15.58932	-0.3452081	0.330858	0.973402	0.0265977	1.9468	0.0531955	0.9415225
9478	0	-15.5825	-15.19932	-0.3831734	0.278832	0.968911	0.0310885	1.93782	0.0621771	0.9779549
9479	1	-16.49739	-16.09876	-0.3986284	-0.0330888	0.964856	0.0351444	1.92971	0.0702888	0.9931866
9480	0	-18.62057	-18.25991	-0.3606555	0.0920107	0.930736	0.0692637	1.86147	0.138527	0.9561795
9481	1	-18.71342	-18.50107	-0.212349	-0.00733348	0.980194	0.0198062	1.96039	0.0396123	0.8243862
9482	0	-18.57864	-18.31126	-0.2673765	0.446849	0.96338	0.0366198	1.92676	0.0732395	0.8710215
9483	1	-16.7749	-16.43594	-0.3389625	0.199548	0.956577	0.0434227	1.91315	0.0868454	0.9356605
9484	0	-19.07345	-18.85171	-0.2217342	0.0917995	0.942626	0.0573738	1.88525	0.114748	0.8321597
9485	1	-16.32716	-15.97563	-0.35153	0.0730548	0.964697	0.0353028	1.92939	0.0706055	0.9474936
9486	0	-17.37121	-17.08671	-0.2844923	0.40969	0.971844	0.0281561	1.94369	0.0563122	0.886058
9487	1	-15.55663	-15.16813	-0.3885001	0.128901	0.968818	0.0311822	1.93764	0.0623643	0.9831781
9488	0	-18.9146	-18.66818	-0.2464195	-0.117733	0.968801	0.0311987	1.9376	0.0623973	0.8529575
9489	1	-16.93825	-16.59898	-0.3392652	0.133186	0.954953	0.0450473	1.90991	0.0900947	0.9359437
9490	0	-17.74018	-17.34564	-0.3945381	0.152495	0.938379	0.0616211	1.87676	0.123242	0.9891325
9491	1	-16.67494	-16.27655	-0.3983908	-0.0750656	0.968197	0.0318029	1.93639	0.0636058	0.9929506
9492	0	-17.83052	-17.52349	-0.3070233	-0.096264	0.970867	0.0291333	1.94173	0.0582666	0.9062484
9493	1	-16.25656	-15.93556	-0.3209972	0.0800535	0.97774	0.0222598	1.95548	0.0445197	0.9190011
9494	0	-17.60245	-17.20124	-0.4012087	-0.0730329	0.951883	0.0481167	1.90377	0.0962334	0.9957526
9495	1	-15.62749	-15.24492	-0.3825691	0.36583	0.978339	0.0216609	1.95668	0.0433218	0.9773641
9496	0	-16.11048	-15.72732	-0.3831642	0.175978	0.960342	0.0396583	1.92068	0.0793167	0.9779459
9497	1	-17.78188	-17.4153	-0.3665843	0.146459	0.940632	0.0593683	1.88126	0.118737	0.9618653
9498	0	-15.44305	-15.05339	-0.3896588	0.218779	0.9688	0.0311998	1.9376	0.0623996	0.984318
9499	1	-16.37684	-15.98349	-0.3933491	-0.00632108	0.982613	0.0173873	1.96523	0.0347747	0.9879571
9500	0	-17.5464	-17.14802	-0.3983838	0.0733266	0.942399	0.0576009	1.8848	0.115202	0.9929438
9501	1	-16.07272	-15.74006	-0.3326557	0.104502	0.979463	0.0205368	1.95893	0.0410735	0.929778
9502	0	-18.76237	-18.37872	-0.3836472	-0.149131	0.94676	0.0532396	1.89352	0.106479	0.9784184
9503	1	-16.6726	-16.30335	-0.3692541	0.455242	0.977857	0.0221433	1.95571	0.0442867	0.9644368
9504	0	-16.90675	-16.50874	-0.398011	0.348469	0.954406	0.0455942	1.90881	0.0911885	0.9925736
9505	1	-16.76278	-16.46775	-0.2950333	0.046775	0.977143	0.0228572	1.95429	0.0457144	0.8954474
9506	0	-15.36224	-14.99086	-0.3713833	0.260687	0.97947	0.0205297	1.95894	0.0410593	0.9664924
9507	1	-16.62601	-16.33097	-0.2950333	0.29829	0.967913	0.0320866	1.93583	0.0641732	0.8954474
9508	0	-16.62009	-16.23965	-0.3804415	-0.0537207	0.969271	0.0307287	1.93854	0.0614575	0.9752868
9509	1	-19.39349	-19.08729	-0.3061956	-0.203932	0.973181	0.0268191	1.94636	0.0536381	0.9054986
9510	0	-16.79241	-16.48384	-0.3085723	0.393139	0.977592	0.0224082	1.95518	0.0448164	0.9076533
9511	1	-17.81684	-17.52091	-0.2959343	0.30557	0.986447	0.0135533	1.97289	0.0271065	0.8962546
9512	0	-17.33916	-16.97143	-0.3677337	0.185116	0.946185	0.0538147	1.89237	0.107629	0.9629716
9513	1	-15.49409	-15.09258	-0.4015095	0.0507785	0.976044	0.0239564	1.95209	0.0479128	0.9960522
9514	0	-18.14127	-17.81188	-0.3293883	-0.00842751	0.946702	0.0532984	1.8934	0.106597	0.926745
9515	1	-16.90338	-16.51401	-0.389371	0.0569915	0.98666	0.0133398	1.97332	0.0266795	0.9840347
9516	0	-15.97975	-15.57917	-0.4005785	0.134311	0.985704	0.0142957	1.97141	0.0285914	0.9951254
9517	1	-17.27648	-16.88081	-0.3956629	0.213329	0.989	0.0110004	1.978	0.0220007	0.9902457
9518	0	-15.35184	-14.96087	-0.3909645	0.24152	0.982769	0.0172309	1.96554	0.0344617	0.985604
9519	1	-15.56114	-15.17636	-0.3847761	0.340531	0.97324	0.0267599	1.94648	0.0535198	0.9795235
9520	0	-16.3838	-15.98187	-0.4019294	0.449801	0.982131	0.017869	1.96426	0.035738	0.9964706
9521	1	-15.81487	-15.44669	-0.3681816	0.246614	0.966537	0.0334632	1.93307	0.0669263	0.963403
9522	0	-17.92091	-17.54623	-0.3746786	0.00886921	0.943076	0.0569245	1.88615	0.113849	0.9696826
9523	1	-16.26089	-15.94261	-0.3182854	0.312607	0.970897	0.0291031	1.94179	0.0582062	0.9165124
9524	0	-19.28197	-18.87754	-0.4044264	0.591035	0.981628	0.0183719	1.96326	0.0367437	0.9989619
9525	1	-15.78886	-15.41549	-0.3733677	0.135976	0.966918	0.0330816	1.93384	0.0661632	0.9684122
9526	0	-20.81772	-20.42128	-0.3964383	0.065185	0.89309	0.10691	1.78618	0.21382	0.9910138
9527	1	-15.38821	-15.01628	-0.3719297	0.289783	0.978	0.0219999	1.956	0.0439997	0.9670207
9528	0	-15.09293	-14.69051	-0.4024241	0.265372	0.973949	0.026051	1.9479	0.0521019	0.9969636
9529	1	-16.91894	-16.54087	-0.3780706	0.416846	0.962875	0.0371254	1.92575	0.0742508	0.9729773
9530	0	-16.07445	-15.68686	-0.3875943	0.404657	0.971519	0.0284809	1.94304	0.0569619	0.9822879
9531	1	-16.50615	-16.16168	-0.3444692	0.132027	0.960262	0.0397377	1.92052	0.0794754	0.9408271
9532	0	-16.60082	-16.21417	-0.3866561	0.183826	0.953674	0.0463258	1.90735	0.0926516	0.9813667
9533	1	-17.1285	-16.79265	-0.3358474	0.406325	0.964708	0.0352919	1.92942	0.0705838	0.9327504
9534	0	-15.59051	-15.20385	-0.3866561	0.114223	0.969251	0.0307485	1.9385	0.061497	0.9813667
9535	1	-15.87197	-15.47355	-0.3984196	-5.30121e-05	0.974446	0.0255542	1.94889	0.0511083	0.9929793
9536	0	-17.72996	-17.44878	-0.2811855	-0.0539288	0.969573	0.0304274	1.93915	0.0608547	0.8831329
9537	1	-16.91526	-16.60174	-0.313526	0.409027	0.973553	0.0264468	1.94711	0.0528936	0.9121607
9538	0	-17.07873	-16.71888	-0.3598478	0.432074	0.984011	0.0159895	1.96802	0.031979	0.9554075
9539	1	-17.72521	-17.40063	-0.3245728	0.062028	0.948552	0.0514477	1.8971	0.102895	0.922293
9540	0	-18.63065	-18.3251	-0.3055538	-0.0279532	0.944515	0.0554848	1.88903	0.11097	0.9049177
9541	1	-18.47989	-18.31466	-0.1652276	0.284726	0.980067	0.0199327	1.96013	0.0398654	0.786441
9542	0	-17.1971	-16.81015	-0.3869442	0.437406	0.961091	0.0389089	1.92218	0.0778178	0.9816496
9543	1	-18.28919	-18.13372	-0.1554758	0.123545	0.968566	0.0314341	1.93713	0.0628682	0.7788091
9544	0	-17.86496	-17.49634	-0.3686239	0.460161	0.985941	0.0140588	1.97188	0.0281175	0.9638292
9545	1	-15.69159	-15.32835	-0.3632356	0.118678	0.9714	0.0286001	1.9428	0.0572002	0.9586497
9546	0	-15.46675	-15.07465	-0.3920918	0.0874479	0.97302	0.0269797	1.94604	0.0539595	0.9867157
9547	1	-16.61379	-16.30686	-0.3069293	0.277781	0.96486	0.0351399	1.92972	0.0702797	0.9061632
9548	0	-16.37338	-16.04373	-0.3296481	0.376995	0.975113	0.0248869	1.95023	0.0497739	0.9269858
9549	1	-18.82686	-18.61045	-0.2164103	0.103485	0.946586	0.0534145	1.89317	0.106829	0.8277411
9550	0	-17.07502	-16.69321	-0.3818143	0.40596	0.959309	0.0406915	1.91862	0.0813829	0.9766267
9551	1	-16.20111	-15.90576	-0.2953433	0.242742	0.974785	0.0252152	1.94957	0.0504304	0.895725
9552	0	-15.43313	-15.05894	-0.3741929	0.125202	0.976277	0.0237226	1.95255	0.0474452	0.9692117
9553	1	-15.47727	-15.08066	-0.3966181	0.0705306	0.9791	0.0208998	1.9582	0.0417997	0.991192
9554	0	-15.43551	-15.05039	-0.3851247	0.313884	0.973203	0.0267975	1.94641	0.0535949	0.979865
9555	1	-15.6446	-15.28267	-0.3619291	0.111545	0.973905	0.0260945	1.94781	0.052189	0.957398
9556	0	-16.58506	-16.24487	-0.3401883	0.360805	0.983514	0.0164857	1.96703	0.0329714	0.9368081
9557	1	-17.17456	-16.7954	-0.3791602	0.271879	0.948924	0.051076	1.89785	0.102152	0.974038
9558	0	-15.28247	-14.89793	-0.3845382	0.283798	0.980149	0.0198509	1.9603	0.0397018	0.9792905
9559	1	-15.7895	-15.43604	-0.3534511	0.33207	0.978784	0.0212155	1.95757	0.042431	0.9493156
9560	0	-16.80663	-16.49732	-0.309304	0.0367288	0.966935	0.0330654	1.93387	0.0661308	0.9083176
9561	1	-17.31637	-17.03806	-0.2783051	0.329508	0.962807	0.037193	1.92561	0.0743861	0.8805928
9562	0	-21.02273	-20.65468	-0.3680592	-0.264035	0.935796	0.0642037	1.87159	0.128407	0.963285
9563	1	-21.32417	-21.0552	-0.2689752	-0.216551	0.981798	0.0182018	1.9636	0.0364035	0.8724152
9564	0	-16.35133	-15.94936	-0.4019626	0.289322	0.957291	0.0427094	1.91458	0.0854188	0.9965036
9565	1	-16.52782	-16.19292	-0.3348951	0.150868	0.984454	0.0155462	1.96891	0.0310924	0.9318625
9566	0	-15.43378	-15.05564	-0.3781479	0.12693	0.973738	0.0262622	1.94748	0.0525244	0.9730525
9567	1	-16.78463	-16.53279	-0.2518419	0.211293	0.977615	0.0223854	1.95523	0.0447708	0.8575951
9568	0	-18.36611	-17.97473	-0.3913771	0.511815	0.959578	0.0404221	1.91916	0.0808443	0.9860108
9569	1	-16.65489	-16.34528	-0.3096176	0.028277	0.974075	0.0259249	1.94815	0.0518499	0.9086025
9570	0	-15.12995	-14.73652	-0.3934371	0.244669	0.974513	0.0254869	1.94903	0.0509738	0.9880441
9571	1	-16.88742	-16.57836	-0.3090607	0.100991	0.960712	0.0392875	1.92142	0.078575	0.9080967
9572	0	-15.3052	-14.9203	-0.3849019	0.285544	0.980595	0.0194045	1.96119	0.038809	0.9796468
9573	1	-16.85803	-16.45394	-0.4040951	0.466435	0.967385	0.0326146	1.93477	0.0652293	0.998631
9574	0	-16.21416	-15.85999	-0.3541689	0.197966	0.962201	0.0377988	1.9244	0.0755975	0.9499972
9575	1	-15.0563	-14.6522	-0.4040951	0.18189	0.980629	0.0193705	1.96126	0.0387411	0.998631
9576	0	-17.10624	-16.78866	-0.3175755	-0.00591538	0.964538	0.0354617	1.92908	0.0709235	0.915862
9577	1	-16.5658	-16.21113	-0.3546676	0.384714	0.966842	0.0331578	1.93368	0.0663155	0.9504711
9578	0	-17.92496	-17.60038	-0.3245879	0.109544	0.943986	0.0560143	1.88797	0.112029	0.9223069
9579	1	-16.60528	-16.21595	-0.3893309	0.173101	0.953391	0.0466087	1.90678	0.0932174	0.9839952
9580	0	-18.06723	-17.68903	-0.3781992	0.153096	0.935581	0.0644192	1.87116	0.128838	0.9731024
9581	1	-16.00708	-15.69506	-0.3120152	0.225898	0.973714	0.0262857	1.94743	0.0525714	0.9107836
9582	0	-16.86367	-16.52202	-0.3416546	0.0918623	0.957038	0.0429623	1.91408	0.0859246	0.9381827
9583	1	-16.23545	-15.89156	-0.3438909	0.0767365	0.981358	0.0186424	1.96272	0.0372848	0.9402832
9584	0	-15.57044	-15.203	-0.3674396	0.214167	0.982112	0.0178875	1.96422	0.035775	0.9626884
9585	1	-15.18507	-14.80163	-0.3834379	0.247291	0.978517	0.0214825	1.95703	0.0429651	0.9782137
9586	0	-15.42296	-15.06161	-0.3613474	0.195057	0.975891	0.0241088	1.95178	0.0482176	0.9568413
9587	1	-15.92734	-15.5367	-0.3906338	0.402379	0.973306	0.0266937	1.94661	0.0533875	0.9852781
9588	0	-15.52624	-15.14092	-0.3853233	0.226488	0.968173	0.0318267	1.93635	0.0636533	0.9800597
9589	1	-17.34149	-16.94262	-0.3988658	0.285143	0.989073	0.0109266	1.97815	0.0218532	0.9934225
9590	0	-15.91148	-15.57558	-0.3358998	0.159372	0.970365	0.0296354	1.94073	0.0592708	0.9327992
9591	1	-16.79109	-16.41257	-0.3785184	0.228294	0.952469	0.047531	1.90494	0.095062	0.9734131
9592	0	-15.78551	-15.40027	-0.3852383	0.0456712	0.971638	0.0283616	1.94328	0.0567233	0.9799764
9593	1	-16.26302	-15.8845	-0.3785184	0.286958	0.960674	0.0393262	1.92135	0.0786525	0.9734131
9594	0	-16.7305	-16.45808	-0.2724199	0.304948	0.978576	0.0214241	1.95715	0.0428482	0.8754255
9595	1	-17.00821	-16.63368	-0.3745291	0.365226	0.956984	0.0430158	1.91397	0.0860316	0.9695377
9596	0	-18.09677	-17.81516	-0.2816095	0.299515	0.950157	0.0498429	1.90031	0.0996857	0.8835074
9597	1	-18.56902	-18.22581	-0.3432165	0.00883808	0.937464	0.062536	1.87493	0.125072	0.9396493
9598	0	-17.1991	-16.89708	-0.3020148	0.096562	0.957325	0.0426745	1.91465	0.085349	0.9017208
9599	1	-15.4268	-15.0495	-0.3772925	0.303736	0.980132	0.0198683	1.96026	0.0397365	0.9722206
9600	0	-16.39724	-16.04266	-0.3545728	0.281426	0.961488	0.0385118	1.92298	0.0770235	0.950381
9601	1	-19.28838	-18.93005	-0.3583302	-0.159952	0.943975	0.0560254	1.88795	0.112051	0.9539587
9602	0	-16.13721	-15.78333	-0.3538801	0.078066	0.981704	0.0182959	1.96341	0.0365918	0.9497229
9603	1	-17.08693	-16.73246	-0.3544791	-0.0677056	0.978719	0.0212806	1.95744	0.0425611	0.950292
9604	0	-20.10702	-19.73767	-0.3693505	0.00672231	0.911034	0.088966	1.82207	0.177932	0.9645297
9605	1	-15.12378	-14.72885	-0.3949307	0.160191	0.976262	0.0237381	1.95252	0.0474762	0.9895209
9606	0	-16.02266	-15.62259	-0.4000656	0.0410753	0.965013	0.0349869	1.93003	0.0699738	0.9946151
9607	1	-16.87709	-16.47773	-0.3993666	-0.0676825	0.962803	0.0371968	1.92561	0.0743936	0.99392
9608	0	-16.38495	-16.06413	-0.3208195	0.351071	0.9722	0.0277998	1.9444	0.0555996	0.9188379
9609	1	-17.91194	-17.52767	-0.3842646	0.380586	0.946784	0.0532162	1.89357	0.106432	0.9790227
9610	0	-18.32078	-17.97465	-0.3461332	0.0285867	0.939416	0.0605845	1.87883	0.121169	0.942394
9611	1	-15.44389	-15.04168	-0.4022078	0.0591981	0.975604	0.0243962	1.95121	0.0487924	0.996748
9612	0	-16.0364	-15.72471	-0.3116974	0.172053	0.977622	0.0223778	1.95524	0.0447556	0.9104943
9613	1	-20.42683	-20.14367	-0.2831636	-0.129736	0.932936	0.0670642	1.86587	0.134128	0.8848816
9614	0	-16.09241	-15.75208	-0.340324	0.189696	0.96583	0.0341701	1.93166	0.0683402	0.9369352
9615	1	-16.67111	-16.37328	-0.2978294	0.24006	0.983087	0.0169133	1.96617	0.0338265	0.8979547
9616	0	-15.95846	-15.60008	-0.3583818	0.0941069	0.968566	0.0314339	1.93713	0.0628678	0.9540079
9617	1	-17.36903	-17.03659	-0.3324343	0.114634	0.950436	0.0495643	1.90087	0.0991287	0.9295722
9618	0	-18.25391	-17.8729	-0.381002	0.00490074	0.988222	0.0117778	1.97644	0.0235555	0.9758336
9619	1	-16.08677	-15.74716	-0.3396128	0.0674094	0.973357	0.026643	1.94671	0.053286	0.9362691
9620	0	-15.4147	-15.03817	-0.3765287	0.261559	0.972267	0.0277326	1.94453	0.0554651	0.9714782
9621	1	-17.43251	-17.05638	-0.3761331	0.0408579	0.94775	0.0522499	1.8955	0.1045	0.971094
9622	0	-15.55734	-15.15434	-0.4030007	0.278475	0.966692	0.033308	1.93338	0.066616	0.9975386
9623	1	-16.00626	-15.65912	-0.3471466	0.0882674	0.970369	0.0296314	1.94074	0.0592628	0.9433494
9624	0	-16.38799	-16.07805	-0.3099333	0.300617	0.969284	0.0307161	1.93857	0.0614322	0.9088895
9625	1	-15.98343	-15.64842	-0.3350054	0.143757	0.980746	0.019254	1.96149	0.0385079	0.9319653
9626	0	-15.95298	-15.55951	-0.3934673	0.324214	0.964759	0.0352406	1.92952	0.0704813	0.9880739
9627	1	-15.72439	-15.32811	-0.3962825	0.384294	0.973165	0.0268348	1.94633	0.0536696	0.9908594
9628	0	-17.81902	-17.46865	-0.3503739	0.106768	0.942562	0.0574378	1.88512	0.114876	0.9463989
9629	1	-16.66171	-16.26641	-0.3952946	0.200889	0.987864	0.0121361	1.97573	0.0242721	0.989881
9630	0	-18.09649	-17.89002	-0.2064755	0.103557	0.981162	0.0188381	1.96232	0.0376762	0.8195584
9631	1	-18.56186	-18.20424	-0.3576179	-0.18108	0.96148	0.03852	1.92296	0.0770399	0.9532794
9632	0	-16.39178	-16.06448	-0.3272996	0.370879	0.979155	0.0208454	1.95831	0.0416907	0.9248113
9633	1	-17.57342	-17.1743	-0.3991245	-0.0806166	0.953459	0.0465413	1.90692	0.0930826	0.9936795
9634	0	-16.90749	-16.5222	-0.3852887	0.310666	0.953312	0.0466883	1.90662	0.0933766	0.9800257
9635	1	-15.04132	-14.64219	-0.3991245	0.217911	0.975163	0.024837	1.95033	0.0496741	0.9936795
9636	0	-16.78528	-16.38975	-0.3955253	-0.0128131	0.95854	0.0414598	1.91708	0.0829195	0.9901094
9637	1	-15.26363	-14.86451	-0.3991245	0.200361	0.982741	0.0172593	1.96548	0.0345186	0.9936795
9638	0	-16.34043	-15.97985	-0.3605774	0.308774	0.985125	0.0148747	1.97025	0.0297495	0.9561048
9639	1	-15.24283	-14.84082	-0.4020059	0.179113	0.970572	0.0294276	1.94114	0.0588553	0.9965467
9640	0	-15.29309	-14.91738	-0.3757072	0.255534	0.979091	0.0209095	1.95818	0.0418189	0.9706805
9641	1	-18.34951	-18.04764	-0.301873	-0.123183	0.96488	0.0351201	1.92976	0.0702403	0.9015929
9642	0	-16.75316	-16.35585	-0.397308	0.436187	0.984919	0.015081	1.96984	0.0301621	0.9918761
9643	1	-17.59729	-17.29341	-0.3038788	0.195079	0.950048	0.0499517	1.9001	0.0999034	0.9034032
9644	0	-15.75618	-15.39343	-0.3627448	0.227984	0.983118	0.0168821	1.96624	0.0337641	0.9581794
9645	1	-17.41062	-17.06967	-0.3409595	0.321099	0.952668	0.0473316	1.90534	0.0946633	0.9375309
9646	0	-18.54908	-18.15692	-0.392158	0.366084	0.936952	0.0630478	1.8739	0.126096	0.986781
9647	1	-16.4976	-16.13372	-0.3638779	0.0191268	0.964404	0.0355962	1.92881	0.0711924	0.9592657
9648	0	-16.74493	-16.37423	-0.3707006	0.314874	0.957001	0.0429987	1.914	0.0859974	0.9658328
9649	1	-15.53342	-15.13973	-0.3936965	0.256925	0.96751	0.0324905	1.93502	0.0649809	0.9883004
9650	0	-15.29913	-14.89902	-0.4001167	0.190105	0.983008	0.0169919	1.96602	0.0339837	0.9946658
9651	1	-16.89846	-16.65155	-0.2469117	0.235221	0.97833	0.0216701	1.95666	0.0433403	0.8533774
9652	0	-18.85943	-18.59867	-0.2607519	-0.129416	0.970261	0.0297394	1.94052	0.0594788	0.8652704
9653	1	-15.23607	-14.85334	-0.3827285	0.277512	0.978056	0.0219444	1.95611	0.0438889	0.9775199
9654	0	-16.86868	-16.61774	-0.2509412	0.133893	0.975367	0.0246332	1.95073	0.0492664	0.856823
9655	1	-16.62818	-16.34099	-0.2871933	0.323491	0.972269	0.027731	1.94454	0.055462	0.8884545
9656	0	-16.4366	-16.14841	-0.2881815	0.128787	0.972387	0.0276127	1.94477	0.0552254	0.8893329
9657	1	-17.865	-17.55654	-0.3084545	-0.0123951	0.954113	0.0458868	1.90823	0.0917735	0.9075464
9658	0	-20.45657	-20.14011	-0.316463	-0.151389	0.93036	0.0696401	1.86072	0.13928	0.9148436
9659	1	-17.68181	-17.3166	-0.3652119	0.111939	0.942692	0.0573084	1.88538	0.114617	0.9605461
9660	0	-15.97747	-15.65787	-0.3195994	0.28197	0.976034	0.0239663	1.95207	0.0479326	0.9177174
9661	1	-15.57881	-15.21694	-0.3618625	0.305463	0.979107	0.0208932	1.95821	0.0417863	0.9573344
9662	0	-15.50164	-15.14127	-0.3603652	0.272903	0.97503	0.0249704	1.95006	0.0499407	0.9559019
9663	1	-17.55555	-17.1696	-0.3859471	0.220926	0.942047	0.0579526	1.88409	0.115905	0.9806713
9664	0	-15.52194	-15.14865	-0.3732943	0.17578	0.970323	0.0296768	1.94065	0.0593536	0.9683412
9665	1	-17.02258	-16.76448	-0.2581049	0.222481	0.965049	0.0349514	1.9301	0.0699028	0.8629831
9666	0	-18.72673	-18.33713	-0.3895976	-0.0373616	0.933268	0.0667321	1.86654	0.133464	0.9842577
9667	1	-16.70836	-16.38302	-0.3253399	0.14499	0.959566	0.0404338	1.91913	0.0808676	0.9230008
9668	0	-15.95255	-15.5719	-0.3806489	0.386754	0.981516	0.0184842	1.96303	0.0369684	0.9754892
9669	1	-15.87552	-15.4714	-0.4041249	0.156565	0.985799	0.0142006	1.9716	0.0284011	0.9986607
9670	0	-16.075	-15.67776	-0.3972407	0.415146	0.971383	0.0286174	1.94277	0.0572348	0.9918093
9671	1	-15.65571	-15.29564	-0.3600771	0.300173	0.972948	0.0270518	1.9459	0.0541037	0.9556267
9672	0	-16.82102	-16.47311	-0.3479105	0.33844	0.985613	0.0143867	1.97123	0.0287734	0.9440703
9673	1	-15.55837	-15.17252	-0.3858509	0.358111	0.975832	0.0241685	1.95166	0.048337	0.9805769
9674	0	-15.05336	-14.65347	-0.3998895	0.166956	0.976919	0.0230806	1.95384	0.0461613	0.9944399
9675	1	-15.92498	-15.52368	-0.4012941	0.175106	0.960873	0.0391268	1.92175	0.0782537	0.9958377
9676	0	-16.54713	-16.18666	-0.3604733	0.0282717	0.963251	0.0367492	1.9265	0.0734985	0.9560053
9677	1	-17.99832	-17.62349	-0.3748278	-0.0429085	0.946139	0.0538609	1.89228	0.107722	0.9698272
9678	0	-15.6923	-15.35356	-0.3387457	0.231575	0.974405	0.0255952	1.94881	0.0511903	0.9354576
9679	1	-15.99846	-15.60388	-0.3945807	0.366627	0.967159	0.0328408	1.93432	0.0656816	0.9891746
9680	0	-17.10634	-16.83702	-0.2693192	0.358636	0.978765	0.021235	1.95753	0.04247	0.8727153
9681	1	-15.57945	-15.18188	-0.3975667	0.0832726	0.981833	0.0181669	1.96367	0.0363339	0.9921327
9682	0	-17.72845	-17.54258	-0.1858683	0.176048	0.969441	0.0305593	1.93888	0.0611187	0.8028425
9683	1	-17.91635	-17.56461	-0.3517387	0.0969356	0.950424	0.049576	1.90085	0.099152	0.9476913
9684	0	-17.5985	-17.38519	-0.2133116	0.0835734	0.970278	0.0297219	1.94056	0.0594438	0.8251802
9685	1	-15.60426	-15.25607	-0.3481875	0.17279	0.975057	0.0249433	1.95011	0.0498867	0.9443319
9686	0	-18.85461	-18.74339	-0.1112233	0.167373	0.969196	0.030804	1.93839	0.061608	0.7450963
9687	1	-17.09051	-16.86289	-0.227619	0.17574	0.972612	0.0273882	1.94522	0.0547764	0.8370713
9688	0	-18.00501	-17.81552	-0.1894918	0.0667417	0.973167	0.0268334	1.94633	0.0536669	0.8057568
9689	1	-16.23065	-15.83465	-0.3960062	0.238481	0.957841	0.0421591	1.91568	0.0843181	0.9905857
9690	0	-18.5342	-18.31989	-0.2143057	0.328347	0.956799	0.0432011	1.9136	0.0864023	0.8260009
9691	1	-16.68435	-16.42202	-0.262328	0.14595	0.973565	0.0264351	1.94713	0.0528701	0.8666353
9692	0	-18.29894	-18.14169	-0.1572447	0.17234	0.965047	0.0349534	1.93009	0.0699068	0.780188
9693	1	-15.23856	-14.84076	-0.3978013	0.209112	0.970976	0.0290236	1.94195	0.0580472	0.9923655
9694	0	-19.88069	-19.75571	-0.124974	0.142834	0.946799	0.0532009	1.8936	0.106402	0.7554126
9695	1	-16.5676	-16.20469	-0.3629117	0.346497	0.980208	0.0197918	1.96042	0.0395836	0.9583393
9696	0	-18.99413	-18.87963	-0.1144939	0.290245	0.973518	0.0264822	1.94704	0.0529645	0.7475372
9697	1	-16.45933	-16.16529	-0.2940412	0.109478	0.971391	0.0286087	1.94278	0.0572173	0.8945594
9698	0	-17.80115	-17.59684	-0.204316	0.106486	0.978559	0.0214407	1.95712	0.0428814	0.8177904
9699	1	-19.69453	-19.37316	-0.321376	-0.192296	0.950193	0.049807	1.90039	0.099614	0.9193493
9700	0	-16.97003	-16.72924	-0.2407975	0.258759	0.972315	0.0276848	1.94463	0.0553697	0.8481756
9701	1	-15.50035	-15.11249	-0.3878569	0.0820335	0.97407	0.02593	1.94814	0.0518599	0.982546
9702	0	-19.3979	-19.27404	-0.1238605	0.0343046	0.975971	0.0240293	1.95194	0.0480587	0.754572
9703	1	-15.97714	-15.62043	-0.356709	0.103568	0.967887	0.032113	1.93577	0.064226	0.9524134
9704	0	-17.3371	-17.04044	-0.2966586	-0.00190604	0.963858	0.0361423	1.92772	0.0722846	0.8969039
9705	1	-15.53209	-15.17679	-0.3553015	0.269808	0.978112	0.0218877	1.95622	0.0437755	0.9510738
9706	0	-24.47153	-24.10055	-0.3709739	0.257786	0.834854	0.165146	1.66971	0.330292	0.9660969
9707	1	-15.713	-15.31295	-0.4000482	0.0190722	0.975185	0.0248149	1.95037	0.0496298	0.9945977
9708	0	-15.72573	-15.37785	-0.3478811	0.232128	0.97099	0.0290097	1.94198	0.0580194	0.9440425
9709	1	-18.11226	-17.72088	-0.3913829	0.410252	0.946821	0.0531792	1.89364	0.106358	0.9860165
9710	0	-15.33341	-14.94674	-0.3866677	0.164479	0.971912	0.0280877	1.94382	0.0561754	0.9813782
9711	1	-16.46449	-16.14045	-0.3240346	0.0445819	0.970299	0.0297011	1.9406	0.0594023	0.9217967
9712	0	-19.42302	-19.03376	-0.3892551	0.441792	0.935844	0.064156	1.87169	0.128312	0.9839206
9713	1	-16.64364	-16.31056	-0.3330794	0.276294	0.960736	0.0392635	1.92147	0.078527	0.9301721
9714	0	-17.55336	-17.14986	-0.4034975	0.266884	0.941745	0.0582545	1.88349	0.116509	0.9980343
9715	1	-17.83139	-17.5145	-0.3168869	0.428697	0.961679	0.0383212	1.92336	0.0766424	0.9152316
9716	0	-17.98862	-17.60634	-0.3822744	0.0838062	0.93757	0.0624305	1.87514	0.124861	0.9770761
9717	1	-16.11711	-15.74646	-0.3706445	0.0569834	0.966458	0.033542	1.93292	0.0670841	0.9657787
9718	0	-17.01555	-16.63364	-0.3819114	-0.0556854	0.982526	0.0174745	1.96505	0.0349489	0.9767215
9719	1	-15.63974	-15.28836	-0.3513801	0.295684	0.976829	0.0231707	1.95366	0.0463415	0.9473515
9720	0	-18.3023	-17.95545	-0.346856	0.263918	0.937873	0.0621272	1.87575	0.124254	0.9430754
9721	1	-15.25666	-14.85427	-0.402383	0.298567	0.982249	0.0177511	1.9645	0.0355021	0.9969226
9722	0	-17.65827	-17.38214	-0.2761316	0.0626213	0.956196	0.0438039	1.91239	0.0876079	0.8786809
9723	1	-16.52447	-16.16721	-0.3572526	0.00678269	0.980998	0.0190022	1.962	0.0380043	0.9529313
9724	0	-16.15274	-15.85318	-0.2995638	0.201735	0.977659	0.0223406	1.95532	0.0446813	0.8995134
9725	1	-19.27682	-19.01508	-0.2617386	0.036314	0.936314	0.0636865	1.87263	0.127373	0.8661246
9726	0	-15.7362	-15.36667	-0.3695286	0.172562	0.983139	0.0168606	1.96628	0.0337212	0.9647016
9727	1	-16.55888	-16.25925	-0.299635	0.0728166	0.977554	0.0224457	1.95511	0.0448914	0.8995775
9728	0	-16.41618	-16.06638	-0.3498018	0.225315	0.960243	0.0397571	1.92049	0.0795143	0.9458576
9729	1	-21.66787	-21.28275	-0.3851263	-0.196055	0.906807	0.0931933	1.81361	0.186387	0.9798666
9730	0	-18.51905	-18.24847	-0.2705787	0.197452	0.942209	0.0577909	1.88442	0.115582	0.8738152
9731	1	-17.64902	-17.36788	-0.2811369	0.27728	0.95462	0.0453802	1.90924	0.0907603	0.8830899
9732	0	-18.37711	-18.19107	-0.18604	0.244221	0.958371	0.0416293	1.91674	0.0832586	0.8029803
9733	1	-16.39902	-16.05206	-0.3469622	0.251919	0.961369	0.0386305	1.92274	0.077261	0.9431755
9734	0	-18.78639	-18.63722	-0.1491645	0.267366	0.960995	0.0390054	1.92199	0.0780107	0.7739093
9735	1	-15.94906	-15.56206	-0.3870045	0.400694	0.973389	0.0266107	1.94678	0.0532214	0.9817088
9736	0	-20.05419	-19.95864	-0.09555467	0.25033	0.952643	0.0473565	1.90529	0.094713	0.7335126
9737	1	-17.20692	-16.8669	-0.3400186	0.344094	0.956881	0.043119	1.91376	0.086238	0.9366492
9738	0	-19.87444	-19.78148	-0.09296842	0.014818	0.968401	0.0315989	1.9368	0.0631979	0.7316181
9739	1	-15.93773	-15.57283	-0.3649043	0.379297	0.976405	0.0235953	1.95281	0.0471906	0.9602508
9740	0	-18.71761	-18.48969	-0.2279259	0.132093	0.945591	0.0544088	1.89118	0.108818	0.8373281
9741	1	-17.03653	-16.78486	-0.2516673	0.152027	0.96653	0.0334698	1.93306	0.0669396	0.8574454
9742	0	-17.32273	-17.03341	-0.2893242	0.106417	0.956946	0.0430536	1.91389	0.0861071	0.8903498
9743	1	-16.98648	-16.74067	-0.2458112	0.236331	0.968823	0.0311773	1.93765	0.0623546	0.8524387
9744	0	-18.0057	-17.73368	-0.2720169	0.372883	0.958945	0.0410552	1.91789	0.0821104	0.8750728
9745	1	-17.57082	-17.18677	-0.3840554	0.2896	0.944374	0.0556263	1.88875	0.111253	0.9788179
9746	0	-17.32955	-17.06178	-0.2677712	0.142436	0.958973	0.0410274	1.91795	0.0820547	0.8713653
9747	1	-18.95339	-18.57459	-0.3787952	-0.023125	0.92995	0.0700497	1.8599	0.140099	0.9736826
9748	0	-16.35354	-16.05954	-0.2939935	0.192057	0.979981	0.0200193	1.95996	0.0400385	0.8945168
9749	1	-15.05015	-14.6467	-0.4034542	0.289976	0.976909	0.0230911	1.95382	0.0461821	0.9979911
9750	0	-17.39352	-17.00711	-0.3864066	0.00361946	0.949562	0.0504385	1.89912	0.100877	0.9811219
9751	1	-15.59958	-15.21412	-0.3854614	0.123215	0.968809	0.0311915	1.93762	0.0623829	0.980195
9752	0	-16.12663	-15.75743	-0.3691933	0.247619	0.962183	0.0378167	1.92437	0.0756334	0.9643782
9753	1	-15.55543	-15.19662	-0.3588114	0.200038	0.980607	0.0193931	1.96121	0.0387862	0.9544178
9754	0	-18.5287	-18.14641	-0.3822927	-0.0596476	0.939093	0.0609073	1.87819	0.121815	0.977094
9755	1	-16.96633	-16.56338	-0.4029545	0.457485	0.984979	0.0150211	1.96996	0.0300422	0.9974925
9756	0	-15.44216	-15.04905	-0.3931137	0.355027	0.978884	0.0211155	1.95777	0.042231	0.9877245
9757	1	-15.5482	-15.15978	-0.3884264	0.239115	0.983911	0.0160894	1.96782	0.0321788	0.9831057
9758	0	-15.48323	-15.11373	-0.3694968	0.176513	0.98091	0.0190904	1.96182	0.0381808	0.9646709
9759	1	-15.11869	-14.7185	-0.4001823	0.283081	0.980548	0.0194523	1.9611	0.0389046	0.9947311
9760	0	-15.09168	-14.70069	-0.3909842	0.220707	0.978476	0.0215241	1.95695	0.0430482	0.9856235
9761	1	-15.30456	-14.90937	-0.3951877	0.101365	0.97661	0.02339	1.95322	0.0467799	0.9897752
9762	0	-15.80905	-15.43812	-0.3709381	0.333022	0.982365	0.0176348	1.96473	0.0352696	0.9660622
9763	1	-17.33496	-16.93973	-0.3952259	0.464755	0.962427	0.0375735	1.92485	0.075147	0.9898131
9764	0	-16.43233	-16.09631	-0.3360188	0.37514	0.971072	0.0289275	1.94214	0.057855	0.9329103
9765	1	-15.42537	-15.03373	-0.3916438	0.0951143	0.979571	0.0204285	1.95914	0.0408571	0.9862738
9766	0	-17.98063	-17.73598	-0.2446447	0.344698	0.983332	0.0166677	1.96666	0.0333354	0.851445
9767	1	-17.42492	-17.05144	-0.3734754	-0.0569861	0.956304	0.0436959	1.91261	0.0873918	0.9685166
9768	0	-17.00302	-16.69339	-0.3096334	0.221971	0.985284	0.0147161	1.97057	0.0294323	0.908617
9769	1	-15.87892	-15.55369	-0.3252301	0.233836	0.973166	0.0268338	1.94633	0.0536676	0.9228994
9770	0	-15.45185	-15.05695	-0.3948963	0.341899	0.98133	0.0186697	1.96266	0.0373394	0.9894869
9771	1	-16.31172	-15.92799	-0.3837329	0.249907	0.958315	0.0416846	1.91663	0.0833692	0.9785023
9772	0	-15.105	-14.70689	-0.3981131	0.253509	0.974227	0.0257729	1.94845	0.0515459	0.992675
9773	1	-15.90328	-15.50334	-0.399937	0.422311	0.976467	0.0235334	1.95293	0.0470667	0.9944871
9774	0	-19.25892	-18.87774	-0.3811799	0.423782	0.936165	0.0638351	1.87233	0.12767	0.9760073
9775	1	-17.99543	-17.60372	-0.3917087	0.519746	0.965649	0.0343511	1.9313	0.0687022	0.9863377
9776	0	-15.67358	-15.27074	-0.4028411	0.0200033	0.976499	0.023501	1.953	0.0470021	0.9973795
9777	1	-17.02014	-16.64907	-0.3710704	0.00718147	0.956386	0.0436136	1.91277	0.0872272	0.9661901
9778	0	-16.43483	-16.07246	-0.3623752	0.163918	0.958474	0.041526	1.91695	0.0830519	0.9578252
9779	1	-19.80452	-19.55819	-0.2463284	0.178145	0.927729	0.0722708	1.85546	0.144542	0.8528798
9780	0	-18.70773	-18.375	-0.3327262	0.0743403	0.933267	0.0667331	1.86653	0.133466	0.9298436
9781	1	-19.6594	-19.58952	-0.06987525	0.127335	0.97294	0.0270599	1.94588	0.0541197	0.7149163
9782	0	-15.70153	-15.31755	-0.3839827	0.262535	0.966509	0.033491	1.93302	0.066982	0.9787467
9783	1	-19.32898	-19.22075	-0.1082282	0.216553	0.959423	0.0405767	1.91885	0.0811534	0.742868
9784	0	-15.24721	-14.85338	-0.3938302	0.228482	0.982161	0.0178386	1.96432	0.0356773	0.9884325
9785	1	-19.3467	-19.16664	-0.1800593	0.090338	0.945708	0.0542924	1.89142	0.108585	0.7981922
9786	0	-15.44377	-15.07285	-0.3709183	0.292211	0.979616	0.0203841	1.95923	0.0407682	0.9660431
9787	1	-16.12465	-15.79031	-0.334342	0.0788342	0.971894	0.0281056	1.94379	0.0562113	0.9313472
9788	0	-15.4409	-15.07405	-0.3668524	0.206284	0.972893	0.0271069	1.94579	0.0542139	0.9621232
9789	1	-17.24173	-16.94902	-0.2927098	0.231563	0.956698	0.0433023	1.9134	0.0866045	0.8933693
9790	0	-16.19059	-15.83271	-0.3578815	0.374341	0.981813	0.0181875	1.96363	0.0363749	0.9535307
9791	1	-16.64437	-16.27546	-0.3689146	0.0530221	0.958823	0.0411768	1.91765	0.0823537	0.9641094
9792	0	-15.84678	-15.45908	-0.3876989	0.402005	0.977124	0.0228762	1.95425	0.0457524	0.9823906
9793	1	-17.37547	-17.01598	-0.3594887	-0.0409812	0.957194	0.0428063	1.91439	0.0856126	0.9550645
9794	0	-16.30189	-16.01065	-0.2912436	0.262824	0.973897	0.0261032	1.94779	0.0522064	0.8920603
9795	1	-19.31756	-19.04687	-0.2706881	0.17346	0.931074	0.0689259	1.86215	0.137852	0.8739107
9796	0	-18.31016	-17.91268	-0.397481	0.198732	0.930636	0.0693637	1.86127	0.138727	0.9920477
9797	1	-17.33601	-16.97291	-0.3631039	0.0775248	0.987082	0.0129181	1.97416	0.0258362	0.9585235
9798	0	-15.83428	-15.49532	-0.3389633	0.235261	0.970716	0.0292843	1.94143	0.0585686	0.9356612
9799	1	-16.17799	-15.83351	-0.3444781	0.0399944	0.976277	0.0237225	1.95255	0.0474451	0.9408354
9800	0	-18.87412	-18.56196	-0.3121579	-0.0681191	0.944171	0.0558291	1.88834	0.111658	0.9109137
9801	1	-15.26303	-14.8737	-0.3893264	0.181685	0.972372	0.0276278	1.94474	0.0552556	0.9839908
9802	0	-18.13079	-17.94712	-0.1836649	0.176017	0.980611	0.0193885	1.96122	0.038777	0.8010754
9803	1	-16.38265	-16.07331	-0.3093454	0.0746468	0.973975	0.026025	1.94795	0.0520501	0.9083553
9804	0	-17.06367	-16.77006	-0.2936093	0.0160285	0.967958	0.0320419	1.93592	0.0640839	0.8941732
9805	1	-17.13719	-16.78563	-0.3515578	0.261558	0.951858	0.0481419	1.90372	0.0962838	0.9475199
9806	0	-16.41579	-16.04511	-0.370678	0.187521	0.957656	0.0423435	1.91531	0.084687	0.9658111
9807	1	-16.97533	-16.60937	-0.3659543	0.448539	0.968583	0.0314172	1.93717	0.0628344	0.9612595
9808	0	-15.24422	-14.85592	-0.3883018	0.188216	0.972862	0.0271376	1.94572	0.0542753	0.9829832
9809	1	-15.32793	-14.93848	-0.3894574	0.120932	0.974223	0.0257769	1.94845	0.0515538	0.9841197
9810	0	-16.44095	-16.10076	-0.3401866	0.0147549	0.971413	0.0285869	1.94283	0.0571738	0.9368065
9811	1	-17.58158	-17.18821	-0.3933744	0.140213	0.940709	0.0592909	1.88142	0.118582	0.9879821
9812	0	-15.65277	-15.27226	-0.3805113	0.312873	0.969994	0.0300065	1.93999	0.060013	0.975355
9813	1	-15.42163	-15.022	-0.3996316	0.226144	0.96785	0.0321497	1.9357	0.0642994	0.9941835
9814	0	-17.67621	-17.36797	-0.3082445	0.0708844	0.950884	0.0491158	1.90177	0.0982315	0.9073559
9815	1	-16.72899	-16.45035	-0.2786442	0.293245	0.980515	0.0194846	1.96103	0.0389692	0.8808914
9816	0	-15.9501	-15.5927	-0.3573991	0.269365	0.966719	0.0332815	1.93344	0.066563	0.9530709
9817	1	-16.25881	-15.8694	-0.389413	-0.0203028	0.969424	0.0305755	1.93885	0.061151	0.984076
9818	0	-16.68765	-16.39096	-0.2966856	0.0825807	0.967516	0.0324845	1.93503	0.0649689	0.8969282
9819	1	-16.49381	-16.12716	-0.366652	0.243433	0.986433	0.0135667	1.97287	0.0271334	0.9619305
9820	0	-15.2809	-14.89809	-0.3828143	0.149681	0.978403	0.0215972	1.95681	0.0431943	0.9776038
9821	1	-15.95943	-15.55657	-0.4028612	0.330011	0.963965	0.0360354	1.92793	0.0720708	0.9973994
9822	0	-16.12408	-15.77814	-0.3459353	0.303809	0.967484	0.0325161	1.93497	0.0650323	0.9422075
9823	1	-17.22901	-16.86991	-0.3590976	-0.0971299	0.97043	0.0295695	1.94086	0.059139	0.954691
9824	0	-17.49278	-17.11485	-0.3779323	0.141548	0.943364	0.056636	1.88673	0.113272	0.9728428
9825	1	-15.85071	-15.45936	-0.3913451	0.405939	0.978984	0.0210162	1.95797	0.0420324	0.9859792
9826	0	-17.88253	-17.49756	-0.3849755	-0.162484	0.964841	0.0351593	1.92968	0.0703187	0.9797189
9827	1	-18.08793	-17.84507	-0.2428668	0.310235	0.95652	0.0434797	1.91304	0.0869595	0.8499325
9828	0	-15.372	-15.00036	-0.3716399	0.250456	0.974042	0.025958	1.94808	0.051916	0.9667405
9829	1	-16.08796	-15.71495	-0.3730041	0.0815388	0.96486	0.0351397	1.92972	0.0702793	0.9680602
9830	0	-16.97925	-16.70361	-0.2756419	0.171703	0.982628	0.0173716	1.96526	0.0347432	0.8782507
9831	1	-17.4952	-17.21579	-0.2794187	0.420574	0.974442	0.0255585	1.94888	0.0511169	0.8815739
9832	0	-15.54076	-15.15597	-0.3847908	0.179961	0.968126	0.0318738	1.93625	0.0637477	0.9795379
9833	1	-15.86763	-15.51228	-0.3553468	0.212874	0.983172	0.0168284	1.96634	0.0336569	0.9511169
9834	0	-15.37407	-14.99384	-0.3802291	0.309961	0.976135	0.0238652	1.95227	0.0477303	0.9750798
9835	1	-15.98569	-15.60655	-0.3791333	0.0535979	0.967706	0.0322935	1.93541	0.064587	0.9740118
9836	0	-18.58194	-18.20618	-0.3757591	0.0713849	0.93033	0.0696705	1.86066	0.139341	0.9707309
9837	1	-17.8957	-17.55757	-0.338131	0.485467	0.982041	0.0179588	1.96408	0.0359176	0.9348828
9838	0	-15.79579	-15.39495	-0.400842	0.13494	0.963401	0.0365987	1.9268	0.0731975	0.9953876
9839	1	-16.73311	-16.37212	-0.3609964	0.279328	0.986691	0.0133087	1.97338	0.0266174	0.9565055
9840	0	-16.04223	-15.67731	-0.3649223	0.192972	0.96325	0.03675	1.9265	0.0734999	0.960268
9841	1	-16.51782	-16.11938	-0.3984435	-0.022975	0.963326	0.0366745	1.92665	0.0733489	0.993003
9842	0	-15.38524	-14.98959	-0.3956516	0.321444	0.972698	0.027302	1.9454	0.0546041	0.9902344
9843	1	-15.98328	-15.62644	-0.356835	0.372174	0.978034	0.0219655	1.95607	0.043931	0.9525334
9844	0	-15.57574	-15.17197	-0.4037626	0.131858	0.966315	0.0336847	1.93263	0.0673694	0.9982989
9845	1	-16.79404	-16.46957	-0.3244703	0.0540869	0.962667	0.0373332	1.92533	0.0746663	0.9221984
9846	0	-16.15762	-15.78215	-0.3754697	0.185527	0.960501	0.0394994	1.921	0.0789988	0.97045
9847	1	-17.77094	-17.42589	-0.345058	0.346678	0.949751	0.0502489	1.8995	0.100498	0.9413812
9848	0	-23.8032	-23.40241	-0.4007879	0.453308	0.875978	0.124022	1.75196	0.248045	0.9953338
9849	1	-16.25137	-15.91323	-0.3381414	0.0424799	0.977073	0.0229268	1.95415	0.0458536	0.9348925
9850	0	-18.41805	-18.14663	-0.2714202	0.176362	0.94323	0.05677	1.88646	0.11354	0.8745508
9851	1	-16.29639	-15.9388	-0.3575892	0.174076	0.960772	0.0392284	1.92154	0.0784569	0.9532521
9852	0	-18.08856	-17.72033	-0.368223	0.402008	0.948715	0.0512853	1.89743	0.102571	0.9634428
9853	1	-15.28355	-14.8862	-0.3973459	0.178998	0.970585	0.0294146	1.94117	0.0588293	0.9919137
9854	0	-15.23491	-14.85032	-0.3845955	0.284291	0.978417	0.0215825	1.95683	0.043165	0.9793466
9855	1	-16.01601	-15.62875	-0.3872566	-0.000993002	0.973127	0.0268731	1.94625	0.0537463	0.9819562
9856	0	-21.10833	-20.72175	-0.3865749	0.167453	0.99229	0.0077096	1.98458	0.0154192	0.9812871
9857	1	-19.06811	-18.68085	-0.3872566	-0.156097	0.985335	0.0146646	1.97067	0.0293292	0.9819562
9858	0	-17.35899	-17.02723	-0.3317565	0.136701	0.950145	0.0498549	1.90029	0.0997097	0.9289423
9859	1	-16.44914	-16.16641	-0.2827268	0.196288	0.970459	0.0295414	1.94092	0.0590827	0.8844951
9860	0	-15.52855	-15.1578	-0.3707439	0.115701	0.978454	0.0215462	1.95691	0.0430923	0.9658746
9861	1	-17.7804	-17.51879	-0.2616074	0.385786	0.965428	0.0345723	1.93086	0.0691446	0.866011
9862	0	-15.26684	-14.86649	-0.4003521	0.179675	0.982609	0.0173911	1.96522	0.0347822	0.9949
9863	1	-15.98437	-15.58226	-0.4021172	0.171601	0.960054	0.0399457	1.92011	0.0798913	0.9966577
9864	0	-16.18255	-15.78475	-0.3978009	-0.0174525	0.968888	0.0311118	1.93778	0.0622236	0.9923651
9865	1	-16.52721	-16.19245	-0.3347559	0.386716	0.980851	0.0191486	1.9617	0.0382973	0.9317328
9866	0	-15.90519	-15.50484	-0.4003544	0.217251	0.961194	0.0388061	1.92239	0.0776122	0.9949023
9867	1	-17.55232	-17.26625	-0.2860717	0.0865484	0.954951	0.0450489	1.9099	0.0900978	0.8874586
9868	0	-15.67626	-15.27591	-0.4003544	0.0889411	0.983146	0.0168542	1.96629	0.0337084	0.9949023
9869	1	-16.28756	-15.9264	-0.361158	0.308127	0.963391	0.0366094	1.92678	0.0732187	0.9566601
9870	0	-15.65146	-15.27971	-0.3717486	0.269825	0.969179	0.0308207	1.93836	0.0616415	0.9668455
9871	1	-15.18814	-14.78399	-0.404153	0.314188	0.974527	0.0254728	1.94905	0.0509456	0.9986887
9872	0	-15.77332	-15.39654	-0.3767853	0.273889	0.984072	0.0159276	1.96814	0.0318551	0.9717275
9873	1	-17.27447	-16.93022	-0.344243	-0.0881771	0.973892	0.0261077	1.94778	0.0522154	0.9406143
9874	0	-15.71783	-15.32355	-0.3942784	0.0785063	0.968074	0.0319264	1.93615	0.0638527	0.9888756
9875	1	-16.03315	-15.65205	-0.3811083	0.0177269	0.979757	0.0202435	1.95951	0.040487	0.9759374
9876	0	-16.19271	-15.85514	-0.3375613	0.174528	0.983331	0.0166692	1.96666	0.0333383	0.9343503
9877	1	-17.67563	-17.3209	-0.3547357	-0.0196736	0.95118	0.0488199	1.90236	0.0976398	0.9505359
9878	0	-16.72982	-16.35075	-0.3790679	-0.00256345	0.96054	0.0394603	1.92108	0.0789206	0.9739481
9879	1	-15.98762	-15.61145	-0.3761665	0.068435	0.982335	0.0176646	1.96467	0.0353291	0.9711264
9880	0	-16.14109	-15.77384	-0.3672455	0.237097	0.962001	0.0379994	1.924	0.0759988	0.9625016
9881	1	-23.00004	-22.61049	-0.3895547	-0.178723	0.878421	0.121579	1.75684	0.243158	0.9842155
9882	0	-19.14841	-18.76886	-0.3795554	0.490536	0.948293	0.0517074	1.89659	0.103415	0.9744231
9883	1	-15.24868	-14.85926	-0.3894106	0.209318	0.98151	0.01849	1.96302	0.03698	0.9840737
9884	0	-16.02235	-15.67569	-0.3466539	0.0880359	0.970132	0.0298684	1.94026	0.0597367	0.9428847
9885	1	-15.55696	-15.16495	-0.3920061	0.233637	0.98423	0.01577	1.96846	0.0315399	0.9866311
9886	0	-18.1497	-17.76544	-0.38426	0.328602	0.939581	0.0604185	1.87916	0.120837	0.9790181
9887	1	-15.41399	-15.02199	-0.3920061	0.231158	0.969033	0.0309666	1.93807	0.0619332	0.9866311
9888	0	-15.62933	-15.25593	-0.3733948	0.100132	0.97209	0.0279099	1.94418	0.0558198	0.9684385
9889	1	-15.37106	-14.9694	-0.4016567	0.0840312	0.973624	0.0263762	1.94725	0.0527524	0.9961988
9890	0	-16.78607	-16.41748	-0.3685895	0.398612	0.963585	0.036415	1.92717	0.07283	0.963796
9891	1	-17.75711	-17.46456	-0.292551	0.314456	0.95393	0.0460701	1.90786	0.0921402	0.8932274
9892	0	-15.9509	-15.61005	-0.3408492	0.334517	0.975226	0.0247745	1.95045	0.049549	0.9374274
9893	1	-17.94281	-17.61703	-0.3257857	-0.104583	0.963034	0.0369663	1.92607	0.0739325	0.9234123
9894	0	-16.76908	-16.4527	-0.316377	0.316125	0.963482	0.0365177	1.92696	0.0730354	0.9147649
9895	1	-16.23543	-15.86221	-0.373222	0.0105953	0.968653	0.0313465	1.93731	0.062693	0.9682712
9896	0	-16.21924	-15.81417	-0.4050649	0.372084	0.963568	0.0364317	1.92714	0.0728635	0.9995998
9897	1	-15.41011	-15.00758	-0.4025279	0.0946004	0.971328	0.0286718	1.94266	0.0573436	0.9970671
9898	0	-15.86813	-15.47217	-0.3959612	0.0472594	0.967672	0.0323276	1.93534	0.0646552	0.9905411
9899	1	-17.42942	-17.0269	-0.4025279	0.528072	0.977133	0.0228666	1.95427	0.0457331	0.9970671
9900	0	-17.46741	-17.14202	-0.3253839	-0.0538969	0.980238	0.0197617	1.96048	0.0395234	0.9230413
9901	1	-16.81681	-16.4303	-0.3865152	0.420402	0.985249	0.0147514	1.9705	0.0295029	0.9812285
9902	0	-16.80158	-16.40735	-0.3942238	-0.0487044	0.96231	0.0376896	1.92462	0.0753792	0.9888216
9903	1	-15.5222	-15.13176	-0.3904374	0.324685	0.971389	0.0286108	1.94278	0.0572216	0.9850847
9904	0	-15.95298	-15.59395	-0.3590273	0.232226	0.983983	0.0160171	1.96797	0.0320342	0.9546239
9905	1	-16.53255	-16.14752	-0.3850314	0.214542	0.954835	0.045165	1.90967	0.0903301	0.9797737
9906	0	-15.70059	-15.3256	-0.3749889	0.238278	0.967126	0.0328744	1.93425	0.0657488	0.9699835
9907	1	-16.62856	-16.24784	-0.3807173	0.240198	0.954492	0.0455085	1.90898	0.091017	0.9755559
9908	0	-17.54955	-17.21695	-0.332598	0.0993788	0.948441	0.0515589	1.89688	0.103118	0.9297243
9909	1	-16.47454	-16.10489	-0.3696419	0.115447	0.958195	0.0418052	1.91639	0.0836103	0.9648109
9910	0	-16.25903	-15.89529	-0.3637362	0.255537	0.976879	0.0231206	1.95376	0.0462411	0.9591298
9911	1	-16.89138	-16.59112	-0.3002649	0.140614	0.96053	0.0394698	1.92106	0.0789397	0.9001443
9912	0	-16.2776	-15.9292	-0.3483993	0.353754	0.968728	0.0312716	1.93746	0.0625432	0.9445319
9913	1	-16.67404	-16.30817	-0.3658683	0.13315	0.955459	0.0445414	1.91092	0.0890828	0.9611769
9914	0	-17.83477	-17.44356	-0.3912056	0.142279	0.937517	0.0624827	1.87503	0.124965	0.9858416
9915	1	-18.80568	-18.43617	-0.3695143	-0.212697	0.963024	0.0369764	1.92605	0.0739528	0.9646878
9916	0	-16.10612	-15.72593	-0.3801893	0.233872	0.960948	0.0390523	1.9219	0.0781047	0.975041
9917	1	-15.61061	-15.23355	-0.3770534	0.0785514	0.974766	0.0252338	1.94953	0.0504677	0.9719881
9918	0	-15.83142	-15.48269	-0.3487306	0.312079	0.972789	0.027211	1.94558	0.054422	0.9448449
9919	1	-16.87096	-16.54176	-0.3291992	0.0555601	0.960614	0.0393864	1.92123	0.0787727	0.9265698
9920	0	-16.16769	-15.77605	-0.3916458	0.334943	0.985724	0.0142756	1.97145	0.0285511	0.9862758
9921	1	-16.1898	-15.80585	-0.383952	0.0410062	0.983126	0.0168738	1.96625	0.0337476	0.9787167
9922	0	-15.75772	-15.35485	-0.4028721	0.254278	0.963381	0.0366191	1.92676	0.0732383	0.9974104
9923	1	-15.48941	-15.10371	-0.3856989	0.253203	0.969154	0.0308461	1.93831	0.0616922	0.9804278
9924	0	-15.75919	-15.36323	-0.3959658	0.271473	0.964583	0.035417	1.92917	0.0708339	0.9905457
9925	1	-15.64576	-15.26006	-0.3856989	0.35722	0.973271	0.0267292	1.94654	0.0534584	0.9804278
9926	0	-17.23382	-16.83175	-0.4020739	0.104843	0.945188	0.0548118	1.89038	0.109624	0.9966145
9927	1	-17.26795	-16.97099	-0.2969554	0.272205	0.957158	0.0428415	1.91432	0.085683	0.8971702
9928	0	-15.1034	-14.70323	-0.4001682	0.145592	0.976563	0.0234367	1.95313	0.0468734	0.994717
9929	1	-16.69934	-16.41139	-0.2879506	0.117792	0.980584	0.0194162	1.96117	0.0388323	0.8891276
9930	0	-15.61933	-15.27382	-0.3455047	0.257369	0.975911	0.0240893	1.95182	0.0481787	0.9418018
9931	1	-16.74468	-16.38672	-0.3579633	0.233448	0.986758	0.0132421	1.97352	0.0264842	0.9536088
9932	0	-16.15625	-15.8397	-0.3165522	0.318772	0.975938	0.0240621	1.95188	0.0481243	0.9149252
9933	1	-18.53851	-18.19025	-0.3482594	-0.156406	0.980404	0.019596	1.96081	0.039192	0.9443998
9934	0	-16.33838	-15.98445	-0.3539294	0.40461	0.974214	0.0257859	1.94843	0.0515718	0.9497698
9935	1	-15.96461	-15.59065	-0.3739593	0.0305032	0.972217	0.0277833	1.94443	0.0555666	0.9689853
9936	0	-15.52728	-15.15293	-0.3743523	0.164272	0.981778	0.0182224	1.96356	0.0364448	0.9693662
9937	1	-15.09317	-14.6884	-0.4047672	0.147582	0.979865	0.020135	1.95973	0.0402699	0.9993024
9938	0	-17.48253	-17.1538	-0.3287324	0.436191	0.983259	0.0167409	1.96652	0.0334818	0.9261374
9939	1	-15.16757	-14.7628	-0.4047672	0.237122	0.971291	0.0287092	1.94258	0.0574185	0.9993024
9940	0	-15.67795	-15.32122	-0.3567323	0.145428	0.971512	0.0284876	1.94302	0.0569751	0.9524356
9941	1	-16.17769	-15.87324	-0.3044485	0.286168	0.97582	0.0241802	1.95164	0.0483604	0.903918
9942	0	-16.12649	-15.78244	-0.3440491	0.235137	0.965088	0.0349121	1.93018	0.0698242	0.940432
9943	1	-16.56551	-16.16418	-0.4013264	0.142234	0.953095	0.0469051	1.90619	0.0938102	0.9958698
9944	0	-19.72099	-19.32952	-0.391466	0.0399645	0.912765	0.0872348	1.82553	0.17447	0.9860984
9945	1	-15.10819	-14.70686	-0.4013264	0.174522	0.973601	0.0263994	1.9472	0.0527988	0.9958698
9946	0	-15.45173	-15.09062	-0.3611101	0.194128	0.974545	0.0254545	1.94909	0.0509091	0.9566143
9947	1	-15.76613	-15.39825	-0.3678736	0.142296	0.982576	0.0174236	1.96515	0.0348473	0.9631063
9948	0	-17.37807	-16.98124	-0.3968301	-0.0277098	0.986113	0.0138865	1.97223	0.0277731	0.9914022
9949	1	-16.35096	-15.97084	-0.3801236	0.291667	0.959614	0.0403862	1.91923	0.0807723	0.9749769
9950	0	-16.71422	-16.41165	-0.3025718	0.144805	0.962732	0.0372678	1.92546	0.0745357	0.9022232
9951	1	-17.06714	-16.77124	-0.2958981	0.342943	0.964651	0.0353493	1.9293	0.0706987	0.8962221
9952	0	-15.88535	-15.56391	-0.3214398	0.221131	0.978085	0.0219153	1.95617	0.0438306	0.919408
9953	1	-15.62869	-15.25291	-0.3757816	0.107152	0.980827	0.0191728	1.96165	0.0383457	0.9707528
9954	0	-15.90253	-15.58224	-0.3202894	0.216346	0.97819	0.0218105	1.95638	0.0436209	0.9183509
9955	1	-18.89202	-18.72716	-0.1648567	0.183934	0.953413	0.0465873	1.90683	0.0931745	0.7861494
9956	0	-15.10414	-14.71268	-0.3914639	0.200805	0.97889	0.0211104	1.95778	0.0422209	0.9860964
9957	1	-15.54425	-15.14332	-0.4009301	0.0442573	0.975323	0.0246767	1.95065	0.0493534	0.9954752
9958	0	-16.04709	-15.69567	-0.3514208	0.368701	0.974955	0.0250449	1.94991	0.0500897	0.9473902
9959	1	-15.27975	-14.87936	-0.4003833	0.269036	0.982884	0.0171164	1.96577	0.0342329	0.9949311
9960	0	-15.73063	-15.35718	-0.3734498	0.358147	0.974639	0.0253613	1.94928	0.0507226	0.9684917
9961	1	-16.93441	-16.54854	-0.3858665	0.123705	0.950196	0.0498041	1.90039	0.0996082	0.9805922
9962	0	-18.5231	-18.21792	-0.3051808	0.249592	0.970313	0.0296869	1.94063	0.0593738	0.9045802
9963	1	-17.11075	-16.74933	-0.361415	0.324099	0.954177	0.045823	1.90835	0.0916459	0.956906
9964	0	-16.16804	-15.84033	-0.3277045	0.0822352	0.972335	0.0276648	1.94467	0.0553297	0.9251859
9965	1	-16.69482	-16.29771	-0.3971141	0.275068	0.953101	0.0468993	1.9062	0.0937986	0.9916838
9966	0	-15.49662	-15.12374	-0.3728757	0.154197	0.980914	0.019086	1.96183	0.0381719	0.9679359
9967	1	-15.73014	-15.36029	-0.3698563	0.357702	0.976193	0.0238066	1.95239	0.0476132	0.9650177
9968	0	-15.76169	-15.39804	-0.3636506	0.276078	0.968921	0.0310789	1.93784	0.0621578	0.9590477
9969	1	-15.78419	-15.42942	-0.3547734	0.0953967	0.973824	0.026176	1.94765	0.0523519	0.9505717
9970	0	-15.78566	-15.39623	-0.3894343	0.112825	0.98373	0.0162697	1.96746	0.0325395	0.984097
9971	1	-17.49992	-17.23935	-0.2605699	0.0642582	0.961273	0.0387268	1.92255	0.0774536	0.8651129
9972	0	-15.32591	-14.93931	-0.3865993	0.120284	0.975811	0.0241893	1.95162	0.0483786	0.9813111
9973	1	-18.11768	-17.88367	-0.234009	-0.0261071	0.974898	0.025102	1.9498	0.050204	0.8424372
9974	0	-16.83811	-16.48226	-0.3558476	-0.0342256	0.966229	0.0337709	1.93246	0.0675419	0.9515933
9975	1	-16.20842	-15.85206	-0.3563625	0.0427048	0.980483	0.0195172	1.96097	0.0390345	0.9520835
9976	0	-17.47957	-17.11288	-0.3666926	0.235304	0.945234	0.0547658	1.89047	0.109532	0.9619696
9977	1	-16.08608	-15.73969	-0.346389	0.353238	0.97254	0.0274596	1.94508	0.0549193	0.942635
9978	0	-16.87755	-16.51738	-0.3601669	0.438097	0.969159	0.0308408	1.93832	0.0616816	0.9557125
9979	1	-16.26027	-15.96762	-0.292646	0.258647	0.97681	0.0231896	1.95362	0.0463791	0.8933122
9980	0	-15.6191	-15.27148	-0.3476194	0.193245	0.979163	0.0208372	1.95833	0.0416743	0.9437955
9981	1	-15.13183	-14.72804	-0.403785	0.123513	0.977376	0.0226243	1.95475	0.0452486	0.9983213
9982	0	-16.1946	-15.8929	-0.3017011	0.195827	0.979212	0.0207877	1.95842	0.0415754	0.901438
9983	1	-17.19958	-16.79759	-0.4019908	0.132356	0.945034	0.0549656	1.89007	0.109931	0.9965317
9984	0	-17.491	-17.23663	-0.25437	0.256918	0.983627	0.0163726	1.96725	0.0327451	0.8597659
9985	1	-15.80408	-15.4378	-0.3662764	0.0618492	0.976675	0.0233249	1.95335	0.0466498	0.9615692
9986	0	-17.32493	-17.11196	-0.2129726	0.226718	0.970776	0.0292243	1.94155	0.0584487	0.8249005
9987	1	-15.45615	-15.09594	-0.3602169	0.213565	0.974403	0.0255974	1.94881	0.0511949	0.9557602
9988	0	-18.27398	-18.091	-0.1829851	0.292755	0.96351	0.0364904	1.92702	0.0729808	0.800531
9989	1	-17.19064	-16.93258	-0.2580559	0.0811542	0.966218	0.0337821	1.93244	0.0675642	0.8629408
9990	0	-19.89155	-19.7498	-0.1417424	-0.0430816	0.958528	0.0414718	1.91706	0.0829436	0.7681865
9991	1	-16.94856	-16.59236	-0.3561974	0.0243758	0.95798	0.0420196	1.91596	0.0840393	0.9519263
9992	0	-18.52222	-18.35163	-0.1705886	0.104324	0.979966	0.0200338	1.95993	0.0400675	0.7906685
9993	1	-17.16521	-16.85398	-0.311231	-0.0143505	0.965969	0.0340308	1.93194	0.0680615	0.9100696
9994	0	-17.97926	-17.75765	-0.2216092	0.154386	0.95673	0.0432698	1.91346	0.0865396	0.8320557
9995	1	-17.00686	-16.75318	-0.2536797	0.151345	0.966674	0.0333263	1.93335	0.0666527	0.8591726
9996	0	-17.15763	-16.81504	-0.3425889	0.309888	0.95485	0.0451503	1.9097	0.0903005	0.9390597
9997	1	-16.82172	-16.55142	-0.2703046	0.0866845	0.976151	0.0238493	1.9523	0.0476986	0.8735757
9998	0	-17.06926	-16.73738	-0.3318841	0.0218852	0.983161	0.0168388	1.96632	0.0336776	0.9290609
9999	1	-16.45478	-16.17028	-0.2845067	0.127412	0.975027	0.024973	1.95005	0.049946	0.8860709
10000	0	-15.52622	-15.17024	-0.355981	0.262667	0.975109	0.0248911	1.95022	0.0497822	0.9517203
10001	1	-16.94686	-16.5857	-0.3611565	0.331236	0.986708	0.0132923	1.97342	0.0265847	0.9566587
