Iteration	Posterior	Likelihood	Prior	correlations[1]	proportional_rates[1]	proportional_rates[2]	relative_rates[1]	relative_rates[2]	sigma2
0	18.77428	16.06753	2.706748	-0.0537931	0.764368	0.235632	1.52874	0.471265	0.04450234
10	18.40607	16.09848	2.307589	-0.357358	0.578518	0.421482	1.15704	0.842965	0.06633392
20	18.51642	16.24683	2.269595	-0.194358	0.58739	0.41261	1.17478	0.82522	0.06890272
30	19.06703	16.49387	2.573164	-0.333808	0.652063	0.347937	1.30413	0.695874	0.0508625
40	19.14536	16.57219	2.573164	-0.0242843	0.758784	0.241216	1.51757	0.482432	0.0508625
50	18.21274	15.81961	2.393136	0.241998	0.756859	0.243141	1.51372	0.486282	0.06089516
60	17.45122	14.74103	2.710187	-0.401988	0.785727	0.214273	1.57145	0.428545	0.04434958
70	18.09614	15.92754	2.1686	-0.256131	0.576624	0.423376	1.15325	0.846752	0.07622503
80	18.53462	16.09433	2.440291	0.156558	0.637173	0.362827	1.27435	0.725654	0.05809032
90	17.18834	15.30931	1.879029	-0.548116	0.674679	0.325321	1.34936	0.650642	0.1018255
100	13.58749	11.93191	1.655579	0.557593	0.529995	0.470005	1.05999	0.940011	0.127321
110	16.76178	15.04739	1.71439	-0.03102	0.880998	0.119002	1.762	0.238004	0.120049
120	17.67195	15.48177	2.190173	0.0450791	0.545042	0.454958	1.09008	0.909915	0.07459827
130	17.87338	15.85567	2.017703	-0.0985255	0.86503	0.13497	1.73006	0.26994	0.08864033
140	18.69755	16.29853	2.399023	0.0704829	0.621408	0.378592	1.24282	0.757184	0.06053774
150	17.08284	14.91504	2.167793	-0.502165	0.517937	0.482063	1.03587	0.964126	0.07628656
160	17.48367	15.28012	2.203543	-0.171119	0.489087	0.510913	0.978173	1.02183	0.07360752
170	16.5551	14.93715	1.617946	-0.352909	0.870765	0.129235	1.74153	0.258471	0.1322038
180	17.80497	15.54878	2.25619	-0.577713	0.743131	0.256869	1.48626	0.513737	0.06983258
190	17.40564	15.1744	2.231246	0.293779	0.817222	0.182778	1.63444	0.365556	0.07159635
200	17.51582	15.35288	2.162942	0.148079	0.568428	0.431572	1.13686	0.863144	0.07665757
210	19.02899	16.79487	2.234118	-0.233227	0.697798	0.302202	1.3956	0.604404	0.07139104
220	19.30539	16.78734	2.518051	-0.20368	0.645704	0.354296	1.29141	0.708592	0.05374436
230	18.32701	15.47415	2.852865	-0.0691131	0.60359	0.39641	1.20718	0.79282	0.03845255
240	18.06909	15.47848	2.590603	-0.461048	0.753895	0.246105	1.50779	0.49221	0.04998321
250	18.39388	16.33815	2.05573	-0.238866	0.834311	0.165689	1.66862	0.331378	0.08533291
260	17.98304	15.49364	2.489402	0.165305	0.806558	0.193442	1.61312	0.386884	0.05530637
270	17.68833	15.7361	1.952232	-0.498588	0.690354	0.309646	1.38071	0.619293	0.0946379
280	18.89869	16.14391	2.754778	-0.00640728	0.685584	0.314416	1.37117	0.628833	0.04241544
290	17.13129	15.05323	2.078056	-0.64622	0.712089	0.287911	1.42418	0.575823	0.08344891
300	18.71756	16.51825	2.19931	-0.00528211	0.699125	0.300875	1.39825	0.60175	0.07391976
310	19.43244	16.9818	2.450638	-0.116788	0.697487	0.302513	1.39497	0.605025	0.05749235
320	18.93944	16.51657	2.422872	-0.323765	0.619456	0.380544	1.23891	0.761087	0.05911107
330	18.26269	16.25684	2.005842	-0.083969	0.766407	0.233593	1.53281	0.467186	0.08969798
340	19.13053	16.65188	2.478648	-0.169029	0.617505	0.382495	1.23501	0.764989	0.05590435
350	17.99639	15.38562	2.610773	0.226561	0.738413	0.261587	1.47683	0.523174	0.04898514
360	19.19465	16.61312	2.581532	-0.0210599	0.747601	0.252399	1.4952	0.504797	0.05043867
370	18.46359	16.17724	2.286353	0.17899	0.77218	0.22782	1.54436	0.45564	0.06775765
380	18.24003	15.99522	2.244808	-0.141647	0.853437	0.146563	1.70687	0.293126	0.07063192
390	18.16435	15.62848	2.535868	0.199896	0.768686	0.231314	1.53737	0.462628	0.05279529
400	19.28929	16.97883	2.310463	-0.255198	0.738552	0.261448	1.4771	0.522896	0.06614356
410	18.47799	16.16752	2.310463	0.115355	0.635417	0.364583	1.27083	0.729166	0.06614356
420	17.96066	15.60752	2.353144	0.296037	0.698681	0.301319	1.39736	0.602637	0.06337986
430	17.82861	15.47546	2.353144	-0.34035	0.507554	0.492446	1.01511	0.984892	0.06337986
440	18.82341	16.65054	2.172877	-0.0606357	0.795396	0.204604	1.59079	0.409208	0.07589972
450	15.96666	14.15429	1.812373	-0.212042	0.540281	0.459719	1.08056	0.919438	0.1088442
460	18.55559	16.45553	2.100056	-0.0096751	0.787889	0.212111	1.57578	0.424221	0.08163303
470	18.90127	16.74102	2.160251	-0.127414	0.775429	0.224571	1.55086	0.449143	0.07686408
480	18.83976	16.54487	2.294886	-0.35142	0.643903	0.356097	1.28781	0.712194	0.0671819
490	18.26927	15.3799	2.88937	0.0012254	0.673913	0.326087	1.34783	0.652174	0.03707416
500	17.85823	15.41085	2.447375	0.0407897	0.505931	0.494069	1.01186	0.988138	0.0576803
510	17.32249	15.49242	1.830077	0.0713941	0.823095	0.176905	1.64619	0.35381	0.1069341
520	16.902	15.17273	1.729272	-0.252316	0.7696	0.2304	1.5392	0.460799	0.1182757
530	17.53288	15.58259	1.950294	-0.162199	0.877702	0.122298	1.7554	0.244596	0.09482147
540	19.19813	16.8826	2.315525	-0.127804	0.692195	0.307805	1.38439	0.615609	0.06580958
550	18.81494	16.18535	2.629589	-0.1807	0.787006	0.212994	1.57401	0.425987	0.04807205
560	17.17133	15.34494	1.826389	-0.038718	0.749529	0.250471	1.49906	0.500942	0.1073292
570	18.96183	16.73939	2.222436	-0.20927	0.690518	0.309482	1.38104	0.618964	0.07222993
580	18.96421	16.67139	2.292823	-0.260786	0.6487	0.3513	1.2974	0.702601	0.06732064
590	18.94497	16.6492	2.295764	-0.267495	0.644496	0.355504	1.28899	0.711008	0.06712295
600	18.76449	15.96689	2.797595	-0.0516548	0.643574	0.356426	1.28715	0.712851	0.04063764
610	19.20712	16.52205	2.685078	-0.205301	0.722469	0.277531	1.44494	0.555062	0.04547724
620	14.79439	12.94959	1.8448	0.0176655	0.374926	0.625074	0.749853	1.25015	0.1053713
630	19.15421	16.63535	2.518865	-0.143074	0.783846	0.216154	1.56769	0.432307	0.05370067
640	18.98843	16.26839	2.720031	-0.142232	0.746507	0.253493	1.49301	0.506986	0.04391516
650	17.41564	15.21508	2.200559	-0.580469	0.793244	0.206756	1.58649	0.413513	0.07382748
660	17.94146	15.90957	2.03189	-0.48223	0.672195	0.327805	1.34439	0.655609	0.08739172
670	17.24478	14.9321	2.312678	0.216572	0.518501	0.481499	1.037	0.962999	0.06599716
680	17.61253	15.05678	2.555748	0.285332	0.622285	0.377715	1.24457	0.75543	0.05175607
690	18.19934	15.81942	2.379918	-0.528467	0.674196	0.325804	1.34839	0.651608	0.06170546
700	18.3264	15.50924	2.817158	-0.113	0.580751	0.419249	1.1615	0.838497	0.03985039
710	17.36431	14.93906	2.425253	-0.549308	0.584623	0.415377	1.16925	0.830754	0.05897047
720	18.43628	16.24039	2.19589	0.103002	0.808614	0.191386	1.61723	0.382771	0.07417297
730	18.12368	15.91983	2.203846	-0.517284	0.648024	0.351976	1.29605	0.703952	0.07358521
740	18.60697	16.46224	2.144732	-0.209983	0.830557	0.169443	1.66111	0.338886	0.07806627
750	18.8152	16.14432	2.670875	-0.314038	0.625197	0.374803	1.25039	0.749605	0.04612775
760	17.92926	15.97071	1.958547	-0.291965	0.707861	0.292139	1.41572	0.584278	0.09404219
770	18.4575	16.05585	2.401657	0.213497	0.732453	0.267547	1.46491	0.535094	0.06037849
780	17.94885	15.47491	2.473939	-0.131382	0.491647	0.508353	0.983294	1.01671	0.05616824
790	17.66732	15.49587	2.171449	-0.101192	0.873811	0.126189	1.74762	0.252378	0.07600819
800	18.60114	16.11862	2.482513	0.176922	0.737338	0.262662	1.47468	0.525324	0.05568869
810	18.05378	15.53097	2.522809	-0.513329	0.712177	0.287823	1.42435	0.575646	0.05348928
820	18.29832	16.24012	2.058194	-0.473771	0.752052	0.247948	1.5041	0.495895	0.08512289
830	14.39733	12.28608	2.111245	0.0406612	0.299069	0.700931	0.598138	1.40186	0.08072471
840	18.64388	16.26529	2.378591	-0.312343	0.58278	0.41722	1.16556	0.834441	0.06178738
850	18.12734	16.00882	2.118517	-0.532819	0.707087	0.292913	1.41417	0.585825	0.08013987
860	18.90921	16.25176	2.657446	-0.0921494	0.598815	0.401185	1.19763	0.80237	0.04675141
870	19.14836	16.69554	2.452827	-0.325649	0.764098	0.235902	1.5282	0.471803	0.05736664
880	18.16925	15.62485	2.544394	-0.138631	0.830945	0.169055	1.66189	0.338109	0.05234707
890	17.97084	15.96831	2.002528	-0.510886	0.78572	0.21428	1.57144	0.428561	0.08999575
900	19.34053	16.74288	2.597648	-0.0499511	0.693908	0.306092	1.38782	0.612183	0.0496323
910	19.05049	16.68823	2.362262	-0.372503	0.761748	0.238252	1.5235	0.476504	0.06280462
920	17.39839	15.22509	2.173294	0.105572	0.86738	0.13262	1.73476	0.265239	0.07586807
930	17.2755	15.49494	1.780559	-0.405717	0.850757	0.149243	1.70151	0.298486	0.1123627
940	17.58357	15.67805	1.905518	0.0756068	0.840708	0.159292	1.68142	0.318584	0.09916373
950	17.72017	15.87811	1.842063	-0.276477	0.817897	0.182103	1.63579	0.364205	0.10566
960	16.65781	14.94677	1.711036	-0.557664	0.731565	0.268435	1.46313	0.53687	0.1204523
970	14.8977	13.0184	1.879296	-0.0349303	0.362775	0.637225	0.72555	1.27445	0.1017984
980	18.71793	16.3553	2.362623	-0.00587164	0.816899	0.183101	1.6338	0.366202	0.06278192
990	18.50582	16.34481	2.161007	-0.456103	0.780352	0.219648	1.5607	0.439295	0.07680604
1000	18.97799	16.42137	2.556621	-0.153761	0.791571	0.208429	1.58314	0.416857	0.05171092
1010	18.84271	16.30379	2.538916	-0.170009	0.802531	0.197469	1.60506	0.394938	0.05263461
1020	19.42258	17.00278	2.419795	-0.135263	0.748257	0.251743	1.49651	0.503486	0.05929325
1030	18.1477	15.94276	2.204948	-0.154281	0.568565	0.431435	1.13713	0.862871	0.07350419
1040	18.78455	16.28212	2.502425	0.00912408	0.595166	0.404834	1.19033	0.809668	0.05459078
1050	19.18781	16.71431	2.473503	-0.340164	0.744752	0.255248	1.4895	0.510497	0.05619272
1060	16.83254	14.425	2.407536	-0.424139	0.460518	0.539482	0.921035	1.07896	0.06002456
1070	16.47499	14.24757	2.227423	0.16651	0.441023	0.558977	0.882046	1.11795	0.07187056
1080	18.38445	15.90361	2.480845	0.165118	0.614904	0.385096	1.22981	0.770191	0.05578168
1090	16.10738	14.14259	1.964787	-0.327553	0.440899	0.559101	0.881797	1.1182	0.09345716
1100	18.25185	16.24304	2.008813	-0.20784	0.730506	0.269494	1.46101	0.538988	0.08943185
1110	17.92143	15.96229	1.959138	-0.501534	0.773049	0.226951	1.5461	0.453901	0.09398655
1120	18.94363	16.16653	2.777102	-0.211593	0.700896	0.299104	1.40179	0.598209	0.04147903
1130	18.92906	16.30658	2.622485	-0.157752	0.781901	0.218099	1.5638	0.436198	0.04841478
1140	19.00795	16.67547	2.332482	-0.392759	0.69228	0.30772	1.38456	0.61544	0.06470307
1150	18.88112	16.41626	2.464854	-0.16234	0.584578	0.415422	1.16916	0.830844	0.05668081
1160	16.3196	13.24829	3.071308	-0.300698	0.60377	0.39623	1.20754	0.79246	0.03090698
1170	19.3262	16.69441	2.631797	-0.17176	0.66201	0.33799	1.32402	0.675981	0.04796602
1180	19.13632	16.79246	2.343859	-0.324644	0.676962	0.323038	1.35392	0.646076	0.06397109
1190	18.36828	15.78099	2.587292	-0.451244	0.646784	0.353216	1.29357	0.706433	0.050149
1200	18.51045	15.72835	2.782093	0.0706576	0.67924	0.32076	1.35848	0.641519	0.04127253
1210	16.5823	14.89254	1.689763	-0.601295	0.766202	0.233798	1.5324	0.467596	0.1230422
1220	18.64282	16.50385	2.138971	-0.155343	0.694387	0.305613	1.38877	0.611226	0.07851734
1230	19.27629	16.86582	2.410474	-0.0131697	0.720265	0.279735	1.44053	0.559469	0.05984849
1240	17.25068	15.28025	1.970435	-0.313711	0.584187	0.415813	1.16837	0.831627	0.09293078
1250	19.07333	16.4942	2.579128	-0.159947	0.606441	0.393559	1.21288	0.787118	0.05056005
1260	18.33314	15.76834	2.564801	0.15644	0.606761	0.393239	1.21352	0.786479	0.05128967
1270	16.75923	15.05871	1.700523	0.0303744	0.841958	0.158042	1.68392	0.316084	0.1217254
1280	18.50978	16.33124	2.17854	-0.229706	0.839092	0.160908	1.67818	0.321817	0.07547112
1290	17.5988	15.62505	1.973756	-0.367298	0.86427	0.13573	1.72854	0.271461	0.09262269
1300	19.0684	16.76554	2.302863	-0.339682	0.68531	0.31469	1.37062	0.62938	0.06664812
1310	18.14821	15.9414	2.206808	0.236765	0.737603	0.262397	1.47521	0.524794	0.07336759
1320	18.12506	15.44516	2.679904	-0.145724	0.523769	0.476231	1.04754	0.952461	0.04571318
1330	17.18543	14.20813	2.977306	-0.101127	0.559922	0.440078	1.11984	0.880157	0.03395324
1340	17.62799	15.71283	1.915154	-0.0503607	0.735087	0.264913	1.47017	0.529827	0.09821272
1350	17.11598	14.65032	2.465659	0.301908	0.555719	0.444281	1.11144	0.888562	0.05663523
1360	18.36605	16.09057	2.275479	0.194555	0.688189	0.311811	1.37638	0.623622	0.06849847
1370	16.99773	15.26785	1.729882	-0.465339	0.848105	0.151895	1.69621	0.30379	0.1182035
1380	17.20349	14.71319	2.490297	-0.150642	0.861631	0.138369	1.72326	0.276739	0.05525687
1390	17.74656	15.75195	1.994615	-0.245795	0.64595	0.35405	1.2919	0.7081	0.09071071
1400	17.99727	15.796	2.201269	0.158998	0.627006	0.372994	1.25401	0.745988	0.0737751
1410	16.57396	14.86921	1.704752	-0.204522	0.751314	0.248686	1.50263	0.497372	0.1212116
1420	18.71835	15.96748	2.750869	-0.0871193	0.601521	0.398479	1.20304	0.796958	0.04258155
1430	18.62168	16.06178	2.559906	0.0315623	0.581254	0.418746	1.16251	0.837493	0.05154136
1440	18.28604	15.8613	2.424741	0.163353	0.797409	0.202591	1.59482	0.405182	0.0590007
1450	19.31306	16.80806	2.505	-0.106725	0.652463	0.347537	1.30493	0.695073	0.0544504
1460	19.14233	16.80635	2.335983	-0.0238336	0.771317	0.228683	1.54263	0.457366	0.06447688
1470	18.53337	16.39421	2.139166	-0.346029	0.669964	0.330036	1.33993	0.660071	0.07850198
1480	18.14686	15.27256	2.8743	-0.297447	0.704494	0.295506	1.40899	0.591012	0.03763708
1490	18.75992	16.46215	2.297763	-0.330355	0.623566	0.376434	1.24713	0.752869	0.0669889
1500	17.32917	15.50884	1.820329	-0.514122	0.81953	0.18047	1.63906	0.36094	0.1079816
1510	17.53585	15.61287	1.922979	-0.547286	0.803292	0.196708	1.60658	0.393416	0.09744722
1520	15.58909	14.10266	1.486426	-0.0626817	0.905388	0.0946121	1.81078	0.189224	0.1507864
1530	18.79383	16.32822	2.465607	-0.221475	0.575946	0.424054	1.15189	0.848109	0.05663817
1540	18.87912	16.33126	2.547862	-0.227456	0.584763	0.415237	1.16953	0.830475	0.05216583
1550	18.55071	16.08873	2.461986	0.196992	0.704482	0.295518	1.40896	0.591036	0.05684362
1560	18.82345	16.36145	2.462005	-0.335881	0.603995	0.396005	1.20799	0.792011	0.05684257
1570	18.70633	16.29366	2.41267	0.158706	0.690157	0.309843	1.38031	0.619687	0.05971719
1580	18.60531	16.41937	2.185948	-0.0896466	0.660835	0.339165	1.32167	0.678329	0.07491411
1590	18.02984	15.86875	2.16109	0.24244	0.751425	0.248575	1.50285	0.497149	0.07679968
1600	19.21927	16.68191	2.53737	0.014924	0.731856	0.268144	1.46371	0.536288	0.05271608
1610	18.22067	15.95724	2.263425	-0.482142	0.620181	0.379819	1.24036	0.759637	0.06932914
1620	18.10314	15.51674	2.586401	-0.338063	0.807573	0.192427	1.61515	0.384854	0.0501937
1630	16.62592	14.73586	1.890057	-0.539447	0.576956	0.423044	1.15391	0.846088	0.1007088
1640	17.31154	14.95866	2.352884	-0.130604	0.447255	0.552745	0.89451	1.10549	0.06339631
1650	17.38809	15.0526	2.335484	-0.489663	0.82787	0.17213	1.65574	0.34426	0.06450912
1660	16.99899	15.11876	1.880228	-0.381569	0.882227	0.117773	1.76445	0.235546	0.1017035
1670	17.45186	14.88754	2.564324	-0.391639	0.821543	0.178457	1.64309	0.356913	0.05131414
1680	18.48014	16.38257	2.097571	-0.0503301	0.722881	0.277119	1.44576	0.554238	0.08183618
1690	17.8354	15.77024	2.065159	0.0253675	0.646344	0.353656	1.29269	0.707312	0.08453208
1700	17.28243	15.39594	1.886486	0.167751	0.841493	0.158507	1.68299	0.317013	0.1010691
1710	18.3338	16.04897	2.284833	-0.429706	0.600597	0.399403	1.20119	0.798806	0.06786074
1720	18.83779	16.22799	2.609807	-0.164752	0.579649	0.420351	1.1593	0.840703	0.04903252
1730	18.73569	16.09135	2.644338	-0.31567	0.764172	0.235828	1.52834	0.471656	0.04736826
1740	19.10282	16.84717	2.255653	-0.322054	0.726583	0.273417	1.45317	0.546833	0.06987003
1750	18.6842	15.9981	2.686092	0.0353548	0.612114	0.387886	1.22423	0.775773	0.04543114
1760	19.12123	16.66921	2.452018	-0.378076	0.723817	0.276183	1.44763	0.552367	0.0574131
1770	17.47637	15.34263	2.133739	-0.610484	0.753696	0.246304	1.50739	0.492608	0.0789292
1780	15.30422	13.78937	1.514852	0.295201	0.859179	0.140821	1.71836	0.281643	0.1465605
1790	16.96896	14.77646	2.192497	-0.0297655	0.452017	0.547983	0.904034	1.09597	0.07442507
1800	19.20556	16.86844	2.33712	-0.0357227	0.719153	0.280847	1.43831	0.561694	0.06440364
1810	15.42509	13.48565	1.939444	0.104348	0.410868	0.589132	0.821737	1.17826	0.09585595
1820	19.15292	16.70988	2.443035	0.0102839	0.671286	0.328714	1.34257	0.657428	0.05793116
1830	17.49151	15.20795	2.28356	0.239665	0.563907	0.436093	1.12781	0.872187	0.06794716
1840	19.21552	16.93705	2.278466	-0.251661	0.724459	0.275541	1.44892	0.551083	0.06829417
1850	17.84314	14.90097	2.94217	-0.0202855	0.619161	0.380839	1.23832	0.761679	0.03516743
1860	18.12792	15.52308	2.60484	0.203271	0.625956	0.374044	1.25191	0.748089	0.04927664
1870	17.9819	15.8741	2.107795	-0.106773	0.609082	0.390918	1.21816	0.781836	0.0810037
1880	18.84253	16.19617	2.64636	0.0908477	0.69727	0.30273	1.39454	0.605461	0.04727257
1890	15.97735	14.11217	1.86518	-0.00830929	0.52023	0.47977	1.04046	0.95954	0.1032456
1900	19.46411	17.01644	2.447671	-0.14336	0.735626	0.264374	1.47125	0.528748	0.05766319
1910	18.80023	16.34077	2.459459	-0.425246	0.746645	0.253355	1.49329	0.506709	0.05698744
1920	17.72241	15.8583	1.864106	-0.37083	0.767996	0.232004	1.53599	0.464008	0.1033565
1930	17.96995	15.64288	2.327071	0.108682	0.838603	0.161397	1.67721	0.322793	0.06505407
1940	16.59044	14.83111	1.759326	-0.595669	0.838214	0.161786	1.67643	0.323572	0.1147739
1950	17.779	15.67311	2.105893	-0.204877	0.569624	0.430376	1.13925	0.860752	0.08115791
1960	14.8761	13.24878	1.627324	-0.324737	0.553775	0.446225	1.10755	0.892451	0.1309697
1970	16.80109	15.06268	1.738411	-0.0646131	0.775171	0.224829	1.55034	0.449659	0.1171997
1980	19.23195	16.87787	2.354082	-0.0257941	0.73563	0.26437	1.47126	0.52874	0.06332042
1990	18.96966	16.77958	2.190078	-0.127862	0.784171	0.215829	1.56834	0.431658	0.07460532
2000	16.95979	15.02563	1.934162	0.0415529	0.866438	0.133562	1.73288	0.267123	0.09636352
2010	19.10951	16.85605	2.253458	-0.291795	0.714983	0.285017	1.42997	0.570033	0.07002361
2020	18.73891	16.56635	2.172554	-0.415199	0.731496	0.268504	1.46299	0.537008	0.07592423
2030	18.20005	16.24046	1.959591	-0.319615	0.776075	0.223925	1.55215	0.44785	0.09394402
2040	17.37542	15.27018	2.105241	-0.104179	0.524242	0.475758	1.04848	0.951517	0.0812109
2050	19.18536	16.70829	2.477076	-0.348116	0.737121	0.262879	1.47424	0.525758	0.05599228
2060	14.85354	12.95702	1.896513	-0.139593	0.345255	0.654745	0.690511	1.30949	0.1000607
2070	18.66968	16.20978	2.459905	-0.462591	0.703153	0.296847	1.40631	0.593694	0.05696203
2080	17.25031	14.48464	2.765678	0.135012	0.535576	0.464424	1.07115	0.928848	0.04195562
2090	18.30691	15.87661	2.430305	-0.114846	0.526632	0.473368	1.05326	0.946736	0.05867332
2100	18.4915	16.43319	2.058314	-0.136525	0.819714	0.180286	1.63943	0.360571	0.08511267
2110	18.29244	15.79692	2.495525	-0.481796	0.745871	0.254129	1.49174	0.508257	0.05496878
2120	16.27307	13.40954	2.863531	-0.285091	0.482613	0.517387	0.965227	1.03477	0.03804461
2130	18.66254	16.08954	2.572998	0.0393764	0.589981	0.410019	1.17996	0.820038	0.05087095
2140	14.19799	12.96766	1.230326	-0.508121	0.834942	0.165058	1.66988	0.330115	0.1947982
2150	18.75219	16.53329	2.218901	-0.00127486	0.807029	0.192971	1.61406	0.385942	0.07248572
2160	19.34495	16.97162	2.373331	-0.283509	0.730889	0.269111	1.46178	0.538221	0.06211322
2170	17.13724	14.31133	2.825915	0.00100146	0.803258	0.196742	1.60652	0.393483	0.03950296
2180	18.3201	16.18311	2.136983	0.0841721	0.81893	0.18107	1.63786	0.36214	0.07867353
2190	14.64081	12.54468	2.096133	0.182257	0.3326	0.6674	0.665201	1.3348	0.08195392
2200	18.54811	16.23156	2.316553	0.0589118	0.619193	0.380807	1.23839	0.761614	0.06574195
2210	18.35644	16.29014	2.066295	0.0272626	0.765015	0.234985	1.53003	0.469971	0.08443608
2220	19.18583	16.80172	2.384106	0.0134309	0.741883	0.258117	1.48377	0.516234	0.06144754
2230	18.59471	16.09974	2.49497	-0.449116	0.741875	0.258125	1.48375	0.516251	0.0549993
2240	17.14102	14.52083	2.620192	-0.471926	0.542881	0.457119	1.08576	0.914238	0.04852592
2250	18.29042	15.67948	2.610939	-0.0735138	0.530007	0.469993	1.06001	0.939987	0.04897703
2260	17.77111	15.75043	2.02068	0.204609	0.785054	0.214946	1.57011	0.429893	0.08837687
2270	18.03269	15.28631	2.746386	-0.121004	0.799316	0.200684	1.59863	0.401367	0.04277289
2280	18.94539	16.65877	2.286622	-0.397973	0.698062	0.301938	1.39612	0.603875	0.0677394
2290	19.27794	16.95917	2.318775	-0.260157	0.757324	0.242676	1.51465	0.485353	0.06559603
2300	18.39487	16.23616	2.158709	0.0994512	0.707928	0.292072	1.41586	0.584144	0.07698271
2310	18.77336	16.25035	2.523009	-0.295574	0.795217	0.204783	1.59043	0.409567	0.05347859
2320	18.83413	16.13371	2.700417	-0.331329	0.663274	0.336726	1.32655	0.673451	0.04478501
2330	19.31447	16.79593	2.518538	-0.100004	0.652874	0.347126	1.30575	0.694251	0.0537182
2340	18.15933	15.86439	2.294941	-0.0784941	0.541525	0.458475	1.08305	0.91695	0.06717825
2350	16.48733	13.41622	3.071102	-0.176793	0.569627	0.430373	1.13925	0.860746	0.03091336
2360	16.48351	13.41241	3.071102	-0.306465	0.69352	0.30648	1.38704	0.61296	0.03091336
2370	18.00862	15.45956	2.549062	0.0434735	0.521192	0.478808	1.04238	0.957616	0.05210332
2380	16.43052	14.41323	2.017298	0.448307	0.686144	0.313856	1.37229	0.627711	0.08867623
2390	16.66567	13.93898	2.726688	-0.522913	0.733278	0.266722	1.46656	0.533444	0.04362377
2400	17.33407	15.39124	1.942829	-0.0230732	0.661262	0.338738	1.32252	0.677477	0.09553201
2410	17.54301	15.3439	2.199105	0.338713	0.696895	0.303105	1.39379	0.606211	0.0739349
2420	18.93204	16.59742	2.334623	-0.409452	0.684512	0.315488	1.36902	0.630976	0.06456467
2430	17.97992	15.75958	2.220334	0.198232	0.817984	0.182016	1.63597	0.364032	0.07238192
2440	18.19506	15.83266	2.3624	0.240696	0.662575	0.337425	1.32515	0.67485	0.06279594
2450	18.30024	15.77591	2.52433	0.227275	0.714879	0.285121	1.42976	0.570242	0.053408
2460	19.06261	16.47423	2.588382	-0.188326	0.777893	0.222107	1.55579	0.444213	0.05009433
2470	18.72831	16.634	2.094307	-0.202019	0.77601	0.22399	1.55202	0.447981	0.08210367
2480	16.52792	14.44752	2.080398	0.253067	0.517602	0.482398	1.0352	0.964797	0.0832537
2490	18.13103	15.45329	2.677735	-0.219506	0.806775	0.193225	1.61355	0.38645	0.04581242
2500	19.42062	16.82873	2.591892	-0.191773	0.721172	0.278828	1.44234	0.557656	0.04991882
2510	18.23795	16.23652	2.001424	-0.231614	0.732561	0.267439	1.46512	0.534877	0.09009512
2520	19.0545	16.50818	2.546322	-0.0620197	0.781979	0.218021	1.56396	0.436042	0.05224627
2530	14.29426	12.80696	1.487305	0.417363	0.739071	0.260929	1.47814	0.521859	0.1506539
2540	15.98552	13.79775	2.187768	-0.627751	0.519411	0.480589	1.03882	0.961178	0.07477788
2550	18.4704	16.34232	2.128078	-0.470109	0.733479	0.266521	1.46696	0.533041	0.07937729
2560	18.04178	15.97381	2.067963	-0.530031	0.710685	0.289315	1.42137	0.57863	0.08429538
2570	16.12935	14.54155	1.587798	-0.19127	0.900999	0.0990012	1.802	0.198002	0.1362501
2580	18.77624	16.56727	2.208973	-0.0316494	0.694823	0.305177	1.38965	0.610354	0.07320894
2590	17.471	15.5638	1.907194	-0.540663	0.813551	0.186449	1.6271	0.372899	0.09899769
2600	18.37091	16.08454	2.286373	-0.202753	0.845827	0.154173	1.69165	0.308345	0.06775626
2610	17.26414	15.49201	1.772133	-0.124226	0.810589	0.189411	1.62118	0.378822	0.1133133
2620	18.66115	16.32647	2.334677	-0.444013	0.772562	0.227438	1.54512	0.454877	0.06456119
2630	18.538	16.26873	2.269275	0.067437	0.643114	0.356886	1.28623	0.713771	0.06892477
2640	14.91811	13.16778	1.750334	0.207593	0.507953	0.492047	1.01591	0.984094	0.1158106
2650	16.8809	14.49784	2.383065	0.219622	0.481953	0.518047	0.963906	1.03609	0.06151159
2660	17.39767	14.95742	2.440254	-0.0104285	0.459476	0.540524	0.918952	1.08105	0.05809247
2670	18.38895	16.09192	2.29703	0.199467	0.688635	0.311365	1.37727	0.62273	0.06703803
2680	18.92111	16.33057	2.590545	0.0918535	0.717879	0.282121	1.43576	0.564241	0.04998611
2690	17.25667	14.46228	2.794395	-0.368939	0.545638	0.454362	1.09128	0.908724	0.04076791
2700	16.19154	14.12847	2.063075	0.491605	0.746438	0.253562	1.49288	0.507125	0.08470844
2710	18.95599	16.49226	2.463734	-0.156723	0.594598	0.405402	1.1892	0.810804	0.05674434
2720	19.08713	16.58646	2.500669	-0.2697	0.620214	0.379786	1.24043	0.759573	0.05468672
2730	18.16106	15.93096	2.230101	0.216778	0.787794	0.212206	1.57559	0.424411	0.0716784
2740	18.28115	15.98096	2.30019	0.0665355	0.587678	0.412322	1.17536	0.824643	0.06682651
2750	14.9396	13.43027	1.509331	0.35341	0.802308	0.197692	1.60462	0.395384	0.1473719
2760	18.76498	16.40533	2.359657	-0.420886	0.773315	0.226685	1.54663	0.453371	0.06296843
2770	19.08775	16.68989	2.397865	0.0560303	0.740758	0.259242	1.48152	0.518484	0.06060788
2780	17.27057	15.33615	1.934421	-0.258001	0.621812	0.378188	1.24362	0.756375	0.09633858
2790	16.12653	14.14474	1.981789	-0.22861	0.432367	0.567633	0.864733	1.13527	0.09188161
2800	17.00959	14.96154	2.048042	-0.401758	0.511602	0.488398	1.0232	0.976797	0.08599148
2810	18.96547	16.27181	2.693656	0.0253091	0.672538	0.327462	1.34508	0.654923	0.04508882
2820	19.27065	16.76758	2.503071	-0.329024	0.714787	0.285213	1.42957	0.570426	0.05455555
2830	17.59103	14.65239	2.938637	0.075885	0.691248	0.308752	1.3825	0.617504	0.03529189
2840	18.4854	16.35695	2.128456	-0.134819	0.674751	0.325249	1.3495	0.650497	0.07934729
2850	18.93355	16.27903	2.654523	-0.0186379	0.759196	0.240804	1.51839	0.481608	0.04688827
2860	18.62742	16.45933	2.168084	0.0111814	0.712439	0.287561	1.42488	0.575122	0.07626436
2870	16.63808	14.5242	2.113884	-0.386776	0.450994	0.549006	0.901987	1.09801	0.08051196
2880	15.35479	13.75169	1.603104	-0.610029	0.621355	0.378645	1.24271	0.757291	0.1341806
2890	14.06772	12.15224	1.915481	-0.394492	0.308308	0.691692	0.616616	1.38338	0.09818068
2900	19.07037	16.39161	2.678756	-0.0931763	0.750459	0.249541	1.50092	0.499082	0.04576566
2910	17.32091	14.7531	2.567808	0.0823179	0.837126	0.162874	1.67425	0.325749	0.05113566
2920	18.32284	16.2716	2.05124	-0.0104511	0.751273	0.248727	1.50255	0.497454	0.08571695
2930	18.66296	16.3486	2.314364	-0.302774	0.598345	0.401655	1.19669	0.80331	0.065886
2940	19.01171	16.69518	2.316532	-0.378013	0.764156	0.235844	1.52831	0.471689	0.06574334
2950	18.73766	16.23101	2.506647	0.062904	0.786878	0.213122	1.57376	0.426243	0.05436077
2960	18.66349	16.32994	2.333549	0.155834	0.705211	0.294789	1.41042	0.589579	0.06463403
2970	15.60503	13.66239	1.942638	-0.279919	0.396954	0.603046	0.793909	1.20609	0.09555025
2980	18.19887	16.21589	1.982983	-0.230446	0.835792	0.164208	1.67158	0.328417	0.09177201
2990	14.82856	13.08147	1.747089	0.553621	0.673239	0.326761	1.34648	0.653523	0.116187
3000	17.66258	15.78982	1.872759	-0.118613	0.775419	0.224581	1.55084	0.449161	0.102466
3010	18.16547	16.20295	1.962522	-0.168252	0.775268	0.224732	1.55054	0.449464	0.09366905
3020	17.74287	15.84793	1.894936	-0.0262534	0.836378	0.163622	1.67276	0.327244	0.1002186
3030	18.11349	15.64282	2.470673	0.176913	0.583978	0.416022	1.16796	0.832045	0.05635194
3040	18.34571	15.68648	2.659238	0.173652	0.709068	0.290932	1.41814	0.581863	0.04666768
3050	19.343	16.68376	2.659238	-0.14918	0.688607	0.311393	1.37721	0.622787	0.04666768
3060	18.55645	16.0341	2.522348	0.164685	0.648889	0.351111	1.29778	0.702221	0.05351393
3070	19.27369	16.6398	2.63389	-0.12646	0.650225	0.349775	1.30045	0.699549	0.04786574
3080	19.02746	16.68607	2.341388	-0.291012	0.64451	0.35549	1.28902	0.71098	0.06412933
3090	18.71467	16.61495	2.099728	-0.256992	0.798235	0.201765	1.59647	0.40353	0.08165982
3100	18.71042	16.5921	2.11832	-0.0919564	0.754526	0.245474	1.50905	0.490948	0.08015563
3110	17.3758	15.50372	1.872084	-0.460573	0.691047	0.308953	1.38209	0.617906	0.1025352
3120	18.22181	15.32702	2.894795	-0.0404247	0.62745	0.37255	1.2549	0.745101	0.03687357
3130	17.95763	15.24977	2.707857	-0.0520503	0.52159	0.47841	1.04318	0.95682	0.04445303
3140	18.9101	16.66725	2.24285	0.0225545	0.764588	0.235412	1.52918	0.470824	0.07077033
3150	19.25555	16.72305	2.532502	-0.325105	0.714052	0.285948	1.4281	0.571896	0.05297332
3160	17.16658	14.64921	2.517372	0.343982	0.62151	0.37849	1.24302	0.75698	0.05378089
3170	19.17549	16.87141	2.30408	-0.330629	0.722268	0.277732	1.44454	0.555463	0.06656709
3180	18.40739	16.1748	2.232587	-0.357865	0.82957	0.17043	1.65914	0.34086	0.07150037
3190	18.43251	15.66146	2.771049	-0.00673967	0.592643	0.407357	1.18529	0.814715	0.04173089
3200	18.9938	16.48039	2.513404	0.0622507	0.756366	0.243634	1.51273	0.487268	0.05399473
3210	17.80966	15.47182	2.337845	-0.501225	0.576214	0.423786	1.15243	0.847571	0.06435698
3220	18.98932	16.4035	2.585816	0.0790197	0.688434	0.311566	1.37687	0.623132	0.05022307
3230	19.22534	16.80375	2.421591	-0.279211	0.772923	0.227077	1.54585	0.454155	0.05918685
3240	17.84494	15.85345	1.991492	-0.354917	0.854703	0.145297	1.70941	0.290595	0.09099446
3250	15.68677	13.76847	1.918304	-0.447681	0.433165	0.566835	0.866331	1.13367	0.0979039
3260	18.64292	16.55139	2.09153	-0.17782	0.811892	0.188108	1.62378	0.376217	0.08233201
3270	18.30994	16.23315	2.076789	-0.415642	0.687764	0.312236	1.37553	0.624472	0.08355466
3280	17.81825	15.83833	1.979924	-0.380047	0.666911	0.333089	1.33382	0.666178	0.09205317
3290	18.29648	16.29498	2.001496	-0.333814	0.817345	0.182655	1.63469	0.36531	0.09008862
3300	16.73161	14.2266	2.50501	-0.540588	0.539461	0.460539	1.07892	0.921078	0.05444985
3310	17.57679	15.55769	2.019108	-0.20205	0.602378	0.397622	1.20476	0.795244	0.08851587
3320	18.02026	15.78854	2.231726	-0.1359	0.541582	0.458418	1.08316	0.916836	0.07156201
3330	19.31304	16.89695	2.416091	-0.04381	0.70121	0.29879	1.40242	0.59758	0.05951329
3340	17.91039	15.1039	2.80649	0.135103	0.721271	0.278729	1.44254	0.557458	0.04027778
3350	18.07801	15.91587	2.162147	0.224197	0.725169	0.274831	1.45034	0.549663	0.07671856
3360	18.34967	15.78152	2.568145	0.207288	0.674128	0.325872	1.34826	0.651745	0.05111842
3370	18.93641	16.22758	2.708836	-0.284169	0.648471	0.351529	1.29694	0.703058	0.04440953
3380	18.5104	16.11316	2.397243	0.0248149	0.82229	0.17771	1.64458	0.35542	0.06064563
3390	17.49183	15.53225	1.959584	-0.234314	0.878503	0.121497	1.75701	0.242993	0.09394466
3400	17.62249	15.00183	2.62066	-0.0549884	0.482233	0.517767	0.964466	1.03553	0.04850323
3410	15.58312	13.96634	1.61678	-0.67888	0.674193	0.325807	1.34839	0.651613	0.1323579
3420	18.68427	16.35371	2.330559	-0.0503859	0.602941	0.397059	1.20588	0.794119	0.0648276
3430	17.91609	15.90549	2.010606	-0.153587	0.671661	0.328339	1.34332	0.656678	0.08927163
3440	15.91978	14.22492	1.694857	-0.706429	0.753998	0.246002	1.508	0.492005	0.1224169
3450	18.1605	16.0912	2.0693	-0.149494	0.854793	0.145207	1.70959	0.290413	0.08418273
3460	19.11998	16.72125	2.398737	-0.379969	0.730939	0.269061	1.46188	0.538123	0.06055507
3470	19.13018	16.81688	2.313303	-0.316729	0.686681	0.313319	1.37336	0.626638	0.06595596
3480	19.39133	16.79785	2.593485	-0.206818	0.727264	0.272736	1.45453	0.545473	0.04983936
3490	17.88669	15.39973	2.486956	-0.202057	0.488404	0.511596	0.976808	1.02319	0.05544181
3500	17.80438	15.12328	2.681097	0.0361922	0.520728	0.479272	1.04146	0.958544	0.04565864
3510	18.61667	15.77016	2.846502	-0.0433824	0.683281	0.316719	1.36656	0.633437	0.03869802
3520	16.76449	14.76256	2.001932	-0.173481	0.500555	0.499445	1.00111	0.99889	0.09004937
3530	18.43966	16.32966	2.109996	0.00226117	0.718876	0.281124	1.43775	0.562248	0.08082566
3540	17.84254	15.72183	2.120712	0.254643	0.783721	0.216279	1.56744	0.432559	0.07996417
3550	19.06473	16.33142	2.733303	-0.05323	0.674137	0.325863	1.34827	0.651726	0.04333614
3560	19.08494	16.67373	2.411209	-0.381392	0.685283	0.314717	1.37057	0.629434	0.05980449
3570	18.47513	15.60294	2.872195	-0.0595627	0.649436	0.350564	1.29887	0.701128	0.0377164
3580	18.2103	15.39535	2.814946	-0.356653	0.671861	0.328139	1.34372	0.656279	0.03993863
3590	19.44951	17.01831	2.431205	-0.196064	0.703356	0.296644	1.40671	0.593288	0.05862053
3600	17.46569	15.06507	2.40062	0.193868	0.522639	0.477361	1.04528	0.954721	0.06044113
3610	18.05865	15.92397	2.134678	0.151052	0.823374	0.176626	1.64675	0.353252	0.07885513
3620	18.10323	15.99876	2.104466	0.0825214	0.681219	0.318781	1.36244	0.637563	0.08127382
3630	17.89556	15.37652	2.519042	0.278196	0.658841	0.341159	1.31768	0.682317	0.05369116
3640	17.74683	15.85028	1.896553	-0.00467647	0.813441	0.186559	1.62688	0.373119	0.1000567
3650	18.57484	16.39255	2.182292	0.100134	0.761938	0.238062	1.52388	0.476124	0.07518847
3660	16.08859	14.20054	1.888045	0.111649	0.540234	0.459766	1.08047	0.919532	0.1009116
3670	16.49448	14.89038	1.604105	-0.209349	0.852814	0.147186	1.70563	0.294371	0.1340463
3680	18.35065	16.3445	2.006153	-0.150197	0.81534	0.18466	1.63068	0.369321	0.08967011
3690	18.6527	16.15576	2.496941	-0.18494	0.556066	0.443934	1.11213	0.887869	0.054891
3700	15.73833	14.05996	1.678368	-0.0722092	0.679807	0.320193	1.35961	0.640386	0.1244522
3710	17.96134	15.42295	2.538393	-0.425449	0.796515	0.203485	1.59303	0.40697	0.05266217
3720	17.10524	15.21755	1.887693	-0.127533	0.659115	0.340885	1.31823	0.68177	0.1009471
3730	19.21378	16.63697	2.576803	-0.082206	0.63629	0.36371	1.27258	0.727419	0.05067777
3740	17.16836	15.34931	1.819056	-0.282997	0.715338	0.284662	1.43068	0.569324	0.1081192
3750	19.18705	16.71926	2.467796	0.0345203	0.699835	0.300165	1.39967	0.60033	0.05651433
3760	16.90009	14.79304	2.107048	0.0611286	0.491253	0.508747	0.982507	1.01749	0.08106426
3770	17.32686	15.35362	1.973241	0.179938	0.68849	0.31151	1.37698	0.623019	0.09267045
3780	16.59935	14.61895	1.980405	0.318154	0.617837	0.382163	1.23567	0.764326	0.09200887
3790	17.31639	15.24413	2.07226	-0.30386	0.526546	0.473454	1.05309	0.946908	0.08393393
3800	17.97748	15.44207	2.535407	-0.0498073	0.500681	0.499319	1.00136	0.998639	0.05281964
3810	18.7078	16.13666	2.571139	0.136197	0.732095	0.267905	1.46419	0.535809	0.05096561
3820	19.1286	16.86114	2.267465	-0.267388	0.702783	0.297217	1.40557	0.594435	0.06904963
3830	18.52931	16.20885	2.32046	-0.424818	0.797629	0.202371	1.59526	0.404742	0.06548559
3840	18.46209	16.32421	2.137882	-0.47205	0.765007	0.234993	1.53001	0.469987	0.07860289
3850	18.75412	16.61006	2.144056	-0.202185	0.709249	0.290751	1.4185	0.581502	0.07811904
3860	18.4286	16.09426	2.334348	-0.0535943	0.838925	0.161075	1.67785	0.322149	0.06458238
3870	16.20334	14.34172	1.861625	-0.699735	0.767646	0.232354	1.53529	0.464707	0.1036132
3880	17.35844	15.38731	1.971128	-0.546432	0.640586	0.359414	1.28117	0.718828	0.09286639
3890	15.91223	13.21729	2.694938	-0.553304	0.761848	0.238152	1.5237	0.476303	0.04503106
3900	18.62668	16.49051	2.13617	-0.203439	0.82773	0.17227	1.65546	0.344541	0.07873758
3910	17.58985	15.76318	1.826673	-0.387456	0.787194	0.212806	1.57439	0.425612	0.1072988
3920	18.9322	16.28223	2.64997	0.0383497	0.647029	0.352971	1.29406	0.705943	0.0471022
3930	19.08735	16.83113	2.256226	-0.15801	0.792334	0.207666	1.58467	0.415332	0.06983003
3940	15.94205	13.55334	2.38871	0.265694	0.434661	0.565339	0.869322	1.13068	0.06116534
3950	18.52633	16.32616	2.200174	-0.469697	0.77069	0.22931	1.54138	0.45862	0.07385589
3960	18.17188	15.97171	2.200174	-0.50472	0.790615	0.209385	1.58123	0.418771	0.07385589
3970	17.02205	15.15875	1.863299	0.114739	0.720646	0.279354	1.44129	0.558709	0.10344
3980	17.51507	15.62352	1.891551	0.0175996	0.75657	0.24343	1.51314	0.48686	0.1005584
3990	14.30973	12.97587	1.333859	-0.127184	0.82256	0.17744	1.64512	0.35488	0.1756391
4000	18.42866	16.28316	2.145506	0.0970367	0.796682	0.203318	1.59336	0.406635	0.07800587
4010	19.31841	16.81747	2.500939	-0.205715	0.766071	0.233929	1.53214	0.467858	0.05467196
4020	17.03439	14.83936	2.195026	-0.119495	0.449431	0.550569	0.898862	1.10114	0.07423708
4030	17.49709	15.32002	2.177077	-0.611374	0.681722	0.318278	1.36344	0.636556	0.07558161
4040	18.39264	16.3233	2.069344	-0.189702	0.70102	0.29898	1.40204	0.597959	0.08417905
4050	16.81151	14.78425	2.027266	0.390443	0.685991	0.314009	1.37198	0.628017	0.08779672
4060	17.541	15.31758	2.223427	-0.238113	0.48966	0.51034	0.97932	1.02068	0.07215838
4070	17.92339	15.71469	2.2087	0.283756	0.736717	0.263283	1.47343	0.526566	0.07322891
4080	17.62396	15.78664	1.837321	-0.240215	0.848736	0.151264	1.69747	0.302529	0.1061623
4090	19.05848	16.47658	2.581893	-0.00377112	0.761422	0.238578	1.52284	0.477155	0.05042048
4100	18.05451	15.98716	2.067355	0.125569	0.727752	0.272248	1.4555	0.544495	0.08434664
4110	19.27585	16.75433	2.521517	-0.043059	0.755105	0.244895	1.51021	0.48979	0.05355844
4120	19.10647	16.74307	2.363407	-0.366239	0.687727	0.312273	1.37545	0.624546	0.06273275
4130	19.10135	16.70509	2.396259	-0.116387	0.798536	0.201464	1.59707	0.402929	0.06070531
4140	19.20066	16.52021	2.680444	-0.0975283	0.655292	0.344708	1.31058	0.689416	0.04568848
4150	16.63472	14.84264	1.792084	-0.190927	0.900888	0.099112	1.80178	0.198224	0.111075
4160	19.05472	16.6806	2.374118	-0.152296	0.689974	0.310026	1.37995	0.620052	0.06206437
4170	17.93018	15.64548	2.284706	-0.264649	0.85746	0.14254	1.71492	0.28508	0.06786936
4180	13.57833	12.4625	1.115836	-0.368509	0.881267	0.118733	1.76253	0.237466	0.2184274
4190	17.76391	15.83542	1.92849	-0.289666	0.707076	0.292924	1.41415	0.585849	0.09691168
4200	17.40172	15.0779	2.32382	0.0177956	0.472029	0.527971	0.944058	1.05594	0.06526591
4210	17.77055	15.68346	2.087086	-0.104053	0.871904	0.128096	1.74381	0.256192	0.08269875
4220	16.62846	14.65472	1.973734	-0.661484	0.787812	0.212188	1.57562	0.424376	0.09262469
4230	16.15572	13.9207	2.23502	-0.686285	0.664876	0.335124	1.32975	0.670247	0.07132663
4240	17.59142	15.10226	2.489161	0.208483	0.811554	0.188446	1.62311	0.376891	0.05531969
4250	18.66015	16.44221	2.217942	0.100728	0.762172	0.237828	1.52434	0.475656	0.07255521
4260	10.14005	9.376728	0.7633213	0.449904	0.87628	0.12372	1.75256	0.24744	0.3107438
4270	13.43376	12.31678	1.116982	-0.117265	0.936508	0.0634916	1.87302	0.126983	0.2181774
4280	14.20145	12.83532	1.366128	-0.358153	0.749571	0.250429	1.49914	0.500858	0.1700618
4290	13.27588	11.79936	1.476521	-0.138666	0.522963	0.477037	1.04593	0.954073	0.1522873
4300	17.39516	15.00147	2.393684	0.324666	0.606747	0.393253	1.21349	0.786506	0.06086184
4310	17.88788	15.53124	2.35664	-0.225767	0.496076	0.503924	0.992153	1.00785	0.06315865
4320	18.7738	16.42524	2.348554	-0.439563	0.757716	0.242284	1.51543	0.484569	0.06367141
4330	16.27635	13.35147	2.924883	-0.165832	0.484408	0.515592	0.968817	1.03118	0.03578064
4340	18.19741	15.46811	2.729295	-0.263187	0.786081	0.213919	1.57216	0.427838	0.04351019
4350	17.89602	14.94556	2.950458	-0.187551	0.618952	0.381048	1.2379	0.762096	0.03487717
4360	18.27655	16.17535	2.1012	0.105924	0.742027	0.257973	1.48405	0.515946	0.0815397
4370	15.35163	13.24448	2.10714	0.557795	0.732571	0.267429	1.46514	0.534859	0.08105678
4380	18.78526	16.17572	2.609543	-0.174854	0.574109	0.425891	1.14822	0.851782	0.04904546
4390	18.01232	16.00939	2.00293	-0.184064	0.691549	0.308451	1.3831	0.616902	0.08995956
4400	18.55509	16.49909	2.055998	-0.278074	0.751162	0.248838	1.50232	0.497676	0.08531001
4410	16.84803	14.91853	1.929493	-0.4358	0.560553	0.439447	1.12111	0.878895	0.09681454
4420	14.35536	12.87902	1.476334	-0.395111	0.641923	0.358077	1.28385	0.716155	0.1523158
4430	18.12147	16.16331	1.95816	-0.111975	0.824498	0.175502	1.649	0.351003	0.09407858
4440	17.11203	15.36659	1.745441	-0.207047	0.870713	0.129287	1.74143	0.258573	0.1163787
4450	17.00941	14.16171	2.847703	-0.457486	0.688436	0.311564	1.37687	0.623127	0.03865155
4460	15.07383	13.51851	1.555323	-0.195426	0.699774	0.300226	1.39955	0.600452	0.1407475
4470	19.08473	16.70348	2.381247	-0.338804	0.658924	0.341076	1.31785	0.682151	0.0616235
4480	19.07044	16.34941	2.721029	-0.205827	0.72718	0.27282	1.45436	0.54564	0.04387135
4490	18.4609	15.77628	2.684617	0.0574705	0.591765	0.408235	1.18353	0.81647	0.04549822
4500	19.29596	16.61585	2.680106	-0.172531	0.699475	0.300525	1.39895	0.60105	0.04570392
4510	17.84479	15.39558	2.44921	0.100084	0.520993	0.479007	1.04199	0.958014	0.0575745
4520	18.84078	16.24753	2.593242	0.0510441	0.623321	0.376679	1.24664	0.753358	0.04985148
4530	18.80282	16.56302	2.239799	-0.220235	0.646166	0.353834	1.29233	0.707669	0.0709866
4540	18.81891	16.53039	2.288517	-0.067411	0.639965	0.360035	1.27993	0.720071	0.06761114
4550	18.09741	15.82645	2.270968	0.252546	0.769398	0.230602	1.5388	0.461205	0.06880816
4560	16.06089	14.06035	2.000538	0.314924	0.523272	0.476728	1.04654	0.953455	0.09017498
4570	18.31714	16.10549	2.211647	0.18924	0.715993	0.284007	1.43199	0.568014	0.0730134
4580	19.32179	16.99958	2.322204	-0.233665	0.741289	0.258711	1.48258	0.517421	0.0653715
4590	15.251	13.67349	1.577508	-0.658679	0.639498	0.360502	1.279	0.721005	0.1376593
4600	18.78193	16.52621	2.255726	-0.368575	0.655535	0.344465	1.31107	0.688931	0.06986498
4610	17.19396	15.39273	1.801232	0.0275406	0.858252	0.141748	1.7165	0.283496	0.1100636
4620	18.5566	16.36599	2.190608	-0.0449626	0.658652	0.341348	1.3173	0.682696	0.07456582
4630	18.27888	15.46226	2.81662	0.076067	0.647978	0.352022	1.29596	0.704043	0.03987184
4640	18.55294	15.70654	2.846405	-0.164946	0.62682	0.37318	1.25364	0.74636	0.03870175
4650	18.65306	15.79827	2.854793	-0.10525	0.694874	0.305126	1.38975	0.610251	0.03837848
4660	15.54684	12.94429	2.602549	-0.629964	0.635857	0.364143	1.27171	0.728286	0.04938967
4670	19.35381	16.74469	2.609118	-0.186737	0.664015	0.335985	1.32803	0.67197	0.04906629
4680	18.29151	16.1018	2.189713	-0.0484342	0.61302	0.38698	1.22604	0.77396	0.07463256
4690	19.10993	16.36084	2.749086	-0.127785	0.684346	0.315654	1.36869	0.631309	0.04265754
4700	18.10369	15.68345	2.420245	0.168248	0.580229	0.419771	1.16046	0.839541	0.05926656
4710	18.66398	16.19293	2.471046	-0.136141	0.559037	0.440963	1.11807	0.881926	0.05633097
4720	16.62254	14.50432	2.118218	-0.0660697	0.436847	0.563153	0.873694	1.12631	0.0801638
4730	17.65955	15.73816	1.921383	-0.409867	0.692473	0.307527	1.38495	0.615054	0.09760287
4740	17.47622	15.43421	2.042007	0.24082	0.687194	0.312806	1.37439	0.625611	0.08651198
4750	18.22463	15.58223	2.642401	-0.280798	0.541596	0.458404	1.08319	0.916807	0.04746009
4760	14.94804	13.52863	1.419408	-0.680092	0.850683	0.149317	1.70137	0.298634	0.1612381
4770	17.71336	15.83563	1.877733	-0.0664255	0.798579	0.201421	1.59716	0.402841	0.1019577
4780	19.41102	16.89115	2.519868	-0.122187	0.747623	0.252377	1.49525	0.504754	0.05364683
4790	16.20457	14.21749	1.987085	0.458479	0.665823	0.334177	1.33165	0.668355	0.0913963
4800	17.51334	15.28993	2.223407	-0.606088	0.740436	0.259564	1.48087	0.519128	0.0721598
4810	18.91209	16.53419	2.377897	-0.254406	0.609104	0.390896	1.21821	0.781792	0.06183028
4820	18.56534	16.28557	2.279767	0.118048	0.669864	0.330136	1.33973	0.660272	0.06820538
4830	18.25497	16.23045	2.024516	-0.240031	0.710842	0.289158	1.42168	0.578316	0.08803853
4840	17.33952	15.42024	1.919277	0.164935	0.740714	0.259286	1.48143	0.518572	0.09780866
4850	18.83667	16.59624	2.240423	-0.415171	0.706592	0.293408	1.41318	0.586817	0.07094232
4860	19.46973	16.94653	2.523209	-0.218404	0.716068	0.283932	1.43214	0.567864	0.05346788
4870	19.15723	16.83131	2.325919	-0.354667	0.724437	0.275563	1.44887	0.551126	0.06512907
4880	16.68825	14.22896	2.459286	0.200898	0.46305	0.53695	0.926099	1.0739	0.05699731
4890	19.14483	16.65411	2.490725	0.0530581	0.722823	0.277177	1.44565	0.554353	0.05523325
4900	18.28984	15.83383	2.456011	0.206352	0.633874	0.366126	1.26775	0.732252	0.0571843
4910	19.27307	16.58549	2.687581	-0.116117	0.688347	0.311653	1.37669	0.623305	0.04536355
4920	18.3246	16.19812	2.126484	-0.299907	0.637072	0.362928	1.27414	0.725857	0.07950387
4930	19.06889	16.69059	2.378302	0.0589747	0.729074	0.270926	1.45815	0.541851	0.06180526
4940	17.53208	14.87124	2.660834	-0.378258	0.52648	0.47352	1.05296	0.947039	0.04659325
4950	17.50043	14.76218	2.738247	-0.135982	0.81903	0.18097	1.63806	0.36194	0.04312242
4960	19.34851	16.79772	2.550792	-0.0316054	0.709646	0.290354	1.41929	0.580708	0.05201323
4970	18.988	16.33499	2.653016	-0.00403622	0.748482	0.251518	1.49696	0.503036	0.04695895
4980	13.63264	10.81268	2.819962	-0.625659	0.674565	0.325435	1.34913	0.65087	0.03973879
4990	17.08354	14.56093	2.522612	-0.0206286	0.440868	0.559132	0.881735	1.11826	0.05349984
5000	17.02741	15.23405	1.793361	-0.493486	0.706522	0.293478	1.41304	0.586956	0.1109333
5010	17.33704	15.16111	2.175927	0.310482	0.81544	0.18456	1.63088	0.36912	0.07566857
5020	19.16148	16.75191	2.409576	-0.0456101	0.782001	0.217999	1.564	0.435999	0.05990227
5030	18.02042	15.55771	2.462708	-0.31225	0.514163	0.485837	1.02833	0.971675	0.05680262
5040	17.36928	15.46699	1.902291	-0.308821	0.876476	0.123524	1.75295	0.247047	0.0994842
5050	19.23408	16.63305	2.601026	-0.191112	0.635667	0.364333	1.27133	0.728666	0.04946494
5060	18.76313	15.98649	2.776633	-0.241507	0.634275	0.365725	1.26855	0.731449	0.04149851
5070	18.00506	16.03229	1.972776	-0.161208	0.852995	0.147005	1.70599	0.294011	0.09271351
5080	19.0695	16.71147	2.358034	-0.0250851	0.666881	0.333119	1.33376	0.666238	0.06307067
5090	16.38868	14.47566	1.91302	0.273732	0.614523	0.385477	1.22905	0.770955	0.09842254
5100	18.66976	16.57407	2.095697	-0.341604	0.750584	0.249416	1.50117	0.498833	0.0819897
5110	19.40709	16.88833	2.518762	-0.0852534	0.683785	0.316215	1.36757	0.632431	0.05370619
5120	18.03817	16.12251	1.915652	-0.22923	0.811863	0.188137	1.62373	0.376274	0.09816384
5130	19.33925	16.85166	2.487587	-0.274404	0.673233	0.326767	1.34647	0.653534	0.05540685
5140	19.44135	16.85382	2.587528	-0.12479	0.709596	0.290404	1.41919	0.580807	0.05013712
5150	18.82624	16.2021	2.624138	-0.109315	0.787809	0.212191	1.57562	0.424382	0.04833482
5160	18.52711	16.14772	2.379383	0.152361	0.644201	0.355799	1.2884	0.711599	0.06173848
5170	16.61321	14.9582	1.655003	-0.531771	0.836398	0.163602	1.6728	0.327204	0.1273944
5180	17.13017	15.24495	1.885217	-0.0354282	0.682407	0.317593	1.36481	0.635186	0.1011974
5190	13.13047	11.67808	1.452384	-0.196063	0.519668	0.480332	1.03934	0.960664	0.1560078
5200	19.07874	16.73294	2.345799	0.0198966	0.765864	0.234136	1.53173	0.468272	0.06384709
5210	19.39485	17.0068	2.388047	-0.253619	0.73082	0.26918	1.46164	0.53836	0.0612059
5220	15.78337	13.25143	2.531944	0.194193	0.41653	0.58347	0.833059	1.16694	0.05300289
5230	17.7354	15.4896	2.245797	-0.238579	0.503342	0.496658	1.00668	0.993317	0.0705621
5240	16.38457	14.1107	2.273876	-0.341175	0.406722	0.593278	0.813443	1.18656	0.06860832
5250	18.82916	16.6665	2.162663	-0.0730197	0.745204	0.254796	1.49041	0.509592	0.07667894
5260	19.02433	16.41251	2.611817	-0.267431	0.619338	0.380662	1.23868	0.761325	0.04893404
5270	17.87994	15.26812	2.611817	0.139981	0.551278	0.448722	1.10256	0.897444	0.04893404
5280	19.02616	16.4723	2.553857	-0.0557973	0.610336	0.389664	1.22067	0.779329	0.05185405
5290	18.16328	15.87821	2.28507	0.212389	0.794128	0.205872	1.58826	0.411745	0.0678446
5300	18.95526	16.75825	2.197009	-0.320393	0.724491	0.275509	1.44898	0.551017	0.07409003
5310	18.64084	16.46176	2.179089	-0.0812359	0.674837	0.325163	1.34967	0.650327	0.07542974
5320	18.7667	16.6528	2.113904	-0.148072	0.770039	0.229961	1.54008	0.459923	0.08051038
5330	18.8052	16.64004	2.165166	-0.362683	0.72171	0.27829	1.44342	0.556581	0.07648728
5340	17.19212	15.14754	2.04458	-0.32845	0.881793	0.118207	1.76359	0.236415	0.08628973
5350	18.23129	16.05476	2.176528	-0.463345	0.635255	0.364745	1.27051	0.729491	0.07562313
5360	17.49291	15.1735	2.31941	-0.27881	0.865281	0.134719	1.73056	0.269438	0.06555439
5370	19.20979	16.75949	2.4503	0.0268794	0.730114	0.269886	1.46023	0.539772	0.05751182
5380	19.02039	16.74734	2.273048	-0.342355	0.690409	0.309591	1.38082	0.619183	0.06866518
5390	19.06934	16.73636	2.332973	-0.386839	0.734402	0.265598	1.4688	0.531195	0.06467127
5400	18.02687	15.64935	2.377519	0.0059787	0.846525	0.153475	1.69305	0.306949	0.06185367
5410	15.29147	13.3374	1.954067	-0.750157	0.704765	0.295235	1.40953	0.590469	0.09446445
5420	18.75457	16.49323	2.261341	-0.0542648	0.646624	0.353376	1.29325	0.706753	0.06947375
5430	18.50048	16.11187	2.388605	0.138936	0.627554	0.372446	1.25511	0.744891	0.06117175
5440	18.8531	16.45196	2.401139	0.025809	0.798404	0.201596	1.59681	0.403192	0.06040976
5450	18.77213	16.50572	2.26641	-0.127152	0.633031	0.366969	1.26606	0.733938	0.06912253
5460	18.83315	16.62831	2.204837	-0.0120534	0.724681	0.275319	1.44936	0.550638	0.07351234
5470	18.58258	16.26838	2.314202	-0.490079	0.716098	0.283902	1.4322	0.567805	0.06589667
5480	19.03588	16.45859	2.577287	0.0378299	0.65158	0.34842	1.30316	0.69684	0.05065323
5490	17.29352	15.14881	2.144711	-0.257676	0.489821	0.510179	0.979641	1.02036	0.0780679
5500	18.44004	16.39924	2.040792	-0.296118	0.81829	0.18171	1.63658	0.363421	0.08661717
5510	19.00108	16.81211	2.188972	-0.143845	0.762308	0.237692	1.52462	0.475383	0.07468794
5520	17.30519	15.36807	1.937117	-0.0959652	0.648095	0.351905	1.29619	0.70381	0.09607919
5530	19.22773	16.66252	2.565211	-0.193571	0.766701	0.233299	1.5334	0.466597	0.05126863
5540	17.46095	15.59241	1.868541	0.0387355	0.852071	0.147929	1.70414	0.295859	0.1028991
5550	18.57345	16.13575	2.437701	-0.167695	0.551697	0.448303	1.10339	0.896606	0.058241
5560	16.90029	14.66119	2.239104	-0.0303002	0.435628	0.564372	0.871256	1.12874	0.07103598
5570	17.68294	15.74331	1.939625	-0.457577	0.83792	0.16208	1.67584	0.32416	0.09583855
5580	15.98199	14.08856	1.893436	-0.105042	0.914443	0.0855574	1.82889	0.171115	0.1003691
5590	17.73332	15.8812	1.852125	-0.184822	0.823495	0.176505	1.64699	0.353011	0.1046023
5600	17.19282	15.26404	1.928778	0.116241	0.684887	0.315113	1.36977	0.630227	0.09688381
5610	18.80515	16.03748	2.767677	-0.204374	0.623695	0.376305	1.24739	0.75261	0.04187182
5620	17.46939	15.09497	2.374418	0.342851	0.75583	0.24417	1.51166	0.48834	0.06204574
5630	18.27402	16.20222	2.071802	-0.434524	0.690809	0.309191	1.38162	0.618383	0.08397239
5640	18.63466	16.56562	2.069045	-0.233929	0.795162	0.204838	1.59032	0.409676	0.08420426
5650	19.321	16.77154	2.549458	-0.12158	0.649519	0.350481	1.29904	0.700961	0.05208268
5660	18.24293	16.17852	2.064412	-0.456074	0.700056	0.299944	1.40011	0.599888	0.08459523
5670	18.4285	16.04077	2.387732	-0.157193	0.543318	0.456682	1.08664	0.913364	0.06122514
5680	18.76533	15.95311	2.812228	-0.222942	0.660792	0.339208	1.32158	0.678417	0.04004735
5690	17.96492	15.35758	2.607336	-0.128846	0.500568	0.499432	1.00114	0.998864	0.04915379
5700	17.57692	15.1439	2.433019	0.339662	0.693421	0.306579	1.38684	0.613158	0.05851429
5710	19.35813	16.89429	2.463847	-0.142695	0.664291	0.335709	1.32858	0.671419	0.05673792
5720	19.32625	16.78855	2.537699	-0.17237	0.647577	0.352423	1.29515	0.704846	0.05269871
5730	18.59601	16.37499	2.221022	0.0884885	0.796756	0.203244	1.59351	0.406489	0.07233211
5740	18.945	16.37313	2.571876	0.0962267	0.703454	0.296546	1.40691	0.593093	0.05092805
5750	19.01524	16.42063	2.594613	-0.322066	0.748813	0.251187	1.49763	0.502375	0.04978319
5760	18.95633	16.7211	2.235229	-0.0679857	0.705939	0.294061	1.41188	0.588121	0.07131173
5770	18.38893	16.22191	2.167018	-0.49799	0.706143	0.293857	1.41229	0.587714	0.07634574
5780	19.01981	16.47439	2.545426	0.0837799	0.709763	0.290237	1.41953	0.580475	0.05229307
5790	19.04599	16.67855	2.367441	-0.0531303	0.648396	0.351604	1.29679	0.703207	0.06248018
5800	19.11273	16.39796	2.714769	-0.190642	0.650396	0.349604	1.30079	0.699208	0.04414683
5810	19.2225	16.65039	2.57211	-0.297941	0.736012	0.263988	1.47202	0.527975	0.05091614
5820	18.9941	16.68899	2.30511	-0.292582	0.798773	0.201227	1.59755	0.402453	0.06649855
5830	18.08605	15.95976	2.126291	-0.170111	0.604189	0.395811	1.20838	0.791622	0.07951923
5840	18.37723	16.3178	2.05943	-0.427296	0.727303	0.272697	1.45461	0.545393	0.08501775
5850	18.81574	16.53716	2.278585	0.0853454	0.765727	0.234273	1.53145	0.468546	0.06828606
5860	17.99809	15.81949	2.178596	0.221433	0.801531	0.198469	1.60306	0.396939	0.07546687
5870	18.97597	16.4649	2.511066	-0.370083	0.751818	0.248182	1.50364	0.496363	0.0541211
5880	18.52956	16.37913	2.150428	-0.159225	0.661813	0.338187	1.32363	0.676374	0.07762288
5890	13.76738	12.27444	1.492939	0.253438	0.637007	0.362993	1.27401	0.725986	0.1498075
5900	16.82985	13.94516	2.884684	-0.194624	0.501244	0.498756	1.00249	0.997511	0.0372483
5910	19.0567	16.32651	2.730193	-0.24684	0.68248	0.31752	1.36496	0.63504	0.04347114
5920	15.44803	12.60549	2.842539	-0.00583909	0.427443	0.572557	0.854887	1.14511	0.03885168
5930	16.91306	14.50862	2.40444	-0.411345	0.460589	0.539411	0.921178	1.07882	0.06021071
5940	18.82821	16.6011	2.227112	-0.401701	0.699847	0.300153	1.39969	0.600307	0.07189296
5950	18.05135	15.73753	2.313823	0.111415	0.567989	0.432011	1.13598	0.864022	0.0659217
5960	18.33838	16.05811	2.280271	0.161138	0.802283	0.197717	1.60457	0.395434	0.06817102
5970	19.06531	16.78504	2.280271	-0.227409	0.673848	0.326152	1.3477	0.652303	0.06817102
5980	17.07266	14.90993	2.162734	-0.375621	0.476533	0.523467	0.953067	1.04693	0.07667352
5990	16.71994	15.0075	1.712448	0.0421655	0.813275	0.186725	1.62655	0.37345	0.1202824
6000	19.03387	16.69873	2.335143	-0.0850419	0.652462	0.347538	1.30492	0.695076	0.06453108
6010	15.01792	12.72329	2.294631	0.0887841	0.335194	0.664806	0.670388	1.32961	0.06719903
6020	15.45025	13.74347	1.706785	0.356232	0.683174	0.316826	1.36635	0.633653	0.1209655
6030	18.78337	16.29483	2.48854	0.124334	0.75403	0.24597	1.50806	0.49194	0.05535405
6040	18.55649	15.75545	2.801042	-0.302255	0.70166	0.29834	1.40332	0.59668	0.04049783
6050	18.91786	16.30552	2.612346	-0.0971929	0.592354	0.407646	1.18471	0.815292	0.04890816
6060	17.64204	15.5225	2.119543	-0.0994188	0.875735	0.124265	1.75147	0.248531	0.08005769
6070	19.25987	16.93672	2.323153	-0.282258	0.756497	0.243503	1.51299	0.487005	0.06530947
6080	16.57881	14.62437	1.954437	-0.0979272	0.903357	0.0966429	1.80671	0.193286	0.09442946
6090	17.71013	15.26172	2.448413	-0.362775	0.837017	0.162983	1.67403	0.325966	0.05762043
6100	19.12706	16.46287	2.664192	-0.277749	0.664396	0.335604	1.32879	0.671208	0.0464371
6110	16.55156	14.71804	1.833519	-0.210719	0.612591	0.387409	1.22518	0.774817	0.1065667
6120	19.21432	16.77068	2.443641	-0.154229	0.786528	0.213472	1.57306	0.426944	0.05789605
6130	17.98822	15.62198	2.366243	-0.0476862	0.510267	0.489733	1.02053	0.979465	0.06255504
6140	19.27135	16.67001	2.601337	-0.026821	0.679794	0.320206	1.35959	0.640412	0.04944957
6150	18.95776	16.67884	2.27892	-0.169751	0.812097	0.187903	1.62419	0.375805	0.06826318
6160	18.33139	16.19842	2.132969	-0.0361968	0.662894	0.337106	1.32579	0.674212	0.07898998
6170	18.04215	15.80084	2.241312	0.241999	0.672888	0.327112	1.34578	0.654225	0.07087927
6180	17.76317	15.36176	2.401412	-0.218383	0.481137	0.518863	0.962273	1.03773	0.0603933
6190	15.83113	13.8739	1.957221	0.0942101	0.44691	0.55309	0.893819	1.10618	0.09416696
6200	19.22933	16.86129	2.368033	-0.256931	0.669241	0.330759	1.33848	0.661518	0.06244317
6210	18.73089	16.15282	2.578078	-0.420002	0.690449	0.309551	1.3809	0.619102	0.05061319
6220	18.45419	15.79029	2.663905	-0.409707	0.648761	0.351239	1.29752	0.702479	0.04645043
6230	17.40856	15.15278	2.25578	0.00387922	0.87247	0.12753	1.74494	0.255061	0.0698612
6240	17.07873	15.31782	1.760917	-0.144055	0.783839	0.216161	1.56768	0.432323	0.1145915
6250	18.54082	15.83024	2.710582	0.0758681	0.743098	0.256902	1.4862	0.513803	0.04433208
6260	18.41463	15.79264	2.621991	-0.025637	0.549633	0.450367	1.09927	0.900734	0.04843872
6270	17.48404	14.46916	3.014876	-0.229626	0.662704	0.337296	1.32541	0.674593	0.03270129
6280	18.39086	16.09837	2.292489	0.0966547	0.820207	0.179793	1.64041	0.359586	0.06734315
6290	16.49405	13.7972	2.696849	-0.295858	0.839192	0.160808	1.67838	0.321617	0.0449451
6300	17.22857	14.22218	3.006385	-0.193503	0.588865	0.411135	1.17773	0.822271	0.03298011
6310	18.97899	16.32321	2.655777	0.0519803	0.691522	0.308478	1.38304	0.616955	0.0468295
6320	15.41939	13.50596	1.913436	0.479596	0.5881	0.4119	1.1762	0.823801	0.09838162
6330	17.50068	15.06618	2.434501	-0.445595	0.825552	0.174448	1.6511	0.348897	0.05842765
6340	18.87877	16.67271	2.206063	-0.341389	0.697837	0.302163	1.39567	0.604325	0.0734223
6350	17.10991	14.35011	2.759797	0.245007	0.59993	0.40007	1.19986	0.800141	0.04220308
6360	17.5466	15.44065	2.105952	0.0174523	0.568065	0.431935	1.13613	0.86387	0.08115316
6370	18.24235	16.11063	2.131722	-0.0224408	0.651212	0.348788	1.30242	0.697575	0.07908856
6380	18.78097	16.5156	2.265365	-0.116936	0.636577	0.363423	1.27315	0.726846	0.06919473
6390	18.23637	15.8713	2.36507	-0.180914	0.526686	0.473314	1.05337	0.946629	0.0626285
6400	17.1422	14.90524	2.236953	-0.0488238	0.45505	0.54495	0.9101	1.0899	0.07118889
6410	17.44598	14.55305	2.892923	-0.0746969	0.540074	0.459926	1.08015	0.919851	0.03694267
6420	17.03004	15.15098	1.879064	-0.2741	0.633989	0.366011	1.26798	0.732021	0.101822
6430	17.74848	14.76306	2.985415	-0.0356237	0.679981	0.320019	1.35996	0.640038	0.03367904
6440	17.9257	15.81946	2.106242	-0.390612	0.59802	0.40198	1.19604	0.80396	0.08112959
6450	18.22089	15.95453	2.266359	0.191844	0.654835	0.345165	1.30967	0.690331	0.06912603
6460	18.41041	15.55669	2.853721	-0.228112	0.62537	0.37463	1.25074	0.74926	0.03841966
6470	15.94521	14.33705	1.608154	0.215715	0.839761	0.160239	1.67952	0.320477	0.1335046
6480	18.63287	15.99574	2.637132	-0.167761	0.561541	0.438459	1.12308	0.876918	0.04771081
6490	17.76691	15.66765	2.099253	-0.399066	0.58113	0.41887	1.16226	0.83774	0.08169864
6500	18.83689	16.17816	2.658733	-0.332501	0.739595	0.260405	1.47919	0.52081	0.04669127
6510	18.21309	15.58128	2.631813	-0.132304	0.816029	0.183971	1.63206	0.367942	0.04796529
6520	14.9386	13.1885	1.750094	-0.461544	0.434696	0.565304	0.869391	1.13061	0.1158384
6530	17.99905	15.62058	2.378469	-0.43197	0.818731	0.181269	1.63746	0.362538	0.06179494
6540	16.78688	14.74177	2.045113	0.0899805	0.517033	0.482967	1.03407	0.965935	0.08624369
6550	17.34162	14.65372	2.687898	-0.339986	0.813245	0.186755	1.62649	0.37351	0.04534919
6560	16.65592	14.39351	2.262411	-0.28527	0.884837	0.115163	1.76967	0.230327	0.06939948
6570	17.7258	15.79231	1.933498	-0.101023	0.864306	0.135694	1.72861	0.271388	0.09642758
6580	17.71322	15.81304	1.900174	-0.0489247	0.770807	0.229193	1.54161	0.458387	0.09969508
6590	16.07052	13.41233	2.658182	-0.006161	0.409784	0.590216	0.819567	1.18043	0.04671699
6600	17.49556	15.20707	2.288494	0.224362	0.834669	0.165331	1.66934	0.330662	0.06761275
6610	16.67433	14.96568	1.708648	0.0604997	0.872621	0.127379	1.74524	0.254759	0.1207403
6620	16.95721	15.13845	1.81876	0.213271	0.8106	0.1894	1.6212	0.378801	0.1081512
6630	18.28401	15.67203	2.611979	-0.250811	0.535241	0.464759	1.07048	0.929517	0.0489261
6640	18.95972	16.41201	2.547711	-0.246219	0.597736	0.402264	1.19547	0.804529	0.05217373
6650	19.05405	16.72655	2.3275	-0.165326	0.804954	0.195046	1.60991	0.390091	0.06502618
6660	18.02532	15.70916	2.31616	0.00102698	0.532928	0.467072	1.06586	0.934145	0.06576776
6670	16.37524	13.77289	2.602349	-0.159843	0.40915	0.59085	0.8183	1.1817	0.04939955
6680	19.25139	16.83574	2.41565	-0.0358647	0.763792	0.236208	1.52758	0.472415	0.0595395
6690	18.60559	16.41752	2.188066	-0.258382	0.643087	0.356913	1.28617	0.713827	0.07475563
6700	19.00077	16.48096	2.51981	-0.0144263	0.618489	0.381511	1.23698	0.763022	0.05364991
6710	18.8452	16.7066	2.138603	-0.196718	0.745721	0.254279	1.49144	0.508558	0.07854622
6720	14.38074	12.63139	1.749359	0.0700618	0.394779	0.605221	0.789557	1.21044	0.1159236
6730	18.10086	16.17009	1.930772	-0.226764	0.812146	0.187854	1.62429	0.375708	0.09669081
6740	18.9955	16.57116	2.424339	-0.354864	0.641582	0.358418	1.28316	0.716837	0.05902439
6750	18.50345	15.90189	2.601563	-0.0546625	0.551052	0.448948	1.1021	0.897895	0.04943839
6760	17.09218	15.29805	1.794134	-0.146691	0.74991	0.25009	1.49982	0.50018	0.1108476
6770	15.37341	13.82547	1.547938	-0.134955	0.754711	0.245289	1.50942	0.490578	0.1417908
6780	18.73748	16.52222	2.215259	-0.430737	0.76497	0.23503	1.52994	0.47006	0.07275013
6790	17.63657	15.64549	1.991083	-0.216044	0.634106	0.365894	1.26821	0.731787	0.09103165
6800	18.851	16.71191	2.139083	-0.155645	0.782651	0.217349	1.5653	0.434698	0.07850848
6810	17.27837	15.50991	1.768456	-0.333866	0.786044	0.213956	1.57209	0.427913	0.1137308
6820	18.08642	15.98445	2.101968	-0.0583276	0.856867	0.143133	1.71373	0.286266	0.08147714
6830	19.2896	16.90666	2.382937	-0.318232	0.714187	0.285813	1.42837	0.571627	0.06151943
6840	18.44624	16.26006	2.186178	0.126887	0.717332	0.282668	1.43466	0.565335	0.07489684
6850	16.65179	14.15534	2.496447	0.334427	0.541903	0.458097	1.08381	0.916194	0.0549181
6860	17.20263	14.35425	2.848385	-0.174132	0.507942	0.492058	1.01588	0.984116	0.03862522
6870	19.40275	17.03219	2.370551	-0.19419	0.723623	0.276377	1.44725	0.552755	0.06228618
6880	18.94894	16.31287	2.636079	-0.323929	0.739934	0.260066	1.47987	0.520131	0.0477611
6890	17.05818	14.08309	2.975095	-0.252484	0.569126	0.430874	1.13825	0.861748	0.03402838
6900	15.92465	13.15235	2.772304	-0.0866779	0.422671	0.577329	0.845341	1.15466	0.04167855
6910	17.706	14.86325	2.842753	-0.399351	0.675833	0.324167	1.35167	0.648334	0.03884335
6920	19.11362	16.48251	2.631106	0.0201592	0.678272	0.321728	1.35654	0.643457	0.04799918
6930	17.5204	15.45315	2.067252	-0.169863	0.560984	0.439016	1.12197	0.878033	0.08435538
6940	18.38527	16.21623	2.169038	-0.37265	0.630495	0.369505	1.26099	0.739009	0.07619168
6950	16.76191	14.98352	1.778392	-0.42918	0.880128	0.119872	1.76026	0.239743	0.1126064
6960	14.6014	13.11854	1.482854	-0.476643	0.921183	0.0788173	1.84237	0.157635	0.151326
6970	18.02776	15.50455	2.523207	0.0985286	0.538493	0.461507	1.07699	0.923014	0.05346799
6980	16.97534	15.2737	1.70164	-0.45632	0.83253	0.16747	1.66506	0.33494	0.1215895
6990	16.54686	14.67262	1.874239	0.277622	0.679096	0.320904	1.35819	0.641808	0.1023144
7000	18.70416	16.19623	2.507929	-0.10692	0.563088	0.436912	1.12618	0.873824	0.05429116
7010	18.76475	16.61153	2.153225	-0.195802	0.70376	0.29624	1.40752	0.592481	0.0774061
7020	18.43978	16.11474	2.325032	0.0553029	0.597884	0.402116	1.19577	0.804232	0.06518689
7030	18.10077	16.03674	2.064032	-0.137339	0.65871	0.34129	1.31742	0.68258	0.08462745
7040	18.48098	16.26096	2.220018	-0.060811	0.622503	0.377497	1.24501	0.754993	0.07240475
7050	15.89353	13.44231	2.451214	-0.255791	0.376977	0.623023	0.753954	1.24605	0.05745923
7060	16.67242	14.73551	1.936913	0.36835	0.822672	0.177328	1.64534	0.354656	0.09609885
7070	17.64741	15.48702	2.160389	0.213735	0.619221	0.380779	1.23844	0.761558	0.07685348
7080	19.24945	16.77747	2.471978	0.0160604	0.712604	0.287396	1.42521	0.574792	0.05627849
7090	13.63921	12.25134	1.387878	-0.626147	0.568628	0.431372	1.13726	0.862745	0.1664029
7100	18.93862	16.23846	2.700164	-0.133755	0.609903	0.390097	1.21981	0.780195	0.04479632
7110	18.58757	16.41299	2.174584	0.056136	0.719681	0.280319	1.43936	0.560639	0.07577025
7120	17.53701	15.71153	1.825478	-0.158792	0.799714	0.200286	1.59943	0.400571	0.107427
7130	18.95401	16.70591	2.248102	-0.0190913	0.785034	0.214966	1.57007	0.429931	0.07039967
7140	19.09073	16.51808	2.572643	-0.354224	0.709797	0.290203	1.41959	0.580406	0.050889
7150	19.16826	16.61512	2.55314	-0.242394	0.768902	0.231098	1.5378	0.462197	0.05189123
7160	17.577	15.04742	2.529575	0.303366	0.634239	0.365761	1.26848	0.731522	0.05312859
7170	17.79047	15.53609	2.25438	-0.565775	0.643034	0.356966	1.28607	0.713932	0.06995909
7180	17.91849	15.6365	2.281987	0.299644	0.725971	0.274029	1.45194	0.548059	0.06805415
7190	17.2746	15.19306	2.081541	0.357485	0.744787	0.255213	1.48957	0.510427	0.08315858
7200	17.74854	15.4164	2.332136	0.310147	0.762707	0.237293	1.52541	0.474585	0.0647254
7210	18.04221	15.98199	2.060217	-0.148917	0.650117	0.349883	1.30023	0.699767	0.08495088
7220	18.77527	16.32545	2.449825	0.0878595	0.781907	0.218093	1.56381	0.436185	0.0575391
7230	19.40411	16.98468	2.419425	-0.09286	0.739053	0.260947	1.47811	0.521893	0.05931518
7240	16.58259	14.46062	2.12197	-0.53639	0.497019	0.502981	0.994038	1.00596	0.07986358
7250	17.34385	15.02629	2.317555	0.362153	0.650794	0.349206	1.30159	0.698411	0.06567612
7260	18.20506	15.95398	2.251085	-0.127575	0.854425	0.145575	1.70885	0.29115	0.07018994
7270	18.90598	16.63227	2.273706	-0.18825	0.646629	0.353371	1.29326	0.706741	0.06861998
7280	18.95725	16.76133	2.195919	-0.192702	0.798267	0.201733	1.59653	0.403467	0.07417085
7290	16.07758	14.4437	1.633876	0.18885	0.874585	0.125415	1.74917	0.250829	0.1301144
7300	19.11666	16.89381	2.222853	-0.208068	0.75679	0.24321	1.51358	0.486421	0.07219979
7310	17.49425	15.37655	2.117702	-0.21294	0.524625	0.475375	1.04925	0.95075	0.08020517
7320	16.79538	14.95383	1.841551	-0.627885	0.686908	0.313092	1.37382	0.626185	0.1057142
7330	14.76802	13.33518	1.432841	0.308252	0.842911	0.157089	1.68582	0.314178	0.1590866
7340	16.08126	14.42336	1.657894	-0.289318	0.713683	0.286317	1.42737	0.572634	0.1270266
7350	18.29262	16.13158	2.16104	-0.140415	0.616413	0.383587	1.23283	0.767175	0.0768035
7360	15.0907	13.42219	1.668508	-0.470697	0.519334	0.480666	1.03867	0.961331	0.1256855
7370	19.37324	17.00748	2.365762	-0.137171	0.718164	0.281836	1.43633	0.563671	0.06258514
7380	18.63474	16.28881	2.34593	-0.0505394	0.590369	0.409631	1.18074	0.819262	0.06383871
7390	19.14726	16.87469	2.272573	-0.278625	0.773966	0.226034	1.54793	0.452068	0.06869779
7400	19.02842	16.83256	2.195855	-0.161451	0.769321	0.230679	1.53864	0.461358	0.07417563
7410	16.21821	14.0178	2.200415	-0.0751138	0.385886	0.614114	0.771772	1.22823	0.07383815
7420	18.41807	16.39787	2.020199	-0.210667	0.761827	0.238173	1.52365	0.476347	0.08841935
7430	18.96496	16.52784	2.437113	-0.221909	0.601308	0.398692	1.20262	0.797385	0.05827523
7440	16.92801	15.19656	1.731451	-0.481407	0.851807	0.148193	1.70361	0.296385	0.1180182
7450	19.48724	17.02197	2.465261	-0.171611	0.724981	0.275019	1.44996	0.550038	0.05665776
7460	18.50857	16.18003	2.32854	-0.147159	0.839083	0.160917	1.67817	0.321833	0.06495861
7470	18.69518	16.58958	2.105595	-0.298822	0.733639	0.266361	1.46728	0.532723	0.08118212
7480	16.44932	14.70464	1.74468	0.235316	0.781996	0.218004	1.56399	0.436009	0.1164673
7490	18.65131	16.43548	2.215825	-0.404115	0.663824	0.336176	1.32765	0.672351	0.07270901
7500	16.68098	14.43078	2.250198	-0.499914	0.854103	0.145897	1.70821	0.291795	0.07025226
7510	18.82526	16.09687	2.728391	-0.104559	0.605395	0.394605	1.21079	0.789209	0.04354954
7520	18.33341	16.12579	2.207619	0.169232	0.701258	0.298742	1.40252	0.597484	0.0733081
7530	19.09913	16.83216	2.266963	-0.329076	0.716113	0.283887	1.43223	0.567774	0.06908429
7540	19.33898	16.91267	2.426311	-0.216859	0.669278	0.330722	1.33856	0.661444	0.05890813
7550	16.77386	14.1096	2.664264	-0.558179	0.687673	0.312327	1.37535	0.624655	0.04643371
7560	17.54238	15.49173	2.050651	-0.490401	0.599896	0.400104	1.19979	0.800208	0.08576744
7570	18.77556	16.21766	2.557896	-0.319145	0.595608	0.404392	1.19122	0.808783	0.05164502
7580	18.74634	16.4954	2.250937	-0.452302	0.729918	0.270082	1.45984	0.540164	0.07020032
7590	18.80575	16.03725	2.768505	-0.193766	0.740329	0.259671	1.48066	0.519342	0.04183717
7600	18.60808	15.96442	2.643654	-0.0900365	0.562305	0.437695	1.12461	0.87539	0.04740067
7610	19.35482	16.80338	2.55144	-0.176366	0.654214	0.345786	1.30843	0.691573	0.05197953
7620	18.80906	16.51126	2.297803	-0.421712	0.674487	0.325513	1.34897	0.651027	0.06698622
7630	16.84206	15.02133	1.820728	0.257427	0.817963	0.182037	1.63593	0.364074	0.1079386
7640	17.25301	15.49551	1.757494	-0.252024	0.858483	0.141517	1.71697	0.283035	0.1149843
7650	13.11757	11.98189	1.135687	0.343234	0.896151	0.103849	1.7923	0.207699	0.2141343
7660	14.94382	13.37437	1.569448	-0.084854	0.93082	0.0691803	1.86164	0.138361	0.1387734
7670	16.9769	15.16493	1.811966	-0.329988	0.685324	0.314676	1.37065	0.629352	0.1088885
7680	19.25967	16.79781	2.46186	-0.190129	0.642189	0.357811	1.28438	0.715621	0.0568508
7690	18.89829	16.70806	2.190235	-0.064526	0.739009	0.260991	1.47802	0.521981	0.07459364
7700	15.66058	13.55916	2.101419	0.153683	0.392496	0.607504	0.784991	1.21501	0.08152189
7710	17.93077	15.65325	2.277523	-0.210545	0.860915	0.139085	1.72183	0.278169	0.06835862
7720	18.63277	16.13136	2.501409	-0.156721	0.553387	0.446613	1.10677	0.893226	0.0546463
7730	18.42507	15.82819	2.596881	-0.453184	0.683231	0.316769	1.36646	0.633538	0.04967039
7740	17.66547	15.34028	2.325193	-0.128278	0.479522	0.520478	0.959043	1.04096	0.06517639
7750	18.94006	16.45211	2.487951	-0.294755	0.605745	0.394255	1.21149	0.78851	0.05538668
7760	19.47787	16.94644	2.531423	-0.131959	0.701899	0.298101	1.4038	0.596202	0.05303047
7770	18.59425	16.05356	2.540689	-0.042241	0.810444	0.189556	1.62089	0.379113	0.05254139
7780	17.83101	15.96426	1.866749	-0.271545	0.817806	0.182194	1.63561	0.364387	0.1030837
7790	16.07808	13.96231	2.115778	-0.425606	0.416206	0.583794	0.832412	1.16759	0.08035969
7800	19.3564	16.99951	2.356885	-0.118502	0.729545	0.270455	1.45909	0.540911	0.06314321
7810	17.41794	15.57887	1.839073	-0.125931	0.762724	0.237276	1.52545	0.474553	0.1059765
7820	18.19352	16.23583	1.957694	-0.270343	0.776075	0.223925	1.55215	0.447851	0.09412245
7830	17.71027	15.86546	1.844804	-0.276991	0.834761	0.165239	1.66952	0.330478	0.1053709
7840	15.92401	14.36413	1.55988	-0.0934525	0.817757	0.182243	1.63551	0.364487	0.1401075
7850	18.13569	16.15087	1.984822	-0.0222333	0.814772	0.185228	1.62954	0.370457	0.09160341
7860	15.62612	14.1294	1.496721	0.018958	0.854911	0.145089	1.70982	0.290179	0.149242
7870	17.13211	15.05339	2.078727	-0.0369999	0.517078	0.482922	1.03416	0.965845	0.08339291
7880	18.52436	16.46921	2.055153	-0.151064	0.811915	0.188085	1.62383	0.37617	0.08538219
7890	17.29159	15.22104	2.070546	0.2705	0.646855	0.353145	1.29371	0.70629	0.08407791
7900	18.22066	16.24822	1.972448	-0.377971	0.790102	0.209898	1.5802	0.419795	0.09274393
7910	18.23296	16.06418	2.168781	-0.20272	0.596994	0.403006	1.19399	0.806011	0.07621126
7920	18.37688	15.92168	2.455205	-0.350339	0.557235	0.442765	1.11447	0.88553	0.0572304
7930	15.60769	13.16012	2.447565	-0.492265	0.854707	0.145293	1.70941	0.290586	0.0576693
7940	18.91011	16.41148	2.49863	-0.253175	0.592249	0.407751	1.1845	0.815503	0.05479836
7950	17.45797	15.31564	2.14233	0.0238665	0.535752	0.464248	1.0715	0.928495	0.07825399
7960	18.32798	16.18565	2.14233	0.0728071	0.691889	0.308111	1.38378	0.616223	0.07825399
7970	16.58973	14.57946	2.010269	0.423628	0.69072	0.30928	1.38144	0.61856	0.08930175
7980	18.71535	16.35204	2.363316	-0.381128	0.796792	0.203208	1.59358	0.406417	0.06273842
7990	17.22664	14.66788	2.558758	-0.332118	0.471269	0.528731	0.942539	1.05746	0.05160056
8000	17.74356	15.84454	1.899013	-0.0481065	0.780514	0.219486	1.56103	0.438972	0.09981083
8010	19.21606	16.67525	2.540817	-0.293658	0.653242	0.346758	1.30648	0.693517	0.05253468
8020	18.05882	15.95337	2.105454	-0.405568	0.621239	0.378761	1.24248	0.757521	0.08119362
8030	18.63383	16.26218	2.371649	-0.0746604	0.578447	0.421553	1.15689	0.843106	0.06221783
8040	17.41396	15.55282	1.861136	0.0930344	0.808342	0.191658	1.61668	0.383315	0.1036639
8050	17.61492	15.76066	1.854265	-0.200781	0.858032	0.141968	1.71606	0.283936	0.1043786
8060	18.75412	16.61327	2.140852	-0.0512946	0.781289	0.218711	1.56258	0.437422	0.07836974
8070	19.05901	16.30722	2.751792	-0.0925948	0.704703	0.295297	1.40941	0.590595	0.04254227
8080	18.1893	16.02489	2.164414	-0.471356	0.637738	0.362262	1.27548	0.724524	0.07654476
8090	18.66222	16.56896	2.093258	-0.132375	0.758534	0.241466	1.51707	0.482931	0.08218985
8100	19.23232	16.74937	2.482946	0.0108119	0.688068	0.311932	1.37614	0.623863	0.05566457
8110	17.90008	15.7166	2.183488	0.125683	0.60625	0.39375	1.2125	0.787499	0.07509862
8120	16.75169	14.74034	2.011355	0.382264	0.814724	0.185276	1.62945	0.370552	0.08920484
8130	17.81122	15.7532	2.058027	-0.0482801	0.86743	0.13257	1.73486	0.26514	0.08513711
8140	15.9059	14.06148	1.844422	0.375063	0.866475	0.133525	1.73295	0.26705	0.1054111
8150	16.86446	14.95532	1.909142	0.0471412	0.631508	0.368492	1.26302	0.736985	0.09880497
8160	19.28736	16.66151	2.625851	-0.240421	0.726631	0.273369	1.45326	0.546737	0.04825211
8170	18.86349	16.66343	2.20006	-0.15364	0.69133	0.30867	1.38266	0.617339	0.07386437
8180	16.65792	14.76866	1.88926	-0.239768	0.569669	0.430331	1.13934	0.860662	0.1007891
8190	17.11744	15.2047	1.912743	0.231648	0.844443	0.155557	1.68889	0.311115	0.0984498
8200	18.83784	16.55372	2.28412	0.0848638	0.725239	0.274761	1.45048	0.549523	0.06790914
8210	19.36864	16.74157	2.62707	-0.207231	0.686318	0.313682	1.37264	0.627364	0.04819333
8220	18.19508	15.74627	2.448816	0.135099	0.572525	0.427475	1.14505	0.85495	0.05759722
8230	18.15013	15.74088	2.409248	0.0436057	0.538529	0.461471	1.07706	0.922941	0.05992188
8240	19.29603	16.96255	2.333476	-0.0965854	0.747915	0.252085	1.49583	0.50417	0.06463875
8250	14.64498	12.57961	2.065371	0.496934	0.478204	0.521796	0.956408	1.04359	0.08451419
8260	17.85823	15.53764	2.320583	0.24235	0.804437	0.195563	1.60887	0.391125	0.06547752
8270	18.83195	16.41818	2.413768	0.0650131	0.638702	0.361298	1.2774	0.722597	0.05965167
8280	18.58285	16.00941	2.573442	0.120548	0.621158	0.378842	1.24232	0.757684	0.05084838
8290	18.5635	16.27343	2.290066	0.15455	0.694401	0.305599	1.3888	0.611197	0.06750652
8300	19.41432	16.95403	2.460298	-0.217694	0.75119	0.24881	1.50238	0.497619	0.05693969
8310	18.68727	16.15428	2.532999	-0.166823	0.55879	0.44121	1.11758	0.88242	0.052947
8320	18.69699	16.30514	2.391846	-0.357864	0.600754	0.399246	1.20151	0.798491	0.06097382
8330	19.275	16.90613	2.368872	-0.206738	0.674503	0.325497	1.34901	0.650993	0.06239081
8340	17.02148	14.32722	2.694268	-0.52067	0.623863	0.376137	1.24773	0.752273	0.04506124
8350	17.71449	15.81577	1.898714	-0.423424	0.836675	0.163325	1.67335	0.32665	0.09984073
8360	18.25808	16.07364	2.184433	-0.127591	0.598075	0.401925	1.19615	0.80385	0.07502771
8370	18.22699	16.01483	2.212165	-0.457891	0.618829	0.381171	1.23766	0.762343	0.07297557
8380	18.36313	15.9865	2.376623	-0.131473	0.539259	0.460741	1.07852	0.921482	0.06190909
8390	19.16398	16.60487	2.559107	0.0344495	0.688394	0.311606	1.37679	0.623212	0.05158254
8400	19.21659	16.79416	2.422433	-0.0589141	0.661834	0.338166	1.32367	0.676332	0.05913702
8410	17.67502	15.34579	2.329228	0.31751	0.65202	0.34798	1.30404	0.695959	0.06491395
8420	17.80211	15.02376	2.778358	0.17773	0.638418	0.361582	1.27684	0.723163	0.04142698
8430	18.67944	15.90108	2.778358	-0.143793	0.604103	0.395897	1.20821	0.791793	0.04142698
8440	17.5225	15.63309	1.889407	0.0870906	0.790249	0.209751	1.5805	0.419502	0.1007743
8450	16.96863	14.83062	2.138007	-0.374473	0.472542	0.527458	0.945084	1.05492	0.07859304
8460	17.27144	14.55121	2.720225	-0.180738	0.477236	0.522764	0.954472	1.04553	0.04390664
8470	18.0334	15.96125	2.072144	-0.49085	0.808856	0.191144	1.61771	0.382288	0.08394373
8480	18.13116	15.6541	2.477059	-0.294055	0.83092	0.16908	1.66184	0.33816	0.05599326
8490	18.62691	16.5318	2.095113	-0.323514	0.72775	0.27225	1.4555	0.5445	0.0820376
8500	19.04394	16.72125	2.322684	-0.390068	0.711244	0.288756	1.42249	0.577512	0.06534012
8510	19.42612	16.95334	2.472773	-0.0850763	0.702516	0.297484	1.40503	0.594968	0.05623375
8520	19.13374	16.7976	2.336134	-0.078794	0.675068	0.324932	1.35014	0.649864	0.06446719
8530	16.6981	14.94657	1.751534	-0.566526	0.700996	0.299004	1.40199	0.598008	0.1156717
8540	18.07077	16.13533	1.935431	-0.250086	0.831262	0.168738	1.66252	0.337475	0.09624134
8550	17.93607	15.5413	2.394765	0.255789	0.781577	0.218423	1.56315	0.436846	0.06079606
8560	19.32578	16.89702	2.428757	-0.275446	0.679032	0.320968	1.35806	0.641937	0.0587642
8570	17.77364	15.5856	2.188034	-0.326742	0.532954	0.467046	1.06591	0.934091	0.07475798
8580	19.11696	16.81919	2.297778	-0.353234	0.746861	0.253139	1.49372	0.506277	0.06698792
8590	18.29071	16.08733	2.203375	-0.00995958	0.613354	0.386646	1.22671	0.773292	0.0736199
8600	15.43121	13.47158	1.959627	-0.409886	0.391522	0.608478	0.783044	1.21696	0.09394068
8610	18.15515	16.10893	2.046219	-0.115118	0.688422	0.311578	1.37684	0.623157	0.08614836
8620	18.30621	16.22606	2.080152	-0.420788	0.686046	0.313954	1.37209	0.627907	0.08327416
8630	19.15766	16.48973	2.667933	-0.117561	0.745871	0.254129	1.49174	0.508259	0.04626367
8640	18.73924	15.97341	2.765833	-0.0265936	0.736296	0.263704	1.47259	0.527408	0.0419491
8650	18.56408	16.4005	2.163577	-0.127409	0.662844	0.337156	1.32569	0.674313	0.07660891
8660	16.09216	14.39542	1.696739	0.201514	0.75795	0.24205	1.5159	0.4841	0.1221868
8670	18.4455	16.3797	2.065801	-0.395154	0.799404	0.200596	1.59881	0.401193	0.08447785
8680	17.15817	15.31412	1.844055	-0.571321	0.712864	0.287136	1.42573	0.574272	0.1054499
8690	18.73159	16.58907	2.142526	-0.0559315	0.743343	0.256657	1.48669	0.513314	0.07823869
8700	17.27707	15.2866	1.990469	-0.320139	0.880899	0.119101	1.7618	0.238201	0.09108759
8710	18.07196	15.61253	2.459426	0.220949	0.60981	0.39019	1.21962	0.78038	0.05698936
8720	17.68278	15.62591	2.056869	-0.434628	0.599275	0.400725	1.19855	0.80145	0.08523576
8730	16.15421	14.11754	2.03667	0.29168	0.507221	0.492779	1.01444	0.985558	0.08697495
8740	18.27324	15.80284	2.470406	0.242448	0.712857	0.287143	1.42571	0.574285	0.056367
8750	18.46787	16.32443	2.143438	0.0768782	0.731269	0.268731	1.46254	0.537462	0.07816734
8760	15.8882	14.19039	1.697818	0.375859	0.794303	0.205697	1.58861	0.411393	0.1220551
8770	18.79686	16.49082	2.306038	0.0263275	0.655911	0.344089	1.31182	0.688177	0.06643687
8780	17.95786	15.67329	2.284567	-0.505419	0.800513	0.199487	1.60103	0.398975	0.06787876
8790	17.53728	15.65415	1.883132	-0.200405	0.723933	0.276067	1.44787	0.552135	0.1014086
8800	19.0093	16.53688	2.472414	-0.383826	0.745543	0.254457	1.49109	0.508915	0.05625395
8810	18.91629	16.44388	2.472414	-0.378023	0.764159	0.235841	1.52832	0.471682	0.05625395
8820	17.28224	14.46299	2.819251	-0.117797	0.807787	0.192213	1.61557	0.384427	0.03976708
8830	18.14181	16.12404	2.017766	-0.0184141	0.835911	0.164089	1.67182	0.328179	0.08863475
8840	17.51541	14.65201	2.863402	-0.23891	0.779863	0.220137	1.55973	0.440274	0.03804952
8850	19.1877	16.54348	2.644215	-0.272633	0.666304	0.333696	1.33261	0.667393	0.0473741
8860	18.71123	16.2549	2.45633	-0.428643	0.643135	0.356865	1.28627	0.713729	0.05716603
8870	18.03014	16.08806	1.942084	-0.188634	0.841667	0.158333	1.68333	0.316667	0.09560322
8880	16.49788	14.40451	2.093366	0.081168	0.455742	0.544258	0.911484	1.08852	0.082181
8890	19.39251	17.02937	2.363144	-0.169037	0.740024	0.259976	1.48005	0.519952	0.06274925
8900	19.12685	16.67197	2.454873	-0.267675	0.629636	0.370364	1.25927	0.740728	0.0572494
8910	19.34766	16.84775	2.499908	-0.0774896	0.669328	0.330672	1.33866	0.661344	0.05472837
8920	16.85153	15.08522	1.76631	-0.554072	0.712687	0.287313	1.42537	0.574626	0.1139752
8930	18.80701	16.68365	2.123356	-0.26831	0.785839	0.214161	1.57168	0.428322	0.079753
8940	17.31739	14.63611	2.681284	-0.491082	0.746314	0.253686	1.49263	0.507372	0.04565011
8950	18.31315	15.98259	2.33056	-0.433186	0.592059	0.407941	1.18412	0.815881	0.06482753
8960	16.78518	14.71227	2.07292	-0.235194	0.462897	0.537103	0.925794	1.07421	0.08387859
8970	15.9162	14.15268	1.763527	-0.502856	0.557866	0.442134	1.11573	0.884268	0.1142928
8980	18.59158	16.42784	2.163731	-0.242394	0.832025	0.167975	1.66405	0.33595	0.07659706
8990	17.51485	15.5412	1.973647	-0.58881	0.71676	0.28324	1.43352	0.56648	0.09263281
9000	16.85411	15.18641	1.667701	-0.412289	0.839776	0.160224	1.67955	0.320449	0.1257869
9010	16.95205	15.16904	1.78301	-0.03619	0.758601	0.241399	1.5172	0.482799	0.1120876
9020	18.33731	15.79562	2.541697	0.00737057	0.816485	0.183515	1.63297	0.36703	0.05248844
9030	18.8677	16.66826	2.199438	-0.359988	0.7079	0.2921	1.4158	0.5842	0.07391031
9040	18.61681	15.92678	2.690027	0.0873757	0.735486	0.264514	1.47097	0.529028	0.04525272
9050	18.73462	16.16364	2.570974	0.0063239	0.587751	0.412249	1.1755	0.824498	0.05097403
9060	17.44209	15.51228	1.92981	-0.0719817	0.682493	0.317507	1.36499	0.635014	0.09678387
9070	18.38204	16.34351	2.038537	-0.057546	0.769566	0.230434	1.53913	0.460868	0.08681274
9080	18.6587	16.57258	2.086122	-0.335822	0.766288	0.233712	1.53258	0.467424	0.0827785
9090	18.52954	15.84695	2.682587	0.123783	0.72102	0.27898	1.44204	0.55796	0.04559069
9100	18.35695	15.94346	2.413496	-0.345424	0.821478	0.178522	1.64296	0.357044	0.0596679
9110	18.19203	16.20696	1.98507	-0.138266	0.757632	0.242368	1.51526	0.484736	0.09158068
9120	18.84382	16.4281	2.415724	-0.356066	0.618032	0.381968	1.23606	0.763936	0.05953508
9130	18.89249	16.63043	2.262067	-0.414213	0.714705	0.285295	1.42941	0.570589	0.06942337
9140	18.29192	15.74896	2.542963	-0.0274302	0.531377	0.468623	1.06275	0.937247	0.05242206
9150	17.85582	15.89	1.965818	-0.122822	0.861605	0.138395	1.72321	0.27679	0.09336089
9160	16.95563	14.38183	2.573803	-0.169408	0.434113	0.565887	0.868226	1.13177	0.05083004
9170	18.71822	16.57263	2.145591	-0.313453	0.70017	0.29983	1.40034	0.59966	0.07799925
9180	16.66927	14.71877	1.950493	-0.510566	0.541461	0.458539	1.08292	0.917078	0.09480261
9190	19.26215	16.82229	2.439852	-0.327479	0.740701	0.259299	1.4814	0.518597	0.05811585
9200	18.44898	16.3458	2.103175	-0.431137	0.706628	0.293372	1.41326	0.586744	0.08137886
9210	13.56013	11.42401	2.136125	0.115824	0.275009	0.724991	0.550018	1.44998	0.07874108
9220	13.98625	12.6479	1.338348	-0.133889	0.788546	0.211454	1.57709	0.422908	0.1748524
9230	16.8827	14.751	2.1317	-0.614737	0.805801	0.194199	1.6116	0.388399	0.07909032
9240	18.40376	15.5984	2.80536	0.00363057	0.742833	0.257167	1.48567	0.514334	0.04032333
9250	18.04228	16.08314	1.959137	-0.244606	0.734488	0.265512	1.46898	0.531024	0.09398667
9260	19.06505	16.8288	2.236249	-0.206957	0.7066	0.2934	1.4132	0.5868	0.07123907
9270	17.97117	15.59037	2.380804	-0.260164	0.504083	0.495917	1.00817	0.991833	0.06165077
9280	18.90612	16.58345	2.322664	-0.429401	0.718843	0.281157	1.43769	0.562314	0.0653414
9290	14.59007	12.87059	1.719486	0.372139	0.531197	0.468803	1.06239	0.937606	0.1194388
9300	18.06357	16.0855	1.978076	-0.146557	0.733355	0.266645	1.46671	0.533291	0.09222342
9310	18.55459	16.1821	2.372494	-0.0041441	0.825819	0.174181	1.65164	0.348362	0.06216525
9320	18.56245	16.29156	2.270897	-0.195314	0.593264	0.406736	1.18653	0.813472	0.06881306
9330	19.17888	16.88158	2.297306	-0.320972	0.721118	0.278882	1.44224	0.557763	0.06701952
9340	18.54074	16.42952	2.11122	-0.438896	0.750885	0.249115	1.50177	0.49823	0.08072679
9350	15.76077	13.11692	2.643856	-0.543244	0.522822	0.477178	1.04564	0.954357	0.0473911
9360	18.59189	15.94295	2.648944	-0.0762708	0.562993	0.437007	1.12599	0.874014	0.04715057
9370	16.18454	14.32825	1.856291	0.30226	0.642206	0.357794	1.28441	0.715589	0.1041674
9380	18.18094	15.88604	2.294901	0.197091	0.800727	0.199273	1.60145	0.398547	0.06718093
9390	18.82141	16.59775	2.223661	-0.337415	0.67086	0.32914	1.34172	0.65828	0.07214148
9400	18.63905	16.21316	2.425893	-0.0808857	0.566615	0.433385	1.13323	0.86677	0.05893276
9410	19.16449	16.78653	2.377955	-0.311364	0.665862	0.334138	1.33172	0.668276	0.06182671
9420	17.70766	15.76708	1.940581	0.0173906	0.741154	0.258846	1.48231	0.517692	0.09574703
9430	16.02757	14.20489	1.822683	-0.408572	0.522813	0.477187	1.04563	0.954374	0.1077277
9440	16.86887	15.02731	1.841555	-0.118648	0.669964	0.330036	1.33993	0.660073	0.1057137
9450	17.34545	15.57853	1.766925	-0.329802	0.842469	0.157531	1.68494	0.315062	0.1139051
9460	17.7575	15.77262	1.984884	0.165893	0.7981	0.2019	1.5962	0.403801	0.09159774
9470	17.89658	15.17175	2.724832	-0.445499	0.709787	0.290213	1.41957	0.580425	0.04370481
9480	18.81215	16.40168	2.410469	0.112853	0.667864	0.332136	1.33573	0.664271	0.05984879
9490	18.11494	16.1219	1.993047	-0.445491	0.803949	0.196051	1.6079	0.392102	0.09085303
9500	18.68169	16.53997	2.141721	-0.330579	0.8081	0.1919	1.6162	0.3838	0.0783017
9510	15.81144	13.87418	1.937258	0.131164	0.464926	0.535074	0.929852	1.07015	0.09606565
9520	18.93781	16.46937	2.468445	-0.417004	0.711683	0.288317	1.42337	0.576635	0.05647765
9530	17.11411	14.61904	2.49507	-0.551088	0.580252	0.419748	1.1605	0.839496	0.05499379
9540	17.95352	15.20304	2.75048	0.185911	0.675242	0.324758	1.35048	0.649517	0.04259811
9550	16.65574	14.79529	1.860454	-0.244265	0.596718	0.403282	1.19344	0.806565	0.1037346
9560	19.42436	16.87466	2.549703	-0.193073	0.738081	0.261919	1.47616	0.523839	0.0520699
9570	19.37006	16.91962	2.450442	-0.205092	0.763171	0.236829	1.52634	0.473658	0.05750362
9580	17.26432	15.3331	1.931217	-0.422899	0.618758	0.381242	1.23752	0.762484	0.09664775
9590	18.70505	16.17728	2.527771	-0.179822	0.560972	0.439028	1.12194	0.878055	0.05322455
9600	15.48453	13.48114	2.003391	0.12265	0.395095	0.604905	0.790191	1.20981	0.08991806
9610	15.88708	14.18677	1.700308	0.292284	0.744244	0.255756	1.48849	0.511512	0.1217515
9620	18.76813	16.37402	2.394116	-0.0864693	0.820616	0.179384	1.64123	0.358769	0.06083554
9630	14.70338	12.78352	1.919858	-0.231695	0.327903	0.672097	0.655805	1.34419	0.09775188
9640	19.02945	16.52384	2.505614	0.0804237	0.686201	0.313799	1.3724	0.627598	0.05441696
9650	18.45865	16.00887	2.449781	-0.247004	0.827228	0.172772	1.65446	0.345544	0.05754164
9660	19.35265	17.00714	2.345518	-0.200659	0.754078	0.245922	1.50816	0.491844	0.06386503
9670	18.28218	16.05732	2.224861	0.206303	0.714759	0.285241	1.42952	0.570483	0.07205498
9680	17.59077	14.98471	2.606056	-0.427213	0.542842	0.457158	1.08568	0.914317	0.04921676
9690	19.00842	16.40236	2.606056	0.0198399	0.752201	0.247799	1.5044	0.495598	0.04921676
9700	18.57416	16.12691	2.447254	-0.476535	0.687098	0.312902	1.3742	0.625803	0.05768723
9710	19.00539	16.33012	2.675267	-0.210013	0.617562	0.382438	1.23512	0.764875	0.04592562
9720	16.83384	15.0609	1.772947	0.109917	0.783001	0.216999	1.566	0.433997	0.1132211
9730	13.88835	12.2738	1.614549	0.613965	0.671999	0.328001	1.344	0.656002	0.1326536
9740	16.95759	14.88503	2.072564	-0.520702	0.53387	0.46613	1.06774	0.93226	0.08390844
9750	18.16567	15.92133	2.244337	-0.204992	0.55152	0.44848	1.10304	0.89696	0.07066522
9760	18.92497	16.71241	2.212566	-0.35458	0.712921	0.287079	1.42584	0.574159	0.07294633
9770	19.09782	16.76129	2.336522	-0.375929	0.708901	0.291099	1.4178	0.582198	0.06444216
9780	19.18784	16.52636	2.661481	-0.136515	0.639201	0.360799	1.2784	0.721598	0.04656312
9790	19.08619	16.50195	2.584243	-0.340809	0.66859	0.33141	1.33718	0.662819	0.05030212
9800	17.81462	15.5566	2.258026	-0.481089	0.822509	0.177491	1.64502	0.354982	0.06970448
9810	16.85731	15.18071	1.676595	-0.462532	0.815829	0.184171	1.63166	0.368342	0.1246731
9820	16.10364	14.12975	1.973889	-0.63009	0.539927	0.460073	1.07985	0.920145	0.09261034
9830	18.74646	16.47557	2.270892	-0.0636741	0.637516	0.362484	1.27503	0.724968	0.06881336
9840	18.97665	16.22455	2.752108	-0.0725062	0.721361	0.278639	1.44272	0.557278	0.04252882
9850	18.68562	16.3913	2.29432	-0.469699	0.705365	0.294635	1.41073	0.58927	0.06721995
9860	18.19183	15.88135	2.310478	0.0397475	0.563913	0.436087	1.12783	0.872175	0.06614257
9870	17.79199	15.58747	2.204524	-0.208878	0.52205	0.47795	1.0441	0.9559	0.07353533
9880	18.10394	15.92798	2.175957	-0.470769	0.619464	0.380536	1.23893	0.761072	0.0756663
9890	16.78141	15.05736	1.724055	-0.559785	0.831124	0.168876	1.66225	0.337751	0.1188944
9900	17.0498	15.32575	1.724055	-0.484933	0.818577	0.181423	1.63715	0.362846	0.1188944
9910	17.85052	15.6339	2.216625	-0.375657	0.54139	0.45861	1.08278	0.91722	0.07265083
9920	19.01904	16.38757	2.631466	-0.342722	0.686684	0.313316	1.37337	0.626632	0.0479819
9930	19.11439	16.53919	2.575201	-0.285292	0.758293	0.241707	1.51659	0.483414	0.05075904
9940	16.70728	14.96517	1.742112	-0.46187	0.700158	0.299842	1.40032	0.599684	0.1167667
9950	17.49097	15.55421	1.936754	-0.395722	0.648809	0.351191	1.29762	0.702381	0.09611416
9960	17.628	15.63488	1.993119	-0.479079	0.641698	0.358302	1.2834	0.716604	0.09084652
9970	18.75103	16.15496	2.596067	0.12723	0.676435	0.323565	1.35287	0.647129	0.04971087
9980	18.2712	16.12306	2.148134	-0.0357622	0.640591	0.359409	1.28118	0.718817	0.07780111
9990	19.1038	16.48876	2.615034	0.0371718	0.703151	0.296849	1.4063	0.593699	0.04877687
10000	19.09939	16.67232	2.427068	-0.38737	0.705934	0.294066	1.41187	0.588133	0.05886353
10010	16.72837	14.99176	1.736609	-0.580566	0.829069	0.170931	1.65814	0.341863	0.117411
10020	17.47987	14.85969	2.620182	-0.294643	0.487112	0.512888	0.974225	1.02578	0.04852642
10030	18.79852	16.46843	2.330095	-0.262257	0.607127	0.392873	1.21425	0.785746	0.0648577
10040	15.23128	12.84806	2.383222	-0.560363	0.442946	0.557054	0.885893	1.11411	0.06150192
10050	17.51079	15.17442	2.336366	0.278951	0.808793	0.191207	1.61759	0.382413	0.06445221
10060	17.43924	14.82835	2.610889	-0.128474	0.465688	0.534312	0.931375	1.06862	0.04897948
10070	19.27544	16.86483	2.410616	-0.0483813	0.686569	0.313431	1.37314	0.626862	0.05983998
10080	17.37937	15.07248	2.306887	-0.512503	0.541383	0.458617	1.08277	0.917234	0.06638049
10090	18.20452	15.71009	2.494431	0.087834	0.815403	0.184597	1.63081	0.369194	0.05502893
10100	18.561	16.02829	2.532709	-0.458013	0.705542	0.294458	1.41108	0.588916	0.05296233
10110	18.8573	16.64345	2.213851	-0.205018	0.673909	0.326091	1.34782	0.652181	0.07285268
10120	18.26489	16.04768	2.217211	0.181125	0.795329	0.204671	1.59066	0.409342	0.07260827
10130	19.42735	16.95084	2.476513	-0.198499	0.679745	0.320255	1.35949	0.64051	0.05602384
10140	18.05466	15.41809	2.636576	0.0786225	0.79966	0.20034	1.59932	0.40068	0.04773738
10150	18.57244	16.04583	2.526605	-0.227082	0.550825	0.449175	1.10165	0.89835	0.05328661
10160	17.96729	15.47395	2.493335	0.273929	0.660457	0.339543	1.32091	0.679085	0.05508926
10170	18.91815	16.29936	2.618794	-0.0385075	0.603886	0.396114	1.20777	0.792229	0.04859382
10180	19.37512	16.87831	2.496819	-0.256418	0.745095	0.254905	1.49019	0.509811	0.05489766
10190	19.41493	16.99239	2.422539	-0.093892	0.730241	0.269759	1.46048	0.539517	0.05913076
10200	18.54372	16.39188	2.151834	-0.442292	0.701049	0.298951	1.4021	0.597903	0.07751379
10210	17.93171	15.89232	2.03939	-0.496872	0.812346	0.187654	1.62469	0.375307	0.08673873
10220	16.20794	14.45878	1.749162	-0.676871	0.79868	0.20132	1.59736	0.40264	0.1159464
10230	18.91329	16.28589	2.627399	-0.340518	0.738229	0.261771	1.47646	0.523541	0.04817746
10240	17.1072	15.20619	1.901008	-0.482197	0.624901	0.375099	1.2498	0.750198	0.09961199
10250	17.29826	14.51044	2.787821	0.0121892	0.806086	0.193914	1.61217	0.387829	0.04103679
10260	19.05965	16.41189	2.647762	-0.1533	0.613674	0.386326	1.22735	0.772651	0.04720636
10270	19.43243	16.97294	2.459493	-0.187352	0.68455	0.31545	1.3691	0.6309	0.05698554
10280	16.69044	14.32381	2.366639	-0.606644	0.5797	0.4203	1.1594	0.840599	0.06253028
10290	14.73374	12.88578	1.847956	0.128512	0.384871	0.615129	0.769741	1.23026	0.1050393
10300	16.90852	14.97986	1.92866	0.228364	0.672506	0.327494	1.34501	0.654989	0.0968952
10310	18.7566	16.37262	2.383981	-0.456168	0.731065	0.268935	1.46213	0.53787	0.06145525
10320	17.0478	14.75081	2.296989	0.267493	0.839375	0.160625	1.67875	0.321249	0.06704079
10330	15.94079	14.32946	1.611325	0.232649	0.850676	0.149324	1.70135	0.298648	0.133082
10340	18.44649	16.17292	2.273574	0.0525753	0.826629	0.173371	1.65326	0.346742	0.06862906
10350	19.34589	16.72706	2.618827	-0.237429	0.688394	0.311606	1.37679	0.623213	0.04859222
10360	16.86765	14.19665	2.670995	0.248412	0.787934	0.212066	1.57587	0.424132	0.04612222
10370	18.8143	16.36993	2.444363	-0.0439957	0.592107	0.407893	1.18421	0.815786	0.05785425
10380	18.9713	16.71895	2.252353	-0.0758949	0.692648	0.307352	1.3853	0.614705	0.07010103
10390	17.61793	15.53674	2.081182	0.273805	0.715366	0.284634	1.43073	0.569267	0.08318841
10400	18.07619	16.03803	2.038157	-0.327799	0.661441	0.338559	1.32288	0.677118	0.08684569
10410	19.0334	16.61385	2.419558	-0.351753	0.647693	0.352307	1.29539	0.704614	0.0593073
10420	18.68952	16.44513	2.244389	-0.273224	0.825703	0.174297	1.65141	0.348594	0.07066151
10430	19.0664	16.8065	2.259895	-0.137801	0.695605	0.304395	1.39121	0.60879	0.06957428
10440	19.21971	16.85257	2.367146	-0.130052	0.667569	0.332431	1.33514	0.664862	0.06249861
10450	18.39691	16.17921	2.217708	-0.249121	0.84423	0.15577	1.68846	0.311541	0.07257223
10460	15.14751	13.61837	1.529134	-0.549765	0.662971	0.337029	1.32594	0.674057	0.1444821
10470	19.15728	16.88821	2.269079	-0.267488	0.711519	0.288481	1.42304	0.576962	0.06893825
10480	17.98751	15.96442	2.023095	-0.530173	0.746611	0.253389	1.49322	0.506777	0.08816364
10490	17.57911	15.67812	1.900998	-0.44076	0.845114	0.154886	1.69023	0.309771	0.09961298
10500	18.46682	16.18195	2.284867	-0.400238	0.813463	0.186537	1.62693	0.373075	0.06785838
10510	18.35318	16.23962	2.113565	-0.436722	0.678087	0.321913	1.35617	0.643825	0.08053768
10520	17.38447	15.58111	1.803361	-0.573932	0.764927	0.235073	1.52985	0.470147	0.1098295
10530	18.829	16.67645	2.152553	-0.339228	0.735965	0.264035	1.47193	0.528071	0.07745807
10540	18.3021	16.0871	2.214998	0.0166815	0.84108	0.15892	1.68216	0.317841	0.07276919
10550	18.61436	16.27836	2.336004	-0.260755	0.580152	0.419848	1.1603	0.839696	0.06447555
10560	19.06942	16.58085	2.488571	-0.331073	0.639663	0.360337	1.27933	0.720673	0.05535237
10570	17.85381	15.42709	2.426721	0.0041679	0.49908	0.50092	0.99816	1.00184	0.05888397
10580	16.68517	14.95717	1.727992	-0.33183	0.72454	0.27546	1.44908	0.55092	0.1184271
10590	18.62965	16.10283	2.526824	0.0847115	0.785209	0.214791	1.57042	0.429582	0.05327496
10600	17.51676	15.03291	2.483842	0.114291	0.496575	0.503425	0.993149	1.00685	0.05561475
10610	17.3138	14.5749	2.738903	-4.17239e-05	0.492008	0.507992	0.984015	1.01598	0.04309415
10620	18.97191	16.43881	2.533101	-0.131341	0.592632	0.407368	1.18526	0.814736	0.05294158
10630	16.58731	14.73187	1.855438	-0.247244	0.590471	0.409529	1.18094	0.819059	0.1042563
10640	15.93736	13.00381	2.933554	-0.405866	0.765633	0.234367	1.53127	0.468734	0.03547175
10650	18.23651	15.70049	2.536021	0.158447	0.591227	0.408773	1.18245	0.817546	0.05278724
10660	17.61019	15.72015	1.890038	-0.323081	0.71514	0.28486	1.43028	0.569719	0.1007107
10670	16.96275	15.17297	1.78978	-0.602701	0.77827	0.22173	1.55654	0.44346	0.1113312
10680	17.37362	15.32678	2.046843	0.318473	0.783675	0.216325	1.56735	0.432651	0.08609466
10690	16.86254	14.80385	2.058689	-0.0970161	0.485975	0.514025	0.97195	1.02805	0.08508074
10700	19.29141	16.86541	2.425997	-0.233126	0.773235	0.226765	1.54647	0.45353	0.05892661
10710	17.22649	14.88039	2.346104	-0.172149	0.873825	0.126175	1.74765	0.25235	0.06382763
10720	16.71192	14.43397	2.277955	0.434443	0.749277	0.250723	1.49855	0.501447	0.06832903
10730	19.18794	16.64169	2.54625	-0.341383	0.706603	0.293397	1.41321	0.586794	0.05224999
10740	15.76152	13.97982	1.781698	0.158801	0.606141	0.393859	1.21228	0.787718	0.1122347
10750	17.88142	15.90811	1.973311	-0.118622	0.86079	0.13921	1.72158	0.27842	0.09266387
10760	16.41536	13.8987	2.516652	0.419113	0.713019	0.286981	1.42604	0.573962	0.05381962
10770	15.49815	12.5245	2.973657	-0.472332	0.70305	0.29695	1.4061	0.5939	0.03407734
10780	19.17465	16.87448	2.300167	-0.326241	0.749169	0.250831	1.49834	0.501662	0.06682806
10790	17.88365	15.63706	2.246594	-0.0056001	0.536919	0.463081	1.07384	0.926162	0.07050591
10800	19.266	16.63763	2.628377	-0.192122	0.743434	0.256566	1.48687	0.513133	0.04813034
10810	19.0754	16.55801	2.51739	0.0503317	0.747583	0.252417	1.49517	0.504833	0.05377994
10820	16.11313	14.55732	1.555818	-0.0599997	0.867636	0.132364	1.73527	0.264727	0.1406778
10830	17.00555	14.69889	2.30666	0.125992	0.464188	0.535812	0.928376	1.07162	0.06639554
10840	16.01157	14.39526	1.616311	-0.394867	0.900336	0.099664	1.80067	0.199328	0.1324201
10850	16.74626	14.81465	1.931605	0.354863	0.713922	0.286078	1.42784	0.572156	0.09661032
10860	17.90697	15.31056	2.596416	0.261333	0.698589	0.301411	1.39718	0.602821	0.04969351
10870	18.10326	15.97924	2.124014	0.165327	0.809013	0.190987	1.61803	0.381974	0.07970056
10880	17.29309	15.25131	2.041777	0.10907	0.599135	0.400865	1.19827	0.80173	0.08653194
10890	17.85443	15.71166	2.142776	0.0732031	0.605354	0.394646	1.21071	0.789291	0.07821914
10900	16.64143	14.76924	1.872189	-0.653016	0.669959	0.330041	1.33992	0.660082	0.1025244
10910	15.37136	13.68895	1.682418	-0.0980756	0.613979	0.386021	1.22796	0.772041	0.1239493
10920	19.26069	16.63731	2.623384	-0.276782	0.689752	0.310248	1.3795	0.620497	0.04837127
10930	18.82881	16.67308	2.155728	-0.330841	0.727317	0.272683	1.45463	0.545365	0.07721256
10940	19.44047	16.93177	2.508703	-0.239618	0.727915	0.272085	1.45583	0.54417	0.05424913
10950	18.38724	16.10827	2.27897	-0.347385	0.581039	0.418961	1.16208	0.837922	0.06825978
10960	18.74933	16.47267	2.276659	-0.444234	0.68981	0.31019	1.37962	0.620381	0.06841765
10970	18.44645	16.32827	2.118181	0.0643896	0.748322	0.251678	1.49664	0.503356	0.08016675
10980	18.28633	16.20391	2.082421	-0.490543	0.732872	0.267128	1.46574	0.534257	0.08308543
10990	17.61965	15.38654	2.233113	0.270068	0.617355	0.382645	1.23471	0.76529	0.07146281
11000	18.66833	16.46835	2.19998	-0.0980386	0.82852	0.17148	1.65704	0.342961	0.07387025
11010	16.91507	14.87557	2.039496	-0.612337	0.814068	0.185932	1.62814	0.371864	0.08672952
11020	14.68589	13.09977	1.586117	-0.443939	0.546576	0.453424	1.09315	0.906847	0.1364794
11030	18.71007	16.51245	2.197618	-0.0224633	0.813631	0.186369	1.62726	0.372737	0.07404491
11040	17.94718	15.49947	2.447706	-0.217772	0.649499	0.350501	1.299	0.701003	0.05766121
11050	18.2469	15.6518	2.595098	-0.09399	0.522875	0.477125	1.04575	0.95425	0.04975906
11060	17.72808	15.26223	2.465847	0.0213315	0.84587	0.15413	1.69174	0.308259	0.05662456
11070	12.39822	11.02399	1.374224	-0.243773	0.487787	0.512213	0.975574	1.02443	0.1686906
11080	17.20631	15.38857	1.817744	-0.569468	0.766714	0.233286	1.53343	0.466572	0.1082611
11090	18.65233	16.41591	2.236428	-0.0391405	0.646953	0.353047	1.29391	0.706093	0.07122629
11100	18.80174	16.56578	2.235964	0.0451763	0.783066	0.216934	1.56613	0.433869	0.07125935
11110	19.18719	16.56584	2.621347	-0.201186	0.632114	0.367886	1.26423	0.735772	0.04846992
11120	16.63021	14.16745	2.462768	-0.503543	0.494584	0.505416	0.989168	1.01083	0.0567992
11130	18.83993	16.54923	2.290696	-0.19256	0.626532	0.373468	1.25306	0.746935	0.06746401
11140	17.18717	15.32145	1.865722	0.0331714	0.875964	0.124036	1.75193	0.248073	0.1031896
11150	19.00533	16.79683	2.208507	-0.256213	0.715295	0.284705	1.43059	0.56941	0.07324306
11160	15.97223	14.06612	1.906116	0.491474	0.742655	0.257345	1.48531	0.51469	0.09910446
11170	18.79869	16.68108	2.117606	-0.219924	0.757851	0.242149	1.5157	0.484299	0.08021291
11180	19.44077	17.00145	2.439325	-0.122307	0.705557	0.294443	1.41111	0.588886	0.05814645
11190	18.47218	16.40017	2.072011	-0.0277358	0.766799	0.233201	1.5336	0.466401	0.08395484
11200	19.12851	16.77807	2.350442	-0.372386	0.733158	0.266842	1.46632	0.533684	0.06355133
11210	18.10542	15.81007	2.295354	0.263828	0.696408	0.303592	1.39282	0.607183	0.0671505
11220	18.6698	16.33276	2.337037	-0.343231	0.812751	0.187249	1.6255	0.374499	0.064409
11230	14.97269	12.57896	2.393726	-0.134417	0.326948	0.673052	0.653897	1.3461	0.06085927
11240	19.11374	16.85771	2.256036	-0.18276	0.70547	0.29453	1.41094	0.58906	0.06984329
11250	18.04142	16.00706	2.034356	-0.0204574	0.850057	0.149943	1.70011	0.299886	0.08717644
11260	18.75181	16.50356	2.248249	-0.312492	0.639303	0.360697	1.27861	0.721394	0.07038931
11270	18.84391	16.59795	2.24596	-0.241212	0.650127	0.349873	1.30025	0.699746	0.0705506
11280	19.31761	16.71677	2.600842	-0.17874	0.746186	0.253814	1.49237	0.507627	0.04947404
11290	18.67109	16.05713	2.613959	-0.387494	0.635189	0.364811	1.27038	0.729622	0.04882935
11300	18.84773	16.49337	2.354359	-0.0398541	0.812927	0.187073	1.62585	0.374146	0.06330292
11310	18.67688	16.42279	2.254093	0.0772752	0.687259	0.312741	1.37452	0.625483	0.06997917
11320	18.753	16.55144	2.201563	-0.0278814	0.696911	0.303089	1.39382	0.606177	0.07375343
11330	17.76848	15.67379	2.094685	-0.398639	0.854031	0.145969	1.70806	0.291937	0.08207265
11340	19.02147	16.71342	2.308052	-0.336215	0.669489	0.330511	1.33898	0.661022	0.06630323
11350	17.19353	15.28719	1.906339	-0.608062	0.707638	0.292362	1.41528	0.584723	0.09908234
11360	18.20138	16.15521	2.04617	-0.473466	0.717589	0.282411	1.43518	0.564822	0.08615263
11370	19.1649	16.7844	2.380497	-0.0991175	0.79059	0.20941	1.58118	0.418819	0.06166973
11380	16.33958	14.72744	1.612145	-0.279512	0.798001	0.201999	1.596	0.403997	0.1329729
11390	19.07846	16.81196	2.266499	-0.0397479	0.764104	0.235896	1.52821	0.471792	0.06911636
11400	15.87221	14.38333	1.488872	-0.498361	0.836957	0.163043	1.67391	0.326087	0.150418
11410	17.60564	15.74815	1.857496	-0.173915	0.769887	0.230113	1.53977	0.460225	0.1040419
11420	17.79606	15.42848	2.367577	-0.512632	0.585121	0.414879	1.17024	0.829758	0.06247168
11430	14.57631	13.10935	1.466952	-0.478837	0.661489	0.338511	1.32298	0.677022	0.1537515
11440	15.80003	13.11408	2.685946	-0.424482	0.457623	0.542377	0.915245	1.08475	0.04543779
11450	18.03146	16.10543	1.926028	-0.312111	0.827041	0.172959	1.65408	0.345918	0.09715063
11460	16.41139	14.38906	2.022329	0.407038	0.624945	0.375055	1.24989	0.75011	0.08823128
11470	18.83077	16.52354	2.307224	-0.442648	0.709845	0.290155	1.41969	0.58031	0.06635814
11480	19.17376	16.6111	2.562655	0.0251663	0.728626	0.271374	1.45725	0.542749	0.05139984
11490	17.25519	14.84857	2.406622	0.110067	0.854613	0.145387	1.70923	0.290774	0.06007947
11500	18.13025	15.7926	2.337646	-0.147919	0.521462	0.478538	1.04292	0.957076	0.06436977
11510	17.89444	15.75739	2.13705	0.252681	0.779935	0.220065	1.55987	0.44013	0.07866832
11520	15.13213	13.34142	1.790712	0.136711	0.485888	0.514112	0.971776	1.02822	0.1112276
11530	17.16106	14.97586	2.185202	-0.100208	0.465628	0.534372	0.931257	1.06874	0.07497
11540	17.64065	15.79525	1.845398	-0.440769	0.804428	0.195572	1.60886	0.391144	0.1053083
11550	17.59687	15.75205	1.844825	-0.425727	0.765373	0.234627	1.53075	0.469253	0.1053686
11560	17.71854	15.58512	2.133421	-0.545117	0.804126	0.195874	1.60825	0.391748	0.07895433
11570	18.83146	16.36918	2.462283	0.126336	0.745843	0.254157	1.49169	0.508314	0.05682676
11580	17.48608	15.24499	2.241084	-0.187305	0.875011	0.124989	1.75002	0.249979	0.07089543
11590	18.43463	16.01202	2.422614	0.105753	0.592968	0.407032	1.18594	0.814064	0.05912634
11600	19.23091	16.64438	2.586527	-0.054062	0.648838	0.351162	1.29768	0.702325	0.05018733
11610	17.79329	15.60301	2.190286	-0.120393	0.869916	0.130084	1.73983	0.260169	0.0745898
11620	18.34936	16.32878	2.020582	-0.0673331	0.790911	0.209089	1.58182	0.418179	0.08838549
11630	18.34987	15.88355	2.466323	-0.117744	0.833992	0.166008	1.66798	0.332016	0.05659761
11640	18.66521	16.38002	2.285192	0.0637249	0.657393	0.342607	1.31479	0.685214	0.06783637
11650	17.26411	15.19768	2.066427	0.119341	0.579619	0.420381	1.15924	0.840763	0.084425
11660	18.30118	16.19318	2.107999	-0.489504	0.708076	0.291924	1.41615	0.583849	0.08098721
11670	19.27689	16.68416	2.592733	-0.281838	0.677068	0.322932	1.35414	0.645865	0.04987686
11680	18.10372	15.49056	2.613161	-0.143598	0.511715	0.488285	1.02343	0.97657	0.04886829
11690	18.30142	15.53362	2.767798	0.0145883	0.58342	0.41658	1.16684	0.833161	0.04186676
11700	19.06459	16.63672	2.427865	-0.201829	0.799794	0.200206	1.59959	0.400412	0.05881664
11710	18.30713	15.84275	2.464376	-0.218481	0.833484	0.166516	1.66697	0.333032	0.05670795
11720	19.44385	16.90416	2.539695	-0.197809	0.734192	0.265808	1.46838	0.531617	0.05259362
11730	19.44245	16.93528	2.507169	-0.151847	0.679848	0.320152	1.3597	0.640304	0.05433242
11740	16.84212	15.05585	1.786272	-0.135093	0.893647	0.106353	1.78729	0.212706	0.1117225
11750	17.38096	15.05777	2.323193	0.36782	0.674581	0.325419	1.34916	0.650837	0.06530687
11760	18.43775	15.84328	2.594471	0.173169	0.649734	0.350266	1.29947	0.700533	0.04979027
11770	18.53489	16.41158	2.123306	-0.210213	0.679041	0.320959	1.35808	0.641918	0.07975696
11780	17.48981	15.20373	2.286073	-0.0350861	0.478487	0.521513	0.956975	1.04303	0.06777664
11790	18.82016	16.41577	2.404393	0.117287	0.676343	0.323657	1.35269	0.647313	0.06021352
11800	18.96668	16.38334	2.583334	0.0675613	0.66004	0.33996	1.32008	0.679919	0.05034785
11810	17.83505	15.75611	2.078938	0.232337	0.743511	0.256489	1.48702	0.512977	0.0833753
11820	18.42417	16.29454	2.129626	-0.42583	0.677396	0.322604	1.35479	0.645208	0.0792545
11830	18.66977	16.16011	2.509658	-0.268501	0.56684	0.43316	1.13368	0.86632	0.05419736
11840	18.47016	15.71639	2.753772	0.0443003	0.611926	0.388074	1.22385	0.776147	0.04245811
11850	18.88258	16.44164	2.440939	-0.0157867	0.609456	0.390544	1.21891	0.781088	0.05805269
11860	12.83122	11.82845	1.002768	-0.622121	0.848634	0.151366	1.69727	0.302732	0.244575
11870	12.74086	11.33839	1.402475	0.480981	0.595996	0.404004	1.19199	0.808009	0.1639916
11880	14.47505	12.82283	1.652215	0.104029	0.529418	0.470582	1.05884	0.941165	0.12775
11890	15.59381	13.18443	2.409375	0.43812	0.800405	0.199595	1.60081	0.399191	0.05991432
11900	17.60788	15.31984	2.288038	0.32606	0.657043	0.342957	1.31409	0.685913	0.06764354
11910	18.14199	15.97546	2.166523	-0.533696	0.685803	0.314197	1.37161	0.628394	0.07638357
11920	19.07325	16.79097	2.282281	-0.011843	0.742173	0.257827	1.48435	0.515653	0.06803412
11930	19.00064	16.72529	2.27535	0.006029	0.723961	0.276039	1.44792	0.552078	0.06850727
11940	18.21157	16.06307	2.148501	-0.32853	0.845293	0.154707	1.69059	0.309414	0.07777262
11950	18.66448	15.92716	2.737314	0.0429785	0.635856	0.364144	1.27171	0.728288	0.04316268
11960	18.167	15.66455	2.502455	0.0398061	0.533377	0.466623	1.06675	0.933247	0.05458917
11970	14.682	12.12893	2.553075	0.509457	0.64571	0.35429	1.29142	0.70858	0.05189463
11980	18.07403	15.2995	2.774538	-0.401429	0.659194	0.340806	1.31839	0.681613	0.04158555
11990	17.11247	15.17871	1.933758	-0.509477	0.855015	0.144985	1.71003	0.28997	0.09640254
12000	18.48108	16.13394	2.347131	-0.440445	0.617049	0.382951	1.2341	0.765902	0.06376211
12010	17.83161	15.23117	2.600434	0.10313	0.529458	0.470542	1.05892	0.941084	0.04949422
12020	18.70493	16.33028	2.374649	-0.414507	0.631734	0.368266	1.26347	0.736532	0.06203142
12030	17.90601	15.51201	2.394001	-0.550104	0.656305	0.343695	1.31261	0.687391	0.06084257
12040	17.25765	15.35568	1.901971	-0.499087	0.651846	0.348154	1.30369	0.696308	0.09951608
12050	17.78436	15.48169	2.302669	0.184561	0.567802	0.432198	1.1356	0.864395	0.06666105
12060	18.96159	16.64173	2.319855	-0.266994	0.806282	0.193718	1.61256	0.387437	0.0655252
12070	18.91888	16.73923	2.179659	-0.272102	0.792608	0.207392	1.58522	0.414784	0.07538672
12080	17.69594	15.0391	2.656842	-0.380301	0.538436	0.461564	1.07687	0.923127	0.04677966
12090	18.79605	16.2851	2.510948	-0.295175	0.795874	0.204126	1.59175	0.408252	0.05412747
12100	18.92639	16.66493	2.261468	0.0350881	0.738229	0.261771	1.47646	0.523541	0.06946496
12110	17.35057	15.143	2.207563	-0.020442	0.877687	0.122313	1.75537	0.244626	0.07331224
12120	18.40224	16.38587	2.016369	-0.327086	0.759608	0.240392	1.51922	0.480783	0.08875871
12130	17.30945	14.80703	2.50242	0.346913	0.724455	0.275545	1.44891	0.551089	0.05459105
12140	17.83724	15.70531	2.131931	0.137229	0.632728	0.367272	1.26546	0.734545	0.07907204
12150	18.16599	15.73849	2.427497	-0.0980324	0.843757	0.156243	1.68751	0.312485	0.05883831
12160	18.72172	15.95325	2.768473	-0.141467	0.605307	0.394693	1.21061	0.789386	0.04183851
12170	17.92652	15.734	2.192522	0.271289	0.712629	0.287371	1.42526	0.574742	0.07442324
12180	18.29207	16.22523	2.066843	-0.466005	0.785649	0.214351	1.5713	0.428701	0.08438981
12190	16.95252	15.03493	1.917592	-0.0395583	0.620032	0.379968	1.24006	0.759936	0.09797361
12200	19.131	16.43937	2.691635	-0.2558	0.670445	0.329555	1.34089	0.659111	0.04518004
12210	18.96283	16.70972	2.253109	0.00637216	0.766881	0.233119	1.53376	0.466239	0.07004807
12220	15.23766	13.53952	1.698141	0.170148	0.616037	0.383963	1.23207	0.767927	0.1220157
12230	16.49317	14.7716	1.72157	-0.645912	0.7781	0.2219	1.5562	0.443799	0.1191901
12240	18.82859	16.01212	2.816472	-0.150462	0.703072	0.296928	1.40614	0.593856	0.03987772
12250	18.53416	16.43803	2.096131	-0.144442	0.712857	0.287143	1.42571	0.574287	0.08195406
12260	18.62875	16.49665	2.132091	-0.342624	0.809943	0.190057	1.61989	0.380115	0.07905936
12270	19.24106	16.59955	2.641512	-0.0725971	0.657187	0.342813	1.31437	0.685625	0.0475023
12280	18.02653	15.95687	2.069664	-0.224286	0.63134	0.36866	1.26268	0.73732	0.08415215
12290	18.08074	15.34599	2.734756	-0.177595	0.533892	0.466108	1.06778	0.932216	0.04327325
12300	17.82373	15.42252	2.401212	0.00121437	0.497842	0.502158	0.995683	1.00432	0.06040539
12310	17.37865	14.60094	2.777713	-0.10526	0.49551	0.50449	0.991021	1.00898	0.04145371
12320	17.69847	15.56262	2.135851	-0.59564	0.732391	0.267609	1.46478	0.535218	0.07876269
12330	17.85982	15.849	2.010818	0.0993393	0.837337	0.162663	1.67467	0.325325	0.08925278
12340	17.50033	15.68885	1.81148	-0.435518	0.814646	0.185354	1.62929	0.370707	0.1089414
12350	18.79591	16.45397	2.341939	0.112985	0.766093	0.233907	1.53219	0.467813	0.064094
12360	16.90955	14.32621	2.583344	-0.452817	0.504949	0.495051	1.0099	0.990101	0.05034734
12370	16.39999	13.45605	2.943944	-0.102577	0.495779	0.504221	0.991558	1.00844	0.0351051
12380	18.55992	15.94458	2.615346	-0.139938	0.551164	0.448836	1.10233	0.897673	0.04876165
12390	17.92506	15.91206	2.013004	-0.331033	0.656042	0.343958	1.31208	0.687916	0.08905787
12400	17.63637	15.72002	1.916346	-0.447772	0.697205	0.302795	1.39441	0.605591	0.09809579
12410	18.37263	16.22112	2.151509	0.114872	0.800597	0.199403	1.60119	0.398806	0.07753898
12420	12.53569	11.18599	1.349705	-0.273315	0.555733	0.444267	1.11147	0.888533	0.1728779
12430	17.53356	15.70812	1.825441	-0.15695	0.799234	0.200766	1.59847	0.401533	0.1074311
12440	17.70266	15.80023	1.902425	-0.386691	0.718376	0.281624	1.43675	0.563247	0.09947094
12450	19.39304	17.02464	2.368402	-0.173295	0.74689	0.25311	1.49378	0.506221	0.06242015
12460	18.08341	15.46528	2.618127	-0.454394	0.74689	0.25311	1.49378	0.506221	0.04862622
12470	17.18762	14.50156	2.68606	-0.431172	0.538194	0.461806	1.07639	0.923611	0.04543261
12480	18.70885	16.04939	2.659465	-0.384997	0.675692	0.324308	1.35138	0.648616	0.04665712
12490	19.31445	16.95761	2.356837	-0.077509	0.731032	0.268968	1.46206	0.537936	0.06314621
12500	18.45262	15.80869	2.643924	-0.124615	0.545254	0.454746	1.09051	0.909492	0.04738788
12510	18.68765	16.40803	2.279612	-0.395804	0.63995	0.36005	1.2799	0.7201	0.06821592
12520	19.35806	16.77704	2.581012	-0.227203	0.66757	0.33243	1.33514	0.664859	0.0504649
12530	17.5959	15.70093	1.894969	-0.487934	0.825268	0.174732	1.65054	0.349463	0.1002153
12540	18.50428	16.34365	2.160631	-0.30684	0.645454	0.354546	1.29091	0.709092	0.07683492
12550	17.74053	15.64767	2.092857	-0.566242	0.783814	0.216186	1.56763	0.432371	0.08222283
12560	14.99217	13.43168	1.560498	0.416168	0.779626	0.220374	1.55925	0.440748	0.1400209
12570	18.81407	16.62092	2.193149	-0.400335	0.725004	0.274996	1.45001	0.549992	0.07437655
12580	18.4278	15.60157	2.82623	0.019869	0.717762	0.282238	1.43552	0.564476	0.0394905
12590	18.77465	16.11162	2.663031	0.086197	0.72168	0.27832	1.44336	0.55664	0.04649101
12600	18.87844	16.40192	2.47652	0.065783	0.636178	0.363822	1.27236	0.727644	0.05602342
12610	17.85158	15.97592	1.875661	-0.321705	0.792912	0.207088	1.58582	0.414175	0.1021691
12620	16.93798	14.76488	2.1731	0.267263	0.539977	0.460023	1.07995	0.920047	0.07588283
12630	19.38151	16.92065	2.460862	-0.0869786	0.752295	0.247705	1.50459	0.49541	0.05690754
12640	18.23666	15.77916	2.457497	0.168508	0.794521	0.205479	1.58904	0.410959	0.05709936
12650	17.65071	15.44623	2.204483	0.0990049	0.858752	0.141248	1.7175	0.282496	0.07353836
12660	19.02648	16.68213	2.344354	-0.226925	0.635287	0.364713	1.27057	0.729426	0.06393943
12670	14.5925	13.32757	1.264933	-0.545958	0.856879	0.143121	1.71376	0.286242	0.1881721
12680	16.86139	15.04815	1.813241	0.00193833	0.719832	0.280168	1.43966	0.560335	0.1087497
12690	16.01934	14.23392	1.785426	-0.360366	0.557334	0.442666	1.11467	0.885332	0.1118171
12700	17.5067	15.42318	2.083527	-0.0511194	0.563707	0.436293	1.12741	0.872586	0.08299355
12710	17.78851	15.91892	1.869586	-0.294386	0.780911	0.219089	1.56182	0.438178	0.1027916
12720	19.35764	16.72966	2.627973	-0.178068	0.671456	0.328544	1.34291	0.657089	0.04814979
12730	17.25256	15.08862	2.16394	-0.0647473	0.486165	0.513835	0.97233	1.02767	0.07658105
12740	17.80828	15.69795	2.110329	-0.431891	0.589141	0.410859	1.17828	0.821717	0.08079873
12750	18.49776	16.41463	2.083137	-0.276694	0.703745	0.296255	1.40749	0.592511	0.08302592
12760	18.26599	15.40743	2.858554	-0.264567	0.623809	0.376191	1.24762	0.752382	0.03823443
12770	18.54713	15.97933	2.567795	-0.409502	0.619871	0.380129	1.23974	0.760258	0.05113635
12780	19.22235	16.91022	2.312134	-0.296145	0.758539	0.241461	1.51708	0.482922	0.06603313
12790	17.85876	15.17746	2.681291	-0.472969	0.658351	0.341649	1.3167	0.683299	0.04564979
12800	18.63212	15.95083	2.681291	-0.0207811	0.583803	0.416197	1.16761	0.832394	0.04564979
12810	17.78224	15.37535	2.406891	-0.150853	0.4802	0.5198	0.9604	1.0396	0.06006328
12820	17.47386	15.6725	1.801366	-0.424978	0.811958	0.188042	1.62392	0.376084	0.1100488
12830	17.1023	15.30485	1.797449	0.108955	0.828487	0.171513	1.65697	0.343026	0.1104807
12840	16.94159	15.06474	1.876852	0.294483	0.8059	0.1941	1.6118	0.388201	0.1020475
12850	18.00932	16.0771	1.932222	-0.0881756	0.816488	0.183512	1.63298	0.367024	0.09655072
12860	19.30413	16.7635	2.540628	-0.029671	0.738544	0.261456	1.47709	0.522912	0.05254459
12870	18.13537	15.9309	2.20447	0.220397	0.69884	0.30116	1.39768	0.60232	0.07353928
12880	19.41584	16.96824	2.4476	-0.107629	0.694705	0.305295	1.38941	0.61059	0.05766728
12890	17.81175	15.83844	1.973302	-0.269226	0.863475	0.136525	1.72695	0.273049	0.09266477
12900	16.93491	15.12203	1.812877	-0.616659	0.738522	0.261478	1.47704	0.522957	0.1087893
12910	19.03361	16.61231	2.421296	-0.367691	0.763209	0.236791	1.52642	0.473582	0.05920427
12920	18.46725	15.89469	2.572556	0.0669851	0.57661	0.42339	1.15322	0.846781	0.05089346
12930	17.17892	15.42256	1.756361	-0.26162	0.788444	0.211556	1.57689	0.423113	0.1151147
12940	18.33589	15.84685	2.489035	-0.0780472	0.528555	0.471445	1.05711	0.94289	0.05532667
12950	18.74456	16.15877	2.585795	-0.265737	0.579167	0.420833	1.15833	0.841666	0.0502241
12960	17.10846	15.2244	1.884063	0.136022	0.867399	0.132601	1.7348	0.265201	0.1013143
12970	18.67639	16.55247	2.12392	-0.0341883	0.770455	0.229545	1.54091	0.459091	0.07970803
12980	15.68885	14.09611	1.592738	-0.689951	0.732278	0.267722	1.46456	0.535443	0.1355787
12990	15.0352	13.19344	1.841767	-0.365104	0.38846	0.61154	0.776921	1.22308	0.1056913
13000	17.44878	15.32193	2.126858	0.0617342	0.551941	0.448059	1.10388	0.896117	0.07947421
13010	18.23992	16.21678	2.023136	0.0114474	0.802663	0.197337	1.60533	0.394675	0.08816004
13020	18.2273	15.90956	2.317748	-0.356122	0.833859	0.166141	1.66772	0.332283	0.06566346
13030	18.42817	16.34762	2.080555	-0.317794	0.827653	0.172347	1.65531	0.344693	0.08324061
13040	19.44287	16.86945	2.573423	-0.114202	0.695823	0.304177	1.39165	0.608354	0.05084933
13050	18.96737	16.56572	2.401652	0.0505433	0.662539	0.337461	1.32508	0.674921	0.06037883
13060	18.64132	16.27807	2.363253	-0.100065	0.829993	0.170007	1.65999	0.340014	0.06274241
13070	18.48617	16.23848	2.247684	-0.431182	0.633878	0.366122	1.26776	0.732243	0.0704291
13080	19.24137	16.80607	2.435307	-0.347017	0.716842	0.283158	1.43368	0.566315	0.05838055
13090	18.72556	16.01313	2.712423	-0.351281	0.685158	0.314842	1.37032	0.629685	0.04425053
13100	18.99244	16.66584	2.326596	-0.400471	0.748116	0.251884	1.49623	0.503767	0.065085
13110	18.37532	16.03401	2.341305	-0.496171	0.650912	0.349088	1.30182	0.698176	0.06413468
13120	19.42044	17.00311	2.417326	-0.107273	0.717739	0.282261	1.43548	0.564522	0.05943983
13130	19.3273	16.97625	2.351049	-0.0996167	0.726996	0.273004	1.45399	0.546009	0.06351279
13140	17.93974	15.86296	2.076784	-0.521603	0.799525	0.200475	1.59905	0.40095	0.08355507
13150	19.13725	16.5957	2.541548	-0.348586	0.72555	0.27445	1.4511	0.5489	0.05249625
13160	18.24475	16.233	2.011749	-0.149052	0.735647	0.264353	1.47129	0.528706	0.08916973
13170	18.06502	15.40537	2.659644	-0.078537	0.517873	0.482127	1.03575	0.964253	0.04664873
13180	18.17718	15.95955	2.217628	-0.528726	0.766029	0.233971	1.53206	0.467943	0.072578
13190	17.56362	15.48965	2.073976	-0.441304	0.575843	0.424157	1.15169	0.848314	0.08379001
13200	18.57631	16.3449	2.231412	-0.402314	0.641758	0.358242	1.28352	0.716484	0.07158447
13210	17.40747	15.51811	1.889364	-0.0406411	0.724085	0.275915	1.44817	0.55183	0.1007786
13220	19.0446	16.52457	2.520035	0.0299249	0.645475	0.354525	1.29095	0.709051	0.05363786
13230	18.80524	16.03205	2.773193	-0.275893	0.69607	0.30393	1.39214	0.607861	0.0416415
13240	18.26258	16.0715	2.191085	-0.172219	0.590535	0.409465	1.18107	0.818931	0.07453028
13250	18.4566	16.02305	2.433544	-0.444211	0.778267	0.221733	1.55653	0.443467	0.05848356
13260	16.56785	14.17852	2.389338	0.428147	0.629781	0.370219	1.25956	0.740437	0.06112694
13270	19.11865	16.43316	2.685489	-0.0388684	0.724003	0.275997	1.44801	0.551994	0.04545858
13280	19.1112	16.7974	2.313805	-0.135763	0.670126	0.329874	1.34025	0.659748	0.06592288
13290	18.23284	16.09247	2.140372	-0.029669	0.64117	0.35883	1.28234	0.717661	0.07840736
13300	16.71064	14.82053	1.890102	0.162738	0.652966	0.347034	1.30593	0.694067	0.1007042
13310	15.85269	13.62821	2.224483	0.130775	0.386652	0.613348	0.773304	1.2267	0.07208218
13320	17.79624	15.41625	2.379995	0.168538	0.547566	0.452434	1.09513	0.904867	0.06170069
13330	17.55865	14.93372	2.62493	0.277705	0.633738	0.366262	1.26748	0.732523	0.04829655
13340	17.57754	15.36312	2.214416	0.0869719	0.533839	0.466161	1.06768	0.932323	0.07281153
13350	17.87747	15.72538	2.152095	0.0303045	0.590843	0.409157	1.18169	0.818313	0.07749358
13360	18.65852	16.20375	2.454773	0.131753	0.640154	0.359846	1.28031	0.719692	0.05725513
13370	15.98793	14.40538	1.582546	-0.473279	0.746391	0.253609	1.49278	0.507218	0.1369676
13380	18.09951	16.16034	1.939173	-0.15901	0.816869	0.183131	1.63374	0.366262	0.09588185
13390	18.62256	15.86677	2.755785	-0.288716	0.621382	0.378618	1.24276	0.757235	0.04237273
13400	18.57945	16.3456	2.233847	-0.292243	0.615733	0.384267	1.23147	0.768534	0.07141041
13410	18.75634	16.60996	2.146383	-0.116234	0.723286	0.276714	1.44657	0.553428	0.07793747
13420	17.94658	15.08808	2.858507	-0.3215	0.615229	0.384771	1.23046	0.769542	0.03823623
13430	19.11647	16.71986	2.396605	-0.168532	0.798553	0.201447	1.59711	0.402894	0.0606843
13440	19.18825	16.654	2.534253	-0.0428037	0.766341	0.233659	1.53268	0.467317	0.05288061
13450	19.4473	16.97245	2.474848	-0.14565	0.745686	0.254314	1.49137	0.508628	0.05611716
13460	18.30364	16.23758	2.066057	0.0355568	0.749349	0.250651	1.4987	0.501301	0.0844562
13470	17.76423	15.49292	2.271302	-0.431421	0.838905	0.161095	1.67781	0.32219	0.0687852
13480	17.62029	15.43057	2.189711	0.0125614	0.531271	0.468729	1.06254	0.937459	0.07463271
13490	18.14437	15.89875	2.245626	0.00935748	0.574422	0.425578	1.14884	0.851155	0.07057419
13500	18.60898	15.84025	2.768726	-0.248343	0.608385	0.391615	1.21677	0.783231	0.04182793
13510	18.81685	16.59754	2.219305	0.0136995	0.718868	0.281132	1.43774	0.562264	0.07245644
13520	18.99775	16.37711	2.620639	-0.09854	0.603739	0.396261	1.20748	0.792521	0.04850425
13530	18.11677	15.35671	2.760057	0.0728995	0.584186	0.415814	1.16837	0.831627	0.04219212
13540	19.05296	16.43197	2.62099	0.0423282	0.719673	0.280327	1.43935	0.560653	0.0484872
13550	18.3226	16.10879	2.21381	-0.466056	0.80026	0.19974	1.60052	0.399479	0.07285564
13560	18.89295	16.69324	2.199712	-0.361581	0.773852	0.226148	1.5477	0.452296	0.07389007
13570	18.32369	15.53944	2.78425	-0.236745	0.579198	0.420802	1.1584	0.841605	0.04118362
13580	17.14875	14.75271	2.396041	-0.359725	0.857427	0.142573	1.71485	0.285145	0.06071857
13590	19.37534	16.76547	2.609866	-0.100571	0.72292	0.27708	1.44584	0.55416	0.04902962
13600	16.46294	14.20025	2.262682	0.461562	0.737996	0.262004	1.47599	0.524009	0.06938063
13610	17.46051	14.46468	2.995834	-0.221971	0.71773	0.28227	1.43546	0.564539	0.03332996
13620	19.30828	16.6426	2.665682	-0.199494	0.701828	0.298172	1.40366	0.596345	0.04636794
13630	19.33152	16.72208	2.609443	-0.22539	0.730355	0.269645	1.46071	0.53929	0.04905036
13640	18.8357	16.33375	2.501951	0.0843068	0.637356	0.362644	1.27471	0.725287	0.0546167
13650	18.07134	15.50864	2.562699	0.146724	0.794723	0.205277	1.58945	0.410554	0.05139758
13660	19.4197	16.88699	2.532714	-0.252402	0.719499	0.280501	1.439	0.561002	0.05296205
13670	17.94909	15.20453	2.744561	0.0685598	0.779842	0.220158	1.55968	0.440317	0.04285101
13680	18.66576	16.31215	2.353617	-0.293708	0.820972	0.179028	1.64194	0.358057	0.0633499
13690	18.46493	16.19055	2.274379	0.180863	0.705217	0.294783	1.41043	0.589567	0.06857385
13700	17.63314	15.6966	1.936545	-0.233276	0.682098	0.317902	1.3642	0.635805	0.09613423
13710	18.98964	16.24392	2.745715	-0.250343	0.697291	0.302709	1.39458	0.605419	0.0428016
13720	16.95299	14.58439	2.368598	-0.178322	0.422016	0.577984	0.844032	1.15597	0.06240792
13730	19.3855	16.89242	2.493082	-0.0471449	0.707534	0.292466	1.41507	0.584932	0.05510322
13740	18.42349	16.27265	2.150837	0.075333	0.81155	0.18845	1.6231	0.3769	0.07759114
13750	18.14564	16.03853	2.107116	-0.485461	0.666345	0.333655	1.33269	0.667311	0.08105873
13760	17.77965	15.88632	1.893327	-0.274962	0.749332	0.250668	1.49866	0.501335	0.10038
13770	19.29558	16.67075	2.624832	-0.044253	0.691333	0.308667	1.38267	0.617334	0.0483013
13780	17.48954	15.37281	2.116728	-0.0614502	0.538523	0.461477	1.07705	0.922953	0.08028337
13790	15.20212	13.55988	1.642239	0.291493	0.693361	0.306639	1.38672	0.613279	0.1290308
13800	13.97956	12.78836	1.1912	-0.227508	0.882672	0.117328	1.76534	0.234656	0.202571
13810	18.5071	15.83637	2.670731	0.0161291	0.577853	0.422147	1.15571	0.844295	0.0461344
13820	18.34856	15.58122	2.767345	-0.0212493	0.577651	0.422349	1.1553	0.844698	0.04188571
13830	19.22337	16.66993	2.553445	-0.29373	0.656863	0.343137	1.31373	0.686275	0.05187542
13840	18.59842	16.47513	2.12329	-0.203514	0.692634	0.307366	1.38527	0.614731	0.07975826
13850	17.37058	15.28864	2.081945	-0.37472	0.53479	0.46521	1.06958	0.93042	0.08312499
13860	17.66749	15.55558	2.111903	-0.27226	0.549436	0.450564	1.09887	0.901127	0.08067162
13870	18.28034	16.24481	2.035535	-0.442284	0.791631	0.208369	1.58326	0.416738	0.08707375
13880	19.19177	16.66047	2.531303	-0.177712	0.623337	0.376663	1.24667	0.753326	0.05303688
13890	18.15129	16.08209	2.069201	-0.155194	0.660419	0.339581	1.32084	0.679163	0.08419107
13900	18.52161	16.47845	2.043168	-0.319034	0.791041	0.208959	1.58208	0.417917	0.08641164
13910	17.95637	15.23811	2.718261	0.174981	0.617803	0.382197	1.23561	0.764393	0.04399293
13920	18.55777	16.16426	2.393505	-0.188671	0.832041	0.167959	1.66408	0.335917	0.06087269
13930	18.63376	16.33311	2.300647	-0.0628899	0.604917	0.395083	1.20983	0.790166	0.06679601
13940	17.63237	15.2467	2.385668	-0.342542	0.490086	0.509914	0.980172	1.01983	0.06135163
13950	17.97602	15.90869	2.067329	-0.109746	0.639151	0.360849	1.2783	0.721699	0.08434885
13960	17.95389	15.55265	2.401232	0.163247	0.56098	0.43902	1.12196	0.878041	0.06040418
13970	19.0436	16.28084	2.762756	-0.150209	0.70601	0.29399	1.41202	0.587979	0.04207839
13980	19.13568	16.76779	2.367891	-0.0140805	0.774634	0.225366	1.54927	0.450732	0.06245207
13990	17.21687	14.40643	2.810436	0.213465	0.612397	0.387603	1.22479	0.775207	0.04011915
14000	18.36149	15.54454	2.816945	-0.0788353	0.587535	0.412465	1.17507	0.824929	0.03985888
14010	19.4144	16.98215	2.432254	-0.261199	0.710087	0.289913	1.42017	0.579826	0.05855909
14020	17.7937	15.48021	2.313495	0.275703	0.628211	0.371789	1.25642	0.743577	0.06594329
14030	16.21161	14.22782	1.983791	0.179659	0.501607	0.498393	1.00321	0.996785	0.09169783
14040	17.80652	15.18462	2.621897	0.248695	0.633478	0.366522	1.26696	0.733044	0.04844326
14050	18.63225	15.89481	2.737433	0.00279261	0.752689	0.247311	1.50538	0.494622	0.04315755
14060	16.0132	13.96195	2.05125	-0.491055	0.88425	0.11575	1.7685	0.231501	0.0857161
14070	18.19648	15.77571	2.420771	0.0268787	0.537806	0.462194	1.07561	0.924387	0.05923539
14080	15.76338	14.08257	1.680808	0.368439	0.77577	0.22423	1.55154	0.44846	0.1241489
14090	17.27927	15.05467	2.224598	0.0245582	0.48225	0.51775	0.9645	1.0355	0.07207391
14100	17.7998	15.82508	1.974716	0.121058	0.770438	0.229562	1.54088	0.459124	0.09253385
14110	18.76311	16.22454	2.53857	-0.428887	0.697866	0.302134	1.39573	0.604268	0.05265286
14120	19.33283	16.77837	2.554468	-0.0563493	0.671714	0.328286	1.34343	0.656572	0.05182239
14130	19.16068	16.67793	2.482749	0.0488269	0.719726	0.280274	1.43945	0.560549	0.05567556
14140	17.26482	14.49372	2.771095	0.107569	0.526727	0.473273	1.05345	0.946546	0.04172894
14150	18.81796	16.33747	2.480488	-0.00314191	0.597877	0.402123	1.19575	0.804246	0.05580158
14160	18.64244	16.05573	2.586708	-0.330348	0.588277	0.411723	1.17655	0.823446	0.05017826
14170	18.92873	16.20553	2.723202	-0.0834182	0.621778	0.378222	1.24356	0.756445	0.04377612
14180	18.15315	15.43561	2.717535	0.152058	0.733816	0.266184	1.46763	0.532367	0.04402488
14190	18.34201	15.79223	2.549779	0.109867	0.578694	0.421306	1.15739	0.842611	0.05206594
14200	18.01684	15.66225	2.35459	0.0500573	0.534564	0.465436	1.06913	0.930871	0.06328828
14210	17.47407	15.42308	2.050988	0.192235	0.652808	0.347192	1.30562	0.694383	0.08573854
14220	17.33548	14.87112	2.464357	-0.230381	0.858938	0.141062	1.71788	0.282125	0.05670899
14230	17.45345	14.59077	2.862682	-0.242496	0.539636	0.460364	1.07927	0.920728	0.03807691
14240	15.73783	12.74723	2.990602	0.165858	0.550536	0.449464	1.10107	0.898928	0.03350479
14250	18.69338	15.9518	2.741579	-0.28882	0.738853	0.261147	1.47771	0.522293	0.04297896
14260	18.99047	16.60726	2.383212	-0.00204311	0.648376	0.351624	1.29675	0.703248	0.06150251
14270	17.7126	15.27435	2.438247	0.0512531	0.495838	0.504162	0.991676	1.00832	0.05820916
14280	17.59736	15.2687	2.328666	-0.462716	0.531636	0.468364	1.06327	0.936728	0.06495042
14290	19.1752	16.67678	2.498427	-0.267486	0.634202	0.365798	1.2684	0.731596	0.05480949
14300	19.05966	16.55614	2.503527	0.0540553	0.75101	0.24899	1.50202	0.49798	0.05453064
14310	18.095	15.74425	2.350751	-0.522386	0.765691	0.234309	1.53138	0.468618	0.06353173
14320	14.59537	13.18653	1.408839	0.283731	0.833813	0.166187	1.66763	0.332373	0.1629513
14330	14.73016	12.95876	1.771403	0.420163	0.530487	0.469513	1.06097	0.939027	0.1133961
14340	17.10259	15.27429	1.828296	-0.478898	0.684888	0.315112	1.36978	0.630224	0.1071247
14350	17.9969	15.61692	2.379985	-0.315339	0.515114	0.484886	1.03023	0.969771	0.06170133
14360	17.9534	16.05141	1.901999	-0.279348	0.828876	0.171124	1.65775	0.342247	0.09951333
14370	18.86363	16.67596	2.187674	-0.250121	0.807668	0.192332	1.61534	0.384665	0.07478494
14380	18.08934	16.14269	1.946646	-0.361712	0.759502	0.240498	1.519	0.480997	0.095168
14390	15.3199	13.55254	1.767363	-0.422025	0.468164	0.531836	0.936327	1.06367	0.1138551
14400	18.76443	16.54242	2.22201	-0.110945	0.661344	0.338656	1.32269	0.677312	0.0722607
14410	18.18188	16.15965	2.022229	-0.0733034	0.841644	0.158356	1.68329	0.316712	0.08824006
14420	18.41722	16.33241	2.084812	-0.227495	0.687656	0.312344	1.37531	0.624687	0.082887
14430	18.86611	16.48907	2.377039	0.117592	0.743199	0.256801	1.4864	0.513601	0.06188335
14440	18.06702	15.88201	2.18501	0.145271	0.642136	0.357864	1.28427	0.715727	0.07498441
14450	19.48094	17.01579	2.465149	-0.206219	0.719285	0.280715	1.43857	0.56143	0.05666414
14460	18.87177	16.68617	2.185606	-0.11655	0.714439	0.285561	1.42888	0.571122	0.07493975
14470	18.92552	16.68073	2.244789	0.00393487	0.724815	0.275185	1.44963	0.550369	0.07063326
14480	18.315	15.95375	2.361252	-0.131534	0.537048	0.462952	1.0741	0.925903	0.06286807
14490	19.20997	16.83949	2.370482	-0.276206	0.777138	0.222862	1.55428	0.445725	0.06229047
14500	18.16502	15.82575	2.339273	0.23268	0.651715	0.348285	1.30343	0.69657	0.06426514
14510	16.33737	14.66678	1.670589	0.126724	0.878875	0.121125	1.75775	0.242251	0.1254242
14520	18.80588	16.53207	2.273818	-0.38025	0.657027	0.342973	1.31405	0.685945	0.06861234
14530	18.43333	16.13326	2.300071	0.140933	0.801861	0.198139	1.60372	0.396279	0.06683452
14540	18.51263	16.22744	2.285193	-0.413186	0.618084	0.381916	1.23617	0.763831	0.06783629
14550	17.11957	15.24395	1.875618	-0.122328	0.674578	0.325422	1.34916	0.650844	0.1021735
14560	18.37448	16.3652	2.009278	-0.181295	0.770012	0.229988	1.54002	0.459977	0.08939033
14570	19.03299	16.70875	2.324241	-0.278655	0.649836	0.350164	1.29967	0.700328	0.06523849
14580	13.8207	11.65524	2.165462	0.428087	0.377159	0.622841	0.754318	1.24568	0.07646462
14590	17.48998	15.4265	2.063487	0.296121	0.721863	0.278137	1.44373	0.556273	0.08467354
14600	18.60964	16.31476	2.294882	0.154976	0.761119	0.238881	1.52224	0.477761	0.06718218
14610	18.93019	16.17133	2.758852	-0.0321115	0.704765	0.295235	1.40953	0.590469	0.04224298
14620	18.09761	16.11497	1.98264	-0.44719	0.739963	0.260037	1.47993	0.520075	0.09180352
14630	19.24589	16.72747	2.518417	0.0177609	0.707773	0.292227	1.41555	0.584453	0.0537247
14640	19.47725	16.98014	2.497113	-0.182899	0.732949	0.267051	1.4659	0.534101	0.05488157
14650	18.8311	16.24142	2.589676	-0.0477412	0.58729	0.41271	1.17458	0.82542	0.05002957
14660	18.3637	16.35825	2.005446	-0.332671	0.763646	0.236354	1.52729	0.472708	0.08973347
14670	18.79375	16.39139	2.402369	-0.330949	0.603457	0.396543	1.20691	0.793085	0.06033556
14680	15.6952	14.06325	1.631953	-0.586723	0.645187	0.354813	1.29037	0.709626	0.1303648
14690	18.01513	15.51753	2.497602	-0.23574	0.501714	0.498286	1.00343	0.996571	0.05485471
14700	17.46443	14.69917	2.765261	-0.0565822	0.812446	0.187554	1.62489	0.375107	0.04197311
14710	17.82715	15.94957	1.877583	-0.167096	0.806195	0.193805	1.61239	0.38761	0.1019729
14720	16.69663	14.8373	1.85933	0.317261	0.749122	0.250878	1.49824	0.501756	0.1038514
14730	15.35038	13.49105	1.85933	0.547378	0.714312	0.285688	1.42862	0.571377	0.1038514
14740	15.35756	12.92512	2.432436	0.0668022	0.888628	0.111372	1.77726	0.222745	0.0585484
14750	16.73221	14.51378	2.218433	-0.216458	0.419403	0.580597	0.838806	1.16119	0.07251959
14760	19.27779	16.87002	2.407771	-0.15322	0.780372	0.219628	1.56074	0.439257	0.06001046
14770	17.74898	15.7743	1.974683	-0.54989	0.774925	0.225075	1.54985	0.45015	0.09253689
14780	17.85734	14.90963	2.947716	-0.250039	0.638996	0.361004	1.27799	0.722008	0.03497294
14790	17.81813	15.64608	2.172054	-0.417418	0.562035	0.437965	1.12407	0.87593	0.07596225
14800	18.48468	16.31559	2.169092	-0.454544	0.786732	0.213268	1.57346	0.426535	0.07618758
14810	19.40305	16.87702	2.526033	-0.159074	0.750948	0.249052	1.5019	0.498105	0.05331711
14820	17.71001	15.16988	2.540128	0.230285	0.576076	0.423924	1.15215	0.847849	0.05257088
14830	18.2992	15.76985	2.529346	-0.479361	0.650714	0.349286	1.30143	0.698571	0.05314077
14840	15.89841	14.12021	1.7782	-0.084672	0.588534	0.411466	1.17707	0.822931	0.112628
14850	17.77014	15.89652	1.873615	-0.356276	0.767503	0.232497	1.53501	0.464995	0.1023784
14860	18.05147	16.10039	1.95108	-0.353568	0.741389	0.258611	1.48278	0.517222	0.09474697
14870	17.93761	15.52835	2.409257	0.223614	0.798143	0.201857	1.59629	0.403714	0.05992138
14880	18.81275	16.68023	2.132522	-0.135347	0.760377	0.239623	1.52075	0.479246	0.07902533
14890	16.40801	14.77748	1.630532	-0.361276	0.887465	0.112535	1.77493	0.22507	0.1305502
14900	17.70523	15.86144	1.843787	-0.207405	0.81818	0.18182	1.63636	0.36364	0.1054781
14910	17.14037	15.30611	1.834258	-0.390459	0.684503	0.315497	1.36901	0.630993	0.106488
14920	16.91067	14.69589	2.214781	0.313605	0.836552	0.163448	1.6731	0.326897	0.07278498
14930	17.36991	15.46599	1.90392	0.174037	0.774048	0.225952	1.5481	0.451904	0.09932234
14940	16.48593	14.82124	1.664687	-0.441413	0.744407	0.255593	1.48881	0.511187	0.1261665
14950	18.23582	16.03993	2.195895	-0.243539	0.581898	0.418102	1.1638	0.836205	0.07417265
14960	19.33781	16.73828	2.599527	-0.202314	0.739644	0.260356	1.47929	0.520713	0.04953916
14970	18.6152	16.55062	2.064581	-0.283392	0.765996	0.234004	1.53199	0.468009	0.08458097
14980	14.95804	13.15214	1.805907	0.190245	0.45685	0.54315	0.913699	1.0863	0.1095503
14990	17.37357	14.93824	2.435331	-0.519186	0.799067	0.200933	1.59813	0.401867	0.05837919
15000	14.86567	12.43034	2.435331	-0.676807	0.57767	0.42233	1.15534	0.84466	0.05837919
15010	19.45958	16.91925	2.540331	-0.221852	0.706807	0.293193	1.41361	0.586385	0.05256019
15020	18.7589	16.618	2.140901	-0.186363	0.715553	0.284447	1.43111	0.568894	0.07836594
15030	19.48055	16.94814	2.532413	-0.175344	0.696792	0.303208	1.39358	0.606415	0.05297801
15040	19.01937	16.82197	2.197399	-0.236801	0.732928	0.267072	1.46586	0.534143	0.07406119
15050	16.93005	15.09888	1.831172	0.00389729	0.712819	0.287181	1.42564	0.574362	0.1068171
15060	18.37235	16.29992	2.072437	-0.188615	0.6941	0.3059	1.3882	0.6118	0.0839191
15070	19.32027	16.90523	2.415031	-0.141012	0.773434	0.226566	1.54687	0.453132	0.0595764
15080	18.9749	16.66926	2.305636	0.048464	0.722953	0.277047	1.44591	0.554094	0.06646361
15090	18.44158	16.40117	2.040408	-0.321667	0.737095	0.262905	1.47419	0.525811	0.08665045
15100	17.86998	15.38228	2.487692	0.0404159	0.506203	0.493797	1.01241	0.987595	0.055401
15110	16.60118	14.30783	2.293347	0.323759	0.514366	0.485634	1.02873	0.971267	0.06728538
15120	17.85041	15.70325	2.147161	-0.532799	0.801627	0.198373	1.60325	0.396747	0.07787692
15130	18.10297	15.74566	2.357307	-0.53263	0.653084	0.346916	1.30617	0.693833	0.06311657
15140	17.48898	15.54047	1.948504	-0.502658	0.657238	0.342762	1.31448	0.685525	0.09499135
15150	18.55629	16.46283	2.093466	-0.212673	0.710497	0.289503	1.42099	0.579007	0.08217279
15160	16.06618	14.201	1.865171	-0.0806689	0.522166	0.477834	1.04433	0.955668	0.1032465
15170	18.98385	16.71262	2.271232	-0.310233	0.794043	0.205957	1.58809	0.411914	0.06878996
15180	17.88973	15.41786	2.47187	0.132517	0.536721	0.463279	1.07344	0.926558	0.05628456
15190	16.79049	14.50682	2.283674	-0.464208	0.468965	0.531035	0.937931	1.06207	0.06793944
15200	17.42703	15.41453	2.0125	-0.514499	0.612402	0.387598	1.2248	0.775196	0.08910276
15210	16.80497	15.10933	1.69564	-0.0193481	0.846006	0.153994	1.69201	0.307988	0.1223212
15220	17.35128	15.39682	1.954464	-0.519532	0.63651	0.36349	1.27302	0.726979	0.0944269
15230	18.46464	16.33048	2.134154	0.0794491	0.745954	0.254046	1.49191	0.508091	0.07889643
15240	16.67684	14.81975	1.857092	-0.545869	0.606668	0.393332	1.21334	0.786663	0.104084
15250	19.06897	16.68325	2.385722	0.0617519	0.727195	0.272805	1.45439	0.545611	0.06134832
15260	18.29621	15.41837	2.877833	-0.214204	0.621833	0.378167	1.24367	0.756335	0.03750434
15270	18.44747	16.10516	2.342315	0.15921	0.791435	0.208565	1.58287	0.41713	0.06406991
15280	17.32396	15.51934	1.804624	-0.170604	0.775395	0.224605	1.55079	0.449211	0.1096909
15290	18.32875	16.18454	2.144215	-0.214884	0.626635	0.373365	1.25327	0.74673	0.07810664
15300	16.80656	14.9863	1.820257	0.0977232	0.882759	0.117241	1.76552	0.234482	0.1079894
15310	18.45496	16.13162	2.323339	0.201844	0.702461	0.297539	1.40492	0.595078	0.06529733
15320	17.81654	15.33243	2.484111	0.296127	0.729186	0.270814	1.45837	0.541629	0.05559978
15330	16.88699	15.07421	1.812782	-0.160495	0.695583	0.304417	1.39117	0.608834	0.1087997
15340	19.30884	16.65558	2.653261	-0.162496	0.725519	0.274481	1.45104	0.548962	0.04694748
15350	15.7166	14.17017	1.546436	-0.528073	0.734863	0.265137	1.46973	0.530275	0.1420039
15360	19.06989	16.77577	2.294123	-0.0689386	0.688959	0.311041	1.37792	0.622081	0.06723322
15370	16.52537	14.83678	1.688585	-0.605738	0.81672	0.18328	1.63344	0.366561	0.1231872
15380	19.19774	16.57628	2.62146	-0.266525	0.65394	0.34606	1.30788	0.69212	0.04846443
15390	16.85894	14.39371	2.465231	-0.400905	0.84909	0.15091	1.69818	0.30182	0.05665945
15400	18.29292	15.87267	2.420252	0.237136	0.678052	0.321948	1.3561	0.643897	0.05926614
15410	18.81308	16.53834	2.274739	-0.02707	0.657366	0.342634	1.31473	0.685268	0.06854919
15420	17.80713	15.58585	2.22128	-0.481402	0.573782	0.426218	1.14756	0.852437	0.07231346
15430	17.5392	15.57691	1.962293	0.0373016	0.866798	0.133202	1.7336	0.266404	0.09369053
15440	17.63583	15.27865	2.357182	-0.39561	0.663647	0.336353	1.32729	0.672705	0.06312443
15450	18.67878	16.4105	2.268285	-0.462772	0.75088	0.24912	1.50176	0.498239	0.06899303
15460	16.34606	14.55355	1.792503	0.298387	0.733685	0.266315	1.46737	0.532629	0.1110285
15470	18.90721	16.56443	2.342788	-0.0395993	0.636671	0.363329	1.27334	0.726659	0.06403961
15480	18.23563	15.52027	2.715359	-0.417017	0.703993	0.296007	1.40799	0.592013	0.04412081
15490	17.87808	15.20183	2.676244	-0.379636	0.784692	0.215308	1.56938	0.430616	0.0458808
15500	19.37266	16.79665	2.576008	-0.0564673	0.696543	0.303457	1.39309	0.606915	0.05071808
15510	19.29532	16.76284	2.532476	-0.307171	0.723336	0.276664	1.44667	0.553328	0.05297471
15520	18.60012	16.10376	2.496362	-0.433354	0.633836	0.366164	1.26767	0.732328	0.0549228
15530	17.89862	15.85258	2.046045	-0.522525	0.800252	0.199748	1.6005	0.399497	0.08616336
15540	18.40557	16.35856	2.047004	-0.145428	0.735005	0.264995	1.47001	0.52999	0.08608076
15550	18.37308	16.35584	2.017237	-0.160688	0.761442	0.238558	1.52288	0.477117	0.0886817
15560	17.34253	15.50405	1.83848	-0.149178	0.875499	0.124501	1.751	0.249001	0.1060393
15570	18.35434	16.33049	2.023846	-0.0602851	0.79544	0.20456	1.59088	0.40912	0.08809754
15580	18.28347	16.2616	2.021874	-0.437009	0.78208	0.21792	1.56416	0.43584	0.08827138
15590	15.44959	13.36091	2.088673	0.104391	0.368748	0.631252	0.737497	1.2625	0.08256758
15600	16.04682	14.09096	1.95586	-0.593706	0.510956	0.489044	1.02191	0.978088	0.09429514
15610	19.18182	16.62095	2.560864	-0.140277	0.622303	0.377697	1.24461	0.755393	0.05149198
15620	19.02283	16.45777	2.565061	-0.208355	0.784108	0.215892	1.56822	0.431783	0.0512763
15630	18.88576	16.10451	2.781249	-0.168164	0.64048	0.35952	1.28096	0.719039	0.04130739
15640	16.8705	14.7634	2.107105	-0.48418	0.501122	0.498878	1.00224	0.997757	0.08105963
15650	17.60839	14.72231	2.886086	0.0200359	0.569086	0.430914	1.13817	0.861828	0.03719612
15660	18.90596	16.72474	2.181215	-0.261466	0.711991	0.288009	1.42398	0.576018	0.07526954
15670	17.90663	16.02039	1.88624	-0.269038	0.823996	0.176004	1.64799	0.352009	0.101094
15680	17.89549	15.90718	1.98831	-0.395618	0.674859	0.325141	1.34972	0.650283	0.09128445
15690	18.83399	16.02817	2.805812	-0.0949865	0.653928	0.346072	1.30786	0.692144	0.04030509
15700	18.77672	16.60402	2.172702	-0.233806	0.816855	0.183145	1.63371	0.366291	0.075913
15710	17.86966	15.88121	1.988455	-0.517956	0.714163	0.285837	1.42833	0.571675	0.09127123
15720	16.17546	14.31992	1.85554	-0.658104	0.827622	0.172378	1.65524	0.344756	0.1042456
15730	18.88576	16.5611	2.324654	-0.426547	0.694565	0.305435	1.38913	0.610869	0.0652115
15740	18.86999	16.62617	2.243818	0.0282514	0.722785	0.277215	1.44557	0.554431	0.07070187
15750	19.13534	16.49249	2.642853	-0.00380123	0.724827	0.275173	1.44965	0.550346	0.04743866
15760	19.02427	16.66601	2.358255	-0.27286	0.6349	0.3651	1.2698	0.730199	0.06305673
15770	16.85549	15.01924	1.836253	-0.0151513	0.691866	0.308134	1.38373	0.616269	0.1062758
15780	18.14904	16.03133	2.117706	-0.510823	0.681919	0.318081	1.36384	0.636162	0.08020487
15790	19.14268	16.88349	2.259194	-0.299737	0.756722	0.243278	1.51344	0.486557	0.0696231
15800	18.5134	15.77156	2.741838	-0.346284	0.72501	0.27499	1.45002	0.54998	0.04296784
15810	18.0764	16.0442	2.032208	-0.507134	0.725762	0.274238	1.45152	0.548475	0.08736389
15820	18.97707	16.74766	2.229414	-0.260562	0.689467	0.310533	1.37893	0.621065	0.07172766
15830	17.4495	14.77086	2.678638	-0.239989	0.485665	0.514335	0.971329	1.02867	0.04577107
15840	19.1636	16.72053	2.443067	-0.227437	0.787769	0.212231	1.57554	0.424462	0.05792927
15850	18.48211	16.28929	2.192825	-0.00263504	0.655016	0.344984	1.31003	0.689967	0.07440072
15860	18.05016	15.55378	2.496375	0.09976	0.540446	0.459554	1.08089	0.919108	0.05492208
15870	18.83278	16.29542	2.537363	0.13001	0.697137	0.302863	1.39427	0.605727	0.05271641
15880	19.17342	16.47838	2.695042	-0.0748674	0.664252	0.335748	1.3285	0.671496	0.04502638
15890	18.81677	16.68419	2.132582	-0.218208	0.797055	0.202945	1.59411	0.40589	0.07902053
15900	16.63286	14.35824	2.274624	0.188783	0.455437	0.544563	0.910873	1.08913	0.06855708
15910	19.14119	16.6472	2.493993	-0.279661	0.631907	0.368093	1.26381	0.736186	0.05505304
15920	17.72973	15.27737	2.452356	-0.309167	0.490218	0.509782	0.980435	1.01956	0.0573937
15930	18.18583	15.32729	2.858547	0.0603243	0.662031	0.337969	1.32406	0.675938	0.03823468
15940	19.03944	16.74999	2.289451	-0.260828	0.665192	0.334808	1.33038	0.669615	0.06754804
15950	18.72817	16.52045	2.207723	0.041375	0.790874	0.209126	1.58175	0.418253	0.07330045
15960	15.83863	14.07999	1.758639	-0.723028	0.730573	0.269427	1.46115	0.538853	0.1148528
15970	17.71727	15.75102	1.966245	-0.499993	0.685345	0.314655	1.37069	0.629311	0.09332101
15980	17.98839	16.01262	1.975774	-0.438452	0.82125	0.17875	1.6425	0.357499	0.09243596
15990	18.21653	15.89769	2.318838	-0.509404	0.638403	0.361597	1.27681	0.723194	0.06559191
16000	19.11415	16.59781	2.516339	-0.245564	0.618792	0.381208	1.23758	0.762416	0.05383647
16010	18.40415	15.81607	2.588083	0.0705912	0.572278	0.427722	1.14456	0.855444	0.05010935
16020	18.31222	16.29382	2.018402	-0.243872	0.833217	0.166783	1.66643	0.333565	0.08857842
16030	16.04539	14.3695	1.675889	-0.00353454	0.736468	0.263532	1.47294	0.527065	0.1247612
16040	18.93486	16.72217	2.212689	-0.274909	0.693173	0.306827	1.38635	0.613654	0.0729374
16050	18.62827	16.31441	2.313855	-0.471326	0.752061	0.247939	1.50412	0.495877	0.06591956
16060	18.84512	16.52212	2.322998	-0.178981	0.614023	0.385977	1.22805	0.771954	0.06531962
16070	18.87823	16.72573	2.1525	-0.277919	0.78556	0.21444	1.57112	0.428879	0.07746222
16080	17.14759	14.97656	2.17103	0.373537	0.785467	0.214533	1.57093	0.429067	0.07604005
16090	17.90838	15.73479	2.173595	-0.0657736	0.684257	0.315743	1.36851	0.631487	0.07584523
16100	17.69944	15.38666	2.312783	0.331868	0.733162	0.266838	1.46632	0.533676	0.06599029
16110	19.10012	16.6029	2.497222	-0.0169864	0.776161	0.223839	1.55232	0.447678	0.05487557
16120	19.40997	16.94565	2.464317	-0.143702	0.755973	0.244027	1.51195	0.488055	0.05671127
16130	19.27356	16.7106	2.562957	-0.260638	0.654301	0.345699	1.3086	0.691398	0.05138435
16140	18.14113	15.58975	2.551379	0.227722	0.741983	0.258017	1.48397	0.516033	0.05198269
16150	17.81633	14.92921	2.887129	0.0937591	0.696689	0.303311	1.39338	0.606621	0.03715734
16160	19.12185	16.43571	2.68614	-0.191468	0.741106	0.258894	1.48221	0.517787	0.04542898
16170	17.62926	15.7041	1.925168	-0.412289	0.683581	0.316419	1.36716	0.632838	0.0972342
16180	17.87825	15.70881	2.169436	-0.426131	0.842008	0.157992	1.68402	0.315984	0.07616133
16190	17.02701	15.23752	1.789483	0.126076	0.837634	0.162366	1.67527	0.324731	0.1113644
16200	19.1835	16.75788	2.425614	-0.290068	0.775185	0.224815	1.55037	0.44963	0.05894918
16210	17.98209	15.59788	2.384204	-0.149127	0.499478	0.500522	0.998955	1.00104	0.06144152
16220	19.07473	16.39418	2.680548	-0.050295	0.640785	0.359215	1.28157	0.718429	0.04568374
16230	18.6015	16.31353	2.287967	-0.125865	0.596195	0.403805	1.19239	0.807611	0.06764835
16240	16.91731	14.2076	2.709711	-0.16736	0.829166	0.170834	1.65833	0.341668	0.0443707
16250	18.93715	16.71378	2.22337	-0.114079	0.697335	0.302665	1.39467	0.605331	0.07216246
16260	19.42333	16.90107	2.522256	-0.257549	0.713853	0.286147	1.42771	0.572294	0.05351888
16270	18.46985	16.41277	2.057082	-0.0598129	0.774786	0.225214	1.54957	0.450428	0.08521762
16280	18.61178	16.54599	2.065787	-0.171139	0.777591	0.222409	1.55518	0.444818	0.08447905
16290	17.9505	15.92904	2.021453	-0.420856	0.661904	0.338096	1.32381	0.676192	0.08830854
16300	19.41363	16.87626	2.537361	-0.219712	0.738586	0.261414	1.47717	0.522827	0.05271653
16310	18.77828	16.41149	2.366782	0.118289	0.679518	0.320482	1.35904	0.640965	0.06252136
16320	17.4998	15.3525	2.147302	-0.267382	0.512077	0.487923	1.02415	0.975847	0.0778659
16330	17.68704	15.18405	2.502981	0.066004	0.497407	0.502593	0.994815	1.00519	0.05456042
16340	18.99608	16.52023	2.475854	-0.300449	0.785647	0.214353	1.57129	0.428706	0.05606076
16350	16.71417	14.78135	1.93282	-0.101563	0.556686	0.443314	1.11337	0.886628	0.09649296
16360	18.4752	15.69053	2.784668	0.0717084	0.699269	0.300731	1.39854	0.601463	0.0411664
16370	19.13329	16.64949	2.483801	0.0479701	0.687793	0.312207	1.37559	0.624413	0.05561702
16380	18.28243	16.02066	2.261772	-0.0157751	0.845254	0.154746	1.69051	0.309491	0.06944383
16390	17.95526	16.05675	1.898506	-0.330931	0.793233	0.206767	1.58647	0.413534	0.09986147
16400	17.46193	15.56343	1.898506	-0.0403811	0.724282	0.275718	1.44856	0.551437	0.09986147
16410	17.07514	14.65412	2.421017	0.379644	0.744306	0.255694	1.48861	0.511388	0.05922081
16420	18.79543	16.12841	2.667017	-0.137832	0.5836	0.4164	1.1672	0.832799	0.04630609
16430	18.12254	15.97813	2.144408	-0.400122	0.609057	0.390943	1.21811	0.781886	0.07809154
16440	17.31676	15.27898	2.037781	0.320139	0.726247	0.273753	1.45249	0.547506	0.08687834
16450	18.70158	16.10287	2.598709	-0.311285	0.589653	0.410347	1.17931	0.820695	0.04957967
16460	17.30026	14.9871	2.313155	-0.538315	0.553579	0.446421	1.10716	0.892843	0.06596575
16470	16.61546	13.87668	2.738774	0.0551751	0.462382	0.537618	0.924764	1.07524	0.04309972
16480	16.02108	13.30241	2.718668	0.0719318	0.4319	0.5681	0.863799	1.1362	0.04397503
16490	15.85284	14.24406	1.608783	-0.609705	0.696148	0.303852	1.3923	0.607703	0.1334207
16500	18.79151	16.39925	2.392252	-0.412301	0.771828	0.228172	1.54366	0.456344	0.06094903
16510	19.17111	16.88591	2.285199	-0.133997	0.781597	0.218403	1.56319	0.436807	0.06783585
16520	18.12104	15.76634	2.354699	0.161334	0.58909	0.41091	1.17818	0.82182	0.06328138
16530	17.93107	15.84251	2.088557	-0.549226	0.77433	0.22567	1.54866	0.45134	0.08257714
16540	14.38163	13.07284	1.308787	0.14558	0.913882	0.086118	1.82776	0.172236	0.1800984
16550	16.77962	14.88778	1.891832	-0.0697807	0.612253	0.387747	1.22451	0.775495	0.1005302
16560	19.27281	16.86051	2.412297	-0.0211025	0.748279	0.251721	1.49656	0.503442	0.05973947
16570	18.35438	15.62151	2.732876	-0.185855	0.556883	0.443117	1.11377	0.886233	0.04335467
16580	19.43948	17.0019	2.437582	-0.21852	0.699255	0.300745	1.39851	0.601489	0.05824793
16590	18.53681	16.37483	2.161981	-0.318578	0.651417	0.348583	1.30283	0.697165	0.07673124
16600	18.78713	16.66332	2.123811	-0.173547	0.748752	0.251248	1.4975	0.502495	0.07971674
16610	15.79335	13.93037	1.862978	0.0425673	0.502492	0.497508	1.00498	0.995017	0.1034732
16620	17.71889	15.38182	2.337067	0.115231	0.524741	0.475259	1.04948	0.950518	0.06440705
16630	18.11807	15.93976	2.178315	-0.0341421	0.596129	0.403871	1.19226	0.807741	0.07548814
16640	17.71327	15.66236	2.050907	-0.42921	0.850351	0.149649	1.7007	0.299298	0.08574542
16650	18.63762	16.17836	2.459253	0.103189	0.617223	0.382777	1.23445	0.765554	0.05699921
16660	17.94479	15.10322	2.841572	0.0989537	0.720328	0.279672	1.44066	0.559344	0.03888925
16670	19.3886	17.01211	2.376494	-0.212351	0.750878	0.249122	1.50176	0.498244	0.06191707
16680	16.61725	14.75418	1.863071	0.133309	0.656601	0.343399	1.3132	0.686798	0.1034635
16690	17.76338	15.52326	2.24012	0.255927	0.809222	0.190778	1.61844	0.381556	0.07096384
16700	12.55187	11.29011	1.26176	-0.249738	0.690695	0.309305	1.38139	0.618611	0.1887702
16710	18.71842	16.47434	2.24408	0.0945293	0.770668	0.229332	1.54134	0.458663	0.07068334
16720	17.5836	15.00686	2.576737	0.269181	0.604122	0.395878	1.20824	0.791755	0.05068109
16730	18.98509	16.48909	2.496002	0.0439624	0.769811	0.230189	1.53962	0.460378	0.05494255
16740	18.53736	16.42054	2.116822	-0.230913	0.832081	0.167919	1.66416	0.335837	0.08027578
16750	15.59008	14.06909	1.520997	-0.664695	0.764482	0.235518	1.52896	0.471037	0.1456626
16760	19.3176	16.94543	2.37217	-0.0847352	0.757573	0.242427	1.51515	0.484854	0.06218539
16770	16.19429	14.11544	2.07885	0.227445	0.885631	0.114369	1.77126	0.228737	0.08338264
16780	18.37993	16.2175	2.162427	-0.419989	0.814778	0.185222	1.62956	0.370444	0.07669701
16790	17.59665	15.36245	2.234202	0.335405	0.758246	0.241754	1.51649	0.483507	0.07138503
16800	17.64646	15.57065	2.075807	0.00673161	0.602093	0.397907	1.20419	0.795814	0.08363673
16810	18.94791	16.58855	2.35936	-0.0843434	0.626776	0.373224	1.25355	0.746448	0.06298713
16820	17.42583	15.5394	1.886433	0.127644	0.833936	0.166064	1.66787	0.332128	0.1010744
16830	16.69863	14.85359	1.845049	0.287907	0.745295	0.254705	1.49059	0.509409	0.1053451
16840	16.04372	13.70609	2.337624	-0.252803	0.375641	0.624359	0.751282	1.24872	0.06437117
16850	18.39947	15.84711	2.552367	-0.0484267	0.818158	0.181842	1.63632	0.363684	0.05193136
16860	18.1663	16.08329	2.083013	-0.015665	0.679667	0.320333	1.35933	0.640667	0.08303627
16870	18.90982	16.54761	2.362209	0.10445	0.732111	0.267889	1.46422	0.535778	0.0628079
16880	18.52083	16.3925	2.128338	-0.0277629	0.822935	0.177065	1.64587	0.354131	0.07935663
16890	18.78644	16.60884	2.177595	-0.391802	0.720714	0.279286	1.44143	0.558572	0.0755425
16900	16.9346	14.83689	2.097712	-0.234798	0.891359	0.108641	1.78272	0.217283	0.08182461
16910	18.43229	16.27362	2.158669	-0.316763	0.635394	0.364606	1.27079	0.729213	0.07698581
16920	18.85743	16.62243	2.234999	-0.119481	0.66927	0.33073	1.33854	0.66146	0.07132819
16930	19.00822	16.62435	2.383872	-0.076709	0.62971	0.37029	1.25942	0.74058	0.06146193
16940	17.22425	14.88273	2.341516	-0.101274	0.442572	0.557428	0.885145	1.11486	0.06412117
16950	16.59208	14.4702	2.121878	0.421614	0.629948	0.370052	1.2599	0.740104	0.07987091
16960	16.70872	14.78587	1.922854	-0.45629	0.880493	0.119507	1.76099	0.239014	0.09745945
16970	17.53249	15.48838	2.044112	-0.201616	0.576336	0.423664	1.15267	0.847329	0.0863301
16980	17.57395	15.55659	2.017359	0.0129459	0.639942	0.360058	1.27988	0.720116	0.08867083
16990	18.05123	16.02228	2.028951	-0.462982	0.688204	0.311796	1.37641	0.623592	0.0876489
17000	16.24039	14.33209	1.908301	-0.530711	0.516906	0.483094	1.03381	0.966188	0.0988881
17010	18.49225	16.35514	2.137104	-0.306188	0.659157	0.340843	1.31831	0.681686	0.07866407
17020	16.7949	14.42508	2.369821	0.0922623	0.435658	0.564342	0.871317	1.12868	0.06233165
17030	18.2737	15.87135	2.402349	0.248353	0.713	0.287	1.426	0.574001	0.06033671
17040	18.74384	16.60726	2.136577	-0.331101	0.719406	0.280594	1.43881	0.561187	0.0787055
17050	18.29225	15.4139	2.878342	-0.128629	0.608989	0.391011	1.21798	0.782022	0.03748528
17060	18.5765	16.52261	2.053887	-0.188507	0.793929	0.206071	1.58786	0.412143	0.08549035
17070	19.27251	16.81622	2.456284	-0.202797	0.646285	0.353715	1.29257	0.70743	0.05716868
17080	18.96691	16.37612	2.590788	-0.0673585	0.60121	0.39879	1.20242	0.79758	0.04997396
17090	16.78193	15.04555	1.736383	-0.14498	0.760314	0.239686	1.52063	0.479371	0.1174376
17100	17.66395	15.80712	1.856826	-0.211169	0.85328	0.14672	1.70656	0.293439	0.1041117
17110	17.98685	16.0708	1.916048	-0.327815	0.769927	0.230073	1.53985	0.460146	0.09812498
17120	18.99498	16.81144	2.183546	-0.274288	0.76044	0.23956	1.52088	0.479119	0.07509426
17130	17.98771	16.04491	1.942808	-0.0503077	0.827272	0.172728	1.65454	0.345457	0.09553399
17140	15.51988	14.06497	1.454906	-0.432754	0.811869	0.188131	1.62374	0.376262	0.1556148
17150	18.33772	16.16782	2.169892	-0.108572	0.622221	0.377779	1.24444	0.755558	0.07612663
17160	16.29039	13.87084	2.419544	0.331764	0.497116	0.502884	0.994231	1.00577	0.05930812
17170	17.04551	15.3192	1.726311	-0.175242	0.813462	0.186538	1.62692	0.373075	0.1186265
17180	14.29944	13.02242	1.277022	-0.282685	0.844428	0.155572	1.68886	0.311144	0.1859111
17190	19.06088	16.67097	2.389909	-0.164847	0.62544	0.37456	1.25088	0.74912	0.06109199
17200	15.7098	13.76571	1.944091	0.308646	0.888405	0.111595	1.77681	0.22319	0.09541146
17210	14.75403	12.99445	1.759581	0.576284	0.687983	0.312017	1.37597	0.624034	0.1147446
17220	18.47603	16.28819	2.187839	-0.339111	0.62873	0.37127	1.25746	0.742539	0.07477257
17230	17.73041	15.66452	2.065889	-0.567	0.78253	0.21747	1.56506	0.434939	0.08447043
17240	18.03255	15.76491	2.267641	0.20297	0.62644	0.37356	1.25288	0.74712	0.06903747
17250	17.34599	15.20193	2.144058	0.059783	0.528504	0.471496	1.05701	0.942993	0.0781189
17260	17.02467	15.29323	1.731443	-0.31903	0.779562	0.220438	1.55912	0.440875	0.1180192
17270	14.38491	13.06901	1.315895	-0.543442	0.773223	0.226777	1.54645	0.453554	0.1788228
17280	18.01446	16.00016	2.014296	-0.033676	0.710799	0.289201	1.4216	0.578402	0.08894284
17290	17.81959	15.90724	1.912347	-0.0437912	0.83965	0.16035	1.6793	0.3207	0.09848879
17300	18.23132	15.90814	2.323175	-0.535043	0.72109	0.27891	1.44218	0.55782	0.06530801
17310	17.17576	15.41458	1.761179	-0.118034	0.864646	0.135354	1.72929	0.270708	0.1145615
17320	19.16097	16.6792	2.481766	-0.0364339	0.77564	0.22436	1.55128	0.44872	0.05573034
17330	19.14903	16.7118	2.437232	0.0474134	0.713505	0.286495	1.42701	0.572991	0.05826828
17340	19.45675	16.88235	2.574403	-0.191273	0.706633	0.293367	1.41327	0.586734	0.05079954
17350	16.56163	14.43032	2.131312	0.235917	0.495093	0.504907	0.990187	1.00981	0.07912101
17360	16.39019	13.65118	2.73901	-0.450687	0.518065	0.481935	1.03613	0.96387	0.04308953
17370	19.42106	17.02923	2.391824	-0.173174	0.744384	0.255616	1.48877	0.511233	0.06097515
17380	19.20301	16.90712	2.29589	-0.226152	0.778837	0.221163	1.55767	0.442325	0.06711449
17390	19.04137	16.68912	2.352251	-0.384792	0.687787	0.312213	1.37557	0.624426	0.06343648
17400	18.42608	15.97434	2.451741	-0.450966	0.772722	0.227278	1.54544	0.454555	0.05742898
17410	18.33512	15.86444	2.470678	-0.171653	0.718821	0.281179	1.43764	0.562358	0.05635169
17420	16.24607	14.43808	1.807997	-0.234908	0.586767	0.413233	1.17353	0.826466	0.1093216
17430	18.4641	16.07143	2.39267	-0.288015	0.555092	0.444908	1.11018	0.889817	0.06092359
17440	19.24033	16.732	2.508326	-0.200208	0.633666	0.366334	1.26733	0.732669	0.05426959
17450	18.42426	15.56962	2.854634	-0.179129	0.734452	0.265548	1.4689	0.531096	0.03838461
17460	19.0785	16.53711	2.54139	-0.0775611	0.613738	0.386262	1.22748	0.772525	0.05250458
17470	19.06949	16.68052	2.388975	-0.249365	0.797423	0.202577	1.59485	0.405154	0.06114909
17480	17.58752	15.63157	1.955942	-0.385827	0.648206	0.351794	1.29641	0.703587	0.0942875
17490	18.65524	16.52927	2.125971	-0.0337055	0.750342	0.249658	1.50068	0.499316	0.07954467
17500	18.94824	16.4654	2.482845	0.0972112	0.743546	0.256454	1.48709	0.512908	0.05567021
17510	16.25023	14.22385	2.026384	-0.465075	0.45676	0.54324	0.91352	1.08648	0.08787422
17520	15.40641	13.23378	2.172624	-0.378668	0.36152	0.63848	0.723039	1.27696	0.07591897
17530	17.31573	15.24363	2.072097	-0.451338	0.548286	0.451714	1.09657	0.903428	0.08394764
17540	18.21441	15.54463	2.669786	-0.280777	0.546345	0.453655	1.09269	0.907309	0.04617804
17550	19.18286	16.54935	2.633516	-0.184648	0.754356	0.245644	1.50871	0.491288	0.04788363
17560	16.76958	13.88641	2.883162	-0.138324	0.806699	0.193301	1.6134	0.386602	0.03730502
17570	18.84647	16.51862	2.327855	-0.101002	0.619801	0.380199	1.2396	0.760398	0.06500308
17580	18.82667	16.16665	2.660022	-0.073495	0.591536	0.408464	1.18307	0.816929	0.04663111
17590	19.32633	16.77456	2.551773	-0.0212031	0.709686	0.290314	1.41937	0.580627	0.05196222
17600	17.27335	15.22783	2.045521	-0.439162	0.551537	0.448463	1.10307	0.896926	0.08620852
17610	18.40227	16.08764	2.314627	-0.511732	0.687388	0.312612	1.37478	0.625225	0.0658687
17620	18.55543	16.04617	2.509261	0.188875	0.716322	0.283678	1.43264	0.567357	0.0542189
17630	17.34032	15.43297	1.907349	0.132133	0.854606	0.145394	1.70921	0.290788	0.0989823
17640	18.34858	16.03883	2.309754	-0.19571	0.845809	0.154191	1.69162	0.308382	0.06619045
17650	18.06982	16.1185	1.951319	-0.0866365	0.788681	0.211319	1.57736	0.422638	0.09472438
17660	17.37491	14.61388	2.761028	-0.298228	0.513985	0.486015	1.02797	0.97203	0.04215116
17670	17.42831	14.90337	2.524939	-0.525877	0.590133	0.409867	1.18027	0.819735	0.05337544
17680	18.62905	16.52432	2.104727	-0.191855	0.719023	0.280977	1.43805	0.561953	0.08125263
17690	18.01415	15.93596	2.078188	0.186016	0.762992	0.237008	1.52598	0.474017	0.08343784
17700	18.2996	16.29719	2.002413	-0.278622	0.743032	0.256968	1.48606	0.513937	0.09000606
17710	19.02836	16.82719	2.201171	-0.133692	0.759525	0.240475	1.51905	0.48095	0.07378236
17720	19.20517	16.84452	2.360655	-0.10275	0.67275	0.32725	1.3455	0.6545	0.06290559
17730	18.13015	15.92098	2.209169	0.232803	0.772085	0.227915	1.54417	0.45583	0.0731946
17740	15.20269	12.50063	2.70206	-0.455976	0.451962	0.548038	0.903924	1.09608	0.04471147
17750	16.64917	14.45147	2.197703	0.202867	0.473758	0.526242	0.947517	1.05248	0.07403862
17760	18.77906	16.18963	2.589434	0.0678761	0.621896	0.378104	1.24379	0.756208	0.05004167
17770	18.15664	15.75199	2.404651	-0.524791	0.660214	0.339786	1.32043	0.679572	0.060198
17780	17.76692	15.28879	2.478135	-0.416942	0.818447	0.181553	1.63689	0.363107	0.05593302
17790	18.14535	15.73444	2.410911	-0.35526	0.53692	0.46308	1.07384	0.926161	0.05982232
17800	18.5355	16.0826	2.452904	-0.16828	0.546095	0.453905	1.09219	0.90781	0.05736222
17810	17.5802	14.91597	2.664231	0.241864	0.606911	0.393089	1.21382	0.786177	0.04643525
17820	19.36131	16.92573	2.43558	-0.0927462	0.684598	0.315402	1.3692	0.630805	0.05836466
17830	17.09346	15.15164	1.941816	0.291618	0.735036	0.264964	1.47007	0.529928	0.09562882
17840	18.33014	15.78096	2.549176	0.190538	0.752775	0.247225	1.50555	0.49445	0.05209735
17850	17.35864	15.41273	1.945904	-0.254039	0.625781	0.374219	1.25156	0.748439	0.09523871
17860	17.68621	15.50784	2.178369	-0.498226	0.577724	0.422276	1.15545	0.844552	0.07548401
17870	19.10013	16.76991	2.330224	-0.207957	0.799256	0.200744	1.59851	0.401488	0.06484931
17880	18.6612	16.18092	2.480279	-0.140091	0.819887	0.180113	1.63977	0.360227	0.05581326
17890	18.29779	15.89549	2.402298	-0.345236	0.549441	0.450559	1.09888	0.901118	0.06033979
17900	17.00239	15.21307	1.789312	-0.539871	0.715786	0.284214	1.43157	0.568429	0.1113834
17910	17.41514	15.252	2.163145	0.0902504	0.536148	0.463852	1.0723	0.927704	0.07664202
17920	19.4438	17.02893	2.414876	-0.137128	0.728603	0.271397	1.45721	0.542794	0.0595856
17930	18.65866	16.08279	2.575862	0.135643	0.650412	0.349588	1.30082	0.699176	0.05072549
17940	17.99087	15.10676	2.884113	0.0373876	0.722317	0.277683	1.44463	0.555367	0.03726955
17950	17.43414	15.28249	2.151651	-0.150424	0.885338	0.114662	1.77068	0.229324	0.077528
17960	19.31641	16.96018	2.356229	-0.0941944	0.75496	0.24504	1.50992	0.490081	0.06318465
17970	19.44472	16.95297	2.491751	-0.23879	0.696647	0.303353	1.39329	0.606706	0.05517663
17980	18.43532	16.33308	2.102241	-0.148455	0.685338	0.314662	1.37068	0.629324	0.08145489
17990	19.24507	16.92233	2.322742	-0.292311	0.756556	0.243444	1.51311	0.486889	0.06533635
18000	17.10842	15.06896	2.039457	0.292283	0.649169	0.350831	1.29834	0.701662	0.08673287
18010	16.07173	14.50535	1.566388	-0.18812	0.818088	0.181912	1.63618	0.363824	0.1391987
18020	16.8412	14.43527	2.405931	0.415692	0.703726	0.296274	1.40745	0.592548	0.06012099
18030	19.37873	16.98397	2.394758	-0.173919	0.761457	0.238543	1.52291	0.477086	0.06079651
18040	18.66226	16.13547	2.526794	0.127943	0.636111	0.363889	1.27222	0.727778	0.05327653
18050	18.41235	16.38176	2.030597	-0.327539	0.741377	0.258623	1.48275	0.517247	0.0875048
18060	19.043	16.47351	2.569493	0.0612275	0.674396	0.325604	1.34879	0.651207	0.05104956
18070	18.23689	16.07606	2.160832	-0.408966	0.6207	0.3793	1.2414	0.758599	0.07681944
18080	14.41324	12.45429	1.958952	0.586887	0.810189	0.189811	1.62038	0.379622	0.09400412
18090	17.69188	15.38774	2.304133	-0.566976	0.630375	0.369625	1.26075	0.739251	0.06656354
18100	19.20225	16.85622	2.346028	-0.255693	0.781782	0.218218	1.56356	0.436436	0.06383246
18110	17.56946	15.27018	2.299287	0.317103	0.634291	0.365709	1.26858	0.731418	0.06688689
18120	17.78332	15.80595	1.977372	-0.430128	0.668384	0.331616	1.33677	0.663231	0.09228841
18130	19.32801	16.97809	2.349921	-0.241892	0.757889	0.242111	1.51578	0.484222	0.06358448
18140	18.25555	16.18105	2.074495	-0.394847	0.672854	0.327146	1.34571	0.654292	0.08374655
18150	18.76528	16.63401	2.13127	-0.142145	0.737377	0.262623	1.47475	0.525246	0.07912431
18160	17.8908	15.61415	2.276647	-0.33133	0.629677	0.370323	1.25935	0.740646	0.06841847
18170	19.17427	16.60177	2.572501	-0.254181	0.76109	0.23891	1.52218	0.47782	0.05089624
18180	18.42639	15.95322	2.473171	-0.143562	0.533853	0.466147	1.06771	0.932295	0.0562114
18190	18.47574	16.22502	2.250724	-0.331581	0.830189	0.169811	1.66038	0.339622	0.07021531
18200	17.48367	14.46134	3.022329	-0.047521	0.651138	0.348862	1.30228	0.697725	0.03245846
18210	17.69125	15.5553	2.135957	0.129268	0.602927	0.397073	1.20585	0.794147	0.07875429
18220	18.79514	16.4529	2.342233	-0.0781957	0.609932	0.390068	1.21986	0.780136	0.06407519
18230	18.35525	15.93366	2.421584	0.106282	0.582579	0.417421	1.16516	0.834841	0.05918725
18240	18.27987	15.8318	2.448069	0.241531	0.726591	0.273409	1.45318	0.546819	0.05764026
18250	19.03916	16.44877	2.59039	0.0303287	0.649307	0.350693	1.29861	0.701386	0.04999386
18260	19.32674	16.81773	2.509013	-0.300131	0.728364	0.271636	1.45673	0.543273	0.05423231
18270	19.22096	16.63038	2.590578	0.00784693	0.709993	0.290007	1.41999	0.580014	0.04998445
18280	18.71249	16.51318	2.199312	0.000534704	0.807759	0.192241	1.61552	0.384483	0.07391963
18290	18.75325	16.3829	2.370351	0.114716	0.668015	0.331985	1.33603	0.66397	0.06229859
18300	18.14665	16.14339	2.003268	-0.352983	0.834278	0.165722	1.66856	0.331445	0.08992915
18310	18.65881	16.28104	2.37777	-0.130085	0.79341	0.20659	1.58682	0.41318	0.06183813
18320	17.64895	15.6264	2.022544	-0.441013	0.850267	0.149733	1.70053	0.299466	0.08821226
18330	17.77443	15.8638	1.910632	-0.49605	0.766074	0.233926	1.53215	0.467851	0.09865788
18340	10.75954	9.805301	0.9542356	-0.658069	0.642877	0.357123	1.28575	0.714246	0.2567376
18350	9.491859	8.479515	1.012344	0.81253	0.706696	0.293304	1.41339	0.586608	0.2422443
18360	15.29071	13.5444	1.746308	-0.603964	0.511342	0.488658	1.02268	0.977317	0.1162778
18370	16.66186	14.75714	1.904723	0.142557	0.625109	0.374891	1.25022	0.749783	0.09924255
18380	18.73202	16.44821	2.283814	-0.426877	0.665345	0.334655	1.33069	0.66931	0.06792989
18390	19.39001	17.01421	2.375801	-0.147713	0.749448	0.250552	1.4989	0.501103	0.06196001
18400	17.24396	14.94556	2.298402	-0.622195	0.690793	0.309207	1.38159	0.618414	0.06694616
18410	17.45114	14.94938	2.50176	-0.29405	0.470285	0.529715	0.940571	1.05943	0.05462709
18420	19.26799	16.76623	2.50176	-0.0881441	0.647188	0.352812	1.29438	0.705624	0.05462709
18430	17.73032	15.37757	2.352754	0.0168411	0.497867	0.502133	0.995734	1.00427	0.06340457
18440	18.09928	15.96876	2.130517	-0.416042	0.616662	0.383338	1.23332	0.766675	0.0791839
18450	18.04089	15.89804	2.142852	-0.208737	0.584068	0.415932	1.16814	0.831863	0.0782132
18460	18.03016	15.07859	2.951569	-0.201418	0.686375	0.313625	1.37275	0.62725	0.03483842
18470	18.00326	15.77185	2.231407	-0.365385	0.552221	0.447779	1.10444	0.895557	0.07158481
18480	17.9127	15.9128	1.999897	-0.390707	0.667751	0.332249	1.3355	0.664497	0.09023285
18490	18.95323	16.39768	2.555545	-0.173237	0.589704	0.410296	1.17941	0.820592	0.0517666
18500	18.07348	15.20784	2.865642	-0.0159746	0.74663	0.25337	1.49326	0.50674	0.03796436
18510	18.44181	16.41699	2.024815	-0.237417	0.814112	0.185888	1.62822	0.371776	0.08801217
18520	16.77686	14.43176	2.345104	0.430304	0.712843	0.287157	1.42569	0.574314	0.06389152
18530	16.65801	14.79118	1.866832	0.341815	0.752265	0.247735	1.50453	0.495471	0.1030751
18540	16.41285	14.70719	1.705666	-0.424796	0.889312	0.110688	1.77862	0.221375	0.121101
18550	18.63772	16.45074	2.186972	-0.216578	0.649974	0.350026	1.29995	0.700051	0.07483743
18560	17.72797	15.541	2.186972	0.302206	0.698481	0.301519	1.39696	0.603038	0.07483743
18570	19.22514	16.76374	2.461396	-0.330402	0.745784	0.254216	1.49157	0.508433	0.05687715
18580	15.70464	14.18355	1.521092	-0.573325	0.757408	0.242592	1.51482	0.485184	0.1456488
18590	18.1633	15.60176	2.561538	-0.243988	0.518421	0.481579	1.03684	0.963157	0.05145732
18600	18.59332	15.95982	2.633504	-0.416226	0.697003	0.302997	1.39401	0.605993	0.04788422
18610	19.39022	16.80345	2.58677	-0.160525	0.737398	0.262602	1.4748	0.525203	0.05017516
18620	18.42538	16.22304	2.202335	-0.323855	0.611259	0.388741	1.22252	0.777483	0.07369651
18630	19.17713	16.58337	2.593757	-0.27416	0.644841	0.355159	1.28968	0.710319	0.04982582
18640	19.21584	16.69686	2.518979	-0.341836	0.698332	0.301668	1.39666	0.603336	0.05369452
18650	18.33216	16.22251	2.109643	-0.363212	0.655825	0.344175	1.31165	0.68835	0.08085417
18660	19.19219	16.87902	2.313171	-0.0439094	0.741626	0.258374	1.48325	0.516748	0.06596468
18670	18.43613	15.88355	2.552581	-0.364907	0.57556	0.42444	1.15112	0.848879	0.05192025
18680	17.30429	15.2443	2.059991	0.111732	0.588058	0.411942	1.17612	0.823884	0.08497006
18690	17.63114	15.76844	1.862701	-0.377951	0.746893	0.253107	1.49379	0.506214	0.1035018
18700	12.75544	10.71216	2.043281	0.677834	0.605927	0.394073	1.21185	0.788147	0.08640182
18710	16.11473	14.18457	1.930165	0.150858	0.517677	0.482323	1.03535	0.964645	0.09674955
18720	17.28571	14.28514	3.000568	-0.220553	0.597456	0.402544	1.19491	0.805087	0.03317254
18730	19.46411	16.9398	2.524309	-0.115984	0.697915	0.302085	1.39583	0.60417	0.05340911
18740	17.78075	15.18041	2.600339	0.251485	0.622264	0.377736	1.24453	0.755472	0.04949892
18750	17.16403	14.53187	2.632162	-0.237958	0.460205	0.539795	0.92041	1.07959	0.04794855
18760	18.12665	15.43275	2.6939	-0.0510951	0.804153	0.195847	1.60831	0.391695	0.0450778
18770	18.60248	15.93345	2.669031	-0.163775	0.563816	0.436184	1.12763	0.872367	0.04621292
18780	17.27812	15.27565	2.002469	-0.593117	0.64838	0.35162	1.29676	0.70324	0.09000108
18790	19.22585	16.67152	2.554323	-0.103243	0.633557	0.366443	1.26711	0.732886	0.05182992
18800	14.71044	13.15684	1.553599	-0.517553	0.574153	0.425847	1.14831	0.851693	0.1409903
18810	17.18874	15.27407	1.914668	-0.127324	0.645724	0.354276	1.29145	0.708552	0.09826051
18820	17.57432	15.26007	2.314253	0.232448	0.563939	0.436061	1.12788	0.872121	0.06589331
18830	18.5336	16.44082	2.092781	-0.42205	0.766103	0.233897	1.53221	0.467794	0.08222913
18840	18.2582	15.56192	2.696277	-0.0075085	0.551827	0.448173	1.10365	0.896347	0.04497081
18850	18.82465	16.36641	2.458236	0.0812524	0.778283	0.221717	1.55657	0.443434	0.0570572
18860	17.21788	15.08917	2.128714	-0.0697777	0.496621	0.503379	0.993242	1.00676	0.07932685
18870	14.95117	13.1502	1.800969	-0.259578	0.397417	0.602583	0.794834	1.20517	0.1100925
18880	18.76944	16.46834	2.3011	-0.150345	0.613196	0.386804	1.22639	0.773609	0.06676572
18890	19.04507	16.79981	2.245254	-0.0456334	0.759151	0.240849	1.5183	0.481697	0.07060044
18900	16.52361	14.88825	1.635364	-0.0492689	0.867647	0.132353	1.73529	0.264706	0.129921
18910	19.10039	16.57439	2.526	-0.337979	0.652672	0.347328	1.30534	0.694657	0.05331887
18920	19.08052	16.58074	2.499779	0.0356287	0.758916	0.241084	1.51783	0.482168	0.05473545
18930	17.94973	16.04227	1.907463	-0.368409	0.817527	0.182473	1.63505	0.364946	0.09897102
18940	17.44013	14.60334	2.836786	-0.293506	0.781316	0.218684	1.56263	0.437367	0.03907583
18950	17.83106	15.13376	2.697297	0.198924	0.612469	0.387531	1.22494	0.775063	0.04492493
18960	15.48683	12.91687	2.569969	-0.167229	0.368208	0.631792	0.736415	1.26358	0.05102527
18970	19.04428	16.83002	2.214253	-0.208473	0.72208	0.27792	1.44416	0.555839	0.07282338
18980	19.00456	16.43517	2.569391	-0.266634	0.775846	0.224154	1.55169	0.448307	0.05105478
18990	14.2961	12.66995	1.626151	0.180436	0.543566	0.456434	1.08713	0.912868	0.1311235
19000	16.65817	14.7918	1.866371	-0.497443	0.585961	0.414039	1.17192	0.828078	0.1031227
19010	13.96073	12.65747	1.303263	-0.764114	0.734784	0.265216	1.46957	0.530432	0.181096
19020	13.24858	11.49595	1.75263	0.254113	0.309683	0.690317	0.619366	1.38063	0.115545
19030	17.35688	15.29349	2.063384	0.335392	0.755329	0.244671	1.51066	0.489343	0.08468226
19040	18.19987	15.36422	2.835647	-0.0449809	0.757307	0.242693	1.51461	0.485387	0.03912036
19050	18.86232	16.19028	2.672043	-0.0177551	0.612562	0.387438	1.22512	0.774877	0.04607391
19060	18.99304	16.68226	2.310788	-0.367181	0.774261	0.225739	1.54852	0.451477	0.06612203
19070	17.8279	15.94233	1.885568	-0.41456	0.809816	0.190184	1.61963	0.380369	0.1011619
19080	17.67747	15.66652	2.010956	-0.147868	0.632068	0.367932	1.26414	0.735863	0.0892404
19090	18.86467	16.65215	2.212521	-0.396675	0.758063	0.241937	1.51613	0.483875	0.0729496
19100	18.23539	16.24995	1.985442	-0.297986	0.746338	0.253662	1.49268	0.507324	0.09154658
19110	18.96292	16.78273	2.180194	-0.252648	0.78456	0.21544	1.56912	0.430879	0.07534641
19120	18.29154	15.50126	2.790277	0.0848983	0.634042	0.365958	1.26808	0.731915	0.04093615
19130	18.33529	16.04459	2.290694	-0.521344	0.737306	0.262694	1.47461	0.525388	0.06746415
19140	18.45723	16.39491	2.062323	-0.154374	0.828631	0.171369	1.65726	0.342738	0.08477212
19150	18.99574	16.60428	2.391459	0.0521824	0.674656	0.325344	1.34931	0.650688	0.06099738
19160	18.8882	16.61579	2.272411	-0.204458	0.643509	0.356491	1.28702	0.712982	0.06870893
19170	18.0948	15.74485	2.349947	-0.516103	0.62659	0.37341	1.25318	0.746821	0.06358278
19180	19.10066	16.54178	2.558882	-0.215837	0.778204	0.221796	1.55641	0.443592	0.05159416
19190	17.29505	15.39742	1.897634	-0.10205	0.883215	0.116785	1.76643	0.23357	0.09994865
19200	17.5439	15.40978	2.134123	-0.0716431	0.534433	0.465567	1.06887	0.931133	0.07889888
19210	17.36499	15.37478	1.990215	0.288811	0.781361	0.218639	1.56272	0.437278	0.09111074
19220	17.59151	15.6688	1.922707	0.0872928	0.844275	0.155725	1.68855	0.311451	0.09747371
19230	17.99327	15.43677	2.556502	0.162828	0.794716	0.205284	1.58943	0.410568	0.05171709
19240	18.44714	16.254	2.193138	-0.252806	0.61424	0.38576	1.22848	0.771519	0.07437743
19250	18.71523	16.41167	2.303552	-0.0281885	0.624261	0.375739	1.24852	0.751477	0.06660224
19260	16.1937	14.61014	1.583562	-0.470357	0.779418	0.220582	1.55884	0.441164	0.1368285
19270	18.65814	16.51165	2.146491	-0.068214	0.817483	0.182517	1.63497	0.365034	0.07792906
19280	16.88066	14.46273	2.417929	-0.590031	0.587659	0.412341	1.17532	0.824681	0.05940399
19290	16.50787	14.77164	1.736237	0.244646	0.824908	0.175092	1.64982	0.350183	0.1174548
19300	17.68921	15.76595	1.923262	0.00612316	0.852937	0.147063	1.70587	0.294126	0.09741972
19310	18.92872	16.71499	2.213731	-0.0346198	0.778718	0.221282	1.55744	0.442565	0.07286143
19320	19.04655	16.73418	2.312374	-0.289428	0.793883	0.206117	1.58777	0.412234	0.06601728
19330	19.13008	16.61844	2.511642	0.00507864	0.763089	0.236911	1.52618	0.473821	0.05408996
19340	17.74776	15.56134	2.186414	-0.191164	0.524328	0.475672	1.04866	0.951344	0.07487922
19350	19.01659	16.58407	2.432524	0.00642227	0.785427	0.214573	1.57085	0.429147	0.05854329
19360	15.1631	12.67329	2.489807	0.440318	0.796686	0.203314	1.59337	0.406627	0.055284
19370	19.29071	16.9327	2.358007	-0.063199	0.74829	0.25171	1.49658	0.50342	0.06307237
19380	18.3243	16.14789	2.17641	-0.314772	0.608211	0.391789	1.21642	0.783579	0.07563204
19390	19.25837	16.73268	2.52569	-0.0327192	0.753886	0.246114	1.50777	0.492229	0.05333538
19400	18.96873	16.23128	2.737445	-0.260444	0.709028	0.290972	1.41806	0.581945	0.043157
19410	17.97224	15.07681	2.895428	-0.260948	0.731844	0.268156	1.46369	0.536311	0.03685026
19420	17.6218	14.64152	2.980285	-0.0603349	0.610094	0.389906	1.22019	0.779812	0.03385224
19430	18.44519	16.29915	2.146043	-0.205222	0.645397	0.354603	1.29079	0.709206	0.07796403
19440	15.92782	14.1106	1.817222	-0.0197673	0.560489	0.439511	1.12098	0.879022	0.1083176
19450	17.48812	15.24604	2.242082	-0.611351	0.715156	0.284844	1.43031	0.569688	0.07082475
19460	18.15	15.59247	2.557538	-0.0388211	0.517607	0.482393	1.03521	0.964785	0.05166356
19470	16.78646	14.81092	1.975538	-0.37201	0.517616	0.482384	1.03523	0.964767	0.09245775
19480	17.55343	15.68104	1.872396	-0.525778	0.785785	0.214215	1.57157	0.42843	0.1025032
19490	18.10835	15.96327	2.14508	-0.0189904	0.61949	0.38051	1.23898	0.76102	0.07803909
19500	17.74342	15.78076	1.962654	0.103519	0.833645	0.166355	1.66729	0.33271	0.09365673
19510	16.42976	14.39111	2.038651	0.320221	0.556953	0.443047	1.11391	0.886094	0.08680282
19520	13.89728	12.50496	1.392323	-0.629211	0.60358	0.39642	1.20716	0.792839	0.165665
19530	17.86421	15.61135	2.252857	-0.394224	0.538966	0.461034	1.07793	0.922067	0.0700657
19540	18.87825	16.62539	2.252857	-0.163745	0.655436	0.344564	1.31087	0.689127	0.0700657
19550	17.68094	15.39129	2.289654	-0.225508	0.487484	0.512516	0.974968	1.02503	0.06753433
19560	18.88948	16.72978	2.1597	-0.236807	0.72994	0.27006	1.45988	0.540121	0.07690645
19570	15.87046	14.29388	1.576578	-0.102678	0.793942	0.206058	1.58788	0.412117	0.1377875
19580	18.29065	15.65241	2.638242	-0.330681	0.789868	0.210132	1.57974	0.420265	0.0476579
19590	17.90631	15.8267	2.079618	0.196749	0.807092	0.192908	1.61418	0.385816	0.08331865
19600	17.30162	15.25777	2.043857	0.00297599	0.572332	0.427668	1.14466	0.855336	0.08635207
19610	18.25863	15.50657	2.752059	0.135058	0.657822	0.342178	1.31564	0.684356	0.0425309
19620	18.09811	15.9376	2.160506	-0.541332	0.761003	0.238997	1.52201	0.477995	0.07684449
19630	17.855	15.12279	2.732203	-0.131385	0.514865	0.485135	1.02973	0.970271	0.04338384
19640	17.76517	15.31881	2.446366	0.118598	0.519722	0.480278	1.03944	0.960557	0.05773848
19650	18.87686	16.57797	2.298887	0.0846755	0.733406	0.266594	1.46681	0.533188	0.06691368
19660	17.38428	15.53198	1.852304	-0.0277249	0.866897	0.133103	1.73379	0.266206	0.1045836
19670	18.67156	16.38573	2.285832	-0.0870581	0.830328	0.169672	1.66066	0.339345	0.06779296
19680	18.10556	15.47074	2.634826	-0.0084358	0.526903	0.473097	1.05381	0.946194	0.04782095
19690	19.18251	16.50529	2.677225	-0.189611	0.64661	0.35339	1.29322	0.70678	0.04583579
19700	17.27836	15.44054	1.837829	-0.43546	0.704291	0.295709	1.40858	0.591419	0.1061084
19710	17.15985	15.19907	1.960783	0.110598	0.646859	0.353141	1.29372	0.706282	0.09383207
19720	17.23807	14.5797	2.658368	0.180669	0.801995	0.198005	1.60399	0.39601	0.04670832
19730	18.56529	16.34046	2.224826	-0.192565	0.616127	0.383873	1.23225	0.767747	0.07205751
19740	18.02304	15.37281	2.650226	-0.137452	0.819443	0.180557	1.63889	0.361114	0.04709016
19750	17.65466	15.13889	2.515767	-0.0638996	0.473788	0.526212	0.947576	1.05242	0.05386727
19760	18.47689	15.96281	2.514078	0.136728	0.610087	0.389913	1.22017	0.779827	0.05395834
19770	19.11251	16.41883	2.693673	-0.193085	0.738601	0.261399	1.4772	0.522799	0.04508803
19780	18.98419	16.28347	2.700718	-0.227467	0.627072	0.372928	1.25414	0.745856	0.04477153
19790	17.92518	15.22446	2.700718	-0.0995233	0.812866	0.187134	1.62573	0.374268	0.04477153
19800	18.83945	16.47943	2.360023	-0.0775287	0.610485	0.389515	1.22097	0.77903	0.06294536
19810	19.25108	16.65896	2.592119	-0.261678	0.655372	0.344628	1.31074	0.689256	0.04990748
19820	19.09506	16.63763	2.457424	-0.260222	0.622614	0.377386	1.24523	0.754771	0.05710352
19830	19.24984	16.9163	2.333545	-0.29623	0.756599	0.243401	1.5132	0.486802	0.06463428
19840	18.72755	16.33204	2.395514	0.0842315	0.792692	0.207308	1.58538	0.414616	0.06075057
19850	18.12419	15.2683	2.855888	-0.142015	0.577593	0.422407	1.15519	0.844815	0.0383365
19860	19.10715	16.83134	2.275814	-0.0823398	0.782277	0.217723	1.56455	0.435447	0.06847552
19870	16.94231	14.1914	2.750913	0.28353	0.715483	0.284517	1.43097	0.569034	0.04257968
19880	19.02246	16.40955	2.612906	-0.168931	0.602954	0.397046	1.20591	0.794092	0.04888079
19890	18.99684	16.54443	2.452408	-0.147002	0.804015	0.195985	1.60803	0.39197	0.05739071
19900	17.78728	15.90062	1.88666	-0.279793	0.758519	0.241481	1.51704	0.482962	0.1010515
19910	18.67088	15.8681	2.802774	0.00583334	0.669297	0.330703	1.33859	0.661406	0.04042775
19920	16.75698	14.98862	1.768364	0.121439	0.776581	0.223419	1.55316	0.446837	0.1137412
19930	16.5602	14.81289	1.747312	-0.036289	0.733772	0.266228	1.46754	0.532456	0.1161611
19940	18.53345	16.04275	2.490699	0.0315789	0.570791	0.429209	1.14158	0.858418	0.05523468
19950	17.3961	15.16456	2.231533	0.285922	0.821499	0.178501	1.643	0.357002	0.07157579
19960	18.71571	16.41388	2.301826	-0.155253	0.604382	0.395618	1.20876	0.791236	0.0667173
19970	16.70159	14.77331	1.928288	-0.268131	0.539298	0.460702	1.0786	0.921403	0.09693128
19980	16.64682	13.88501	2.761805	-0.512186	0.614327	0.385673	1.22865	0.771346	0.04211843
19990	19.38899	16.89312	2.495864	-0.190664	0.757023	0.242977	1.51405	0.485955	0.05495015
20000	17.8456	15.8745	1.971095	-0.0173312	0.726201	0.273799	1.4524	0.547598	0.09286952
20010	18.68594	16.12933	2.556607	0.0136206	0.583212	0.416788	1.16642	0.833575	0.05171166
20020	18.50334	16.08693	2.416407	-0.206124	0.547576	0.452424	1.09515	0.904848	0.05949445
20030	15.73489	14.2413	1.493594	-0.0410507	0.869236	0.130764	1.73847	0.261528	0.1497094
20040	13.56541	12.2103	1.35511	-0.577336	0.607682	0.392318	1.21536	0.784635	0.1719459
20050	14.90178	12.74599	2.155794	0.000946806	0.318175	0.681825	0.63635	1.36365	0.07720743
20060	18.7903	16.39604	2.394267	0.133703	0.690199	0.309801	1.3804	0.619602	0.06082638
20070	18.59635	16.53133	2.065012	-0.151579	0.793657	0.206343	1.58731	0.412687	0.08454449
20080	18.89316	16.47312	2.42004	0.118576	0.702353	0.297647	1.40471	0.595294	0.05927872
20090	18.21829	15.79796	2.420336	-0.348951	0.82576	0.17424	1.65152	0.34848	0.05926114
20100	18.67385	16.42795	2.245901	0.106525	0.718123	0.281877	1.43625	0.563753	0.07055478
20110	17.73422	15.88761	1.846609	-0.25645	0.826445	0.173555	1.65289	0.347111	0.1051808
20120	18.48938	16.21988	2.269504	-0.0435712	0.601105	0.398895	1.20221	0.79779	0.06890897
20130	18.77235	16.17945	2.5929	-0.099033	0.573042	0.426958	1.14608	0.853915	0.04986854
20140	19.0111	16.81838	2.192723	-0.144047	0.758566	0.241434	1.51713	0.482867	0.0744083
20150	18.80339	16.59921	2.204175	-0.416549	0.749142	0.250858	1.49828	0.501717	0.07356104
20160	16.0015	14.39761	1.603892	0.00420289	0.902428	0.0975723	1.80486	0.195145	0.1340749
20170	16.57646	14.87108	1.705388	0.0780341	0.802373	0.197627	1.60475	0.395254	0.1211346
20180	15.52669	14.05972	1.466963	-0.0216158	0.863581	0.136419	1.72716	0.272838	0.1537499
20190	18.81004	16.2172	2.592845	-0.392067	0.661479	0.338521	1.32296	0.677041	0.04987129
20200	18.82592	16.69452	2.131405	-0.28894	0.750521	0.249479	1.50104	0.498958	0.07911366
20210	19.21815	16.87596	2.342187	-0.336201	0.732457	0.267543	1.46491	0.535087	0.0640781
20220	18.84706	16.55504	2.29202	-0.00170563	0.662807	0.337193	1.32561	0.674387	0.06737474
20230	19.2256	16.93107	2.294523	-0.19378	0.707629	0.292371	1.41526	0.584742	0.06720628
20240	14.23962	12.43122	1.808396	0.371277	0.420241	0.579759	0.840482	1.15952	0.1092779
20250	18.09734	15.86655	2.230785	0.0115715	0.57523	0.42477	1.15046	0.849539	0.07162934
20260	16.99567	15.14501	1.850662	0.078985	0.71993	0.28007	1.43986	0.560139	0.1047554
20270	18.98338	16.415	2.568377	-0.193848	0.595101	0.404899	1.1902	0.809799	0.05110659
20280	18.98967	16.5118	2.477877	-0.360291	0.763961	0.236039	1.52792	0.472078	0.05594748
20290	18.06841	16.06987	1.998541	0.0354383	0.769475	0.230525	1.53895	0.46105	0.09035523
20300	15.63533	13.79904	1.836291	0.509853	0.732221	0.267779	1.46444	0.535558	0.1062717
20310	18.77662	16.64309	2.133532	-0.335726	0.737554	0.262446	1.47511	0.524893	0.07894553
20320	17.81392	15.81628	1.997636	-0.071314	0.680819	0.319181	1.36164	0.638363	0.09043707
20330	18.10545	15.79674	2.30871	-0.227198	0.525655	0.474345	1.05131	0.94869	0.0662596
20340	18.30478	15.9684	2.336382	-0.102678	0.543935	0.456065	1.08787	0.912131	0.06445119
20350	17.84468	15.84629	1.99839	-0.528265	0.707674	0.292326	1.41535	0.584651	0.09036889
20360	18.85463	16.4756	2.379032	-0.030162	0.810209	0.189791	1.62042	0.379583	0.06176011
20370	13.77105	11.4367	2.334346	-0.229942	0.288136	0.711864	0.576273	1.42373	0.06458257
20380	19.06615	16.80021	2.26594	-0.0297372	0.759437	0.240563	1.51887	0.481126	0.06915496
20390	17.97562	15.33189	2.643731	-0.181922	0.507783	0.492217	1.01557	0.984435	0.04739703
20400	17.90045	15.62493	2.275521	-0.249484	0.513376	0.486624	1.02675	0.973248	0.06849556
20410	18.95648	16.48629	2.47019	-0.0126164	0.616889	0.383111	1.23378	0.766222	0.05637919
20420	19.03595	16.27171	2.764236	-0.187416	0.677468	0.322532	1.35494	0.645065	0.04201614
20430	18.42797	16.20529	2.222677	0.0506373	0.827388	0.172612	1.65478	0.345224	0.0722125
20440	17.08255	15.33229	1.750259	-0.0777266	0.866431	0.133569	1.73286	0.267138	0.1158193
20450	16.65911	14.94806	1.71105	-0.243603	0.751428	0.248572	1.50286	0.497144	0.1204506
20460	18.78175	16.44634	2.335408	-0.269386	0.603849	0.396151	1.2077	0.792301	0.06451397
20470	19.02731	16.82147	2.205843	-0.122846	0.771618	0.228382	1.54324	0.456764	0.07343843
20480	16.22199	14.33829	1.8837	-0.507506	0.51975	0.48025	1.0395	0.9605	0.1013511
20490	19.13145	16.71904	2.41241	0.0295419	0.756568	0.243432	1.51314	0.486863	0.05973275
20500	15.69825	12.63602	3.062223	0.0387461	0.532956	0.467044	1.06591	0.934088	0.03118904
20510	18.21702	16.13846	2.078564	0.0675505	0.822508	0.177492	1.64502	0.354984	0.08340646
20520	19.06457	16.70745	2.357122	-0.115146	0.802524	0.197476	1.60505	0.394951	0.06312823
20530	19.23648	16.74851	2.487974	-0.205595	0.777856	0.222144	1.55571	0.444288	0.0553854
20540	17.47199	15.22281	2.249186	-0.174187	0.875159	0.124841	1.75032	0.249682	0.07032339
20550	15.32462	13.37934	1.945278	0.144297	0.405813	0.594187	0.811626	1.18837	0.09529832
20560	18.97068	16.66417	2.306502	-0.0466659	0.664906	0.335094	1.32981	0.670188	0.06640605
20570	17.12973	15.16359	1.966143	-0.0818058	0.594817	0.405183	1.18963	0.810365	0.09333056
20580	17.08082	15.1153	1.965519	0.317697	0.729945	0.270055	1.45989	0.540109	0.09338878
20590	16.12794	14.39616	1.731776	-0.497463	0.616797	0.383203	1.23359	0.766406	0.1179799
20600	15.85049	13.91839	1.932098	0.493687	0.798499	0.201501	1.597	0.403003	0.09656266
20610	18.63515	15.85692	2.778232	-0.142318	0.598423	0.401577	1.19685	0.803154	0.04143218
20620	16.606	14.61002	1.995978	0.239631	0.570739	0.429261	1.14148	0.858523	0.09058712
20630	19.05766	16.78259	2.27507	-0.367719	0.740894	0.259106	1.48179	0.518213	0.06852644
20640	18.04945	16.05459	1.994859	-0.200444	0.853812	0.146188	1.70762	0.292377	0.09068855
20650	16.69762	14.60275	2.094871	0.389412	0.622081	0.377919	1.24416	0.755838	0.08205744
20660	18.5886	16.06563	2.522965	-0.215161	0.815276	0.184724	1.63055	0.369448	0.05348091
20670	16.37487	14.40759	1.967283	0.441652	0.695726	0.304274	1.39145	0.608548	0.09322416
20680	18.02251	15.58609	2.43642	-0.0887358	0.847112	0.152888	1.69422	0.305776	0.05831564
20690	16.33392	14.62741	1.706511	-0.655006	0.732563	0.267437	1.46513	0.534874	0.1209987
20700	16.87323	14.17071	2.702516	0.292789	0.59442	0.40558	1.18884	0.81116	0.0446911
20710	18.91248	16.30718	2.605299	-0.29693	0.766952	0.233048	1.5339	0.466097	0.04925402
20720	18.01365	15.81689	2.196756	-0.131651	0.556631	0.443369	1.11326	0.886738	0.07410879
20730	19.06709	16.7625	2.304591	-0.363728	0.759393	0.240607	1.51879	0.481215	0.06653311
20740	17.69126	15.79995	1.891307	-0.450603	0.735748	0.264252	1.4715	0.528504	0.100583
20750	18.16693	15.92299	2.243936	-0.19189	0.552022	0.447978	1.10404	0.895956	0.07069355
20760	19.27567	16.88602	2.389655	-0.151642	0.667673	0.332327	1.33535	0.664654	0.06110756
20770	18.02692	15.66398	2.362945	0.258547	0.773076	0.226924	1.54615	0.453848	0.06276172
20780	18.45538	15.89511	2.560274	-0.43181	0.625066	0.374934	1.25013	0.749869	0.05152236
20790	18.65212	16.38908	2.263038	-0.210115	0.609583	0.390417	1.21917	0.780833	0.06935599
20800	18.73644	15.9779	2.758542	-0.185267	0.605983	0.394017	1.21197	0.788034	0.0422561
20810	18.71528	16.54698	2.168293	0.0198154	0.753647	0.246353	1.50729	0.492706	0.07624845
20820	18.63893	16.51695	2.121977	-0.151282	0.710255	0.289745	1.42051	0.579489	0.07986303
20830	17.60198	15.25918	2.342799	0.15552	0.525806	0.474194	1.05161	0.948389	0.06403892
20840	18.03858	15.66473	2.373855	0.253384	0.774813	0.225187	1.54963	0.450375	0.06208071
20850	19.04945	16.78114	2.268313	-0.0532232	0.710524	0.289476	1.42105	0.578951	0.06899108
20860	18.81536	16.51731	2.29806	-0.0689822	0.634105	0.365895	1.26821	0.73179	0.06696904
20870	16.93137	15.23791	1.693466	-0.163028	0.839638	0.160362	1.67928	0.320725	0.1225874
20880	13.75654	12.27502	1.481522	-0.198641	0.59279	0.40721	1.18558	0.81442	0.1515277
20890	16.91172	14.45936	2.452362	0.392218	0.732227	0.267773	1.46445	0.535547	0.05739332
20900	18.94368	16.56575	2.377923	0.00890252	0.794707	0.205293	1.58941	0.410585	0.06182865
20910	16.91299	14.93595	1.977045	-0.473369	0.548037	0.451963	1.09607	0.903926	0.09231859
20920	17.83793	15.19096	2.646968	-0.268954	0.817677	0.182323	1.63535	0.364646	0.04724384
20930	16.8569	14.12931	2.727587	-0.00807986	0.461667	0.538333	0.923334	1.07667	0.04358459
20940	17.01202	14.93437	2.077655	-0.488177	0.524327	0.475673	1.04865	0.951346	0.08348234
20950	18.13302	16.11768	2.015333	-0.228165	0.696695	0.303305	1.39339	0.606609	0.0888507
20960	18.38641	16.09676	2.289649	0.114206	0.815638	0.184362	1.63128	0.368725	0.0675347
20970	17.3461	15.2628	2.083308	0.145404	0.589114	0.410886	1.17823	0.821773	0.08301179
20980	17.4556	15.49837	1.95723	-0.540664	0.82325	0.17675	1.6465	0.3535	0.09416609
20990	17.73035	15.72093	2.009419	-0.325942	0.864754	0.135246	1.72951	0.270493	0.08937774
21000	18.43562	16.40214	2.03348	-0.15393	0.817851	0.182149	1.6357	0.364298	0.08725287
21010	18.83437	16.43582	2.398553	-0.17288	0.58961	0.41039	1.17922	0.820781	0.06056622
21020	19.4728	17.01215	2.460651	-0.130347	0.724666	0.275334	1.44933	0.550667	0.05691955
21030	18.85903	16.69309	2.165945	-0.245416	0.713142	0.286858	1.42628	0.573716	0.07642768
21040	17.73113	15.76458	1.966556	0.0774153	0.737833	0.262167	1.47567	0.524333	0.093292
21050	17.32253	15.26427	2.058261	-0.626056	0.748535	0.251465	1.49707	0.502931	0.08511721
21060	16.46802	14.61646	1.851563	0.225507	0.880333	0.119667	1.76067	0.239334	0.1046611
21070	18.81774	16.52399	2.293751	0.0493398	0.678846	0.321154	1.35769	0.642308	0.0672582
21080	18.9482	16.40319	2.545005	0.0386131	0.631312	0.368688	1.26262	0.737377	0.05231511
21090	19.30294	16.6251	2.677847	-0.168802	0.699151	0.300849	1.3983	0.601698	0.04580731
21100	18.24175	16.10012	2.141626	0.164422	0.786674	0.213326	1.57335	0.426652	0.07830916
21110	18.73836	16.29381	2.444549	-0.089478	0.818342	0.181658	1.63668	0.363317	0.0578435
21120	19.14871	16.56701	2.581695	0.0267243	0.727221	0.272779	1.45444	0.545558	0.05043043
21130	18.75357	16.58043	2.173135	-0.0860542	0.703664	0.296336	1.40733	0.592672	0.07588018
21140	18.20413	15.64474	2.559388	-0.433346	0.593091	0.406909	1.18618	0.813818	0.05156803
21150	16.44249	13.51004	2.932447	0.226728	0.664388	0.335612	1.32878	0.671224	0.03551102
21160	17.9792	16.07277	1.906425	-0.339589	0.81469	0.18531	1.62938	0.370621	0.09907384
21170	17.52218	15.33463	2.187552	-0.58384	0.782961	0.217039	1.56592	0.434077	0.07479405
21180	16.8274	14.77479	2.052613	0.35074	0.631712	0.368288	1.26342	0.736577	0.08559928
21190	17.05916	14.86191	2.197249	-0.164666	0.44959	0.55041	0.899179	1.10082	0.0740723
21200	16.49695	14.64144	1.855502	-0.391879	0.894655	0.105345	1.78931	0.210689	0.1042497
21210	18.19029	15.97251	2.217789	-0.523276	0.664789	0.335211	1.32958	0.670423	0.07256631
21220	13.26771	10.93829	2.329422	0.602604	0.56741	0.43259	1.13482	0.86518	0.06490136
21230	18.81121	16.44103	2.370175	0.134402	0.726256	0.273744	1.45251	0.547487	0.06230956
21240	17.27174	15.47173	1.800017	-0.399081	0.742725	0.257275	1.48545	0.51455	0.1101973
21250	17.76413	15.71606	2.048061	-0.192349	0.609395	0.390605	1.21879	0.78121	0.08598981
21260	18.64242	16.00215	2.640271	-0.369307	0.74793	0.25207	1.49586	0.50414	0.04756128
21270	17.60049	15.77148	1.829004	-0.408984	0.818417	0.181583	1.63683	0.363167	0.1070489
21280	16.57192	14.9393	1.632617	-0.121551	0.871269	0.128731	1.74254	0.257461	0.1302784
21290	18.83914	16.31868	2.520459	-0.112375	0.577774	0.422226	1.15555	0.844453	0.05361514
21300	19.31551	16.69067	2.62484	-0.0552772	0.691586	0.308414	1.38317	0.616828	0.04830088
21310	18.76075	16.49303	2.267716	-0.41008	0.783575	0.216425	1.56715	0.432849	0.06903225
21320	17.84377	15.60885	2.234916	0.106019	0.565941	0.434059	1.13188	0.868117	0.07133411
21330	18.04449	16.04369	2.000802	-0.418606	0.696589	0.303411	1.39318	0.606822	0.0901512
21340	10.95346	9.577599	1.375866	0.6396	0.410221	0.589779	0.820443	1.17956	0.1684139
21350	17.91756	15.82652	2.091035	-0.338696	0.598932	0.401068	1.19786	0.802136	0.0823728
21360	17.02628	15.12844	1.897835	-0.278658	0.614912	0.385088	1.22982	0.770176	0.09992853
21370	18.75338	16.37748	2.375894	0.145436	0.702941	0.297059	1.40588	0.594117	0.06195423
21380	16.58285	14.47118	2.111669	0.378316	0.586765	0.413235	1.17353	0.826469	0.08069053
21390	18.03458	15.71462	2.319954	-0.169718	0.514792	0.485208	1.02958	0.970415	0.06551873
21400	16.33593	14.40667	1.929269	0.446728	0.779498	0.220502	1.559	0.441005	0.09683623
21410	17.85156	15.59835	2.253217	-0.0860597	0.518518	0.481482	1.03704	0.962965	0.07004049
21420	18.02887	15.55199	2.476883	-0.331062	0.828919	0.171081	1.65784	0.342162	0.05600311
21430	18.87735	16.58863	2.288716	-0.00811846	0.668805	0.331195	1.33761	0.662389	0.06759774
21440	16.7239	14.90776	1.816143	0.11703	0.883769	0.116231	1.76754	0.232462	0.1084346
21450	16.57067	14.6344	1.936277	0.152474	0.583645	0.416355	1.16729	0.83271	0.09615995
21460	14.49725	12.75427	1.742984	0.393306	0.504649	0.495351	1.0093	0.990703	0.1166649
21470	11.02707	9.734752	1.292317	0.359839	0.394869	0.605131	0.789739	1.21026	0.1830892
21480	19.34246	16.98797	2.354491	-0.114395	0.72234	0.27766	1.44468	0.555319	0.06329453
21490	18.334	15.45193	2.882061	-0.0704209	0.722382	0.277618	1.44476	0.555236	0.03734611
21500	19.18388	16.52105	2.662832	-0.174358	0.744302	0.255698	1.4886	0.511396	0.04650025
21510	19.1395	16.61427	2.525222	0.0085415	0.757806	0.242194	1.51561	0.484388	0.05336034
21520	19.43676	17.01837	2.418394	-0.205552	0.74351	0.25649	1.48702	0.512979	0.05937638
21530	17.86612	15.69279	2.173329	0.218026	0.817603	0.182397	1.63521	0.364793	0.07586542
21540	17.77437	14.88148	2.892894	0.00981324	0.748483	0.251517	1.49697	0.503034	0.03694375
21550	17.21933	15.41278	1.806553	-0.43027	0.725219	0.274781	1.45044	0.549562	0.1094795
21560	14.56046	13.30155	1.258907	-0.394195	0.906191	0.0938091	1.81238	0.187618	0.1893095
21570	17.25015	15.13769	2.112458	-0.191852	0.885701	0.114299	1.7714	0.228599	0.0806269
21580	17.78597	15.29378	2.492191	0.0599251	0.503796	0.496204	1.00759	0.992408	0.05515234
21590	18.12549	15.59904	2.526452	0.245248	0.659713	0.340287	1.31943	0.680573	0.05329476
21600	17.57751	15.69576	1.881753	0.0574336	0.811036	0.188964	1.62207	0.377928	0.1015485
21610	18.06749	15.72464	2.342853	-0.426579	0.559408	0.440592	1.11882	0.881185	0.06403545
21620	15.75406	14.28782	1.466238	-0.230159	0.87705	0.12295	1.7541	0.245899	0.1538614
21630	16.94989	15.06951	1.880384	0.192761	0.714315	0.285685	1.42863	0.57137	0.1016877
21640	18.81251	16.55196	2.260552	-0.432372	0.752379	0.247621	1.50476	0.495243	0.06952858
21650	18.08627	16.07195	2.014316	-0.377044	0.836915	0.163085	1.67383	0.326169	0.08894107
21660	19.07114	16.69395	2.377197	0.055406	0.741418	0.258582	1.48284	0.517164	0.0618736
21670	19.01585	16.64708	2.368774	0.072432	0.738317	0.261683	1.47663	0.523367	0.06239694
21680	18.86105	16.5172	2.343845	-0.424927	0.678167	0.321833	1.35633	0.643667	0.06397197
21690	18.75422	16.41499	2.339231	-0.208715	0.594758	0.405242	1.18952	0.810485	0.06426785
21700	18.31262	15.67326	2.639354	0.0456722	0.560651	0.439349	1.1213	0.878697	0.04760493
21710	18.58975	15.8537	2.73605	-0.351914	0.659004	0.340996	1.31801	0.681993	0.04321726
21720	18.26565	15.9449	2.320756	0.0108019	0.562665	0.437335	1.12533	0.874671	0.06546622
21730	18.93477	16.545	2.389771	-0.0720864	0.616709	0.383291	1.23342	0.766583	0.06110042
21740	17.07901	15.13369	1.945312	-0.488462	0.591758	0.408242	1.18352	0.816485	0.09529507
21750	19.04236	16.74557	2.296792	-0.00552875	0.709251	0.290749	1.4185	0.581497	0.06705397
21760	17.76678	14.84378	2.922996	-0.224421	0.742969	0.257031	1.48594	0.514061	0.03584822
21770	18.6097	16.40861	2.201088	-0.41569	0.66863	0.33137	1.33726	0.662739	0.07378843
21780	17.18283	14.87304	2.309793	0.394036	0.686359	0.313641	1.37272	0.627282	0.06618785
21790	16.05895	14.43199	1.626957	-0.470594	0.712123	0.287877	1.42425	0.575754	0.1310178
21800	17.04668	15.12619	1.920495	-0.0546081	0.629667	0.370333	1.25933	0.740666	0.09768957
21810	17.90858	15.40882	2.499762	0.273951	0.741945	0.258055	1.48389	0.51611	0.05473638
21820	16.6318	14.96469	1.667111	-0.0612466	0.878763	0.121237	1.75753	0.242474	0.1258611
21830	17.46496	15.19031	2.274654	0.145824	0.520567	0.479433	1.04113	0.958866	0.06855498
21840	18.71009	16.57312	2.136976	-0.272659	0.813845	0.186155	1.62769	0.372309	0.07867411
21850	18.22064	15.49824	2.722403	-0.0491902	0.546758	0.453242	1.09352	0.906484	0.04381109
21860	16.43156	14.51126	1.9203	-0.0441578	0.533493	0.466507	1.06699	0.933014	0.09770865
21870	16.26437	14.15156	2.112812	-0.649463	0.565701	0.434299	1.1314	0.868598	0.08059832
21880	19.46377	16.99625	2.46752	-0.157418	0.740757	0.259243	1.48151	0.518486	0.05652993
21890	19.00141	16.75376	2.247651	-0.0358547	0.779389	0.220611	1.55878	0.441222	0.07043139
21900	18.2634	15.71812	2.545283	-0.19144	0.520175	0.479825	1.04035	0.95965	0.05230055
21910	19.17704	16.69239	2.484651	0.0363601	0.692939	0.307061	1.38588	0.614121	0.05556978
21920	19.27891	16.87911	2.399796	-0.228241	0.664646	0.335354	1.32929	0.670707	0.06049097
21930	17.82182	15.72977	2.092055	-0.576551	0.714257	0.285743	1.42851	0.571486	0.08228885
21940	18.88214	16.12112	2.76102	-0.0984639	0.736798	0.263202	1.4736	0.526404	0.04215149
21950	19.34357	17.00394	2.339634	-0.214504	0.71817	0.28183	1.43634	0.563659	0.06424192
21960	18.53732	16.15175	2.385578	-0.225004	0.557047	0.442953	1.11409	0.885907	0.06135718
21970	16.28562	13.8926	2.393025	0.374085	0.525901	0.474099	1.0518	0.948199	0.06090197
21980	19.18534	16.4766	2.708742	-0.213434	0.685847	0.314153	1.37169	0.628306	0.04441371
21990	17.59488	14.66441	2.930461	-0.297429	0.611527	0.388473	1.22305	0.776946	0.03558161
22000	17.55179	15.37301	2.178776	-0.0923317	0.511223	0.488777	1.02245	0.977555	0.07545335
22010	18.78907	16.11443	2.674633	-0.288337	0.75877	0.24123	1.51754	0.482459	0.04595474
22020	19.07257	16.71283	2.359739	-0.0309343	0.664512	0.335488	1.32902	0.670976	0.06296326
22030	19.12324	16.81917	2.304079	-0.340217	0.702951	0.297049	1.4059	0.594098	0.06656717
22040	17.70213	15.02643	2.675696	-0.373298	0.79483	0.20517	1.58966	0.41034	0.04590591
22050	18.90634	16.25637	2.649973	-0.326644	0.737771	0.262229	1.47554	0.524459	0.04710207
22060	15.23083	12.61875	2.612077	0.193508	0.40536	0.59464	0.810719	1.18928	0.04892133
22070	18.61979	15.98621	2.633575	0.126155	0.731262	0.268738	1.46252	0.537477	0.04788085
22080	18.65196	16.23751	2.414452	0.0115756	0.589465	0.410535	1.17893	0.82107	0.05961089
22090	17.26866	15.22567	2.042985	-0.603142	0.795887	0.204113	1.59177	0.408226	0.08642743
22100	18.11194	15.41274	2.699205	-0.0292204	0.535333	0.464667	1.07067	0.929335	0.04483932
22110	18.91168	16.7195	2.192177	-0.0610095	0.745543	0.254457	1.49109	0.508914	0.07444895
22120	17.35981	15.43606	1.923753	8.74661e-05	0.689477	0.310523	1.37895	0.621045	0.09737187
22130	16.46987	14.55804	1.911825	0.341717	0.663206	0.336794	1.32641	0.673589	0.09854021
22140	18.67867	16.54886	2.12981	-0.0522497	0.743029	0.256971	1.48606	0.513942	0.0792399
22150	16.81444	14.88425	1.930193	-0.527823	0.575884	0.424116	1.15177	0.848233	0.09674682
22160	18.32561	16.10199	2.223625	-0.524728	0.721639	0.278361	1.44328	0.556722	0.07214406
22170	18.62223	16.37953	2.242704	-0.0446855	0.829332	0.170668	1.65866	0.341335	0.0707807
22180	18.29825	16.08454	2.213705	-0.523286	0.69781	0.30219	1.39562	0.60438	0.07286331
22190	18.00029	16.07436	1.925935	-0.339619	0.759576	0.240424	1.51915	0.480849	0.09715966
22200	18.72097	16.40896	2.312007	-0.106443	0.606096	0.393904	1.21219	0.787807	0.06604151
22210	18.3196	15.62191	2.697689	-0.402415	0.728558	0.271442	1.45712	0.542883	0.04490732
22220	17.60236	15.53618	2.066181	-0.114991	0.580233	0.419767	1.16047	0.839533	0.08444574
22230	19.17267	16.64408	2.528589	0.0153867	0.667329	0.332671	1.33466	0.665342	0.053181
22240	18.40965	16.1903	2.219348	0.122841	0.67616	0.32384	1.35232	0.64768	0.0724533
22250	19.13561	16.63934	2.496273	-0.13707	0.617573	0.382427	1.23515	0.764854	0.05492767
22260	18.32067	16.18522	2.135457	-0.283831	0.629927	0.370073	1.25985	0.740145	0.07879369
22270	19.4321	17.03447	2.397627	-0.172248	0.740033	0.259967	1.48007	0.519933	0.06062231
22280	17.80337	15.70337	2.100004	-0.138273	0.583065	0.416935	1.16613	0.833869	0.08163727
22290	18.58959	16.41641	2.173178	-0.0218609	0.685544	0.314456	1.37109	0.628912	0.07587689
22300	18.27754	16.15717	2.12037	-0.360799	0.638948	0.361052	1.2779	0.722104	0.07999145
22310	18.18779	15.9456	2.242197	0.112158	0.61571	0.38429	1.23142	0.76858	0.07081656
22320	17.71662	15.80034	1.916279	-0.52157	0.761623	0.238377	1.52325	0.476753	0.0981023
22330	19.41279	16.84977	2.563014	-0.244882	0.700967	0.299033	1.40193	0.598066	0.05138141
22340	18.0301	15.75177	2.278327	-0.212993	0.524749	0.475251	1.0495	0.950501	0.06830366
22350	17.79171	15.47747	2.314247	-0.0340409	0.502254	0.497746	1.00451	0.995492	0.06589371
22360	18.79277	16.43135	2.361418	-0.365209	0.796221	0.203779	1.59244	0.407558	0.06285765
22370	17.62798	15.21247	2.415509	-0.54693	0.609977	0.390023	1.21995	0.780046	0.0595479
22380	18.23747	15.63779	2.599677	0.136682	0.586531	0.413469	1.17306	0.826938	0.04953169
22390	18.97391	16.37424	2.599677	0.00361398	0.623809	0.376191	1.24762	0.752381	0.04953169
22400	14.75222	13.16845	1.583764	0.515683	0.8295	0.1705	1.659	0.341001	0.1368009
22410	16.56212	14.93342	1.628701	-0.214528	0.879693	0.120307	1.75939	0.240614	0.1307895
22420	18.07744	15.27764	2.799797	-0.0706254	0.55435	0.44565	1.1087	0.891301	0.04054827
22430	15.58452	13.86721	1.717311	0.0732704	0.634835	0.365165	1.26967	0.730331	0.1196989
22440	17.23128	15.42386	1.807423	-0.536671	0.75113	0.24887	1.50226	0.497739	0.1093842
22450	15.72286	14.0305	1.692357	0.290989	0.724259	0.275741	1.44852	0.551482	0.1227234
22460	16.72364	15.00256	1.721088	-0.558902	0.735238	0.264762	1.47048	0.529524	0.1192476
22470	18.47149	15.74999	2.721495	-0.374346	0.718348	0.281652	1.4367	0.563304	0.04385091
22480	18.23498	15.73877	2.496207	0.222503	0.752401	0.247599	1.5048	0.495198	0.05493128
22490	18.74997	16.51286	2.237109	0.0775959	0.728646	0.271354	1.45729	0.542709	0.07117783
22500	15.02013	12.57688	2.443244	-0.689618	0.698463	0.301537	1.39693	0.603075	0.05791902
22510	19.06481	16.5721	2.492703	-0.129865	0.607819	0.392181	1.21564	0.784362	0.05512412
22520	18.29147	16.11161	2.179861	0.0388109	0.642532	0.357468	1.28506	0.714937	0.07537152
22530	17.33697	15.35937	1.977596	0.143407	0.672418	0.327582	1.34484	0.655164	0.09226775
22540	15.88369	14.3949	1.488798	-0.399044	0.879019	0.120981	1.75804	0.241963	0.1504291
22550	6.897145	6.085344	0.8118008	0.621071	0.961662	0.0383385	1.92332	0.076677	0.2960384
22560	16.7475	14.21917	2.528336	-0.597362	0.642217	0.357783	1.28443	0.715567	0.05319447
22570	18.16558	15.42909	2.736487	0.142232	0.729054	0.270946	1.45811	0.541892	0.04319838
22580	18.7509	15.98104	2.769863	-0.287138	0.707484	0.292516	1.41497	0.585032	0.04178038
22590	19.47594	16.94673	2.529205	-0.142462	0.695867	0.304133	1.39173	0.608266	0.05314826
22600	17.12735	14.75013	2.377216	-0.375824	0.461994	0.538006	0.923987	1.07601	0.06187237
22610	18.61607	16.3047	2.311372	-0.088016	0.593644	0.406356	1.18729	0.812711	0.06608345
22620	19.10215	16.66817	2.433986	-0.35143	0.760448	0.239552	1.5209	0.479105	0.05845776
22630	17.32526	15.15196	2.173306	-0.359481	0.494901	0.505099	0.989802	1.0102	0.07586717
22640	17.37962	15.0942	2.285417	0.105967	0.496567	0.503433	0.993133	1.00687	0.06782107
22650	19.18573	16.81857	2.367159	-0.242504	0.657803	0.342197	1.31561	0.684395	0.06249776
22660	17.38508	15.48039	1.904689	-0.207336	0.880658	0.119342	1.76132	0.238685	0.09924594
22670	18.52882	16.44983	2.078993	-0.232155	0.716998	0.283002	1.434	0.566005	0.08337073
22680	17.35706	14.98021	2.376848	-0.592938	0.643327	0.356673	1.28665	0.713346	0.06189517
22690	16.39668	14.35098	2.045694	-0.119138	0.703707	0.296293	1.40741	0.592587	0.08619365
22700	18.90078	16.59072	2.310059	-0.12784	0.632797	0.367203	1.26559	0.734407	0.06617025
22710	18.17138	15.783	2.388386	-0.454009	0.583773	0.416227	1.16755	0.832453	0.06118511
22720	16.47007	14.79878	1.671283	-0.216775	0.76767	0.23233	1.53534	0.46466	0.1253371
22730	18.35467	16.14345	2.211219	-0.276127	0.592205	0.407795	1.18441	0.815589	0.07304465
22740	17.94928	15.91537	2.033908	-0.00709255	0.686	0.314	1.372	0.627999	0.08721548
22750	18.35131	16.1716	2.179705	0.122261	0.808456	0.191544	1.61691	0.383088	0.07538328
22760	16.95927	15.23415	1.725122	-0.0880835	0.870935	0.129065	1.74187	0.25813	0.1187675
22770	16.94254	14.9647	1.977833	0.00491728	0.571048	0.428952	1.1421	0.857904	0.09224586
22780	18.10392	15.78604	2.317886	0.272799	0.71454	0.28546	1.42908	0.570919	0.06565438
22790	18.22755	15.84536	2.382187	-0.348208	0.82964	0.17036	1.65928	0.34072	0.06156558
22800	17.97808	15.70767	2.270405	-0.33099	0.532512	0.467488	1.06502	0.934975	0.06884692
22810	18.8656	16.60045	2.265156	-0.0713185	0.813647	0.186353	1.62729	0.372706	0.06920921
22820	18.82166	16.25874	2.562918	-0.0155736	0.59221	0.40779	1.18442	0.815579	0.05138632
22830	18.32023	16.19568	2.124549	0.0604503	0.823939	0.176061	1.64788	0.352123	0.0796579
22840	17.99616	15.36283	2.63333	0.236918	0.677189	0.322811	1.35438	0.645622	0.04789257
22850	18.31403	16.30413	2.009894	-0.198816	0.745958	0.254042	1.49192	0.508085	0.08933523
22860	17.65155	15.26123	2.390321	-0.497843	0.559746	0.440254	1.11949	0.880508	0.06106685
22870	19.22907	16.72218	2.506888	-0.341588	0.702424	0.297576	1.40485	0.595153	0.05434769
22880	17.77866	15.75185	2.026816	-0.0739561	0.647288	0.352712	1.29458	0.705425	0.08783625
22890	18.30289	16.26096	2.041935	-0.426786	0.722821	0.277179	1.44564	0.554359	0.08651821
22900	18.2418	16.10563	2.136172	-0.0465594	0.84914	0.15086	1.69828	0.301719	0.07873737
22910	17.77373	15.79136	1.982374	-0.518269	0.807933	0.192067	1.61587	0.384134	0.09182793
22920	19.20474	16.89245	2.312282	-0.322643	0.724598	0.275402	1.4492	0.550804	0.06602334
22930	19.41458	16.8687	2.545875	-0.0965613	0.681785	0.318215	1.36357	0.63643	0.05226964
22940	18.18966	16.12609	2.063566	-0.380533	0.666106	0.333894	1.33221	0.667787	0.08466688
22950	16.55685	14.23811	2.318736	-0.154302	0.39775	0.60225	0.795499	1.2045	0.06559857
22960	14.24599	12.20378	2.042215	-0.0801435	0.927004	0.0729957	1.85401	0.145991	0.08649399
22970	18.84457	16.67626	2.168309	-0.186249	0.808412	0.191588	1.61682	0.383176	0.07624722
22980	17.4161	15.41333	2.002762	-0.268902	0.585593	0.414407	1.17119	0.828813	0.08997465
22990	18.17992	15.99759	2.182334	-0.385398	0.836941	0.163059	1.67388	0.326119	0.0751853
23000	16.42255	14.59695	1.825591	0.336032	0.845272	0.154728	1.69054	0.309455	0.107415
23010	18.8855	16.27084	2.614658	-0.0910479	0.589302	0.410698	1.1786	0.821396	0.04879522
23020	17.9884	15.97151	2.016887	0.12321	0.792177	0.207823	1.58435	0.415646	0.08871271
23030	17.72257	15.32907	2.393499	0.113231	0.516912	0.483088	1.03382	0.966177	0.06087312
23040	19.3432	16.87829	2.464913	-0.0428064	0.743777	0.256223	1.48755	0.512447	0.05667748
23050	17.05742	14.64072	2.416695	-0.114498	0.428154	0.571846	0.856308	1.14369	0.05947733
23060	17.10827	15.12425	1.984016	-0.642934	0.718107	0.281893	1.43621	0.563786	0.09167725
23070	15.40006	13.30378	2.096286	-0.267917	0.348406	0.651594	0.696813	1.30319	0.08194141
23080	18.78949	16.46455	2.324937	-0.150325	0.606516	0.393484	1.21303	0.786969	0.06519304
23090	19.1631	16.9211	2.242004	-0.197879	0.756143	0.243857	1.51229	0.487713	0.07083025
23100	19.23378	16.76806	2.465721	-0.289081	0.654673	0.345327	1.30935	0.690654	0.05663173
23110	17.48389	14.9371	2.546788	0.238122	0.557858	0.442142	1.11572	0.884285	0.05222192
23120	17.94878	15.64821	2.300569	0.157312	0.577318	0.422682	1.15464	0.845363	0.06680118
23130	18.61985	16.26081	2.359039	-0.0467833	0.584965	0.415035	1.16993	0.830071	0.06300734
23140	16.2634	14.54829	1.715107	-0.211732	0.694071	0.305929	1.38814	0.611858	0.119963
23150	19.17651	16.82205	2.354463	0.00249478	0.732121	0.267879	1.46424	0.535759	0.06329632
23160	18.14625	16.11759	2.028668	-0.295258	0.68227	0.31773	1.36454	0.635459	0.08767373
23170	16.70674	14.84753	1.859209	-0.366799	0.593462	0.406538	1.18692	0.813075	0.1038638
23180	14.51194	13.08513	1.426817	-0.764248	0.769474	0.230526	1.53895	0.461052	0.1600479
23190	14.43232	13.16399	1.268327	-0.669637	0.841415	0.158585	1.68283	0.31717	0.1875345
23200	15.38833	13.84656	1.541772	0.0113241	0.918328	0.081672	1.83666	0.163344	0.1426677
23210	18.52234	15.81609	2.706248	-0.349784	0.620457	0.379543	1.24091	0.759085	0.04452463
23220	17.77737	15.53817	2.2392	0.303364	0.68419	0.31581	1.36838	0.63162	0.07102911
23230	19.41488	16.91354	2.501345	-0.119208	0.748904	0.251096	1.49781	0.502192	0.05464979
23240	15.44925	12.90582	2.543429	-0.608075	0.542263	0.457737	1.08453	0.915473	0.05239764
23250	17.17658	14.83217	2.344409	-0.451333	0.491771	0.508229	0.983541	1.01646	0.06393588
23260	18.63734	16.25854	2.378802	-0.205178	0.569155	0.430845	1.13831	0.861691	0.06177435
23270	17.94854	15.96055	1.987984	0.0199665	0.741685	0.258315	1.48337	0.516629	0.09131414
23280	14.2592	12.7148	1.544403	-0.538807	0.509936	0.490064	1.01987	0.980129	0.1422928
23290	15.9665	14.11255	1.853957	0.231775	0.58377	0.41623	1.16754	0.832461	0.1044108
23300	18.17876	15.97798	2.200782	-0.268035	0.57255	0.42745	1.1451	0.8549	0.07381106
23310	19.01183	16.50182	2.510007	-0.0575629	0.609146	0.390854	1.21829	0.781708	0.05417845
23320	19.41805	16.9354	2.482647	-0.226437	0.680779	0.319221	1.36156	0.638442	0.05568121
23330	17.93466	15.67325	2.261411	-0.506938	0.599528	0.400472	1.19906	0.800944	0.06946887
23340	19.06441	16.47727	2.587138	-0.32003	0.645322	0.354678	1.29064	0.709355	0.05015671
23350	17.73311	15.82279	1.910315	-0.281647	0.720692	0.279308	1.44138	0.558616	0.09868916
23360	17.4526	15.37682	2.075785	-0.0269163	0.56556	0.43444	1.13112	0.868879	0.08363856
23370	12.55784	11.12161	1.436229	0.663749	0.629698	0.370302	1.2594	0.740605	0.1585486
23380	18.90422	16.70478	2.199434	-0.171083	0.699104	0.300896	1.39821	0.601792	0.07391056
23390	19.23854	16.73396	2.504576	-0.200597	0.775834	0.224166	1.55167	0.448332	0.05447348
23400	19.30982	16.98985	2.319972	-0.248721	0.736965	0.263035	1.47393	0.52607	0.06551756
23410	19.03026	16.82671	2.203545	-0.272886	0.773358	0.226642	1.54672	0.453284	0.0736074
23420	19.18747	16.71181	2.475662	-0.107073	0.632094	0.367906	1.26419	0.735813	0.05607154
23430	18.74793	16.35343	2.394495	-0.458412	0.694159	0.305841	1.38832	0.611681	0.06081252
23440	19.35911	16.90385	2.455263	-0.0690028	0.752016	0.247984	1.50403	0.495969	0.05722711
23450	18.85724	16.48337	2.373865	-0.426685	0.752119	0.247881	1.50424	0.495762	0.0620801
23460	16.22947	14.55075	1.678714	0.236877	0.819939	0.180061	1.63988	0.360122	0.1244092
23470	18.72214	16.08834	2.633805	-0.118027	0.792345	0.207655	1.58469	0.415309	0.0478698
23480	19.11658	16.65312	2.463452	-0.367945	0.678066	0.321934	1.35613	0.643869	0.05676037
23490	19.10464	16.60034	2.504292	0.0661532	0.708734	0.291266	1.41747	0.582532	0.05448895
23500	18.54668	16.3927	2.153976	-0.0110501	0.822108	0.177892	1.64422	0.355785	0.07734795
23510	16.81221	14.89493	1.917271	-0.653292	0.685098	0.314902	1.3702	0.629804	0.09800508
23520	19.26062	16.93726	2.323352	-0.260035	0.765489	0.234511	1.53098	0.469022	0.06529645
23530	16.93971	14.68382	2.255893	-0.263747	0.433623	0.566377	0.867246	1.13275	0.06985328
23540	18.14188	15.73222	2.409656	-0.00923697	0.525665	0.474335	1.05133	0.948669	0.05989744
23550	18.59874	16.47358	2.125159	-0.113117	0.825501	0.174499	1.651	0.348997	0.07960933
23560	17.237	15.27183	1.965176	-0.155258	0.601199	0.398801	1.2024	0.797602	0.09342077
23570	17.51309	15.2829	2.230184	-0.233531	0.873352	0.126648	1.7467	0.253297	0.07167246
23580	17.29433	15.45066	1.843673	-0.519414	0.715854	0.284146	1.43171	0.568293	0.1054901
23590	16.99149	14.31859	2.6729	-0.0970499	0.842677	0.157323	1.68535	0.314647	0.04603447
23600	19.21903	16.81517	2.403866	-0.202903	0.786651	0.213349	1.5733	0.426698	0.0602453
23610	18.01665	16.09426	1.922395	-0.253061	0.832965	0.167035	1.66593	0.33407	0.09750418
23620	18.16304	16.13799	2.02505	-0.0915362	0.846078	0.153922	1.69216	0.307843	0.0879915
23630	18.05427	15.87592	2.17835	0.224681	0.700446	0.299554	1.40089	0.599109	0.0754855
23640	18.03449	15.43571	2.598781	0.0710139	0.536225	0.463775	1.07245	0.92755	0.04957609
23650	19.45508	17.01593	2.439159	-0.22951	0.723181	0.276819	1.44636	0.553639	0.05815612
23660	18.02543	16.09808	1.92735	-0.396374	0.798817	0.201183	1.59763	0.402366	0.09702223
23670	16.6517	14.60471	2.046994	-0.609494	0.566051	0.433949	1.1321	0.867898	0.08608161
23680	17.62472	15.56436	2.060358	0.088784	0.861854	0.138146	1.72371	0.276292	0.08493889
23690	17.65865	15.67053	1.988116	-0.133282	0.6518	0.3482	1.3036	0.6964	0.09130212
23700	16.60935	14.67335	1.935996	-0.666541	0.660259	0.339741	1.32052	0.679482	0.09618695
23710	15.72897	13.96823	1.76074	-0.705516	0.642522	0.357478	1.28504	0.714956	0.1146117
23720	18.98794	16.67907	2.308868	-0.0709185	0.660274	0.339726	1.32055	0.679451	0.06624914
23730	15.26336	12.63803	2.625332	0.383429	0.514003	0.485997	1.02801	0.971994	0.04827712
23740	18.80969	16.33808	2.47161	-0.0333418	0.589923	0.410077	1.17985	0.820154	0.0562992
23750	18.51374	16.17967	2.334064	-0.474388	0.652693	0.347307	1.30539	0.694615	0.06460073
23760	18.078	15.56862	2.50938	0.214686	0.608301	0.391699	1.2166	0.783398	0.0542124
23770	18.56424	16.35872	2.205515	0.109254	0.783992	0.216008	1.56798	0.432016	0.07346251
23780	17.88521	15.87021	2.015	0.0831213	0.840395	0.159605	1.68079	0.319211	0.08888024
23790	17.73461	15.49775	2.236866	-0.485011	0.564835	0.435165	1.12967	0.87033	0.07119511
23800	17.64676	14.93699	2.70977	0.18663	0.582728	0.417272	1.16546	0.834543	0.04436806
23810	18.71609	16.14266	2.573428	-0.368547	0.614864	0.385136	1.22973	0.770273	0.05084911
23820	17.78459	15.02633	2.758257	-0.355319	0.565382	0.434618	1.13076	0.869236	0.04226813
23830	18.58623	15.86795	2.718282	-0.308146	0.608358	0.391642	1.21672	0.783284	0.04399202
23840	16.55851	14.62622	1.932294	-0.210051	0.519912	0.480088	1.03982	0.960177	0.09654374
23850	19.13731	16.70201	2.435297	0.0396266	0.747877	0.252123	1.49575	0.504247	0.05838114
23860	18.8127	16.68923	2.123475	-0.230729	0.752584	0.247416	1.50517	0.494832	0.07974347
23870	18.40397	16.18345	2.220522	0.0482398	0.639392	0.360608	1.27878	0.721215	0.07236827
23880	14.13077	12.00798	2.122785	0.557194	0.50187	0.49813	1.00374	0.99626	0.07979855
23890	18.65241	16.40406	2.248347	-0.0638009	0.633911	0.366089	1.26782	0.732179	0.07038242
23900	18.87268	16.62668	2.245996	0.00369415	0.704409	0.295591	1.40882	0.591182	0.07054803
23910	17.29505	14.48796	2.807095	0.223359	0.702152	0.297848	1.4043	0.595696	0.04025344
23920	18.40259	15.74921	2.653378	0.0776708	0.775684	0.224316	1.55137	0.448631	0.04694199
23930	19.0585	16.64675	2.411748	-0.332459	0.777664	0.222336	1.55533	0.444671	0.0597723
23940	18.66502	16.37496	2.290062	-0.155819	0.601809	0.398191	1.20362	0.796383	0.06750678
23950	16.45642	14.53071	1.925708	0.14001	0.571392	0.428608	1.14278	0.857216	0.0971817
23960	18.33357	15.91822	2.415353	0.129153	0.591197	0.408803	1.18239	0.817606	0.05955719
23970	19.00895	16.46453	2.544419	0.0365884	0.761056	0.238944	1.52211	0.477887	0.05234576
23980	16.92016	14.66683	2.253334	0.374909	0.800763	0.199237	1.60153	0.398474	0.07003225
23990	18.67006	16.12306	2.547001	0.135389	0.749788	0.250212	1.49958	0.500425	0.05221079
24000	18.31876	15.72259	2.596165	0.179178	0.631573	0.368427	1.26315	0.736855	0.04970598
24010	17.36099	14.99397	2.367019	-0.602751	0.676759	0.323241	1.35352	0.646481	0.06250651
24020	16.53566	14.43125	2.104403	-0.0817923	0.431547	0.568453	0.863095	1.13691	0.08127892
24030	17.22618	15.46779	1.75839	-0.398848	0.783958	0.216042	1.56792	0.432084	0.1148814
24040	18.80998	16.28287	2.527106	0.0990226	0.759714	0.240286	1.51943	0.480571	0.0532599
24050	17.6384	15.78423	1.854165	-0.457494	0.777541	0.222459	1.55508	0.444919	0.1043891
24060	16.56214	14.83878	1.723359	-0.207167	0.899058	0.100942	1.79812	0.201883	0.1189772
24070	19.13014	16.42672	2.703416	-0.042311	0.679398	0.320602	1.3588	0.641204	0.04465087
24080	18.84512	16.18163	2.663487	0.0798311	0.680739	0.319261	1.36148	0.638523	0.04646982
24090	18.09546	15.57571	2.519749	0.153046	0.569491	0.430509	1.13898	0.861018	0.0536532
24100	18.57743	16.21239	2.36504	-0.295941	0.573814	0.426186	1.14763	0.852372	0.06263037
24110	18.40695	16.37124	2.03571	-0.241137	0.733682	0.266318	1.46736	0.532636	0.08705847
24120	15.49334	13.42415	2.069192	-0.022259	0.358438	0.641562	0.716876	1.28312	0.08419187
24130	13.97207	12.20905	1.763016	0.0635569	0.335187	0.664813	0.670373	1.32963	0.1143511
24140	14.71265	13.27185	1.440801	-0.128754	0.776949	0.223051	1.5539	0.446102	0.1578254
24150	19.26137	16.71491	2.546465	-0.311144	0.681201	0.318799	1.3624	0.637599	0.05223876
24160	17.40349	14.9158	2.487687	0.347514	0.696928	0.303072	1.39386	0.606144	0.05540128
24170	16.72697	14.03632	2.69065	0.335628	0.703934	0.296066	1.40787	0.592132	0.04522456
24180	19.18887	16.89131	2.297558	-0.286542	0.768548	0.231452	1.5371	0.462904	0.06700262
24190	18.74665	16.52831	2.218343	-0.235247	0.824279	0.175721	1.64856	0.351443	0.07252614
24200	19.25646	16.86697	2.389492	-0.30571	0.758459	0.241541	1.51692	0.483082	0.0611175
24210	15.00562	13.61949	1.386133	0.0487049	0.903361	0.0966391	1.80672	0.193278	0.1666936
24220	15.81382	14.21788	1.595931	-0.565668	0.877477	0.122523	1.75495	0.245046	0.1351465
24230	17.16538	15.32063	1.844753	0.155444	0.788445	0.211555	1.57689	0.42311	0.1053762
24240	19.24179	16.76736	2.474432	-0.0334178	0.763779	0.236221	1.52756	0.472443	0.05614051
24250	16.6333	14.03981	2.593497	-0.332235	0.847657	0.152343	1.69531	0.304686	0.04983879
24260	19.3652	16.92405	2.441153	-0.0463354	0.725665	0.274335	1.45133	0.548669	0.05804029
24270	18.33715	16.05306	2.284093	0.0648946	0.601666	0.398334	1.20333	0.796668	0.06791096
24280	18.01941	15.62372	2.395694	0.158814	0.818875	0.181125	1.63775	0.362251	0.06073963
24290	18.2292	15.76464	2.464559	-0.318289	0.533852	0.466148	1.0677	0.932297	0.05669755
24300	18.2352	16.13147	2.103728	0.0622217	0.828667	0.171333	1.65733	0.342666	0.08133387
24310	18.98346	16.49832	2.485144	-0.399249	0.727954	0.272046	1.45591	0.544092	0.05554237
24320	17.78191	15.26441	2.517504	-0.425121	0.539663	0.460337	1.07933	0.920674	0.0537738
24330	19.1359	16.71739	2.41851	-0.0132928	0.662277	0.337723	1.32455	0.675445	0.05936945
24340	18.70592	16.58751	2.118405	-0.0722199	0.787436	0.212564	1.57487	0.425128	0.08014885
24350	17.27674	15.38753	1.889203	0.205101	0.799348	0.200652	1.5987	0.401304	0.1007948
24360	17.88095	15.96759	1.91336	-0.149777	0.768271	0.231729	1.53654	0.463459	0.09838911
24370	18.29084	16.18277	2.108076	-0.461543	0.681407	0.318593	1.36281	0.637186	0.08098094
24380	17.38003	15.32194	2.058093	-0.336317	0.544067	0.455933	1.08813	0.911867	0.08513152
24390	18.91339	16.66596	2.247434	-0.376054	0.775955	0.224045	1.55191	0.448089	0.07044666
24400	18.68988	16.41289	2.276988	0.0538401	0.806036	0.193964	1.61207	0.387927	0.06839519
24410	17.82755	15.06964	2.757914	-0.0775863	0.803062	0.196938	1.60612	0.393876	0.04228261
24420	18.55846	15.82831	2.730148	0.00378131	0.761838	0.238162	1.52368	0.476325	0.04347311
24430	18.40839	15.63817	2.770226	0.0996133	0.66982	0.33018	1.33964	0.66036	0.04176523
24440	19.24795	16.67611	2.571842	-0.257918	0.750177	0.249823	1.50035	0.499647	0.0509298
24450	17.19341	15.04443	2.148986	-0.0357454	0.884407	0.115593	1.76881	0.231185	0.07773486
24460	17.93377	15.94036	1.993409	0.0160308	0.845587	0.154413	1.69117	0.308826	0.09082012
24470	19.2791	16.64292	2.63618	-0.163041	0.650686	0.349314	1.30137	0.698628	0.04775628
24480	19.31129	16.94695	2.36434	-0.160691	0.68839	0.31161	1.37678	0.623221	0.06267419
24490	19.35776	16.99342	2.36434	-0.207656	0.702718	0.297282	1.40544	0.594565	0.06267419
24500	18.90098	16.33185	2.569129	-0.348302	0.629298	0.370702	1.2586	0.741403	0.05106813
24510	18.59322	16.29591	2.297308	-0.261533	0.589179	0.410821	1.17836	0.821643	0.06701939
24520	17.38508	15.30225	2.082834	-0.0826357	0.541898	0.458102	1.0838	0.916204	0.08305111
24530	16.97258	15.09034	1.882241	-0.106759	0.646747	0.353253	1.29349	0.706505	0.1014991
24540	16.79132	14.69334	2.09798	0.423133	0.769708	0.230292	1.53942	0.460585	0.08180273
24550	18.61957	15.81563	2.803932	-0.167744	0.744694	0.255306	1.48939	0.510612	0.04038095
24560	19.21082	16.80477	2.406046	-0.0151529	0.686589	0.313411	1.37318	0.626823	0.06011407
24570	17.69839	15.29254	2.405852	0.32417	0.732239	0.267761	1.46448	0.535522	0.06012574
24580	17.56283	15.48081	2.082015	0.222945	0.660962	0.339038	1.32192	0.678076	0.08311919
24590	17.66563	15.83025	1.83538	-0.351417	0.798262	0.201738	1.59652	0.403475	0.1063685
24600	16.81364	15.12205	1.691593	-0.133216	0.816663	0.183337	1.63333	0.366673	0.1228172
24610	18.15207	16.12919	2.02288	-0.304811	0.688405	0.311595	1.37681	0.623189	0.08818262
24620	19.01921	16.41993	2.599275	0.0617742	0.720953	0.279047	1.44191	0.558093	0.04955163
24630	16.57836	14.64337	1.934988	-0.566948	0.560274	0.439726	1.12055	0.879452	0.09628403
24640	18.39356	16.17016	2.223403	-0.0380158	0.611414	0.388586	1.22283	0.777172	0.07216011
24650	18.11578	16.07829	2.037491	0.0640257	0.823223	0.176777	1.64645	0.353555	0.08690359
24660	18.54827	16.08169	2.466578	-0.199038	0.547219	0.452781	1.09444	0.905562	0.05658318
24670	17.61155	15.07046	2.541091	-0.544644	0.705674	0.294326	1.41135	0.588651	0.05252028
24680	19.10324	16.88006	2.223178	-0.244008	0.766502	0.233498	1.533	0.466997	0.07217637
24690	15.95449	14.40469	1.549797	0.0389123	0.87871	0.12129	1.75742	0.242581	0.1415274
24700	18.23258	16.25294	1.979639	-0.11803	0.790375	0.209625	1.58075	0.419249	0.09207943
24710	19.05937	16.65944	2.399929	-0.0820154	0.799265	0.200735	1.59853	0.40147	0.06048295
24720	18.26972	16.06665	2.20307	-0.521629	0.687848	0.312152	1.3757	0.624304	0.07364234
24730	19.43532	17.02857	2.406746	-0.221614	0.732518	0.267482	1.46504	0.534963	0.06007204
24740	18.49352	16.00886	2.48466	0.0630747	0.576828	0.423172	1.15366	0.846344	0.05556923
24750	18.17823	15.54298	2.635249	-0.46235	0.664192	0.335808	1.32838	0.671615	0.04780076
24760	16.31717	13.87236	2.444812	-0.619	0.762485	0.237515	1.52497	0.475031	0.05782829
24770	18.16796	15.78104	2.386915	-0.535099	0.698675	0.301325	1.39735	0.602651	0.06127522
24780	17.59547	15.33619	2.259283	-0.214882	0.485238	0.514762	0.970476	1.02952	0.06961688
24790	16.80275	13.70413	3.098612	-0.200024	0.652301	0.347699	1.3046	0.695397	0.03007452
24800	13.48633	10.19426	3.29207	0.0354478	0.570072	0.429928	1.14014	0.859856	0.02478454
24810	19.10477	16.50213	2.602639	-0.33055	0.720018	0.279982	1.44004	0.559963	0.04938523
24820	16.50691	14.40666	2.10025	0.38177	0.582663	0.417337	1.16533	0.834673	0.08161721
24830	19.18461	16.75036	2.434254	-0.0646754	0.782265	0.217735	1.56453	0.435469	0.05844207
24840	18.83301	16.69887	2.134139	-0.292162	0.750398	0.249602	1.5008	0.499204	0.07889764
24850	16.86623	14.81404	2.052197	-0.152564	0.484891	0.515109	0.969782	1.03022	0.08563496
24860	17.57398	15.32376	2.250219	0.0375262	0.508753	0.491247	1.01751	0.982494	0.07025073
24870	17.95594	15.48972	2.466215	0.170758	0.561398	0.438602	1.1228	0.877204	0.05660377
24880	17.63619	15.21178	2.424417	0.137556	0.514992	0.485008	1.02998	0.970017	0.05901983
24890	18.5921	15.84729	2.744808	-0.208005	0.767181	0.232819	1.53436	0.465638	0.04284043
24900	18.326	16.19922	2.126781	-0.479568	0.690585	0.309415	1.38117	0.618831	0.07948031
24910	13.00222	11.55199	1.450238	-0.455922	0.41855	0.58145	0.837101	1.1629	0.156343
24920	18.38296	16.30434	2.078616	-0.40662	0.6999	0.3001	1.3998	0.600201	0.08340216
24930	18.65267	16.1421	2.510562	-0.449796	0.717836	0.282164	1.43567	0.564328	0.0541484
24940	17.60068	15.71635	1.884334	-0.503308	0.741021	0.258979	1.48204	0.517958	0.1012868
24950	17.96132	15.8949	2.066419	-0.17562	0.628071	0.371929	1.25614	0.743858	0.08442568
24960	18.97919	16.29768	2.68151	0.017508	0.724102	0.275898	1.4482	0.551796	0.04563982
24970	18.84561	16.57346	2.272153	-0.384668	0.668207	0.331793	1.33641	0.663585	0.06872666
24980	17.91002	15.9629	1.947118	-0.031826	0.764538	0.235462	1.52908	0.470923	0.09512316
24990	18.83071	16.01041	2.820307	-0.119489	0.6706	0.3294	1.3412	0.6588	0.03972509
25000	18.10974	15.28943	2.820307	-0.262465	0.760461	0.239539	1.52092	0.479077	0.03972509
25010	19.1919	16.83239	2.359513	-0.247846	0.662809	0.337191	1.32562	0.674383	0.06297749
25020	19.12897	16.77225	2.356717	-0.362546	0.695075	0.304925	1.39015	0.609849	0.06315379
25030	14.90121	13.4208	1.480418	-0.730173	0.818815	0.181185	1.63763	0.36237	0.1516951
25040	14.76422	13.16481	1.599414	0.324144	0.67662	0.32338	1.35324	0.646761	0.1346766
25050	15.42492	13.76017	1.66475	0.276183	0.90007	0.0999296	1.80014	0.199859	0.1261587
25060	17.35067	14.75219	2.598486	0.318258	0.658307	0.341693	1.31661	0.683387	0.04959077
25070	17.70011	14.76669	2.933417	0.0677101	0.679447	0.320553	1.35889	0.641106	0.0354766
25080	16.82223	14.9853	1.836924	-0.639775	0.781055	0.218945	1.56211	0.437891	0.1062045
25090	18.64573	16.45266	2.193072	-0.399148	0.798314	0.201686	1.59663	0.403371	0.07438228
25100	18.39733	16.24114	2.156189	0.0245071	0.675237	0.324763	1.35047	0.649526	0.077177
25110	17.89545	15.32869	2.566753	0.266719	0.720706	0.279294	1.44141	0.558589	0.05118962
25120	17.81814	15.14816	2.669977	-0.200035	0.502686	0.497314	1.00537	0.994628	0.04616923
25130	18.23214	15.92798	2.30416	-0.377809	0.564367	0.435633	1.12873	0.871266	0.06656178
25140	18.65081	15.81919	2.831614	-0.183809	0.635928	0.364072	1.27186	0.728143	0.03927845
25150	18.4969	16.25985	2.237043	-0.15433	0.601924	0.398076	1.20385	0.796152	0.07118251
25160	18.59789	16.46885	2.129043	0.00425956	0.797975	0.202025	1.59595	0.40405	0.07930073
25170	18.27732	16.17743	2.099887	0.10004	0.738988	0.261012	1.47798	0.522025	0.08164681
25180	17.78366	15.33449	2.449167	-0.282238	0.489209	0.510791	0.978419	1.02158	0.05757699
25190	19.07038	16.60749	2.462887	0.0760005	0.708642	0.291358	1.41728	0.582716	0.05679242
25200	18.37487	16.00937	2.365504	-0.511382	0.681522	0.318478	1.36304	0.636956	0.06260128
25210	16.20373	13.40051	2.803219	-0.207185	0.83419	0.16581	1.66838	0.331621	0.04040976
25220	17.32779	15.35796	1.969826	-0.180144	0.607976	0.392024	1.21595	0.784048	0.0929874
25230	17.17554	15.34058	1.834959	0.104828	0.779777	0.220223	1.55955	0.440446	0.1064133
25240	19.1279	16.56882	2.559082	-0.303691	0.753931	0.246069	1.50786	0.492139	0.0515838
25250	18.25485	15.40988	2.844976	0.053094	0.648741	0.351259	1.29748	0.702518	0.03875712
25260	18.92151	16.33454	2.586967	-0.330744	0.625914	0.374086	1.25183	0.748171	0.0501653
25270	19.3739	16.89499	2.478915	-0.146569	0.762403	0.237597	1.52481	0.475194	0.05588943
25280	19.23995	16.58461	2.655336	-0.081089	0.730726	0.269274	1.46145	0.538548	0.04685014
25290	18.45119	15.56613	2.885068	-0.152288	0.707609	0.292391	1.41522	0.584783	0.037234
25300	18.98936	16.77626	2.213108	-0.345332	0.747213	0.252787	1.49443	0.505575	0.07290685
25310	17.68514	15.84958	1.835565	-0.33611	0.813314	0.186686	1.62663	0.373371	0.1063489
25320	17.19127	15.45142	1.739851	-0.404988	0.805197	0.194803	1.61039	0.389606	0.117031
25330	17.78617	15.50876	2.277406	-0.192376	0.499235	0.500765	0.99847	1.00153	0.06836661
25340	17.81222	15.3178	2.494416	0.239928	0.78378	0.21622	1.56756	0.432439	0.05502975
25350	12.84615	11.37876	1.467386	-0.0657807	0.457581	0.542419	0.915163	1.08484	0.1536848
25360	17.86389	15.67244	2.191454	-0.199108	0.867133	0.132867	1.73427	0.265733	0.07450276
25370	18.70344	16.06168	2.641751	-0.204765	0.78924	0.21076	1.57848	0.42152	0.04749093
25380	17.39742	15.05772	2.339705	0.369984	0.716309	0.283691	1.43262	0.567382	0.06423738
25390	17.92407	15.50825	2.415825	0.11376	0.535603	0.464397	1.07121	0.928794	0.05952911
25400	18.65841	16.4843	2.174117	-0.207085	0.829484	0.170516	1.65897	0.341031	0.07580571
25410	19.29432	16.62946	2.664854	-0.121829	0.670539	0.329461	1.34108	0.658922	0.04640635
25420	18.26698	15.91402	2.352963	0.0370501	0.560698	0.439302	1.1214	0.878604	0.06339132
25430	18.7338	16.43453	2.299268	0.0283997	0.647901	0.352099	1.2958	0.704199	0.06688814
25440	17.52578	15.69763	1.828148	-0.468968	0.791006	0.208994	1.58201	0.417988	0.1071406
25450	16.43088	14.63693	1.793955	-0.105146	0.653423	0.346577	1.30685	0.693155	0.1108674
25460	18.78124	16.54006	2.241182	-0.0434004	0.667514	0.332486	1.33503	0.664972	0.07088853
25470	19.40673	16.87676	2.529972	-0.174384	0.749047	0.250953	1.49809	0.501906	0.05310749
25480	18.51158	16.372	2.139577	-0.240617	0.65995	0.34005	1.3199	0.680101	0.07846972
25490	17.95699	15.53148	2.425508	-0.363502	0.522134	0.477866	1.04427	0.955731	0.05895544
25500	17.34011	15.54849	1.791622	-0.21408	0.864494	0.135506	1.72899	0.271012	0.1111263
25510	19.04751	16.57087	2.476637	-0.253708	0.612242	0.387758	1.22448	0.775515	0.05601689
25520	16.88924	14.47748	2.411757	0.220273	0.483306	0.516694	0.966613	1.03339	0.05977174
25530	18.22417	15.86648	2.357695	-0.469271	0.601119	0.398881	1.20224	0.797762	0.06309208
25540	18.05716	15.54055	2.51661	-0.4073	0.554237	0.445763	1.10847	0.891526	0.05382187
25550	17.49469	15.68782	1.806863	-0.352976	0.842066	0.157934	1.68413	0.315868	0.1094455
25560	17.46567	15.40034	2.065329	-0.0939173	0.563637	0.436363	1.12727	0.872726	0.08451771
25570	18.25522	15.69172	2.563504	-0.210617	0.822997	0.177003	1.64599	0.354006	0.05135625
25580	16.08841	14.48035	1.608059	-0.563978	0.732129	0.267871	1.46426	0.535743	0.1335174
25590	17.4434	15.5876	1.855799	-0.530819	0.80331	0.19669	1.60662	0.39338	0.1042187
25600	17.36151	15.10163	2.259875	-0.331695	0.475926	0.524074	0.951851	1.04815	0.06957568
25610	19.26044	16.9212	2.339245	-0.0641768	0.724448	0.275552	1.4489	0.551103	0.06426691
25620	17.64262	15.58571	2.056909	-0.153964	0.87666	0.12334	1.75332	0.246681	0.08523233
25630	18.18081	16.10816	2.072647	0.106723	0.747758	0.252242	1.49552	0.504484	0.08390149
25640	18.04396	15.60238	2.441586	-0.0699201	0.504627	0.495373	1.00925	0.990745	0.05801514
25650	18.95802	16.22388	2.73414	-0.249146	0.722868	0.277132	1.44574	0.554265	0.04329988
25660	15.96502	13.91119	2.053833	0.41383	0.550237	0.449763	1.10047	0.899526	0.08549497
25670	17.66697	15.49486	2.172111	0.140743	0.852206	0.147794	1.70441	0.295588	0.07595791
25680	17.8609	15.06549	2.795403	-0.300142	0.774199	0.225801	1.5484	0.451602	0.04072685
25690	19.09532	16.69199	2.403332	-0.183857	0.626707	0.373293	1.25341	0.746585	0.06027744
25700	18.76117	16.50627	2.254904	-0.384359	0.795287	0.204713	1.59057	0.409426	0.0699224
25710	18.3672	15.65216	2.715036	0.143643	0.670652	0.329348	1.3413	0.658696	0.04413505
25720	18.97843	16.37158	2.606846	-0.300555	0.758782	0.241218	1.51756	0.482435	0.04917787
25730	17.94614	15.59595	2.350193	0.0459158	0.526627	0.473373	1.05325	0.946746	0.06356715
25740	17.89015	15.88932	2.000839	-0.034848	0.6998	0.3002	1.3996	0.600399	0.09014788
25750	18.421	16.31009	2.110909	-0.108028	0.83967	0.16033	1.67934	0.320659	0.08075186
25760	18.44524	16.32211	2.123127	-0.420619	0.804308	0.195692	1.60862	0.391383	0.07977124
25770	18.23585	16.14012	2.095737	-0.0231771	0.843851	0.156149	1.6877	0.312298	0.08198638
25780	14.48242	12.6823	1.800114	-0.523703	0.384173	0.615827	0.768345	1.23165	0.1101867
25790	18.98981	16.53182	2.457982	0.0456918	0.649764	0.350236	1.29953	0.700472	0.05707171
25800	17.29621	15.35957	1.936642	-0.534183	0.836547	0.163453	1.67309	0.326906	0.09612489
25810	19.0975	16.46051	2.636989	-0.132651	0.617741	0.382259	1.23548	0.764517	0.04771764
25820	17.92651	15.80946	2.11705	0.203771	0.810998	0.189002	1.622	0.378004	0.08025747
25830	17.24343	15.40875	1.834676	-0.419385	0.700904	0.299096	1.40181	0.598192	0.1064434
25840	14.21149	12.70471	1.506779	0.0356974	0.669854	0.330146	1.33971	0.660292	0.1477484
25850	16.90525	15.1975	1.707754	-0.373021	0.778109	0.221891	1.55622	0.443782	0.1208483
25860	16.50199	14.82341	1.678576	0.0952624	0.826335	0.173665	1.65267	0.34733	0.1244264
25870	17.26009	15.31067	1.949417	0.13943	0.68397	0.31603	1.36794	0.632059	0.09490472
25880	17.61903	15.689	1.930029	-0.398457	0.676537	0.323463	1.35307	0.646926	0.09676266
25890	19.04597	16.82714	2.218834	-0.11755	0.738759	0.261241	1.47752	0.522481	0.07249056
25900	17.14309	15.03604	2.10705	-0.436453	0.512505	0.487495	1.02501	0.974989	0.0810641
25910	18.00637	16.00413	2.002241	0.0238799	0.740376	0.259624	1.48075	0.519249	0.09002156
25920	17.00868	15.19124	1.817434	0.188242	0.832075	0.167925	1.66415	0.33585	0.1082947
25930	14.13718	11.8092	2.32798	-0.673174	0.487808	0.512192	0.975616	1.02438	0.06499496
25940	18.58398	16.46584	2.118144	-0.100479	0.712105	0.287895	1.42421	0.57579	0.08016971
25950	17.73275	15.82903	1.903721	-0.0113466	0.784439	0.215561	1.56888	0.431122	0.09934211
25960	18.2536	16.13677	2.116831	-0.131734	0.642807	0.357193	1.28561	0.714385	0.08027507
25970	18.35925	15.99033	2.368928	-0.46572	0.616443	0.383557	1.23289	0.767115	0.06238735
25980	17.73028	15.44232	2.28796	0.324002	0.691114	0.308886	1.38223	0.617772	0.06764885
25990	15.37238	13.82301	1.549365	-0.588052	0.673534	0.326466	1.34707	0.652932	0.1415886
26000	15.55051	13.74207	1.808441	0.468896	0.840227	0.159773	1.68045	0.319546	0.109273
26010	15.91035	14.38331	1.527042	-0.263464	0.822178	0.177822	1.64436	0.355643	0.1447848
26020	19.04691	16.81237	2.234543	-0.289923	0.781534	0.218466	1.56307	0.436932	0.07136072
26030	16.78257	14.94619	1.836376	-0.645869	0.776642	0.223358	1.55328	0.446716	0.1062627
26040	18.94512	16.60584	2.339286	-0.0393536	0.645219	0.354781	1.29044	0.709563	0.06426431
26050	18.36104	16.26838	2.092657	-0.455307	0.707033	0.292967	1.41407	0.585933	0.0822393
26060	18.44967	16.30815	2.14152	-0.119664	0.660064	0.339936	1.32013	0.679872	0.0783174
26070	16.21068	14.26122	1.949453	0.189819	0.528077	0.471923	1.05615	0.943846	0.0949013
26080	15.30537	12.68788	2.617494	-0.492685	0.453686	0.546314	0.907372	1.09263	0.04865702
26090	19.37723	16.8334	2.54383	-0.172819	0.751939	0.248061	1.50388	0.496122	0.05237664
26100	19.45344	16.93119	2.522257	-0.23267	0.700982	0.299018	1.40196	0.598037	0.05351879
26110	19.38242	16.91509	2.467336	-0.234119	0.754491	0.245509	1.50898	0.491018	0.05654034
26120	18.67497	16.16354	2.511436	-0.074408	0.563228	0.436772	1.12646	0.873544	0.05410108
26130	19.03877	16.41764	2.62113	-0.22574	0.612599	0.387401	1.2252	0.774803	0.04848041
26140	18.52474	16.48709	2.037653	-0.217867	0.778847	0.221153	1.55769	0.442307	0.08688948
26150	17.65291	15.75447	1.89844	-0.263933	0.864241	0.135759	1.72848	0.271518	0.09986809
26160	18.93066	16.60543	2.325234	-0.392207	0.671624	0.328376	1.34325	0.656751	0.06517374
26170	19.32246	16.72672	2.595746	-0.0722468	0.735895	0.264105	1.47179	0.528211	0.04972681
26180	17.46371	15.44909	2.014624	-0.49187	0.607592	0.392408	1.21518	0.784816	0.08891374
26190	16.56294	14.43921	2.123733	0.131712	0.463628	0.536372	0.927256	1.07274	0.07972296
26200	19.07421	16.69978	2.374434	-0.132803	0.635406	0.364594	1.27081	0.729188	0.06204479
26210	17.79482	15.12379	2.671034	0.235072	0.639957	0.360043	1.27991	0.720086	0.04612043
26220	18.80615	16.03666	2.769493	-0.254106	0.644385	0.355615	1.28877	0.71123	0.04179585
26230	18.49917	16.11417	2.384997	0.146378	0.633083	0.366917	1.26617	0.733834	0.06139282
26240	15.8777	13.52895	2.348751	0.231445	0.415078	0.584922	0.830155	1.16984	0.06365892
26250	17.66025	15.4062	2.254047	0.0560572	0.521601	0.478399	1.0432	0.956799	0.06998235
26260	19.31288	16.84952	2.463365	-0.0137913	0.710367	0.289633	1.42073	0.579267	0.05676532
26270	19.04663	16.75704	2.289593	-0.0904863	0.679807	0.320193	1.35961	0.640386	0.06753847
26280	18.36075	16.31068	2.050069	-0.274783	0.705661	0.294339	1.41132	0.588678	0.08581731
26290	18.75684	16.48704	2.269806	-0.176226	0.623907	0.376093	1.24781	0.752185	0.06888818
26300	18.87801	16.51759	2.360421	-0.113056	0.610789	0.389211	1.22158	0.778422	0.06292033
26310	17.72955	15.88397	1.845575	-0.243608	0.822439	0.177561	1.64488	0.355122	0.1052897
26320	18.38152	15.59428	2.787235	0.0923055	0.685052	0.314948	1.3701	0.629897	0.04106083
26330	18.97703	16.74943	2.227601	-0.366469	0.735757	0.264243	1.47151	0.528486	0.07185778
26340	15.794	14.14478	1.649216	-0.207371	0.696634	0.303366	1.39327	0.606731	0.1281336
26350	15.11985	13.39593	1.723921	0.533181	0.737822	0.262178	1.47564	0.524356	0.1189103
26360	16.84822	14.87035	1.977874	-0.265961	0.522717	0.477283	1.04543	0.954567	0.09224203
26370	18.69076	16.54292	2.147839	-0.200931	0.69115	0.30885	1.3823	0.6177	0.07782414
26380	19.39691	17.02424	2.372676	-0.195813	0.715524	0.284476	1.43105	0.568952	0.06215396
26390	19.1198	16.82124	2.298559	-0.122029	0.684146	0.315854	1.36829	0.631707	0.06693559
26400	19.09176	16.56553	2.526231	-0.175961	0.787606	0.212394	1.57521	0.424787	0.05330657
26410	16.21539	14.27344	1.94195	-0.689477	0.636469	0.363531	1.27294	0.727063	0.095616
26420	18.31223	15.53928	2.772951	0.104318	0.713528	0.286472	1.42706	0.572944	0.04165159
26430	18.14402	15.93031	2.213714	0.211921	0.685054	0.314946	1.37011	0.629891	0.07286266
26440	18.46256	16.28169	2.180873	-0.427265	0.805343	0.194657	1.61069	0.389313	0.07529525
26450	19.00575	16.48393	2.521813	-0.0262935	0.784243	0.215757	1.56849	0.431514	0.0535426
26460	17.7255	15.29183	2.433676	0.320785	0.717421	0.282579	1.43484	0.565157	0.05847586
26470	18.60085	16.16718	2.433676	-0.18789	0.826672	0.173328	1.65334	0.346657	0.05847586
26480	18.44596	16.33712	2.108833	0.0346631	0.738546	0.261454	1.47709	0.522907	0.08091971
26490	18.64388	16.46606	2.177825	-0.174653	0.660659	0.339341	1.32132	0.678681	0.07552509
26500	19.29333	16.84728	2.446049	-0.22134	0.773513	0.226487	1.54703	0.452974	0.05775679
26510	18.66082	16.22703	2.433787	-0.463026	0.677206	0.322794	1.35441	0.645589	0.05846937
26520	18.20286	16.20576	1.997101	-0.0847105	0.830762	0.169238	1.66152	0.338475	0.09048547
26530	14.67423	13.17655	1.497684	-0.428872	0.654691	0.345309	1.30938	0.690617	0.1490984
26540	15.71454	14.07595	1.638598	-0.462068	0.648527	0.351473	1.29705	0.702946	0.1295015
26550	18.8385	16.45838	2.380123	-0.0640233	0.815355	0.184645	1.63071	0.36929	0.06169279
26560	15.58047	13.72911	1.85136	0.494937	0.672669	0.327331	1.34534	0.654662	0.1046823
26570	18.8837	16.70334	2.18036	-0.335238	0.781478	0.218522	1.56296	0.437044	0.0753339
26580	18.62342	15.9066	2.716828	-0.314366	0.616275	0.383725	1.23255	0.767451	0.04405604
26590	14.56901	12.01628	2.552723	0.318829	0.851405	0.148595	1.70281	0.297191	0.05191287
26600	18.39162	16.34806	2.043566	-0.390767	0.733159	0.266841	1.46632	0.533682	0.08637726
26610	18.04026	16.04445	1.995806	-0.168568	0.706141	0.293859	1.41228	0.587718	0.0906027
26620	18.04841	15.86774	2.180679	-0.54519	0.674633	0.325367	1.34927	0.650733	0.07530987
26630	16.8935	15.20891	1.684594	-0.22509	0.826527	0.173473	1.65305	0.346945	0.1236798
26640	16.1133	14.50774	1.605559	-0.417588	0.749771	0.250229	1.49954	0.500459	0.1338515
26650	17.44517	15.65256	1.792612	-0.239693	0.848708	0.151292	1.69742	0.302584	0.1110165
26660	18.76121	16.40485	2.356359	-0.363888	0.799544	0.200456	1.59909	0.400912	0.06317643
26670	18.88408	16.21759	2.666488	0.0266752	0.744203	0.255797	1.48841	0.511595	0.04633059
26680	17.49109	15.67732	1.813773	-0.337154	0.776648	0.223352	1.5533	0.446705	0.1086919
26690	18.45942	16.36608	2.093342	-0.0324873	0.821646	0.178354	1.64329	0.356707	0.08218294
26700	19.1736	16.57855	2.595052	-0.0985475	0.62754	0.37246	1.25508	0.744919	0.04976132
26710	19.16349	16.66584	2.497649	-0.150825	0.621041	0.378959	1.24208	0.757917	0.05485215
26720	19.2605	16.67813	2.582376	-0.147951	0.760762	0.239238	1.52152	0.478476	0.0503961
26730	17.88827	15.70089	2.187378	0.245628	0.671544	0.328456	1.34309	0.656913	0.07480702
26740	12.35429	10.8649	1.48939	0.0998229	0.334605	0.665395	0.669209	1.33079	0.1503401
26750	17.24521	14.59416	2.65105	-0.0394336	0.838328	0.161672	1.67666	0.323344	0.04705139
26760	18.40802	16.36015	2.04787	-0.194479	0.72573	0.27427	1.45146	0.54854	0.08600628
26770	16.16963	14.63265	1.536981	-0.351593	0.847059	0.152941	1.69412	0.305882	0.1433528
26780	15.46724	13.72703	1.740208	-0.0964225	0.55871	0.44129	1.11742	0.88258	0.1169892
26790	17.59178	15.11893	2.472853	-0.224727	0.468287	0.531713	0.936574	1.06343	0.05622926
26800	17.72883	15.83768	1.891151	-0.0164222	0.804773	0.195227	1.60955	0.390454	0.1005987
26810	18.25356	16.11697	2.13659	-0.491779	0.788636	0.211364	1.57727	0.422727	0.07870447
26820	15.81853	13.84618	1.97235	-0.712021	0.626152	0.373848	1.2523	0.747696	0.09275298
26830	17.49892	14.84585	2.65307	0.0827361	0.817512	0.182488	1.63502	0.364977	0.04695643
26840	19.24947	16.81457	2.434907	0.00924206	0.723039	0.276961	1.44608	0.553922	0.0584039
26850	18.3406	16.28377	2.056834	-0.111062	0.71645	0.28355	1.4329	0.5671	0.08523874
26860	15.80088	14.22208	1.578805	-0.321389	0.748726	0.251274	1.49745	0.502547	0.1374809
26870	16.69203	15.01623	1.675793	-0.0105322	0.84906	0.15094	1.69812	0.301879	0.1247731
26880	17.82236	15.58384	2.238518	-0.305133	0.520027	0.479973	1.04005	0.959946	0.07107763
26890	16.11022	14.33504	1.775175	0.0593973	0.651623	0.348377	1.30325	0.696754	0.1129692
26900	17.05698	15.09792	1.959059	0.136951	0.638652	0.361348	1.2773	0.722697	0.09399404
26910	16.34774	14.28273	2.065008	-0.381279	0.436301	0.563699	0.872602	1.1274	0.08454482
26920	18.05165	15.85315	2.198506	0.0226636	0.587834	0.412166	1.17567	0.824332	0.07397924
26930	18.9492	16.69456	2.254643	-0.0664006	0.688303	0.311697	1.37661	0.623394	0.06994064
26940	19.32617	16.7619	2.564274	-0.210098	0.75164	0.24836	1.50328	0.496721	0.05131669
26950	18.77433	16.55142	2.222915	0.0628343	0.749243	0.250757	1.49849	0.501515	0.07219533
26960	16.77586	14.4069	2.368961	0.371223	0.572176	0.427824	1.14435	0.855649	0.06238525
26970	18.47128	16.41904	2.052244	-0.267527	0.821636	0.178364	1.64327	0.356728	0.08563092
26980	19.36531	17.01527	2.350042	-0.233124	0.735757	0.264243	1.47151	0.528485	0.0635768
26990	18.23475	16.24144	1.993309	-0.344895	0.738069	0.261931	1.47614	0.523863	0.09082926
27000	16.72377	14.65305	2.070721	-0.607034	0.567877	0.432123	1.13575	0.864245	0.08406322
27010	18.24733	16.13531	2.112021	0.0764725	0.702943	0.297057	1.40589	0.594114	0.08066209
27020	18.87972	16.19354	2.686179	-0.00143197	0.626147	0.373853	1.25229	0.747706	0.04542721
27030	18.6011	16.14763	2.453467	-0.157022	0.765019	0.234981	1.53004	0.469961	0.05732998
27040	18.06284	15.98772	2.075117	0.166941	0.76393	0.23607	1.52786	0.47214	0.08369446
27050	18.41847	15.99751	2.420958	0.206281	0.665126	0.334874	1.33025	0.669748	0.05922431
27060	16.47621	14.07703	2.399175	-0.645128	0.667539	0.332461	1.33508	0.664923	0.06052852
27070	18.37767	15.98187	2.395809	-0.0348545	0.835543	0.164457	1.67109	0.328915	0.06073261
27080	17.59605	15.10788	2.488165	-0.19531	0.466871	0.533129	0.933743	1.06626	0.05537482
27090	17.45491	15.51427	1.940645	-0.454119	0.645322	0.354678	1.29064	0.709357	0.09574088
27100	15.64411	13.77097	1.873137	-0.736384	0.684295	0.315705	1.36859	0.63141	0.1024273
27110	15.42591	13.95453	1.471379	-0.438553	0.903306	0.0966942	1.80661	0.193388	0.1530725
27120	15.068	13.611	1.456997	-0.667478	0.723532	0.276468	1.44706	0.552936	0.1552898
27130	18.81609	16.00865	2.807443	-0.180122	0.712895	0.287105	1.42579	0.574209	0.04023942
27140	18.24085	15.91646	2.32439	0.236533	0.68133	0.31867	1.36266	0.63734	0.06522877
27150	18.6363	15.86631	2.769991	-0.0987612	0.597196	0.402804	1.19439	0.805607	0.04177506
27160	18.88563	16.19559	2.690036	-0.0289371	0.617564	0.382436	1.23513	0.764873	0.04525232
27170	16.88949	14.32745	2.562045	0.123607	0.461355	0.538645	0.92271	1.07729	0.05143122
27180	16.69105	14.8425	1.848544	-0.0154934	0.652587	0.347413	1.30517	0.694826	0.1049775
27190	18.87278	16.46202	2.410761	-0.36742	0.628267	0.371733	1.25653	0.743467	0.05983131
27200	18.44457	16.08028	2.36429	0.185032	0.658988	0.341012	1.31798	0.682025	0.06267738
27210	17.29043	15.34721	1.943226	-0.540619	0.643218	0.356782	1.28644	0.713563	0.09549405
27220	16.95084	14.33228	2.618565	0.0792932	0.461872	0.538128	0.923744	1.07626	0.04860493
27230	18.45766	15.85908	2.598578	-0.41662	0.623044	0.376956	1.24609	0.753913	0.04958617
27240	17.74508	15.55246	2.192619	-0.436668	0.553582	0.446418	1.10716	0.892836	0.07441599
27250	19.20779	16.5268	2.68099	-0.0643787	0.714413	0.285587	1.42883	0.571175	0.04566355
27260	18.58782	16.03628	2.551543	0.0678355	0.590459	0.409541	1.18092	0.819082	0.0519742
27270	18.74124	16.40696	2.334272	-0.260925	0.597552	0.402448	1.1951	0.804897	0.0645873
27280	18.42646	15.87936	2.547104	0.143197	0.774016	0.225984	1.54803	0.451969	0.0522054
27290	17.78187	15.55967	2.222204	0.0588252	0.548741	0.451259	1.09748	0.902518	0.07224665
27300	19.33577	16.9484	2.387366	-0.285975	0.744659	0.255341	1.48932	0.510682	0.06124754
27310	19.15799	16.51638	2.641612	-0.279708	0.726807	0.273193	1.45361	0.546385	0.04749756
27320	18.66942	16.02781	2.641612	-0.36373	0.748015	0.251985	1.49603	0.503971	0.04749756
27330	16.35605	14.6378	1.718257	0.258855	0.849249	0.150751	1.6985	0.301502	0.1195856
27340	17.95652	16.0479	1.908613	-0.148476	0.803787	0.196213	1.60757	0.392425	0.09885731
27350	17.91341	15.25766	2.655753	0.23195	0.652065	0.347935	1.30413	0.69587	0.04683062
27360	17.798	15.71536	2.082645	0.0104804	0.622061	0.377939	1.24412	0.755878	0.08306681
27370	19.03891	16.57493	2.46398	-0.291327	0.785802	0.214198	1.5716	0.428396	0.05673037
27380	17.98262	16.06204	1.920585	-0.325563	0.831034	0.168966	1.66207	0.337931	0.0976808
27390	17.477	15.60071	1.876288	0.0519944	0.778585	0.221415	1.55717	0.442831	0.1021051
27400	17.15997	14.55504	2.604926	0.0963611	0.833775	0.166225	1.66755	0.33245	0.04927241
27410	16.25529	14.56236	1.692927	0.125797	0.771596	0.228404	1.54319	0.456808	0.1226535
27420	18.89753	16.6302	2.26733	-0.00641481	0.796936	0.203064	1.59387	0.406127	0.06905895
27430	19.41228	16.8101	2.602183	-0.158591	0.680297	0.319703	1.36059	0.639406	0.04940774
27440	18.34704	16.08876	2.258284	0.129881	0.643697	0.356303	1.28739	0.712606	0.06968648
27450	18.77783	16.39726	2.38057	-0.11334	0.590223	0.409777	1.18045	0.819553	0.06166521
27460	12.58077	10.75241	1.828363	-0.0858692	0.358261	0.641739	0.716522	1.28348	0.1071176
27470	17.80144	15.28286	2.518577	-0.11871	0.481474	0.518526	0.962947	1.03705	0.05371611
27480	16.88625	15.03824	1.84801	-0.466355	0.630732	0.369268	1.26146	0.738536	0.1050336
27490	18.87154	16.53609	2.335452	0.0664512	0.781675	0.218325	1.56335	0.436649	0.06451117
27500	18.47436	16.19019	2.284179	-0.505527	0.725858	0.274142	1.45172	0.548284	0.06790509
27510	17.47591	15.40351	2.072405	0.161643	0.623647	0.376353	1.24729	0.752705	0.08392176
27520	19.23701	16.6911	2.54591	-0.117769	0.633474	0.366526	1.26695	0.733053	0.05226776
27530	15.35908	13.38905	1.970033	0.188899	0.410163	0.589837	0.820325	1.17967	0.09296819
27540	17.98823	15.39381	2.594423	-0.456459	0.762956	0.237044	1.52591	0.474088	0.04979264
27550	18.21818	15.648	2.570179	-0.442786	0.605766	0.394234	1.21153	0.788467	0.05101455
27560	18.51998	15.88446	2.635511	0.13492	0.638271	0.361729	1.27654	0.723457	0.0477882
27570	18.59187	15.87417	2.717702	-0.165476	0.57401	0.42599	1.14802	0.85198	0.04401755
27580	15.59391	13.97518	1.618725	-0.547191	0.640975	0.359025	1.28195	0.71805	0.1321008
27590	17.23084	15.22073	2.010115	0.032977	0.882094	0.117906	1.76419	0.235812	0.08931547
27600	13.67837	11.93574	1.742627	-0.411284	0.314202	0.685798	0.628403	1.3716	0.1167066
27610	16.71394	15.02752	1.686419	-0.216449	0.789698	0.210302	1.5794	0.420604	0.1234543
27620	14.80571	13.189	1.616716	0.149624	0.639981	0.360019	1.27996	0.720038	0.1323665
27630	17.53367	15.22184	2.311826	-0.59679	0.6693	0.3307	1.3386	0.661399	0.06605342
27640	18.76447	16.43517	2.329301	0.108152	0.685001	0.314999	1.37	0.629998	0.06490917
27650	17.53064	15.25791	2.272724	-0.431934	0.846386	0.153614	1.69277	0.307228	0.06868739
27660	17.84014	15.35782	2.482322	0.185774	0.556725	0.443275	1.11345	0.88655	0.05569931
27670	16.60344	14.51013	2.093312	-0.508849	0.489504	0.510496	0.979008	1.02099	0.0821854
27680	16.43771	14.2222	2.215509	-0.164423	0.397074	0.602926	0.794149	1.20585	0.07273198
27690	17.51126	15.29575	2.215509	-0.384895	0.859954	0.140046	1.71991	0.280093	0.07273198
27700	18.53941	16.48593	2.053483	-0.241645	0.811405	0.188595	1.62281	0.37719	0.08552485
27710	19.31938	16.8876	2.431776	-0.118054	0.667469	0.332531	1.33494	0.665062	0.0585871
27720	18.31421	16.18495	2.129259	-0.411896	0.821168	0.178832	1.64234	0.357663	0.07928355
27730	19.31884	16.93061	2.388224	-0.307609	0.721769	0.278231	1.44354	0.556463	0.06119504
27740	18.89745	16.53985	2.357603	-0.259422	0.811137	0.188863	1.62227	0.377726	0.0630979
27750	18.55514	15.95845	2.596695	-0.363152	0.595823	0.404177	1.19165	0.808354	0.04967961
27760	18.12077	15.52408	2.596695	0.165909	0.589996	0.410004	1.17999	0.820009	0.04967961
27770	18.16674	15.90307	2.263668	-0.148521	0.54643	0.45357	1.09286	0.90714	0.06931229
27780	18.66745	16.19585	2.471606	-0.147125	0.558981	0.441019	1.11796	0.882037	0.05629942
27790	18.67994	16.29385	2.38609	0.0341281	0.607388	0.392612	1.21478	0.785223	0.06132575
27800	18.01863	15.64945	2.369184	0.135934	0.560957	0.439043	1.12191	0.878086	0.06237138
27810	15.1528	13.18442	1.96838	-0.42702	0.372975	0.627025	0.74595	1.25405	0.09312194
27820	18.18015	16.09303	2.087121	-0.0728577	0.664808	0.335192	1.32962	0.670384	0.0826958
27830	18.24165	15.86754	2.374111	-0.0644345	0.532871	0.467129	1.06574	0.934258	0.0620648
27840	17.01804	15.12173	1.896307	-0.403625	0.608157	0.391843	1.21631	0.783685	0.1000814
27850	15.24194	13.61384	1.628101	0.449076	0.777009	0.222991	1.55402	0.445982	0.130868
27860	17.27648	15.46562	1.810859	-0.388375	0.732233	0.267767	1.46447	0.535533	0.1090091
27870	16.81869	13.83236	2.986326	-0.165874	0.540515	0.459485	1.08103	0.918971	0.03364837
27880	17.43777	15.1453	2.292471	0.195962	0.844111	0.155889	1.68822	0.311779	0.06734437
27890	18.56787	16.21446	2.353412	0.181091	0.695351	0.304649	1.3907	0.609299	0.06336289
27900	17.40551	15.54679	1.858713	0.0644918	0.789724	0.210276	1.57945	0.420552	0.1039154
27910	19.28347	16.69084	2.592637	-0.0198768	0.714032	0.285968	1.42806	0.571937	0.04988165
27920	17.14526	15.26958	1.875679	-0.287522	0.654157	0.345843	1.30831	0.691686	0.1021673
27930	19.31513	16.96942	2.34571	-0.263744	0.752893	0.247107	1.50579	0.494213	0.06385278
27940	17.11691	14.58926	2.527651	0.28576	0.552581	0.447419	1.10516	0.894839	0.05323092
27950	19.4719	16.92802	2.543886	-0.177041	0.693092	0.306908	1.38618	0.613816	0.05237369
27960	17.9307	15.89646	2.034237	-0.125535	0.657264	0.342736	1.31453	0.685473	0.08718686
27970	19.10252	16.8005	2.302016	-0.320608	0.775802	0.224198	1.5516	0.448396	0.06670463
27980	19.22869	16.66001	2.568678	-0.134568	0.767384	0.232616	1.53477	0.465231	0.0510912
27990	18.67646	16.1471	2.529355	-0.0291565	0.570727	0.429273	1.14145	0.858547	0.05314027
28000	17.89523	15.36251	2.532712	-0.524021	0.665146	0.334854	1.33029	0.669709	0.05296217
28010	18.68573	16.01999	2.665735	0.0367344	0.762969	0.237031	1.52594	0.474062	0.04636546
28020	18.05184	15.78597	2.265867	-0.46343	0.585292	0.414708	1.17058	0.829415	0.06916006
28030	17.24768	15.22746	2.020226	-0.542209	0.597359	0.402641	1.19472	0.805283	0.08841699
28040	14.52431	13.2731	1.251214	-0.370447	0.881005	0.118995	1.76201	0.237991	0.1907714
28050	18.76642	16.65785	2.10857	-0.178512	0.770551	0.229449	1.5411	0.458898	0.08094101
28060	17.77078	15.66221	2.10857	-0.575369	0.682084	0.317916	1.36417	0.635833	0.08094101
28070	19.21497	16.89123	2.32374	-0.327613	0.73143	0.26857	1.46286	0.53714	0.06527118
28080	19.47091	16.96809	2.502824	-0.127572	0.698495	0.301505	1.39699	0.603009	0.05456901
28090	18.99128	16.74437	2.246906	-0.107327	0.693258	0.306742	1.38652	0.613483	0.0704839
28100	19.09691	16.85878	2.238136	-0.267661	0.719279	0.280721	1.43856	0.561443	0.07110478
28110	18.45521	16.41751	2.037702	-0.103937	0.785716	0.214284	1.57143	0.428567	0.08688521
28120	16.6299	14.58365	2.046247	-0.501172	0.869796	0.130204	1.73959	0.260408	0.08614598
28130	19.25251	16.79612	2.456387	-0.32851	0.68386	0.31614	1.36772	0.63228	0.05716281
28140	17.65444	15.3707	2.283739	-0.588117	0.740054	0.259946	1.48011	0.519891	0.06793497
28150	18.31364	16.02991	2.283739	0.211374	0.77145	0.22855	1.5429	0.4571	0.06793497
28160	17.99781	15.72863	2.26918	-0.0555275	0.533987	0.466013	1.06797	0.932026	0.0689313
28170	18.10652	16.06204	2.04448	-0.497954	0.711961	0.288039	1.42392	0.576078	0.08629832
28180	17.38086	15.33606	2.044801	-0.525002	0.595949	0.404051	1.1919	0.808103	0.08627066
28190	13.34445	10.24888	3.095564	0.314314	0.676118	0.323882	1.35224	0.647764	0.03016632
28200	16.26518	13.35123	2.913947	0.236432	0.606588	0.393412	1.21318	0.786824	0.03617409
28210	18.8982	16.48693	2.411271	-0.41209	0.664847	0.335153	1.32969	0.670306	0.05980083
28220	16.14394	14.20039	1.943551	0.27248	0.857122	0.142878	1.71424	0.285756	0.09546309
28230	17.59329	15.77534	1.817956	-0.355652	0.823599	0.176401	1.6472	0.352803	0.1082382
28240	17.90624	15.67306	2.233179	-0.357602	0.539116	0.460884	1.07823	0.921769	0.07145808
28250	17.06038	14.9176	2.142778	0.27834	0.845891	0.154109	1.69178	0.308218	0.07821899
28260	16.32135	14.74086	1.580494	-0.330672	0.822254	0.177746	1.64451	0.355492	0.1372489
28270	19.00163	16.4236	2.57803	-0.357569	0.660369	0.339631	1.32074	0.679262	0.05061559
28280	18.36854	15.67931	2.68923	0.111641	0.751582	0.248418	1.50316	0.496835	0.04528884
28290	19.11248	16.6587	2.453772	-0.114483	0.622298	0.377702	1.2446	0.755403	0.05731249
28300	16.53707	14.68558	1.851488	0.220204	0.67858	0.32142	1.35716	0.64284	0.1046689
28310	15.59123	14.13376	1.457471	-0.304015	0.838823	0.161177	1.67765	0.322354	0.1552162
28320	16.8508	15.15918	1.691625	-0.341602	0.789893	0.210107	1.57979	0.420214	0.1228133
28330	18.69018	16.12053	2.569653	-0.136138	0.560395	0.439605	1.12079	0.87921	0.0510414
28340	19.13833	16.90568	2.232649	-0.189878	0.749853	0.250147	1.49971	0.500294	0.07149598
28350	16.36581	14.07092	2.294895	0.461422	0.642183	0.357817	1.28437	0.715634	0.06718131
28360	17.60082	15.70516	1.895659	-0.113912	0.737355	0.262645	1.47471	0.52529	0.1001462
28370	18.17587	16.08644	2.089436	0.113557	0.813085	0.186915	1.62617	0.373829	0.08250459
28380	14.01311	12.77603	1.237079	-0.718493	0.850091	0.149909	1.70018	0.299818	0.1934872
28390	16.55055	14.91473	1.635819	-0.537323	0.803708	0.196292	1.60742	0.392584	0.1298619
28400	18.82566	16.6877	2.137964	-0.326067	0.762613	0.237387	1.52523	0.474773	0.0785964
28410	17.94317	15.55995	2.383219	0.174463	0.819543	0.180457	1.63909	0.360914	0.06150206
28420	16.70035	14.38905	2.311307	-0.0245018	0.721929	0.278071	1.44386	0.556142	0.06608774
28430	15.86562	13.53911	2.326513	-0.511454	0.437258	0.562742	0.874515	1.12548	0.06509038
28440	18.51041	16.36214	2.148274	-0.368856	0.663781	0.336219	1.32756	0.672437	0.07779026
28450	18.88985	16.53918	2.350674	-0.250434	0.612971	0.387029	1.22594	0.774057	0.06353657
28460	18.21445	16.22492	1.989532	-0.193624	0.74625	0.25375	1.4925	0.5075	0.09117297
28470	18.05844	16.0611	1.997338	-0.0826629	0.725185	0.274815	1.45037	0.54963	0.09046401
28480	14.94858	13.40763	1.54095	0.364593	0.889664	0.110336	1.77933	0.220671	0.1427851
28490	18.70376	16.14756	2.556201	-0.392978	0.756826	0.243174	1.51365	0.486348	0.05173266
28500	18.92271	16.70359	2.219123	-0.254993	0.683879	0.316121	1.36776	0.632242	0.07246957
28510	18.58637	16.43964	2.146731	-0.102974	0.685474	0.314526	1.37095	0.629053	0.07791036
28520	18.40408	15.74474	2.659339	-0.309524	0.784163	0.215837	1.56833	0.431673	0.04666297
28530	18.2319	15.99067	2.241226	0.232053	0.740332	0.259668	1.48066	0.519336	0.07088538
28540	18.3402	16.3138	2.026402	-0.13018	0.746482	0.253518	1.49296	0.507035	0.08787261
28550	18.14465	15.87018	2.274462	-0.0494767	0.550906	0.449094	1.10181	0.898188	0.06856817
28560	18.57771	16.30332	2.274391	-0.443426	0.786437	0.213563	1.57287	0.427125	0.06857303
28570	17.74507	15.4355	2.309573	0.326423	0.701931	0.298069	1.40386	0.596139	0.06620245
28580	18.86311	16.41881	2.444298	-0.156247	0.813212	0.186788	1.62642	0.373575	0.05785805
28590	18.78047	16.47841	2.302062	0.114195	0.720511	0.279489	1.44102	0.558979	0.06670157
28600	15.69602	13.98379	1.712231	-0.649203	0.604542	0.395458	1.20908	0.790916	0.1203085
28610	18.78067	16.1093	2.671375	-0.0106021	0.766495	0.233505	1.53299	0.46701	0.04610473
28620	17.77719	15.75069	2.026505	-0.261022	0.622932	0.377068	1.24586	0.754135	0.08786357
28630	17.16844	15.32362	1.84482	0.127613	0.774753	0.225247	1.54951	0.450493	0.1053691
28640	14.16658	12.71575	1.450824	-0.612506	0.585678	0.414322	1.17136	0.828644	0.1562514
28650	15.6168	13.82703	1.789769	0.278923	0.602519	0.397481	1.20504	0.794961	0.1113325
28660	19.20154	16.65539	2.546152	0.0281886	0.698357	0.301643	1.39671	0.603287	0.05225515
28670	16.26587	13.78039	2.48548	-0.262664	0.398185	0.601815	0.79637	1.20363	0.05552371
28680	18.76173	16.14164	2.620086	-0.0108329	0.590874	0.409126	1.18175	0.818251	0.04853107
28690	18.82423	16.17899	2.645238	-0.0494423	0.592995	0.407005	1.18599	0.814011	0.04732565
28700	18.74098	16.34594	2.395043	0.150417	0.744153	0.255847	1.48831	0.511694	0.0607792
28710	19.12715	16.82584	2.301315	-0.354989	0.732752	0.267248	1.4655	0.534497	0.06675137
28720	18.92015	16.55193	2.368217	-0.0863337	0.618707	0.381293	1.23741	0.762586	0.0624317
28730	19.01643	16.71944	2.296994	-0.0154641	0.694591	0.305409	1.38918	0.610818	0.06704042
28740	17.80729	14.81263	2.994656	-0.147425	0.670837	0.329163	1.34167	0.658327	0.03336924
28750	16.48214	14.09759	2.384551	0.00291728	0.40095	0.59905	0.8019	1.1981	0.06142025
28760	18.88264	16.30354	2.579099	-0.0674844	0.789996	0.210004	1.57999	0.420008	0.05056153
28770	18.5013	16.35302	2.148286	-0.31718	0.653959	0.346041	1.30792	0.692083	0.07778935
28780	17.83529	15.85552	1.979776	-0.482442	0.820758	0.179242	1.64152	0.358484	0.0920668
28790	16.13706	14.40528	1.731777	0.248053	0.880701	0.119299	1.7614	0.238597	0.1179798
28800	16.0046	14.46227	1.542337	-0.138986	0.840249	0.159751	1.6805	0.319502	0.1425871
28810	17.87987	15.93689	1.942989	-0.491616	0.790857	0.209143	1.58171	0.418286	0.09551667
28820	19.06978	16.63039	2.439391	-0.338874	0.770665	0.229335	1.54133	0.45867	0.05814262
28830	16.01691	14.24509	1.771825	-0.395626	0.566988	0.433012	1.13398	0.866023	0.1133483
28840	13.04088	11.26905	1.771825	-0.753448	0.454952	0.545048	0.909904	1.0901	0.1133483
28850	18.54633	16.01094	2.535393	-0.45018	0.658054	0.341946	1.31611	0.683893	0.05282036
28860	19.17893	16.86343	2.3155	-0.036072	0.731688	0.268312	1.46338	0.536625	0.0658112
28870	18.59702	16.22688	2.370141	0.0243447	0.819281	0.180719	1.63856	0.361439	0.06231169
28880	17.57088	15.47495	2.095935	-0.446835	0.568603	0.431397	1.13721	0.862794	0.08197013
28890	18.08008	15.19561	2.884469	-0.292207	0.709657	0.290343	1.41931	0.580686	0.0372563
28900	16.76552	14.42851	2.337008	-0.127475	0.410222	0.589778	0.820444	1.17956	0.06441083
28910	18.15574	15.73625	2.41949	0.249455	0.657716	0.342284	1.31543	0.684568	0.0593113
28920	18.09428	16.1077	1.986583	-0.472378	0.774106	0.225894	1.54821	0.451788	0.09144221
28930	18.67346	16.47237	2.201097	-0.140393	0.653869	0.346131	1.30774	0.692261	0.07378781
28940	19.10567	16.55182	2.55385	-0.235297	0.616335	0.383665	1.23267	0.767331	0.05185443
28950	18.172	15.45331	2.718694	0.164797	0.649406	0.350594	1.29881	0.701189	0.04397389
28960	17.34658	15.20592	2.140651	-0.60834	0.775951	0.224049	1.5519	0.448099	0.07838549
28970	16.79682	15.00712	1.789702	-0.310044	0.681853	0.318147	1.36371	0.636295	0.11134
28980	15.11613	13.40207	1.71406	-0.218269	0.507685	0.492315	1.01537	0.984629	0.1200887
28990	17.30257	15.4715	1.831072	0.0460244	0.793694	0.206306	1.58739	0.412611	0.1068278
29000	16.48777	14.65382	1.833944	-0.30404	0.901607	0.0983933	1.80321	0.196787	0.1065215
29010	18.83213	16.53333	2.2988	-0.228501	0.621611	0.378389	1.24322	0.756778	0.0669195
29020	16.60546	14.80943	1.79603	-0.547446	0.641055	0.358945	1.28211	0.71789	0.1106376
29030	15.84407	14.09023	1.753844	-0.532731	0.558375	0.441625	1.11675	0.88325	0.1154048
29040	18.39171	16.11132	2.28039	-0.0872077	0.574923	0.425077	1.14985	0.850153	0.06816289
29050	17.0951	15.03082	2.064277	-0.35045	0.507262	0.492738	1.01452	0.985476	0.08460669
29060	16.31724	14.20064	2.116593	-0.488142	0.453885	0.546115	0.90777	1.09223	0.08029415
29070	18.88122	16.68776	2.193462	-0.269468	0.694859	0.305141	1.38972	0.610281	0.07435332
29080	17.88325	15.96405	1.919195	-0.438083	0.751107	0.248893	1.50221	0.497785	0.09781664
29090	19.19105	16.72081	2.470249	0.0119532	0.67663	0.32337	1.35326	0.64674	0.05637588
29100	18.45851	16.3142	2.144301	0.0408418	0.705919	0.294081	1.41184	0.588162	0.07809992
29110	18.78572	15.98978	2.795947	-0.181999	0.728015	0.271985	1.45603	0.54397	0.04070469
29120	18.3923	15.95745	2.434858	-0.164136	0.533072	0.466928	1.06614	0.933856	0.05840679
29130	18.9416	16.3099	2.631709	-0.0505329	0.606141	0.393859	1.21228	0.787719	0.04797026
29140	17.32913	15.01179	2.317343	-0.177833	0.87379	0.12621	1.74758	0.252421	0.06569003
29150	19.07571	16.66503	2.41068	0.00140971	0.657924	0.342076	1.31585	0.684152	0.05983618
29160	17.92405	15.87138	2.05267	-0.202952	0.63009	0.36991	1.26018	0.739819	0.08559445
29170	18.61768	16.49397	2.123706	-0.366382	0.802077	0.197923	1.60415	0.395846	0.07972504
29180	15.56055	14.08835	1.472198	-0.512237	0.885069	0.114931	1.77014	0.229861	0.1529471
29190	16.36167	14.41973	1.941937	0.419004	0.680821	0.319179	1.36164	0.638359	0.0956172
29200	16.07481	14.18546	1.889344	0.061913	0.526051	0.473949	1.0521	0.947899	0.1007806
29210	17.9639	15.81062	2.153278	0.0624783	0.612646	0.387354	1.22529	0.774709	0.07740197
29220	16.46893	14.80266	1.666274	-0.0788353	0.794628	0.205372	1.58926	0.410745	0.1259665
29230	12.02468	10.78063	1.244049	0.492421	0.673529	0.326471	1.34706	0.652942	0.1921432
29240	18.67137	16.47322	2.198151	-0.0082807	0.687804	0.312196	1.37561	0.624392	0.07400549
29250	19.33508	16.67263	2.662453	-0.135868	0.68929	0.31071	1.37858	0.62142	0.04651789
29260	17.515	14.88189	2.633109	-0.34967	0.507551	0.492449	1.0151	0.984898	0.04790317
29270	18.58828	16.36466	2.223614	0.091146	0.797345	0.202655	1.59469	0.40531	0.07214485
29280	17.48317	15.58212	1.901057	0.0488936	0.748511	0.251489	1.49702	0.502978	0.09960711
29290	16.76895	15.04058	1.728368	0.0562542	0.871432	0.128568	1.74286	0.257136	0.1183827
29300	18.57628	16.51454	2.061746	-0.251669	0.750572	0.249428	1.50114	0.498856	0.08482111
29310	18.45861	16.26211	2.196502	-0.348474	0.623143	0.376857	1.24629	0.753714	0.0741276
29320	18.84372	16.27937	2.564355	0.121119	0.693746	0.306254	1.38749	0.612508	0.05131256
29330	18.34137	16.30112	2.040246	-0.04972	0.821254	0.178746	1.64251	0.357493	0.08666446
29340	18.57214	16.24259	2.329548	-0.336487	0.601911	0.398089	1.20382	0.796178	0.06489313
29350	17.9587	15.73238	2.226321	-0.00383992	0.555015	0.444985	1.11003	0.889969	0.07194983
29360	17.70485	14.71062	2.994234	-0.199267	0.689677	0.310323	1.37935	0.620646	0.03338331
29370	19.12887	16.73208	2.396797	-0.0631346	0.650676	0.349324	1.30135	0.698648	0.06067263
29380	15.8893	14.0791	1.810199	-0.0786309	0.551498	0.448502	1.103	0.897003	0.1090811
29390	18.24927	16.10489	2.144379	-0.518251	0.759105	0.240895	1.51821	0.481789	0.07809384
29400	18.26617	16.11064	2.155531	0.0737305	0.830336	0.169664	1.66067	0.339328	0.07722776
29410	18.56407	16.49582	2.068243	-0.298274	0.737858	0.262142	1.47572	0.524283	0.08427182
29420	19.29825	16.64119	2.65706	-0.223371	0.702177	0.297823	1.40435	0.595647	0.04676947
29430	17.07159	14.36565	2.705939	0.025401	0.474261	0.525739	0.948522	1.05148	0.04453838
29440	15.96395	14.45305	1.510902	-0.179871	0.882637	0.117363	1.76527	0.234726	0.1471406
29450	19.23346	16.88947	2.343991	-0.162535	0.678338	0.321662	1.35668	0.643324	0.06396264
29460	19.02106	16.5568	2.464258	0.0773139	0.682179	0.317821	1.36436	0.635642	0.05671465
29470	17.9951	15.83307	2.162029	-0.301021	0.568238	0.431762	1.13648	0.863524	0.07672761
29480	17.53273	15.55164	1.981095	-0.117195	0.878623	0.121377	1.75725	0.242754	0.09194541
29490	18.93173	16.69584	2.235888	-0.0678051	0.800724	0.199276	1.60145	0.398553	0.07126478
29500	19.07497	16.74936	2.325604	-0.0214452	0.782737	0.217263	1.56547	0.434526	0.06514962
29510	15.49737	13.37236	2.125014	-0.530134	0.416456	0.583544	0.832911	1.16709	0.07962085
29520	17.11715	15.27461	1.84254	-0.418048	0.671716	0.328284	1.34343	0.656568	0.1056097
29530	18.15508	15.24045	2.914626	-0.0205529	0.695799	0.304201	1.3916	0.608402	0.03614954
29540	18.92675	16.74563	2.181119	-0.171473	0.797536	0.202464	1.59507	0.404929	0.07527674
29550	19.01626	16.28782	2.728445	-0.154662	0.633092	0.366908	1.26618	0.733815	0.04354721
29560	18.375	16.25081	2.124184	-0.441338	0.677874	0.322126	1.35575	0.644253	0.07968701
29570	18.35517	16.34751	2.007663	-0.268209	0.752961	0.247039	1.50592	0.494078	0.08953474
29580	14.18723	11.70949	2.477734	-0.497539	0.382951	0.617049	0.765903	1.2341	0.05595547
29590	19.1913	16.85868	2.33262	-0.134109	0.787774	0.212226	1.57555	0.424452	0.06469413
29600	17.75223	15.49931	2.252917	-0.563352	0.774486	0.225514	1.54897	0.451028	0.07006151
29610	18.87942	16.39091	2.488512	0.0359476	0.785222	0.214778	1.57044	0.429557	0.0553556
29620	18.26741	15.74208	2.525329	0.233835	0.702862	0.297138	1.40572	0.594276	0.05335463
29630	18.11209	15.27064	2.841455	-0.281446	0.744483	0.255517	1.48897	0.511033	0.03889382
29640	18.3128	15.73104	2.581756	-0.0938056	0.527381	0.472619	1.05476	0.945239	0.05042735
29650	18.98037	16.49597	2.484398	0.0462801	0.644151	0.355849	1.2883	0.711697	0.05558381
29660	18.38609	16.23389	2.152197	0.0531843	0.823866	0.176134	1.64773	0.352268	0.07748569
29670	18.61304	16.30029	2.312749	-0.402755	0.800658	0.199342	1.60132	0.398683	0.06599249
29680	16.82807	14.86852	1.95955	0.0992734	0.888088	0.111912	1.77618	0.223825	0.09394788
29690	19.39692	16.98707	2.409856	-0.114724	0.750567	0.249433	1.50113	0.498865	0.05988551
29700	18.68575	16.60409	2.081658	-0.221296	0.787427	0.212573	1.57485	0.425146	0.0831488
29710	19.32952	16.80431	2.525212	-0.168683	0.648501	0.351499	1.297	0.702998	0.05336089
29720	16.71551	14.67236	2.043153	0.322355	0.598417	0.401583	1.19683	0.803167	0.08641288
29730	17.8902	15.74125	2.148955	0.266137	0.762056	0.237944	1.52411	0.475888	0.07773732
29740	18.54085	16.44904	2.091813	-0.142492	0.719334	0.280666	1.43867	0.561333	0.08230873
29750	17.72771	15.73988	1.987828	-0.0819592	0.672931	0.327069	1.34586	0.654139	0.09132843
29760	15.11804	13.42047	1.697571	-0.528474	0.500276	0.499724	1.00055	0.999448	0.1220852
29770	17.18554	15.0113	2.17424	-0.435768	0.499968	0.500032	0.999937	1.00006	0.07579632
29780	18.95931	16.38976	2.569552	-0.023262	0.779366	0.220634	1.55873	0.441268	0.05104655
29790	18.05839	15.55412	2.504269	-0.504534	0.636697	0.363303	1.27339	0.726607	0.05449022
29800	19.28095	16.83105	2.449896	-0.288091	0.667433	0.332567	1.33487	0.665134	0.05753506
29810	19.30275	16.79077	2.511979	-0.034227	0.674642	0.325358	1.34928	0.650716	0.0540717
29820	15.9905	14.10327	1.88723	0.264889	0.568448	0.431552	1.1369	0.863104	0.1009939
29830	17.78432	15.76033	2.023986	0.202922	0.771494	0.228506	1.54299	0.457013	0.08808516
29840	18.72494	16.54858	2.176365	-0.151077	0.823875	0.176125	1.64775	0.35225	0.07563548
29850	17.87571	15.47343	2.402272	-0.0264813	0.497973	0.502027	0.995945	1.00405	0.06034137
29860	18.60357	16.21618	2.387387	0.0707359	0.609447	0.390553	1.21889	0.781105	0.06124626
29870	13.9845	12.5192	1.465307	-0.107088	0.668388	0.331612	1.33678	0.663224	0.1540047
29880	18.50464	16.36462	2.140019	-0.182395	0.838608	0.161392	1.67722	0.322784	0.07843505
29890	18.56047	16.0676	2.492877	-0.469289	0.706713	0.293287	1.41343	0.586574	0.05511452
29900	19.21002	16.56648	2.643543	-0.281294	0.693357	0.306643	1.38671	0.613285	0.04740594
29910	19.26422	16.62068	2.643543	-0.175548	0.650364	0.349636	1.30073	0.699273	0.04740594
29920	18.80745	16.04104	2.766411	-0.038707	0.635033	0.364967	1.27007	0.729934	0.04192488
29930	19.10657	16.82894	2.277626	-0.22736	0.685275	0.314725	1.37055	0.629449	0.06835152
29940	18.16865	15.50131	2.667345	-0.404186	0.758163	0.241837	1.51633	0.483675	0.04629089
29950	13.08215	11.52034	1.561806	0.00787352	0.364668	0.635332	0.729336	1.27066	0.1398379
29960	18.08549	15.80866	2.276829	-0.366536	0.550334	0.449666	1.10067	0.899332	0.06840603
29970	18.59731	15.77259	2.824725	-0.00975347	0.703389	0.296611	1.40678	0.593222	0.03954999
29980	18.36352	15.97134	2.392187	-0.429354	0.799152	0.200848	1.5983	0.401696	0.06095302
29990	17.8541	15.40905	2.445045	-0.548636	0.721181	0.278819	1.44236	0.557638	0.05781482
30000	18.86753	16.48887	2.378661	0.111641	0.697247	0.302753	1.39449	0.605506	0.06178304
30010	18.09027	16.00925	2.081015	-0.311886	0.630696	0.369304	1.26139	0.738608	0.08320234
30020	15.67916	13.91142	1.767747	-0.516063	0.523269	0.476731	1.04654	0.953463	0.1138114
30030	18.60669	16.32121	2.285481	0.0178808	0.628246	0.371754	1.25649	0.743509	0.06781673
30040	19.08207	16.5139	2.568164	0.0438372	0.667825	0.332175	1.33565	0.66435	0.05111747
30050	19.39795	16.90683	2.49112	-0.0533744	0.711896	0.288104	1.42379	0.576208	0.05521146
30060	18.59761	16.47064	2.126969	-0.429344	0.763722	0.236278	1.52744	0.472555	0.07946533
30070	16.94322	14.94994	1.99328	-0.427914	0.534097	0.465903	1.06819	0.931806	0.09083183
30080	18.6713	16.0026	2.668703	0.10044	0.726527	0.273473	1.45305	0.546945	0.04622808
30090	18.27946	15.77896	2.500509	0.0544946	0.54899	0.45101	1.09798	0.902021	0.05469549
30100	18.56429	16.11184	2.452455	-0.476885	0.686825	0.313175	1.37365	0.62635	0.05738797
30110	18.41955	16.37921	2.040341	-0.12115	0.821233	0.178767	1.64247	0.357533	0.08665625
30120	18.36393	16.35558	2.008346	-0.259811	0.819223	0.180777	1.63845	0.361554	0.08947364
30130	16.90942	15.19517	1.714247	-0.287456	0.781994	0.218006	1.56399	0.436012	0.1200662
30140	17.941	15.37637	2.564625	0.180477	0.789099	0.210901	1.5782	0.421802	0.05129867
30150	16.78727	15.0933	1.693975	-0.133759	0.808403	0.191597	1.61681	0.383194	0.122525
30160	17.68721	15.67644	2.010766	-0.294284	0.619691	0.380309	1.23938	0.760618	0.0892574
30170	19.3492	16.99084	2.358353	-0.105936	0.733684	0.266316	1.46737	0.532632	0.06305059
30180	14.56499	12.93044	1.634548	0.259018	0.592829	0.407171	1.18566	0.814342	0.130027
30190	19.10287	16.58211	2.520761	-0.280262	0.773596	0.226404	1.54719	0.452808	0.05359893
30200	18.03768	15.7479	2.289774	-0.00557473	0.540647	0.459353	1.08129	0.918707	0.06752623
30210	19.35445	16.70273	2.651726	-0.169046	0.70525	0.29475	1.4105	0.5895	0.04701958
30220	17.85014	15.73467	2.115463	-0.163419	0.576912	0.423088	1.15382	0.846175	0.08038495
30230	17.01022	14.60316	2.407054	0.184671	0.47843	0.52157	0.956859	1.04314	0.06005351
30240	19.18232	16.70245	2.479872	0.030742	0.740455	0.259545	1.48091	0.519091	0.05583596
30250	18.29056	15.94515	2.345411	0.188936	0.792302	0.207698	1.5846	0.415397	0.06387191
30260	18.57538	15.98707	2.588319	0.111864	0.616215	0.383785	1.23243	0.76757	0.05009752
30270	18.47401	16.32684	2.147165	-0.438945	0.795032	0.204968	1.59006	0.409936	0.07787653
30280	17.61437	15.52002	2.094351	-0.407171	0.858338	0.141662	1.71668	0.283324	0.08210006
30290	19.23082	16.80281	2.428012	-0.195887	0.644177	0.355823	1.28835	0.711646	0.05880799
30300	18.07662	15.82892	2.247699	0.262627	0.714218	0.285782	1.42844	0.571565	0.07042801
30310	18.9978	16.61811	2.379693	0.0830938	0.731756	0.268244	1.46351	0.536488	0.06171934
30320	17.76196	15.87689	1.885074	-0.41093	0.754214	0.245786	1.50843	0.491573	0.1012119
30330	18.78382	16.60956	2.174259	-0.352011	0.701296	0.298704	1.40259	0.597408	0.07579488
30340	18.39971	16.07509	2.324624	0.134902	0.626734	0.373266	1.25347	0.746531	0.0652135
30350	16.49422	13.95817	2.536049	-0.601546	0.619893	0.380107	1.23979	0.760213	0.05278572
30360	19.29119	16.60959	2.681604	-0.136094	0.683566	0.316434	1.36713	0.632868	0.04563549
30370	17.72187	15.59224	2.129634	-0.295473	0.548165	0.451835	1.09633	0.90367	0.07925386
30380	18.43984	16.39725	2.042586	-0.200626	0.739033	0.260967	1.47807	0.521934	0.08646195
30390	19.07496	16.71683	2.358126	0.00937164	0.685021	0.314979	1.37004	0.629958	0.0630649
30400	17.1645	14.61122	2.553285	0.0309813	0.456177	0.543823	0.912355	1.08765	0.05188372
30410	18.22494	16.22978	1.995166	-0.230421	0.836884	0.163116	1.67377	0.326231	0.09066071
30420	16.43721	14.48481	1.952397	0.417026	0.687662	0.312338	1.37532	0.624676	0.09462228
30430	18.18692	16.00805	2.178867	-0.477797	0.635498	0.364502	1.271	0.729005	0.07544642
30440	18.77919	16.65526	2.123931	-0.154849	0.796679	0.203321	1.59336	0.406642	0.07970711
30450	16.10767	14.13181	1.975861	-0.37101	0.440418	0.559582	0.880837	1.11916	0.09242789
30460	16.96203	14.85475	2.107284	0.397223	0.682429	0.317571	1.36486	0.635142	0.08104513
30470	19.33376	16.99733	2.33643	-0.130575	0.736243	0.263757	1.47249	0.527515	0.0644481
30480	19.00672	16.67814	2.328583	-0.172189	0.809239	0.190761	1.61848	0.381521	0.06495581
30490	19.00477	16.77582	2.228949	-0.352125	0.754771	0.245229	1.50954	0.490457	0.07176101
30500	19.22965	16.68259	2.54706	-0.25271	0.760794	0.239206	1.52159	0.478411	0.05220769
30510	18.10848	15.8229	2.285581	0.207216	0.63595	0.36405	1.2719	0.7281	0.06780997
30520	18.57889	16.29331	2.285581	-0.48028	0.751745	0.248255	1.50349	0.49651	0.06780997
30530	18.7898	16.57612	2.213675	-0.284628	0.661858	0.338142	1.32372	0.676284	0.07286547
30540	16.70767	14.21801	2.489658	-0.391988	0.450233	0.549767	0.900466	1.09953	0.05529223
30550	17.67581	15.6044	2.071416	0.0648063	0.625197	0.374803	1.25039	0.749607	0.08400486
30560	19.03878	16.60855	2.430227	0.0647485	0.683666	0.316334	1.36733	0.632668	0.05867789
30570	18.92724	16.75539	2.171847	-0.233561	0.792035	0.207965	1.58407	0.415929	0.07597793
30580	17.85097	15.77734	2.073633	0.138816	0.68146	0.31854	1.36292	0.63708	0.08381879
30590	17.89134	15.68528	2.206068	0.0255775	0.562002	0.437998	1.124	0.875996	0.07342188
30600	17.14762	15.40175	1.74587	-0.0952805	0.841741	0.158259	1.68348	0.316517	0.1163288
30610	17.25695	15.47378	1.783167	-0.118348	0.798341	0.201659	1.59668	0.403319	0.1120699
30620	18.91105	16.65388	2.257165	-0.300268	0.662047	0.337953	1.32409	0.675906	0.06976448
30630	17.43131	15.63925	1.792056	-0.393793	0.833401	0.166599	1.6668	0.333197	0.1110782
30640	19.01407	16.79692	2.217153	-0.0835767	0.744259	0.255741	1.48852	0.511483	0.0726125
30650	18.35822	16.15321	2.205019	-0.327895	0.600724	0.399276	1.20145	0.798552	0.07349893
30660	16.64847	14.12222	2.52625	-0.58724	0.601005	0.398995	1.20201	0.79799	0.05330553
30670	17.12922	14.62317	2.506054	-0.309466	0.453725	0.546275	0.90745	1.09255	0.05439302
30680	19.18967	16.6822	2.507468	0.0356705	0.725831	0.274169	1.45166	0.548338	0.05431618
30690	16.03857	13.68999	2.348581	-0.313241	0.384254	0.615746	0.768508	1.23149	0.06366972
30700	18.73502	16.32024	2.414774	-0.20993	0.574418	0.425582	1.14884	0.851164	0.05959167
30710	17.34699	15.10524	2.241747	0.0745385	0.869115	0.130885	1.73823	0.26177	0.07084842
30720	18.3695	15.99215	2.37736	0.0950103	0.587791	0.412209	1.17558	0.824419	0.06186351
30730	19.05424	16.78876	2.265484	-0.358297	0.752542	0.247458	1.50508	0.494917	0.06918652
30740	18.12278	15.58138	2.541404	-0.119141	0.507437	0.492563	1.01487	0.985127	0.05250385
30750	19.22604	16.74935	2.476691	-0.348432	0.705785	0.294215	1.41157	0.588429	0.05601388
30760	18.51483	16.42651	2.088319	-0.330499	0.705523	0.294477	1.41105	0.588955	0.08259684
30770	18.06508	15.95707	2.108014	-0.133166	0.618221	0.381779	1.23644	0.763559	0.08098602
30780	18.88527	16.64567	2.239606	-0.343093	0.676915	0.323085	1.35383	0.64617	0.0710003
30790	18.89782	16.43859	2.459228	0.11691	0.737344	0.262656	1.47469	0.525312	0.05700065
30800	19.06947	16.70299	2.366478	0.0253627	0.689262	0.310738	1.37852	0.621476	0.06254038
30810	19.11957	16.51019	2.60938	-0.293009	0.742825	0.257175	1.48565	0.51435	0.04905345
30820	18.87768	16.62514	2.252532	0.00311292	0.69984	0.30016	1.39968	0.60032	0.07008847
30830	16.04279	13.94883	2.093957	-0.163913	0.90703	0.0929697	1.81406	0.185939	0.08213247
30840	16.41674	14.71927	1.697466	-0.488775	0.695856	0.304144	1.39171	0.608288	0.122098
30850	18.81724	16.66854	2.148695	-0.340673	0.777826	0.222174	1.55565	0.444348	0.07775748
30860	18.8036	16.6549	2.148695	-0.335063	0.727759	0.272241	1.45552	0.544482	0.07775748
30870	19.20797	16.81723	2.390742	-0.254444	0.782042	0.217958	1.56408	0.435916	0.06104113
30880	19.23409	16.89	2.344085	-0.0770249	0.699014	0.300986	1.39803	0.601971	0.06395664
30890	17.96081	15.60703	2.35378	-0.374246	0.528502	0.471498	1.057	0.942995	0.06333954
30900	19.1035	16.79814	2.305365	-0.363529	0.717893	0.282107	1.43579	0.564215	0.06648162
30910	15.23336	13.33489	1.898469	-0.738317	0.613462	0.386538	1.22692	0.773076	0.0998652
30920	18.52723	16.30324	2.223988	0.00420527	0.644538	0.355462	1.28908	0.710924	0.07211789
30930	18.161	15.89607	2.264938	0.196804	0.802892	0.197108	1.60578	0.394217	0.06922428
30940	19.02198	16.69848	2.323502	-0.170981	0.807847	0.192153	1.61569	0.384306	0.06528666
30950	19.12249	16.74787	2.374628	0.035377	0.719893	0.280107	1.43979	0.560214	0.06203273
30960	18.78324	16.65804	2.125193	-0.137682	0.756747	0.243253	1.51349	0.486506	0.07960661
30970	18.23216	15.87433	2.357828	0.251693	0.698289	0.301711	1.39658	0.603423	0.0630837
30980	18.65144	16.13829	2.513151	0.059061	0.793661	0.206339	1.58732	0.412677	0.05400836
30990	17.75689	15.81883	1.938069	-0.526026	0.746866	0.253134	1.49373	0.506268	0.0959878
31000	18.38666	16.1462	2.240458	0.156852	0.795745	0.204255	1.59149	0.408511	0.07093982
31010	15.98666	14.29475	1.691906	0.164162	0.73862	0.26138	1.47724	0.522761	0.1227788
31020	19.13716	16.81083	2.326333	-0.142668	0.667838	0.332162	1.33568	0.664325	0.06510214
31030	18.93254	16.34921	2.583333	-0.0592143	0.597595	0.402405	1.19519	0.804811	0.05034792
31040	18.55451	16.31053	2.243972	0.0917688	0.673589	0.326411	1.34718	0.652823	0.07069099
31050	18.51904	16.384	2.135038	-0.0905175	0.833299	0.166701	1.6666	0.333403	0.07882676
31060	18.43805	16.2539	2.184149	-0.478888	0.776231	0.223769	1.55246	0.447539	0.075049
31070	16.85731	14.55859	2.298723	-0.5661	0.817258	0.182742	1.63452	0.365483	0.06692464
31080	18.76882	16.13852	2.630295	0.0382788	0.765483	0.234517	1.53097	0.469035	0.04803814
31090	18.03007	15.5709	2.459176	-0.473011	0.786366	0.213634	1.57273	0.427268	0.05700357
31100	18.58726	16.12362	2.463643	-0.472126	0.712114	0.287886	1.42423	0.575772	0.0567495
31110	17.90663	15.52735	2.379282	0.0816306	0.527386	0.472614	1.05477	0.945229	0.06174469
31120	17.91824	15.86477	2.053473	-0.339488	0.623961	0.376039	1.24792	0.752079	0.08552574
31130	17.89187	15.80994	2.081935	0.200182	0.808292	0.191708	1.61658	0.383416	0.08312584
31140	17.49387	15.5291	1.964765	-0.593824	0.753154	0.246846	1.50631	0.493692	0.09345921
31150	16.81966	14.86037	1.959288	-0.183629	0.538865	0.461135	1.07773	0.922271	0.0939725
31160	17.87334	15.97926	1.894079	-0.347408	0.830761	0.169239	1.66152	0.338478	0.1003046
31170	15.62993	13.83969	1.79024	-0.356837	0.49393	0.50607	0.987859	1.01214	0.11128
31180	18.27475	15.86371	2.411045	0.138098	0.588208	0.411792	1.17642	0.823583	0.05981435
31190	16.72695	14.29024	2.43671	0.419443	0.696111	0.303889	1.39222	0.607779	0.05829873
31200	19.26362	16.79903	2.464587	-0.0846384	0.773647	0.226353	1.54729	0.452705	0.05669597
31210	17.10943	14.94037	2.169054	-0.29024	0.466001	0.533999	0.932003	1.068	0.07619045
31220	15.77785	12.70851	3.06934	-0.354403	0.592872	0.407128	1.18574	0.814257	0.03096787
31230	17.68874	15.64632	2.042428	-0.104645	0.613742	0.386258	1.22748	0.772515	0.08647562
31240	15.5021	13.96118	1.540914	-0.27085	0.755605	0.244395	1.51121	0.48879	0.1427902
31250	16.88324	15.09763	1.785617	-0.316086	0.698878	0.301122	1.39776	0.602244	0.1117957
31260	16.06237	14.27675	1.785617	0.395332	0.741039	0.258961	1.48208	0.517922	0.1117957
31270	18.95953	16.66667	2.292857	0.0329123	0.772782	0.227218	1.54556	0.454435	0.0673184
31280	18.01574	15.14591	2.869827	-0.0931367	0.760313	0.239687	1.52063	0.479374	0.03780582
31290	17.64161	15.01941	2.622201	0.194246	0.560041	0.439959	1.12008	0.879918	0.04842852
31300	18.10767	15.71019	2.397487	0.0775603	0.832666	0.167334	1.66533	0.334668	0.06063079
31310	18.5493	16.25951	2.289793	0.159764	0.696003	0.303997	1.39201	0.607995	0.06752498
31320	18.52953	16.284	2.245537	-0.12854	0.605118	0.394882	1.21024	0.789765	0.07058047
31330	15.02355	13.39731	1.626238	-0.38374	0.5673	0.4327	1.1346	0.865399	0.1311121
31340	18.86399	16.50637	2.35762	-0.125535	0.818617	0.181383	1.63723	0.362767	0.06309681
31350	18.12062	15.94235	2.178276	0.191814	0.803204	0.196796	1.60641	0.393592	0.07549103
31360	17.7356	15.54418	2.191411	-0.56703	0.779976	0.220024	1.55995	0.440049	0.07450593
31370	17.92972	15.37266	2.557052	0.159103	0.557752	0.442248	1.1155	0.884496	0.05168866
31380	19.22653	16.57063	2.655899	-0.225608	0.657254	0.342746	1.31451	0.685492	0.04682378
31390	19.40493	16.81079	2.594148	-0.1896	0.677148	0.322852	1.3543	0.645705	0.04980633
31400	18.67319	16.56766	2.10553	-0.31385	0.728512	0.271488	1.45702	0.542976	0.08118744
31410	17.06416	14.78336	2.280792	-0.634522	0.716351	0.283649	1.4327	0.567297	0.06813547
31420	18.93432	16.16832	2.765997	-0.144243	0.728974	0.271026	1.45795	0.542053	0.04194224
31430	17.19265	15.40532	1.787324	-0.0378859	0.798677	0.201323	1.59735	0.402646	0.1116051
31440	18.9574	16.60562	2.351777	-0.236127	0.621836	0.378164	1.24367	0.756328	0.06346659
31450	18.8602	16.56638	2.29382	-0.0100926	0.661379	0.338621	1.32276	0.677242	0.06725354
31460	18.79332	16.42768	2.365636	-0.337707	0.611795	0.388205	1.22359	0.776411	0.06259306
31470	17.95023	15.11948	2.83075	-0.238525	0.564041	0.435959	1.12808	0.871918	0.0393124
31480	16.37489	14.57026	1.804635	0.253213	0.708472	0.291528	1.41694	0.583055	0.1096896
31490	17.6905	15.59773	2.092771	-0.4899	0.601533	0.398467	1.20307	0.796935	0.08222988
31500	18.94866	16.38676	2.5619	-0.161134	0.589145	0.410855	1.17829	0.821711	0.05143866
31510	19.40027	16.87106	2.529213	-0.0714555	0.688271	0.311729	1.37654	0.623457	0.05314785
31520	18.07933	15.81685	2.262477	-0.11526	0.53887	0.46113	1.07774	0.922261	0.06939486
31530	19.39397	16.97999	2.413978	-0.172742	0.68798	0.31202	1.37596	0.624039	0.05963917
31540	18.77963	16.36768	2.411952	-0.446761	0.680345	0.319655	1.36069	0.63931	0.05976008
31550	18.14366	16.12137	2.022288	-0.324167	0.687327	0.312673	1.37465	0.625347	0.08823482
31560	19.07179	16.77747	2.294322	-0.223961	0.666932	0.333068	1.33386	0.666135	0.06721985
31570	19.05663	16.36748	2.689154	-0.228655	0.741295	0.258705	1.48259	0.51741	0.04529224
31580	19.26101	16.76601	2.495001	-0.313209	0.673284	0.326716	1.34657	0.653433	0.0549976
31590	17.40148	15.57248	1.829003	0.00618421	0.810519	0.189481	1.62104	0.378962	0.107049
31600	18.71932	16.50281	2.216512	-0.423121	0.77675	0.22325	1.5535	0.446501	0.07265909
31610	17.9137	15.27497	2.638729	-0.385208	0.790918	0.209082	1.58184	0.418165	0.04763469
31620	16.83267	14.12284	2.70983	-0.537959	0.678936	0.321064	1.35787	0.642127	0.04436539
31630	16.12224	14.5325	1.589739	-0.0438027	0.895731	0.104269	1.79146	0.208539	0.1359859
31640	17.79997	15.73813	2.061845	-0.575464	0.730098	0.269902	1.4602	0.539804	0.08481271
31650	13.69473	12.07398	1.620744	0.173705	0.43433	0.56567	0.868659	1.13134	0.1318343
31660	16.67408	14.6453	2.02878	0.0813879	0.509894	0.490106	1.01979	0.980213	0.0876639
31670	17.86361	15.21194	2.651669	-0.00734198	0.510454	0.489546	1.02091	0.979092	0.04702226
31680	19.09218	16.84214	2.250036	-0.264472	0.705311	0.294689	1.41062	0.589377	0.07026364
31690	18.25716	16.08932	2.167833	-0.281485	0.848455	0.151545	1.69691	0.303091	0.07628357
31700	16.2985	13.81051	2.487988	0.386012	0.556997	0.443003	1.11399	0.886007	0.05538463
31710	19.21726	16.6102	2.607066	0.0013358	0.692317	0.307683	1.38463	0.615365	0.04916709
31720	16.11358	14.4507	1.662884	-0.351492	0.702176	0.297824	1.40435	0.595648	0.1263943
31730	18.39868	16.27218	2.126495	-0.113184	0.663833	0.336167	1.32767	0.672334	0.07950304
31740	18.29482	16.08114	2.213679	0.203816	0.759434	0.240566	1.51887	0.481132	0.07286522
31750	18.52869	15.83979	2.688898	-0.397642	0.68797	0.31203	1.37594	0.624059	0.04530384
31760	17.1159	14.14279	2.973102	-0.0920847	0.764467	0.235533	1.52893	0.471066	0.03409627
31770	18.28127	15.78093	2.500343	-0.0619824	0.830598	0.169402	1.6612	0.338804	0.05470458
31780	18.17933	16.1438	2.03553	-0.07505	0.845155	0.154845	1.69031	0.30969	0.08707412
31790	18.15245	16.08395	2.068498	-0.410985	0.661571	0.338429	1.32314	0.676858	0.08425031
31800	16.46338	14.60323	1.860152	-0.510605	0.565452	0.434548	1.1309	0.869095	0.103766
31810	15.03504	13.25308	1.781957	0.333818	0.532202	0.467798	1.0644	0.935596	0.1122056
31820	17.57048	15.68957	1.880911	-0.53079	0.777295	0.222705	1.55459	0.44541	0.1016341
31830	18.78734	16.60472	2.182612	-0.282529	0.812084	0.187916	1.62417	0.375832	0.07516441
31840	18.39791	15.95736	2.44055	-0.360981	0.563171	0.436829	1.12634	0.873659	0.05807526
31850	16.15248	14.19164	1.960836	0.150564	0.500408	0.499592	1.00082	0.999183	0.09382717
31860	19.06058	16.76047	2.300102	-0.0329424	0.784238	0.215762	1.56848	0.431523	0.06683238
31870	17.61082	15.52631	2.084507	-0.31676	0.558535	0.441465	1.11707	0.882931	0.0829123
31880	19.11557	16.43112	2.684452	-0.230667	0.64607	0.35393	1.29214	0.707861	0.04550572
31890	19.41496	16.94745	2.467514	-0.167051	0.67684	0.32316	1.35368	0.646319	0.05653026
31900	12.65423	10.31214	2.342088	0.573258	0.473832	0.526168	0.947664	1.05234	0.0640845
31910	19.298	16.66853	2.629462	-0.148827	0.740348	0.259652	1.4807	0.519304	0.04807818
31920	19.02438	16.41456	2.609821	0.000879371	0.633112	0.366888	1.26622	0.733776	0.04903181
31930	16.85188	13.92673	2.92515	-0.106056	0.513093	0.486907	1.02619	0.973814	0.03577109
31940	19.29337	16.71445	2.578919	-0.192722	0.755163	0.244837	1.51033	0.489674	0.05057065
31950	18.38454	16.11181	2.272729	-0.213408	0.568421	0.431579	1.13684	0.863158	0.06868711
31960	17.8282	15.8989	1.929304	-0.373636	0.715697	0.284303	1.43139	0.568606	0.09683283
31970	17.6081	15.3778	2.230303	0.0602677	0.524509	0.475491	1.04902	0.950981	0.07166388
31980	18.62697	16.53832	2.088656	-0.32543	0.79888	0.20112	1.59776	0.402241	0.08256903
31990	18.8276	16.50432	2.323279	0.00553238	0.806887	0.193113	1.61377	0.386227	0.06530122
32000	16.38122	14.36856	2.012663	0.453021	0.786548	0.213452	1.5731	0.426905	0.08908821
32010	16.2009	14.63821	1.562691	-0.446071	0.80733	0.19267	1.61466	0.385341	0.1397143
32020	16.74539	14.71104	2.034351	0.381268	0.655276	0.344724	1.31055	0.689449	0.08717685
32030	18.79087	16.52756	2.263307	0.0875183	0.730067	0.269933	1.46013	0.539866	0.06933733
32040	18.23371	15.91966	2.314045	-0.536446	0.712181	0.287819	1.42436	0.575638	0.06590701
32050	19.39725	16.86707	2.530179	-0.232834	0.740838	0.259162	1.48168	0.518323	0.05309653
32060	18.26089	15.92563	2.335259	0.207283	0.648408	0.351592	1.29682	0.703185	0.06452361
32070	19.38429	16.98633	2.397962	-0.266358	0.736245	0.263755	1.47249	0.52751	0.06060199
32080	16.93076	15.01653	1.914227	0.315202	0.745048	0.254952	1.4901	0.509904	0.09830388
32090	19.03376	16.82176	2.212004	-0.237738	0.785864	0.214136	1.57173	0.428272	0.07298738
32100	17.34409	15.36317	1.980923	0.245643	0.719507	0.280493	1.43901	0.560987	0.09196125
32110	18.7497	16.40086	2.348839	0.00097433	0.814056	0.185944	1.62811	0.371888	0.06365329
32120	18.37303	16.17077	2.202261	-0.475584	0.658502	0.341498	1.317	0.682996	0.07370193
32130	18.92331	16.55698	2.366332	-0.00751097	0.800796	0.199204	1.60159	0.398408	0.06254947
32140	17.83896	15.6913	2.147663	-0.356058	0.857086	0.142914	1.71417	0.285828	0.07783782
32150	18.44646	16.39316	2.053298	-0.067931	0.810519	0.189481	1.62104	0.378963	0.0855407
32160	18.76819	16.33941	2.428787	0.139904	0.679952	0.320048	1.3599	0.640097	0.05876247
32170	16.74141	14.45122	2.290197	-0.0747005	0.413208	0.586792	0.826416	1.17358	0.06749769
32180	17.26519	15.36857	1.896624	0.195506	0.835358	0.164642	1.67072	0.329285	0.1000496
32190	18.82416	16.48196	2.342195	-0.286497	0.813178	0.186822	1.62636	0.373644	0.0640776
32200	17.80919	15.90492	1.90427	-0.0649115	0.785932	0.214068	1.57186	0.428135	0.09928758
32210	17.34119	15.44553	1.895666	-0.16701	0.6831	0.3169	1.3662	0.6338	0.1001455
32220	18.20769	16.08015	2.127542	0.133819	0.810897	0.189103	1.62179	0.378205	0.07941987
32230	19.11246	16.70892	2.403539	-0.111065	0.635267	0.364733	1.27053	0.729466	0.06026501
32240	17.85096	15.43969	2.411261	0.202188	0.812164	0.187836	1.62433	0.375672	0.0598014
32250	17.84724	15.86237	1.98487	-0.194755	0.677731	0.322269	1.35546	0.644538	0.09159896
32260	17.79742	15.31619	2.481235	-0.399628	0.821708	0.178292	1.64342	0.356583	0.05575992
32270	17.90554	15.58406	2.32148	-0.567784	0.687555	0.312445	1.37511	0.62489	0.06541884
32280	18.50746	16.47512	2.032341	-0.253525	0.776372	0.223628	1.55274	0.447257	0.0873523
32290	17.98284	15.98241	2.000426	-0.176028	0.689733	0.310267	1.37947	0.620534	0.0901851
32300	18.4051	15.94736	2.457749	-0.0674206	0.538438	0.461562	1.07688	0.923124	0.05708496
32310	16.10996	13.15749	2.952467	0.122895	0.773876	0.226124	1.54775	0.452249	0.03480716
32320	16.51163	13.79375	2.717883	0.318653	0.594287	0.405713	1.18857	0.811427	0.04400957
32330	18.49199	16.39668	2.095309	-0.0800483	0.71903	0.28097	1.43806	0.56194	0.08202147
32340	19.06552	16.548	2.51752	-0.317454	0.766381	0.233619	1.53276	0.467238	0.05377296
32350	18.43117	16.30545	2.125717	-0.0734158	0.678839	0.321161	1.35768	0.642321	0.07956488
32360	18.88589	16.66347	2.222428	-0.400635	0.737021	0.262979	1.47404	0.525958	0.07223046
32370	16.9072	15.13024	1.776958	-0.51608	0.70354	0.29646	1.40708	0.592919	0.112768
32380	17.39046	15.18877	2.201696	-0.299728	0.485341	0.514659	0.970682	1.02932	0.07374363
32390	17.12496	14.88625	2.23871	-0.535777	0.535165	0.464835	1.07033	0.929671	0.07106396
32400	17.38615	15.44875	1.937399	-0.0313236	0.67364	0.32636	1.34728	0.652719	0.09605215
32410	16.74622	15.0181	1.728123	-0.361016	0.730046	0.269954	1.46009	0.539909	0.1184117
32420	17.4628	15.59517	1.867622	-0.348309	0.709484	0.290516	1.41897	0.581032	0.1029938
32430	16.81293	15.05907	1.753864	-0.333532	0.886582	0.113418	1.77316	0.226836	0.1154025
32440	19.0275	16.62882	2.398681	0.0737451	0.704887	0.295113	1.40977	0.590226	0.06055849
32450	17.76003	15.16971	2.590318	-0.4356	0.558257	0.441743	1.11651	0.883485	0.04999747
32460	18.79222	16.45047	2.341746	-0.256716	0.602049	0.397951	1.2041	0.795902	0.0641064
32470	17.66615	15.4786	2.18755	-0.0572681	0.872042	0.127958	1.74408	0.255915	0.07479421
32480	18.86807	16.57837	2.289697	-0.362627	0.655321	0.344679	1.31064	0.689359	0.06753141
32490	16.05972	13.9442	2.115522	-0.475752	0.430481	0.569519	0.860961	1.13904	0.08038021
32500	18.11868	16.09456	2.024118	0.0484594	0.755222	0.244778	1.51044	0.489555	0.08807355
32510	17.95934	15.35053	2.608813	-0.351248	0.535698	0.464302	1.0714	0.928603	0.04908127
32520	18.65656	15.86934	2.787226	-0.266575	0.725432	0.274568	1.45086	0.549136	0.04106122
32530	19.29536	16.92903	2.366331	-0.0610378	0.717715	0.282285	1.43543	0.56457	0.06254957
32540	19.13279	16.85134	2.281449	-0.102322	0.783371	0.216629	1.56674	0.433258	0.06809076
32550	17.23954	15.49494	1.744604	-0.228578	0.835956	0.164044	1.67191	0.328088	0.1164761
32560	18.58068	16.3111	2.269577	-0.304358	0.602234	0.397766	1.20447	0.795533	0.06890395
32570	18.02642	16.00447	2.021943	0.0577216	0.832948	0.167052	1.6659	0.334103	0.08826527
32580	17.31138	14.74361	2.567767	0.333883	0.668833	0.331167	1.33767	0.662333	0.05113776
32590	19.30233	16.99408	2.308245	-0.220067	0.744785	0.255215	1.48957	0.51043	0.06629041
32600	18.29047	15.79932	2.491149	-0.0676215	0.525314	0.474686	1.05063	0.949371	0.05520984
32610	17.73449	15.7197	2.014785	-0.299244	0.623794	0.376206	1.24759	0.752413	0.08889937
32620	18.65478	16.4795	2.17528	-0.441802	0.722099	0.277901	1.4442	0.555802	0.07571757
32630	18.77809	16.52355	2.254545	0.0755109	0.717688	0.282312	1.43538	0.564625	0.06994751
32640	17.90018	15.98535	1.914833	-0.434984	0.763484	0.236516	1.52697	0.473031	0.09824431
32650	18.82918	16.53625	2.292923	-0.00870712	0.656084	0.343916	1.31217	0.687831	0.0673139
32660	16.35115	14.14711	2.204047	-0.0697755	0.395051	0.604949	0.790102	1.2099	0.07357044
32670	14.45404	12.95998	1.494057	-0.777276	0.777749	0.222251	1.5555	0.444501	0.1496401
32680	18.70656	16.28911	2.417451	0.16537	0.706975	0.293025	1.41395	0.586049	0.05943237
32690	18.75876	15.94216	2.816598	-0.222706	0.666483	0.333517	1.33297	0.667033	0.0398727
32700	18.82744	16.0772	2.750243	-0.235663	0.738137	0.261863	1.47627	0.523727	0.0426082
32710	17.88796	15.27442	2.613534	0.24539	0.640998	0.359002	1.282	0.718004	0.04885008
32720	17.98623	15.78792	2.198309	-0.561484	0.748366	0.251634	1.49673	0.503267	0.07399382
32730	17.69598	15.08029	2.615694	0.165269	0.547143	0.452857	1.09429	0.905715	0.0487447
32740	18.66811	16.543	2.125112	-0.0593268	0.742222	0.257778	1.48444	0.515556	0.07961308
32750	18.98829	16.34714	2.641158	-0.0694584	0.610327	0.389673	1.22065	0.779347	0.04751914
32760	19.26425	16.86423	2.400018	-0.327561	0.74043	0.25957	1.48086	0.519141	0.06047753
32770	14.98442	13.0389	1.945517	0.578254	0.654273	0.345727	1.30855	0.691453	0.09527553
32780	16.95285	15.16448	1.788369	-0.602141	0.7566	0.2434	1.5132	0.4868	0.1114885
32790	18.03848	15.61303	2.425453	0.217586	0.791278	0.208722	1.58256	0.417444	0.05895871
32800	17.26154	14.94233	2.319207	-0.0274663	0.453981	0.546019	0.907961	1.09204	0.06556771
32810	17.65775	15.36921	2.288537	-0.577769	0.641792	0.358208	1.28358	0.716415	0.06760984
32820	18.53338	15.80452	2.728868	0.0651177	0.622729	0.377271	1.24546	0.754542	0.04352878
32830	17.21383	14.59291	2.620917	0.0558622	0.47313	0.52687	0.946261	1.05374	0.04849074
32840	18.38696	15.86865	2.518314	-0.21432	0.531701	0.468299	1.0634	0.936599	0.05373025
32850	17.56437	15.23227	2.332107	-0.30465	0.479946	0.520054	0.959893	1.04011	0.06472729
32860	16.03798	14.19077	1.847212	-0.625306	0.565325	0.434675	1.13065	0.869349	0.1051174
32870	19.1687	16.81918	2.349526	-0.186395	0.659346	0.340654	1.31869	0.681308	0.06360957
32880	15.86709	14.37771	1.489372	-0.203364	0.880258	0.119742	1.76052	0.239484	0.1503428
32890	16.8329	14.983	1.849902	-0.565273	0.642688	0.357312	1.28538	0.714625	0.1048351
32900	17.91691	15.6455	2.27141	0.158747	0.833446	0.166554	1.66689	0.333108	0.06877774
32910	19.23748	16.92339	2.314089	-0.0916344	0.720849	0.279151	1.4417	0.558302	0.06590413
32920	19.03055	16.49263	2.537922	-0.0324169	0.617064	0.382936	1.23413	0.765871	0.05268695
32930	18.86951	16.22728	2.642224	-0.361132	0.715803	0.284197	1.43161	0.568395	0.04746847
32940	17.88414	15.85433	2.029809	0.140596	0.824254	0.175746	1.64851	0.351493	0.08757372
32950	19.33613	16.91909	2.417039	-0.271514	0.755387	0.244613	1.51077	0.489225	0.05945686
32960	16.35644	14.23092	2.125517	0.453709	0.631331	0.368669	1.26266	0.737337	0.07958084
32970	18.41164	15.68303	2.728613	0.123707	0.65922	0.34078	1.31844	0.68156	0.04353988
32980	15.70477	12.93909	2.765682	-0.170228	0.414147	0.585853	0.828294	1.17171	0.04195544
32990	18.14694	15.48246	2.66448	0.187286	0.637244	0.362756	1.27449	0.725511	0.0464237
33000	18.58814	16.14419	2.443943	-0.466428	0.664126	0.335874	1.32825	0.671749	0.05787858
33010	19.08499	16.63549	2.449508	-0.0948457	0.621526	0.378474	1.24305	0.756949	0.05755735
33020	18.21968	16.15571	2.063972	-0.0718457	0.693282	0.306718	1.38656	0.613436	0.08463249
33030	17.61949	15.69489	1.924595	0.0912627	0.768382	0.231618	1.53676	0.463235	0.09728994
33040	15.69824	13.76737	1.930869	-0.639406	0.51637	0.48363	1.03274	0.96726	0.09668137
33050	18.55425	16.13884	2.415405	0.154675	0.643292	0.356708	1.28658	0.713417	0.0595541
33060	16.17772	14.28726	1.890464	-0.377129	0.902075	0.0979248	1.80415	0.19585	0.1006678
33070	16.48615	14.49916	1.98699	-0.150235	0.475774	0.524226	0.951548	1.04845	0.09140504
33080	18.62308	16.48856	2.134521	-0.409011	0.717017	0.282983	1.43403	0.565966	0.07886751
33090	13.44726	10.84008	2.607174	0.145987	0.885491	0.114509	1.77098	0.229018	0.04916178
33100	18.80551	16.38383	2.421681	0.143772	0.712981	0.287019	1.42596	0.574039	0.05918148
33110	18.86401	16.0964	2.767602	-0.191959	0.733731	0.266269	1.46746	0.532537	0.04187498
33120	18.35244	16.33353	2.018908	-0.265866	0.737581	0.262419	1.47516	0.524839	0.08853362
33130	19.3671	16.83222	2.534871	-0.168646	0.656608	0.343392	1.31322	0.686785	0.05284794
33140	16.26772	13.76556	2.502158	0.0332036	0.400852	0.599148	0.801704	1.1983	0.05460534
33150	19.13591	16.5978	2.538108	0.0507648	0.696821	0.303179	1.39364	0.606358	0.05267716
33160	17.12476	14.49814	2.626626	-0.121687	0.449627	0.550373	0.899254	1.10075	0.04821472
33170	19.27329	16.67498	2.598317	-0.216187	0.646882	0.353118	1.29376	0.706236	0.04959912
33180	18.83389	16.65586	2.178028	-0.308246	0.700493	0.299507	1.40099	0.599014	0.07550975
33190	18.88165	16.41478	2.466868	0.111783	0.674958	0.325042	1.34992	0.650084	0.05656682
33200	18.60335	15.74321	2.860136	-0.195522	0.687897	0.312103	1.37579	0.624207	0.03817398
33210	18.04436	15.24704	2.797322	0.0495584	0.761116	0.238884	1.52223	0.477767	0.04064877
33220	15.84088	14.11921	1.721664	-0.230803	0.916665	0.0833354	1.83333	0.166671	0.1191789
33230	18.34816	16.29108	2.057077	-0.022491	0.821646	0.178354	1.64329	0.356707	0.08521806
33240	17.64298	15.35132	2.291657	0.153723	0.539654	0.460346	1.07931	0.920693	0.06739923
33250	15.8436	13.98377	1.859838	0.262691	0.567993	0.432007	1.13599	0.864015	0.1037986
33260	18.46643	16.1247	2.341722	-0.402216	0.80867	0.19133	1.61734	0.38266	0.06410793
33270	17.6668	15.48582	2.180984	0.0405677	0.547623	0.452377	1.09525	0.904754	0.0752869
33280	18.5268	15.98089	2.545908	-0.440273	0.642538	0.357462	1.28508	0.714925	0.05226789
33290	19.06849	16.66668	2.401809	-0.355167	0.767157	0.232843	1.53431	0.465687	0.06036931
33300	19.32135	16.6995	2.621852	-0.0802487	0.727003	0.272997	1.45401	0.545993	0.04844543
33310	18.82184	16.17924	2.642595	-0.0287121	0.597189	0.402811	1.19438	0.805623	0.04745087
33320	16.87751	15.0419	1.835613	0.0550262	0.710129	0.289871	1.42026	0.579743	0.1063438
33330	18.06513	15.66459	2.400541	-0.095836	0.507842	0.492158	1.01568	0.984316	0.06044592
33340	18.77898	16.46191	2.317075	-0.268184	0.609227	0.390773	1.21845	0.781546	0.06570765
33350	18.3057	16.0874	2.218302	0.0359787	0.838081	0.161919	1.67616	0.323837	0.0725291
33360	16.11722	13.69112	2.426099	0.365209	0.508567	0.491433	1.01713	0.982866	0.0589206
33370	18.22073	16.04542	2.175314	0.151847	0.683885	0.316115	1.36777	0.63223	0.075715
33380	17.45002	15.32434	2.125684	0.337681	0.76802	0.23198	1.53604	0.46396	0.07956758
33390	18.5572	16.23318	2.324025	-0.164156	0.837059	0.162941	1.67412	0.325883	0.06525256
33400	18.58915	16.12328	2.465872	0.0559614	0.805083	0.194917	1.61017	0.389834	0.05662319
33410	18.07341	15.998	2.075416	-0.418617	0.644846	0.355154	1.28969	0.710308	0.08366946
33420	18.3374	16.24242	2.094978	-0.0867351	0.684416	0.315584	1.36883	0.631168	0.08204867
33430	16.15679	13.95637	2.200423	0.136429	0.890125	0.109875	1.78025	0.21975	0.0738375
33440	16.71275	14.92177	1.790979	-0.45069	0.653864	0.346136	1.30773	0.692272	0.1111979
33450	14.47797	13.1308	1.347173	-0.658067	0.881114	0.118886	1.76223	0.237772	0.1733161
33460	16.74587	15.0489	1.696971	-0.189145	0.788172	0.211828	1.57634	0.423655	0.1221585
33470	18.195	15.99468	2.20032	0.0580469	0.61939	0.38061	1.23878	0.761221	0.07384512
33480	17.6263	15.25194	2.374354	0.0103729	0.484403	0.515597	0.968805	1.03119	0.06204975
33490	17.31087	15.21213	2.098746	-0.404109	0.525831	0.474169	1.05166	0.948339	0.08174008
33500	18.59547	15.98874	2.606735	-0.276925	0.568797	0.431203	1.13759	0.862406	0.04918335
33510	17.33938	15.3752	1.964182	-0.38064	0.602449	0.397551	1.2049	0.795101	0.09351369
33520	14.8307	13.15559	1.675108	-0.141004	0.520895	0.479105	1.04179	0.95821	0.1248586
33530	17.75363	15.8214	1.932224	-0.285964	0.861291	0.138709	1.72258	0.277419	0.09655047
33540	17.23278	15.47793	1.75485	-0.293312	0.798179	0.201821	1.59636	0.403643	0.1152887
33550	16.95443	15.04206	1.912366	-0.520575	0.858122	0.141878	1.71624	0.283756	0.09848697
33560	18.19055	15.6323	2.558255	0.235722	0.681861	0.318139	1.36372	0.636277	0.05162653
33570	17.23319	14.65812	2.575067	0.331324	0.723936	0.276064	1.44787	0.552128	0.05076583
33580	15.15243	13.55246	1.599976	0.00747612	0.69321	0.30679	1.38642	0.613581	0.1346009
33590	16.41713	13.95574	2.461394	-0.420901	0.854592	0.145408	1.70918	0.290817	0.0568773
33600	18.91216	16.46524	2.446921	-0.00811668	0.797583	0.202417	1.59517	0.404834	0.05770643
33610	19.09789	16.37369	2.724202	-0.160332	0.648282	0.351718	1.29656	0.703435	0.04373236
33620	18.32516	16.15871	2.166448	0.163159	0.777053	0.222947	1.55411	0.445895	0.07638929
33630	18.92949	16.16216	2.767328	-0.139499	0.638137	0.361863	1.27627	0.723726	0.04188643
33640	19.12218	16.42257	2.699614	-0.111336	0.642859	0.357141	1.28572	0.714282	0.04482096
33650	19.06225	16.83037	2.23188	-0.230233	0.788608	0.211392	1.57722	0.422785	0.07155095
33660	18.92454	16.58209	2.342453	-0.188699	0.618725	0.381275	1.23745	0.76255	0.0640611
33670	17.74825	15.75422	1.994033	-0.188215	0.653232	0.346768	1.30646	0.693537	0.09076346
33680	19.30863	16.63947	2.669159	-0.177606	0.708926	0.291074	1.41785	0.582149	0.04620698
33690	18.57827	16.27108	2.307191	-0.441879	0.785644	0.214356	1.57129	0.428712	0.06636034
33700	17.24802	14.70565	2.542368	-0.506339	0.557803	0.442197	1.11561	0.884394	0.05245327
33710	17.81626	15.07051	2.74576	0.0332653	0.536644	0.463356	1.07329	0.926711	0.04279968
33720	18.00187	15.96497	2.036899	-0.306051	0.649559	0.350441	1.29912	0.700882	0.08695504
33730	18.20418	16.00378	2.200398	0.0141462	0.846522	0.153478	1.69304	0.306957	0.0738394
33740	17.21265	15.45157	1.761072	-0.110795	0.822523	0.177477	1.64505	0.354954	0.1145737
33750	18.18534	15.9923	2.19304	-0.236064	0.576322	0.423678	1.15264	0.847355	0.07438466
33760	14.66587	13.27918	1.386686	-0.506364	0.913062	0.0869381	1.82612	0.173876	0.1666014
33770	19.10316	16.69936	2.403806	0.0537302	0.737261	0.262739	1.47452	0.525479	0.06024887
33780	18.98774	16.66399	2.323757	-0.202598	0.809973	0.190027	1.61995	0.380055	0.06527006
33790	14.78282	11.92636	2.856463	0.321175	0.529545	0.470455	1.05909	0.940911	0.03831446
33800	18.39976	16.25108	2.148673	-0.290298	0.634479	0.365521	1.26896	0.731042	0.0777592
33810	18.77002	16.57595	2.194066	-0.350234	0.800846	0.199154	1.60169	0.398308	0.07430843
33820	17.5223	15.54115	1.981148	-0.557275	0.671431	0.328569	1.34286	0.657139	0.09194059
33830	19.13835	16.73935	2.399	0.0236259	0.724237	0.275763	1.44847	0.551525	0.06053913
33840	18.71949	16.3169	2.402584	-0.238824	0.576623	0.423377	1.15325	0.846754	0.06032257
33850	19.0406	16.29961	2.740987	-0.0869781	0.720457	0.279543	1.44091	0.559085	0.04300443
33860	19.26176	16.81332	2.448435	0.00750514	0.722221	0.277779	1.44444	0.555559	0.05761915
33870	19.11498	16.58561	2.529371	-0.0821089	0.624605	0.375395	1.24921	0.750789	0.05313944
33880	18.93821	16.53186	2.406341	-0.241454	0.60495	0.39505	1.2099	0.790101	0.06009634
33890	18.94289	16.69469	2.248208	-0.0610451	0.800411	0.199589	1.60082	0.399179	0.07039221
33900	18.33386	16.23964	2.094225	-0.126459	0.676557	0.323443	1.35311	0.646886	0.08211048
33910	16.24962	13.71541	2.534211	-0.620944	0.64402	0.35598	1.28804	0.711961	0.05288286
33920	18.88889	16.29292	2.595973	-0.349058	0.634559	0.365441	1.26912	0.730883	0.0497155
33930	19.05901	16.5248	2.534202	-0.146192	0.789404	0.210596	1.57881	0.421192	0.05288332
33940	18.47985	15.79588	2.683976	0.140271	0.705522	0.294478	1.41104	0.588956	0.04552737
33950	18.98047	16.3247	2.655764	0.0509375	0.686906	0.313094	1.37381	0.626188	0.0468301
33960	18.47389	16.3032	2.170694	-0.412081	0.809752	0.190248	1.6195	0.380496	0.07606562
33970	16.46348	14.31078	2.152699	0.238213	0.47922	0.52078	0.95844	1.04156	0.07744681
33980	18.46238	16.39466	2.067721	-0.101773	0.736369	0.263631	1.47274	0.527261	0.08431579
33990	18.48806	16.11218	2.375875	0.203209	0.74374	0.25626	1.48748	0.51252	0.06195542
34000	19.30874	16.86251	2.44623	-0.313167	0.69357	0.30643	1.38714	0.61286	0.05774633
34010	18.52991	16.46493	2.06498	-0.216603	0.820507	0.179493	1.64101	0.358987	0.08454719
34020	19.20797	16.7733	2.434672	-0.343447	0.684146	0.315854	1.36829	0.631708	0.05841763
34030	18.87157	16.09119	2.780385	-0.232573	0.659494	0.340506	1.31899	0.681011	0.0413431
34040	18.2347	15.40108	2.833627	0.0177688	0.60848	0.39152	1.21696	0.783039	0.03919946
34050	19.30394	16.86671	2.437224	-0.0468419	0.757019	0.242981	1.51404	0.485962	0.05826874
34060	19.25432	16.73849	2.51583	0.0147635	0.707945	0.292055	1.41589	0.58411	0.05386386
34070	17.03031	15.21985	1.810457	-0.0948286	0.886853	0.113147	1.77371	0.226294	0.1090529
34080	18.54749	16.33123	2.216253	0.0844116	0.805085	0.194915	1.61017	0.38983	0.07267791
34090	17.51294	15.46901	2.043931	0.0610487	0.61934	0.38066	1.23868	0.76132	0.08634576
34100	17.53842	15.63052	1.907899	-0.536415	0.807029	0.192971	1.61406	0.385942	0.09892788
34110	19.31374	16.89124	2.422495	-0.31889	0.719657	0.280343	1.43931	0.560686	0.05913338
34120	19.46672	17.01803	2.448692	-0.132319	0.727512	0.272488	1.45502	0.544975	0.05760433
34130	18.87175	16.42306	2.448692	-0.246883	0.589973	0.410027	1.17995	0.820054	0.05760433
34140	18.7736	16.00042	2.773181	-0.143186	0.745597	0.254403	1.49119	0.508807	0.04164199
34150	16.36277	13.95391	2.408861	0.449783	0.716428	0.283572	1.43286	0.567145	0.05994513
34160	18.65144	16.52386	2.127576	-0.0376933	0.802144	0.197856	1.60429	0.395712	0.07941717
34170	18.94036	16.52403	2.416331	-0.00970029	0.797833	0.202167	1.59567	0.404334	0.05949901
34180	17.57735	15.54431	2.03304	0.268553	0.76142	0.23858	1.52284	0.477159	0.08729127
34190	18.28199	15.54391	2.738077	-0.309751	0.581951	0.418049	1.1639	0.836098	0.04312977
34200	18.42544	16.13048	2.294958	0.0492374	0.605173	0.394827	1.21035	0.789654	0.06717708
34210	19.19755	16.50876	2.688795	-0.207146	0.721531	0.278469	1.44306	0.556938	0.04530853
34220	18.64195	16.2246	2.417355	0.173864	0.741104	0.258896	1.48221	0.517792	0.05943807
34230	16.98037	15.20465	1.775711	0.0539543	0.793085	0.206915	1.58617	0.41383	0.1129086
34240	19.14145	16.75236	2.389091	-0.0555708	0.786751	0.213249	1.5735	0.426497	0.06114204
34250	17.17111	14.66049	2.510622	0.198455	0.502582	0.497418	1.00516	0.994837	0.05414516
34260	19.03504	16.697	2.338039	0.020678	0.69255	0.30745	1.3851	0.6149	0.06434445
34270	17.05142	14.86861	2.182809	0.386115	0.651599	0.348401	1.3032	0.696802	0.07514965
34280	18.83274	16.61011	2.222626	-0.130473	0.818202	0.181798	1.6364	0.363597	0.07221619
34290	18.21761	16.01536	2.202251	0.0977653	0.636837	0.363163	1.27367	0.726326	0.0737027
34300	18.99862	16.47412	2.524499	0.0803769	0.738229	0.261771	1.47646	0.523542	0.05339894
34310	14.71897	12.98295	1.736025	0.0453999	0.456973	0.543027	0.913946	1.08605	0.1174797
34320	18.0908	16.031	2.059796	-0.164926	0.858168	0.141832	1.71634	0.283665	0.08498668
34330	18.75488	16.64737	2.107507	-0.169299	0.787482	0.212518	1.57496	0.425037	0.08102707
34340	18.21634	15.99869	2.217643	0.192322	0.682639	0.317361	1.36528	0.634721	0.07257694
34350	15.61248	13.51752	2.094965	0.254339	0.418735	0.581265	0.83747	1.16253	0.08204968
34360	19.01898	16.51959	2.499386	0.0905474	0.716168	0.283832	1.43234	0.567664	0.05475697
34370	18.81965	16.42428	2.395368	0.0938152	0.659023	0.340977	1.31805	0.681955	0.0607594
34380	19.14818	16.66864	2.479542	0.0251644	0.754397	0.245603	1.50879	0.491206	0.05585438
34390	16.83355	14.62275	2.210803	-0.371031	0.447384	0.552616	0.894767	1.10523	0.07307509
34400	17.61054	15.61544	1.995098	-0.585033	0.754736	0.245264	1.50947	0.490527	0.09066692
34410	17.29461	15.50104	1.793572	-0.508699	0.807672	0.192328	1.61534	0.384657	0.1109099
34420	19.08365	16.68581	2.39784	-0.0185501	0.655693	0.344307	1.31139	0.688613	0.0606094
34430	17.98717	15.9018	2.085371	-0.506098	0.661397	0.338603	1.32279	0.677206	0.08284066
34440	18.69503	15.93472	2.760317	-0.0742155	0.60424	0.39576	1.20848	0.79152	0.04218113
34450	19.0268	16.69641	2.330389	0.0318075	0.703938	0.296062	1.40788	0.592124	0.06483861
34460	14.72275	13.33271	1.390035	-0.224431	0.807245	0.192755	1.61449	0.38551	0.1660444
34470	18.25988	15.7985	2.461383	-0.277535	0.52818	0.47182	1.05636	0.943641	0.0568779
34480	17.75598	15.36997	2.38601	0.144521	0.532328	0.467672	1.06466	0.935345	0.06133066
34490	17.79066	15.46308	2.327579	0.318779	0.692514	0.307486	1.38503	0.614972	0.06502104
34500	19.30453	16.98994	2.314591	-0.168928	0.727046	0.272954	1.45409	0.545907	0.06587107
34510	18.81884	16.65553	2.163305	-0.160474	0.712706	0.287294	1.42541	0.574588	0.0766297
34520	17.14365	14.69969	2.443964	0.0571437	0.452726	0.547274	0.905452	1.09455	0.05787735
34530	18.80619	16.21805	2.588137	-0.385762	0.649334	0.350666	1.29867	0.701333	0.05010661
34540	16.74369	14.02821	2.715483	0.32743	0.684253	0.315747	1.36851	0.631493	0.04411531
34550	18.70669	16.53629	2.170399	-0.383434	0.695911	0.304089	1.39182	0.608178	0.07608807
34560	17.31149	15.13343	2.178063	-0.479877	0.848445	0.151555	1.69689	0.30311	0.07550717
34570	18.848	16.47757	2.370431	-0.429231	0.751627	0.248373	1.50325	0.496745	0.06229363
34580	18.4154	16.31361	2.101788	-0.185612	0.676667	0.323333	1.35333	0.646666	0.08149178
34590	17.43957	14.92707	2.512495	-0.29305	0.470244	0.529756	0.940487	1.05951	0.05404383
34600	17.44311	15.48916	1.953946	-0.389566	0.626735	0.373265	1.25347	0.74653	0.09447588
34610	19.11962	16.68182	2.437799	-0.233725	0.625445	0.374555	1.25089	0.74911	0.05823529
34620	19.09538	16.76894	2.326442	-0.291738	0.664041	0.335959	1.32808	0.671917	0.06509503
34630	18.73661	16.38267	2.353944	-0.312241	0.813823	0.186177	1.62765	0.372354	0.06332919
34640	18.52191	15.7166	2.80531	-0.124861	0.753789	0.246211	1.50758	0.492421	0.04032534
34650	18.51957	16.25855	2.261017	0.0465045	0.635841	0.364159	1.27168	0.728317	0.06949627
34660	18.70972	16.34681	2.362906	-0.0336032	0.599195	0.400805	1.19839	0.801611	0.06276415
34670	18.66117	16.24058	2.420581	-0.459825	0.667914	0.332086	1.33583	0.664171	0.05924662
34680	18.88083	16.21932	2.661508	-0.278214	0.614512	0.385488	1.22902	0.770976	0.04656187
34690	19.24777	16.74775	2.500026	-0.292652	0.755187	0.244813	1.51037	0.489626	0.05472193
34700	18.39279	15.86025	2.532548	-0.447861	0.624164	0.375836	1.24833	0.751673	0.05297088
34710	18.56887	16.39677	2.172102	-0.253081	0.646988	0.353012	1.29398	0.706023	0.07595857
34720	18.8412	16.15627	2.684926	-0.0673007	0.600003	0.399997	1.20001	0.799993	0.04548416
34730	19.08021	16.79316	2.287047	-0.0543096	0.783759	0.216241	1.56752	0.432482	0.06771062
34740	18.64356	15.9289	2.71466	-0.200313	0.581805	0.418195	1.16361	0.83639	0.04415163
34750	16.41965	13.74486	2.674789	-0.267887	0.435435	0.564565	0.87087	1.12913	0.04594756
34760	19.14717	16.86391	2.283257	-0.0737756	0.770548	0.229452	1.5411	0.458904	0.06796777
34770	16.93043	14.97667	1.953756	-0.523813	0.577461	0.422539	1.15492	0.845078	0.09449383
34780	19.07467	16.79122	2.283454	-0.230476	0.674096	0.325904	1.34819	0.651808	0.06795435
34790	19.24346	16.80313	2.440322	-0.329127	0.682753	0.317247	1.36551	0.634495	0.05808852
34800	18.925	16.6535	2.271495	-0.411664	0.737857	0.262143	1.47571	0.524286	0.06877189
34810	16.60822	14.16166	2.446564	-0.540271	0.51721	0.48279	1.03442	0.96558	0.05772707
34820	17.27666	15.24984	2.026817	0.320502	0.725263	0.274737	1.45053	0.549475	0.08783613
34830	19.13318	16.66691	2.466275	-0.341349	0.756165	0.243835	1.51233	0.487669	0.05660033
34840	19.27098	16.75969	2.511296	-0.0855535	0.767741	0.232259	1.53548	0.464518	0.05410867
34850	19.19355	16.92566	2.267894	-0.20673	0.721246	0.278754	1.44249	0.557509	0.06902001
34860	18.79808	16.36676	2.43132	0.102634	0.773814	0.226186	1.54763	0.452372	0.05861379
34870	17.90063	15.49792	2.40271	-0.349924	0.513602	0.486398	1.0272	0.972796	0.06031493
34880	18.88183	16.22911	2.652716	-0.336249	0.645509	0.354491	1.29102	0.708982	0.04697306
34890	17.82732	15.57771	2.249607	-0.406665	0.539494	0.460506	1.07899	0.921012	0.07029379
34900	16.82987	14.16312	2.666756	0.11566	0.473477	0.526523	0.946955	1.05305	0.04631818
34910	19.21175	16.58984	2.621917	-0.0910071	0.751666	0.248334	1.50333	0.496667	0.0484423
34920	19.00407	16.57246	2.431606	0.0553009	0.768093	0.231907	1.53619	0.463814	0.05859707
34930	19.13933	16.69089	2.448444	-0.109086	0.791593	0.208407	1.58319	0.416814	0.05761865
34940	17.74175	15.38632	2.355436	0.240168	0.583936	0.416064	1.16787	0.832127	0.06323476
34950	18.41441	15.53913	2.875282	-0.107869	0.62631	0.37369	1.25262	0.74738	0.03760017
34960	19.27202	16.85483	2.417194	-0.311075	0.751739	0.248261	1.50348	0.496521	0.05944766
34970	18.29869	15.82406	2.474629	-0.376344	0.55938	0.44062	1.11876	0.881239	0.05612949
34980	19.10396	16.56992	2.534044	0.0539208	0.731665	0.268335	1.46333	0.53667	0.05289171
34990	18.14368	15.75659	2.387097	-0.536495	0.714777	0.285223	1.42955	0.570446	0.06126403
35000	17.15119	14.82132	2.329875	-0.607357	0.626258	0.373742	1.25252	0.747484	0.06487192
35010	18.56978	16.20105	2.368736	-0.207901	0.563295	0.436705	1.12659	0.87341	0.0623993
35020	16.861	14.26232	2.598682	-0.348455	0.461466	0.538534	0.922931	1.07707	0.04958103
35030	18.49585	15.85657	2.639284	-0.153444	0.802896	0.197104	1.60579	0.394208	0.04760825
35040	17.86956	15.41274	2.456825	0.137962	0.824092	0.175908	1.64818	0.351816	0.05713776
35050	16.66514	14.34209	2.323047	0.334758	0.527231	0.472769	1.05446	0.945539	0.06531642
35060	18.725	16.28244	2.442562	-0.123315	0.570018	0.429982	1.14004	0.859965	0.05795854
35070	19.12778	16.46787	2.659908	-0.295764	0.695394	0.304606	1.39079	0.609212	0.04663644
35080	18.27282	16.28912	1.983703	-0.159296	0.782548	0.217452	1.5651	0.434903	0.09170594
35090	18.47174	16.40434	2.067398	-0.416609	0.751672	0.248328	1.50334	0.496656	0.08434304
35100	18.9469	16.77035	2.176544	-0.163633	0.739231	0.260769	1.47846	0.521538	0.07562192
35110	16.87702	14.48541	2.391617	0.169029	0.462481	0.537519	0.924961	1.07504	0.06098775
35120	18.68493	16.29709	2.387847	0.161373	0.694453	0.305547	1.38891	0.611094	0.06121812
35130	17.03444	14.38267	2.651771	0.18356	0.810271	0.189729	1.62054	0.379458	0.04701748
35140	17.91932	15.85895	2.060362	-0.551722	0.764698	0.235302	1.5294	0.470604	0.08493853
35150	18.37815	16.14418	2.233971	-0.479481	0.786028	0.213972	1.57206	0.427943	0.07140152
35160	16.91043	15.09198	1.81845	0.0124156	0.724458	0.275542	1.44892	0.551085	0.1081848
35170	18.85967	16.44994	2.409733	0.00774252	0.620237	0.379763	1.24047	0.759526	0.05989283
35180	16.36786	13.52196	2.845902	0.123787	0.50043	0.49957	1.00086	0.999139	0.03872122
35190	17.63338	14.6857	2.947681	-0.302226	0.64401	0.35599	1.28802	0.711979	0.03497414
35200	18.15517	15.34622	2.808953	0.0793095	0.618498	0.381502	1.237	0.763005	0.04017873
35210	19.37843	16.8714	2.50703	-0.252414	0.674793	0.325207	1.34959	0.650414	0.05433996
35220	18.81403	16.4031	2.410934	0.0510551	0.794447	0.205553	1.58889	0.411106	0.05982095
35230	18.92089	16.65379	2.267102	-0.410152	0.742625	0.257375	1.48525	0.514751	0.06907467
35240	12.13197	10.53809	1.593881	-0.669228	0.331013	0.668987	0.662026	1.33797	0.1354238
35250	17.73693	15.61054	2.126393	-0.290297	0.551458	0.448542	1.10292	0.897083	0.07951111
35260	18.651	16.30778	2.343219	-0.0563653	0.827731	0.172269	1.65546	0.344538	0.06401207
35270	18.73924	16.57375	2.165482	-0.13342	0.819581	0.180419	1.63916	0.360838	0.07646307
35280	16.30725	14.7283	1.57895	-0.133648	0.87299	0.12701	1.74598	0.25402	0.137461
35290	17.47395	15.44808	2.025869	-0.269205	0.576833	0.423167	1.15367	0.846334	0.08791945
35300	15.1287	13.22659	1.902109	-0.141141	0.924569	0.0754311	1.84914	0.150862	0.09950236
35310	14.42005	12.83351	1.586531	0.02655	0.59959	0.40041	1.19918	0.800821	0.1364228
35320	19.40448	16.79452	2.609959	-0.107535	0.706651	0.293349	1.4133	0.586697	0.04902504
35330	19.14936	16.8269	2.322458	-0.0531541	0.697535	0.302465	1.39507	0.604929	0.0653549
35340	17.90626	15.40237	2.503889	-0.0654304	0.492264	0.507736	0.984528	1.01547	0.05451094
35350	17.56707	15.73411	1.832958	-0.359132	0.844853	0.155147	1.68971	0.310294	0.1066265
35360	18.11795	15.79772	2.320222	-0.0665593	0.531036	0.468964	1.06207	0.937929	0.06550117
35370	19.00536	16.52697	2.478398	-0.0846051	0.606269	0.393731	1.21254	0.787462	0.05591831
35380	17.38904	14.45432	2.934726	-0.326255	0.611328	0.388672	1.22266	0.777344	0.03543018
35390	16.01968	13.08495	2.934726	0.178929	0.763051	0.236949	1.5261	0.473897	0.03543018
35400	17.85709	15.34055	2.516539	0.193753	0.565262	0.434738	1.13052	0.869477	0.05382573
35410	16.36492	14.71404	1.650881	0.0145361	0.810901	0.189099	1.6218	0.378199	0.1279205
35420	18.37801	16.2161	2.161901	-0.115436	0.633203	0.366797	1.26641	0.733593	0.07673742
35430	19.38561	16.77652	2.609096	-0.121823	0.725771	0.274229	1.45154	0.548458	0.04906739
35440	18.73599	16.17455	2.561437	-0.366076	0.767428	0.232572	1.53486	0.465145	0.05146247
35450	18.38409	15.90361	2.480479	-0.184156	0.52973	0.47027	1.05946	0.94054	0.05580206
35460	18.12758	15.87777	2.249809	0.15595	0.822123	0.177877	1.64425	0.355754	0.07027959
35470	17.54849	14.92208	2.626413	-0.481342	0.588561	0.411439	1.17712	0.822879	0.048225
35480	19.11986	16.5427	2.577157	-0.0962916	0.617677	0.382323	1.23535	0.764647	0.05065981
35490	18.53464	16.34362	2.191021	-0.47794	0.753535	0.246465	1.50707	0.49293	0.07453504
35500	15.99182	13.95425	2.03757	-0.628853	0.842478	0.157522	1.68496	0.315044	0.08689673
35510	17.34124	15.56334	1.777903	-0.219581	0.857048	0.142952	1.7141	0.285904	0.1126614
35520	16.72782	14.98113	1.746694	-0.260262	0.893493	0.106507	1.78699	0.213013	0.1162329
35530	17.55083	15.44281	2.108026	-0.604211	0.68606	0.31394	1.37212	0.627881	0.08098499
35540	15.58485	13.5863	1.998549	-0.603738	0.470678	0.529322	0.941356	1.05864	0.09035453
35550	18.80141	15.97697	2.824441	-0.179205	0.674576	0.325424	1.34915	0.650848	0.03956121
35560	17.99093	15.9234	2.067531	0.106948	0.834123	0.165877	1.66825	0.331754	0.08433178
35570	18.61239	16.00746	2.60493	0.128701	0.640619	0.359381	1.28124	0.718761	0.04927221
35580	17.583	15.50916	2.073836	0.0792361	0.612295	0.387705	1.22459	0.775409	0.08380177
35590	19.04166	16.58709	2.454565	-0.31105	0.781623	0.218377	1.56325	0.436753	0.05726703
35600	19.29869	16.8756	2.423089	-0.204148	0.659717	0.340283	1.31943	0.680565	0.05909822
35610	16.83731	15.07874	1.758572	-0.607254	0.774426	0.225574	1.54885	0.451149	0.1148605
35620	18.85389	16.53073	2.323155	-0.00343605	0.646994	0.353006	1.29399	0.706012	0.06530936
35630	16.12896	13.68987	2.439084	0.139783	0.40815	0.59185	0.8163	1.1837	0.05816046
35640	16.73303	14.8801	1.852932	-0.252971	0.898352	0.101648	1.7967	0.203296	0.1045179
35650	17.21593	15.44726	1.768673	-0.277964	0.778778	0.221222	1.55756	0.442444	0.1137061
35660	16.91661	14.92889	1.987726	-0.185731	0.530487	0.469513	1.06097	0.939026	0.09133771
35670	15.51472	13.81285	1.701874	0.121612	0.64899	0.35101	1.29798	0.70202	0.1215609
35680	17.86619	15.90784	1.958343	-0.0238943	0.850076	0.149924	1.70015	0.299848	0.09406137
35690	16.96562	15.00728	1.958343	-0.107357	0.571907	0.428093	1.14381	0.856186	0.09406137
35700	18.90666	16.55694	2.349724	0.0979975	0.746024	0.253976	1.49205	0.507953	0.06359702
35710	18.82299	16.61454	2.208455	-0.171642	0.81887	0.18113	1.63774	0.362261	0.07324685
35720	19.02877	16.59427	2.434501	-0.275688	0.618521	0.381479	1.23704	0.762958	0.05842767
35730	18.83138	16.69764	2.133737	-0.158298	0.758807	0.241193	1.51761	0.482385	0.07892934
35740	18.79072	16.44416	2.346552	-0.44094	0.75283	0.24717	1.50566	0.494341	0.06379906
35750	16.97381	13.90849	3.065314	-0.179005	0.712922	0.287078	1.42584	0.574157	0.03109279
35760	18.79839	16.41007	2.388317	0.0877358	0.652514	0.347486	1.30503	0.694972	0.06118935
35770	18.63031	16.43052	2.199791	-0.228451	0.832263	0.167737	1.66453	0.335473	0.07388424
35780	16.7573	14.91273	1.844573	0.212623	0.72259	0.27741	1.44518	0.554821	0.1053952
35790	18.70071	16.55033	2.150382	-0.414492	0.747435	0.252565	1.49487	0.505131	0.07762647
35800	17.86827	15.07587	2.792404	0.168419	0.693602	0.306398	1.3872	0.612797	0.04084914
35810	19.23041	16.69427	2.53614	-0.218361	0.769506	0.230494	1.53901	0.460988	0.05278095
35820	16.85308	14.95079	1.902297	-0.507436	0.591596	0.408404	1.18319	0.816808	0.09948367
35830	19.23542	16.91942	2.316	-0.23285	0.695086	0.304914	1.39017	0.609827	0.06577831
35840	18.97262	16.50041	2.472215	0.0160243	0.629616	0.370384	1.25923	0.740768	0.05626512
35850	19.0177	16.74918	2.268526	-0.167154	0.6734	0.3266	1.3468	0.653199	0.06897636
35860	17.19611	15.01386	2.182253	-0.317223	0.877394	0.122606	1.75479	0.245213	0.07519139
35870	18.36151	15.98799	2.373513	0.0795523	0.581553	0.418447	1.16311	0.836894	0.06210196
35880	18.53715	16.29137	2.245784	-0.305822	0.83087	0.16913	1.66174	0.33826	0.07056302
35890	17.59922	15.64186	1.957361	-0.574552	0.755504	0.244496	1.51101	0.488992	0.09415379
35900	17.06633	15.34329	1.723038	-0.195324	0.819402	0.180598	1.6388	0.361197	0.1190153
35910	19.48489	17.01557	2.469316	-0.190866	0.726207	0.273793	1.45241	0.547586	0.05642847
35920	19.19041	16.6754	2.515007	0.0268042	0.684199	0.315801	1.3684	0.631601	0.05390825
35930	18.85629	16.61181	2.244477	-0.0080129	0.695196	0.304804	1.39039	0.609608	0.0706553
35940	19.13952	16.77372	2.365809	0.0159327	0.709065	0.290935	1.41813	0.581871	0.06258219
35950	18.35348	15.98941	2.364072	-0.16907	0.626547	0.373453	1.25309	0.746907	0.06269099
35960	16.83673	14.65933	2.177393	-0.354475	0.88134	0.11866	1.76268	0.237319	0.07555777
35970	17.35757	15.12808	2.229486	0.374665	0.709545	0.290455	1.41909	0.580911	0.07172248
35980	16.83798	14.8746	1.963378	-0.345979	0.530633	0.469367	1.06127	0.938735	0.0935889
35990	19.34181	16.68383	2.657977	-0.124749	0.697516	0.302484	1.39503	0.604968	0.0467266
36000	19.41543	16.98674	2.428688	-0.15059	0.754382	0.245618	1.50876	0.491236	0.05876825
36010	18.11583	15.79746	2.318365	0.0179559	0.546589	0.453411	1.09318	0.906823	0.06562291
36020	18.39844	16.14473	2.25371	0.146277	0.666667	0.333333	1.33333	0.666667	0.07000596
36030	19.43495	16.85462	2.580333	-0.17205	0.72551	0.27449	1.45102	0.548979	0.0504992
36040	17.81313	15.60515	2.207978	-0.281878	0.863624	0.136376	1.72725	0.272753	0.07328181
36050	19.33313	16.96114	2.371991	-0.240294	0.76216	0.23784	1.52432	0.47568	0.0621965
36060	18.88294	16.61042	2.27252	0.0506865	0.773068	0.226932	1.54614	0.453865	0.06870146
36070	17.49097	15.64431	1.846656	-0.0730149	0.780581	0.219419	1.56116	0.438837	0.1051759
36080	16.57796	14.73131	1.846656	-0.189977	0.606348	0.393652	1.2127	0.787304	0.1051759
36090	18.23713	16.11354	2.123584	-0.346336	0.628411	0.371589	1.25682	0.743179	0.07973482
36100	18.38939	16.03276	2.356626	-0.0474708	0.55605	0.44395	1.1121	0.8879	0.06315954
36110	17.10438	15.14532	1.959058	-0.244749	0.575626	0.424374	1.15125	0.848748	0.0939941
36120	17.20336	14.78169	2.421669	0.246954	0.524101	0.475899	1.0482	0.951798	0.05918222
36130	18.01278	16.09887	1.913907	-0.327798	0.816102	0.183898	1.6322	0.367796	0.09833531
36140	18.81374	16.56163	2.252111	0.074608	0.750819	0.249181	1.50164	0.498363	0.07011801
36150	18.80365	16.50946	2.294187	0.10608	0.732264	0.267736	1.46453	0.535473	0.06722888
36160	17.39014	15.30419	2.085951	-0.241078	0.527702	0.472298	1.0554	0.944596	0.08279262
36170	16.50116	14.6442	1.856957	-0.570077	0.859525	0.140475	1.71905	0.280951	0.104098
36180	18.7194	16.30754	2.411865	-0.0786135	0.579505	0.420495	1.15901	0.840991	0.0597653
36190	19.22829	16.90811	2.320174	-0.0676514	0.757433	0.242567	1.51487	0.485134	0.06550434
36200	18.38487	16.28615	2.098721	-0.239965	0.668747	0.331253	1.33749	0.662505	0.0817421
36210	17.56432	15.74685	1.817476	-0.393236	0.822071	0.177929	1.64414	0.355859	0.1082902
36220	15.73001	13.97446	1.755545	-0.272461	0.554145	0.445855	1.10829	0.891709	0.1152087
36230	18.92465	16.67266	2.25199	-0.348207	0.68058	0.31942	1.36116	0.63884	0.07012644
36240	16.85211	14.92159	1.930517	0.0507626	0.609471	0.390529	1.21894	0.781058	0.09671548
36250	16.12228	14.00617	2.116109	0.45313	0.593573	0.406427	1.18715	0.812855	0.08033302
36260	18.64495	16.35116	2.293794	-0.199591	0.595493	0.404507	1.19099	0.809014	0.06725529
36270	18.52692	16.13099	2.395925	-0.163634	0.552669	0.447331	1.10534	0.894662	0.06072557
36280	19.38095	16.84906	2.531894	-0.0963788	0.669977	0.330023	1.33995	0.660045	0.05300553
36290	19.13958	16.79553	2.344055	-0.0237548	0.694101	0.305899	1.3882	0.611797	0.06395857
36300	18.51251	15.79025	2.722266	-0.304332	0.59886	0.40114	1.19772	0.80228	0.04381709
36310	17.29841	14.64493	2.653485	0.0796881	0.490224	0.509776	0.980449	1.01955	0.04693695
36320	15.17276	12.65741	2.515352	0.256132	0.771358	0.228642	1.54272	0.457283	0.05388961
36330	18.27709	15.95398	2.323119	0.237685	0.698242	0.301758	1.39648	0.603517	0.06531169
36340	17.88867	15.68016	2.208505	-0.0981214	0.538676	0.461324	1.07735	0.922647	0.07324316
36350	17.75502	15.62911	2.125909	-0.248675	0.553249	0.446751	1.1065	0.893501	0.07954964
36360	18.46515	16.17782	2.287335	0.192704	0.717484	0.282516	1.43497	0.565032	0.06769117
36370	19.19243	16.58621	2.60622	0.0100393	0.711703	0.288297	1.42341	0.576595	0.04920871
36380	15.32125	12.71503	2.60622	-0.433239	0.851108	0.148892	1.70222	0.297785	0.04920871
36390	19.31625	16.86786	2.448391	-0.174819	0.773821	0.226179	1.54764	0.452359	0.05762172
36400	17.6806	14.92719	2.75341	0.207712	0.637112	0.362888	1.27422	0.725776	0.04247349
36410	18.87055	16.10002	2.770524	-0.157987	0.629404	0.370596	1.25881	0.741193	0.04175278
36420	15.83211	13.97344	1.858669	0.106572	0.525902	0.474098	1.0518	0.948196	0.10392
36430	18.55465	16.03069	2.523967	-0.460806	0.709389	0.290611	1.41878	0.581221	0.05342739
36440	18.08001	16.0623	2.017703	-0.389118	0.683714	0.316286	1.36743	0.632572	0.08864039
36450	18.73745	16.37299	2.364462	-0.0606003	0.597074	0.402926	1.19415	0.805852	0.06266654
36460	17.62391	15.47475	2.149161	-0.603914	0.724923	0.275077	1.44985	0.550155	0.07772131
36470	18.50598	16.42384	2.08214	-0.378967	0.802063	0.197937	1.60413	0.395873	0.08310877
36480	18.80208	16.6249	2.177181	-0.383142	0.720603	0.279397	1.44121	0.558793	0.07557375
36490	16.82044	14.84229	1.978148	-0.655717	0.774539	0.225461	1.54908	0.450922	0.09221681
36500	18.95117	16.70876	2.242409	-0.321443	0.791915	0.208085	1.58383	0.41617	0.07080157
36510	19.17227	16.82116	2.351108	-0.279125	0.781449	0.218551	1.5629	0.437103	0.06350904
36520	19.23461	16.92176	2.312852	-0.0740204	0.745061	0.254939	1.49012	0.509878	0.06598571
36530	18.54932	16.45118	2.098143	-0.349759	0.810414	0.189586	1.62083	0.379172	0.08178939
36540	16.05696	14.26306	1.793895	-0.404556	0.551811	0.448189	1.10362	0.896377	0.1108741
36550	19.13473	16.60674	2.527982	0.0508558	0.724035	0.275965	1.44807	0.55193	0.05321329
36560	18.56363	16.2276	2.33603	-0.488473	0.689309	0.310691	1.37862	0.621383	0.06447385
36570	18.90758	16.66058	2.246996	-0.376738	0.693031	0.306969	1.38606	0.613939	0.07047755
36580	14.7351	12.59197	2.143133	0.107405	0.322434	0.677566	0.644868	1.35513	0.07819122
36590	19.183	16.68913	2.493876	-0.268054	0.635931	0.364069	1.27186	0.728139	0.05505947
36600	18.11236	16.17307	1.939292	-0.358057	0.788864	0.211136	1.57773	0.422272	0.09587051
36610	19.31964	16.67072	2.648918	-0.221426	0.699829	0.300171	1.39966	0.600341	0.04715182
36620	18.83852	16.36021	2.47831	-0.38984	0.634554	0.365446	1.26911	0.730893	0.05592326
36630	17.99127	15.71149	2.279784	0.218613	0.62538	0.37462	1.25076	0.749241	0.06820423
36640	18.30731	15.96051	2.3468	-0.225693	0.538945	0.461055	1.07789	0.922109	0.06378324
36650	17.86678	15.85185	2.014934	-0.0845431	0.671173	0.328827	1.34235	0.657655	0.08888612
36660	17.40898	15.49054	1.918441	0.115775	0.855204	0.144796	1.71041	0.289591	0.09789043
36670	16.78435	14.35269	2.431655	-0.567407	0.553182	0.446818	1.10636	0.893636	0.05859416
36680	18.90496	16.4666	2.438357	-0.0177318	0.612833	0.387167	1.22567	0.774334	0.05820281
36690	18.9062	16.41962	2.48658	-0.144109	0.80619	0.19381	1.61238	0.387621	0.05546268
36700	16.91674	14.68648	2.230266	0.367466	0.593526	0.406474	1.18705	0.812949	0.07166652
36710	15.85571	13.8517	2.004007	-0.403389	0.413826	0.586174	0.827651	1.17235	0.08986276
36720	19.13496	16.70003	2.434929	0.0257059	0.679186	0.320814	1.35837	0.641629	0.05840262
36730	16.6263	14.70778	1.918525	0.304139	0.665091	0.334909	1.33018	0.669818	0.09788223
36740	17.83756	15.49673	2.34083	-0.506691	0.79955	0.20045	1.5991	0.4009	0.06416513
36750	18.78921	16.46342	2.325788	0.0457645	0.800263	0.199737	1.60053	0.399473	0.06513762
36760	18.81424	16.50794	2.306291	-0.0616708	0.631504	0.368496	1.26301	0.736991	0.06642005
36770	17.42536	15.21305	2.212305	-0.0198873	0.49382	0.50618	0.987639	1.01236	0.07296536
36780	16.27006	14.52942	1.740631	-0.681506	0.737394	0.262606	1.47479	0.525212	0.1169397
36790	18.89464	16.69493	2.199714	-0.108007	0.709146	0.290854	1.41829	0.581708	0.07388993
36800	18.81294	16.23611	2.576825	-0.155256	0.798371	0.201629	1.59674	0.403257	0.05067665
36810	18.51891	15.95057	2.568339	-0.0815309	0.546678	0.453322	1.09336	0.906643	0.05110854
36820	18.3617	16.29842	2.063281	-0.451233	0.776967	0.223033	1.55393	0.446065	0.08469095
36830	18.12278	15.98497	2.137809	-0.237155	0.597998	0.402002	1.196	0.804004	0.07860859
36840	17.90793	15.77012	2.137809	0.102725	0.627312	0.372688	1.25462	0.745377	0.07860859
36850	18.57942	16.10015	2.479271	-0.0445802	0.558865	0.441135	1.11773	0.88227	0.05586951
36860	16.43927	14.53675	1.902521	0.19082	0.603816	0.396184	1.20763	0.792368	0.09946134
36870	18.80345	16.04959	2.753863	-0.000688297	0.64643	0.35357	1.29286	0.707141	0.04245426
36880	16.93067	13.97455	2.956127	-0.276258	0.556768	0.443232	1.11354	0.886465	0.03467999
36890	17.81492	15.02464	2.790279	0.155871	0.726977	0.273023	1.45395	0.546045	0.04093604
36900	18.10789	15.57785	2.530045	-0.168655	0.505561	0.494439	1.01112	0.988879	0.05310365
36910	16.52966	14.52575	2.003918	-0.12066	0.473576	0.526424	0.947153	1.05285	0.08987075
36920	19.11262	16.75733	2.35529	0.000240796	0.692582	0.307418	1.38516	0.614837	0.06324398
36930	18.39079	16.17205	2.218736	0.125554	0.808099	0.191901	1.6162	0.383802	0.07249765
36940	17.88178	15.41027	2.471508	-0.118778	0.486649	0.513351	0.973299	1.0267	0.05630492
36950	19.13459	16.66308	2.471508	-0.186764	0.790835	0.209165	1.58167	0.418331	0.05630492
36960	17.93119	15.1333	2.797894	-0.19466	0.542472	0.457528	1.08494	0.915056	0.04062549
36970	17.43713	15.39982	2.037306	0.265554	0.700619	0.299381	1.40124	0.598763	0.08691964
36980	17.25171	15.40995	1.841767	-0.28202	0.878704	0.121296	1.75741	0.242592	0.1056914
36990	18.03336	15.80957	2.223796	0.058604	0.582186	0.417814	1.16437	0.835628	0.07213177
37000	18.00613	16.08341	1.922726	-0.193489	0.83439	0.16561	1.66878	0.33122	0.09747188
37010	16.74488	14.63023	2.114643	-0.444556	0.874745	0.125255	1.74949	0.250511	0.08045093
37020	19.316	16.84385	2.472145	-0.14342	0.771865	0.228135	1.54373	0.45627	0.05626907
37030	18.60495	16.44755	2.157408	-0.111707	0.678496	0.321504	1.35699	0.643008	0.07708296
37040	18.6321	15.8601	2.771997	0.0492974	0.697229	0.302771	1.39446	0.605541	0.04169131
37050	15.19421	12.98463	2.209588	-0.689441	0.79691	0.20309	1.59382	0.406181	0.07316387
37060	18.80946	16.38058	2.428878	-0.170857	0.5805	0.4195	1.161	0.839	0.05875711
37070	15.65294	13.93885	1.71409	-0.619241	0.582143	0.417857	1.16429	0.835713	0.120085
37080	18.5504	16.2946	2.255804	-0.424423	0.799424	0.200576	1.59885	0.401153	0.0698595
37090	16.18345	13.73584	2.447611	0.312869	0.480533	0.519467	0.961066	1.03893	0.05766667
37100	18.86301	16.69637	2.166648	-0.328573	0.726597	0.273403	1.45319	0.546805	0.07637402
37110	18.20962	15.90663	2.302997	0.0111683	0.561278	0.438722	1.12256	0.877445	0.06663919
37120	18.57305	15.93713	2.635923	0.0953729	0.615058	0.384942	1.23012	0.769884	0.04776855
37130	18.82625	16.1078	2.718455	-0.234885	0.753448	0.246552	1.5069	0.493105	0.04398438
37140	19.29672	16.75349	2.543229	-0.208075	0.644334	0.355666	1.28867	0.711331	0.05240811
37150	16.87082	14.98477	1.886052	-0.000400365	0.645932	0.354068	1.29186	0.708137	0.101113
37160	18.13434	16.17408	1.960266	-0.242618	0.755428	0.244572	1.51086	0.489143	0.09388066
37170	19.34234	16.85699	2.485352	-0.0440847	0.730568	0.269432	1.46114	0.538864	0.05553081
37180	13.01635	10.57831	2.438045	-0.301761	0.28988	0.71012	0.57976	1.42024	0.05822096
37190	16.07331	13.70446	2.368854	-0.24556	0.671353	0.328647	1.34271	0.657294	0.06239192
37200	19.40265	16.8406	2.562052	-0.0726637	0.693758	0.306242	1.38752	0.612483	0.05143083
37210	17.88716	15.3185	2.568658	0.0997997	0.529215	0.470785	1.05843	0.941571	0.0510922
37220	18.36507	16.15589	2.209178	0.174706	0.717433	0.282567	1.43487	0.565135	0.07319393
37230	18.1	16.0318	2.068201	-0.10358	0.660738	0.339262	1.32148	0.678524	0.08427537
37240	15.46099	13.92984	1.53115	0.142946	0.816428	0.183572	1.63286	0.367145	0.1441912
37250	13.58107	11.92819	1.652877	-0.566735	0.367055	0.632945	0.734109	1.26589	0.1276655
37260	17.05156	15.21324	1.838314	-0.404912	0.875567	0.124433	1.75113	0.248867	0.106057
37270	16.93523	14.84559	2.089643	-0.64945	0.762702	0.237298	1.5254	0.474596	0.0824875
37280	17.18106	15.27264	1.908417	0.151955	0.714631	0.285369	1.42926	0.570737	0.09887665
37290	18.53047	16.36022	2.170256	-0.273647	0.834114	0.165886	1.66823	0.331771	0.07609892
37300	18.62978	16.47225	2.157532	-0.147114	0.677137	0.322863	1.35427	0.645727	0.07707336
37310	18.16773	15.89316	2.274576	-0.325194	0.551372	0.448628	1.10274	0.897256	0.06856035
37320	16.65821	15.03244	1.625773	-0.309854	0.849989	0.150011	1.69998	0.300022	0.131173
37330	18.01676	16.04521	1.971545	0.0210629	0.814025	0.185975	1.62805	0.371951	0.09282773
37340	18.34751	16.17901	2.168503	-0.0582171	0.634037	0.365963	1.26807	0.731927	0.07623246
37350	16.76414	14.4211	2.343034	0.42913	0.725739	0.274261	1.45148	0.548522	0.06402386
37360	18.68973	16.60502	2.084711	-0.203906	0.769122	0.230878	1.53824	0.461756	0.08289538
37370	18.31161	16.24432	2.067289	-0.22139	0.683294	0.316706	1.36659	0.633412	0.08435223
37380	18.71767	16.44011	2.277561	-0.0652207	0.628685	0.371315	1.25737	0.74263	0.06835599
37390	17.66456	15.7112	1.953362	-0.519442	0.814545	0.185455	1.62909	0.370909	0.09453105
37400	18.91805	16.53369	2.384363	0.106898	0.714018	0.285982	1.42804	0.571964	0.0614318
37410	19.27119	16.69788	2.573309	-0.267443	0.658646	0.341354	1.31729	0.682707	0.05085516
37420	19.03595	16.26863	2.767327	-0.178956	0.690065	0.309935	1.38013	0.61987	0.0418865
37430	18.49074	16.3432	2.147542	-0.273268	0.650189	0.349811	1.30038	0.699623	0.07784719
37440	18.3467	16.18136	2.165339	0.159143	0.745715	0.254285	1.49143	0.50857	0.076474
37450	17.83517	15.49384	2.34133	-0.31616	0.504233	0.495767	1.00847	0.991534	0.0641331
37460	18.46884	15.76185	2.706983	-0.184646	0.560559	0.439441	1.12112	0.878882	0.04449192
37470	18.35235	16.1802	2.17215	-0.407999	0.633199	0.366801	1.2664	0.733603	0.07595491
37480	18.07959	15.75156	2.328034	-0.484616	0.595358	0.404642	1.19072	0.809284	0.06499146
37490	18.26622	15.93773	2.328482	-0.484796	0.620791	0.379209	1.24158	0.758419	0.06496238
37500	19.02322	16.63121	2.392018	-0.0795931	0.628997	0.371003	1.25799	0.742006	0.06096334
37510	16.97216	15.03407	1.938093	0.334074	0.802542	0.197458	1.60508	0.394916	0.09598553
37520	18.92439	16.75867	2.165715	-0.144084	0.754631	0.245369	1.50926	0.490737	0.07644524
37530	16.30362	13.32445	2.979176	-0.203025	0.511559	0.488441	1.02312	0.976881	0.03388982
37540	18.74207	16.37368	2.368382	-0.0744341	0.59408	0.40592	1.18816	0.811841	0.06242138
37550	17.80004	14.89627	2.903773	0.00414237	0.742193	0.257807	1.48439	0.515615	0.03654402
37560	15.43179	12.52802	2.903773	-0.130035	0.439405	0.560595	0.87881	1.12119	0.03654402
37570	17.36418	14.91556	2.448618	0.321784	0.603758	0.396242	1.20752	0.792484	0.0576086
37580	19.05118	16.50383	2.547348	-0.374123	0.697004	0.302996	1.39401	0.605991	0.05219269
37590	18.77347	16.2992	2.474266	0.151578	0.714296	0.285704	1.42859	0.571409	0.05614984
37600	19.16938	16.67947	2.489904	-0.352376	0.733248	0.266752	1.4665	0.533504	0.05527863
37610	18.36414	15.90169	2.462457	0.0772534	0.567741	0.432259	1.13548	0.864519	0.05681686
37620	18.02446	16.02413	2.00033	-0.505748	0.747643	0.252357	1.49529	0.504715	0.09019376
37630	16.44192	14.176	2.265928	-0.00257891	0.400938	0.599062	0.801877	1.19812	0.06915584
37640	18.39816	16.18178	2.21638	-0.297679	0.597652	0.402348	1.1953	0.804696	0.07266862
37650	18.87899	16.28335	2.595635	-0.251209	0.782643	0.217357	1.56529	0.434714	0.04973232
37660	16.66656	14.13052	2.536045	0.202183	0.837607	0.162393	1.67521	0.324786	0.05278595
37670	17.53682	15.17865	2.35817	0.315425	0.619263	0.380737	1.23853	0.761473	0.06306209
37680	18.66228	16.30068	2.361597	-0.166138	0.576381	0.423619	1.15276	0.847237	0.06284637
37690	17.64043	15.20979	2.43064	0.114067	0.50708	0.49292	1.01416	0.985841	0.0586537
37700	19.29243	16.86522	2.427215	-0.123434	0.661586	0.338414	1.32317	0.676827	0.05885491
37710	15.37489	13.93508	1.439804	-0.291574	0.828055	0.171945	1.65611	0.343889	0.1579827
37720	17.88864	15.92242	1.966213	0.0813124	0.805882	0.194118	1.61176	0.388236	0.09332394
37730	18.06978	16.10356	1.966213	-0.41924	0.739488	0.260512	1.47898	0.521024	0.09332394
37740	18.17822	16.14736	2.030866	0.00985665	0.744449	0.255551	1.4889	0.511102	0.08748125
37750	18.35934	15.52739	2.831942	-0.253329	0.737514	0.262486	1.47503	0.524972	0.03926556
37760	18.14661	15.31467	2.831942	-0.243921	0.757461	0.242539	1.51492	0.485079	0.03926556
37770	18.49426	15.97728	2.516978	-0.0784463	0.543443	0.456557	1.08689	0.913114	0.05380211
37780	19.28948	16.6978	2.591676	-0.270374	0.671417	0.328583	1.34283	0.657167	0.04992963
37790	17.09579	14.31366	2.782125	0.229253	0.594348	0.405652	1.1887	0.811305	0.04127121
37800	19.21439	16.5565	2.657884	-0.0496176	0.722462	0.277538	1.44492	0.555076	0.04673091
37810	17.58163	14.9418	2.639832	-0.443156	0.781358	0.218642	1.56272	0.437284	0.04758219
37820	18.30763	16.14333	2.164305	-0.190174	0.851051	0.148949	1.7021	0.297898	0.07655315
37830	17.90673	16.01869	1.888042	-0.21159	0.822469	0.177531	1.64494	0.355061	0.1009119
37840	17.58368	15.76848	1.815194	-0.361113	0.813964	0.186036	1.62793	0.372073	0.1085376
37850	18.53675	16.44492	2.091822	-0.0535371	0.812275	0.187725	1.62455	0.37545	0.082308
37860	18.58114	16.11677	2.464372	-0.248849	0.555247	0.444753	1.11049	0.889507	0.05670817
37870	18.28201	16.28073	2.001287	-0.11003	0.821826	0.178174	1.64365	0.356348	0.09010748
37880	18.09229	16.12911	1.96318	-0.0781476	0.828443	0.171557	1.65689	0.343113	0.09360744
37890	17.43843	15.11461	2.323817	-0.0510809	0.870149	0.129851	1.7403	0.259701	0.06526612
37900	18.533	15.75694	2.776063	-0.0124787	0.749722	0.250278	1.49944	0.500556	0.04152217
37910	18.67187	16.50342	2.168453	-0.162424	0.828092	0.171908	1.65618	0.343816	0.07623624
37920	19.31996	16.72008	2.599879	-0.0944384	0.741305	0.258695	1.48261	0.51739	0.04952169
37930	18.10804	15.95029	2.157758	0.0657375	0.634669	0.365331	1.26934	0.730663	0.077056
37940	18.54837	16.24688	2.301485	-0.256815	0.581439	0.418561	1.16288	0.837123	0.06674005
37950	17.96135	16.05605	1.9053	-0.16531	0.814932	0.185068	1.62986	0.370135	0.09918538
37960	19.41781	16.87111	2.546708	-0.188763	0.67167	0.32833	1.34334	0.65666	0.05222608
37970	18.15906	16.00836	2.150702	-0.314509	0.597692	0.402308	1.19538	0.804617	0.07760159
37980	18.70873	16.40015	2.30858	0.11797	0.68996	0.31004	1.37992	0.62008	0.06626823
37990	18.68172	15.89204	2.78968	-0.19265	0.742986	0.257014	1.48597	0.514028	0.0409606
38000	17.48247	14.76862	2.713852	0.0311438	0.814112	0.185888	1.62822	0.371775	0.04418735
38010	18.09094	16.0822	2.00874	-0.493071	0.772512	0.227488	1.54502	0.454975	0.08943841
38020	15.05259	13.08054	1.972049	-0.0859594	0.92304	0.0769603	1.84608	0.153921	0.09278093
38030	17.92312	15.79357	2.129547	0.214803	0.69603	0.30397	1.39206	0.607939	0.07926075
38040	18.49185	16.41594	2.075904	-0.327192	0.71166	0.28834	1.42332	0.576679	0.08362861
38050	14.71284	12.07605	2.636789	0.373199	0.813153	0.186847	1.62631	0.373695	0.04772718
38060	19.14579	16.84631	2.299476	-0.187138	0.79205	0.20795	1.5841	0.4159	0.06687423
38070	17.34949	15.33922	2.010265	-0.615225	0.694811	0.305189	1.38962	0.610379	0.08930215
38080	15.7909	13.90348	1.887415	0.0831424	0.488415	0.511585	0.97683	1.02317	0.1009752
38090	16.23718	14.62457	1.612611	0.0741904	0.852172	0.147828	1.70434	0.295656	0.1329109
38100	17.3347	14.72895	2.60575	-0.522994	0.609674	0.390326	1.21935	0.780652	0.0492318
38110	19.31824	16.95251	2.365725	-0.295359	0.721563	0.278437	1.44313	0.556873	0.06258745
38120	17.48768	14.86728	2.620399	0.123266	0.511771	0.488229	1.02354	0.976459	0.04851589
38130	16.16518	14.49368	1.671503	-0.168571	0.732122	0.267878	1.46424	0.535756	0.1253096
38140	16.5094	14.68379	1.825604	-0.250041	0.903469	0.0965314	1.80694	0.193063	0.1074135
38150	18.63418	16.47997	2.15421	0.00317923	0.805091	0.194909	1.61018	0.389818	0.07732983
38160	19.28639	16.70678	2.579608	-0.0128551	0.70735	0.29265	1.4147	0.585299	0.0505358
38170	17.60856	14.81408	2.794484	-0.0198275	0.523441	0.476559	1.04688	0.953118	0.04076429
38180	17.71111	15.33292	2.378186	0.061206	0.850747	0.149253	1.70149	0.298507	0.06181241
38190	18.77066	16.11455	2.656109	-0.0467305	0.588896	0.411104	1.17779	0.822208	0.04681394
38200	19.15175	16.77924	2.372508	-0.363115	0.742764	0.257236	1.48553	0.514473	0.06216437
38210	16.81066	15.13835	1.67231	-0.339895	0.868206	0.131794	1.73641	0.263588	0.1252085
38220	16.73409	14.27826	2.455837	-0.052054	0.412954	0.587046	0.825908	1.17409	0.05719423
38230	18.71065	16.50847	2.20218	0.0660252	0.768242	0.231758	1.53648	0.463517	0.0737079
38240	18.72556	16.54302	2.18254	0.00824441	0.725333	0.274667	1.45067	0.549333	0.07516984
38250	19.14412	16.72006	2.424058	-0.168427	0.629754	0.370246	1.25951	0.740492	0.05904102
38260	18.58757	16.01289	2.574679	-0.275912	0.563659	0.436341	1.12732	0.872683	0.05078553
38270	18.45258	15.61305	2.83953	-0.0530283	0.734419	0.265581	1.46884	0.531161	0.03896874
38280	17.57242	15.2524	2.320018	0.288267	0.601987	0.398013	1.20397	0.796026	0.06551455
38290	17.8985	15.29791	2.600591	-0.462191	0.596415	0.403585	1.19283	0.80717	0.04948649
38300	19.16788	16.72766	2.44022	-0.262031	0.637711	0.362289	1.27542	0.724578	0.05809446
38310	18.02566	15.25248	2.773176	0.00356807	0.781777	0.218223	1.56355	0.436446	0.04164222
38320	18.03713	15.99115	2.045981	0.141471	0.769842	0.230158	1.53968	0.460316	0.08616887
38330	18.95812	16.36519	2.592922	-0.263487	0.605536	0.394464	1.21107	0.788927	0.04986741
38340	19.4439	16.8489	2.595007	-0.150284	0.705165	0.294835	1.41033	0.589669	0.04976355
38350	18.92963	16.65171	2.277915	-0.0274904	0.799884	0.200116	1.59977	0.400232	0.06833181
38360	17.45011	15.58149	1.868613	-0.171308	0.874107	0.125893	1.74821	0.251785	0.1028917
38370	18.59165	16.23961	2.352042	0.181031	0.709058	0.290942	1.41812	0.581885	0.06344977
38380	18.10803	15.57885	2.529178	0.207643	0.770729	0.229271	1.54146	0.458542	0.05314967
38390	18.67437	16.47432	2.200047	0.017912	0.697915	0.302085	1.39583	0.604171	0.07386528
38400	16.81195	14.55091	2.261043	0.043114	0.435447	0.564553	0.870894	1.12911	0.06949445
38410	19.15945	16.82425	2.335198	-0.147227	0.793278	0.206722	1.58656	0.413443	0.06452755
38420	18.69569	16.48691	2.208775	0.0612632	0.787003	0.212997	1.57401	0.425995	0.07322341
38430	17.48627	15.40947	2.0768	0.0807307	0.595135	0.404865	1.19027	0.80973	0.08355376
38440	19.24389	16.79918	2.444709	-0.000147597	0.69351	0.30649	1.38702	0.612981	0.05783424
38450	16.80722	14.1128	2.694423	0.294565	0.584264	0.415736	1.16853	0.831472	0.04505424
38460	16.57235	13.74446	2.827885	-0.449057	0.568189	0.431811	1.13638	0.863622	0.0394252
38470	17.34334	15.49882	1.844511	-0.225843	0.726541	0.273459	1.45308	0.546918	0.1054017
38480	17.26049	15.39691	1.863582	0.164943	0.828857	0.171143	1.65771	0.342285	0.1034107
38490	15.06354	13.53587	1.52767	-0.466493	0.6688	0.3312	1.3376	0.662399	0.1446939
38500	17.94774	15.72876	2.218979	-0.187443	0.863905	0.136095	1.72781	0.27219	0.07248001
38510	18.37241	15.9699	2.402507	-0.097839	0.538287	0.461713	1.07657	0.923426	0.06032719
38520	19.14204	16.84531	2.296735	-0.344896	0.729569	0.270431	1.45914	0.540862	0.0670578
38530	17.37832	15.36509	2.013225	0.109779	0.636714	0.363286	1.27343	0.726572	0.08903821
38540	18.81653	16.58912	2.227405	-0.0226342	0.805507	0.194493	1.61101	0.388986	0.07187187
38550	19.21662	16.57781	2.638806	-0.282133	0.701124	0.298876	1.40225	0.597752	0.04763102
38560	18.61603	15.87539	2.740644	0.045723	0.734638	0.265362	1.46928	0.530723	0.04301918
38570	19.26839	16.96239	2.306006	-0.176972	0.715478	0.284522	1.43096	0.569044	0.06643899
38580	19.47573	16.99109	2.484644	-0.174867	0.735492	0.264508	1.47098	0.529016	0.05557013
38590	17.12516	15.16981	1.955347	-0.0411925	0.611363	0.388637	1.22273	0.777275	0.09434354
38600	18.68684	15.88209	2.804749	-0.0279774	0.643721	0.356279	1.28744	0.712558	0.04034795
38610	19.0397	16.48028	2.559425	-0.320266	0.757876	0.242124	1.51575	0.484248	0.05156615
38620	19.08337	16.537	2.546368	0.0502443	0.738166	0.261834	1.47633	0.523668	0.05224385
38630	18.03535	15.97585	2.059501	-0.29001	0.855992	0.144008	1.71198	0.288016	0.08501172
38640	18.09423	16.10417	1.990051	-0.293136	0.708768	0.291232	1.41754	0.582464	0.09112566
38650	19.22914	16.83056	2.398582	-0.0169713	0.695799	0.304201	1.3916	0.608402	0.06056445
38660	16.09217	13.9485	2.143676	-0.687812	0.620166	0.379834	1.24033	0.759668	0.07814876
38670	17.56051	15.70386	1.856646	0.0001245	0.82758	0.17242	1.65516	0.344839	0.1041305
38680	19.31874	16.85476	2.463981	-0.218389	0.768846	0.231154	1.53769	0.462309	0.05673035
38690	17.9019	15.88201	2.019892	-0.406307	0.652087	0.347913	1.30417	0.695826	0.08844652
38700	15.70687	13.87476	1.832107	0.495454	0.795402	0.204598	1.5908	0.409196	0.1067173
38710	18.10763	15.50901	2.598623	-0.447249	0.605554	0.394446	1.21111	0.788891	0.04958394
38720	19.06145	16.72172	2.339727	-0.0302697	0.67239	0.32761	1.34478	0.65522	0.06423597
38730	16.9222	13.91737	3.004832	-0.331845	0.698795	0.301205	1.39759	0.60241	0.03303138
38740	18.23369	16.10999	2.123704	0.0698066	0.686269	0.313731	1.37254	0.627462	0.07972525
38750	18.24594	15.78208	2.463861	0.174844	0.600925	0.399075	1.20185	0.798151	0.05673715
38760	17.97608	16.02792	1.948162	-0.234318	0.733741	0.266259	1.46748	0.532519	0.09502386
38770	18.5912	15.85018	2.741019	-0.0192222	0.596725	0.403275	1.19345	0.806551	0.04300305
38780	18.21713	15.63651	2.580628	-0.196971	0.572698	0.427302	1.1454	0.854605	0.0504843
38790	18.91664	16.59722	2.319418	-0.396933	0.76934	0.23066	1.53868	0.46132	0.06555384
38800	19.17617	16.84317	2.332992	-0.0261213	0.71632	0.28368	1.43264	0.567361	0.06467006
38810	18.17839	15.9368	2.241593	-0.477672	0.6154	0.3846	1.2308	0.769201	0.07085935
38820	18.34798	16.33885	2.009131	-0.222059	0.753117	0.246883	1.50623	0.493767	0.08940341
38830	17.67297	15.74562	1.927353	-0.324242	0.862264	0.137736	1.72453	0.275473	0.09702196
38840	17.1017	14.7176	2.384104	-0.106923	0.431478	0.568522	0.862956	1.13704	0.06144767
38850	19.29327	16.88897	2.404305	-0.0747773	0.767177	0.232823	1.53435	0.465647	0.06021885
38860	17.65418	14.86865	2.785528	-0.144642	0.803787	0.196213	1.60757	0.392426	0.04113102
38870	18.31239	16.03492	2.277464	0.0895139	0.609889	0.390111	1.21978	0.780222	0.06836259
38880	17.98457	15.89608	2.088488	-0.224739	0.610542	0.389458	1.22108	0.778917	0.08258282
38890	16.86149	14.78027	2.08122	-0.0833604	0.475666	0.524334	0.951332	1.04867	0.08318528
38900	17.91533	15.24336	2.671965	-0.213305	0.511276	0.488724	1.02255	0.977447	0.04607752
38910	16.39169	14.6045	1.787184	-0.507805	0.608953	0.391047	1.21791	0.782095	0.1116206
38920	18.78518	16.26794	2.517237	-0.0971194	0.572932	0.427068	1.14586	0.854136	0.05378813
38930	18.62801	16.25867	2.369339	-0.0616206	0.828029	0.171971	1.65606	0.343943	0.06236167
38940	19.33981	16.90283	2.436982	-0.0345259	0.730306	0.269694	1.46061	0.539388	0.05828285
38950	17.75415	15.06986	2.684286	0.0645465	0.525388	0.474612	1.05078	0.949225	0.04551328
38960	19.38545	16.86831	2.517134	-0.14188	0.755382	0.244618	1.51076	0.489236	0.05379369
38970	19.17902	16.75158	2.427443	-0.363712	0.700663	0.299337	1.40133	0.598673	0.05884147
38980	12.71854	10.96951	1.749032	0.667567	0.531464	0.468536	1.06293	0.937073	0.1159614
38990	18.38224	16.33551	2.04673	-0.106281	0.738904	0.261096	1.47781	0.522191	0.08610435
39000	15.84846	12.97077	2.877689	-0.016198	0.825639	0.174361	1.65128	0.348721	0.03750977
39010	18.70508	16.20106	2.504022	0.121961	0.638967	0.361033	1.27793	0.722067	0.05450366
39020	19.01818	16.31153	2.706648	-0.00593482	0.711336	0.288664	1.42267	0.577329	0.04450681
39030	19.11513	16.64798	2.467146	-0.378536	0.698073	0.301927	1.39615	0.603853	0.05655107
39040	15.63521	13.71521	1.920006	0.45407	0.594819	0.405181	1.18964	0.810363	0.09773738
39050	17.8163	15.09702	2.719273	-0.330786	0.543413	0.456587	1.08683	0.913174	0.04394843
39060	18.12006	15.76328	2.35678	-0.296044	0.525592	0.474408	1.05118	0.948817	0.06314982
39070	17.62415	15.01595	2.608198	0.240432	0.766858	0.233142	1.53372	0.466284	0.04911144
39080	17.98747	15.82729	2.160177	-0.42118	0.58896	0.41104	1.17792	0.822079	0.07686983
39090	19.35638	16.99247	2.363908	-0.26465	0.723761	0.276239	1.44752	0.552478	0.06270128
39100	17.76283	15.55658	2.206245	-0.477149	0.830358	0.169642	1.66072	0.339283	0.07340889
39110	18.21651	16.15059	2.065915	-0.48759	0.716228	0.283772	1.43246	0.567545	0.08446818
39120	19.33375	16.90109	2.432668	-0.0349273	0.735041	0.264959	1.47008	0.529919	0.05853483
39130	17.85799	15.03544	2.822554	0.0567287	0.576143	0.423857	1.15229	0.847714	0.03963593
39140	16.35922	14.67219	1.68703	-0.0113601	0.89858	0.10142	1.79716	0.202839	0.1233789
39150	18.50466	16.29759	2.20707	-0.492423	0.731554	0.268446	1.46311	0.536891	0.07334839
39160	18.39898	15.96035	2.438627	-0.107945	0.535539	0.464461	1.07108	0.928922	0.05818704
39170	17.20921	15.1547	2.054513	-0.522624	0.568966	0.431034	1.13793	0.862068	0.08543684
39180	18.99966	16.46627	2.53339	-0.346997	0.756775	0.243225	1.51355	0.486449	0.05292631
39190	17.71358	15.18019	2.53339	-0.511268	0.607096	0.392904	1.21419	0.785809	0.05292631
39200	17.69741	15.70791	1.989494	0.169979	0.821808	0.178192	1.64362	0.356384	0.0911764
39210	14.04402	12.64847	1.395546	-0.557831	0.64034	0.35966	1.28068	0.719321	0.1651318
39220	13.55288	12.30914	1.243741	-0.741748	0.699513	0.300487	1.39903	0.600975	0.1922025
39230	14.30451	12.84781	1.456696	0.0150406	0.733365	0.266635	1.46673	0.533269	0.1553365
39240	19.05165	16.53806	2.513586	0.0655558	0.675039	0.324961	1.35008	0.649923	0.05398491
39250	19.06677	16.76962	2.29715	-0.310481	0.676682	0.323318	1.35336	0.646636	0.06703
39260	17.78101	15.45204	2.328972	-0.162694	0.488549	0.511451	0.977098	1.0229	0.06493057
39270	18.75264	16.03233	2.720304	-0.130411	0.591977	0.408023	1.18395	0.816047	0.04390314
39280	16.63948	14.07445	2.565025	-0.0707569	0.416822	0.583178	0.833645	1.16636	0.0512782
39290	19.42299	16.9536	2.469388	-0.265622	0.711283	0.288717	1.42257	0.577434	0.05642445
39300	16.9849	15.06878	1.916126	-0.235007	0.596189	0.403811	1.19238	0.807622	0.09811735
39310	17.40474	14.87073	2.534006	0.3031	0.605481	0.394519	1.21096	0.789038	0.05289372
39320	15.88238	13.94704	1.935339	-0.697024	0.604454	0.395546	1.20891	0.791093	0.09625019
39330	17.64877	15.04241	2.606363	0.262213	0.616601	0.383399	1.2332	0.766797	0.04920166
39340	19.01721	16.64153	2.375686	-0.118772	0.626957	0.373043	1.25391	0.746085	0.06196716
39350	19.36241	16.87989	2.482517	-0.24122	0.667963	0.332037	1.33593	0.664075	0.05568848
39360	18.36824	15.8731	2.495141	0.161551	0.780864	0.219136	1.56173	0.438272	0.05498988
39370	16.78981	15.04983	1.739978	0.053531	0.874535	0.125465	1.74907	0.25093	0.1170162
39380	16.84262	14.86674	1.975878	-0.0950579	0.540004	0.459996	1.08001	0.919992	0.09242637
39390	18.74207	16.05396	2.688101	-0.0129947	0.765124	0.234876	1.53025	0.469753	0.04533999
39400	19.02075	16.55173	2.469017	-0.197721	0.799371	0.200629	1.59874	0.401258	0.05644535
39410	16.90967	15.02867	1.881003	-0.295852	0.610625	0.389375	1.22125	0.778751	0.1016248
39420	19.26516	16.89421	2.370952	-0.0540253	0.703029	0.296971	1.40606	0.593941	0.06226116
39430	18.31278	16.18484	2.12794	0.0855771	0.7081	0.2919	1.4162	0.5838	0.07938824
39440	18.4183	16.01055	2.40775	0.205906	0.66636	0.33364	1.33272	0.66728	0.06001174
39450	17.42067	15.35118	2.069489	0.277093	0.678204	0.321796	1.35641	0.643591	0.08416682
39460	18.06296	16.03311	2.029846	-0.51043	0.728159	0.271841	1.45632	0.543681	0.08757048
39470	18.85672	16.52036	2.336365	0.0943266	0.697209	0.302791	1.39442	0.605583	0.0644523
39480	19.30707	16.66634	2.64073	-0.176996	0.660573	0.339427	1.32115	0.678854	0.04753946
39490	18.93974	16.76697	2.172765	-0.245818	0.732542	0.267458	1.46508	0.534915	0.0759082
39500	18.62131	16.41814	2.203168	-0.0730388	0.655069	0.344931	1.31014	0.689862	0.07363512
39510	19.4158	16.95877	2.457021	-0.269645	0.71379	0.28621	1.42758	0.57242	0.05712658
39520	17.53685	14.81904	2.717809	-0.4074	0.560275	0.439725	1.12055	0.879451	0.04401282
39530	18.49573	15.90208	2.593646	0.0567173	0.790023	0.209977	1.58005	0.419954	0.04983135
39540	17.21535	15.15716	2.058191	-0.0885407	0.887941	0.112059	1.77588	0.224117	0.08512317
39550	17.06346	14.40852	2.654936	-0.426499	0.805282	0.194718	1.61056	0.389437	0.04686889
39560	18.77865	16.13774	2.640911	-0.233007	0.584511	0.415489	1.16902	0.830978	0.04753087
39570	17.65488	14.64913	3.005752	-0.0990483	0.696296	0.303704	1.39259	0.607408	0.03300102
39580	17.54752	15.6357	1.91182	0.0658797	0.851794	0.148206	1.70359	0.296413	0.09854071
39590	17.59435	15.18981	2.404542	-0.546165	0.602349	0.397651	1.2047	0.795302	0.06020456
39600	16.1224	14.17633	1.946065	-0.399098	0.457899	0.542101	0.915798	1.0842	0.09522333
39610	17.61419	15.68068	1.933507	-0.330935	0.865388	0.134612	1.73078	0.269224	0.0964267
39620	16.29594	14.48464	1.811307	0.380119	0.758855	0.241145	1.51771	0.482289	0.1089602
39630	18.45846	16.30778	2.150686	0.0536156	0.706034	0.293966	1.41207	0.587932	0.07760283
39640	17.668	15.77529	1.892712	-0.492108	0.744377	0.255623	1.48875	0.511246	0.1004418
39650	15.28095	13.8671	1.413854	-0.0978335	0.906439	0.0935615	1.81288	0.187123	0.1621361
39660	16.52676	14.85227	1.674492	-0.0940303	0.792607	0.207393	1.58521	0.414786	0.1249356
39670	17.72597	15.01296	2.713001	0.186337	0.593309	0.406691	1.18662	0.813382	0.04422493
39680	19.45912	17.02749	2.431632	-0.139061	0.728037	0.271963	1.45607	0.543925	0.05859551
39690	19.28937	16.9801	2.309266	-0.226327	0.722847	0.277153	1.44569	0.554307	0.06622279
39700	17.92231	15.70494	2.217363	-0.57413	0.721629	0.278371	1.44326	0.556742	0.07259729
39710	19.36527	16.77699	2.588281	-0.0653336	0.720688	0.279312	1.44138	0.558625	0.05009943
39720	18.71521	16.28688	2.42833	-0.382676	0.61083	0.38917	1.22166	0.778339	0.05878934
39730	16.15096	13.87097	2.28	-0.596489	0.509289	0.490711	1.01858	0.981421	0.06818949
39740	17.91913	15.65463	2.264505	0.116277	0.568301	0.431699	1.1366	0.863398	0.06925428
39750	19.10938	16.75778	2.351602	0.0293709	0.727317	0.272683	1.45463	0.545367	0.06347764
39760	16.26958	14.5659	1.703682	-0.569153	0.669943	0.330057	1.33989	0.660115	0.1213415
39770	18.2054	15.8781	2.327299	-0.34884	0.835304	0.164696	1.67061	0.329392	0.06503929
39780	16.71583	14.71383	2.001999	-0.340578	0.492124	0.507876	0.984248	1.01575	0.09004336
39790	16.2553	14.21125	2.044051	-0.300846	0.90158	0.0984199	1.80316	0.19684	0.08633533
39800	18.37314	16.06759	2.305552	-0.117469	0.559772	0.440228	1.11954	0.880456	0.06646919
39810	18.1319	15.98178	2.150125	0.19896	0.786367	0.213633	1.57273	0.427266	0.07764636
39820	18.55911	15.71009	2.849025	-0.107942	0.72373	0.27627	1.44746	0.55254	0.03860049
39830	17.84626	15.49066	2.355599	0.312928	0.699731	0.300269	1.39946	0.600538	0.06322445
39840	16.70291	14.86667	1.836243	-0.49673	0.872565	0.127435	1.74513	0.254869	0.1062768
39850	15.89202	13.18532	2.706698	0.18126	0.831437	0.168563	1.66287	0.337126	0.04450458
39860	18.65236	16.49328	2.15908	-0.434865	0.75884	0.24116	1.51768	0.48232	0.07695421
39870	18.46539	15.8418	2.623584	0.164494	0.658857	0.341143	1.31771	0.682286	0.04836162
39880	16.25929	14.15525	2.104037	0.253396	0.47776	0.52224	0.955519	1.04448	0.08130873
39890	16.9494	15.21581	1.733597	-0.328239	0.762259	0.237741	1.52452	0.475482	0.1177653
39900	19.16382	16.82433	2.33949	-0.281053	0.671112	0.328888	1.34222	0.657775	0.0642512
39910	18.78036	16.62612	2.154241	-0.0379114	0.772319	0.227681	1.54464	0.455363	0.07732749
39920	18.0962	15.62847	2.467729	0.246375	0.756163	0.243837	1.51233	0.487673	0.0565181
39930	17.62667	15.31016	2.316511	-0.0890684	0.47979	0.52021	0.95958	1.04042	0.06574474
39940	19.00192	16.67068	2.331243	-0.340213	0.657473	0.342527	1.31495	0.685055	0.06478326
39950	18.14298	15.8613	2.281673	-0.218717	0.536475	0.463525	1.07295	0.92705	0.06807548
39960	19.38163	16.8912	2.490431	-0.241492	0.672646	0.327354	1.34529	0.654709	0.05524947
39970	17.97535	15.80286	2.172484	-0.0660656	0.57274	0.42726	1.14548	0.854519	0.07592956
39980	17.70322	15.75473	1.948489	-0.548433	0.745982	0.254018	1.49196	0.508035	0.09499282
39990	16.2551	14.30023	1.954868	0.427329	0.823687	0.176313	1.64737	0.352626	0.09438874
40000	18.87362	16.39207	2.481547	-0.204745	0.583055	0.416945	1.16611	0.83389	0.05574251
40010	17.74018	15.34041	2.399767	-0.14926	0.477234	0.522766	0.954467	1.04553	0.06049271
40020	18.89724	16.5612	2.336043	0.0349432	0.665783	0.334217	1.33157	0.668435	0.06447303
40030	15.45804	13.81421	1.643832	0.152853	0.708289	0.291711	1.41658	0.583422	0.1288255
40040	18.64679	16.426	2.220783	0.0494564	0.805752	0.194248	1.6115	0.388496	0.07234938
40050	17.02808	15.17831	1.849771	0.236346	0.809167	0.190833	1.61833	0.381666	0.1048488
40060	10.46008	8.620539	1.839537	-0.0777301	0.173157	0.826843	0.346314	1.65369	0.1059273
40070	14.18612	11.07255	3.11357	-0.442394	0.708381	0.291619	1.41676	0.583239	0.02962802
40080	17.56432	15.41267	2.151646	0.129331	0.574577	0.425423	1.14915	0.850845	0.07752835
40090	18.18246	15.94563	2.236832	0.186838	0.658535	0.341465	1.31707	0.68293	0.07119751
40100	18.11393	16.15452	1.959412	-0.0822805	0.816113	0.183887	1.63223	0.367774	0.09396088
40110	17.82445	15.58367	2.240789	-0.503754	0.81377	0.18623	1.62754	0.372461	0.07091639
40120	19.11576	16.88508	2.230684	-0.1621	0.769319	0.230681	1.53864	0.461363	0.07163659
40130	18.47303	16.43514	2.037891	-0.231684	0.751034	0.248966	1.50207	0.497932	0.08686884
40140	19.39941	16.7947	2.604711	-0.218193	0.699599	0.300401	1.3992	0.600802	0.04928299
40150	19.23624	16.93916	2.297079	-0.16095	0.713266	0.286734	1.42653	0.573468	0.06703478
40160	17.78649	14.79207	2.994422	-0.167135	0.677586	0.322414	1.35517	0.644828	0.03337704
40170	18.85363	16.06235	2.791286	-0.166838	0.641191	0.358809	1.28238	0.717618	0.04089486
40180	19.05888	16.80908	2.249801	-0.27077	0.788451	0.211549	1.5769	0.423098	0.07028015
40190	18.43116	16.39885	2.032311	-0.314429	0.812147	0.187853	1.62429	0.375707	0.08735489
40200	18.0662	15.78578	2.280416	-0.0916184	0.857258	0.142742	1.71452	0.285484	0.06816111
40210	16.19132	13.80001	2.391317	0.336924	0.489809	0.510191	0.979618	1.02038	0.06100603
40220	17.26489	14.80814	2.45675	0.278216	0.552186	0.447814	1.10437	0.895629	0.05714203
40230	18.29749	15.9403	2.357187	-0.214118	0.535308	0.464692	1.07062	0.929384	0.06312413
40240	18.83926	16.0989	2.740354	-0.11032	0.611205	0.388795	1.22241	0.77759	0.04303168
40250	18.9828	16.79747	2.185324	-0.18754	0.785568	0.214432	1.57114	0.428863	0.07496087
40260	17.47112	15.36659	2.104525	0.0936041	0.577524	0.422476	1.15505	0.844951	0.08126903
40270	19.35015	17.00546	2.344688	-0.202637	0.715485	0.284515	1.43097	0.569031	0.0639181
40280	18.94786	16.63293	2.314938	0.0520798	0.704579	0.295421	1.40916	0.590841	0.06584821
40290	18.34292	16.14811	2.194804	-0.451518	0.640127	0.359873	1.28025	0.719745	0.07425357
40300	17.62105	15.58663	2.034417	0.24338	0.734912	0.265088	1.46982	0.530176	0.08717114
40310	18.67955	16.33726	2.342284	0.153276	0.702056	0.297944	1.40411	0.595887	0.0640719
40320	18.42333	15.84071	2.582615	-0.379342	0.586716	0.413284	1.17343	0.826568	0.05038406
40330	18.89225	16.74304	2.14921	-0.274401	0.752771	0.247229	1.50554	0.494458	0.07771748
40340	16.89043	15.08717	1.803258	-0.414313	0.878687	0.121313	1.75737	0.242627	0.1098408
40350	18.30769	16.09703	2.21066	-0.21414	0.584733	0.415267	1.16947	0.830533	0.07308555
40360	12.42578	10.90215	1.523624	0.0791108	0.307655	0.692345	0.61531	1.38469	0.1452804
40370	16.86831	14.69308	2.175233	0.400754	0.790256	0.209744	1.58051	0.419489	0.0757211
40380	19.14795	16.79153	2.356425	-0.0433362	0.781112	0.218888	1.56222	0.437776	0.06317225
40390	18.05379	15.16465	2.88914	-0.294292	0.706757	0.293243	1.41351	0.586485	0.03708269
40400	17.07017	14.60577	2.464392	-0.527839	0.54417	0.45583	1.08834	0.911659	0.05670701
40410	17.56864	14.54713	3.021504	-0.172291	0.672808	0.327192	1.34562	0.654384	0.03248527
40420	18.4032	15.68947	2.713728	0.139944	0.680691	0.319309	1.36138	0.638617	0.04419281
40430	19.42087	16.8812	2.539671	-0.129787	0.674229	0.325771	1.34846	0.651542	0.0525949
40440	17.80601	15.24304	2.562971	0.0739666	0.824097	0.175903	1.64819	0.351806	0.05138361
40450	19.37823	16.91607	2.462164	-0.185437	0.762695	0.237305	1.52539	0.47461	0.05683353
40460	18.49863	16.18576	2.312866	-0.492817	0.677347	0.322653	1.35469	0.645305	0.06598476
40470	18.24483	16.01898	2.225846	-0.527509	0.683836	0.316164	1.36767	0.632328	0.07198402
40480	17.80544	15.87714	1.928304	-0.00484815	0.771961	0.228039	1.54392	0.456078	0.09692976
40490	16.84394	15.10197	1.741972	-0.166481	0.760705	0.239295	1.52141	0.47859	0.1167831
40500	17.26734	15.45291	1.814424	-0.0582065	0.87005	0.12995	1.7401	0.2599	0.1086212
40510	19.13121	16.68783	2.443383	-0.313359	0.64573	0.35427	1.29146	0.70854	0.05791101
40520	19.41783	16.83828	2.579545	-0.0989204	0.689702	0.310298	1.3794	0.620596	0.05053898
40530	17.59373	15.62154	1.972186	-0.166629	0.876357	0.123643	1.75271	0.247287	0.09276826
40540	18.23462	16.20254	2.032079	-0.312902	0.837977	0.162023	1.67595	0.324046	0.08737521
40550	18.32649	15.49499	2.831494	-0.218332	0.749797	0.250203	1.49959	0.500407	0.03928318
40560	18.68716	16.04744	2.639717	-0.0408746	0.577497	0.422503	1.15499	0.845006	0.04758765
40570	16.18706	13.84374	2.343319	-0.652484	0.605389	0.394611	1.21078	0.789223	0.06400561
40580	17.51105	15.08364	2.427415	-0.456122	0.523986	0.476014	1.04797	0.952027	0.05884311
40590	18.32699	16.1157	2.211296	-0.489319	0.657714	0.342286	1.31543	0.684572	0.07303904
40600	15.36141	13.61868	1.742728	-0.476348	0.494749	0.505251	0.989497	1.0105	0.1166948
40610	17.78941	15.71147	2.077936	0.106611	0.653034	0.346966	1.30607	0.693932	0.08345887
40620	17.04924	15.10151	1.947733	-0.271952	0.574591	0.425409	1.14918	0.850819	0.09506463
40630	14.34565	12.93231	1.413338	0.0262204	0.778158	0.221842	1.55632	0.443683	0.1622198
40640	19.39814	16.78643	2.611707	-0.147354	0.722929	0.277071	1.44586	0.554141	0.04893943
40650	16.11189	14.18079	1.931102	-0.201162	0.460061	0.539939	0.920121	1.07988	0.09665892
40660	17.61573	15.45036	2.165366	0.17725	0.593568	0.406432	1.18714	0.812863	0.07647198
40670	18.7016	16.54952	2.152079	-0.0970896	0.707921	0.292079	1.41584	0.584159	0.07749485
40680	18.39257	16.17911	2.213458	-0.314286	0.837919	0.162081	1.67584	0.324163	0.07288128
40690	15.84194	14.33881	1.503132	-0.146515	0.85525	0.14475	1.7105	0.289499	0.1482883
40700	15.72322	14.14942	1.573808	-0.537443	0.886504	0.113496	1.77301	0.226993	0.1381697
40710	17.74526	15.21478	2.530483	0.287674	0.643286	0.356714	1.28657	0.713428	0.05308036
40720	18.22808	15.99756	2.230515	-0.0673116	0.5776	0.4224	1.1552	0.8448	0.07164873
40730	19.09898	16.56534	2.533645	0.0137993	0.760277	0.239723	1.52055	0.479447	0.05291279
40740	18.75449	16.49838	2.256109	0.0277379	0.677826	0.322174	1.35565	0.644349	0.06983822
40750	19.34005	16.93507	2.40498	-0.109178	0.765192	0.234808	1.53038	0.469616	0.06017823
40760	18.62174	16.27329	2.348453	-0.477945	0.686005	0.313995	1.37201	0.627989	0.06367788
40770	18.76626	16.36691	2.399352	0.142525	0.69219	0.30781	1.38438	0.615621	0.06051786
40780	19.35547	16.79958	2.555888	-0.151861	0.753363	0.246637	1.50673	0.493273	0.05174884
40790	19.25022	16.59779	2.652433	-0.179636	0.650668	0.349332	1.30134	0.698664	0.04698637
40800	17.39076	15.23038	2.160379	-0.0302801	0.508388	0.491612	1.01678	0.983224	0.07685427
40810	17.81309	15.2813	2.531787	-0.222744	0.486811	0.513189	0.973622	1.02638	0.05301122
40820	18.62556	16.45401	2.171549	0.0357834	0.721893	0.278107	1.44379	0.556214	0.0760006
40830	18.81209	16.27802	2.534074	-0.421621	0.687402	0.312598	1.3748	0.625195	0.05289011
40840	17.8796	15.90735	1.97225	-0.21343	0.693096	0.306904	1.38619	0.613808	0.09276228
40850	17.46005	15.62623	1.833825	-0.0476684	0.797998	0.202002	1.596	0.404005	0.1065341
40860	17.53884	15.31193	2.226908	-0.140192	0.860085	0.139915	1.72017	0.279831	0.07190762
40870	17.92762	15.36053	2.567084	-0.497428	0.73846	0.26154	1.47692	0.52308	0.05117272
40880	18.49283	15.92666	2.566174	0.187894	0.690693	0.309307	1.38139	0.618614	0.05121927
40890	19.16746	16.86133	2.306134	-0.113849	0.785143	0.214857	1.57029	0.429715	0.06643047
40900	17.83698	15.02677	2.810205	0.0777738	0.578051	0.421949	1.1561	0.843898	0.04012842
40910	19.04197	16.36622	2.67575	-0.218183	0.75127	0.24873	1.50254	0.497461	0.04590343
40920	18.22559	16.16888	2.056712	-0.360046	0.675544	0.324456	1.35109	0.648913	0.08524914
40930	18.92424	16.65405	2.270185	-0.272361	0.653753	0.346247	1.30751	0.692494	0.06886207
40940	14.87782	13.42007	1.457744	-0.739928	0.773253	0.226747	1.54651	0.453494	0.1551738
40950	11.77385	10.83185	0.9419985	0.146625	0.888251	0.111749	1.7765	0.223498	0.2598986
40960	10.74512	10.07295	0.6721623	-0.410169	0.954071	0.0459295	1.90814	0.091859	0.3404022
40970	14.47241	13.06521	1.407197	0.37106	0.837839	0.162161	1.67568	0.324322	0.163219
40980	16.59345	14.76218	1.831269	-0.600186	0.63462	0.36538	1.26924	0.730761	0.1068068
40990	16.46024	14.73121	1.729029	0.0299515	0.748618	0.251382	1.49724	0.502763	0.1183044
41000	13.95721	12.28003	1.677183	0.472688	0.512323	0.487677	1.02465	0.975354	0.1245998
41010	16.49797	14.17129	2.326677	-0.429856	0.866034	0.133966	1.73207	0.267932	0.06507971
41020	18.89982	16.24443	2.655385	-0.352886	0.677964	0.322036	1.35593	0.644072	0.04684784
41030	19.09702	16.58837	2.50865	-0.00668137	0.638887	0.361113	1.27777	0.722226	0.05425201
41040	17.12852	14.24931	2.879208	0.113933	0.563804	0.436196	1.12761	0.872392	0.03745282
41050	17.60949	15.31653	2.292967	-0.0385265	0.488091	0.511909	0.976183	1.02382	0.06731096
41060	18.33029	15.94777	2.382522	-0.397757	0.572487	0.427513	1.14497	0.855027	0.061545
41070	19.23546	16.82983	2.405621	-0.208257	0.784264	0.215736	1.56853	0.431472	0.06013962
41080	18.8562	16.64803	2.208171	-0.277211	0.678461	0.321539	1.35692	0.643077	0.07326766
41090	15.94024	13.54859	2.391651	-0.661148	0.736062	0.263938	1.47212	0.527875	0.0609857
41100	18.93159	16.47528	2.456315	-0.411423	0.73594	0.26406	1.47188	0.52812	0.05716693
41110	17.51316	15.47086	2.042304	0.0618382	0.620921	0.379079	1.24184	0.758157	0.08648635
41120	18.94519	16.19882	2.746373	-0.227856	0.725533	0.274467	1.45107	0.548933	0.04277342
41130	19.13121	16.47839	2.652829	-0.0409903	0.646755	0.353245	1.29351	0.706489	0.04696773
41140	18.98496	16.30882	2.676145	-0.23506	0.620349	0.379651	1.2407	0.759302	0.04588531
41150	14.20479	12.20475	2.000035	0.21436	0.321718	0.678282	0.643436	1.35656	0.09022035
41160	17.79049	15.27499	2.515505	0.0637521	0.505904	0.494096	1.01181	0.988191	0.05388139
41170	18.12482	15.32462	2.800202	0.0238551	0.762083	0.237917	1.52417	0.475833	0.04053184
41180	18.61459	16.54739	2.067203	-0.1819	0.797769	0.202231	1.59554	0.404461	0.08435947
41190	16.12667	13.88134	2.245333	-0.552137	0.469959	0.530041	0.939919	1.06008	0.07059487
41200	17.63204	14.61931	3.012733	-0.135964	0.644571	0.355429	1.28914	0.710858	0.03277142
41210	18.37994	15.75505	2.624887	0.172375	0.730438	0.269562	1.46088	0.539123	0.04829864
41220	19.12691	16.8531	2.273817	-0.254411	0.784628	0.215372	1.56926	0.430744	0.0686124
41230	19.3308	16.88267	2.448125	-0.217289	0.661641	0.338359	1.32328	0.676718	0.05763704
41240	18.48785	15.76847	2.719371	0.104873	0.723623	0.276377	1.44725	0.552755	0.04394414
41250	18.8797	16.16033	2.719371	0.013392	0.65135	0.34865	1.3027	0.6973	0.04394414
41260	18.81572	16.37545	2.440269	0.137288	0.692797	0.307203	1.38559	0.614407	0.05809163
41270	16.8896	14.05302	2.836583	-0.204199	0.489598	0.510402	0.979196	1.0208	0.03908375
41280	17.98231	15.39643	2.58588	-0.463491	0.602301	0.397699	1.2046	0.795397	0.05021985
41290	16.66071	14.35655	2.304157	0.122404	0.435838	0.564162	0.871677	1.12832	0.06656196
41300	19.16392	16.60171	2.562211	-0.137125	0.619665	0.380335	1.23933	0.760671	0.05142265
41310	18.0316	15.61429	2.417315	0.168975	0.571724	0.428276	1.14345	0.856552	0.05944045
41320	19.02682	16.63185	2.394969	0.0653149	0.694826	0.305174	1.38965	0.610349	0.06078367
41330	18.64403	16.57388	2.070157	-0.278508	0.778662	0.221338	1.55732	0.442675	0.08411067
41340	18.8368	16.26761	2.569189	0.0338563	0.775845	0.224155	1.55169	0.448309	0.0510651
41350	18.38317	15.74802	2.635147	0.099879	0.590913	0.409087	1.18183	0.818175	0.04780564
41360	19.01474	16.49307	2.521673	0.0597558	0.658652	0.341348	1.3173	0.682696	0.05355009
41370	18.33316	16.33949	1.993671	-0.180563	0.810553	0.189447	1.62111	0.378894	0.09079639
41380	18.7442	16.62115	2.123044	-0.286409	0.801116	0.198884	1.60223	0.397768	0.07977786
41390	19.134	16.88401	2.24999	-0.210827	0.780366	0.219634	1.56073	0.439267	0.07026685
41400	19.06623	16.77823	2.288	-0.226366	0.669413	0.330587	1.33883	0.661174	0.0676461
41410	17.2713	15.09935	2.171956	-0.623532	0.658274	0.341726	1.31655	0.683451	0.0759697
41420	19.42681	16.82828	2.598532	-0.190661	0.693205	0.306795	1.38641	0.613589	0.04958846
41430	18.79011	16.47578	2.314324	-0.266531	0.611659	0.388341	1.22332	0.776682	0.06588863
41440	18.73119	16.54529	2.185898	-0.108993	0.822109	0.177891	1.64422	0.355782	0.07491784
41450	18.59815	15.98453	2.613615	0.01986	0.57947	0.42053	1.15894	0.841059	0.04884612
41460	19.20235	16.54646	2.655894	-0.158552	0.640008	0.359992	1.28002	0.719985	0.04682401
41470	18.28217	16.12393	2.158245	-0.361407	0.61779	0.38221	1.23558	0.76442	0.07701844
41480	18.50604	16.34021	2.165833	0.0299457	0.692646	0.307354	1.38529	0.614709	0.07643625
41490	19.45152	16.88108	2.570443	-0.148104	0.723253	0.276747	1.44651	0.553494	0.05100112
41500	18.57945	16.18687	2.392585	-0.122479	0.561327	0.438673	1.12265	0.877345	0.06092874
41510	18.521	16.41816	2.102847	0.0173944	0.778846	0.221154	1.55769	0.442308	0.08140553
41520	17.855	15.85008	2.004926	-0.362487	0.651606	0.348394	1.30321	0.696788	0.08978022
41530	18.87143	16.71948	2.151945	-0.281727	0.73657	0.26343	1.47314	0.52686	0.07750523
41540	18.71886	16.30191	2.416949	-0.441486	0.655797	0.344203	1.31159	0.688406	0.05946224
41550	17.71363	15.19258	2.521051	-0.431866	0.538248	0.461752	1.0765	0.923504	0.05358341
41560	18.55595	16.49024	2.065711	-0.365079	0.779074	0.220926	1.55815	0.441852	0.08448546
41570	18.4446	16.29474	2.149854	0.076073	0.807476	0.192524	1.61495	0.385049	0.07766746
41580	17.82356	15.60398	2.219583	-0.551716	0.631577	0.368423	1.26315	0.736847	0.0724363
41590	17.33564	15.11503	2.220615	0.325511	0.621358	0.378642	1.24272	0.757284	0.07236158
41600	14.77684	12.72115	2.055682	-0.75201	0.630765	0.369235	1.26153	0.73847	0.08533702
41610	19.03307	16.66641	2.36666	0.0618322	0.74801	0.25199	1.49602	0.50398	0.06252901
41620	18.10093	15.76007	2.340856	-0.394477	0.550169	0.449831	1.10034	0.899662	0.06416351
41630	17.88421	15.06063	2.823586	0.0207142	0.565584	0.434416	1.13117	0.868832	0.03959505
41640	17.02475	14.13198	2.892777	0.0176824	0.526414	0.473586	1.05283	0.947172	0.03694806
41650	17.82676	15.95842	1.868343	-0.227602	0.82253	0.17747	1.64506	0.35494	0.1029195
41660	16.02397	14.50295	1.521021	-0.428628	0.876011	0.123989	1.75202	0.247978	0.1456592
41670	17.8062	15.58826	2.21794	0.0506056	0.551536	0.448464	1.10307	0.896928	0.07255537
41680	18.22024	15.84007	2.380175	-0.517526	0.747762	0.252238	1.49552	0.504477	0.06168962
41690	17.49236	15.51944	1.972922	-0.268326	0.621843	0.378157	1.24369	0.756314	0.09269993
41700	18.68676	16.521	2.165755	-0.104555	0.690131	0.309869	1.38026	0.619738	0.07644222
41710	18.773	16.18748	2.585523	-0.402626	0.722846	0.277154	1.44569	0.554308	0.05023779
41720	18.33189	16.24681	2.085073	-0.394953	0.679936	0.320064	1.35987	0.640128	0.08286537
41730	16.32946	14.35312	1.976343	-0.243686	0.905377	0.0946231	1.81075	0.189246	0.0923834
41740	18.87302	16.32099	2.552028	-0.122083	0.580866	0.419134	1.16173	0.838268	0.05194899
41750	17.96598	15.67509	2.290887	-0.54691	0.645096	0.354904	1.29019	0.709808	0.0674511
41760	17.7205	15.42523	2.295263	-0.447137	0.537585	0.462415	1.07517	0.92483	0.0671566
41770	18.34515	16.04989	2.295263	-0.353692	0.573005	0.426995	1.14601	0.853989	0.0671566
41780	19.18938	16.77405	2.415334	-0.23926	0.643034	0.356966	1.28607	0.713932	0.0595583
41790	16.07296	13.88813	2.184835	0.491241	0.640406	0.359594	1.28081	0.719188	0.0749975
41800	18.95141	16.52249	2.428924	-0.389287	0.655045	0.344955	1.31009	0.689909	0.05875443
41810	19.37181	16.94347	2.428334	-0.165709	0.765351	0.234649	1.5307	0.469298	0.0587891
41820	17.4384	14.64652	2.791871	-0.449515	0.639506	0.360494	1.27901	0.720987	0.04087094
41830	19.16394	16.63202	2.531918	-0.0136041	0.761496	0.238504	1.52299	0.477009	0.05300423
41840	17.21909	15.24458	1.974515	0.280765	0.722101	0.277899	1.4442	0.555797	0.09255238
41850	17.24727	14.77556	2.471718	0.130095	0.844687	0.155313	1.68937	0.310625	0.0562931
41860	14.83649	13.22324	1.613255	0.361892	0.901033	0.0989674	1.80207	0.197935	0.1328253
41870	19.32724	16.96952	2.357721	-0.247179	0.701433	0.298567	1.40287	0.597134	0.06309041
41880	19.06124	16.52788	2.533359	-0.376515	0.705261	0.294739	1.41052	0.589478	0.05292793
41890	19.1343	16.42431	2.709997	-0.131454	0.729756	0.270244	1.45951	0.540487	0.04435801
41900	18.88367	16.11847	2.7652	-0.0141836	0.688035	0.311965	1.37607	0.623931	0.04197567
41910	17.74589	15.03848	2.707411	-0.458106	0.627022	0.372978	1.25404	0.745957	0.04447288
41920	18.71166	16.26351	2.448153	0.138342	0.658413	0.341587	1.31683	0.683174	0.05763543
41930	19.0175	16.61699	2.400512	-0.189021	0.615104	0.384896	1.23021	0.769792	0.06044769
41940	17.61487	15.25196	2.362911	-0.0705724	0.473895	0.526105	0.94779	1.05221	0.06276384
41950	18.33143	16.14367	2.187766	0.0641149	0.653475	0.346525	1.30695	0.69305	0.074778
41960	15.89663	14.22258	1.674051	0.337955	0.798678	0.201322	1.59736	0.402644	0.1249907
41970	18.06384	16.06315	2.000697	-0.326358	0.845258	0.154742	1.69052	0.309483	0.09016064
41980	17.2907	15.38362	1.90708	-0.15643	0.884854	0.115146	1.76971	0.230293	0.0990089
41990	17.91544	15.98352	1.931916	-0.297346	0.732642	0.267358	1.46528	0.534716	0.09658027
42000	18.80752	16.51604	2.291481	-0.0363016	0.644135	0.355865	1.28827	0.71173	0.06741107
42010	18.60301	16.37119	2.231816	-0.475364	0.745815	0.254185	1.49163	0.50837	0.07155556
42020	17.41481	14.55383	2.860983	0.0878027	0.761488	0.238512	1.52298	0.477025	0.03814165
42030	17.36649	15.48915	1.877333	-0.548	0.713753	0.286247	1.42751	0.572494	0.1019985
42040	17.65744	15.7801	1.877333	-0.412962	0.737567	0.262433	1.47513	0.524867	0.1019985
42050	18.6582	15.90809	2.750114	0.0648481	0.69002	0.30998	1.38004	0.619959	0.0426137
42060	18.17456	16.02925	2.145311	-0.239036	0.601046	0.398954	1.20209	0.797908	0.07802109
42070	18.78541	16.11906	2.666353	0.0262322	0.617262	0.382738	1.23452	0.765477	0.04633685
42080	17.27738	14.72628	2.551095	0.245308	0.80036	0.19964	1.60072	0.39928	0.05199749
42090	17.51227	15.03741	2.474856	0.338839	0.685708	0.314292	1.37142	0.628583	0.05611671
42100	19.07955	16.79919	2.28036	-0.0172644	0.751941	0.248059	1.50388	0.496118	0.06816492
42110	18.77944	16.63604	2.143394	-0.351657	0.732404	0.267596	1.46481	0.535192	0.07817078
42120	18.57251	16.52292	2.049593	-0.274446	0.7851	0.2149	1.5702	0.429801	0.08585819
42130	16.87091	14.92044	1.950471	0.33728	0.709004	0.290996	1.41801	0.581993	0.09480476
42140	19.41309	16.85602	2.557067	-0.0801212	0.692484	0.307516	1.38497	0.615032	0.0516879
42150	16.80129	14.20853	2.592754	-0.254815	0.436967	0.563033	0.873934	1.12607	0.0498758
42160	18.99753	16.78422	2.213306	-0.174175	0.796474	0.203526	1.59295	0.407052	0.07289237
42170	18.64634	16.29134	2.355001	0.146527	0.771204	0.228796	1.54241	0.457592	0.06326225
42180	18.23028	15.87528	2.355001	-0.326665	0.542694	0.457306	1.08539	0.914613	0.06326225
42190	17.50345	14.63254	2.870914	0.143695	0.713484	0.286516	1.42697	0.573033	0.03776475
42200	18.74606	16.08112	2.664937	0.0427484	0.754849	0.245151	1.5097	0.490302	0.04640248
42210	18.97086	16.8012	2.169656	-0.226923	0.761141	0.238859	1.52228	0.477718	0.07614463
42220	18.68381	16.20054	2.483274	-0.27045	0.810388	0.189612	1.62078	0.379223	0.05564634
42230	19.28229	16.84665	2.435634	-0.316365	0.686972	0.313028	1.37394	0.626056	0.05836148
42240	19.0965	16.60658	2.489924	-0.278617	0.624381	0.375619	1.24876	0.751238	0.0552775
42250	19.29638	16.64333	2.653056	-0.121279	0.727249	0.272751	1.4545	0.545503	0.0469571
42260	18.0031	15.30505	2.698054	-0.227788	0.806528	0.193472	1.61306	0.386944	0.04489094
42270	19.10543	16.44529	2.660142	0.00834237	0.682971	0.317029	1.36594	0.634057	0.0466255
42280	18.08282	15.84825	2.234571	0.0674168	0.586912	0.413088	1.17382	0.826177	0.07135871
42290	17.43573	14.45843	2.977294	0.0277132	0.712573	0.287427	1.42515	0.574855	0.03395364
42300	16.39569	13.74363	2.652057	-0.114055	0.856998	0.143002	1.714	0.286003	0.04700402
42310	18.40531	15.67476	2.73055	-0.272645	0.577947	0.422053	1.15589	0.844105	0.04345562
42320	17.81199	15.64244	2.169549	-0.403024	0.558215	0.441785	1.11643	0.883569	0.07615273
42330	18.81988	16.61144	2.208437	-0.292605	0.672111	0.327889	1.34422	0.655777	0.07324819
42340	16.05675	14.33776	1.718988	-0.23312	0.655001	0.344999	1.31	0.689997	0.1194984
42350	18.3724	16.32466	2.047741	-0.429196	0.743821	0.256179	1.48764	0.512357	0.08601733
42360	18.03047	15.87483	2.15564	0.212567	0.700206	0.299794	1.40041	0.599588	0.07721936
42370	17.40537	15.60145	1.803916	-0.472609	0.783437	0.216563	1.56687	0.433126	0.1097686
42380	18.2837	16.28401	1.999697	-0.326098	0.742422	0.257578	1.48484	0.515157	0.09025083
42390	14.93712	12.91108	2.026042	-0.445074	0.906865	0.0931347	1.81373	0.186269	0.08790422
42400	15.96298	13.91822	2.044752	0.474701	0.809391	0.190609	1.61878	0.381218	0.08627482
42410	18.11433	16.01692	2.097406	-0.240749	0.856946	0.143054	1.71389	0.286107	0.08184963
42420	15.07841	13.65361	1.424807	-0.586958	0.754726	0.245274	1.50945	0.490548	0.1603699
42430	18.44619	15.82943	2.616762	-0.159707	0.540908	0.459092	1.08182	0.918184	0.04869267
42440	17.80862	15.65233	2.156287	0.173302	0.62809	0.37191	1.25618	0.74382	0.0771694
42450	18.10846	15.81106	2.297391	-0.102975	0.532144	0.467856	1.06429	0.935712	0.06701387
42460	18.77593	16.23865	2.537278	-0.402455	0.643684	0.356316	1.28737	0.712632	0.05272089
42470	18.29578	16.17773	2.118052	-0.35127	0.836261	0.163739	1.67252	0.327479	0.08017712
42480	16.60634	14.80805	1.79829	0.0920232	0.712216	0.287784	1.42443	0.575569	0.1103879
42490	18.86279	16.28893	2.573859	0.0176794	0.777224	0.222776	1.55445	0.445551	0.05082718
42500	18.3599	16.0656	2.294295	-0.511285	0.673349	0.326651	1.3467	0.653301	0.0672216
42510	18.10568	15.57561	2.530064	0.253295	0.714859	0.285141	1.42972	0.570281	0.05310264
42520	17.5967	14.99087	2.605824	-0.49441	0.755999	0.244001	1.512	0.488001	0.04922819
42530	17.34675	15.04639	2.300354	-0.474676	0.838224	0.161776	1.67645	0.323552	0.0668156
42540	18.95957	16.52895	2.430621	-0.225929	0.601952	0.398048	1.2039	0.796095	0.0586548
42550	19.19676	16.48263	2.714122	-0.105063	0.698963	0.301037	1.39793	0.602074	0.04417538
42560	18.94779	16.356	2.591788	-0.15464	0.787161	0.212839	1.57432	0.425678	0.049924
42570	17.19075	14.70746	2.483288	-0.534618	0.56511	0.43489	1.13022	0.869779	0.05564557
42580	19.12195	16.85204	2.269913	-0.189255	0.695718	0.304282	1.39144	0.608563	0.06888079
42590	16.62571	14.42854	2.197175	0.38613	0.818392	0.181608	1.63678	0.363217	0.07407777
42600	16.29427	14.56138	1.732893	0.109056	0.73364	0.26636	1.46728	0.532719	0.1178482
42610	17.90567	16.01903	1.886635	-0.33607	0.797634	0.202366	1.59527	0.404732	0.101054
42620	18.66991	16.22618	2.443726	-0.313988	0.578826	0.421174	1.15765	0.842348	0.05789112
42630	18.95687	16.21447	2.742393	-0.0979224	0.736747	0.263253	1.47349	0.526506	0.042944
42640	18.97879	16.62817	2.350629	-0.263769	0.628413	0.371587	1.25683	0.743173	0.06353945
42650	13.59282	12.12557	1.467257	0.0554286	0.6289	0.3711	1.2578	0.742199	0.1537047
42660	16.51151	14.32496	2.186551	-0.355048	0.886409	0.113591	1.77282	0.227182	0.07486894
42670	18.01561	15.84083	2.174788	-0.527181	0.646636	0.353364	1.29327	0.706728	0.0757548
42680	19.33943	16.91974	2.41969	-0.0903413	0.762292	0.237708	1.52458	0.475415	0.05929943
42690	17.66692	15.07606	2.590859	-0.321901	0.501509	0.498491	1.00302	0.996981	0.04997044
42700	17.47568	15.55295	1.922734	-0.266315	0.665061	0.334939	1.33012	0.669877	0.09747117
42710	18.23846	15.92371	2.314743	0.248971	0.725435	0.274565	1.45087	0.549129	0.06586101
42720	17.32444	15.44509	1.87935	0.166309	0.825929	0.174071	1.65186	0.348143	0.1017929
42730	17.48779	15.46331	2.024483	0.218738	0.836067	0.163933	1.67213	0.327866	0.08804137
42740	18.4712	15.7664	2.704791	0.116575	0.643626	0.356374	1.28725	0.712749	0.04458952
42750	18.09803	15.37497	2.723054	0.00964904	0.547998	0.452002	1.096	0.904004	0.04378259
42760	19.09437	16.4907	2.603675	-0.207319	0.769843	0.230157	1.53969	0.460314	0.0493341
42770	18.91342	16.13368	2.77974	-0.203225	0.712071	0.287929	1.42414	0.575859	0.04136976
42780	18.56987	16.39575	2.174124	0.0860938	0.740843	0.259157	1.48169	0.518314	0.07580513
42790	17.4396	14.61986	2.819744	-0.358572	0.564795	0.435205	1.12959	0.87041	0.03974748
42800	19.06296	16.44106	2.621899	-0.335535	0.709346	0.290654	1.41869	0.581308	0.04844314
42810	18.43109	16.05243	2.378655	-0.215484	0.837218	0.162782	1.67444	0.325565	0.06178343
42820	17.68052	15.55775	2.12277	-0.115288	0.553613	0.446387	1.10723	0.892775	0.07979976
42830	17.60619	15.3855	2.220692	0.289721	0.636277	0.363723	1.27255	0.727446	0.07235596
42840	18.7079	16.00268	2.705222	-0.346164	0.651333	0.348667	1.30267	0.697333	0.04457034
42850	15.29602	13.38749	1.908528	-0.693381	0.53858	0.46142	1.07716	0.92284	0.09886567
42860	13.66794	12.41472	1.253224	-0.78394	0.766116	0.233884	1.53223	0.467769	0.1903884
42870	17.50405	15.55718	1.946879	-0.27551	0.64625	0.35375	1.2925	0.707501	0.09514591
42880	18.8053	16.1421	2.663206	-0.104524	0.585748	0.414252	1.1715	0.828503	0.04648289
42890	17.67307	15.37896	2.294112	0.202228	0.564385	0.435615	1.12877	0.87123	0.06723396
42900	16.96223	15.19741	1.764825	-0.399218	0.873522	0.126478	1.74704	0.252955	0.1141445
42910	19.26091	16.84227	2.418635	-0.143655	0.654712	0.345288	1.30942	0.690575	0.05936207
42920	18.78277	16.36414	2.418635	0.0902452	0.642389	0.357611	1.28478	0.715222	0.05936207
42930	16.73345	14.88453	1.84892	0.111784	0.68524	0.31476	1.37048	0.62952	0.1049381
42940	16.36993	14.79513	1.574798	-0.414468	0.858664	0.141336	1.71733	0.282673	0.1380329
42950	16.65594	14.85515	1.800788	-0.515349	0.639249	0.360751	1.2785	0.721502	0.1101125
42960	18.91183	16.70142	2.210415	-0.105932	0.803944	0.196056	1.60789	0.392112	0.0731034
42970	17.92409	15.70824	2.215846	0.192789	0.624864	0.375136	1.24973	0.750272	0.07270747
42980	17.80446	15.41853	2.385927	-0.144699	0.48372	0.51628	0.967441	1.03256	0.06133577
42990	18.67236	16.0797	2.59266	0.069748	0.773072	0.226928	1.54614	0.453855	0.04988052
43000	19.3234	16.73074	2.59266	-0.140112	0.748627	0.251373	1.49725	0.502746	0.04988052
43010	16.16779	13.25174	2.916053	-0.462317	0.614552	0.385448	1.2291	0.770895	0.036098
43020	19.01844	16.5345	2.483935	-0.0593819	0.793503	0.206497	1.58701	0.412995	0.05560956
43030	18.34349	15.61219	2.731294	-0.0686883	0.557392	0.442608	1.11478	0.885215	0.04342332
43040	17.23082	15.01883	2.211991	0.192568	0.528737	0.471263	1.05747	0.942527	0.0729883
43050	15.72614	13.97584	1.750298	-0.21422	0.569426	0.430574	1.13885	0.861148	0.1158148
43060	14.03541	12.24803	1.787382	0.449121	0.44443	0.55557	0.88886	1.11114	0.1115986
43070	18.71706	16.05808	2.658979	-0.375814	0.657035	0.342965	1.31407	0.685931	0.04667979
43080	18.97419	16.77425	2.199945	-0.0826336	0.756356	0.243644	1.51271	0.487288	0.07387282
43090	19.24968	16.91464	2.335042	-0.230867	0.776704	0.223296	1.55341	0.446591	0.06453762
43100	18.65625	16.41729	2.238959	-0.469195	0.730225	0.269775	1.46045	0.53955	0.07104624
43110	16.1789	14.46306	1.715848	0.129747	0.896532	0.103468	1.79306	0.206937	0.1198741
43120	17.16967	15.08328	2.086387	0.0164128	0.527203	0.472797	1.05441	0.945594	0.08275653
43130	16.28989	13.33761	2.952279	-0.445136	0.6676	0.3324	1.3352	0.664801	0.03481372
43140	17.67657	14.76173	2.91484	-0.23909	0.581837	0.418163	1.16367	0.836325	0.03614181
43150	18.45498	16.11699	2.337989	-0.0539486	0.568213	0.431787	1.13643	0.863574	0.06434769
43160	16.45195	14.08639	2.365557	0.173891	0.433495	0.566505	0.866991	1.13301	0.06259797
43170	18.98802	16.46679	2.521227	0.0372598	0.768107	0.231893	1.53621	0.463786	0.05357395
43180	17.48168	15.48874	1.992938	-0.264029	0.603677	0.396323	1.20735	0.792646	0.09086293
43190	18.40134	15.79787	2.603466	0.13133	0.605825	0.394175	1.21165	0.788351	0.04934438
43200	18.8589	16.25684	2.602063	-0.0423088	0.78396	0.21604	1.56792	0.432081	0.04941369
43210	18.33732	16.11164	2.225675	-0.476756	0.644444	0.355556	1.28889	0.711111	0.07199631
43220	16.58873	14.85815	1.730586	0.0906516	0.882328	0.117672	1.76466	0.235343	0.1181204
43230	18.95272	16.58918	2.363538	-0.158959	0.812939	0.187061	1.62588	0.374121	0.06272449
43240	18.96442	16.7529	2.211522	-0.0528521	0.750012	0.249988	1.50002	0.499976	0.07302257
43250	17.3319	15.43027	1.901633	-0.0694652	0.880646	0.119354	1.76129	0.238708	0.09954969
43260	17.58556	15.53063	2.054926	-0.485583	0.602042	0.397958	1.20408	0.795916	0.08540151
43270	17.75624	15.64249	2.113751	0.19081	0.833634	0.166366	1.66727	0.332732	0.08052266
43280	18.3776	16.16339	2.214201	-0.502078	0.764286	0.235714	1.52857	0.471428	0.07282715
43290	17.40814	15.10184	2.3063	0.338814	0.629569	0.370431	1.25914	0.740862	0.06641947
43300	18.10832	15.82098	2.287336	-0.0910875	0.536421	0.463579	1.07284	0.927159	0.06769106
43310	18.59429	16.23192	2.362368	-0.19089	0.832609	0.167391	1.66522	0.334781	0.06279796
43320	17.07216	14.86164	2.210527	-0.287378	0.880665	0.119335	1.76133	0.23867	0.07309527
43330	18.74776	16.37808	2.369676	-0.317802	0.81095	0.18905	1.6219	0.378101	0.06234069
43340	19.0109	16.75938	2.251526	-0.339361	0.701083	0.298917	1.40217	0.597834	0.07015897
43350	18.33225	16.18346	2.148788	-0.24586	0.847255	0.152745	1.69451	0.305489	0.07775025
43360	19.44993	16.86795	2.581988	-0.180333	0.695052	0.304948	1.3901	0.609895	0.0504157
43370	19.10637	16.82262	2.283748	-0.294937	0.69047	0.30953	1.38094	0.619061	0.0679344
43380	18.30775	16.18639	2.121359	-0.206141	0.639936	0.360064	1.27987	0.720127	0.07991243
43390	17.10407	15.1234	1.980675	0.314539	0.716188	0.283812	1.43238	0.567625	0.09198401
43400	17.82997	15.44887	2.381095	-0.556181	0.742789	0.257211	1.48558	0.514423	0.06163288
43410	17.57579	15.47197	2.103828	0.199994	0.635157	0.364843	1.27031	0.729685	0.08132569
43420	14.77413	12.70564	2.068493	0.309947	0.898606	0.101394	1.79721	0.202789	0.08425072
43430	19.41345	16.81365	2.599801	-0.107938	0.712413	0.287587	1.42483	0.575173	0.04952559
43440	17.15108	15.1734	1.977689	0.163333	0.86829	0.13171	1.73658	0.263419	0.09225915
43450	19.22077	16.95141	2.269354	-0.175493	0.741938	0.258062	1.48388	0.516124	0.06891929
43460	18.29277	16.31615	1.97662	-0.297248	0.794003	0.205997	1.58801	0.411995	0.09235781
43470	17.888	15.81759	2.070403	-0.430913	0.621107	0.378893	1.24221	0.757785	0.08408997
43480	18.53936	16.39687	2.142485	0.0616374	0.749602	0.250398	1.4992	0.500796	0.07824193
43490	19.20993	16.69125	2.518677	-0.326559	0.671038	0.328962	1.34208	0.657924	0.05371074
43500	17.19281	15.44836	1.744456	-0.443999	0.824346	0.175654	1.64869	0.351308	0.1164933
43510	18.75131	16.37368	2.377629	-0.211277	0.583912	0.416088	1.16782	0.832177	0.06184683
43520	16.84411	13.94307	2.901034	0.0174094	0.518078	0.481922	1.03616	0.963843	0.03664423
43530	15.78424	13.73336	2.050881	0.332099	0.478493	0.521507	0.956987	1.04301	0.08574771
43540	14.75536	13.30432	1.451038	-0.249403	0.754628	0.245372	1.50926	0.490744	0.156218
43550	18.44108	16.29536	2.145717	-0.0576165	0.667921	0.332079	1.33584	0.664158	0.07798946
43560	16.39057	13.93247	2.458106	0.237382	0.847682	0.152318	1.69536	0.304637	0.05706462
43570	16.8668	15.11101	1.755798	-0.476707	0.71383	0.28617	1.42766	0.572339	0.1151795
43580	18.61926	16.01552	2.603731	0.118126	0.751408	0.248592	1.50282	0.497184	0.04933133
43590	18.24283	16.22037	2.022466	-0.429986	0.801691	0.198309	1.60338	0.396618	0.08821919
43600	17.99678	15.88881	2.107972	-0.427454	0.837044	0.162956	1.67409	0.325913	0.0809894
43610	16.37792	14.7706	1.60732	-0.54426	0.795021	0.204979	1.59004	0.409957	0.133616
43620	18.53062	15.74613	2.78449	-0.237868	0.750959	0.249041	1.50192	0.498081	0.04117373
43630	18.35827	16.18383	2.174448	0.164878	0.757229	0.242771	1.51446	0.485542	0.07578056
43640	17.12659	15.30803	1.818557	-0.475782	0.69813	0.30187	1.39626	0.60374	0.1081732
43650	17.82592	15.93872	1.8872	-0.128245	0.798507	0.201493	1.59701	0.402986	0.100997
43660	18.92933	16.46805	2.461288	-0.0906836	0.596936	0.403064	1.19387	0.806128	0.05688332
43670	16.57534	14.77785	1.797491	-0.591278	0.650285	0.349715	1.30057	0.69943	0.1104762
43680	18.5753	16.42775	2.147553	-0.10128	0.830942	0.169058	1.66188	0.338117	0.07784638
43690	16.9083	15.18371	1.724583	-0.553583	0.800745	0.199255	1.60149	0.39851	0.1188316
43700	17.75213	15.4476	2.304532	0.0424073	0.51469	0.48531	1.02938	0.970621	0.06653702
43710	18.37803	15.98493	2.393097	-0.46503	0.618502	0.381498	1.237	0.762996	0.06089759
43720	18.93249	16.49196	2.440529	-0.417358	0.730979	0.269021	1.46196	0.538042	0.0580765
43730	18.35643	15.66811	2.688318	-0.118562	0.544693	0.455307	1.08939	0.910614	0.04533015
43740	19.33044	16.73311	2.59733	-0.181338	0.74486	0.25514	1.48972	0.51028	0.04964808
43750	17.97055	15.87049	2.10006	0.137046	0.682219	0.317781	1.36444	0.635561	0.08163271
43760	18.14176	15.6876	2.454155	0.0845605	0.824054	0.175946	1.64811	0.351893	0.0572905
43770	18.23032	15.84364	2.386679	0.215216	0.637284	0.362716	1.27457	0.725432	0.06128966
43780	18.63674	16.13719	2.499552	0.0165078	0.805922	0.194078	1.61184	0.388156	0.05474783
43790	18.8624	16.69491	2.167481	-0.253573	0.712669	0.287331	1.42534	0.574661	0.07631036
43800	18.91892	16.74988	2.169045	-0.121913	0.778837	0.221163	1.55767	0.442325	0.07619114
43810	18.08948	16.04673	2.042747	0.114104	0.767519	0.232481	1.53504	0.464961	0.086448
43820	16.96103	15.02846	1.932573	0.255364	0.852773	0.147227	1.70555	0.294453	0.09651685
43830	17.5572	15.18791	2.369293	0.0724213	0.85469	0.14531	1.70938	0.290621	0.06236456
43840	15.90333	13.79142	2.111908	-0.579703	0.471015	0.528985	0.942029	1.05797	0.08067121
43850	17.98977	15.67326	2.316509	-0.549224	0.751329	0.248671	1.50266	0.497341	0.06574482
43860	18.17546	15.47101	2.704447	-0.357661	0.582811	0.417189	1.16562	0.834378	0.04460488
43870	17.24451	15.25379	1.990727	0.115342	0.635402	0.364598	1.2708	0.729195	0.09106407
43880	16.45556	14.48335	1.972203	-0.527147	0.51418	0.48582	1.02836	0.971639	0.09276662
43890	17.59007	14.95775	2.632312	-0.246459	0.486898	0.513102	0.973797	1.0262	0.04794132
43900	19.32044	16.93175	2.388682	-0.0678068	0.753938	0.246062	1.50788	0.492123	0.061167
43910	16.37195	13.99781	2.374147	0.0974909	0.409233	0.590767	0.818467	1.18153	0.06206259
43920	19.26196	16.79351	2.468455	-0.238846	0.772874	0.227126	1.54575	0.454252	0.0564771
43930	19.08578	16.79849	2.287288	-0.0281814	0.720657	0.279343	1.44131	0.558687	0.06769431
43940	19.38706	16.818	2.56906	-0.241665	0.725728	0.274272	1.45146	0.548544	0.05107169
43950	18.30347	16.24588	2.057593	-0.471367	0.761584	0.238416	1.52317	0.476832	0.08517407
43960	17.07295	14.8585	2.214456	0.355789	0.609301	0.390699	1.2186	0.781398	0.07280864
43970	18.10246	15.82576	2.276697	-0.472497	0.595157	0.404843	1.19031	0.809687	0.06841505
43980	19.37522	16.96468	2.410549	-0.0712112	0.72255	0.27745	1.4451	0.5549	0.05984401
43990	16.80524	14.99078	1.814458	-0.169939	0.679445	0.320555	1.35889	0.641109	0.1086175
44000	18.96692	16.65342	2.313502	0.0456607	0.707191	0.292809	1.41438	0.585618	0.06594282
44010	18.27658	16.04208	2.234491	0.108288	0.633013	0.366987	1.26603	0.733973	0.07136438
44020	17.25116	15.29861	1.952551	-0.0459009	0.885271	0.114729	1.77054	0.229458	0.09460776
44030	15.81663	14.12303	1.693601	0.2693	0.8881	0.1119	1.7762	0.223801	0.1225709
44040	15.23636	13.4999	1.736468	-0.747022	0.659177	0.340823	1.31835	0.681645	0.1174277
44050	19.32964	16.90556	2.424075	-0.0494288	0.748821	0.251179	1.49764	0.502357	0.05903999
44060	19.11033	16.52398	2.586354	-0.273263	0.759545	0.240455	1.51909	0.48091	0.05019606
44070	16.73745	15.0446	1.692851	-0.521349	0.762075	0.237925	1.52415	0.475851	0.1226628
44080	15.7042	14.19427	1.509934	-0.508621	0.884977	0.115023	1.76995	0.230045	0.147283
44090	19.14642	16.80332	2.343107	-0.18509	0.79558	0.20442	1.59116	0.40884	0.06401924
44100	17.35186	14.65222	2.699643	0.281143	0.677114	0.322886	1.35423	0.645771	0.04481965
44110	19.11585	16.87389	2.241955	-0.299279	0.747964	0.252036	1.49593	0.504071	0.07083369
44120	18.92237	16.76811	2.154266	-0.229522	0.77411	0.22589	1.54822	0.451781	0.07732555
44130	18.70009	16.52998	2.170106	-0.385908	0.695506	0.304494	1.39101	0.608988	0.07611032
44140	17.33917	15.52447	1.8147	-0.211653	0.871661	0.128339	1.74332	0.256677	0.1085912
44150	18.88552	16.62709	2.258431	0.0412525	0.771885	0.228115	1.54377	0.45623	0.06967621
44160	18.30332	16.16344	2.139884	0.0395205	0.67502	0.32498	1.35004	0.649959	0.07844564
44170	14.84707	12.9403	1.90677	-0.191709	0.340875	0.659125	0.681751	1.31825	0.09903959
44180	17.82963	15.49942	2.330212	0.0542698	0.706995	0.293005	1.41399	0.586009	0.06485006
44190	18.95077	16.61038	2.34039	0.0826401	0.738506	0.261494	1.47701	0.522987	0.06419339
44200	18.62446	16.3363	2.288162	-0.179624	0.595371	0.404629	1.19074	0.809257	0.06763516
44210	18.64414	16.53267	2.11147	-0.0543159	0.797336	0.202664	1.59467	0.405327	0.08070655
44220	18.06856	15.92695	2.141609	-0.41441	0.836543	0.163457	1.67309	0.326914	0.07831044
44230	17.17877	15.15022	2.028551	0.14836	0.603399	0.396601	1.2068	0.793202	0.08768395
44240	19.15249	16.69176	2.460736	-0.111707	0.62798	0.37202	1.25596	0.74404	0.05691471
44250	16.7204	14.95629	1.764119	0.210919	0.834246	0.165754	1.66849	0.331509	0.1142251
44260	17.81377	15.64533	2.168435	-0.576888	0.67803	0.32197	1.35606	0.643939	0.07623762
44270	18.96318	16.77638	2.186801	-0.11666	0.778556	0.221444	1.55711	0.442888	0.07485021
44280	18.69351	16.35551	2.338	-0.189763	0.586774	0.413226	1.17355	0.826453	0.06434698
44290	19.01644	16.582	2.434432	0.0673532	0.757856	0.242144	1.51571	0.484289	0.05843169
44300	16.63342	14.74396	1.889463	0.314447	0.849148	0.150852	1.6983	0.301704	0.1007686
44310	17.91677	15.65977	2.256993	0.279953	0.679465	0.320535	1.35893	0.64107	0.06977647
44320	16.4123	14.80612	1.606177	-0.317999	0.810665	0.189335	1.62133	0.37867	0.1337688
44330	14.81177	13.2099	1.601873	-0.609253	0.543084	0.456916	1.08617	0.913832	0.1343458
44340	16.57294	14.55416	2.018773	0.0140488	0.488757	0.511243	0.977515	1.02249	0.08854554
44350	19.20158	16.70046	2.501118	-0.347862	0.691817	0.308183	1.38363	0.616365	0.05466217
44360	17.35715	15.17193	2.185225	0.255025	0.837632	0.162368	1.67526	0.324737	0.0749683
44370	19.17863	16.56441	2.614224	0.00886995	0.684064	0.315936	1.36813	0.631872	0.0488164
44380	19.0493	16.55327	2.496029	-0.218229	0.606197	0.393803	1.21239	0.787605	0.05494106
44390	17.78929	15.63846	2.15083	-0.470063	0.834452	0.165548	1.6689	0.331097	0.07759168
44400	18.00753	16.06837	1.939161	-0.219442	0.753268	0.246732	1.50654	0.493463	0.095883
44410	19.20104	16.58882	2.612227	-0.126305	0.631057	0.368943	1.26211	0.737887	0.04891398
44420	18.65079	16.34276	2.308035	0.113268	0.670812	0.329188	1.34162	0.658376	0.06630435
44430	18.35076	16.27337	2.077386	0.0499585	0.761752	0.238248	1.5235	0.476496	0.0835048
44440	19.08674	16.66702	2.419723	-0.0876274	0.630077	0.369923	1.26015	0.739846	0.0592975
44450	18.98525	16.45211	2.53314	0.00333517	0.777515	0.222485	1.55503	0.44497	0.0529395
44460	18.57298	16.43047	2.142514	-0.449765	0.734248	0.265752	1.4685	0.531504	0.07823958
44470	17.70806	15.56859	2.139478	-0.365062	0.86056	0.13944	1.72112	0.278881	0.0784775
44480	18.36794	16.25482	2.113126	-0.124114	0.844695	0.155305	1.68939	0.310609	0.08057305
44490	19.48172	16.97835	2.503371	-0.148475	0.729308	0.270692	1.45862	0.541385	0.05453919
44500	16.70021	14.66453	2.035683	-0.648848	0.620726	0.379274	1.24145	0.758547	0.08706084
44510	18.41617	15.72056	2.69561	0.137388	0.651396	0.348604	1.30279	0.697208	0.04500081
44520	18.86865	16.62335	2.245305	-0.397595	0.770394	0.229606	1.54079	0.459212	0.07059681
44530	19.28615	16.83828	2.447869	-0.0815496	0.770722	0.229278	1.54144	0.458556	0.0576518
44540	17.84791	15.78023	2.067676	-0.20589	0.606077	0.393923	1.21215	0.787847	0.08431959
44550	18.7996	16.40121	2.398387	0.100002	0.657947	0.342053	1.31589	0.684107	0.06057625
44560	18.44299	16.39933	2.043661	-0.23232	0.824904	0.175096	1.64981	0.350191	0.08636907
44570	19.33516	16.96486	2.370299	-0.242253	0.695414	0.304586	1.39083	0.609173	0.06230185
44580	17.60659	15.677	1.929599	0.0661543	0.850916	0.149084	1.70183	0.298167	0.09680432
44590	18.22482	16.20818	2.016638	-0.171297	0.843007	0.156993	1.68601	0.313986	0.08873477
44600	18.12296	15.71686	2.406097	0.125113	0.821441	0.178559	1.64288	0.357117	0.060111
44610	18.65292	16.05503	2.597889	0.134619	0.733845	0.266155	1.46769	0.53231	0.04962038
44620	18.28613	15.54453	2.741595	-0.287108	0.57474	0.42526	1.14948	0.850519	0.04297828
44630	19.29324	16.64251	2.650728	-0.0679115	0.706146	0.293854	1.41229	0.587708	0.04706654
44640	17.80985	15.11117	2.698685	0.209357	0.622189	0.377811	1.24438	0.755621	0.04486265
44650	18.52207	15.91282	2.609258	0.0599501	0.783992	0.216008	1.56798	0.432015	0.0490594
44660	15.3764	13.61079	1.76561	-0.0682058	0.517117	0.482883	1.03423	0.965765	0.1140549
44670	17.33751	14.87847	2.459047	-0.488348	0.533551	0.466449	1.0671	0.932897	0.05701095
44680	16.13292	13.60672	2.526196	0.00242632	0.393274	0.606726	0.786548	1.21345	0.05330841
44690	18.12823	15.70781	2.420418	0.123226	0.561603	0.438397	1.12321	0.876794	0.05925631
44700	18.93	16.50679	2.423206	0.0757271	0.663775	0.336225	1.32755	0.67245	0.05909132
44710	18.49848	16.38936	2.109121	-0.392131	0.696557	0.303443	1.39311	0.606886	0.08089635
44720	19.34812	16.84767	2.500449	-0.116109	0.659256	0.340744	1.31851	0.681488	0.05469879
44730	19.45969	17.03737	2.422319	-0.166132	0.731316	0.268684	1.46263	0.537368	0.05914376
44740	17.48298	15.31923	2.163746	0.294471	0.643503	0.356497	1.28701	0.712994	0.07659595
44750	18.4908	15.94025	2.55055	-0.314869	0.801965	0.198035	1.60393	0.39607	0.05202584
44760	18.40269	16.00175	2.400944	-0.226363	0.540154	0.459846	1.08031	0.919692	0.06042157
44770	18.16942	15.51935	2.650076	-0.454338	0.655486	0.344514	1.31097	0.689029	0.04709721
44780	19.23764	16.66718	2.57046	-0.215393	0.635794	0.364206	1.27159	0.728412	0.05100023
44790	15.6677	13.09724	2.57046	0.429202	0.582483	0.417517	1.16497	0.835034	0.05100023
44800	18.31871	15.71588	2.602836	-0.121217	0.528358	0.471642	1.05672	0.943284	0.0493755
44810	19.17232	16.86813	2.304196	-0.312328	0.704474	0.295526	1.40895	0.591051	0.06655938
44820	17.49369	15.58096	1.912728	0.158319	0.797013	0.202987	1.59403	0.405973	0.09845136
44830	18.76715	16.35918	2.407965	-0.0697565	0.818519	0.181481	1.63704	0.362961	0.05999883
44840	18.26903	15.95405	2.314972	-0.244124	0.542946	0.457054	1.08589	0.914108	0.06584594
44850	19.09864	16.54207	2.556565	-0.316424	0.752802	0.247198	1.5056	0.494396	0.05171384
44860	18.3685	16.37395	1.994548	-0.252712	0.795504	0.204496	1.59101	0.408991	0.0907168
44870	18.3806	16.2692	2.111403	-0.386759	0.668164	0.331836	1.33633	0.663672	0.08071199
44880	18.81368	16.61722	2.196461	0.014275	0.758856	0.241144	1.51771	0.482287	0.07413068
44890	19.10344	16.47667	2.626775	-0.216376	0.621689	0.378311	1.24338	0.756622	0.04820753
44900	17.45945	15.13624	2.323206	0.333464	0.630303	0.369697	1.26061	0.739394	0.06530602
44910	18.72553	16.5319	2.193625	-0.331487	0.668526	0.331474	1.33705	0.662948	0.07434118
44920	18.54083	16.14624	2.394583	-0.351162	0.813429	0.186571	1.62686	0.373141	0.06080714
44930	17.48023	15.25082	2.229413	-0.133467	0.482411	0.517589	0.964822	1.03518	0.07172774
44940	17.12916	14.84262	2.286535	0.251425	0.527172	0.472828	1.05434	0.945656	0.06774528
44950	17.30566	15.46787	1.837788	0.039741	0.782875	0.217125	1.56575	0.43425	0.1061127
44960	19.07233	16.32069	2.751642	-0.104736	0.704133	0.295867	1.40827	0.591733	0.04254867
44970	17.59493	15.17821	2.416718	-0.350285	0.845979	0.154021	1.69196	0.308042	0.05947594
44980	18.00788	15.22885	2.779028	0.16041	0.676459	0.323541	1.35292	0.647082	0.04139924
44990	18.4928	15.75681	2.735994	-0.360981	0.717826	0.282174	1.43565	0.564349	0.04321968
45000	19.31444	16.98243	2.33201	-0.115435	0.742138	0.257862	1.48428	0.515724	0.06473356
45010	19.31259	16.85287	2.459715	-0.0446695	0.681913	0.318087	1.36383	0.636175	0.05697285
45020	18.73048	16.20949	2.520997	-0.438632	0.691035	0.308965	1.38207	0.61793	0.05358631
45030	17.90341	15.82042	2.082993	0.00443379	0.637848	0.362152	1.2757	0.724303	0.08303793
45040	17.68374	14.84397	2.839777	0.161435	0.676642	0.323358	1.35328	0.646717	0.03895912
45050	18.93325	16.48207	2.451186	-0.0896685	0.599216	0.400784	1.19843	0.801567	0.05746088
45060	19.02678	16.54353	2.483249	-0.0853677	0.608682	0.391318	1.21736	0.782636	0.05564772
45070	17.89628	15.66583	2.230447	-0.178566	0.525035	0.474965	1.05007	0.94993	0.07165356
45080	17.65366	15.4506	2.203065	0.311417	0.679821	0.320179	1.35964	0.640358	0.07364273
45090	18.30784	16.25497	2.052864	-0.414348	0.707655	0.292345	1.41531	0.584689	0.08557779
45100	18.24098	15.3891	2.851875	-0.179384	0.590462	0.409538	1.18092	0.819077	0.03849066
45110	18.71364	16.37652	2.337124	-0.300474	0.598472	0.401528	1.19694	0.803056	0.0644034
45120	18.12921	15.65021	2.479	0.17306	0.583662	0.416338	1.16732	0.832676	0.05588467
45130	17.16091	15.26637	1.894541	-0.313976	0.883559	0.116441	1.76712	0.232882	0.1002582
45140	14.6709	13.19537	1.475535	0.429667	0.82464	0.17536	1.64928	0.35072	0.1524376
45150	18.97087	16.47457	2.496294	0.0589115	0.648744	0.351256	1.29749	0.702511	0.0549265
45160	18.07619	15.7074	2.368785	-0.0247317	0.522243	0.477757	1.04449	0.955514	0.06239627
45170	18.73878	16.33214	2.406641	0.126794	0.769423	0.230577	1.53885	0.461153	0.06007832
45180	18.1846	15.30406	2.880539	-0.0957994	0.59875	0.40125	1.1975	0.8025	0.037403
45190	18.89145	16.1378	2.753657	-0.0171907	0.712027	0.287973	1.42405	0.575947	0.04246301
45200	18.27338	16.29563	1.97775	-0.180645	0.790569	0.209431	1.58114	0.418863	0.09225353
45210	19.09222	16.76743	2.324793	-0.0873517	0.669507	0.330493	1.33901	0.660985	0.06520244
45220	17.78538	15.85557	1.929807	-0.147754	0.861514	0.138486	1.72303	0.276973	0.09678415
45230	18.76364	16.61061	2.153026	-0.134696	0.813273	0.186727	1.62655	0.373454	0.07742146
45240	17.68731	14.96587	2.721442	0.0823168	0.535039	0.464961	1.07008	0.929922	0.04385324
45250	19.23004	16.86551	2.364528	-0.187971	0.665777	0.334223	1.33155	0.668447	0.06266246
45260	19.06024	16.56946	2.490789	-0.244638	0.611556	0.388444	1.22311	0.776888	0.0552297
45270	17.7946	15.77165	2.02295	-0.0783996	0.652583	0.347417	1.30517	0.694834	0.08817648
45280	18.37869	16.05866	2.320037	0.0555857	0.590851	0.409149	1.1817	0.818298	0.06551331
45290	18.76469	16.5305	2.234191	-0.376706	0.79676	0.20324	1.59352	0.40648	0.07138581
45300	17.15657	14.73773	2.418839	0.132028	0.47216	0.52784	0.944321	1.05568	0.05934993
45310	19.17619	16.86707	2.309122	-0.324647	0.710527	0.289473	1.42105	0.578945	0.06623227
45320	19.47179	16.9772	2.494593	-0.215261	0.72667	0.27333	1.45334	0.546661	0.05502004
45330	18.83016	16.62625	2.203903	-0.405061	0.75558	0.24442	1.51116	0.48884	0.07358105
45340	18.35664	15.99456	2.362079	-0.465121	0.615803	0.384197	1.23161	0.768395	0.06281606
45350	18.70187	16.54144	2.160427	-0.400579	0.712613	0.287387	1.42523	0.574774	0.07685059
45360	15.93691	14.33203	1.604882	-0.553139	0.708913	0.291087	1.41783	0.582174	0.1339422
45370	19.11888	16.59499	2.523892	0.0591011	0.716441	0.283559	1.43288	0.567119	0.05343138
45380	17.66907	15.71942	1.949648	0.0454969	0.731857	0.268143	1.46371	0.536287	0.09488274
45390	17.11977	14.66806	2.451709	0.377545	0.657119	0.342881	1.31424	0.685762	0.0574308
45400	17.44361	15.34692	2.096689	0.248825	0.834711	0.165289	1.66942	0.330578	0.08190836
45410	16.89485	15.20183	1.69302	-0.188991	0.821417	0.178583	1.64283	0.357166	0.1226421
45420	18.76449	16.61554	2.148948	-0.198951	0.707427	0.292573	1.41485	0.585146	0.07773782
45430	17.91365	15.92861	1.985041	-0.503263	0.717564	0.282436	1.43513	0.564873	0.09158333
45440	19.05234	16.68093	2.371404	0.00450636	0.669599	0.330401	1.3392	0.660802	0.06223303
45450	18.59428	16.39439	2.19989	-0.429185	0.673549	0.326451	1.3471	0.652903	0.07387688
45460	19.37182	16.86201	2.509804	-0.151951	0.659465	0.340535	1.31893	0.681071	0.05418945
45470	19.21974	16.88348	2.336252	-0.160755	0.679434	0.320566	1.35887	0.641133	0.06445955
45480	17.503	15.63001	1.872997	-0.00106829	0.770535	0.229465	1.54107	0.45893	0.1024416
45490	19.12607	16.88933	2.236739	-0.245554	0.769637	0.230363	1.53927	0.460726	0.07120412
45500	15.58769	13.19197	2.395723	-0.473082	0.413217	0.586783	0.826433	1.17357	0.06073784
45510	18.16993	15.4176	2.752332	-0.292255	0.569358	0.430642	1.13872	0.861284	0.04251931
45520	18.30491	16.03614	2.268774	-0.361113	0.576796	0.423204	1.15359	0.846407	0.06895928
45530	17.71389	15.68605	2.027832	-0.211779	0.615756	0.384244	1.23151	0.768488	0.08774708
45540	19.37322	16.98188	2.391333	-0.275147	0.722241	0.277759	1.44448	0.555518	0.06100506
45550	19.06734	16.58058	2.486756	0.0780379	0.711598	0.288402	1.4232	0.576804	0.05545291
45560	17.69384	15.76156	1.932282	0.0705007	0.768276	0.231724	1.53655	0.463448	0.09654493
45570	18.65874	16.52767	2.131069	-0.296838	0.696994	0.303006	1.39399	0.606012	0.07914018
45580	17.61161	15.27176	2.339855	-0.254131	0.862716	0.137284	1.72543	0.274568	0.06422777
45590	19.32171	16.91431	2.407409	-0.276964	0.684956	0.315044	1.36991	0.630088	0.06003222
45600	19.27591	16.75898	2.516935	-0.0993937	0.768268	0.231732	1.53654	0.463463	0.0538044
45610	18.09359	15.91374	2.17985	0.236188	0.738296	0.261704	1.47659	0.523408	0.07537236
45620	18.77973	16.62987	2.149861	-0.374504	0.741208	0.258792	1.48242	0.517584	0.07766691
45630	15.49563	12.67636	2.819267	0.320868	0.559365	0.440635	1.11873	0.88127	0.03976642
45640	18.78453	16.61812	2.166407	-0.0951968	0.809226	0.190774	1.61845	0.381549	0.07639236
45650	17.75978	15.79973	1.960046	-0.1088	0.700548	0.299452	1.4011	0.598904	0.09390126
45660	16.17303	14.62411	1.548925	-0.516592	0.833748	0.166252	1.6675	0.332504	0.1416509
45670	18.48942	16.29955	2.189874	-0.491302	0.732905	0.267095	1.46581	0.534191	0.07462058
45680	19.01778	16.61457	2.403206	-0.280995	0.623505	0.376495	1.24701	0.752991	0.06028506
45690	18.14396	16.20361	1.940349	-0.229411	0.802992	0.197008	1.60598	0.394016	0.09576922
45700	16.51	14.74705	1.762946	-0.626946	0.687647	0.312353	1.37529	0.624706	0.1143591
45710	15.86264	14.06917	1.793466	-0.434053	0.52314	0.47686	1.04628	0.953721	0.1109217
45720	16.41436	14.81913	1.595228	-0.272497	0.831295	0.168705	1.66259	0.337411	0.1352415
45730	18.55426	15.69375	2.860514	-0.105279	0.640044	0.359956	1.28009	0.719912	0.03815956
45740	18.91605	16.47752	2.438527	-0.13666	0.810462	0.189538	1.62092	0.379076	0.05819286
45750	17.41644	15.42795	1.988487	-0.00178815	0.636283	0.363717	1.27257	0.727435	0.09126824
45760	19.18035	16.82714	2.353204	-0.198004	0.659933	0.340067	1.31987	0.680134	0.06337607
45770	18.44985	16.12518	2.324671	-0.239708	0.561117	0.438883	1.12223	0.877766	0.06521039
45780	19.35825	16.98537	2.372881	-0.273399	0.727646	0.272354	1.45529	0.544707	0.0621412
45790	17.57073	15.05944	2.511289	-0.526218	0.601935	0.398065	1.20387	0.796131	0.05410906
45800	18.73372	16.34374	2.389976	-0.22933	0.821799	0.178201	1.6436	0.356403	0.06108795
45810	15.40743	13.64495	1.762474	-0.393896	0.484098	0.515902	0.968195	1.0318	0.1144132
45820	12.58848	11.63111	0.9573673	-0.620705	0.91589	0.0841097	1.83178	0.168219	0.2559348
45830	14.28365	12.7548	1.528856	-0.239267	0.605323	0.394677	1.21065	0.789354	0.1445224
45840	18.41953	15.82016	2.599364	0.00197453	0.553498	0.446502	1.107	0.893003	0.04954724
45850	18.74479	16.60968	2.135116	-0.150594	0.811359	0.188641	1.62272	0.377281	0.07882057
45860	18.2078	15.92463	2.283172	0.0759958	0.586878	0.413122	1.17376	0.826244	0.0679735
45870	17.82968	15.5844	2.245286	-0.58242	0.70302	0.29698	1.40604	0.593959	0.07059818
45880	18.42935	15.78539	2.643962	-0.203154	0.545997	0.454003	1.09199	0.908006	0.04738607
45890	18.91311	16.45097	2.46214	0.0928775	0.758409	0.241591	1.51682	0.483183	0.05683489
45900	17.34141	15.34925	1.992161	0.176517	0.672174	0.327826	1.34435	0.655651	0.09093355
45910	19.40512	17.00862	2.3965	-0.11848	0.741519	0.258481	1.48304	0.516962	0.06069067
45920	18.11022	15.99681	2.113415	-0.281334	0.611189	0.388811	1.22238	0.777622	0.08054978
45930	17.88941	15.67222	2.217189	-0.535291	0.624225	0.375775	1.24845	0.751551	0.07260992
45940	19.2439	16.89869	2.345207	-0.0409931	0.740128	0.259872	1.48026	0.519744	0.06388494
45950	19.33239	16.80252	2.529871	-0.0961525	0.757274	0.242726	1.51455	0.485453	0.05311288
45960	18.11555	15.24408	2.871476	0.062567	0.676395	0.323605	1.35279	0.64721	0.03774354
45970	16.95469	13.97931	2.975377	0.0848032	0.593174	0.406826	1.18635	0.813652	0.03401879
45980	18.83321	16.30084	2.532371	-0.372495	0.762443	0.237557	1.52489	0.475114	0.05298023
45990	17.71341	15.11509	2.598326	-0.329334	0.508076	0.491924	1.01615	0.983848	0.04959866
46000	17.96506	16.03565	1.929414	-0.307908	0.840299	0.159701	1.6806	0.319402	0.09682216
46010	17.5167	15.126	2.390701	-0.250758	0.465439	0.534561	0.930877	1.06912	0.06104364
46020	18.31599	15.9239	2.392095	0.0764881	0.570649	0.429351	1.1413	0.858702	0.0609586
46030	19.09509	16.36323	2.731857	-0.215994	0.705755	0.294245	1.41151	0.58849	0.04339888
46040	17.95001	15.09784	2.852172	-0.0198851	0.762471	0.237529	1.52494	0.475058	0.03847922
46050	18.90507	16.67122	2.233846	-0.289754	0.804248	0.195752	1.6085	0.391504	0.07141046
46060	18.3489	16.08613	2.26277	-0.510161	0.758626	0.241374	1.51725	0.482747	0.06937459
46070	17.64343	15.28296	2.360477	0.203843	0.549582	0.450418	1.09916	0.900836	0.06291678
46080	18.82853	16.58094	2.247586	-0.213578	0.82057	0.17943	1.64114	0.35886	0.070436
46090	14.98481	12.9689	2.015914	-0.683475	0.498959	0.501041	0.997919	1.00208	0.08879911
46100	17.2561	15.37993	1.876167	0.0624674	0.735362	0.264638	1.47072	0.529275	0.1021174
46110	17.56456	15.467	2.097553	-0.548232	0.814365	0.185635	1.62873	0.37127	0.0818376
46120	19.03637	16.83054	2.205834	-0.174286	0.734254	0.265746	1.46851	0.531492	0.07343909
46130	18.74295	16.43222	2.310736	0.0956703	0.784738	0.215262	1.56948	0.430523	0.06612548
46140	17.80043	15.6526	2.147838	0.161944	0.626641	0.373359	1.25328	0.746718	0.07782416
46150	17.46926	14.71032	2.758938	-0.397154	0.771149	0.228851	1.5423	0.457703	0.04223936
46160	18.93313	16.57269	2.360436	0.037203	0.663447	0.336553	1.32689	0.673106	0.06291935
46170	19.04232	16.48355	2.55877	-0.371966	0.701934	0.298066	1.40387	0.596131	0.05159995
46180	17.2202	14.66904	2.551155	-0.50163	0.553652	0.446348	1.1073	0.892696	0.05199435
46190	19.05075	16.8488	2.201953	-0.239042	0.743982	0.256018	1.48796	0.512037	0.07372462
46200	19.05581	16.57352	2.482293	0.0193029	0.645417	0.354583	1.29083	0.709165	0.05570096
46210	17.51284	15.12885	2.383984	-0.368751	0.48772	0.51228	0.975439	1.02456	0.06145506
46220	17.73542	15.8192	1.916214	-0.38672	0.710813	0.289187	1.42163	0.578373	0.09810876
46230	18.89229	16.39044	2.501854	-0.362446	0.768864	0.231136	1.53773	0.462271	0.05462197
46240	19.17495	16.52	2.654942	-0.227837	0.645162	0.354838	1.29032	0.709676	0.04686859
46250	16.89653	14.52392	2.372607	-0.338167	0.437557	0.562443	0.875115	1.12489	0.06215822
46260	19.01484	16.62205	2.392796	0.00424578	0.78775	0.21225	1.5755	0.4245	0.06091592
46270	17.38069	15.36943	2.011257	-0.485184	0.595308	0.404692	1.19062	0.809384	0.08921354
46280	18.45981	16.37142	2.088383	0.00693738	0.804006	0.195994	1.60801	0.391988	0.08259155
46290	15.54995	13.76561	1.784347	0.280706	0.597329	0.402671	1.19466	0.805342	0.1119377
46300	17.12606	15.25896	1.867095	0.172521	0.852606	0.147394	1.70521	0.294787	0.103048
46310	13.66373	12.04442	1.61931	0.328163	0.464041	0.535959	0.928082	1.07192	0.1320235
46320	18.65472	16.30503	2.349686	-0.312339	0.589804	0.410196	1.17961	0.820392	0.06359943
46330	19.34847	17.00377	2.344699	-0.242461	0.725145	0.274855	1.45029	0.54971	0.06391736
46340	18.43807	16.42289	2.015186	-0.273209	0.800184	0.199816	1.60037	0.399631	0.08886377
46350	16.37774	14.76438	1.613356	-0.473044	0.779321	0.220679	1.55864	0.441359	0.1328119
46360	16.52556	14.5693	1.956265	0.409879	0.697278	0.302722	1.39456	0.605444	0.09425701
46370	17.7139	15.20639	2.507511	0.23378	0.574703	0.425297	1.14941	0.850594	0.05431387
46380	16.138	14.19946	1.938548	-0.0668385	0.471866	0.528134	0.943733	1.05627	0.09594186
46390	17.69159	15.25631	2.435281	-0.0845697	0.474125	0.525875	0.94825	1.05175	0.05838207
46400	18.36545	15.55572	2.809722	-0.100088	0.58252	0.41748	1.16504	0.834961	0.04014783
46410	19.03738	16.42009	2.617283	-0.187677	0.60668	0.39332	1.21336	0.786639	0.04866727
46420	19.17578	16.47099	2.704796	-0.0651413	0.693327	0.306673	1.38665	0.613346	0.04458929
46430	18.07096	15.57952	2.491445	0.00652545	0.516694	0.483306	1.03339	0.966612	0.05519349
46440	17.49129	15.42041	2.070884	0.281346	0.697436	0.302564	1.39487	0.605127	0.0840495
46450	18.70159	16.1331	2.568495	-0.418429	0.726653	0.273347	1.45331	0.546694	0.05110057
46460	17.03156	15.30838	1.723179	-0.205301	0.808477	0.191523	1.61695	0.383046	0.1189985
46470	17.84364	15.63954	2.204098	0.0472823	0.561942	0.438058	1.12388	0.876116	0.07356671
46480	17.82212	15.87886	1.943267	-0.512878	0.750157	0.249843	1.50031	0.499686	0.09549014
46490	18.07631	15.48605	2.590262	0.174767	0.589203	0.410797	1.17841	0.821595	0.05000023
46500	18.80606	16.21502	2.591044	0.0403764	0.771633	0.228367	1.54327	0.456734	0.04996115
46510	18.63554	16.33496	2.300571	0.14621	0.702377	0.297623	1.40475	0.595246	0.06680106
46520	18.78867	16.31953	2.469149	-0.240223	0.810241	0.189759	1.62048	0.379518	0.05643792
46530	17.66314	15.60841	2.054725	0.0232353	0.625401	0.374599	1.2508	0.749198	0.08541875
46540	18.31211	15.89518	2.416931	-0.491403	0.637808	0.362192	1.27562	0.724384	0.0594633
46550	18.52487	16.1061	2.418771	-0.244068	0.552484	0.447516	1.10497	0.895032	0.05935397
46560	18.83934	16.33029	2.509047	-0.423211	0.684823	0.315177	1.36965	0.630354	0.0542305
46570	18.59691	16.11979	2.477113	-0.0533223	0.559535	0.440465	1.11907	0.88093	0.05599024
46580	16.70446	14.53007	2.174391	-0.465456	0.468852	0.531148	0.937703	1.0623	0.07578488
46590	18.32295	16.04995	2.273002	-0.432331	0.602998	0.397002	1.206	0.794004	0.06866832
46600	16.55159	14.12348	2.428106	0.276925	0.837326	0.162674	1.67465	0.325348	0.05880251
46610	19.07086	16.81355	2.257312	-0.286941	0.697094	0.302906	1.39419	0.605811	0.06975421
46620	18.71944	16.52839	2.191047	-0.0918744	0.822417	0.177583	1.64483	0.355165	0.07453307
46630	14.34228	13.01449	1.327785	0.182548	0.917167	0.0828329	1.83433	0.165666	0.1767092
46640	17.87856	15.93171	1.946858	-0.270486	0.856014	0.143986	1.71203	0.287971	0.09514787
46650	18.04022	16.12365	1.916576	-0.257819	0.81811	0.18189	1.63622	0.363779	0.09807321
46660	19.364	16.81438	2.549614	-0.270061	0.686023	0.313977	1.37205	0.627953	0.05207455
46670	18.10257	16.01492	2.087652	-0.101677	0.857737	0.142263	1.71547	0.284526	0.08265195
46680	16.99879	14.72878	2.27001	0.416955	0.701241	0.298759	1.40248	0.597519	0.06887411
46690	17.5536	15.0638	2.489805	-0.133176	0.462374	0.537626	0.924748	1.07525	0.05528409
46700	18.34524	16.00323	2.342012	-0.258405	0.840268	0.159732	1.68054	0.319465	0.06408936
46710	16.77861	14.52225	2.256357	0.35444	0.821367	0.178633	1.64273	0.357266	0.0698209
46720	16.71927	14.72012	1.999148	0.0665241	0.893361	0.106639	1.78672	0.213278	0.09030046
46730	17.66351	15.6787	1.984803	-0.532982	0.679079	0.320921	1.35816	0.641841	0.09160508
46740	18.4241	15.74738	2.676714	-0.375422	0.750579	0.249421	1.50116	0.498841	0.04585924
46750	17.23033	14.39252	2.837803	-0.159824	0.505095	0.494905	1.01019	0.989811	0.03903613
46760	18.25558	16.18954	2.066046	-0.0248683	0.837593	0.162407	1.67519	0.324814	0.08445714
46770	17.31666	15.38978	1.926885	-0.195299	0.644046	0.355954	1.28809	0.711909	0.09706737
46780	16.08781	14.4152	1.67261	-0.301763	0.697119	0.302881	1.39424	0.605762	0.1251709
46790	18.45739	15.93249	2.524906	-0.0157	0.549516	0.450484	1.09903	0.900969	0.05337722
46800	14.3161	12.29601	2.020089	0.590007	0.563931	0.436069	1.12786	0.872138	0.08842908
46810	18.45968	15.98542	2.474262	-0.184556	0.537268	0.462732	1.07454	0.925465	0.0561501
46820	17.86244	15.0008	2.861638	-0.336863	0.725416	0.274584	1.45083	0.549168	0.03811671
46830	15.26683	12.63832	2.62851	-0.144377	0.368942	0.631058	0.737885	1.26212	0.04812395
46840	19.10018	16.6567	2.443481	-0.17891	0.796736	0.203264	1.59347	0.406527	0.0579053
46850	18.75047	16.6249	2.125569	-0.130733	0.743411	0.256589	1.48682	0.513178	0.07957673
46860	17.69356	15.14568	2.547882	-0.430742	0.540571	0.459429	1.08114	0.918857	0.0521648
46870	19.15723	16.43342	2.723807	-0.126048	0.712293	0.287707	1.42459	0.575415	0.04374964
46880	18.73273	15.94199	2.790741	-0.098908	0.620304	0.379696	1.24061	0.759392	0.04091716
46890	18.78155	16.38057	2.400987	-0.070588	0.818242	0.181758	1.63648	0.363516	0.06041899
46900	12.82423	11.46249	1.361743	-0.801578	0.850876	0.149124	1.70175	0.298249	0.1708092
46910	13.3756	12.04517	1.330422	-0.790837	0.641477	0.358523	1.28295	0.717045	0.1762438
46920	15.42545	13.88738	1.538066	-0.675814	0.713162	0.286838	1.42632	0.573676	0.1431975
46930	19.35328	16.97677	2.376505	-0.231732	0.696339	0.303661	1.39268	0.607322	0.06191639
46940	18.86796	16.19322	2.67474	0.0229226	0.632504	0.367496	1.26501	0.734992	0.04594985
46950	19.37257	16.76586	2.606704	-0.11705	0.671629	0.328371	1.34326	0.656742	0.04918486
46960	19.36903	16.90126	2.467767	-0.261159	0.678522	0.321478	1.35704	0.642956	0.05651595
46970	17.79681	15.77395	2.022853	-0.563073	0.724392	0.275608	1.44878	0.551217	0.08818502
46980	18.94208	16.63614	2.30594	-0.142952	0.640125	0.359875	1.28025	0.71975	0.06644341
46990	18.40719	15.80652	2.600662	-0.366191	0.781288	0.218712	1.56258	0.437424	0.04948293
47000	18.74745	16.49503	2.252414	-0.435877	0.69079	0.30921	1.38158	0.61842	0.0700967
47010	16.45855	14.31973	2.138825	0.170289	0.459052	0.540948	0.918104	1.0819	0.07852876
47020	17.84887	15.96909	1.879776	-0.333372	0.783062	0.216938	1.56612	0.433876	0.1017495
47030	17.89999	15.70942	2.190569	0.229443	0.658439	0.341561	1.31688	0.683122	0.07456869
47040	17.71424	15.49965	2.214585	0.0903242	0.552131	0.447869	1.10426	0.895738	0.0727992
47050	18.40103	16.20955	2.191481	-0.308938	0.838298	0.161702	1.6766	0.323405	0.07450075
47060	12.99902	11.04444	1.954577	0.674814	0.595794	0.404206	1.19159	0.808412	0.0944162
47070	17.76831	15.50535	2.262958	0.0165927	0.522177	0.477823	1.04435	0.955646	0.06936149
47080	17.9446	15.96647	1.978127	0.0772394	0.794999	0.205001	1.59	0.410003	0.09221873
47090	18.1961	16.23293	1.963176	-0.146108	0.806816	0.193184	1.61363	0.386369	0.09360784
47100	13.27032	11.60973	1.660584	-0.374044	0.30249	0.69751	0.60498	1.39502	0.1266853
47110	16.17975	14.61336	1.566397	-0.239119	0.826916	0.173084	1.65383	0.346169	0.1391973
47120	16.32848	14.66928	1.659198	-0.347666	0.738207	0.261793	1.47641	0.523585	0.126861
47130	18.22555	16.19134	2.034211	-0.413141	0.816508	0.183492	1.63302	0.366983	0.08718905
47140	15.75838	14.05444	1.703934	-0.679455	0.642737	0.357263	1.28547	0.714525	0.1213108
47150	16.41582	14.59928	1.816543	-0.509652	0.589388	0.410612	1.17878	0.821225	0.1083912
47160	19.017	16.78545	2.231554	-0.192408	0.698124	0.301876	1.39625	0.603752	0.07157434
47170	16.62206	14.29227	2.329795	-0.21728	0.884069	0.115931	1.76814	0.231861	0.06487714
47180	17.0681	14.5292	2.538902	-0.227181	0.440636	0.559364	0.881272	1.11873	0.05263536
47190	18.0662	16.05125	2.014944	-0.326741	0.679331	0.320669	1.35866	0.641338	0.08888521
47200	18.06522	16.07572	1.989492	-0.470584	0.735584	0.264416	1.47117	0.528832	0.09117656
47210	17.09224	14.99279	2.09945	-0.427797	0.507238	0.492762	1.01448	0.985523	0.08168252
47220	16.69936	14.82062	1.878741	0.208418	0.675997	0.324003	1.35199	0.648007	0.1018549
47230	18.98535	16.6153	2.370043	0.0825785	0.719672	0.280328	1.43934	0.560656	0.06231778
47240	19.08675	16.76398	2.322774	-0.0352614	0.686897	0.313103	1.37379	0.626206	0.06533425
47250	19.01863	16.74801	2.270619	-0.0402167	0.70454	0.29546	1.40908	0.59092	0.06883216
47260	18.67128	16.5294	2.14188	-0.206865	0.691568	0.308432	1.38314	0.616865	0.07828925
47270	18.42489	16.34019	2.084696	-0.0258912	0.731844	0.268156	1.46369	0.536312	0.08289658
47280	18.40524	16.07512	2.330124	0.162476	0.794661	0.205339	1.58932	0.410679	0.06485581
47290	18.85779	16.59222	2.265571	0.0634766	0.764383	0.235617	1.52877	0.471235	0.06918049
47300	18.18317	15.58829	2.594873	-0.174392	0.516669	0.483331	1.03334	0.966661	0.04977023
47310	18.07377	15.8794	2.194372	-0.496061	0.624475	0.375525	1.24895	0.75105	0.07428568
47320	17.66432	15.61116	2.053167	0.197972	0.691377	0.308623	1.38275	0.617246	0.0855519
47330	17.32964	15.47481	1.854826	-0.0839295	0.737852	0.262148	1.4757	0.524295	0.1043201
47340	15.50048	13.12272	2.377758	0.202829	0.386898	0.613102	0.773795	1.2262	0.0618389
47350	18.8179	16.49898	2.31892	-0.374764	0.64084	0.35916	1.28168	0.718319	0.06558651
47360	19.28131	16.91847	2.362838	-0.160997	0.68069	0.31931	1.36138	0.638619	0.0627684
47370	19.0722	16.59382	2.478373	0.069038	0.737026	0.262974	1.47405	0.525948	0.05591972
47380	17.59549	15.08901	2.506482	-0.376643	0.502741	0.497259	1.00548	0.994517	0.05436977
47390	18.33618	15.7853	2.550874	-0.433371	0.766214	0.233786	1.53243	0.467573	0.05200897
47400	19.1737	16.87561	2.298087	-0.226047	0.688902	0.311098	1.3778	0.622196	0.06696719
47410	18.84424	16.53969	2.304551	0.0892791	0.764386	0.235614	1.52877	0.471228	0.06653571
47420	18.62113	16.33555	2.285575	0.142396	0.769918	0.230082	1.53984	0.460165	0.06781037
47430	17.47761	15.66629	1.811323	-0.455438	0.796504	0.203496	1.59301	0.406991	0.1089585
47440	16.64139	14.27371	2.367682	0.167987	0.444846	0.555154	0.889692	1.11031	0.06246511
47450	15.25119	13.48162	1.769567	-0.536353	0.473006	0.526994	0.946012	1.05399	0.1136045
47460	19.26366	16.94647	2.317193	-0.286416	0.723962	0.276038	1.44792	0.552076	0.06569986
47470	18.51122	16.21707	2.294159	0.146487	0.669899	0.330101	1.3398	0.660202	0.06723077
47480	18.34446	16.16483	2.179626	-0.104015	0.617671	0.382329	1.23534	0.764658	0.07538922
47490	17.36396	15.51144	1.852526	-0.131206	0.875961	0.124039	1.75192	0.248078	0.1045603
47500	18.16742	16.13255	2.034866	0.0626853	0.80919	0.19081	1.61838	0.381621	0.08713197
47510	16.60686	14.05359	2.553271	0.262666	0.498599	0.501401	0.997198	1.0028	0.05188444
47520	18.17815	16.00678	2.171373	0.0252439	0.624618	0.375382	1.24924	0.750765	0.076014
47530	19.20856	16.79823	2.41033	-0.245998	0.648947	0.351053	1.29789	0.702106	0.05985712
47540	17.036	15.32786	1.70814	-0.436144	0.818468	0.181532	1.63694	0.363065	0.1208017
47550	18.51367	16.29484	2.218827	-0.436426	0.652349	0.347651	1.3047	0.695303	0.07249105
47560	18.13966	16.10406	2.035606	0.086982	0.780614	0.219386	1.56123	0.438772	0.08706756
47570	19.34946	16.84755	2.501907	-0.277351	0.677862	0.322138	1.35572	0.644276	0.05461906
47580	15.90168	14.20796	1.693714	0.261801	0.885447	0.114553	1.77089	0.229107	0.122557
47590	18.86561	16.62136	2.244247	-0.418584	0.729098	0.270902	1.4582	0.541804	0.07067152
47600	17.24964	14.9413	2.308341	0.0756427	0.472485	0.527515	0.944969	1.05503	0.06628403
47610	19.08565	16.69011	2.395541	-0.191824	0.627288	0.372712	1.25458	0.745424	0.06074891
47620	18.23827	16.10539	2.13288	0.0119048	0.659067	0.340933	1.31813	0.681866	0.07899705
47630	18.42017	16.21653	2.203636	0.164088	0.735515	0.264485	1.47103	0.52897	0.07360065
47640	18.6476	16.33722	2.310376	-0.00529949	0.616437	0.383563	1.23287	0.767126	0.06614929
47650	19.21017	16.85373	2.356437	-0.339388	0.707567	0.292433	1.41513	0.584867	0.06317148
47660	17.744	15.84388	1.900118	-0.0773218	0.770162	0.229838	1.54032	0.459677	0.0997006
47670	17.02102	15.2722	1.748823	-0.487944	0.752889	0.247111	1.50578	0.494222	0.1159858
47680	17.08308	15.13448	1.948601	-0.566441	0.621568	0.378432	1.24314	0.756865	0.09498217
47690	18.57419	16.17895	2.395237	-0.459743	0.762027	0.237973	1.52405	0.475945	0.06076738
47700	15.08914	13.26901	1.820136	0.190841	0.464639	0.535361	0.929278	1.07072	0.1080025
47710	16.03153	14.37267	1.658854	0.114974	0.769755	0.230245	1.53951	0.46049	0.1269047
47720	15.77961	14.24972	1.52989	-0.552208	0.761104	0.238896	1.52221	0.477792	0.1443729
47730	14.66435	12.86239	1.801961	0.272385	0.440646	0.559354	0.881293	1.11871	0.1099833
47740	17.14194	14.7892	2.352746	-0.506454	0.518934	0.481066	1.03787	0.962131	0.06340507
47750	18.53369	16.40947	2.124217	-0.285582	0.828826	0.171174	1.65765	0.342349	0.07968433
47760	18.76182	16.39756	2.364253	-0.114237	0.824102	0.175898	1.6482	0.351796	0.06267968
47770	18.65851	16.08684	2.571667	-0.0855126	0.805859	0.194141	1.61172	0.388283	0.05093869
47780	19.33655	16.93793	2.39862	-0.162887	0.678148	0.321852	1.3563	0.643704	0.06056215
47790	19.17947	16.53796	2.641517	-0.00307733	0.695831	0.304169	1.39166	0.608338	0.04750206
47800	18.5057	15.78596	2.719736	-0.316375	0.755676	0.244324	1.51135	0.488649	0.04392809
47810	16.23264	14.04733	2.185308	-0.628589	0.539984	0.460016	1.07997	0.920033	0.07496209
47820	17.05174	15.02536	2.026372	-0.538028	0.847193	0.152807	1.69439	0.305614	0.08787523
47830	17.04043	15.13742	1.903014	0.24935	0.735073	0.264927	1.47015	0.529855	0.09941232
47840	13.62786	12.37152	1.256341	-0.7866	0.802513	0.197487	1.60503	0.394974	0.1897959
47850	13.56876	12.4222	1.146558	-0.731873	0.816658	0.183342	1.63332	0.366685	0.2118191
47860	16.29788	14.58859	1.709294	-0.0749114	0.905727	0.094273	1.81145	0.188546	0.1206623
47870	19.0277	16.79008	2.237617	-0.137361	0.796118	0.203882	1.59224	0.407764	0.07114167
47880	18.49878	16.2447	2.254079	-0.439975	0.796864	0.203136	1.59373	0.406272	0.06998013
47890	18.63503	16.16675	2.468286	-0.351704	0.798672	0.201328	1.59734	0.402656	0.05648665
47900	18.55521	16.24258	2.312628	-0.168996	0.577177	0.422823	1.15435	0.845646	0.06600048
47910	18.80811	16.21011	2.597999	0.0560861	0.763772	0.236228	1.52754	0.472455	0.04961492
47920	18.57794	16.43404	2.143894	-0.443381	0.76773	0.23227	1.53546	0.46454	0.07813173
47930	19.01267	16.41136	2.601316	-0.339116	0.653751	0.346249	1.3075	0.692498	0.04945062
47940	17.47911	15.31457	2.164531	0.0530866	0.870933	0.129067	1.74187	0.258134	0.07653582
47950	15.99116	14.3887	1.602459	0.115195	0.889348	0.110652	1.7787	0.221304	0.1342671
47960	16.52672	14.90464	1.622077	-0.492878	0.846965	0.153035	1.69393	0.306071	0.1316587
47970	17.47071	15.47904	1.991672	0.150484	0.686651	0.313349	1.3733	0.626698	0.09097801
47980	18.18526	15.85953	2.325726	0.252711	0.690585	0.309415	1.38117	0.618829	0.06514168
47990	17.71225	15.81891	1.893337	0.00410539	0.806495	0.193505	1.61299	0.387011	0.100379
48000	16.67221	14.6172	2.055017	-0.0977295	0.46499	0.53501	0.92998	1.07002	0.08539379
48010	17.31427	15.27668	2.037588	-0.525385	0.59018	0.40982	1.18036	0.81964	0.0868951
48020	16.33591	13.59357	2.742335	0.328611	0.605018	0.394982	1.21004	0.789964	0.04294652
48030	17.61272	14.94148	2.671239	-0.497028	0.653013	0.346987	1.30603	0.693974	0.04611096
48040	19.05485	16.38361	2.671239	-0.304072	0.675248	0.324752	1.3505	0.649503	0.04611096
48050	18.61873	15.75567	2.863054	-0.134514	0.696232	0.303768	1.39246	0.607535	0.03806276
48060	19.06483	16.57313	2.4917	-0.228665	0.790673	0.209327	1.58135	0.418654	0.0551794
48070	18.60619	15.96235	2.643836	-0.396846	0.725937	0.274063	1.45187	0.548127	0.04739205
48080	16.30476	13.967	2.337766	0.468013	0.716246	0.283754	1.43249	0.567509	0.06436208
48090	17.12605	15.01858	2.107471	0.027878	0.884073	0.115927	1.76815	0.231854	0.08102999
48100	17.95386	15.25846	2.695394	-0.3182	0.54276	0.45724	1.08552	0.914481	0.04501053
48110	18.32605	15.42051	2.905546	-0.171416	0.644039	0.355961	1.28808	0.711923	0.03647927
48120	17.65769	15.72843	1.929264	-0.542465	0.740434	0.259566	1.48087	0.519133	0.09683668
48130	18.62037	16.5468	2.073567	-0.198847	0.755228	0.244772	1.51046	0.489545	0.08382432
48140	19.26987	16.97205	2.29782	-0.250489	0.738813	0.261187	1.47763	0.522374	0.06698509
48150	17.77267	15.18628	2.586384	-0.497758	0.745595	0.254405	1.49119	0.508809	0.05019456
48160	19.06185	16.50321	2.558637	0.0594667	0.730492	0.269508	1.46098	0.539016	0.05160678
48170	18.40343	16.07306	2.330368	-0.21093	0.552873	0.447127	1.10575	0.894255	0.06483995
48180	18.70964	16.13938	2.57026	-0.25618	0.571739	0.428261	1.14348	0.856523	0.05101043
48190	18.22991	16.05735	2.172564	-0.054379	0.851493	0.148507	1.70299	0.297015	0.07592347
48200	17.80549	15.77728	2.028211	-0.331022	0.624418	0.375582	1.24884	0.751164	0.08771376
48210	17.9995	15.20675	2.792755	-0.310083	0.576651	0.423349	1.1533	0.846699	0.0408348
48220	18.47499	15.86842	2.606571	-0.421121	0.634134	0.365866	1.26827	0.731732	0.04919144
48230	16.6775	14.69211	1.9854	0.203871	0.87947	0.12053	1.75894	0.24106	0.09155049
48240	15.20389	13.62997	1.573921	0.189382	0.748149	0.251851	1.4963	0.503702	0.1381541
48250	17.4156	14.94549	2.470107	0.0716113	0.476371	0.523629	0.952742	1.04726	0.0563839
48260	17.51407	15.30437	2.209702	0.306268	0.802113	0.197887	1.60423	0.395773	0.07315557
48270	18.89219	16.23834	2.653849	-0.33581	0.648024	0.351976	1.29605	0.703952	0.04691985
48280	18.68694	16.27795	2.408988	0.157204	0.752258	0.247742	1.50452	0.495483	0.05993752
48290	18.85628	16.46045	2.395829	-0.328053	0.612404	0.387596	1.22481	0.775191	0.06073145
48300	16.02281	14.16261	1.860203	-0.33509	0.908398	0.0916016	1.8168	0.183203	0.1037607
48310	18.52535	16.01042	2.514935	0.0282444	0.56802	0.43198	1.13604	0.86396	0.05391212
48320	18.69439	16.5303	2.164096	-0.0251941	0.807541	0.192459	1.61508	0.384917	0.07656912
48330	16.48899	14.74678	1.742211	-0.0743687	0.722024	0.277976	1.44405	0.555951	0.1167552
48340	19.19842	16.87332	2.325105	-0.279904	0.774711	0.225289	1.54942	0.450578	0.06518211
48350	18.54191	16.235	2.30691	0.182302	0.744148	0.255852	1.4883	0.511704	0.06637896
48360	18.64113	16.56215	2.078984	-0.146411	0.793318	0.206682	1.58664	0.413363	0.08337143
48370	17.92247	15.76507	2.157399	-0.538769	0.646993	0.353007	1.29399	0.706013	0.07708364
48380	17.18816	15.04589	2.142267	0.22046	0.562253	0.437747	1.12451	0.875494	0.07825896
48390	19.41935	16.88576	2.533584	-0.250845	0.694812	0.305188	1.38962	0.610377	0.05291603
48400	19.17376	16.66176	2.511994	0.043115	0.70395	0.29605	1.4079	0.592101	0.05407092
48410	19.20725	16.5049	2.702349	-0.20028	0.70678	0.29322	1.41356	0.58644	0.04469855
48420	18.19929	15.88443	2.314859	-0.192753	0.533392	0.466608	1.06678	0.933217	0.0658534
48430	18.00638	16.03965	1.966734	-0.412274	0.825742	0.174258	1.65148	0.348517	0.09327537
48440	19.35595	16.90414	2.451812	-0.296719	0.700243	0.299757	1.40049	0.599515	0.05742488
48450	18.74096	16.57086	2.170096	-0.402675	0.719392	0.280608	1.43878	0.561216	0.0761111
48460	18.84837	16.67091	2.177451	-0.170738	0.81015	0.18985	1.6203	0.379699	0.07555334
48470	18.82198	16.37603	2.445947	0.0958901	0.772856	0.227144	1.54571	0.454289	0.05776267
48480	16.03294	14.47961	1.553329	-0.518349	0.781849	0.218151	1.5637	0.436302	0.1410283
48490	16.61896	14.7837	1.835265	0.0658444	0.67055	0.32945	1.3411	0.6589	0.1063809
48500	19.27558	16.92034	2.355234	-0.0522262	0.743129	0.256871	1.48626	0.513742	0.06324756
48510	17.6329	15.68991	1.942993	-0.455436	0.674308	0.325692	1.34862	0.651385	0.09551629
48520	17.52527	15.39862	2.126649	-0.285594	0.524756	0.475244	1.04951	0.950488	0.07949076
48530	16.10147	13.92393	2.177536	-0.514557	0.446053	0.553947	0.892105	1.10789	0.07554691
48540	18.77602	16.36818	2.407839	0.0962931	0.781583	0.218417	1.56317	0.436835	0.06000642
48550	19.17146	16.80369	2.367769	-0.251375	0.787298	0.212702	1.5746	0.425403	0.06245969
48560	18.90647	16.55989	2.346582	-0.224147	0.814393	0.185607	1.62879	0.371213	0.06379715
48570	16.6907	13.93292	2.757783	0.286762	0.735971	0.264029	1.47194	0.528058	0.04228815
48580	17.65613	15.21068	2.445456	-0.559844	0.73193	0.26807	1.46386	0.53614	0.05779109
48590	18.53328	16.11341	2.419874	-0.467757	0.649203	0.350797	1.29841	0.701594	0.05928854
48600	18.10486	15.8776	2.227266	-0.554022	0.71867	0.28133	1.43734	0.56266	0.07188188
48610	18.18563	15.74866	2.436976	-0.451282	0.585359	0.414641	1.17072	0.829281	0.05828321
48620	13.89933	12.24953	1.649803	-0.152254	0.382511	0.617489	0.765022	1.23498	0.1280585
48630	19.37131	16.88297	2.488348	-0.0900295	0.754278	0.245722	1.50856	0.491444	0.05536467
48640	18.89228	16.73989	2.15239	-0.29589	0.768257	0.231743	1.53651	0.463487	0.07747072
48650	17.33295	15.53494	1.798007	-0.0767469	0.856684	0.143316	1.71337	0.286633	0.1104191
48660	14.50653	12.75015	1.756386	0.556424	0.609378	0.390622	1.21876	0.781243	0.1151118
48670	17.37655	15.33033	2.046219	-0.439117	0.564279	0.435721	1.12856	0.871442	0.08614842
48680	16.47183	14.08881	2.383012	0.315463	0.833722	0.166278	1.66744	0.332556	0.06151484
48690	18.45092	15.84001	2.610914	-0.444786	0.685317	0.314683	1.37063	0.629367	0.04897826
48700	19.23939	16.83361	2.405778	-0.281898	0.664761	0.335239	1.32952	0.670478	0.06013017
48710	18.36291	15.85062	2.51229	-0.488087	0.695996	0.304004	1.39199	0.608008	0.05405492
48720	19.11396	16.70542	2.408539	0.000607002	0.77517	0.22483	1.55034	0.449659	0.05996438
48730	17.54362	15.20518	2.338443	-0.595149	0.711921	0.288079	1.42384	0.576157	0.06431852
48740	18.36837	16.23675	2.131618	-0.185256	0.644467	0.355533	1.28893	0.711065	0.07909677
48750	17.70756	14.91984	2.787723	-0.130628	0.801529	0.198471	1.60306	0.396942	0.04104083
48760	19.06643	16.39041	2.676016	-0.1271	0.622386	0.377614	1.24477	0.755228	0.04589122
48770	17.43796	15.26495	2.17301	0.352684	0.707663	0.292337	1.41533	0.584675	0.07588964
48780	17.4262	15.55252	1.873684	0.0830722	0.782248	0.217752	1.5645	0.435504	0.1023713
48790	16.93297	14.51666	2.416316	-0.596443	0.761234	0.238766	1.52247	0.477531	0.05949985
48800	19.33443	16.92424	2.410186	-0.175988	0.672128	0.327872	1.34426	0.655743	0.05986575
48810	18.92467	16.17926	2.745411	-0.272975	0.698247	0.301753	1.39649	0.603506	0.0428146
48820	18.88999	16.33756	2.552428	-0.278056	0.785805	0.214195	1.57161	0.428391	0.05192819
48830	17.5657	14.67289	2.89281	0.124267	0.639458	0.360542	1.27892	0.721084	0.03694684
48840	18.59384	15.84472	2.749122	-0.217724	0.764184	0.235816	1.52837	0.471632	0.042656
48850	17.09671	14.35418	2.742535	-0.417087	0.784435	0.215565	1.56887	0.43113	0.04293789
48860	18.68345	16.26972	2.413728	-0.212626	0.568544	0.431456	1.13709	0.862912	0.05965403
48870	19.16864	16.73337	2.435273	-0.11062	0.636479	0.363521	1.27296	0.727042	0.05838255
48880	18.98482	16.35251	2.632306	-0.138123	0.600649	0.399351	1.2013	0.798703	0.04794163
48890	19.1502	16.59915	2.551048	-0.037272	0.636008	0.363992	1.27202	0.727985	0.05199994
48900	16.12761	14.07894	2.048675	0.466466	0.631805	0.368195	1.26361	0.73639	0.08593703
48910	17.68591	14.95209	2.733814	-0.451964	0.628552	0.371448	1.2571	0.742897	0.04331402
48920	17.19473	15.0711	2.12363	0.295826	0.614223	0.385777	1.22845	0.771554	0.07973114
48930	19.05548	16.58717	2.468315	-0.181695	0.607649	0.392351	1.2153	0.784703	0.05648501
48940	19.3394	16.88107	2.458332	-0.284536	0.746627	0.253373	1.49325	0.506746	0.05705172
48950	18.807	16.41488	2.392113	-0.00880085	0.611441	0.388559	1.22288	0.777118	0.06095751
48960	18.60373	16.1435	2.460223	-0.146322	0.552997	0.447003	1.10599	0.894005	0.05694393
48970	17.61542	15.2322	2.383224	0.0175645	0.857303	0.142697	1.71461	0.285394	0.06150181
48980	18.24762	15.81297	2.434641	0.192552	0.785502	0.214498	1.571	0.428997	0.05841945
48990	19.19279	16.56939	2.623407	-0.0984241	0.754845	0.245155	1.50969	0.49031	0.04837016
49000	17.68752	15.37511	2.312403	0.190141	0.833787	0.166213	1.66757	0.332425	0.06601534
49010	18.02266	15.9697	2.052961	0.154532	0.765747	0.234253	1.53149	0.468506	0.08556948
49020	18.32628	15.51511	2.811166	-0.339556	0.693638	0.306362	1.38728	0.612723	0.04008987
49030	18.02757	15.5239	2.503669	0.204699	0.785018	0.214982	1.57004	0.429963	0.05452294
49040	14.93378	13.36141	1.572366	0.395481	0.747987	0.252013	1.49597	0.504026	0.138369
49050	17.52618	15.49154	2.034638	-0.550515	0.63755	0.36245	1.2751	0.724899	0.08715189
49060	18.25186	16.04085	2.211016	-0.140617	0.853742	0.146258	1.70748	0.292515	0.07305948
49070	17.91512	15.94232	1.972799	0.0650375	0.822732	0.177268	1.64546	0.354537	0.09271133
49080	18.68524	16.26986	2.41538	-0.206181	0.823642	0.176358	1.64728	0.352716	0.05955558
49090	19.20873	16.56259	2.646136	-0.255886	0.662114	0.337886	1.32423	0.675771	0.04728314
49100	18.94012	16.5877	2.352412	0.0362673	0.668298	0.331702	1.3366	0.663403	0.06342625
49110	17.85164	15.76525	2.086395	-0.286935	0.864746	0.135254	1.72949	0.270507	0.0827559
49120	18.28809	16.14099	2.147096	0.124778	0.808654	0.191346	1.61731	0.382693	0.07788194
49130	14.63818	12.3372	2.300979	0.208844	0.525638	0.474362	1.05128	0.948723	0.06677384
49140	14.17022	12.67369	1.496524	-0.345001	0.936085	0.063915	1.87217	0.12783	0.1492714
49150	18.06579	16.08673	1.979057	-0.0321581	0.83311	0.16689	1.66622	0.33378	0.09213302
49160	16.04028	13.38888	2.651405	0.367809	0.571523	0.428477	1.14305	0.856955	0.0470347
49170	17.34464	15.48607	1.858564	-0.32247	0.700126	0.299874	1.40025	0.599748	0.1039309
49180	14.19955	12.74463	1.454917	-0.209296	0.691022	0.308978	1.38204	0.617956	0.1556132
49190	18.6217	16.36775	2.253954	-0.372873	0.629571	0.370429	1.25914	0.740859	0.06998888
49200	16.29215	14.49584	1.796309	-0.061053	0.877803	0.122197	1.75561	0.244393	0.1106067
49210	18.21319	16.21985	1.993339	-0.0928032	0.765831	0.234169	1.53166	0.468338	0.09082655
49220	19.42037	16.98613	2.434237	-0.202922	0.689543	0.310457	1.37909	0.620914	0.05844307
49230	14.71191	13.34119	1.370718	-0.0629654	0.83998	0.16002	1.67996	0.320041	0.169283
49240	16.10501	14.3877	1.717313	-0.540804	0.640017	0.359983	1.28003	0.719966	0.1196987
49250	19.04115	16.84415	2.197	-0.248571	0.764024	0.235976	1.52805	0.471952	0.07409075
49260	19.02924	16.81115	2.218086	-0.314001	0.767004	0.232996	1.53401	0.465993	0.07254479
49270	19.01268	16.38789	2.624794	-0.348481	0.693245	0.306755	1.38649	0.61351	0.0483031
49280	18.70168	16.01429	2.68739	0.0970263	0.674229	0.325771	1.34846	0.651543	0.04537224
49290	17.50359	15.61081	1.892785	-0.517446	0.713088	0.286912	1.42618	0.573824	0.1004344
49300	17.23185	14.72252	2.509328	0.293163	0.567546	0.432454	1.13509	0.864908	0.05421525
49310	17.70303	15.74812	1.954902	-0.500089	0.691851	0.308149	1.3837	0.616298	0.09438557
49320	17.99363	15.94432	2.049312	0.109445	0.722421	0.277579	1.44484	0.555159	0.08588232
49330	17.98337	15.89944	2.083932	-0.0486273	0.63833	0.36167	1.27666	0.72334	0.08295999
49340	17.0571	15.03723	2.019861	-0.639765	0.670842	0.329158	1.34168	0.658317	0.08844931
49350	15.39204	13.78305	1.608982	0.409096	0.814307	0.185693	1.62861	0.371387	0.1333941
49360	18.23686	16.27144	1.965419	-0.235085	0.784918	0.215082	1.56984	0.430165	0.09339811
49370	16.59407	14.84463	1.749435	-0.101642	0.725779	0.274221	1.45156	0.548443	0.1159147
49380	16.90138	14.58742	2.313958	-0.629865	0.635712	0.364288	1.27142	0.728576	0.06591274
49390	19.27766	16.6607	2.616958	-0.165846	0.645435	0.354565	1.29087	0.70913	0.04868309
49400	17.80264	15.94198	1.860662	-0.261266	0.815581	0.184419	1.63116	0.368837	0.1037131
49410	19.22422	16.82467	2.399556	-0.316075	0.760377	0.239623	1.52075	0.479246	0.06050551
49420	18.50664	15.64915	2.857492	-0.022051	0.686024	0.313976	1.37205	0.627951	0.03827505
49430	19.13467	16.46261	2.672061	-0.0329668	0.660362	0.339638	1.32072	0.679275	0.04607312
49440	18.03858	15.41856	2.620029	0.125412	0.561647	0.438353	1.12329	0.876705	0.04853384
49450	18.23395	16.14896	2.084984	0.0642751	0.721266	0.278734	1.44253	0.557467	0.08287277
49460	16.6862	14.3029	2.383308	-0.454873	0.462158	0.537842	0.924316	1.07568	0.06149664
49470	18.5696	16.42149	2.148118	-0.414502	0.692569	0.307431	1.38514	0.614863	0.07780237
49480	17.74809	15.41954	2.328545	-0.0894684	0.488934	0.511066	0.977868	1.02213	0.06495825
49490	14.7223	13.28874	1.43356	0.0862611	0.805858	0.194142	1.61172	0.388283	0.1589723
49500	17.26909	15.41441	1.85468	0.143938	0.80065	0.19935	1.6013	0.398701	0.1043353
49510	18.18451	15.45664	2.727868	-0.0814151	0.541156	0.458844	1.08231	0.917687	0.04357233
49520	19.18788	16.67175	2.51613	-0.305199	0.755804	0.244196	1.51161	0.488392	0.05384775
49530	16.99316	14.45905	2.534114	-0.402364	0.836314	0.163686	1.67263	0.327371	0.05288797
49540	18.04814	15.93226	2.115886	-0.550569	0.729561	0.270439	1.45912	0.540878	0.08035096
49550	16.6509	14.26344	2.387458	-0.522554	0.831045	0.168955	1.66209	0.33791	0.06124193
49560	18.84893	16.57048	2.278455	-0.0161282	0.66607	0.33393	1.33214	0.667859	0.06829488
49570	16.85955	14.7898	2.069754	-0.0360966	0.776499	0.223501	1.553	0.447002	0.08414453
49580	18.09603	16.1147	1.981337	-0.180141	0.730619	0.269381	1.46124	0.538761	0.09192319
49590	16.61407	14.30189	2.312173	-0.654783	0.705773	0.294227	1.41155	0.588455	0.0660305
49600	18.74327	16.60999	2.133283	-0.0854362	0.747229	0.252771	1.49446	0.505542	0.07896523
49610	17.96353	15.77994	2.183582	-0.550278	0.661979	0.338021	1.32396	0.676042	0.07509153
49620	19.2387	16.57877	2.659923	-0.168882	0.737076	0.262924	1.47415	0.525848	0.04663573
49630	18.54252	16.2357	2.306824	-0.46087	0.648623	0.351377	1.29725	0.702755	0.06638467
49640	17.99147	15.90966	2.081802	-0.0235184	0.64707	0.35293	1.29414	0.705859	0.08313684
49650	19.09209	16.41552	2.676579	-0.00156476	0.708851	0.291149	1.4177	0.582297	0.04586542
49660	18.71123	16.19091	2.520323	-0.269919	0.803747	0.196253	1.60749	0.392506	0.05362241
49670	12.50723	9.549932	2.957299	-0.367203	0.407142	0.592858	0.814285	1.18572	0.03463937
49680	19.39684	16.98636	2.410479	-0.127977	0.698006	0.301994	1.39601	0.603988	0.05984821
49690	19.24084	16.88183	2.359005	-0.332019	0.735161	0.264839	1.47032	0.529678	0.06300948
49700	18.5399	16.26343	2.276463	-0.4895	0.692085	0.307915	1.38417	0.61583	0.06843108
49710	17.87177	15.93408	1.937693	-0.451609	0.819016	0.180984	1.63803	0.361968	0.09602386
49720	17.42389	15.05825	2.36564	0.360079	0.734612	0.265388	1.46922	0.530776	0.06259281
49730	18.65811	16.46504	2.19307	-0.400469	0.796166	0.203834	1.59233	0.407668	0.07438244
49740	16.80368	14.50812	2.295558	0.288614	0.512753	0.487247	1.02551	0.974494	0.06713682
49750	19.14537	16.6051	2.540264	-0.231835	0.77559	0.22441	1.55118	0.448821	0.05256372
49760	19.25072	16.63622	2.614503	-0.16998	0.639587	0.360413	1.27917	0.720825	0.04880275
49770	17.35697	15.21904	2.137922	-0.246561	0.499033	0.500967	0.998065	1.00193	0.07859972
49780	19.43904	16.85073	2.588304	-0.186858	0.692695	0.307305	1.38539	0.61461	0.05009826
49790	19.12197	16.89374	2.228224	-0.171781	0.751584	0.248416	1.50317	0.496831	0.07181301
49800	19.08546	16.61664	2.468817	-0.072968	0.791142	0.208858	1.58228	0.417715	0.05645664
49810	19.38671	16.97142	2.415283	-0.0753215	0.727542	0.272458	1.45508	0.544917	0.05956134
49820	18.0733	16.14574	1.927569	-0.333867	0.786229	0.213771	1.57246	0.427543	0.097001
49830	18.22897	16.11912	2.109843	0.0298859	0.682197	0.317803	1.36439	0.635607	0.08083798
49840	14.01513	12.06365	1.951478	-0.457473	0.317318	0.682682	0.634636	1.36536	0.09470926
49850	18.15585	15.45903	2.696824	-0.168471	0.694148	0.305852	1.3883	0.611704	0.0449462
49860	16.73562	14.40025	2.335371	-0.328916	0.42523	0.57477	0.850461	1.14954	0.0645164
49870	18.48343	16.26973	2.213696	-0.0661898	0.839502	0.160498	1.679	0.320995	0.07286397
49880	18.59919	16.30062	2.298579	-0.347304	0.603643	0.396357	1.20729	0.792713	0.06693428
49890	18.51962	16.31902	2.200596	-0.038807	0.646438	0.353562	1.29288	0.707125	0.07382474
49900	18.49102	16.27879	2.21223	-0.205861	0.610949	0.389051	1.2219	0.778101	0.07297089
49910	19.03271	16.72073	2.311983	-0.191328	0.806201	0.193799	1.6124	0.387598	0.06604308
49920	17.52488	15.52721	1.997668	-0.433888	0.611919	0.388081	1.22384	0.776162	0.09043415
49930	18.85115	16.11479	2.736353	0.0132504	0.715575	0.284425	1.43115	0.568849	0.04320419
49940	18.25839	15.54297	2.715415	-0.107225	0.542606	0.457394	1.08521	0.914788	0.04411831
49950	18.95299	16.75704	2.19595	-0.0749227	0.756099	0.243901	1.5122	0.487803	0.07416855
49960	17.31471	15.42321	1.891499	-0.166272	0.683038	0.316962	1.36608	0.633925	0.1005637
49970	19.08139	16.77799	2.303402	-0.241557	0.664853	0.335147	1.32971	0.670293	0.06661222
49980	16.53523	14.63829	1.896942	-0.572449	0.574812	0.425188	1.14962	0.850376	0.1000178
49990	15.08189	13.54617	1.535718	-0.0844285	0.737977	0.262023	1.47595	0.524046	0.143534
50000	17.65017	15.82104	1.82913	-0.352789	0.814727	0.185273	1.62945	0.370547	0.1070355
