Subgenus,Species,Accession.,Individual,AOI....Sample.per.Replicate.,Tissue,Measurement.Date,Time,Comments,exclude,Tissue.edit,ID,Metric,Value,Subgenus.Metric,Tissue.edit_names,Subgenus.Tissue
Cuscuta,C_epithymum,CUEP,A,4,flower,8/20/18,16:09:41,ok to 0,,f,1,Fv.Fm,0.15,Cuscuta__Fv.Fm,Flower,Cuscuta__Flower
Cuscuta,C_epithymum,CUEP,A,4,flower,8/20/18,15:54:37,ok to 0,,f,3,Fv.Fm,0.340807175,Cuscuta__Fv.Fm,Flower,Cuscuta__Flower
Cuscuta,C_epithymum,CUEP,A,3,flower,8/20/18,15:54:37,ok to 0,,f,5,Fv.Fm,0.295145631,Cuscuta__Fv.Fm,Flower,Cuscuta__Flower
Cuscuta,C_epithymum,CUEP,D,1,old,2018-06-20,3:33:30 PM,,,o,92,Fv.Fm,0,Cuscuta__Fv.Fm,Old,Cuscuta__Old
Cuscuta,C_epithymum,CUEP,D,2,old,2018-06-20,3:33:30 PM,,,o,93,Fv.Fm,0,Cuscuta__Fv.Fm,Old,Cuscuta__Old
Cuscuta,C_epithymum,CUEP,D,4,old,2018-06-20,3:33:30 PM,,,o,94,Fv.Fm,0,Cuscuta__Fv.Fm,Old,Cuscuta__Old
Cuscuta,C_epithymum,CUEP,D,1,young,2018-06-20,2:48:08 PM,,,y,95,Fv.Fm,0,Cuscuta__Fv.Fm,Young,Cuscuta__Young
Cuscuta,C_epithymum,CUEP,D,3,young,2018-06-20,2:48:08 PM,,,y,96,Fv.Fm,0,Cuscuta__Fv.Fm,Young,Cuscuta__Young
Cuscuta,C_epithymum,CUEP,D,4,young,2018-06-20,2:48:08 PM,,,y,97,Fv.Fm,0,Cuscuta__Fv.Fm,Young,Cuscuta__Young
Cuscuta,C_epithymum,CUEP,D,5,young,2018-06-20,2:48:08 PM,,,y,98,Fv.Fm,0,Cuscuta__Fv.Fm,Young,Cuscuta__Young
Cuscuta,C_epithymum,CUEP,A,6,old,2018-05-25,4:27:35 PM,,,o,99,Fv.Fm,0.113636364,Cuscuta__Fv.Fm,Old,Cuscuta__Old
Cuscuta,C_epithymum,CUEP,D,5,flower,8/20/18,17:36:48,,,f,100,Fv.Fm,0.401162791,Cuscuta__Fv.Fm,Flower,Cuscuta__Flower
Cuscuta,C_epithymum,CUEP,A,3,flower,8/20/18,16:09:41,,,f,102,Fv.Fm,0.232727273,Cuscuta__Fv.Fm,Flower,Cuscuta__Flower
Cuscuta,C_epithymum,CUEP,D,1,flower,8/20/18,17:36:48,,,f,145,Fv.Fm,0.655487805,Cuscuta__Fv.Fm,Flower,Cuscuta__Flower
Cuscuta,C_epithymum,CUEP,D,4,flower,8/20/18,17:36:48,,,f,173,Fv.Fm,0.635057471,Cuscuta__Fv.Fm,Flower,Cuscuta__Flower
Cuscuta,C_epithymum,CUEP,C,3,old,2018-05-29,2:05:22 PM,,,o,217,Fv.Fm,0.258114374,Cuscuta__Fv.Fm,Old,Cuscuta__Old
Cuscuta,C_epithymum,CUEP,D,3,flower,8/20/18,18:10:01,,,f,223,Fv.Fm,0.570833333,Cuscuta__Fv.Fm,Flower,Cuscuta__Flower
Cuscuta,C_epithymum,CUEP,A,2,flower,8/20/18,15:54:37,,,f,248,Fv.Fm,0.342679128,Cuscuta__Fv.Fm,Flower,Cuscuta__Flower
Cuscuta,C_epithymum,CUEP,D,1,flower,8/20/18,18:10:01,,,f,255,Fv.Fm,0.61516035,Cuscuta__Fv.Fm,Flower,Cuscuta__Flower
Cuscuta,C_epithymum,CUEP,D,6,seed,8/20/18,17:50:06,,,s,289,Fv.Fm,0.56,Cuscuta__Fv.Fm,Seed,Cuscuta__Seed
Cuscuta,C_epithymum,CUEP,D,2,flower,8/20/18,18:10:01,,,f,302,Fv.Fm,0.65920398,Cuscuta__Fv.Fm,Flower,Cuscuta__Flower
Cuscuta,C_epithymum,CUEP,A,3,haustorium,2018-05-25,4:36:01 PM,,,h,316,Fv.Fm,0.384816754,Cuscuta__Fv.Fm,Haustorium,Cuscuta__Haustorium
Cuscuta,C_epithymum,CUEP,D,5,seed,8/20/18,17:50:06,,,s,340,Fv.Fm,0.531100478,Cuscuta__Fv.Fm,Seed,Cuscuta__Seed
Cuscuta,C_epithymum,CUEP,A,2,haustorium,2018-05-25,4:36:01 PM,,,h,373,Fv.Fm,0.493702771,Cuscuta__Fv.Fm,Haustorium,Cuscuta__Haustorium
Cuscuta,C_epithymum,CUEP,D,6,flower,8/20/18,17:36:48,,,f,375,Fv.Fm,0.651884701,Cuscuta__Fv.Fm,Flower,Cuscuta__Flower
Cuscuta,C_epithymum,CUEP,A,5,old,2018-05-25,4:27:35 PM,,,o,381,Fv.Fm,0.34939759,Cuscuta__Fv.Fm,Old,Cuscuta__Old
Cuscuta,C_epithymum,CUEP,A,5,haustorium,2018-05-25,4:36:01 PM,,,h,424,Fv.Fm,0.444230769,Cuscuta__Fv.Fm,Haustorium,Cuscuta__Haustorium
Cuscuta,C_epithymum,CUEP,C,3,haustorium,2018-05-29,2:14:27 PM,,,h,472,Fv.Fm,0.422413793,Cuscuta__Fv.Fm,Haustorium,Cuscuta__Haustorium
Cuscuta,C_epithymum,CUEP,D,2,seed,8/20/18,17:50:06,,,s,478,Fv.Fm,0.634817814,Cuscuta__Fv.Fm,Seed,Cuscuta__Seed
Cuscuta,C_epithymum,CUEP,D,4,flower,8/20/18,18:10:01,,,f,487,Fv.Fm,0.564102564,Cuscuta__Fv.Fm,Flower,Cuscuta__Flower
Cuscuta,C_epithymum,CUEP,C,1,haustorium,2018-05-29,2:14:27 PM,,,h,514,Fv.Fm,0.500342231,Cuscuta__Fv.Fm,Haustorium,Cuscuta__Haustorium
Cuscuta,C_epithymum,CUEP,D,4,seed,8/20/18,17:50:06,,,s,531,Fv.Fm,0.633528265,Cuscuta__Fv.Fm,Seed,Cuscuta__Seed
Cuscuta,C_epithymum,CUEP,D,3,flower,8/20/18,17:36:48,,,f,539,Fv.Fm,0.603351955,Cuscuta__Fv.Fm,Flower,Cuscuta__Flower
Cuscuta,C_epithymum,CUEP,C,4,haustorium,2018-05-29,2:14:27 PM,,,h,561,Fv.Fm,0.48457223,Cuscuta__Fv.Fm,Haustorium,Cuscuta__Haustorium
Cuscuta,C_epithymum,CUEP,D,3,old,2018-06-20,3:33:30 PM,,,o,564,Fv.Fm,0.337837838,Cuscuta__Fv.Fm,Old,Cuscuta__Old
Cuscuta,C_epithymum,CUEP,A,2,young,2018-05-25,4:13:09 PM,,,y,588,Fv.Fm,0.314814815,Cuscuta__Fv.Fm,Young,Cuscuta__Young
Cuscuta,C_epithymum,CUEP,D,1,haustorium,2018-06-20,3:54:20 PM,,,h,598,Fv.Fm,0.474048443,Cuscuta__Fv.Fm,Haustorium,Cuscuta__Haustorium
Cuscuta,C_epithymum,CUEP,A,6,young,2018-05-25,4:13:09 PM,,,y,633,Fv.Fm,0.319444444,Cuscuta__Fv.Fm,Young,Cuscuta__Young
Cuscuta,C_epithymum,CUEP,D,1,seed,8/20/18,17:50:06,,,s,657,Fv.Fm,0.626307922,Cuscuta__Fv.Fm,Seed,Cuscuta__Seed
Cuscuta,C_epithymum,CUEP,2,1,seedling,2018-05-01,2:08:56 PM,,,sdlg,660,Fv.Fm,0.431989924,Cuscuta__Fv.Fm,Seedling,Cuscuta__Seedling
Cuscuta,C_epithymum,CUEP,C,3,young,2018-05-29,1:56:11 PM,,,y,692,Fv.Fm,0.566326531,Cuscuta__Fv.Fm,Young,Cuscuta__Young
Cuscuta,C_epithymum,CUEP,2,3,seedling,2018-05-01,2:08:56 PM,,,sdlg,708,Fv.Fm,0.458923513,Cuscuta__Fv.Fm,Seedling,Cuscuta__Seedling
Cuscuta,C_epithymum,CUEP,1,2,seedling,2018-01-05,1:52:00 PM,,,sdlg,721,Fv.Fm,0.535714286,Cuscuta__Fv.Fm,Seedling,Cuscuta__Seedling
Cuscuta,C_epithymum,CUEP,1,3,seedling,2018-01-05,1:52:00 PM,,,sdlg,731,Fv.Fm,0.549327354,Cuscuta__Fv.Fm,Seedling,Cuscuta__Seedling
Cuscuta,C_epithymum,CUEP,A,4,old,2018-05-25,4:27:35 PM,,,o,758,Fv.Fm,0.481632653,Cuscuta__Fv.Fm,Old,Cuscuta__Old
Cuscuta,C_epithymum,CUEP,A,3,young,2018-05-25,4:13:09 PM,,,y,772,Fv.Fm,0.460431655,Cuscuta__Fv.Fm,Young,Cuscuta__Young
Cuscuta,C_epithymum,CUEP,D,2,haustorium,2018-06-20,3:54:20 PM,,,h,783,Fv.Fm,0.483561644,Cuscuta__Fv.Fm,Haustorium,Cuscuta__Haustorium
Cuscuta,C_epithymum,CUEP,C,5,haustorium,2018-05-29,2:14:27 PM,,,h,798,Fv.Fm,0.620889749,Cuscuta__Fv.Fm,Haustorium,Cuscuta__Haustorium
Cuscuta,C_epithymum,CUEP,A,5,young,2018-05-25,4:13:09 PM,,,y,801,Fv.Fm,0.441471572,Cuscuta__Fv.Fm,Young,Cuscuta__Young
Cuscuta,C_epithymum,CUEP,C,2,haustorium,2018-05-29,2:14:27 PM,,,h,805,Fv.Fm,0.678531073,Cuscuta__Fv.Fm,Haustorium,Cuscuta__Haustorium
Cuscuta,C_epithymum,CUEP,A,1,old,2018-05-25,4:27:35 PM,,,o,810,Fv.Fm,0.598639456,Cuscuta__Fv.Fm,Old,Cuscuta__Old
Cuscuta,C_epithymum,CUEP,D,3,haustorium,2018-06-20,3:54:20 PM,,,h,823,Fv.Fm,0.543057996,Cuscuta__Fv.Fm,Haustorium,Cuscuta__Haustorium
Cuscuta,C_epithymum,CUEP,A,4,haustorium,2018-05-25,4:36:01 PM,,,h,828,Fv.Fm,0.664451827,Cuscuta__Fv.Fm,Haustorium,Cuscuta__Haustorium
Cuscuta,C_epithymum,CUEP,2,2,seedling,2018-05-01,2:08:56 PM,,,sdlg,859,Fv.Fm,0.574529667,Cuscuta__Fv.Fm,Seedling,Cuscuta__Seedling
Cuscuta,C_epithymum,CUEP,A,3,old,2018-05-25,4:27:35 PM,,,o,860,Fv.Fm,0.56675063,Cuscuta__Fv.Fm,Old,Cuscuta__Old
Cuscuta,C_epithymum,CUEP,D,3,seed,8/20/18,17:50:06,,,s,861,Fv.Fm,0.723741794,Cuscuta__Fv.Fm,Seed,Cuscuta__Seed
Cuscuta,C_epithymum,CUEP,A,1,young,2018-05-25,4:13:09 PM,,,y,864,Fv.Fm,0.547038328,Cuscuta__Fv.Fm,Young,Cuscuta__Young
Cuscuta,C_epithymum,CUEP,C,2,old,2018-05-29,2:05:22 PM,,,o,893,Fv.Fm,0.640226629,Cuscuta__Fv.Fm,Old,Cuscuta__Old
Cuscuta,C_epithymum,CUEP,A,1,haustorium,2018-05-25,4:36:01 PM,,,h,895,Fv.Fm,0.646666667,Cuscuta__Fv.Fm,Haustorium,Cuscuta__Haustorium
Cuscuta,C_epithymum,CUEP,C,6,old,2018-05-29,2:05:22 PM,,,o,897,Fv.Fm,0.736578382,Cuscuta__Fv.Fm,Old,Cuscuta__Old
Cuscuta,C_epithymum,CUEP,A,4,young,2018-05-25,4:13:09 PM,,,y,914,Fv.Fm,0.515151515,Cuscuta__Fv.Fm,Young,Cuscuta__Young
Cuscuta,C_epithymum,CUEP,A,2,old,2018-05-25,4:27:35 PM,,,o,915,Fv.Fm,0.644444444,Cuscuta__Fv.Fm,Old,Cuscuta__Old
Cuscuta,C_epithymum,CUEP,D,2,young,2018-06-20,2:48:08 PM,,,y,938,Fv.Fm,0.520114943,Cuscuta__Fv.Fm,Young,Cuscuta__Young
Cuscuta,C_epithymum,CUEP,C,1,young,2018-05-29,1:56:11 PM,,,y,943,Fv.Fm,0.537867079,Cuscuta__Fv.Fm,Young,Cuscuta__Young
Cuscuta,C_epithymum,CUEP,C,1,old,2018-05-29,2:05:22 PM,,,o,961,Fv.Fm,0.672240803,Cuscuta__Fv.Fm,Old,Cuscuta__Old
Cuscuta,C_epithymum,CUEP,C,5,old,2018-05-29,2:05:22 PM,,,o,964,Fv.Fm,0.733003708,Cuscuta__Fv.Fm,Old,Cuscuta__Old
Cuscuta,C_epithymum,CUEP,C,2,young,2018-05-29,1:56:11 PM,,,y,966,Fv.Fm,0.644859813,Cuscuta__Fv.Fm,Young,Cuscuta__Young
Cuscuta,C_epithymum,CUEP,C,4,old,2018-05-29,2:05:22 PM,,,o,980,Fv.Fm,0.697324415,Cuscuta__Fv.Fm,Old,Cuscuta__Old
Grammica,C_cephalanthii,1567,A,2,seed,2017-12-21,10:53:16 AM,ok to 0,,s,2,Fv.Fm,0.702341137,Grammica__Fv.Fm,Seed,Grammica__Seed
Grammica,C_indecora,ss16-17,A,7,seed,2018-01-15,10:19:56 AM,other aoi had signal,,s,4,Fv.Fm,0.598,Grammica__Fv.Fm,Seed,Grammica__Seed
Grammica,C_californica,ss17-105,B,2,old,2018-05-29,3:42:33 PM,,,o,6,Fv.Fm,0.537037037,Grammica__Fv.Fm,Old,Grammica__Old
Grammica,C_cephalanthii,1567,B,4,old,2017-12-13,12:12:56 PM,,,o,7,Fv.Fm,0.243902439,Grammica__Fv.Fm,Old,Grammica__Old
Grammica,C_cephalanthii,1567,A,6,flower,2017-12-21,10:53:16 AM,,,f,8,Fv.Fm,0.591954023,Grammica__Fv.Fm,Flower,Grammica__Flower
Grammica,C_cephalanthii,1567,A,8,flower,2017-12-21,10:53:16 AM,,,f,9,Fv.Fm,0.551297899,Grammica__Fv.Fm,Flower,Grammica__Flower
Grammica,C_cephalanthii,1567,A,6,old,2017-12-21,10:20:01 AM,,,o,10,Fv.Fm,0.211864407,Grammica__Fv.Fm,Old,Grammica__Old
Grammica,C_cephalanthii,1567,D,4,old,2018-03-08,12:10:52 PM,,,o,11,Fv.Fm,0.409638554,Grammica__Fv.Fm,Old,Grammica__Old
Grammica,C_cephalanthii,1567,E,5,old,2018-03-08,1:10:13 PM,,,o,14,Fv.Fm,0.43537415,Grammica__Fv.Fm,Old,Grammica__Old
Grammica,C_indecora,ss16-17,C,5,flower,2018-03-23,4:45:38 PM,,,f,26,Fv.Fm,0.310463122,Grammica__Fv.Fm,Flower,Grammica__Flower
Grammica,C_sandwichiana,155,A,9,flower,2018-01-15,11:13:48 AM,0 YPSII,,f,76,Fv.Fm,0.380237154,Grammica__Fv.Fm,Flower,Grammica__Flower
Grammica,C_compacta,1566,E,1,young,2017-11-15,9:59:32 AM,0 PSII; others have some level of PSII though… just not this one,,y,82,Fv.Fm,0.582200247,Grammica__Fv.Fm,Young,Grammica__Young
Grammica,C_denticulata,ss13-46,-,4,seedling,2018-04-17,1:38:52 PM,,,sdlg,90,Fv.Fm,0.495921697,Grammica__Fv.Fm,Seedling,Grammica__Seedling
Grammica,C_denticulata,ss13-46,A,2,old,2018-05-29,3:19:24 PM,,,o,91,Fv.Fm,0.358974359,Grammica__Fv.Fm,Old,Grammica__Old
Grammica,C_tasmanica,17-15,A,3,old,2018-04-17,3:00:16 PM,,,o,105,Fv.Fm,0.169491525,Grammica__Fv.Fm,Old,Grammica__Old
Grammica,C_tasmanica,17-15,B,4,old,2017-12-21,12:02:39 PM,,,o,109,Fv.Fm,0.2,Grammica__Fv.Fm,Old,Grammica__Old
Grammica,C_tasmanica,17-15,B,4,flower,2018-05-25,12:21:17 PM,,,f,110,Fv.Fm,0.303092784,Grammica__Fv.Fm,Flower,Grammica__Flower
Grammica,C_tasmanica,17-15,D,5,flower,2018-05-29,10:52:34 AM,,,f,111,Fv.Fm,0.338983051,Grammica__Fv.Fm,Flower,Grammica__Flower
Grammica,C_tasmanica,17-15,D,2,old,2018-05-03,1:42:52 PM,,,o,112,Fv.Fm,0.267716535,Grammica__Fv.Fm,Old,Grammica__Old
Grammica,C_tasmanica,17-15,D,3,old,2018-05-03,1:42:52 PM,,,o,113,Fv.Fm,0.135135135,Grammica__Fv.Fm,Old,Grammica__Old
Grammica,C_tasmanica,17-15,D,4,old,2018-05-03,1:42:52 PM,,,o,114,Fv.Fm,0.254237288,Grammica__Fv.Fm,Old,Grammica__Old
Grammica,C_australis,1382,B,1,haustorium,2017-12-13,3:30:14 PM,,,h,115,Fv.Fm,0.491935484,Grammica__Fv.Fm,Haustorium,Grammica__Haustorium
Grammica,C_costaricensis,CUCO,C,3,young,2018-05-25,2:39:54 PM,,,y,119,Fv.Fm,0.443365696,Grammica__Fv.Fm,Young,Grammica__Young
Grammica,C_sandwichiana,155,C,3,seed,2018-01-15,9:59:00 AM,,,s,123,Fv.Fm,0.611343861,Grammica__Fv.Fm,Seed,Grammica__Seed
Grammica,C_sandwichiana,155,A,8,flower,2018-01-15,11:13:48 AM,,,f,124,Fv.Fm,0.460240964,Grammica__Fv.Fm,Flower,Grammica__Flower
Grammica,C_sandwichiana,155,A,3,seed,2018-01-15,11:13:48 AM,,,s,125,Fv.Fm,0.537524054,Grammica__Fv.Fm,Seed,Grammica__Seed
Grammica,C_cephalanthii,1567,B,12,flower,2017-12-21,10:08:02 AM,,,f,126,Fv.Fm,0.494577007,Grammica__Fv.Fm,Flower,Grammica__Flower
Grammica,C_sandwichiana,155,A,10,flower,2018-01-15,11:13:48 AM,,,f,127,Fv.Fm,0.427198817,Grammica__Fv.Fm,Flower,Grammica__Flower
Grammica,C_sandwichiana,155,C,8,flower,2018-01-15,9:59:00 AM,,,f,128,Fv.Fm,0.440014368,Grammica__Fv.Fm,Flower,Grammica__Flower
Grammica,C_sandwichiana,155,A,4,seed,2018-01-15,11:13:48 AM,,,s,129,Fv.Fm,0.660926366,Grammica__Fv.Fm,Seed,Grammica__Seed
Grammica,C_compacta,1566,D,6,flower,2018-03-08,11:00:04 AM,,,f,130,Fv.Fm,0.441747573,Grammica__Fv.Fm,Flower,Grammica__Flower
Grammica,C_compacta,1566,D,4,flower,2018-03-08,11:00:04 AM,,,f,131,Fv.Fm,0.480620155,Grammica__Fv.Fm,Flower,Grammica__Flower
Grammica,C_compacta,1566,D,3,flower,2018-03-08,11:00:04 AM,,,f,132,Fv.Fm,0.432506887,Grammica__Fv.Fm,Flower,Grammica__Flower
Grammica,C_indecora,ss16-17,B,7,flower,2018-01-25,12:25:31 PM,,,f,133,Fv.Fm,0.493358634,Grammica__Fv.Fm,Flower,Grammica__Flower
Grammica,C_gracillima,CUGR,B,2,old,2018-07-06,10:42:14 AM,,,o,134,Fv.Fm,0.508223684,Grammica__Fv.Fm,Old,Grammica__Old
Grammica,C_cephalanthii,1567,B,3,seed,2017-12-21,10:08:02 AM,,,s,135,Fv.Fm,0.616657266,Grammica__Fv.Fm,Seed,Grammica__Seed
Grammica,C_polygonorum,1705,C,7,flower,2017-12-13,1:00:53 PM,,,f,138,Fv.Fm,0.404034582,Grammica__Fv.Fm,Flower,Grammica__Flower
Grammica,C_indecora,ss16-17,D,3,flower,2018-02-16,3:35:35 PM,,,f,139,Fv.Fm,0.728858177,Grammica__Fv.Fm,Flower,Grammica__Flower
Grammica,C_compacta,1566,-,2,seedling,2017-11-09,5:36:41 PM,,,sdlg,140,Fv.Fm,0.46002805,Grammica__Fv.Fm,Seedling,Grammica__Seedling
Grammica,C_gracillima,CUGR,B,2,haustorium,2018-07-06,10:49:28 AM,,,h,141,Fv.Fm,0.521070234,Grammica__Fv.Fm,Haustorium,Grammica__Haustorium
Grammica,C_compacta,1566,-,1,seedling,2017-11-09,5:44:53 PM,,,sdlg,142,Fv.Fm,0.496563574,Grammica__Fv.Fm,Seedling,Grammica__Seedling
Grammica,C_sandwichiana,155,C,9,flower,2018-01-15,9:59:00 AM,,,f,144,Fv.Fm,0.528045326,Grammica__Fv.Fm,Flower,Grammica__Flower
Grammica,C_cephalanthii,1567,B,7,old,2017-12-13,12:12:56 PM,,,o,146,Fv.Fm,0.263473054,Grammica__Fv.Fm,Old,Grammica__Old
Grammica,C_cephalanthii,1567,A,4,old,2017-12-21,10:20:01 AM,,,o,147,Fv.Fm,0.312101911,Grammica__Fv.Fm,Old,Grammica__Old
Grammica,C_sandwichiana,155,C,2,seed,2018-01-15,9:59:00 AM,,,s,149,Fv.Fm,0.645767027,Grammica__Fv.Fm,Seed,Grammica__Seed
Grammica,C_polygonorum,1705,A,2,old,2018-01-25,9:58:34 AM,,,o,150,Fv.Fm,0.367346939,Grammica__Fv.Fm,Old,Grammica__Old
Grammica,C_gracillima,CUGR,B,1,haustorium,2018-07-06,10:49:28 AM,,,h,151,Fv.Fm,0.5488,Grammica__Fv.Fm,Haustorium,Grammica__Haustorium
Grammica,C_sandwichiana,155,A,7,old,2018-01-15,11:31:08 AM,,,o,153,Fv.Fm,0.23943662,Grammica__Fv.Fm,Old,Grammica__Old
Grammica,C_polygonorum,1705,C,6,flower,2017-12-13,1:00:53 PM,,,f,154,Fv.Fm,0.571169538,Grammica__Fv.Fm,Flower,Grammica__Flower
Grammica,C_cephalanthii,1567,F,8,seed (old),2018-05-29,12:23:38 PM,,,s,156,Fv.Fm,0.637846102,Grammica__Fv.Fm,Seed,Grammica__Seed
Grammica,C_indecora,ss16-17,D,9,haustorium,2018-03-23,3:04:55 PM,,,h,157,Fv.Fm,0.5,Grammica__Fv.Fm,Haustorium,Grammica__Haustorium
Grammica,C_compacta,1566,-,2,seedling,2017-11-09,5:44:53 PM,,,sdlg,158,Fv.Fm,0.488160291,Grammica__Fv.Fm,Seedling,Grammica__Seedling
Grammica,C_compacta,1566,-,1,seedling,2017-11-09,5:36:41 PM,,,sdlg,159,Fv.Fm,0.486638537,Grammica__Fv.Fm,Seedling,Grammica__Seedling
Grammica,C_tasmanica,17-15,C,3,young,2018-05-29,1:12:22 PM,,,y,160,Fv.Fm,0.383136095,Grammica__Fv.Fm,Young,Grammica__Young
Grammica,C_polygonorum,1705,A,3,old,2018-01-25,9:58:34 AM,,,o,162,Fv.Fm,0.482352941,Grammica__Fv.Fm,Old,Grammica__Old
Grammica,C_californica,ss17-105,D,8,flower,2018-07-06,2:13:32 PM,,,f,163,Fv.Fm,0.533586819,Grammica__Fv.Fm,Flower,Grammica__Flower
Grammica,C_sandwichiana,155,A,6,old,2018-01-15,11:31:08 AM,,,o,164,Fv.Fm,0.267716535,Grammica__Fv.Fm,Old,Grammica__Old
Grammica,C_sandwichiana,155,D,4,old,2018-01-25,1:13:25 PM,,,o,165,Fv.Fm,0.353191489,Grammica__Fv.Fm,Old,Grammica__Old
Grammica,C_indecora,ss16-17,B,3,seed,2018-01-25,12:25:31 PM,,,s,166,Fv.Fm,0.605753514,Grammica__Fv.Fm,Seed,Grammica__Seed
Grammica,C_cephalanthii,1567,B,7,seed,2017-12-21,10:08:02 AM,,,s,167,Fv.Fm,0.632345915,Grammica__Fv.Fm,Seed,Grammica__Seed
Grammica,C_indecora,ss16-17,E,2,seed,2018-03-23,3:52:37 PM,,,s,168,Fv.Fm,0.470515971,Grammica__Fv.Fm,Seed,Grammica__Seed
Grammica,C_californica,ss17-105,E,9,flower,2018-07-06,2:26:42 PM,,,f,169,Fv.Fm,0.619498344,Grammica__Fv.Fm,Flower,Grammica__Flower
Grammica,C_compacta,1566,D,5,flower,2018-03-08,11:00:04 AM,,,f,170,Fv.Fm,0.414239482,Grammica__Fv.Fm,Flower,Grammica__Flower
Grammica,C_polygonorum,1705,A,2,seed,2018-01-25,10:20:42 AM,,,s,171,Fv.Fm,0.543309438,Grammica__Fv.Fm,Seed,Grammica__Seed
Grammica,C_tasmanica,17-15,A,3,flower,2018-04-17,3:16:54 PM,,,f,174,Fv.Fm,0.682570594,Grammica__Fv.Fm,Flower,Grammica__Flower
Grammica,C_gracillima,CUGR,A,1,haustorium,2018-07-06,1:31:44 PM,,,h,175,Fv.Fm,0.595930233,Grammica__Fv.Fm,Haustorium,Grammica__Haustorium
Grammica,C_cephalanthii,1567,G,3,seed (old),2018-05-29,12:53:01 PM,,,s,176,Fv.Fm,0.497133821,Grammica__Fv.Fm,Seed,Grammica__Seed
Grammica,C_tasmanica,17-15,A,1,old,2018-04-17,3:00:16 PM,,,o,177,Fv.Fm,0.430232558,Grammica__Fv.Fm,Old,Grammica__Old
Grammica,C_cephalanthii,1567,G,4,haustorium,2018-03-04,5:38:33 PM,,,h,178,Fv.Fm,0.389195149,Grammica__Fv.Fm,Haustorium,Grammica__Haustorium
Grammica,C_tasmanica,17-15,C,5,flower,2018-06-22,1:42:52 PM,,,f,179,Fv.Fm,0.678843227,Grammica__Fv.Fm,Flower,Grammica__Flower
Grammica,C_australis,1382,-,1,seedling,2017-11-02,2:55:01 PM,,,sdlg,180,Fv.Fm,0.73822563,Grammica__Fv.Fm,Seedling,Grammica__Seedling
Grammica,C_cephalanthii,1567,G,4,seed (old),2018-05-29,12:53:01 PM,,,s,181,Fv.Fm,0.477146042,Grammica__Fv.Fm,Seed,Grammica__Seed
Grammica,C_cephalanthii,1567,B,11,flower,2017-12-21,10:08:02 AM,,,f,182,Fv.Fm,0.544648137,Grammica__Fv.Fm,Flower,Grammica__Flower
Grammica,C_sandwichiana,155,A,5,old,2018-01-15,11:31:08 AM,,,o,183,Fv.Fm,0.368159204,Grammica__Fv.Fm,Old,Grammica__Old
Grammica,C_australis,1382,B,2,haustorium,2017-12-13,3:30:14 PM,,,h,184,Fv.Fm,0.6256,Grammica__Fv.Fm,Haustorium,Grammica__Haustorium
Grammica,C_cephalanthii,1567,B,10,flower,2017-12-21,10:08:02 AM,,,f,185,Fv.Fm,0.542020774,Grammica__Fv.Fm,Flower,Grammica__Flower
Grammica,C_compacta,1566,-,1,seedling,2017-11-02,3:45:51 PM,,,sdlg,187,Fv.Fm,0.57841752,Grammica__Fv.Fm,Seedling,Grammica__Seedling
Grammica,C_denticulata,ss13-46,C,4,flower,2018-06-20,3:03:14 PM,,,f,188,Fv.Fm,0.626566416,Grammica__Fv.Fm,Flower,Grammica__Flower
Grammica,C_cephalanthii,1567,B,1,haustorium,2017-12-21,10:34:52 AM,,,h,189,Fv.Fm,0.562133333,Grammica__Fv.Fm,Haustorium,Grammica__Haustorium
Grammica,C_indecora,ss16-17,E,5,flower,2018-03-23,3:52:37 PM,,,f,190,Fv.Fm,0.401797176,Grammica__Fv.Fm,Flower,Grammica__Flower
Grammica,C_cephalanthii,1567,D,2,old,2018-03-08,12:10:52 PM,,,o,191,Fv.Fm,0.365591398,Grammica__Fv.Fm,Old,Grammica__Old
Grammica,C_cephalanthii,1567,A,5,flower,2017-12-21,10:53:16 AM,,,f,193,Fv.Fm,0.663212435,Grammica__Fv.Fm,Flower,Grammica__Flower
Grammica,C_cephalanthii,1567,A,4,seed,2017-12-21,10:53:16 AM,,,s,194,Fv.Fm,0.561715481,Grammica__Fv.Fm,Seed,Grammica__Seed
Grammica,C_denticulata,ss13-46,D,4,haustorium,2018-05-29,4:58:54 PM,,,h,195,Fv.Fm,0.500472144,Grammica__Fv.Fm,Haustorium,Grammica__Haustorium
Grammica,C_compacta,1566,D,2,flower,2018-03-08,11:00:04 AM,,,f,196,Fv.Fm,0.564417178,Grammica__Fv.Fm,Flower,Grammica__Flower
Grammica,C_tasmanica,17-15,D,1,flower,2018-05-29,10:52:34 AM,,,f,197,Fv.Fm,0.382608696,Grammica__Fv.Fm,Flower,Grammica__Flower
Grammica,C_polygonorum,1705,A,5,seed,2018-01-25,10:20:42 AM,,,s,198,Fv.Fm,0.502797464,Grammica__Fv.Fm,Seed,Grammica__Seed
Grammica,C_tasmanica,17-15,D,1,young,2018-05-03,1:32:11 PM,,,y,199,Fv.Fm,0.243589744,Grammica__Fv.Fm,Young,Grammica__Young
Grammica,C_gracillima,CUGR,A,3,old,2018-06-20,1:42:37 PM,,,o,200,Fv.Fm,0.409638554,Grammica__Fv.Fm,Old,Grammica__Old
Grammica,C_cephalanthii,1567,D,14,seed,2018-04-19,5:03:34 PM,,,s,201,Fv.Fm,0.555390335,Grammica__Fv.Fm,Seed,Grammica__Seed
Grammica,C_cephalanthii,1567,B,4,haustorium,2017-12-21,10:34:52 AM,,,h,202,Fv.Fm,0.473346693,Grammica__Fv.Fm,Haustorium,Grammica__Haustorium
Grammica,C_sandwichiana,155,D,3,old,2018-01-25,1:13:25 PM,,,o,203,Fv.Fm,0.380090498,Grammica__Fv.Fm,Old,Grammica__Old
Grammica,C_denticulata,ss13-46,C,5,flower,2018-06-20,3:03:14 PM,,,f,204,Fv.Fm,0.662896912,Grammica__Fv.Fm,Flower,Grammica__Flower
Grammica,C_tasmanica,17-15,C,1,flower,2018-06-22,1:42:52 PM,,,f,205,Fv.Fm,0.512755102,Grammica__Fv.Fm,Flower,Grammica__Flower
Grammica,C_denticulata,ss13-46,-,5,seedling,2018-04-17,1:38:52 PM,,,sdlg,206,Fv.Fm,0.529021559,Grammica__Fv.Fm,Seedling,Grammica__Seedling
Grammica,C_cephalanthii,1567,A,2,seedling ,8/24/18,13:52:40,,,sdlg,207,Fv.Fm,0.762962963,Grammica__Fv.Fm,Seedling,Grammica__Seedling
Grammica,C_polygonorum,1705,C,1,haustorium,2017-12-13,11:51:43 AM,,,h,208,Fv.Fm,0.304733728,Grammica__Fv.Fm,Haustorium,Grammica__Haustorium
Grammica,C_cephalanthii,1567,B,2,seed,2017-12-21,10:08:02 AM,,,s,210,Fv.Fm,0.678194932,Grammica__Fv.Fm,Seed,Grammica__Seed
Grammica,C_denticulata,ss13-46,D,3,haustorium,2018-05-29,4:58:54 PM,,,h,211,Fv.Fm,0.497273719,Grammica__Fv.Fm,Haustorium,Grammica__Haustorium
Grammica,C_polygonorum,1705,A,4,seed,2018-01-25,10:20:42 AM,,,s,212,Fv.Fm,0.523379384,Grammica__Fv.Fm,Seed,Grammica__Seed
Grammica,C_tasmanica,17-15,B,3,flower,2018-05-25,12:21:17 PM,,,f,214,Fv.Fm,0.596088435,Grammica__Fv.Fm,Flower,Grammica__Flower
Grammica,C_tasmanica,17-15,A,4,flower,2018-04-17,3:16:54 PM,,,f,215,Fv.Fm,0.72489083,Grammica__Fv.Fm,Flower,Grammica__Flower
Grammica,C_sandwichiana,155,C,13,flower,2018-01-15,9:59:00 AM,,,f,216,Fv.Fm,0.559322034,Grammica__Fv.Fm,Flower,Grammica__Flower
Grammica,C_polygonorum,1705,A,6,seed,2018-01-25,10:20:42 AM,,,s,218,Fv.Fm,0.662198391,Grammica__Fv.Fm,Seed,Grammica__Seed
Grammica,C_polygonorum,1705,A,4,haustorium,2018-01-25,10:10:26 AM,,,h,219,Fv.Fm,0.551939925,Grammica__Fv.Fm,Haustorium,Grammica__Haustorium
Grammica,C_denticulata,ss13-46,-,1,seedling,2018-04-17,1:38:52 PM,,,sdlg,221,Fv.Fm,0.608866995,Grammica__Fv.Fm,Seedling,Grammica__Seedling
Grammica,C_tasmanica,17-15,A,6,flower,2018-04-17,3:16:54 PM,,,f,222,Fv.Fm,0.648283039,Grammica__Fv.Fm,Flower,Grammica__Flower
Grammica,C_tasmanica,17-15,B,7,flower,2018-05-25,12:21:17 PM,,,f,224,Fv.Fm,0.561051005,Grammica__Fv.Fm,Flower,Grammica__Flower
Grammica,C_cephalanthii,1567,G,3,haustorium,2018-03-04,5:38:33 PM,,,h,225,Fv.Fm,0.584056827,Grammica__Fv.Fm,Haustorium,Grammica__Haustorium
Grammica,C_denticulata,ss13-46,C,10,flower,2018-06-20,3:03:14 PM,,,f,226,Fv.Fm,0.674222457,Grammica__Fv.Fm,Flower,Grammica__Flower
Grammica,C_cephalanthii,1567,B,3,haustorium,2017-12-21,10:34:52 AM,,,h,227,Fv.Fm,0.349268293,Grammica__Fv.Fm,Haustorium,Grammica__Haustorium
Grammica,C_tasmanica,17-15,B,3,old,2018-04-17,2:09:31 PM,,,o,228,Fv.Fm,0.338983051,Grammica__Fv.Fm,Old,Grammica__Old
Grammica,C_tasmanica,17-15,B,4,old,2018-03-15,4:32:42 PM,,,o,229,Fv.Fm,0.169491525,Grammica__Fv.Fm,Old,Grammica__Old
Grammica,C_cephalanthii,1567,B,2,haustorium,2017-12-21,10:34:52 AM,,,h,230,Fv.Fm,0.626885837,Grammica__Fv.Fm,Haustorium,Grammica__Haustorium
Grammica,C_denticulata,ss13-46,C,9,flower,2018-06-20,3:03:14 PM,,,f,231,Fv.Fm,0.656658968,Grammica__Fv.Fm,Flower,Grammica__Flower
Grammica,C_australis,1382,B,4,haustorium,2017-12-13,3:30:14 PM,,,h,232,Fv.Fm,0.518419648,Grammica__Fv.Fm,Haustorium,Grammica__Haustorium
Grammica,C_tasmanica,17-15,C,4,flower,2018-06-22,1:42:52 PM,,,f,233,Fv.Fm,0.578231293,Grammica__Fv.Fm,Flower,Grammica__Flower
Grammica,C_tasmanica,17-15,C,6,flower,2018-06-22,1:42:52 PM,,,f,234,Fv.Fm,0.657342657,Grammica__Fv.Fm,Flower,Grammica__Flower
Grammica,C_australis,1382,-,2,seedling,2017-11-02,12:02:09 PM,,,sdlg,235,Fv.Fm,0.737356566,Grammica__Fv.Fm,Seedling,Grammica__Seedling
Grammica,C_costaricensis,CUCO,B,7,young,2018-05-25,2:04:09 PM,,,y,236,Fv.Fm,0.338983051,Grammica__Fv.Fm,Young,Grammica__Young
Grammica,C_gracillima,CUGR,B,3,haustorium,2018-07-06,10:49:28 AM,,,h,237,Fv.Fm,0.628811777,Grammica__Fv.Fm,Haustorium,Grammica__Haustorium
Grammica,C_cephalanthii,1567,D,13,seed,2018-04-19,5:03:34 PM,,,s,238,Fv.Fm,0.590594744,Grammica__Fv.Fm,Seed,Grammica__Seed
Grammica,C_polygonorum,1705,D,5,haustorium,2018-07-06,12:10:49 PM,,,h,239,Fv.Fm,0.381526104,Grammica__Fv.Fm,Haustorium,Grammica__Haustorium
Grammica,C_tasmanica,17-15,B,2,flower,2018-05-25,12:21:17 PM,,,f,240,Fv.Fm,0.657721519,Grammica__Fv.Fm,Flower,Grammica__Flower
Grammica,C_sandwichiana,155,D,2,old,2018-01-25,1:13:25 PM,,,o,241,Fv.Fm,0.345833333,Grammica__Fv.Fm,Old,Grammica__Old
Grammica,C_compacta,1566,-,2,seedling,2017-11-02,3:45:51 PM,,,sdlg,243,Fv.Fm,0.624367889,Grammica__Fv.Fm,Seedling,Grammica__Seedling
Grammica,C_australis,1382,-,2,seedling,2017-11-02,2:55:01 PM,,,sdlg,244,Fv.Fm,0.750739208,Grammica__Fv.Fm,Seedling,Grammica__Seedling
Grammica,C_indecora,ss16-17,B,2,flower,2018-03-23,3:39:17 PM,,,f,245,Fv.Fm,0.626126126,Grammica__Fv.Fm,Flower,Grammica__Flower
Grammica,C_polygonorum,1705,C,5,old,2017-12-13,11:41:35 AM,,,o,246,Fv.Fm,0.394345238,Grammica__Fv.Fm,Old,Grammica__Old
Grammica,C_gracillima,CUGR,B,1,old,2018-07-06,10:42:14 AM,,,o,247,Fv.Fm,0.598715891,Grammica__Fv.Fm,Old,Grammica__Old
Grammica,C_denticulata,ss13-46,B,3,haustorium,2018-06-20,1:19:35 PM,,,h,249,Fv.Fm,0.705382436,Grammica__Fv.Fm,Haustorium,Grammica__Haustorium
Grammica,C_tasmanica,17-15,C,2,flower,2018-06-22,1:42:52 PM,,,f,251,Fv.Fm,0.646748682,Grammica__Fv.Fm,Flower,Grammica__Flower
Grammica,C_gracillima,CUGR,A,3,haustorium,2018-07-06,1:31:44 PM,,,h,252,Fv.Fm,0.603790346,Grammica__Fv.Fm,Haustorium,Grammica__Haustorium
Grammica,C_cephalanthii,1567,A,5,old,2017-12-21,10:20:01 AM,,,o,253,Fv.Fm,0.430939227,Grammica__Fv.Fm,Old,Grammica__Old
Grammica,C_cephalanthii,1567,A,3,seed,2017-12-21,10:53:16 AM,,,s,254,Fv.Fm,0.675086356,Grammica__Fv.Fm,Seed,Grammica__Seed
Grammica,C_australis,1382,B,4,old,2017-12-13,3:17:31 PM,,,o,256,Fv.Fm,0.443438914,Grammica__Fv.Fm,Old,Grammica__Old
Grammica,C_australis,1382,A,3,old,2018-01-25,11:20:59 AM,,,o,257,Fv.Fm,0.417322835,Grammica__Fv.Fm,Old,Grammica__Old
Grammica,C_cephalanthii,1567,B,13,flower,2017-12-21,10:08:02 AM,,,f,258,Fv.Fm,0.575949367,Grammica__Fv.Fm,Flower,Grammica__Flower
Grammica,C_cephalanthii,1567,G,1,haustorium,2018-03-04,5:38:33 PM,,,h,259,Fv.Fm,0.553663366,Grammica__Fv.Fm,Haustorium,Grammica__Haustorium
Grammica,C_polygonorum,1705,A,3,seed,2018-01-25,10:20:42 AM,,,s,260,Fv.Fm,0.428158149,Grammica__Fv.Fm,Seed,Grammica__Seed
Grammica,C_cephalanthii,1567,B,4,seed,2017-12-21,10:08:02 AM,,,s,262,Fv.Fm,0.665714286,Grammica__Fv.Fm,Seed,Grammica__Seed
Grammica,C_sandwichiana,155,-,1,seedling,8/24/18,12:18:16,,,sdlg,263,Fv.Fm,0.532934132,Grammica__Fv.Fm,Seedling,Grammica__Seedling
Grammica,C_cephalanthii,1567,B,9,flower,2017-12-21,10:08:02 AM,,,f,264,Fv.Fm,0.609248555,Grammica__Fv.Fm,Flower,Grammica__Flower
Grammica,C_denticulata,ss13-46,D,5,haustorium,2018-05-29,4:58:54 PM,,,h,265,Fv.Fm,0.522440393,Grammica__Fv.Fm,Haustorium,Grammica__Haustorium
Grammica,C_sandwichiana,155,D,2,haustorium,2018-01-25,1:21:03 PM,,,h,266,Fv.Fm,0.416410256,Grammica__Fv.Fm,Haustorium,Grammica__Haustorium
Grammica,C_cephalanthii,1567,D,11,seed,2018-04-19,5:03:34 PM,,,s,267,Fv.Fm,0.648498144,Grammica__Fv.Fm,Seed,Grammica__Seed
Grammica,C_cephalanthii,1567,A,9,seed,2017-12-21,10:53:16 AM,,,s,268,Fv.Fm,0.613711002,Grammica__Fv.Fm,Seed,Grammica__Seed
Grammica,C_cephalanthii,1567,G,2,haustorium,2018-03-04,5:38:33 PM,,,h,270,Fv.Fm,0.492327366,Grammica__Fv.Fm,Haustorium,Grammica__Haustorium
Grammica,C_polygonorum,1705,A,9,flower,2018-01-25,10:20:42 AM,,,f,271,Fv.Fm,0.478873239,Grammica__Fv.Fm,Flower,Grammica__Flower
Grammica,C_polygonorum,1705,A,11,flower,2018-01-25,10:20:42 AM,,,f,272,Fv.Fm,0.49148802,Grammica__Fv.Fm,Flower,Grammica__Flower
Grammica,C_cephalanthii,1567,D,10,flower,2018-04-03,4:33:24 PM,,,f,274,Fv.Fm,0.627944203,Grammica__Fv.Fm,Flower,Grammica__Flower
Grammica,C_denticulata,ss13-46,D,5,haustorium,2018-06-22,4:57:03 PM,,,h,275,Fv.Fm,0.535374431,Grammica__Fv.Fm,Haustorium,Grammica__Haustorium
Grammica,C_compacta,1566,E,1,haustorium,2017-11-15,10:46:02 AM,,,h,276,Fv.Fm,0.556756757,Grammica__Fv.Fm,Haustorium,Grammica__Haustorium
Grammica,C_cephalanthii,1567,G,7,seed (old),2018-05-29,12:53:01 PM,,,s,278,Fv.Fm,0.52474417,Grammica__Fv.Fm,Seed,Grammica__Seed
Grammica,C_tasmanica,17-15,B,1,young,2018-03-15,4:44:24 PM,,,y,279,Fv.Fm,0.311827957,Grammica__Fv.Fm,Young,Grammica__Young
Grammica,C_tasmanica,17-15,B,3,young,2018-03-15,4:44:24 PM,,,y,280,Fv.Fm,0.397959184,Grammica__Fv.Fm,Young,Grammica__Young
Grammica,C_compacta,1566,A,1,haustorium,2017-11-15,12:05:49 PM,,,h,281,Fv.Fm,0.616053776,Grammica__Fv.Fm,Haustorium,Grammica__Haustorium
Grammica,C_cephalanthii,1567,D,1,haustorium,2018-03-04,4:43:17 PM,,,h,282,Fv.Fm,0.754735652,Grammica__Fv.Fm,Haustorium,Grammica__Haustorium
Grammica,C_cephalanthii,1567,B,6,seed,2017-12-21,10:08:02 AM,,,s,283,Fv.Fm,0.660637884,Grammica__Fv.Fm,Seed,Grammica__Seed
Grammica,C_tasmanica,17-15,A,5,flower,2018-04-17,3:16:54 PM,,,f,287,Fv.Fm,0.602549247,Grammica__Fv.Fm,Flower,Grammica__Flower
Grammica,C_australis,1382,-,1,seedling,2017-11-02,12:02:09 PM,,,sdlg,288,Fv.Fm,0.68623962,Grammica__Fv.Fm,Seedling,Grammica__Seedling
Grammica,C_indecora,ss16-17,D,1,flower,2018-03-23,3:04:55 PM,,,f,290,Fv.Fm,0.686058432,Grammica__Fv.Fm,Flower,Grammica__Flower
Grammica,C_sandwichiana,155,A,2,young,2018-01-15,10:49:39 AM,,,y,291,Fv.Fm,0.335078534,Grammica__Fv.Fm,Young,Grammica__Young
Grammica,C_tasmanica,17-15,B,6,flower,2018-05-25,12:21:17 PM,,,f,292,Fv.Fm,0.593862816,Grammica__Fv.Fm,Flower,Grammica__Flower
Grammica,C_polygonorum,1705,A,8,flower,2018-01-25,10:20:42 AM,,,f,293,Fv.Fm,0.525627615,Grammica__Fv.Fm,Flower,Grammica__Flower
Grammica,C_cephalanthii,1567,D,10,seed,2018-04-19,5:03:34 PM,,,s,294,Fv.Fm,0.70373444,Grammica__Fv.Fm,Seed,Grammica__Seed
Grammica,C_gracillima,CUGR,A,2,haustorium,2018-07-06,1:31:44 PM,,,h,295,Fv.Fm,0.531841652,Grammica__Fv.Fm,Haustorium,Grammica__Haustorium
Grammica,C_indecora,ss16-17,D,3,flower,2018-03-23,3:04:55 PM,,,f,296,Fv.Fm,0.741878841,Grammica__Fv.Fm,Flower,Grammica__Flower
Grammica,C_tasmanica,17-15,C,3,flower,2018-06-22,1:42:52 PM,,,f,297,Fv.Fm,0.669795222,Grammica__Fv.Fm,Flower,Grammica__Flower
Grammica,C_compacta,1566,B,3,old,2017-12-21,11:24:24 AM,,,o,298,Fv.Fm,0.357466063,Grammica__Fv.Fm,Old,Grammica__Old
Grammica,C_sandwichiana,155,S1,2,seedling,2017-11-09,6:04:24 PM,,,sdlg,299,Fv.Fm,0.464559387,Grammica__Fv.Fm,Seedling,Grammica__Seedling
Grammica,C_cephalanthii,1567,B,5,seed,2017-12-21,10:08:02 AM,,,s,300,Fv.Fm,0.66115525,Grammica__Fv.Fm,Seed,Grammica__Seed
Grammica,C_sandwichiana,155,A,1,haustorium,2018-01-15,11:21:16 AM,,,h,301,Fv.Fm,0.5,Grammica__Fv.Fm,Haustorium,Grammica__Haustorium
Grammica,C_gracillima,CUGR,A,1,young,2018-05-29,4:36:34 PM,,,y,303,Fv.Fm,0.544935806,Grammica__Fv.Fm,Young,Grammica__Young
Grammica,C_cephalanthii,1567,D,1,seed,2018-03-04,4:33:24 PM,,,s,304,Fv.Fm,0.687319506,Grammica__Fv.Fm,Seed,Grammica__Seed
Grammica,C_cephalanthii,1567,A,2,old,2017-12-21,10:20:01 AM,,,o,305,Fv.Fm,0.439461883,Grammica__Fv.Fm,Old,Grammica__Old
Grammica,C_australis,1382,C,4,old,2017-12-13,2:31:06 PM,,,o,306,Fv.Fm,0.402266289,Grammica__Fv.Fm,Old,Grammica__Old
Grammica,C_denticulata,ss13-46,C,7,flower,2018-06-20,3:03:14 PM,,,f,307,Fv.Fm,0.685375067,Grammica__Fv.Fm,Flower,Grammica__Flower
Grammica,C_polygonorum,1705,A,1,haustorium,2018-01-25,10:10:26 AM,,,h,308,Fv.Fm,0.666666667,Grammica__Fv.Fm,Haustorium,Grammica__Haustorium
Grammica,C_denticulata,ss13-46,D,1,haustorium,2018-06-22,4:57:03 PM,,,h,309,Fv.Fm,0.562320689,Grammica__Fv.Fm,Haustorium,Grammica__Haustorium
Grammica,C_compacta,1566,A,5,old,2017-11-15,10:28:34 AM,,,o,310,Fv.Fm,0.352017937,Grammica__Fv.Fm,Old,Grammica__Old
Grammica,C_compacta,1566,E,1,haustorium,2017-11-15,10:56:43 AM,,,h,311,Fv.Fm,0.67163505,Grammica__Fv.Fm,Haustorium,Grammica__Haustorium
Grammica,C_polygonorum,1705,C,7,old,2017-12-13,11:41:35 AM,,,o,312,Fv.Fm,0.42516269,Grammica__Fv.Fm,Old,Grammica__Old
Grammica,C_sandwichiana,155,A,2,haustorium,2018-01-15,11:21:16 AM,,,h,313,Fv.Fm,0.539025442,Grammica__Fv.Fm,Haustorium,Grammica__Haustorium
Grammica,C_denticulata,ss13-46,C,8,flower,2018-06-20,3:03:14 PM,,,f,315,Fv.Fm,0.707637232,Grammica__Fv.Fm,Flower,Grammica__Flower
Grammica,C_tasmanica,17-15,B,8,flower,2018-05-25,12:21:17 PM,,,f,317,Fv.Fm,0.589486859,Grammica__Fv.Fm,Flower,Grammica__Flower
Grammica,C_cephalanthii,1567,F,3,seed (old),2018-05-29,12:23:38 PM,,,s,319,Fv.Fm,0.543371522,Grammica__Fv.Fm,Seed,Grammica__Seed
Grammica,C_tasmanica,17-15,B,4,old,2018-04-17,2:09:31 PM,,,o,320,Fv.Fm,0.409638554,Grammica__Fv.Fm,Old,Grammica__Old
Grammica,C_sandwichiana,155,A,2,haustorium,2018-01-25,12:33:35 PM,,,h,322,Fv.Fm,0.531979695,Grammica__Fv.Fm,Haustorium,Grammica__Haustorium
Grammica,C_cephalanthii,1567,D,6,seed,2018-04-19,5:03:34 PM,,,s,323,Fv.Fm,0.697316322,Grammica__Fv.Fm,Seed,Grammica__Seed
Grammica,C_cephalanthii,1567,D,3,haustorium,2018-03-04,4:43:17 PM,,,h,324,Fv.Fm,0.655450708,Grammica__Fv.Fm,Haustorium,Grammica__Haustorium
Grammica,C_cephalanthii,1567,D,3,haustorium,2018-03-04,4:43:17 PM,,,h,325,Fv.Fm,0.655450708,Grammica__Fv.Fm,Haustorium,Grammica__Haustorium
Grammica,C_cephalanthii,1567,D,5,old,2018-04-03,4:18:12 PM,,,o,326,Fv.Fm,0.397027601,Grammica__Fv.Fm,Old,Grammica__Old
Grammica,C_compacta,1566,D,4,seed,2018-03-23,3:29:35 PM,,,s,327,Fv.Fm,0.553605313,Grammica__Fv.Fm,Seed,Grammica__Seed
Grammica,C_cephalanthii,1567,D,11,flower,2018-04-03,4:33:24 PM,,,f,328,Fv.Fm,0.649729172,Grammica__Fv.Fm,Flower,Grammica__Flower
Grammica,C_cephalanthii,1567,E,4,old,2018-03-08,1:10:13 PM,,,o,330,Fv.Fm,0.475728155,Grammica__Fv.Fm,Old,Grammica__Old
Grammica,C_polygonorum,1705,A,2,haustorium,2018-01-25,10:10:26 AM,,,h,332,Fv.Fm,0.630085653,Grammica__Fv.Fm,Haustorium,Grammica__Haustorium
Grammica,C_cephalanthii,1567,D,1,haustorium,2018-03-08,11:59:03 AM,,,h,333,Fv.Fm,0.519650655,Grammica__Fv.Fm,Haustorium,Grammica__Haustorium
Grammica,C_cephalanthii,1567,D,3,haustorium,2018-03-08,11:59:03 AM,,,h,334,Fv.Fm,0.548906049,Grammica__Fv.Fm,Haustorium,Grammica__Haustorium
Grammica,C_polygonorum,1705,C,1,seed,2017-12-13,1:00:53 PM,,,s,336,Fv.Fm,0.52402863,Grammica__Fv.Fm,Seed,Grammica__Seed
Grammica,C_indecora,ss16-17,D,2,flower,2018-03-23,3:04:55 PM,,,f,337,Fv.Fm,0.676614595,Grammica__Fv.Fm,Flower,Grammica__Flower
Grammica,C_cephalanthii,1567,D,3,flower,2018-04-19,5:03:34 PM,,,f,338,Fv.Fm,0.565288357,Grammica__Fv.Fm,Flower,Grammica__Flower
Grammica,C_denticulata,ss13-46,D,2,haustorium,2018-06-22,4:57:03 PM,,,h,341,Fv.Fm,0.383465259,Grammica__Fv.Fm,Haustorium,Grammica__Haustorium
Grammica,C_tasmanica,17-15,B,9,flower,2018-05-25,12:21:17 PM,,,f,343,Fv.Fm,0.704834606,Grammica__Fv.Fm,Flower,Grammica__Flower
Grammica,C_cephalanthii,1567,D,3,old,2018-04-03,4:18:12 PM,,,o,344,Fv.Fm,0.420240137,Grammica__Fv.Fm,Old,Grammica__Old
Grammica,C_cephalanthii,1567,D,3,seed,2018-03-04,4:33:24 PM,,,s,345,Fv.Fm,0.712379859,Grammica__Fv.Fm,Seed,Grammica__Seed
Grammica,C_tasmanica,17-15,B,1,flower,2018-05-25,12:21:17 PM,,,f,346,Fv.Fm,0.685344828,Grammica__Fv.Fm,Flower,Grammica__Flower
Grammica,C_cephalanthii,1567,D,3,old,2018-03-08,12:10:52 PM,,,o,348,Fv.Fm,0.419354839,Grammica__Fv.Fm,Old,Grammica__Old
Grammica,C_tasmanica,17-15,A,2,flower,2018-04-17,3:16:54 PM,,,f,350,Fv.Fm,0.729779412,Grammica__Fv.Fm,Flower,Grammica__Flower
Grammica,C_indecora,ss16-17,B,3,old,2018-01-25,12:10:09 PM,,,o,352,Fv.Fm,0.459854015,Grammica__Fv.Fm,Old,Grammica__Old
Grammica,C_tasmanica,17-15,B,2,young,2018-03-15,4:44:24 PM,,,y,353,Fv.Fm,0.450704225,Grammica__Fv.Fm,Young,Grammica__Young
Grammica,C_polygonorum,1705,A,1,seed,2018-01-25,9:58:34 AM,,,s,354,Fv.Fm,0.442373713,Grammica__Fv.Fm,Seed,Grammica__Seed
Grammica,C_sandwichiana,155,C,1,old,2017-12-13,3:46:17 PM,,,o,355,Fv.Fm,0.638433515,Grammica__Fv.Fm,Old,Grammica__Old
Grammica,C_cephalanthii,1567,G,2,seed (old),2018-05-29,12:53:01 PM,,,s,356,Fv.Fm,0.623962761,Grammica__Fv.Fm,Seed,Grammica__Seed
Grammica,C_australis,1382,A,1,haustorium,2018-01-25,11:30:18 AM,,,h,357,Fv.Fm,0.485714286,Grammica__Fv.Fm,Haustorium,Grammica__Haustorium
Grammica,C_cephalanthii,1567,B,3,haustorium,2017-12-13,12:25:12 PM,,,h,358,Fv.Fm,0.463326446,Grammica__Fv.Fm,Haustorium,Grammica__Haustorium
Grammica,C_sandwichiana,155,A,3,haustorium,2018-01-15,11:21:16 AM,,,h,359,Fv.Fm,0.457373272,Grammica__Fv.Fm,Haustorium,Grammica__Haustorium
Grammica,C_cephalanthii,1567,B,5,old,2017-12-13,12:12:56 PM,,,o,361,Fv.Fm,0.410994764,Grammica__Fv.Fm,Old,Grammica__Old
Grammica,C_indecora,ss16-17,A,3,haustorium,2017-12-13,1:34:11 PM,,,h,362,Fv.Fm,0.633503401,Grammica__Fv.Fm,Haustorium,Grammica__Haustorium
Grammica,C_polygonorum,1705,D,2,haustorium,2018-07-06,12:10:49 PM,,,h,363,Fv.Fm,0.606620936,Grammica__Fv.Fm,Haustorium,Grammica__Haustorium
Grammica,C_tasmanica,17-15,B,5,flower,2018-05-25,12:21:17 PM,,,f,364,Fv.Fm,0.6723116,Grammica__Fv.Fm,Flower,Grammica__Flower
Grammica,C_californica,ss17-105,D,3,haustorium,2018-05-25,1:08:20 PM,,,h,365,Fv.Fm,0.61875322,Grammica__Fv.Fm,Haustorium,Grammica__Haustorium
Grammica,C_sandwichiana,155,S2,1,seedling,2017-11-09,5:54:52 PM,,,sdlg,366,Fv.Fm,0.512820513,Grammica__Fv.Fm,Seedling,Grammica__Seedling
Grammica,C_australis,1382,A,3,haustorium,2018-01-25,11:30:18 AM,,,h,368,Fv.Fm,0.475728155,Grammica__Fv.Fm,Haustorium,Grammica__Haustorium
Grammica,C_polygonorum,1705,A,3,haustorium,2018-01-25,11:10:26 AM,,,h,369,Fv.Fm,0.525252525,Grammica__Fv.Fm,Haustorium,Grammica__Haustorium
Grammica,C_polygonorum,1705,S,1,seedling,2017-11-09,6:13:19 PM,,,sdlg,370,Fv.Fm,0.644827586,Grammica__Fv.Fm,Seedling,Grammica__Seedling
Grammica,C_californica,ss17-105,D,7,flower,2018-07-06,2:13:32 PM,,,f,371,Fv.Fm,0.542416452,Grammica__Fv.Fm,Flower,Grammica__Flower
Grammica,C_cephalanthii,1567,D,13,flower,2018-04-03,4:33:24 PM,,,f,372,Fv.Fm,0.691276179,Grammica__Fv.Fm,Flower,Grammica__Flower
Grammica,C_australis,1382,C,3,old,2017-12-13,2:31:06 PM,,,o,374,Fv.Fm,0.414762742,Grammica__Fv.Fm,Old,Grammica__Old
Grammica,C_cephalanthii,1567,B,8,seed,2017-12-21,10:08:02 AM,,,s,376,Fv.Fm,0.63681592,Grammica__Fv.Fm,Seed,Grammica__Seed
Grammica,C_compacta,1566,D,2,seed,2018-03-23,3:29:35 PM,,,s,377,Fv.Fm,0.513018322,Grammica__Fv.Fm,Seed,Grammica__Seed
Grammica,C_californica,ss17-105,D,3,flower,2018-07-06,2:13:32 PM,,,f,378,Fv.Fm,0.642193309,Grammica__Fv.Fm,Flower,Grammica__Flower
Grammica,C_sandwichiana,155,A,1,young,2018-01-15,10:49:39 AM,,,y,379,Fv.Fm,0.374407583,Grammica__Fv.Fm,Young,Grammica__Young
Grammica,C_denticulata,ss13-46,A,5,old,2018-05-29,3:19:24 PM,,,o,380,Fv.Fm,0.443181818,Grammica__Fv.Fm,Old,Grammica__Old
Grammica,C_californica,ss17-105,E,8,flower,2018-07-06,2:26:42 PM,,,f,382,Fv.Fm,0.685217829,Grammica__Fv.Fm,Flower,Grammica__Flower
Grammica,C_polygonorum,1705,D,3,haustorium,2018-07-06,12:10:49 PM,,,h,383,Fv.Fm,0.519607843,Grammica__Fv.Fm,Haustorium,Grammica__Haustorium
Grammica,C_tasmanica,17-15,B,2,old,2018-04-17,2:09:31 PM,,,o,385,Fv.Fm,0.407407407,Grammica__Fv.Fm,Old,Grammica__Old
Grammica,C_gracillima,CUGR,A,4,young,2018-05-29,4:36:34 PM,,,y,386,Fv.Fm,0.483636364,Grammica__Fv.Fm,Young,Grammica__Young
Grammica,C_indecora,ss16-17,E,3,seed,2018-03-23,3:52:37 PM,,,s,387,Fv.Fm,0.439858491,Grammica__Fv.Fm,Seed,Grammica__Seed
Grammica,C_cephalanthii,1567,G,5,seed (old),2018-05-29,12:53:01 PM,,,s,388,Fv.Fm,0.529544357,Grammica__Fv.Fm,Seed,Grammica__Seed
Grammica,C_cephalanthii,1567,A,3,old,2017-12-21,10:20:01 AM,,,o,389,Fv.Fm,0.430594901,Grammica__Fv.Fm,Old,Grammica__Old
Grammica,C_cephalanthii,1567,G,5,old,2018-04-03,5:27:45 PM,,,o,390,Fv.Fm,0.443113772,Grammica__Fv.Fm,Old,Grammica__Old
Grammica,C_sandwichiana,155,C,1,haustorium,2017-12-13,3:55:12 PM,,,h,391,Fv.Fm,0.617049353,Grammica__Fv.Fm,Haustorium,Grammica__Haustorium
Grammica,C_californica,ss17-105,D,4,flower,2018-07-06,2:13:32 PM,,,f,392,Fv.Fm,0.606500692,Grammica__Fv.Fm,Flower,Grammica__Flower
Grammica,C_australis,1382,A,4,old,2018-01-25,11:20:59 AM,,,o,393,Fv.Fm,0.448979592,Grammica__Fv.Fm,Old,Grammica__Old
Grammica,C_polygonorum,1705,A,10,flower,2018-01-25,10:20:42 AM,,,f,394,Fv.Fm,0.575633926,Grammica__Fv.Fm,Flower,Grammica__Flower
Grammica,C_sandwichiana,155,D,1,haustorium,2018-01-25,1:21:03 PM,,,h,395,Fv.Fm,0.52741152,Grammica__Fv.Fm,Haustorium,Grammica__Haustorium
Grammica,C_cephalanthii,1567,B,2,haustorium,2017-12-13,12:25:12 PM,,,h,397,Fv.Fm,0.59437751,Grammica__Fv.Fm,Haustorium,Grammica__Haustorium
Grammica,C_gracillima,CUGR,A,5,haustorium,2018-07-06,1:31:44 PM,,,h,399,Fv.Fm,0.548026546,Grammica__Fv.Fm,Haustorium,Grammica__Haustorium
Grammica,C_indecora,ss16-17,B,1,flower,2018-03-23,3:39:17 PM,,,f,400,Fv.Fm,0.59950495,Grammica__Fv.Fm,Flower,Grammica__Flower
Grammica,C_tasmanica,17-15,D,1,haustorium,2018-05-03,1:52:11 PM,,,h,401,Fv.Fm,0.726583239,Grammica__Fv.Fm,Haustorium,Grammica__Haustorium
Grammica,C_sandwichiana,155,-,2,seedling,8/24/18,12:33:37,,,sdlg,403,Fv.Fm,0.5,Grammica__Fv.Fm,Seedling,Grammica__Seedling
Grammica,C_compacta,1566,B,2,old,2017-12-21,11:24:24 AM,,,o,404,Fv.Fm,0.359183673,Grammica__Fv.Fm,Old,Grammica__Old
Grammica,C_sandwichiana,155,C,3,old,2017-12-13,3:46:17 PM,,,o,405,Fv.Fm,0.45819398,Grammica__Fv.Fm,Old,Grammica__Old
Grammica,C_denticulata,ss13-46,D,4,old,2018-06-22,4:47:32 PM,,,o,406,Fv.Fm,0.57208589,Grammica__Fv.Fm,Old,Grammica__Old
Grammica,C_sandwichiana,155,-,2,seedling,8/24/18,12:18:16,,,sdlg,407,Fv.Fm,0.486842105,Grammica__Fv.Fm,Seedling,Grammica__Seedling
Grammica,C_australis,1382,C,2,old,2017-12-13,2:31:06 PM,,,o,408,Fv.Fm,0.387755102,Grammica__Fv.Fm,Old,Grammica__Old
Grammica,C_australis,1382,B,3,haustorium,2017-12-13,3:30:14 PM,,,h,409,Fv.Fm,0.646566647,Grammica__Fv.Fm,Haustorium,Grammica__Haustorium
Grammica,C_tasmanica,17-15,A,1,flower,2018-04-17,3:16:54 PM,,,f,411,Fv.Fm,0.595015576,Grammica__Fv.Fm,Flower,Grammica__Flower
Grammica,C_cephalanthii,1567,D,2,flower,2018-04-19,5:03:34 PM,,,f,412,Fv.Fm,0.553962901,Grammica__Fv.Fm,Flower,Grammica__Flower
Grammica,C_costaricensis,CUCO,B,4,old,2018-05-25,2:16:35 PM,,,o,413,Fv.Fm,0.403921569,Grammica__Fv.Fm,Old,Grammica__Old
Grammica,C_indecora,ss16-17,A,1,haustorium,2017-12-13,1:34:11 PM,,,h,414,Fv.Fm,0.661877395,Grammica__Fv.Fm,Haustorium,Grammica__Haustorium
Grammica,C_cephalanthii,1567,F,5,old,2018-03-23,4:26:33 PM,,,o,415,Fv.Fm,0.491949911,Grammica__Fv.Fm,Old,Grammica__Old
Grammica,C_polygonorum,1705,B,3,old,2017-12-13,2:09:18 PM,,,o,417,Fv.Fm,0.482695811,Grammica__Fv.Fm,Old,Grammica__Old
Grammica,C_sandwichiana,155,A,3,young,2018-01-15,10:49:39 AM,,,y,418,Fv.Fm,0.364197531,Grammica__Fv.Fm,Young,Grammica__Young
Grammica,C_polygonorum,1705,B,2,old,2017-12-13,2:09:18 PM,,,o,421,Fv.Fm,0.444250871,Grammica__Fv.Fm,Old,Grammica__Old
Grammica,C_gracillima,CUGR,C,2,old,2018-07-06,1:05:03 PM,,,o,423,Fv.Fm,0.572504708,Grammica__Fv.Fm,Old,Grammica__Old
Grammica,C_gracillima,CUGR,A,4,haustorium,2018-07-06,1:31:44 PM,,,h,425,Fv.Fm,0.521584861,Grammica__Fv.Fm,Haustorium,Grammica__Haustorium
Grammica,C_tasmanica,17-15,D,2,flower,2018-05-29,10:52:34 AM,,,f,426,Fv.Fm,0.614767255,Grammica__Fv.Fm,Flower,Grammica__Flower
Grammica,C_cephalanthii,1567,D,2,haustorium,2018-03-08,11:59:03 AM,,,h,427,Fv.Fm,0.549118388,Grammica__Fv.Fm,Haustorium,Grammica__Haustorium
Grammica,C_australis,1382,A,2,haustorium,2018-01-25,11:30:18 AM,,,h,428,Fv.Fm,0.555555556,Grammica__Fv.Fm,Haustorium,Grammica__Haustorium
Grammica,C_compacta,1566,A,1,haustorium,2017-11-15,12:14:15 PM,,,h,430,Fv.Fm,0.654541347,Grammica__Fv.Fm,Haustorium,Grammica__Haustorium
Grammica,C_cephalanthii,1567,D,14,flower,2018-04-03,4:33:24 PM,,,f,431,Fv.Fm,0.708634953,Grammica__Fv.Fm,Flower,Grammica__Flower
Grammica,C_sandwichiana,155,A,1,haustorium,2018-01-25,12:33:35 PM,,,h,432,Fv.Fm,0.569230769,Grammica__Fv.Fm,Haustorium,Grammica__Haustorium
Grammica,C_cephalanthii,1567,B,8,old,2017-12-13,12:12:56 PM,,,o,433,Fv.Fm,0.424460432,Grammica__Fv.Fm,Old,Grammica__Old
Grammica,C_cephalanthii,1567,G,3,old,2018-04-03,5:27:45 PM,,,o,434,Fv.Fm,0.475728155,Grammica__Fv.Fm,Old,Grammica__Old
Grammica,C_denticulata,ss13-46,D,2,haustorium,2018-05-29,4:58:54 PM,,,h,436,Fv.Fm,0.556851312,Grammica__Fv.Fm,Haustorium,Grammica__Haustorium
Grammica,C_cephalanthii,1567,B,1,haustorium,2017-12-13,12:25:12 PM,,,h,437,Fv.Fm,0.5844,Grammica__Fv.Fm,Haustorium,Grammica__Haustorium
Grammica,C_denticulata,ss13-46,D,3,haustorium,2018-06-22,4:57:03 PM,,,h,438,Fv.Fm,0.468531469,Grammica__Fv.Fm,Haustorium,Grammica__Haustorium
Grammica,C_cephalanthii,1567,D,2,haustorium,2018-03-04,4:43:17 PM,,,h,439,Fv.Fm,0.658893908,Grammica__Fv.Fm,Haustorium,Grammica__Haustorium
Grammica,C_cephalanthii,1567,D,2,haustorium,2018-03-04,4:43:17 PM,,,h,440,Fv.Fm,0.658893908,Grammica__Fv.Fm,Haustorium,Grammica__Haustorium
Grammica,C_polygonorum,1705,C,6,old,2017-12-13,11:41:35 AM,,,o,442,Fv.Fm,0.505995204,Grammica__Fv.Fm,Old,Grammica__Old
Grammica,C_costaricensis,CUCO,B,6,haustorium,2018-05-25,2:25:32 PM,,,h,443,Fv.Fm,0.532019704,Grammica__Fv.Fm,Haustorium,Grammica__Haustorium
Grammica,C_sandwichiana,155,D,3,haustorium,2018-01-25,1:21:03 PM,,,h,444,Fv.Fm,0.604505632,Grammica__Fv.Fm,Haustorium,Grammica__Haustorium
Grammica,C_cephalanthii,1567,F,7,seed (old),2018-05-29,12:23:38 PM,,,s,445,Fv.Fm,0.549558233,Grammica__Fv.Fm,Seed,Grammica__Seed
Grammica,C_gracillima,CUGR,C,4,young,2018-07-06,12:55:48 PM,,,y,446,Fv.Fm,0.589253188,Grammica__Fv.Fm,Young,Grammica__Young
Grammica,C_sandwichiana,155,C,2,old,2017-12-13,3:46:17 PM,,,o,448,Fv.Fm,0.517831669,Grammica__Fv.Fm,Old,Grammica__Old
Grammica,C_tasmanica,17-15,D,2,haustorium,2018-05-03,1:52:11 PM,,,h,450,Fv.Fm,0.747144545,Grammica__Fv.Fm,Haustorium,Grammica__Haustorium
Grammica,C_polygonorum,1705,A,7,flower,2018-01-25,10:20:42 AM,,,f,452,Fv.Fm,0.560712358,Grammica__Fv.Fm,Flower,Grammica__Flower
Grammica,C_californica,ss17-105,D,2,flower,2018-07-06,2:13:32 PM,,,f,453,Fv.Fm,0.579596413,Grammica__Fv.Fm,Flower,Grammica__Flower
Grammica,C_cephalanthii,1567,D,8,seed,2018-04-19,5:03:34 PM,,,s,454,Fv.Fm,0.64616988,Grammica__Fv.Fm,Seed,Grammica__Seed
Grammica,C_compacta,1566,D,3,seed,2018-03-23,3:29:35 PM,,,s,455,Fv.Fm,0.58210007,Grammica__Fv.Fm,Seed,Grammica__Seed
Grammica,C_costaricensis,CUCO,C,2,haustorium,2018-05-25,3:09:23 PM,,,h,456,Fv.Fm,0.5465,Grammica__Fv.Fm,Haustorium,Grammica__Haustorium
Grammica,C_tasmanica,17-15,B,1,haustorium,2018-04-17,2:21:56 PM,,,h,457,Fv.Fm,0.70846395,Grammica__Fv.Fm,Haustorium,Grammica__Haustorium
Grammica,C_polygonorum,1705,D,3,old,2018-07-06,11:37:37 AM,,,o,459,Fv.Fm,0.585298197,Grammica__Fv.Fm,Old,Grammica__Old
Grammica,C_sandwichiana,155,C,2,haustorium,2017-12-13,3:55:12 PM,,,h,460,Fv.Fm,0.609093593,Grammica__Fv.Fm,Haustorium,Grammica__Haustorium
Grammica,C_gracillima,CUGR,C,4,old,2018-07-06,1:05:03 PM,,,o,464,Fv.Fm,0.582959641,Grammica__Fv.Fm,Old,Grammica__Old
Grammica,C_tasmanica,17-15,C,3,old,2018-05-29,1:24:33 PM,,,o,465,Fv.Fm,0.415492958,Grammica__Fv.Fm,Old,Grammica__Old
Grammica,C_australis,1382,C,2,seed,2018-01-25,10:33:13 AM,,,s,466,Fv.Fm,0.679447853,Grammica__Fv.Fm,Seed,Grammica__Seed
Grammica,C_gracillima,CUGR,C,1,young,2018-07-06,12:55:48 PM,,,y,467,Fv.Fm,0.548338369,Grammica__Fv.Fm,Young,Grammica__Young
Grammica,C_cephalanthii,1567,D,7,flower,2018-04-03,4:33:24 PM,,,f,468,Fv.Fm,0.72954866,Grammica__Fv.Fm,Flower,Grammica__Flower
Grammica,C_cephalanthii,1567,G,1,young,2018-04-03,5:15:39 PM,,,y,469,Fv.Fm,0.581706064,Grammica__Fv.Fm,Young,Grammica__Young
Grammica,C_sandwichiana,155,B,3,old,2018-01-25,12:49:08 PM,,,o,470,Fv.Fm,0.496389892,Grammica__Fv.Fm,Old,Grammica__Old
Grammica,C_australis,1382,B,2,old,2017-12-13,3:17:31 PM,,,o,475,Fv.Fm,0.522368421,Grammica__Fv.Fm,Old,Grammica__Old
Grammica,C_costaricensis,CUCO,C,4,haustorium,2018-05-25,3:09:23 PM,,,h,476,Fv.Fm,0.63059867,Grammica__Fv.Fm,Haustorium,Grammica__Haustorium
Grammica,C_tasmanica,17-15,A,5,haustorium,2018-04-17,3:29:24 PM,,,h,477,Fv.Fm,0.743711761,Grammica__Fv.Fm,Haustorium,Grammica__Haustorium
Grammica,C_australis,1382,-,1,seedling,2017-11-02,3:16:57 PM,,,sdlg,479,Fv.Fm,0.738160793,Grammica__Fv.Fm,Seedling,Grammica__Seedling
Grammica,C_tasmanica,17-15,B,3,haustorium,2018-04-17,2:21:56 PM,,,h,480,Fv.Fm,0.779188857,Grammica__Fv.Fm,Haustorium,Grammica__Haustorium
Grammica,C_cephalanthii,1567,D,2,young,2018-03-08,4:06:19 PM,,,y,481,Fv.Fm,0.680109364,Grammica__Fv.Fm,Young,Grammica__Young
Grammica,C_tasmanica,17-15,B,3,haustorium,2018-03-15,4:54:21 PM,,,h,482,Fv.Fm,0.680830973,Grammica__Fv.Fm,Haustorium,Grammica__Haustorium
Grammica,C_californica,ss17-105,C,4,flower,2018-05-25,1:42:20 PM,,,f,483,Fv.Fm,0.604261796,Grammica__Fv.Fm,Flower,Grammica__Flower
Grammica,C_tasmanica,17-15,B,2,haustorium,2018-03-15,4:54:21 PM,,,h,484,Fv.Fm,0.607250755,Grammica__Fv.Fm,Haustorium,Grammica__Haustorium
Grammica,C_indecora,ss16-17,A,2,haustorium,2017-12-13,1:34:11 PM,,,h,485,Fv.Fm,0.6197411,Grammica__Fv.Fm,Haustorium,Grammica__Haustorium
Grammica,C_californica,ss17-105,B,4,old,2018-05-29,3:42:33 PM,,,o,486,Fv.Fm,0.540540541,Grammica__Fv.Fm,Old,Grammica__Old
Grammica,C_tasmanica,17-15,-,3,seedling,8/24/18,12:55:20,,,sdlg,488,Fv.Fm,0.553030303,Grammica__Fv.Fm,Seedling,Grammica__Seedling
Grammica,C_sandwichiana,155,B,2,haustorium,2018-01-25,12:57:24 PM,,,h,489,Fv.Fm,0.41314554,Grammica__Fv.Fm,Haustorium,Grammica__Haustorium
Grammica,C_tasmanica,17-15,B,3,young,2018-04-17,1:55:52 PM,,,y,490,Fv.Fm,0.439490446,Grammica__Fv.Fm,Young,Grammica__Young
Grammica,C_costaricensis,CUCO,B,5,old,2018-05-25,2:16:35 PM,,,o,491,Fv.Fm,0.378640777,Grammica__Fv.Fm,Old,Grammica__Old
Grammica,C_indecora,ss16-17,A,6,seed,2018-01-15,10:19:56 AM,,,s,493,Fv.Fm,0.605739239,Grammica__Fv.Fm,Seed,Grammica__Seed
Grammica,C_gracillima,CUGR,C,3,old,2018-07-06,1:05:03 PM,,,o,494,Fv.Fm,0.567661346,Grammica__Fv.Fm,Old,Grammica__Old
Grammica,C_tasmanica,17-15,A,1,haustorium,2018-04-17,3:29:24 PM,,,h,495,Fv.Fm,0.631162289,Grammica__Fv.Fm,Haustorium,Grammica__Haustorium
Grammica,C_cephalanthii,1567,G,2,old,2018-04-03,5:27:45 PM,,,o,497,Fv.Fm,0.47382199,Grammica__Fv.Fm,Old,Grammica__Old
Grammica,C_denticulata,ss13-46,D,6,haustorium,2018-06-22,4:57:03 PM,,,h,498,Fv.Fm,0.651973684,Grammica__Fv.Fm,Haustorium,Grammica__Haustorium
Grammica,C_polygonorum,1705,D,1,old,2018-07-06,11:37:37 AM,,,o,499,Fv.Fm,0.626310772,Grammica__Fv.Fm,Old,Grammica__Old
Grammica,C_cephalanthii,1567,D,4,old,2018-04-03,4:18:12 PM,,,o,500,Fv.Fm,0.517463235,Grammica__Fv.Fm,Old,Grammica__Old
Grammica,C_sandwichiana,155,B,1,haustorium,2018-01-25,12:57:24 PM,,,h,502,Fv.Fm,0.600362319,Grammica__Fv.Fm,Haustorium,Grammica__Haustorium
Grammica,C_indecora,ss16-17,B,2,seed,2018-01-25,12:25:31 PM,,,s,504,Fv.Fm,0.7658178,Grammica__Fv.Fm,Seed,Grammica__Seed
Grammica,C_australis,1382,B,3,old,2017-12-13,3:17:31 PM,,,o,506,Fv.Fm,0.589123867,Grammica__Fv.Fm,Old,Grammica__Old
Grammica,C_gracillima,CUGR,A,4,young,2018-07-06,1:21:34 PM,,,y,507,Fv.Fm,0.476712329,Grammica__Fv.Fm,Young,Grammica__Young
Grammica,C_cephalanthii,1567,D,2,young,2018-02-16,2:57:26 PM,,,y,508,Fv.Fm,0.41314554,Grammica__Fv.Fm,Young,Grammica__Young
Grammica,C_tasmanica,17-15,A,4,young,2018-04-17,2:43:56 PM,,,y,510,Fv.Fm,0.518891688,Grammica__Fv.Fm,Young,Grammica__Young
Grammica,C_gracillima,CUGR,A,2,young,2018-07-06,1:21:34 PM,,,y,511,Fv.Fm,0.447826087,Grammica__Fv.Fm,Young,Grammica__Young
Grammica,C_costaricensis,CUCO,C,4,old,2018-05-25,2:54:09 PM,,,o,512,Fv.Fm,0.311827957,Grammica__Fv.Fm,Old,Grammica__Old
Grammica,C_indecora,ss16-17,D,2,flower,2018-02-16,3:35:35 PM,,,f,513,Fv.Fm,0.701863354,Grammica__Fv.Fm,Flower,Grammica__Flower
Grammica,C_gracillima,CUGR,B,3,young,2018-07-06,10:33:15 AM,,,y,515,Fv.Fm,0.669477234,Grammica__Fv.Fm,Young,Grammica__Young
Grammica,C_tasmanica,17-15,B,2,old,2017-12-21,12:02:39 PM,,,o,516,Fv.Fm,0.629032258,Grammica__Fv.Fm,Old,Grammica__Old
Grammica,C_cephalanthii,1567,D,5,seed,2018-04-19,5:03:34 PM,,,s,517,Fv.Fm,0.708159867,Grammica__Fv.Fm,Seed,Grammica__Seed
Grammica,C_polygonorum,1705,A,1,young,2018-01-25,9:48:59 AM,,,y,518,Fv.Fm,0.533642691,Grammica__Fv.Fm,Young,Grammica__Young
Grammica,C_polygonorum,1705,X,3,seed,2017-11-02,11:20:52 AM,,,s,519,Fv.Fm,0.641631973,Grammica__Fv.Fm,Seed,Grammica__Seed
Grammica,C_costaricensis,CUCO,B,4,haustorium,2018-05-25,2:25:32 PM,,,h,520,Fv.Fm,0.610709988,Grammica__Fv.Fm,Haustorium,Grammica__Haustorium
Grammica,C_denticulata,ss13-46,A,5,young,2018-05-29,11:11:53 AM,,,y,521,Fv.Fm,0.343949045,Grammica__Fv.Fm,Young,Grammica__Young
Grammica,C_tasmanica,17-15,B,1,haustorium,2018-03-15,4:54:21 PM,,,h,522,Fv.Fm,0.667523124,Grammica__Fv.Fm,Haustorium,Grammica__Haustorium
Grammica,C_tasmanica,17-15,B,2,old,2018-03-15,4:32:42 PM,,,o,523,Fv.Fm,0.517006803,Grammica__Fv.Fm,Old,Grammica__Old
Grammica,C_sandwichiana,155,C,3,haustorium,2017-12-13,3:55:12 PM,,,h,524,Fv.Fm,0.646148888,Grammica__Fv.Fm,Haustorium,Grammica__Haustorium
Grammica,C_tasmanica,17-15,C,2,haustorium,2018-05-29,1:36:57 PM,,,h,525,Fv.Fm,0.63902439,Grammica__Fv.Fm,Haustorium,Grammica__Haustorium
Grammica,C_californica,ss17-105,E,1,old,2018-05-25,6:05:05 PM,,,o,526,Fv.Fm,0.608024691,Grammica__Fv.Fm,Old,Grammica__Old
Grammica,C_tasmanica,17-15,C,1,young,2018-05-29,1:12:22 PM,,,y,527,Fv.Fm,0.526170799,Grammica__Fv.Fm,Young,Grammica__Young
Grammica,C_tasmanica,17-15,B,2,haustorium,2018-04-17,2:21:56 PM,,,h,528,Fv.Fm,0.74620887,Grammica__Fv.Fm,Haustorium,Grammica__Haustorium
Grammica,C_polygonorum,1705,D,2,old,2018-07-06,11:37:37 AM,,,o,529,Fv.Fm,0.646851385,Grammica__Fv.Fm,Old,Grammica__Old
Grammica,C_denticulata,ss13-46,D,2,old,2018-06-22,4:47:32 PM,,,o,530,Fv.Fm,0.573283859,Grammica__Fv.Fm,Old,Grammica__Old
Grammica,C_polygonorum,1705,B,4,old,2017-12-13,2:09:18 PM,,,o,533,Fv.Fm,0.510853835,Grammica__Fv.Fm,Old,Grammica__Old
Grammica,C_compacta,1566,A,2,old,2017-11-15,11:48:47 AM,,,o,534,Fv.Fm,0.430612245,Grammica__Fv.Fm,Old,Grammica__Old
Grammica,C_polygonorum,1705,D,1,haustorium,2018-07-06,12:10:49 PM,,,h,535,Fv.Fm,0.63766007,Grammica__Fv.Fm,Haustorium,Grammica__Haustorium
Grammica,C_sandwichiana,155,C,3,young,2017-12-13,3:38:43 PM,,,y,536,Fv.Fm,0.532450331,Grammica__Fv.Fm,Young,Grammica__Young
Grammica,C_denticulata,ss13-46,D,1,old,2018-06-22,4:47:32 PM,,,o,538,Fv.Fm,0.574669187,Grammica__Fv.Fm,Old,Grammica__Old
Grammica,C_californica,ss17-105,A,1,old,2018-05-03,3:45:01 PM,,,o,540,Fv.Fm,0.779845506,Grammica__Fv.Fm,Old,Grammica__Old
Grammica,C_cephalanthii,1567,D,1,flower,2018-04-19,5:03:34 PM,,,f,541,Fv.Fm,0.609756098,Grammica__Fv.Fm,Flower,Grammica__Flower
Grammica,C_californica,ss17-105,B,2,haustorium,2018-05-29,4:03:02 PM,,,h,542,Fv.Fm,0.650503202,Grammica__Fv.Fm,Haustorium,Grammica__Haustorium
Grammica,C_gracillima,CUGR,A,5,young,2018-07-06,1:21:34 PM,,,y,543,Fv.Fm,0.508348794,Grammica__Fv.Fm,Young,Grammica__Young
Grammica,C_cephalanthii,1567,D,8,flower,2018-04-03,4:33:24 PM,,,f,544,Fv.Fm,0.741579448,Grammica__Fv.Fm,Flower,Grammica__Flower
Grammica,C_tasmanica,17-15,D,3,haustorium,2018-05-03,1:52:11 PM,,,h,546,Fv.Fm,0.740153173,Grammica__Fv.Fm,Haustorium,Grammica__Haustorium
Grammica,C_cephalanthii,1567,F,5,seed (old),2018-05-29,12:23:38 PM,,,s,547,Fv.Fm,0.616177892,Grammica__Fv.Fm,Seed,Grammica__Seed
Grammica,C_cephalanthii,1567,D,12,seed,2018-04-19,5:03:34 PM,,,s,548,Fv.Fm,0.73381295,Grammica__Fv.Fm,Seed,Grammica__Seed
Grammica,C_denticulata,ss13-46,B,3,old,2018-06-20,1:09:13 PM,,,o,549,Fv.Fm,0.635802469,Grammica__Fv.Fm,Old,Grammica__Old
Grammica,C_tasmanica,17-15,A,2,haustorium,2017-12-21,12:12:19 PM,,,h,550,Fv.Fm,0.697530864,Grammica__Fv.Fm,Haustorium,Grammica__Haustorium
Grammica,C_australis,1382,B,4,young,2017-12-13,3:07:51 PM,,,y,551,Fv.Fm,0.471264368,Grammica__Fv.Fm,Young,Grammica__Young
Grammica,C_cephalanthii,1567,B,1,young,2017-12-13,12:04:21 PM,,,y,552,Fv.Fm,0.547911548,Grammica__Fv.Fm,Young,Grammica__Young
Grammica,C_denticulata,ss13-46,B,2,haustorium,2018-06-20,1:19:35 PM,,,h,554,Fv.Fm,0.69955157,Grammica__Fv.Fm,Haustorium,Grammica__Haustorium
Grammica,C_denticulata,ss13-46,A,1,young,2018-05-29,11:11:53 AM,,,y,555,Fv.Fm,0.401162791,Grammica__Fv.Fm,Young,Grammica__Young
Grammica,C_gracillima,CUGR,B,2,young,2018-07-06,10:33:15 AM,,,y,556,Fv.Fm,0.567073171,Grammica__Fv.Fm,Young,Grammica__Young
Grammica,C_costaricensis,CUCO,A,3,young,2018-05-03,1:03:52 PM,,,y,557,Fv.Fm,0.398373984,Grammica__Fv.Fm,Young,Grammica__Young
Grammica,C_costaricensis,CUCO,B,6,old,2018-05-25,2:16:35 PM,,,o,558,Fv.Fm,0.398373984,Grammica__Fv.Fm,Old,Grammica__Old
Grammica,C_denticulata,ss13-46,B,5,haustorium,2018-06-20,1:19:35 PM,,,h,559,Fv.Fm,0.698704104,Grammica__Fv.Fm,Haustorium,Grammica__Haustorium
Grammica,C_tasmanica,17-15,B,3,old,2018-03-15,4:32:42 PM,,,o,560,Fv.Fm,0.5,Grammica__Fv.Fm,Old,Grammica__Old
Grammica,C_gracillima,CUGR,C,1,old,2018-07-06,1:05:03 PM,,,o,562,Fv.Fm,0.594666667,Grammica__Fv.Fm,Old,Grammica__Old
Grammica,C_polygonorum,1705,D,4,haustorium,2018-07-06,12:10:49 PM,,,h,565,Fv.Fm,0.632717017,Grammica__Fv.Fm,Haustorium,Grammica__Haustorium
Grammica,C_denticulata,ss13-46,C,3,flower,2018-06-20,3:03:14 PM,,,f,566,Fv.Fm,0.757954545,Grammica__Fv.Fm,Flower,Grammica__Flower
Grammica,C_denticulata,ss13-46,A,4,haustorium,2018-05-29,11:30:47 AM,,,h,567,Fv.Fm,0.586394558,Grammica__Fv.Fm,Haustorium,Grammica__Haustorium
Grammica,C_cephalanthii,1567,D,7,seed,2018-04-19,5:03:34 PM,,,s,568,Fv.Fm,0.67177305,Grammica__Fv.Fm,Seed,Grammica__Seed
Grammica,C_tasmanica,17-15,C,5,young,2018-05-29,1:12:22 PM,,,y,569,Fv.Fm,0.45,Grammica__Fv.Fm,Young,Grammica__Young
Grammica,C_gracillima,CUGR,A,3,young,2018-07-06,1:21:34 PM,,,y,570,Fv.Fm,0.447183099,Grammica__Fv.Fm,Young,Grammica__Young
Grammica,C_sandwichiana,155,C,5,seed,2018-01-15,9:59:00 AM,,,s,571,Fv.Fm,0.673774666,Grammica__Fv.Fm,Seed,Grammica__Seed
Grammica,C_cephalanthii,1567,D,1,young,2018-03-08,4:06:19 PM,,,y,572,Fv.Fm,0.62855338,Grammica__Fv.Fm,Young,Grammica__Young
Grammica,C_cephalanthii,1567,F,3,old,2018-03-23,4:26:33 PM,,,o,573,Fv.Fm,0.56675063,Grammica__Fv.Fm,Old,Grammica__Old
Grammica,C_gracillima,CUGR,C,2,young,2018-07-06,12:55:48 PM,,,y,574,Fv.Fm,0.50888681,Grammica__Fv.Fm,Young,Grammica__Young
Grammica,C_gracillima,CUGR,C,3,young,2018-07-06,12:55:48 PM,,,y,575,Fv.Fm,0.551336146,Grammica__Fv.Fm,Young,Grammica__Young
Grammica,C_australis,1382,A,2,old,2018-01-25,11:20:59 AM,,,o,576,Fv.Fm,0.465454545,Grammica__Fv.Fm,Old,Grammica__Old
Grammica,C_cephalanthii,1567,F,1,seed (old),2018-05-29,12:23:38 PM,,,s,577,Fv.Fm,0.565242165,Grammica__Fv.Fm,Seed,Grammica__Seed
Grammica,C_compacta,1566,B,2,young,2017-12-21,11:12:51 AM,,,y,578,Fv.Fm,0.470588235,Grammica__Fv.Fm,Young,Grammica__Young
Grammica,C_cephalanthii,1567,G,4,old,2018-04-03,5:27:45 PM,,,o,579,Fv.Fm,0.510440835,Grammica__Fv.Fm,Old,Grammica__Old
Grammica,C_indecora,ss16-17,D,3,seed,2018-03-23,3:04:55 PM,,,s,580,Fv.Fm,0.724775103,Grammica__Fv.Fm,Seed,Grammica__Seed
Grammica,C_indecora,ss16-17,D,1,flower,2018-02-16,3:35:35 PM,,,f,581,Fv.Fm,0.721106649,Grammica__Fv.Fm,Flower,Grammica__Flower
Grammica,C_californica,ss17-105,-,3,seedling,2018-04-17,1:20:53 PM,,,sdlg,582,Fv.Fm,0.739332816,Grammica__Fv.Fm,Seedling,Grammica__Seedling
Grammica,C_cephalanthii,1567,D,2,seed,2018-03-04,4:33:24 PM,,,s,583,Fv.Fm,0.712179888,Grammica__Fv.Fm,Seed,Grammica__Seed
Grammica,C_cephalanthii,1567,A,7,flower,2017-12-21,10:53:16 AM,,,f,584,Fv.Fm,0.650278293,Grammica__Fv.Fm,Flower,Grammica__Flower
Grammica,C_cephalanthii,1567,B,3,young,2017-12-13,12:04:21 PM,,,y,585,Fv.Fm,0.548387097,Grammica__Fv.Fm,Young,Grammica__Young
Grammica,C_cephalanthii,1567,F,2,old,2018-03-23,4:26:33 PM,,,o,586,Fv.Fm,0.534482759,Grammica__Fv.Fm,Old,Grammica__Old
Grammica,C_cephalanthii,1567,D,9,flower,2018-04-03,4:33:24 PM,,,f,587,Fv.Fm,0.740451389,Grammica__Fv.Fm,Flower,Grammica__Flower
Grammica,C_sandwichiana,155,S1,1,seedling,2017-11-09,5:54:52 PM,,,sdlg,589,Fv.Fm,0.536144578,Grammica__Fv.Fm,Seedling,Grammica__Seedling
Grammica,C_cephalanthii,1567,D,4,seed,2018-04-19,5:03:34 PM,,,s,590,Fv.Fm,0.711861442,Grammica__Fv.Fm,Seed,Grammica__Seed
Grammica,C_tasmanica,17-15,A,4,haustorium,2018-04-17,3:29:24 PM,,,h,591,Fv.Fm,0.679029957,Grammica__Fv.Fm,Haustorium,Grammica__Haustorium
Grammica,C_cephalanthii,1567,F,2,seed (old),2018-05-29,12:23:38 PM,,,s,592,Fv.Fm,0.624671916,Grammica__Fv.Fm,Seed,Grammica__Seed
Grammica,C_sandwichiana,155,B,2,old,2018-01-25,12:49:08 PM,,,o,593,Fv.Fm,0.510548523,Grammica__Fv.Fm,Old,Grammica__Old
Grammica,C_compacta,1566,B,3,young,2017-12-21,11:12:51 AM,,,y,594,Fv.Fm,0.475124378,Grammica__Fv.Fm,Young,Grammica__Young
Grammica,C_californica,ss17-105,A,3,old,2018-05-03,3:45:01 PM,,,o,595,Fv.Fm,0.734837093,Grammica__Fv.Fm,Old,Grammica__Old
Grammica,C_polygonorum,1705,C,4,old,2017-12-13,11:41:35 AM,,,o,596,Fv.Fm,0.519205298,Grammica__Fv.Fm,Old,Grammica__Old
Grammica,C_sandwichiana,155,B,3,haustorium,2018-01-25,12:57:24 PM,,,h,597,Fv.Fm,0.601309442,Grammica__Fv.Fm,Haustorium,Grammica__Haustorium
Grammica,C_californica,ss17-105,A,2,old,2018-05-03,3:45:01 PM,,,o,599,Fv.Fm,0.778306698,Grammica__Fv.Fm,Old,Grammica__Old
Grammica,C_cephalanthii,1567,B,2,young,2017-12-13,12:04:21 PM,,,y,600,Fv.Fm,0.567484663,Grammica__Fv.Fm,Young,Grammica__Young
Grammica,C_polygonorum,1705,S,2,seedling,2017-11-09,6:13:19 PM,,,sdlg,601,Fv.Fm,0.676679182,Grammica__Fv.Fm,Seedling,Grammica__Seedling
Grammica,C_tasmanica,17-15,B,4,haustorium,2018-04-17,2:21:56 PM,,,h,602,Fv.Fm,0.774122807,Grammica__Fv.Fm,Haustorium,Grammica__Haustorium
Grammica,C_denticulata,ss13-46,A,3,young,2018-05-29,11:11:53 AM,,,y,603,Fv.Fm,0.475728155,Grammica__Fv.Fm,Young,Grammica__Young
Grammica,C_australis,1382,C,3,young,2017-12-13,2:21:20 PM,,,y,604,Fv.Fm,0.435855263,Grammica__Fv.Fm,Young,Grammica__Young
Grammica,C_australis,1382,B,2,young,2017-12-13,3:07:51 PM,,,y,605,Fv.Fm,0.590539542,Grammica__Fv.Fm,Young,Grammica__Young
Grammica,C_cephalanthii,1567,D,12,flower,2018-04-03,4:33:24 PM,,,f,606,Fv.Fm,0.724441435,Grammica__Fv.Fm,Flower,Grammica__Flower
Grammica,C_compacta,1566,A,1,young,2017-11-15,11:28:29 AM,,,y,607,Fv.Fm,0.525943396,Grammica__Fv.Fm,Young,Grammica__Young
Grammica,C_cephalanthii,1567,A,3,seedling,8/24/18,13:52:40,,,sdlg,608,Fv.Fm,0.667539267,Grammica__Fv.Fm,Seedling,Grammica__Seedling
Grammica,C_cephalanthii,1567,D,3,young,2018-02-16,2:57:26 PM,,,y,609,Fv.Fm,0.417475728,Grammica__Fv.Fm,Young,Grammica__Young
Grammica,C_polygonorum,1705,A,3,young,2018-01-25,9:48:59 AM,,,y,610,Fv.Fm,0.579288026,Grammica__Fv.Fm,Young,Grammica__Young
Grammica,C_californica,ss17-105,D,1,old,2018-05-25,12:53:49 PM,,,o,611,Fv.Fm,0.595782074,Grammica__Fv.Fm,Old,Grammica__Old
Grammica,C_cephalanthii,1567,G,1,seed (old),2018-05-29,12:53:01 PM,,,s,612,Fv.Fm,0.605654328,Grammica__Fv.Fm,Seed,Grammica__Seed
Grammica,C_tasmanica,17-15,C,1,haustorium,2018-05-29,1:36:57 PM,,,h,613,Fv.Fm,0.69047619,Grammica__Fv.Fm,Haustorium,Grammica__Haustorium
Grammica,C_tasmanica,17-15,-,2,seedling,8/24/18,12:55:20,,,sdlg,614,Fv.Fm,0.709677419,Grammica__Fv.Fm,Seedling,Grammica__Seedling
Grammica,C_cephalanthii,1567,F,6,seed (old),2018-05-29,12:23:38 PM,,,s,615,Fv.Fm,0.509640438,Grammica__Fv.Fm,Seed,Grammica__Seed
Grammica,C_cephalanthii,1567,G,6,old,2018-04-03,5:27:45 PM,,,o,616,Fv.Fm,0.55,Grammica__Fv.Fm,Old,Grammica__Old
Grammica,C_polygonorum,1705,D,4,old,2018-07-06,11:37:37 AM,,,o,617,Fv.Fm,0.614982578,Grammica__Fv.Fm,Old,Grammica__Old
Grammica,C_gracillima,CUGR,A,1,young,2018-07-06,1:21:34 PM,,,y,618,Fv.Fm,0.54180602,Grammica__Fv.Fm,Young,Grammica__Young
Grammica,C_polygonorum,1705,C,1,young,2017-12-13,11:29:05 AM,,,y,619,Fv.Fm,0.568134172,Grammica__Fv.Fm,Young,Grammica__Young
Grammica,C_denticulata,ss13-46,D,1,haustorium,2018-05-29,4:58:54 PM,,,h,620,Fv.Fm,0.605425673,Grammica__Fv.Fm,Haustorium,Grammica__Haustorium
Grammica,C_californica,ss17-105,C,3,young,2018-05-03,12:32:45 PM,,,y,621,Fv.Fm,0.459854015,Grammica__Fv.Fm,Young,Grammica__Young
Grammica,C_costaricensis,CUCO,B,1,old,2018-05-25,2:16:35 PM,,,o,622,Fv.Fm,0.477876106,Grammica__Fv.Fm,Old,Grammica__Old
Grammica,C_costaricensis,CUCO,B,1,young,2018-05-25,2:04:09 PM,,,y,623,Fv.Fm,0.398373984,Grammica__Fv.Fm,Young,Grammica__Young
Grammica,C_gracillima,CUGR,B,4,young,2018-07-06,10:33:15 AM,,,y,624,Fv.Fm,0.62037037,Grammica__Fv.Fm,Young,Grammica__Young
Grammica,C_cephalanthii,1567,D,3,young,2018-03-08,4:06:19 PM,,,y,625,Fv.Fm,0.651133501,Grammica__Fv.Fm,Young,Grammica__Young
Grammica,C_denticulata,ss13-46,D,3,old,2018-06-22,4:47:32 PM,,,o,626,Fv.Fm,0.582402235,Grammica__Fv.Fm,Old,Grammica__Old
Grammica,C_indecora,ss16-17,D,2,seed,2018-03-23,3:04:55 PM,,,s,627,Fv.Fm,0.731648616,Grammica__Fv.Fm,Seed,Grammica__Seed
Grammica,C_cephalanthii,1567,A,1,seedling,8/24/18,14:03:55,,,sdlg,629,Fv.Fm,0.707581227,Grammica__Fv.Fm,Seedling,Grammica__Seedling
Grammica,C_australis,1382,C,1,young,2017-12-13,2:21:20 PM,,,y,630,Fv.Fm,0.486583184,Grammica__Fv.Fm,Young,Grammica__Young
Grammica,C_sandwichiana,155,B,1,old,2018-01-25,12:49:08 PM,,,o,631,Fv.Fm,0.521929825,Grammica__Fv.Fm,Old,Grammica__Old
Grammica,C_polygonorum,1705,S,1,seedling,2017-11-09,6:22:52 PM,,,sdlg,632,Fv.Fm,0.682181476,Grammica__Fv.Fm,Seedling,Grammica__Seedling
Grammica,C_tasmanica,17-15,B,7,haustorium,2018-04-17,2:21:56 PM,,,h,634,Fv.Fm,0.741445845,Grammica__Fv.Fm,Haustorium,Grammica__Haustorium
Grammica,C_cephalanthii,1567,G,2,young,2018-04-03,5:15:39 PM,,,y,635,Fv.Fm,0.579422383,Grammica__Fv.Fm,Young,Grammica__Young
Grammica,C_tasmanica,17-15,B,8,young,2018-04-17,1:55:52 PM,,,y,636,Fv.Fm,0.46122449,Grammica__Fv.Fm,Young,Grammica__Young
Grammica,C_compacta,1566,E,1,young,2017-11-15,9:48:07 AM,,,y,637,Fv.Fm,0.557465091,Grammica__Fv.Fm,Young,Grammica__Young
Grammica,C_sandwichiana,155,B,2,young,2018-01-25,12:41:23 PM,,,y,638,Fv.Fm,0.491496599,Grammica__Fv.Fm,Young,Grammica__Young
Grammica,C_compacta,1566,E,1,young,2017-11-15,10:09:26 AM,,,y,639,Fv.Fm,0.5898931,Grammica__Fv.Fm,Young,Grammica__Young
Grammica,C_tasmanica,17-15,C,2,old,2018-05-29,1:24:33 PM,,,o,640,Fv.Fm,0.5,Grammica__Fv.Fm,Old,Grammica__Old
Grammica,C_californica,ss17-105,E,5,young,2018-05-25,5:35:48 PM,,,y,641,Fv.Fm,0.409090909,Grammica__Fv.Fm,Young,Grammica__Young
Grammica,C_indecora,ss16-17,-,1,seedling,2017-11-15,11:18:49 AM,,,sdlg,642,Fv.Fm,0.690604027,Grammica__Fv.Fm,Seedling,Grammica__Seedling
Grammica,C_compacta,1566,A,3,old,2017-11-15,11:57:44 AM,,,o,644,Fv.Fm,0.528571429,Grammica__Fv.Fm,Old,Grammica__Old
Grammica,C_gracillima,CUGR,A,6,young,2018-07-06,1:21:34 PM,,,y,645,Fv.Fm,0.482394366,Grammica__Fv.Fm,Young,Grammica__Young
Grammica,C_indecora,ss16-17,-,1,seedling,2017-11-15,11:10:01 AM,,,sdlg,646,Fv.Fm,0.781420765,Grammica__Fv.Fm,Seedling,Grammica__Seedling
Grammica,C_cephalanthii,1567,F,4,old,2018-03-23,4:26:33 PM,,,o,647,Fv.Fm,0.576470588,Grammica__Fv.Fm,Old,Grammica__Old
Grammica,C_californica,ss17-105,B,1,haustorium,2018-05-29,4:03:02 PM,,,h,649,Fv.Fm,0.689108911,Grammica__Fv.Fm,Haustorium,Grammica__Haustorium
Grammica,C_tasmanica,17-15,A,2,young,2017-12-21,11:50:46 AM,,,y,650,Fv.Fm,0.5,Grammica__Fv.Fm,Young,Grammica__Young
Grammica,C_compacta,1566,B,1,young,2017-12-21,11:12:51 AM,,,y,651,Fv.Fm,0.567095588,Grammica__Fv.Fm,Young,Grammica__Young
Grammica,C_cephalanthii,1567,E,3,young,2018-03-08,12:56:48 PM,,,y,652,Fv.Fm,0.539007092,Grammica__Fv.Fm,Young,Grammica__Young
Grammica,C_tasmanica,17-15,C,1,old,2018-05-29,1:24:33 PM,,,o,653,Fv.Fm,0.556634304,Grammica__Fv.Fm,Old,Grammica__Old
Grammica,C_sandwichiana,155,A,2,seed,2018-01-15,11:13:48 AM,,,s,655,Fv.Fm,0.706809079,Grammica__Fv.Fm,Seed,Grammica__Seed
Grammica,C_gracillima,CUGR,B,5,young,2018-07-06,10:33:15 AM,,,y,656,Fv.Fm,0.643203883,Grammica__Fv.Fm,Young,Grammica__Young
Grammica,C_australis,1382,C,3,seed,2018-01-25,10:33:13 AM,,,s,658,Fv.Fm,0.627384961,Grammica__Fv.Fm,Seed,Grammica__Seed
Grammica,C_indecora,ss16-17,E,6,flower,2018-03-23,3:52:37 PM,,,f,659,Fv.Fm,0.52972973,Grammica__Fv.Fm,Flower,Grammica__Flower
Grammica,C_cephalanthii,1567,D,2,old,2018-04-03,4:18:12 PM,,,o,661,Fv.Fm,0.576124567,Grammica__Fv.Fm,Old,Grammica__Old
Grammica,C_cephalanthii,1567,F,4,seed (old),2018-05-29,12:23:38 PM,,,s,662,Fv.Fm,0.540490418,Grammica__Fv.Fm,Seed,Grammica__Seed
Grammica,C_denticulata,ss13-46,A,4,old,2018-05-29,3:19:24 PM,,,o,663,Fv.Fm,0.579710145,Grammica__Fv.Fm,Old,Grammica__Old
Grammica,C_indecora,ss16-17,E,4,flower,2018-03-23,3:52:37 PM,,,f,664,Fv.Fm,0.5395189,Grammica__Fv.Fm,Flower,Grammica__Flower
Grammica,C_australis,1382,B,3,young,2017-12-13,3:07:51 PM,,,y,665,Fv.Fm,0.588516746,Grammica__Fv.Fm,Young,Grammica__Young
Grammica,C_compacta,1566,A,4,old,2017-11-15,10:19:29 AM,,,o,666,Fv.Fm,0.563779528,Grammica__Fv.Fm,Old,Grammica__Old
Grammica,C_denticulata,ss13-46,B,6,haustorium,2018-06-20,1:19:35 PM,,,h,667,Fv.Fm,0.655502392,Grammica__Fv.Fm,Haustorium,Grammica__Haustorium
Grammica,C_sandwichiana,155,C,2,young,2017-12-13,3:38:43 PM,,,y,668,Fv.Fm,0.596194503,Grammica__Fv.Fm,Young,Grammica__Young
Grammica,C_tasmanica,17-15,B,5,haustorium,2018-04-17,2:21:56 PM,,,h,669,Fv.Fm,0.766223612,Grammica__Fv.Fm,Haustorium,Grammica__Haustorium
Grammica,C_costaricensis,CUCO,B,3,haustorium,2018-05-25,2:25:32 PM,,,h,670,Fv.Fm,0.655253283,Grammica__Fv.Fm,Haustorium,Grammica__Haustorium
Grammica,C_costaricensis,CUCO,C,1,haustorium,2018-05-25,3:09:23 PM,,,h,672,Fv.Fm,0.641802642,Grammica__Fv.Fm,Haustorium,Grammica__Haustorium
Grammica,C_polygonorum,1705,B,2,young,2017-12-13,1:59:42 PM,,,y,673,Fv.Fm,0.561809045,Grammica__Fv.Fm,Young,Grammica__Young
Grammica,C_polygonorum,1705,C,2,young,2017-12-13,11:29:05 AM,,,y,674,Fv.Fm,0.534450652,Grammica__Fv.Fm,Young,Grammica__Young
Grammica,C_cephalanthii,1567,D,9,seed,2018-04-19,5:03:34 PM,,,s,675,Fv.Fm,0.670056835,Grammica__Fv.Fm,Seed,Grammica__Seed
Grammica,C_tasmanica,17-15,D,2,young,2018-05-03,1:32:11 PM,,,y,676,Fv.Fm,0.415492958,Grammica__Fv.Fm,Young,Grammica__Young
Grammica,C_costaricensis,CUCO,B,2,old,2018-05-25,2:16:35 PM,,,o,677,Fv.Fm,0.443113772,Grammica__Fv.Fm,Old,Grammica__Old
Grammica,C_tasmanica,17-15,C,3,haustorium,2018-05-29,1:36:57 PM,,,h,678,Fv.Fm,0.717695735,Grammica__Fv.Fm,Haustorium,Grammica__Haustorium
Grammica,C_cephalanthii,1567,G,3,young,2018-04-03,5:15:39 PM,,,y,679,Fv.Fm,0.57437408,Grammica__Fv.Fm,Young,Grammica__Young
Grammica,C_costaricensis,CUCO,B,2,haustorium,2018-05-25,2:25:32 PM,,,h,680,Fv.Fm,0.626809097,Grammica__Fv.Fm,Haustorium,Grammica__Haustorium
Grammica,C_tasmanica,17-15,B,6,haustorium,2018-04-17,2:21:56 PM,,,h,681,Fv.Fm,0.721878863,Grammica__Fv.Fm,Haustorium,Grammica__Haustorium
Grammica,C_californica,ss17-105,C,1,old,2018-05-03,12:43:03 PM,,,o,682,Fv.Fm,0.771300448,Grammica__Fv.Fm,Old,Grammica__Old
Grammica,C_californica,ss17-105,D,1,flower,2018-07-06,2:13:32 PM,,,f,683,Fv.Fm,0.625239006,Grammica__Fv.Fm,Flower,Grammica__Flower
Grammica,C_polygonorum,1705,S,2,seedling,2017-11-09,6:22:52 PM,,,sdlg,685,Fv.Fm,0.607082631,Grammica__Fv.Fm,Seedling,Grammica__Seedling
Grammica,C_sandwichiana,155,B,1,young,2018-01-25,12:41:23 PM,,,y,686,Fv.Fm,0.525510204,Grammica__Fv.Fm,Young,Grammica__Young
Grammica,C_australis,1382,C,2,young,2017-12-13,2:21:20 PM,,,y,688,Fv.Fm,0.496760259,Grammica__Fv.Fm,Young,Grammica__Young
Grammica,C_cephalanthii,1567,D,1,young,2018-02-16,2:57:26 PM,,,y,690,Fv.Fm,0.453846154,Grammica__Fv.Fm,Young,Grammica__Young
Grammica,C_sandwichiana,155,C,1,young,2017-12-13,3:38:43 PM,,,y,691,Fv.Fm,0.565088757,Grammica__Fv.Fm,Young,Grammica__Young
Grammica,C_costaricensis,CUCO,C,6,haustorium,2018-05-25,3:09:23 PM,,,h,693,Fv.Fm,0.610339077,Grammica__Fv.Fm,Haustorium,Grammica__Haustorium
Grammica,C_californica,ss17-105,E,2,haustorium,2018-05-25,6:16:41 PM,,,h,694,Fv.Fm,0.697309417,Grammica__Fv.Fm,Haustorium,Grammica__Haustorium
Grammica,C_cephalanthii,1567,G,6,seed (old),2018-05-29,12:53:01 PM,,,s,695,Fv.Fm,0.56587473,Grammica__Fv.Fm,Seed,Grammica__Seed
Grammica,C_tasmanica,17-15,D,4,young,2018-05-29,10:36:38 AM,,,y,696,Fv.Fm,0.496062992,Grammica__Fv.Fm,Young,Grammica__Young
Grammica,C_polygonorum,1705,X,2,seed,2017-11-02,11:20:52 AM,,,s,697,Fv.Fm,0.625518959,Grammica__Fv.Fm,Seed,Grammica__Seed
Grammica,C_indecora,ss16-17,A,3,old,2017-12-13,1:22:55 PM,,,o,698,Fv.Fm,0.515151515,Grammica__Fv.Fm,Old,Grammica__Old
Grammica,C_tasmanica,17-15,D,3,young,2018-05-29,10:36:38 AM,,,y,699,Fv.Fm,0.478873239,Grammica__Fv.Fm,Young,Grammica__Young
Grammica,C_cephalanthii,1567,A,1,young,2017-11-15,1:33:03 PM,,,y,700,Fv.Fm,0.627773801,Grammica__Fv.Fm,Young,Grammica__Young
Grammica,C_tasmanica,17-15,C,4,haustorium,2018-05-29,1:36:57 PM,,,h,701,Fv.Fm,0.668151448,Grammica__Fv.Fm,Haustorium,Grammica__Haustorium
Grammica,C_costaricensis,CUCO,C,3,haustorium,2018-05-25,3:09:23 PM,,,h,702,Fv.Fm,0.675343114,Grammica__Fv.Fm,Haustorium,Grammica__Haustorium
Grammica,C_costaricensis,CUCO,-,1,seedling,2018-03-15,4:05:03 PM,,,sdlg,703,Fv.Fm,0.726358898,Grammica__Fv.Fm,Seedling,Grammica__Seedling
Grammica,C_denticulata,ss13-46,C,5,haustorium,2018-05-29,12:02:27 PM,,,h,704,Fv.Fm,0.738095238,Grammica__Fv.Fm,Haustorium,Grammica__Haustorium
Grammica,C_tasmanica,17-15,B,4,young,2018-04-17,1:55:52 PM,,,y,705,Fv.Fm,0.528,Grammica__Fv.Fm,Young,Grammica__Young
Grammica,C_australis,1382,B,1,young,2017-12-13,3:07:51 PM,,,y,706,Fv.Fm,0.62540366,Grammica__Fv.Fm,Young,Grammica__Young
Grammica,C_polygonorum,1705,B,3,young,2017-12-13,1:59:42 PM,,,y,707,Fv.Fm,0.598360656,Grammica__Fv.Fm,Young,Grammica__Young
Grammica,C_cephalanthii,1567,F,6,old,2018-03-23,4:26:33 PM,,,o,709,Fv.Fm,0.574136009,Grammica__Fv.Fm,Old,Grammica__Old
Grammica,C_californica,ss17-105,E,1,haustorium,2018-05-25,6:16:41 PM,,,h,710,Fv.Fm,0.683466792,Grammica__Fv.Fm,Haustorium,Grammica__Haustorium
Grammica,C_denticulata,ss13-46,A,2,flower,2018-07-06,11:02:42 AM,,,f,711,Fv.Fm,0.693304536,Grammica__Fv.Fm,Flower,Grammica__Flower
Grammica,C_denticulata,ss13-46,C,4,haustorium,2018-05-29,12:02:27 PM,,,h,712,Fv.Fm,0.748210024,Grammica__Fv.Fm,Haustorium,Grammica__Haustorium
Grammica,C_californica,ss17-105,B,5,old,2018-05-29,3:42:33 PM,,,o,713,Fv.Fm,0.668085106,Grammica__Fv.Fm,Old,Grammica__Old
Grammica,C_costaricensis,CUCO,B,2,young,2018-05-25,2:04:09 PM,,,y,714,Fv.Fm,0.310344828,Grammica__Fv.Fm,Young,Grammica__Young
Grammica,C_denticulata,ss13-46,D,3,young,2018-05-29,4:47:59 PM,,,y,715,Fv.Fm,0.495614035,Grammica__Fv.Fm,Young,Grammica__Young
Grammica,C_californica,ss17-105,C,7,flower,2018-05-25,1:42:20 PM,,,f,716,Fv.Fm,0.622972973,Grammica__Fv.Fm,Flower,Grammica__Flower
Grammica,C_tasmanica,17-15,D,1,young,2018-05-29,10:36:38 AM,,,y,717,Fv.Fm,0.532846715,Grammica__Fv.Fm,Young,Grammica__Young
Grammica,C_californica,ss17-105,A,2,haustorium,2018-05-03,3:52:11 PM,,,h,718,Fv.Fm,0.786691542,Grammica__Fv.Fm,Haustorium,Grammica__Haustorium
Grammica,C_costaricensis,CUCO,C,1,old,2018-05-25,2:54:09 PM,,,o,719,Fv.Fm,0.524271845,Grammica__Fv.Fm,Old,Grammica__Old
Grammica,C_gracillima,CUGR,B,1,young,2018-07-06,10:33:15 AM,,,y,720,Fv.Fm,0.650316456,Grammica__Fv.Fm,Young,Grammica__Young
Grammica,C_californica,ss17-105,E,4,flower,2018-07-06,2:26:42 PM,,,f,722,Fv.Fm,0.754515599,Grammica__Fv.Fm,Flower,Grammica__Flower
Grammica,C_compacta,1566,A,1,young,2017-11-15,11:37:17 AM,,,y,723,Fv.Fm,0.550128535,Grammica__Fv.Fm,Young,Grammica__Young
Grammica,C_californica,ss17-105,E,2,flower,2018-07-06,2:26:42 PM,,,f,724,Fv.Fm,0.559659091,Grammica__Fv.Fm,Flower,Grammica__Flower
Grammica,C_costaricensis,CUCO,C,5,haustorium,2018-05-25,3:09:23 PM,,,h,725,Fv.Fm,0.640373198,Grammica__Fv.Fm,Haustorium,Grammica__Haustorium
Grammica,C_californica,ss17-105,B,2,young,2018-05-29,3:33:16 PM,,,y,726,Fv.Fm,0.371212121,Grammica__Fv.Fm,Young,Grammica__Young
Grammica,C_californica,ss17-105,D,5,haustorium,2018-05-25,1:08:20 PM,,,h,727,Fv.Fm,0.598214286,Grammica__Fv.Fm,Haustorium,Grammica__Haustorium
Grammica,C_californica,ss17-105,A,4,flower,2018-05-29,4:21:52 PM,,,f,728,Fv.Fm,0.723404255,Grammica__Fv.Fm,Flower,Grammica__Flower
Grammica,C_indecora,ss16-17,B,2,old,2018-01-25,12:10:09 PM,,,o,729,Fv.Fm,0.660899654,Grammica__Fv.Fm,Old,Grammica__Old
Grammica,C_costaricensis,CUCO,B,1,haustorium,2018-05-25,2:25:32 PM,,,h,730,Fv.Fm,0.631403456,Grammica__Fv.Fm,Haustorium,Grammica__Haustorium
Grammica,C_costaricensis,CUCO,A,2,young,2018-05-03,1:03:52 PM,,,y,732,Fv.Fm,0.453703704,Grammica__Fv.Fm,Young,Grammica__Young
Grammica,C_polygonorum,1705,C,3,seed,2017-12-13,1:00:53 PM,,,s,733,Fv.Fm,0.642825801,Grammica__Fv.Fm,Seed,Grammica__Seed
Grammica,C_cephalanthii,1567,F,9,seed (old),2018-05-29,12:23:38 PM,,,s,734,Fv.Fm,0.63101143,Grammica__Fv.Fm,Seed,Grammica__Seed
Grammica,C_australis,1382,A,2,young,2018-01-25,11:09:17 AM,,,y,735,Fv.Fm,0.53125,Grammica__Fv.Fm,Young,Grammica__Young
Grammica,C_cephalanthii,1567,A,1,young,2017-11-15,1:24:27 PM,,,y,736,Fv.Fm,0.615510204,Grammica__Fv.Fm,Young,Grammica__Young
Grammica,C_tasmanica,17-15,A,6,haustorium,2018-04-17,3:29:24 PM,,,h,738,Fv.Fm,0.745333333,Grammica__Fv.Fm,Haustorium,Grammica__Haustorium
Grammica,C_denticulata,ss13-46,A,6,flower,2018-07-06,11:02:42 AM,,,f,739,Fv.Fm,0.708530806,Grammica__Fv.Fm,Flower,Grammica__Flower
Grammica,C_indecora,ss16-17,-,2,seedling,8/24/18,13:19:55,,,sdlg,740,Fv.Fm,0.78369906,Grammica__Fv.Fm,Seedling,Grammica__Seedling
Grammica,C_tasmanica,17-15,B,5,old,2018-04-17,2:09:31 PM,,,o,741,Fv.Fm,0.648590022,Grammica__Fv.Fm,Old,Grammica__Old
Grammica,C_cephalanthii,1567,E,2,young,2018-03-08,12:56:48 PM,,,y,742,Fv.Fm,0.587227414,Grammica__Fv.Fm,Young,Grammica__Young
Grammica,C_tasmanica,17-15,-,1,seedling,8/24/18,12:55:20,,,sdlg,743,Fv.Fm,0.644736842,Grammica__Fv.Fm,Seedling,Grammica__Seedling
Grammica,C_californica,ss17-105,D,6,flower,2018-07-06,2:13:32 PM,,,f,744,Fv.Fm,0.576649746,Grammica__Fv.Fm,Flower,Grammica__Flower
Grammica,C_polygonorum,1705,C,5,seed,2017-12-13,1:00:53 PM,,,s,745,Fv.Fm,0.599690083,Grammica__Fv.Fm,Seed,Grammica__Seed
Grammica,C_californica,ss17-105,A,4,old,2018-05-03,3:45:01 PM,,,o,746,Fv.Fm,0.728085868,Grammica__Fv.Fm,Old,Grammica__Old
Grammica,C_polygonorum,1705,A,2,young,2018-01-25,9:48:59 AM,,,y,747,Fv.Fm,0.621319797,Grammica__Fv.Fm,Young,Grammica__Young
Grammica,C_denticulata,ss13-46,D,1,young,2018-05-29,4:47:59 PM,,,y,748,Fv.Fm,0.561355932,Grammica__Fv.Fm,Young,Grammica__Young
Grammica,C_tasmanica,17-15,A,3,haustorium,2018-04-17,3:29:24 PM,,,h,749,Fv.Fm,0.734693878,Grammica__Fv.Fm,Haustorium,Grammica__Haustorium
Grammica,C_denticulata,ss13-46,D,4,haustorium,2018-06-22,4:57:03 PM,,,h,750,Fv.Fm,0.70966908,Grammica__Fv.Fm,Haustorium,Grammica__Haustorium
Grammica,C_cephalanthii,1567,A,1,seedling,8/24/18,13:52:40,,,sdlg,751,Fv.Fm,0.736543909,Grammica__Fv.Fm,Seedling,Grammica__Seedling
Grammica,C_indecora,ss16-17,A,4,old,2017-12-13,1:22:55 PM,,,o,752,Fv.Fm,0.607954545,Grammica__Fv.Fm,Old,Grammica__Old
Grammica,C_denticulata,ss13-46,A,1,old,2018-05-29,3:19:24 PM,,,o,753,Fv.Fm,0.640776699,Grammica__Fv.Fm,Old,Grammica__Old
Grammica,C_costaricensis,CUCO,C,2,old,2018-05-25,2:54:09 PM,,,o,754,Fv.Fm,0.469387755,Grammica__Fv.Fm,Old,Grammica__Old
Grammica,C_costaricensis,CUCO,C,2,young,2018-05-25,2:39:54 PM,,,y,755,Fv.Fm,0.526912181,Grammica__Fv.Fm,Young,Grammica__Young
Grammica,C_californica,ss17-105,C,1,flower,2018-05-25,1:42:20 PM,,,f,756,Fv.Fm,0.650400583,Grammica__Fv.Fm,Flower,Grammica__Flower
Grammica,C_californica,ss17-105,C,2,young,2018-05-03,12:32:45 PM,,,y,757,Fv.Fm,0.529166667,Grammica__Fv.Fm,Young,Grammica__Young
Grammica,C_californica,ss17-105,C,2,old,2018-05-03,12:43:03 PM,,,o,759,Fv.Fm,0.784776903,Grammica__Fv.Fm,Old,Grammica__Old
Grammica,C_californica,ss17-105,B,8,flower,2018-05-29,3:51:20 PM,,,f,761,Fv.Fm,0.678236398,Grammica__Fv.Fm,Flower,Grammica__Flower
Grammica,C_polygonorum,1705,B,1,young,2017-12-13,1:59:42 PM,,,y,762,Fv.Fm,0.656565657,Grammica__Fv.Fm,Young,Grammica__Young
Grammica,C_cephalanthii,1567,D,1,young,2018-03-08,12:22:11 PM,,,y,763,Fv.Fm,0.562167906,Grammica__Fv.Fm,Young,Grammica__Young
Grammica,C_costaricensis,CUCO,A,2,old,2018-05-03,1:13:39 PM,,,o,765,Fv.Fm,0.610194903,Grammica__Fv.Fm,Old,Grammica__Old
Grammica,C_californica,ss17-105,D,5,flower,2018-07-06,2:13:32 PM,,,f,766,Fv.Fm,0.716877405,Grammica__Fv.Fm,Flower,Grammica__Flower
Grammica,C_denticulata,ss13-46,C,2,haustorium,2018-05-29,12:02:27 PM,,,h,767,Fv.Fm,0.765416128,Grammica__Fv.Fm,Haustorium,Grammica__Haustorium
Grammica,C_tasmanica,17-15,B,1,young,2018-04-17,1:55:52 PM,,,y,768,Fv.Fm,0.4875,Grammica__Fv.Fm,Young,Grammica__Young
Grammica,C_tasmanica,17-15,A,1,haustorium,2017-12-21,12:12:19 PM,,,h,769,Fv.Fm,0.691666667,Grammica__Fv.Fm,Haustorium,Grammica__Haustorium
Grammica,C_denticulata,ss13-46,A,2,young,2018-05-29,11:11:53 AM,,,y,770,Fv.Fm,0.492307692,Grammica__Fv.Fm,Young,Grammica__Young
Grammica,C_californica,ss17-105,A,3,flower,2018-05-29,4:21:52 PM,,,f,771,Fv.Fm,0.676666667,Grammica__Fv.Fm,Flower,Grammica__Flower
Grammica,C_californica,ss17-105,E,6,haustorium,2018-05-25,6:16:41 PM,,,h,773,Fv.Fm,0.649164678,Grammica__Fv.Fm,Haustorium,Grammica__Haustorium
Grammica,C_polygonorum,1705,C,3,young,2017-12-13,11:29:05 AM,,,y,774,Fv.Fm,0.559060403,Grammica__Fv.Fm,Young,Grammica__Young
Grammica,C_indecora,ss16-17,-,1,seedling,8/24/18,13:36:39,,,sdlg,775,Fv.Fm,0.759213759,Grammica__Fv.Fm,Seedling,Grammica__Seedling
Grammica,C_tasmanica,17-15,C,6,young,2018-05-29,1:12:22 PM,,,y,776,Fv.Fm,0.573979592,Grammica__Fv.Fm,Young,Grammica__Young
Grammica,C_californica,ss17-105,E,5,haustorium,2018-05-25,6:16:41 PM,,,h,777,Fv.Fm,0.639282342,Grammica__Fv.Fm,Haustorium,Grammica__Haustorium
Grammica,C_cephalanthii,1567,E,1,young,2018-03-08,12:56:48 PM,,,y,779,Fv.Fm,0.625336927,Grammica__Fv.Fm,Young,Grammica__Young
Grammica,C_polygonorum,1705,C,4,seed,2017-12-13,1:00:53 PM,,,s,780,Fv.Fm,0.703191839,Grammica__Fv.Fm,Seed,Grammica__Seed
Grammica,C_californica,ss17-105,B,3,haustorium,2018-05-29,4:03:02 PM,,,h,781,Fv.Fm,0.673469388,Grammica__Fv.Fm,Haustorium,Grammica__Haustorium
Grammica,C_indecora,ss16-17,A,2,old,2017-12-13,1:22:55 PM,,,o,782,Fv.Fm,0.62244898,Grammica__Fv.Fm,Old,Grammica__Old
Grammica,C_tasmanica,17-15,A,5,young,2018-04-17,2:43:56 PM,,,y,784,Fv.Fm,0.605504587,Grammica__Fv.Fm,Young,Grammica__Young
Grammica,C_costaricensis,CUCO,C,3,old,2018-05-25,2:54:09 PM,,,o,786,Fv.Fm,0.513157895,Grammica__Fv.Fm,Old,Grammica__Old
Grammica,C_californica,ss17-105,B,4,haustorium,2018-05-29,4:03:02 PM,,,h,787,Fv.Fm,0.679459844,Grammica__Fv.Fm,Haustorium,Grammica__Haustorium
Grammica,C_cephalanthii,1567,A,3,seedling,8/24/18,14:03:55,,,sdlg,788,Fv.Fm,0.714285714,Grammica__Fv.Fm,Seedling,Grammica__Seedling
Grammica,C_tasmanica,17-15,B,6,young,2018-04-17,1:55:52 PM,,,y,789,Fv.Fm,0.568,Grammica__Fv.Fm,Young,Grammica__Young
Grammica,C_tasmanica,17-15,A,2,haustorium,2018-04-17,3:29:24 PM,,,h,790,Fv.Fm,0.714737508,Grammica__Fv.Fm,Haustorium,Grammica__Haustorium
Grammica,C_australis,1382,-,2,seedling,2017-11-02,3:16:57 PM,,,sdlg,791,Fv.Fm,0.726327945,Grammica__Fv.Fm,Seedling,Grammica__Seedling
Grammica,C_cephalanthii,1567,D,3,young,2018-03-08,12:22:11 PM,,,y,792,Fv.Fm,0.64374034,Grammica__Fv.Fm,Young,Grammica__Young
Grammica,C_polygonorum,1705,C,2,seed,2017-12-13,1:00:53 PM,,,s,793,Fv.Fm,0.667514843,Grammica__Fv.Fm,Seed,Grammica__Seed
Grammica,C_californica,ss17-105,B,3,old,2018-05-29,3:42:33 PM,,,o,794,Fv.Fm,0.580645161,Grammica__Fv.Fm,Old,Grammica__Old
Grammica,C_denticulata,ss13-46,C,4,old,2018-05-29,11:52:58 AM,,,o,796,Fv.Fm,0.742533471,Grammica__Fv.Fm,Old,Grammica__Old
Grammica,C_californica,ss17-105,E,9,haustorium,2018-05-25,6:16:41 PM,,,h,797,Fv.Fm,0.680839612,Grammica__Fv.Fm,Haustorium,Grammica__Haustorium
Grammica,C_cephalanthii,1567,A,2,old,2017-11-15,1:40:51 PM,,,o,799,Fv.Fm,0.57841484,Grammica__Fv.Fm,Old,Grammica__Old
Grammica,C_californica,ss17-105,D,5,young,2018-05-25,12:42:05 PM,,,y,800,Fv.Fm,0.624260355,Grammica__Fv.Fm,Young,Grammica__Young
Grammica,C_californica,ss17-105,A,1,young,2018-05-03,3:35:43 PM,,,y,802,Fv.Fm,0.767045455,Grammica__Fv.Fm,Young,Grammica__Young
Grammica,C_costaricensis,CUCO,B,5,young,2018-05-25,2:04:09 PM,,,y,803,Fv.Fm,0.553719008,Grammica__Fv.Fm,Young,Grammica__Young
Grammica,C_denticulata,ss13-46,D,2,young,2018-05-29,4:47:59 PM,,,y,804,Fv.Fm,0.581935484,Grammica__Fv.Fm,Young,Grammica__Young
Grammica,C_costaricensis,CUCO,A,1,young,2018-05-03,1:03:52 PM,,,y,806,Fv.Fm,0.625782228,Grammica__Fv.Fm,Young,Grammica__Young
Grammica,C_californica,ss17-105,A,3,haustorium,2018-05-03,3:52:11 PM,,,h,807,Fv.Fm,0.762950173,Grammica__Fv.Fm,Haustorium,Grammica__Haustorium
Grammica,C_californica,ss17-105,E,4,young,2018-05-25,5:35:48 PM,,,y,808,Fv.Fm,0.541436464,Grammica__Fv.Fm,Young,Grammica__Young
Grammica,C_denticulata,ss13-46,B,1,haustorium,2018-06-20,1:19:35 PM,,,h,809,Fv.Fm,0.789182283,Grammica__Fv.Fm,Haustorium,Grammica__Haustorium
Grammica,C_californica,ss17-105,D,4,haustorium,2018-05-25,1:08:20 PM,,,h,811,Fv.Fm,0.688405797,Grammica__Fv.Fm,Haustorium,Grammica__Haustorium
Grammica,C_californica,ss17-105,E,7,haustorium,2018-05-25,6:16:41 PM,,,h,812,Fv.Fm,0.743663123,Grammica__Fv.Fm,Haustorium,Grammica__Haustorium
Grammica,C_californica,ss17-105,A,1,haustorium,2018-05-03,3:52:11 PM,,,h,813,Fv.Fm,0.744079656,Grammica__Fv.Fm,Haustorium,Grammica__Haustorium
Grammica,C_costaricensis,CUCO,B,3,old,2018-05-25,2:16:35 PM,,,o,814,Fv.Fm,0.620689655,Grammica__Fv.Fm,Old,Grammica__Old
Grammica,C_denticulata,ss13-46,C,1,old,2018-05-29,11:52:58 AM,,,o,815,Fv.Fm,0.766136576,Grammica__Fv.Fm,Old,Grammica__Old
Grammica,C_californica,ss17-105,C,3,flower,2018-05-25,1:42:20 PM,,,f,816,Fv.Fm,0.700152983,Grammica__Fv.Fm,Flower,Grammica__Flower
Grammica,C_californica,ss17-105,B,6,flower,2018-05-29,3:51:20 PM,,,f,817,Fv.Fm,0.711793705,Grammica__Fv.Fm,Flower,Grammica__Flower
Grammica,C_tasmanica,17-15,D,3,young,2018-05-03,1:32:11 PM,,,y,818,Fv.Fm,0.524271845,Grammica__Fv.Fm,Young,Grammica__Young
Grammica,C_costaricensis,CUCO,A,1,old,2018-05-03,1:13:39 PM,,,o,820,Fv.Fm,0.644513138,Grammica__Fv.Fm,Old,Grammica__Old
Grammica,C_californica,ss17-105,B,3,flower,2018-05-29,3:51:20 PM,,,f,821,Fv.Fm,0.723148961,Grammica__Fv.Fm,Flower,Grammica__Flower
Grammica,C_cephalanthii,1567,A,3,old,2017-11-15,1:53:59 PM,,,o,824,Fv.Fm,0.584615385,Grammica__Fv.Fm,Old,Grammica__Old
Grammica,C_denticulata,ss13-46,B,4,haustorium,2018-06-20,1:19:35 PM,,,h,825,Fv.Fm,0.762156448,Grammica__Fv.Fm,Haustorium,Grammica__Haustorium
Grammica,C_costaricensis,CUCO,C,1,young,2018-05-25,2:39:54 PM,,,y,826,Fv.Fm,0.549751244,Grammica__Fv.Fm,Young,Grammica__Young
Grammica,C_denticulata,ss13-46,C,1,flower,2018-06-07,12:39:09 PM,,,f,827,Fv.Fm,0.708737864,Grammica__Fv.Fm,Flower,Grammica__Flower
Grammica,C_denticulata,ss13-46,C,1,young,2018-05-29,11:43:17 AM,,,y,829,Fv.Fm,0.578831312,Grammica__Fv.Fm,Young,Grammica__Young
Grammica,C_tasmanica,17-15,D,2,young,2018-05-29,10:36:38 AM,,,y,830,Fv.Fm,0.602150538,Grammica__Fv.Fm,Young,Grammica__Young
Grammica,C_denticulata,ss13-46,B,1,old,2018-06-20,1:09:13 PM,,,o,831,Fv.Fm,0.706146927,Grammica__Fv.Fm,Old,Grammica__Old
Grammica,C_denticulata,ss13-46,C,6,flower,2018-06-20,3:03:14 PM,,,f,832,Fv.Fm,0.708006279,Grammica__Fv.Fm,Flower,Grammica__Flower
Grammica,C_costaricensis,CUCO,B,6,young,2018-05-25,2:04:09 PM,,,y,833,Fv.Fm,0.575418994,Grammica__Fv.Fm,Young,Grammica__Young
Grammica,C_californica,ss17-105,D,4,young,2018-05-25,12:42:05 PM,,,y,834,Fv.Fm,0.641114983,Grammica__Fv.Fm,Young,Grammica__Young
Grammica,C_californica,ss17-105,E,2,old,2018-05-25,6:05:05 PM,,,o,835,Fv.Fm,0.704791345,Grammica__Fv.Fm,Old,Grammica__Old
Grammica,C_californica,ss17-105,C,3,old,2018-05-03,12:43:03 PM,,,o,836,Fv.Fm,0.781329274,Grammica__Fv.Fm,Old,Grammica__Old
Grammica,C_californica,ss17-105,E,7,flower,2018-07-06,2:26:42 PM,,,f,837,Fv.Fm,0.615664845,Grammica__Fv.Fm,Flower,Grammica__Flower
Grammica,C_californica,ss17-105,A,5,flower,2018-05-29,4:21:52 PM,,,f,838,Fv.Fm,0.661637931,Grammica__Fv.Fm,Flower,Grammica__Flower
Grammica,C_denticulata,ss13-46,B,2,old,2018-06-20,1:09:13 PM,,,o,839,Fv.Fm,0.639810427,Grammica__Fv.Fm,Old,Grammica__Old
Grammica,C_australis,1382,A,1,young,2018-01-25,11:09:17 AM,,,y,840,Fv.Fm,0.544901065,Grammica__Fv.Fm,Young,Grammica__Young
Grammica,C_costaricensis,CUCO,B,5,haustorium,2018-05-25,2:25:32 PM,,,h,841,Fv.Fm,0.618251314,Grammica__Fv.Fm,Haustorium,Grammica__Haustorium
Grammica,C_californica,ss17-105,A,8,flower,2018-05-29,4:21:52 PM,,,f,842,Fv.Fm,0.709933775,Grammica__Fv.Fm,Flower,Grammica__Flower
Grammica,C_californica,ss17-105,B,3,young,2018-05-29,3:33:16 PM,,,y,843,Fv.Fm,0.5,Grammica__Fv.Fm,Young,Grammica__Young
Grammica,C_denticulata,ss13-46,A,4,flower,2018-07-06,11:02:42 AM,,,f,844,Fv.Fm,0.691935484,Grammica__Fv.Fm,Flower,Grammica__Flower
Grammica,C_denticulata,ss13-46,A,1,flower,2018-07-06,11:02:42 AM,,,f,845,Fv.Fm,0.745888158,Grammica__Fv.Fm,Flower,Grammica__Flower
Grammica,C_tasmanica,17-15,A,1,young,2017-12-21,11:50:46 AM,,,y,846,Fv.Fm,0.629032258,Grammica__Fv.Fm,Young,Grammica__Young
Grammica,C_californica,ss17-105,E,4,old,2018-05-25,6:05:05 PM,,,o,847,Fv.Fm,0.687265918,Grammica__Fv.Fm,Old,Grammica__Old
Grammica,C_cephalanthii,1567,D,2,young,2018-03-08,12:22:11 PM,,,y,848,Fv.Fm,0.666666667,Grammica__Fv.Fm,Young,Grammica__Young
Grammica,C_californica,ss17-105,E,1,flower,2018-07-06,2:26:42 PM,,,f,849,Fv.Fm,0.667527437,Grammica__Fv.Fm,Flower,Grammica__Flower
Grammica,C_denticulata,ss13-46,A,4,young,2018-05-29,11:11:53 AM,,,y,851,Fv.Fm,0.530712531,Grammica__Fv.Fm,Young,Grammica__Young
Grammica,C_denticulata,ss13-46,2,2,seedling,2018-05-01,2:22:18 PM,,,sdlg,852,Fv.Fm,0.812619503,Grammica__Fv.Fm,Seedling,Grammica__Seedling
Grammica,C_indecora,ss16-17,-,2,seedling,8/24/18,13:36:39,,,sdlg,853,Fv.Fm,0.737244898,Grammica__Fv.Fm,Seedling,Grammica__Seedling
Grammica,C_tasmanica,17-15,B,5,young,2018-04-17,1:55:52 PM,,,y,856,Fv.Fm,0.614250614,Grammica__Fv.Fm,Young,Grammica__Young
Grammica,C_californica,ss17-105,D,3,old,2018-05-25,12:53:49 PM,,,o,857,Fv.Fm,0.518518519,Grammica__Fv.Fm,Old,Grammica__Old
Grammica,C_californica,ss17-105,A,6,flower,2018-05-29,4:21:52 PM,,,f,858,Fv.Fm,0.722182596,Grammica__Fv.Fm,Flower,Grammica__Flower
Grammica,C_californica,ss17-105,A,2,flower,2018-05-29,4:21:52 PM,,,f,862,Fv.Fm,0.724691358,Grammica__Fv.Fm,Flower,Grammica__Flower
Grammica,C_californica,ss17-105,B,5,young,2018-05-29,3:33:16 PM,,,y,863,Fv.Fm,0.609467456,Grammica__Fv.Fm,Young,Grammica__Young
Grammica,C_denticulata,ss13-46,A,2,haustorium,2018-05-29,11:30:47 AM,,,h,865,Fv.Fm,0.688205128,Grammica__Fv.Fm,Haustorium,Grammica__Haustorium
Grammica,C_costaricensis,CUCO,B,3,young,2018-05-25,2:04:09 PM,,,y,867,Fv.Fm,0.58685446,Grammica__Fv.Fm,Young,Grammica__Young
Grammica,C_californica,ss17-105,E,6,young,2018-05-25,5:35:48 PM,,,y,868,Fv.Fm,0.589385475,Grammica__Fv.Fm,Young,Grammica__Young
Grammica,C_californica,ss17-105,E,8,haustorium,2018-05-25,6:16:41 PM,,,h,870,Fv.Fm,0.72258533,Grammica__Fv.Fm,Haustorium,Grammica__Haustorium
Grammica,C_denticulata,ss13-46,A,1,haustorium,2018-05-29,11:30:47 AM,,,h,871,Fv.Fm,0.636363636,Grammica__Fv.Fm,Haustorium,Grammica__Haustorium
Grammica,C_californica,ss17-105,E,6,flower,2018-07-06,2:26:42 PM,,,f,872,Fv.Fm,0.690626518,Grammica__Fv.Fm,Flower,Grammica__Flower
Grammica,C_californica,ss17-105,B,2,flower,2018-05-29,3:51:20 PM,,,f,873,Fv.Fm,0.733833512,Grammica__Fv.Fm,Flower,Grammica__Flower
Grammica,C_denticulata,ss13-46,C,2,flower,2018-06-20,3:03:14 PM,,,f,874,Fv.Fm,0.781916817,Grammica__Fv.Fm,Flower,Grammica__Flower
Grammica,C_californica,ss17-105,B,1,old,2018-05-29,3:42:33 PM,,,o,875,Fv.Fm,0.622589532,Grammica__Fv.Fm,Old,Grammica__Old
Grammica,C_indecora,ss16-17,-,1,seedling,8/24/18,13:19:55,,,sdlg,876,Fv.Fm,0.737819026,Grammica__Fv.Fm,Seedling,Grammica__Seedling
Grammica,C_californica,ss17-105,E,10,flower,2018-07-06,2:26:42 PM,,,f,878,Fv.Fm,0.6648,Grammica__Fv.Fm,Flower,Grammica__Flower
Grammica,C_denticulata,ss13-46,D,1,young,2018-06-22,4:36:43 PM,,,y,879,Fv.Fm,0.675989086,Grammica__Fv.Fm,Young,Grammica__Young
Grammica,C_californica,ss17-105,B,7,flower,2018-05-29,3:51:20 PM,,,f,880,Fv.Fm,0.737318841,Grammica__Fv.Fm,Flower,Grammica__Flower
Grammica,C_denticulata,ss13-46,A,3,haustorium,2018-05-29,11:30:47 AM,,,h,881,Fv.Fm,0.657004831,Grammica__Fv.Fm,Haustorium,Grammica__Haustorium
Grammica,C_californica,ss17-105,B,4,flower,2018-05-29,3:51:20 PM,,,f,882,Fv.Fm,0.709698997,Grammica__Fv.Fm,Flower,Grammica__Flower
Grammica,C_costaricensis,CUCO,B,4,young,2018-05-25,2:04:09 PM,,,y,883,Fv.Fm,0.610281924,Grammica__Fv.Fm,Young,Grammica__Young
Grammica,C_californica,ss17-105,C,8,flower,2018-05-25,1:42:20 PM,,,f,884,Fv.Fm,0.706939799,Grammica__Fv.Fm,Flower,Grammica__Flower
Grammica,C_cephalanthii,1567,A,2,seedling,8/24/18,14:03:55,,,sdlg,885,Fv.Fm,0.721568627,Grammica__Fv.Fm,Seedling,Grammica__Seedling
Grammica,C_denticulata,ss13-46,C,2,old,2018-05-29,11:52:58 AM,,,o,886,Fv.Fm,0.767291911,Grammica__Fv.Fm,Old,Grammica__Old
Grammica,C_tasmanica,17-15,B,7,young,2018-04-17,1:55:52 PM,,,y,887,Fv.Fm,0.622317597,Grammica__Fv.Fm,Young,Grammica__Young
Grammica,C_californica,ss17-105,B,5,flower,2018-05-29,3:51:20 PM,,,f,888,Fv.Fm,0.718096234,Grammica__Fv.Fm,Flower,Grammica__Flower
Grammica,C_californica,ss17-105,A,7,flower,2018-05-29,4:21:52 PM,,,f,889,Fv.Fm,0.713788487,Grammica__Fv.Fm,Flower,Grammica__Flower
Grammica,C_californica,ss17-105,E,5,flower,2018-07-06,2:26:42 PM,,,f,894,Fv.Fm,0.702818627,Grammica__Fv.Fm,Flower,Grammica__Flower
Grammica,C_californica,ss17-105,A,1,flower,2018-05-29,4:21:52 PM,,,f,896,Fv.Fm,0.71825695,Grammica__Fv.Fm,Flower,Grammica__Flower
Grammica,C_indecora,ss16-17,-,3,seedling,8/24/18,13:19:55,,,sdlg,899,Fv.Fm,0.771349862,Grammica__Fv.Fm,Seedling,Grammica__Seedling
Grammica,C_tasmanica,17-15,C,2,young,2018-05-29,1:12:22 PM,,,y,900,Fv.Fm,0.637462236,Grammica__Fv.Fm,Young,Grammica__Young
Grammica,C_tasmanica,17-15,B,2,young,2018-04-17,1:55:52 PM,,,y,901,Fv.Fm,0.621315193,Grammica__Fv.Fm,Young,Grammica__Young
Grammica,C_indecora,ss16-17,C,3,young,2018-01-25,11:41:52 AM,,,y,902,Fv.Fm,0.569444444,Grammica__Fv.Fm,Young,Grammica__Young
Grammica,C_californica,ss17-105,C,2,flower,2018-05-25,1:42:20 PM,,,f,903,Fv.Fm,0.706983113,Grammica__Fv.Fm,Flower,Grammica__Flower
Grammica,C_denticulata,ss13-46,C,1,haustorium,2018-05-29,12:02:27 PM,,,h,904,Fv.Fm,0.810648669,Grammica__Fv.Fm,Haustorium,Grammica__Haustorium
Grammica,C_denticulata,ss13-46,C,3,flower,2018-06-07,12:39:09 PM,,,f,905,Fv.Fm,0.718397997,Grammica__Fv.Fm,Flower,Grammica__Flower
Grammica,C_californica,ss17-105,E,3,flower,2018-07-06,2:26:42 PM,,,f,906,Fv.Fm,0.740711462,Grammica__Fv.Fm,Flower,Grammica__Flower
Grammica,C_californica,ss17-105,E,1,young,2018-05-25,5:35:48 PM,,,y,907,Fv.Fm,0.609467456,Grammica__Fv.Fm,Young,Grammica__Young
Grammica,C_tasmanica,17-15,C,7,young,2018-05-29,1:12:22 PM,,,y,908,Fv.Fm,0.721320346,Grammica__Fv.Fm,Young,Grammica__Young
Grammica,C_denticulata,ss13-46,2,1,seedling,2018-05-01,2:22:18 PM,,,sdlg,910,Fv.Fm,0.75,Grammica__Fv.Fm,Seedling,Grammica__Seedling
Grammica,C_denticulata,ss13-46,C,2,young,2018-05-29,11:43:17 AM,,,y,911,Fv.Fm,0.740698985,Grammica__Fv.Fm,Young,Grammica__Young
Grammica,C_californica,ss17-105,B,1,flower,2018-05-29,3:51:20 PM,,,f,912,Fv.Fm,0.737212864,Grammica__Fv.Fm,Flower,Grammica__Flower
Grammica,C_californica,ss17-105,C,5,flower,2018-05-25,1:42:20 PM,,,f,913,Fv.Fm,0.734148205,Grammica__Fv.Fm,Flower,Grammica__Flower
Grammica,C_californica,ss17-105,C,6,flower,2018-05-25,1:42:20 PM,,,f,916,Fv.Fm,0.75286757,Grammica__Fv.Fm,Flower,Grammica__Flower
Grammica,C_tasmanica,17-15,A,7,young,2018-04-17,2:43:56 PM,,,y,917,Fv.Fm,0.697986577,Grammica__Fv.Fm,Young,Grammica__Young
Grammica,C_californica,ss17-105,D,1,haustorium,2018-05-25,1:08:20 PM,,,h,918,Fv.Fm,0.705300988,Grammica__Fv.Fm,Haustorium,Grammica__Haustorium
Grammica,C_californica,ss17-105,-,5,seedling,2018-04-17,1:20:53 PM,,,sdlg,919,Fv.Fm,0.7795,Grammica__Fv.Fm,Seedling,Grammica__Seedling
Grammica,C_denticulata,ss13-46,D,3,young,2018-06-22,4:36:43 PM,,,y,920,Fv.Fm,0.663709677,Grammica__Fv.Fm,Young,Grammica__Young
Grammica,C_denticulata,ss13-46,D,5,young,2018-06-22,4:36:43 PM,,,y,921,Fv.Fm,0.678843227,Grammica__Fv.Fm,Young,Grammica__Young
Grammica,C_denticulata,ss13-46,C,1,flower,2018-06-20,3:03:14 PM,,,f,922,Fv.Fm,0.752310536,Grammica__Fv.Fm,Flower,Grammica__Flower
Grammica,C_californica,ss17-105,E,3,young,2018-05-25,5:35:48 PM,,,y,923,Fv.Fm,0.570909091,Grammica__Fv.Fm,Young,Grammica__Young
Grammica,C_sandwichiana,155,D,1,young,2018-01-25,1:05:39 PM,,,y,924,Fv.Fm,0.723232323,Grammica__Fv.Fm,Young,Grammica__Young
Grammica,C_polygonorum,1705,D,4,young,2018-07-06,11:29:21 AM,,,y,925,Fv.Fm,0.642371234,Grammica__Fv.Fm,Young,Grammica__Young
Grammica,C_californica,ss17-105,B,5,haustorium,2018-05-29,4:03:02 PM,,,h,926,Fv.Fm,0.765457543,Grammica__Fv.Fm,Haustorium,Grammica__Haustorium
Grammica,C_californica,ss17-105,B,4,young,2018-05-29,3:33:16 PM,,,y,927,Fv.Fm,0.695172414,Grammica__Fv.Fm,Young,Grammica__Young
Grammica,C_californica,ss17-105,A,2,young,2018-05-03,3:35:43 PM,,,y,928,Fv.Fm,0.733369984,Grammica__Fv.Fm,Young,Grammica__Young
Grammica,C_polygonorum,1705,D,3,young,2018-07-06,11:29:21 AM,,,y,929,Fv.Fm,0.620889749,Grammica__Fv.Fm,Young,Grammica__Young
Grammica,C_californica,ss17-105,C,1,young,2018-05-03,12:32:45 PM,,,y,930,Fv.Fm,0.573737374,Grammica__Fv.Fm,Young,Grammica__Young
Grammica,C_costaricensis,CUCO,C,5,young,2018-05-25,2:39:54 PM,,,y,931,Fv.Fm,0.625550661,Grammica__Fv.Fm,Young,Grammica__Young
Grammica,C_tasmanica,17-15,A,6,young,2018-04-17,2:43:56 PM,,,y,932,Fv.Fm,0.664761905,Grammica__Fv.Fm,Young,Grammica__Young
Grammica,C_denticulata,ss13-46,C,2,flower,2018-06-07,12:39:09 PM,,,f,933,Fv.Fm,0.747536012,Grammica__Fv.Fm,Flower,Grammica__Flower
Grammica,C_tasmanica,17-15,C,4,young,2018-05-29,1:12:22 PM,,,y,935,Fv.Fm,0.683673469,Grammica__Fv.Fm,Young,Grammica__Young
Grammica,C_denticulata,ss13-46,D,2,young,2018-06-22,4:36:43 PM,,,y,936,Fv.Fm,0.67366136,Grammica__Fv.Fm,Young,Grammica__Young
Grammica,C_denticulata,ss13-46,1,2,seedling,2018-05-01,3:53:06 PM,,,sdlg,937,Fv.Fm,0.779151943,Grammica__Fv.Fm,Seedling,Grammica__Seedling
Grammica,C_polygonorum,1705,D,5,young,2018-07-06,11:29:21 AM,,,y,939,Fv.Fm,0.690120824,Grammica__Fv.Fm,Young,Grammica__Young
Grammica,C_tasmanica,17-15,A,1,young,2018-04-17,2:43:56 PM,,,y,940,Fv.Fm,0.645360825,Grammica__Fv.Fm,Young,Grammica__Young
Grammica,C_californica,ss17-105,B,1,young,2018-05-29,3:33:16 PM,,,y,941,Fv.Fm,0.694772344,Grammica__Fv.Fm,Young,Grammica__Young
Grammica,C_denticulata,ss13-46,B,2,young,2018-06-20,12:55:09 PM,,,y,942,Fv.Fm,0.597014925,Grammica__Fv.Fm,Young,Grammica__Young
Grammica,C_polygonorum,1705,D,2,young,2018-07-06,11:29:21 AM,,,y,946,Fv.Fm,0.661721068,Grammica__Fv.Fm,Young,Grammica__Young
Grammica,C_tasmanica,17-15,A,8,young,2018-04-17,2:43:56 PM,,,y,947,Fv.Fm,0.692307692,Grammica__Fv.Fm,Young,Grammica__Young
Grammica,C_denticulata,ss13-46,B,1,young,2018-06-20,12:55:09 PM,,,y,949,Fv.Fm,0.684496827,Grammica__Fv.Fm,Young,Grammica__Young
Grammica,C_denticulata,ss13-46,A,3,flower,2018-07-06,11:02:42 AM,,,f,950,Fv.Fm,0.786860199,Grammica__Fv.Fm,Flower,Grammica__Flower
Grammica,C_californica,ss17-105,A,3,young,2018-05-03,3:35:43 PM,,,y,951,Fv.Fm,0.718900675,Grammica__Fv.Fm,Young,Grammica__Young
Grammica,C_californica,ss17-105,-,2,seedling,2018-04-17,1:20:53 PM,,,sdlg,953,Fv.Fm,0.790560472,Grammica__Fv.Fm,Seedling,Grammica__Seedling
Grammica,C_denticulata,ss13-46,C,3,haustorium,2018-05-29,12:02:27 PM,,,h,954,Fv.Fm,0.770995494,Grammica__Fv.Fm,Haustorium,Grammica__Haustorium
Grammica,C_denticulata,ss13-46,2,3,seedling,2018-05-01,2:22:18 PM,,,sdlg,955,Fv.Fm,0.76444111,Grammica__Fv.Fm,Seedling,Grammica__Seedling
Grammica,C_californica,ss17-105,E,5,old,2018-05-25,6:05:05 PM,,,o,956,Fv.Fm,0.737841044,Grammica__Fv.Fm,Old,Grammica__Old
Grammica,C_denticulata,ss13-46,1,3,seedling,2018-05-01,3:53:06 PM,,,sdlg,957,Fv.Fm,0.766871166,Grammica__Fv.Fm,Seedling,Grammica__Seedling
Grammica,C_polygonorum,1705,D,1,young,2018-07-06,11:29:21 AM,,,y,958,Fv.Fm,0.696219035,Grammica__Fv.Fm,Young,Grammica__Young
Grammica,C_californica,ss17-105,E,3,old,2018-05-25,6:05:05 PM,,,o,959,Fv.Fm,0.714025501,Grammica__Fv.Fm,Old,Grammica__Old
Grammica,C_tasmanica,17-15,A,2,young,2018-04-17,2:43:56 PM,,,y,960,Fv.Fm,0.705307263,Grammica__Fv.Fm,Young,Grammica__Young
Grammica,C_tasmanica,17-15,A,3,young,2018-04-17,2:43:56 PM,,,y,963,Fv.Fm,0.721682848,Grammica__Fv.Fm,Young,Grammica__Young
Grammica,C_denticulata,ss13-46,D,4,young,2018-06-22,4:36:43 PM,,,y,967,Fv.Fm,0.639585134,Grammica__Fv.Fm,Young,Grammica__Young
Grammica,C_denticulata,ss13-46,A,5,flower,2018-07-06,11:02:42 AM,,,f,969,Fv.Fm,0.777103867,Grammica__Fv.Fm,Flower,Grammica__Flower
Grammica,C_indecora,ss16-17,B,3,young,2018-01-25,12:01:11 PM,,,y,971,Fv.Fm,0.630824373,Grammica__Fv.Fm,Young,Grammica__Young
Grammica,C_californica,ss17-105,D,2,young,2018-05-25,12:42:05 PM,,,y,972,Fv.Fm,0.775770457,Grammica__Fv.Fm,Young,Grammica__Young
Grammica,C_californica,ss17-105,-,4,seedling,2018-04-17,1:20:53 PM,,,sdlg,974,Fv.Fm,0.769266267,Grammica__Fv.Fm,Seedling,Grammica__Seedling
Grammica,C_californica,ss17-105,D,2,haustorium,2018-05-25,1:08:20 PM,,,h,975,Fv.Fm,0.735183796,Grammica__Fv.Fm,Haustorium,Grammica__Haustorium
Grammica,C_californica,ss17-105,E,2,young,2018-05-25,5:35:48 PM,,,y,978,Fv.Fm,0.708006279,Grammica__Fv.Fm,Young,Grammica__Young
Grammica,C_denticulata,ss13-46,C,3,old,2018-05-29,11:52:58 AM,,,o,979,Fv.Fm,0.780525502,Grammica__Fv.Fm,Old,Grammica__Old
Grammica,C_californica,ss17-105,E,4,haustorium,2018-05-25,6:16:41 PM,,,h,981,Fv.Fm,0.765673176,Grammica__Fv.Fm,Haustorium,Grammica__Haustorium
Grammica,C_denticulata,ss13-46,1,4,seedling,2018-05-01,3:53:06 PM,,,sdlg,982,Fv.Fm,0.751838235,Grammica__Fv.Fm,Seedling,Grammica__Seedling
Grammica,C_indecora,ss16-17,B,2,young,2018-01-25,12:01:11 PM,,,y,984,Fv.Fm,0.649659864,Grammica__Fv.Fm,Young,Grammica__Young
Grammica,C_denticulata,ss13-46,-,2,seedling,2018-04-17,1:38:52 PM,,,sdlg,990,Fv.Fm,0.756756757,Grammica__Fv.Fm,Seedling,Grammica__Seedling
Grammica,C_californica,ss17-105,E,3,haustorium,2018-05-25,6:16:41 PM,,,h,991,Fv.Fm,0.74916388,Grammica__Fv.Fm,Haustorium,Grammica__Haustorium
Grammica,C_denticulata,ss13-46,1,6,seedling,2018-05-01,3:53:06 PM,,,sdlg,992,Fv.Fm,0.791613723,Grammica__Fv.Fm,Seedling,Grammica__Seedling
Grammica,C_denticulata,ss13-46,1,7,seedling,2018-05-01,3:53:06 PM,,,sdlg,993,Fv.Fm,0.771498771,Grammica__Fv.Fm,Seedling,Grammica__Seedling
Grammica,C_denticulata,ss13-46,B,3,young,2018-06-20,12:55:09 PM,,,y,995,Fv.Fm,0.682828283,Grammica__Fv.Fm,Young,Grammica__Young
Grammica,C_denticulata,ss13-46,1,5,seedling,2018-05-01,3:53:06 PM,,,sdlg,996,Fv.Fm,0.777043765,Grammica__Fv.Fm,Seedling,Grammica__Seedling
Grammica,C_indecora,ss16-17,C,1,young,2018-01-25,11:41:52 AM,,,y,997,Fv.Fm,0.666666667,Grammica__Fv.Fm,Young,Grammica__Young
Grammica,C_indecora,ss16-17,C,2,young,2018-01-25,11:41:52 AM,,,y,999,Fv.Fm,0.693735499,Grammica__Fv.Fm,Young,Grammica__Young
Grammica,C_denticulata,ss13-46,-,3,seedling,2018-04-17,1:38:52 PM,,,sdlg,1000,Fv.Fm,0.768656716,Grammica__Fv.Fm,Seedling,Grammica__Seedling
Grammica,C_californica,ss17-105,D,3,young,2018-05-25,12:42:05 PM,,,y,1001,Fv.Fm,0.707158351,Grammica__Fv.Fm,Young,Grammica__Young
Grammica,C_indecora,ss16-17,B,1,young,2018-01-25,12:01:11 PM,,,y,1004,Fv.Fm,0.7489301,Grammica__Fv.Fm,Young,Grammica__Young
Grammica,C_californica,ss17-105,D,1,young,2018-05-25,12:42:05 PM,,,y,1008,Fv.Fm,0.814919736,Grammica__Fv.Fm,Young,Grammica__Young
Grammica,C_denticulata,ss13-46,1,1,seedling,2018-05-01,3:53:06 PM,,,sdlg,1009,Fv.Fm,0.78998779,Grammica__Fv.Fm,Seedling,Grammica__Seedling
C_purpurata,C_purpurata,1432,A,1,young,2018-05-01,4:41:08 PM,truly 0 signal,,y,27,Fv.Fm,0,C_purpurata__Fv.Fm,Young,C_purpurata__Young
C_purpurata,C_purpurata,1432,A,2,young,2018-05-01,4:41:08 PM,truly 0 signal,,y,28,Fv.Fm,0,C_purpurata__Fv.Fm,Young,C_purpurata__Young
C_purpurata,C_purpurata,1432,A,3,young,2018-05-01,4:41:08 PM,truly 0 signal,,y,29,Fv.Fm,0,C_purpurata__Fv.Fm,Young,C_purpurata__Young
C_purpurata,C_purpurata,1432,B,1,young,2018-05-01,4:13:37 PM,truly 0 signal,,y,30,Fv.Fm,0,C_purpurata__Fv.Fm,Young,C_purpurata__Young
C_purpurata,C_purpurata,1432,B,2,young,2018-05-01,4:13:37 PM,truly 0 signal,,y,31,Fv.Fm,0,C_purpurata__Fv.Fm,Young,C_purpurata__Young
C_purpurata,C_purpurata,1432,B,3,young,2018-05-01,4:13:37 PM,truly 0 signal,,y,32,Fv.Fm,0,C_purpurata__Fv.Fm,Young,C_purpurata__Young
C_purpurata,C_purpurata,1432,A,1,haustorium,2018-05-03,3:32:37 PM,truly 0 signal,,h,33,Fv.Fm,0,C_purpurata__Fv.Fm,Haustorium,C_purpurata__Haustorium
C_purpurata,C_purpurata,1432,A,2,haustorium,2018-05-03,3:32:37 PM,truly 0 signal,,h,34,Fv.Fm,0,C_purpurata__Fv.Fm,Haustorium,C_purpurata__Haustorium
C_purpurata,C_purpurata,1432,A,1,young,2018-05-03,3:28:03 PM,truly 0 signal,,y,35,Fv.Fm,0,C_purpurata__Fv.Fm,Young,C_purpurata__Young
C_purpurata,C_purpurata,1432,A,2,young,2018-05-03,3:28:03 PM,truly 0 signal,,y,36,Fv.Fm,0,C_purpurata__Fv.Fm,Young,C_purpurata__Young
C_purpurata,C_purpurata,1432,A,3,young,2018-05-03,3:28:03 PM,truly 0 signal,,y,37,Fv.Fm,0,C_purpurata__Fv.Fm,Young,C_purpurata__Young
C_purpurata,C_purpurata,1432,B,1,haustorium,2018-05-03,3:22:43 PM,truly 0 signal,,h,38,Fv.Fm,0,C_purpurata__Fv.Fm,Haustorium,C_purpurata__Haustorium
C_purpurata,C_purpurata,1432,B,2,haustorium,2018-05-03,3:22:43 PM,truly 0 signal,,h,39,Fv.Fm,0,C_purpurata__Fv.Fm,Haustorium,C_purpurata__Haustorium
C_purpurata,C_purpurata,1432,B,3,haustorium,2018-05-03,3:22:43 PM,truly 0 signal,,h,40,Fv.Fm,0,C_purpurata__Fv.Fm,Haustorium,C_purpurata__Haustorium
C_purpurata,C_purpurata,1432,B,4,haustorium,2018-05-03,3:22:43 PM,truly 0 signal,,h,41,Fv.Fm,0,C_purpurata__Fv.Fm,Haustorium,C_purpurata__Haustorium
C_purpurata,C_purpurata,1432,A,1,flower,2018-05-25,3:24:25 PM,truly 0 signal,,f,42,Fv.Fm,0,C_purpurata__Fv.Fm,Flower,C_purpurata__Flower
C_purpurata,C_purpurata,1432,A,2,flower,2018-05-25,3:24:25 PM,truly 0 signal,,f,43,Fv.Fm,0,C_purpurata__Fv.Fm,Flower,C_purpurata__Flower
C_purpurata,C_purpurata,1432,A,3,flower,2018-05-25,3:24:25 PM,truly 0 signal,,f,44,Fv.Fm,0,C_purpurata__Fv.Fm,Flower,C_purpurata__Flower
C_purpurata,C_purpurata,1432,A,4,flower,2018-05-25,3:24:25 PM,truly 0 signal,,f,45,Fv.Fm,0,C_purpurata__Fv.Fm,Flower,C_purpurata__Flower
C_purpurata,C_purpurata,1432,A,5,flower,2018-05-25,3:24:25 PM,truly 0 signal,,f,46,Fv.Fm,0,C_purpurata__Fv.Fm,Flower,C_purpurata__Flower
C_purpurata,C_purpurata,1432,A,6,flower,2018-05-25,3:24:25 PM,truly 0 signal,,f,47,Fv.Fm,0,C_purpurata__Fv.Fm,Flower,C_purpurata__Flower
C_purpurata,C_purpurata,1432,B,1,flower,2018-05-25,3:38:31 PM,truly 0 signal,,f,48,Fv.Fm,0,C_purpurata__Fv.Fm,Flower,C_purpurata__Flower
C_purpurata,C_purpurata,1432,B,2,flower,2018-05-25,3:38:31 PM,truly 0 signal,,f,49,Fv.Fm,0,C_purpurata__Fv.Fm,Flower,C_purpurata__Flower
C_purpurata,C_purpurata,1432,B,3,flower,2018-05-25,3:38:31 PM,truly 0 signal,,f,50,Fv.Fm,0,C_purpurata__Fv.Fm,Flower,C_purpurata__Flower
C_purpurata,C_purpurata,1432,B,4,flower,2018-05-25,3:38:31 PM,truly 0 signal,,f,51,Fv.Fm,0,C_purpurata__Fv.Fm,Flower,C_purpurata__Flower
C_purpurata,C_purpurata,1432,B,5,flower,2018-05-25,3:38:31 PM,truly 0 signal,,f,52,Fv.Fm,0,C_purpurata__Fv.Fm,Flower,C_purpurata__Flower
C_purpurata,C_purpurata,1432,C,1,haustorium,2018-05-29,2:49:47 PM,truly 0 signal,,h,53,Fv.Fm,0,C_purpurata__Fv.Fm,Haustorium,C_purpurata__Haustorium
C_purpurata,C_purpurata,1432,C,2,haustorium,2018-05-29,2:49:47 PM,truly 0 signal,,h,54,Fv.Fm,0,C_purpurata__Fv.Fm,Haustorium,C_purpurata__Haustorium
C_purpurata,C_purpurata,1432,C,3,haustorium,2018-05-29,2:49:47 PM,truly 0 signal,,h,55,Fv.Fm,0,C_purpurata__Fv.Fm,Haustorium,C_purpurata__Haustorium
C_purpurata,C_purpurata,1432,C,4,haustorium,2018-05-29,2:49:47 PM,truly 0 signal,,h,56,Fv.Fm,0,C_purpurata__Fv.Fm,Haustorium,C_purpurata__Haustorium
C_purpurata,C_purpurata,1432,C,1,old,2018-05-29,2:39:52 PM,truly 0 signal,,o,57,Fv.Fm,0,C_purpurata__Fv.Fm,Old,C_purpurata__Old
C_purpurata,C_purpurata,1432,C,2,old,2018-05-29,2:39:52 PM,truly 0 signal,,o,58,Fv.Fm,0,C_purpurata__Fv.Fm,Old,C_purpurata__Old
C_purpurata,C_purpurata,1432,C,3,old,2018-05-29,2:39:52 PM,truly 0 signal,,o,59,Fv.Fm,0,C_purpurata__Fv.Fm,Old,C_purpurata__Old
C_purpurata,C_purpurata,1432,C,4,old,2018-05-29,2:39:52 PM,truly 0 signal,,o,60,Fv.Fm,0,C_purpurata__Fv.Fm,Old,C_purpurata__Old
C_purpurata,C_purpurata,1432,C,1,young,2018-05-29,2:29:07 PM,truly 0 signal,,y,61,Fv.Fm,0,C_purpurata__Fv.Fm,Young,C_purpurata__Young
C_purpurata,C_purpurata,1432,C,2,young,2018-05-29,2:29:07 PM,truly 0 signal,,y,62,Fv.Fm,0,C_purpurata__Fv.Fm,Young,C_purpurata__Young
C_purpurata,C_purpurata,1432,C,3,young,2018-05-29,2:29:07 PM,truly 0 signal,,y,63,Fv.Fm,0,C_purpurata__Fv.Fm,Young,C_purpurata__Young
C_purpurata,C_purpurata,1432,C,4,young,2018-05-29,2:29:07 PM,truly 0 signal,,y,64,Fv.Fm,0,C_purpurata__Fv.Fm,Young,C_purpurata__Young
C_purpurata,C_purpurata,1432,C,5,young,2018-05-29,2:29:07 PM,truly 0 signal,,y,65,Fv.Fm,0,C_purpurata__Fv.Fm,Young,C_purpurata__Young
C_purpurata,C_purpurata,1432,C,6,young,2018-05-29,2:29:07 PM,truly 0 signal,,y,66,Fv.Fm,0,C_purpurata__Fv.Fm,Young,C_purpurata__Young
C_purpurata,C_purpurata,1432,C,7,young,2018-05-29,2:29:07 PM,truly 0 signal,,y,67,Fv.Fm,0,C_purpurata__Fv.Fm,Young,C_purpurata__Young
C_purpurata,C_purpurata,1432,C,1,flower,2018-06-20,12:44:25 PM,truly 0 signal,,f,68,Fv.Fm,0,C_purpurata__Fv.Fm,Flower,C_purpurata__Flower
C_purpurata,C_purpurata,1432,C,2,flower,2018-06-20,12:44:25 PM,truly 0 signal,,f,69,Fv.Fm,0,C_purpurata__Fv.Fm,Flower,C_purpurata__Flower
C_purpurata,C_purpurata,1432,C,3,flower,2018-06-20,12:44:25 PM,truly 0 signal,,f,70,Fv.Fm,0,C_purpurata__Fv.Fm,Flower,C_purpurata__Flower
C_purpurata,C_purpurata,1432,C,4,flower,2018-06-20,12:44:25 PM,truly 0 signal,,f,71,Fv.Fm,0,C_purpurata__Fv.Fm,Flower,C_purpurata__Flower
C_purpurata,C_purpurata,1432,C,5,flower,2018-06-20,12:44:25 PM,truly 0 signal,,f,72,Fv.Fm,0,C_purpurata__Fv.Fm,Flower,C_purpurata__Flower
C_purpurata,C_purpurata,1432,C,6,flower,2018-06-20,12:44:25 PM,truly 0 signal,,f,73,Fv.Fm,0,C_purpurata__Fv.Fm,Flower,C_purpurata__Flower
C_purpurata,C_purpurata,1432,C,7,flower,2018-06-20,12:44:25 PM,truly 0 signal,,f,74,Fv.Fm,0,C_purpurata__Fv.Fm,Flower,C_purpurata__Flower
Monogynella,C_monogyna,CUMO,C,4,seed,2018-01-25,10:50:10 AM,,,s,155,Fv.Fm,0.653222618,Monogynella__Fv.Fm,Seed,Monogynella__Seed
Monogynella,C_monogyna,CUMO,C,6,seed,2018-01-25,10:50:10 AM,,,s,172,Fv.Fm,0.654381654,Monogynella__Fv.Fm,Seed,Monogynella__Seed
Monogynella,C_monogyna,CUMO,D,1,haustorium,2018-02-16,4:27:24 PM,,,h,186,Fv.Fm,0.462178218,Monogynella__Fv.Fm,Haustorium,Monogynella__Haustorium
Monogynella,C_monogyna,CUMO,C,2,seed,2018-01-25,10:50:10 AM,,,s,192,Fv.Fm,0.674958541,Monogynella__Fv.Fm,Seed,Monogynella__Seed
Monogynella,C_monogyna,CUMO,A,1,haustorium,2017-12-13,10:35:22 AM,,,h,213,Fv.Fm,0.516156463,Monogynella__Fv.Fm,Haustorium,Monogynella__Haustorium
Monogynella,C_monogyna,CUMO,D,3,flower,2018-03-23,4:55:02 PM,,,f,261,Fv.Fm,0.594355417,Monogynella__Fv.Fm,Flower,Monogynella__Flower
Monogynella,C_monogyna,CUMO,D,5,flower,2018-03-23,4:55:02 PM,,,f,269,Fv.Fm,0.579720617,Monogynella__Fv.Fm,Flower,Monogynella__Flower
Monogynella,C_monogyna,CUMO,A,2,haustorium,2017-12-13,10:35:22 AM,,,h,277,Fv.Fm,0.569156293,Monogynella__Fv.Fm,Haustorium,Monogynella__Haustorium
Monogynella,C_monogyna,CUMO,C,5,seed,2018-01-25,10:50:10 AM,,,s,284,Fv.Fm,0.605132823,Monogynella__Fv.Fm,Seed,Monogynella__Seed
Monogynella,C_monogyna,CUMO,D,4,flower,2018-03-23,4:55:02 PM,,,f,286,Fv.Fm,0.651670379,Monogynella__Fv.Fm,Flower,Monogynella__Flower
Monogynella,C_monogyna,CUMO,D,2,haustorium,2018-03-08,11:37:26 AM,,,h,314,Fv.Fm,0.53221957,Monogynella__Fv.Fm,Haustorium,Monogynella__Haustorium
Monogynella,C_monogyna,CUMO,D,2,flower,2018-03-23,4:55:02 PM,,,f,321,Fv.Fm,0.572027627,Monogynella__Fv.Fm,Flower,Monogynella__Flower
Monogynella,C_monogyna,CUMO,D,5,flower,2018-02-16,3:51:56 PM,,,f,360,Fv.Fm,0.546643418,Monogynella__Fv.Fm,Flower,Monogynella__Flower
Monogynella,C_monogyna,CUMO,B,1,haustorium,2017-12-13,11:08:41 AM,,,h,398,Fv.Fm,0.656193078,Monogynella__Fv.Fm,Haustorium,Monogynella__Haustorium
Monogynella,C_monogyna,CUMO,D,1,flower,2018-03-23,4:55:02 PM,,,f,416,Fv.Fm,0.602885345,Monogynella__Fv.Fm,Flower,Monogynella__Flower
Monogynella,C_monogyna,CUMO,C,2,haustorium,2018-01-25,10:58:25 AM,,,h,419,Fv.Fm,0.651527663,Monogynella__Fv.Fm,Haustorium,Monogynella__Haustorium
Monogynella,C_monogyna,CUMO,A,1,haustorium,2017-12-13,10:35:22 AM,,,h,435,Fv.Fm,0.615677321,Monogynella__Fv.Fm,Haustorium,Monogynella__Haustorium
Monogynella,C_monogyna,CUMO,D,2,flower,2018-02-16,3:51:56 PM,,,f,447,Fv.Fm,0.681257969,Monogynella__Fv.Fm,Flower,Monogynella__Flower
Monogynella,C_monogyna,CUMO,D,3,haustorium,2018-03-08,11:37:26 AM,,,h,451,Fv.Fm,0.453411592,Monogynella__Fv.Fm,Haustorium,Monogynella__Haustorium
Monogynella,C_monogyna,CUMO,D,4,seed,2018-02-16,3:51:56 PM,,,s,462,Fv.Fm,0.56448203,Monogynella__Fv.Fm,Seed,Monogynella__Seed
Monogynella,C_monogyna,CUMO,C,1,haustorium,2018-01-25,10:58:25 AM,,,h,492,Fv.Fm,0.652276759,Monogynella__Fv.Fm,Haustorium,Monogynella__Haustorium
Monogynella,C_monogyna,CUMO,D,2,seed,2018-02-16,3:51:56 PM,,,s,503,Fv.Fm,0.58411215,Monogynella__Fv.Fm,Seed,Monogynella__Seed
Monogynella,C_monogyna,CUMO,D,3,flower,2018-02-16,3:51:56 PM,,,f,563,Fv.Fm,0.633846154,Monogynella__Fv.Fm,Flower,Monogynella__Flower
Monogynella,C_lupuliformis,CULU,-,1,seedling,2017-11-02,2:21:12 PM,,,sdlg,628,Fv.Fm,0.808224674,Monogynella__Fv.Fm,Seedling,Monogynella__Seedling
Monogynella,C_monogyna,CUMO,D,4,flower,2018-02-16,3:51:56 PM,,,f,648,Fv.Fm,0.61802903,Monogynella__Fv.Fm,Flower,Monogynella__Flower
Monogynella,C_monogyna,CUMO,D,3,seed,2018-02-16,3:51:56 PM,,,s,654,Fv.Fm,0.697744361,Monogynella__Fv.Fm,Seed,Monogynella__Seed
Monogynella,C_monogyna,CUMO,D,1,flower,2018-02-16,3:51:56 PM,,,f,671,Fv.Fm,0.702614379,Monogynella__Fv.Fm,Flower,Monogynella__Flower
Monogynella,C_monogyna,CUMO,B,2,young,2017-12-13,10:48:48 AM,,,y,684,Fv.Fm,0.69582505,Monogynella__Fv.Fm,Young,Monogynella__Young
Monogynella,C_monogyna,CUMO,C,7,seed,2018-01-25,10:50:10 AM,,,s,737,Fv.Fm,0.636442895,Monogynella__Fv.Fm,Seed,Monogynella__Seed
Monogynella,C_monogyna,CUMO,-,1,seedling,2017-11-09,5:17:10 PM,,,sdlg,778,Fv.Fm,0.772317403,Monogynella__Fv.Fm,Seedling,Monogynella__Seedling
Monogynella,C_monogyna,CUMO,C,3,flower,2018-01-25,10:50:10 AM,,,f,785,Fv.Fm,0.639827074,Monogynella__Fv.Fm,Flower,Monogynella__Flower
Monogynella,C_monogyna,CUMO,-,1,seedling,2017-11-09,5:26:18 PM,,,sdlg,795,Fv.Fm,0.727934996,Monogynella__Fv.Fm,Seedling,Monogynella__Seedling
Monogynella,C_monogyna,CUMO,C,1,flower,2018-01-25,10:50:10 AM,,,f,822,Fv.Fm,0.649163301,Monogynella__Fv.Fm,Flower,Monogynella__Flower
Monogynella,C_lupuliformis,CULU,-,1,seedling,2017-11-02,2:34:38 PM,,,sdlg,850,Fv.Fm,0.812479201,Monogynella__Fv.Fm,Seedling,Monogynella__Seedling
Monogynella,C_monogyna,CUMO,-,2,seedling,2017-11-09,5:17:10 PM,,,sdlg,854,Fv.Fm,0.780765253,Monogynella__Fv.Fm,Seedling,Monogynella__Seedling
Monogynella,C_monogyna,CUMO,C,2,flower,2018-01-25,10:50:10 AM,,,f,869,Fv.Fm,0.699078813,Monogynella__Fv.Fm,Flower,Monogynella__Flower
Monogynella,C_monogyna,CUMO,D,1,old,2018-02-16,4:37:42 PM,,,o,892,Fv.Fm,0.650887574,Monogynella__Fv.Fm,Old,Monogynella__Old
Monogynella,C_monogyna,CUMO,-,2,seedling,2017-11-09,5:26:18 PM,,,sdlg,898,Fv.Fm,0.784482759,Monogynella__Fv.Fm,Seedling,Monogynella__Seedling
Monogynella,C_monogyna,CUMO,B,5,old,2017-12-13,10:59:39 AM,,,o,909,Fv.Fm,0.797126437,Monogynella__Fv.Fm,Old,Monogynella__Old
Monogynella,C_lupuliformis,CULU,-,2,seedling,2017-11-02,2:34:38 PM,,,sdlg,934,Fv.Fm,0.789526185,Monogynella__Fv.Fm,Seedling,Monogynella__Seedling
Monogynella,C_monogyna,CUMO,B,2,old,2017-12-13,10:59:39 AM,,,o,944,Fv.Fm,0.783075601,Monogynella__Fv.Fm,Old,Monogynella__Old
Monogynella,C_lupuliformis,CULU,-,2,seedling,2017-11-02,2:21:12 PM,,,sdlg,945,Fv.Fm,0.76558724,Monogynella__Fv.Fm,Seedling,Monogynella__Seedling
Monogynella,C_monogyna,CUMO,B,4,old,2017-12-13,10:59:39 AM,,,o,948,Fv.Fm,0.749613601,Monogynella__Fv.Fm,Old,Monogynella__Old
Monogynella,C_monogyna,CUMO,C,3,old,2018-01-15,10:40:32 AM,,,o,952,Fv.Fm,0.742741935,Monogynella__Fv.Fm,Old,Monogynella__Old
Monogynella,C_monogyna,CUMO,B,3,old,2017-12-13,10:59:39 AM,,,o,962,Fv.Fm,0.757392879,Monogynella__Fv.Fm,Old,Monogynella__Old
Monogynella,C_monogyna,CUMO,C,2,old,2018-01-15,10:40:32 AM,,,o,965,Fv.Fm,0.72826087,Monogynella__Fv.Fm,Old,Monogynella__Old
Monogynella,C_monogyna,CUMO,A,3,old,2017-11-15,1:15:34 PM,,,o,968,Fv.Fm,0.793272171,Monogynella__Fv.Fm,Old,Monogynella__Old
Monogynella,C_monogyna,CUMO,C,2,young,2018-01-15,10:30:17 AM,,,y,970,Fv.Fm,0.708910891,Monogynella__Fv.Fm,Young,Monogynella__Young
Monogynella,C_monogyna,CUMO,D,3,old,2018-02-16,4:37:42 PM,,,o,973,Fv.Fm,0.766497462,Monogynella__Fv.Fm,Old,Monogynella__Old
Monogynella,C_monogyna,CUMO,D,2,old,2018-02-16,4:37:42 PM,,,o,976,Fv.Fm,0.791019956,Monogynella__Fv.Fm,Old,Monogynella__Old
Monogynella,C_monogyna,CUMO,C,3,young,2018-01-15,10:30:17 AM,,,y,977,Fv.Fm,0.76545218,Monogynella__Fv.Fm,Young,Monogynella__Young
Monogynella,C_monogyna,CUMO,C,1,old,2018-01-15,10:40:32 AM,,,o,983,Fv.Fm,0.804040404,Monogynella__Fv.Fm,Old,Monogynella__Old
Monogynella,C_monogyna,CUMO,D,3,young,2018-03-08,11:17:00 AM,,,y,985,Fv.Fm,0.785517621,Monogynella__Fv.Fm,Young,Monogynella__Young
Monogynella,C_monogyna,CUMO,A,1,young,2017-11-15,12:49:21 PM,,,y,986,Fv.Fm,0.778752437,Monogynella__Fv.Fm,Young,Monogynella__Young
Monogynella,C_monogyna,CUMO,A,2,old,2017-11-15,1:08:04 PM,,,o,987,Fv.Fm,0.783062161,Monogynella__Fv.Fm,Old,Monogynella__Old
Monogynella,C_monogyna,CUMO,D,2,young,2018-03-08,11:17:00 AM,,,y,988,Fv.Fm,0.767189836,Monogynella__Fv.Fm,Young,Monogynella__Young
Monogynella,C_monogyna,CUMO,D,1,young,2018-03-08,11:17:00 AM,,,y,989,Fv.Fm,0.783632617,Monogynella__Fv.Fm,Young,Monogynella__Young
Monogynella,C_monogyna,CUMO,B,1,young,2017-12-13,10:48:48 AM,,,y,994,Fv.Fm,0.788129226,Monogynella__Fv.Fm,Young,Monogynella__Young
Monogynella,C_monogyna,CUMO,A,1,young,2017-11-15,12:58:46 PM,,,y,998,Fv.Fm,0.756910569,Monogynella__Fv.Fm,Young,Monogynella__Young
Monogynella,C_monogyna,CUMO,D,3,young,2018-02-16,4:07:19 PM,,,y,1002,Fv.Fm,0.811230585,Monogynella__Fv.Fm,Young,Monogynella__Young
Monogynella,C_monogyna,CUMO,D,2,young,2018-02-16,4:07:19 PM,,,y,1003,Fv.Fm,0.804509211,Monogynella__Fv.Fm,Young,Monogynella__Young
Monogynella,C_monogyna,CUMO,D,1,young,2018-02-16,4:07:19 PM,,,y,1005,Fv.Fm,0.795325779,Monogynella__Fv.Fm,Young,Monogynella__Young
Monogynella,C_monogyna,CUMO,B,3,young,2017-12-13,10:48:48 AM,,,y,1006,Fv.Fm,0.800103173,Monogynella__Fv.Fm,Young,Monogynella__Young
Monogynella,C_monogyna,CUMO,C,1,young,2018-01-15,10:30:17 AM,,,y,1007,Fv.Fm,0.78462142,Monogynella__Fv.Fm,Young,Monogynella__Young
Ipomoea_nil,Ipomoea_nil,IPNI,E,1,flower,2018-06-20,12:30:52 PM,,,f,209,Fv.Fm,0.643117261,Ipomoea_nil__Fv.Fm,Flower,Ipomoea_nil__Flower
Ipomoea_nil,Ipomoea_nil,IPNI,B,2,flower,2018-06-26,4:50:06 PM,,,f,242,Fv.Fm,0.699318041,Ipomoea_nil__Fv.Fm,Flower,Ipomoea_nil__Flower
Ipomoea_nil,Ipomoea_nil,IPNI,E,2,flower,2018-06-21,3:58:53 PM,,,f,273,Fv.Fm,0.667675545,Ipomoea_nil__Fv.Fm,Flower,Ipomoea_nil__Flower
Ipomoea_nil,Ipomoea_nil,IPNI,A,1,young,2018-04-19,11:04:19 AM,,,y,318,Fv.Fm,0.666213645,Ipomoea_nil__Fv.Fm,Young,Ipomoea_nil__Young
Ipomoea_nil,Ipomoea_nil,IPNI,B,1,seed,2018-06-26,5:15:03 PM,,,s,329,Fv.Fm,0.774251344,Ipomoea_nil__Fv.Fm,Seed,Ipomoea_nil__Seed
Ipomoea_nil,Ipomoea_nil,IPNI,B,3,flower,2018-07-06,1:42:12 PM,,,f,339,Fv.Fm,0.68860662,Ipomoea_nil__Fv.Fm,Flower,Ipomoea_nil__Flower
Ipomoea_nil,Ipomoea_nil,IPNI,B,1,old,2018-04-19,12:01:28 PM,,,o,342,Fv.Fm,0.706873315,Ipomoea_nil__Fv.Fm,Old,Ipomoea_nil__Old
Ipomoea_nil,Ipomoea_nil,IPNI,B,2,seed,2018-06-26,5:15:03 PM,,,s,347,Fv.Fm,0.763061651,Ipomoea_nil__Fv.Fm,Seed,Ipomoea_nil__Seed
Ipomoea_nil,Ipomoea_nil,IPNI,E,4,flower,2018-06-23,5:22:41 PM,,,f,349,Fv.Fm,0.686184812,Ipomoea_nil__Fv.Fm,Flower,Ipomoea_nil__Flower
Ipomoea_nil,Ipomoea_nil,IPNI,E,3,flower,2018-06-22,1:28:35 PM,,,f,351,Fv.Fm,0.727543424,Ipomoea_nil__Fv.Fm,Flower,Ipomoea_nil__Flower
Ipomoea_nil,Ipomoea_nil,IPNI,B,1,flower,2018-06-12,5:26:04 PM,,,f,367,Fv.Fm,0.636329728,Ipomoea_nil__Fv.Fm,Flower,Ipomoea_nil__Flower
Ipomoea_nil,Ipomoea_nil,IPNI,B,4,seed,2018-07-06,1:58:18 PM,,,s,384,Fv.Fm,0.79108932,Ipomoea_nil__Fv.Fm,Seed,Ipomoea_nil__Seed
Ipomoea_nil,Ipomoea_nil,IPNI,B,3,seed,2018-07-06,1:58:18 PM,,,s,402,Fv.Fm,0.789218067,Ipomoea_nil__Fv.Fm,Seed,Ipomoea_nil__Seed
Ipomoea_nil,Ipomoea_nil,IPNI,A,1,seed,2018-06-26,4:57:58 PM,,,s,410,Fv.Fm,0.819787986,Ipomoea_nil__Fv.Fm,Seed,Ipomoea_nil__Seed
Ipomoea_nil,Ipomoea_nil,IPNI,B,2,seed,2018-07-06,1:58:18 PM,,,s,420,Fv.Fm,0.795283019,Ipomoea_nil__Fv.Fm,Seed,Ipomoea_nil__Seed
Ipomoea_nil,Ipomoea_nil,IPNI,E,1,seed,2018-05-25,3:55:26 PM,,,s,422,Fv.Fm,0.777977798,Ipomoea_nil__Fv.Fm,Seed,Ipomoea_nil__Seed
Ipomoea_nil,Ipomoea_nil,IPNI,C,1,young,2018-04-19,12:29:01,,,y,429,Fv.Fm,0.711061618,Ipomoea_nil__Fv.Fm,Young,Ipomoea_nil__Young
Ipomoea_nil,Ipomoea_nil,IPNI,E,5,flower,2018-07-06,1:49:54 PM,,,f,441,Fv.Fm,0.684363636,Ipomoea_nil__Fv.Fm,Flower,Ipomoea_nil__Flower
Ipomoea_nil,Ipomoea_nil,IPNI,E,1,young,2018-04-19,3:22:18 PM,,,y,449,Fv.Fm,0.687324734,Ipomoea_nil__Fv.Fm,Young,Ipomoea_nil__Young
Ipomoea_nil,Ipomoea_nil,IPNI,D,1,young,2018-04-19,1:07:38 PM,,,y,458,Fv.Fm,0.715755806,Ipomoea_nil__Fv.Fm,Young,Ipomoea_nil__Young
Ipomoea_nil,Ipomoea_nil,IPNI,A,2,old,2018-04-19,11:31:34 AM,,,o,461,Fv.Fm,0.685751343,Ipomoea_nil__Fv.Fm,Old,Ipomoea_nil__Old
Ipomoea_nil,Ipomoea_nil,IPNI,B,2,seed,2018-05-25,5:19:57 PM,,,s,463,Fv.Fm,0.741256477,Ipomoea_nil__Fv.Fm,Seed,Ipomoea_nil__Seed
Ipomoea_nil,Ipomoea_nil,IPNI,B,2,young,2018-04-19,11:42:08 AM,,,y,471,Fv.Fm,0.733142857,Ipomoea_nil__Fv.Fm,Young,Ipomoea_nil__Young
Ipomoea_nil,Ipomoea_nil,IPNI,A,1,seed,2018-06-26,5:05:47 PM,,,s,473,Fv.Fm,0.781683168,Ipomoea_nil__Fv.Fm,Seed,Ipomoea_nil__Seed
Ipomoea_nil,Ipomoea_nil,IPNI,A,1,young,2018-05-01,10:28:32 AM,,,y,474,Fv.Fm,0.705252676,Ipomoea_nil__Fv.Fm,Young,Ipomoea_nil__Young
Ipomoea_nil,Ipomoea_nil,IPNI,E,1,old,2018-04-19,3:45:54 PM,,,o,496,Fv.Fm,0.681243063,Ipomoea_nil__Fv.Fm,Old,Ipomoea_nil__Old
Ipomoea_nil,Ipomoea_nil,IPNI,B,1,seed,2018-05-25,5:19:57 PM,,,s,501,Fv.Fm,0.737433254,Ipomoea_nil__Fv.Fm,Seed,Ipomoea_nil__Seed
Ipomoea_nil,Ipomoea_nil,IPNI,E,1,leaf,2018-05-03,3:02:35 PM,,,l,505,Fv.Fm,0.751633181,Ipomoea_nil__Fv.Fm,Leaf,Ipomoea_nil__Leaf
Ipomoea_nil,Ipomoea_nil,IPNI,B,1,seed,2018-07-06,1:58:18 PM,,,s,509,Fv.Fm,0.796484972,Ipomoea_nil__Fv.Fm,Seed,Ipomoea_nil__Seed
Ipomoea_nil,Ipomoea_nil,IPNI,B,3,seed,2018-05-25,5:19:57 PM,,,s,532,Fv.Fm,0.747656681,Ipomoea_nil__Fv.Fm,Seed,Ipomoea_nil__Seed
Ipomoea_nil,Ipomoea_nil,IPNI,D,1,old,2018-04-19,13:34:54,,,o,537,Fv.Fm,0.723054703,Ipomoea_nil__Fv.Fm,Old,Ipomoea_nil__Old
Ipomoea_nil,Ipomoea_nil,IPNI,E,2,seed,2018-05-25,3:55:26 PM,,,s,545,Fv.Fm,0.798088411,Ipomoea_nil__Fv.Fm,Seed,Ipomoea_nil__Seed
Ipomoea_nil,Ipomoea_nil,IPNI,C,2,old,2018-04-19,12:58:05 PM,,,o,643,Fv.Fm,0.73231456,Ipomoea_nil__Fv.Fm,Old,Ipomoea_nil__Old
Ipomoea_nil,Ipomoea_nil,IPNI,B,2,leaf,2018-04-19,11:49:56 AM,,,l,687,Fv.Fm,0.740151106,Ipomoea_nil__Fv.Fm,Leaf,Ipomoea_nil__Leaf
Ipomoea_nil,Ipomoea_nil,IPNI,D,1,leaf,2018-05-03,2:55:09 PM,,,l,689,Fv.Fm,0.76373896,Ipomoea_nil__Fv.Fm,Leaf,Ipomoea_nil__Leaf
Ipomoea_nil,Ipomoea_nil,IPNI,B,1,leaf,2018-05-03,2:09:47 PM,,,l,760,Fv.Fm,0.759968102,Ipomoea_nil__Fv.Fm,Leaf,Ipomoea_nil__Leaf
Ipomoea_nil,Ipomoea_nil,IPNI,A,2,Leaf,2018-04-19,11:21:24 AM,,,l,764,Fv.Fm,0.720414899,Ipomoea_nil__Fv.Fm,Leaf,Ipomoea_nil__Leaf
Ipomoea_nil,Ipomoea_nil,IPNI,E,2,leaf,2018-04-19,3:32:35 PM,,,l,819,Fv.Fm,0.736395093,Ipomoea_nil__Fv.Fm,Leaf,Ipomoea_nil__Leaf
Ipomoea_nil,Ipomoea_nil,IPNI,C,3,leaf,2018-04-19,12:31:58 PM,,,l,855,Fv.Fm,0.748665355,Ipomoea_nil__Fv.Fm,Leaf,Ipomoea_nil__Leaf
Ipomoea_nil,Ipomoea_nil,IPNI,A,4,Leaf,2018-04-19,11:12:40 AM,,,l,866,Fv.Fm,0.735433553,Ipomoea_nil__Fv.Fm,Leaf,Ipomoea_nil__Leaf
Ipomoea_nil,Ipomoea_nil,IPNI,C,1,leaf,2018-05-03,2:02:26 PM,,,l,877,Fv.Fm,0.76643698,Ipomoea_nil__Fv.Fm,Leaf,Ipomoea_nil__Leaf
Ipomoea_nil,Ipomoea_nil,IPNI,A,1,leaf,2018-05-03,3:08:41 PM,,,l,890,Fv.Fm,0.706799939,Ipomoea_nil__Fv.Fm,Leaf,Ipomoea_nil__Leaf
Ipomoea_nil,Ipomoea_nil,IPNI,D,1,leaf,2018-04-19,1:15:31 PM,,,l,891,Fv.Fm,0.740383014,Ipomoea_nil__Fv.Fm,Leaf,Ipomoea_nil__Leaf
Cuscuta,C_epithymum,CUEP,A,4,flower,8/20/18,16:09:41,ok to 0,,f,1,φPSII,-0.080645161,Cuscuta__φPSII,Flower,Cuscuta__Flower
Cuscuta,C_epithymum,CUEP,A,4,flower,8/20/18,15:54:37,ok to 0,,f,3,φPSII,-0.051851852,Cuscuta__φPSII,Flower,Cuscuta__Flower
Cuscuta,C_epithymum,CUEP,A,3,flower,8/20/18,15:54:37,ok to 0,,f,5,φPSII,-0.024570025,Cuscuta__φPSII,Flower,Cuscuta__Flower
Cuscuta,C_epithymum,CUEP,D,1,old,2018-06-20,3:33:30 PM,,,o,92,φPSII,0,Cuscuta__φPSII,Old,Cuscuta__Old
Cuscuta,C_epithymum,CUEP,D,2,old,2018-06-20,3:33:30 PM,,,o,93,φPSII,0,Cuscuta__φPSII,Old,Cuscuta__Old
Cuscuta,C_epithymum,CUEP,D,4,old,2018-06-20,3:33:30 PM,,,o,94,φPSII,0,Cuscuta__φPSII,Old,Cuscuta__Old
Cuscuta,C_epithymum,CUEP,D,1,young,2018-06-20,2:48:08 PM,,,y,95,φPSII,0,Cuscuta__φPSII,Young,Cuscuta__Young
Cuscuta,C_epithymum,CUEP,D,3,young,2018-06-20,2:48:08 PM,,,y,96,φPSII,0,Cuscuta__φPSII,Young,Cuscuta__Young
Cuscuta,C_epithymum,CUEP,D,4,young,2018-06-20,2:48:08 PM,,,y,97,φPSII,0,Cuscuta__φPSII,Young,Cuscuta__Young
Cuscuta,C_epithymum,CUEP,D,5,young,2018-06-20,2:48:08 PM,,,y,98,φPSII,0,Cuscuta__φPSII,Young,Cuscuta__Young
Cuscuta,C_epithymum,CUEP,A,6,old,2018-05-25,4:27:35 PM,,,o,99,φPSII,0,Cuscuta__φPSII,Old,Cuscuta__Old
Cuscuta,C_epithymum,CUEP,D,5,flower,8/20/18,17:36:48,,,f,100,φPSII,0,Cuscuta__φPSII,Flower,Cuscuta__Flower
Cuscuta,C_epithymum,CUEP,A,2,flower,8/20/18,16:09:41,0 Fv/Fm,,f,101,φPSII,0,Cuscuta__φPSII,Flower,Cuscuta__Flower
Cuscuta,C_epithymum,CUEP,A,3,flower,8/20/18,16:09:41,,,f,102,φPSII,0,Cuscuta__φPSII,Flower,Cuscuta__Flower
Cuscuta,C_epithymum,CUEP,A,1,flower,8/20/18,16:09:41,,,f,143,φPSII,0.034013605,Cuscuta__φPSII,Flower,Cuscuta__Flower
Cuscuta,C_epithymum,CUEP,D,1,flower,8/20/18,17:36:48,,,f,145,φPSII,0.037735849,Cuscuta__φPSII,Flower,Cuscuta__Flower
Cuscuta,C_epithymum,CUEP,D,4,flower,8/20/18,17:36:48,,,f,173,φPSII,0.06122449,Cuscuta__φPSII,Flower,Cuscuta__Flower
Cuscuta,C_epithymum,CUEP,C,3,old,2018-05-29,2:05:22 PM,,,o,217,φPSII,0.08765653,Cuscuta__φPSII,Old,Cuscuta__Old
Cuscuta,C_epithymum,CUEP,D,3,flower,8/20/18,18:10:01,,,f,223,φPSII,0.089820359,Cuscuta__φPSII,Flower,Cuscuta__Flower
Cuscuta,C_epithymum,CUEP,A,2,flower,8/20/18,15:54:37,,,f,248,φPSII,0.10403397,Cuscuta__φPSII,Flower,Cuscuta__Flower
Cuscuta,C_epithymum,CUEP,D,1,flower,8/20/18,18:10:01,,,f,255,φPSII,0.106666667,Cuscuta__φPSII,Flower,Cuscuta__Flower
Cuscuta,C_epithymum,CUEP,D,6,seed,8/20/18,17:50:06,,,s,289,φPSII,0.118932039,Cuscuta__φPSII,Seed,Cuscuta__Seed
Cuscuta,C_epithymum,CUEP,D,2,flower,8/20/18,18:10:01,,,f,302,φPSII,0.127272727,Cuscuta__φPSII,Flower,Cuscuta__Flower
Cuscuta,C_epithymum,CUEP,A,3,haustorium,2018-05-25,4:36:01 PM,,,h,316,φPSII,0.133333333,Cuscuta__φPSII,Haustorium,Cuscuta__Haustorium
Cuscuta,C_epithymum,CUEP,D,5,seed,8/20/18,17:50:06,,,s,340,φPSII,0.141486811,Cuscuta__φPSII,Seed,Cuscuta__Seed
Cuscuta,C_epithymum,CUEP,A,2,haustorium,2018-05-25,4:36:01 PM,,,h,373,φPSII,0.152941176,Cuscuta__φPSII,Haustorium,Cuscuta__Haustorium
Cuscuta,C_epithymum,CUEP,D,6,flower,8/20/18,17:36:48,,,f,375,φPSII,0.152974504,Cuscuta__φPSII,Flower,Cuscuta__Flower
Cuscuta,C_epithymum,CUEP,A,5,old,2018-05-25,4:27:35 PM,,,o,381,φPSII,0.15625,Cuscuta__φPSII,Old,Cuscuta__Old
Cuscuta,C_epithymum,CUEP,A,5,haustorium,2018-05-25,4:36:01 PM,,,h,424,φPSII,0.17877095,Cuscuta__φPSII,Haustorium,Cuscuta__Haustorium
Cuscuta,C_epithymum,CUEP,C,3,haustorium,2018-05-29,2:14:27 PM,,,h,472,φPSII,0.197431782,Cuscuta__φPSII,Haustorium,Cuscuta__Haustorium
Cuscuta,C_epithymum,CUEP,D,2,seed,8/20/18,17:50:06,,,s,478,φPSII,0.199708455,Cuscuta__φPSII,Seed,Cuscuta__Seed
Cuscuta,C_epithymum,CUEP,D,4,flower,8/20/18,18:10:01,,,f,487,φPSII,0.204081633,Cuscuta__φPSII,Flower,Cuscuta__Flower
Cuscuta,C_epithymum,CUEP,C,1,haustorium,2018-05-29,2:14:27 PM,,,h,514,φPSII,0.216,Cuscuta__φPSII,Haustorium,Cuscuta__Haustorium
Cuscuta,C_epithymum,CUEP,D,4,seed,8/20/18,17:50:06,,,s,531,φPSII,0.222222222,Cuscuta__φPSII,Seed,Cuscuta__Seed
Cuscuta,C_epithymum,CUEP,D,3,flower,8/20/18,17:36:48,,,f,539,φPSII,0.225,Cuscuta__φPSII,Flower,Cuscuta__Flower
Cuscuta,C_epithymum,CUEP,C,4,haustorium,2018-05-29,2:14:27 PM,,,h,561,φPSII,0.232749743,Cuscuta__φPSII,Haustorium,Cuscuta__Haustorium
Cuscuta,C_epithymum,CUEP,D,3,old,2018-06-20,3:33:30 PM,,,o,564,φPSII,0.234375,Cuscuta__φPSII,Old,Cuscuta__Old
Cuscuta,C_epithymum,CUEP,A,2,young,2018-05-25,4:13:09 PM,,,y,588,φPSII,0.242718447,Cuscuta__φPSII,Young,Cuscuta__Young
Cuscuta,C_epithymum,CUEP,D,1,haustorium,2018-06-20,3:54:20 PM,,,h,598,φPSII,0.246464646,Cuscuta__φPSII,Haustorium,Cuscuta__Haustorium
Cuscuta,C_epithymum,CUEP,A,6,young,2018-05-25,4:13:09 PM,,,y,633,φPSII,0.262135922,Cuscuta__φPSII,Young,Cuscuta__Young
Cuscuta,C_epithymum,CUEP,D,1,seed,8/20/18,17:50:06,,,s,657,φPSII,0.271621622,Cuscuta__φPSII,Seed,Cuscuta__Seed
Cuscuta,C_epithymum,CUEP,2,1,seedling,2018-05-01,2:08:56 PM,,,sdlg,660,φPSII,0.273464658,Cuscuta__φPSII,Seedling,Cuscuta__Seedling
Cuscuta,C_epithymum,CUEP,C,3,young,2018-05-29,1:56:11 PM,,,y,692,φPSII,0.292993631,Cuscuta__φPSII,Young,Cuscuta__Young
Cuscuta,C_epithymum,CUEP,2,3,seedling,2018-05-01,2:08:56 PM,,,sdlg,708,φPSII,0.30472103,Cuscuta__φPSII,Seedling,Cuscuta__Seedling
Cuscuta,C_epithymum,CUEP,1,2,seedling,2018-01-05,1:52:00 PM,,,sdlg,721,φPSII,0.312333629,Cuscuta__φPSII,Seedling,Cuscuta__Seedling
Cuscuta,C_epithymum,CUEP,1,3,seedling,2018-01-05,1:52:00 PM,,,sdlg,731,φPSII,0.319387755,Cuscuta__φPSII,Seedling,Cuscuta__Seedling
Cuscuta,C_epithymum,CUEP,A,4,old,2018-05-25,4:27:35 PM,,,o,758,φPSII,0.335078534,Cuscuta__φPSII,Old,Cuscuta__Old
Cuscuta,C_epithymum,CUEP,A,3,young,2018-05-25,4:13:09 PM,,,y,772,φPSII,0.347826087,Cuscuta__φPSII,Young,Cuscuta__Young
Cuscuta,C_epithymum,CUEP,D,2,haustorium,2018-06-20,3:54:20 PM,,,h,783,φPSII,0.353790614,Cuscuta__φPSII,Haustorium,Cuscuta__Haustorium
Cuscuta,C_epithymum,CUEP,C,5,haustorium,2018-05-29,2:14:27 PM,,,h,798,φPSII,0.363513514,Cuscuta__φPSII,Haustorium,Cuscuta__Haustorium
Cuscuta,C_epithymum,CUEP,A,5,young,2018-05-25,4:13:09 PM,,,y,801,φPSII,0.364705882,Cuscuta__φPSII,Young,Cuscuta__Young
Cuscuta,C_epithymum,CUEP,C,2,haustorium,2018-05-29,2:14:27 PM,,,h,805,φPSII,0.366375121,Cuscuta__φPSII,Haustorium,Cuscuta__Haustorium
Cuscuta,C_epithymum,CUEP,A,1,old,2018-05-25,4:27:35 PM,,,o,810,φPSII,0.368159204,Cuscuta__φPSII,Old,Cuscuta__Old
Cuscuta,C_epithymum,CUEP,D,3,haustorium,2018-06-20,3:54:20 PM,,,h,823,φPSII,0.373549884,Cuscuta__φPSII,Haustorium,Cuscuta__Haustorium
Cuscuta,C_epithymum,CUEP,A,4,haustorium,2018-05-25,4:36:01 PM,,,h,828,φPSII,0.374881964,Cuscuta__φPSII,Haustorium,Cuscuta__Haustorium
Cuscuta,C_epithymum,CUEP,2,2,seedling,2018-05-01,2:08:56 PM,,,sdlg,859,φPSII,0.401284109,Cuscuta__φPSII,Seedling,Cuscuta__Seedling
Cuscuta,C_epithymum,CUEP,A,3,old,2018-05-25,4:27:35 PM,,,o,860,φPSII,0.401360544,Cuscuta__φPSII,Old,Cuscuta__Old
Cuscuta,C_epithymum,CUEP,A,1,young,2018-05-25,4:13:09 PM,,,y,864,φPSII,0.404958678,Cuscuta__φPSII,Young,Cuscuta__Young
Cuscuta,C_epithymum,CUEP,C,2,old,2018-05-29,2:05:22 PM,,,o,893,φPSII,0.423529412,Cuscuta__φPSII,Old,Cuscuta__Old
Cuscuta,C_epithymum,CUEP,A,1,haustorium,2018-05-25,4:36:01 PM,,,h,895,φPSII,0.426751592,Cuscuta__φPSII,Haustorium,Cuscuta__Haustorium
Cuscuta,C_epithymum,CUEP,C,6,old,2018-05-29,2:05:22 PM,,,o,897,φPSII,0.427566807,Cuscuta__φPSII,Old,Cuscuta__Old
Cuscuta,C_epithymum,CUEP,A,4,young,2018-05-25,4:13:09 PM,,,y,914,φPSII,0.442060086,Cuscuta__φPSII,Young,Cuscuta__Young
Cuscuta,C_epithymum,CUEP,A,2,old,2018-05-25,4:27:35 PM,,,o,915,φPSII,0.444759207,Cuscuta__φPSII,Old,Cuscuta__Old
Cuscuta,C_epithymum,CUEP,D,2,young,2018-06-20,2:48:08 PM,,,y,938,φPSII,0.467105263,Cuscuta__φPSII,Young,Cuscuta__Young
Cuscuta,C_epithymum,CUEP,C,1,young,2018-05-29,1:56:11 PM,,,y,943,φPSII,0.469387755,Cuscuta__φPSII,Young,Cuscuta__Young
Cuscuta,C_epithymum,CUEP,C,1,old,2018-05-29,2:05:22 PM,,,o,961,φPSII,0.5,Cuscuta__φPSII,Old,Cuscuta__Old
Cuscuta,C_epithymum,CUEP,C,5,old,2018-05-29,2:05:22 PM,,,o,964,φPSII,0.509615385,Cuscuta__φPSII,Old,Cuscuta__Old
Cuscuta,C_epithymum,CUEP,C,2,young,2018-05-29,1:56:11 PM,,,y,966,φPSII,0.510507881,Cuscuta__φPSII,Young,Cuscuta__Young
Cuscuta,C_epithymum,CUEP,C,4,old,2018-05-29,2:05:22 PM,,,o,980,φPSII,0.533642691,Cuscuta__φPSII,Old,Cuscuta__Old
Grammica,C_indecora,ss16-17,A,7,seed,2018-01-15,10:19:56 AM,other aoi had signal,,s,4,φPSII,-0.037099494,Grammica__φPSII,Seed,Grammica__Seed
Grammica,C_californica,ss17-105,B,2,old,2018-05-29,3:42:33 PM,,,o,6,φPSII,0,Grammica__φPSII,Old,Grammica__Old
Grammica,C_cephalanthii,1567,B,4,old,2017-12-13,12:12:56 PM,,,o,7,φPSII,0,Grammica__φPSII,Old,Grammica__Old
Grammica,C_cephalanthii,1567,A,6,flower,2017-12-21,10:53:16 AM,,,f,8,φPSII,0,Grammica__φPSII,Flower,Grammica__Flower
Grammica,C_cephalanthii,1567,A,8,flower,2017-12-21,10:53:16 AM,,,f,9,φPSII,0,Grammica__φPSII,Flower,Grammica__Flower
Grammica,C_cephalanthii,1567,A,6,old,2017-12-21,10:20:01 AM,,,o,10,φPSII,0,Grammica__φPSII,Old,Grammica__Old
Grammica,C_cephalanthii,1567,D,4,old,2018-03-08,12:10:52 PM,,,o,11,φPSII,0,Grammica__φPSII,Old,Grammica__Old
Grammica,C_cephalanthii,1567,E,2,old,2018-03-08,1:10:13 PM,truly 0 signal,,o,12,φPSII,0,Grammica__φPSII,Old,Grammica__Old
Grammica,C_cephalanthii,1567,E,3,old,2018-03-08,1:10:13 PM,truly 0 signal,,o,13,φPSII,0,Grammica__φPSII,Old,Grammica__Old
Grammica,C_cephalanthii,1567,E,5,old,2018-03-08,1:10:13 PM,,,o,14,φPSII,0,Grammica__φPSII,Old,Grammica__Old
Grammica,C_cephalanthii,1567,E,6,old,2018-03-08,1:10:13 PM,truly 0 signal,,o,15,φPSII,0,Grammica__φPSII,Old,Grammica__Old
Grammica,C_indecora,ss16-17,A,1,young,2017-12-13,1:12:06 PM,,,y,16,φPSII,0,Grammica__φPSII,Young,Grammica__Young
Grammica,C_indecora,ss16-17,A,2,young,2017-12-13,1:12:06 PM,truly 0 signal,,y,17,φPSII,0,Grammica__φPSII,Young,Grammica__Young
Grammica,C_indecora,ss16-17,A,3,young,2017-12-13,1:12:06 PM,truly 0 signal,,y,18,φPSII,0,Grammica__φPSII,Young,Grammica__Young
Grammica,C_indecora,ss16-17,A,3,flower,2018-01-15,10:19:56 AM,flowers themselves have 0 signal; their stems have a little,,f,19,φPSII,0,Grammica__φPSII,Flower,Grammica__Flower
Grammica,C_indecora,ss16-17,A,4,flower,2018-01-15,10:19:56 AM,flowers themselves have 0 signal; their stems have a little,,f,20,φPSII,0,Grammica__φPSII,Flower,Grammica__Flower
Grammica,C_indecora,ss16-17,A,5,flower,2018-01-15,10:19:56 AM,flowers themselves have 0 signal; their stems have a little,,f,21,φPSII,0,Grammica__φPSII,Flower,Grammica__Flower
Grammica,C_indecora,ss16-17,C,2,old,2018-01-25,11:51:38 AM,truly 0 signal,,o,22,φPSII,0,Grammica__φPSII,Old,Grammica__Old
Grammica,C_indecora,ss16-17,C,3,old,2018-01-25,11:51:38 AM,truly 0 signal,,o,23,φPSII,0,Grammica__φPSII,Old,Grammica__Old
Grammica,C_indecora,ss16-17,C,4,old,2018-01-25,11:51:38 AM,truly 0 signal,,o,24,φPSII,0,Grammica__φPSII,Old,Grammica__Old
Grammica,C_indecora,ss16-17,C,4,flower,2018-03-23,4:45:38 PM,0 YPSII,,f,25,φPSII,0,Grammica__φPSII,Flower,Grammica__Flower
Grammica,C_indecora,ss16-17,C,5,flower,2018-03-23,4:45:38 PM,,,f,26,φPSII,0,Grammica__φPSII,Flower,Grammica__Flower
Grammica,C_sandwichiana,155,A,9,flower,2018-01-15,11:13:48 AM,0 YPSII,,f,76,φPSII,0,Grammica__φPSII,Flower,Grammica__Flower
Grammica,C_sandwichiana,155,D,2,young,2018-01-25,1:05:39 PM,0 signal for this AOI; one AOI/sample did have a signal though,,y,77,φPSII,0,Grammica__φPSII,Young,Grammica__Young
Grammica,C_sandwichiana,155,D,3,young,2018-01-25,1:05:39 PM,0 signal for this AOI; one AOI/sample did have a signal though,,y,78,φPSII,0,Grammica__φPSII,Young,Grammica__Young
Grammica,C_polygonorum,1705,A,4,old,2018-01-25,9:58:34 AM,truly 0 signal,,o,79,φPSII,0,Grammica__φPSII,Old,Grammica__Old
Grammica,C_compacta,1566,E,1,young,2017-11-15,9:59:32 AM,0 PSII; others have some level of PSII though… just not this one,,y,82,φPSII,0,Grammica__φPSII,Young,Grammica__Young
Grammica,C_compacta,1566,B,1,haustorium,2017-12-21,11:32:37 AM,truly 0 signal,,h,83,φPSII,0,Grammica__φPSII,Haustorium,Grammica__Haustorium
Grammica,C_compacta,1566,B,2,haustorium,2017-12-21,11:32:37 AM,truly 0 signal,,h,84,φPSII,0,Grammica__φPSII,Haustorium,Grammica__Haustorium
Grammica,C_compacta,1566,B,4,old,2017-12-21,11:24:24 AM,truly 0 signal,,o,85,φPSII,0,Grammica__φPSII,Old,Grammica__Old
Grammica,C_compacta,1566,B,2,flower,2018-03-15,3:45:50 PM,truly 0 signal,,f,86,φPSII,0,Grammica__φPSII,Flower,Grammica__Flower
Grammica,C_compacta,1566,B,3,flower,2018-03-15,3:45:50 PM,truly 0 signal,,f,87,φPSII,0,Grammica__φPSII,Flower,Grammica__Flower
Grammica,C_compacta,1566,B,4,flower,2018-03-15,3:45:50 PM,truly 0 signal,,f,88,φPSII,0,Grammica__φPSII,Flower,Grammica__Flower
Grammica,C_compacta,1566,B,5,flower,2018-03-15,3:45:50 PM,truly 0 signal,,f,89,φPSII,0,Grammica__φPSII,Flower,Grammica__Flower
Grammica,C_denticulata,ss13-46,A,2,old,2018-05-29,3:19:24 PM,,,o,91,φPSII,0,Grammica__φPSII,Old,Grammica__Old
Grammica,C_tasmanica,17-15,A,3,young,2017-12-21,11:50:46 AM,truly 0 signal,,y,103,φPSII,0,Grammica__φPSII,Young,Grammica__Young
Grammica,C_tasmanica,17-15,A,2,old,2018-04-17,3:00:16 PM,truly 0 signal,,o,104,φPSII,0,Grammica__φPSII,Old,Grammica__Old
Grammica,C_tasmanica,17-15,A,3,old,2018-04-17,3:00:16 PM,,,o,105,φPSII,0,Grammica__φPSII,Old,Grammica__Old
Grammica,C_tasmanica,17-15,A,4,old,2018-04-17,3:00:16 PM,truly 0 signal,,o,106,φPSII,0,Grammica__φPSII,Old,Grammica__Old
Grammica,C_tasmanica,17-15,A,5,old,2018-04-17,3:00:16 PM,truly 0 signal,,o,107,φPSII,0,Grammica__φPSII,Old,Grammica__Old
Grammica,C_tasmanica,17-15,B,3,old,2017-12-21,12:02:39 PM,truly 0 signal,,o,108,φPSII,0,Grammica__φPSII,Old,Grammica__Old
Grammica,C_tasmanica,17-15,B,4,old,2017-12-21,12:02:39 PM,,,o,109,φPSII,0,Grammica__φPSII,Old,Grammica__Old
Grammica,C_tasmanica,17-15,B,4,flower,2018-05-25,12:21:17 PM,,,f,110,φPSII,0,Grammica__φPSII,Flower,Grammica__Flower
Grammica,C_tasmanica,17-15,D,5,flower,2018-05-29,10:52:34 AM,,,f,111,φPSII,0,Grammica__φPSII,Flower,Grammica__Flower
Grammica,C_tasmanica,17-15,D,2,old,2018-05-03,1:42:52 PM,,,o,112,φPSII,0,Grammica__φPSII,Old,Grammica__Old
Grammica,C_tasmanica,17-15,D,3,old,2018-05-03,1:42:52 PM,,,o,113,φPSII,0,Grammica__φPSII,Old,Grammica__Old
Grammica,C_tasmanica,17-15,D,4,old,2018-05-03,1:42:52 PM,,,o,114,φPSII,0,Grammica__φPSII,Old,Grammica__Old
Grammica,C_australis,1382,B,1,haustorium,2017-12-13,3:30:14 PM,,,h,115,φPSII,0,Grammica__φPSII,Haustorium,Grammica__Haustorium
Grammica,C_australis,1382,C,1,haustorium,2017-12-13,2:42:33 PM,,,h,116,φPSII,0,Grammica__φPSII,Haustorium,Grammica__Haustorium
Grammica,C_australis,1382,C,2,haustorium,2017-12-13,2:42:33 PM,truly 0 signal,,h,117,φPSII,0,Grammica__φPSII,Haustorium,Grammica__Haustorium
Grammica,C_australis,1382,C,3,haustorium,2017-12-13,2:42:33 PM,truly 0 signal,,h,118,φPSII,0,Grammica__φPSII,Haustorium,Grammica__Haustorium
Grammica,C_costaricensis,CUCO,C,3,young,2018-05-25,2:39:54 PM,,,y,119,φPSII,0,Grammica__φPSII,Young,Grammica__Young
Grammica,C_gracillima,CUGR,A,1,old,2018-06-20,1:42:37 PM,truly 0 signal,,o,120,φPSII,0,Grammica__φPSII,Old,Grammica__Old
Grammica,C_gracillima,CUGR,A,2,old,2018-06-20,1:42:37 PM,truly 0 signal,,o,121,φPSII,0,Grammica__φPSII,Old,Grammica__Old
Grammica,C_gracillima,CUGR,A,4,old,2018-06-20,1:42:37 PM,truly 0 signal,,o,122,φPSII,0,Grammica__φPSII,Old,Grammica__Old
Grammica,C_sandwichiana,155,C,3,seed,2018-01-15,9:59:00 AM,,,s,123,φPSII,0.005524862,Grammica__φPSII,Seed,Grammica__Seed
Grammica,C_sandwichiana,155,A,8,flower,2018-01-15,11:13:48 AM,,,f,124,φPSII,0.006142506,Grammica__φPSII,Flower,Grammica__Flower
Grammica,C_sandwichiana,155,A,3,seed,2018-01-15,11:13:48 AM,,,s,125,φPSII,0.00761035,Grammica__φPSII,Seed,Grammica__Seed
Grammica,C_cephalanthii,1567,B,12,flower,2017-12-21,10:08:02 AM,,,f,126,φPSII,0.008025682,Grammica__φPSII,Flower,Grammica__Flower
Grammica,C_sandwichiana,155,A,10,flower,2018-01-15,11:13:48 AM,,,f,127,φPSII,0.009310987,Grammica__φPSII,Flower,Grammica__Flower
Grammica,C_sandwichiana,155,C,8,flower,2018-01-15,9:59:00 AM,,,f,128,φPSII,0.011256191,Grammica__φPSII,Flower,Grammica__Flower
Grammica,C_sandwichiana,155,A,4,seed,2018-01-15,11:13:48 AM,,,s,129,φPSII,0.013650546,Grammica__φPSII,Seed,Grammica__Seed
Grammica,C_compacta,1566,D,6,flower,2018-03-08,11:00:04 AM,,,f,130,φPSII,0.017006803,Grammica__φPSII,Flower,Grammica__Flower
Grammica,C_compacta,1566,D,4,flower,2018-03-08,11:00:04 AM,,,f,131,φPSII,0.017301038,Grammica__φPSII,Flower,Grammica__Flower
Grammica,C_compacta,1566,D,3,flower,2018-03-08,11:00:04 AM,,,f,132,φPSII,0.017605634,Grammica__φPSII,Flower,Grammica__Flower
Grammica,C_indecora,ss16-17,B,7,flower,2018-01-25,12:25:31 PM,,,f,133,φPSII,0.019736842,Grammica__φPSII,Flower,Grammica__Flower
Grammica,C_gracillima,CUGR,B,2,old,2018-07-06,10:42:14 AM,,,o,134,φPSII,0.02173913,Grammica__φPSII,Old,Grammica__Old
Grammica,C_cephalanthii,1567,B,3,seed,2017-12-21,10:08:02 AM,,,s,135,φPSII,0.022340426,Grammica__φPSII,Seed,Grammica__Seed
Grammica,C_indecora,ss16-17,C,3,flower,2018-03-23,4:45:38 PM,,,f,136,φPSII,0.024875622,Grammica__φPSII,Flower,Grammica__Flower
Grammica,C_polygonorum,1705,C,2,haustorium,2017-12-13,11:51:43 AM,,,h,137,φPSII,0.027027027,Grammica__φPSII,Haustorium,Grammica__Haustorium
Grammica,C_polygonorum,1705,C,7,flower,2017-12-13,1:00:53 PM,,,f,138,φPSII,0.029591837,Grammica__φPSII,Flower,Grammica__Flower
Grammica,C_indecora,ss16-17,D,3,flower,2018-02-16,3:35:35 PM,,,f,139,φPSII,0.030396703,Grammica__φPSII,Flower,Grammica__Flower
Grammica,C_gracillima,CUGR,B,2,haustorium,2018-07-06,10:49:28 AM,,,h,141,φPSII,0.032879819,Grammica__φPSII,Haustorium,Grammica__Haustorium
Grammica,C_sandwichiana,155,C,9,flower,2018-01-15,9:59:00 AM,,,f,144,φPSII,0.037149356,Grammica__φPSII,Flower,Grammica__Flower
Grammica,C_cephalanthii,1567,B,7,old,2017-12-13,12:12:56 PM,,,o,146,φPSII,0.040650407,Grammica__φPSII,Old,Grammica__Old
Grammica,C_cephalanthii,1567,A,4,old,2017-12-21,10:20:01 AM,,,o,147,φPSII,0.040650407,Grammica__φPSII,Old,Grammica__Old
Grammica,C_polygonorum,1705,C,3,haustorium,2017-12-13,11:51:43 AM,,,h,148,φPSII,0.040816327,Grammica__φPSII,Haustorium,Grammica__Haustorium
Grammica,C_sandwichiana,155,C,2,seed,2018-01-15,9:59:00 AM,,,s,149,φPSII,0.041365462,Grammica__φPSII,Seed,Grammica__Seed
Grammica,C_polygonorum,1705,A,2,old,2018-01-25,9:58:34 AM,,,o,150,φPSII,0.042372881,Grammica__φPSII,Old,Grammica__Old
Grammica,C_gracillima,CUGR,B,1,haustorium,2018-07-06,10:49:28 AM,,,h,151,φPSII,0.044117647,Grammica__φPSII,Haustorium,Grammica__Haustorium
Grammica,C_sandwichiana,155,A,7,old,2018-01-15,11:31:08 AM,,,o,153,φPSII,0.044247788,Grammica__φPSII,Old,Grammica__Old
Grammica,C_polygonorum,1705,C,6,flower,2017-12-13,1:00:53 PM,,,f,154,φPSII,0.045595054,Grammica__φPSII,Flower,Grammica__Flower
Grammica,C_cephalanthii,1567,F,8,seed (old),2018-05-29,12:23:38 PM,,,s,156,φPSII,0.046511628,Grammica__φPSII,Seed,Grammica__Seed
Grammica,C_indecora,ss16-17,D,9,haustorium,2018-03-23,3:04:55 PM,,,h,157,φPSII,0.048543689,Grammica__φPSII,Haustorium,Grammica__Haustorium
Grammica,C_tasmanica,17-15,C,3,young,2018-05-29,1:12:22 PM,,,y,160,φPSII,0.05,Grammica__φPSII,Young,Grammica__Young
Grammica,C_polygonorum,1705,A,3,old,2018-01-25,9:58:34 AM,,,o,162,φPSII,0.052356021,Grammica__φPSII,Old,Grammica__Old
Grammica,C_californica,ss17-105,D,8,flower,2018-07-06,2:13:32 PM,,,f,163,φPSII,0.053308824,Grammica__φPSII,Flower,Grammica__Flower
Grammica,C_sandwichiana,155,A,6,old,2018-01-15,11:31:08 AM,,,o,164,φPSII,0.053763441,Grammica__φPSII,Old,Grammica__Old
Grammica,C_sandwichiana,155,D,4,old,2018-01-25,1:13:25 PM,,,o,165,φPSII,0.053763441,Grammica__φPSII,Old,Grammica__Old
Grammica,C_indecora,ss16-17,B,3,seed,2018-01-25,12:25:31 PM,,,s,166,φPSII,0.054054054,Grammica__φPSII,Seed,Grammica__Seed
Grammica,C_cephalanthii,1567,B,7,seed,2017-12-21,10:08:02 AM,,,s,167,φPSII,0.054187192,Grammica__φPSII,Seed,Grammica__Seed
Grammica,C_indecora,ss16-17,E,2,seed,2018-03-23,3:52:37 PM,,,s,168,φPSII,0.057142857,Grammica__φPSII,Seed,Grammica__Seed
Grammica,C_californica,ss17-105,E,9,flower,2018-07-06,2:26:42 PM,,,f,169,φPSII,0.058211074,Grammica__φPSII,Flower,Grammica__Flower
Grammica,C_compacta,1566,D,5,flower,2018-03-08,11:00:04 AM,,,f,170,φPSII,0.058823529,Grammica__φPSII,Flower,Grammica__Flower
Grammica,C_polygonorum,1705,A,2,seed,2018-01-25,10:20:42 AM,,,s,171,φPSII,0.059016393,Grammica__φPSII,Seed,Grammica__Seed
Grammica,C_tasmanica,17-15,A,3,flower,2018-04-17,3:16:54 PM,,,f,174,φPSII,0.063471503,Grammica__φPSII,Flower,Grammica__Flower
Grammica,C_gracillima,CUGR,A,1,haustorium,2018-07-06,1:31:44 PM,,,h,175,φPSII,0.064009662,Grammica__φPSII,Haustorium,Grammica__Haustorium
Grammica,C_cephalanthii,1567,G,3,seed (old),2018-05-29,12:53:01 PM,,,s,176,φPSII,0.065634025,Grammica__φPSII,Seed,Grammica__Seed
Grammica,C_tasmanica,17-15,A,1,old,2018-04-17,3:00:16 PM,,,o,177,φPSII,0.065789474,Grammica__φPSII,Old,Grammica__Old
Grammica,C_cephalanthii,1567,G,4,haustorium,2018-03-04,5:38:33 PM,,,h,178,φPSII,0.066513761,Grammica__φPSII,Haustorium,Grammica__Haustorium
Grammica,C_tasmanica,17-15,C,5,flower,2018-06-22,1:42:52 PM,,,f,179,φPSII,0.066597294,Grammica__φPSII,Flower,Grammica__Flower
Grammica,C_cephalanthii,1567,G,4,seed (old),2018-05-29,12:53:01 PM,,,s,181,φPSII,0.067835718,Grammica__φPSII,Seed,Grammica__Seed
Grammica,C_cephalanthii,1567,B,11,flower,2017-12-21,10:08:02 AM,,,f,182,φPSII,0.067980296,Grammica__φPSII,Flower,Grammica__Flower
Grammica,C_sandwichiana,155,A,5,old,2018-01-15,11:31:08 AM,,,o,183,φPSII,0.068027211,Grammica__φPSII,Old,Grammica__Old
Grammica,C_australis,1382,B,2,haustorium,2017-12-13,3:30:14 PM,,,h,184,φPSII,0.06838565,Grammica__φPSII,Haustorium,Grammica__Haustorium
Grammica,C_cephalanthii,1567,B,10,flower,2017-12-21,10:08:02 AM,,,f,185,φPSII,0.069620253000000007,Grammica__φPSII,Flower,Grammica__Flower
Grammica,C_denticulata,ss13-46,C,4,flower,2018-06-20,3:03:14 PM,,,f,188,φPSII,0.070499658,Grammica__φPSII,Flower,Grammica__Flower
Grammica,C_cephalanthii,1567,B,1,haustorium,2017-12-21,10:34:52 AM,,,h,189,φPSII,0.071048816,Grammica__φPSII,Haustorium,Grammica__Haustorium
Grammica,C_indecora,ss16-17,E,5,flower,2018-03-23,3:52:37 PM,,,f,190,φPSII,0.07177814,Grammica__φPSII,Flower,Grammica__Flower
Grammica,C_cephalanthii,1567,D,2,old,2018-03-08,12:10:52 PM,,,o,191,φPSII,0.072463768,Grammica__φPSII,Old,Grammica__Old
Grammica,C_cephalanthii,1567,A,5,flower,2017-12-21,10:53:16 AM,,,f,193,φPSII,0.073842303,Grammica__φPSII,Flower,Grammica__Flower
Grammica,C_cephalanthii,1567,A,4,seed,2017-12-21,10:53:16 AM,,,s,194,φPSII,0.074260995,Grammica__φPSII,Seed,Grammica__Seed
Grammica,C_denticulata,ss13-46,D,4,haustorium,2018-05-29,4:58:54 PM,,,h,195,φPSII,0.0747782,Grammica__φPSII,Haustorium,Grammica__Haustorium
Grammica,C_compacta,1566,D,2,flower,2018-03-08,11:00:04 AM,,,f,196,φPSII,0.07591623,Grammica__φPSII,Flower,Grammica__Flower
Grammica,C_tasmanica,17-15,D,1,flower,2018-05-29,10:52:34 AM,,,f,197,φPSII,0.076530612,Grammica__φPSII,Flower,Grammica__Flower
Grammica,C_polygonorum,1705,A,5,seed,2018-01-25,10:20:42 AM,,,s,198,φPSII,0.077375566,Grammica__φPSII,Seed,Grammica__Seed
Grammica,C_tasmanica,17-15,D,1,young,2018-05-03,1:32:11 PM,,,y,199,φPSII,0.078125,Grammica__φPSII,Young,Grammica__Young
Grammica,C_gracillima,CUGR,A,3,old,2018-06-20,1:42:37 PM,,,o,200,φPSII,0.078125,Grammica__φPSII,Old,Grammica__Old
Grammica,C_cephalanthii,1567,D,14,seed,2018-04-19,5:03:34 PM,,,s,201,φPSII,0.078145695,Grammica__φPSII,Seed,Grammica__Seed
Grammica,C_cephalanthii,1567,B,4,haustorium,2017-12-21,10:34:52 AM,,,h,202,φPSII,0.078541374,Grammica__φPSII,Haustorium,Grammica__Haustorium
Grammica,C_sandwichiana,155,D,3,old,2018-01-25,1:13:25 PM,,,o,203,φPSII,0.079545455,Grammica__φPSII,Old,Grammica__Old
Grammica,C_denticulata,ss13-46,C,5,flower,2018-06-20,3:03:14 PM,,,f,204,φPSII,0.080126516,Grammica__φPSII,Flower,Grammica__Flower
Grammica,C_tasmanica,17-15,C,1,flower,2018-06-22,1:42:52 PM,,,f,205,φPSII,0.080267559,Grammica__φPSII,Flower,Grammica__Flower
Grammica,C_denticulata,ss13-46,-,5,seedling,2018-04-17,1:38:52 PM,,,sdlg,206,φPSII,0.080851064,Grammica__φPSII,Seedling,Grammica__Seedling
Grammica,C_cephalanthii,1567,A,2,seedling ,8/24/18,13:52:40,,,sdlg,207,φPSII,0.081300813,Grammica__φPSII,Seedling,Grammica__Seedling
Grammica,C_polygonorum,1705,C,1,haustorium,2017-12-13,11:51:43 AM,,,h,208,φPSII,0.081632653,Grammica__φPSII,Haustorium,Grammica__Haustorium
Grammica,C_cephalanthii,1567,B,2,seed,2017-12-21,10:08:02 AM,,,s,210,φPSII,0.082856282,Grammica__φPSII,Seed,Grammica__Seed
Grammica,C_denticulata,ss13-46,D,3,haustorium,2018-05-29,4:58:54 PM,,,h,211,φPSII,0.083238312,Grammica__φPSII,Haustorium,Grammica__Haustorium
Grammica,C_polygonorum,1705,A,4,seed,2018-01-25,10:20:42 AM,,,s,212,φPSII,0.085201794,Grammica__φPSII,Seed,Grammica__Seed
Grammica,C_tasmanica,17-15,B,3,flower,2018-05-25,12:21:17 PM,,,f,214,φPSII,0.085820896,Grammica__φPSII,Flower,Grammica__Flower
Grammica,C_tasmanica,17-15,A,4,flower,2018-04-17,3:16:54 PM,,,f,215,φPSII,0.08625731,Grammica__φPSII,Flower,Grammica__Flower
Grammica,C_sandwichiana,155,C,13,flower,2018-01-15,9:59:00 AM,,,f,216,φPSII,0.086270872,Grammica__φPSII,Flower,Grammica__Flower
Grammica,C_polygonorum,1705,A,6,seed,2018-01-25,10:20:42 AM,,,s,218,φPSII,0.087660148,Grammica__φPSII,Seed,Grammica__Seed
Grammica,C_polygonorum,1705,A,4,haustorium,2018-01-25,10:10:26 AM,,,h,219,φPSII,0.088447653,Grammica__φPSII,Haustorium,Grammica__Haustorium
Grammica,C_californica,ss17-105,D,6,young,2018-05-25,12:42:05 PM,,,y,220,φPSII,0.088495575,Grammica__φPSII,Young,Grammica__Young
Grammica,C_denticulata,ss13-46,-,1,seedling,2018-04-17,1:38:52 PM,,,sdlg,221,φPSII,0.089005236,Grammica__φPSII,Seedling,Grammica__Seedling
Grammica,C_tasmanica,17-15,A,6,flower,2018-04-17,3:16:54 PM,,,f,222,φPSII,0.08961039,Grammica__φPSII,Flower,Grammica__Flower
Grammica,C_tasmanica,17-15,B,7,flower,2018-05-25,12:21:17 PM,,,f,224,φPSII,0.090721649,Grammica__φPSII,Flower,Grammica__Flower
Grammica,C_cephalanthii,1567,G,3,haustorium,2018-03-04,5:38:33 PM,,,h,225,φPSII,0.090768037,Grammica__φPSII,Haustorium,Grammica__Haustorium
Grammica,C_denticulata,ss13-46,C,10,flower,2018-06-20,3:03:14 PM,,,f,226,φPSII,0.091089109,Grammica__φPSII,Flower,Grammica__Flower
Grammica,C_cephalanthii,1567,B,3,haustorium,2017-12-21,10:34:52 AM,,,h,227,φPSII,0.091836735,Grammica__φPSII,Haustorium,Grammica__Haustorium
Grammica,C_tasmanica,17-15,B,3,old,2018-04-17,2:09:31 PM,,,o,228,φPSII,0.092592593,Grammica__φPSII,Old,Grammica__Old
Grammica,C_tasmanica,17-15,B,4,old,2018-03-15,4:32:42 PM,,,o,229,φPSII,0.092592593,Grammica__φPSII,Old,Grammica__Old
Grammica,C_cephalanthii,1567,B,2,haustorium,2017-12-21,10:34:52 AM,,,h,230,φPSII,0.093065693,Grammica__φPSII,Haustorium,Grammica__Haustorium
Grammica,C_denticulata,ss13-46,C,9,flower,2018-06-20,3:03:14 PM,,,f,231,φPSII,0.094669118,Grammica__φPSII,Flower,Grammica__Flower
Grammica,C_australis,1382,B,4,haustorium,2017-12-13,3:30:14 PM,,,h,232,φPSII,0.094779116,Grammica__φPSII,Haustorium,Grammica__Haustorium
Grammica,C_tasmanica,17-15,C,4,flower,2018-06-22,1:42:52 PM,,,f,233,φPSII,0.095108696,Grammica__φPSII,Flower,Grammica__Flower
Grammica,C_tasmanica,17-15,C,6,flower,2018-06-22,1:42:52 PM,,,f,234,φPSII,0.095238095,Grammica__φPSII,Flower,Grammica__Flower
Grammica,C_australis,1382,-,2,seedling,2017-11-02,12:02:09 PM,,,sdlg,235,φPSII,0.096153846,Grammica__φPSII,Seedling,Grammica__Seedling
Grammica,C_costaricensis,CUCO,B,7,young,2018-05-25,2:04:09 PM,,,y,236,φPSII,0.097087379,Grammica__φPSII,Young,Grammica__Young
Grammica,C_gracillima,CUGR,B,3,haustorium,2018-07-06,10:49:28 AM,,,h,237,φPSII,0.097914778,Grammica__φPSII,Haustorium,Grammica__Haustorium
Grammica,C_cephalanthii,1567,D,13,seed,2018-04-19,5:03:34 PM,,,s,238,φPSII,0.097930525,Grammica__φPSII,Seed,Grammica__Seed
Grammica,C_polygonorum,1705,D,5,haustorium,2018-07-06,12:10:49 PM,,,h,239,φPSII,0.098104794,Grammica__φPSII,Haustorium,Grammica__Haustorium
Grammica,C_tasmanica,17-15,B,2,flower,2018-05-25,12:21:17 PM,,,f,240,φPSII,0.098542679,Grammica__φPSII,Flower,Grammica__Flower
Grammica,C_sandwichiana,155,D,2,old,2018-01-25,1:13:25 PM,,,o,241,φPSII,0.09947644,Grammica__φPSII,Old,Grammica__Old
Grammica,C_compacta,1566,-,2,seedling,2017-11-02,3:45:51 PM,,,sdlg,243,φPSII,0.099773243,Grammica__φPSII,Seedling,Grammica__Seedling
Grammica,C_australis,1382,-,2,seedling,2017-11-02,2:55:01 PM,,,sdlg,244,φPSII,0.100340136,Grammica__φPSII,Seedling,Grammica__Seedling
Grammica,C_indecora,ss16-17,B,2,flower,2018-03-23,3:39:17 PM,,,f,245,φPSII,0.100812231,Grammica__φPSII,Flower,Grammica__Flower
Grammica,C_polygonorum,1705,C,5,old,2017-12-13,11:41:35 AM,,,o,246,φPSII,0.102094241,Grammica__φPSII,Old,Grammica__Old
Grammica,C_gracillima,CUGR,B,1,old,2018-07-06,10:42:14 AM,,,o,247,φPSII,0.103658537,Grammica__φPSII,Old,Grammica__Old
Grammica,C_denticulata,ss13-46,B,3,haustorium,2018-06-20,1:19:35 PM,,,h,249,φPSII,0.105225483,Grammica__φPSII,Haustorium,Grammica__Haustorium
Grammica,C_sandwichiana,155,S2,2,seedling,2017-11-09,6:04:24 PM,,,sdlg,250,φPSII,0.105515588,Grammica__φPSII,Seedling,Grammica__Seedling
Grammica,C_tasmanica,17-15,C,2,flower,2018-06-22,1:42:52 PM,,,f,251,φPSII,0.105515588,Grammica__φPSII,Flower,Grammica__Flower
Grammica,C_gracillima,CUGR,A,3,haustorium,2018-07-06,1:31:44 PM,,,h,252,φPSII,0.105919003,Grammica__φPSII,Haustorium,Grammica__Haustorium
Grammica,C_cephalanthii,1567,A,5,old,2017-12-21,10:20:01 AM,,,o,253,φPSII,0.106060606,Grammica__φPSII,Old,Grammica__Old
Grammica,C_cephalanthii,1567,A,3,seed,2017-12-21,10:53:16 AM,,,s,254,φPSII,0.106557377,Grammica__φPSII,Seed,Grammica__Seed
Grammica,C_australis,1382,B,4,old,2017-12-13,3:17:31 PM,,,o,256,φPSII,0.107526882,Grammica__φPSII,Old,Grammica__Old
Grammica,C_australis,1382,A,3,old,2018-01-25,11:20:59 AM,,,o,257,φPSII,0.107526882,Grammica__φPSII,Old,Grammica__Old
Grammica,C_cephalanthii,1567,B,13,flower,2017-12-21,10:08:02 AM,,,f,258,φPSII,0.107586207,Grammica__φPSII,Flower,Grammica__Flower
Grammica,C_cephalanthii,1567,G,1,haustorium,2018-03-04,5:38:33 PM,,,h,259,φPSII,0.108237548,Grammica__φPSII,Haustorium,Grammica__Haustorium
Grammica,C_polygonorum,1705,A,3,seed,2018-01-25,10:20:42 AM,,,s,260,φPSII,0.108307045,Grammica__φPSII,Seed,Grammica__Seed
Grammica,C_cephalanthii,1567,B,4,seed,2017-12-21,10:08:02 AM,,,s,262,φPSII,0.108387988,Grammica__φPSII,Seed,Grammica__Seed
Grammica,C_sandwichiana,155,-,1,seedling,8/24/18,12:18:16,,,sdlg,263,φPSII,0.108433735,Grammica__φPSII,Seedling,Grammica__Seedling
Grammica,C_cephalanthii,1567,B,9,flower,2017-12-21,10:08:02 AM,,,f,264,φPSII,0.108843537,Grammica__φPSII,Flower,Grammica__Flower
Grammica,C_denticulata,ss13-46,D,5,haustorium,2018-05-29,4:58:54 PM,,,h,265,φPSII,0.108879493,Grammica__φPSII,Haustorium,Grammica__Haustorium
Grammica,C_sandwichiana,155,D,2,haustorium,2018-01-25,1:21:03 PM,,,h,266,φPSII,0.108938547,Grammica__φPSII,Haustorium,Grammica__Haustorium
Grammica,C_cephalanthii,1567,D,11,seed,2018-04-19,5:03:34 PM,,,s,267,φPSII,0.1091718,Grammica__φPSII,Seed,Grammica__Seed
Grammica,C_cephalanthii,1567,A,9,seed,2017-12-21,10:53:16 AM,,,s,268,φPSII,0.109564165,Grammica__φPSII,Seed,Grammica__Seed
Grammica,C_cephalanthii,1567,G,2,haustorium,2018-03-04,5:38:33 PM,,,h,270,φPSII,0.110526316,Grammica__φPSII,Haustorium,Grammica__Haustorium
Grammica,C_polygonorum,1705,A,9,flower,2018-01-25,10:20:42 AM,,,f,271,φPSII,0.111111111,Grammica__φPSII,Flower,Grammica__Flower
Grammica,C_polygonorum,1705,A,11,flower,2018-01-25,10:20:42 AM,,,f,272,φPSII,0.111332008,Grammica__φPSII,Flower,Grammica__Flower
Grammica,C_cephalanthii,1567,D,10,flower,2018-04-03,4:33:24 PM,,,f,274,φPSII,0.112076853,Grammica__φPSII,Flower,Grammica__Flower
Grammica,C_denticulata,ss13-46,D,5,haustorium,2018-06-22,4:57:03 PM,,,h,275,φPSII,0.112653497,Grammica__φPSII,Haustorium,Grammica__Haustorium
Grammica,C_compacta,1566,E,1,haustorium,2017-11-15,10:46:02 AM,,,h,276,φPSII,0.113193944,Grammica__φPSII,Haustorium,Grammica__Haustorium
Grammica,C_cephalanthii,1567,G,7,seed (old),2018-05-29,12:53:01 PM,,,s,278,φPSII,0.11443796,Grammica__φPSII,Seed,Grammica__Seed
Grammica,C_tasmanica,17-15,B,1,young,2018-03-15,4:44:24 PM,,,y,279,φPSII,0.115384615,Grammica__φPSII,Young,Grammica__Young
Grammica,C_tasmanica,17-15,B,3,young,2018-03-15,4:44:24 PM,,,y,280,φPSII,0.115384615,Grammica__φPSII,Young,Grammica__Young
Grammica,C_compacta,1566,A,1,haustorium,2017-11-15,12:05:49 PM,,,h,281,φPSII,0.115523466,Grammica__φPSII,Haustorium,Grammica__Haustorium
Grammica,C_cephalanthii,1567,D,1,haustorium,2018-03-04,4:43:17 PM,,,h,282,φPSII,0.115976331,Grammica__φPSII,Haustorium,Grammica__Haustorium
Grammica,C_cephalanthii,1567,B,6,seed,2017-12-21,10:08:02 AM,,,s,283,φPSII,0.116924157,Grammica__φPSII,Seed,Grammica__Seed
Grammica,C_tasmanica,17-15,A,5,flower,2018-04-17,3:16:54 PM,,,f,287,φPSII,0.117559524,Grammica__φPSII,Flower,Grammica__Flower
Grammica,C_australis,1382,-,1,seedling,2017-11-02,12:02:09 PM,,,sdlg,288,φPSII,0.11814346,Grammica__φPSII,Seedling,Grammica__Seedling
Grammica,C_indecora,ss16-17,D,1,flower,2018-03-23,3:04:55 PM,,,f,290,φPSII,0.119293078,Grammica__φPSII,Flower,Grammica__Flower
Grammica,C_sandwichiana,155,A,2,young,2018-01-15,10:49:39 AM,,,y,291,φPSII,0.119760479,Grammica__φPSII,Young,Grammica__Young
Grammica,C_tasmanica,17-15,B,6,flower,2018-05-25,12:21:17 PM,,,f,292,φPSII,0.12039312,Grammica__φPSII,Flower,Grammica__Flower
Grammica,C_polygonorum,1705,A,8,flower,2018-01-25,10:20:42 AM,,,f,293,φPSII,0.121303561,Grammica__φPSII,Flower,Grammica__Flower
Grammica,C_cephalanthii,1567,D,10,seed,2018-04-19,5:03:34 PM,,,s,294,φPSII,0.121742671,Grammica__φPSII,Seed,Grammica__Seed
Grammica,C_gracillima,CUGR,A,2,haustorium,2018-07-06,1:31:44 PM,,,h,295,φPSII,0.122559653,Grammica__φPSII,Haustorium,Grammica__Haustorium
Grammica,C_indecora,ss16-17,D,3,flower,2018-03-23,3:04:55 PM,,,f,296,φPSII,0.123346137,Grammica__φPSII,Flower,Grammica__Flower
Grammica,C_tasmanica,17-15,C,3,flower,2018-06-22,1:42:52 PM,,,f,297,φPSII,0.123425693,Grammica__φPSII,Flower,Grammica__Flower
Grammica,C_compacta,1566,B,3,old,2017-12-21,11:24:24 AM,,,o,298,φPSII,0.12345679,Grammica__φPSII,Old,Grammica__Old
Grammica,C_sandwichiana,155,S1,2,seedling,2017-11-09,6:04:24 PM,,,sdlg,299,φPSII,0.12364946,Grammica__φPSII,Seedling,Grammica__Seedling
Grammica,C_cephalanthii,1567,B,5,seed,2017-12-21,10:08:02 AM,,,s,300,φPSII,0.124071647,Grammica__φPSII,Seed,Grammica__Seed
Grammica,C_sandwichiana,155,A,1,haustorium,2018-01-15,11:21:16 AM,,,h,301,φPSII,0.125128205,Grammica__φPSII,Haustorium,Grammica__Haustorium
Grammica,C_gracillima,CUGR,A,1,young,2018-05-29,4:36:34 PM,,,y,303,φPSII,0.127272727,Grammica__φPSII,Young,Grammica__Young
Grammica,C_cephalanthii,1567,D,1,seed,2018-03-04,4:33:24 PM,,,s,304,φPSII,0.127955155,Grammica__φPSII,Seed,Grammica__Seed
Grammica,C_cephalanthii,1567,A,2,old,2017-12-21,10:20:01 AM,,,o,305,φPSII,0.128888889,Grammica__φPSII,Old,Grammica__Old
Grammica,C_australis,1382,C,4,old,2017-12-13,2:31:06 PM,,,o,306,φPSII,0.128888889,Grammica__φPSII,Old,Grammica__Old
Grammica,C_denticulata,ss13-46,C,7,flower,2018-06-20,3:03:14 PM,,,f,307,φPSII,0.128947368,Grammica__φPSII,Flower,Grammica__Flower
Grammica,C_polygonorum,1705,A,1,haustorium,2018-01-25,10:10:26 AM,,,h,308,φPSII,0.129326047,Grammica__φPSII,Haustorium,Grammica__Haustorium
Grammica,C_denticulata,ss13-46,D,1,haustorium,2018-06-22,4:57:03 PM,,,h,309,φPSII,0.129644922,Grammica__φPSII,Haustorium,Grammica__Haustorium
Grammica,C_compacta,1566,A,5,old,2017-11-15,10:28:34 AM,,,o,310,φPSII,0.130177515,Grammica__φPSII,Old,Grammica__Old
Grammica,C_compacta,1566,E,1,haustorium,2017-11-15,10:56:43 AM,,,h,311,φPSII,0.132481752,Grammica__φPSII,Haustorium,Grammica__Haustorium
Grammica,C_polygonorum,1705,C,7,old,2017-12-13,11:41:35 AM,,,o,312,φPSII,0.132653061,Grammica__φPSII,Old,Grammica__Old
Grammica,C_sandwichiana,155,A,2,haustorium,2018-01-15,11:21:16 AM,,,h,313,φPSII,0.132669983,Grammica__φPSII,Haustorium,Grammica__Haustorium
Grammica,C_denticulata,ss13-46,C,8,flower,2018-06-20,3:03:14 PM,,,f,315,φPSII,0.133333333,Grammica__φPSII,Flower,Grammica__Flower
Grammica,C_tasmanica,17-15,B,8,flower,2018-05-25,12:21:17 PM,,,f,317,φPSII,0.133790738,Grammica__φPSII,Flower,Grammica__Flower
Grammica,C_cephalanthii,1567,F,3,seed (old),2018-05-29,12:23:38 PM,,,s,319,φPSII,0.134245854,Grammica__φPSII,Seed,Grammica__Seed
Grammica,C_tasmanica,17-15,B,4,old,2018-04-17,2:09:31 PM,,,o,320,φPSII,0.135135135,Grammica__φPSII,Old,Grammica__Old
Grammica,C_sandwichiana,155,A,2,haustorium,2018-01-25,12:33:35 PM,,,h,322,φPSII,0.13592233,Grammica__φPSII,Haustorium,Grammica__Haustorium
Grammica,C_cephalanthii,1567,D,6,seed,2018-04-19,5:03:34 PM,,,s,323,φPSII,0.136398764,Grammica__φPSII,Seed,Grammica__Seed
Grammica,C_cephalanthii,1567,D,3,haustorium,2018-03-04,4:43:17 PM,,,h,324,φPSII,0.136484941,Grammica__φPSII,Haustorium,Grammica__Haustorium
Grammica,C_cephalanthii,1567,D,3,haustorium,2018-03-04,4:43:17 PM,,,h,325,φPSII,0.136484941,Grammica__φPSII,Haustorium,Grammica__Haustorium
Grammica,C_cephalanthii,1567,D,5,old,2018-04-03,4:18:12 PM,,,o,326,φPSII,0.137323944,Grammica__φPSII,Old,Grammica__Old
Grammica,C_compacta,1566,D,4,seed,2018-03-23,3:29:35 PM,,,s,327,φPSII,0.137349398,Grammica__φPSII,Seed,Grammica__Seed
Grammica,C_cephalanthii,1567,D,11,flower,2018-04-03,4:33:24 PM,,,f,328,φPSII,0.13762215,Grammica__φPSII,Flower,Grammica__Flower
Grammica,C_cephalanthii,1567,E,4,old,2018-03-08,1:10:13 PM,,,o,330,φPSII,0.138686131,Grammica__φPSII,Old,Grammica__Old
Grammica,C_compacta,1566,D,1,seed,2018-03-23,4:01:05 PM,,,s,331,φPSII,0.138810198,Grammica__φPSII,Seed,Grammica__Seed
Grammica,C_polygonorum,1705,A,2,haustorium,2018-01-25,10:10:26 AM,,,h,332,φPSII,0.139966273,Grammica__φPSII,Haustorium,Grammica__Haustorium
Grammica,C_cephalanthii,1567,D,1,haustorium,2018-03-08,11:59:03 AM,,,h,333,φPSII,0.14025974,Grammica__φPSII,Haustorium,Grammica__Haustorium
Grammica,C_cephalanthii,1567,D,3,haustorium,2018-03-08,11:59:03 AM,,,h,334,φPSII,0.140456182,Grammica__φPSII,Haustorium,Grammica__Haustorium
Grammica,C_polygonorum,1705,C,1,seed,2017-12-13,1:00:53 PM,,,s,336,φPSII,0.140953717,Grammica__φPSII,Seed,Grammica__Seed
Grammica,C_indecora,ss16-17,D,2,flower,2018-03-23,3:04:55 PM,,,f,337,φPSII,0.141126392,Grammica__φPSII,Flower,Grammica__Flower
Grammica,C_cephalanthii,1567,D,3,flower,2018-04-19,5:03:34 PM,,,f,338,φPSII,0.141156463,Grammica__φPSII,Flower,Grammica__Flower
Grammica,C_denticulata,ss13-46,D,2,haustorium,2018-06-22,4:57:03 PM,,,h,341,φPSII,0.141583055,Grammica__φPSII,Haustorium,Grammica__Haustorium
Grammica,C_tasmanica,17-15,B,9,flower,2018-05-25,12:21:17 PM,,,f,343,φPSII,0.142554319,Grammica__φPSII,Flower,Grammica__Flower
Grammica,C_cephalanthii,1567,D,3,old,2018-04-03,4:18:12 PM,,,o,344,φPSII,0.142857143,Grammica__φPSII,Old,Grammica__Old
Grammica,C_cephalanthii,1567,D,3,seed,2018-03-04,4:33:24 PM,,,s,345,φPSII,0.143650593,Grammica__φPSII,Seed,Grammica__Seed
Grammica,C_tasmanica,17-15,B,1,flower,2018-05-25,12:21:17 PM,,,f,346,φPSII,0.144295302,Grammica__φPSII,Flower,Grammica__Flower
Grammica,C_cephalanthii,1567,D,3,old,2018-03-08,12:10:52 PM,,,o,348,φPSII,0.144927536,Grammica__φPSII,Old,Grammica__Old
Grammica,C_tasmanica,17-15,A,2,flower,2018-04-17,3:16:54 PM,,,f,350,φPSII,0.14527845,Grammica__φPSII,Flower,Grammica__Flower
Grammica,C_indecora,ss16-17,B,3,old,2018-01-25,12:10:09 PM,,,o,352,φPSII,0.145631068,Grammica__φPSII,Old,Grammica__Old
Grammica,C_tasmanica,17-15,B,2,young,2018-03-15,4:44:24 PM,,,y,353,φPSII,0.145631068,Grammica__φPSII,Young,Grammica__Young
Grammica,C_polygonorum,1705,A,1,seed,2018-01-25,9:58:34 AM,,,s,354,φPSII,0.145681582,Grammica__φPSII,Seed,Grammica__Seed
Grammica,C_sandwichiana,155,C,1,old,2017-12-13,3:46:17 PM,,,o,355,φPSII,0.145945946,Grammica__φPSII,Old,Grammica__Old
Grammica,C_cephalanthii,1567,G,2,seed (old),2018-05-29,12:53:01 PM,,,s,356,φPSII,0.14762931,Grammica__φPSII,Seed,Grammica__Seed
Grammica,C_australis,1382,A,1,haustorium,2018-01-25,11:30:18 AM,,,h,357,φPSII,0.148760331,Grammica__φPSII,Haustorium,Grammica__Haustorium
Grammica,C_cephalanthii,1567,B,3,haustorium,2017-12-13,12:25:12 PM,,,h,358,φPSII,0.149238579,Grammica__φPSII,Haustorium,Grammica__Haustorium
Grammica,C_sandwichiana,155,A,3,haustorium,2018-01-15,11:21:16 AM,,,h,359,φPSII,0.149791956,Grammica__φPSII,Haustorium,Grammica__Haustorium
Grammica,C_cephalanthii,1567,B,5,old,2017-12-13,12:12:56 PM,,,o,361,φPSII,0.15,Grammica__φPSII,Old,Grammica__Old
Grammica,C_indecora,ss16-17,A,3,haustorium,2017-12-13,1:34:11 PM,,,h,362,φPSII,0.150145773,Grammica__φPSII,Haustorium,Grammica__Haustorium
Grammica,C_polygonorum,1705,D,2,haustorium,2018-07-06,12:10:49 PM,,,h,363,φPSII,0.150208623,Grammica__φPSII,Haustorium,Grammica__Haustorium
Grammica,C_tasmanica,17-15,B,5,flower,2018-05-25,12:21:17 PM,,,f,364,φPSII,0.150666667,Grammica__φPSII,Flower,Grammica__Flower
Grammica,C_californica,ss17-105,D,3,haustorium,2018-05-25,1:08:20 PM,,,h,365,φPSII,0.150722022,Grammica__φPSII,Haustorium,Grammica__Haustorium
Grammica,C_sandwichiana,155,S2,1,seedling,2017-11-09,5:54:52 PM,,,sdlg,366,φPSII,0.150887574,Grammica__φPSII,Seedling,Grammica__Seedling
Grammica,C_australis,1382,A,3,haustorium,2018-01-25,11:30:18 AM,,,h,368,φPSII,0.151111111,Grammica__φPSII,Haustorium,Grammica__Haustorium
Grammica,C_polygonorum,1705,A,3,haustorium,2018-01-25,11:10:26 AM,,,h,369,φPSII,0.151234568,Grammica__φPSII,Haustorium,Grammica__Haustorium
Grammica,C_polygonorum,1705,S,1,seedling,2017-11-09,6:13:19 PM,,,sdlg,370,φPSII,0.151243781,Grammica__φPSII,Seedling,Grammica__Seedling
Grammica,C_californica,ss17-105,D,7,flower,2018-07-06,2:13:32 PM,,,f,371,φPSII,0.151248164,Grammica__φPSII,Flower,Grammica__Flower
Grammica,C_cephalanthii,1567,D,13,flower,2018-04-03,4:33:24 PM,,,f,372,φPSII,0.152512563,Grammica__φPSII,Flower,Grammica__Flower
Grammica,C_australis,1382,C,3,old,2017-12-13,2:31:06 PM,,,o,374,φPSII,0.152974504,Grammica__φPSII,Old,Grammica__Old
Grammica,C_cephalanthii,1567,B,8,seed,2017-12-21,10:08:02 AM,,,s,376,φPSII,0.153301887,Grammica__φPSII,Seed,Grammica__Seed
Grammica,C_compacta,1566,D,2,seed,2018-03-23,3:29:35 PM,,,s,377,φPSII,0.153782895,Grammica__φPSII,Seed,Grammica__Seed
Grammica,C_californica,ss17-105,D,3,flower,2018-07-06,2:13:32 PM,,,f,378,φPSII,0.155754652,Grammica__φPSII,Flower,Grammica__Flower
Grammica,C_sandwichiana,155,A,1,young,2018-01-15,10:49:39 AM,,,y,379,φPSII,0.155913978,Grammica__φPSII,Young,Grammica__Young
Grammica,C_denticulata,ss13-46,A,5,old,2018-05-29,3:19:24 PM,,,o,380,φPSII,0.15625,Grammica__φPSII,Old,Grammica__Old
Grammica,C_californica,ss17-105,E,8,flower,2018-07-06,2:26:42 PM,,,f,382,φPSII,0.159207921,Grammica__φPSII,Flower,Grammica__Flower
Grammica,C_polygonorum,1705,D,3,haustorium,2018-07-06,12:10:49 PM,,,h,383,φPSII,0.160603372,Grammica__φPSII,Haustorium,Grammica__Haustorium
Grammica,C_tasmanica,17-15,B,2,old,2018-04-17,2:09:31 PM,,,o,385,φPSII,0.161290323,Grammica__φPSII,Old,Grammica__Old
Grammica,C_gracillima,CUGR,A,4,young,2018-05-29,4:36:34 PM,,,y,386,φPSII,0.161290323,Grammica__φPSII,Young,Grammica__Young
Grammica,C_indecora,ss16-17,E,3,seed,2018-03-23,3:52:37 PM,,,s,387,φPSII,0.161695447,Grammica__φPSII,Seed,Grammica__Seed
Grammica,C_cephalanthii,1567,G,5,seed (old),2018-05-29,12:53:01 PM,,,s,388,φPSII,0.162079511,Grammica__φPSII,Seed,Grammica__Seed
Grammica,C_cephalanthii,1567,A,3,old,2017-12-21,10:20:01 AM,,,o,389,φPSII,0.1625,Grammica__φPSII,Old,Grammica__Old
Grammica,C_cephalanthii,1567,G,5,old,2018-04-03,5:27:45 PM,,,o,390,φPSII,0.162601626,Grammica__φPSII,Old,Grammica__Old
Grammica,C_sandwichiana,155,C,1,haustorium,2017-12-13,3:55:12 PM,,,h,391,φPSII,0.163371488,Grammica__φPSII,Haustorium,Grammica__Haustorium
Grammica,C_californica,ss17-105,D,4,flower,2018-07-06,2:13:32 PM,,,f,392,φPSII,0.163879599,Grammica__φPSII,Flower,Grammica__Flower
Grammica,C_australis,1382,A,4,old,2018-01-25,11:20:59 AM,,,o,393,φPSII,0.164473684,Grammica__φPSII,Old,Grammica__Old
Grammica,C_polygonorum,1705,A,10,flower,2018-01-25,10:20:42 AM,,,f,394,φPSII,0.164944508,Grammica__φPSII,Flower,Grammica__Flower
Grammica,C_sandwichiana,155,D,1,haustorium,2018-01-25,1:21:03 PM,,,h,395,φPSII,0.165599268,Grammica__φPSII,Haustorium,Grammica__Haustorium
Grammica,C_cephalanthii,1567,B,2,haustorium,2017-12-13,12:25:12 PM,,,h,397,φPSII,0.167320261,Grammica__φPSII,Haustorium,Grammica__Haustorium
Grammica,C_gracillima,CUGR,A,5,haustorium,2018-07-06,1:31:44 PM,,,h,399,φPSII,0.167535369,Grammica__φPSII,Haustorium,Grammica__Haustorium
Grammica,C_indecora,ss16-17,B,1,flower,2018-03-23,3:39:17 PM,,,f,400,φPSII,0.167850226,Grammica__φPSII,Flower,Grammica__Flower
Grammica,C_tasmanica,17-15,D,1,haustorium,2018-05-03,1:52:11 PM,,,h,401,φPSII,0.168159204,Grammica__φPSII,Haustorium,Grammica__Haustorium
Grammica,C_sandwichiana,155,-,2,seedling,8/24/18,12:33:37,,,sdlg,403,φPSII,0.168674699,Grammica__φPSII,Seedling,Grammica__Seedling
Grammica,C_compacta,1566,B,2,old,2017-12-21,11:24:24 AM,,,o,404,φPSII,0.169154229,Grammica__φPSII,Old,Grammica__Old
Grammica,C_sandwichiana,155,C,3,old,2017-12-13,3:46:17 PM,,,o,405,φPSII,0.16937355,Grammica__φPSII,Old,Grammica__Old
Grammica,C_denticulata,ss13-46,D,4,old,2018-06-22,4:47:32 PM,,,o,406,φPSII,0.169387755,Grammica__φPSII,Old,Grammica__Old
Grammica,C_sandwichiana,155,-,2,seedling,8/24/18,12:18:16,,,sdlg,407,φPSII,0.169491525,Grammica__φPSII,Seedling,Grammica__Seedling
Grammica,C_australis,1382,C,2,old,2017-12-13,2:31:06 PM,,,o,408,φPSII,0.16952381,Grammica__φPSII,Old,Grammica__Old
Grammica,C_australis,1382,B,3,haustorium,2017-12-13,3:30:14 PM,,,h,409,φPSII,0.17146433,Grammica__φPSII,Haustorium,Grammica__Haustorium
Grammica,C_tasmanica,17-15,A,1,flower,2018-04-17,3:16:54 PM,,,f,411,φPSII,0.172815534,Grammica__φPSII,Flower,Grammica__Flower
Grammica,C_cephalanthii,1567,D,2,flower,2018-04-19,5:03:34 PM,,,f,412,φPSII,0.173076923,Grammica__φPSII,Flower,Grammica__Flower
Grammica,C_costaricensis,CUCO,B,4,old,2018-05-25,2:16:35 PM,,,o,413,φPSII,0.173469388,Grammica__φPSII,Old,Grammica__Old
Grammica,C_indecora,ss16-17,A,1,haustorium,2017-12-13,1:34:11 PM,,,h,414,φPSII,0.174157303,Grammica__φPSII,Haustorium,Grammica__Haustorium
Grammica,C_cephalanthii,1567,F,5,old,2018-03-23,4:26:33 PM,,,o,415,φPSII,0.174174174,Grammica__φPSII,Old,Grammica__Old
Grammica,C_polygonorum,1705,B,3,old,2017-12-13,2:09:18 PM,,,o,417,φPSII,0.174556213,Grammica__φPSII,Old,Grammica__Old
Grammica,C_sandwichiana,155,A,3,young,2018-01-15,10:49:39 AM,,,y,418,φPSII,0.175182482,Grammica__φPSII,Young,Grammica__Young
Grammica,C_polygonorum,1705,B,2,old,2017-12-13,2:09:18 PM,,,o,421,φPSII,0.176829268,Grammica__φPSII,Old,Grammica__Old
Grammica,C_gracillima,CUGR,C,2,old,2018-07-06,1:05:03 PM,,,o,423,φPSII,0.177631579,Grammica__φPSII,Old,Grammica__Old
Grammica,C_gracillima,CUGR,A,4,haustorium,2018-07-06,1:31:44 PM,,,h,425,φPSII,0.179442509,Grammica__φPSII,Haustorium,Grammica__Haustorium
Grammica,C_tasmanica,17-15,D,2,flower,2018-05-29,10:52:34 AM,,,f,426,φPSII,0.179591837,Grammica__φPSII,Flower,Grammica__Flower
Grammica,C_cephalanthii,1567,D,2,haustorium,2018-03-08,11:59:03 AM,,,h,427,φPSII,0.179591837,Grammica__φPSII,Haustorium,Grammica__Haustorium
Grammica,C_australis,1382,A,2,haustorium,2018-01-25,11:30:18 AM,,,h,428,φPSII,0.179591837,Grammica__φPSII,Haustorium,Grammica__Haustorium
Grammica,C_compacta,1566,A,1,haustorium,2017-11-15,12:14:15 PM,,,h,430,φPSII,0.180683668,Grammica__φPSII,Haustorium,Grammica__Haustorium
Grammica,C_cephalanthii,1567,D,14,flower,2018-04-03,4:33:24 PM,,,f,431,φPSII,0.180877279,Grammica__φPSII,Flower,Grammica__Flower
Grammica,C_sandwichiana,155,A,1,haustorium,2018-01-25,12:33:35 PM,,,h,432,φPSII,0.181750742,Grammica__φPSII,Haustorium,Grammica__Haustorium
Grammica,C_cephalanthii,1567,B,8,old,2017-12-13,12:12:56 PM,,,o,433,φPSII,0.181818182,Grammica__φPSII,Old,Grammica__Old
Grammica,C_cephalanthii,1567,G,3,old,2018-04-03,5:27:45 PM,,,o,434,φPSII,0.181818182,Grammica__φPSII,Old,Grammica__Old
Grammica,C_denticulata,ss13-46,D,2,haustorium,2018-05-29,4:58:54 PM,,,h,436,φPSII,0.182242991,Grammica__φPSII,Haustorium,Grammica__Haustorium
Grammica,C_cephalanthii,1567,B,1,haustorium,2017-12-13,12:25:12 PM,,,h,437,φPSII,0.182368194,Grammica__φPSII,Haustorium,Grammica__Haustorium
Grammica,C_denticulata,ss13-46,D,3,haustorium,2018-06-22,4:57:03 PM,,,h,438,φPSII,0.183035714,Grammica__φPSII,Haustorium,Grammica__Haustorium
Grammica,C_cephalanthii,1567,D,2,haustorium,2018-03-04,4:43:17 PM,,,h,439,φPSII,0.183154671,Grammica__φPSII,Haustorium,Grammica__Haustorium
Grammica,C_cephalanthii,1567,D,2,haustorium,2018-03-04,4:43:17 PM,,,h,440,φPSII,0.183154671,Grammica__φPSII,Haustorium,Grammica__Haustorium
Grammica,C_polygonorum,1705,C,6,old,2017-12-13,11:41:35 AM,,,o,442,φPSII,0.183673469,Grammica__φPSII,Old,Grammica__Old
Grammica,C_costaricensis,CUCO,B,6,haustorium,2018-05-25,2:25:32 PM,,,h,443,φPSII,0.183673469,Grammica__φPSII,Haustorium,Grammica__Haustorium
Grammica,C_sandwichiana,155,D,3,haustorium,2018-01-25,1:21:03 PM,,,h,444,φPSII,0.184236453,Grammica__φPSII,Haustorium,Grammica__Haustorium
Grammica,C_cephalanthii,1567,F,7,seed (old),2018-05-29,12:23:38 PM,,,s,445,φPSII,0.184677671,Grammica__φPSII,Seed,Grammica__Seed
Grammica,C_gracillima,CUGR,C,4,young,2018-07-06,12:55:48 PM,,,y,446,φPSII,0.187234043,Grammica__φPSII,Young,Grammica__Young
Grammica,C_sandwichiana,155,C,2,old,2017-12-13,3:46:17 PM,,,o,448,φPSII,0.18895966,Grammica__φPSII,Old,Grammica__Old
Grammica,C_tasmanica,17-15,D,2,haustorium,2018-05-03,1:52:11 PM,,,h,450,φPSII,0.189135802,Grammica__φPSII,Haustorium,Grammica__Haustorium
Grammica,C_polygonorum,1705,A,7,flower,2018-01-25,10:20:42 AM,,,f,452,φPSII,0.190414508,Grammica__φPSII,Flower,Grammica__Flower
Grammica,C_californica,ss17-105,D,2,flower,2018-07-06,2:13:32 PM,,,f,453,φPSII,0.190755686,Grammica__φPSII,Flower,Grammica__Flower
Grammica,C_cephalanthii,1567,D,8,seed,2018-04-19,5:03:34 PM,,,s,454,φPSII,0.190830946,Grammica__φPSII,Seed,Grammica__Seed
Grammica,C_compacta,1566,D,3,seed,2018-03-23,3:29:35 PM,,,s,455,φPSII,0.19097651400000001,Grammica__φPSII,Seed,Grammica__Seed
Grammica,C_costaricensis,CUCO,C,2,haustorium,2018-05-25,3:09:23 PM,,,h,456,φPSII,0.191,Grammica__φPSII,Haustorium,Grammica__Haustorium
Grammica,C_tasmanica,17-15,B,1,haustorium,2018-04-17,2:21:56 PM,,,h,457,φPSII,0.191082803,Grammica__φPSII,Haustorium,Grammica__Haustorium
Grammica,C_polygonorum,1705,D,3,old,2018-07-06,11:37:37 AM,,,o,459,φPSII,0.191747573,Grammica__φPSII,Old,Grammica__Old
Grammica,C_sandwichiana,155,C,2,haustorium,2017-12-13,3:55:12 PM,,,h,460,φPSII,0.192056583,Grammica__φPSII,Haustorium,Grammica__Haustorium
Grammica,C_gracillima,CUGR,C,4,old,2018-07-06,1:05:03 PM,,,o,464,φPSII,0.194029851,Grammica__φPSII,Old,Grammica__Old
Grammica,C_tasmanica,17-15,C,3,old,2018-05-29,1:24:33 PM,,,o,465,φPSII,0.194174757,Grammica__φPSII,Old,Grammica__Old
Grammica,C_australis,1382,C,2,seed,2018-01-25,10:33:13 AM,,,s,466,φPSII,0.194532374,Grammica__φPSII,Seed,Grammica__Seed
Grammica,C_gracillima,CUGR,C,1,young,2018-07-06,12:55:48 PM,,,y,467,φPSII,0.195555556,Grammica__φPSII,Young,Grammica__Young
Grammica,C_cephalanthii,1567,D,7,flower,2018-04-03,4:33:24 PM,,,f,468,φPSII,0.195714743,Grammica__φPSII,Flower,Grammica__Flower
Grammica,C_cephalanthii,1567,G,1,young,2018-04-03,5:15:39 PM,,,y,469,φPSII,0.196290572,Grammica__φPSII,Young,Grammica__Young
Grammica,C_sandwichiana,155,B,3,old,2018-01-25,12:49:08 PM,,,o,470,φPSII,0.196473552,Grammica__φPSII,Old,Grammica__Old
Grammica,C_australis,1382,B,2,old,2017-12-13,3:17:31 PM,,,o,475,φPSII,0.198979592,Grammica__φPSII,Old,Grammica__Old
Grammica,C_costaricensis,CUCO,C,4,haustorium,2018-05-25,3:09:23 PM,,,h,476,φPSII,0.199172984,Grammica__φPSII,Haustorium,Grammica__Haustorium
Grammica,C_tasmanica,17-15,A,5,haustorium,2018-04-17,3:29:24 PM,,,h,477,φPSII,0.199222546,Grammica__φPSII,Haustorium,Grammica__Haustorium
Grammica,C_australis,1382,-,1,seedling,2017-11-02,3:16:57 PM,,,sdlg,479,φPSII,0.2,Grammica__φPSII,Seedling,Grammica__Seedling
Grammica,C_tasmanica,17-15,B,3,haustorium,2018-04-17,2:21:56 PM,,,h,480,φPSII,0.201219512,Grammica__φPSII,Haustorium,Grammica__Haustorium
Grammica,C_cephalanthii,1567,D,2,young,2018-03-08,4:06:19 PM,,,y,481,φPSII,0.202312139,Grammica__φPSII,Young,Grammica__Young
Grammica,C_tasmanica,17-15,B,3,haustorium,2018-03-15,4:54:21 PM,,,h,482,φPSII,0.202669903,Grammica__φPSII,Haustorium,Grammica__Haustorium
Grammica,C_californica,ss17-105,C,4,flower,2018-05-25,1:42:20 PM,,,f,483,φPSII,0.202758621,Grammica__φPSII,Flower,Grammica__Flower
Grammica,C_tasmanica,17-15,B,2,haustorium,2018-03-15,4:54:21 PM,,,h,484,φPSII,0.203907204,Grammica__φPSII,Haustorium,Grammica__Haustorium
Grammica,C_indecora,ss16-17,A,2,haustorium,2017-12-13,1:34:11 PM,,,h,485,φPSII,0.203931204,Grammica__φPSII,Haustorium,Grammica__Haustorium
Grammica,C_californica,ss17-105,B,4,old,2018-05-29,3:42:33 PM,,,o,486,φPSII,0.204081633,Grammica__φPSII,Old,Grammica__Old
Grammica,C_tasmanica,17-15,-,3,seedling,8/24/18,12:55:20,,,sdlg,488,φPSII,0.204081633,Grammica__φPSII,Seedling,Grammica__Seedling
Grammica,C_sandwichiana,155,B,2,haustorium,2018-01-25,12:57:24 PM,,,h,489,φPSII,0.204188482,Grammica__φPSII,Haustorium,Grammica__Haustorium
Grammica,C_tasmanica,17-15,B,3,young,2018-04-17,1:55:52 PM,,,y,490,φPSII,0.204301075,Grammica__φPSII,Young,Grammica__Young
Grammica,C_costaricensis,CUCO,B,5,old,2018-05-25,2:16:35 PM,,,o,491,φPSII,0.204301075,Grammica__φPSII,Old,Grammica__Old
Grammica,C_indecora,ss16-17,A,6,seed,2018-01-15,10:19:56 AM,,,s,493,φPSII,0.20521542,Grammica__φPSII,Seed,Grammica__Seed
Grammica,C_gracillima,CUGR,C,3,old,2018-07-06,1:05:03 PM,,,o,494,φPSII,0.205574913,Grammica__φPSII,Old,Grammica__Old
Grammica,C_tasmanica,17-15,A,1,haustorium,2018-04-17,3:29:24 PM,,,h,495,φPSII,0.206,Grammica__φPSII,Haustorium,Grammica__Haustorium
Grammica,C_cephalanthii,1567,G,2,old,2018-04-03,5:27:45 PM,,,o,497,φPSII,0.207692308,Grammica__φPSII,Old,Grammica__Old
Grammica,C_denticulata,ss13-46,D,6,haustorium,2018-06-22,4:57:03 PM,,,h,498,φPSII,0.207930368,Grammica__φPSII,Haustorium,Grammica__Haustorium
Grammica,C_polygonorum,1705,D,1,old,2018-07-06,11:37:37 AM,,,o,499,φPSII,0.20794702,Grammica__φPSII,Old,Grammica__Old
Grammica,C_cephalanthii,1567,D,4,old,2018-04-03,4:18:12 PM,,,o,500,φPSII,0.208809135,Grammica__φPSII,Old,Grammica__Old
Grammica,C_sandwichiana,155,B,1,haustorium,2018-01-25,12:57:24 PM,,,h,502,φPSII,0.20942928,Grammica__φPSII,Haustorium,Grammica__Haustorium
Grammica,C_indecora,ss16-17,B,2,seed,2018-01-25,12:25:31 PM,,,s,504,φPSII,0.210951856,Grammica__φPSII,Seed,Grammica__Seed
Grammica,C_australis,1382,B,3,old,2017-12-13,3:17:31 PM,,,o,506,φPSII,0.212374582,Grammica__φPSII,Old,Grammica__Old
Grammica,C_gracillima,CUGR,A,4,young,2018-07-06,1:21:34 PM,,,y,507,φPSII,0.213302752,Grammica__φPSII,Young,Grammica__Young
Grammica,C_cephalanthii,1567,D,2,young,2018-02-16,2:57:26 PM,,,y,508,φPSII,0.213429257,Grammica__φPSII,Young,Grammica__Young
Grammica,C_tasmanica,17-15,A,4,young,2018-04-17,2:43:56 PM,,,y,510,φPSII,0.215469613,Grammica__φPSII,Young,Grammica__Young
Grammica,C_gracillima,CUGR,A,2,young,2018-07-06,1:21:34 PM,,,y,511,φPSII,0.215469613,Grammica__φPSII,Young,Grammica__Young
Grammica,C_costaricensis,CUCO,C,4,old,2018-05-25,2:54:09 PM,,,o,512,φPSII,0.215909091,Grammica__φPSII,Old,Grammica__Old
Grammica,C_indecora,ss16-17,D,2,flower,2018-02-16,3:35:35 PM,,,f,513,φPSII,0.215996169,Grammica__φPSII,Flower,Grammica__Flower
Grammica,C_gracillima,CUGR,B,3,young,2018-07-06,10:33:15 AM,,,y,515,φPSII,0.216,Grammica__φPSII,Young,Grammica__Young
Grammica,C_tasmanica,17-15,B,2,old,2017-12-21,12:02:39 PM,,,o,516,φPSII,0.216049383,Grammica__φPSII,Old,Grammica__Old
Grammica,C_cephalanthii,1567,D,5,seed,2018-04-19,5:03:34 PM,,,s,517,φPSII,0.216694306,Grammica__φPSII,Seed,Grammica__Seed
Grammica,C_polygonorum,1705,A,1,young,2018-01-25,9:48:59 AM,,,y,518,φPSII,0.217687075,Grammica__φPSII,Young,Grammica__Young
Grammica,C_polygonorum,1705,X,3,seed,2017-11-02,11:20:52 AM,,,s,519,φPSII,0.218729955,Grammica__φPSII,Seed,Grammica__Seed
Grammica,C_costaricensis,CUCO,B,4,haustorium,2018-05-25,2:25:32 PM,,,h,520,φPSII,0.219141324,Grammica__φPSII,Haustorium,Grammica__Haustorium
Grammica,C_denticulata,ss13-46,A,5,young,2018-05-29,11:11:53 AM,,,y,521,φPSII,0.21969697,Grammica__φPSII,Young,Grammica__Young
Grammica,C_tasmanica,17-15,B,1,haustorium,2018-03-15,4:54:21 PM,,,h,522,φPSII,0.220238095,Grammica__φPSII,Haustorium,Grammica__Haustorium
Grammica,C_tasmanica,17-15,B,2,old,2018-03-15,4:32:42 PM,,,o,523,φPSII,0.220408163,Grammica__φPSII,Old,Grammica__Old
Grammica,C_sandwichiana,155,C,3,haustorium,2017-12-13,3:55:12 PM,,,h,524,φPSII,0.220912548,Grammica__φPSII,Haustorium,Grammica__Haustorium
Grammica,C_tasmanica,17-15,C,2,haustorium,2018-05-29,1:36:57 PM,,,h,525,φPSII,0.221354167,Grammica__φPSII,Haustorium,Grammica__Haustorium
Grammica,C_californica,ss17-105,E,1,old,2018-05-25,6:05:05 PM,,,o,526,φPSII,0.221719457,Grammica__φPSII,Old,Grammica__Old
Grammica,C_tasmanica,17-15,C,1,young,2018-05-29,1:12:22 PM,,,y,527,φPSII,0.221719457,Grammica__φPSII,Young,Grammica__Young
Grammica,C_tasmanica,17-15,B,2,haustorium,2018-04-17,2:21:56 PM,,,h,528,φPSII,0.221984602,Grammica__φPSII,Haustorium,Grammica__Haustorium
Grammica,C_polygonorum,1705,D,2,old,2018-07-06,11:37:37 AM,,,o,529,φPSII,0.222222222,Grammica__φPSII,Old,Grammica__Old
Grammica,C_denticulata,ss13-46,D,2,old,2018-06-22,4:47:32 PM,,,o,530,φPSII,0.222222222,Grammica__φPSII,Old,Grammica__Old
Grammica,C_polygonorum,1705,B,4,old,2017-12-13,2:09:18 PM,,,o,533,φPSII,0.222748815,Grammica__φPSII,Old,Grammica__Old
Grammica,C_compacta,1566,A,2,old,2017-11-15,11:48:47 AM,,,o,534,φPSII,0.223021583,Grammica__φPSII,Old,Grammica__Old
Grammica,C_polygonorum,1705,D,1,haustorium,2018-07-06,12:10:49 PM,,,h,535,φPSII,0.223214286,Grammica__φPSII,Haustorium,Grammica__Haustorium
Grammica,C_sandwichiana,155,C,3,young,2017-12-13,3:38:43 PM,,,y,536,φPSII,0.223427332,Grammica__φPSII,Young,Grammica__Young
Grammica,C_denticulata,ss13-46,D,1,old,2018-06-22,4:47:32 PM,,,o,538,φPSII,0.224770642,Grammica__φPSII,Old,Grammica__Old
Grammica,C_californica,ss17-105,A,1,old,2018-05-03,3:45:01 PM,,,o,540,φPSII,0.225122349,Grammica__φPSII,Old,Grammica__Old
Grammica,C_cephalanthii,1567,D,1,flower,2018-04-19,5:03:34 PM,,,f,541,φPSII,0.225122349,Grammica__φPSII,Flower,Grammica__Flower
Grammica,C_californica,ss17-105,B,2,haustorium,2018-05-29,4:03:02 PM,,,h,542,φPSII,0.226190476,Grammica__φPSII,Haustorium,Grammica__Haustorium
Grammica,C_gracillima,CUGR,A,5,young,2018-07-06,1:21:34 PM,,,y,543,φPSII,0.226923077,Grammica__φPSII,Young,Grammica__Young
Grammica,C_cephalanthii,1567,D,8,flower,2018-04-03,4:33:24 PM,,,f,544,φPSII,0.226945492,Grammica__φPSII,Flower,Grammica__Flower
Grammica,C_tasmanica,17-15,D,3,haustorium,2018-05-03,1:52:11 PM,,,h,546,φPSII,0.227532097,Grammica__φPSII,Haustorium,Grammica__Haustorium
Grammica,C_cephalanthii,1567,F,5,seed (old),2018-05-29,12:23:38 PM,,,s,547,φPSII,0.227716908,Grammica__φPSII,Seed,Grammica__Seed
Grammica,C_cephalanthii,1567,D,12,seed,2018-04-19,5:03:34 PM,,,s,548,φPSII,0.227801268,Grammica__φPSII,Seed,Grammica__Seed
Grammica,C_denticulata,ss13-46,B,3,old,2018-06-20,1:09:13 PM,,,o,549,φPSII,0.228346457,Grammica__φPSII,Old,Grammica__Old
Grammica,C_tasmanica,17-15,A,2,haustorium,2017-12-21,12:12:19 PM,,,h,550,φPSII,0.228346457,Grammica__φPSII,Haustorium,Grammica__Haustorium
Grammica,C_australis,1382,B,4,young,2017-12-13,3:07:51 PM,,,y,551,φPSII,0.228381375,Grammica__φPSII,Young,Grammica__Young
Grammica,C_cephalanthii,1567,B,1,young,2017-12-13,12:04:21 PM,,,y,552,φPSII,0.228501229,Grammica__φPSII,Young,Grammica__Young
Grammica,C_denticulata,ss13-46,B,2,haustorium,2018-06-20,1:19:35 PM,,,h,554,φPSII,0.230769231,Grammica__φPSII,Haustorium,Grammica__Haustorium
Grammica,C_denticulata,ss13-46,A,1,young,2018-05-29,11:11:53 AM,,,y,555,φPSII,0.231292517,Grammica__φPSII,Young,Grammica__Young
Grammica,C_gracillima,CUGR,B,2,young,2018-07-06,10:33:15 AM,,,y,556,φPSII,0.231292517,Grammica__φPSII,Young,Grammica__Young
Grammica,C_costaricensis,CUCO,A,3,young,2018-05-03,1:03:52 PM,,,y,557,φPSII,0.231481481,Grammica__φPSII,Young,Grammica__Young
Grammica,C_costaricensis,CUCO,B,6,old,2018-05-25,2:16:35 PM,,,o,558,φPSII,0.231481481,Grammica__φPSII,Old,Grammica__Old
Grammica,C_denticulata,ss13-46,B,5,haustorium,2018-06-20,1:19:35 PM,,,h,559,φPSII,0.231622746,Grammica__φPSII,Haustorium,Grammica__Haustorium
Grammica,C_tasmanica,17-15,B,3,old,2018-03-15,4:32:42 PM,,,o,560,φPSII,0.23255814,Grammica__φPSII,Old,Grammica__Old
Grammica,C_gracillima,CUGR,C,1,old,2018-07-06,1:05:03 PM,,,o,562,φPSII,0.233552632,Grammica__φPSII,Old,Grammica__Old
Grammica,C_polygonorum,1705,D,4,haustorium,2018-07-06,12:10:49 PM,,,h,565,φPSII,0.234665428,Grammica__φPSII,Haustorium,Grammica__Haustorium
Grammica,C_denticulata,ss13-46,C,3,flower,2018-06-20,3:03:14 PM,,,f,566,φPSII,0.235709245,Grammica__φPSII,Flower,Grammica__Flower
Grammica,C_denticulata,ss13-46,A,4,haustorium,2018-05-29,11:30:47 AM,,,h,567,φPSII,0.235815603,Grammica__φPSII,Haustorium,Grammica__Haustorium
Grammica,C_cephalanthii,1567,D,7,seed,2018-04-19,5:03:34 PM,,,s,568,φPSII,0.236120401,Grammica__φPSII,Seed,Grammica__Seed
Grammica,C_tasmanica,17-15,C,5,young,2018-05-29,1:12:22 PM,,,y,569,φPSII,0.23655914,Grammica__φPSII,Young,Grammica__Young
Grammica,C_gracillima,CUGR,A,3,young,2018-07-06,1:21:34 PM,,,y,570,φPSII,0.23655914,Grammica__φPSII,Young,Grammica__Young
Grammica,C_sandwichiana,155,C,5,seed,2018-01-15,9:59:00 AM,,,s,571,φPSII,0.236726547,Grammica__φPSII,Seed,Grammica__Seed
Grammica,C_cephalanthii,1567,D,1,young,2018-03-08,4:06:19 PM,,,y,572,φPSII,0.236760125,Grammica__φPSII,Young,Grammica__Young
Grammica,C_cephalanthii,1567,F,3,old,2018-03-23,4:26:33 PM,,,o,573,φPSII,0.237037037,Grammica__φPSII,Old,Grammica__Old
Grammica,C_gracillima,CUGR,C,2,young,2018-07-06,12:55:48 PM,,,y,574,φPSII,0.237458194,Grammica__φPSII,Young,Grammica__Young
Grammica,C_gracillima,CUGR,C,3,young,2018-07-06,12:55:48 PM,,,y,575,φPSII,0.237804878,Grammica__φPSII,Young,Grammica__Young
Grammica,C_australis,1382,A,2,old,2018-01-25,11:20:59 AM,,,o,576,φPSII,0.237864078,Grammica__φPSII,Old,Grammica__Old
Grammica,C_cephalanthii,1567,F,1,seed (old),2018-05-29,12:23:38 PM,,,s,577,φPSII,0.238217968,Grammica__φPSII,Seed,Grammica__Seed
Grammica,C_compacta,1566,B,2,young,2017-12-21,11:12:51 AM,,,y,578,φPSII,0.23877551,Grammica__φPSII,Young,Grammica__Young
Grammica,C_cephalanthii,1567,G,4,old,2018-04-03,5:27:45 PM,,,o,579,φPSII,0.239482201,Grammica__φPSII,Old,Grammica__Old
Grammica,C_indecora,ss16-17,D,3,seed,2018-03-23,3:04:55 PM,,,s,580,φPSII,0.239583333,Grammica__φPSII,Seed,Grammica__Seed
Grammica,C_indecora,ss16-17,D,1,flower,2018-02-16,3:35:35 PM,,,f,581,φPSII,0.239654552,Grammica__φPSII,Flower,Grammica__Flower
Grammica,C_californica,ss17-105,-,3,seedling,2018-04-17,1:20:53 PM,,,sdlg,582,φPSII,0.240418118,Grammica__φPSII,Seedling,Grammica__Seedling
Grammica,C_cephalanthii,1567,D,2,seed,2018-03-04,4:33:24 PM,,,s,583,φPSII,0.241202673,Grammica__φPSII,Seed,Grammica__Seed
Grammica,C_cephalanthii,1567,A,7,flower,2017-12-21,10:53:16 AM,,,f,584,φPSII,0.241776316,Grammica__φPSII,Flower,Grammica__Flower
Grammica,C_cephalanthii,1567,B,3,young,2017-12-13,12:04:21 PM,,,y,585,φPSII,0.242152466,Grammica__φPSII,Young,Grammica__Young
Grammica,C_cephalanthii,1567,F,2,old,2018-03-23,4:26:33 PM,,,o,586,φPSII,0.24248927,Grammica__φPSII,Old,Grammica__Old
Grammica,C_cephalanthii,1567,D,9,flower,2018-04-03,4:33:24 PM,,,f,587,φPSII,0.242653233,Grammica__φPSII,Flower,Grammica__Flower
Grammica,C_sandwichiana,155,S1,1,seedling,2017-11-09,5:54:52 PM,,,sdlg,589,φPSII,0.242979243,Grammica__φPSII,Seedling,Grammica__Seedling
Grammica,C_cephalanthii,1567,D,4,seed,2018-04-19,5:03:34 PM,,,s,590,φPSII,0.243264049,Grammica__φPSII,Seed,Grammica__Seed
Grammica,C_tasmanica,17-15,A,4,haustorium,2018-04-17,3:29:24 PM,,,h,591,φPSII,0.243809524,Grammica__φPSII,Haustorium,Grammica__Haustorium
Grammica,C_cephalanthii,1567,F,2,seed (old),2018-05-29,12:23:38 PM,,,s,592,φPSII,0.244115872,Grammica__φPSII,Seed,Grammica__Seed
Grammica,C_sandwichiana,155,B,2,old,2018-01-25,12:49:08 PM,,,o,593,φPSII,0.244897959,Grammica__φPSII,Old,Grammica__Old
Grammica,C_compacta,1566,B,3,young,2017-12-21,11:12:51 AM,,,y,594,φPSII,0.245810056,Grammica__φPSII,Young,Grammica__Young
Grammica,C_californica,ss17-105,A,3,old,2018-05-03,3:45:01 PM,,,o,595,φPSII,0.245954693,Grammica__φPSII,Old,Grammica__Old
Grammica,C_polygonorum,1705,C,4,old,2017-12-13,11:41:35 AM,,,o,596,φPSII,0.246153846,Grammica__φPSII,Old,Grammica__Old
Grammica,C_sandwichiana,155,B,3,haustorium,2018-01-25,12:57:24 PM,,,h,597,φPSII,0.246300211,Grammica__φPSII,Haustorium,Grammica__Haustorium
Grammica,C_californica,ss17-105,A,2,old,2018-05-03,3:45:01 PM,,,o,599,φPSII,0.247206704,Grammica__φPSII,Old,Grammica__Old
Grammica,C_cephalanthii,1567,B,2,young,2017-12-13,12:04:21 PM,,,y,600,φPSII,0.247206704,Grammica__φPSII,Young,Grammica__Young
Grammica,C_polygonorum,1705,S,2,seedling,2017-11-09,6:13:19 PM,,,sdlg,601,φPSII,0.248466258,Grammica__φPSII,Seedling,Grammica__Seedling
Grammica,C_tasmanica,17-15,B,4,haustorium,2018-04-17,2:21:56 PM,,,h,602,φPSII,0.248895434,Grammica__φPSII,Haustorium,Grammica__Haustorium
Grammica,C_denticulata,ss13-46,A,3,young,2018-05-29,11:11:53 AM,,,y,603,φPSII,0.25,Grammica__φPSII,Young,Grammica__Young
Grammica,C_australis,1382,C,3,young,2017-12-13,2:21:20 PM,,,y,604,φPSII,0.250530786,Grammica__φPSII,Young,Grammica__Young
Grammica,C_australis,1382,B,2,young,2017-12-13,3:07:51 PM,,,y,605,φPSII,0.250708215,Grammica__φPSII,Young,Grammica__Young
Grammica,C_cephalanthii,1567,D,12,flower,2018-04-03,4:33:24 PM,,,f,606,φPSII,0.251703771,Grammica__φPSII,Flower,Grammica__Flower
Grammica,C_compacta,1566,A,1,young,2017-11-15,11:28:29 AM,,,y,607,φPSII,0.252144082,Grammica__φPSII,Young,Grammica__Young
Grammica,C_cephalanthii,1567,A,3,seedling,8/24/18,13:52:40,,,sdlg,608,φPSII,0.252173913,Grammica__φPSII,Seedling,Grammica__Seedling
Grammica,C_cephalanthii,1567,D,3,young,2018-02-16,2:57:26 PM,,,y,609,φPSII,0.253229974,Grammica__φPSII,Young,Grammica__Young
Grammica,C_polygonorum,1705,A,3,young,2018-01-25,9:48:59 AM,,,y,610,φPSII,0.253229974,Grammica__φPSII,Young,Grammica__Young
Grammica,C_californica,ss17-105,D,1,old,2018-05-25,12:53:49 PM,,,o,611,φPSII,0.253363229,Grammica__φPSII,Old,Grammica__Old
Grammica,C_cephalanthii,1567,G,1,seed (old),2018-05-29,12:53:01 PM,,,s,612,φPSII,0.253682488,Grammica__φPSII,Seed,Grammica__Seed
Grammica,C_tasmanica,17-15,C,1,haustorium,2018-05-29,1:36:57 PM,,,h,613,φPSII,0.254025045,Grammica__φPSII,Haustorium,Grammica__Haustorium
Grammica,C_tasmanica,17-15,-,2,seedling,8/24/18,12:55:20,,,sdlg,614,φPSII,0.254237288,Grammica__φPSII,Seedling,Grammica__Seedling
Grammica,C_cephalanthii,1567,F,6,seed (old),2018-05-29,12:23:38 PM,,,s,615,φPSII,0.254713029,Grammica__φPSII,Seed,Grammica__Seed
Grammica,C_cephalanthii,1567,G,6,old,2018-04-03,5:27:45 PM,,,o,616,φPSII,0.25566343,Grammica__φPSII,Old,Grammica__Old
Grammica,C_polygonorum,1705,D,4,old,2018-07-06,11:37:37 AM,,,o,617,φPSII,0.255924171,Grammica__φPSII,Old,Grammica__Old
Grammica,C_gracillima,CUGR,A,1,young,2018-07-06,1:21:34 PM,,,y,618,φPSII,0.255924171,Grammica__φPSII,Young,Grammica__Young
Grammica,C_polygonorum,1705,C,1,young,2017-12-13,11:29:05 AM,,,y,619,φPSII,0.255977496,Grammica__φPSII,Young,Grammica__Young
Grammica,C_denticulata,ss13-46,D,1,haustorium,2018-05-29,4:58:54 PM,,,h,620,φPSII,0.256215761,Grammica__φPSII,Haustorium,Grammica__Haustorium
Grammica,C_californica,ss17-105,C,3,young,2018-05-03,12:32:45 PM,,,y,621,φPSII,0.258064516,Grammica__φPSII,Young,Grammica__Young
Grammica,C_costaricensis,CUCO,B,1,old,2018-05-25,2:16:35 PM,,,o,622,φPSII,0.258064516,Grammica__φPSII,Old,Grammica__Old
Grammica,C_costaricensis,CUCO,B,1,young,2018-05-25,2:04:09 PM,,,y,623,φPSII,0.258064516,Grammica__φPSII,Young,Grammica__Young
Grammica,C_gracillima,CUGR,B,4,young,2018-07-06,10:33:15 AM,,,y,624,φPSII,0.258064516,Grammica__φPSII,Young,Grammica__Young
Grammica,C_cephalanthii,1567,D,3,young,2018-03-08,4:06:19 PM,,,y,625,φPSII,0.258212376,Grammica__φPSII,Young,Grammica__Young
Grammica,C_denticulata,ss13-46,D,3,old,2018-06-22,4:47:32 PM,,,o,626,φPSII,0.258252427,Grammica__φPSII,Old,Grammica__Old
Grammica,C_indecora,ss16-17,D,2,seed,2018-03-23,3:04:55 PM,,,s,627,φPSII,0.258474576,Grammica__φPSII,Seed,Grammica__Seed
Grammica,C_cephalanthii,1567,A,1,seedling,8/24/18,14:03:55,,,sdlg,629,φPSII,0.259259259,Grammica__φPSII,Seedling,Grammica__Seedling
Grammica,C_australis,1382,C,1,young,2017-12-13,2:21:20 PM,,,y,630,φPSII,0.259361997,Grammica__φPSII,Young,Grammica__Young
Grammica,C_sandwichiana,155,B,1,old,2018-01-25,12:49:08 PM,,,o,631,φPSII,0.259818731,Grammica__φPSII,Old,Grammica__Old
Grammica,C_polygonorum,1705,S,1,seedling,2017-11-09,6:22:52 PM,,,sdlg,632,φPSII,0.260719225,Grammica__φPSII,Seedling,Grammica__Seedling
Grammica,C_tasmanica,17-15,B,7,haustorium,2018-04-17,2:21:56 PM,,,h,634,φPSII,0.262385321,Grammica__φPSII,Haustorium,Grammica__Haustorium
Grammica,C_cephalanthii,1567,G,2,young,2018-04-03,5:15:39 PM,,,y,635,φPSII,0.262658228,Grammica__φPSII,Young,Grammica__Young
Grammica,C_tasmanica,17-15,B,8,young,2018-04-17,1:55:52 PM,,,y,636,φPSII,0.26344086,Grammica__φPSII,Young,Grammica__Young
Grammica,C_compacta,1566,E,1,young,2017-11-15,9:48:07 AM,,,y,637,φPSII,0.264473684,Grammica__φPSII,Young,Grammica__Young
Grammica,C_sandwichiana,155,B,2,young,2018-01-25,12:41:23 PM,,,y,638,φPSII,0.264573991,Grammica__φPSII,Young,Grammica__Young
Grammica,C_compacta,1566,E,1,young,2017-11-15,10:09:26 AM,,,y,639,φPSII,0.264864865,Grammica__φPSII,Young,Grammica__Young
Grammica,C_tasmanica,17-15,C,2,old,2018-05-29,1:24:33 PM,,,o,640,φPSII,0.265306122,Grammica__φPSII,Old,Grammica__Old
Grammica,C_californica,ss17-105,E,5,young,2018-05-25,5:35:48 PM,,,y,641,φPSII,0.265486726,Grammica__φPSII,Young,Grammica__Young
Grammica,C_indecora,ss16-17,-,1,seedling,2017-11-15,11:18:49 AM,,,sdlg,642,φPSII,0.266009852,Grammica__φPSII,Seedling,Grammica__Seedling
Grammica,C_compacta,1566,A,3,old,2017-11-15,11:57:44 AM,,,o,644,φPSII,0.266666667,Grammica__φPSII,Old,Grammica__Old
Grammica,C_gracillima,CUGR,A,6,young,2018-07-06,1:21:34 PM,,,y,645,φPSII,0.266968326,Grammica__φPSII,Young,Grammica__Young
Grammica,C_indecora,ss16-17,-,1,seedling,2017-11-15,11:10:01 AM,,,sdlg,646,φPSII,0.266996292,Grammica__φPSII,Seedling,Grammica__Seedling
Grammica,C_cephalanthii,1567,F,4,old,2018-03-23,4:26:33 PM,,,o,647,φPSII,0.267241379,Grammica__φPSII,Old,Grammica__Old
Grammica,C_californica,ss17-105,B,1,haustorium,2018-05-29,4:03:02 PM,,,h,649,φPSII,0.268640351,Grammica__φPSII,Haustorium,Grammica__Haustorium
Grammica,C_tasmanica,17-15,A,2,young,2017-12-21,11:50:46 AM,,,y,650,φPSII,0.27027027,Grammica__φPSII,Young,Grammica__Young
Grammica,C_compacta,1566,B,1,young,2017-12-21,11:12:51 AM,,,y,651,φPSII,0.270344828,Grammica__φPSII,Young,Grammica__Young
Grammica,C_cephalanthii,1567,E,3,young,2018-03-08,12:56:48 PM,,,y,652,φPSII,0.270557029,Grammica__φPSII,Young,Grammica__Young
Grammica,C_tasmanica,17-15,C,1,old,2018-05-29,1:24:33 PM,,,o,653,φPSII,0.270718232,Grammica__φPSII,Old,Grammica__Old
Grammica,C_sandwichiana,155,A,2,seed,2018-01-15,11:13:48 AM,,,s,655,φPSII,0.271333333,Grammica__φPSII,Seed,Grammica__Seed
Grammica,C_gracillima,CUGR,B,5,young,2018-07-06,10:33:15 AM,,,y,656,φPSII,0.271604938,Grammica__φPSII,Young,Grammica__Young
Grammica,C_australis,1382,C,3,seed,2018-01-25,10:33:13 AM,,,s,658,φPSII,0.272329247,Grammica__φPSII,Seed,Grammica__Seed
Grammica,C_indecora,ss16-17,E,6,flower,2018-03-23,3:52:37 PM,,,f,659,φPSII,0.272380952,Grammica__φPSII,Flower,Grammica__Flower
Grammica,C_cephalanthii,1567,D,2,old,2018-04-03,4:18:12 PM,,,o,661,φPSII,0.27613941,Grammica__φPSII,Old,Grammica__Old
Grammica,C_cephalanthii,1567,F,4,seed (old),2018-05-29,12:23:38 PM,,,s,662,φPSII,0.276457055,Grammica__φPSII,Seed,Grammica__Seed
Grammica,C_denticulata,ss13-46,A,4,old,2018-05-29,3:19:24 PM,,,o,663,φPSII,0.277777778,Grammica__φPSII,Old,Grammica__Old
Grammica,C_indecora,ss16-17,E,4,flower,2018-03-23,3:52:37 PM,,,f,664,φPSII,0.278368794,Grammica__φPSII,Flower,Grammica__Flower
Grammica,C_australis,1382,B,3,young,2017-12-13,3:07:51 PM,,,y,665,φPSII,0.278458844,Grammica__φPSII,Young,Grammica__Young
Grammica,C_compacta,1566,A,4,old,2017-11-15,10:19:29 AM,,,o,666,φPSII,0.27936146,Grammica__φPSII,Old,Grammica__Old
Grammica,C_denticulata,ss13-46,B,6,haustorium,2018-06-20,1:19:35 PM,,,h,667,φPSII,0.280701754,Grammica__φPSII,Haustorium,Grammica__Haustorium
Grammica,C_sandwichiana,155,C,2,young,2017-12-13,3:38:43 PM,,,y,668,φPSII,0.282377919,Grammica__φPSII,Young,Grammica__Young
Grammica,C_tasmanica,17-15,B,5,haustorium,2018-04-17,2:21:56 PM,,,h,669,φPSII,0.282426778,Grammica__φPSII,Haustorium,Grammica__Haustorium
Grammica,C_costaricensis,CUCO,B,3,haustorium,2018-05-25,2:25:32 PM,,,h,670,φPSII,0.282608696,Grammica__φPSII,Haustorium,Grammica__Haustorium
Grammica,C_costaricensis,CUCO,C,1,haustorium,2018-05-25,3:09:23 PM,,,h,672,φPSII,0.282967033,Grammica__φPSII,Haustorium,Grammica__Haustorium
Grammica,C_polygonorum,1705,B,2,young,2017-12-13,1:59:42 PM,,,y,673,φPSII,0.284109149,Grammica__φPSII,Young,Grammica__Young
Grammica,C_polygonorum,1705,C,2,young,2017-12-13,11:29:05 AM,,,y,674,φPSII,0.284109149,Grammica__φPSII,Young,Grammica__Young
Grammica,C_cephalanthii,1567,D,9,seed,2018-04-19,5:03:34 PM,,,s,675,φPSII,0.284180387,Grammica__φPSII,Seed,Grammica__Seed
Grammica,C_tasmanica,17-15,D,2,young,2018-05-03,1:32:11 PM,,,y,676,φPSII,0.284552846,Grammica__φPSII,Young,Grammica__Young
Grammica,C_costaricensis,CUCO,B,2,old,2018-05-25,2:16:35 PM,,,o,677,φPSII,0.284671533,Grammica__φPSII,Old,Grammica__Old
Grammica,C_tasmanica,17-15,C,3,haustorium,2018-05-29,1:36:57 PM,,,h,678,φPSII,0.284699806,Grammica__φPSII,Haustorium,Grammica__Haustorium
Grammica,C_cephalanthii,1567,G,3,young,2018-04-03,5:15:39 PM,,,y,679,φPSII,0.286092715,Grammica__φPSII,Young,Grammica__Young
Grammica,C_costaricensis,CUCO,B,2,haustorium,2018-05-25,2:25:32 PM,,,h,680,φPSII,0.286557377,Grammica__φPSII,Haustorium,Grammica__Haustorium
Grammica,C_tasmanica,17-15,B,6,haustorium,2018-04-17,2:21:56 PM,,,h,681,φPSII,0.286868687,Grammica__φPSII,Haustorium,Grammica__Haustorium
Grammica,C_californica,ss17-105,C,1,old,2018-05-03,12:43:03 PM,,,o,682,φPSII,0.287215412,Grammica__φPSII,Old,Grammica__Old
Grammica,C_californica,ss17-105,D,1,flower,2018-07-06,2:13:32 PM,,,f,683,φPSII,0.287562189,Grammica__φPSII,Flower,Grammica__Flower
Grammica,C_polygonorum,1705,S,2,seedling,2017-11-09,6:22:52 PM,,,sdlg,685,φPSII,0.288265306,Grammica__φPSII,Seedling,Grammica__Seedling
Grammica,C_sandwichiana,155,B,1,young,2018-01-25,12:41:23 PM,,,y,686,φPSII,0.289473684,Grammica__φPSII,Young,Grammica__Young
Grammica,C_australis,1382,C,2,young,2017-12-13,2:21:20 PM,,,y,688,φPSII,0.291118421,Grammica__φPSII,Young,Grammica__Young
Grammica,C_cephalanthii,1567,D,1,young,2018-02-16,2:57:26 PM,,,y,690,φPSII,0.292783505,Grammica__φPSII,Young,Grammica__Young
Grammica,C_sandwichiana,155,C,1,young,2017-12-13,3:38:43 PM,,,y,691,φPSII,0.292783505,Grammica__φPSII,Young,Grammica__Young
Grammica,C_costaricensis,CUCO,C,6,haustorium,2018-05-25,3:09:23 PM,,,h,693,φPSII,0.294275492,Grammica__φPSII,Haustorium,Grammica__Haustorium
Grammica,C_californica,ss17-105,E,2,haustorium,2018-05-25,6:16:41 PM,,,h,694,φPSII,0.295154185,Grammica__φPSII,Haustorium,Grammica__Haustorium
Grammica,C_cephalanthii,1567,G,6,seed (old),2018-05-29,12:53:01 PM,,,s,695,φPSII,0.295384615,Grammica__φPSII,Seed,Grammica__Seed
Grammica,C_tasmanica,17-15,D,4,young,2018-05-29,10:36:38 AM,,,y,696,φPSII,0.295918367,Grammica__φPSII,Young,Grammica__Young
Grammica,C_polygonorum,1705,X,2,seed,2017-11-02,11:20:52 AM,,,s,697,φPSII,0.296559905,Grammica__φPSII,Seed,Grammica__Seed
Grammica,C_indecora,ss16-17,A,3,old,2017-12-13,1:22:55 PM,,,o,698,φPSII,0.296610169,Grammica__φPSII,Old,Grammica__Old
Grammica,C_tasmanica,17-15,D,3,young,2018-05-29,10:36:38 AM,,,y,699,φPSII,0.296610169,Grammica__φPSII,Young,Grammica__Young
Grammica,C_cephalanthii,1567,A,1,young,2017-11-15,1:33:03 PM,,,y,700,φPSII,0.296650718,Grammica__φPSII,Young,Grammica__Young
Grammica,C_tasmanica,17-15,C,4,haustorium,2018-05-29,1:36:57 PM,,,h,701,φPSII,0.296904611,Grammica__φPSII,Haustorium,Grammica__Haustorium
Grammica,C_costaricensis,CUCO,C,3,haustorium,2018-05-25,3:09:23 PM,,,h,702,φPSII,0.29751462,Grammica__φPSII,Haustorium,Grammica__Haustorium
Grammica,C_costaricensis,CUCO,-,1,seedling,2018-03-15,4:05:03 PM,,,sdlg,703,φPSII,0.302020202,Grammica__φPSII,Seedling,Grammica__Seedling
Grammica,C_denticulata,ss13-46,C,5,haustorium,2018-05-29,12:02:27 PM,,,h,704,φPSII,0.303092784,Grammica__φPSII,Haustorium,Grammica__Haustorium
Grammica,C_tasmanica,17-15,B,4,young,2018-04-17,1:55:52 PM,,,y,705,φPSII,0.303317536,Grammica__φPSII,Young,Grammica__Young
Grammica,C_australis,1382,B,1,young,2017-12-13,3:07:51 PM,,,y,706,φPSII,0.304189435,Grammica__φPSII,Young,Grammica__Young
Grammica,C_polygonorum,1705,B,3,young,2017-12-13,1:59:42 PM,,,y,707,φPSII,0.30449827,Grammica__φPSII,Young,Grammica__Young
Grammica,C_cephalanthii,1567,F,6,old,2018-03-23,4:26:33 PM,,,o,709,φPSII,0.305057096,Grammica__φPSII,Old,Grammica__Old
Grammica,C_californica,ss17-105,E,1,haustorium,2018-05-25,6:16:41 PM,,,h,710,φPSII,0.305511811,Grammica__φPSII,Haustorium,Grammica__Haustorium
Grammica,C_denticulata,ss13-46,A,2,flower,2018-07-06,11:02:42 AM,,,f,711,φPSII,0.308131241,Grammica__φPSII,Flower,Grammica__Flower
Grammica,C_denticulata,ss13-46,C,4,haustorium,2018-05-29,12:02:27 PM,,,h,712,φPSII,0.308282209,Grammica__φPSII,Haustorium,Grammica__Haustorium
Grammica,C_californica,ss17-105,B,5,old,2018-05-29,3:42:33 PM,,,o,713,φPSII,0.309859155,Grammica__φPSII,Old,Grammica__Old
Grammica,C_costaricensis,CUCO,B,2,young,2018-05-25,2:04:09 PM,,,y,714,φPSII,0.310344828,Grammica__φPSII,Young,Grammica__Young
Grammica,C_denticulata,ss13-46,D,3,young,2018-05-29,4:47:59 PM,,,y,715,φPSII,0.311294766,Grammica__φPSII,Young,Grammica__Young
Grammica,C_californica,ss17-105,C,7,flower,2018-05-25,1:42:20 PM,,,f,716,φPSII,0.311403509,Grammica__φPSII,Flower,Grammica__Flower
Grammica,C_tasmanica,17-15,D,1,young,2018-05-29,10:36:38 AM,,,y,717,φPSII,0.311827957,Grammica__φPSII,Young,Grammica__Young
Grammica,C_californica,ss17-105,A,2,haustorium,2018-05-03,3:52:11 PM,,,h,718,φPSII,0.311937612,Grammica__φPSII,Haustorium,Grammica__Haustorium
Grammica,C_costaricensis,CUCO,C,1,old,2018-05-25,2:54:09 PM,,,o,719,φPSII,0.312101911,Grammica__φPSII,Old,Grammica__Old
Grammica,C_gracillima,CUGR,B,1,young,2018-07-06,10:33:15 AM,,,y,720,φPSII,0.312101911,Grammica__φPSII,Young,Grammica__Young
Grammica,C_californica,ss17-105,E,4,flower,2018-07-06,2:26:42 PM,,,f,722,φPSII,0.31237911,Grammica__φPSII,Flower,Grammica__Flower
Grammica,C_compacta,1566,A,1,young,2017-11-15,11:37:17 AM,,,y,723,φPSII,0.312433581,Grammica__φPSII,Young,Grammica__Young
Grammica,C_californica,ss17-105,E,2,flower,2018-07-06,2:26:42 PM,,,f,724,φPSII,0.314,Grammica__φPSII,Flower,Grammica__Flower
Grammica,C_costaricensis,CUCO,C,5,haustorium,2018-05-25,3:09:23 PM,,,h,725,φPSII,0.314639476,Grammica__φPSII,Haustorium,Grammica__Haustorium
Grammica,C_californica,ss17-105,B,2,young,2018-05-29,3:33:16 PM,,,y,726,φPSII,0.314814815,Grammica__φPSII,Young,Grammica__Young
Grammica,C_californica,ss17-105,D,5,haustorium,2018-05-25,1:08:20 PM,,,h,727,φPSII,0.314855876,Grammica__φPSII,Haustorium,Grammica__Haustorium
Grammica,C_californica,ss17-105,A,4,flower,2018-05-29,4:21:52 PM,,,f,728,φPSII,0.316166884,Grammica__φPSII,Flower,Grammica__Flower
Grammica,C_indecora,ss16-17,B,2,old,2018-01-25,12:10:09 PM,,,o,729,φPSII,0.317204301,Grammica__φPSII,Old,Grammica__Old
Grammica,C_costaricensis,CUCO,B,1,haustorium,2018-05-25,2:25:32 PM,,,h,730,φPSII,0.319280495,Grammica__φPSII,Haustorium,Grammica__Haustorium
Grammica,C_costaricensis,CUCO,A,2,young,2018-05-03,1:03:52 PM,,,y,732,φPSII,0.319444444,Grammica__φPSII,Young,Grammica__Young
Grammica,C_polygonorum,1705,C,3,seed,2017-12-13,1:00:53 PM,,,s,733,φPSII,0.320578231,Grammica__φPSII,Seed,Grammica__Seed
Grammica,C_cephalanthii,1567,F,9,seed (old),2018-05-29,12:23:38 PM,,,s,734,φPSII,0.321245421,Grammica__φPSII,Seed,Grammica__Seed
Grammica,C_australis,1382,A,2,young,2018-01-25,11:09:17 AM,,,y,735,φPSII,0.322368421,Grammica__φPSII,Young,Grammica__Young
Grammica,C_cephalanthii,1567,A,1,young,2017-11-15,1:24:27 PM,,,y,736,φPSII,0.323054332,Grammica__φPSII,Young,Grammica__Young
Grammica,C_tasmanica,17-15,A,6,haustorium,2018-04-17,3:29:24 PM,,,h,738,φPSII,0.323529412,Grammica__φPSII,Haustorium,Grammica__Haustorium
Grammica,C_denticulata,ss13-46,A,6,flower,2018-07-06,11:02:42 AM,,,f,739,φPSII,0.324324324,Grammica__φPSII,Flower,Grammica__Flower
Grammica,C_indecora,ss16-17,-,2,seedling,8/24/18,13:19:55,,,sdlg,740,φPSII,0.325,Grammica__φPSII,Seedling,Grammica__Seedling
Grammica,C_tasmanica,17-15,B,5,old,2018-04-17,2:09:31 PM,,,o,741,φPSII,0.325068871,Grammica__φPSII,Old,Grammica__Old
Grammica,C_cephalanthii,1567,E,2,young,2018-03-08,12:56:48 PM,,,y,742,φPSII,0.325068871,Grammica__φPSII,Young,Grammica__Young
Grammica,C_tasmanica,17-15,-,1,seedling,8/24/18,12:55:20,,,sdlg,743,φPSII,0.325203252,Grammica__φPSII,Seedling,Grammica__Seedling
Grammica,C_californica,ss17-105,D,6,flower,2018-07-06,2:13:32 PM,,,f,744,φPSII,0.325615051,Grammica__φPSII,Flower,Grammica__Flower
Grammica,C_polygonorum,1705,C,5,seed,2017-12-13,1:00:53 PM,,,s,745,φPSII,0.326829268,Grammica__φPSII,Seed,Grammica__Seed
Grammica,C_californica,ss17-105,A,4,old,2018-05-03,3:45:01 PM,,,o,746,φPSII,0.32745098,Grammica__φPSII,Old,Grammica__Old
Grammica,C_polygonorum,1705,A,2,young,2018-01-25,9:48:59 AM,,,y,747,φPSII,0.328358209,Grammica__φPSII,Young,Grammica__Young
Grammica,C_denticulata,ss13-46,D,1,young,2018-05-29,4:47:59 PM,,,y,748,φPSII,0.32837407,Grammica__φPSII,Young,Grammica__Young
Grammica,C_tasmanica,17-15,A,3,haustorium,2018-04-17,3:29:24 PM,,,h,749,φPSII,0.328869048,Grammica__φPSII,Haustorium,Grammica__Haustorium
Grammica,C_denticulata,ss13-46,D,4,haustorium,2018-06-22,4:57:03 PM,,,h,750,φPSII,0.32919708,Grammica__φPSII,Haustorium,Grammica__Haustorium
Grammica,C_cephalanthii,1567,A,1,seedling,8/24/18,13:52:40,,,sdlg,751,φPSII,0.332493703,Grammica__φPSII,Seedling,Grammica__Seedling
Grammica,C_indecora,ss16-17,A,4,old,2017-12-13,1:22:55 PM,,,o,752,φPSII,0.333333333,Grammica__φPSII,Old,Grammica__Old
Grammica,C_denticulata,ss13-46,A,1,old,2018-05-29,3:19:24 PM,,,o,753,φPSII,0.333333333,Grammica__φPSII,Old,Grammica__Old
Grammica,C_costaricensis,CUCO,C,2,old,2018-05-25,2:54:09 PM,,,o,754,φPSII,0.333333333,Grammica__φPSII,Old,Grammica__Old
Grammica,C_costaricensis,CUCO,C,2,young,2018-05-25,2:39:54 PM,,,y,755,φPSII,0.333333333,Grammica__φPSII,Young,Grammica__Young
Grammica,C_californica,ss17-105,C,1,flower,2018-05-25,1:42:20 PM,,,f,756,φPSII,0.333745365,Grammica__φPSII,Flower,Grammica__Flower
Grammica,C_californica,ss17-105,C,2,young,2018-05-03,12:32:45 PM,,,y,757,φPSII,0.335078534,Grammica__φPSII,Young,Grammica__Young
Grammica,C_californica,ss17-105,C,2,old,2018-05-03,12:43:03 PM,,,o,759,φPSII,0.33627204,Grammica__φPSII,Old,Grammica__Old
Grammica,C_californica,ss17-105,B,8,flower,2018-05-29,3:51:20 PM,,,f,761,φPSII,0.339658444,Grammica__φPSII,Flower,Grammica__Flower
Grammica,C_polygonorum,1705,B,1,young,2017-12-13,1:59:42 PM,,,y,762,φPSII,0.339805825,Grammica__φPSII,Young,Grammica__Young
Grammica,C_cephalanthii,1567,D,1,young,2018-03-08,12:22:11 PM,,,y,763,φPSII,0.340086831,Grammica__φPSII,Young,Grammica__Young
Grammica,C_costaricensis,CUCO,A,2,old,2018-05-03,1:13:39 PM,,,o,765,φPSII,0.340807175,Grammica__φPSII,Old,Grammica__Old
Grammica,C_californica,ss17-105,D,5,flower,2018-07-06,2:13:32 PM,,,f,766,φPSII,0.341568206,Grammica__φPSII,Flower,Grammica__Flower
Grammica,C_denticulata,ss13-46,C,2,haustorium,2018-05-29,12:02:27 PM,,,h,767,φPSII,0.341772152,Grammica__φPSII,Haustorium,Grammica__Haustorium
Grammica,C_tasmanica,17-15,B,1,young,2018-04-17,1:55:52 PM,,,y,768,φPSII,0.343283582,Grammica__φPSII,Young,Grammica__Young
Grammica,C_tasmanica,17-15,A,1,haustorium,2017-12-21,12:12:19 PM,,,h,769,φPSII,0.345070423,Grammica__φPSII,Haustorium,Grammica__Haustorium
Grammica,C_denticulata,ss13-46,A,2,young,2018-05-29,11:11:53 AM,,,y,770,φPSII,0.346666667,Grammica__φPSII,Young,Grammica__Young
Grammica,C_californica,ss17-105,A,3,flower,2018-05-29,4:21:52 PM,,,f,771,φPSII,0.347633136,Grammica__φPSII,Flower,Grammica__Flower
Grammica,C_californica,ss17-105,E,6,haustorium,2018-05-25,6:16:41 PM,,,h,773,φPSII,0.348314607,Grammica__φPSII,Haustorium,Grammica__Haustorium
Grammica,C_polygonorum,1705,C,3,young,2017-12-13,11:29:05 AM,,,y,774,φPSII,0.34914611,Grammica__φPSII,Young,Grammica__Young
Grammica,C_indecora,ss16-17,-,1,seedling,8/24/18,13:36:39,,,sdlg,775,φPSII,0.350340136,Grammica__φPSII,Seedling,Grammica__Seedling
Grammica,C_tasmanica,17-15,C,6,young,2018-05-29,1:12:22 PM,,,y,776,φPSII,0.350340136,Grammica__φPSII,Young,Grammica__Young
Grammica,C_californica,ss17-105,E,5,haustorium,2018-05-25,6:16:41 PM,,,h,777,φPSII,0.350649351,Grammica__φPSII,Haustorium,Grammica__Haustorium
Grammica,C_cephalanthii,1567,E,1,young,2018-03-08,12:56:48 PM,,,y,779,φPSII,0.351598174,Grammica__φPSII,Young,Grammica__Young
Grammica,C_polygonorum,1705,C,4,seed,2017-12-13,1:00:53 PM,,,s,780,φPSII,0.352261307,Grammica__φPSII,Seed,Grammica__Seed
Grammica,C_californica,ss17-105,B,3,haustorium,2018-05-29,4:03:02 PM,,,h,781,φPSII,0.352422907,Grammica__φPSII,Haustorium,Grammica__Haustorium
Grammica,C_indecora,ss16-17,A,2,old,2017-12-13,1:22:55 PM,,,o,782,φPSII,0.353293413,Grammica__φPSII,Old,Grammica__Old
Grammica,C_tasmanica,17-15,A,5,young,2018-04-17,2:43:56 PM,,,y,784,φPSII,0.354231975,Grammica__φPSII,Young,Grammica__Young
Grammica,C_costaricensis,CUCO,C,3,old,2018-05-25,2:54:09 PM,,,o,786,φPSII,0.357664234,Grammica__φPSII,Old,Grammica__Old
Grammica,C_californica,ss17-105,B,4,haustorium,2018-05-29,4:03:02 PM,,,h,787,φPSII,0.359183673,Grammica__φPSII,Haustorium,Grammica__Haustorium
Grammica,C_cephalanthii,1567,A,3,seedling,8/24/18,14:03:55,,,sdlg,788,φPSII,0.359201774,Grammica__φPSII,Seedling,Grammica__Seedling
Grammica,C_tasmanica,17-15,B,6,young,2018-04-17,1:55:52 PM,,,y,789,φPSII,0.359223301,Grammica__φPSII,Young,Grammica__Young
Grammica,C_tasmanica,17-15,A,2,haustorium,2018-04-17,3:29:24 PM,,,h,790,φPSII,0.360197368,Grammica__φPSII,Haustorium,Grammica__Haustorium
Grammica,C_australis,1382,-,2,seedling,2017-11-02,3:16:57 PM,,,sdlg,791,φPSII,0.360711262,Grammica__φPSII,Seedling,Grammica__Seedling
Grammica,C_cephalanthii,1567,D,3,young,2018-03-08,12:22:11 PM,,,y,792,φPSII,0.361111111,Grammica__φPSII,Young,Grammica__Young
Grammica,C_polygonorum,1705,C,2,seed,2017-12-13,1:00:53 PM,,,s,793,φPSII,0.361184211,Grammica__φPSII,Seed,Grammica__Seed
Grammica,C_californica,ss17-105,B,3,old,2018-05-29,3:42:33 PM,,,o,794,φPSII,0.362318841,Grammica__φPSII,Old,Grammica__Old
Grammica,C_denticulata,ss13-46,C,4,old,2018-05-29,11:52:58 AM,,,o,796,φPSII,0.362426036,Grammica__φPSII,Old,Grammica__Old
Grammica,C_californica,ss17-105,E,9,haustorium,2018-05-25,6:16:41 PM,,,h,797,φPSII,0.363501484,Grammica__φPSII,Haustorium,Grammica__Haustorium
Grammica,C_cephalanthii,1567,A,2,old,2017-11-15,1:40:51 PM,,,o,799,φPSII,0.364705882,Grammica__φPSII,Old,Grammica__Old
Grammica,C_californica,ss17-105,D,5,young,2018-05-25,12:42:05 PM,,,y,800,φPSII,0.364705882,Grammica__φPSII,Young,Grammica__Young
Grammica,C_californica,ss17-105,A,1,young,2018-05-03,3:35:43 PM,,,y,802,φPSII,0.365671642,Grammica__φPSII,Young,Grammica__Young
Grammica,C_costaricensis,CUCO,B,5,young,2018-05-25,2:04:09 PM,,,y,803,φPSII,0.365695793,Grammica__φPSII,Young,Grammica__Young
Grammica,C_denticulata,ss13-46,D,2,young,2018-05-29,4:47:59 PM,,,y,804,φPSII,0.366043614,Grammica__φPSII,Young,Grammica__Young
Grammica,C_costaricensis,CUCO,A,1,young,2018-05-03,1:03:52 PM,,,y,806,φPSII,0.366391185,Grammica__φPSII,Young,Grammica__Young
Grammica,C_californica,ss17-105,A,3,haustorium,2018-05-03,3:52:11 PM,,,h,807,φPSII,0.366592428,Grammica__φPSII,Haustorium,Grammica__Haustorium
Grammica,C_californica,ss17-105,E,4,young,2018-05-25,5:35:48 PM,,,y,808,φPSII,0.367346939,Grammica__φPSII,Young,Grammica__Young
Grammica,C_denticulata,ss13-46,B,1,haustorium,2018-06-20,1:19:35 PM,,,h,809,φPSII,0.367637942,Grammica__φPSII,Haustorium,Grammica__Haustorium
Grammica,C_californica,ss17-105,D,4,haustorium,2018-05-25,1:08:20 PM,,,h,811,φPSII,0.368421053,Grammica__φPSII,Haustorium,Grammica__Haustorium
Grammica,C_californica,ss17-105,E,7,haustorium,2018-05-25,6:16:41 PM,,,h,812,φPSII,0.369198312,Grammica__φPSII,Haustorium,Grammica__Haustorium
Grammica,C_californica,ss17-105,A,1,haustorium,2018-05-03,3:52:11 PM,,,h,813,φPSII,0.369819341,Grammica__φPSII,Haustorium,Grammica__Haustorium
Grammica,C_costaricensis,CUCO,B,3,old,2018-05-25,2:16:35 PM,,,o,814,φPSII,0.370873786,Grammica__φPSII,Old,Grammica__Old
Grammica,C_denticulata,ss13-46,C,1,old,2018-05-29,11:52:58 AM,,,o,815,φPSII,0.370988447,Grammica__φPSII,Old,Grammica__Old
Grammica,C_californica,ss17-105,C,3,flower,2018-05-25,1:42:20 PM,,,f,816,φPSII,0.371144279,Grammica__φPSII,Flower,Grammica__Flower
Grammica,C_californica,ss17-105,B,6,flower,2018-05-29,3:51:20 PM,,,f,817,φPSII,0.371314741,Grammica__φPSII,Flower,Grammica__Flower
Grammica,C_tasmanica,17-15,D,3,young,2018-05-03,1:32:11 PM,,,y,818,φPSII,0.372093023,Grammica__φPSII,Young,Grammica__Young
Grammica,C_costaricensis,CUCO,A,1,old,2018-05-03,1:13:39 PM,,,o,820,φPSII,0.373101952,Grammica__φPSII,Old,Grammica__Old
Grammica,C_californica,ss17-105,B,3,flower,2018-05-29,3:51:20 PM,,,f,821,φPSII,0.373295455,Grammica__φPSII,Flower,Grammica__Flower
Grammica,C_cephalanthii,1567,A,3,old,2017-11-15,1:53:59 PM,,,o,824,φPSII,0.374407583,Grammica__φPSII,Old,Grammica__Old
Grammica,C_denticulata,ss13-46,B,4,haustorium,2018-06-20,1:19:35 PM,,,h,825,φPSII,0.374449339,Grammica__φPSII,Haustorium,Grammica__Haustorium
Grammica,C_costaricensis,CUCO,C,1,young,2018-05-25,2:39:54 PM,,,y,826,φPSII,0.374545455,Grammica__φPSII,Young,Grammica__Young
Grammica,C_denticulata,ss13-46,C,1,flower,2018-06-07,12:39:09 PM,,,f,827,φPSII,0.374792703,Grammica__φPSII,Flower,Grammica__Flower
Grammica,C_denticulata,ss13-46,C,1,young,2018-05-29,11:43:17 AM,,,y,829,φPSII,0.375757576,Grammica__φPSII,Young,Grammica__Young
Grammica,C_tasmanica,17-15,D,2,young,2018-05-29,10:36:38 AM,,,y,830,φPSII,0.375796178,Grammica__φPSII,Young,Grammica__Young
Grammica,C_denticulata,ss13-46,B,1,old,2018-06-20,1:09:13 PM,,,o,831,φPSII,0.376417234,Grammica__φPSII,Old,Grammica__Old
Grammica,C_denticulata,ss13-46,C,6,flower,2018-06-20,3:03:14 PM,,,f,832,φPSII,0.376923077,Grammica__φPSII,Flower,Grammica__Flower
Grammica,C_costaricensis,CUCO,B,6,young,2018-05-25,2:04:09 PM,,,y,833,φPSII,0.378109453,Grammica__φPSII,Young,Grammica__Young
Grammica,C_californica,ss17-105,D,4,young,2018-05-25,12:42:05 PM,,,y,834,φPSII,0.379962193,Grammica__φPSII,Young,Grammica__Young
Grammica,C_californica,ss17-105,E,2,old,2018-05-25,6:05:05 PM,,,o,835,φPSII,0.380165289,Grammica__φPSII,Old,Grammica__Old
Grammica,C_californica,ss17-105,C,3,old,2018-05-03,12:43:03 PM,,,o,836,φPSII,0.380237154,Grammica__φPSII,Old,Grammica__Old
Grammica,C_californica,ss17-105,E,7,flower,2018-07-06,2:26:42 PM,,,f,837,φPSII,0.380323054,Grammica__φPSII,Flower,Grammica__Flower
Grammica,C_californica,ss17-105,A,5,flower,2018-05-29,4:21:52 PM,,,f,838,φPSII,0.381208054,Grammica__φPSII,Flower,Grammica__Flower
Grammica,C_denticulata,ss13-46,B,2,old,2018-06-20,1:09:13 PM,,,o,839,φPSII,0.381877023,Grammica__φPSII,Old,Grammica__Old
Grammica,C_australis,1382,A,1,young,2018-01-25,11:09:17 AM,,,y,840,φPSII,0.382189239,Grammica__φPSII,Young,Grammica__Young
Grammica,C_costaricensis,CUCO,B,5,haustorium,2018-05-25,2:25:32 PM,,,h,841,φPSII,0.383458647,Grammica__φPSII,Haustorium,Grammica__Haustorium
Grammica,C_californica,ss17-105,A,8,flower,2018-05-29,4:21:52 PM,,,f,842,φPSII,0.385899814,Grammica__φPSII,Flower,Grammica__Flower
Grammica,C_californica,ss17-105,B,3,young,2018-05-29,3:33:16 PM,,,y,843,φPSII,0.386363636,Grammica__φPSII,Young,Grammica__Young
Grammica,C_denticulata,ss13-46,A,4,flower,2018-07-06,11:02:42 AM,,,f,844,φPSII,0.386752137,Grammica__φPSII,Flower,Grammica__Flower
Grammica,C_denticulata,ss13-46,A,1,flower,2018-07-06,11:02:42 AM,,,f,845,φPSII,0.386792453,Grammica__φPSII,Flower,Grammica__Flower
Grammica,C_tasmanica,17-15,A,1,young,2017-12-21,11:50:46 AM,,,y,846,φPSII,0.388157895,Grammica__φPSII,Young,Grammica__Young
Grammica,C_californica,ss17-105,E,4,old,2018-05-25,6:05:05 PM,,,o,847,φPSII,0.388586957,Grammica__φPSII,Old,Grammica__Old
Grammica,C_cephalanthii,1567,D,2,young,2018-03-08,12:22:11 PM,,,y,848,φPSII,0.389215686,Grammica__φPSII,Young,Grammica__Young
Grammica,C_californica,ss17-105,E,1,flower,2018-07-06,2:26:42 PM,,,f,849,φPSII,0.389289392,Grammica__φPSII,Flower,Grammica__Flower
Grammica,C_denticulata,ss13-46,A,4,young,2018-05-29,11:11:53 AM,,,y,851,φPSII,0.390532544,Grammica__φPSII,Young,Grammica__Young
Grammica,C_denticulata,ss13-46,2,2,seedling,2018-05-01,2:22:18 PM,,,sdlg,852,φPSII,0.390547264,Grammica__φPSII,Seedling,Grammica__Seedling
Grammica,C_indecora,ss16-17,-,2,seedling,8/24/18,13:36:39,,,sdlg,853,φPSII,0.392,Grammica__φPSII,Seedling,Grammica__Seedling
Grammica,C_tasmanica,17-15,B,5,young,2018-04-17,1:55:52 PM,,,y,856,φPSII,0.398058252,Grammica__φPSII,Young,Grammica__Young
Grammica,C_californica,ss17-105,D,3,old,2018-05-25,12:53:49 PM,,,o,857,φPSII,0.398373984,Grammica__φPSII,Old,Grammica__Old
Grammica,C_californica,ss17-105,A,6,flower,2018-05-29,4:21:52 PM,,,f,858,φPSII,0.399209486,Grammica__φPSII,Flower,Grammica__Flower
Grammica,C_californica,ss17-105,A,2,flower,2018-05-29,4:21:52 PM,,,f,862,φPSII,0.403181189,Grammica__φPSII,Flower,Grammica__Flower
Grammica,C_californica,ss17-105,B,5,young,2018-05-29,3:33:16 PM,,,y,863,φPSII,0.403921569,Grammica__φPSII,Young,Grammica__Young
Grammica,C_denticulata,ss13-46,A,2,haustorium,2018-05-29,11:30:47 AM,,,h,865,φPSII,0.404984424,Grammica__φPSII,Haustorium,Grammica__Haustorium
Grammica,C_costaricensis,CUCO,B,3,young,2018-05-25,2:04:09 PM,,,y,867,φPSII,0.40754717,Grammica__φPSII,Young,Grammica__Young
Grammica,C_californica,ss17-105,E,6,young,2018-05-25,5:35:48 PM,,,y,868,φPSII,0.407643312,Grammica__φPSII,Young,Grammica__Young
Grammica,C_californica,ss17-105,E,8,haustorium,2018-05-25,6:16:41 PM,,,h,870,φPSII,0.408045977,Grammica__φPSII,Haustorium,Grammica__Haustorium
Grammica,C_denticulata,ss13-46,A,1,haustorium,2018-05-29,11:30:47 AM,,,h,871,φPSII,0.408060453,Grammica__φPSII,Haustorium,Grammica__Haustorium
Grammica,C_californica,ss17-105,E,6,flower,2018-07-06,2:26:42 PM,,,f,872,φPSII,0.408625731,Grammica__φPSII,Flower,Grammica__Flower
Grammica,C_californica,ss17-105,B,2,flower,2018-05-29,3:51:20 PM,,,f,873,φPSII,0.409448819,Grammica__φPSII,Flower,Grammica__Flower
Grammica,C_denticulata,ss13-46,C,2,flower,2018-06-20,3:03:14 PM,,,f,874,φPSII,0.410852713,Grammica__φPSII,Flower,Grammica__Flower
Grammica,C_californica,ss17-105,B,1,old,2018-05-29,3:42:33 PM,,,o,875,φPSII,0.410909091,Grammica__φPSII,Old,Grammica__Old
Grammica,C_indecora,ss16-17,-,1,seedling,8/24/18,13:19:55,,,sdlg,876,φPSII,0.411411411,Grammica__φPSII,Seedling,Grammica__Seedling
Grammica,C_californica,ss17-105,E,10,flower,2018-07-06,2:26:42 PM,,,f,878,φPSII,0.411876184,Grammica__φPSII,Flower,Grammica__Flower
Grammica,C_denticulata,ss13-46,D,1,young,2018-06-22,4:36:43 PM,,,y,879,φPSII,0.412167952,Grammica__φPSII,Young,Grammica__Young
Grammica,C_californica,ss17-105,B,7,flower,2018-05-29,3:51:20 PM,,,f,880,φPSII,0.413121846,Grammica__φPSII,Flower,Grammica__Flower
Grammica,C_denticulata,ss13-46,A,3,haustorium,2018-05-29,11:30:47 AM,,,h,881,φPSII,0.413237925,Grammica__φPSII,Haustorium,Grammica__Haustorium
Grammica,C_californica,ss17-105,B,4,flower,2018-05-29,3:51:20 PM,,,f,882,φPSII,0.415081967,Grammica__φPSII,Flower,Grammica__Flower
Grammica,C_costaricensis,CUCO,B,4,young,2018-05-25,2:04:09 PM,,,y,883,φPSII,0.415137615,Grammica__φPSII,Young,Grammica__Young
Grammica,C_californica,ss17-105,C,8,flower,2018-05-25,1:42:20 PM,,,f,884,φPSII,0.416232316,Grammica__φPSII,Flower,Grammica__Flower
Grammica,C_cephalanthii,1567,A,2,seedling,8/24/18,14:03:55,,,sdlg,885,φPSII,0.417682927,Grammica__φPSII,Seedling,Grammica__Seedling
Grammica,C_denticulata,ss13-46,C,2,old,2018-05-29,11:52:58 AM,,,o,886,φPSII,0.41868823,Grammica__φPSII,Old,Grammica__Old
Grammica,C_tasmanica,17-15,B,7,young,2018-04-17,1:55:52 PM,,,y,887,φPSII,0.418732782,Grammica__φPSII,Young,Grammica__Young
Grammica,C_californica,ss17-105,B,5,flower,2018-05-29,3:51:20 PM,,,f,888,φPSII,0.418884664,Grammica__φPSII,Flower,Grammica__Flower
Grammica,C_californica,ss17-105,A,7,flower,2018-05-29,4:21:52 PM,,,f,889,φPSII,0.420399352,Grammica__φPSII,Flower,Grammica__Flower
Grammica,C_californica,ss17-105,E,5,flower,2018-07-06,2:26:42 PM,,,f,894,φPSII,0.426349497,Grammica__φPSII,Flower,Grammica__Flower
Grammica,C_californica,ss17-105,A,1,flower,2018-05-29,4:21:52 PM,,,f,896,φPSII,0.42745098,Grammica__φPSII,Flower,Grammica__Flower
Grammica,C_indecora,ss16-17,-,3,seedling,8/24/18,13:19:55,,,sdlg,899,φPSII,0.429577465,Grammica__φPSII,Seedling,Grammica__Seedling
Grammica,C_tasmanica,17-15,C,2,young,2018-05-29,1:12:22 PM,,,y,900,φPSII,0.429577465,Grammica__φPSII,Young,Grammica__Young
Grammica,C_tasmanica,17-15,B,2,young,2018-04-17,1:55:52 PM,,,y,901,φPSII,0.430594901,Grammica__φPSII,Young,Grammica__Young
Grammica,C_indecora,ss16-17,C,3,young,2018-01-25,11:41:52 AM,,,y,902,φPSII,0.430656934,Grammica__φPSII,Young,Grammica__Young
Grammica,C_californica,ss17-105,C,2,flower,2018-05-25,1:42:20 PM,,,f,903,φPSII,0.431372549,Grammica__φPSII,Flower,Grammica__Flower
Grammica,C_denticulata,ss13-46,C,1,haustorium,2018-05-29,12:02:27 PM,,,h,904,φPSII,0.433450088,Grammica__φPSII,Haustorium,Grammica__Haustorium
Grammica,C_denticulata,ss13-46,C,3,flower,2018-06-07,12:39:09 PM,,,f,905,φPSII,0.433673469,Grammica__φPSII,Flower,Grammica__Flower
Grammica,C_californica,ss17-105,E,3,flower,2018-07-06,2:26:42 PM,,,f,906,φPSII,0.435761589,Grammica__φPSII,Flower,Grammica__Flower
Grammica,C_californica,ss17-105,E,1,young,2018-05-25,5:35:48 PM,,,y,907,φPSII,0.437037037,Grammica__φPSII,Young,Grammica__Young
Grammica,C_tasmanica,17-15,C,7,young,2018-05-29,1:12:22 PM,,,y,908,φPSII,0.437279152,Grammica__φPSII,Young,Grammica__Young
Grammica,C_denticulata,ss13-46,2,1,seedling,2018-05-01,2:22:18 PM,,,sdlg,910,φPSII,0.439054726,Grammica__φPSII,Seedling,Grammica__Seedling
Grammica,C_denticulata,ss13-46,C,2,young,2018-05-29,11:43:17 AM,,,y,911,φPSII,0.43946932,Grammica__φPSII,Young,Grammica__Young
Grammica,C_californica,ss17-105,B,1,flower,2018-05-29,3:51:20 PM,,,f,912,φPSII,0.440152339,Grammica__φPSII,Flower,Grammica__Flower
Grammica,C_californica,ss17-105,C,5,flower,2018-05-25,1:42:20 PM,,,f,913,φPSII,0.441355932,Grammica__φPSII,Flower,Grammica__Flower
Grammica,C_californica,ss17-105,C,6,flower,2018-05-25,1:42:20 PM,,,f,916,φPSII,0.445143256,Grammica__φPSII,Flower,Grammica__Flower
Grammica,C_tasmanica,17-15,A,7,young,2018-04-17,2:43:56 PM,,,y,917,φPSII,0.446265938,Grammica__φPSII,Young,Grammica__Young
Grammica,C_californica,ss17-105,D,1,haustorium,2018-05-25,1:08:20 PM,,,h,918,φPSII,0.446402349,Grammica__φPSII,Haustorium,Grammica__Haustorium
Grammica,C_californica,ss17-105,-,5,seedling,2018-04-17,1:20:53 PM,,,sdlg,919,φPSII,0.446534653,Grammica__φPSII,Seedling,Grammica__Seedling
Grammica,C_denticulata,ss13-46,D,3,young,2018-06-22,4:36:43 PM,,,y,920,φPSII,0.446831364,Grammica__φPSII,Young,Grammica__Young
Grammica,C_denticulata,ss13-46,D,5,young,2018-06-22,4:36:43 PM,,,y,921,φPSII,0.447368421,Grammica__φPSII,Young,Grammica__Young
Grammica,C_denticulata,ss13-46,C,1,flower,2018-06-20,3:03:14 PM,,,f,922,φPSII,0.447619048,Grammica__φPSII,Flower,Grammica__Flower
Grammica,C_californica,ss17-105,E,3,young,2018-05-25,5:35:48 PM,,,y,923,φPSII,0.447826087,Grammica__φPSII,Young,Grammica__Young
Grammica,C_sandwichiana,155,D,1,young,2018-01-25,1:05:39 PM,,,y,924,φPSII,0.450657895,Grammica__φPSII,Young,Grammica__Young
Grammica,C_polygonorum,1705,D,4,young,2018-07-06,11:29:21 AM,,,y,925,φPSII,0.455782313,Grammica__φPSII,Young,Grammica__Young
Grammica,C_californica,ss17-105,B,5,haustorium,2018-05-29,4:03:02 PM,,,h,926,φPSII,0.456167572,Grammica__φPSII,Haustorium,Grammica__Haustorium
Grammica,C_californica,ss17-105,B,4,young,2018-05-29,3:33:16 PM,,,y,927,φPSII,0.457002457,Grammica__φPSII,Young,Grammica__Young
Grammica,C_californica,ss17-105,A,2,young,2018-05-03,3:35:43 PM,,,y,928,φPSII,0.458333333,Grammica__φPSII,Young,Grammica__Young
Grammica,C_polygonorum,1705,D,3,young,2018-07-06,11:29:21 AM,,,y,929,φPSII,0.458850056,Grammica__φPSII,Young,Grammica__Young
Grammica,C_californica,ss17-105,C,1,young,2018-05-03,12:32:45 PM,,,y,930,φPSII,0.460732984,Grammica__φPSII,Young,Grammica__Young
Grammica,C_costaricensis,CUCO,C,5,young,2018-05-25,2:39:54 PM,,,y,931,φPSII,0.461406518,Grammica__φPSII,Young,Grammica__Young
Grammica,C_tasmanica,17-15,A,6,young,2018-04-17,2:43:56 PM,,,y,932,φPSII,0.463414634,Grammica__φPSII,Young,Grammica__Young
Grammica,C_denticulata,ss13-46,C,2,flower,2018-06-07,12:39:09 PM,,,f,933,φPSII,0.463681592,Grammica__φPSII,Flower,Grammica__Flower
Grammica,C_tasmanica,17-15,C,4,young,2018-05-29,1:12:22 PM,,,y,935,φPSII,0.465116279,Grammica__φPSII,Young,Grammica__Young
Grammica,C_denticulata,ss13-46,D,2,young,2018-06-22,4:36:43 PM,,,y,936,φPSII,0.465859983,Grammica__φPSII,Young,Grammica__Young
Grammica,C_polygonorum,1705,D,5,young,2018-07-06,11:29:21 AM,,,y,939,φPSII,0.467532468,Grammica__φPSII,Young,Grammica__Young
Grammica,C_tasmanica,17-15,A,1,young,2018-04-17,2:43:56 PM,,,y,940,φPSII,0.467700258,Grammica__φPSII,Young,Grammica__Young
Grammica,C_californica,ss17-105,B,1,young,2018-05-29,3:33:16 PM,,,y,941,φPSII,0.468513854,Grammica__φPSII,Young,Grammica__Young
Grammica,C_denticulata,ss13-46,B,2,young,2018-06-20,12:55:09 PM,,,y,942,φPSII,0.469135802,Grammica__φPSII,Young,Grammica__Young
Grammica,C_polygonorum,1705,D,2,young,2018-07-06,11:29:21 AM,,,y,946,φPSII,0.47902439,Grammica__φPSII,Young,Grammica__Young
Grammica,C_tasmanica,17-15,A,8,young,2018-04-17,2:43:56 PM,,,y,947,φPSII,0.479591837,Grammica__φPSII,Young,Grammica__Young
Grammica,C_denticulata,ss13-46,B,1,young,2018-06-20,12:55:09 PM,,,y,949,φPSII,0.481012658,Grammica__φPSII,Young,Grammica__Young
Grammica,C_californica,ss17-105,A,3,young,2018-05-03,3:35:43 PM,,,y,951,φPSII,0.487294469,Grammica__φPSII,Young,Grammica__Young
Grammica,C_denticulata,ss13-46,C,3,haustorium,2018-05-29,12:02:27 PM,,,h,954,φPSII,0.488448845,Grammica__φPSII,Haustorium,Grammica__Haustorium
Grammica,C_polygonorum,1705,D,1,young,2018-07-06,11:29:21 AM,,,y,958,φPSII,0.490974729,Grammica__φPSII,Young,Grammica__Young
Grammica,C_tasmanica,17-15,A,2,young,2018-04-17,2:43:56 PM,,,y,960,φPSII,0.496389892,Grammica__φPSII,Young,Grammica__Young
Grammica,C_tasmanica,17-15,A,3,young,2018-04-17,2:43:56 PM,,,y,963,φPSII,0.504694836,Grammica__φPSII,Young,Grammica__Young
Grammica,C_denticulata,ss13-46,D,4,young,2018-06-22,4:36:43 PM,,,y,967,φPSII,0.513822688,Grammica__φPSII,Young,Grammica__Young
Grammica,C_indecora,ss16-17,B,3,young,2018-01-25,12:01:11 PM,,,y,971,φPSII,0.523148148,Grammica__φPSII,Young,Grammica__Young
Grammica,C_californica,ss17-105,D,2,young,2018-05-25,12:42:05 PM,,,y,972,φPSII,0.524234694,Grammica__φPSII,Young,Grammica__Young
Grammica,C_californica,ss17-105,E,2,young,2018-05-25,5:35:48 PM,,,y,978,φPSII,0.531453362,Grammica__φPSII,Young,Grammica__Young
Grammica,C_indecora,ss16-17,B,2,young,2018-01-25,12:01:11 PM,,,y,984,φPSII,0.53877551,Grammica__φPSII,Young,Grammica__Young
Grammica,C_denticulata,ss13-46,B,3,young,2018-06-20,12:55:09 PM,,,y,995,φPSII,0.562189055,Grammica__φPSII,Young,Grammica__Young
Grammica,C_indecora,ss16-17,C,1,young,2018-01-25,11:41:52 AM,,,y,997,φPSII,0.565683646,Grammica__φPSII,Young,Grammica__Young
Grammica,C_indecora,ss16-17,C,2,young,2018-01-25,11:41:52 AM,,,y,999,φPSII,0.577160494,Grammica__φPSII,Young,Grammica__Young
Grammica,C_californica,ss17-105,D,3,young,2018-05-25,12:42:05 PM,,,y,1001,φPSII,0.577380952,Grammica__φPSII,Young,Grammica__Young
Grammica,C_indecora,ss16-17,B,1,young,2018-01-25,12:01:11 PM,,,y,1004,φPSII,0.595782074,Grammica__φPSII,Young,Grammica__Young
Grammica,C_californica,ss17-105,D,1,young,2018-05-25,12:42:05 PM,,,y,1008,φPSII,0.624701195,Grammica__φPSII,Young,Grammica__Young
C_purpurata,C_purpurata,1432,A,1,young,2018-05-01,4:41:08 PM,truly 0 signal,,y,27,φPSII,0,C_purpurata__φPSII,Young,C_purpurata__Young
C_purpurata,C_purpurata,1432,A,2,young,2018-05-01,4:41:08 PM,truly 0 signal,,y,28,φPSII,0,C_purpurata__φPSII,Young,C_purpurata__Young
C_purpurata,C_purpurata,1432,A,3,young,2018-05-01,4:41:08 PM,truly 0 signal,,y,29,φPSII,0,C_purpurata__φPSII,Young,C_purpurata__Young
C_purpurata,C_purpurata,1432,B,1,young,2018-05-01,4:13:37 PM,truly 0 signal,,y,30,φPSII,0,C_purpurata__φPSII,Young,C_purpurata__Young
C_purpurata,C_purpurata,1432,B,2,young,2018-05-01,4:13:37 PM,truly 0 signal,,y,31,φPSII,0,C_purpurata__φPSII,Young,C_purpurata__Young
C_purpurata,C_purpurata,1432,B,3,young,2018-05-01,4:13:37 PM,truly 0 signal,,y,32,φPSII,0,C_purpurata__φPSII,Young,C_purpurata__Young
C_purpurata,C_purpurata,1432,A,1,haustorium,2018-05-03,3:32:37 PM,truly 0 signal,,h,33,φPSII,0,C_purpurata__φPSII,Haustorium,C_purpurata__Haustorium
C_purpurata,C_purpurata,1432,A,2,haustorium,2018-05-03,3:32:37 PM,truly 0 signal,,h,34,φPSII,0,C_purpurata__φPSII,Haustorium,C_purpurata__Haustorium
C_purpurata,C_purpurata,1432,A,1,young,2018-05-03,3:28:03 PM,truly 0 signal,,y,35,φPSII,0,C_purpurata__φPSII,Young,C_purpurata__Young
C_purpurata,C_purpurata,1432,A,2,young,2018-05-03,3:28:03 PM,truly 0 signal,,y,36,φPSII,0,C_purpurata__φPSII,Young,C_purpurata__Young
C_purpurata,C_purpurata,1432,A,3,young,2018-05-03,3:28:03 PM,truly 0 signal,,y,37,φPSII,0,C_purpurata__φPSII,Young,C_purpurata__Young
C_purpurata,C_purpurata,1432,B,1,haustorium,2018-05-03,3:22:43 PM,truly 0 signal,,h,38,φPSII,0,C_purpurata__φPSII,Haustorium,C_purpurata__Haustorium
C_purpurata,C_purpurata,1432,B,2,haustorium,2018-05-03,3:22:43 PM,truly 0 signal,,h,39,φPSII,0,C_purpurata__φPSII,Haustorium,C_purpurata__Haustorium
C_purpurata,C_purpurata,1432,B,3,haustorium,2018-05-03,3:22:43 PM,truly 0 signal,,h,40,φPSII,0,C_purpurata__φPSII,Haustorium,C_purpurata__Haustorium
C_purpurata,C_purpurata,1432,B,4,haustorium,2018-05-03,3:22:43 PM,truly 0 signal,,h,41,φPSII,0,C_purpurata__φPSII,Haustorium,C_purpurata__Haustorium
C_purpurata,C_purpurata,1432,A,1,flower,2018-05-25,3:24:25 PM,truly 0 signal,,f,42,φPSII,0,C_purpurata__φPSII,Flower,C_purpurata__Flower
C_purpurata,C_purpurata,1432,A,2,flower,2018-05-25,3:24:25 PM,truly 0 signal,,f,43,φPSII,0,C_purpurata__φPSII,Flower,C_purpurata__Flower
C_purpurata,C_purpurata,1432,A,3,flower,2018-05-25,3:24:25 PM,truly 0 signal,,f,44,φPSII,0,C_purpurata__φPSII,Flower,C_purpurata__Flower
C_purpurata,C_purpurata,1432,A,4,flower,2018-05-25,3:24:25 PM,truly 0 signal,,f,45,φPSII,0,C_purpurata__φPSII,Flower,C_purpurata__Flower
C_purpurata,C_purpurata,1432,A,5,flower,2018-05-25,3:24:25 PM,truly 0 signal,,f,46,φPSII,0,C_purpurata__φPSII,Flower,C_purpurata__Flower
C_purpurata,C_purpurata,1432,A,6,flower,2018-05-25,3:24:25 PM,truly 0 signal,,f,47,φPSII,0,C_purpurata__φPSII,Flower,C_purpurata__Flower
C_purpurata,C_purpurata,1432,B,1,flower,2018-05-25,3:38:31 PM,truly 0 signal,,f,48,φPSII,0,C_purpurata__φPSII,Flower,C_purpurata__Flower
C_purpurata,C_purpurata,1432,B,2,flower,2018-05-25,3:38:31 PM,truly 0 signal,,f,49,φPSII,0,C_purpurata__φPSII,Flower,C_purpurata__Flower
C_purpurata,C_purpurata,1432,B,3,flower,2018-05-25,3:38:31 PM,truly 0 signal,,f,50,φPSII,0,C_purpurata__φPSII,Flower,C_purpurata__Flower
C_purpurata,C_purpurata,1432,B,4,flower,2018-05-25,3:38:31 PM,truly 0 signal,,f,51,φPSII,0,C_purpurata__φPSII,Flower,C_purpurata__Flower
C_purpurata,C_purpurata,1432,B,5,flower,2018-05-25,3:38:31 PM,truly 0 signal,,f,52,φPSII,0,C_purpurata__φPSII,Flower,C_purpurata__Flower
C_purpurata,C_purpurata,1432,C,1,haustorium,2018-05-29,2:49:47 PM,truly 0 signal,,h,53,φPSII,0,C_purpurata__φPSII,Haustorium,C_purpurata__Haustorium
C_purpurata,C_purpurata,1432,C,2,haustorium,2018-05-29,2:49:47 PM,truly 0 signal,,h,54,φPSII,0,C_purpurata__φPSII,Haustorium,C_purpurata__Haustorium
C_purpurata,C_purpurata,1432,C,3,haustorium,2018-05-29,2:49:47 PM,truly 0 signal,,h,55,φPSII,0,C_purpurata__φPSII,Haustorium,C_purpurata__Haustorium
C_purpurata,C_purpurata,1432,C,4,haustorium,2018-05-29,2:49:47 PM,truly 0 signal,,h,56,φPSII,0,C_purpurata__φPSII,Haustorium,C_purpurata__Haustorium
C_purpurata,C_purpurata,1432,C,1,old,2018-05-29,2:39:52 PM,truly 0 signal,,o,57,φPSII,0,C_purpurata__φPSII,Old,C_purpurata__Old
C_purpurata,C_purpurata,1432,C,2,old,2018-05-29,2:39:52 PM,truly 0 signal,,o,58,φPSII,0,C_purpurata__φPSII,Old,C_purpurata__Old
C_purpurata,C_purpurata,1432,C,3,old,2018-05-29,2:39:52 PM,truly 0 signal,,o,59,φPSII,0,C_purpurata__φPSII,Old,C_purpurata__Old
C_purpurata,C_purpurata,1432,C,4,old,2018-05-29,2:39:52 PM,truly 0 signal,,o,60,φPSII,0,C_purpurata__φPSII,Old,C_purpurata__Old
C_purpurata,C_purpurata,1432,C,1,young,2018-05-29,2:29:07 PM,truly 0 signal,,y,61,φPSII,0,C_purpurata__φPSII,Young,C_purpurata__Young
C_purpurata,C_purpurata,1432,C,2,young,2018-05-29,2:29:07 PM,truly 0 signal,,y,62,φPSII,0,C_purpurata__φPSII,Young,C_purpurata__Young
C_purpurata,C_purpurata,1432,C,3,young,2018-05-29,2:29:07 PM,truly 0 signal,,y,63,φPSII,0,C_purpurata__φPSII,Young,C_purpurata__Young
C_purpurata,C_purpurata,1432,C,4,young,2018-05-29,2:29:07 PM,truly 0 signal,,y,64,φPSII,0,C_purpurata__φPSII,Young,C_purpurata__Young
C_purpurata,C_purpurata,1432,C,5,young,2018-05-29,2:29:07 PM,truly 0 signal,,y,65,φPSII,0,C_purpurata__φPSII,Young,C_purpurata__Young
C_purpurata,C_purpurata,1432,C,6,young,2018-05-29,2:29:07 PM,truly 0 signal,,y,66,φPSII,0,C_purpurata__φPSII,Young,C_purpurata__Young
C_purpurata,C_purpurata,1432,C,7,young,2018-05-29,2:29:07 PM,truly 0 signal,,y,67,φPSII,0,C_purpurata__φPSII,Young,C_purpurata__Young
C_purpurata,C_purpurata,1432,C,1,flower,2018-06-20,12:44:25 PM,truly 0 signal,,f,68,φPSII,0,C_purpurata__φPSII,Flower,C_purpurata__Flower
C_purpurata,C_purpurata,1432,C,2,flower,2018-06-20,12:44:25 PM,truly 0 signal,,f,69,φPSII,0,C_purpurata__φPSII,Flower,C_purpurata__Flower
C_purpurata,C_purpurata,1432,C,3,flower,2018-06-20,12:44:25 PM,truly 0 signal,,f,70,φPSII,0,C_purpurata__φPSII,Flower,C_purpurata__Flower
C_purpurata,C_purpurata,1432,C,4,flower,2018-06-20,12:44:25 PM,truly 0 signal,,f,71,φPSII,0,C_purpurata__φPSII,Flower,C_purpurata__Flower
C_purpurata,C_purpurata,1432,C,5,flower,2018-06-20,12:44:25 PM,truly 0 signal,,f,72,φPSII,0,C_purpurata__φPSII,Flower,C_purpurata__Flower
C_purpurata,C_purpurata,1432,C,6,flower,2018-06-20,12:44:25 PM,truly 0 signal,,f,73,φPSII,0,C_purpurata__φPSII,Flower,C_purpurata__Flower
C_purpurata,C_purpurata,1432,C,7,flower,2018-06-20,12:44:25 PM,truly 0 signal,,f,74,φPSII,0,C_purpurata__φPSII,Flower,C_purpurata__Flower
Monogynella,C_monogyna,CUMO,C,4,seed,2018-01-25,10:50:10 AM,,,s,155,φPSII,0.046101695,Monogynella__φPSII,Seed,Monogynella__Seed
Monogynella,C_monogyna,CUMO,D,2,haustorium,2018-02-16,4:27:24 PM,,,h,161,φPSII,0.052083333,Monogynella__φPSII,Haustorium,Monogynella__Haustorium
Monogynella,C_monogyna,CUMO,C,6,seed,2018-01-25,10:50:10 AM,,,s,172,φPSII,0.060200669,Monogynella__φPSII,Seed,Monogynella__Seed
Monogynella,C_monogyna,CUMO,D,1,haustorium,2018-02-16,4:27:24 PM,,,h,186,φPSII,0.06974359,Monogynella__φPSII,Haustorium,Monogynella__Haustorium
Monogynella,C_monogyna,CUMO,C,2,seed,2018-01-25,10:50:10 AM,,,s,192,φPSII,0.07364685,Monogynella__φPSII,Seed,Monogynella__Seed
Monogynella,C_monogyna,CUMO,A,1,haustorium,2017-12-13,10:35:22 AM,,,h,213,φPSII,0.085365854,Monogynella__φPSII,Haustorium,Monogynella__Haustorium
Monogynella,C_monogyna,CUMO,D,3,flower,2018-03-23,4:55:02 PM,,,f,261,φPSII,0.108340147,Monogynella__φPSII,Flower,Monogynella__Flower
Monogynella,C_monogyna,CUMO,D,5,flower,2018-03-23,4:55:02 PM,,,f,269,φPSII,0.110102605,Monogynella__φPSII,Flower,Monogynella__Flower
Monogynella,C_monogyna,CUMO,A,2,haustorium,2017-12-13,10:35:22 AM,,,h,277,φPSII,0.113496933,Monogynella__φPSII,Haustorium,Monogynella__Haustorium
Monogynella,C_monogyna,CUMO,C,5,seed,2018-01-25,10:50:10 AM,,,s,284,φPSII,0.117339312,Monogynella__φPSII,Seed,Monogynella__Seed
Monogynella,C_monogyna,CUMO,D,4,flower,2018-03-23,4:55:02 PM,,,f,286,φPSII,0.117391304,Monogynella__φPSII,Flower,Monogynella__Flower
Monogynella,C_monogyna,CUMO,D,2,haustorium,2018-03-08,11:37:26 AM,,,h,314,φPSII,0.132903226,Monogynella__φPSII,Haustorium,Monogynella__Haustorium
Monogynella,C_monogyna,CUMO,D,2,flower,2018-03-23,4:55:02 PM,,,f,321,φPSII,0.135201979,Monogynella__φPSII,Flower,Monogynella__Flower
Monogynella,C_monogyna,CUMO,D,1,haustorium,2018-03-08,11:37:26 AM,,,h,335,φPSII,0.140804598,Monogynella__φPSII,Haustorium,Monogynella__Haustorium
Monogynella,C_monogyna,CUMO,D,5,flower,2018-02-16,3:51:56 PM,,,f,360,φPSII,0.149791956,Monogynella__φPSII,Flower,Monogynella__Flower
Monogynella,C_monogyna,CUMO,B,2,haustorium,2017-12-13,11:08:41 AM,,,h,396,φPSII,0.166233766,Monogynella__φPSII,Haustorium,Monogynella__Haustorium
Monogynella,C_monogyna,CUMO,B,1,haustorium,2017-12-13,11:08:41 AM,,,h,398,φPSII,0.16745283,Monogynella__φPSII,Haustorium,Monogynella__Haustorium
Monogynella,C_monogyna,CUMO,D,1,flower,2018-03-23,4:55:02 PM,,,f,416,φPSII,0.174453493,Monogynella__φPSII,Flower,Monogynella__Flower
Monogynella,C_monogyna,CUMO,C,2,haustorium,2018-01-25,10:58:25 AM,,,h,419,φPSII,0.176,Monogynella__φPSII,Haustorium,Monogynella__Haustorium
Monogynella,C_monogyna,CUMO,A,1,haustorium,2017-12-13,10:35:22 AM,,,h,435,φPSII,0.182124789,Monogynella__φPSII,Haustorium,Monogynella__Haustorium
Monogynella,C_monogyna,CUMO,D,2,flower,2018-02-16,3:51:56 PM,,,f,447,φPSII,0.188916877,Monogynella__φPSII,Flower,Monogynella__Flower
Monogynella,C_monogyna,CUMO,D,3,haustorium,2018-03-08,11:37:26 AM,,,h,451,φPSII,0.190332326,Monogynella__φPSII,Haustorium,Monogynella__Haustorium
Monogynella,C_monogyna,CUMO,D,4,seed,2018-02-16,3:51:56 PM,,,s,462,φPSII,0.192176871,Monogynella__φPSII,Seed,Monogynella__Seed
Monogynella,C_monogyna,CUMO,C,1,haustorium,2018-01-25,10:58:25 AM,,,h,492,φPSII,0.205098494,Monogynella__φPSII,Haustorium,Monogynella__Haustorium
Monogynella,C_monogyna,CUMO,D,2,seed,2018-02-16,3:51:56 PM,,,s,503,φPSII,0.210392902,Monogynella__φPSII,Seed,Monogynella__Seed
Monogynella,C_monogyna,CUMO,D,3,flower,2018-02-16,3:51:56 PM,,,f,563,φPSII,0.233951498,Monogynella__φPSII,Flower,Monogynella__Flower
Monogynella,C_monogyna,CUMO,D,4,flower,2018-02-16,3:51:56 PM,,,f,648,φPSII,0.267857143,Monogynella__φPSII,Flower,Monogynella__Flower
Monogynella,C_monogyna,CUMO,D,3,seed,2018-02-16,3:51:56 PM,,,s,654,φPSII,0.271281572,Monogynella__φPSII,Seed,Monogynella__Seed
Monogynella,C_monogyna,CUMO,D,1,flower,2018-02-16,3:51:56 PM,,,f,671,φPSII,0.282926829,Monogynella__φPSII,Flower,Monogynella__Flower
Monogynella,C_monogyna,CUMO,-,1,seedling,2017-11-09,5:17:10 PM,,,sdlg,778,φPSII,0.351306281,Monogynella__φPSII,Seedling,Monogynella__Seedling
Monogynella,C_monogyna,CUMO,C,3,flower,2018-01-25,10:50:10 AM,,,f,785,φPSII,0.354560173,Monogynella__φPSII,Flower,Monogynella__Flower
Monogynella,C_monogyna,CUMO,-,1,seedling,2017-11-09,5:26:18 PM,,,sdlg,795,φPSII,0.36234924,Monogynella__φPSII,Seedling,Monogynella__Seedling
Monogynella,C_monogyna,CUMO,C,1,flower,2018-01-25,10:50:10 AM,,,f,822,φPSII,0.3734683,Monogynella__φPSII,Flower,Monogynella__Flower
Monogynella,C_lupuliformis,CULU,-,1,seedling,2017-11-02,2:34:38 PM,,,sdlg,850,φPSII,0.389367089,Monogynella__φPSII,Seedling,Monogynella__Seedling
Monogynella,C_monogyna,CUMO,-,2,seedling,2017-11-09,5:17:10 PM,,,sdlg,854,φPSII,0.396093326,Monogynella__φPSII,Seedling,Monogynella__Seedling
Monogynella,C_monogyna,CUMO,D,1,old,2018-02-16,4:37:42 PM,,,o,892,φPSII,0.423469388,Monogynella__φPSII,Old,Monogynella__Old
Monogynella,C_monogyna,CUMO,-,2,seedling,2017-11-09,5:26:18 PM,,,sdlg,898,φPSII,0.429431438,Monogynella__φPSII,Seedling,Monogynella__Seedling
Monogynella,C_monogyna,CUMO,B,5,old,2017-12-13,10:59:39 AM,,,o,909,φPSII,0.437725632,Monogynella__φPSII,Old,Monogynella__Old
Monogynella,C_lupuliformis,CULU,-,2,seedling,2017-11-02,2:34:38 PM,,,sdlg,934,φPSII,0.464373464,Monogynella__φPSII,Seedling,Monogynella__Seedling
Monogynella,C_monogyna,CUMO,B,2,old,2017-12-13,10:59:39 AM,,,o,944,φPSII,0.469559585,Monogynella__φPSII,Old,Monogynella__Old
Monogynella,C_lupuliformis,CULU,-,2,seedling,2017-11-02,2:21:12 PM,,,sdlg,945,φPSII,0.469990766,Monogynella__φPSII,Seedling,Monogynella__Seedling
Monogynella,C_monogyna,CUMO,B,4,old,2017-12-13,10:59:39 AM,,,o,948,φPSII,0.480490524,Monogynella__φPSII,Old,Monogynella__Old
Monogynella,C_monogyna,CUMO,C,3,old,2018-01-15,10:40:32 AM,,,o,952,φPSII,0.487741935,Monogynella__φPSII,Old,Monogynella__Old
Monogynella,C_monogyna,CUMO,B,3,old,2017-12-13,10:59:39 AM,,,o,962,φPSII,0.504512635,Monogynella__φPSII,Old,Monogynella__Old
Monogynella,C_monogyna,CUMO,C,2,old,2018-01-15,10:40:32 AM,,,o,965,φPSII,0.509803922,Monogynella__φPSII,Old,Monogynella__Old
Monogynella,C_monogyna,CUMO,A,3,old,2017-11-15,1:15:34 PM,,,o,968,φPSII,0.51722282,Monogynella__φPSII,Old,Monogynella__Old
Monogynella,C_monogyna,CUMO,C,2,young,2018-01-15,10:30:17 AM,,,y,970,φPSII,0.522172949,Monogynella__φPSII,Young,Monogynella__Young
Monogynella,C_monogyna,CUMO,D,3,old,2018-02-16,4:37:42 PM,,,o,973,φPSII,0.524671053,Monogynella__φPSII,Old,Monogynella__Old
Monogynella,C_monogyna,CUMO,D,2,old,2018-02-16,4:37:42 PM,,,o,976,φPSII,0.527716186,Monogynella__φPSII,Old,Monogynella__Old
Monogynella,C_monogyna,CUMO,C,3,young,2018-01-15,10:30:17 AM,,,y,977,φPSII,0.530982368,Monogynella__φPSII,Young,Monogynella__Young
Monogynella,C_monogyna,CUMO,C,1,old,2018-01-15,10:40:32 AM,,,o,983,φPSII,0.538717735,Monogynella__φPSII,Old,Monogynella__Old
Monogynella,C_monogyna,CUMO,D,3,young,2018-03-08,11:17:00 AM,,,y,985,φPSII,0.540951447,Monogynella__φPSII,Young,Monogynella__Young
Monogynella,C_monogyna,CUMO,A,1,young,2017-11-15,12:49:21 PM,,,y,986,φPSII,0.547394541,Monogynella__φPSII,Young,Monogynella__Young
Monogynella,C_monogyna,CUMO,A,2,old,2017-11-15,1:08:04 PM,,,o,987,φPSII,0.549222798,Monogynella__φPSII,Old,Monogynella__Old
Monogynella,C_monogyna,CUMO,D,2,young,2018-03-08,11:17:00 AM,,,y,988,φPSII,0.550533584,Monogynella__φPSII,Young,Monogynella__Young
Monogynella,C_monogyna,CUMO,D,1,young,2018-03-08,11:17:00 AM,,,y,989,φPSII,0.551119766,Monogynella__φPSII,Young,Monogynella__Young
Monogynella,C_monogyna,CUMO,B,1,young,2017-12-13,10:48:48 AM,,,y,994,φPSII,0.559866962,Monogynella__φPSII,Young,Monogynella__Young
Monogynella,C_monogyna,CUMO,A,1,young,2017-11-15,12:58:46 PM,,,y,998,φPSII,0.56763285,Monogynella__φPSII,Young,Monogynella__Young
Monogynella,C_monogyna,CUMO,D,3,young,2018-02-16,4:07:19 PM,,,y,1002,φPSII,0.580352645,Monogynella__φPSII,Young,Monogynella__Young
Monogynella,C_monogyna,CUMO,D,2,young,2018-02-16,4:07:19 PM,,,y,1003,φPSII,0.590625,Monogynella__φPSII,Young,Monogynella__Young
Monogynella,C_monogyna,CUMO,D,1,young,2018-02-16,4:07:19 PM,,,y,1005,φPSII,0.599018003,Monogynella__φPSII,Young,Monogynella__Young
Monogynella,C_monogyna,CUMO,B,3,young,2017-12-13,10:48:48 AM,,,y,1006,φPSII,0.600845179,Monogynella__φPSII,Young,Monogynella__Young
Monogynella,C_monogyna,CUMO,C,1,young,2018-01-15,10:30:17 AM,,,y,1007,φPSII,0.623489609,Monogynella__φPSII,Young,Monogynella__Young
Ipomoea_nil,Ipomoea_nil,IPNI,E,1,flower,2018-06-20,12:30:52 PM,,,f,209,φPSII,0.082630691,Ipomoea_nil__φPSII,Flower,Ipomoea_nil__Flower
Ipomoea_nil,Ipomoea_nil,IPNI,B,2,flower,2018-06-26,4:50:06 PM,,,f,242,φPSII,0.099639856,Ipomoea_nil__φPSII,Flower,Ipomoea_nil__Flower
Ipomoea_nil,Ipomoea_nil,IPNI,E,2,flower,2018-06-21,3:58:53 PM,,,f,273,φPSII,0.112068966,Ipomoea_nil__φPSII,Flower,Ipomoea_nil__Flower
Ipomoea_nil,Ipomoea_nil,IPNI,B,1,flower,2018-06-26,4:41:49 PM,,,f,285,φPSII,0.117339312,Ipomoea_nil__φPSII,Flower,Ipomoea_nil__Flower
Ipomoea_nil,Ipomoea_nil,IPNI,A,1,young,2018-04-19,11:04:19 AM,,,y,318,φPSII,0.133949192,Ipomoea_nil__φPSII,Young,Ipomoea_nil__Young
Ipomoea_nil,Ipomoea_nil,IPNI,B,1,seed,2018-06-26,5:15:03 PM,,,s,329,φPSII,0.138179437,Ipomoea_nil__φPSII,Seed,Ipomoea_nil__Seed
Ipomoea_nil,Ipomoea_nil,IPNI,B,3,flower,2018-07-06,1:42:12 PM,,,f,339,φPSII,0.141156463,Ipomoea_nil__φPSII,Flower,Ipomoea_nil__Flower
Ipomoea_nil,Ipomoea_nil,IPNI,B,2,seed,2018-06-26,5:15:03 PM,,,s,347,φPSII,0.144633973,Ipomoea_nil__φPSII,Seed,Ipomoea_nil__Seed
Ipomoea_nil,Ipomoea_nil,IPNI,E,4,flower,2018-06-23,5:22:41 PM,,,f,349,φPSII,0.145098039,Ipomoea_nil__φPSII,Flower,Ipomoea_nil__Flower
Ipomoea_nil,Ipomoea_nil,IPNI,E,3,flower,2018-06-22,1:28:35 PM,,,f,351,φPSII,0.14559721,Ipomoea_nil__φPSII,Flower,Ipomoea_nil__Flower
Ipomoea_nil,Ipomoea_nil,IPNI,B,1,flower,2018-06-12,5:26:04 PM,,,f,367,φPSII,0.151037938,Ipomoea_nil__φPSII,Flower,Ipomoea_nil__Flower
Ipomoea_nil,Ipomoea_nil,IPNI,B,4,seed,2018-07-06,1:58:18 PM,,,s,384,φPSII,0.161142549,Ipomoea_nil__φPSII,Seed,Ipomoea_nil__Seed
Ipomoea_nil,Ipomoea_nil,IPNI,B,3,seed,2018-07-06,1:58:18 PM,,,s,402,φPSII,0.168170878,Ipomoea_nil__φPSII,Seed,Ipomoea_nil__Seed
Ipomoea_nil,Ipomoea_nil,IPNI,A,1,seed,2018-06-26,4:57:58 PM,,,s,410,φPSII,0.171955273,Ipomoea_nil__φPSII,Seed,Ipomoea_nil__Seed
Ipomoea_nil,Ipomoea_nil,IPNI,B,2,seed,2018-07-06,1:58:18 PM,,,s,420,φPSII,0.17629717,Ipomoea_nil__φPSII,Seed,Ipomoea_nil__Seed
Ipomoea_nil,Ipomoea_nil,IPNI,E,1,seed,2018-05-25,3:55:26 PM,,,s,422,φPSII,0.177267595,Ipomoea_nil__φPSII,Seed,Ipomoea_nil__Seed
Ipomoea_nil,Ipomoea_nil,IPNI,C,1,young,2018-04-19,12:29:01,,,y,429,φPSII,0.179816514,Ipomoea_nil__φPSII,Young,Ipomoea_nil__Young
Ipomoea_nil,Ipomoea_nil,IPNI,E,5,flower,2018-07-06,1:49:54 PM,,,f,441,φPSII,0.183426443,Ipomoea_nil__φPSII,Flower,Ipomoea_nil__Flower
Ipomoea_nil,Ipomoea_nil,IPNI,E,1,young,2018-04-19,3:22:18 PM,,,y,449,φPSII,0.189096454,Ipomoea_nil__φPSII,Young,Ipomoea_nil__Young
Ipomoea_nil,Ipomoea_nil,IPNI,D,1,young,2018-04-19,1:07:38 PM,,,y,458,φPSII,0.191684285,Ipomoea_nil__φPSII,Young,Ipomoea_nil__Young
Ipomoea_nil,Ipomoea_nil,IPNI,A,2,old,2018-04-19,11:31:34 AM,,,o,461,φPSII,0.192077728,Ipomoea_nil__φPSII,Old,Ipomoea_nil__Old
Ipomoea_nil,Ipomoea_nil,IPNI,B,2,seed,2018-05-25,5:19:57 PM,,,s,463,φPSII,0.193141593,Ipomoea_nil__φPSII,Seed,Ipomoea_nil__Seed
Ipomoea_nil,Ipomoea_nil,IPNI,B,2,young,2018-04-19,11:42:08 AM,,,y,471,φPSII,0.196683378,Ipomoea_nil__φPSII,Young,Ipomoea_nil__Young
Ipomoea_nil,Ipomoea_nil,IPNI,A,1,seed,2018-06-26,5:05:47 PM,,,s,473,φPSII,0.198049512,Ipomoea_nil__φPSII,Seed,Ipomoea_nil__Seed
Ipomoea_nil,Ipomoea_nil,IPNI,A,1,young,2018-05-01,10:28:32 AM,,,y,474,φPSII,0.198282911,Ipomoea_nil__φPSII,Young,Ipomoea_nil__Young
Ipomoea_nil,Ipomoea_nil,IPNI,E,1,old,2018-04-19,3:45:54 PM,,,o,496,φPSII,0.206752523,Ipomoea_nil__φPSII,Old,Ipomoea_nil__Old
Ipomoea_nil,Ipomoea_nil,IPNI,B,1,seed,2018-05-25,5:19:57 PM,,,s,501,φPSII,0.209176122,Ipomoea_nil__φPSII,Seed,Ipomoea_nil__Seed
Ipomoea_nil,Ipomoea_nil,IPNI,B,1,seed,2018-07-06,1:58:18 PM,,,s,509,φPSII,0.215146832,Ipomoea_nil__φPSII,Seed,Ipomoea_nil__Seed
Ipomoea_nil,Ipomoea_nil,IPNI,B,3,seed,2018-05-25,5:19:57 PM,,,s,532,φPSII,0.22244389,Ipomoea_nil__φPSII,Seed,Ipomoea_nil__Seed
Ipomoea_nil,Ipomoea_nil,IPNI,D,1,old,2018-04-19,13:34:54,,,o,537,φPSII,0.224113475,Ipomoea_nil__φPSII,Old,Ipomoea_nil__Old
Ipomoea_nil,Ipomoea_nil,IPNI,E,2,seed,2018-05-25,3:55:26 PM,,,s,545,φPSII,0.227233677,Ipomoea_nil__φPSII,Seed,Ipomoea_nil__Seed
Ipomoea_nil,Ipomoea_nil,IPNI,A,1,old,2018-05-01,10:36:29 AM,,,o,553,φPSII,0.228971963,Ipomoea_nil__φPSII,Old,Ipomoea_nil__Old
Ipomoea_nil,Ipomoea_nil,IPNI,C,2,old,2018-04-19,12:58:05 PM,,,o,643,φPSII,0.266460587,Ipomoea_nil__φPSII,Old,Ipomoea_nil__Old
Ipomoea_nil,Ipomoea_nil,IPNI,B,2,leaf,2018-04-19,11:49:56 AM,,,l,687,φPSII,0.289545146,Ipomoea_nil__φPSII,Leaf,Ipomoea_nil__Leaf
Ipomoea_nil,Ipomoea_nil,IPNI,D,1,leaf,2018-05-03,2:55:09 PM,,,l,689,φPSII,0.292333333,Ipomoea_nil__φPSII,Leaf,Ipomoea_nil__Leaf
Ipomoea_nil,Ipomoea_nil,IPNI,B,1,leaf,2018-05-03,2:09:47 PM,,,l,760,φPSII,0.33640723,Ipomoea_nil__φPSII,Leaf,Ipomoea_nil__Leaf
Ipomoea_nil,Ipomoea_nil,IPNI,A,2,Leaf,2018-04-19,11:21:24 AM,,,l,764,φPSII,0.340406184,Ipomoea_nil__φPSII,Leaf,Ipomoea_nil__Leaf
Ipomoea_nil,Ipomoea_nil,IPNI,E,2,leaf,2018-04-19,3:32:35 PM,,,l,819,φPSII,0.37254902,Ipomoea_nil__φPSII,Leaf,Ipomoea_nil__Leaf
Ipomoea_nil,Ipomoea_nil,IPNI,C,3,leaf,2018-04-19,12:31:58 PM,,,l,855,φPSII,0.397672827,Ipomoea_nil__φPSII,Leaf,Ipomoea_nil__Leaf
Ipomoea_nil,Ipomoea_nil,IPNI,A,4,Leaf,2018-04-19,11:12:40 AM,,,l,866,φPSII,0.407177169,Ipomoea_nil__φPSII,Leaf,Ipomoea_nil__Leaf
Ipomoea_nil,Ipomoea_nil,IPNI,C,1,leaf,2018-05-03,2:02:26 PM,,,l,877,φPSII,0.411782946,Ipomoea_nil__φPSII,Leaf,Ipomoea_nil__Leaf
Ipomoea_nil,Ipomoea_nil,IPNI,A,1,leaf,2018-05-03,3:08:41 PM,,,l,890,φPSII,0.422416695,Ipomoea_nil__φPSII,Leaf,Ipomoea_nil__Leaf
Ipomoea_nil,Ipomoea_nil,IPNI,D,1,leaf,2018-04-19,1:15:31 PM,,,l,891,φPSII,0.422851225,Ipomoea_nil__φPSII,Leaf,Ipomoea_nil__Leaf
Cuscuta,C_epithymum,CUEP,A,4,flower,8/20/18,16:09:41,ok to 0,,f,1,ΦNPQ,0.307568238,Cuscuta__ΦNPQ,Flower,Cuscuta__Flower
Cuscuta,C_epithymum,CUEP,A,4,flower,8/20/18,15:54:37,ok to 0,,f,3,ΦNPQ,0.415080551,Cuscuta__ΦNPQ,Flower,Cuscuta__Flower
Cuscuta,C_epithymum,CUEP,A,3,flower,8/20/18,15:54:37,ok to 0,,f,5,ΦNPQ,0.214861287,Cuscuta__ΦNPQ,Flower,Cuscuta__Flower
Cuscuta,C_epithymum,CUEP,D,1,old,2018-06-20,3:33:30 PM,,,o,92,ΦNPQ,0,Cuscuta__ΦNPQ,Old,Cuscuta__Old
Cuscuta,C_epithymum,CUEP,D,2,old,2018-06-20,3:33:30 PM,,,o,93,ΦNPQ,0,Cuscuta__ΦNPQ,Old,Cuscuta__Old
Cuscuta,C_epithymum,CUEP,D,4,old,2018-06-20,3:33:30 PM,,,o,94,ΦNPQ,0,Cuscuta__ΦNPQ,Old,Cuscuta__Old
Cuscuta,C_epithymum,CUEP,D,1,young,2018-06-20,2:48:08 PM,,,y,95,ΦNPQ,0,Cuscuta__ΦNPQ,Young,Cuscuta__Young
Cuscuta,C_epithymum,CUEP,D,3,young,2018-06-20,2:48:08 PM,,,y,96,ΦNPQ,0,Cuscuta__ΦNPQ,Young,Cuscuta__Young
Cuscuta,C_epithymum,CUEP,D,4,young,2018-06-20,2:48:08 PM,,,y,97,ΦNPQ,0,Cuscuta__ΦNPQ,Young,Cuscuta__Young
Cuscuta,C_epithymum,CUEP,D,5,young,2018-06-20,2:48:08 PM,,,y,98,ΦNPQ,0,Cuscuta__ΦNPQ,Young,Cuscuta__Young
Cuscuta,C_epithymum,CUEP,A,6,old,2018-05-25,4:27:35 PM,,,o,99,ΦNPQ,0.159090909,Cuscuta__ΦNPQ,Old,Cuscuta__Old
Cuscuta,C_epithymum,CUEP,D,5,flower,8/20/18,17:36:48,,,f,100,ΦNPQ,0.174418605,Cuscuta__ΦNPQ,Flower,Cuscuta__Flower
Cuscuta,C_epithymum,CUEP,A,2,flower,8/20/18,16:09:41,0 Fv/Fm,,f,101,ΦNPQ,0.203252033,Cuscuta__ΦNPQ,Flower,Cuscuta__Flower
Cuscuta,C_epithymum,CUEP,A,3,flower,8/20/18,16:09:41,,,f,102,ΦNPQ,0.250909091,Cuscuta__ΦNPQ,Flower,Cuscuta__Flower
Cuscuta,C_epithymum,CUEP,D,1,flower,8/20/18,17:36:48,,,f,145,ΦNPQ,0.184825127,Cuscuta__ΦNPQ,Flower,Cuscuta__Flower
Cuscuta,C_epithymum,CUEP,D,4,flower,8/20/18,17:36:48,,,f,173,ΦNPQ,0.27785597,Cuscuta__ΦNPQ,Flower,Cuscuta__Flower
Cuscuta,C_epithymum,CUEP,C,3,old,2018-05-29,2:05:22 PM,,,o,217,ΦNPQ,0.124089993,Cuscuta__ΦNPQ,Old,Cuscuta__Old
Cuscuta,C_epithymum,CUEP,D,3,flower,8/20/18,18:10:01,,,f,223,ΦNPQ,0.276846307,Cuscuta__ΦNPQ,Flower,Cuscuta__Flower
Cuscuta,C_epithymum,CUEP,A,2,flower,8/20/18,15:54:37,,,f,248,ΦNPQ,0.238645157,Cuscuta__ΦNPQ,Flower,Cuscuta__Flower
Cuscuta,C_epithymum,CUEP,D,1,flower,8/20/18,18:10:01,,,f,255,ΦNPQ,0.307327502,Cuscuta__ΦNPQ,Flower,Cuscuta__Flower
Cuscuta,C_epithymum,CUEP,D,6,seed,8/20/18,17:50:06,,,s,289,ΦNPQ,0.380378306,Cuscuta__ΦNPQ,Seed,Cuscuta__Seed
Cuscuta,C_epithymum,CUEP,D,2,flower,8/20/18,18:10:01,,,f,302,ΦNPQ,0.275712347,Cuscuta__ΦNPQ,Flower,Cuscuta__Flower
Cuscuta,C_epithymum,CUEP,A,3,haustorium,2018-05-25,4:36:01 PM,,,h,316,ΦNPQ,0.288132635,Cuscuta__ΦNPQ,Haustorium,Cuscuta__Haustorium
Cuscuta,C_epithymum,CUEP,D,5,seed,8/20/18,17:50:06,,,s,340,ΦNPQ,0.287540303,Cuscuta__ΦNPQ,Seed,Cuscuta__Seed
Cuscuta,C_epithymum,CUEP,A,2,haustorium,2018-05-25,4:36:01 PM,,,h,373,ΦNPQ,0.302978219,Cuscuta__ΦNPQ,Haustorium,Cuscuta__Haustorium
Cuscuta,C_epithymum,CUEP,D,6,flower,8/20/18,17:36:48,,,f,375,ΦNPQ,0.184054321,Cuscuta__ΦNPQ,Flower,Cuscuta__Flower
Cuscuta,C_epithymum,CUEP,A,5,old,2018-05-25,4:27:35 PM,,,o,381,ΦNPQ,0.19314759,Cuscuta__ΦNPQ,Old,Cuscuta__Old
Cuscuta,C_epithymum,CUEP,A,5,haustorium,2018-05-25,4:36:01 PM,,,h,424,ΦNPQ,0.255844435,Cuscuta__ΦNPQ,Haustorium,Cuscuta__Haustorium
Cuscuta,C_epithymum,CUEP,C,3,haustorium,2018-05-29,2:14:27 PM,,,h,472,ΦNPQ,0.084177414,Cuscuta__ΦNPQ,Haustorium,Cuscuta__Haustorium
Cuscuta,C_epithymum,CUEP,D,2,seed,8/20/18,17:50:06,,,s,478,ΦNPQ,0.355757132,Cuscuta__ΦNPQ,Seed,Cuscuta__Seed
Cuscuta,C_epithymum,CUEP,D,4,flower,8/20/18,18:10:01,,,f,487,ΦNPQ,0.295918367,Cuscuta__ΦNPQ,Flower,Cuscuta__Flower
Cuscuta,C_epithymum,CUEP,C,1,haustorium,2018-05-29,2:14:27 PM,,,h,514,ΦNPQ,0.247381246,Cuscuta__ΦNPQ,Haustorium,Cuscuta__Haustorium
Cuscuta,C_epithymum,CUEP,D,4,seed,8/20/18,17:50:06,,,s,531,ΦNPQ,0.332033788,Cuscuta__ΦNPQ,Seed,Cuscuta__Seed
Cuscuta,C_epithymum,CUEP,D,3,flower,8/20/18,17:36:48,,,f,539,ΦNPQ,0.255446927,Cuscuta__ΦNPQ,Flower,Cuscuta__Flower
Cuscuta,C_epithymum,CUEP,C,4,haustorium,2018-05-29,2:14:27 PM,,,h,561,ΦNPQ,0.244809865,Cuscuta__ΦNPQ,Haustorium,Cuscuta__Haustorium
Cuscuta,C_epithymum,CUEP,D,3,old,2018-06-20,3:33:30 PM,,,o,564,ΦNPQ,0.103462838,Cuscuta__ΦNPQ,Old,Cuscuta__Old
Cuscuta,C_epithymum,CUEP,A,2,young,2018-05-25,4:13:09 PM,,,y,588,ΦNPQ,0.035059331,Cuscuta__ΦNPQ,Young,Cuscuta__Young
Cuscuta,C_epithymum,CUEP,D,1,haustorium,2018-06-20,3:54:20 PM,,,h,598,ΦNPQ,0.108206634,Cuscuta__ΦNPQ,Haustorium,Cuscuta__Haustorium
Cuscuta,C_epithymum,CUEP,A,6,young,2018-05-25,4:13:09 PM,,,y,633,ΦNPQ,0.034160374,Cuscuta__ΦNPQ,Young,Cuscuta__Young
Cuscuta,C_epithymum,CUEP,D,1,seed,8/20/18,17:50:06,,,s,657,ΦNPQ,0.325538319,Cuscuta__ΦNPQ,Seed,Cuscuta__Seed
Cuscuta,C_epithymum,CUEP,C,3,young,2018-05-29,1:56:11 PM,,,y,692,ΦNPQ,0.140679839,Cuscuta__ΦNPQ,Young,Cuscuta__Young
Cuscuta,C_epithymum,CUEP,2,3,seedling,2018-05-01,2:08:56 PM,,,sdlg,708,ΦNPQ,0.236355457,Cuscuta__ΦNPQ,Seedling,Cuscuta__Seedling
Cuscuta,C_epithymum,CUEP,1,2,seedling,2018-01-05,1:52:00 PM,,,sdlg,721,ΦNPQ,0.268294077,Cuscuta__ΦNPQ,Seedling,Cuscuta__Seedling
Cuscuta,C_epithymum,CUEP,1,3,seedling,2018-01-05,1:52:00 PM,,,sdlg,731,ΦNPQ,0.182107013,Cuscuta__ΦNPQ,Seedling,Cuscuta__Seedling
Cuscuta,C_epithymum,CUEP,A,4,old,2018-05-25,4:27:35 PM,,,o,758,ΦNPQ,0.146554119,Cuscuta__ΦNPQ,Old,Cuscuta__Old
Cuscuta,C_epithymum,CUEP,A,3,young,2018-05-25,4:13:09 PM,,,y,772,ΦNPQ,0.076634345,Cuscuta__ΦNPQ,Young,Cuscuta__Young
Cuscuta,C_epithymum,CUEP,D,2,haustorium,2018-06-20,3:54:20 PM,,,h,783,ΦNPQ,0.155798427,Cuscuta__ΦNPQ,Haustorium,Cuscuta__Haustorium
Cuscuta,C_epithymum,CUEP,C,5,haustorium,2018-05-29,2:14:27 PM,,,h,798,ΦNPQ,0.180973914,Cuscuta__ΦNPQ,Haustorium,Cuscuta__Haustorium
Cuscuta,C_epithymum,CUEP,A,5,young,2018-05-25,4:13:09 PM,,,y,801,ΦNPQ,0.093488098,Cuscuta__ΦNPQ,Young,Cuscuta__Young
Cuscuta,C_epithymum,CUEP,C,2,haustorium,2018-05-29,2:14:27 PM,,,h,805,ΦNPQ,0.265263297,Cuscuta__ΦNPQ,Haustorium,Cuscuta__Haustorium
Cuscuta,C_epithymum,CUEP,A,1,old,2018-05-25,4:27:35 PM,,,o,810,ΦNPQ,0.199868007,Cuscuta__ΦNPQ,Old,Cuscuta__Old
Cuscuta,C_epithymum,CUEP,D,3,haustorium,2018-06-20,3:54:20 PM,,,h,823,ΦNPQ,0.15193342,Cuscuta__ΦNPQ,Haustorium,Cuscuta__Haustorium
Cuscuta,C_epithymum,CUEP,A,4,haustorium,2018-05-25,4:36:01 PM,,,h,828,ΦNPQ,0.185250926,Cuscuta__ΦNPQ,Haustorium,Cuscuta__Haustorium
Cuscuta,C_epithymum,CUEP,A,3,old,2018-05-25,4:27:35 PM,,,o,860,ΦNPQ,0.155314519,Cuscuta__ΦNPQ,Old,Cuscuta__Old
Cuscuta,C_epithymum,CUEP,D,3,seed,8/20/18,17:50:06,,,s,861,ΦNPQ,0.275291295,Cuscuta__ΦNPQ,Seed,Cuscuta__Seed
Cuscuta,C_epithymum,CUEP,A,1,young,2018-05-25,4:13:09 PM,,,y,864,ΦNPQ,0.218734702,Cuscuta__ΦNPQ,Young,Cuscuta__Young
Cuscuta,C_epithymum,CUEP,C,2,old,2018-05-29,2:05:22 PM,,,o,893,ΦNPQ,0.160039993,Cuscuta__ΦNPQ,Old,Cuscuta__Old
Cuscuta,C_epithymum,CUEP,A,1,haustorium,2018-05-25,4:36:01 PM,,,h,895,ΦNPQ,0.213248408,Cuscuta__ΦNPQ,Haustorium,Cuscuta__Haustorium
Cuscuta,C_epithymum,CUEP,C,6,old,2018-05-29,2:05:22 PM,,,o,897,ΦNPQ,0.28109461,Cuscuta__ΦNPQ,Old,Cuscuta__Old
Cuscuta,C_epithymum,CUEP,A,4,young,2018-05-25,4:13:09 PM,,,y,914,ΦNPQ,0.032687389,Cuscuta__ΦNPQ,Young,Cuscuta__Young
Cuscuta,C_epithymum,CUEP,A,2,old,2018-05-25,4:27:35 PM,,,o,915,ΦNPQ,0.159281197,Cuscuta__ΦNPQ,Old,Cuscuta__Old
Cuscuta,C_epithymum,CUEP,D,2,young,2018-06-20,2:48:08 PM,,,y,938,ΦNPQ,0.067377495,Cuscuta__ΦNPQ,Young,Cuscuta__Young
Cuscuta,C_epithymum,CUEP,C,1,young,2018-05-29,1:56:11 PM,,,y,943,ΦNPQ,0.008201117,Cuscuta__ΦNPQ,Young,Cuscuta__Young
Cuscuta,C_epithymum,CUEP,C,1,old,2018-05-29,2:05:22 PM,,,o,961,ΦNPQ,0.138795987,Cuscuta__ΦNPQ,Old,Cuscuta__Old
Cuscuta,C_epithymum,CUEP,C,5,old,2018-05-29,2:05:22 PM,,,o,964,ΦNPQ,0.17518066,Cuscuta__ΦNPQ,Old,Cuscuta__Old
Cuscuta,C_epithymum,CUEP,C,2,young,2018-05-29,1:56:11 PM,,,y,966,ΦNPQ,0.054133864,Cuscuta__ΦNPQ,Young,Cuscuta__Young
Cuscuta,C_epithymum,CUEP,C,4,old,2018-05-29,2:05:22 PM,,,o,980,ΦNPQ,0.130236907,Cuscuta__ΦNPQ,Old,Cuscuta__Old
Grammica,C_cephalanthii,1567,A,2,seed,2017-12-21,10:53:16 AM,ok to 0,,s,2,ΦNPQ,0.348223037,Grammica__ΦNPQ,Seed,Grammica__Seed
Grammica,C_indecora,ss16-17,A,7,seed,2018-01-15,10:19:56 AM,other aoi had signal,,s,4,ΦNPQ,0.217099494,Grammica__ΦNPQ,Seed,Grammica__Seed
Grammica,C_californica,ss17-105,B,2,old,2018-05-29,3:42:33 PM,,,o,6,ΦNPQ,0.37037037,Grammica__ΦNPQ,Old,Grammica__Old
Grammica,C_cephalanthii,1567,B,4,old,2017-12-13,12:12:56 PM,,,o,7,ΦNPQ,0.284552846,Grammica__ΦNPQ,Old,Grammica__Old
Grammica,C_cephalanthii,1567,A,6,flower,2017-12-21,10:53:16 AM,,,f,8,ΦNPQ,0.36637931,Grammica__ΦNPQ,Flower,Grammica__Flower
Grammica,C_cephalanthii,1567,A,8,flower,2017-12-21,10:53:16 AM,,,f,9,ΦNPQ,0.38195302800000003,Grammica__ΦNPQ,Flower,Grammica__Flower
Grammica,C_cephalanthii,1567,A,6,old,2017-12-21,10:20:01 AM,,,o,10,ΦNPQ,0.234645526,Grammica__ΦNPQ,Old,Grammica__Old
Grammica,C_cephalanthii,1567,D,4,old,2018-03-08,12:10:52 PM,,,o,11,ΦNPQ,0.289156627,Grammica__ΦNPQ,Old,Grammica__Old
Grammica,C_cephalanthii,1567,E,2,old,2018-03-08,1:10:13 PM,truly 0 signal,,o,12,ΦNPQ,0,Grammica__ΦNPQ,Old,Grammica__Old
Grammica,C_cephalanthii,1567,E,3,old,2018-03-08,1:10:13 PM,truly 0 signal,,o,13,ΦNPQ,0,Grammica__ΦNPQ,Old,Grammica__Old
Grammica,C_cephalanthii,1567,E,5,old,2018-03-08,1:10:13 PM,,,o,14,ΦNPQ,0.401360544,Grammica__ΦNPQ,Old,Grammica__Old
Grammica,C_cephalanthii,1567,E,6,old,2018-03-08,1:10:13 PM,truly 0 signal,,o,15,ΦNPQ,0,Grammica__ΦNPQ,Old,Grammica__Old
Grammica,C_indecora,ss16-17,A,1,young,2017-12-13,1:12:06 PM,,,y,16,ΦNPQ,0,Grammica__ΦNPQ,Young,Grammica__Young
Grammica,C_indecora,ss16-17,A,2,young,2017-12-13,1:12:06 PM,truly 0 signal,,y,17,ΦNPQ,0,Grammica__ΦNPQ,Young,Grammica__Young
Grammica,C_indecora,ss16-17,A,3,young,2017-12-13,1:12:06 PM,truly 0 signal,,y,18,ΦNPQ,0,Grammica__ΦNPQ,Young,Grammica__Young
Grammica,C_indecora,ss16-17,A,3,flower,2018-01-15,10:19:56 AM,flowers themselves have 0 signal; their stems have a little,,f,19,ΦNPQ,0,Grammica__ΦNPQ,Flower,Grammica__Flower
Grammica,C_indecora,ss16-17,A,4,flower,2018-01-15,10:19:56 AM,flowers themselves have 0 signal; their stems have a little,,f,20,ΦNPQ,0,Grammica__ΦNPQ,Flower,Grammica__Flower
Grammica,C_indecora,ss16-17,A,5,flower,2018-01-15,10:19:56 AM,flowers themselves have 0 signal; their stems have a little,,f,21,ΦNPQ,0,Grammica__ΦNPQ,Flower,Grammica__Flower
Grammica,C_indecora,ss16-17,C,2,old,2018-01-25,11:51:38 AM,truly 0 signal,,o,22,ΦNPQ,0,Grammica__ΦNPQ,Old,Grammica__Old
Grammica,C_indecora,ss16-17,C,3,old,2018-01-25,11:51:38 AM,truly 0 signal,,o,23,ΦNPQ,0,Grammica__ΦNPQ,Old,Grammica__Old
Grammica,C_indecora,ss16-17,C,4,old,2018-01-25,11:51:38 AM,truly 0 signal,,o,24,ΦNPQ,0,Grammica__ΦNPQ,Old,Grammica__Old
Grammica,C_indecora,ss16-17,C,4,flower,2018-03-23,4:45:38 PM,0 YPSII,,f,25,ΦNPQ,0.151045066,Grammica__ΦNPQ,Flower,Grammica__Flower
Grammica,C_indecora,ss16-17,C,5,flower,2018-03-23,4:45:38 PM,,,f,26,ΦNPQ,0.075471698,Grammica__ΦNPQ,Flower,Grammica__Flower
Grammica,C_sandwichiana,155,-,1,seedling,8/24/18,12:33:37,,,sdlg,75,ΦNPQ,0.362318841,Grammica__ΦNPQ,Seedling,Grammica__Seedling
Grammica,C_sandwichiana,155,A,9,flower,2018-01-15,11:13:48 AM,0 YPSII,,f,76,ΦNPQ,0.1074603,Grammica__ΦNPQ,Flower,Grammica__Flower
Grammica,C_sandwichiana,155,D,2,young,2018-01-25,1:05:39 PM,0 signal for this AOI; one AOI/sample did have a signal though,,y,77,ΦNPQ,0,Grammica__ΦNPQ,Young,Grammica__Young
Grammica,C_sandwichiana,155,D,3,young,2018-01-25,1:05:39 PM,0 signal for this AOI; one AOI/sample did have a signal though,,y,78,ΦNPQ,0,Grammica__ΦNPQ,Young,Grammica__Young
Grammica,C_polygonorum,1705,A,4,old,2018-01-25,9:58:34 AM,truly 0 signal,,o,79,ΦNPQ,0,Grammica__ΦNPQ,Old,Grammica__Old
Grammica,C_compacta,1566,-,2,seedling,2017-11-08,9:46:35 AM,0 YPSII,,sdlg,81,ΦNPQ,0.386575753,Grammica__ΦNPQ,Seedling,Grammica__Seedling
Grammica,C_compacta,1566,E,1,young,2017-11-15,9:59:32 AM,0 PSII; others have some level of PSII though… just not this one,,y,82,ΦNPQ,0.482902653,Grammica__ΦNPQ,Young,Grammica__Young
Grammica,C_compacta,1566,B,1,haustorium,2017-12-21,11:32:37 AM,truly 0 signal,,h,83,ΦNPQ,0,Grammica__ΦNPQ,Haustorium,Grammica__Haustorium
Grammica,C_compacta,1566,B,2,haustorium,2017-12-21,11:32:37 AM,truly 0 signal,,h,84,ΦNPQ,0,Grammica__ΦNPQ,Haustorium,Grammica__Haustorium
Grammica,C_compacta,1566,B,4,old,2017-12-21,11:24:24 AM,truly 0 signal,,o,85,ΦNPQ,0,Grammica__ΦNPQ,Old,Grammica__Old
Grammica,C_compacta,1566,B,2,flower,2018-03-15,3:45:50 PM,truly 0 signal,,f,86,ΦNPQ,0,Grammica__ΦNPQ,Flower,Grammica__Flower
Grammica,C_compacta,1566,B,3,flower,2018-03-15,3:45:50 PM,truly 0 signal,,f,87,ΦNPQ,0,Grammica__ΦNPQ,Flower,Grammica__Flower
Grammica,C_compacta,1566,B,4,flower,2018-03-15,3:45:50 PM,truly 0 signal,,f,88,ΦNPQ,0,Grammica__ΦNPQ,Flower,Grammica__Flower
Grammica,C_compacta,1566,B,5,flower,2018-03-15,3:45:50 PM,truly 0 signal,,f,89,ΦNPQ,0,Grammica__ΦNPQ,Flower,Grammica__Flower
Grammica,C_denticulata,ss13-46,-,4,seedling,2018-04-17,1:38:52 PM,,,sdlg,90,ΦNPQ,0.464926591,Grammica__ΦNPQ,Seedling,Grammica__Seedling
Grammica,C_denticulata,ss13-46,A,2,old,2018-05-29,3:19:24 PM,,,o,91,ΦNPQ,0.256410256,Grammica__ΦNPQ,Old,Grammica__Old
Grammica,C_tasmanica,17-15,A,3,young,2017-12-21,11:50:46 AM,truly 0 signal,,y,103,ΦNPQ,0,Grammica__ΦNPQ,Young,Grammica__Young
Grammica,C_tasmanica,17-15,A,2,old,2018-04-17,3:00:16 PM,truly 0 signal,,o,104,ΦNPQ,0,Grammica__ΦNPQ,Old,Grammica__Old
Grammica,C_tasmanica,17-15,A,3,old,2018-04-17,3:00:16 PM,,,o,105,ΦNPQ,0.169491525,Grammica__ΦNPQ,Old,Grammica__Old
Grammica,C_tasmanica,17-15,A,4,old,2018-04-17,3:00:16 PM,truly 0 signal,,o,106,ΦNPQ,0,Grammica__ΦNPQ,Old,Grammica__Old
Grammica,C_tasmanica,17-15,A,5,old,2018-04-17,3:00:16 PM,truly 0 signal,,o,107,ΦNPQ,0,Grammica__ΦNPQ,Old,Grammica__Old
Grammica,C_tasmanica,17-15,B,3,old,2017-12-21,12:02:39 PM,truly 0 signal,,o,108,ΦNPQ,0,Grammica__ΦNPQ,Old,Grammica__Old
Grammica,C_tasmanica,17-15,B,4,old,2017-12-21,12:02:39 PM,,,o,109,ΦNPQ,0,Grammica__ΦNPQ,Old,Grammica__Old
Grammica,C_tasmanica,17-15,B,4,flower,2018-05-25,12:21:17 PM,,,f,110,ΦNPQ,0.222680412,Grammica__ΦNPQ,Flower,Grammica__Flower
Grammica,C_tasmanica,17-15,D,5,flower,2018-05-29,10:52:34 AM,,,f,111,ΦNPQ,0.127118644,Grammica__ΦNPQ,Flower,Grammica__Flower
Grammica,C_tasmanica,17-15,D,2,old,2018-05-03,1:42:52 PM,,,o,112,ΦNPQ,0.070866142,Grammica__ΦNPQ,Old,Grammica__Old
Grammica,C_tasmanica,17-15,D,3,old,2018-05-03,1:42:52 PM,,,o,113,ΦNPQ,0.067567568,Grammica__ΦNPQ,Old,Grammica__Old
Grammica,C_tasmanica,17-15,D,4,old,2018-05-03,1:42:52 PM,,,o,114,ΦNPQ,0.169491525,Grammica__ΦNPQ,Old,Grammica__Old
Grammica,C_australis,1382,C,2,haustorium,2017-12-13,2:42:33 PM,truly 0 signal,,h,117,ΦNPQ,0,Grammica__ΦNPQ,Haustorium,Grammica__Haustorium
Grammica,C_australis,1382,C,3,haustorium,2017-12-13,2:42:33 PM,truly 0 signal,,h,118,ΦNPQ,0,Grammica__ΦNPQ,Haustorium,Grammica__Haustorium
Grammica,C_gracillima,CUGR,A,1,old,2018-06-20,1:42:37 PM,truly 0 signal,,o,120,ΦNPQ,0,Grammica__ΦNPQ,Old,Grammica__Old
Grammica,C_gracillima,CUGR,A,2,old,2018-06-20,1:42:37 PM,truly 0 signal,,o,121,ΦNPQ,0,Grammica__ΦNPQ,Old,Grammica__Old
Grammica,C_gracillima,CUGR,A,4,old,2018-06-20,1:42:37 PM,truly 0 signal,,o,122,ΦNPQ,0,Grammica__ΦNPQ,Old,Grammica__Old
Grammica,C_sandwichiana,155,C,3,seed,2018-01-15,9:59:00 AM,,,s,123,ΦNPQ,0.182357832,Grammica__ΦNPQ,Seed,Grammica__Seed
Grammica,C_sandwichiana,155,A,8,flower,2018-01-15,11:13:48 AM,,,f,124,ΦNPQ,0.344058297,Grammica__ΦNPQ,Flower,Grammica__Flower
Grammica,C_sandwichiana,155,A,3,seed,2018-01-15,11:13:48 AM,,,s,125,ΦNPQ,0.155956039,Grammica__ΦNPQ,Seed,Grammica__Seed
Grammica,C_cephalanthii,1567,B,12,flower,2017-12-21,10:08:02 AM,,,f,126,ΦNPQ,0.321692322,Grammica__ΦNPQ,Flower,Grammica__Flower
Grammica,C_sandwichiana,155,A,10,flower,2018-01-15,11:13:48 AM,,,f,127,ΦNPQ,0.204288422,Grammica__ΦNPQ,Flower,Grammica__Flower
Grammica,C_sandwichiana,155,C,8,flower,2018-01-15,9:59:00 AM,,,f,128,ΦNPQ,0.199950706,Grammica__ΦNPQ,Flower,Grammica__Flower
Grammica,C_sandwichiana,155,A,4,seed,2018-01-15,11:13:48 AM,,,s,129,ΦNPQ,0.235458718,Grammica__ΦNPQ,Seed,Grammica__Seed
Grammica,C_compacta,1566,D,6,flower,2018-03-08,11:00:04 AM,,,f,130,ΦNPQ,0.281536887,Grammica__ΦNPQ,Flower,Grammica__Flower
Grammica,C_compacta,1566,D,4,flower,2018-03-08,11:00:04 AM,,,f,131,ΦNPQ,0.248848833,Grammica__ΦNPQ,Flower,Grammica__Flower
Grammica,C_compacta,1566,D,3,flower,2018-03-08,11:00:04 AM,,,f,132,ΦNPQ,0.213799325,Grammica__ΦNPQ,Flower,Grammica__Flower
Grammica,C_indecora,ss16-17,B,7,flower,2018-01-25,12:25:31 PM,,,f,133,ΦNPQ,0.273432038,Grammica__ΦNPQ,Flower,Grammica__Flower
Grammica,C_cephalanthii,1567,B,3,seed,2017-12-21,10:08:02 AM,,,s,135,ΦNPQ,0.286552223,Grammica__ΦNPQ,Seed,Grammica__Seed
Grammica,C_indecora,ss16-17,C,3,flower,2018-03-23,4:45:38 PM,,,f,136,ΦNPQ,0.158457711,Grammica__ΦNPQ,Flower,Grammica__Flower
Grammica,C_polygonorum,1705,C,2,haustorium,2017-12-13,11:51:43 AM,,,h,137,ΦNPQ,0.34989605,Grammica__ΦNPQ,Haustorium,Grammica__Haustorium
Grammica,C_polygonorum,1705,C,7,flower,2017-12-13,1:00:53 PM,,,f,138,ΦNPQ,0.422281362,Grammica__ΦNPQ,Flower,Grammica__Flower
Grammica,C_indecora,ss16-17,D,3,flower,2018-02-16,3:35:35 PM,,,f,139,ΦNPQ,0.350320639,Grammica__ΦNPQ,Flower,Grammica__Flower
Grammica,C_compacta,1566,-,2,seedling,2017-11-09,5:36:41 PM,,,sdlg,140,ΦNPQ,0.44838618,Grammica__ΦNPQ,Seedling,Grammica__Seedling
Grammica,C_gracillima,CUGR,B,2,haustorium,2018-07-06,10:49:28 AM,,,h,141,ΦNPQ,0.39655162,Grammica__ΦNPQ,Haustorium,Grammica__Haustorium
Grammica,C_compacta,1566,-,1,seedling,2017-11-09,5:44:53 PM,,,sdlg,142,ΦNPQ,0.416613459,Grammica__ΦNPQ,Seedling,Grammica__Seedling
Grammica,C_sandwichiana,155,C,9,flower,2018-01-15,9:59:00 AM,,,f,144,ΦNPQ,0.243303902,Grammica__ΦNPQ,Flower,Grammica__Flower
Grammica,C_cephalanthii,1567,B,7,old,2017-12-13,12:12:56 PM,,,o,146,ΦNPQ,0.252762767,Grammica__ΦNPQ,Old,Grammica__Old
Grammica,C_cephalanthii,1567,A,4,old,2017-12-21,10:20:01 AM,,,o,147,ΦNPQ,0.207757237,Grammica__ΦNPQ,Old,Grammica__Old
Grammica,C_polygonorum,1705,C,3,haustorium,2017-12-13,11:51:43 AM,,,h,148,ΦNPQ,0.479591837,Grammica__ΦNPQ,Haustorium,Grammica__Haustorium
Grammica,C_sandwichiana,155,C,2,seed,2018-01-15,9:59:00 AM,,,s,149,ΦNPQ,0.198927345,Grammica__ΦNPQ,Seed,Grammica__Seed
Grammica,C_polygonorum,1705,A,2,old,2018-01-25,9:58:34 AM,,,o,150,ΦNPQ,0.188919636,Grammica__ΦNPQ,Old,Grammica__Old
Grammica,C_gracillima,CUGR,B,1,haustorium,2018-07-06,10:49:28 AM,,,h,151,ΦNPQ,0.539882353,Grammica__ΦNPQ,Haustorium,Grammica__Haustorium
Grammica,C_sandwichiana,155,A,7,old,2018-01-15,11:31:08 AM,,,o,153,ΦNPQ,0.195188832,Grammica__ΦNPQ,Old,Grammica__Old
Grammica,C_polygonorum,1705,C,6,flower,2017-12-13,1:00:53 PM,,,f,154,ΦNPQ,0.394568137,Grammica__ΦNPQ,Flower,Grammica__Flower
Grammica,C_cephalanthii,1567,F,8,seed (old),2018-05-29,12:23:38 PM,,,s,156,ΦNPQ,0.340612544,Grammica__ΦNPQ,Seed,Grammica__Seed
Grammica,C_indecora,ss16-17,D,9,haustorium,2018-03-23,3:04:55 PM,,,h,157,ΦNPQ,0.261315466,Grammica__ΦNPQ,Haustorium,Grammica__Haustorium
Grammica,C_tasmanica,17-15,C,3,young,2018-05-29,1:12:22 PM,,,y,160,ΦNPQ,0.247337278,Grammica__ΦNPQ,Young,Grammica__Young
Grammica,C_polygonorum,1705,A,3,old,2018-01-25,9:58:34 AM,,,o,162,ΦNPQ,0.237840057,Grammica__ΦNPQ,Old,Grammica__Old
Grammica,C_californica,ss17-105,D,8,flower,2018-07-06,2:13:32 PM,,,f,163,ΦNPQ,0.293966208,Grammica__ΦNPQ,Flower,Grammica__Flower
Grammica,C_sandwichiana,155,A,6,old,2018-01-15,11:31:08 AM,,,o,164,ΦNPQ,0.253323173,Grammica__ΦNPQ,Old,Grammica__Old
Grammica,C_sandwichiana,155,D,4,old,2018-01-25,1:13:25 PM,,,o,165,ΦNPQ,0.197300389,Grammica__ΦNPQ,Old,Grammica__Old
Grammica,C_indecora,ss16-17,B,3,seed,2018-01-25,12:25:31 PM,,,s,166,ΦNPQ,0.2136805,Grammica__ΦNPQ,Seed,Grammica__Seed
Grammica,C_cephalanthii,1567,B,7,seed,2017-12-21,10:08:02 AM,,,s,167,ΦNPQ,0.395406692,Grammica__ΦNPQ,Seed,Grammica__Seed
Grammica,C_indecora,ss16-17,E,2,seed,2018-03-23,3:52:37 PM,,,s,168,ΦNPQ,0.334749035,Grammica__ΦNPQ,Seed,Grammica__Seed
Grammica,C_californica,ss17-105,E,9,flower,2018-07-06,2:26:42 PM,,,f,169,ΦNPQ,0,Grammica__ΦNPQ,Flower,Grammica__Flower
Grammica,C_compacta,1566,D,5,flower,2018-03-08,11:00:04 AM,,,f,170,ΦNPQ,0.164477441,Grammica__ΦNPQ,Flower,Grammica__Flower
Grammica,C_polygonorum,1705,A,2,seed,2018-01-25,10:20:42 AM,,,s,171,ΦNPQ,0.16947823,Grammica__ΦNPQ,Seed,Grammica__Seed
Grammica,C_tasmanica,17-15,A,3,flower,2018-04-17,3:16:54 PM,,,f,174,ΦNPQ,0.232536287,Grammica__ΦNPQ,Flower,Grammica__Flower
Grammica,C_cephalanthii,1567,G,3,seed (old),2018-05-29,12:53:01 PM,,,s,176,ΦNPQ,0.23086726,Grammica__ΦNPQ,Seed,Grammica__Seed
Grammica,C_tasmanica,17-15,A,1,old,2018-04-17,3:00:16 PM,,,o,177,ΦNPQ,0.108629131,Grammica__ΦNPQ,Old,Grammica__Old
Grammica,C_cephalanthii,1567,G,4,haustorium,2018-03-04,5:38:33 PM,,,h,178,ΦNPQ,0.484754155,Grammica__ΦNPQ,Haustorium,Grammica__Haustorium
Grammica,C_tasmanica,17-15,C,5,flower,2018-06-22,1:42:52 PM,,,f,179,ΦNPQ,0.250754304,Grammica__ΦNPQ,Flower,Grammica__Flower
Grammica,C_cephalanthii,1567,G,4,seed (old),2018-05-29,12:53:01 PM,,,s,181,ΦNPQ,0.181513967,Grammica__ΦNPQ,Seed,Grammica__Seed
Grammica,C_cephalanthii,1567,B,11,flower,2017-12-21,10:08:02 AM,,,f,182,ΦNPQ,0.372587416,Grammica__ΦNPQ,Flower,Grammica__Flower
Grammica,C_sandwichiana,155,A,5,old,2018-01-15,11:31:08 AM,,,o,183,ΦNPQ,0.250380749,Grammica__ΦNPQ,Old,Grammica__Old
Grammica,C_australis,1382,B,2,haustorium,2017-12-13,3:30:14 PM,,,h,184,ΦNPQ,0.26681435,Grammica__ΦNPQ,Haustorium,Grammica__Haustorium
Grammica,C_cephalanthii,1567,B,10,flower,2017-12-21,10:08:02 AM,,,f,185,ΦNPQ,0.375138954,Grammica__ΦNPQ,Flower,Grammica__Flower
Grammica,C_denticulata,ss13-46,C,4,flower,2018-06-20,3:03:14 PM,,,f,188,ΦNPQ,0.248798588,Grammica__ΦNPQ,Flower,Grammica__Flower
Grammica,C_cephalanthii,1567,B,1,haustorium,2017-12-21,10:34:52 AM,,,h,189,ΦNPQ,0.416417851,Grammica__ΦNPQ,Haustorium,Grammica__Haustorium
Grammica,C_indecora,ss16-17,E,5,flower,2018-03-23,3:52:37 PM,,,f,190,ΦNPQ,0.19779824,Grammica__ΦNPQ,Flower,Grammica__Flower
Grammica,C_cephalanthii,1567,D,2,old,2018-03-08,12:10:52 PM,,,o,191,ΦNPQ,0.239364189,Grammica__ΦNPQ,Old,Grammica__Old
Grammica,C_cephalanthii,1567,A,5,flower,2017-12-21,10:53:16 AM,,,f,193,ΦNPQ,0.446883086,Grammica__ΦNPQ,Flower,Grammica__Flower
Grammica,C_cephalanthii,1567,A,4,seed,2017-12-21,10:53:16 AM,,,s,194,ΦNPQ,0.254190888,Grammica__ΦNPQ,Seed,Grammica__Seed
Grammica,C_denticulata,ss13-46,D,4,haustorium,2018-05-29,4:58:54 PM,,,h,195,ΦNPQ,0.235892244,Grammica__ΦNPQ,Haustorium,Grammica__Haustorium
Grammica,C_compacta,1566,D,2,flower,2018-03-08,11:00:04 AM,,,f,196,ΦNPQ,0.382672727,Grammica__ΦNPQ,Flower,Grammica__Flower
Grammica,C_tasmanica,17-15,D,1,flower,2018-05-29,10:52:34 AM,,,f,197,ΦNPQ,0.136512866,Grammica__ΦNPQ,Flower,Grammica__Flower
Grammica,C_polygonorum,1705,A,5,seed,2018-01-25,10:20:42 AM,,,s,198,ΦNPQ,0.162087321,Grammica__ΦNPQ,Seed,Grammica__Seed
Grammica,C_tasmanica,17-15,D,1,young,2018-05-03,1:32:11 PM,,,y,199,ΦNPQ,0.165464744,Grammica__ΦNPQ,Young,Grammica__Young
Grammica,C_gracillima,CUGR,A,3,old,2018-06-20,1:42:37 PM,,,o,200,ΦNPQ,0.211031627,Grammica__ΦNPQ,Old,Grammica__Old
Grammica,C_cephalanthii,1567,D,14,seed,2018-04-19,5:03:34 PM,,,s,201,ΦNPQ,0.404382186,Grammica__ΦNPQ,Seed,Grammica__Seed
Grammica,C_cephalanthii,1567,B,4,haustorium,2017-12-21,10:34:52 AM,,,h,202,ΦNPQ,0.394805319,Grammica__ΦNPQ,Haustorium,Grammica__Haustorium
Grammica,C_sandwichiana,155,D,3,old,2018-01-25,1:13:25 PM,,,o,203,ΦNPQ,0.187422871,Grammica__ΦNPQ,Old,Grammica__Old
Grammica,C_denticulata,ss13-46,C,5,flower,2018-06-20,3:03:14 PM,,,f,204,ΦNPQ,0.160847821,Grammica__ΦNPQ,Flower,Grammica__Flower
Grammica,C_tasmanica,17-15,C,1,flower,2018-06-22,1:42:52 PM,,,f,205,ΦNPQ,0.218201829,Grammica__ΦNPQ,Flower,Grammica__Flower
Grammica,C_cephalanthii,1567,A,2,seedling ,8/24/18,13:52:40,,,sdlg,207,ΦNPQ,0.500180668,Grammica__ΦNPQ,Seedling,Grammica__Seedling
Grammica,C_polygonorum,1705,C,1,haustorium,2017-12-13,11:51:43 AM,,,h,208,ΦNPQ,0.252686874,Grammica__ΦNPQ,Haustorium,Grammica__Haustorium
Grammica,C_cephalanthii,1567,B,2,seed,2017-12-21,10:08:02 AM,,,s,210,ΦNPQ,0.354169795,Grammica__ΦNPQ,Seed,Grammica__Seed
Grammica,C_denticulata,ss13-46,D,3,haustorium,2018-05-29,4:58:54 PM,,,h,211,ΦNPQ,0.039989605,Grammica__ΦNPQ,Haustorium,Grammica__Haustorium
Grammica,C_tasmanica,17-15,B,3,flower,2018-05-25,12:21:17 PM,,,f,214,ΦNPQ,0.289179104,Grammica__ΦNPQ,Flower,Grammica__Flower
Grammica,C_tasmanica,17-15,A,4,flower,2018-04-17,3:16:54 PM,,,f,215,ΦNPQ,0.133954792,Grammica__ΦNPQ,Flower,Grammica__Flower
Grammica,C_sandwichiana,155,C,13,flower,2018-01-15,9:59:00 AM,,,f,216,ΦNPQ,0.271617003,Grammica__ΦNPQ,Flower,Grammica__Flower
Grammica,C_polygonorum,1705,A,6,seed,2018-01-25,10:20:42 AM,,,s,218,ΦNPQ,0.252822425,Grammica__ΦNPQ,Seed,Grammica__Seed
Grammica,C_polygonorum,1705,A,4,haustorium,2018-01-25,10:10:26 AM,,,h,219,ΦNPQ,0.279512297,Grammica__ΦNPQ,Haustorium,Grammica__Haustorium
Grammica,C_californica,ss17-105,D,6,young,2018-05-25,12:42:05 PM,,,y,220,ΦNPQ,0.233872846,Grammica__ΦNPQ,Young,Grammica__Young
Grammica,C_tasmanica,17-15,A,6,flower,2018-04-17,3:16:54 PM,,,f,222,ΦNPQ,0.180941119,Grammica__ΦNPQ,Flower,Grammica__Flower
Grammica,C_tasmanica,17-15,B,7,flower,2018-05-25,12:21:17 PM,,,f,224,ΦNPQ,0.227670932,Grammica__ΦNPQ,Flower,Grammica__Flower
Grammica,C_cephalanthii,1567,G,3,haustorium,2018-03-04,5:38:33 PM,,,h,225,ΦNPQ,0.446722097,Grammica__ΦNPQ,Haustorium,Grammica__Haustorium
Grammica,C_denticulata,ss13-46,C,10,flower,2018-06-20,3:03:14 PM,,,f,226,ΦNPQ,0.183027918,Grammica__ΦNPQ,Flower,Grammica__Flower
Grammica,C_cephalanthii,1567,B,3,haustorium,2017-12-21,10:34:52 AM,,,h,227,ΦNPQ,0.387187656,Grammica__ΦNPQ,Haustorium,Grammica__Haustorium
Grammica,C_tasmanica,17-15,B,3,old,2018-04-17,2:09:31 PM,,,o,228,ΦNPQ,0.076898933,Grammica__ΦNPQ,Old,Grammica__Old
Grammica,C_tasmanica,17-15,B,4,old,2018-03-15,4:32:42 PM,,,o,229,ΦNPQ,0.076898933,Grammica__ΦNPQ,Old,Grammica__Old
Grammica,C_cephalanthii,1567,B,2,haustorium,2017-12-21,10:34:52 AM,,,h,230,ΦNPQ,0.347375649,Grammica__ΦNPQ,Haustorium,Grammica__Haustorium
Grammica,C_denticulata,ss13-46,C,9,flower,2018-06-20,3:03:14 PM,,,f,231,ΦNPQ,0.147055286,Grammica__ΦNPQ,Flower,Grammica__Flower
Grammica,C_australis,1382,B,4,haustorium,2017-12-13,3:30:14 PM,,,h,232,ΦNPQ,0.303512394,Grammica__ΦNPQ,Haustorium,Grammica__Haustorium
Grammica,C_tasmanica,17-15,C,4,flower,2018-06-22,1:42:52 PM,,,f,233,ΦNPQ,0.149789264,Grammica__ΦNPQ,Flower,Grammica__Flower
Grammica,C_tasmanica,17-15,C,6,flower,2018-06-22,1:42:52 PM,,,f,234,ΦNPQ,0.196137196,Grammica__ΦNPQ,Flower,Grammica__Flower
Grammica,C_costaricensis,CUCO,B,7,young,2018-05-25,2:04:09 PM,,,y,236,ΦNPQ,0.114777028,Grammica__ΦNPQ,Young,Grammica__Young
Grammica,C_gracillima,CUGR,B,3,haustorium,2018-07-06,10:49:28 AM,,,h,237,ΦNPQ,0.553329526,Grammica__ΦNPQ,Haustorium,Grammica__Haustorium
Grammica,C_cephalanthii,1567,D,13,seed,2018-04-19,5:03:34 PM,,,s,238,ΦNPQ,0.480043196,Grammica__ΦNPQ,Seed,Grammica__Seed
Grammica,C_polygonorum,1705,D,5,haustorium,2018-07-06,12:10:49 PM,,,h,239,ΦNPQ,0.252096009,Grammica__ΦNPQ,Haustorium,Grammica__Haustorium
Grammica,C_tasmanica,17-15,B,2,flower,2018-05-25,12:21:17 PM,,,f,240,ΦNPQ,0.243735802,Grammica__ΦNPQ,Flower,Grammica__Flower
Grammica,C_sandwichiana,155,D,2,old,2018-01-25,1:13:25 PM,,,o,241,ΦNPQ,0.183856894,Grammica__ΦNPQ,Old,Grammica__Old
Grammica,C_indecora,ss16-17,B,2,flower,2018-03-23,3:39:17 PM,,,f,245,ΦNPQ,0.293653663,Grammica__ΦNPQ,Flower,Grammica__Flower
Grammica,C_polygonorum,1705,C,5,old,2017-12-13,11:41:35 AM,,,o,246,ΦNPQ,0.387489092,Grammica__ΦNPQ,Old,Grammica__Old
Grammica,C_gracillima,CUGR,B,1,old,2018-07-06,10:42:14 AM,,,o,247,ΦNPQ,0.424431351,Grammica__ΦNPQ,Old,Grammica__Old
Grammica,C_denticulata,ss13-46,B,3,haustorium,2018-06-20,1:19:35 PM,,,h,249,ΦNPQ,0.186559219,Grammica__ΦNPQ,Haustorium,Grammica__Haustorium
Grammica,C_tasmanica,17-15,C,2,flower,2018-06-22,1:42:52 PM,,,f,251,ΦNPQ,0.238948384,Grammica__ΦNPQ,Flower,Grammica__Flower
Grammica,C_cephalanthii,1567,A,5,old,2017-12-21,10:20:01 AM,,,o,253,ΦNPQ,0.242005692,Grammica__ΦNPQ,Old,Grammica__Old
Grammica,C_cephalanthii,1567,A,3,seed,2017-12-21,10:53:16 AM,,,s,254,ΦNPQ,0.493399445,Grammica__ΦNPQ,Seed,Grammica__Seed
Grammica,C_australis,1382,B,4,old,2017-12-13,3:17:31 PM,,,o,256,ΦNPQ,0.516907507,Grammica__ΦNPQ,Old,Grammica__Old
Grammica,C_australis,1382,A,3,old,2018-01-25,11:20:59 AM,,,o,257,ΦNPQ,0.238929811,Grammica__ΦNPQ,Old,Grammica__Old
Grammica,C_cephalanthii,1567,B,13,flower,2017-12-21,10:08:02 AM,,,f,258,ΦNPQ,0.437420825,Grammica__ΦNPQ,Flower,Grammica__Flower
Grammica,C_cephalanthii,1567,G,1,haustorium,2018-03-04,5:38:33 PM,,,h,259,ΦNPQ,0.523049581,Grammica__ΦNPQ,Haustorium,Grammica__Haustorium
Grammica,C_cephalanthii,1567,B,4,seed,2017-12-21,10:08:02 AM,,,s,262,ΦNPQ,0.399612012,Grammica__ΦNPQ,Seed,Grammica__Seed
Grammica,C_sandwichiana,155,-,1,seedling,8/24/18,12:18:16,,,sdlg,263,ΦNPQ,0.448452493,Grammica__ΦNPQ,Seedling,Grammica__Seedling
Grammica,C_cephalanthii,1567,B,9,flower,2017-12-21,10:08:02 AM,,,f,264,ΦNPQ,0.361098659,Grammica__ΦNPQ,Flower,Grammica__Flower
Grammica,C_denticulata,ss13-46,D,5,haustorium,2018-05-29,4:58:54 PM,,,h,265,ΦNPQ,0.299956412,Grammica__ΦNPQ,Haustorium,Grammica__Haustorium
Grammica,C_sandwichiana,155,D,2,haustorium,2018-01-25,1:21:03 PM,,,h,266,ΦNPQ,0.236702478,Grammica__ΦNPQ,Haustorium,Grammica__Haustorium
Grammica,C_cephalanthii,1567,D,11,seed,2018-04-19,5:03:34 PM,,,s,267,ΦNPQ,0.45157744,Grammica__ΦNPQ,Seed,Grammica__Seed
Grammica,C_cephalanthii,1567,A,9,seed,2017-12-21,10:53:16 AM,,,s,268,ΦNPQ,0.28657705,Grammica__ΦNPQ,Seed,Grammica__Seed
Grammica,C_cephalanthii,1567,G,2,haustorium,2018-03-04,5:38:33 PM,,,h,270,ΦNPQ,0.45724862,Grammica__ΦNPQ,Haustorium,Grammica__Haustorium
Grammica,C_polygonorum,1705,A,9,flower,2018-01-25,10:20:42 AM,,,f,271,ΦNPQ,0.158311878,Grammica__ΦNPQ,Flower,Grammica__Flower
Grammica,C_polygonorum,1705,A,11,flower,2018-01-25,10:20:42 AM,,,f,272,ΦNPQ,0.184065218,Grammica__ΦNPQ,Flower,Grammica__Flower
Grammica,C_cephalanthii,1567,D,10,flower,2018-04-03,4:33:24 PM,,,f,274,ΦNPQ,0.444063097,Grammica__ΦNPQ,Flower,Grammica__Flower
Grammica,C_denticulata,ss13-46,D,5,haustorium,2018-06-22,4:57:03 PM,,,h,275,ΦNPQ,0.19971721,Grammica__ΦNPQ,Haustorium,Grammica__Haustorium
Grammica,C_compacta,1566,E,1,haustorium,2017-11-15,10:46:02 AM,,,h,276,ΦNPQ,0.443562813,Grammica__ΦNPQ,Haustorium,Grammica__Haustorium
Grammica,C_cephalanthii,1567,G,7,seed (old),2018-05-29,12:53:01 PM,,,s,278,ΦNPQ,0.300089804,Grammica__ΦNPQ,Seed,Grammica__Seed
Grammica,C_tasmanica,17-15,B,1,young,2018-03-15,4:44:24 PM,,,y,279,ΦNPQ,0.142679901,Grammica__ΦNPQ,Young,Grammica__Young
Grammica,C_tasmanica,17-15,B,3,young,2018-03-15,4:44:24 PM,,,y,280,ΦNPQ,0.180533752,Grammica__ΦNPQ,Young,Grammica__Young
Grammica,C_compacta,1566,A,1,haustorium,2017-11-15,12:05:49 PM,,,h,281,ΦNPQ,0.496971592,Grammica__ΦNPQ,Haustorium,Grammica__Haustorium
Grammica,C_cephalanthii,1567,D,1,haustorium,2018-03-04,4:43:17 PM,,,h,282,ΦNPQ,0.356033847,Grammica__ΦNPQ,Haustorium,Grammica__Haustorium
Grammica,C_cephalanthii,1567,B,6,seed,2017-12-21,10:08:02 AM,,,s,283,ΦNPQ,0.393966547,Grammica__ΦNPQ,Seed,Grammica__Seed
Grammica,C_tasmanica,17-15,A,5,flower,2018-04-17,3:16:54 PM,,,f,287,ΦNPQ,0.195302585,Grammica__ΦNPQ,Flower,Grammica__Flower
Grammica,C_australis,1382,-,1,seedling,2017-11-02,12:02:09 PM,,,sdlg,288,ΦNPQ,0.509970419,Grammica__ΦNPQ,Seedling,Grammica__Seedling
Grammica,C_indecora,ss16-17,D,1,flower,2018-03-23,3:04:55 PM,,,f,290,ΦNPQ,0.267687957,Grammica__ΦNPQ,Flower,Grammica__Flower
Grammica,C_sandwichiana,155,A,2,young,2018-01-15,10:49:39 AM,,,y,291,ΦNPQ,0.110606013,Grammica__ΦNPQ,Young,Grammica__Young
Grammica,C_tasmanica,17-15,B,6,flower,2018-05-25,12:21:17 PM,,,f,292,ΦNPQ,0.233397493,Grammica__ΦNPQ,Flower,Grammica__Flower
Grammica,C_polygonorum,1705,A,8,flower,2018-01-25,10:20:42 AM,,,f,293,ΦNPQ,0.117190163,Grammica__ΦNPQ,Flower,Grammica__Flower
Grammica,C_gracillima,CUGR,A,2,haustorium,2018-07-06,1:31:44 PM,,,h,295,ΦNPQ,0.529333635,Grammica__ΦNPQ,Haustorium,Grammica__Haustorium
Grammica,C_indecora,ss16-17,D,3,flower,2018-03-23,3:04:55 PM,,,f,296,ΦNPQ,0.275541776,Grammica__ΦNPQ,Flower,Grammica__Flower
Grammica,C_tasmanica,17-15,C,3,flower,2018-06-22,1:42:52 PM,,,f,297,ΦNPQ,0.282717652,Grammica__ΦNPQ,Flower,Grammica__Flower
Grammica,C_compacta,1566,B,3,old,2017-12-21,11:24:24 AM,,,o,298,ΦNPQ,0.234009273,Grammica__ΦNPQ,Old,Grammica__Old
Grammica,C_sandwichiana,155,S1,2,seedling,2017-11-09,6:04:24 PM,,,sdlg,299,ΦNPQ,0.177116824,Grammica__ΦNPQ,Seedling,Grammica__Seedling
Grammica,C_cephalanthii,1567,B,5,seed,2017-12-21,10:08:02 AM,,,s,300,ΦNPQ,0.445393674,Grammica__ΦNPQ,Seed,Grammica__Seed
Grammica,C_sandwichiana,155,A,1,haustorium,2018-01-15,11:21:16 AM,,,h,301,ΦNPQ,0.215675504,Grammica__ΦNPQ,Haustorium,Grammica__Haustorium
Grammica,C_gracillima,CUGR,A,1,young,2018-05-29,4:36:34 PM,,,y,303,ΦNPQ,0.530359227,Grammica__ΦNPQ,Young,Grammica__Young
Grammica,C_cephalanthii,1567,D,1,seed,2018-03-04,4:33:24 PM,,,s,304,ΦNPQ,0.402367765,Grammica__ΦNPQ,Seed,Grammica__Seed
Grammica,C_cephalanthii,1567,A,2,old,2017-12-21,10:20:01 AM,,,o,305,ΦNPQ,0.431649228,Grammica__ΦNPQ,Old,Grammica__Old
Grammica,C_australis,1382,C,4,old,2017-12-13,2:31:06 PM,,,o,306,ΦNPQ,0.315870318,Grammica__ΦNPQ,Old,Grammica__Old
Grammica,C_denticulata,ss13-46,C,7,flower,2018-06-20,3:03:14 PM,,,f,307,ΦNPQ,0.156535632,Grammica__ΦNPQ,Flower,Grammica__Flower
Grammica,C_polygonorum,1705,A,1,haustorium,2018-01-25,10:10:26 AM,,,h,308,ΦNPQ,0.284889639,Grammica__ΦNPQ,Haustorium,Grammica__Haustorium
Grammica,C_denticulata,ss13-46,D,1,haustorium,2018-06-22,4:57:03 PM,,,h,309,ΦNPQ,0.19837548,Grammica__ΦNPQ,Haustorium,Grammica__Haustorium
Grammica,C_compacta,1566,A,5,old,2017-11-15,10:28:34 AM,,,o,310,ΦNPQ,0.21062966,Grammica__ΦNPQ,Old,Grammica__Old
Grammica,C_compacta,1566,E,1,haustorium,2017-11-15,10:56:43 AM,,,h,311,ΦNPQ,0.509644114,Grammica__ΦNPQ,Haustorium,Grammica__Haustorium
Grammica,C_polygonorum,1705,C,7,old,2017-12-13,11:41:35 AM,,,o,312,ΦNPQ,0.314201603,Grammica__ΦNPQ,Old,Grammica__Old
Grammica,C_sandwichiana,155,A,2,haustorium,2018-01-15,11:21:16 AM,,,h,313,ΦNPQ,0.190745282,Grammica__ΦNPQ,Haustorium,Grammica__Haustorium
Grammica,C_denticulata,ss13-46,C,8,flower,2018-06-20,3:03:14 PM,,,f,315,ΦNPQ,0.106523469,Grammica__ΦNPQ,Flower,Grammica__Flower
Grammica,C_tasmanica,17-15,B,8,flower,2018-05-25,12:21:17 PM,,,f,317,ΦNPQ,0.234169212,Grammica__ΦNPQ,Flower,Grammica__Flower
Grammica,C_cephalanthii,1567,F,3,seed (old),2018-05-29,12:23:38 PM,,,s,319,ΦNPQ,0.376392444,Grammica__ΦNPQ,Seed,Grammica__Seed
Grammica,C_tasmanica,17-15,B,4,old,2018-04-17,2:09:31 PM,,,o,320,ΦNPQ,0.093780528,Grammica__ΦNPQ,Old,Grammica__Old
Grammica,C_sandwichiana,155,A,2,haustorium,2018-01-25,12:33:35 PM,,,h,322,ΦNPQ,0.23159036,Grammica__ΦNPQ,Haustorium,Grammica__Haustorium
Grammica,C_cephalanthii,1567,D,3,haustorium,2018-03-04,4:43:17 PM,,,h,324,ΦNPQ,0.582288339,Grammica__ΦNPQ,Haustorium,Grammica__Haustorium
Grammica,C_cephalanthii,1567,D,3,haustorium,2018-03-04,4:43:17 PM,,,h,325,ΦNPQ,0.582288339,Grammica__ΦNPQ,Haustorium,Grammica__Haustorium
Grammica,C_cephalanthii,1567,D,5,old,2018-04-03,4:18:12 PM,,,o,326,ΦNPQ,0.342506205,Grammica__ΦNPQ,Old,Grammica__Old
Grammica,C_compacta,1566,D,4,seed,2018-03-23,3:29:35 PM,,,s,327,ΦNPQ,0.353162936,Grammica__ΦNPQ,Seed,Grammica__Seed
Grammica,C_cephalanthii,1567,D,11,flower,2018-04-03,4:33:24 PM,,,f,328,ΦNPQ,0.316079166,Grammica__ΦNPQ,Flower,Grammica__Flower
Grammica,C_cephalanthii,1567,E,4,old,2018-03-08,1:10:13 PM,,,o,330,ΦNPQ,0.288498335,Grammica__ΦNPQ,Old,Grammica__Old
Grammica,C_compacta,1566,D,1,seed,2018-03-23,4:01:05 PM,,,s,331,ΦNPQ,0.171847398,Grammica__ΦNPQ,Seed,Grammica__Seed
Grammica,C_polygonorum,1705,A,2,haustorium,2018-01-25,10:10:26 AM,,,h,332,ΦNPQ,0.313995183,Grammica__ΦNPQ,Haustorium,Grammica__Haustorium
Grammica,C_cephalanthii,1567,D,1,haustorium,2018-03-08,11:59:03 AM,,,h,333,ΦNPQ,0.446764589,Grammica__ΦNPQ,Haustorium,Grammica__Haustorium
Grammica,C_cephalanthii,1567,D,3,haustorium,2018-03-08,11:59:03 AM,,,h,334,ΦNPQ,0.398797357,Grammica__ΦNPQ,Haustorium,Grammica__Haustorium
Grammica,C_polygonorum,1705,C,1,seed,2017-12-13,1:00:53 PM,,,s,336,ΦNPQ,0.232768165,Grammica__ΦNPQ,Seed,Grammica__Seed
Grammica,C_indecora,ss16-17,D,2,flower,2018-03-23,3:04:55 PM,,,f,337,ΦNPQ,0.247309141,Grammica__ΦNPQ,Flower,Grammica__Flower
Grammica,C_cephalanthii,1567,D,3,flower,2018-04-19,5:03:34 PM,,,f,338,ΦNPQ,0.3093332,Grammica__ΦNPQ,Flower,Grammica__Flower
Grammica,C_denticulata,ss13-46,D,2,haustorium,2018-06-22,4:57:03 PM,,,h,341,ΦNPQ,0.181196189,Grammica__ΦNPQ,Haustorium,Grammica__Haustorium
Grammica,C_tasmanica,17-15,B,9,flower,2018-05-25,12:21:17 PM,,,f,343,ΦNPQ,0.171270957,Grammica__ΦNPQ,Flower,Grammica__Flower
Grammica,C_cephalanthii,1567,D,3,old,2018-04-03,4:18:12 PM,,,o,344,ΦNPQ,0.352854692,Grammica__ΦNPQ,Old,Grammica__Old
Grammica,C_cephalanthii,1567,D,3,seed,2018-03-04,4:33:24 PM,,,s,345,ΦNPQ,0.369762117,Grammica__ΦNPQ,Seed,Grammica__Seed
Grammica,C_tasmanica,17-15,B,1,flower,2018-05-25,12:21:17 PM,,,f,346,ΦNPQ,0.245072514,Grammica__ΦNPQ,Flower,Grammica__Flower
Grammica,C_cephalanthii,1567,D,3,old,2018-03-08,12:10:52 PM,,,o,348,ΦNPQ,0.220663862,Grammica__ΦNPQ,Old,Grammica__Old
Grammica,C_tasmanica,17-15,A,2,flower,2018-04-17,3:16:54 PM,,,f,350,ΦNPQ,0.205824491,Grammica__ΦNPQ,Flower,Grammica__Flower
Grammica,C_indecora,ss16-17,B,3,old,2018-01-25,12:10:09 PM,,,o,352,ΦNPQ,0.212033166,Grammica__ΦNPQ,Old,Grammica__Old
Grammica,C_tasmanica,17-15,B,2,young,2018-03-15,4:44:24 PM,,,y,353,ΦNPQ,0.234650622,Grammica__ΦNPQ,Young,Grammica__Young
Grammica,C_sandwichiana,155,C,1,old,2017-12-13,3:46:17 PM,,,o,355,ΦNPQ,0.278462069,Grammica__ΦNPQ,Old,Grammica__Old
Grammica,C_cephalanthii,1567,G,2,seed (old),2018-05-29,12:53:01 PM,,,s,356,ΦNPQ,0.372103537,Grammica__ΦNPQ,Seed,Grammica__Seed
Grammica,C_australis,1382,A,1,haustorium,2018-01-25,11:30:18 AM,,,h,357,ΦNPQ,0.262668241,Grammica__ΦNPQ,Haustorium,Grammica__Haustorium
Grammica,C_cephalanthii,1567,B,3,haustorium,2017-12-13,12:25:12 PM,,,h,358,ΦNPQ,0.417910182,Grammica__ΦNPQ,Haustorium,Grammica__Haustorium
Grammica,C_sandwichiana,155,A,3,haustorium,2018-01-15,11:21:16 AM,,,h,359,ΦNPQ,0.143986846,Grammica__ΦNPQ,Haustorium,Grammica__Haustorium
Grammica,C_cephalanthii,1567,B,5,old,2017-12-13,12:12:56 PM,,,o,361,ΦNPQ,0.271465969,Grammica__ΦNPQ,Old,Grammica__Old
Grammica,C_indecora,ss16-17,A,3,haustorium,2017-12-13,1:34:11 PM,,,h,362,ΦNPQ,0.354105928,Grammica__ΦNPQ,Haustorium,Grammica__Haustorium
Grammica,C_polygonorum,1705,D,2,haustorium,2018-07-06,12:10:49 PM,,,h,363,ΦNPQ,0.303116757,Grammica__ΦNPQ,Haustorium,Grammica__Haustorium
Grammica,C_tasmanica,17-15,B,5,flower,2018-05-25,12:21:17 PM,,,f,364,ΦNPQ,0.309959921,Grammica__ΦNPQ,Flower,Grammica__Flower
Grammica,C_californica,ss17-105,D,3,haustorium,2018-05-25,1:08:20 PM,,,h,365,ΦNPQ,0.36447633,Grammica__ΦNPQ,Haustorium,Grammica__Haustorium
Grammica,C_sandwichiana,155,S2,1,seedling,2017-11-09,5:54:52 PM,,,sdlg,366,ΦNPQ,0.260394477,Grammica__ΦNPQ,Seedling,Grammica__Seedling
Grammica,C_australis,1382,A,3,haustorium,2018-01-25,11:30:18 AM,,,h,368,ΦNPQ,0.5398274,Grammica__ΦNPQ,Haustorium,Grammica__Haustorium
Grammica,C_polygonorum,1705,A,3,haustorium,2018-01-25,11:10:26 AM,,,h,369,ΦNPQ,0.293209877,Grammica__ΦNPQ,Haustorium,Grammica__Haustorium
Grammica,C_polygonorum,1705,S,1,seedling,2017-11-09,6:13:19 PM,,,sdlg,370,ΦNPQ,0.358526334,Grammica__ΦNPQ,Seedling,Grammica__Seedling
Grammica,C_californica,ss17-105,D,7,flower,2018-07-06,2:13:32 PM,,,f,371,ΦNPQ,0.353464775,Grammica__ΦNPQ,Flower,Grammica__Flower
Grammica,C_cephalanthii,1567,D,13,flower,2018-04-03,4:33:24 PM,,,f,372,ΦNPQ,0.339275896,Grammica__ΦNPQ,Flower,Grammica__Flower
Grammica,C_australis,1382,C,3,old,2017-12-13,2:31:06 PM,,,o,374,ΦNPQ,0.321542192,Grammica__ΦNPQ,Old,Grammica__Old
Grammica,C_cephalanthii,1567,B,8,seed,2017-12-21,10:08:02 AM,,,s,376,ΦNPQ,0.449793746,Grammica__ΦNPQ,Seed,Grammica__Seed
Grammica,C_compacta,1566,D,2,seed,2018-03-23,3:29:35 PM,,,s,377,ΦNPQ,0.350074386,Grammica__ΦNPQ,Seed,Grammica__Seed
Grammica,C_californica,ss17-105,D,3,flower,2018-07-06,2:13:32 PM,,,f,378,ΦNPQ,0.27500743,Grammica__ΦNPQ,Flower,Grammica__Flower
Grammica,C_sandwichiana,155,A,1,young,2018-01-15,10:49:39 AM,,,y,379,ΦNPQ,0.100010192,Grammica__ΦNPQ,Young,Grammica__Young
Grammica,C_denticulata,ss13-46,A,5,old,2018-05-29,3:19:24 PM,,,o,380,ΦNPQ,0.230113636,Grammica__ΦNPQ,Old,Grammica__Old
Grammica,C_californica,ss17-105,E,8,flower,2018-07-06,2:26:42 PM,,,f,382,ΦNPQ,0.30616604,Grammica__ΦNPQ,Flower,Grammica__Flower
Grammica,C_polygonorum,1705,D,3,haustorium,2018-07-06,12:10:49 PM,,,h,383,ΦNPQ,0.259739765,Grammica__ΦNPQ,Haustorium,Grammica__Haustorium
Grammica,C_tasmanica,17-15,B,2,old,2018-04-17,2:09:31 PM,,,o,385,ΦNPQ,0.116487455,Grammica__ΦNPQ,Old,Grammica__Old
Grammica,C_indecora,ss16-17,E,3,seed,2018-03-23,3:52:37 PM,,,s,387,ΦNPQ,0.208587571,Grammica__ΦNPQ,Seed,Grammica__Seed
Grammica,C_cephalanthii,1567,G,5,seed (old),2018-05-29,12:53:01 PM,,,s,388,ΦNPQ,0.396767696,Grammica__ΦNPQ,Seed,Grammica__Seed
Grammica,C_cephalanthii,1567,A,3,old,2017-12-21,10:20:01 AM,,,o,389,ΦNPQ,0.268094901,Grammica__ΦNPQ,Old,Grammica__Old
Grammica,C_cephalanthii,1567,G,5,old,2018-04-03,5:27:45 PM,,,o,390,ΦNPQ,0.220631907,Grammica__ΦNPQ,Old,Grammica__Old
Grammica,C_sandwichiana,155,C,1,haustorium,2017-12-13,3:55:12 PM,,,h,391,ΦNPQ,0.41224213,Grammica__ΦNPQ,Haustorium,Grammica__Haustorium
Grammica,C_californica,ss17-105,D,4,flower,2018-07-06,2:13:32 PM,,,f,392,ΦNPQ,0.317448202,Grammica__ΦNPQ,Flower,Grammica__Flower
Grammica,C_australis,1382,A,4,old,2018-01-25,11:20:59 AM,,,o,393,ΦNPQ,0.187567132,Grammica__ΦNPQ,Old,Grammica__Old
Grammica,C_polygonorum,1705,A,10,flower,2018-01-25,10:20:42 AM,,,f,394,ΦNPQ,0.199089301,Grammica__ΦNPQ,Flower,Grammica__Flower
Grammica,C_sandwichiana,155,D,1,haustorium,2018-01-25,1:21:03 PM,,,h,395,ΦNPQ,0.201506908,Grammica__ΦNPQ,Haustorium,Grammica__Haustorium
Grammica,C_cephalanthii,1567,B,2,haustorium,2017-12-13,12:25:12 PM,,,h,397,ΦNPQ,0.321033152,Grammica__ΦNPQ,Haustorium,Grammica__Haustorium
Grammica,C_gracillima,CUGR,A,5,haustorium,2018-07-06,1:31:44 PM,,,h,399,ΦNPQ,0.441965155,Grammica__ΦNPQ,Haustorium,Grammica__Haustorium
Grammica,C_indecora,ss16-17,B,1,flower,2018-03-23,3:39:17 PM,,,f,400,ΦNPQ,0.194030962,Grammica__ΦNPQ,Flower,Grammica__Flower
Grammica,C_tasmanica,17-15,D,1,haustorium,2018-05-03,1:52:11 PM,,,h,401,ΦNPQ,0.197786947,Grammica__ΦNPQ,Haustorium,Grammica__Haustorium
Grammica,C_sandwichiana,155,-,2,seedling,8/24/18,12:33:37,,,sdlg,403,ΦNPQ,0.246579538,Grammica__ΦNPQ,Seedling,Grammica__Seedling
Grammica,C_compacta,1566,B,2,old,2017-12-21,11:24:24 AM,,,o,404,ΦNPQ,0.149213118,Grammica__ΦNPQ,Old,Grammica__Old
Grammica,C_sandwichiana,155,C,3,old,2017-12-13,3:46:17 PM,,,o,405,ΦNPQ,0.231964243,Grammica__ΦNPQ,Old,Grammica__Old
Grammica,C_denticulata,ss13-46,D,4,old,2018-06-22,4:47:32 PM,,,o,406,ΦNPQ,0.206379116,Grammica__ΦNPQ,Old,Grammica__Old
Grammica,C_sandwichiana,155,-,2,seedling,8/24/18,12:18:16,,,sdlg,407,ΦNPQ,0.185771632,Grammica__ΦNPQ,Seedling,Grammica__Seedling
Grammica,C_australis,1382,C,2,old,2017-12-13,2:31:06 PM,,,o,408,ΦNPQ,0.274353741,Grammica__ΦNPQ,Old,Grammica__Old
Grammica,C_australis,1382,B,3,haustorium,2017-12-13,3:30:14 PM,,,h,409,ΦNPQ,0.446539132,Grammica__ΦNPQ,Haustorium,Grammica__Haustorium
Grammica,C_tasmanica,17-15,A,1,flower,2018-04-17,3:16:54 PM,,,f,411,ΦNPQ,0.163633064,Grammica__ΦNPQ,Flower,Grammica__Flower
Grammica,C_cephalanthii,1567,D,2,flower,2018-04-19,5:03:34 PM,,,f,412,ΦNPQ,0.355590868,Grammica__ΦNPQ,Flower,Grammica__Flower
Grammica,C_costaricensis,CUCO,B,4,old,2018-05-25,2:16:35 PM,,,o,413,ΦNPQ,0.191236495,Grammica__ΦNPQ,Old,Grammica__Old
Grammica,C_indecora,ss16-17,A,1,haustorium,2017-12-13,1:34:11 PM,,,h,414,ΦNPQ,0.403428904,Grammica__ΦNPQ,Haustorium,Grammica__Haustorium
Grammica,C_cephalanthii,1567,F,5,old,2018-03-23,4:26:33 PM,,,o,415,ΦNPQ,0.333875915,Grammica__ΦNPQ,Old,Grammica__Old
Grammica,C_polygonorum,1705,B,3,old,2017-12-13,2:09:18 PM,,,o,417,ΦNPQ,0.317247066,Grammica__ΦNPQ,Old,Grammica__Old
Grammica,C_sandwichiana,155,A,3,young,2018-01-15,10:49:39 AM,,,y,418,ΦNPQ,0.127286654,Grammica__ΦNPQ,Young,Grammica__Young
Grammica,C_polygonorum,1705,B,2,old,2017-12-13,2:09:18 PM,,,o,421,ΦNPQ,0.352787456,Grammica__ΦNPQ,Old,Grammica__Old
Grammica,C_gracillima,CUGR,C,2,old,2018-07-06,1:05:03 PM,,,o,423,ΦNPQ,0.508495226,Grammica__ΦNPQ,Old,Grammica__Old
Grammica,C_gracillima,CUGR,A,4,haustorium,2018-07-06,1:31:44 PM,,,h,425,ΦNPQ,0.542024079,Grammica__ΦNPQ,Haustorium,Grammica__Haustorium
Grammica,C_tasmanica,17-15,D,2,flower,2018-05-29,10:52:34 AM,,,f,426,ΦNPQ,0.175143316,Grammica__ΦNPQ,Flower,Grammica__Flower
Grammica,C_cephalanthii,1567,D,2,haustorium,2018-03-08,11:59:03 AM,,,h,427,ΦNPQ,0.440685241,Grammica__ΦNPQ,Haustorium,Grammica__Haustorium
Grammica,C_australis,1382,A,2,haustorium,2018-01-25,11:30:18 AM,,,h,428,ΦNPQ,0.592517007,Grammica__ΦNPQ,Haustorium,Grammica__Haustorium
Grammica,C_compacta,1566,A,1,haustorium,2017-11-15,12:14:15 PM,,,h,430,ΦNPQ,0.478150494,Grammica__ΦNPQ,Haustorium,Grammica__Haustorium
Grammica,C_cephalanthii,1567,D,14,flower,2018-04-03,4:33:24 PM,,,f,431,ΦNPQ,0.3894433,Grammica__ΦNPQ,Flower,Grammica__Flower
Grammica,C_sandwichiana,155,A,1,haustorium,2018-01-25,12:33:35 PM,,,h,432,ΦNPQ,0.333414093,Grammica__ΦNPQ,Haustorium,Grammica__Haustorium
Grammica,C_cephalanthii,1567,B,8,old,2017-12-13,12:12:56 PM,,,o,433,ΦNPQ,0.278613473,Grammica__ΦNPQ,Old,Grammica__Old
Grammica,C_cephalanthii,1567,G,3,old,2018-04-03,5:27:45 PM,,,o,434,ΦNPQ,0.293909974,Grammica__ΦNPQ,Old,Grammica__Old
Grammica,C_denticulata,ss13-46,D,2,haustorium,2018-05-29,4:58:54 PM,,,h,436,ΦNPQ,0.307552928,Grammica__ΦNPQ,Haustorium,Grammica__Haustorium
Grammica,C_cephalanthii,1567,B,1,haustorium,2017-12-13,12:25:12 PM,,,h,437,ΦNPQ,0.439231806,Grammica__ΦNPQ,Haustorium,Grammica__Haustorium
Grammica,C_denticulata,ss13-46,D,3,haustorium,2018-06-22,4:57:03 PM,,,h,438,ΦNPQ,0.177104146,Grammica__ΦNPQ,Haustorium,Grammica__Haustorium
Grammica,C_cephalanthii,1567,D,2,haustorium,2018-03-04,4:43:17 PM,,,h,439,ΦNPQ,0.49124406,Grammica__ΦNPQ,Haustorium,Grammica__Haustorium
Grammica,C_cephalanthii,1567,D,2,haustorium,2018-03-04,4:43:17 PM,,,h,440,ΦNPQ,0.49124406,Grammica__ΦNPQ,Haustorium,Grammica__Haustorium
Grammica,C_polygonorum,1705,C,6,old,2017-12-13,11:41:35 AM,,,o,442,ΦNPQ,0.240786962,Grammica__ΦNPQ,Old,Grammica__Old
Grammica,C_costaricensis,CUCO,B,6,haustorium,2018-05-25,2:25:32 PM,,,h,443,ΦNPQ,0.343420127,Grammica__ΦNPQ,Haustorium,Grammica__Haustorium
Grammica,C_sandwichiana,155,D,3,haustorium,2018-01-25,1:21:03 PM,,,h,444,ΦNPQ,0.297615862,Grammica__ΦNPQ,Haustorium,Grammica__Haustorium
Grammica,C_cephalanthii,1567,F,7,seed (old),2018-05-29,12:23:38 PM,,,s,445,ΦNPQ,0.39476008,Grammica__ΦNPQ,Seed,Grammica__Seed
Grammica,C_sandwichiana,155,C,2,old,2017-12-13,3:46:17 PM,,,o,448,ΦNPQ,0.266104534,Grammica__ΦNPQ,Old,Grammica__Old
Grammica,C_tasmanica,17-15,D,2,haustorium,2018-05-03,1:52:11 PM,,,h,450,ΦNPQ,0.164152894,Grammica__ΦNPQ,Haustorium,Grammica__Haustorium
Grammica,C_polygonorum,1705,A,7,flower,2018-01-25,10:20:42 AM,,,f,452,ΦNPQ,0.135003733,Grammica__ΦNPQ,Flower,Grammica__Flower
Grammica,C_californica,ss17-105,D,2,flower,2018-07-06,2:13:32 PM,,,f,453,ΦNPQ,0.190970771,Grammica__ΦNPQ,Flower,Grammica__Flower
Grammica,C_cephalanthii,1567,D,8,seed,2018-04-19,5:03:34 PM,,,s,454,ΦNPQ,0.441269107,Grammica__ΦNPQ,Seed,Grammica__Seed
Grammica,C_compacta,1566,D,3,seed,2018-03-23,3:29:35 PM,,,s,455,ΦNPQ,0.347783176,Grammica__ΦNPQ,Seed,Grammica__Seed
Grammica,C_costaricensis,CUCO,C,2,haustorium,2018-05-25,3:09:23 PM,,,h,456,ΦNPQ,0.4045,Grammica__ΦNPQ,Haustorium,Grammica__Haustorium
Grammica,C_tasmanica,17-15,B,1,haustorium,2018-04-17,2:21:56 PM,,,h,457,ΦNPQ,0.410798075,Grammica__ΦNPQ,Haustorium,Grammica__Haustorium
Grammica,C_polygonorum,1705,D,3,old,2018-07-06,11:37:37 AM,,,o,459,ΦNPQ,0.346393897,Grammica__ΦNPQ,Old,Grammica__Old
Grammica,C_sandwichiana,155,C,2,haustorium,2017-12-13,3:55:12 PM,,,h,460,ΦNPQ,0.369502318,Grammica__ΦNPQ,Haustorium,Grammica__Haustorium
Grammica,C_gracillima,CUGR,C,4,old,2018-07-06,1:05:03 PM,,,o,464,ΦNPQ,0.44274145,Grammica__ΦNPQ,Old,Grammica__Old
Grammica,C_tasmanica,17-15,C,3,old,2018-05-29,1:24:33 PM,,,o,465,ΦNPQ,0.2213182,Grammica__ΦNPQ,Old,Grammica__Old
Grammica,C_australis,1382,C,2,seed,2018-01-25,10:33:13 AM,,,s,466,ΦNPQ,0.268849528,Grammica__ΦNPQ,Seed,Grammica__Seed
Grammica,C_gracillima,CUGR,C,1,young,2018-07-06,12:55:48 PM,,,y,467,ΦNPQ,0.531030547,Grammica__ΦNPQ,Young,Grammica__Young
Grammica,C_cephalanthii,1567,D,7,flower,2018-04-03,4:33:24 PM,,,f,468,ΦNPQ,0.360879052,Grammica__ΦNPQ,Flower,Grammica__Flower
Grammica,C_sandwichiana,155,B,3,old,2018-01-25,12:49:08 PM,,,o,470,ΦNPQ,0.227714174,Grammica__ΦNPQ,Old,Grammica__Old
Grammica,C_australis,1382,B,2,old,2017-12-13,3:17:31 PM,,,o,475,ΦNPQ,0.387862513,Grammica__ΦNPQ,Old,Grammica__Old
Grammica,C_costaricensis,CUCO,C,4,haustorium,2018-05-25,3:09:23 PM,,,h,476,ΦNPQ,0.285527681,Grammica__ΦNPQ,Haustorium,Grammica__Haustorium
Grammica,C_tasmanica,17-15,A,5,haustorium,2018-04-17,3:29:24 PM,,,h,477,ΦNPQ,0.2406143,Grammica__ΦNPQ,Haustorium,Grammica__Haustorium
Grammica,C_tasmanica,17-15,B,3,haustorium,2018-04-17,2:21:56 PM,,,h,480,ΦNPQ,0.208448657,Grammica__ΦNPQ,Haustorium,Grammica__Haustorium
Grammica,C_cephalanthii,1567,D,2,young,2018-03-08,4:06:19 PM,,,y,481,ΦNPQ,0.467544321,Grammica__ΦNPQ,Young,Grammica__Young
Grammica,C_tasmanica,17-15,B,3,haustorium,2018-03-15,4:54:21 PM,,,h,482,ΦNPQ,0.176933497,Grammica__ΦNPQ,Haustorium,Grammica__Haustorium
Grammica,C_californica,ss17-105,C,4,flower,2018-05-25,1:42:20 PM,,,f,483,ΦNPQ,0.357363145,Grammica__ΦNPQ,Flower,Grammica__Flower
Grammica,C_tasmanica,17-15,B,2,haustorium,2018-03-15,4:54:21 PM,,,h,484,ΦNPQ,0.303645666,Grammica__ΦNPQ,Haustorium,Grammica__Haustorium
Grammica,C_indecora,ss16-17,A,2,haustorium,2017-12-13,1:34:11 PM,,,h,485,ΦNPQ,0.271796951,Grammica__ΦNPQ,Haustorium,Grammica__Haustorium
Grammica,C_californica,ss17-105,B,4,old,2018-05-29,3:42:33 PM,,,o,486,ΦNPQ,0.26889134,Grammica__ΦNPQ,Old,Grammica__Old
Grammica,C_tasmanica,17-15,-,3,seedling,8/24/18,12:55:20,,,sdlg,488,ΦNPQ,0.205009276,Grammica__ΦNPQ,Seedling,Grammica__Seedling
Grammica,C_sandwichiana,155,B,2,haustorium,2018-01-25,12:57:24 PM,,,h,489,ΦNPQ,0.082196495,Grammica__ΦNPQ,Haustorium,Grammica__Haustorium
Grammica,C_tasmanica,17-15,B,3,young,2018-04-17,1:55:52 PM,,,y,490,ΦNPQ,0.324361345,Grammica__ΦNPQ,Young,Grammica__Young
Grammica,C_costaricensis,CUCO,B,5,old,2018-05-25,2:16:35 PM,,,o,491,ΦNPQ,0.077252323,Grammica__ΦNPQ,Old,Grammica__Old
Grammica,C_indecora,ss16-17,A,6,seed,2018-01-15,10:19:56 AM,,,s,493,ΦNPQ,0.357479527,Grammica__ΦNPQ,Seed,Grammica__Seed
Grammica,C_gracillima,CUGR,C,3,old,2018-07-06,1:05:03 PM,,,o,494,ΦNPQ,0.477978175,Grammica__ΦNPQ,Old,Grammica__Old
Grammica,C_tasmanica,17-15,A,1,haustorium,2018-04-17,3:29:24 PM,,,h,495,ΦNPQ,0.365428571,Grammica__ΦNPQ,Haustorium,Grammica__Haustorium
Grammica,C_cephalanthii,1567,G,2,old,2018-04-03,5:27:45 PM,,,o,497,ΦNPQ,0.253040677,Grammica__ΦNPQ,Old,Grammica__Old
Grammica,C_denticulata,ss13-46,D,6,haustorium,2018-06-22,4:57:03 PM,,,h,498,ΦNPQ,0.253253843,Grammica__ΦNPQ,Haustorium,Grammica__Haustorium
Grammica,C_polygonorum,1705,D,1,old,2018-07-06,11:37:37 AM,,,o,499,ΦNPQ,0.22198625,Grammica__ΦNPQ,Old,Grammica__Old
Grammica,C_cephalanthii,1567,D,4,old,2018-04-03,4:18:12 PM,,,o,500,ΦNPQ,0.345418806,Grammica__ΦNPQ,Old,Grammica__Old
Grammica,C_sandwichiana,155,B,1,haustorium,2018-01-25,12:57:24 PM,,,h,502,ΦNPQ,0.213396807,Grammica__ΦNPQ,Haustorium,Grammica__Haustorium
Grammica,C_indecora,ss16-17,B,2,seed,2018-01-25,12:25:31 PM,,,s,504,ΦNPQ,0.22538314,Grammica__ΦNPQ,Seed,Grammica__Seed
Grammica,C_australis,1382,B,3,old,2017-12-13,3:17:31 PM,,,o,506,ΦNPQ,0.431885237,Grammica__ΦNPQ,Old,Grammica__Old
Grammica,C_gracillima,CUGR,A,4,young,2018-07-06,1:21:34 PM,,,y,507,ΦNPQ,0.316834234,Grammica__ΦNPQ,Young,Grammica__Young
Grammica,C_cephalanthii,1567,D,2,young,2018-02-16,2:57:26 PM,,,y,508,ΦNPQ,0.016617692,Grammica__ΦNPQ,Young,Grammica__Young
Grammica,C_tasmanica,17-15,A,4,young,2018-04-17,2:43:56 PM,,,y,510,ΦNPQ,0.426847767,Grammica__ΦNPQ,Young,Grammica__Young
Grammica,C_gracillima,CUGR,A,2,young,2018-07-06,1:21:34 PM,,,y,511,ΦNPQ,0.167139082,Grammica__ΦNPQ,Young,Grammica__Young
Grammica,C_costaricensis,CUCO,C,4,old,2018-05-25,2:54:09 PM,,,o,512,ΦNPQ,0.042155425,Grammica__ΦNPQ,Old,Grammica__Old
Grammica,C_indecora,ss16-17,D,2,flower,2018-02-16,3:35:35 PM,,,f,513,ΦNPQ,0.248861628,Grammica__ΦNPQ,Flower,Grammica__Flower
Grammica,C_gracillima,CUGR,B,3,young,2018-07-06,10:33:15 AM,,,y,515,ΦNPQ,0.453477234,Grammica__ΦNPQ,Young,Grammica__Young
Grammica,C_tasmanica,17-15,B,2,old,2017-12-21,12:02:39 PM,,,o,516,ΦNPQ,0.101154918,Grammica__ΦNPQ,Old,Grammica__Old
Grammica,C_cephalanthii,1567,D,5,seed,2018-04-19,5:03:34 PM,,,s,517,ΦNPQ,0.488343163,Grammica__ΦNPQ,Seed,Grammica__Seed
Grammica,C_polygonorum,1705,A,1,young,2018-01-25,9:48:59 AM,,,y,518,ΦNPQ,0.248670234,Grammica__ΦNPQ,Young,Grammica__Young
Grammica,C_polygonorum,1705,X,3,seed,2017-11-02,11:20:52 AM,,,s,519,ΦNPQ,0.375608097,Grammica__ΦNPQ,Seed,Grammica__Seed
Grammica,C_costaricensis,CUCO,B,4,haustorium,2018-05-25,2:25:32 PM,,,h,520,ΦNPQ,0.255587918,Grammica__ΦNPQ,Haustorium,Grammica__Haustorium
Grammica,C_denticulata,ss13-46,A,5,young,2018-05-29,11:11:53 AM,,,y,521,ΦNPQ,0.124252075,Grammica__ΦNPQ,Young,Grammica__Young
Grammica,C_tasmanica,17-15,B,1,haustorium,2018-03-15,4:54:21 PM,,,h,522,ΦNPQ,0.308538883,Grammica__ΦNPQ,Haustorium,Grammica__Haustorium
Grammica,C_tasmanica,17-15,B,2,old,2018-03-15,4:32:42 PM,,,o,523,ΦNPQ,0.129931973,Grammica__ΦNPQ,Old,Grammica__Old
Grammica,C_sandwichiana,155,C,3,haustorium,2017-12-13,3:55:12 PM,,,h,524,ΦNPQ,0.118758738,Grammica__ΦNPQ,Haustorium,Grammica__Haustorium
Grammica,C_tasmanica,17-15,C,2,haustorium,2018-05-29,1:36:57 PM,,,h,525,ΦNPQ,0.380863128,Grammica__ΦNPQ,Haustorium,Grammica__Haustorium
Grammica,C_californica,ss17-105,E,1,old,2018-05-25,6:05:05 PM,,,o,526,ΦNPQ,0.247416345,Grammica__ΦNPQ,Old,Grammica__Old
Grammica,C_tasmanica,17-15,C,1,young,2018-05-29,1:12:22 PM,,,y,527,ΦNPQ,0.304451342,Grammica__ΦNPQ,Young,Grammica__Young
Grammica,C_tasmanica,17-15,B,2,haustorium,2018-04-17,2:21:56 PM,,,h,528,ΦNPQ,0.257557601,Grammica__ΦNPQ,Haustorium,Grammica__Haustorium
Grammica,C_polygonorum,1705,D,2,old,2018-07-06,11:37:37 AM,,,o,529,ΦNPQ,0.241757627,Grammica__ΦNPQ,Old,Grammica__Old
Grammica,C_denticulata,ss13-46,D,2,old,2018-06-22,4:47:32 PM,,,o,530,ΦNPQ,0.141414141,Grammica__ΦNPQ,Old,Grammica__Old
Grammica,C_polygonorum,1705,B,4,old,2017-12-13,2:09:18 PM,,,o,533,ΦNPQ,0.3025768,Grammica__ΦNPQ,Old,Grammica__Old
Grammica,C_compacta,1566,A,2,old,2017-11-15,11:48:47 AM,,,o,534,ΦNPQ,0.115753927,Grammica__ΦNPQ,Old,Grammica__Old
Grammica,C_polygonorum,1705,D,1,haustorium,2018-07-06,12:10:49 PM,,,h,535,ΦNPQ,0.27038292,Grammica__ΦNPQ,Haustorium,Grammica__Haustorium
Grammica,C_sandwichiana,155,C,3,young,2017-12-13,3:38:43 PM,,,y,536,ΦNPQ,0.302400483,Grammica__ΦNPQ,Young,Grammica__Young
Grammica,C_denticulata,ss13-46,D,1,old,2018-06-22,4:47:32 PM,,,o,538,ΦNPQ,0.136287959,Grammica__ΦNPQ,Old,Grammica__Old
Grammica,C_cephalanthii,1567,D,1,flower,2018-04-19,5:03:34 PM,,,f,541,ΦNPQ,0.388698789,Grammica__ΦNPQ,Flower,Grammica__Flower
Grammica,C_californica,ss17-105,B,2,haustorium,2018-05-29,4:03:02 PM,,,h,542,ΦNPQ,0.298054721,Grammica__ΦNPQ,Haustorium,Grammica__Haustorium
Grammica,C_gracillima,CUGR,A,5,young,2018-07-06,1:21:34 PM,,,y,543,ΦNPQ,0.400164122,Grammica__ΦNPQ,Young,Grammica__Young
Grammica,C_cephalanthii,1567,D,8,flower,2018-04-03,4:33:24 PM,,,f,544,ΦNPQ,0.34393938,Grammica__ΦNPQ,Flower,Grammica__Flower
Grammica,C_tasmanica,17-15,D,3,haustorium,2018-05-03,1:52:11 PM,,,h,546,ΦNPQ,0.180017137,Grammica__ΦNPQ,Haustorium,Grammica__Haustorium
Grammica,C_cephalanthii,1567,F,5,seed (old),2018-05-29,12:23:38 PM,,,s,547,ΦNPQ,0.352044613,Grammica__ΦNPQ,Seed,Grammica__Seed
Grammica,C_cephalanthii,1567,D,12,seed,2018-04-19,5:03:34 PM,,,s,548,ΦNPQ,0.521941794,Grammica__ΦNPQ,Seed,Grammica__Seed
Grammica,C_denticulata,ss13-46,B,3,old,2018-06-20,1:09:13 PM,,,o,549,ΦNPQ,0.166715272,Grammica__ΦNPQ,Old,Grammica__Old
Grammica,C_tasmanica,17-15,A,2,haustorium,2017-12-21,12:12:19 PM,,,h,550,ΦNPQ,0.166715272,Grammica__ΦNPQ,Haustorium,Grammica__Haustorium
Grammica,C_australis,1382,B,4,young,2017-12-13,3:07:51 PM,,,y,551,ΦNPQ,0.271618625,Grammica__ΦNPQ,Young,Grammica__Young
Grammica,C_cephalanthii,1567,B,1,young,2017-12-13,12:04:21 PM,,,y,552,ΦNPQ,0.385749386,Grammica__ΦNPQ,Young,Grammica__Young
Grammica,C_denticulata,ss13-46,B,2,haustorium,2018-06-20,1:19:35 PM,,,h,554,ΦNPQ,0.380591008,Grammica__ΦNPQ,Haustorium,Grammica__Haustorium
Grammica,C_denticulata,ss13-46,A,1,young,2018-05-29,11:11:53 AM,,,y,555,ΦNPQ,0.111730739,Grammica__ΦNPQ,Young,Grammica__Young
Grammica,C_gracillima,CUGR,B,2,young,2018-07-06,10:33:15 AM,,,y,556,ΦNPQ,0.424195288,Grammica__ΦNPQ,Young,Grammica__Young
Grammica,C_costaricensis,CUCO,A,3,young,2018-05-03,1:03:52 PM,,,y,557,ΦNPQ,0.093721771,Grammica__ΦNPQ,Young,Grammica__Young
Grammica,C_costaricensis,CUCO,B,6,old,2018-05-25,2:16:35 PM,,,o,558,ΦNPQ,0.093721771,Grammica__ΦNPQ,Old,Grammica__Old
Grammica,C_denticulata,ss13-46,B,5,haustorium,2018-06-20,1:19:35 PM,,,h,559,ΦNPQ,0.170105116,Grammica__ΦNPQ,Haustorium,Grammica__Haustorium
Grammica,C_tasmanica,17-15,B,3,old,2018-03-15,4:32:42 PM,,,o,560,ΦNPQ,0.126665161,Grammica__ΦNPQ,Old,Grammica__Old
Grammica,C_gracillima,CUGR,C,1,old,2018-07-06,1:05:03 PM,,,o,562,ΦNPQ,0.455780702,Grammica__ΦNPQ,Old,Grammica__Old
Grammica,C_polygonorum,1705,D,4,haustorium,2018-07-06,12:10:49 PM,,,h,565,ΦNPQ,0.249195431,Grammica__ΦNPQ,Haustorium,Grammica__Haustorium
Grammica,C_denticulata,ss13-46,C,3,flower,2018-06-20,3:03:14 PM,,,f,566,ΦNPQ,0.148949846,Grammica__ΦNPQ,Flower,Grammica__Flower
Grammica,C_denticulata,ss13-46,A,4,haustorium,2018-05-29,11:30:47 AM,,,h,567,ΦNPQ,0.177789839,Grammica__ΦNPQ,Haustorium,Grammica__Haustorium
Grammica,C_cephalanthii,1567,D,7,seed,2018-04-19,5:03:34 PM,,,s,568,ΦNPQ,0.439907967,Grammica__ΦNPQ,Seed,Grammica__Seed
Grammica,C_tasmanica,17-15,C,5,young,2018-05-29,1:12:22 PM,,,y,569,ΦNPQ,0.171774194,Grammica__ΦNPQ,Young,Grammica__Young
Grammica,C_gracillima,CUGR,A,3,young,2018-07-06,1:21:34 PM,,,y,570,ΦNPQ,0.26344086,Grammica__ΦNPQ,Young,Grammica__Young
Grammica,C_sandwichiana,155,C,5,seed,2018-01-15,9:59:00 AM,,,s,571,ΦNPQ,0.154743854,Grammica__ΦNPQ,Seed,Grammica__Seed
Grammica,C_cephalanthii,1567,D,1,young,2018-03-08,4:06:19 PM,,,y,572,ΦNPQ,0.453701025,Grammica__ΦNPQ,Young,Grammica__Young
Grammica,C_cephalanthii,1567,F,3,old,2018-03-23,4:26:33 PM,,,o,573,ΦNPQ,0.244071275,Grammica__ΦNPQ,Old,Grammica__Old
Grammica,C_gracillima,CUGR,C,2,young,2018-07-06,12:55:48 PM,,,y,574,ΦNPQ,0.335974921,Grammica__ΦNPQ,Young,Grammica__Young
Grammica,C_gracillima,CUGR,C,3,young,2018-07-06,12:55:48 PM,,,y,575,ΦNPQ,0.410577682,Grammica__ΦNPQ,Young,Grammica__Young
Grammica,C_australis,1382,A,2,old,2018-01-25,11:20:59 AM,,,o,576,ΦNPQ,0.191226831,Grammica__ΦNPQ,Old,Grammica__Old
Grammica,C_cephalanthii,1567,F,1,seed (old),2018-05-29,12:23:38 PM,,,s,577,ΦNPQ,0.368809573,Grammica__ΦNPQ,Seed,Grammica__Seed
Grammica,C_compacta,1566,B,2,young,2017-12-21,11:12:51 AM,,,y,578,ΦNPQ,0.029851941,Grammica__ΦNPQ,Young,Grammica__Young
Grammica,C_cephalanthii,1567,G,4,old,2018-04-03,5:27:45 PM,,,o,579,ΦNPQ,0.21527418,Grammica__ΦNPQ,Old,Grammica__Old
Grammica,C_indecora,ss16-17,D,3,seed,2018-03-23,3:04:55 PM,,,s,580,ΦNPQ,0.423193229,Grammica__ΦNPQ,Seed,Grammica__Seed
Grammica,C_indecora,ss16-17,D,1,flower,2018-02-16,3:35:35 PM,,,f,581,ΦNPQ,0.288904127,Grammica__ΦNPQ,Flower,Grammica__Flower
Grammica,C_cephalanthii,1567,D,2,seed,2018-03-04,4:33:24 PM,,,s,583,ΦNPQ,0.333188333,Grammica__ΦNPQ,Seed,Grammica__Seed
Grammica,C_cephalanthii,1567,A,7,flower,2017-12-21,10:53:16 AM,,,f,584,ΦNPQ,0.330579899,Grammica__ΦNPQ,Flower,Grammica__Flower
Grammica,C_cephalanthii,1567,B,3,young,2017-12-13,12:04:21 PM,,,y,585,ΦNPQ,0.368446612,Grammica__ΦNPQ,Young,Grammica__Young
Grammica,C_cephalanthii,1567,F,2,old,2018-03-23,4:26:33 PM,,,o,586,ΦNPQ,0.250326822,Grammica__ΦNPQ,Old,Grammica__Old
Grammica,C_cephalanthii,1567,D,9,flower,2018-04-03,4:33:24 PM,,,f,587,ΦNPQ,0.365853712,Grammica__ΦNPQ,Flower,Grammica__Flower
Grammica,C_sandwichiana,155,S1,1,seedling,2017-11-09,5:54:52 PM,,,sdlg,589,ΦNPQ,0.223457934,Grammica__ΦNPQ,Seedling,Grammica__Seedling
Grammica,C_cephalanthii,1567,D,4,seed,2018-04-19,5:03:34 PM,,,s,590,ΦNPQ,0.412789135,Grammica__ΦNPQ,Seed,Grammica__Seed
Grammica,C_tasmanica,17-15,A,4,haustorium,2018-04-17,3:29:24 PM,,,h,591,ΦNPQ,0.189856667,Grammica__ΦNPQ,Haustorium,Grammica__Haustorium
Grammica,C_cephalanthii,1567,F,2,seed (old),2018-05-29,12:23:38 PM,,,s,592,ΦNPQ,0.390617286,Grammica__ΦNPQ,Seed,Grammica__Seed
Grammica,C_sandwichiana,155,B,2,old,2018-01-25,12:49:08 PM,,,o,593,ΦNPQ,0.182668848,Grammica__ΦNPQ,Old,Grammica__Old
Grammica,C_compacta,1566,B,3,young,2017-12-21,11:12:51 AM,,,y,594,ΦNPQ,0.082548153,Grammica__ΦNPQ,Young,Grammica__Young
Grammica,C_californica,ss17-105,A,3,old,2018-05-03,3:45:01 PM,,,o,595,ΦNPQ,0.520461348,Grammica__ΦNPQ,Old,Grammica__Old
Grammica,C_polygonorum,1705,C,4,old,2017-12-13,11:41:35 AM,,,o,596,ΦNPQ,0.234640856,Grammica__ΦNPQ,Old,Grammica__Old
Grammica,C_sandwichiana,155,B,3,haustorium,2018-01-25,12:57:24 PM,,,h,597,ΦNPQ,0.262314537,Grammica__ΦNPQ,Haustorium,Grammica__Haustorium
Grammica,C_cephalanthii,1567,B,2,young,2017-12-13,12:04:21 PM,,,y,600,ΦNPQ,0.339449738,Grammica__ΦNPQ,Young,Grammica__Young
Grammica,C_tasmanica,17-15,B,4,haustorium,2018-04-17,2:21:56 PM,,,h,602,ΦNPQ,0.191894039,Grammica__ΦNPQ,Haustorium,Grammica__Haustorium
Grammica,C_denticulata,ss13-46,A,3,young,2018-05-29,11:11:53 AM,,,y,603,ΦNPQ,0.274271845,Grammica__ΦNPQ,Young,Grammica__Young
Grammica,C_australis,1382,C,3,young,2017-12-13,2:21:20 PM,,,y,604,ΦNPQ,0.168877109,Grammica__ΦNPQ,Young,Grammica__Young
Grammica,C_australis,1382,B,2,young,2017-12-13,3:07:51 PM,,,y,605,ΦNPQ,0.358308784,Grammica__ΦNPQ,Young,Grammica__Young
Grammica,C_cephalanthii,1567,D,12,flower,2018-04-03,4:33:24 PM,,,f,606,ΦNPQ,0.376596838,Grammica__ΦNPQ,Flower,Grammica__Flower
Grammica,C_compacta,1566,A,1,young,2017-11-15,11:28:29 AM,,,y,607,ΦNPQ,0.233704974,Grammica__ΦNPQ,Young,Grammica__Young
Grammica,C_cephalanthii,1567,A,3,seedling,8/24/18,13:52:40,,,sdlg,608,ΦNPQ,0.297564307,Grammica__ΦNPQ,Seedling,Grammica__Seedling
Grammica,C_cephalanthii,1567,D,3,young,2018-02-16,2:57:26 PM,,,y,609,ΦNPQ,0.045313715,Grammica__ΦNPQ,Young,Grammica__Young
Grammica,C_polygonorum,1705,A,3,young,2018-01-25,9:48:59 AM,,,y,610,ΦNPQ,0.279132485,Grammica__ΦNPQ,Young,Grammica__Young
Grammica,C_californica,ss17-105,D,1,old,2018-05-25,12:53:49 PM,,,o,611,ΦNPQ,0.161399513,Grammica__ΦNPQ,Old,Grammica__Old
Grammica,C_cephalanthii,1567,G,1,seed (old),2018-05-29,12:53:01 PM,,,s,612,ΦNPQ,0.347599937,Grammica__ΦNPQ,Seed,Grammica__Seed
Grammica,C_tasmanica,17-15,C,1,haustorium,2018-05-29,1:36:57 PM,,,h,613,ΦNPQ,0.314297937,Grammica__ΦNPQ,Haustorium,Grammica__Haustorium
Grammica,C_tasmanica,17-15,-,2,seedling,8/24/18,12:55:20,,,sdlg,614,ΦNPQ,0.272644432,Grammica__ΦNPQ,Seedling,Grammica__Seedling
Grammica,C_cephalanthii,1567,F,6,seed (old),2018-05-29,12:23:38 PM,,,s,615,ΦNPQ,0.281764303,Grammica__ΦNPQ,Seed,Grammica__Seed
Grammica,C_cephalanthii,1567,G,6,old,2018-04-03,5:27:45 PM,,,o,616,ΦNPQ,0.265169903,Grammica__ΦNPQ,Old,Grammica__Old
Grammica,C_polygonorum,1705,D,4,old,2018-07-06,11:37:37 AM,,,o,617,ΦNPQ,0.197037502,Grammica__ΦNPQ,Old,Grammica__Old
Grammica,C_gracillima,CUGR,A,1,young,2018-07-06,1:21:34 PM,,,y,618,ΦNPQ,0.218992217,Grammica__ΦNPQ,Young,Grammica__Young
Grammica,C_polygonorum,1705,C,1,young,2017-12-13,11:29:05 AM,,,y,619,ΦNPQ,0.374350945,Grammica__ΦNPQ,Young,Grammica__Young
Grammica,C_denticulata,ss13-46,D,1,haustorium,2018-05-29,4:58:54 PM,,,h,620,ΦNPQ,0.354503251,Grammica__ΦNPQ,Haustorium,Grammica__Haustorium
Grammica,C_californica,ss17-105,C,3,young,2018-05-03,12:32:45 PM,,,y,621,ΦNPQ,0.238285849,Grammica__ΦNPQ,Young,Grammica__Young
Grammica,C_costaricensis,CUCO,B,1,old,2018-05-25,2:16:35 PM,,,o,622,ΦNPQ,0.131316015,Grammica__ΦNPQ,Old,Grammica__Old
Grammica,C_costaricensis,CUCO,B,1,young,2018-05-25,2:04:09 PM,,,y,623,ΦNPQ,0.180959874,Grammica__ΦNPQ,Young,Grammica__Young
Grammica,C_gracillima,CUGR,B,4,young,2018-07-06,10:33:15 AM,,,y,624,ΦNPQ,0.528972521,Grammica__ΦNPQ,Young,Grammica__Young
Grammica,C_cephalanthii,1567,D,3,young,2018-03-08,4:06:19 PM,,,y,625,ΦNPQ,0.436057146,Grammica__ΦNPQ,Young,Grammica__Young
Grammica,C_denticulata,ss13-46,D,3,old,2018-06-22,4:47:32 PM,,,o,626,ΦNPQ,0.20822802,Grammica__ΦNPQ,Old,Grammica__Old
Grammica,C_indecora,ss16-17,D,2,seed,2018-03-23,3:04:55 PM,,,s,627,ΦNPQ,0.372993534,Grammica__ΦNPQ,Seed,Grammica__Seed
Grammica,C_cephalanthii,1567,A,1,seedling,8/24/18,14:03:55,,,sdlg,629,ΦNPQ,0.307527744,Grammica__ΦNPQ,Seedling,Grammica__Seedling
Grammica,C_australis,1382,C,1,young,2017-12-13,2:21:20 PM,,,y,630,ΦNPQ,0.262999362,Grammica__ΦNPQ,Young,Grammica__Young
Grammica,C_sandwichiana,155,B,1,old,2018-01-25,12:49:08 PM,,,o,631,ΦNPQ,0.202900567,Grammica__ΦNPQ,Old,Grammica__Old
Grammica,C_polygonorum,1705,S,1,seedling,2017-11-09,6:22:52 PM,,,sdlg,632,ΦNPQ,0.236694973,Grammica__ΦNPQ,Seedling,Grammica__Seedling
Grammica,C_tasmanica,17-15,B,7,haustorium,2018-04-17,2:21:56 PM,,,h,634,ΦNPQ,0.220506369,Grammica__ΦNPQ,Haustorium,Grammica__Haustorium
Grammica,C_cephalanthii,1567,G,2,young,2018-04-03,5:15:39 PM,,,y,635,ΦNPQ,0.316764155,Grammica__ΦNPQ,Young,Grammica__Young
Grammica,C_tasmanica,17-15,B,8,young,2018-04-17,1:55:52 PM,,,y,636,ΦNPQ,0.177375466,Grammica__ΦNPQ,Young,Grammica__Young
Grammica,C_compacta,1566,E,1,young,2017-11-15,9:48:07 AM,,,y,637,ΦNPQ,0.13509667,Grammica__ΦNPQ,Young,Grammica__Young
Grammica,C_sandwichiana,155,B,2,young,2018-01-25,12:41:23 PM,,,y,638,ΦNPQ,0.17760288,Grammica__ΦNPQ,Young,Grammica__Young
Grammica,C_compacta,1566,E,1,young,2017-11-15,10:09:26 AM,,,y,639,ΦNPQ,0.206466525,Grammica__ΦNPQ,Young,Grammica__Young
Grammica,C_tasmanica,17-15,C,2,old,2018-05-29,1:24:33 PM,,,o,640,ΦNPQ,0.121057514,Grammica__ΦNPQ,Old,Grammica__Old
Grammica,C_californica,ss17-105,E,5,young,2018-05-25,5:35:48 PM,,,y,641,ΦNPQ,0.105725396,Grammica__ΦNPQ,Young,Grammica__Young
Grammica,C_indecora,ss16-17,-,1,seedling,2017-11-15,11:18:49 AM,,,sdlg,642,ΦNPQ,0.233990148,Grammica__ΦNPQ,Seedling,Grammica__Seedling
Grammica,C_compacta,1566,A,3,old,2017-11-15,11:57:44 AM,,,o,644,ΦNPQ,0.033333333,Grammica__ΦNPQ,Old,Grammica__Old
Grammica,C_gracillima,CUGR,A,6,young,2018-07-06,1:21:34 PM,,,y,645,ΦNPQ,0.162609139,Grammica__ΦNPQ,Young,Grammica__Young
Grammica,C_indecora,ss16-17,-,1,seedling,2017-11-15,11:10:01 AM,,,sdlg,646,ΦNPQ,0.192930849,Grammica__ΦNPQ,Seedling,Grammica__Seedling
Grammica,C_cephalanthii,1567,F,4,old,2018-03-23,4:26:33 PM,,,o,647,ΦNPQ,0.232758621,Grammica__ΦNPQ,Old,Grammica__Old
Grammica,C_californica,ss17-105,B,1,haustorium,2018-05-29,4:03:02 PM,,,h,649,ΦNPQ,0.291095623,Grammica__ΦNPQ,Haustorium,Grammica__Haustorium
Grammica,C_tasmanica,17-15,A,2,young,2017-12-21,11:50:46 AM,,,y,650,ΦNPQ,0.116093366,Grammica__ΦNPQ,Young,Grammica__Young
Grammica,C_compacta,1566,B,1,young,2017-12-21,11:12:51 AM,,,y,651,ΦNPQ,0.243441937,Grammica__ΦNPQ,Young,Grammica__Young
Grammica,C_cephalanthii,1567,E,3,young,2018-03-08,12:56:48 PM,,,y,652,ΦNPQ,0.241854318,Grammica__ΦNPQ,Young,Grammica__Young
Grammica,C_tasmanica,17-15,C,1,old,2018-05-29,1:24:33 PM,,,o,653,ΦNPQ,0.302097302,Grammica__ΦNPQ,Old,Grammica__Old
Grammica,C_sandwichiana,155,A,2,seed,2018-01-15,11:13:48 AM,,,s,655,ΦNPQ,0.144955051,Grammica__ΦNPQ,Seed,Grammica__Seed
Grammica,C_gracillima,CUGR,B,5,young,2018-07-06,10:33:15 AM,,,y,656,ΦNPQ,0.441987295,Grammica__ΦNPQ,Young,Grammica__Young
Grammica,C_australis,1382,C,3,seed,2018-01-25,10:33:13 AM,,,s,658,ΦNPQ,0.261340787,Grammica__ΦNPQ,Seed,Grammica__Seed
Grammica,C_indecora,ss16-17,E,6,flower,2018-03-23,3:52:37 PM,,,f,659,ΦNPQ,0.211402831,Grammica__ΦNPQ,Flower,Grammica__Flower
Grammica,C_cephalanthii,1567,D,2,old,2018-04-03,4:18:12 PM,,,o,661,ΦNPQ,0.256732562,Grammica__ΦNPQ,Old,Grammica__Old
Grammica,C_cephalanthii,1567,F,4,seed (old),2018-05-29,12:23:38 PM,,,s,662,ΦNPQ,0.334711294,Grammica__ΦNPQ,Seed,Grammica__Seed
Grammica,C_denticulata,ss13-46,A,4,old,2018-05-29,3:19:24 PM,,,o,663,ΦNPQ,0.157004831,Grammica__ΦNPQ,Old,Grammica__Old
Grammica,C_indecora,ss16-17,E,4,flower,2018-03-23,3:52:37 PM,,,f,664,ΦNPQ,0.255422729,Grammica__ΦNPQ,Flower,Grammica__Flower
Grammica,C_australis,1382,B,3,young,2017-12-13,3:07:51 PM,,,y,665,ΦNPQ,0.363124453,Grammica__ΦNPQ,Young,Grammica__Young
Grammica,C_compacta,1566,A,4,old,2017-11-15,10:19:29 AM,,,o,666,ΦNPQ,0.223000745,Grammica__ΦNPQ,Old,Grammica__Old
Grammica,C_denticulata,ss13-46,B,6,haustorium,2018-06-20,1:19:35 PM,,,h,667,ΦNPQ,0.196172249,Grammica__ΦNPQ,Haustorium,Grammica__Haustorium
Grammica,C_sandwichiana,155,C,2,young,2017-12-13,3:38:43 PM,,,y,668,ΦNPQ,0.360328212,Grammica__ΦNPQ,Young,Grammica__Young
Grammica,C_tasmanica,17-15,B,5,haustorium,2018-04-17,2:21:56 PM,,,h,669,ΦNPQ,0.181216693,Grammica__ΦNPQ,Haustorium,Grammica__Haustorium
Grammica,C_costaricensis,CUCO,B,3,haustorium,2018-05-25,2:25:32 PM,,,h,670,ΦNPQ,0.31495228,Grammica__ΦNPQ,Haustorium,Grammica__Haustorium
Grammica,C_costaricensis,CUCO,C,1,haustorium,2018-05-25,3:09:23 PM,,,h,672,ΦNPQ,0.311438561,Grammica__ΦNPQ,Haustorium,Grammica__Haustorium
Grammica,C_polygonorum,1705,B,2,young,2017-12-13,1:59:42 PM,,,y,673,ΦNPQ,0.267649645,Grammica__ΦNPQ,Young,Grammica__Young
Grammica,C_polygonorum,1705,C,2,young,2017-12-13,11:29:05 AM,,,y,674,ΦNPQ,0.300620832,Grammica__ΦNPQ,Young,Grammica__Young
Grammica,C_cephalanthii,1567,D,9,seed,2018-04-19,5:03:34 PM,,,s,675,ΦNPQ,0.416687098,Grammica__ΦNPQ,Seed,Grammica__Seed
Grammica,C_tasmanica,17-15,D,2,young,2018-05-03,1:32:11 PM,,,y,676,ΦNPQ,0.095728845,Grammica__ΦNPQ,Young,Grammica__Young
Grammica,C_costaricensis,CUCO,B,2,old,2018-05-25,2:16:35 PM,,,o,677,ΦNPQ,0.12850212,Grammica__ΦNPQ,Old,Grammica__Old
Grammica,C_tasmanica,17-15,C,3,haustorium,2018-05-29,1:36:57 PM,,,h,678,ΦNPQ,0.362658564,Grammica__ΦNPQ,Haustorium,Grammica__Haustorium
Grammica,C_cephalanthii,1567,G,3,young,2018-04-03,5:15:39 PM,,,y,679,ΦNPQ,0.317000068,Grammica__ΦNPQ,Young,Grammica__Young
Grammica,C_costaricensis,CUCO,B,2,haustorium,2018-05-25,2:25:32 PM,,,h,680,ΦNPQ,0.33852877,Grammica__ΦNPQ,Haustorium,Grammica__Haustorium
Grammica,C_tasmanica,17-15,B,6,haustorium,2018-04-17,2:21:56 PM,,,h,681,ΦNPQ,0.276790151,Grammica__ΦNPQ,Haustorium,Grammica__Haustorium
Grammica,C_californica,ss17-105,C,1,old,2018-05-03,12:43:03 PM,,,o,682,ΦNPQ,0.347762167,Grammica__ΦNPQ,Old,Grammica__Old
Grammica,C_californica,ss17-105,D,1,flower,2018-07-06,2:13:32 PM,,,f,683,ΦNPQ,0.256096192,Grammica__ΦNPQ,Flower,Grammica__Flower
Grammica,C_polygonorum,1705,S,2,seedling,2017-11-09,6:22:52 PM,,,sdlg,685,ΦNPQ,0.476490174,Grammica__ΦNPQ,Seedling,Grammica__Seedling
Grammica,C_sandwichiana,155,B,1,young,2018-01-25,12:41:23 PM,,,y,686,ΦNPQ,0.159505908,Grammica__ΦNPQ,Young,Grammica__Young
Grammica,C_australis,1382,C,2,young,2017-12-13,2:21:20 PM,,,y,688,ΦNPQ,0.243438814,Grammica__ΦNPQ,Young,Grammica__Young
Grammica,C_cephalanthii,1567,D,1,young,2018-02-16,2:57:26 PM,,,y,690,ΦNPQ,0.04760111,Grammica__ΦNPQ,Young,Grammica__Young
Grammica,C_sandwichiana,155,C,1,young,2017-12-13,3:38:43 PM,,,y,691,ΦNPQ,0.199820045,Grammica__ΦNPQ,Young,Grammica__Young
Grammica,C_costaricensis,CUCO,C,6,haustorium,2018-05-25,3:09:23 PM,,,h,693,ΦNPQ,0.267147521,Grammica__ΦNPQ,Haustorium,Grammica__Haustorium
Grammica,C_californica,ss17-105,E,2,haustorium,2018-05-25,6:16:41 PM,,,h,694,ΦNPQ,0.166729223,Grammica__ΦNPQ,Haustorium,Grammica__Haustorium
Grammica,C_cephalanthii,1567,G,6,seed (old),2018-05-29,12:53:01 PM,,,s,695,ΦNPQ,0.31992616,Grammica__ΦNPQ,Seed,Grammica__Seed
Grammica,C_tasmanica,17-15,D,4,young,2018-05-29,10:36:38 AM,,,y,696,ΦNPQ,0.160774546,Grammica__ΦNPQ,Young,Grammica__Young
Grammica,C_polygonorum,1705,X,2,seed,2017-11-02,11:20:52 AM,,,s,697,ΦNPQ,0.211051498,Grammica__ΦNPQ,Seed,Grammica__Seed
Grammica,C_indecora,ss16-17,A,3,old,2017-12-13,1:22:55 PM,,,o,698,ΦNPQ,0.074601952,Grammica__ΦNPQ,Old,Grammica__Old
Grammica,C_tasmanica,17-15,D,3,young,2018-05-29,10:36:38 AM,,,y,699,ΦNPQ,0.118882788,Grammica__ΦNPQ,Young,Grammica__Young
Grammica,C_cephalanthii,1567,A,1,young,2017-11-15,1:33:03 PM,,,y,700,ΦNPQ,0.387672833,Grammica__ΦNPQ,Young,Grammica__Young
Grammica,C_tasmanica,17-15,C,4,haustorium,2018-05-29,1:36:57 PM,,,h,701,ΦNPQ,0.207327014,Grammica__ΦNPQ,Haustorium,Grammica__Haustorium
Grammica,C_costaricensis,CUCO,C,3,haustorium,2018-05-25,3:09:23 PM,,,h,702,ΦNPQ,0.247681783,Grammica__ΦNPQ,Haustorium,Grammica__Haustorium
Grammica,C_costaricensis,CUCO,-,1,seedling,2018-03-15,4:05:03 PM,,,sdlg,703,ΦNPQ,0.440719932,Grammica__ΦNPQ,Seedling,Grammica__Seedling
Grammica,C_denticulata,ss13-46,C,5,haustorium,2018-05-29,12:02:27 PM,,,h,704,ΦNPQ,0.193931026,Grammica__ΦNPQ,Haustorium,Grammica__Haustorium
Grammica,C_tasmanica,17-15,B,4,young,2018-04-17,1:55:52 PM,,,y,705,ΦNPQ,0.108682464,Grammica__ΦNPQ,Young,Grammica__Young
Grammica,C_australis,1382,B,1,young,2017-12-13,3:07:51 PM,,,y,706,ΦNPQ,0.490213148,Grammica__ΦNPQ,Young,Grammica__Young
Grammica,C_polygonorum,1705,B,3,young,2017-12-13,1:59:42 PM,,,y,707,ΦNPQ,0.329381512,Grammica__ΦNPQ,Young,Grammica__Young
Grammica,C_cephalanthii,1567,F,6,old,2018-03-23,4:26:33 PM,,,o,709,ΦNPQ,0.220026516,Grammica__ΦNPQ,Old,Grammica__Old
Grammica,C_californica,ss17-105,E,1,haustorium,2018-05-25,6:16:41 PM,,,h,710,ΦNPQ,0.279038354,Grammica__ΦNPQ,Haustorium,Grammica__Haustorium
Grammica,C_denticulata,ss13-46,A,2,flower,2018-07-06,11:02:42 AM,,,f,711,ΦNPQ,0.16811066,Grammica__ΦNPQ,Flower,Grammica__Flower
Grammica,C_denticulata,ss13-46,C,4,haustorium,2018-05-29,12:02:27 PM,,,h,712,ΦNPQ,0.153531634,Grammica__ΦNPQ,Haustorium,Grammica__Haustorium
Grammica,C_californica,ss17-105,B,5,old,2018-05-29,3:42:33 PM,,,o,713,ΦNPQ,0.273119568,Grammica__ΦNPQ,Old,Grammica__Old
Grammica,C_costaricensis,CUCO,B,2,young,2018-05-25,2:04:09 PM,,,y,714,ΦNPQ,0,Grammica__ΦNPQ,Young,Grammica__Young
Grammica,C_denticulata,ss13-46,D,3,young,2018-05-29,4:47:59 PM,,,y,715,ΦNPQ,0.14045962,Grammica__ΦNPQ,Young,Grammica__Young
Grammica,C_californica,ss17-105,C,7,flower,2018-05-25,1:42:20 PM,,,f,716,ΦNPQ,0.264272167,Grammica__ΦNPQ,Flower,Grammica__Flower
Grammica,C_tasmanica,17-15,D,1,young,2018-05-29,10:36:38 AM,,,y,717,ΦNPQ,0.221018758,Grammica__ΦNPQ,Young,Grammica__Young
Grammica,C_californica,ss17-105,A,2,haustorium,2018-05-03,3:52:11 PM,,,h,718,ΦNPQ,0.331408159,Grammica__ΦNPQ,Haustorium,Grammica__Haustorium
Grammica,C_costaricensis,CUCO,C,1,old,2018-05-25,2:54:09 PM,,,o,719,ΦNPQ,0.163626245,Grammica__ΦNPQ,Old,Grammica__Old
Grammica,C_gracillima,CUGR,B,1,young,2018-07-06,10:33:15 AM,,,y,720,ΦNPQ,0.346125937,Grammica__ΦNPQ,Young,Grammica__Young
Grammica,C_californica,ss17-105,E,4,flower,2018-07-06,2:26:42 PM,,,f,722,ΦNPQ,0.395748969,Grammica__ΦNPQ,Flower,Grammica__Flower
Grammica,C_compacta,1566,A,1,young,2017-11-15,11:37:17 AM,,,y,723,ΦNPQ,0.133153394,Grammica__ΦNPQ,Young,Grammica__Young
Grammica,C_californica,ss17-105,E,2,flower,2018-07-06,2:26:42 PM,,,f,724,ΦNPQ,0.296227273,Grammica__ΦNPQ,Flower,Grammica__Flower
Grammica,C_costaricensis,CUCO,C,5,haustorium,2018-05-25,3:09:23 PM,,,h,725,ΦNPQ,0.286293518,Grammica__ΦNPQ,Haustorium,Grammica__Haustorium
Grammica,C_californica,ss17-105,B,2,young,2018-05-29,3:33:16 PM,,,y,726,ΦNPQ,0.124579125,Grammica__ΦNPQ,Young,Grammica__Young
Grammica,C_californica,ss17-105,D,5,haustorium,2018-05-25,1:08:20 PM,,,h,727,ΦNPQ,0.225322696,Grammica__ΦNPQ,Haustorium,Grammica__Haustorium
Grammica,C_californica,ss17-105,A,4,flower,2018-05-29,4:21:52 PM,,,f,728,ΦNPQ,0.386244464,Grammica__ΦNPQ,Flower,Grammica__Flower
Grammica,C_indecora,ss16-17,B,2,old,2018-01-25,12:10:09 PM,,,o,729,ΦNPQ,0.243349332,Grammica__ΦNPQ,Old,Grammica__Old
Grammica,C_costaricensis,CUCO,B,1,haustorium,2018-05-25,2:25:32 PM,,,h,730,ΦNPQ,0.313638572,Grammica__ΦNPQ,Haustorium,Grammica__Haustorium
Grammica,C_costaricensis,CUCO,A,2,young,2018-05-03,1:03:52 PM,,,y,732,ΦNPQ,0,Grammica__ΦNPQ,Young,Grammica__Young
Grammica,C_polygonorum,1705,C,3,seed,2017-12-13,1:00:53 PM,,,s,733,ΦNPQ,0.328829404,Grammica__ΦNPQ,Seed,Grammica__Seed
Grammica,C_cephalanthii,1567,F,9,seed (old),2018-05-29,12:23:38 PM,,,s,734,ΦNPQ,0.279142761,Grammica__ΦNPQ,Seed,Grammica__Seed
Grammica,C_australis,1382,A,2,young,2018-01-25,11:09:17 AM,,,y,735,ΦNPQ,0.109616873,Grammica__ΦNPQ,Young,Grammica__Young
Grammica,C_cephalanthii,1567,A,1,young,2017-11-15,1:24:27 PM,,,y,736,ΦNPQ,0.300619138,Grammica__ΦNPQ,Young,Grammica__Young
Grammica,C_tasmanica,17-15,A,6,haustorium,2018-04-17,3:29:24 PM,,,h,738,ΦNPQ,0.185803922,Grammica__ΦNPQ,Haustorium,Grammica__Haustorium
Grammica,C_denticulata,ss13-46,A,6,flower,2018-07-06,11:02:42 AM,,,f,739,ΦNPQ,0.14250032,Grammica__ΦNPQ,Flower,Grammica__Flower
Grammica,C_indecora,ss16-17,-,2,seedling,8/24/18,13:19:55,,,sdlg,740,ΦNPQ,0.167163009,Grammica__ΦNPQ,Seedling,Grammica__Seedling
Grammica,C_tasmanica,17-15,B,5,old,2018-04-17,2:09:31 PM,,,o,741,ΦNPQ,0.143477767,Grammica__ΦNPQ,Old,Grammica__Old
Grammica,C_cephalanthii,1567,E,2,young,2018-03-08,12:56:48 PM,,,y,742,ΦNPQ,0.293311192,Grammica__ΦNPQ,Young,Grammica__Young
Grammica,C_californica,ss17-105,D,6,flower,2018-07-06,2:13:32 PM,,,f,744,ΦNPQ,0.201288503,Grammica__ΦNPQ,Flower,Grammica__Flower
Grammica,C_polygonorum,1705,C,5,seed,2017-12-13,1:00:53 PM,,,s,745,ΦNPQ,0.245484781,Grammica__ΦNPQ,Seed,Grammica__Seed
Grammica,C_californica,ss17-105,A,4,old,2018-05-03,3:45:01 PM,,,o,746,ΦNPQ,0.365751166,Grammica__ΦNPQ,Old,Grammica__Old
Grammica,C_polygonorum,1705,A,2,young,2018-01-25,9:48:59 AM,,,y,747,ΦNPQ,0.397530116,Grammica__ΦNPQ,Young,Grammica__Young
Grammica,C_denticulata,ss13-46,D,1,young,2018-05-29,4:47:59 PM,,,y,748,ΦNPQ,0.243151354,Grammica__ΦNPQ,Young,Grammica__Young
Grammica,C_tasmanica,17-15,A,3,haustorium,2018-04-17,3:29:24 PM,,,h,749,ΦNPQ,0.27095349,Grammica__ΦNPQ,Haustorium,Grammica__Haustorium
Grammica,C_denticulata,ss13-46,D,4,haustorium,2018-06-22,4:57:03 PM,,,h,750,ΦNPQ,0.195621948,Grammica__ΦNPQ,Haustorium,Grammica__Haustorium
Grammica,C_cephalanthii,1567,A,1,seedling,8/24/18,13:52:40,,,sdlg,751,ΦNPQ,0.29215219,Grammica__ΦNPQ,Seedling,Grammica__Seedling
Grammica,C_indecora,ss16-17,A,4,old,2017-12-13,1:22:55 PM,,,o,752,ΦNPQ,0.109848485,Grammica__ΦNPQ,Old,Grammica__Old
Grammica,C_denticulata,ss13-46,A,1,old,2018-05-29,3:19:24 PM,,,o,753,ΦNPQ,0.142394822,Grammica__ΦNPQ,Old,Grammica__Old
Grammica,C_costaricensis,CUCO,C,2,old,2018-05-25,2:54:09 PM,,,o,754,ΦNPQ,0.068027211,Grammica__ΦNPQ,Old,Grammica__Old
Grammica,C_costaricensis,CUCO,C,2,young,2018-05-25,2:39:54 PM,,,y,755,ΦNPQ,0.111425873,Grammica__ΦNPQ,Young,Grammica__Young
Grammica,C_californica,ss17-105,C,1,flower,2018-05-25,1:42:20 PM,,,f,756,ΦNPQ,0.273683623,Grammica__ΦNPQ,Flower,Grammica__Flower
Grammica,C_californica,ss17-105,C,2,young,2018-05-03,12:32:45 PM,,,y,757,ΦNPQ,0.135754799,Grammica__ΦNPQ,Young,Grammica__Young
Grammica,C_californica,ss17-105,C,2,old,2018-05-03,12:43:03 PM,,,o,759,ΦNPQ,0.26852736,Grammica__ΦNPQ,Old,Grammica__Old
Grammica,C_californica,ss17-105,B,8,flower,2018-05-29,3:51:20 PM,,,f,761,ΦNPQ,0.333887522,Grammica__ΦNPQ,Flower,Grammica__Flower
Grammica,C_polygonorum,1705,B,1,young,2017-12-13,1:59:42 PM,,,y,762,ΦNPQ,0.293864208,Grammica__ΦNPQ,Young,Grammica__Young
Grammica,C_cephalanthii,1567,D,1,young,2018-03-08,12:22:11 PM,,,y,763,ΦNPQ,0.175322309,Grammica__ΦNPQ,Young,Grammica__Young
Grammica,C_costaricensis,CUCO,A,2,old,2018-05-03,1:13:39 PM,,,o,765,ΦNPQ,0.218413215,Grammica__ΦNPQ,Old,Grammica__Old
Grammica,C_californica,ss17-105,D,5,flower,2018-07-06,2:13:32 PM,,,f,766,ΦNPQ,0.321433443,Grammica__ΦNPQ,Flower,Grammica__Flower
Grammica,C_denticulata,ss13-46,C,2,haustorium,2018-05-29,12:02:27 PM,,,h,767,ΦNPQ,0.254605597,Grammica__ΦNPQ,Haustorium,Grammica__Haustorium
Grammica,C_tasmanica,17-15,B,1,young,2018-04-17,1:55:52 PM,,,y,768,ΦNPQ,0.106716418,Grammica__ΦNPQ,Young,Grammica__Young
Grammica,C_tasmanica,17-15,A,1,haustorium,2017-12-21,12:12:19 PM,,,h,769,ΦNPQ,0.267429577,Grammica__ΦNPQ,Haustorium,Grammica__Haustorium
Grammica,C_denticulata,ss13-46,A,2,young,2018-05-29,11:11:53 AM,,,y,770,ΦNPQ,0.087948718,Grammica__ΦNPQ,Young,Grammica__Young
Grammica,C_californica,ss17-105,A,3,flower,2018-05-29,4:21:52 PM,,,f,771,ΦNPQ,0.358366864,Grammica__ΦNPQ,Flower,Grammica__Flower
Grammica,C_californica,ss17-105,E,6,haustorium,2018-05-25,6:16:41 PM,,,h,773,ΦNPQ,0.23641093,Grammica__ΦNPQ,Haustorium,Grammica__Haustorium
Grammica,C_polygonorum,1705,C,3,young,2017-12-13,11:29:05 AM,,,y,774,ΦNPQ,0.190451205,Grammica__ΦNPQ,Young,Grammica__Young
Grammica,C_indecora,ss16-17,-,1,seedling,8/24/18,13:36:39,,,sdlg,775,ΦNPQ,0.180372395,Grammica__ΦNPQ,Seedling,Grammica__Seedling
Grammica,C_tasmanica,17-15,C,6,young,2018-05-29,1:12:22 PM,,,y,776,ΦNPQ,0.162414966,Grammica__ΦNPQ,Young,Grammica__Young
Grammica,C_californica,ss17-105,E,5,haustorium,2018-05-25,6:16:41 PM,,,h,777,ΦNPQ,0.177207118,Grammica__ΦNPQ,Haustorium,Grammica__Haustorium
Grammica,C_cephalanthii,1567,E,1,young,2018-03-08,12:56:48 PM,,,y,779,ΦNPQ,0.2656525,Grammica__ΦNPQ,Young,Grammica__Young
Grammica,C_polygonorum,1705,C,4,seed,2017-12-13,1:00:53 PM,,,s,780,ΦNPQ,0.223586012,Grammica__ΦNPQ,Seed,Grammica__Seed
Grammica,C_californica,ss17-105,B,3,haustorium,2018-05-29,4:03:02 PM,,,h,781,ΦNPQ,0.256272745,Grammica__ΦNPQ,Haustorium,Grammica__Haustorium
Grammica,C_indecora,ss16-17,A,2,old,2017-12-13,1:22:55 PM,,,o,782,ΦNPQ,0.095686179,Grammica__ΦNPQ,Old,Grammica__Old
Grammica,C_tasmanica,17-15,A,5,young,2018-04-17,2:43:56 PM,,,y,784,ΦNPQ,0.173290961,Grammica__ΦNPQ,Young,Grammica__Young
Grammica,C_costaricensis,CUCO,C,3,old,2018-05-25,2:54:09 PM,,,o,786,ΦNPQ,0.063388398,Grammica__ΦNPQ,Old,Grammica__Old
Grammica,C_californica,ss17-105,B,4,haustorium,2018-05-29,4:03:02 PM,,,h,787,ΦNPQ,0.306061529,Grammica__ΦNPQ,Haustorium,Grammica__Haustorium
Grammica,C_cephalanthii,1567,A,3,seedling,8/24/18,14:03:55,,,sdlg,788,ΦNPQ,0.219515427,Grammica__ΦNPQ,Seedling,Grammica__Seedling
Grammica,C_tasmanica,17-15,B,6,young,2018-04-17,1:55:52 PM,,,y,789,ΦNPQ,0.112776699,Grammica__ΦNPQ,Young,Grammica__Young
Grammica,C_tasmanica,17-15,A,2,haustorium,2018-04-17,3:29:24 PM,,,h,790,ΦNPQ,0.270732423,Grammica__ΦNPQ,Haustorium,Grammica__Haustorium
Grammica,C_australis,1382,-,2,seedling,2017-11-02,3:16:57 PM,,,sdlg,791,ΦNPQ,0.348680578,Grammica__ΦNPQ,Seedling,Grammica__Seedling
Grammica,C_cephalanthii,1567,D,3,young,2018-03-08,12:22:11 PM,,,y,792,ΦNPQ,0.230078997,Grammica__ΦNPQ,Young,Grammica__Young
Grammica,C_polygonorum,1705,C,2,seed,2017-12-13,1:00:53 PM,,,s,793,ΦNPQ,0.227026137,Grammica__ΦNPQ,Seed,Grammica__Seed
Grammica,C_californica,ss17-105,B,3,old,2018-05-29,3:42:33 PM,,,o,794,ΦNPQ,0.16456288,Grammica__ΦNPQ,Old,Grammica__Old
Grammica,C_denticulata,ss13-46,C,4,old,2018-05-29,11:52:58 AM,,,o,796,ΦNPQ,0.193701668,Grammica__ΦNPQ,Old,Grammica__Old
Grammica,C_californica,ss17-105,E,9,haustorium,2018-05-25,6:16:41 PM,,,h,797,ΦNPQ,0.174711649,Grammica__ΦNPQ,Haustorium,Grammica__Haustorium
Grammica,C_cephalanthii,1567,A,2,old,2017-11-15,1:40:51 PM,,,o,799,ΦNPQ,0.362106934,Grammica__ΦNPQ,Old,Grammica__Old
Grammica,C_californica,ss17-105,D,5,young,2018-05-25,12:42:05 PM,,,y,800,ΦNPQ,0.156004177,Grammica__ΦNPQ,Young,Grammica__Young
Grammica,C_californica,ss17-105,A,1,young,2018-05-03,3:35:43 PM,,,y,802,ΦNPQ,0.370898606,Grammica__ΦNPQ,Young,Grammica__Young
Grammica,C_costaricensis,CUCO,B,5,young,2018-05-25,2:04:09 PM,,,y,803,ΦNPQ,0.094359304,Grammica__ΦNPQ,Young,Grammica__Young
Grammica,C_denticulata,ss13-46,D,2,young,2018-05-29,4:47:59 PM,,,y,804,ΦNPQ,0.108795096,Grammica__ΦNPQ,Young,Grammica__Young
Grammica,C_costaricensis,CUCO,A,1,young,2018-05-03,1:03:52 PM,,,y,806,ΦNPQ,0.345748991,Grammica__ΦNPQ,Young,Grammica__Young
Grammica,C_californica,ss17-105,A,3,haustorium,2018-05-03,3:52:11 PM,,,h,807,ΦNPQ,0.282642896,Grammica__ΦNPQ,Haustorium,Grammica__Haustorium
Grammica,C_californica,ss17-105,E,4,young,2018-05-25,5:35:48 PM,,,y,808,ΦNPQ,0.118840907,Grammica__ΦNPQ,Young,Grammica__Young
Grammica,C_denticulata,ss13-46,B,1,haustorium,2018-06-20,1:19:35 PM,,,h,809,ΦNPQ,0.197949793,Grammica__ΦNPQ,Haustorium,Grammica__Haustorium
Grammica,C_californica,ss17-105,D,4,haustorium,2018-05-25,1:08:20 PM,,,h,811,ΦNPQ,0.30381975,Grammica__ΦNPQ,Haustorium,Grammica__Haustorium
Grammica,C_californica,ss17-105,E,7,haustorium,2018-05-25,6:16:41 PM,,,h,812,ΦNPQ,0.26408051,Grammica__ΦNPQ,Haustorium,Grammica__Haustorium
Grammica,C_californica,ss17-105,A,1,haustorium,2018-05-03,3:52:11 PM,,,h,813,ΦNPQ,0.311020271,Grammica__ΦNPQ,Haustorium,Grammica__Haustorium
Grammica,C_costaricensis,CUCO,B,3,old,2018-05-25,2:16:35 PM,,,o,814,ΦNPQ,0.182229662,Grammica__ΦNPQ,Old,Grammica__Old
Grammica,C_denticulata,ss13-46,C,1,old,2018-05-29,11:52:58 AM,,,o,815,ΦNPQ,0.170639243,Grammica__ΦNPQ,Old,Grammica__Old
Grammica,C_californica,ss17-105,C,3,flower,2018-05-25,1:42:20 PM,,,f,816,ΦNPQ,0.306571173,Grammica__ΦNPQ,Flower,Grammica__Flower
Grammica,C_californica,ss17-105,B,6,flower,2018-05-29,3:51:20 PM,,,f,817,ΦNPQ,0.329481618,Grammica__ΦNPQ,Flower,Grammica__Flower
Grammica,C_tasmanica,17-15,D,3,young,2018-05-03,1:32:11 PM,,,y,818,ΦNPQ,0.103635132,Grammica__ΦNPQ,Young,Grammica__Young
Grammica,C_costaricensis,CUCO,A,1,old,2018-05-03,1:13:39 PM,,,o,820,ΦNPQ,0.180221077,Grammica__ΦNPQ,Old,Grammica__Old
Grammica,C_californica,ss17-105,B,3,flower,2018-05-29,3:51:20 PM,,,f,821,ΦNPQ,0.30390677,Grammica__ΦNPQ,Flower,Grammica__Flower
Grammica,C_cephalanthii,1567,A,3,old,2017-11-15,1:53:59 PM,,,o,824,ΦNPQ,0.117900109,Grammica__ΦNPQ,Old,Grammica__Old
Grammica,C_denticulata,ss13-46,B,4,haustorium,2018-06-20,1:19:35 PM,,,h,825,ΦNPQ,0.175233536,Grammica__ΦNPQ,Haustorium,Grammica__Haustorium
Grammica,C_costaricensis,CUCO,C,1,young,2018-05-25,2:39:54 PM,,,y,826,ΦNPQ,0.197593849,Grammica__ΦNPQ,Young,Grammica__Young
Grammica,C_denticulata,ss13-46,C,1,flower,2018-06-07,12:39:09 PM,,,f,827,ΦNPQ,0.167683025,Grammica__ΦNPQ,Flower,Grammica__Flower
Grammica,C_denticulata,ss13-46,C,1,young,2018-05-29,11:43:17 AM,,,y,829,ΦNPQ,0.283558852,Grammica__ΦNPQ,Young,Grammica__Young
Grammica,C_tasmanica,17-15,D,2,young,2018-05-29,10:36:38 AM,,,y,830,ΦNPQ,0.097322101,Grammica__ΦNPQ,Young,Grammica__Young
Grammica,C_denticulata,ss13-46,B,1,old,2018-06-20,1:09:13 PM,,,o,831,ΦNPQ,0.211288913,Grammica__ΦNPQ,Old,Grammica__Old
Grammica,C_denticulata,ss13-46,C,6,flower,2018-06-20,3:03:14 PM,,,f,832,ΦNPQ,0.1144427,Grammica__ΦNPQ,Flower,Grammica__Flower
Grammica,C_costaricensis,CUCO,B,6,young,2018-05-25,2:04:09 PM,,,y,833,ΦNPQ,0.272728536,Grammica__ΦNPQ,Young,Grammica__Young
Grammica,C_californica,ss17-105,D,4,young,2018-05-25,12:42:05 PM,,,y,834,ΦNPQ,0.048609236,Grammica__ΦNPQ,Young,Grammica__Young
Grammica,C_californica,ss17-105,E,2,old,2018-05-25,6:05:05 PM,,,o,835,ΦNPQ,0.272075824,Grammica__ΦNPQ,Old,Grammica__Old
Grammica,C_californica,ss17-105,C,3,old,2018-05-03,12:43:03 PM,,,o,836,ΦNPQ,0.221995215,Grammica__ΦNPQ,Old,Grammica__Old
Grammica,C_californica,ss17-105,E,7,flower,2018-07-06,2:26:42 PM,,,f,837,ΦNPQ,0.235341791,Grammica__ΦNPQ,Flower,Grammica__Flower
Grammica,C_californica,ss17-105,A,5,flower,2018-05-29,4:21:52 PM,,,f,838,ΦNPQ,0.287613785,Grammica__ΦNPQ,Flower,Grammica__Flower
Grammica,C_denticulata,ss13-46,B,2,old,2018-06-20,1:09:13 PM,,,o,839,ΦNPQ,0.165516342,Grammica__ΦNPQ,Old,Grammica__Old
Grammica,C_australis,1382,A,1,young,2018-01-25,11:09:17 AM,,,y,840,ΦNPQ,0.110961446,Grammica__ΦNPQ,Young,Grammica__Young
Grammica,C_costaricensis,CUCO,B,5,haustorium,2018-05-25,2:25:32 PM,,,h,841,ΦNPQ,0.342293862,Grammica__ΦNPQ,Haustorium,Grammica__Haustorium
Grammica,C_californica,ss17-105,A,8,flower,2018-05-29,4:21:52 PM,,,f,842,ΦNPQ,0.321826455,Grammica__ΦNPQ,Flower,Grammica__Flower
Grammica,C_californica,ss17-105,B,3,young,2018-05-29,3:33:16 PM,,,y,843,ΦNPQ,0.089364519,Grammica__ΦNPQ,Young,Grammica__Young
Grammica,C_denticulata,ss13-46,A,4,flower,2018-07-06,11:02:42 AM,,,f,844,ΦNPQ,0.150344637,Grammica__ΦNPQ,Flower,Grammica__Flower
Grammica,C_denticulata,ss13-46,A,1,flower,2018-07-06,11:02:42 AM,,,f,845,ΦNPQ,0.185575968,Grammica__ΦNPQ,Flower,Grammica__Flower
Grammica,C_tasmanica,17-15,A,1,young,2017-12-21,11:50:46 AM,,,y,846,ΦNPQ,0.111842105,Grammica__ΦNPQ,Young,Grammica__Young
Grammica,C_californica,ss17-105,E,4,old,2018-05-25,6:05:05 PM,,,o,847,ΦNPQ,0.190064729,Grammica__ΦNPQ,Old,Grammica__Old
Grammica,C_cephalanthii,1567,D,2,young,2018-03-08,12:22:11 PM,,,y,848,ΦNPQ,0.232520804,Grammica__ΦNPQ,Young,Grammica__Young
Grammica,C_californica,ss17-105,E,1,flower,2018-07-06,2:26:42 PM,,,f,849,ΦNPQ,0.227882977,Grammica__ΦNPQ,Flower,Grammica__Flower
Grammica,C_denticulata,ss13-46,A,4,young,2018-05-29,11:11:53 AM,,,y,851,ΦNPQ,0.103324949,Grammica__ΦNPQ,Young,Grammica__Young
Grammica,C_denticulata,ss13-46,2,2,seedling,2018-05-01,2:22:18 PM,,,sdlg,852,ΦNPQ,0.297151908,Grammica__ΦNPQ,Seedling,Grammica__Seedling
Grammica,C_indecora,ss16-17,-,2,seedling,8/24/18,13:36:39,,,sdlg,853,ΦNPQ,0.220244898,Grammica__ΦNPQ,Seedling,Grammica__Seedling
Grammica,C_tasmanica,17-15,B,5,young,2018-04-17,1:55:52 PM,,,y,856,ΦNPQ,0.144939291,Grammica__ΦNPQ,Young,Grammica__Young
Grammica,C_californica,ss17-105,D,3,old,2018-05-25,12:53:49 PM,,,o,857,ΦNPQ,0.144835893,Grammica__ΦNPQ,Old,Grammica__Old
Grammica,C_californica,ss17-105,A,6,flower,2018-05-29,4:21:52 PM,,,f,858,ΦNPQ,0.329749144,Grammica__ΦNPQ,Flower,Grammica__Flower
Grammica,C_californica,ss17-105,A,2,flower,2018-05-29,4:21:52 PM,,,f,862,ΦNPQ,0.330460786,Grammica__ΦNPQ,Flower,Grammica__Flower
Grammica,C_californica,ss17-105,B,5,young,2018-05-29,3:33:16 PM,,,y,863,ΦNPQ,0.146374289,Grammica__ΦNPQ,Young,Grammica__Young
Grammica,C_denticulata,ss13-46,A,2,haustorium,2018-05-29,11:30:47 AM,,,h,865,ΦNPQ,0.203220705,Grammica__ΦNPQ,Haustorium,Grammica__Haustorium
Grammica,C_costaricensis,CUCO,B,3,young,2018-05-25,2:04:09 PM,,,y,867,ΦNPQ,0.223908229,Grammica__ΦNPQ,Young,Grammica__Young
Grammica,C_californica,ss17-105,E,6,young,2018-05-25,5:35:48 PM,,,y,868,ΦNPQ,0.072803615,Grammica__ΦNPQ,Young,Grammica__Young
Grammica,C_californica,ss17-105,E,8,haustorium,2018-05-25,6:16:41 PM,,,h,870,ΦNPQ,0.292752861,Grammica__ΦNPQ,Haustorium,Grammica__Haustorium
Grammica,C_denticulata,ss13-46,A,1,haustorium,2018-05-29,11:30:47 AM,,,h,871,ΦNPQ,0.155946968,Grammica__ΦNPQ,Haustorium,Grammica__Haustorium
Grammica,C_californica,ss17-105,E,6,flower,2018-07-06,2:26:42 PM,,,f,872,ΦNPQ,0.19846509,Grammica__ΦNPQ,Flower,Grammica__Flower
Grammica,C_californica,ss17-105,B,2,flower,2018-05-29,3:51:20 PM,,,f,873,ΦNPQ,0.322598341,Grammica__ΦNPQ,Flower,Grammica__Flower
Grammica,C_denticulata,ss13-46,C,2,flower,2018-06-20,3:03:14 PM,,,f,874,ΦNPQ,0.149364285,Grammica__ΦNPQ,Flower,Grammica__Flower
Grammica,C_californica,ss17-105,B,1,old,2018-05-29,3:42:33 PM,,,o,875,ΦNPQ,0.142809917,Grammica__ΦNPQ,Old,Grammica__Old
Grammica,C_californica,ss17-105,E,10,flower,2018-07-06,2:26:42 PM,,,f,878,ΦNPQ,0.215723816,Grammica__ΦNPQ,Flower,Grammica__Flower
Grammica,C_denticulata,ss13-46,D,1,young,2018-06-22,4:36:43 PM,,,y,879,ΦNPQ,0.119892075,Grammica__ΦNPQ,Young,Grammica__Young
Grammica,C_californica,ss17-105,B,7,flower,2018-05-29,3:51:20 PM,,,f,880,ΦNPQ,0.291950618,Grammica__ΦNPQ,Flower,Grammica__Flower
Grammica,C_denticulata,ss13-46,A,3,haustorium,2018-05-29,11:30:47 AM,,,h,881,ΦNPQ,0.190626809,Grammica__ΦNPQ,Haustorium,Grammica__Haustorium
Grammica,C_californica,ss17-105,B,4,flower,2018-05-29,3:51:20 PM,,,f,882,ΦNPQ,0.286590274,Grammica__ΦNPQ,Flower,Grammica__Flower
Grammica,C_costaricensis,CUCO,B,4,young,2018-05-25,2:04:09 PM,,,y,883,ΦNPQ,0.161976813,Grammica__ΦNPQ,Young,Grammica__Young
Grammica,C_californica,ss17-105,C,8,flower,2018-05-25,1:42:20 PM,,,f,884,ΦNPQ,0.256008487,Grammica__ΦNPQ,Flower,Grammica__Flower
Grammica,C_cephalanthii,1567,A,2,seedling,8/24/18,14:03:55,,,sdlg,885,ΦNPQ,0.207807269,Grammica__ΦNPQ,Seedling,Grammica__Seedling
Grammica,C_denticulata,ss13-46,C,2,old,2018-05-29,11:52:58 AM,,,o,886,ΦNPQ,0.202062063,Grammica__ΦNPQ,Old,Grammica__Old
Grammica,C_tasmanica,17-15,B,7,young,2018-04-17,1:55:52 PM,,,y,887,ΦNPQ,0.128477518,Grammica__ΦNPQ,Young,Grammica__Young
Grammica,C_californica,ss17-105,B,5,flower,2018-05-29,3:51:20 PM,,,f,888,ΦNPQ,0.101512825,Grammica__ΦNPQ,Flower,Grammica__Flower
Grammica,C_californica,ss17-105,A,7,flower,2018-05-29,4:21:52 PM,,,f,889,ΦNPQ,0.292050447,Grammica__ΦNPQ,Flower,Grammica__Flower
Grammica,C_californica,ss17-105,E,5,flower,2018-07-06,2:26:42 PM,,,f,894,ΦNPQ,0.189459327,Grammica__ΦNPQ,Flower,Grammica__Flower
Grammica,C_californica,ss17-105,A,1,flower,2018-05-29,4:21:52 PM,,,f,896,ΦNPQ,0.298319117,Grammica__ΦNPQ,Flower,Grammica__Flower
Grammica,C_tasmanica,17-15,C,2,young,2018-05-29,1:12:22 PM,,,y,900,ΦNPQ,0.325709544,Grammica__ΦNPQ,Young,Grammica__Young
Grammica,C_tasmanica,17-15,B,2,young,2018-04-17,1:55:52 PM,,,y,901,ΦNPQ,0.113622786,Grammica__ΦNPQ,Young,Grammica__Young
Grammica,C_indecora,ss16-17,C,3,young,2018-01-25,11:41:52 AM,,,y,902,ΦNPQ,0.208231955,Grammica__ΦNPQ,Young,Grammica__Young
Grammica,C_californica,ss17-105,C,2,flower,2018-05-25,1:42:20 PM,,,f,903,ΦNPQ,0.237728318,Grammica__ΦNPQ,Flower,Grammica__Flower
Grammica,C_denticulata,ss13-46,C,1,haustorium,2018-05-29,12:02:27 PM,,,h,904,ΦNPQ,0.323955237,Grammica__ΦNPQ,Haustorium,Grammica__Haustorium
Grammica,C_denticulata,ss13-46,C,3,flower,2018-06-07,12:39:09 PM,,,f,905,ΦNPQ,0.149555567,Grammica__ΦNPQ,Flower,Grammica__Flower
Grammica,C_californica,ss17-105,E,3,flower,2018-07-06,2:26:42 PM,,,f,906,ΦNPQ,0.227479517,Grammica__ΦNPQ,Flower,Grammica__Flower
Grammica,C_californica,ss17-105,E,1,young,2018-05-25,5:35:48 PM,,,y,907,ΦNPQ,0.113258821,Grammica__ΦNPQ,Young,Grammica__Young
Grammica,C_tasmanica,17-15,C,7,young,2018-05-29,1:12:22 PM,,,y,908,ΦNPQ,0.218023878,Grammica__ΦNPQ,Young,Grammica__Young
Grammica,C_denticulata,ss13-46,2,1,seedling,2018-05-01,2:22:18 PM,,,sdlg,910,ΦNPQ,0.241540174,Grammica__ΦNPQ,Seedling,Grammica__Seedling
Grammica,C_denticulata,ss13-46,C,2,young,2018-05-29,11:43:17 AM,,,y,911,ΦNPQ,0.179470928,Grammica__ΦNPQ,Young,Grammica__Young
Grammica,C_californica,ss17-105,B,1,flower,2018-05-29,3:51:20 PM,,,f,912,ΦNPQ,0.244686864,Grammica__ΦNPQ,Flower,Grammica__Flower
Grammica,C_californica,ss17-105,C,5,flower,2018-05-25,1:42:20 PM,,,f,913,ΦNPQ,0.243899988,Grammica__ΦNPQ,Flower,Grammica__Flower
Grammica,C_californica,ss17-105,C,6,flower,2018-05-25,1:42:20 PM,,,f,916,ΦNPQ,0.278874818,Grammica__ΦNPQ,Flower,Grammica__Flower
Grammica,C_tasmanica,17-15,A,7,young,2018-04-17,2:43:56 PM,,,y,917,ΦNPQ,0.145680371,Grammica__ΦNPQ,Young,Grammica__Young
Grammica,C_californica,ss17-105,D,1,haustorium,2018-05-25,1:08:20 PM,,,h,918,ΦNPQ,0.214873482,Grammica__ΦNPQ,Haustorium,Grammica__Haustorium
Grammica,C_californica,ss17-105,-,5,seedling,2018-04-17,1:20:53 PM,,,sdlg,919,ΦNPQ,0.273965347,Grammica__ΦNPQ,Seedling,Grammica__Seedling
Grammica,C_denticulata,ss13-46,D,3,young,2018-06-22,4:36:43 PM,,,y,920,ΦNPQ,0.137846055,Grammica__ΦNPQ,Young,Grammica__Young
Grammica,C_denticulata,ss13-46,D,5,young,2018-06-22,4:36:43 PM,,,y,921,ΦNPQ,0.105142994,Grammica__ΦNPQ,Young,Grammica__Young
Grammica,C_denticulata,ss13-46,C,1,flower,2018-06-20,3:03:14 PM,,,f,922,ΦNPQ,0.123545463,Grammica__ΦNPQ,Flower,Grammica__Flower
Grammica,C_californica,ss17-105,E,3,young,2018-05-25,5:35:48 PM,,,y,923,ΦNPQ,0.090355731,Grammica__ΦNPQ,Young,Grammica__Young
Grammica,C_sandwichiana,155,D,1,young,2018-01-25,1:05:39 PM,,,y,924,ΦNPQ,0.211968368,Grammica__ΦNPQ,Young,Grammica__Young
Grammica,C_polygonorum,1705,D,4,young,2018-07-06,11:29:21 AM,,,y,925,ΦNPQ,0.077745384,Grammica__ΦNPQ,Young,Grammica__Young
Grammica,C_californica,ss17-105,B,5,haustorium,2018-05-29,4:03:02 PM,,,h,926,ΦNPQ,0.254879419,Grammica__ΦNPQ,Haustorium,Grammica__Haustorium
Grammica,C_californica,ss17-105,B,4,young,2018-05-29,3:33:16 PM,,,y,927,ΦNPQ,0.238169957,Grammica__ΦNPQ,Young,Grammica__Young
Grammica,C_californica,ss17-105,A,2,young,2018-05-03,3:35:43 PM,,,y,928,ΦNPQ,0.191474253,Grammica__ΦNPQ,Young,Grammica__Young
Grammica,C_polygonorum,1705,D,3,young,2018-07-06,11:29:21 AM,,,y,929,ΦNPQ,0.076933309,Grammica__ΦNPQ,Young,Grammica__Young
Grammica,C_californica,ss17-105,C,1,young,2018-05-03,12:32:45 PM,,,y,930,ΦNPQ,0.1231054,Grammica__ΦNPQ,Young,Grammica__Young
Grammica,C_costaricensis,CUCO,C,5,young,2018-05-25,2:39:54 PM,,,y,931,ΦNPQ,0.077506845,Grammica__ΦNPQ,Young,Grammica__Young
Grammica,C_tasmanica,17-15,A,6,young,2018-04-17,2:43:56 PM,,,y,932,ΦNPQ,0.201347271,Grammica__ΦNPQ,Young,Grammica__Young
Grammica,C_denticulata,ss13-46,C,2,flower,2018-06-07,12:39:09 PM,,,f,933,ΦNPQ,0.127675497,Grammica__ΦNPQ,Flower,Grammica__Flower
Grammica,C_tasmanica,17-15,C,4,young,2018-05-29,1:12:22 PM,,,y,935,ΦNPQ,0.195881453,Grammica__ΦNPQ,Young,Grammica__Young
Grammica,C_denticulata,ss13-46,D,2,young,2018-06-22,4:36:43 PM,,,y,936,ΦNPQ,0.086962014,Grammica__ΦNPQ,Young,Grammica__Young
Grammica,C_denticulata,ss13-46,1,2,seedling,2018-05-01,3:53:06 PM,,,sdlg,937,ΦNPQ,0.226321837,Grammica__ΦNPQ,Seedling,Grammica__Seedling
Grammica,C_polygonorum,1705,D,5,young,2018-07-06,11:29:21 AM,,,y,939,ΦNPQ,0.124507333,Grammica__ΦNPQ,Young,Grammica__Young
Grammica,C_tasmanica,17-15,A,1,young,2018-04-17,2:43:56 PM,,,y,940,ΦNPQ,0.107557474,Grammica__ΦNPQ,Young,Grammica__Young
Grammica,C_californica,ss17-105,B,1,young,2018-05-29,3:33:16 PM,,,y,941,ΦNPQ,0.175668271,Grammica__ΦNPQ,Young,Grammica__Young
Grammica,C_denticulata,ss13-46,B,2,young,2018-06-20,12:55:09 PM,,,y,942,ΦNPQ,0.103003501,Grammica__ΦNPQ,Young,Grammica__Young
Grammica,C_polygonorum,1705,D,2,young,2018-07-06,11:29:21 AM,,,y,946,ΦNPQ,0.124833177,Grammica__ΦNPQ,Young,Grammica__Young
Grammica,C_tasmanica,17-15,A,8,young,2018-04-17,2:43:56 PM,,,y,947,ΦNPQ,0.120094192,Grammica__ΦNPQ,Young,Grammica__Young
Grammica,C_denticulata,ss13-46,B,1,young,2018-06-20,12:55:09 PM,,,y,949,ΦNPQ,0.221616535,Grammica__ΦNPQ,Young,Grammica__Young
Grammica,C_denticulata,ss13-46,A,3,flower,2018-07-06,11:02:42 AM,,,f,950,ΦNPQ,0.180100432,Grammica__ΦNPQ,Flower,Grammica__Flower
Grammica,C_californica,ss17-105,A,3,young,2018-05-03,3:35:43 PM,,,y,951,ΦNPQ,0.181943718,Grammica__ΦNPQ,Young,Grammica__Young
Grammica,C_californica,ss17-105,-,2,seedling,2018-04-17,1:20:53 PM,,,sdlg,953,ΦNPQ,0.201023093,Grammica__ΦNPQ,Seedling,Grammica__Seedling
Grammica,C_denticulata,ss13-46,C,3,haustorium,2018-05-29,12:02:27 PM,,,h,954,ΦNPQ,0.194058324,Grammica__ΦNPQ,Haustorium,Grammica__Haustorium
Grammica,C_denticulata,ss13-46,2,3,seedling,2018-05-01,2:22:18 PM,,,sdlg,955,ΦNPQ,0.187938444,Grammica__ΦNPQ,Seedling,Grammica__Seedling
Grammica,C_californica,ss17-105,E,5,old,2018-05-25,6:05:05 PM,,,o,956,ΦNPQ,0.20138162,Grammica__ΦNPQ,Old,Grammica__Old
Grammica,C_denticulata,ss13-46,1,3,seedling,2018-05-01,3:53:06 PM,,,sdlg,957,ΦNPQ,0.22034903,Grammica__ΦNPQ,Seedling,Grammica__Seedling
Grammica,C_polygonorum,1705,D,1,young,2018-07-06,11:29:21 AM,,,y,958,ΦNPQ,0.141359039,Grammica__ΦNPQ,Young,Grammica__Young
Grammica,C_californica,ss17-105,E,3,old,2018-05-25,6:05:05 PM,,,o,959,ΦNPQ,0.166636968,Grammica__ΦNPQ,Old,Grammica__Old
Grammica,C_tasmanica,17-15,A,2,young,2018-04-17,2:43:56 PM,,,y,960,ΦNPQ,0.113945304,Grammica__ΦNPQ,Young,Grammica__Young
Grammica,C_tasmanica,17-15,A,3,young,2018-04-17,2:43:56 PM,,,y,963,ΦNPQ,0.153881216,Grammica__ΦNPQ,Young,Grammica__Young
Grammica,C_denticulata,ss13-46,D,4,young,2018-06-22,4:36:43 PM,,,y,967,ΦNPQ,0.045382152,Grammica__ΦNPQ,Young,Grammica__Young
Grammica,C_denticulata,ss13-46,A,5,flower,2018-07-06,11:02:42 AM,,,f,969,ΦNPQ,0.122112199,Grammica__ΦNPQ,Flower,Grammica__Flower
Grammica,C_indecora,ss16-17,B,3,young,2018-01-25,12:01:11 PM,,,y,971,ΦNPQ,0.107676225,Grammica__ΦNPQ,Young,Grammica__Young
Grammica,C_californica,ss17-105,D,2,young,2018-05-25,12:42:05 PM,,,y,972,ΦNPQ,0.079378484,Grammica__ΦNPQ,Young,Grammica__Young
Grammica,C_californica,ss17-105,-,4,seedling,2018-04-17,1:20:53 PM,,,sdlg,974,ΦNPQ,0.298843806,Grammica__ΦNPQ,Seedling,Grammica__Seedling
Grammica,C_californica,ss17-105,D,2,haustorium,2018-05-25,1:08:20 PM,,,h,975,ΦNPQ,0.17248121,Grammica__ΦNPQ,Haustorium,Grammica__Haustorium
Grammica,C_californica,ss17-105,E,2,young,2018-05-25,5:35:48 PM,,,y,978,ΦNPQ,0.129457156,Grammica__ΦNPQ,Young,Grammica__Young
Grammica,C_denticulata,ss13-46,C,3,old,2018-05-29,11:52:58 AM,,,o,979,ΦNPQ,0.141728668,Grammica__ΦNPQ,Old,Grammica__Old
Grammica,C_californica,ss17-105,E,4,haustorium,2018-05-25,6:16:41 PM,,,h,981,ΦNPQ,0.167237501,Grammica__ΦNPQ,Haustorium,Grammica__Haustorium
Grammica,C_denticulata,ss13-46,1,4,seedling,2018-05-01,3:53:06 PM,,,sdlg,982,ΦNPQ,0.152351934,Grammica__ΦNPQ,Seedling,Grammica__Seedling
Grammica,C_indecora,ss16-17,B,2,young,2018-01-25,12:01:11 PM,,,y,984,ΦNPQ,0.076870748,Grammica__ΦNPQ,Young,Grammica__Young
Grammica,C_californica,ss17-105,E,3,haustorium,2018-05-25,6:16:41 PM,,,h,991,ΦNPQ,0.142356241,Grammica__ΦNPQ,Haustorium,Grammica__Haustorium
Grammica,C_denticulata,ss13-46,1,6,seedling,2018-05-01,3:53:06 PM,,,sdlg,992,ΦNPQ,0.175636694,Grammica__ΦNPQ,Seedling,Grammica__Seedling
Grammica,C_denticulata,ss13-46,1,7,seedling,2018-05-01,3:53:06 PM,,,sdlg,993,ΦNPQ,0.164763694,Grammica__ΦNPQ,Seedling,Grammica__Seedling
Grammica,C_denticulata,ss13-46,B,3,young,2018-06-20,12:55:09 PM,,,y,995,ΦNPQ,0.08225539,Grammica__ΦNPQ,Young,Grammica__Young
Grammica,C_denticulata,ss13-46,1,5,seedling,2018-05-01,3:53:06 PM,,,sdlg,996,ΦNPQ,0.148178617,Grammica__ΦNPQ,Seedling,Grammica__Seedling
Grammica,C_indecora,ss16-17,C,1,young,2018-01-25,11:41:52 AM,,,y,997,ΦNPQ,0.066969415,Grammica__ΦNPQ,Young,Grammica__Young
Grammica,C_indecora,ss16-17,C,2,young,2018-01-25,11:41:52 AM,,,y,999,ΦNPQ,0.104974077,Grammica__ΦNPQ,Young,Grammica__Young
Grammica,C_californica,ss17-105,D,3,young,2018-05-25,12:42:05 PM,,,y,1001,ΦNPQ,0.114593017,Grammica__ΦNPQ,Young,Grammica__Young
Grammica,C_indecora,ss16-17,B,1,young,2018-01-25,12:01:11 PM,,,y,1004,ΦNPQ,0.076115216,Grammica__ΦNPQ,Young,Grammica__Young
Grammica,C_californica,ss17-105,D,1,young,2018-05-25,12:42:05 PM,,,y,1008,ΦNPQ,0.152919201,Grammica__ΦNPQ,Young,Grammica__Young
C_purpurata,C_purpurata,1432,A,1,young,2018-05-01,4:41:08 PM,truly 0 signal,,y,27,ΦNPQ,0,C_purpurata__ΦNPQ,Young,C_purpurata__Young
C_purpurata,C_purpurata,1432,A,2,young,2018-05-01,4:41:08 PM,truly 0 signal,,y,28,ΦNPQ,0,C_purpurata__ΦNPQ,Young,C_purpurata__Young
C_purpurata,C_purpurata,1432,A,3,young,2018-05-01,4:41:08 PM,truly 0 signal,,y,29,ΦNPQ,0,C_purpurata__ΦNPQ,Young,C_purpurata__Young
C_purpurata,C_purpurata,1432,B,1,young,2018-05-01,4:13:37 PM,truly 0 signal,,y,30,ΦNPQ,0,C_purpurata__ΦNPQ,Young,C_purpurata__Young
C_purpurata,C_purpurata,1432,B,2,young,2018-05-01,4:13:37 PM,truly 0 signal,,y,31,ΦNPQ,0,C_purpurata__ΦNPQ,Young,C_purpurata__Young
C_purpurata,C_purpurata,1432,B,3,young,2018-05-01,4:13:37 PM,truly 0 signal,,y,32,ΦNPQ,0,C_purpurata__ΦNPQ,Young,C_purpurata__Young
C_purpurata,C_purpurata,1432,A,1,haustorium,2018-05-03,3:32:37 PM,truly 0 signal,,h,33,ΦNPQ,0,C_purpurata__ΦNPQ,Haustorium,C_purpurata__Haustorium
C_purpurata,C_purpurata,1432,A,2,haustorium,2018-05-03,3:32:37 PM,truly 0 signal,,h,34,ΦNPQ,0,C_purpurata__ΦNPQ,Haustorium,C_purpurata__Haustorium
C_purpurata,C_purpurata,1432,A,1,young,2018-05-03,3:28:03 PM,truly 0 signal,,y,35,ΦNPQ,0,C_purpurata__ΦNPQ,Young,C_purpurata__Young
C_purpurata,C_purpurata,1432,A,2,young,2018-05-03,3:28:03 PM,truly 0 signal,,y,36,ΦNPQ,0,C_purpurata__ΦNPQ,Young,C_purpurata__Young
C_purpurata,C_purpurata,1432,A,3,young,2018-05-03,3:28:03 PM,truly 0 signal,,y,37,ΦNPQ,0,C_purpurata__ΦNPQ,Young,C_purpurata__Young
C_purpurata,C_purpurata,1432,B,1,haustorium,2018-05-03,3:22:43 PM,truly 0 signal,,h,38,ΦNPQ,0,C_purpurata__ΦNPQ,Haustorium,C_purpurata__Haustorium
C_purpurata,C_purpurata,1432,B,2,haustorium,2018-05-03,3:22:43 PM,truly 0 signal,,h,39,ΦNPQ,0,C_purpurata__ΦNPQ,Haustorium,C_purpurata__Haustorium
C_purpurata,C_purpurata,1432,B,3,haustorium,2018-05-03,3:22:43 PM,truly 0 signal,,h,40,ΦNPQ,0,C_purpurata__ΦNPQ,Haustorium,C_purpurata__Haustorium
C_purpurata,C_purpurata,1432,B,4,haustorium,2018-05-03,3:22:43 PM,truly 0 signal,,h,41,ΦNPQ,0,C_purpurata__ΦNPQ,Haustorium,C_purpurata__Haustorium
C_purpurata,C_purpurata,1432,A,1,flower,2018-05-25,3:24:25 PM,truly 0 signal,,f,42,ΦNPQ,0,C_purpurata__ΦNPQ,Flower,C_purpurata__Flower
C_purpurata,C_purpurata,1432,A,2,flower,2018-05-25,3:24:25 PM,truly 0 signal,,f,43,ΦNPQ,0,C_purpurata__ΦNPQ,Flower,C_purpurata__Flower
C_purpurata,C_purpurata,1432,A,3,flower,2018-05-25,3:24:25 PM,truly 0 signal,,f,44,ΦNPQ,0,C_purpurata__ΦNPQ,Flower,C_purpurata__Flower
C_purpurata,C_purpurata,1432,A,4,flower,2018-05-25,3:24:25 PM,truly 0 signal,,f,45,ΦNPQ,0,C_purpurata__ΦNPQ,Flower,C_purpurata__Flower
C_purpurata,C_purpurata,1432,A,5,flower,2018-05-25,3:24:25 PM,truly 0 signal,,f,46,ΦNPQ,0,C_purpurata__ΦNPQ,Flower,C_purpurata__Flower
C_purpurata,C_purpurata,1432,A,6,flower,2018-05-25,3:24:25 PM,truly 0 signal,,f,47,ΦNPQ,0,C_purpurata__ΦNPQ,Flower,C_purpurata__Flower
C_purpurata,C_purpurata,1432,B,1,flower,2018-05-25,3:38:31 PM,truly 0 signal,,f,48,ΦNPQ,0,C_purpurata__ΦNPQ,Flower,C_purpurata__Flower
C_purpurata,C_purpurata,1432,B,2,flower,2018-05-25,3:38:31 PM,truly 0 signal,,f,49,ΦNPQ,0,C_purpurata__ΦNPQ,Flower,C_purpurata__Flower
C_purpurata,C_purpurata,1432,B,3,flower,2018-05-25,3:38:31 PM,truly 0 signal,,f,50,ΦNPQ,0,C_purpurata__ΦNPQ,Flower,C_purpurata__Flower
C_purpurata,C_purpurata,1432,B,4,flower,2018-05-25,3:38:31 PM,truly 0 signal,,f,51,ΦNPQ,0,C_purpurata__ΦNPQ,Flower,C_purpurata__Flower
C_purpurata,C_purpurata,1432,B,5,flower,2018-05-25,3:38:31 PM,truly 0 signal,,f,52,ΦNPQ,0,C_purpurata__ΦNPQ,Flower,C_purpurata__Flower
C_purpurata,C_purpurata,1432,C,1,haustorium,2018-05-29,2:49:47 PM,truly 0 signal,,h,53,ΦNPQ,0,C_purpurata__ΦNPQ,Haustorium,C_purpurata__Haustorium
C_purpurata,C_purpurata,1432,C,2,haustorium,2018-05-29,2:49:47 PM,truly 0 signal,,h,54,ΦNPQ,0,C_purpurata__ΦNPQ,Haustorium,C_purpurata__Haustorium
C_purpurata,C_purpurata,1432,C,3,haustorium,2018-05-29,2:49:47 PM,truly 0 signal,,h,55,ΦNPQ,0,C_purpurata__ΦNPQ,Haustorium,C_purpurata__Haustorium
C_purpurata,C_purpurata,1432,C,4,haustorium,2018-05-29,2:49:47 PM,truly 0 signal,,h,56,ΦNPQ,0,C_purpurata__ΦNPQ,Haustorium,C_purpurata__Haustorium
C_purpurata,C_purpurata,1432,C,1,old,2018-05-29,2:39:52 PM,truly 0 signal,,o,57,ΦNPQ,0,C_purpurata__ΦNPQ,Old,C_purpurata__Old
C_purpurata,C_purpurata,1432,C,2,old,2018-05-29,2:39:52 PM,truly 0 signal,,o,58,ΦNPQ,0,C_purpurata__ΦNPQ,Old,C_purpurata__Old
C_purpurata,C_purpurata,1432,C,3,old,2018-05-29,2:39:52 PM,truly 0 signal,,o,59,ΦNPQ,0,C_purpurata__ΦNPQ,Old,C_purpurata__Old
C_purpurata,C_purpurata,1432,C,4,old,2018-05-29,2:39:52 PM,truly 0 signal,,o,60,ΦNPQ,0,C_purpurata__ΦNPQ,Old,C_purpurata__Old
C_purpurata,C_purpurata,1432,C,1,young,2018-05-29,2:29:07 PM,truly 0 signal,,y,61,ΦNPQ,0,C_purpurata__ΦNPQ,Young,C_purpurata__Young
C_purpurata,C_purpurata,1432,C,2,young,2018-05-29,2:29:07 PM,truly 0 signal,,y,62,ΦNPQ,0,C_purpurata__ΦNPQ,Young,C_purpurata__Young
C_purpurata,C_purpurata,1432,C,3,young,2018-05-29,2:29:07 PM,truly 0 signal,,y,63,ΦNPQ,0,C_purpurata__ΦNPQ,Young,C_purpurata__Young
C_purpurata,C_purpurata,1432,C,4,young,2018-05-29,2:29:07 PM,truly 0 signal,,y,64,ΦNPQ,0,C_purpurata__ΦNPQ,Young,C_purpurata__Young
C_purpurata,C_purpurata,1432,C,5,young,2018-05-29,2:29:07 PM,truly 0 signal,,y,65,ΦNPQ,0,C_purpurata__ΦNPQ,Young,C_purpurata__Young
C_purpurata,C_purpurata,1432,C,6,young,2018-05-29,2:29:07 PM,truly 0 signal,,y,66,ΦNPQ,0,C_purpurata__ΦNPQ,Young,C_purpurata__Young
C_purpurata,C_purpurata,1432,C,7,young,2018-05-29,2:29:07 PM,truly 0 signal,,y,67,ΦNPQ,0,C_purpurata__ΦNPQ,Young,C_purpurata__Young
C_purpurata,C_purpurata,1432,C,1,flower,2018-06-20,12:44:25 PM,truly 0 signal,,f,68,ΦNPQ,0,C_purpurata__ΦNPQ,Flower,C_purpurata__Flower
C_purpurata,C_purpurata,1432,C,2,flower,2018-06-20,12:44:25 PM,truly 0 signal,,f,69,ΦNPQ,0,C_purpurata__ΦNPQ,Flower,C_purpurata__Flower
C_purpurata,C_purpurata,1432,C,3,flower,2018-06-20,12:44:25 PM,truly 0 signal,,f,70,ΦNPQ,0,C_purpurata__ΦNPQ,Flower,C_purpurata__Flower
C_purpurata,C_purpurata,1432,C,4,flower,2018-06-20,12:44:25 PM,truly 0 signal,,f,71,ΦNPQ,0,C_purpurata__ΦNPQ,Flower,C_purpurata__Flower
C_purpurata,C_purpurata,1432,C,5,flower,2018-06-20,12:44:25 PM,truly 0 signal,,f,72,ΦNPQ,0,C_purpurata__ΦNPQ,Flower,C_purpurata__Flower
C_purpurata,C_purpurata,1432,C,6,flower,2018-06-20,12:44:25 PM,truly 0 signal,,f,73,ΦNPQ,0,C_purpurata__ΦNPQ,Flower,C_purpurata__Flower
C_purpurata,C_purpurata,1432,C,7,flower,2018-06-20,12:44:25 PM,truly 0 signal,,f,74,ΦNPQ,0,C_purpurata__ΦNPQ,Flower,C_purpurata__Flower
Monogynella,C_monogyna,CUMO,C,4,seed,2018-01-25,10:50:10 AM,,,s,155,ΦNPQ,0.397551923,Monogynella__ΦNPQ,Seed,Monogynella__Seed
Monogynella,C_monogyna,CUMO,D,2,haustorium,2018-02-16,4:27:24 PM,,,h,161,ΦNPQ,0.397354869,Monogynella__ΦNPQ,Haustorium,Monogynella__Haustorium
Monogynella,C_monogyna,CUMO,C,6,seed,2018-01-25,10:50:10 AM,,,s,172,ΦNPQ,0.249381641,Monogynella__ΦNPQ,Seed,Monogynella__Seed
Monogynella,C_monogyna,CUMO,C,2,seed,2018-01-25,10:50:10 AM,,,s,192,ΦNPQ,0.349238722,Monogynella__ΦNPQ,Seed,Monogynella__Seed
Monogynella,C_monogyna,CUMO,A,1,haustorium,2017-12-13,10:35:22 AM,,,h,213,ΦNPQ,0.468205575,Monogynella__ΦNPQ,Haustorium,Monogynella__Haustorium
Monogynella,C_monogyna,CUMO,D,3,flower,2018-03-23,4:55:02 PM,,,f,261,ΦNPQ,0.370014313,Monogynella__ΦNPQ,Flower,Monogynella__Flower
Monogynella,C_monogyna,CUMO,D,5,flower,2018-03-23,4:55:02 PM,,,f,269,ΦNPQ,0.346785642,Monogynella__ΦNPQ,Flower,Monogynella__Flower
Monogynella,C_monogyna,CUMO,A,2,haustorium,2017-12-13,10:35:22 AM,,,h,277,ΦNPQ,0.486779693,Monogynella__ΦNPQ,Haustorium,Monogynella__Haustorium
Monogynella,C_monogyna,CUMO,C,5,seed,2018-01-25,10:50:10 AM,,,s,284,ΦNPQ,0.350918229,Monogynella__ΦNPQ,Seed,Monogynella__Seed
Monogynella,C_monogyna,CUMO,D,4,flower,2018-03-23,4:55:02 PM,,,f,286,ΦNPQ,0.34006972,Monogynella__ΦNPQ,Flower,Monogynella__Flower
Monogynella,C_monogyna,CUMO,D,2,haustorium,2018-03-08,11:37:26 AM,,,h,314,ΦNPQ,0.46614212,Monogynella__ΦNPQ,Haustorium,Monogynella__Haustorium
Monogynella,C_monogyna,CUMO,D,2,flower,2018-03-23,4:55:02 PM,,,f,321,ΦNPQ,0.347284455,Monogynella__ΦNPQ,Flower,Monogynella__Flower
Monogynella,C_monogyna,CUMO,D,5,flower,2018-02-16,3:51:56 PM,,,f,360,ΦNPQ,0.315770381,Monogynella__ΦNPQ,Flower,Monogynella__Flower
Monogynella,C_monogyna,CUMO,B,2,haustorium,2017-12-13,11:08:41 AM,,,h,396,ΦNPQ,0.480825057,Monogynella__ΦNPQ,Haustorium,Monogynella__Haustorium
Monogynella,C_monogyna,CUMO,B,1,haustorium,2017-12-13,11:08:41 AM,,,h,398,ΦNPQ,0.511053545,Monogynella__ΦNPQ,Haustorium,Monogynella__Haustorium
Monogynella,C_monogyna,CUMO,D,1,flower,2018-03-23,4:55:02 PM,,,f,416,ΦNPQ,0.33807498,Monogynella__ΦNPQ,Flower,Monogynella__Flower
Monogynella,C_monogyna,CUMO,C,2,haustorium,2018-01-25,10:58:25 AM,,,h,419,ΦNPQ,0.313677952,Monogynella__ΦNPQ,Haustorium,Monogynella__Haustorium
Monogynella,C_monogyna,CUMO,A,1,haustorium,2017-12-13,10:35:22 AM,,,h,435,ΦNPQ,0.448773232,Monogynella__ΦNPQ,Haustorium,Monogynella__Haustorium
Monogynella,C_monogyna,CUMO,D,2,flower,2018-02-16,3:51:56 PM,,,f,447,ΦNPQ,0.400543387,Monogynella__ΦNPQ,Flower,Monogynella__Flower
Monogynella,C_monogyna,CUMO,D,4,seed,2018-02-16,3:51:56 PM,,,s,462,ΦNPQ,0.305708964,Monogynella__ΦNPQ,Seed,Monogynella__Seed
Monogynella,C_monogyna,CUMO,C,1,haustorium,2018-01-25,10:58:25 AM,,,h,492,ΦNPQ,0.389224392,Monogynella__ΦNPQ,Haustorium,Monogynella__Haustorium
Monogynella,C_monogyna,CUMO,D,2,seed,2018-02-16,3:51:56 PM,,,s,503,ΦNPQ,0.304404605,Monogynella__ΦNPQ,Seed,Monogynella__Seed
Monogynella,C_monogyna,CUMO,D,3,flower,2018-02-16,3:51:56 PM,,,f,563,ΦNPQ,0.29396059,Monogynella__ΦNPQ,Flower,Monogynella__Flower
Monogynella,C_monogyna,CUMO,D,4,flower,2018-02-16,3:51:56 PM,,,f,648,ΦNPQ,0.293640183,Monogynella__ΦNPQ,Flower,Monogynella__Flower
Monogynella,C_monogyna,CUMO,D,3,seed,2018-02-16,3:51:56 PM,,,s,654,ΦNPQ,0.338242238,Monogynella__ΦNPQ,Seed,Monogynella__Seed
Monogynella,C_monogyna,CUMO,D,1,flower,2018-02-16,3:51:56 PM,,,f,671,ΦNPQ,0.305308465,Monogynella__ΦNPQ,Flower,Monogynella__Flower
Monogynella,C_monogyna,CUMO,B,2,young,2017-12-13,10:48:48 AM,,,y,684,ΦNPQ,0.273503716,Monogynella__ΦNPQ,Young,Monogynella__Young
Monogynella,C_monogyna,CUMO,-,1,seedling,2017-11-09,5:17:10 PM,,,sdlg,778,ΦNPQ,0.385618877,Monogynella__ΦNPQ,Seedling,Monogynella__Seedling
Monogynella,C_monogyna,CUMO,C,3,flower,2018-01-25,10:50:10 AM,,,f,785,ΦNPQ,0.32228392300000003,Monogynella__ΦNPQ,Flower,Monogynella__Flower
Monogynella,C_monogyna,CUMO,-,1,seedling,2017-11-09,5:26:18 PM,,,sdlg,795,ΦNPQ,0.296939076,Monogynella__ΦNPQ,Seedling,Monogynella__Seedling
Monogynella,C_monogyna,CUMO,C,1,flower,2018-01-25,10:50:10 AM,,,f,822,ΦNPQ,0.287235681,Monogynella__ΦNPQ,Flower,Monogynella__Flower
Monogynella,C_lupuliformis,CULU,-,1,seedling,2017-11-02,2:34:38 PM,,,sdlg,850,ΦNPQ,0.409967354,Monogynella__ΦNPQ,Seedling,Monogynella__Seedling
Monogynella,C_monogyna,CUMO,-,2,seedling,2017-11-09,5:17:10 PM,,,sdlg,854,ΦNPQ,0.316161069,Monogynella__ΦNPQ,Seedling,Monogynella__Seedling
Monogynella,C_monogyna,CUMO,C,2,flower,2018-01-25,10:50:10 AM,,,f,869,ΦNPQ,0.269233249,Monogynella__ΦNPQ,Flower,Monogynella__Flower
Monogynella,C_monogyna,CUMO,D,1,old,2018-02-16,4:37:42 PM,,,o,892,ΦNPQ,0.242211086,Monogynella__ΦNPQ,Old,Monogynella__Old
Monogynella,C_monogyna,CUMO,-,2,seedling,2017-11-09,5:26:18 PM,,,sdlg,898,ΦNPQ,0.325453619,Monogynella__ΦNPQ,Seedling,Monogynella__Seedling
Monogynella,C_monogyna,CUMO,B,5,old,2017-12-13,10:59:39 AM,,,o,909,ΦNPQ,0.204228391,Monogynella__ΦNPQ,Old,Monogynella__Old
Monogynella,C_lupuliformis,CULU,-,2,seedling,2017-11-02,2:34:38 PM,,,sdlg,934,ΦNPQ,0.318170177,Monogynella__ΦNPQ,Seedling,Monogynella__Seedling
Monogynella,C_monogyna,CUMO,B,2,old,2017-12-13,10:59:39 AM,,,o,944,ΦNPQ,0.178636291,Monogynella__ΦNPQ,Old,Monogynella__Old
Monogynella,C_lupuliformis,CULU,-,2,seedling,2017-11-02,2:21:12 PM,,,sdlg,945,ΦNPQ,0.252580524,Monogynella__ΦNPQ,Seedling,Monogynella__Seedling
Monogynella,C_monogyna,CUMO,B,4,old,2017-12-13,10:59:39 AM,,,o,948,ΦNPQ,0.159385828,Monogynella__ΦNPQ,Old,Monogynella__Old
Monogynella,C_monogyna,CUMO,C,3,old,2018-01-15,10:40:32 AM,,,o,952,ΦNPQ,0.192096774,Monogynella__ΦNPQ,Old,Monogynella__Old
Monogynella,C_monogyna,CUMO,B,3,old,2017-12-13,10:59:39 AM,,,o,962,ΦNPQ,0.164165699,Monogynella__ΦNPQ,Old,Monogynella__Old
Monogynella,C_monogyna,CUMO,C,2,old,2018-01-15,10:40:32 AM,,,o,965,ΦNPQ,0.188263711,Monogynella__ΦNPQ,Old,Monogynella__Old
Monogynella,C_monogyna,CUMO,A,3,old,2017-11-15,1:15:34 PM,,,o,968,ΦNPQ,0.208465253,Monogynella__ΦNPQ,Old,Monogynella__Old
Monogynella,C_monogyna,CUMO,C,2,young,2018-01-15,10:30:17 AM,,,y,970,ΦNPQ,0.193338602,Monogynella__ΦNPQ,Young,Monogynella__Young
Monogynella,C_monogyna,CUMO,D,3,old,2018-02-16,4:37:42 PM,,,o,973,ΦNPQ,0.181927932,Monogynella__ΦNPQ,Old,Monogynella__Old
Monogynella,C_monogyna,CUMO,D,2,old,2018-02-16,4:37:42 PM,,,o,976,ΦNPQ,0.236141907,Monogynella__ΦNPQ,Old,Monogynella__Old
Monogynella,C_monogyna,CUMO,C,3,young,2018-01-15,10:30:17 AM,,,y,977,ΦNPQ,0.166154913,Monogynella__ΦNPQ,Young,Monogynella__Young
Monogynella,C_monogyna,CUMO,C,1,old,2018-01-15,10:40:32 AM,,,o,983,ΦNPQ,0.237443881,Monogynella__ΦNPQ,Old,Monogynella__Old
Monogynella,C_monogyna,CUMO,D,3,young,2018-03-08,11:17:00 AM,,,y,985,ΦNPQ,0.201339302,Monogynella__ΦNPQ,Young,Monogynella__Young
Monogynella,C_monogyna,CUMO,A,1,young,2017-11-15,12:49:21 PM,,,y,986,ΦNPQ,0.156309163,Monogynella__ΦNPQ,Young,Monogynella__Young
Monogynella,C_monogyna,CUMO,A,2,old,2017-11-15,1:08:04 PM,,,o,987,ΦNPQ,0.160414248,Monogynella__ΦNPQ,Old,Monogynella__Old
Monogynella,C_monogyna,CUMO,D,2,young,2018-03-08,11:17:00 AM,,,y,988,ΦNPQ,0.181902888,Monogynella__ΦNPQ,Young,Monogynella__Young
Monogynella,C_monogyna,CUMO,D,1,young,2018-03-08,11:17:00 AM,,,y,989,ΦNPQ,0.177464278,Monogynella__ΦNPQ,Young,Monogynella__Young
Monogynella,C_monogyna,CUMO,B,1,young,2017-12-13,10:48:48 AM,,,y,994,ΦNPQ,0.141861062,Monogynella__ΦNPQ,Young,Monogynella__Young
Monogynella,C_monogyna,CUMO,A,1,young,2017-11-15,12:58:46 PM,,,y,998,ΦNPQ,0.141310239,Monogynella__ΦNPQ,Young,Monogynella__Young
Monogynella,C_monogyna,CUMO,D,3,young,2018-02-16,4:07:19 PM,,,y,1002,ΦNPQ,0.170842098,Monogynella__ΦNPQ,Young,Monogynella__Young
Monogynella,C_monogyna,CUMO,D,2,young,2018-02-16,4:07:19 PM,,,y,1003,ΦNPQ,0.157244123,Monogynella__ΦNPQ,Young,Monogynella__Young
Monogynella,C_monogyna,CUMO,D,1,young,2018-02-16,4:07:19 PM,,,y,1005,ΦNPQ,0.140712875,Monogynella__ΦNPQ,Young,Monogynella__Young
Monogynella,C_monogyna,CUMO,B,3,young,2017-12-13,10:48:48 AM,,,y,1006,ΦNPQ,0.131164107,Monogynella__ΦNPQ,Young,Monogynella__Young
Monogynella,C_monogyna,CUMO,C,1,young,2018-01-15,10:30:17 AM,,,y,1007,ΦNPQ,0.070900348,Monogynella__ΦNPQ,Young,Monogynella__Young
Ipomoea_nil,Ipomoea_nil,IPNI,E,1,flower,2018-06-20,12:30:52 PM,,,f,209,ΦNPQ,0.521156636,Ipomoea_nil__ΦNPQ,Flower,Ipomoea_nil__Flower
Ipomoea_nil,Ipomoea_nil,IPNI,B,2,flower,2018-06-26,4:50:06 PM,,,f,242,ΦNPQ,0.435388042,Ipomoea_nil__ΦNPQ,Flower,Ipomoea_nil__Flower
Ipomoea_nil,Ipomoea_nil,IPNI,E,2,flower,2018-06-21,3:58:53 PM,,,f,273,ΦNPQ,0.513839025,Ipomoea_nil__ΦNPQ,Flower,Ipomoea_nil__Flower
Ipomoea_nil,Ipomoea_nil,IPNI,B,1,flower,2018-06-26,4:41:49 PM,,,f,285,ΦNPQ,0.397849522,Ipomoea_nil__ΦNPQ,Flower,Ipomoea_nil__Flower
Ipomoea_nil,Ipomoea_nil,IPNI,A,1,young,2018-04-19,11:04:19 AM,,,y,318,ΦNPQ,0.560261192,Ipomoea_nil__ΦNPQ,Young,Ipomoea_nil__Young
Ipomoea_nil,Ipomoea_nil,IPNI,B,1,seed,2018-06-26,5:15:03 PM,,,s,329,ΦNPQ,0.188157906,Ipomoea_nil__ΦNPQ,Seed,Ipomoea_nil__Seed
Ipomoea_nil,Ipomoea_nil,IPNI,B,3,flower,2018-07-06,1:42:12 PM,,,f,339,ΦNPQ,0.470082952,Ipomoea_nil__ΦNPQ,Flower,Ipomoea_nil__Flower
Ipomoea_nil,Ipomoea_nil,IPNI,B,1,old,2018-04-19,12:01:28 PM,,,o,342,ΦNPQ,0.31376426,Ipomoea_nil__ΦNPQ,Old,Ipomoea_nil__Old
Ipomoea_nil,Ipomoea_nil,IPNI,B,2,seed,2018-06-26,5:15:03 PM,,,s,347,ΦNPQ,0.226578148,Ipomoea_nil__ΦNPQ,Seed,Ipomoea_nil__Seed
Ipomoea_nil,Ipomoea_nil,IPNI,E,4,flower,2018-06-23,5:22:41 PM,,,f,349,ΦNPQ,0.455999856,Ipomoea_nil__ΦNPQ,Flower,Ipomoea_nil__Flower
Ipomoea_nil,Ipomoea_nil,IPNI,E,3,flower,2018-06-22,1:28:35 PM,,,f,351,ΦNPQ,0.368050433,Ipomoea_nil__ΦNPQ,Flower,Ipomoea_nil__Flower
Ipomoea_nil,Ipomoea_nil,IPNI,B,1,flower,2018-06-12,5:26:04 PM,,,f,367,ΦNPQ,0.406589812,Ipomoea_nil__ΦNPQ,Flower,Ipomoea_nil__Flower
Ipomoea_nil,Ipomoea_nil,IPNI,B,4,seed,2018-07-06,1:58:18 PM,,,s,384,ΦNPQ,0.17524628,Ipomoea_nil__ΦNPQ,Seed,Ipomoea_nil__Seed
Ipomoea_nil,Ipomoea_nil,IPNI,B,3,seed,2018-07-06,1:58:18 PM,,,s,402,ΦNPQ,0.160386674,Ipomoea_nil__ΦNPQ,Seed,Ipomoea_nil__Seed
Ipomoea_nil,Ipomoea_nil,IPNI,A,1,seed,2018-06-26,4:57:58 PM,,,s,410,ΦNPQ,0.182579473,Ipomoea_nil__ΦNPQ,Seed,Ipomoea_nil__Seed
Ipomoea_nil,Ipomoea_nil,IPNI,B,2,seed,2018-07-06,1:58:18 PM,,,s,420,ΦNPQ,0.164740566,Ipomoea_nil__ΦNPQ,Seed,Ipomoea_nil__Seed
Ipomoea_nil,Ipomoea_nil,IPNI,E,1,seed,2018-05-25,3:55:26 PM,,,s,422,ΦNPQ,0.166866818,Ipomoea_nil__ΦNPQ,Seed,Ipomoea_nil__Seed
Ipomoea_nil,Ipomoea_nil,IPNI,C,1,young,2018-04-19,12:29:01,,,y,429,ΦNPQ,0.488334934,Ipomoea_nil__ΦNPQ,Young,Ipomoea_nil__Young
Ipomoea_nil,Ipomoea_nil,IPNI,E,5,flower,2018-07-06,1:49:54 PM,,,f,441,ΦNPQ,0.497664466,Ipomoea_nil__ΦNPQ,Flower,Ipomoea_nil__Flower
Ipomoea_nil,Ipomoea_nil,IPNI,E,1,young,2018-04-19,3:22:18 PM,,,y,449,ΦNPQ,0.512670231,Ipomoea_nil__ΦNPQ,Young,Ipomoea_nil__Young
Ipomoea_nil,Ipomoea_nil,IPNI,D,1,young,2018-04-19,1:07:38 PM,,,y,458,ΦNPQ,0.489305842,Ipomoea_nil__ΦNPQ,Young,Ipomoea_nil__Young
Ipomoea_nil,Ipomoea_nil,IPNI,A,2,old,2018-04-19,11:31:34 AM,,,o,461,ΦNPQ,0.40732935,Ipomoea_nil__ΦNPQ,Old,Ipomoea_nil__Old
Ipomoea_nil,Ipomoea_nil,IPNI,B,2,seed,2018-05-25,5:19:57 PM,,,s,463,ΦNPQ,0.216346749,Ipomoea_nil__ΦNPQ,Seed,Ipomoea_nil__Seed
Ipomoea_nil,Ipomoea_nil,IPNI,B,2,young,2018-04-19,11:42:08 AM,,,y,471,ΦNPQ,0.505745193,Ipomoea_nil__ΦNPQ,Young,Ipomoea_nil__Young
Ipomoea_nil,Ipomoea_nil,IPNI,A,1,seed,2018-06-26,5:05:47 PM,,,s,473,ΦNPQ,0.272742567,Ipomoea_nil__ΦNPQ,Seed,Ipomoea_nil__Seed
Ipomoea_nil,Ipomoea_nil,IPNI,A,1,young,2018-05-01,10:28:32 AM,,,y,474,ΦNPQ,0.557629462,Ipomoea_nil__ΦNPQ,Young,Ipomoea_nil__Young
Ipomoea_nil,Ipomoea_nil,IPNI,E,1,old,2018-04-19,3:45:54 PM,,,o,496,ΦNPQ,0.287365124,Ipomoea_nil__ΦNPQ,Old,Ipomoea_nil__Old
Ipomoea_nil,Ipomoea_nil,IPNI,B,1,seed,2018-05-25,5:19:57 PM,,,s,501,ΦNPQ,0.200509019,Ipomoea_nil__ΦNPQ,Seed,Ipomoea_nil__Seed
Ipomoea_nil,Ipomoea_nil,IPNI,B,1,seed,2018-07-06,1:58:18 PM,,,s,509,ΦNPQ,0.138138956,Ipomoea_nil__ΦNPQ,Seed,Ipomoea_nil__Seed
Ipomoea_nil,Ipomoea_nil,IPNI,B,3,seed,2018-05-25,5:19:57 PM,,,s,532,ΦNPQ,0.20449968600000001,Ipomoea_nil__ΦNPQ,Seed,Ipomoea_nil__Seed
Ipomoea_nil,Ipomoea_nil,IPNI,D,1,old,2018-04-19,13:34:54,,,o,537,ΦNPQ,0.282115086,Ipomoea_nil__ΦNPQ,Old,Ipomoea_nil__Old
Ipomoea_nil,Ipomoea_nil,IPNI,E,2,seed,2018-05-25,3:55:26 PM,,,s,545,ΦNPQ,0.2354306,Ipomoea_nil__ΦNPQ,Seed,Ipomoea_nil__Seed
Ipomoea_nil,Ipomoea_nil,IPNI,A,1,old,2018-05-01,10:36:29 AM,,,o,553,ΦNPQ,0.362948895,Ipomoea_nil__ΦNPQ,Old,Ipomoea_nil__Old
Ipomoea_nil,Ipomoea_nil,IPNI,C,2,old,2018-04-19,12:58:05 PM,,,o,643,ΦNPQ,0.32608749,Ipomoea_nil__ΦNPQ,Old,Ipomoea_nil__Old
Ipomoea_nil,Ipomoea_nil,IPNI,B,2,leaf,2018-04-19,11:49:56 AM,,,l,687,ΦNPQ,0.42807493,Ipomoea_nil__ΦNPQ,Leaf,Ipomoea_nil__Leaf
Ipomoea_nil,Ipomoea_nil,IPNI,D,1,leaf,2018-05-03,2:55:09 PM,,,l,689,ΦNPQ,0.447239778,Ipomoea_nil__ΦNPQ,Leaf,Ipomoea_nil__Leaf
Ipomoea_nil,Ipomoea_nil,IPNI,B,1,leaf,2018-05-03,2:09:47 PM,,,l,760,ΦNPQ,0.37667092,Ipomoea_nil__ΦNPQ,Leaf,Ipomoea_nil__Leaf
Ipomoea_nil,Ipomoea_nil,IPNI,A,2,Leaf,2018-04-19,11:21:24 AM,,,l,764,ΦNPQ,0.317616761,Ipomoea_nil__ΦNPQ,Leaf,Ipomoea_nil__Leaf
Ipomoea_nil,Ipomoea_nil,IPNI,E,2,leaf,2018-04-19,3:32:35 PM,,,l,819,ΦNPQ,0.340568313,Ipomoea_nil__ΦNPQ,Leaf,Ipomoea_nil__Leaf
Ipomoea_nil,Ipomoea_nil,IPNI,C,3,leaf,2018-04-19,12:31:58 PM,,,l,855,ΦNPQ,0.355066707,Ipomoea_nil__ΦNPQ,Leaf,Ipomoea_nil__Leaf
Ipomoea_nil,Ipomoea_nil,IPNI,A,4,Leaf,2018-04-19,11:12:40 AM,,,l,866,ΦNPQ,0.271978666,Ipomoea_nil__ΦNPQ,Leaf,Ipomoea_nil__Leaf
Ipomoea_nil,Ipomoea_nil,IPNI,C,1,leaf,2018-05-03,2:02:26 PM,,,l,877,ΦNPQ,0.315894344,Ipomoea_nil__ΦNPQ,Leaf,Ipomoea_nil__Leaf
Ipomoea_nil,Ipomoea_nil,IPNI,A,1,leaf,2018-05-03,3:08:41 PM,,,l,890,ΦNPQ,0.317701433,Ipomoea_nil__ΦNPQ,Leaf,Ipomoea_nil__Leaf
Ipomoea_nil,Ipomoea_nil,IPNI,D,1,leaf,2018-04-19,1:15:31 PM,,,l,891,ΦNPQ,0.298714137,Ipomoea_nil__ΦNPQ,Leaf,Ipomoea_nil__Leaf
